time_us,time_dif_us,data_type,value_1,value_2,value_3,value_4
33785419.0,7032.0,1.0,0.5916137695,-0.2875976563,0.6778564453,0.3282470703
33795419.0,7032.0,1.0,0.5916137695,-0.2875976563,0.6778564453,0.3282470703
33798387.0,2968.0,0.0,0.01953125,-0.09765625,0.0,0
33805419.0,7032.0,1.0,0.5916748047,-0.2875976563,0.6778564453,0.3282470703
33808387.0,2968.0,0.0,-0.015625,-0.09765625,-0.078125,0
33815419.0,7032.0,1.0,0.5916748047,-0.2876586914,0.6778564453,0.3282470703
33818387.0,2968.0,0.0,-0.0234375,-0.08984375,-0.0703125,0
33825419.0,7032.0,1.0,0.5916748047,-0.2876586914,0.6778564453,0.3282470703
33828387.0,2968.0,0.0,0.01171875,-0.09765625,-0.1015625,0
33835419.0,7032.0,1.0,0.5916748047,-0.2876586914,0.6778564453,0.3283081055
33838387.0,2968.0,0.0,-0.0234375,-0.1328125,-0.0625,0
33845419.0,7032.0,1.0,0.5916137695,-0.2876586914,0.6777954102,0.3283081055
33848387.0,2968.0,0.0,-0.015625,-0.125,-0.0234375,0
33855419.0,7032.0,1.0,0.5916137695,-0.2876586914,0.6778564453,0.3283081055
33858387.0,2968.0,0.0,0.01953125,0.06640625,0.16796875,0
33865419.0,7032.0,1.0,0.5916137695,-0.2875976563,0.6778564453,0.3283081055
33868387.0,2968.0,0.0,-0.015625,0.06640625,0.19921875,0
33875419.0,7032.0,1.0,0.5916137695,-0.2875976563,0.6778564453,0.3282470703
33878387.0,2968.0,0.0,-0.015625,0.1015625,0.19921875,0
33885419.0,7032.0,1.0,0.5916137695,-0.2875976563,0.6778564453,0.3282470703
33888387.0,2968.0,0.0,-0.015625,-0.01171875,0.0078125,0
33895419.0,7032.0,1.0,0.5916748047,-0.2875976563,0.6778564453,0.3282470703
33898387.0,2968.0,0.0,0.01953125,-0.08984375,-0.0703125,0
33905419.0,7032.0,1.0,0.5916748047,-0.2875976563,0.6778564453,0.3282470703
33908387.0,2968.0,0.0,-0.015625,-0.05078125,-0.0703125,0
33915419.0,7032.0,1.0,0.5916748047,-0.2875976563,0.6778564453,0.3282470703
33918387.0,2968.0,0.0,-0.015625,-0.05078125,-0.0703125,0
33925419.0,7032.0,1.0,0.5916137695,-0.2875976563,0.6778564453,0.3283081055
33928387.0,2968.0,0.0,0.01953125,-0.01171875,0.04296875,0
33935419.0,7032.0,1.0,0.5916137695,-0.2875976563,0.6778564453,0.3283081055
33938387.0,2968.0,0.0,0.01953125,0.06640625,0.12109375,0
33945419.0,7032.0,1.0,0.5916137695,-0.2875976563,0.6778564453,0.3283081055
33948387.0,2968.0,0.0,-0.015625,0.109375,0.19921875,0
33955419.0,7032.0,1.0,0.5915527344,-0.2875976563,0.6779174805,0.3283081055
33958387.0,2968.0,0.0,0.01953125,0.07421875,0.19921875,0
33965419.0,7032.0,1.0,0.5915527344,-0.2875976563,0.6779174805,0.3282470703
33968387.0,2968.0,0.0,0.01953125,0.03515625,0.04296875,0
33975419.0,7032.0,1.0,0.5915527344,-0.2876586914,0.6779785156,0.3282470703
33978387.0,2968.0,0.0,-0.015625,-0.00390625,0.0078125,0
33985419.0,7032.0,1.0,0.5914916992,-0.2876586914,0.6779785156,0.3281860352
33988387.0,2968.0,0.0,-0.015625,-0.1171875,-0.078125,0
33996419.0,8032.0,1.0,0.5914916992,-0.2877197266,0.6779785156,0.3282470703
33999387.0,2968.0,0.0,0.01171875,-0.15625,-0.078125,0
34005419.0,6032.0,1.0,0.5914306641,-0.2877197266,0.6779785156,0.3282470703
34008387.0,2968.0,0.0,-0.015625,-0.08203125,-0.0390625,0
34015419.0,7032.0,1.0,0.5914306641,-0.2877807617,0.6779785156,0.3282470703
34019387.0,3968.0,0.0,0.01953125,0.03515625,0.0,0
34025419.0,6032.0,1.0,0.5914306641,-0.2877807617,0.6779785156,0.3282470703
34028387.0,2968.0,0.0,-0.015625,0.1484375,0.07421875,0
34035419.0,7032.0,1.0,0.5913696289,-0.2877807617,0.6780395508,0.3282470703
34038387.0,2968.0,0.0,0.01953125,0.2265625,0.12109375,0
34045419.0,7032.0,1.0,0.5913696289,-0.2877807617,0.6780395508,0.3281860352
34048387.0,2968.0,0.0,0.01953125,0.140625,0.07421875,0
34055419.0,7032.0,1.0,0.5913696289,-0.2877807617,0.6781005859,0.328125
34059387.0,3968.0,0.0,0.01953125,0.06640625,-0.0390625,0
34065419.0,6032.0,1.0,0.5913696289,-0.2877807617,0.6781005859,0.328125
34068387.0,2968.0,0.0,0.01953125,-0.05078125,-0.0390625,0
34075419.0,7032.0,1.0,0.5913085938,-0.2877807617,0.6781005859,0.328125
34078387.0,2968.0,0.0,-0.015625,-0.08984375,-0.0703125,0
34085419.0,7032.0,1.0,0.5913085938,-0.2878417969,0.6781616211,0.3280639648
34088387.0,2968.0,0.0,-0.0234375,-0.08984375,-0.03125,0
34095419.0,7032.0,1.0,0.5912475586,-0.2878417969,0.6781616211,0.3280639648
34099387.0,3968.0,0.0,0.01171875,-0.08984375,-0.03125,0
34105419.0,6032.0,1.0,0.5912475586,-0.2878417969,0.6782226563,0.3280639648
34108387.0,2968.0,0.0,-0.0234375,-0.05078125,0.0078125,0
34115419.0,7032.0,1.0,0.5912475586,-0.2878417969,0.6782226563,0.3280029297
34118387.0,2968.0,0.0,0.01953125,0.1796875,0.08203125,0
34125419.0,7032.0,1.0,0.5912475586,-0.2878417969,0.6782836914,0.3279418945
34128387.0,2968.0,0.0,0.01953125,0.1796875,0.12109375,0
34135419.0,7032.0,1.0,0.5912475586,-0.2878417969,0.6782836914,0.3278808594
34139387.0,3968.0,0.0,0.01171875,0.06640625,0.0078125,0
34145419.0,6032.0,1.0,0.5911865234,-0.2878417969,0.6783447266,0.3278808594
34148387.0,2968.0,0.0,0.01171875,-0.05859375,-0.03125,0
34155419.0,7032.0,1.0,0.5911865234,-0.2878417969,0.6783447266,0.3278808594
34158387.0,2968.0,0.0,-0.0234375,-0.125,-0.109375,0
34165419.0,7032.0,1.0,0.5911254883,-0.287902832,0.6783447266,0.3278808594
34168387.0,2968.0,0.0,0.00390625,-0.203125,-0.109375,0
34175419.0,7032.0,1.0,0.5911254883,-0.287902832,0.6784057617,0.3278808594
34179387.0,3968.0,0.0,-0.0234375,-0.125,-0.1015625,0
34185419.0,6032.0,1.0,0.5910644531,-0.287902832,0.6784057617,0.3278808594
34188387.0,2968.0,0.0,-0.0234375,-0.01171875,-0.0625,0
34195419.0,7032.0,1.0,0.5910644531,-0.287902832,0.6784057617,0.3278198242
34198387.0,2968.0,0.0,-0.015625,0.2578125,0.16796875,0
34205419.0,7032.0,1.0,0.5910644531,-0.287902832,0.6784667969,0.3278198242
34208387.0,2968.0,0.0,0.01953125,0.2578125,0.20703125,0
34216419.0,8032.0,1.0,0.5910644531,-0.2879638672,0.6784667969,0.3277587891
34219387.0,2968.0,0.0,0.01171875,0.140625,0.16796875,0
34225419.0,6032.0,1.0,0.591003418,-0.2879638672,0.678527832,0.3276977539
34228387.0,2968.0,0.0,0.01171875,0.01953125,0.08984375,0
34235419.0,7032.0,1.0,0.591003418,-0.2879638672,0.678527832,0.3276977539
34238387.0,2968.0,0.0,-0.0234375,-0.01953125,-0.0625,0
34245419.0,7032.0,1.0,0.5909423828,-0.2879638672,0.6785888672,0.3276367188
34248387.0,2968.0,0.0,-0.0234375,-0.171875,-0.140625,0
34256419.0,8032.0,1.0,0.5909423828,-0.2880249023,0.6785888672,0.3276367188
34259387.0,2968.0,0.0,-0.0234375,-0.2109375,-0.21484375,0
34265419.0,6032.0,1.0,0.5909423828,-0.2880249023,0.6785888672,0.3276367188
34268387.0,2968.0,0.0,-0.0234375,-0.1328125,-0.25390625,0
34275419.0,7032.0,1.0,0.5908813477,-0.2880249023,0.6785888672,0.3276977539
34278387.0,2968.0,0.0,0.01171875,-0.05078125,-0.140625,0
34285419.0,7032.0,1.0,0.5908813477,-0.2880249023,0.6785888672,0.3276977539
34288387.0,2968.0,0.0,0.01171875,0.02734375,-0.015625,0
34296419.0,8032.0,1.0,0.5908813477,-0.2880249023,0.6785888672,0.3276977539
34299387.0,2968.0,0.0,-0.0234375,0.06640625,0.06640625,0
34305419.0,6032.0,1.0,0.5908813477,-0.2879638672,0.6786499023,0.3276977539
34308387.0,2968.0,0.0,-0.0234375,0.02734375,0.06640625,0
34315419.0,7032.0,1.0,0.5908813477,-0.2879638672,0.6786499023,0.3276977539
34318387.0,2968.0,0.0,-0.0234375,-0.01171875,0.06640625,0
34325419.0,7032.0,1.0,0.5908813477,-0.2879638672,0.6786499023,0.3276367188
34328387.0,2968.0,0.0,-0.0234375,-0.01171875,0.06640625,0
34336419.0,8032.0,1.0,0.5908813477,-0.287902832,0.6786499023,0.3276367188
34339387.0,2968.0,0.0,0.01171875,-0.01171875,-0.0078125,0
34345419.0,6032.0,1.0,0.5908813477,-0.287902832,0.6787109375,0.3276367188
34348387.0,2968.0,0.0,-0.0234375,0.1015625,-0.046875,0
34355419.0,7032.0,1.0,0.5908813477,-0.287902832,0.6787109375,0.3276367188
34358387.0,2968.0,0.0,0.01171875,0.1015625,-0.0859375,0
34365419.0,7032.0,1.0,0.5908813477,-0.287902832,0.6787109375,0.3276367188
34368387.0,2968.0,0.0,-0.0234375,-0.01171875,-0.0859375,0
34376419.0,8032.0,1.0,0.5908813477,-0.2879638672,0.6787109375,0.3276367188
34379387.0,2968.0,0.0,0.01171875,-0.05078125,-0.046875,0
34386419.0,7032.0,1.0,0.5908813477,-0.2879638672,0.6786499023,0.3276367188
34389387.0,2968.0,0.0,0.01171875,-0.01171875,-0.0078125,0
34395419.0,6032.0,1.0,0.5908813477,-0.2879638672,0.6786499023,0.3276977539
34398387.0,2968.0,0.0,-0.0234375,0.02734375,0.03125,0
34406419.0,8032.0,1.0,0.5908813477,-0.2879638672,0.6786499023,0.3276977539
34409387.0,2968.0,0.0,-0.0234375,0.01953125,0.0390625,0
34416419.0,7032.0,1.0,0.5908813477,-0.2879638672,0.6786499023,0.3276977539
34419387.0,2968.0,0.0,-0.0234375,0.01953125,0.0,0
34425419.0,6032.0,1.0,0.5908813477,-0.2879638672,0.6786499023,0.3277587891
34428387.0,2968.0,0.0,-0.0234375,-0.09765625,0.07421875,0
34435419.0,7032.0,1.0,0.5908813477,-0.2879638672,0.6786499023,0.3277587891
34439387.0,3968.0,0.0,0.01171875,0.05859375,0.07421875,0
34446419.0,7032.0,1.0,0.5908813477,-0.287902832,0.6785888672,0.3277587891
34449387.0,2968.0,0.0,-0.0234375,0.01953125,0.07421875,0
34456419.0,7032.0,1.0,0.5909423828,-0.287902832,0.6785888672,0.3276977539
34459387.0,2968.0,0.0,-0.0234375,0.06640625,0.06640625,0
34465419.0,6032.0,1.0,0.5909423828,-0.287902832,0.6786499023,0.3276977539
34468387.0,2968.0,0.0,0.01171875,-0.01171875,0.03125,0
34475419.0,7032.0,1.0,0.5909423828,-0.287902832,0.6786499023,0.3276977539
34479387.0,3968.0,0.0,-0.0234375,0.02734375,-0.0078125,0
34485419.0,6032.0,1.0,0.5908813477,-0.287902832,0.6786499023,0.3276977539
34488387.0,2968.0,0.0,0.01171875,-0.05078125,-0.0078125,0
34495419.0,7032.0,1.0,0.5908813477,-0.287902832,0.6786499023,0.3276977539
34498387.0,2968.0,0.0,0.01171875,-0.01171875,-0.0078125,0
34505419.0,7032.0,1.0,0.5908813477,-0.287902832,0.6786499023,0.3276977539
34508387.0,2968.0,0.0,0.01953125,0.05859375,0.05859375,0
34515419.0,7032.0,1.0,0.5908203125,-0.287902832,0.6787109375,0.3276977539
34519387.0,3968.0,0.0,0.01953125,0.09375,0.18359375,0
34526419.0,7032.0,1.0,0.5908203125,-0.287902832,0.6787109375,0.3276977539
34529387.0,2968.0,0.0,0.01953125,0.05859375,0.14453125,0
34535419.0,6032.0,1.0,0.5908203125,-0.287902832,0.6787109375,0.3276367188
34538387.0,2968.0,0.0,-0.015625,-0.05859375,-0.0078125,0
34545419.0,7032.0,1.0,0.5908203125,-0.287902832,0.6787719727,0.3276367188
34548387.0,2968.0,0.0,-0.0234375,-0.05859375,-0.015625,0
34555419.0,7032.0,1.0,0.5907592773,-0.2879638672,0.6787719727,0.3276977539
34558387.0,2968.0,0.0,0.01171875,-0.05859375,-0.0546875,0
34566419.0,8032.0,1.0,0.5907592773,-0.2879638672,0.6787719727,0.3276977539
34569387.0,2968.0,0.0,-0.0234375,-0.01953125,-0.0546875,0
34576419.0,7032.0,1.0,0.5907592773,-0.2879638672,0.6787719727,0.3276977539
34579387.0,2968.0,0.0,-0.0234375,0.09375,-0.0546875,0
34585419.0,6032.0,1.0,0.5907592773,-0.2879638672,0.6787719727,0.3276977539
34588387.0,2968.0,0.0,0.01171875,0.05859375,0.05859375,0
34596419.0,8032.0,1.0,0.5906982422,-0.2879638672,0.6787719727,0.3276977539
34599387.0,2968.0,0.0,0.01171875,0.05859375,0.0234375,0
34606419.0,7032.0,1.0,0.5906982422,-0.2880249023,0.6787719727,0.3276977539
34609387.0,2968.0,0.0,0.01171875,0.09375,0.0234375,0
34616419.0,7032.0,1.0,0.5906982422,-0.2880249023,0.6787719727,0.3276367188
34619387.0,2968.0,0.0,0.01171875,0.05859375,0.05859375,0
34626419.0,7032.0,1.0,0.5906982422,-0.2880249023,0.6788330078,0.3276367188
34629387.0,2968.0,0.0,0.01953125,-0.02734375,-0.015625,0
34636419.0,7032.0,1.0,0.590637207,-0.2880859375,0.6788330078,0.3275756836
34639387.0,2968.0,0.0,-0.015625,-0.02734375,-0.015625,0
34646419.0,7032.0,1.0,0.590637207,-0.2880859375,0.6788330078,0.3275756836
34649387.0,2968.0,0.0,0.01953125,-0.05859375,-0.0546875,0
34656419.0,7032.0,1.0,0.590637207,-0.2880859375,0.6788330078,0.3275756836
34659387.0,2968.0,0.0,0.01953125,0.01953125,-0.015625,0
34665419.0,6032.0,1.0,0.590637207,-0.2880859375,0.6788330078,0.3275146484
34668387.0,2968.0,0.0,0.01953125,-0.01953125,0.0234375,0
34676419.0,8032.0,1.0,0.590637207,-0.2881469727,0.6788330078,0.3275146484
34679387.0,2968.0,0.0,-0.015625,-0.01953125,-0.015625,0
34685419.0,6032.0,1.0,0.590637207,-0.2881469727,0.678894043,0.3275146484
34688387.0,2968.0,0.0,-0.015625,-0.1328125,-0.0546875,0
34696419.0,8032.0,1.0,0.590637207,-0.2881469727,0.678894043,0.3275146484
34699387.0,2968.0,0.0,0.01171875,-0.01953125,-0.0078125,0
34705419.0,6032.0,1.0,0.5905761719,-0.2881469727,0.678894043,0.3275146484
34708387.0,2968.0,0.0,-0.0234375,-0.05859375,-0.046875,0
34716419.0,8032.0,1.0,0.5905761719,-0.2881469727,0.678894043,0.3275146484
34719387.0,2968.0,0.0,0.01171875,-0.05859375,-0.046875,0
34725419.0,6032.0,1.0,0.5905761719,-0.2882080078,0.6789550781,0.3275146484
34728387.0,2968.0,0.0,-0.0234375,-0.01953125,-0.0078125,0
34735419.0,7032.0,1.0,0.5905151367,-0.2882080078,0.6789550781,0.3275146484
34738387.0,2968.0,0.0,0.01171875,0.06640625,0.03125,0
34746419.0,8032.0,1.0,0.5905151367,-0.2882080078,0.6789550781,0.3275146484
34749387.0,2968.0,0.0,0.01171875,0.09375,0.0390625,0
34756419.0,7032.0,1.0,0.5904541016,-0.2882080078,0.6790161133,0.3274536133
34759387.0,2968.0,0.0,0.01171875,0.05859375,0.11328125,0
34766419.0,7032.0,1.0,0.5904541016,-0.2882080078,0.6790161133,0.3274536133
34769387.0,2968.0,0.0,0.01171875,0.09375,0.0390625,0
34776419.0,7032.0,1.0,0.5904541016,-0.288269043,0.6790161133,0.3274536133
34780387.0,3968.0,0.0,-0.0234375,0.05859375,0.07421875,0
34786419.0,6032.0,1.0,0.5903930664,-0.288269043,0.6790771484,0.3273925781
34789387.0,2968.0,0.0,0.01171875,0.01953125,0.0,0
34796419.0,7032.0,1.0,0.5903320313,-0.2883300781,0.6790771484,0.3273925781
34799387.0,2968.0,0.0,0.00390625,0.01953125,0.0,0
34806419.0,7032.0,1.0,0.5903320313,-0.2883911133,0.6790771484,0.3273925781
34809387.0,2968.0,0.0,0.01171875,-0.02734375,-0.0390625,0
34816419.0,7032.0,1.0,0.5902709961,-0.2883911133,0.6791381836,0.327331543
34820387.0,3968.0,0.0,-0.0234375,-0.02734375,-0.0390625,0
34826419.0,6032.0,1.0,0.5902709961,-0.2884521484,0.6791381836,0.327331543
34829387.0,2968.0,0.0,0.01171875,-0.06640625,-0.0390625,0
34836419.0,7032.0,1.0,0.5902099609,-0.2884521484,0.6791992188,0.3272705078
34839387.0,2968.0,0.0,0.00390625,-0.09765625,-0.0390625,0
34846419.0,7032.0,1.0,0.5902099609,-0.2884521484,0.6791992188,0.3272705078
34849387.0,2968.0,0.0,-0.03125,-0.09765625,-0.078125,0
34856419.0,7032.0,1.0,0.5902099609,-0.2884521484,0.6792602539,0.3272705078
34860387.0,3968.0,0.0,0.00390625,-0.1328125,-0.078125,0
34866419.0,6032.0,1.0,0.5901489258,-0.2885131836,0.6792602539,0.3272705078
34869387.0,2968.0,0.0,0.01171875,-0.08984375,-0.0703125,0
34875419.0,6032.0,1.0,0.5900878906,-0.2885742188,0.6792602539,0.327331543
34878387.0,2968.0,0.0,-0.0234375,-0.125,-0.03125,0
34886419.0,8032.0,1.0,0.5900878906,-0.2885742188,0.6791992188,0.327331543
34889387.0,2968.0,0.0,0.01171875,-0.01171875,0.0078125,0
34896419.0,7032.0,1.0,0.5900878906,-0.2886352539,0.6791992188,0.3273925781
34899387.0,2968.0,0.0,-0.0234375,0.02734375,0.0078125,0
34906419.0,7032.0,1.0,0.5900878906,-0.2886352539,0.6791992188,0.3273925781
34909387.0,2968.0,0.0,-0.0234375,0.06640625,0.0078125,0
34915419.0,6032.0,1.0,0.5900878906,-0.2885742188,0.6792602539,0.3273925781
34918387.0,2968.0,0.0,0.01171875,0.06640625,-0.03125,0
34926419.0,8032.0,1.0,0.5900878906,-0.2885742188,0.6792602539,0.3273925781
34929387.0,2968.0,0.0,0.00390625,0.02734375,-0.0234375,0
34936419.0,7032.0,1.0,0.5900878906,-0.2885742188,0.6792602539,0.3273925781
34939387.0,2968.0,0.0,0.00390625,-0.01171875,-0.0234375,0
34946419.0,7032.0,1.0,0.5900878906,-0.2885742188,0.6792602539,0.3273925781
34949387.0,2968.0,0.0,0.01171875,-0.01171875,-0.03125,0
34956419.0,7032.0,1.0,0.5900878906,-0.2886352539,0.6791992188,0.3273925781
34959387.0,2968.0,0.0,-0.0234375,0.03515625,0.015625,0
34966419.0,7032.0,1.0,0.5900878906,-0.2886352539,0.6791992188,0.3273925781
34969387.0,2968.0,0.0,0.01171875,-0.00390625,0.015625,0
34976419.0,7032.0,1.0,0.5900268555,-0.2886352539,0.6791992188,0.3273925781
34979387.0,2968.0,0.0,-0.0234375,-0.00390625,0.0546875,0
34986419.0,7032.0,1.0,0.5900268555,-0.2886352539,0.6791992188,0.3273925781
34989387.0,2968.0,0.0,0.01171875,0.03515625,0.015625,0
34996419.0,7032.0,1.0,0.5900268555,-0.2886352539,0.6791992188,0.3273925781
34999387.0,2968.0,0.0,0.01171875,-0.15625,-0.0234375,0
35006419.0,7032.0,1.0,0.5900268555,-0.2886352539,0.6791992188,0.3274536133
35009387.0,2968.0,0.0,0.01171875,-0.15625,-0.0625,0
35016419.0,7032.0,1.0,0.5900268555,-0.2886352539,0.6791992188,0.3274536133
35019387.0,2968.0,0.0,0.01171875,-0.1171875,-0.0234375,0
35026419.0,7032.0,1.0,0.5900268555,-0.2886962891,0.6791992188,0.3274536133
35029387.0,2968.0,0.0,0.01171875,0.04296875,0.015625,0
35036419.0,7032.0,1.0,0.5900268555,-0.2886962891,0.6791381836,0.3275146484
35039387.0,2968.0,0.0,0.01171875,0.04296875,0.08984375,0
35046419.0,7032.0,1.0,0.5900268555,-0.2886352539,0.6791381836,0.3275146484
35049387.0,2968.0,0.0,0.00390625,0.07421875,0.12890625,0
35056419.0,7032.0,1.0,0.5900268555,-0.2886352539,0.6791381836,0.3275146484
35059387.0,2968.0,0.0,0.00390625,0.03515625,0.12890625,0
35065419.0,6032.0,1.0,0.5900268555,-0.2886352539,0.6791381836,0.3275146484
35068387.0,2968.0,0.0,0.00390625,0.07421875,0.0546875,0
35076419.0,8032.0,1.0,0.5900268555,-0.2886962891,0.6791992188,0.3275146484
35079387.0,2968.0,0.0,-0.03125,0.04296875,0.0078125,0
35086419.0,7032.0,1.0,0.5900268555,-0.2886962891,0.6791381836,0.3275146484
35089387.0,2968.0,0.0,0.01171875,-0.00390625,-0.03125,0
35096419.0,7032.0,1.0,0.5900268555,-0.2886962891,0.6791381836,0.3275756836
35099387.0,2968.0,0.0,0.01171875,-0.00390625,-0.03125,0
35105419.0,6032.0,1.0,0.5900268555,-0.2886962891,0.6791381836,0.3275756836
35108387.0,2968.0,0.0,0.01171875,0.03515625,0.0078125,0
35116419.0,8032.0,1.0,0.5900268555,-0.2886962891,0.6791381836,0.3275146484
35119387.0,2968.0,0.0,0.01171875,-0.00390625,0.046875,0
35126419.0,7032.0,1.0,0.5900268555,-0.2886962891,0.6791381836,0.3275146484
35129387.0,2968.0,0.0,0.00390625,-0.04296875,0.0078125,0
35136419.0,7032.0,1.0,0.5900268555,-0.2886962891,0.6791381836,0.3275146484
35139387.0,2968.0,0.0,0.00390625,-0.04296875,0.046875,0
35146419.0,7032.0,1.0,0.5900268555,-0.2886962891,0.6791381836,0.3275146484
35149387.0,2968.0,0.0,0.00390625,0.03515625,-0.03125,0
35156419.0,7032.0,1.0,0.5900268555,-0.2887573242,0.6791381836,0.3275146484
35160387.0,3968.0,0.0,0.00390625,0.109375,0.0078125,0
35166419.0,6032.0,1.0,0.5900268555,-0.2887573242,0.6791381836,0.3275146484
35169387.0,2968.0,0.0,0.00390625,0.2265625,0.046875,0
35176419.0,7032.0,1.0,0.5900268555,-0.2887573242,0.6791381836,0.3275146484
35179387.0,2968.0,0.0,0.00390625,0.1484375,0.0078125,0
35186419.0,7032.0,1.0,0.5899658203,-0.2887573242,0.6791992188,0.3274536133
35189387.0,2968.0,0.0,0.00390625,-0.04296875,-0.03125,0
35196419.0,7032.0,1.0,0.5899658203,-0.2887573242,0.6791992188,0.3274536133
35200387.0,3968.0,0.0,0.00390625,-0.08203125,-0.03125,0
35206419.0,6032.0,1.0,0.5899658203,-0.2887573242,0.6791992188,0.3273925781
35209387.0,2968.0,0.0,-0.0390625,-0.08984375,-0.0703125,0
35216419.0,7032.0,1.0,0.5899658203,-0.2887573242,0.6791992188,0.3273925781
35219387.0,2968.0,0.0,0.00390625,-0.15625,-0.0703125,0
35226419.0,7032.0,1.0,0.5899658203,-0.2887573242,0.6791992188,0.3274536133
35229387.0,2968.0,0.0,0.00390625,-0.1171875,-0.109375,0
35236419.0,7032.0,1.0,0.5899658203,-0.2888183594,0.6791992188,0.3274536133
35240387.0,3968.0,0.0,-0.03125,-0.05078125,-0.0703125,0
35246419.0,6032.0,1.0,0.5899658203,-0.2888183594,0.6791992188,0.3275146484
35249387.0,2968.0,0.0,-0.03125,-0.01171875,-0.0703125,0
35256419.0,7032.0,1.0,0.5899658203,-0.2888183594,0.6791381836,0.3275756836
35259387.0,2968.0,0.0,0.00390625,0.06640625,0.0078125,0
35266419.0,7032.0,1.0,0.5899658203,-0.2888183594,0.6791381836,0.3275756836
35269387.0,2968.0,0.0,0.00390625,0.1015625,0.046875,0
35276419.0,7032.0,1.0,0.5899658203,-0.2887573242,0.6791381836,0.3275756836
35279387.0,2968.0,0.0,0.00390625,0.06640625,0.015625,0
35286419.0,7032.0,1.0,0.5899658203,-0.2887573242,0.6791992188,0.3275146484
35289387.0,2968.0,0.0,-0.03125,0.02734375,0.015625,0
35295419.0,6032.0,1.0,0.5900268555,-0.2886962891,0.6791992188,0.3275146484
35298387.0,2968.0,0.0,0.00390625,-0.01171875,-0.0234375,0
35306419.0,8032.0,1.0,0.5900268555,-0.2886962891,0.6791381836,0.3275146484
35309387.0,2968.0,0.0,0.00390625,-0.05078125,-0.0625,0
35316419.0,7032.0,1.0,0.5900268555,-0.2886962891,0.6791381836,0.3275146484
35319387.0,2968.0,0.0,-0.03125,-0.05078125,-0.0625,0
35326419.0,7032.0,1.0,0.5900268555,-0.2886962891,0.6791381836,0.3275756836
35329387.0,2968.0,0.0,0.00390625,-0.05078125,-0.0625,0
35336419.0,7032.0,1.0,0.5900878906,-0.2886962891,0.6790771484,0.3275756836
35339387.0,2968.0,0.0,0.00390625,-0.1171875,-0.0234375,0
35346419.0,7032.0,1.0,0.5900878906,-0.2886352539,0.6790771484,0.3276367188
35349387.0,2968.0,0.0,0.00390625,-0.00390625,0.015625,0
35356419.0,7032.0,1.0,0.5901489258,-0.2886352539,0.6790161133,0.3276367188
35359387.0,2968.0,0.0,0.00390625,0.140625,0.08984375,0
35366419.0,7032.0,1.0,0.5901489258,-0.2886352539,0.6790161133,0.3276367188
35369387.0,2968.0,0.0,0.00390625,0.1484375,0.08984375,0
35376419.0,7032.0,1.0,0.5902099609,-0.2886352539,0.6789550781,0.3276367188
35379387.0,2968.0,0.0,0.00390625,0.1015625,0.046875,0
35386419.0,7032.0,1.0,0.5902099609,-0.2886352539,0.6789550781,0.3276977539
35389387.0,2968.0,0.0,0.00390625,0.140625,0.0078125,0
35396419.0,7032.0,1.0,0.5902099609,-0.2885742188,0.6789550781,0.3276977539
35399387.0,2968.0,0.0,-0.03125,-0.01171875,0.046875,0
35406419.0,7032.0,1.0,0.5902099609,-0.2885742188,0.6789550781,0.3276977539
35409387.0,2968.0,0.0,-0.03125,0.02734375,0.0078125,0
35416419.0,7032.0,1.0,0.5902709961,-0.2885742188,0.6789550781,0.3276977539
35419387.0,2968.0,0.0,0.04296875,0.1015625,0.046875,0
35426419.0,7032.0,1.0,0.5902709961,-0.2885742188,0.678894043,0.3276977539
35429387.0,2968.0,0.0,-0.03125,0.02734375,0.046875,0
35436419.0,7032.0,1.0,0.5902709961,-0.2885742188,0.678894043,0.3276977539
35439387.0,2968.0,0.0,0.00390625,-0.05859375,0.0078125,0
35446419.0,7032.0,1.0,0.5902709961,-0.2885742188,0.678894043,0.3276977539
35449387.0,2968.0,0.0,0.00390625,-0.01953125,0.0078125,0
35456419.0,7032.0,1.0,0.5903320313,-0.2885742188,0.678894043,0.3276977539
35459387.0,2968.0,0.0,0.00390625,-0.01953125,0.0078125,0
35466419.0,7032.0,1.0,0.5903320313,-0.2885742188,0.678894043,0.3276977539
35469387.0,2968.0,0.0,0.01171875,0.01953125,0.0,0
35476419.0,7032.0,1.0,0.5903320313,-0.2885742188,0.6788330078,0.3276977539
35479387.0,2968.0,0.0,0.01171875,-0.01953125,-0.0390625,0
35486419.0,7032.0,1.0,0.5903320313,-0.2886352539,0.6788330078,0.3276977539
35489387.0,2968.0,0.0,-0.03125,-0.05859375,0.0,0
35496419.0,7032.0,1.0,0.5903320313,-0.2886352539,0.6788330078,0.3276977539
35499387.0,2968.0,0.0,-0.03125,-0.05859375,0.0390625,0
35506419.0,7032.0,1.0,0.5902709961,-0.2886352539,0.6788330078,0.3277587891
35509387.0,2968.0,0.0,-0.03125,0.05859375,0.0390625,0
35516419.0,7032.0,1.0,0.5902709961,-0.2886352539,0.6788330078,0.3277587891
35519387.0,2968.0,0.0,-0.03125,0.01953125,0.0,0
35526419.0,7032.0,1.0,0.5902709961,-0.2886352539,0.6788330078,0.3277587891
35529387.0,2968.0,0.0,0.00390625,-0.09765625,-0.0390625,0
35536419.0,7032.0,1.0,0.5902709961,-0.2886962891,0.6787719727,0.3278198242
35540387.0,3968.0,0.0,0.00390625,-0.09765625,0.0,0
35546419.0,6032.0,1.0,0.5902709961,-0.2886962891,0.6787719727,0.3278808594
35549387.0,2968.0,0.0,0.00390625,-0.01953125,0.0,0
35556419.0,7032.0,1.0,0.5902709961,-0.2886962891,0.6787719727,0.3278808594
35559387.0,2968.0,0.0,0.00390625,-0.01953125,0.0,0
35566419.0,7032.0,1.0,0.5902709961,-0.2886962891,0.6787719727,0.3278808594
35569387.0,2968.0,0.0,0.00390625,0.05859375,0.0,0
35576419.0,7032.0,1.0,0.5902709961,-0.2886962891,0.6787719727,0.3278808594
35580387.0,3968.0,0.0,0.00390625,0.09375,0.0390625,0
35586419.0,6032.0,1.0,0.5902709961,-0.2886962891,0.6787719727,0.3278198242
35589387.0,2968.0,0.0,0.00390625,0.05859375,0.0,0
35596419.0,7032.0,1.0,0.5902709961,-0.2886962891,0.6787719727,0.3278198242
35599387.0,2968.0,0.0,0.00390625,-0.05859375,-0.0390625,0
35606419.0,7032.0,1.0,0.5902709961,-0.2886962891,0.6787719727,0.3278808594
35609387.0,2968.0,0.0,0.00390625,-0.09765625,-0.0390625,0
35616419.0,7032.0,1.0,0.5902709961,-0.2886962891,0.6787719727,0.3278808594
35620387.0,3968.0,0.0,-0.03125,-0.05859375,-0.0390625,0
35626419.0,6032.0,1.0,0.5902709961,-0.2886962891,0.6787109375,0.3279418945
35629387.0,2968.0,0.0,-0.03125,-0.1328125,-0.0390625,0
35636419.0,7032.0,1.0,0.5902709961,-0.2886962891,0.6787109375,0.3279418945
35639387.0,2968.0,0.0,-0.03125,-0.05859375,0.10546875,0
35646419.0,7032.0,1.0,0.5902709961,-0.2886962891,0.6787109375,0.3279418945
35649387.0,2968.0,0.0,-0.0234375,-0.05078125,0.15234375,0
35656419.0,7032.0,1.0,0.5903320313,-0.2886352539,0.6787109375,0.3279418945
35660387.0,3968.0,0.0,-0.0234375,-0.05078125,0.15234375,0
35666419.0,6032.0,1.0,0.5903320313,-0.2885742188,0.6787719727,0.3279418945
35669387.0,2968.0,0.0,-0.0234375,0.02734375,0.07421875,0
35676419.0,7032.0,1.0,0.5903320313,-0.2885131836,0.6787719727,0.3278808594
35679387.0,2968.0,0.0,-0.0234375,-0.05078125,-0.046875,0
35686419.0,7032.0,1.0,0.5903930664,-0.2884521484,0.6787719727,0.3278808594
35689387.0,2968.0,0.0,-0.0234375,-0.125,-0.16015625,0
35696419.0,7032.0,1.0,0.5903930664,-0.2884521484,0.6787719727,0.3278808594
35699387.0,2968.0,0.0,0.01171875,-0.203125,-0.16796875,0
35706419.0,7032.0,1.0,0.5904541016,-0.2884521484,0.6787109375,0.3279418945
35709387.0,2968.0,0.0,-0.0234375,-0.08203125,-0.0859375,0
35716419.0,7032.0,1.0,0.5904541016,-0.2883911133,0.6787109375,0.3280029297
35719387.0,2968.0,0.0,0.01171875,0.2265625,0.14453125,0
35726419.0,7032.0,1.0,0.5904541016,-0.2883911133,0.6786499023,0.3280029297
35729387.0,2968.0,0.0,0.01171875,0.2265625,0.22265625,0
35736419.0,7032.0,1.0,0.5905151367,-0.2883911133,0.6786499023,0.3280029297
35739387.0,2968.0,0.0,0.01953125,0.2265625,0.2578125,0
35746419.0,7032.0,1.0,0.5905151367,-0.2883911133,0.6787109375,0.3279418945
35749387.0,2968.0,0.0,0.01171875,0.29296875,0.21484375,0
35756419.0,7032.0,1.0,0.5905151367,-0.2883300781,0.6787109375,0.3279418945
35759387.0,2968.0,0.0,-0.0234375,0.29296875,0.13671875,0
35766419.0,7032.0,1.0,0.5905151367,-0.2883911133,0.6787109375,0.3278808594
35769387.0,2968.0,0.0,0.01171875,0.140625,0.05078125,0
35777419.0,8032.0,1.0,0.5905151367,-0.2883911133,0.6787109375,0.3278198242
35780387.0,2968.0,0.0,0.01953125,0.05859375,0.015625,0
35786419.0,6032.0,1.0,0.5905151367,-0.2883911133,0.6787109375,0.3277587891
35789387.0,2968.0,0.0,-0.0234375,-0.06640625,-0.0703125,0
35796419.0,7032.0,1.0,0.5905151367,-0.2884521484,0.6787109375,0.3277587891
35799387.0,2968.0,0.0,0.01171875,-0.140625,-0.0703125,0
35806419.0,7032.0,1.0,0.5905151367,-0.2884521484,0.6787109375,0.3277587891
35809387.0,2968.0,0.0,0.01171875,-0.171875,-0.1015625,0
35816419.0,7032.0,1.0,0.5904541016,-0.2885131836,0.6787109375,0.3277587891
35819387.0,2968.0,0.0,0.01171875,-0.09765625,-0.0625,0
35826419.0,7032.0,1.0,0.5904541016,-0.2885131836,0.6787109375,0.3278198242
35829387.0,2968.0,0.0,0.01171875,-0.1328125,-0.0234375,0
35836419.0,7032.0,1.0,0.5904541016,-0.2885742188,0.6787109375,0.3278198242
35839387.0,2968.0,0.0,0.01171875,-0.09765625,0.015625,0
35846419.0,7032.0,1.0,0.5904541016,-0.2885131836,0.6787109375,0.3277587891
35849387.0,2968.0,0.0,0.01171875,0.05859375,-0.0234375,0
35857419.0,8032.0,1.0,0.5904541016,-0.2885131836,0.6787109375,0.3277587891
35860387.0,2968.0,0.0,-0.0234375,0.09375,-0.0625,0
35866419.0,6032.0,1.0,0.5905151367,-0.2885131836,0.6787109375,0.3277587891
35869387.0,2968.0,0.0,0.01171875,0.09375,-0.1015625,0
35876419.0,7032.0,1.0,0.5905151367,-0.2885742188,0.6786499023,0.3278198242
35879387.0,2968.0,0.0,0.01171875,-0.05859375,-0.1015625,0
35886419.0,7032.0,1.0,0.5905151367,-0.2886352539,0.6786499023,0.3278198242
35889387.0,2968.0,0.0,0.01171875,-0.2109375,-0.0234375,0
35897419.0,8032.0,1.0,0.5904541016,-0.2886352539,0.6786499023,0.3278808594
35900387.0,2968.0,0.0,0.00390625,-0.2421875,0.16796875,0
35906419.0,6032.0,1.0,0.5904541016,-0.2886962891,0.6786499023,0.3278808594
35909387.0,2968.0,0.0,0.01171875,-0.08984375,0.2890625,0
35916419.0,7032.0,1.0,0.5903930664,-0.2886962891,0.6786499023,0.3278808594
35919387.0,2968.0,0.0,-0.0234375,-0.00390625,0.2421875,0
35926419.0,7032.0,1.0,0.5903320313,-0.2886962891,0.6787109375,0.3278808594
35929387.0,2968.0,0.0,-0.0234375,0.140625,0.015625,0
35937419.0,8032.0,1.0,0.5903320313,-0.2887573242,0.6787109375,0.3278808594
35940387.0,2968.0,0.0,-0.0234375,0.2578125,-0.0625,0
35946419.0,6032.0,1.0,0.5903320313,-0.2887573242,0.6787109375,0.3278808594
35949387.0,2968.0,0.0,-0.0234375,0.06640625,-0.17578125,0
35956419.0,7032.0,1.0,0.5903320313,-0.2888183594,0.6786499023,0.3278808594
35960387.0,3968.0,0.0,-0.0234375,-0.1640625,-0.17578125,0
35966419.0,6032.0,1.0,0.5903320313,-0.2888793945,0.6786499023,0.3279418945
35969387.0,2968.0,0.0,-0.0234375,-0.30859375,-0.21484375,0
35976419.0,7032.0,1.0,0.5903320313,-0.2888793945,0.6785888672,0.3280029297
35979387.0,2968.0,0.0,0.01171875,-0.38671875,0.015625,0
35986419.0,7032.0,1.0,0.5902709961,-0.2889404297,0.6785888672,0.3280639648
35989387.0,2968.0,0.0,-0.015625,-0.2734375,0.25,0
35996419.0,7032.0,1.0,0.5902099609,-0.2889404297,0.6785888672,0.3280639648
36000387.0,3968.0,0.0,0.01171875,-0.03515625,0.3671875,0
36006419.0,6032.0,1.0,0.5901489258,-0.2890014648,0.6786499023,0.3281860352
36009387.0,2968.0,0.0,-0.0234375,0.00390625,0.2890625,0
36016419.0,7032.0,1.0,0.5900878906,-0.2890625,0.6785888672,0.3282470703
36019387.0,2968.0,0.0,-0.0234375,0.38671875,-0.33203125,0
36026419.0,7032.0,1.0,0.5900878906,-0.2890625,0.6785888672,0.3282470703
36029387.0,2968.0,0.0,0.01171875,0.6484375,-0.40625,0
36036419.0,7032.0,1.0,0.5901489258,-0.2890014648,0.6785888672,0.328125
36040387.0,3968.0,0.0,0.05078125,1.10546875,-0.140625,0
36046419.0,6032.0,1.0,0.5902099609,-0.2890625,0.678527832,0.3280639648
36049387.0,2968.0,0.0,-0.0625,1.859375,-0.78125,0
36056419.0,7032.0,1.0,0.5903320313,-0.2891235352,0.678527832,0.3280029297
36059387.0,2968.0,0.0,0.05078125,1.359375,0.671875,0
36066419.0,7032.0,1.0,0.5903320313,-0.2891845703,0.6784667969,0.3278808594
36069387.0,2968.0,0.0,-0.1015625,-0.48046875,0.48046875,0
36076419.0,7032.0,1.0,0.5903930664,-0.2892456055,0.6784667969,0.3278198242
36079387.0,2968.0,0.0,0.05859375,-0.1328125,0.296875,0
36086419.0,7032.0,1.0,0.5903930664,-0.2892456055,0.678527832,0.3276367188
36089387.0,2968.0,0.0,-0.0234375,0.9765625,-0.046875,0
36096419.0,7032.0,1.0,0.5905151367,-0.2892456055,0.6785888672,0.3273925781
36099387.0,2968.0,0.0,0.01953125,-0.1640625,-0.0859375,0
36106419.0,7032.0,1.0,0.5908203125,-0.2887573242,0.6788330078,0.3267211914
36109387.0,2968.0,0.0,-0.015625,-0.01171875,-0.125,0
36116419.0,7032.0,1.0,0.5913085938,-0.2880859375,0.6791992188,0.3256835938
36119387.0,2968.0,0.0,0.01171875,-0.2109375,-0.078125,0
36126419.0,7032.0,1.0,0.5918579102,-0.2872924805,0.6795654297,0.3245849609
36129387.0,2968.0,0.0,0.01171875,0.29296875,-0.0390625,0
36136419.0,7032.0,1.0,0.5923461914,-0.2864379883,0.6799926758,0.3234863281
36139387.0,2968.0,0.0,0.01953125,-0.1640625,0.0390625,0
36146419.0,7032.0,1.0,0.5928344727,-0.2857055664,0.6803588867,0.3225097656
36149387.0,2968.0,0.0,0.01953125,0.49609375,-0.0390625,0
36157419.0,8032.0,1.0,0.5930786133,-0.2853393555,0.6806030273,0.3218994141
36160387.0,2968.0,0.0,0.01953125,0.76953125,-0.0703125,0
36166419.0,6032.0,1.0,0.5932006836,-0.2854003906,0.6806030273,0.3216552734
36169387.0,2968.0,0.0,-0.015625,0.04296875,-0.0234375,0
36176419.0,7032.0,1.0,0.5932617188,-0.2854614258,0.6805419922,0.3215332031
36179387.0,2968.0,0.0,-0.015625,-0.03515625,0.0546875,0
36186419.0,7032.0,1.0,0.5933837891,-0.2855224609,0.6805419922,0.3213500977
36189387.0,2968.0,0.0,0.01953125,-0.06640625,0.0546875,0
36197419.0,8032.0,1.0,0.5934448242,-0.2855224609,0.6806030273,0.321105957
36200387.0,2968.0,0.0,0.01171875,-0.02734375,0.16015625,0
36206419.0,6032.0,1.0,0.5935668945,-0.2855224609,0.6806030273,0.3208618164
36209387.0,2968.0,0.0,0.01953125,0.00390625,0.12109375,0
36216419.0,7032.0,1.0,0.5936279297,-0.2855834961,0.6806030273,0.3206787109
36219387.0,2968.0,0.0,0.01953125,0.01171875,0.08203125,0
36226419.0,7032.0,1.0,0.5936889648,-0.2857055664,0.6806030273,0.3205566406
36229387.0,2968.0,0.0,0.01953125,-0.02734375,0.0546875,0
36237419.0,8032.0,1.0,0.5936889648,-0.2858886719,0.6805419922,0.3204345703
36240387.0,2968.0,0.0,-0.015625,-0.06640625,0.015625,0
36246419.0,6032.0,1.0,0.5936889648,-0.2860107422,0.6805419922,0.3203735352
36249387.0,2968.0,0.0,-0.015625,-0.09375,-0.0625,0
36256419.0,7032.0,1.0,0.5936889648,-0.2861328125,0.680480957,0.3201904297
36259387.0,2968.0,0.0,0.01953125,-0.05078125,-0.0546875,0
36266419.0,7032.0,1.0,0.5938110352,-0.2861938477,0.6805419922,0.3199462891
36269387.0,2968.0,0.0,0.01953125,-0.01171875,-0.0546875,0
36277419.0,8032.0,1.0,0.5939331055,-0.2861938477,0.6805419922,0.3197021484
36280387.0,2968.0,0.0,0.01953125,-0.05078125,-0.015625,0
36286419.0,6032.0,1.0,0.5939941406,-0.2862548828,0.6805419922,0.3194580078
36289387.0,2968.0,0.0,-0.015625,-0.078125,-0.015625,0
36296419.0,7032.0,1.0,0.5940551758,-0.286315918,0.6805419922,0.3193359375
36299387.0,2968.0,0.0,0.01953125,-0.1171875,0.0234375,0
36306419.0,7032.0,1.0,0.5940551758,-0.2864990234,0.680480957,0.3192749023
36309387.0,2968.0,0.0,0.02734375,-0.15625,0.0625,0
36317419.0,8032.0,1.0,0.5940551758,-0.2866821289,0.6804199219,0.3192749023
36320387.0,2968.0,0.0,0.02734375,-0.234375,0.03125,0
36326419.0,6032.0,1.0,0.5939941406,-0.2869262695,0.6803588867,0.3192749023
36329387.0,2968.0,0.0,-0.0078125,-0.2265625,-0.0078125,0
36336419.0,7032.0,1.0,0.5939941406,-0.287109375,0.6802978516,0.3192749023
36340387.0,3968.0,0.0,-0.0078125,-0.26171875,-0.0078125,0
36347419.0,7032.0,1.0,0.5939331055,-0.2872924805,0.6802368164,0.3192749023
36350387.0,2968.0,0.0,-0.015625,-0.30078125,0.0703125,0
36356419.0,6032.0,1.0,0.5939331055,-0.2874755859,0.6801757813,0.3192749023
36359387.0,2968.0,0.0,0.02734375,-0.33984375,0.26171875,0
36366419.0,7032.0,1.0,0.5938720703,-0.2876586914,0.6801757813,0.3192749023
36369387.0,2968.0,0.0,0.02734375,-0.21875,0.26171875,0
36376419.0,7032.0,1.0,0.5938110352,-0.2878417969,0.6801757813,0.3192749023
36380387.0,3968.0,0.0,0.02734375,-0.1796875,0.22265625,0
36386419.0,6032.0,1.0,0.5936889648,-0.2880859375,0.6801147461,0.3193359375
36389387.0,2968.0,0.0,-0.015625,-0.1328125,0.10546875,0
36396419.0,7032.0,1.0,0.5935058594,-0.2883911133,0.6800537109,0.319519043
36399387.0,2968.0,0.0,-0.015625,-0.4453125,0.19140625,0
36406419.0,7032.0,1.0,0.5933837891,-0.2886962891,0.6799926758,0.3195800781
36409387.0,2968.0,0.0,0.01953125,-1.05859375,0.23046875,0
36416419.0,7032.0,1.0,0.5933227539,-0.2888183594,0.6800537109,0.3195800781
36420387.0,3968.0,0.0,0.02734375,-0.4921875,0.11328125,0
36426419.0,6032.0,1.0,0.5932006836,-0.2888793945,0.6801147461,0.3195800781
36429387.0,2968.0,0.0,-0.0859375,-0.72265625,0.23828125,0
36436419.0,7032.0,1.0,0.5930786133,-0.2890014648,0.6801757813,0.3195800781
36439387.0,2968.0,0.0,0.06640625,-0.1015625,0.58203125,0
36446419.0,7032.0,1.0,0.5928344727,-0.2891845703,0.6802368164,0.3197021484
36449387.0,2968.0,0.0,-0.0546875,-0.53125,0.09375,0
36456419.0,7032.0,1.0,0.592590332,-0.2894287109,0.6802368164,0.3199462891
36460387.0,3968.0,0.0,-0.0078125,0.08203125,-0.0625,0
36466419.0,6032.0,1.0,0.5921020508,-0.2901000977,0.6800537109,0.3206176758
36469387.0,2968.0,0.0,0.05859375,0.2734375,-0.13671875,0
36476419.0,7032.0,1.0,0.5909423828,-0.2921142578,0.6791992188,0.3228149414
36479387.0,2968.0,0.0,0.01953125,2.609375,-0.51953125,0
36486419.0,7032.0,1.0,0.5885009766,-0.2965698242,0.6770629883,0.3276367188
36489387.0,2968.0,0.0,0.05859375,1.7890625,-0.14453125,0
36496419.0,7032.0,1.0,0.5849609375,-0.3029174805,0.6738891602,0.3345947266
36499387.0,2968.0,0.0,0.05859375,0.80859375,0.078125,0
36506419.0,7032.0,1.0,0.5806884766,-0.3103637695,0.6700439453,0.3427734375
36509387.0,2968.0,0.0,0.05859375,-0.125,0.3359375,0
36516419.0,7032.0,1.0,0.576171875,-0.3180541992,0.666015625,0.3511352539
36519387.0,2968.0,0.0,-0.0546875,-1.03125,-0.13671875,0
36526419.0,7032.0,1.0,0.5716552734,-0.325378418,0.6620483398,0.3592529297
36529387.0,2968.0,0.0,-0.015625,-1.32421875,-0.8046875,0
36537419.0,8032.0,1.0,0.5678100586,-0.3314208984,0.6586303711,0.3659667969
36540387.0,2968.0,0.0,-0.171875,-1.33984375,-1.50390625,0
36547419.0,7032.0,1.0,0.5653686523,-0.3350830078,0.6565551758,0.3701782227
36550387.0,2968.0,0.0,0.359375,-2.96875,-1.578125,0
36556419.0,6032.0,1.0,0.5648803711,-0.3356323242,0.65625,0.3709106445
36559387.0,2968.0,0.0,-0.63671875,0.24609375,-2.69140625,0
36566419.0,7032.0,1.0,0.5656738281,-0.3343505859,0.6567993164,0.3698730469
36569387.0,2968.0,0.0,-0.21484375,-0.13671875,-1.578125,0
36577419.0,8032.0,1.0,0.5670776367,-0.3322753906,0.6577758789,0.3679199219
36580387.0,2968.0,0.0,0.01953125,-1.27734375,0.87109375,0
36586419.0,6032.0,1.0,0.5689697266,-0.3292236328,0.6594238281,0.3648681641
36589387.0,2968.0,0.0,0.01953125,-4.984375,0.91015625,0
36596419.0,7032.0,1.0,0.5717163086,-0.3242797852,0.662109375,0.3599853516
36599387.0,2968.0,0.0,0.47265625,-4.9453125,0.57421875,0
36606419.0,7032.0,1.0,0.575012207,-0.3179931641,0.6657104492,0.3536987305
36609387.0,2968.0,0.0,-0.1328125,-3.59765625,-0.1015625,0
36617419.0,8032.0,1.0,0.5784912109,-0.3112182617,0.6693115234,0.3471069336
36620387.0,2968.0,0.0,-0.63671875,0.81640625,-3.46484375,0
36626419.0,6032.0,1.0,0.5816650391,-0.3052368164,0.6722412109,0.3414916992
36629387.0,2968.0,0.0,-2.46875,0.171875,-1.5390625,0
36636419.0,7032.0,1.0,0.5845336914,-0.2994995117,0.6750488281,0.3360595703
36639387.0,2968.0,0.0,0.47265625,1.89453125,-2.6796875,0
36646419.0,7032.0,1.0,0.586730957,-0.294921875,0.6771240234,0.33203125
36649387.0,2968.0,0.0,-0.66796875,1.59765625,-3.28515625,0
36657419.0,8032.0,1.0,0.5883789063,-0.2915649414,0.678527832,0.329284668
36660387.0,2968.0,0.0,-1.01171875,1.18359375,-2.828125,0
36666419.0,6032.0,1.0,0.5897216797,-0.2887573242,0.6795654297,0.3272094727
36669387.0,2968.0,0.0,-1.51953125,-0.12890625,-3.06640625,0
36676419.0,7032.0,1.0,0.5911254883,-0.2858276367,0.6805419922,0.3251342773
36679387.0,2968.0,0.0,-1.625,-0.78515625,-2.91015625,0
36687419.0,8032.0,1.0,0.5928955078,-0.282409668,0.6817016602,0.3225708008
36690387.0,2968.0,0.0,-1.47265625,-0.6328125,-2.7265625,0
36697419.0,7032.0,1.0,0.594909668,-0.2784423828,0.6829223633,0.3195800781
36700387.0,2968.0,0.0,-1.55078125,-0.2890625,-2.3125,0
36710419.0,10032.0,1.0,0.5970458984,-0.2744750977,0.6841430664,0.3165893555
36713387.0,2968.0,0.0,-1.6953125,-0.171875,-2.24609375,0
36717419.0,4032.0,1.0,0.5994262695,-0.2698974609,0.6853027344,0.313293457
36720387.0,2968.0,0.0,-1.578125,0.0859375,-2.328125,0
36727419.0,7032.0,1.0,0.6016235352,-0.2658691406,0.6862182617,0.310546875
36730387.0,2968.0,0.0,-1.50390625,-0.02734375,-2.4296875,0
36737419.0,7032.0,1.0,0.6039428711,-0.2617797852,0.6869506836,0.3079223633
36740387.0,2968.0,0.0,-1.1875,-0.06640625,-2.5234375,0
36747419.0,7032.0,1.0,0.6063232422,-0.2575683594,0.6875610352,0.305480957
36750387.0,2968.0,0.0,-1.11328125,0.1484375,-2.69140625,0
36757419.0,7032.0,1.0,0.6086425781,-0.2536010742,0.6879272461,0.3032836914
36760387.0,2968.0,0.0,-1.1875,0.1796875,-2.68359375,0
36767419.0,7032.0,1.0,0.6110839844,-0.2496337891,0.6880493164,0.3013916016
36770387.0,2968.0,0.0,-1.1796875,0.140625,-2.5703125,0
36776419.0,6032.0,1.0,0.6134033203,-0.2460327148,0.6879882813,0.2998657227
36779387.0,2968.0,0.0,-1.14453125,-0.01953125,-2.28515625,0
36787419.0,8032.0,1.0,0.6159667969,-0.2420654297,0.6876831055,0.2984008789
36790387.0,2968.0,0.0,-1.02734375,-0.03515625,-2.296875,0
36797419.0,7032.0,1.0,0.6185302734,-0.23828125,0.6872558594,0.2971801758
36800387.0,2968.0,0.0,-0.8671875,-0.19921875,-2.328125,0
36807419.0,7032.0,1.0,0.6212158203,-0.2342529297,0.6867675781,0.2958374023
36810387.0,2968.0,0.0,-0.63671875,-0.40625,-2.19140625,0
36816419.0,6032.0,1.0,0.6240234375,-0.2299804688,0.686340332,0.2943725586
36819387.0,2968.0,0.0,-0.28515625,-0.3046875,-2.265625,0
36827419.0,8032.0,1.0,0.6272583008,-0.2250976563,0.6857299805,0.2927246094
36830387.0,2968.0,0.0,-0.0546875,-0.0546875,-2.17578125,0
36837419.0,7032.0,1.0,0.6303710938,-0.2203979492,0.6849975586,0.2912597656
36840387.0,2968.0,0.0,0.05859375,0.15234375,-1.9609375,0
36847419.0,7032.0,1.0,0.6334228516,-0.216003418,0.6839599609,0.2903442383
36850387.0,2968.0,0.0,0.18359375,0.25390625,-1.83203125,0
36857419.0,7032.0,1.0,0.6363525391,-0.2119750977,0.6826171875,0.2899780273
36860387.0,2968.0,0.0,0.52734375,-0.0078125,-1.3203125,0
36867419.0,7032.0,1.0,0.6392822266,-0.208190918,0.6810913086,0.2900390625
36870387.0,2968.0,0.0,0.56640625,-0.22265625,-1.19921875,0
36877419.0,7032.0,1.0,0.6422119141,-0.2044677734,0.6793212891,0.2903442383
36880387.0,2968.0,0.0,0.52734375,-0.20703125,-1.078125,0
36887419.0,7032.0,1.0,0.6450805664,-0.2008666992,0.6774291992,0.2908935547
36890387.0,2968.0,0.0,0.71875,-0.27734375,-0.92578125,0
36897419.0,7032.0,1.0,0.6480102539,-0.1973266602,0.6752929688,0.291809082
36900387.0,2968.0,0.0,0.90234375,-0.5390625,-0.99609375,0
36910419.0,10032.0,1.0,0.6507568359,-0.1939697266,0.6732177734,0.2927246094
36913387.0,2968.0,0.0,1.0546875,-0.875,-1.11328125,0
36918419.0,5032.0,1.0,0.6539916992,-0.1897583008,0.6708374023,0.2936401367
36921387.0,2968.0,0.0,1.2109375,-1.30078125,-1.046875,0
36927419.0,6032.0,1.0,0.6569824219,-0.1856079102,0.6688232422,0.2941894531
36930387.0,2968.0,0.0,1.01171875,-0.9921875,-0.55078125,0
36937419.0,7032.0,1.0,0.6600952148,-0.1812133789,0.6667480469,0.2948608398
36940387.0,2968.0,0.0,0.96484375,-0.6015625,-0.4453125,0
36947419.0,7032.0,1.0,0.6630859375,-0.1770019531,0.6644287109,0.2958984375
36950387.0,2968.0,0.0,0.91015625,-0.61328125,-0.33203125,0
36957419.0,7032.0,1.0,0.6658935547,-0.1731567383,0.6619262695,0.2974853516
36960387.0,2968.0,0.0,0.98046875,-0.8125,-0.42578125,0
36966419.0,6032.0,1.0,0.6684570313,-0.1694335938,0.6595458984,0.2991333008
36969387.0,2968.0,0.0,0.89453125,-1.47265625,-0.42578125,0
36977419.0,8032.0,1.0,0.6713256836,-0.1651000977,0.6569824219,0.30078125
36980387.0,2968.0,0.0,1.0703125,-1.47265625,-0.55859375,0
36987419.0,7032.0,1.0,0.6741333008,-0.1602783203,0.6547241211,0.3020629883
36990387.0,2968.0,0.0,1.24609375,-1.2265625,-0.5,0
36997419.0,7032.0,1.0,0.6768798828,-0.1553344727,0.6524047852,0.3034057617
37000387.0,2968.0,0.0,1.26953125,-0.8984375,-0.38671875,0
37007419.0,7032.0,1.0,0.6795654297,-0.1504516602,0.6499633789,0.3050537109
37010387.0,2968.0,0.0,1.3125,-0.734375,-0.328125,0
37017419.0,7032.0,1.0,0.6819458008,-0.1460571289,0.6475830078,0.3070068359
37020387.0,2968.0,0.0,1.34375,-1.171875,-0.09765625,0
37027419.0,7032.0,1.0,0.6843261719,-0.1414794922,0.6450805664,0.3090820313
37030387.0,2968.0,0.0,1.4375,-1.31640625,-0.10546875,0
37037419.0,7032.0,1.0,0.686706543,-0.1365356445,0.6426391602,0.3110961914
37040387.0,2968.0,0.0,1.40625,-1.265625,-0.18359375,0
37047419.0,7032.0,1.0,0.6890258789,-0.1314697266,0.6403198242,0.3131103516
37050387.0,2968.0,0.0,1.57421875,-0.76171875,-0.04296875,0
37057419.0,7032.0,1.0,0.6912841797,-0.126159668,0.637878418,0.3151855469
37061387.0,3968.0,0.0,1.6953125,-0.45703125,-0.05859375,0
37067419.0,6032.0,1.0,0.693359375,-0.1210327148,0.6353759766,0.3176269531
37070387.0,2968.0,0.0,1.6171875,-0.1796875,0.16796875,0
37077419.0,7032.0,1.0,0.6953125,-0.1162719727,0.6327514648,0.3204345703
37080387.0,2968.0,0.0,1.48046875,0.0078125,0.3515625,0
37090419.0,10032.0,1.0,0.6970825195,-0.1118774414,0.630065918,0.3234863281
37093387.0,2968.0,0.0,1.40234375,-0.0625,0.3046875,0
37097419.0,4032.0,1.0,0.6989746094,-0.1068115234,0.626953125,0.3270263672
37101387.0,3968.0,0.0,1.40234375,-0.109375,0.29296875,0
37107419.0,6032.0,1.0,0.7006225586,-0.1021118164,0.624206543,0.3302612305
37110387.0,2968.0,0.0,1.515625,-0.00390625,0.23828125,0
37117419.0,7032.0,1.0,0.7022705078,-0.0971679688,0.6212768555,0.3337402344
37120387.0,2968.0,0.0,1.515625,0.1875,0.11328125,0
37127419.0,7032.0,1.0,0.7038574219,-0.0922241211,0.618347168,0.3372802734
37130387.0,2968.0,0.0,1.5,0.09375,-0.0078125,0
37137419.0,7032.0,1.0,0.7053833008,-0.0872802734,0.615234375,0.3410644531
37141387.0,3968.0,0.0,1.60546875,0.0078125,-0.2109375,0
37147419.0,6032.0,1.0,0.7068481445,-0.0820922852,0.612121582,0.3448486328
37150387.0,2968.0,0.0,1.671875,-0.046875,-0.34375,0
37156419.0,6032.0,1.0,0.708190918,-0.0770874023,0.6091308594,0.3485107422
37159387.0,2968.0,0.0,1.76953125,0.6328125,-0.54296875,0
37167419.0,8032.0,1.0,0.7096557617,-0.0718383789,0.6056518555,0.3527832031
37170387.0,2968.0,0.0,1.78515625,0.76953125,-0.68359375,0
37177419.0,7032.0,1.0,0.7109375,-0.0670166016,0.6020507813,0.3572387695
37180387.0,2968.0,0.0,1.84375,0.7109375,-0.73046875,0
37187419.0,7032.0,1.0,0.7121582031,-0.0622558594,0.5983276367,0.3618774414
37190387.0,2968.0,0.0,1.8984375,0.6171875,-0.79296875,0
37197419.0,7032.0,1.0,0.7133178711,-0.0577392578,0.5946655273,0.366394043
37200387.0,2968.0,0.0,2.32421875,0.76953125,-0.6953125,0
37207419.0,7032.0,1.0,0.7144775391,-0.0528564453,0.5905151367,0.3714599609
37210387.0,2968.0,0.0,2.5234375,0.62890625,-0.65234375,0
37217419.0,7032.0,1.0,0.715637207,-0.0481567383,0.5864257813,0.3764648438
37220387.0,2968.0,0.0,2.71484375,0.57421875,-0.78515625,0
37229419.0,9032.0,1.0,0.7166748047,-0.0434570312,0.5822753906,0.3813476563
37232387.0,2968.0,0.0,2.875,0.44921875,-0.80859375,0
37237419.0,5032.0,1.0,0.7177734375,-0.0384521484,0.5780029297,0.3862915039
37240387.0,2968.0,0.0,3.29296875,0.86328125,-0.91796875,0
37247419.0,7032.0,1.0,0.7189331055,-0.0331420898,0.5733032227,0.3916015625
37250387.0,2968.0,0.0,3.27734375,1.375,-0.98046875,0
37257419.0,7032.0,1.0,0.7199707031,-0.0284423828,0.5684814453,0.3970336914
37260387.0,2968.0,0.0,3.296875,1.86328125,-1.08984375,0
37267419.0,7032.0,1.0,0.7209472656,-0.0245361328,0.5631713867,0.403137207
37270387.0,2968.0,0.0,3.515625,1.77734375,-0.87109375,0
37277419.0,7032.0,1.0,0.721862793,-0.0214233398,0.5572509766,0.4097900391
37280387.0,2968.0,0.0,3.69140625,1.1796875,-0.65234375,0
37287419.0,7032.0,1.0,0.7227172852,-0.0186767578,0.5511474609,0.4166870117
37290387.0,2968.0,0.0,3.63671875,0.6484375,-0.5546875,0
37297419.0,7032.0,1.0,0.7235717773,-0.0156860352,0.5447998047,0.4235229492
37300387.0,2968.0,0.0,3.48828125,0.203125,-0.6484375,0
37307419.0,7032.0,1.0,0.7244262695,-0.0123291016,0.5387573242,0.4299316406
37310387.0,2968.0,0.0,3.08203125,0.0234375,-0.50390625,0
37317419.0,7032.0,1.0,0.7252197266,-0.0083618164,0.5327758789,0.4360961914
37320387.0,2968.0,0.0,2.88671875,0.26171875,-0.63671875,0
37327419.0,7032.0,1.0,0.7259521484,-0.0040283203,0.5269165039,0.4418945313
37330387.0,2968.0,0.0,2.6328125,0.48828125,-0.6328125,0
37337419.0,7032.0,1.0,0.7266845703,0.0003051758,0.5211791992,0.4476318359
37340387.0,2968.0,0.0,2.4765625,0.6171875,-0.48046875,0
37350419.0,10032.0,1.0,0.7272338867,0.0043334961,0.5155029297,0.4532470703
37353387.0,2968.0,0.0,4.23828125,3.765625,4.92578125,0
37357419.0,4032.0,1.0,0.7274780273,0.0072631836,0.5091552734,0.4598388672
37360387.0,2968.0,0.0,4.203125,7.01171875,18.015625,0
37367419.0,7032.0,1.0,0.7270507813,0.0076293945,0.5034179688,0.4667358398
37370387.0,2968.0,0.0,4.1015625,8.5625,21.078125,0
37377419.0,7032.0,1.0,0.725769043,0.0059204102,0.4984741211,0.4740600586
37380387.0,2968.0,0.0,1.7421875,8.015625,24.5,0
37386419.0,6032.0,1.0,0.7238769531,0.0042724609,0.4954223633,0.4801635742
37389387.0,2968.0,0.0,1.1484375,-3.0234375,3.40625,0
37397419.0,8032.0,1.0,0.721496582,0.005065918,0.4945068359,0.4846191406
37400387.0,2968.0,0.0,1.90625,-1.203125,3.34765625,0
37407419.0,7032.0,1.0,0.7189941406,0.0076904297,0.4951782227,0.4876098633
37410387.0,2968.0,0.0,2.7421875,2.63671875,4.234375,0
37417419.0,7032.0,1.0,0.7165527344,0.0100708008,0.4961547852,0.4901123047
37420387.0,2968.0,0.0,3.046875,4.2890625,4.2109375,0
37427419.0,7032.0,1.0,0.7141723633,0.0120239258,0.4971313477,0.4926147461
37430387.0,2968.0,0.0,2.28125,0.48046875,-3.12890625,0
37437419.0,7032.0,1.0,0.7119140625,0.0135498047,0.4978027344,0.4951782227
37440387.0,2968.0,0.0,3.28515625,0.234375,-3.42578125,0
37447419.0,7032.0,1.0,0.7097167969,0.0147094727,0.498046875,0.4979858398
37450387.0,2968.0,0.0,2.78515625,-0.2734375,-1.2421875,0
37457419.0,7032.0,1.0,0.7075805664,0.015625,0.4981079102,0.5009765625
37460387.0,2968.0,0.0,2.9765625,-1.19921875,0.93359375,0
37467419.0,7032.0,1.0,0.7053833008,0.0170898438,0.4984741211,0.5036621094
37470387.0,2968.0,0.0,2.828125,-1.046875,1.28515625,0
37477419.0,7032.0,1.0,0.7030029297,0.0191040039,0.4993286133,0.5060424805
37480387.0,2968.0,0.0,2.59765625,-0.65234375,1.5703125,0
37487419.0,7032.0,1.0,0.7005615234,0.0213012695,0.5004882813,0.5082397461
37490387.0,2968.0,0.0,2.3671875,-0.484375,2.390625,0
37497419.0,7032.0,1.0,0.6979980469,0.0233154297,0.5015869141,0.5104980469
37500387.0,2968.0,0.0,1.45703125,3.0234375,1.1484375,0
37507419.0,7032.0,1.0,0.6954956055,0.0250244141,0.5026855469,0.5128173828
37510387.0,2968.0,0.0,1.30078125,3.30859375,1.85546875,0
37517419.0,7032.0,1.0,0.6929321289,0.0263061523,0.5037231445,0.5151367188
37521387.0,3968.0,0.0,1.2421875,3.0390625,2.40625,0
37527419.0,6032.0,1.0,0.6904296875,0.0270996094,0.504699707,0.5175170898
37530387.0,2968.0,0.0,0.94140625,2.484375,1.9609375,0
37537419.0,7032.0,1.0,0.6881103516,0.0275878906,0.5056152344,0.5197143555
37540387.0,2968.0,0.0,0.18359375,0.30078125,2.27734375,0
37550419.0,10032.0,1.0,0.6856689453,0.0284423828,0.5069580078,0.5216064453
37553387.0,2968.0,0.0,0.7421875,-0.3515625,1.50390625,0
37557419.0,4032.0,1.0,0.6830444336,0.0302124023,0.5090942383,0.5228271484
37560387.0,2968.0,0.0,0.79296875,-0.55859375,0.578125,0
37567419.0,7032.0,1.0,0.6806640625,0.0327148437,0.5117797852,0.5232543945
37570387.0,2968.0,0.0,0.88671875,-0.3828125,-0.09765625,0
37577419.0,7032.0,1.0,0.6783447266,0.0355224609,0.5146484375,0.5231933594
37580387.0,2968.0,0.0,1.17578125,0.46484375,0.953125,0
37587419.0,7032.0,1.0,0.6760253906,0.0387573242,0.5178833008,0.5227050781
37590387.0,2968.0,0.0,1.19140625,1.09375,1.4453125,0
37597419.0,7032.0,1.0,0.6739501953,0.0422363281,0.5213623047,0.5217285156
37600387.0,2968.0,0.0,-0.2734375,1.6640625,3.8828125,0
37607419.0,7032.0,1.0,0.6719970703,0.0455932617,0.5247192383,0.5205688477
37610387.0,2968.0,0.0,0.36328125,2.0625,2.52734375,0
37617419.0,7032.0,1.0,0.6701660156,0.0474243164,0.5270996094,0.5203857422
37620387.0,2968.0,0.0,1.46484375,4.3515625,1.2421875,0
37627419.0,7032.0,1.0,0.6685791016,0.0465087891,0.5275878906,0.5219726563
37630387.0,2968.0,0.0,1.52734375,4.8828125,1.12890625,0
37637419.0,7032.0,1.0,0.667175293,0.04296875,0.5263671875,0.5253295898
37640387.0,2968.0,0.0,0.9921875,4.55859375,1.125,0
37647419.0,7032.0,1.0,0.6658935547,0.0374755859,0.5237426758,0.5299682617
37650387.0,2968.0,0.0,1.44921875,3.2265625,0.52734375,0
37657419.0,7032.0,1.0,0.6646728516,0.0305786133,0.5201416016,0.5354614258
37660387.0,2968.0,0.0,1.44921875,2.38671875,0.25,0
37667419.0,7032.0,1.0,0.6634521484,0.0229492187,0.5159912109,0.5413818359
37670387.0,2968.0,0.0,0.9296875,0.96875,0.72265625,0
37678419.0,8032.0,1.0,0.6622314453,0.0158081055,0.5119628906,0.546875
37681387.0,2968.0,0.0,0.203125,0.234375,0.484375,0
37687419.0,6032.0,1.0,0.6610717773,0.009765625,0.5087280273,0.5514526367
37690387.0,2968.0,0.0,0.5078125,-1.2734375,0.51953125,0
37697419.0,7032.0,1.0,0.6599121094,0.0051879883,0.5064697266,0.5549316406
37700387.0,2968.0,0.0,0.32421875,-1.67578125,0.86328125,0
37707419.0,7032.0,1.0,0.6588745117,0.0020751953,0.5054321289,0.5571899414
37710387.0,2968.0,0.0,0.1015625,-1.38671875,0.56640625,0
37717419.0,7032.0,1.0,0.6578369141,-6.10352e-05,0.5053100586,0.5584716797
37720387.0,2968.0,0.0,-0.46484375,-0.609375,0.44140625,0
37727419.0,7032.0,1.0,0.657043457,-0.0014648437,0.5057983398,0.5590209961
37730387.0,2968.0,0.0,-0.83984375,-0.3671875,0.17578125,0
37737419.0,7032.0,1.0,0.65625,-0.0026855469,0.506652832,0.5591430664
37740387.0,2968.0,0.0,-0.5546875,-0.13671875,0.0078125,0
37747419.0,7032.0,1.0,0.6555175781,-0.0038452148,0.5077514648,0.5589599609
37750387.0,2968.0,0.0,-0.77734375,0.20703125,0.4375,0
37757419.0,7032.0,1.0,0.6549682617,-0.0049438477,0.5088500977,0.5586547852
37760387.0,2968.0,0.0,-0.83203125,-0.7421875,0.61328125,0
37767419.0,7032.0,1.0,0.6545410156,-0.005859375,0.5101318359,0.5579223633
37770387.0,2968.0,0.0,-0.73828125,-1.73828125,0.4375,0
37777419.0,7032.0,1.0,0.6542358398,-0.0063476562,0.5119628906,0.556640625
37780387.0,2968.0,0.0,-0.70703125,-0.81640625,0.31640625,0
37787419.0,7032.0,1.0,0.6541137695,-0.0069580078,0.513671875,0.5552368164
37790387.0,2968.0,0.0,-0.64453125,0.53125,0.0,0
37797419.0,7032.0,1.0,0.6540527344,-0.0085449219,0.5145874023,0.5543212891
37800387.0,2968.0,0.0,-0.0859375,1.54296875,0.1328125,0
37807419.0,7032.0,1.0,0.6541748047,-0.0115966797,0.514465332,0.5543212891
37810387.0,2968.0,0.0,-0.12890625,1.62109375,0.27734375,0
37817419.0,7032.0,1.0,0.6543579102,-0.0159301758,0.5133666992,0.5549926758
37820387.0,2968.0,0.0,-0.26171875,1.0234375,0.33203125,0
37827419.0,7032.0,1.0,0.6546630859,-0.0209350586,0.5116577148,0.5560302734
37830387.0,2968.0,0.0,-0.18359375,0.2109375,0.22265625,0
37837419.0,7032.0,1.0,0.655090332,-0.0259399414,0.5098876953,0.5569458008
37840387.0,2968.0,0.0,0.19921875,-1.625,0.6796875,0
37847419.0,7032.0,1.0,0.6556396484,-0.030456543,0.5084228516,0.557434082
37850387.0,2968.0,0.0,0.26953125,-1.984375,1.00390625,0
37857419.0,7032.0,1.0,0.6563110352,-0.034362793,0.5073852539,0.5573730469
37861387.0,3968.0,0.0,0.41796875,-1.84375,1.28515625,0
37867419.0,6032.0,1.0,0.6571044922,-0.0377197266,0.5067749023,0.5567016602
37870387.0,2968.0,0.0,0.4921875,-1.3671875,1.26953125,0
37877419.0,7032.0,1.0,0.6580200195,-0.0406494141,0.5064697266,0.5557250977
37880387.0,2968.0,0.0,-0.0859375,-1.08984375,0.58984375,0
37893419.0,13032.0,1.0,0.658996582,-0.0432128906,0.5062866211,0.5545654297
37898419.0,5000.0,1.0,0.6600952148,-0.0461425781,0.5059814453,0.5532226563
37900387.0,1968.0,0.0,-0.0546875,-0.38671875,0.45703125,0
37907419.0,7032.0,1.0,0.6612548828,-0.0493164062,0.5053100586,0.5522460938
37910387.0,2968.0,0.0,0.21484375,0.0625,0.25,0
37917419.0,7032.0,1.0,0.6622924805,-0.0528564453,0.5041503906,0.5516967773
37920387.0,2968.0,0.0,1.078125,0.0859375,0.97265625,0
37927419.0,7032.0,1.0,0.6635131836,-0.0570068359,0.5025634766,0.5512695313
37930387.0,2968.0,0.0,1.1875,-0.6796875,0.86328125,0
37937419.0,7032.0,1.0,0.6646728516,-0.0606079102,0.5012817383,0.5506591797
37940387.0,2968.0,0.0,1.2265625,-1.23046875,0.6484375,0
37947419.0,7032.0,1.0,0.666015625,-0.0635986328,0.5003051758,0.549621582
37950387.0,2968.0,0.0,1.44140625,-1.47265625,0.74609375,0
37958419.0,8032.0,1.0,0.6674194336,-0.0661621094,0.4996337891,0.5482177734
37961387.0,2968.0,0.0,1.89453125,-0.69140625,1.62109375,0
37967419.0,6032.0,1.0,0.668762207,-0.068359375,0.4990844727,0.5468139648
37970387.0,2968.0,0.0,1.88671875,-0.60546875,1.64453125,0
37977419.0,7032.0,1.0,0.6701660156,-0.0704956055,0.4986572266,0.5451660156
37981387.0,3968.0,0.0,1.671875,-1.1328125,1.6796875,0
37987419.0,6032.0,1.0,0.6715698242,-0.0723266602,0.4984130859,0.5434570313
37990387.0,2968.0,0.0,1.62890625,-1.5,1.71875,0
37997419.0,7032.0,1.0,0.6729736328,-0.0740356445,0.4982910156,0.5415649414
38000387.0,2968.0,0.0,2.1171875,-0.359375,2.01953125,0
38007419.0,7032.0,1.0,0.6743164063,-0.0758666992,0.4981689453,0.5397949219
38010387.0,2968.0,0.0,2.5546875,-0.1953125,1.52734375,0
38018419.0,8032.0,1.0,0.6756591797,-0.0780639648,0.4977416992,0.5382080078
38021387.0,2968.0,0.0,2.546875,-0.296875,1.16796875,0
38027419.0,6032.0,1.0,0.676940918,-0.0804443359,0.4971923828,0.5368041992
38030387.0,2968.0,0.0,1.84375,-1.28125,0.8984375,0
38037419.0,7032.0,1.0,0.6782226563,-0.0829467773,0.4965820313,0.5352783203
38040387.0,2968.0,0.0,1.59765625,-1.19140625,0.77734375,0
38047419.0,7032.0,1.0,0.6795043945,-0.0856933594,0.4958496094,0.5338745117
38050387.0,2968.0,0.0,1.32421875,-1.203125,0.64453125,0
38058419.0,8032.0,1.0,0.6807250977,-0.0887451172,0.4950561523,0.5326538086
38061387.0,2968.0,0.0,1.38671875,-1.41015625,0.37890625,0
38067419.0,6032.0,1.0,0.6818237305,-0.0920410156,0.4942016602,0.5314331055
38070387.0,2968.0,0.0,1.9921875,-2.6484375,0.24609375,0
38077419.0,7032.0,1.0,0.6829223633,-0.0953979492,0.4935302734,0.530090332
38080387.0,2968.0,0.0,2.16796875,-2.84765625,0.46875,0
38087419.0,7032.0,1.0,0.6838989258,-0.0985107422,0.4932250977,0.528503418
38090387.0,2968.0,0.0,2.3984375,-2.79296875,1.359375,0
38098419.0,8032.0,1.0,0.6848144531,-0.1013793945,0.4932250977,0.5267944336
38101387.0,2968.0,0.0,2.5078125,-2.38671875,1.48046875,0
38107419.0,6032.0,1.0,0.685546875,-0.1042480469,0.4934082031,0.5250854492
38110387.0,2968.0,0.0,2.765625,-2.4140625,1.10546875,0
38117419.0,7032.0,1.0,0.6860961914,-0.1076049805,0.4937133789,0.5233764648
38120387.0,2968.0,0.0,2.8828125,-3.1484375,1.0078125,0
38127419.0,7032.0,1.0,0.6865234375,-0.1110229492,0.4942626953,0.5216674805
38130387.0,2968.0,0.0,2.8828125,-3.515625,0.609375,0
38138419.0,8032.0,1.0,0.6867675781,-0.1142578125,0.4951171875,0.5197753906
38141387.0,2968.0,0.0,3.0,-3.5390625,0.09765625,0
38148419.0,7032.0,1.0,0.6868286133,-0.1175537109,0.4963378906,0.5177612305
38151387.0,2968.0,0.0,3.91796875,-3.30078125,-1.08984375,0
38157419.0,6032.0,1.0,0.6867675781,-0.1206665039,0.4978637695,0.5156860352
38160387.0,2968.0,0.0,4.00390625,-3.4375,-0.74609375,0
38167419.0,7032.0,1.0,0.6865234375,-0.1237182617,0.4998779297,0.5133056641
38170387.0,2968.0,0.0,4.16015625,-3.65625,-0.5078125,0
38178419.0,8032.0,1.0,0.6860961914,-0.1265258789,0.5026245117,0.5104980469
38181387.0,2968.0,0.0,4.21484375,-3.46484375,-0.29296875,0
38191419.0,10032.0,1.0,0.6853637695,-0.1290893555,0.5057983398,0.5076293945
38194387.0,2968.0,0.0,3.80078125,-1.10546875,-1.41015625,0
38198419.0,4032.0,1.0,0.6841430664,-0.1326293945,0.5093383789,0.5049438477
38201387.0,2968.0,0.0,3.359375,1.0390625,-2.09765625,0
38208419.0,7032.0,1.0,0.6821899414,-0.1376342773,0.5126342773,0.5029296875
38211387.0,2968.0,0.0,2.8515625,0.98046875,-2.77734375,0
38217419.0,6032.0,1.0,0.6798095703,-0.1432495117,0.515625,0.5014038086
38220387.0,2968.0,0.0,0.35546875,0.03125,-3.984375,0
38227419.0,7032.0,1.0,0.6773071289,-0.1489868164,0.5185546875,0.5001831055
38230387.0,2968.0,0.0,-0.8125,0.890625,-5.24609375,0
38237419.0,7032.0,1.0,0.6745605469,-0.1552734375,0.5211181641,0.4992675781
38241387.0,3968.0,0.0,-2.0859375,1.98828125,-5.96484375,0
38248419.0,7032.0,1.0,0.6715698242,-0.1623535156,0.5231933594,0.4989013672
38251387.0,2968.0,0.0,-3.41015625,1.22265625,-5.91796875,0
38257419.0,6032.0,1.0,0.6685180664,-0.1699829102,0.5247802734,0.4987792969
38260387.0,2968.0,0.0,-3.5703125,0.95703125,-4.078125,0
38267419.0,7032.0,1.0,0.6652832031,-0.1779174805,0.5262451172,0.498840332
38270387.0,2968.0,0.0,-2.5546875,-0.66015625,-1.08984375,0
38277419.0,7032.0,1.0,0.6617431641,-0.1859741211,0.5279541016,0.4987792969
38280387.0,2968.0,0.0,-1.34375,-2.41015625,-0.3515625,0
38287419.0,7032.0,1.0,0.6578979492,-0.1937255859,0.5301513672,0.4985351563
38290387.0,2968.0,0.0,-0.01953125,-2.91796875,0.70703125,0
38297419.0,7032.0,1.0,0.6539306641,-0.2008666992,0.5328979492,0.498046875
38300387.0,2968.0,0.0,1.30859375,-5.390625,2.11328125,0
38307419.0,7032.0,1.0,0.649230957,-0.2080688477,0.5365600586,0.4973144531
38310387.0,2968.0,0.0,1.9453125,-3.45703125,-1.7109375,0
38317419.0,7032.0,1.0,0.6446533203,-0.2139892578,0.5409545898,0.4959716797
38321387.0,3968.0,0.0,1.6953125,-3.04296875,-1.18359375,0
38327419.0,6032.0,1.0,0.6404418945,-0.2185058594,0.5457763672,0.4942016602
38330387.0,2968.0,0.0,1.14453125,-1.3828125,-5.2265625,0
38338419.0,8032.0,1.0,0.6361694336,-0.2225952148,0.5512695313,0.4918212891
38341387.0,2968.0,0.0,0.65234375,-0.1484375,-6.18359375,0
38347419.0,6032.0,1.0,0.6317749023,-0.2264404297,0.5571289063,0.489074707
38350387.0,2968.0,0.0,-1.20703125,-1.21875,-6.1875,0
38357419.0,7032.0,1.0,0.6273803711,-0.2302856445,0.5628051758,0.4863891602
38360387.0,2968.0,0.0,-3.53515625,-1.01953125,-5.53515625,0
38368419.0,8032.0,1.0,0.6229858398,-0.2340087891,0.5682983398,0.4838256836
38371387.0,2968.0,0.0,-5.83203125,-0.7890625,-5.60546875,0
38378419.0,7032.0,1.0,0.6185302734,-0.2376708984,0.5737304688,0.4813842773
38381387.0,2968.0,0.0,-8.4765625,0.40625,-5.765625,0
38387419.0,6032.0,1.0,0.6141967773,-0.2410888672,0.5788574219,0.4791870117
38390387.0,2968.0,0.0,-8.015625,0.3671875,-5.35546875,0
38398419.0,8032.0,1.0,0.6096191406,-0.2445678711,0.5838012695,0.4771728516
38401387.0,2968.0,0.0,-7.40234375,-0.27734375,-4.7109375,0
38408419.0,7032.0,1.0,0.6049194336,-0.248046875,0.5885620117,0.4755859375
38411387.0,2968.0,0.0,-5.453125,-1.5859375,-4.22265625,0
38417419.0,6032.0,1.0,0.5999145508,-0.2514038086,0.5934448242,0.4739990234
38420387.0,2968.0,0.0,-4.359375,-0.75390625,-4.7734375,0
38427419.0,7032.0,1.0,0.5950927734,-0.2540283203,0.5986328125,0.4721679688
38430387.0,2968.0,0.0,-5.17578125,0.57421875,-6.6953125,0
38438419.0,8032.0,1.0,0.590637207,-0.255859375,0.6040039063,0.4699707031
38441387.0,2968.0,0.0,-5.99609375,0.55078125,-8.73046875,0
38453419.0,12032.0,1.0,0.5868530273,-0.2568969727,0.6091308594,0.4674682617
38458387.0,4968.0,0.0,-6.01953125,3.55078125,-9.3984375,0
38461419.0,3032.0,1.0,0.5833740234,-0.2576904297,0.6143188477,0.4646606445
38464387.0,2968.0,0.0,-6.00390625,3.53515625,-9.265625,0
38468419.0,4032.0,1.0,0.5798950195,-0.2588500977,0.6193847656,0.4616088867
38471387.0,2968.0,0.0,-4.9140625,3.09765625,-6.17578125,0
38478419.0,7032.0,1.0,0.5767211914,-0.2606201172,0.6232299805,0.4594116211
38481387.0,2968.0,0.0,-5.62890625,4.1328125,-5.484375,0
38487419.0,6032.0,1.0,0.5733642578,-0.2631225586,0.6262817383,0.4580078125
38490387.0,2968.0,0.0,-6.453125,2.87109375,-5.84375,0
38497419.0,7032.0,1.0,0.5697021484,-0.2662353516,0.6289672852,0.4570922852
38500387.0,2968.0,0.0,-6.62890625,0.72265625,-5.88671875,0
38508419.0,8032.0,1.0,0.5661010742,-0.2691650391,0.6314697266,0.4564819336
38511387.0,2968.0,0.0,-5.51171875,0.88671875,-4.0703125,0
38518419.0,7032.0,1.0,0.5625,-0.2716064453,0.6341552734,0.4556884766
38521387.0,2968.0,0.0,-4.62109375,0.76171875,-2.4375,0
38528419.0,7032.0,1.0,0.5588378906,-0.2734375,0.6374511719,0.4544677734
38531387.0,2968.0,0.0,-3.92578125,-0.59375,-3.015625,0
38538419.0,7032.0,1.0,0.5557250977,-0.2741088867,0.6412963867,0.4525146484
38541387.0,2968.0,0.0,-4.4921875,-1.078125,-3.17578125,0
38548419.0,7032.0,1.0,0.5527954102,-0.2740478516,0.6456298828,0.4499511719
38551387.0,2968.0,0.0,-3.6796875,1.0546875,-5.2421875,0
38558419.0,7032.0,1.0,0.5502319336,-0.2736206055,0.6497802734,0.4474487305
38561387.0,2968.0,0.0,-3.71875,1.796875,-5.90625,0
38568419.0,7032.0,1.0,0.5477294922,-0.2733154297,0.653503418,0.4452514648
38571387.0,2968.0,0.0,-2.1875,0.24609375,-7.05859375,0
38578419.0,7032.0,1.0,0.5450439453,-0.2734375,0.6567993164,0.4436035156
38582387.0,3968.0,0.0,-2.33984375,1.2578125,-5.25,0
38588419.0,6032.0,1.0,0.5419921875,-0.2739257813,0.6598510742,0.4425048828
38591387.0,2968.0,0.0,-2.1796875,-0.82421875,-2.70703125,0
38598419.0,7032.0,1.0,0.5386352539,-0.274597168,0.6627197266,0.4418945313
38601387.0,2968.0,0.0,-1.765625,-2.234375,0.109375,0
38608419.0,7032.0,1.0,0.53515625,-0.2750244141,0.6656494141,0.44140625
38611387.0,2968.0,0.0,-2.1953125,-4.22265625,0.5,0
38618419.0,7032.0,1.0,0.5318603516,-0.2746582031,0.6690673828,0.4405517578
38622387.0,3968.0,0.0,-1.6640625,-4.48828125,-0.5078125,0
38628419.0,6032.0,1.0,0.5288696289,-0.2733764648,0.6729125977,0.4390258789
38631387.0,2968.0,0.0,-0.9140625,-3.76171875,-1.5625,0
38641419.0,10032.0,1.0,0.5260620117,-0.271484375,0.6771850586,0.4370117188
38644387.0,2968.0,0.0,-0.38671875,-0.77734375,-2.50390625,0
38648419.0,4032.0,1.0,0.5230712891,-0.2693481445,0.6818237305,0.434753418
38651387.0,2968.0,0.0,-0.10546875,-0.2109375,-0.671875,0
38658419.0,7032.0,1.0,0.5201416016,-0.2679443359,0.6856689453,0.4330444336
38661387.0,2968.0,0.0,-0.33984375,-0.28515625,0.42578125,0
38668419.0,7032.0,1.0,0.516784668,-0.2670898438,0.6893310547,0.4317626953
38671387.0,2968.0,0.0,-1.5078125,-0.546875,0.44921875,0
38677419.0,6032.0,1.0,0.5134887695,-0.2667236328,0.6924438477,0.4309082031
38680387.0,2968.0,0.0,-1.0234375,-1.125,0.3359375,0
38688419.0,8032.0,1.0,0.5099487305,-0.2664794922,0.6957397461,0.4300537109
38691387.0,2968.0,0.0,-0.2421875,-1.5,-0.7109375,0
38698419.0,7032.0,1.0,0.5067138672,-0.2663574219,0.6987304688,0.4290161133
38701387.0,2968.0,0.0,0.62109375,-0.6875,-2.30859375,0
38708419.0,7032.0,1.0,0.5036010742,-0.2664794922,0.7015380859,0.4279785156
38711387.0,2968.0,0.0,0.8828125,0.0546875,-2.98828125,0
38718419.0,7032.0,1.0,0.5006103516,-0.2669677734,0.7042236328,0.4268798828
38721387.0,2968.0,0.0,1.328125,0.23828125,-1.48828125,0
38728419.0,7032.0,1.0,0.4976806641,-0.2678833008,0.7065429688,0.4259033203
38731387.0,2968.0,0.0,0.8203125,1.37109375,-0.48828125,0
38738419.0,7032.0,1.0,0.4945678711,-0.2694702148,0.7084960938,0.4252319336
38741387.0,2968.0,0.0,0.921875,2.1015625,0.25,0
38748419.0,7032.0,1.0,0.4913330078,-0.2716674805,0.7100219727,0.4250488281
38751387.0,2968.0,0.0,1.06640625,2.3984375,0.84765625,0
38758419.0,7032.0,1.0,0.4879150391,-0.2742919922,0.7112426758,0.4252319336
38761387.0,2968.0,0.0,1.51171875,0.7890625,0.65625,0
38768419.0,7032.0,1.0,0.4844970703,-0.2769165039,0.7124023438,0.4254760742
38771387.0,2968.0,0.0,1.3125,-0.0625,0.53515625,0
38778419.0,7032.0,1.0,0.4809570313,-0.2794189453,0.7137451172,0.4256591797
38781387.0,2968.0,0.0,0.7265625,0.3828125,-0.23828125,0
38788419.0,7032.0,1.0,0.4774780273,-0.2816162109,0.7151489258,0.4257202148
38791387.0,2968.0,0.0,0.59765625,-0.23046875,-0.47265625,0
38798419.0,7032.0,1.0,0.4739379883,-0.2834472656,0.716796875,0.4257202148
38801387.0,2968.0,0.0,0.765625,0.20703125,1.16796875,0
38808419.0,7032.0,1.0,0.4702758789,-0.2849731445,0.7186889648,0.4255981445
38811387.0,2968.0,0.0,0.98046875,-0.57421875,1.96484375,0
38818419.0,7032.0,1.0,0.4666137695,-0.2860107422,0.7208251953,0.4252929688
38821387.0,2968.0,0.0,0.3828125,-1.2890625,2.234375,0
38828419.0,7032.0,1.0,0.4628295898,-0.2867431641,0.7232055664,0.4248657227
38831387.0,2968.0,0.0,-0.484375,-2.046875,2.4375,0
38838419.0,7032.0,1.0,0.4588012695,-0.2873535156,0.725769043,0.4244995117
38841387.0,2968.0,0.0,0.01171875,-2.4921875,2.1328125,0
38851419.0,10032.0,1.0,0.4547119141,-0.2879638672,0.7282104492,0.4243164063
38854387.0,2968.0,0.0,0.37109375,-1.99609375,1.55859375,0
38861419.0,7032.0,1.0,0.4497680664,-0.2886962891,0.7307128906,0.4246826172
38864387.0,2968.0,0.0,0.11328125,-1.92578125,0.38671875,0
38868419.0,4032.0,1.0,0.4448852539,-0.2893676758,0.7330322266,0.4254760742
38871387.0,2968.0,0.0,-1.16015625,-1.8984375,-0.95703125,0
38878419.0,7032.0,1.0,0.4400024414,-0.2899169922,0.7351074219,0.426574707
38881387.0,2968.0,0.0,-1.66015625,-0.87890625,-0.46875,0
38888419.0,7032.0,1.0,0.4348144531,-0.2902832031,0.7371826172,0.4280395508
38891387.0,2968.0,0.0,-2.234375,-0.25390625,0.40625,0
38898419.0,7032.0,1.0,0.4295654297,-0.2903442383,0.7393798828,0.4295043945
38901387.0,2968.0,0.0,-2.703125,-0.31640625,1.78125,0
38908419.0,7032.0,1.0,0.4240112305,-0.2901000977,0.7420043945,0.4307250977
38911387.0,2968.0,0.0,-2.796875,-2.38671875,4.15625,0
38918419.0,7032.0,1.0,0.4187011719,-0.2892456055,0.744934082,0.4313964844
38921387.0,2968.0,0.0,-4.0703125,-1.14453125,3.8515625,0
38928419.0,7032.0,1.0,0.4133300781,-0.2876586914,0.7484130859,0.4315795898
38931387.0,2968.0,0.0,-4.7734375,-0.609375,2.828125,0
38938419.0,7032.0,1.0,0.408203125,-0.2852783203,0.7521362305,0.4315795898
38941387.0,2968.0,0.0,-5.15234375,-0.60546875,1.83203125,0
38948419.0,7032.0,1.0,0.403137207,-0.2823486328,0.7561035156,0.4313964844
38951387.0,2968.0,0.0,-5.94140625,-1.44921875,0.04296875,0
38958419.0,7032.0,1.0,0.3980102539,-0.2788696289,0.7601928711,0.4312133789
38961387.0,2968.0,0.0,-7.5078125,-1.2265625,0.203125,0
38968419.0,7032.0,1.0,0.3926391602,-0.2747802734,0.764465332,0.4311523438
38971387.0,2968.0,0.0,-9.109375,-0.27734375,0.21484375,0
38978419.0,7032.0,1.0,0.3870849609,-0.2699584961,0.7689819336,0.4312133789
38981387.0,2968.0,0.0,-11.83984375,-0.84765625,2.17578125,0
38988419.0,7032.0,1.0,0.3813476563,-0.2638549805,0.7740478516,0.4310302734
38991387.0,2968.0,0.0,-12.921875,-0.3046875,2.26171875,0
38998419.0,7032.0,1.0,0.3758544922,-0.2559204102,0.7799682617,0.4299316406
39002387.0,3968.0,0.0,-14.24609375,-0.30859375,1.828125,0
39009419.0,7032.0,1.0,0.3709106445,-0.2459106445,0.7869262695,0.4274291992
39012387.0,2968.0,0.0,-15.12109375,0.1875,0.98046875,0
39022419.0,10032.0,1.0,0.366394043,-0.2330932617,0.7951660156,0.4232788086
39025387.0,2968.0,0.0,-16.8125,6.90234375,-0.91796875,0
39029419.0,4032.0,1.0,0.362121582,-0.2171630859,0.8044433594,0.4178466797
39032387.0,2968.0,0.0,-16.875,10.80078125,-3.26171875,0
39038419.0,6032.0,1.0,0.358215332,-0.2001953125,0.8129882813,0.4131469727
39041387.0,2968.0,0.0,-15.7421875,15.34375,-5.08203125,0
39048419.0,7032.0,1.0,0.3538818359,-0.1821899414,0.8200683594,0.4111328125
39051387.0,2968.0,0.0,-13.6796875,17.9375,-6.7578125,0
39058419.0,7032.0,1.0,0.3490600586,-0.1657104492,0.8238525391,0.4147338867
39061387.0,2968.0,0.0,-9.0,24.0234375,-9.0390625,0
39068419.0,7032.0,1.0,0.3424072266,-0.1497192383,0.823059082,0.427734375
39071387.0,2968.0,0.0,-5.88671875,25.984375,-7.89453125,0
39078419.0,7032.0,1.0,0.3345947266,-0.1379394531,0.8166503906,0.4495849609
39081387.0,2968.0,0.0,-3.078125,23.1953125,-5.125,0
39090419.0,9032.0,1.0,0.3271484375,-0.1257324219,0.8102416992,0.4697875977
39093387.0,2968.0,0.0,-2.12109375,-5.44921875,-2.43359375,0
39100419.0,7032.0,1.0,0.3220214844,-0.1098632813,0.8065185547,0.4834594727
39103387.0,2968.0,0.0,-1.4140625,32.30859375,-1.15625,0
39108419.0,5032.0,1.0,0.3195800781,-0.0973510742,0.7943115234,0.5073852539
39111387.0,2968.0,0.0,11.828125,50.25,-13.0390625,0
39118419.0,7032.0,1.0,0.3211669922,-0.0922851563,0.7673339844,0.5472412109
39121387.0,2968.0,0.0,10.80859375,21.8515625,-18.28125,0
39130419.0,9032.0,1.0,0.3283081055,-0.0897827148,0.7369384766,0.5840454102
39133387.0,2968.0,0.0,12.33984375,-10.84765625,-22.62890625,0
39140419.0,7032.0,1.0,0.3411865234,-0.0864868164,0.7076416016,0.6126708984
39143387.0,2968.0,0.0,9.75,-9.7890625,-8.484375,0
39148419.0,5032.0,1.0,0.3576660156,-0.0855102539,0.6777954102,0.6366577148
39151387.0,2968.0,0.0,8.5859375,-8.49609375,-4.44140625,0
39158419.0,7032.0,1.0,0.3768310547,-0.0892333984,0.6443481445,0.6594238281
39161387.0,2968.0,0.0,10.53515625,-17.2578125,-3.23828125,0
39170419.0,9032.0,1.0,0.397277832,-0.0955200195,0.6125488281,0.6766357422
39173387.0,2968.0,0.0,13.15625,-28.8984375,-3.58203125,0
39180419.0,7032.0,1.0,0.4203491211,-0.1022949219,0.5835571289,0.6872558594
39183387.0,2968.0,0.0,15.23046875,-29.54296875,1.765625,0
39188419.0,5032.0,1.0,0.4455566406,-0.109375,0.557800293,0.6916503906
39191387.0,2968.0,0.0,16.93359375,-25.0,3.12109375,0
39198419.0,7032.0,1.0,0.4688110352,-0.1162719727,0.5373535156,0.6912841797
39201387.0,2968.0,0.0,17.75,-21.8046875,3.88671875,0
39208419.0,7032.0,1.0,0.4919433594,-0.123840332,0.5192260742,0.6878051758
39211387.0,2968.0,0.0,16.00390625,-16.71484375,3.41796875,0
39218419.0,7032.0,1.0,0.5139770508,-0.1315307617,0.5039672852,0.6815795898
39221387.0,2968.0,0.0,14.74609375,-13.7890625,1.60546875,0
39231419.0,10032.0,1.0,0.5339355469,-0.1383056641,0.4921875,0.6734619141
39234387.0,2968.0,0.0,12.77734375,-11.0859375,0.52734375,0
39241419.0,7032.0,1.0,0.553527832,-0.1447143555,0.482421875,0.663269043
39244387.0,2968.0,0.0,11.00390625,-7.4296875,0.2890625,0
39249419.0,5032.0,1.0,0.5702514648,-0.1504516602,0.4748535156,0.6532592773
39252387.0,2968.0,0.0,11.07421875,-3.6796875,1.20703125,0
39258419.0,6032.0,1.0,0.5852661133,-0.1563720703,0.4680786133,0.643371582
39261387.0,2968.0,0.0,12.2109375,-3.34375,1.65625,0
39268419.0,7032.0,1.0,0.5983276367,-0.1624145508,0.4619140625,0.6342773438
39271387.0,2968.0,0.0,12.7265625,-4.74609375,2.265625,0
39278419.0,7032.0,1.0,0.6095581055,-0.1683349609,0.4566040039,0.625793457
39281387.0,2968.0,0.0,12.14453125,-7.21875,2.6953125,0
39293419.0,12032.0,1.0,0.6192016602,-0.1732788086,0.4528808594,0.6176147461
39297387.0,3968.0,0.0,8.796875,-8.33984375,2.9609375,0
39300419.0,3032.0,1.0,0.6278076172,-0.1771850586,0.4508666992,0.6092529297
39303387.0,2968.0,0.0,8.859375,-8.16015625,2.953125,0
39308419.0,5032.0,1.0,0.6358032227,-0.180480957,0.4502563477,0.6003417969
39311387.0,2968.0,0.0,7.66015625,-6.77734375,2.6171875,0
39318419.0,7032.0,1.0,0.6420898438,-0.1828613281,0.4509887695,0.5923461914
39321387.0,2968.0,0.0,6.71875,-5.92578125,1.9140625,0
39328419.0,7032.0,1.0,0.647644043,-0.1848144531,0.4527587891,0.5843505859
39331387.0,2968.0,0.0,4.92578125,-2.796875,-0.0703125,0
39338419.0,7032.0,1.0,0.6521606445,-0.1865234375,0.4552001953,0.5768432617
39341387.0,2968.0,0.0,3.41015625,-1.04296875,-0.56640625,0
39348419.0,7032.0,1.0,0.6557006836,-0.1884155273,0.4579467773,0.5699462891
39351387.0,2968.0,0.0,2.046875,-0.6171875,-1.00390625,0
39358419.0,7032.0,1.0,0.6583251953,-0.1904907227,0.4608764648,0.5638427734
39361387.0,2968.0,0.0,1.06640625,-0.01953125,-1.32421875,0
39368419.0,7032.0,1.0,0.6600952148,-0.192565918,0.464050293,0.5584106445
39371387.0,2968.0,0.0,0.953125,0.21875,-0.9453125,0
39378419.0,7032.0,1.0,0.661315918,-0.1942138672,0.467590332,0.5534057617
39382387.0,3968.0,0.0,1.26953125,0.171875,-1.03125,0
39389419.0,7032.0,1.0,0.662109375,-0.1951293945,0.4715576172,0.5487670898
39392387.0,2968.0,0.0,1.4296875,0.41796875,-1.36328125,0
39402419.0,10032.0,1.0,0.6625366211,-0.1956176758,0.4758300781,0.5444335938
39405387.0,2968.0,0.0,0.78125,2.1484375,-3.1640625,0
39409419.0,4032.0,1.0,0.6624145508,-0.1962280273,0.4801635742,0.5404663086
39412387.0,2968.0,0.0,0.19921875,1.8359375,-3.4296875,0
39418419.0,6032.0,1.0,0.6618041992,-0.1973876953,0.4841308594,0.5372924805
39421387.0,2968.0,0.0,-0.65234375,2.6484375,-4.140625,0
39428419.0,7032.0,1.0,0.6607055664,-0.1991577148,0.4876708984,0.5347900391
39431387.0,2968.0,0.0,-2.0703125,2.2734375,-4.1796875,0
39438419.0,7032.0,1.0,0.6593017578,-0.2014770508,0.4906616211,0.5328979492
39441387.0,2968.0,0.0,-4.91015625,1.515625,-3.5703125,0
39448419.0,7032.0,1.0,0.657409668,-0.2044677734,0.4937133789,0.53125
39451387.0,2968.0,0.0,-5.5625,1.33984375,-2.765625,0
39458419.0,7032.0,1.0,0.6553955078,-0.2075195313,0.4965820313,0.5299072266
39461387.0,2968.0,0.0,-5.8671875,0.58203125,-2.984375,0
39468419.0,7032.0,1.0,0.6530761719,-0.2105712891,0.4998168945,0.528503418
39471387.0,2968.0,0.0,-6.296875,-0.78125,-2.83203125,0
39478419.0,7032.0,1.0,0.6504516602,-0.2134399414,0.5036621094,0.5269775391
39481387.0,2968.0,0.0,-5.4453125,-4.3828125,-0.5078125,0
39488419.0,7032.0,1.0,0.6475830078,-0.2156982422,0.5081787109,0.5252075195
39491387.0,2968.0,0.0,-4.25390625,-5.85546875,0.67578125,0
39498419.0,7032.0,1.0,0.6443481445,-0.2172241211,0.5140380859,0.5228271484
39501387.0,2968.0,0.0,-2.9140625,-4.77734375,-0.00390625,0
39508419.0,7032.0,1.0,0.6411132813,-0.2178955078,0.5208129883,0.5198974609
39511387.0,2968.0,0.0,-1.14453125,-3.015625,-1.50390625,0
39518419.0,7032.0,1.0,0.6377563477,-0.2181396484,0.5281982422,0.516418457
39521387.0,2968.0,0.0,3.53125,-1.8359375,-3.34765625,0
39528419.0,7032.0,1.0,0.6343383789,-0.2183227539,0.5356445313,0.5128173828
39531387.0,2968.0,0.0,4.265625,-1.0078125,-4.109375,0
39538419.0,7032.0,1.0,0.6306762695,-0.2189941406,0.5430297852,0.5093383789
39541387.0,2968.0,0.0,3.578125,-0.2890625,-4.7890625,0
39550419.0,9032.0,1.0,0.6268310547,-0.2200927734,0.5498046875,0.5063476563
39553387.0,2968.0,0.0,1.6953125,0.29296875,-5.74609375,0
39560419.0,7032.0,1.0,0.6225585938,-0.2215576172,0.556640625,0.5034790039
39563387.0,2968.0,0.0,-2.55859375,0.796875,-5.01171875,0
39568419.0,5032.0,1.0,0.6181030273,-0.2227172852,0.5637207031,0.5005493164
39571387.0,2968.0,0.0,-3.51953125,-1.28125,-3.80859375,0
39579419.0,8032.0,1.0,0.6137084961,-0.2228393555,0.5711669922,0.4974365234
39582387.0,2968.0,0.0,-4.109375,-2.59765625,-3.18359375,0
39588419.0,6032.0,1.0,0.6094970703,-0.2218017578,0.579284668,0.4937133789
39591387.0,2968.0,0.0,-5.08203125,-0.859375,-4.8046875,0
39598419.0,7032.0,1.0,0.6050415039,-0.2201538086,0.5880737305,0.489440918
39601387.0,2968.0,0.0,-4.9921875,2.078125,-5.7265625,0
39608419.0,7032.0,1.0,0.600769043,-0.2189331055,0.5960693359,0.4855957031
39611387.0,2968.0,0.0,-3.671875,2.0625,-8.26953125,0
39618419.0,7032.0,1.0,0.596496582,-0.2182006836,0.6036376953,0.4818725586
39621387.0,2968.0,0.0,-2.546875,0.3984375,-7.328125,0
39628419.0,7032.0,1.0,0.5923461914,-0.217956543,0.6104125977,0.478515625
39631387.0,2968.0,0.0,-2.76953125,2.390625,-8.015625,0
39638419.0,7032.0,1.0,0.5880126953,-0.2182617188,0.6168823242,0.4754638672
39641387.0,2968.0,0.0,-3.328125,2.0,-7.77734375,0
39648419.0,7032.0,1.0,0.5838012695,-0.2188720703,0.6226196289,0.4728393555
39651387.0,2968.0,0.0,-4.35546875,2.3203125,-7.88671875,0
39659419.0,8032.0,1.0,0.5798339844,-0.219543457,0.6279296875,0.4704589844
39662387.0,2968.0,0.0,-4.4609375,2.25,-7.5234375,0
39674419.0,12032.0,1.0,0.5762329102,-0.219909668,0.6328125,0.4681396484
39679419.0,5000.0,1.0,0.5725097656,-0.2198486328,0.6381835938,0.4653930664
39681387.0,1968.0,0.0,-3.45703125,0.1953125,-4.30078125,0
39688419.0,7032.0,1.0,0.5689086914,-0.2194213867,0.6437988281,0.4623413086
39691387.0,2968.0,0.0,-3.58203125,0.51171875,-4.23828125,0
39699419.0,8032.0,1.0,0.5655517578,-0.2186889648,0.6492919922,0.4591064453
39702387.0,2968.0,0.0,-4.18359375,0.40234375,-4.2109375,0
39708419.0,6032.0,1.0,0.5623168945,-0.2177124023,0.6547241211,0.4557495117
39711387.0,2968.0,0.0,-4.73046875,1.90234375,-4.64453125,0
39718419.0,7032.0,1.0,0.5593261719,-0.2165527344,0.6600341797,0.452331543
39721387.0,2968.0,0.0,-3.85546875,1.34375,-4.17578125,0
39728419.0,7032.0,1.0,0.5564575195,-0.2153930664,0.6651000977,0.4489135742
39731387.0,2968.0,0.0,-2.5546875,2.31640625,-3.69921875,0
39738419.0,7032.0,1.0,0.553527832,-0.2145385742,0.6700439453,0.4456787109
39741387.0,2968.0,0.0,-0.80078125,0.0625,-3.57421875,0
39748419.0,7032.0,1.0,0.5505371094,-0.2138671875,0.6748046875,0.4424438477
39751387.0,2968.0,0.0,-1.296875,1.203125,-3.5546875,0
39758419.0,7032.0,1.0,0.5477294922,-0.2132568359,0.6793212891,0.4393310547
39761387.0,2968.0,0.0,-1.3046875,0.18359375,-3.27734375,0
39768419.0,7032.0,1.0,0.5448608398,-0.2127685547,0.6837768555,0.4362182617
39771387.0,2968.0,0.0,-1.12109375,-1.01171875,-2.05078125,0
39778419.0,7032.0,1.0,0.542175293,-0.2125244141,0.6879882813,0.4331665039
39781387.0,2968.0,0.0,-1.359375,0.97265625,-3.47265625,0
39788419.0,7032.0,1.0,0.5393676758,-0.2125244141,0.6920776367,0.4300537109
39791387.0,2968.0,0.0,-1.375,0.890625,-2.734375,0
39798419.0,7032.0,1.0,0.5366210938,-0.2127685547,0.6959228516,0.4271850586
39802387.0,3968.0,0.0,-1.05859375,-0.10546875,-2.42578125,0
39808419.0,6032.0,1.0,0.5338745117,-0.2131958008,0.6995239258,0.4244995117
39811387.0,2968.0,0.0,-0.69140625,-0.296875,-2.9296875,0
39818419.0,7032.0,1.0,0.5313110352,-0.213684082,0.7027587891,0.4221191406
39821387.0,2968.0,0.0,0.07421875,0.96484375,-2.94140625,0
39833419.0,12032.0,1.0,0.5286254883,-0.2144165039,0.7059936523,0.4197387695
39837387.0,3968.0,0.0,0.515625,2.078125,0.0234375,0
39840419.0,3032.0,1.0,0.5258789063,-0.2155761719,0.7089233398,0.4176025391
39843387.0,2968.0,0.0,0.36328125,0.97265625,1.62109375,0
39848419.0,5032.0,1.0,0.5227661133,-0.2173461914,0.7120361328,0.4154052734
39851387.0,2968.0,0.0,0.35546875,0.98046875,1.73046875,0
39859419.0,8032.0,1.0,0.5197143555,-0.2192993164,0.7149047852,0.4132080078
39862387.0,2968.0,0.0,-0.9140625,1.80078125,-0.26953125,0
39868419.0,6032.0,1.0,0.5168457031,-0.2212524414,0.7175292969,0.4111328125
39871387.0,2968.0,0.0,-1.0390625,1.359375,-2.08984375,0
39878419.0,7032.0,1.0,0.5142211914,-0.2231445313,0.7200317383,0.4091186523
39881387.0,2968.0,0.0,-0.9609375,2.5625,-3.7578125,0
39888419.0,7032.0,1.0,0.51171875,-0.2252197266,0.7222290039,0.4072265625
39891387.0,2968.0,0.0,-0.2890625,4.109375,-4.515625,0
39898419.0,7032.0,1.0,0.5092163086,-0.2276611328,0.7240600586,0.4057006836
39901387.0,2968.0,0.0,2.0859375,2.0625,-0.40625,0
39908419.0,7032.0,1.0,0.5063476563,-0.2305908203,0.725769043,0.4045410156
39911387.0,2968.0,0.0,1.50390625,1.62109375,0.58984375,0
39919419.0,8032.0,1.0,0.5031738281,-0.2340698242,0.727355957,0.4037475586
39922387.0,2968.0,0.0,0.578125,1.3671875,0.96875,0
39928419.0,6032.0,1.0,0.4997558594,-0.2377929688,0.7286376953,0.4034423828
39931387.0,2968.0,0.0,-0.65625,-0.45703125,0.671875,0
39938419.0,7032.0,1.0,0.4962768555,-0.241394043,0.7299194336,0.4033203125
39941387.0,2968.0,0.0,-0.93359375,-0.37109375,1.125,0
39948419.0,7032.0,1.0,0.4926757813,-0.2446289063,0.7313842773,0.403137207
39951387.0,2968.0,0.0,-0.2578125,-0.48828125,1.8515625,0
39959419.0,8032.0,1.0,0.4888916016,-0.2474365234,0.733215332,0.4027099609
39962387.0,2968.0,0.0,0.03125,-0.87109375,2.015625,0
39968419.0,6032.0,1.0,0.4851074219,-0.2496948242,0.7354125977,0.4018554688
39971387.0,2968.0,0.0,0.1640625,-0.5625,1.6875,0
39978419.0,7032.0,1.0,0.4810791016,-0.2514648438,0.7380371094,0.4006958008
39981387.0,2968.0,0.0,0.55078125,-1.1171875,1.328125,0
39988419.0,7032.0,1.0,0.4771728516,-0.2529296875,0.7407836914,0.3994750977
39991387.0,2968.0,0.0,0.7265625,-1.53515625,1.0390625,0
39999419.0,8032.0,1.0,0.4732666016,-0.2542114258,0.7435302734,0.3982543945
40002387.0,2968.0,0.0,1.07421875,-1.24609375,0.21484375,0
40008419.0,6032.0,1.0,0.4693603516,-0.2555541992,0.7460327148,0.3972167969
40011387.0,2968.0,0.0,2.3046875,-2.5625,1.6484375,0
40018419.0,7032.0,1.0,0.4650268555,-0.2573242188,0.7486572266,0.3963012695
40021387.0,2968.0,0.0,2.6171875,-2.5703125,1.97265625,0
40031419.0,10032.0,1.0,0.4606323242,-0.2593383789,0.7510375977,0.3955688477
40034387.0,2968.0,0.0,1.36328125,-1.28515625,1.3671875,0
40041419.0,7032.0,1.0,0.4560546875,-0.26171875,0.7531738281,0.3952026367
40044387.0,2968.0,0.0,-1.2734375,-1.33203125,-0.4140625,0
40048419.0,4032.0,1.0,0.4512329102,-0.2643432617,0.755065918,0.3953857422
40051387.0,2968.0,0.0,-1.92578125,-0.55078125,-1.01953125,0
40058419.0,7032.0,1.0,0.4462280273,-0.2670898438,0.7567749023,0.3960571289
40061387.0,2968.0,0.0,-2.46484375,0.15625,-1.4296875,0
40068419.0,7032.0,1.0,0.4413452148,-0.2696533203,0.7581787109,0.3970336914
40071387.0,2968.0,0.0,-2.12109375,-0.10546875,-1.0234375,0
40079419.0,8032.0,1.0,0.436340332,-0.2720947266,0.7595825195,0.3982543945
40082387.0,2968.0,0.0,-2.12109375,-0.328125,0.28125,0
40088419.0,6032.0,1.0,0.4312744141,-0.2742919922,0.7610473633,0.3994750977
40091387.0,2968.0,0.0,-3.76953125,-0.4921875,1.30078125,0
40098419.0,7032.0,1.0,0.4259643555,-0.2763061523,0.7626342773,0.4007568359
40101387.0,2968.0,0.0,-5.30078125,-0.30078125,1.10546875,0
40108419.0,7032.0,1.0,0.4207763672,-0.2778930664,0.7642211914,0.4020996094
40111387.0,2968.0,0.0,-7.109375,0.265625,0.67578125,0
40119419.0,8032.0,1.0,0.4154052734,-0.2790527344,0.7659912109,0.403503418
40122387.0,2968.0,0.0,-9.265625,-0.5546875,1.2734375,0
40128419.0,6032.0,1.0,0.41015625,-0.2795410156,0.7680053711,0.4047241211
40131387.0,2968.0,0.0,-10.19140625,-0.84765625,2.5234375,0
40138419.0,7032.0,1.0,0.4046630859,-0.2791748047,0.7705688477,0.4055786133
40141387.0,2968.0,0.0,-10.9140625,-0.2265625,3.17578125,0
40149419.0,8032.0,1.0,0.3991699219,-0.2775878906,0.7738647461,0.4058837891
40152387.0,2968.0,0.0,-11.62890625,-0.71875,4.6796875,0
40158419.0,6032.0,1.0,0.393737793,-0.2744140625,0.778137207,0.4052124023
40161387.0,2968.0,0.0,-12.53125,-0.953125,4.54296875,0
40168419.0,7032.0,1.0,0.3881835938,-0.2691650391,0.7836914063,0.4033203125
40171387.0,2968.0,0.0,-13.890625,-0.72265625,3.6875,0
40178419.0,7032.0,1.0,0.3831176758,-0.2617797852,0.7904052734,0.4000244141
40182387.0,3968.0,0.0,-15.32421875,-0.6484375,2.75,0
40189419.0,7032.0,1.0,0.3786010742,-0.251953125,0.7981567383,0.3952026367
40192387.0,2968.0,0.0,-16.66015625,1.265625,1.93359375,0
40198419.0,6032.0,1.0,0.3746337891,-0.2401733398,0.8063354492,0.3895874023
40201387.0,2968.0,0.0,-16.37109375,9.39453125,-0.45703125,0
40213419.0,12032.0,1.0,0.3706665039,-0.2266845703,0.814453125,0.3844604492
40216387.0,2968.0,0.0,-15.078125,14.76953125,-3.87890625,0
40220419.0,4032.0,1.0,0.3663330078,-0.2122192383,0.8213500977,0.3822631836
40223387.0,2968.0,0.0,-14.58984375,18.8046875,-5.890625,0
40229419.0,6032.0,1.0,0.3610839844,-0.1977539063,0.8256225586,0.3858032227
40232387.0,2968.0,0.0,-13.95703125,21.796875,-7.66796875,0
40239419.0,7032.0,1.0,0.3545532227,-0.1853027344,0.8255615234,0.3979492188
40242387.0,2968.0,0.0,-8.11328125,25.57421875,-8.48828125,0
40248419.0,6032.0,1.0,0.3462524414,-0.1765136719,0.8203735352,0.4194946289
40251387.0,2968.0,0.0,-4.81640625,19.94921875,-4.38671875,0
40259419.0,8032.0,1.0,0.3366699219,-0.1682739258,0.8123779297,0.4454345703
40262387.0,2968.0,0.0,-4.10546875,-1.1953125,7.14453125,0
40268419.0,6032.0,1.0,0.3300170898,-0.1546020508,0.8106689453,0.4582519531
40271387.0,2968.0,0.0,-4.75390625,-32.875,6.65234375,0
40281419.0,10032.0,1.0,0.3266601563,-0.1369628906,0.8093261719,0.4685668945
40284387.0,2968.0,0.0,1.578125,36.69921875,8.2265625,0
40288419.0,4032.0,1.0,0.3256225586,-0.1241455078,0.7981567383,0.491394043
40291387.0,2968.0,0.0,17.53515625,20.47265625,-30.46484375,0
40299419.0,8032.0,1.0,0.3267822266,-0.1187744141,0.7730102539,0.5305786133
40302387.0,2968.0,0.0,8.28515625,40.25,-19.66015625,0
40309419.0,7032.0,1.0,0.3327026367,-0.1189575195,0.7379150391,0.5749511719
40312387.0,2968.0,0.0,21.9453125,-25.1875,-23.24609375,0
40319419.0,7032.0,1.0,0.3446044922,-0.1194458008,0.7026367188,0.6109619141
40322387.0,2968.0,0.0,16.77734375,-13.13671875,-7.17578125,0
40332419.0,10032.0,1.0,0.3598022461,-0.12109375,0.6695556641,0.6384277344
40335387.0,2968.0,0.0,9.67578125,-15.7265625,-6.04296875,0
40342419.0,7032.0,1.0,0.3798217773,-0.1267089844,0.6303710938,0.6651000977
40345387.0,2968.0,0.0,10.59765625,-22.9921875,-2.63671875,0
40350419.0,5032.0,1.0,0.400390625,-0.1342163086,0.5947265625,0.6840820313
40353387.0,2968.0,0.0,12.5,-35.48046875,4.90625,0
40359419.0,6032.0,1.0,0.4215087891,-0.1409912109,0.5657348633,0.6945800781
40362387.0,2968.0,0.0,14.5078125,-34.9765625,7.5234375,0
40369419.0,7032.0,1.0,0.444519043,-0.1465454102,0.5419311523,0.6979980469
40372387.0,2968.0,0.0,15.5390625,-33.91796875,8.546875,0
40379419.0,7032.0,1.0,0.4674682617,-0.1504516602,0.5245361328,0.6954345703
40382387.0,2968.0,0.0,14.63671875,-31.16796875,10.41796875,0
40394419.0,12032.0,1.0,0.4892578125,-0.1527099609,0.512878418,0.6887207031
40399387.0,4968.0,0.0,9.21484375,-12.52734375,4.8984375,0
40402419.0,3032.0,1.0,0.5102539063,-0.1543579102,0.5043334961,0.6793212891
40405387.0,2968.0,0.0,9.33203125,-12.22265625,4.7265625,0
40409419.0,4032.0,1.0,0.5314941406,-0.1563110352,0.4970703125,0.6678466797
40412387.0,2968.0,0.0,9.41796875,-8.89453125,0.640625,0
40419419.0,7032.0,1.0,0.5490112305,-0.1581420898,0.4918212891,0.657043457
40422387.0,2968.0,0.0,7.9140625,-6.4453125,-0.52734375,0
40429419.0,7032.0,1.0,0.5660400391,-0.16015625,0.4872436523,0.6453857422
40432387.0,2968.0,0.0,6.7109375,-3.16015625,-2.4453125,0
40439419.0,7032.0,1.0,0.5810546875,-0.1621704102,0.4833984375,0.6343383789
40442387.0,2968.0,0.0,6.7578125,-2.0078125,-3.2421875,0
40449419.0,7032.0,1.0,0.5947875977,-0.1645507813,0.479675293,0.6237182617
40452387.0,2968.0,0.0,7.328125,-3.07421875,-3.296875,0
40459419.0,7032.0,1.0,0.6072998047,-0.1672973633,0.4760742188,0.6136474609
40462387.0,2968.0,0.0,7.88671875,-4.87890625,-2.546875,0
40474419.0,12032.0,1.0,0.6181030273,-0.1696166992,0.4735107422,0.6041259766
40479387.0,4968.0,0.0,8.140625,-5.33203125,-0.77734375,0
40482419.0,3032.0,1.0,0.6286010742,-0.1714477539,0.4719238281,0.5939331055
40485387.0,2968.0,0.0,8.265625,-3.73828125,-0.5703125,0
40489419.0,4032.0,1.0,0.6384277344,-0.1733398438,0.4710693359,0.5834960938
40492387.0,2968.0,0.0,8.328125,-3.56640625,-0.578125,0
40499419.0,7032.0,1.0,0.6463012695,-0.1754760742,0.4706420898,0.5744628906
40502387.0,2968.0,0.0,7.53125,-2.7578125,-0.45703125,0
40509419.0,7032.0,1.0,0.6533203125,-0.1780395508,0.4706420898,0.5656738281
40512387.0,2968.0,0.0,6.69921875,-2.69140625,-0.6328125,0
40519419.0,7032.0,1.0,0.6590576172,-0.1806640625,0.4713134766,0.5575561523
40522387.0,2968.0,0.0,5.05859375,-4.0546875,-0.79296875,0
40529419.0,7032.0,1.0,0.6638183594,-0.1831665039,0.4729614258,0.549621582
40532387.0,2968.0,0.0,3.3046875,-4.015625,-1.51171875,0
40539419.0,7032.0,1.0,0.6673583984,-0.1856689453,0.475402832,0.5423583984
40542387.0,2968.0,0.0,0.83203125,0.70703125,-2.59765625,0
40549419.0,7032.0,1.0,0.6698608398,-0.1888427734,0.4783325195,0.5355834961
40552387.0,2968.0,0.0,0.85546875,0.76171875,-2.98046875,0
40559419.0,7032.0,1.0,0.6715087891,-0.1920776367,0.4814453125,0.5294799805
40562387.0,2968.0,0.0,0.94140625,1.7890625,-3.8125,0
40571419.0,9032.0,1.0,0.6725463867,-0.1951293945,0.4846191406,0.5241699219
40574387.0,2968.0,0.0,-0.0390625,3.203125,-4.06640625,0
40581419.0,7032.0,1.0,0.6729736328,-0.198425293,0.4877929688,0.5194091797
40584387.0,2968.0,0.0,-2.51953125,4.296875,-4.1015625,0
40588419.0,4032.0,1.0,0.6727905273,-0.2022094727,0.4907226563,0.5154418945
40591387.0,2968.0,0.0,-3.73828125,3.94140625,-3.671875,0
40599419.0,8032.0,1.0,0.6719360352,-0.2067871094,0.4932861328,0.5122680664
40602387.0,2968.0,0.0,-4.76171875,2.8984375,-2.55078125,0
40609419.0,7032.0,1.0,0.6704101563,-0.2119140625,0.4955444336,0.5100097656
40612387.0,2968.0,0.0,-4.79296875,1.7734375,-1.4609375,0
40619419.0,7032.0,1.0,0.6682739258,-0.2174072266,0.4979858398,0.5081176758
40622387.0,2968.0,0.0,-5.328125,-2.421875,-0.45703125,0
40629419.0,7032.0,1.0,0.6658325195,-0.2221679688,0.5010375977,0.5062255859
40632387.0,2968.0,0.0,-6.125,-3.6015625,-0.078125,0
40639419.0,7032.0,1.0,0.663269043,-0.2258300781,0.5052490234,0.5037841797
40642387.0,2968.0,0.0,-5.76953125,-4.3828125,-1.234375,0
40649419.0,7032.0,1.0,0.6607666016,-0.2278442383,0.5108642578,0.5005493164
40652387.0,2968.0,0.0,-4.57421875,-4.62109375,-1.71484375,0
40659419.0,7032.0,1.0,0.6583251953,-0.2283325195,0.5178222656,0.4963989258
40662387.0,2968.0,0.0,-1.1953125,-3.53515625,-2.109375,0
40669419.0,7032.0,1.0,0.6558227539,-0.2276000977,0.5258789063,0.4914550781
40672387.0,2968.0,0.0,1.06640625,-3.04296875,-2.375,0
40679419.0,7032.0,1.0,0.6530761719,-0.2265014648,0.5345458984,0.4862670898
40682387.0,2968.0,0.0,3.2109375,-1.078125,-4.1953125,0
40689419.0,7032.0,1.0,0.6498413086,-0.2260742188,0.5430908203,0.4813232422
40692387.0,2968.0,0.0,1.4140625,2.1796875,-6.04296875,0
40699419.0,7032.0,1.0,0.6461181641,-0.2266845703,0.5509033203,0.4771728516
40702387.0,2968.0,0.0,-0.1875,3.296875,-6.29296875,0
40712419.0,10032.0,1.0,0.6422119141,-0.2278442383,0.5579833984,0.4736328125
40715387.0,2968.0,0.0,-1.57421875,3.234375,-6.51171875,0
40722419.0,7032.0,1.0,0.6380004883,-0.2290649414,0.5653076172,0.4700317383
40725387.0,2968.0,0.0,-1.6953125,2.3984375,-6.109375,0
40729419.0,4032.0,1.0,0.6339111328,-0.2299194336,0.5723876953,0.4665527344
40732387.0,2968.0,0.0,-1.78125,1.9375,-5.40234375,0
40739419.0,7032.0,1.0,0.6297607422,-0.2304077148,0.5794677734,0.4631347656
40742387.0,2968.0,0.0,-2.4453125,3.36328125,-5.27734375,0
40749419.0,7032.0,1.0,0.6254882813,-0.2307128906,0.5866088867,0.459777832
40752387.0,2968.0,0.0,-3.2734375,2.8203125,-5.7265625,0
40759419.0,7032.0,1.0,0.62109375,-0.2310791016,0.5935058594,0.4566650391
40762387.0,2968.0,0.0,-3.82421875,2.2109375,-5.59375,0
40768419.0,6032.0,1.0,0.6169433594,-0.231628418,0.5996704102,0.4540405273
40771387.0,2968.0,0.0,-3.77734375,2.59375,-6.44140625,0
40779419.0,8032.0,1.0,0.6124267578,-0.2325439453,0.6057739258,0.4515380859
40782387.0,2968.0,0.0,-3.72265625,0.84765625,-6.4765625,0
40789419.0,7032.0,1.0,0.6080322266,-0.2337036133,0.6113891602,0.4493408203
40792387.0,2968.0,0.0,-4.25390625,1.5,-6.56640625,0
40799419.0,7032.0,1.0,0.6037597656,-0.2348632813,0.6165161133,0.4474487305
40802387.0,2968.0,0.0,-5.0859375,2.203125,-6.4609375,0
40809419.0,7032.0,1.0,0.5994873047,-0.2359008789,0.6215209961,0.4456787109
40812387.0,2968.0,0.0,-6.421875,0.41796875,-6.0625,0
40819419.0,7032.0,1.0,0.5956420898,-0.236328125,0.6264038086,0.4438476563
40822387.0,2968.0,0.0,-6.53515625,-0.15234375,-5.62109375,0
40829419.0,7032.0,1.0,0.5919189453,-0.2359619141,0.6315307617,0.4417114258
40832387.0,2968.0,0.0,-6.19140625,-1.37890625,-4.8828125,0
40839419.0,7032.0,1.0,0.5883178711,-0.2348632813,0.6370239258,0.4392700195
40842387.0,2968.0,0.0,-5.73046875,-2.83984375,-4.328125,0
40854419.0,12032.0,1.0,0.5850830078,-0.2331542969,0.6424560547,0.4365844727
40858387.0,3968.0,0.0,-4.015625,0.90625,-3.546875,0
40861419.0,3032.0,1.0,0.5817871094,-0.2308349609,0.6483154297,0.4334716797
40864387.0,2968.0,0.0,-4.03125,0.859375,-3.421875,0
40869419.0,5032.0,1.0,0.5784912109,-0.2282104492,0.6544799805,0.4300537109
40872387.0,2968.0,0.0,-4.11328125,0.7265625,-2.359375,0
40879419.0,7032.0,1.0,0.5755004883,-0.2259521484,0.6599731445,0.4268798828
40882387.0,2968.0,0.0,-4.3125,0.83984375,-2.703125,0
40889419.0,7032.0,1.0,0.5723266602,-0.2239990234,0.665222168,0.4238891602
40892387.0,2968.0,0.0,-3.52734375,0.6484375,-4.484375,0
40899419.0,7032.0,1.0,0.5692138672,-0.2228393555,0.6697998047,0.4215698242
40903387.0,3968.0,0.0,-2.8828125,-0.109375,-5.5546875,0
40909419.0,6032.0,1.0,0.5661621094,-0.2222900391,0.6737060547,0.4196777344
40912387.0,2968.0,0.0,-2.19921875,0.6328125,-5.4921875,0
40919419.0,7032.0,1.0,0.5633544922,-0.2219848633,0.6772460938,0.4179077148
40922387.0,2968.0,0.0,-0.484375,-0.265625,-3.33203125,0
40929419.0,7032.0,1.0,0.5606689453,-0.2216796875,0.6809082031,0.4157714844
40932387.0,2968.0,0.0,-0.109375,1.16796875,-2.5078125,0
40939419.0,7032.0,1.0,0.5581665039,-0.221496582,0.6844482422,0.4133911133
40942387.0,2968.0,0.0,-0.00390625,0.66796875,-0.7890625,0
40949419.0,7032.0,1.0,0.5555419922,-0.2215576172,0.6879882813,0.4110107422
40952387.0,2968.0,0.0,0.02734375,0.31640625,-0.4609375,0
40959419.0,7032.0,1.0,0.5531005859,-0.2218017578,0.6912231445,0.4088134766
40962387.0,2968.0,0.0,-1.42578125,1.03515625,-1.62890625,0
40969419.0,7032.0,1.0,0.5505371094,-0.2221679688,0.6944580078,0.4065551758
40972387.0,2968.0,0.0,-1.6328125,1.234375,-2.80078125,0
40979419.0,7032.0,1.0,0.548034668,-0.2225952148,0.6974487305,0.4045410156
40982387.0,2968.0,0.0,-1.375,1.609375,-2.9375,0
40989419.0,7032.0,1.0,0.5455322266,-0.2230834961,0.700378418,0.4026489258
40992387.0,2968.0,0.0,-0.64453125,2.796875,-1.578125,0
40999419.0,7032.0,1.0,0.5429077148,-0.2236328125,0.7032470703,0.4008178711
41002387.0,2968.0,0.0,0.83203125,1.48828125,0.5390625,0
41009419.0,7032.0,1.0,0.540222168,-0.2241821289,0.7061767578,0.3990478516
41012387.0,2968.0,0.0,0.89453125,1.6796875,0.36328125,0
41019419.0,7032.0,1.0,0.5373535156,-0.224609375,0.7091064453,0.3974609375
41022387.0,2968.0,0.0,0.65625,1.17578125,0.07421875,0
41031419.0,9032.0,1.0,0.5345458984,-0.2250976563,0.7117919922,0.3961791992
41034387.0,2968.0,0.0,0.140625,0.5546875,-0.30859375,0
41041419.0,7032.0,1.0,0.5313720703,-0.2257080078,0.7145996094,0.3950805664
41044387.0,2968.0,0.0,-0.06640625,-0.49609375,-0.56640625,0
41049419.0,5032.0,1.0,0.5280151367,-0.2264404297,0.7173461914,0.3941040039
41052387.0,2968.0,0.0,0.109375,-0.19921875,0.1796875,0
41059419.0,7032.0,1.0,0.5245361328,-0.227355957,0.7199707031,0.3934936523
41062387.0,2968.0,0.0,-0.06640625,0.0859375,0.83984375,0
41069419.0,7032.0,1.0,0.5208740234,-0.2286376953,0.7224121094,0.3931274414
41072387.0,2968.0,0.0,-0.05078125,-0.12109375,1.1171875,0
41079419.0,7032.0,1.0,0.5170288086,-0.2300415039,0.7247924805,0.3929443359
41082387.0,2968.0,0.0,0.2109375,-0.63671875,1.00390625,0
41089419.0,7032.0,1.0,0.5131225586,-0.2315673828,0.7271118164,0.3929443359
41092387.0,2968.0,0.0,0.109375,-0.96484375,0.58984375,0
41099419.0,7032.0,1.0,0.5092163086,-0.2330322266,0.729309082,0.3930664063
41102387.0,2968.0,0.0,-0.03515625,-0.98046875,-1.16015625,0
41109419.0,7032.0,1.0,0.5054321289,-0.2344970703,0.7313232422,0.3933105469
41112387.0,2968.0,0.0,0.515625,0.4140625,-2.9375,0
41119419.0,7032.0,1.0,0.5016479492,-0.2362060547,0.7330322266,0.3939819336
41122387.0,2968.0,0.0,1.265625,0.19921875,-0.8359375,0
41129419.0,7032.0,1.0,0.4975585938,-0.2385253906,0.734375,0.3952026367
41132387.0,2968.0,0.0,1.9609375,-0.62890625,2.10546875,0
41139419.0,7032.0,1.0,0.4930419922,-0.2414550781,0.7355957031,0.3967895508
41142387.0,2968.0,0.0,1.9765625,-0.65234375,3.85546875,0
41149419.0,7032.0,1.0,0.4885253906,-0.2445678711,0.7366333008,0.3985595703
41152387.0,2968.0,0.0,0.265625,0.6171875,3.83984375,0
41159419.0,7032.0,1.0,0.4835205078,-0.2481079102,0.7375488281,0.4008178711
41162387.0,2968.0,0.0,-0.1484375,-0.1015625,2.62890625,0
41169419.0,7032.0,1.0,0.4784545898,-0.2514648438,0.7384643555,0.403137207
41172387.0,2968.0,0.0,-0.4375,-1.7421875,1.28515625,0
41179419.0,7032.0,1.0,0.4733886719,-0.2544555664,0.7395019531,0.4053955078
41182387.0,2968.0,0.0,-0.77734375,-1.859375,-0.26953125,0
41189419.0,7032.0,1.0,0.4682006836,-0.2568969727,0.7406616211,0.4075927734
41192387.0,2968.0,0.0,-1.2734375,-0.86328125,-2.5,0
41199419.0,7032.0,1.0,0.4633178711,-0.2589111328,0.7418212891,0.4099731445
41202387.0,2968.0,0.0,-2.00390625,-0.11328125,-1.53125,0
41209419.0,7032.0,1.0,0.4580688477,-0.260559082,0.742980957,0.4125976563
41212387.0,2968.0,0.0,-2.3125,0.015625,0.55078125,0
41219419.0,7032.0,1.0,0.4525756836,-0.2619628906,0.7443237305,0.4154052734
41222387.0,2968.0,0.0,-2.65625,-1.1875,1.94921875,0
41234419.0,12032.0,1.0,0.4470214844,-0.2629394531,0.7457885742,0.4181518555
41238387.0,3968.0,0.0,-7.76171875,-1.03515625,2.23828125,0
41241419.0,3032.0,1.0,0.4412231445,-0.2631835938,0.7475585938,0.4209594727
41244387.0,2968.0,0.0,-7.81640625,-1.12109375,2.28515625,0
41249419.0,5032.0,1.0,0.4351196289,-0.2622680664,0.75,0.4234619141
41252387.0,2968.0,0.0,-9.59375,-0.98828125,3.19140625,0
41259419.0,7032.0,1.0,0.4293823242,-0.2600097656,0.753112793,0.4251708984
41262387.0,2968.0,0.0,-11.73046875,-2.421875,3.80078125,0
41269419.0,7032.0,1.0,0.423828125,-0.2561645508,0.7572021484,0.4259033203
41272387.0,2968.0,0.0,-12.68359375,-2.1796875,4.453125,0
41279419.0,7032.0,1.0,0.4181518555,-0.2505493164,0.7624511719,0.4255371094
41283387.0,3968.0,0.0,-13.8046875,-3.0078125,5.625,0
41289419.0,6032.0,1.0,0.4123535156,-0.2431640625,0.7689208984,0.423828125
41292387.0,2968.0,0.0,-14.671875,-3.4296875,6.85546875,0
41299419.0,7032.0,1.0,0.4065551758,-0.2340087891,0.7763671875,0.4208984375
41302387.0,2968.0,0.0,-15.80859375,-1.88671875,6.8046875,0
41309419.0,7032.0,1.0,0.4006347656,-0.22265625,0.7849731445,0.4168701172
41312387.0,2968.0,0.0,-17.50390625,0.5546875,6.76953125,0
41319419.0,7032.0,1.0,0.3949584961,-0.2097167969,0.7937011719,0.4124145508
41322387.0,2968.0,0.0,-17.40625,3.08203125,5.0390625,0
41329419.0,7032.0,1.0,0.3891601563,-0.1954956055,0.8022460938,0.4083862305
41332387.0,2968.0,0.0,-15.39453125,7.5546875,3.46484375,0
41339419.0,7032.0,1.0,0.3830566406,-0.1813964844,0.8093261719,0.4066772461
41342387.0,2968.0,0.0,-12.015625,17.93359375,-1.3984375,0
41354419.0,12032.0,1.0,0.3757324219,-0.1669921875,0.814453125,0.409362793
41358387.0,3968.0,0.0,-5.28515625,27.21484375,-4.1328125,0
41361419.0,3032.0,1.0,0.3672485352,-0.1547851563,0.8154907227,0.4196166992
41364387.0,2968.0,0.0,-0.71484375,25.1171875,-3.30078125,0
41369419.0,5032.0,1.0,0.3565673828,-0.1446533203,0.8115844727,0.4396362305
41372387.0,2968.0,0.0,-0.91015625,24.71875,-3.48046875,0
41379419.0,7032.0,1.0,0.3466186523,-0.1328125,0.8087158203,0.456237793
41382387.0,2968.0,0.0,3.19921875,-23.37109375,4.2578125,0
41389419.0,7032.0,1.0,0.339050293,-0.1163330078,0.8094482422,0.4650878906
41392387.0,2968.0,0.0,-0.015625,21.76953125,4.96875,0
41399419.0,7032.0,1.0,0.3343505859,-0.1011352539,0.8040161133,0.481262207
41402387.0,2968.0,0.0,1.0078125,55.95703125,0.625,0
41409419.0,7032.0,1.0,0.3324584961,-0.0939941406,0.7843017578,0.5153198242
41412387.0,2968.0,0.0,12.7734375,34.08203125,-31.45703125,0
41419419.0,7032.0,1.0,0.3346557617,-0.0935668945,0.7525024414,0.559387207
41422387.0,2968.0,0.0,11.57421875,-1.06640625,-19.19140625,0
41434419.0,12032.0,1.0,0.3428955078,-0.0933837891,0.7204589844,0.5955200195
41438387.0,3968.0,0.0,10.44921875,-9.40625,-5.90234375,0
41441419.0,3032.0,1.0,0.3569946289,-0.0924682617,0.6889648438,0.6239624023
41444387.0,2968.0,0.0,9.9453125,-9.4296875,-10.80078125,0
41449419.0,5032.0,1.0,0.375,-0.0950927734,0.6541748047,0.6499023438
41452387.0,2968.0,0.0,10.2421875,-17.1953125,-5.9296875,0
41459419.0,7032.0,1.0,0.3945922852,-0.1019897461,0.6181640625,0.6721191406
41462387.0,2968.0,0.0,10.32421875,-26.58203125,-5.546875,0
41469419.0,7032.0,1.0,0.4161376953,-0.1110229492,0.5832519531,0.6887207031
41472387.0,2968.0,0.0,9.12109375,-33.265625,1.24609375,0
41480419.0,8032.0,1.0,0.438659668,-0.1197509766,0.5537109375,0.6975708008
41483387.0,2968.0,0.0,11.22265625,-35.1796875,3.02734375,0
41495419.0,12032.0,1.0,0.4606933594,-0.1265869141,0.532043457,0.6990356445
41500419.0,5000.0,1.0,0.4842529297,-0.1317749023,0.5156860352,0.6943969727
41502387.0,1968.0,0.0,8.6875,-25.54296875,7.48828125,0
41509419.0,7032.0,1.0,0.506652832,-0.1356811523,0.5042724609,0.6859741211
41512387.0,2968.0,0.0,7.53125,-16.73828125,6.1953125,0
41520419.0,8032.0,1.0,0.5270996094,-0.1396484375,0.495300293,0.6762695313
41523387.0,2968.0,0.0,8.046875,-11.28515625,4.046875,0
41535419.0,12032.0,1.0,0.5445556641,-0.1438598633,0.4882202148,0.6666259766
41540419.0,5000.0,1.0,0.5617675781,-0.1480712891,0.4823608398,0.6556396484
41542387.0,1968.0,0.0,8.7890625,-8.37890625,0.50390625,0
41549419.0,7032.0,1.0,0.5772705078,-0.1514892578,0.4784545898,0.6441040039
41552387.0,2968.0,0.0,9.7421875,-5.859375,-1.3125,0
41560419.0,8032.0,1.0,0.5913085938,-0.1548461914,0.4754638672,0.6327514648
41563387.0,2968.0,0.0,10.6015625,-3.6328125,-2.31640625,0
41569419.0,6032.0,1.0,0.6036987305,-0.1585693359,0.4728393555,0.6219482422
41572387.0,2968.0,0.0,11.875,-5.36328125,-2.5390625,0
41579419.0,7032.0,1.0,0.6148681641,-0.1624145508,0.4707641602,0.6115722656
41582387.0,2968.0,0.0,11.9609375,-7.296875,-1.75,0
41589419.0,7032.0,1.0,0.6250610352,-0.1658935547,0.4697875977,0.6008911133
41592387.0,2968.0,0.0,11.2265625,-8.3359375,-1.16796875,0
41600419.0,8032.0,1.0,0.6340332031,-0.1684570313,0.4703369141,0.5903320313
41603387.0,2968.0,0.0,9.88671875,-7.12890625,-1.11328125,0
41615419.0,12032.0,1.0,0.6416625977,-0.1705932617,0.471862793,0.580078125
41620419.0,5000.0,1.0,0.6482543945,-0.1729736328,0.4740600586,0.5701904297
41622387.0,1968.0,0.0,5.99609375,-3.61328125,-0.515625,0
41630419.0,8032.0,1.0,0.6536865234,-0.17578125,0.4768676758,0.5607299805
41633387.0,2968.0,0.0,4.765625,-3.07421875,-0.72265625,0
41639419.0,6032.0,1.0,0.657409668,-0.1790161133,0.4799194336,0.5526733398
41642387.0,2968.0,0.0,2.453125,0.51171875,-1.5625,0
41649419.0,7032.0,1.0,0.6597290039,-0.1835327148,0.4826660156,0.5460205078
41652387.0,2968.0,0.0,1.14453125,0.4296875,-2.39453125,0
41659419.0,7032.0,1.0,0.6608886719,-0.1884155273,0.4856567383,0.540222168
41662387.0,2968.0,0.0,-0.05859375,-0.5859375,-3.0,0
41670419.0,8032.0,1.0,0.6616210938,-0.1922607422,0.4893188477,0.5346679688
41673387.0,2968.0,0.0,-0.875,1.015625,-4.31640625,0
41679419.0,6032.0,1.0,0.6619873047,-0.1950073242,0.4934692383,0.5293579102
41682387.0,2968.0,0.0,-2.0859375,3.13671875,-6.05859375,0
41689419.0,7032.0,1.0,0.6619873047,-0.1974487305,0.4979858398,0.5241699219
41692387.0,2968.0,0.0,-2.58203125,4.625,-5.26953125,0
41699419.0,7032.0,1.0,0.6615600586,-0.2003173828,0.5020751953,0.5197753906
41703387.0,3968.0,0.0,-2.8359375,4.671875,-4.515625,0
41710419.0,7032.0,1.0,0.6604614258,-0.2038574219,0.5054321289,0.5165405273
41713387.0,2968.0,0.0,-3.41015625,3.984375,-2.66015625,0
41723419.0,10032.0,1.0,0.6586303711,-0.2084350586,0.5086669922,0.5137939453
41726387.0,2968.0,0.0,-5.84375,-0.0625,0.61328125,0
41730419.0,4032.0,1.0,0.6560668945,-0.2135620117,0.5125732422,0.5111083984
41733387.0,2968.0,0.0,-6.37109375,-2.2734375,0.203125,0
41739419.0,6032.0,1.0,0.653503418,-0.2174072266,0.5166625977,0.508605957
41742387.0,2968.0,0.0,-6.9375,-3.70703125,0.51171875,0
41749419.0,7032.0,1.0,0.6507568359,-0.2203369141,0.5220947266,0.5053100586
41752387.0,2968.0,0.0,-6.31640625,-3.70703125,-0.28515625,0
41760419.0,8032.0,1.0,0.6480102539,-0.2219848633,0.5287475586,0.501159668
41763387.0,2968.0,0.0,-1.6328125,-3.09375,-3.5078125,0
41769419.0,6032.0,1.0,0.6453857422,-0.2225952148,0.5360717773,0.4965209961
41772387.0,2968.0,0.0,0.0234375,-1.31640625,-4.26953125,0
41779419.0,7032.0,1.0,0.6424560547,-0.2229003906,0.5440673828,0.4914550781
41782387.0,2968.0,0.0,0.94921875,-0.4296875,-4.2109375,0
41789419.0,7032.0,1.0,0.6392211914,-0.2235717773,0.5521240234,0.4864501953
41792387.0,2968.0,0.0,1.2890625,0.12109375,-5.19140625,0
41799419.0,7032.0,1.0,0.6357421875,-0.2244262695,0.559753418,0.4818115234
41802387.0,2968.0,0.0,-0.55078125,1.6640625,-4.51171875,0
41809419.0,7032.0,1.0,0.6320800781,-0.2252807617,0.5673828125,0.4772949219
41812387.0,2968.0,0.0,-0.89453125,1.640625,-5.26953125,0
41820419.0,8032.0,1.0,0.6282958984,-0.2258911133,0.5748901367,0.4729614258
41823387.0,2968.0,0.0,-1.16796875,2.03515625,-5.09765625,0
41830419.0,7032.0,1.0,0.6242675781,-0.2263793945,0.5825195313,0.4686889648
41833387.0,2968.0,0.0,-2.9375,1.77734375,-3.66015625,0
41839419.0,6032.0,1.0,0.619934082,-0.2267456055,0.5902099609,0.4646606445
41842387.0,2968.0,0.0,-3.48828125,1.62109375,-2.68359375,0
41854419.0,12032.0,1.0,0.6156616211,-0.2270507813,0.5973510742,0.4610595703
41858387.0,3968.0,0.0,-4.28515625,1.125,-3.77734375,0
41861419.0,3032.0,1.0,0.6110839844,-0.2272338867,0.6047973633,0.4573364258
41864387.0,2968.0,0.0,-4.41796875,1.7421875,-5.6640625,0
41869419.0,5032.0,1.0,0.606628418,-0.2272949219,0.612121582,0.4535522461
41872387.0,2968.0,0.0,-4.36328125,0.9765625,-7.5625,0
41879419.0,7032.0,1.0,0.602355957,-0.2274169922,0.6188964844,0.4498901367
41882387.0,2968.0,0.0,-4.31640625,1.48046875,-8.5859375,0
41889419.0,7032.0,1.0,0.5982666016,-0.2280273438,0.625,0.4465942383
41892387.0,2968.0,0.0,-4.30859375,1.765625,-9.1640625,0
41900419.0,8032.0,1.0,0.5943603516,-0.2291259766,0.6303710938,0.4437255859
41903387.0,2968.0,0.0,-4.22265625,1.52734375,-8.36328125,0
41909419.0,6032.0,1.0,0.590637207,-0.23046875,0.6351318359,0.4412231445
41912387.0,2968.0,0.0,-4.63671875,-0.05859375,-4.984375,0
41919419.0,7032.0,1.0,0.586730957,-0.2318725586,0.6400756836,0.4385986328
41922387.0,2968.0,0.0,-4.859375,-0.06640625,-4.53515625,0
41930419.0,8032.0,1.0,0.5829467773,-0.2326660156,0.6450195313,0.4357910156
41933387.0,2968.0,0.0,-4.9765625,-0.45703125,-3.98046875,0
41940419.0,7032.0,1.0,0.5795898438,-0.2327270508,0.6500244141,0.432800293
41943387.0,2968.0,0.0,-5.05078125,0.0546875,-4.5078125,0
41950419.0,7032.0,1.0,0.5763549805,-0.2321166992,0.6553344727,0.4295043945
41953387.0,2968.0,0.0,-3.82421875,0.796875,-4.796875,0
41960419.0,7032.0,1.0,0.5733642578,-0.2311401367,0.6604003906,0.4262695313
41964387.0,3968.0,0.0,-3.296875,0.7421875,-4.05859375,0
41969419.0,5032.0,1.0,0.5703125,-0.2298583984,0.6656494141,0.4227905273
41972387.0,2968.0,0.0,-2.875,-0.3984375,-3.19921875,0
41980419.0,8032.0,1.0,0.5673217773,-0.2283325195,0.6710205078,0.4191894531
41983387.0,2968.0,0.0,-3.2734375,-0.19140625,-2.078125,0
41995419.0,12032.0,1.0,0.564453125,-0.2266845703,0.6760864258,0.4158325195
42000387.0,4968.0,0.0,-3.2421875,0.58203125,-4.18359375,0
42003419.0,3032.0,1.0,0.5614624023,-0.2249755859,0.6812744141,0.4122924805
42006387.0,2968.0,0.0,-3.3671875,1.75390625,-5.55078125,0
42010419.0,4032.0,1.0,0.5584716797,-0.2232055664,0.6865234375,0.4086303711
42013387.0,2968.0,0.0,-3.3828125,1.73046875,-5.41796875,0
42020419.0,7032.0,1.0,0.5560913086,-0.2217407227,0.6908569336,0.405456543
42023387.0,2968.0,0.0,-2.5859375,2.05078125,-5.1171875,0
42029419.0,6032.0,1.0,0.5536499023,-0.2205200195,0.6951293945,0.4020996094
42032387.0,2968.0,0.0,-2.2578125,2.08984375,-2.9453125,0
42040419.0,8032.0,1.0,0.5512695313,-0.2197265625,0.6990356445,0.3988647461
42044387.0,3968.0,0.0,-1.7265625,1.69140625,-1.95703125,0
42050419.0,6032.0,1.0,0.5488891602,-0.219543457,0.7026977539,0.3958740234
42053387.0,2968.0,0.0,-0.81640625,1.0078125,-1.734375,0
42060419.0,7032.0,1.0,0.5463867188,-0.2199707031,0.7059936523,0.3932495117
42063387.0,2968.0,0.0,-0.9765625,3.8046875,-1.33203125,0
42070419.0,7032.0,1.0,0.543762207,-0.2211303711,0.7089233398,0.3909301758
42073387.0,2968.0,0.0,-0.9375,2.5859375,-0.89453125,0
42080419.0,7032.0,1.0,0.541015625,-0.2229614258,0.7115478516,0.3890380859
42083387.0,2968.0,0.0,-0.71875,1.98828125,0.04296875,0
42090419.0,7032.0,1.0,0.5380859375,-0.2252197266,0.7139892578,0.3872070313
42093387.0,2968.0,0.0,-0.640625,2.50390625,0.44140625,0
42099419.0,6032.0,1.0,0.5352172852,-0.2275390625,0.7163085938,0.3856201172
42102387.0,2968.0,0.0,-0.45703125,1.90625,-1.03515625,0
42110419.0,8032.0,1.0,0.5322265625,-0.2299804688,0.71875,0.3837890625
42113387.0,2968.0,0.0,-0.12890625,2.03515625,-2.28125,0
42120419.0,7032.0,1.0,0.5295410156,-0.2322387695,0.7208862305,0.3820800781
42123387.0,2968.0,0.0,0.41015625,3.5546875,-3.19921875,0
42130419.0,7032.0,1.0,0.5269165039,-0.2345581055,0.7228393555,0.3805541992
42133387.0,2968.0,0.0,1.05078125,3.37890625,-3.3125,0
42140419.0,7032.0,1.0,0.5240478516,-0.2373046875,0.7247314453,0.3792724609
42143387.0,2968.0,0.0,2.4609375,1.82421875,-0.16015625,0
42150419.0,7032.0,1.0,0.5210571289,-0.2402954102,0.7263183594,0.3784790039
42153387.0,2968.0,0.0,1.91796875,1.68359375,-0.19921875,0
42160419.0,7032.0,1.0,0.517578125,-0.2437133789,0.7277832031,0.3781738281
42163387.0,2968.0,0.0,0.828125,1.84765625,0.22265625,0
42172419.0,9032.0,1.0,0.5140380859,-0.2471313477,0.7290039063,0.3785400391
42175387.0,2968.0,0.0,0.0546875,0.390625,-0.125,0
42182419.0,7032.0,1.0,0.5100097656,-0.2507324219,0.7302246094,0.3792724609
42185387.0,2968.0,0.0,-0.53515625,-0.7265625,1.78125,0
42189419.0,4032.0,1.0,0.5057373047,-0.2539672852,0.731628418,0.380065918
42192387.0,2968.0,0.0,-1.01171875,-0.92578125,2.2421875,0
42200419.0,8032.0,1.0,0.5012817383,-0.256652832,0.7333984375,0.3807373047
42203387.0,2968.0,0.0,-1.42578125,-0.4453125,1.5234375,0
42210419.0,7032.0,1.0,0.4967651367,-0.2587890625,0.7354736328,0.3812255859
42213387.0,2968.0,0.0,-0.8359375,-1.01171875,0.65234375,0
42220419.0,7032.0,1.0,0.4922485352,-0.2603149414,0.7377319336,0.3815917969
42223387.0,2968.0,0.0,-0.21484375,-1.12109375,0.1875,0
42230419.0,7032.0,1.0,0.4876708984,-0.2616577148,0.7400512695,0.3822021484
42233387.0,2968.0,0.0,-0.19921875,-1.390625,0.578125,0
42240419.0,7032.0,1.0,0.4827880859,-0.2629394531,0.7422485352,0.3831787109
42243387.0,2968.0,0.0,-0.27734375,-2.2421875,1.1640625,0
42250419.0,7032.0,1.0,0.4774169922,-0.2643432617,0.7444458008,0.3846435547
42253387.0,2968.0,0.0,-1.6953125,-2.36328125,3.49609375,0
42260419.0,7032.0,1.0,0.4716796875,-0.2656860352,0.7466430664,0.3865966797
42263387.0,2968.0,0.0,-2.96875,-3.078125,3.96484375,0
42270419.0,7032.0,1.0,0.465637207,-0.2667236328,0.7489013672,0.3888549805
42273387.0,2968.0,0.0,-4.546875,-3.26171875,3.23046875,0
42280419.0,7032.0,1.0,0.4594726563,-0.2670898438,0.7513427734,0.3911743164
42283387.0,2968.0,0.0,-6.05078125,-3.53125,2.578125,0
42289419.0,6032.0,1.0,0.4534301758,-0.2666015625,0.7540893555,0.3933105469
42292387.0,2968.0,0.0,-8.05859375,-3.42578125,1.625,0
42300419.0,8032.0,1.0,0.4469604492,-0.264831543,0.7574462891,0.3953857422
42303387.0,2968.0,0.0,-9.203125,-3.078125,1.1640625,0
42310419.0,7032.0,1.0,0.4407958984,-0.2617797852,0.7613525391,0.3969116211
42313387.0,2968.0,0.0,-10.18359375,-2.296875,2.58984375,0
42320419.0,7032.0,1.0,0.434753418,-0.2573242188,0.7658691406,0.3977661133
42323387.0,2968.0,0.0,-11.6484375,-3.10546875,5.28125,0
42335419.0,12032.0,1.0,0.4287719727,-0.2517700195,0.7709960938,0.3979492188
42339387.0,3968.0,0.0,-12.30078125,-1.98828125,3.23046875,0
42342419.0,3032.0,1.0,0.4225463867,-0.2448730469,0.7767944336,0.3975830078
42345387.0,2968.0,0.0,-12.38671875,-2.10546875,3.33203125,0
42349419.0,4032.0,1.0,0.4161987305,-0.2368774414,0.7829589844,0.3970336914
42352387.0,2968.0,0.0,-12.2578125,-1.43359375,2.29296875,0
42360419.0,8032.0,1.0,0.4097290039,-0.2279663086,0.7891845703,0.3967285156
42363387.0,2968.0,0.0,-12.4453125,-0.69140625,2.05859375,0
42370419.0,7032.0,1.0,0.4030761719,-0.2183837891,0.7951049805,0.3970947266
42373387.0,2968.0,0.0,-13.3671875,3.87109375,1.0,0
42380419.0,7032.0,1.0,0.396484375,-0.2089233398,0.799987793,0.3989257813
42383387.0,2968.0,0.0,-13.4453125,7.26953125,0.3515625,0
42390419.0,7032.0,1.0,0.3895874023,-0.1992797852,0.8038330078,0.4029541016
42393387.0,2968.0,0.0,-11.9453125,10.40625,-0.48828125,0
42400419.0,7032.0,1.0,0.382019043,-0.1893310547,0.806640625,0.409362793
42403387.0,2968.0,0.0,-8.41015625,12.515625,-1.203125,0
42415419.0,12032.0,1.0,0.3743286133,-0.1795654297,0.8081665039,0.4177246094
42419387.0,3968.0,0.0,-2.45703125,15.72265625,1.1796875,0
42422419.0,3032.0,1.0,0.3654785156,-0.1692504883,0.8080444336,0.4298706055
42425387.0,2968.0,0.0,-2.62109375,15.42578125,1.1171875,0
42430419.0,5032.0,1.0,0.3563232422,-0.1585693359,0.8070678711,0.4432983398
42433387.0,2968.0,0.0,0.37890625,7.328125,6.2265625,0
42440419.0,7032.0,1.0,0.3483276367,-0.1424560547,0.8098754883,0.4499511719
42443387.0,2968.0,0.0,-1.7109375,-16.265625,16.67578125,0
42450419.0,7032.0,1.0,0.342956543,-0.1224365234,0.8149414063,0.4508056641
42453387.0,2968.0,0.0,-3.4921875,34.109375,7.078125,0
42460419.0,7032.0,1.0,0.3397216797,-0.1044921875,0.8134765625,0.4603271484
42463387.0,2968.0,0.0,-3.6328125,41.8515625,9.28125,0
42470419.0,7032.0,1.0,0.3383789063,-0.0933837891,0.8002929688,0.4861450195
42473387.0,2968.0,0.0,2.9609375,34.3046875,-27.91015625,0
42479419.0,6032.0,1.0,0.3392944336,-0.091003418,0.7745361328,0.5260009766
42482387.0,2968.0,0.0,15.23828125,10.546875,-23.1796875,0
42494419.0,12032.0,1.0,0.3448486328,-0.0919189453,0.7404785156,0.5694580078
42497387.0,2968.0,0.0,18.71484375,-16.44921875,-26.75,0
42501419.0,4032.0,1.0,0.3558349609,-0.0916748047,0.7076416016,0.6034545898
42504387.0,2968.0,0.0,18.32421875,-18.7890625,-14.5703125,0
42510419.0,6032.0,1.0,0.369934082,-0.0918579102,0.6785888672,0.6278686523
42513387.0,2968.0,0.0,13.65234375,-13.5859375,-7.11328125,0
42520419.0,7032.0,1.0,0.3868408203,-0.0950317383,0.6477050781,0.6494750977
42523387.0,2968.0,0.0,4.72265625,-19.03125,0.640625,0
42535419.0,12032.0,1.0,0.4033813477,-0.1005859375,0.6201171875,0.6652832031
42539387.0,3968.0,0.0,6.69140625,-29.30859375,2.80859375,0
42542419.0,3032.0,1.0,0.4231567383,-0.1073608398,0.5928344727,0.6766967773
42545387.0,2968.0,0.0,8.2734375,-28.421875,4.72265625,0
42550419.0,5032.0,1.0,0.4451904297,-0.1135253906,0.5696411133,0.6814575195
42553387.0,2968.0,0.0,8.421875,-28.0703125,4.21484375,0
42560419.0,7032.0,1.0,0.4660644531,-0.1180419922,0.5533447266,0.6801757813
42563387.0,2968.0,0.0,12.36328125,-21.19921875,6.55859375,0
42570419.0,7032.0,1.0,0.4869384766,-0.121887207,0.5408935547,0.6748657227
42573387.0,2968.0,0.0,12.15625,-15.98046875,4.921875,0
42580419.0,7032.0,1.0,0.5074462891,-0.1260375977,0.5303344727,0.6673583984
42583387.0,2968.0,0.0,10.50390625,-11.265625,3.4609375,0
42592419.0,9032.0,1.0,0.5256347656,-0.1309814453,0.5212402344,0.6594238281
42595387.0,2968.0,0.0,9.6796875,-8.62890625,2.1015625,0
42602419.0,7032.0,1.0,0.5435791016,-0.1367797852,0.5127563477,0.6503295898
42605387.0,2968.0,0.0,10.1953125,-7.78125,0.69140625,0
42610419.0,5032.0,1.0,0.5600585938,-0.1420898438,0.5059814453,0.6403808594
42613387.0,2968.0,0.0,10.51171875,-6.3046875,0.50390625,0
42620419.0,7032.0,1.0,0.5758056641,-0.1469726563,0.5004882813,0.6295166016
42623387.0,2968.0,0.0,10.36328125,-4.64453125,0.265625,0
42630419.0,7032.0,1.0,0.5903930664,-0.1516113281,0.4957275391,0.6185913086
42633387.0,2968.0,0.0,8.546875,-3.30859375,-0.10546875,0
42640419.0,7032.0,1.0,0.6033325195,-0.1560668945,0.4915161133,0.6082763672
42643387.0,2968.0,0.0,7.6015625,-3.32421875,-0.12109375,0
42652419.0,9032.0,1.0,0.6146850586,-0.1604003906,0.4877929688,0.5986938477
42655387.0,2968.0,0.0,6.94140625,-4.29296875,0.1796875,0
42662419.0,7032.0,1.0,0.6250610352,-0.164855957,0.4844970703,0.5894165039
42665387.0,2968.0,0.0,6.5546875,-5.03125,0.453125,0
42669419.0,4032.0,1.0,0.6344604492,-0.1691894531,0.4818115234,0.5802612305
42672387.0,2968.0,0.0,5.54296875,-5.75,0.734375,0
42680419.0,8032.0,1.0,0.6430053711,-0.1732177734,0.4800415039,0.5710449219
42683387.0,2968.0,0.0,5.1015625,-5.62890625,0.57421875,0
42690419.0,7032.0,1.0,0.6505126953,-0.1766967773,0.4792480469,0.5620727539
42693387.0,2968.0,0.0,4.92578125,-4.5859375,0.53515625,0
42700419.0,7032.0,1.0,0.6569213867,-0.1799316406,0.4791870117,0.5536499023
42703387.0,2968.0,0.0,4.55859375,-3.01171875,0.63671875,0
42709419.0,6032.0,1.0,0.662109375,-0.1830444336,0.4797363281,0.5458984375
42712387.0,2968.0,0.0,3.83984375,-1.70703125,-0.21484375,0
42720419.0,8032.0,1.0,0.6665039063,-0.1866455078,0.4807739258,0.5383300781
42723387.0,2968.0,0.0,3.15625,-1.27734375,-0.75,0
42730419.0,7032.0,1.0,0.6696777344,-0.1907348633,0.4820556641,0.5317993164
42733387.0,2968.0,0.0,2.9453125,-1.08203125,-1.57421875,0
42740419.0,7032.0,1.0,0.6718139648,-0.1947631836,0.4837036133,0.5260620117
42743387.0,2968.0,0.0,2.4921875,-0.55859375,-2.546875,0
42755419.0,12032.0,1.0,0.6731567383,-0.1981811523,0.4858398438,0.5211181641
42759387.0,3968.0,0.0,-0.79296875,1.7421875,-4.70703125,0
42762419.0,3032.0,1.0,0.6738891602,-0.2012939453,0.4885864258,0.5163574219
42765387.0,2968.0,0.0,-0.76171875,1.8046875,-4.62890625,0
42770419.0,5032.0,1.0,0.6740112305,-0.2043457031,0.4916381836,0.5120849609
42773387.0,2968.0,0.0,-1.90234375,2.81640625,-5.125,0
42780419.0,7032.0,1.0,0.6735229492,-0.2073974609,0.4943237305,0.508972168
42783387.0,2968.0,0.0,-3.625,2.12890625,-4.32421875,0
42790419.0,7032.0,1.0,0.6723022461,-0.2107543945,0.4969482422,0.5065307617
42793387.0,2968.0,0.0,-4.08203125,0.25,-2.70703125,0
42800419.0,7032.0,1.0,0.6705322266,-0.2144775391,0.4996948242,0.5047607422
42804387.0,3968.0,0.0,-4.51171875,-1.328125,-0.5703125,0
42810419.0,6032.0,1.0,0.6681518555,-0.2181396484,0.5028076172,0.5031738281
42813387.0,2968.0,0.0,-4.08984375,-2.3671875,0.0234375,0
42820419.0,7032.0,1.0,0.6654663086,-0.2212524414,0.5067138672,0.5014038086
42823387.0,2968.0,0.0,-4.89453125,-6.11328125,-0.05859375,0
42830419.0,7032.0,1.0,0.6626586914,-0.2231445313,0.5117797852,0.4991455078
42833387.0,2968.0,0.0,-5.19921875,-5.48046875,-0.41015625,0
42840419.0,7032.0,1.0,0.6597900391,-0.2235107422,0.518371582,0.4959716797
42844387.0,3968.0,0.0,-5.16796875,-5.77734375,-1.08203125,0
42850419.0,6032.0,1.0,0.657043457,-0.2218017578,0.5266113281,0.4916992188
42853387.0,2968.0,0.0,-4.6015625,-6.64453125,-1.0859375,0
42860419.0,7032.0,1.0,0.6546020508,-0.2182617188,0.535949707,0.4864501953
42863387.0,2968.0,0.0,-0.9609375,-1.64453125,-3.7578125,0
42870419.0,7032.0,1.0,0.6517333984,-0.2135620117,0.5469970703,0.4800415039
42873387.0,2968.0,0.0,-0.01171875,-0.2890625,-5.37109375,0
42880419.0,7032.0,1.0,0.6486816406,-0.2092895508,0.557434082,0.4740600586
42883387.0,2968.0,0.0,-0.74609375,1.30859375,-6.140625,0
42892419.0,9032.0,1.0,0.645324707,-0.2064208984,0.5665893555,0.4689331055
42895387.0,2968.0,0.0,-1.640625,3.5703125,-6.0078125,0
42903419.0,8032.0,1.0,0.6413574219,-0.2051391602,0.5750732422,0.4645996094
42906387.0,2968.0,0.0,-0.921875,3.5078125,-5.10546875,0
42910419.0,4032.0,1.0,0.6369018555,-0.2053222656,0.5826416016,0.4611816406
42913387.0,2968.0,0.0,-1.125,3.12890625,-5.73828125,0
42920419.0,7032.0,1.0,0.6323852539,-0.2062988281,0.5894775391,0.4582519531
42923387.0,2968.0,0.0,-1.515625,3.21484375,-6.76171875,0
42930419.0,7032.0,1.0,0.6279907227,-0.2073974609,0.5960083008,0.4554443359
42933387.0,2968.0,0.0,-1.65625,4.64453125,-6.60546875,0
42940419.0,7032.0,1.0,0.6237182617,-0.2085571289,0.6021118164,0.4526977539
42943387.0,2968.0,0.0,-2.015625,3.92578125,-3.203125,0
42950419.0,7032.0,1.0,0.6194458008,-0.2099609375,0.6079101563,0.4501342773
42953387.0,2968.0,0.0,-2.34375,3.91015625,-3.859375,0
42960419.0,7032.0,1.0,0.6150512695,-0.2117919922,0.6134643555,0.4478149414
42963387.0,2968.0,0.0,-2.75,2.97265625,-3.25,0
42970419.0,7032.0,1.0,0.6107788086,-0.2133789063,0.6188354492,0.4454345703
42973387.0,2968.0,0.0,-3.19140625,1.91796875,-3.68359375,0
42980419.0,7032.0,1.0,0.6066894531,-0.2144775391,0.6244506836,0.4427490234
42983387.0,2968.0,0.0,-4.83203125,1.6328125,-5.07421875,0
42990419.0,7032.0,1.0,0.6028442383,-0.2150268555,0.6299438477,0.4398803711
42993387.0,2968.0,0.0,-5.70703125,1.80859375,-5.28125,0
43001419.0,8032.0,1.0,0.5993041992,-0.2150268555,0.6354370117,0.4368896484
43004387.0,2968.0,0.0,-5.734375,0.3671875,-5.26171875,0
43010419.0,6032.0,1.0,0.5958862305,-0.2145996094,0.6408081055,0.4338378906
43013387.0,2968.0,0.0,-5.8515625,-0.27734375,-5.04296875,0
43023419.0,10032.0,1.0,0.592590332,-0.2137451172,0.6463012695,0.4306640625
43026387.0,2968.0,0.0,-5.19140625,-0.72265625,-5.07421875,0
43030419.0,4032.0,1.0,0.5892944336,-0.2123413086,0.6520385742,0.4272460938
43033387.0,2968.0,0.0,-4.85546875,-1.55859375,-4.12890625,0
43040419.0,7032.0,1.0,0.5861816406,-0.2105712891,0.6577148438,0.4236450195
43043387.0,2968.0,0.0,-4.546875,-0.79296875,-3.88671875,0
43050419.0,7032.0,1.0,0.5832519531,-0.2088623047,0.662902832,0.4204101563
43053387.0,2968.0,0.0,-4.40234375,-0.28515625,-3.11328125,0
43060419.0,7032.0,1.0,0.580078125,-0.2072753906,0.6682739258,0.4171142578
43063387.0,2968.0,0.0,-4.5625,-0.6484375,-3.828125,0
43070419.0,7032.0,1.0,0.5770874023,-0.2057495117,0.6732177734,0.4140625
43073387.0,2968.0,0.0,-4.53515625,0.38671875,-4.203125,0
43080419.0,7032.0,1.0,0.5744018555,-0.2040405273,0.6779174805,0.410949707
43083387.0,2968.0,0.0,-3.9296875,0.70703125,-4.734375,0
43090419.0,7032.0,1.0,0.5719604492,-0.2023925781,0.6822509766,0.4079589844
43093387.0,2968.0,0.0,-1.24609375,0.1953125,-2.11328125,0
43100419.0,7032.0,1.0,0.5693359375,-0.2007446289,0.6869506836,0.4045410156
43103387.0,2968.0,0.0,-0.6484375,-0.2109375,-0.609375,0
43110419.0,7032.0,1.0,0.5666503906,-0.1992797852,0.6917114258,0.4009399414
43113387.0,2968.0,0.0,-1.53125,2.0703125,-0.41796875,0
43121419.0,8032.0,1.0,0.5640258789,-0.198059082,0.6962280273,0.3973999023
43124387.0,2968.0,0.0,-2.62109375,2.59765625,-0.921875,0
43130419.0,6032.0,1.0,0.5615844727,-0.1968994141,0.7005615234,0.393737793
43133387.0,2968.0,0.0,-1.40234375,4.125,-4.171875,0
43140419.0,7032.0,1.0,0.5594482422,-0.196105957,0.7043457031,0.3904418945
43143387.0,2968.0,0.0,-0.328125,3.7421875,-4.83984375,0
43150419.0,7032.0,1.0,0.557434082,-0.1958007813,0.7077636719,0.3873291016
43153387.0,2968.0,0.0,0.0859375,3.78515625,-4.97265625,0
43160419.0,7032.0,1.0,0.5554199219,-0.196105957,0.7106933594,0.3845825195
43163387.0,2968.0,0.0,0.34375,4.453125,-3.9296875,0
43175419.0,12032.0,1.0,0.5534667969,-0.1972045898,0.7131347656,0.3824462891
43179387.0,3968.0,0.0,-0.56640625,2.66015625,-0.17578125,0
43182419.0,3032.0,1.0,0.5510253906,-0.1989746094,0.7154541016,0.3806762695
43185387.0,2968.0,0.0,-0.57421875,2.67578125,-0.08984375,0
43190419.0,5032.0,1.0,0.5482788086,-0.2012939453,0.7176513672,0.3792724609
43193387.0,2968.0,0.0,-1.04296875,3.6484375,0.21875,0
43200419.0,7032.0,1.0,0.5456542969,-0.2036132813,0.7194824219,0.3783569336
43203387.0,2968.0,0.0,-0.84375,2.28515625,-0.27734375,0
43210419.0,7032.0,1.0,0.54296875,-0.205871582,0.7212524414,0.3776245117
43213387.0,2968.0,0.0,-0.46875,2.1015625,-0.54296875,0
43220419.0,7032.0,1.0,0.540222168,-0.2077636719,0.7232055664,0.3768310547
43223387.0,2968.0,0.0,-0.20703125,0.953125,-1.125,0
43230419.0,7032.0,1.0,0.5375366211,-0.2091064453,0.7253417969,0.3757324219
43233387.0,2968.0,0.0,0.16796875,1.3359375,-0.3203125,0
43240419.0,7032.0,1.0,0.5348510742,-0.2102050781,0.727722168,0.3744506836
43243387.0,2968.0,0.0,-0.23046875,2.140625,0.9453125,0
43250419.0,7032.0,1.0,0.5317993164,-0.2113037109,0.7302856445,0.3731079102
43253387.0,2968.0,0.0,-0.46875,1.94140625,1.30078125,0
43260419.0,7032.0,1.0,0.5286865234,-0.2123413086,0.7327880859,0.3720703125
43264387.0,3968.0,0.0,-0.4453125,0.59375,0.8359375,0
43270419.0,6032.0,1.0,0.5254516602,-0.2133789063,0.7352294922,0.3711547852
43273387.0,2968.0,0.0,-0.8046875,0.73828125,0.5390625,0
43280419.0,7032.0,1.0,0.5222167969,-0.2144165039,0.7375488281,0.3706054688
43283387.0,2968.0,0.0,-0.28515625,-0.6875,-0.765625,0
43290419.0,7032.0,1.0,0.5186767578,-0.2155761719,0.7398681641,0.3702392578
43293387.0,2968.0,0.0,-0.61328125,0.171875,-0.6796875,0
43300419.0,7032.0,1.0,0.5151977539,-0.2168579102,0.7419433594,0.3702392578
43303387.0,2968.0,0.0,-0.9453125,-0.11328125,-0.68359375,0
43310419.0,7032.0,1.0,0.5115966797,-0.2184448242,0.7437133789,0.3706665039
43313387.0,2968.0,0.0,-0.9609375,-0.703125,0.56640625,0
43320419.0,7032.0,1.0,0.5078125,-0.2205200195,0.745300293,0.3715209961
43323387.0,2968.0,0.0,-0.8984375,-1.8359375,1.74609375,0
43330419.0,7032.0,1.0,0.5036621094,-0.2229614258,0.7466430664,0.3729858398
43333387.0,2968.0,0.0,-0.578125,-1.4453125,2.26953125,0
43341419.0,8032.0,1.0,0.4993896484,-0.2257080078,0.7477416992,0.3748779297
43344387.0,2968.0,0.0,-0.07421875,-2.16015625,2.09375,0
43350419.0,6032.0,1.0,0.4948730469,-0.228515625,0.7487792969,0.3770751953
43353387.0,2968.0,0.0,0.0859375,-2.3828125,2.1484375,0
43360419.0,7032.0,1.0,0.4903564453,-0.2312011719,0.7498168945,0.3793945313
43363387.0,2968.0,0.0,-1.1171875,-1.33984375,1.015625,0
43370419.0,7032.0,1.0,0.4857177734,-0.233581543,0.7508544922,0.381652832
43373387.0,2968.0,0.0,-2.44921875,-2.15625,0.2265625,0
43381419.0,8032.0,1.0,0.4810180664,-0.235534668,0.7521362305,0.3839111328
43384387.0,2968.0,0.0,-3.36328125,-2.23046875,1.046875,0
43390419.0,6032.0,1.0,0.4763793945,-0.2368164063,0.7536621094,0.3859863281
43393387.0,2968.0,0.0,-4.80859375,-1.7109375,1.953125,0
43403419.0,10032.0,1.0,0.4716186523,-0.2373046875,0.7554931641,0.3879394531
43406387.0,2968.0,0.0,-7.4921875,-1.69921875,2.0859375,0
43410419.0,4032.0,1.0,0.4668579102,-0.2368164063,0.7577514648,0.3895874023
43413387.0,2968.0,0.0,-7.953125,-1.64453125,2.30078125,0
43421419.0,8032.0,1.0,0.462097168,-0.235168457,0.7604980469,0.3909301758
43424387.0,2968.0,0.0,-8.34375,-1.79296875,2.86328125,0
43430419.0,6032.0,1.0,0.4575805664,-0.232421875,0.7637329102,0.3916015625
43433387.0,2968.0,0.0,-8.31640625,-2.14453125,3.73828125,0
43440419.0,7032.0,1.0,0.4525756836,-0.2280273438,0.7679443359,0.3917236328
43443387.0,2968.0,0.0,-8.00390625,-2.5078125,4.703125,0
43450419.0,7032.0,1.0,0.4476318359,-0.2222290039,0.7727661133,0.3912353516
43453387.0,2968.0,0.0,-7.49609375,-2.52734375,4.98828125,0
43461419.0,8032.0,1.0,0.4426269531,-0.2147827148,0.7783203125,0.3901367188
43464387.0,2968.0,0.0,-7.3828125,-2.47265625,5.88671875,0
43470419.0,6032.0,1.0,0.4378662109,-0.2056274414,0.784362793,0.3882446289
43473387.0,2968.0,0.0,-6.78125,0.51171875,7.63671875,0
43480419.0,7032.0,1.0,0.4327392578,-0.1935424805,0.7915649414,0.385559082
43483387.0,2968.0,0.0,-5.01953125,1.99609375,7.64453125,0
43490419.0,7032.0,1.0,0.4272460938,-0.1791992188,0.7993164063,0.3825683594
43493387.0,2968.0,0.0,-3.30078125,4.14453125,7.6953125,0
43501419.0,8032.0,1.0,0.4213867188,-0.1636962891,0.8068237305,0.3803710938
43504387.0,2968.0,0.0,-1.71484375,5.75,7.2890625,0
43516419.0,12032.0,1.0,0.415222168,-0.1480712891,0.8132324219,0.3800048828
43521419.0,5000.0,1.0,0.4077758789,-0.131652832,0.818359375,0.3829345703
43523387.0,1968.0,0.0,0.33203125,10.578125,2.12890625,0
43530419.0,7032.0,1.0,0.3989257813,-0.1163330078,0.8212890625,0.3909301758
43533387.0,2968.0,0.0,0.2421875,10.6796875,3.44921875,0
43541419.0,8032.0,1.0,0.3892211914,-0.1044921875,0.8208007813,0.4049072266
43544387.0,2968.0,0.0,0.69140625,10.8125,0.3984375,0
43550419.0,6032.0,1.0,0.378112793,-0.095703125,0.8168334961,0.424987793
43553387.0,2968.0,0.0,3.40625,0.125,-1.91015625,0
43560419.0,7032.0,1.0,0.3659667969,-0.0888671875,0.8106689453,0.4483032227
43563387.0,2968.0,0.0,3.25,-6.203125,1.5078125,0
43572419.0,9032.0,1.0,0.3546142578,-0.0824584961,0.8048095703,0.4688110352
43575387.0,2968.0,0.0,3.88671875,-12.1640625,0.0703125,0
43582419.0,7032.0,1.0,0.3436889648,-0.0749511719,0.7992553711,0.4872436523
43585387.0,2968.0,0.0,3.546875,-11.85546875,-0.1171875,0
43590419.0,5032.0,1.0,0.3345947266,-0.0677490234,0.7931518555,0.5043945313
43593387.0,2968.0,0.0,3.85546875,-3.31640625,-0.7109375,0
43600419.0,7032.0,1.0,0.3269042969,-0.0607910156,0.7856445313,0.5217285156
43603387.0,2968.0,0.0,2.76953125,-4.546875,-0.33984375,0
43611419.0,8032.0,1.0,0.3214111328,-0.053894043,0.7790527344,0.5355224609
43614387.0,2968.0,0.0,1.59375,-7.35546875,-0.671875,0
43620419.0,6032.0,1.0,0.3179931641,-0.0466308594,0.774597168,0.5447387695
43623387.0,2968.0,0.0,0.91796875,-8.67578125,-1.85546875,0
43635419.0,12032.0,1.0,0.3157958984,-0.0386352539,0.7717895508,0.5505981445
43639387.0,3968.0,0.0,1.375,-5.4921875,-0.234375,0
43642419.0,3032.0,1.0,0.3146362305,-0.0307006836,0.7704467773,0.5535888672
43645387.0,2968.0,0.0,1.265625,-5.5703125,-0.2890625,0
43650419.0,5032.0,1.0,0.3140869141,-0.0228271484,0.7697143555,0.5553588867
43653387.0,2968.0,0.0,1.25,-4.0625,0.36328125,0
43660419.0,7032.0,1.0,0.3138427734,-0.0166625977,0.7689819336,0.5567016602
43663387.0,2968.0,0.0,0.87109375,-2.38671875,1.18359375,0
