time_us,time_dif_us,data_type,value_1,value_2,value_3,value_4
11723429.0,7032.0,1.0,0.311340332,-0.6189575195,0.4028930664,0.5980224609
11726397.0,2968.0,0.0,-0.0078125,-0.15625,-0.0625,0
11732429.0,6032.0,1.0,0.3112792969,-0.6189575195,0.4028320313,0.5980834961
11735397.0,2968.0,0.0,0.02734375,-0.15625,-0.0234375,0
11742429.0,7032.0,1.0,0.3112792969,-0.6189575195,0.4027709961,0.5981445313
11746397.0,3968.0,0.0,-0.0078125,-0.140625,-0.0703125,0
11753429.0,7032.0,1.0,0.3112182617,-0.6189575195,0.4027099609,0.5982055664
11756397.0,2968.0,0.0,-0.0078125,-0.1484375,-0.03125,0
11762429.0,6032.0,1.0,0.3112182617,-0.6188964844,0.4027099609,0.5982666016
11765397.0,2968.0,0.0,0.02734375,-0.0625,0.0078125,0
11772429.0,7032.0,1.0,0.3111572266,-0.6188964844,0.4026489258,0.5983276367
11775397.0,2968.0,0.0,-0.0078125,-0.140625,0.046875,0
11783429.0,8032.0,1.0,0.3111572266,-0.6188964844,0.4025878906,0.598449707
11786397.0,2968.0,0.0,0.01953125,0.12890625,-0.14453125,0
11793429.0,7032.0,1.0,0.3110961914,-0.6188354492,0.4025268555,0.5985107422
11796397.0,2968.0,0.0,-0.015625,0.01171875,-0.0703125,0
11802429.0,6032.0,1.0,0.3110961914,-0.6188354492,0.4024658203,0.5985717773
11805397.0,2968.0,0.0,-0.015625,-0.046875,-0.03125,0
11812429.0,7032.0,1.0,0.3110961914,-0.6187744141,0.4024658203,0.5986328125
11815397.0,2968.0,0.0,0.01953125,0.02734375,-0.03125,0
11823429.0,8032.0,1.0,0.3111572266,-0.6187133789,0.4024658203,0.5986328125
11826397.0,2968.0,0.0,-0.0078125,-0.0546875,-0.0234375,0
11833429.0,7032.0,1.0,0.3111572266,-0.6186523438,0.4024658203,0.5986938477
11836397.0,2968.0,0.0,-0.0078125,-0.09375,-0.0234375,0
11843429.0,7032.0,1.0,0.3112182617,-0.6186523438,0.4024658203,0.5987548828
11846397.0,2968.0,0.0,0.02734375,0.01953125,-0.0625,0
11852429.0,6032.0,1.0,0.3112182617,-0.6185913086,0.4024047852,0.598815918
11855397.0,2968.0,0.0,-0.0078125,0.02734375,-0.03125,0
11863429.0,8032.0,1.0,0.3112792969,-0.6185302734,0.4024047852,0.5988769531
11866397.0,2968.0,0.0,-0.0078125,-0.01171875,-0.03125,0
11873429.0,7032.0,1.0,0.3112792969,-0.6184692383,0.40234375,0.5989379883
11876397.0,2968.0,0.0,0.02734375,0.06640625,-0.03125,0
11883429.0,7032.0,1.0,0.311340332,-0.6184082031,0.40234375,0.5989379883
11886397.0,2968.0,0.0,-0.0078125,0.06640625,0.0078125,0
11892429.0,6032.0,1.0,0.311340332,-0.618347168,0.4022827148,0.5989990234
11895397.0,2968.0,0.0,0.02734375,0.10546875,0.046875,0
11903429.0,8032.0,1.0,0.3114013672,-0.618347168,0.4022827148,0.5990600586
11906397.0,2968.0,0.0,0.02734375,0.06640625,0.08203125,0
11913429.0,7032.0,1.0,0.3115234375,-0.6182250977,0.4022827148,0.5990600586
11916397.0,2968.0,0.0,0.02734375,0.25,0.07421875,0
11923429.0,7032.0,1.0,0.3115844727,-0.6181640625,0.40234375,0.5990600586
11926397.0,2968.0,0.0,0.02734375,-0.0546875,0.11328125,0
11932429.0,6032.0,1.0,0.3116455078,-0.6181030273,0.40234375,0.5991210938
11935397.0,2968.0,0.0,0.02734375,0.01953125,0.19140625,0
11943429.0,8032.0,1.0,0.311706543,-0.6180419922,0.40234375,0.5991210938
11946397.0,2968.0,0.0,0.02734375,0.09765625,0.15234375,0
11952429.0,6032.0,1.0,0.3117675781,-0.6180419922,0.40234375,0.5991210938
11955397.0,2968.0,0.0,0.01953125,-0.02734375,0.10546875,0
11963429.0,8032.0,1.0,0.3118286133,-0.6180419922,0.4024047852,0.5991210938
11966397.0,2968.0,0.0,-0.015625,0.08984375,0.22265625,0
11973429.0,7032.0,1.0,0.3118286133,-0.617980957,0.40234375,0.5991210938
11976397.0,2968.0,0.0,-0.015625,0.05859375,0.328125,0
11983429.0,7032.0,1.0,0.3118896484,-0.617980957,0.40234375,0.5991210938
11986397.0,2968.0,0.0,0.01953125,0.12890625,0.2421875,0
11992429.0,6032.0,1.0,0.3119506836,-0.617980957,0.40234375,0.5990600586
11995397.0,2968.0,0.0,0.01953125,0.05078125,0.16796875,0
12002429.0,7032.0,1.0,0.3120117188,-0.617980957,0.40234375,0.5990600586
12005397.0,2968.0,0.0,0.01953125,0.08984375,0.16796875,0
12013429.0,8032.0,1.0,0.3120117188,-0.6180419922,0.40234375,0.5989990234
12016397.0,2968.0,0.0,0.01953125,0.01171875,0.07421875,0
12023429.0,7032.0,1.0,0.3120727539,-0.6180419922,0.40234375,0.5989379883
12026397.0,2968.0,0.0,0.01953125,0.05078125,0.03515625,0
12033429.0,7032.0,1.0,0.3120727539,-0.6181030273,0.40234375,0.5988769531
12036397.0,2968.0,0.0,-0.015625,-0.02734375,-0.0390625,0
12043429.0,7032.0,1.0,0.3120727539,-0.6181640625,0.40234375,0.598815918
12047397.0,3968.0,0.0,0.01171875,-0.0703125,0.0,0
12053429.0,6032.0,1.0,0.3120727539,-0.6181640625,0.40234375,0.5987548828
12056397.0,2968.0,0.0,0.01953125,0.00390625,0.06640625,0
12063429.0,7032.0,1.0,0.3121337891,-0.6182250977,0.4024047852,0.5987548828
12066397.0,2968.0,0.0,-0.015625,-0.0703125,0.06640625,0
12073429.0,7032.0,1.0,0.3121948242,-0.6182250977,0.4024658203,0.5986938477
12076397.0,2968.0,0.0,0.01953125,-0.0625,-0.046875,0
12083429.0,7032.0,1.0,0.3121948242,-0.6182250977,0.4024658203,0.5986328125
12087397.0,3968.0,0.0,-0.015625,-0.1015625,-0.0859375,0
12093429.0,6032.0,1.0,0.3121948242,-0.6182861328,0.4025268555,0.5985107422
12096397.0,2968.0,0.0,-0.0234375,-0.1015625,-0.0859375,0
12103429.0,7032.0,1.0,0.3121948242,-0.618347168,0.4025268555,0.5985107422
12106397.0,2968.0,0.0,-0.0234375,0.01171875,-0.0078125,0
12113429.0,7032.0,1.0,0.3121948242,-0.618347168,0.4025268555,0.598449707
12116397.0,2968.0,0.0,-0.0234375,-0.02734375,0.06640625,0
12123429.0,7032.0,1.0,0.3121337891,-0.6184082031,0.4025878906,0.5983276367
12127397.0,3968.0,0.0,0.01171875,0.05078125,0.06640625,0
12133429.0,6032.0,1.0,0.3121948242,-0.6184692383,0.4026489258,0.5982666016
12136397.0,2968.0,0.0,-0.0234375,0.13671875,0.03515625,0
12142429.0,6032.0,1.0,0.3121948242,-0.6185302734,0.4027099609,0.5981445313
12145397.0,2968.0,0.0,-0.0234375,0.01953125,-0.078125,0
12153429.0,8032.0,1.0,0.3122558594,-0.6185302734,0.4027709961,0.5980834961
12156397.0,2968.0,0.0,0.01171875,-0.01953125,-0.078125,0
12163429.0,7032.0,1.0,0.3123168945,-0.6185913086,0.4028320313,0.5979614258
12167397.0,3968.0,0.0,-0.0234375,-0.1328125,-0.0703125,0
12173429.0,6032.0,1.0,0.3123168945,-0.6185913086,0.4028930664,0.5979003906
12176397.0,2968.0,0.0,-0.0234375,-0.1328125,-0.109375,0
12182429.0,6032.0,1.0,0.3123779297,-0.6186523438,0.4029541016,0.5977783203
12185397.0,2968.0,0.0,-0.0234375,-0.1640625,-0.1015625,0
12193429.0,8032.0,1.0,0.3123779297,-0.6186523438,0.4030151367,0.5977172852
12196397.0,2968.0,0.0,-0.0234375,-0.125,-0.140625,0
12203429.0,7032.0,1.0,0.3124389648,-0.6187133789,0.4030151367,0.5975952148
12207397.0,3968.0,0.0,-0.0234375,-0.0859375,-0.1015625,0
12213429.0,6032.0,1.0,0.3123779297,-0.6187744141,0.4030761719,0.5975952148
12216397.0,2968.0,0.0,-0.015625,-0.0390625,-0.09375,0
12223429.0,7032.0,1.0,0.3123779297,-0.6188354492,0.4030151367,0.5975341797
12226397.0,2968.0,0.0,-0.015625,-0.00390625,-0.046875,0
12233429.0,7032.0,1.0,0.3123779297,-0.6188354492,0.4030151367,0.5975341797
12236397.0,2968.0,0.0,-0.015625,0.03515625,-0.046875,0
12243429.0,7032.0,1.0,0.3123168945,-0.6188964844,0.4030151367,0.5974731445
12246397.0,2968.0,0.0,0.01953125,0.03515625,-0.046875,0
12253429.0,7032.0,1.0,0.3123168945,-0.6189575195,0.4030151367,0.5974121094
12256397.0,2968.0,0.0,0.01953125,0.00390625,-0.0390625,0
12263429.0,7032.0,1.0,0.3123779297,-0.6189575195,0.4030761719,0.5973510742
12266397.0,2968.0,0.0,-0.015625,0.00390625,-0.03125,0
12273429.0,7032.0,1.0,0.3124389648,-0.6190185547,0.403137207,0.5972900391
12276397.0,2968.0,0.0,0.01171875,0.04296875,-0.03125,0
12283429.0,7032.0,1.0,0.3124389648,-0.6190185547,0.403137207,0.5972290039
12286397.0,2968.0,0.0,0.01953125,0.00390625,-0.0703125,0
12293429.0,7032.0,1.0,0.3124389648,-0.6190795898,0.403137207,0.5971679688
12296397.0,2968.0,0.0,-0.015625,-0.03125,-0.1015625,0
12303429.0,7032.0,1.0,0.3123779297,-0.619140625,0.403137207,0.5971679688
12306397.0,2968.0,0.0,-0.015625,-0.03125,-0.0546875,0
12313429.0,7032.0,1.0,0.3123779297,-0.6192016602,0.4030761719,0.5971069336
12316397.0,2968.0,0.0,-0.015625,-0.0703125,-0.0546875,0
12323429.0,7032.0,1.0,0.3123168945,-0.6192626953,0.4030761719,0.5970458984
12326397.0,2968.0,0.0,-0.015625,-0.0703125,-0.015625,0
12333429.0,7032.0,1.0,0.3123168945,-0.6192626953,0.403137207,0.5970458984
12336397.0,2968.0,0.0,-0.0234375,0.00390625,-0.0078125,0
12343429.0,7032.0,1.0,0.3123779297,-0.6193237305,0.403137207,0.5969238281
12346397.0,2968.0,0.0,0.01171875,0.05078125,-0.0078125,0
12353429.0,7032.0,1.0,0.3123779297,-0.6193237305,0.4031982422,0.596862793
12356397.0,2968.0,0.0,-0.0234375,-0.0546875,-0.0078125,0
12363429.0,7032.0,1.0,0.3124389648,-0.6193237305,0.4032592773,0.5968017578
12366397.0,2968.0,0.0,-0.015625,-0.0234375,0.0,0
12372429.0,6032.0,1.0,0.3125,-0.6193847656,0.4032592773,0.5967407227
12375397.0,2968.0,0.0,-0.015625,0.01171875,-0.0390625,0
12383429.0,8032.0,1.0,0.3125,-0.6193847656,0.4033203125,0.5967407227
12386397.0,2968.0,0.0,-0.015625,-0.0625,-0.078125,0
12393429.0,7032.0,1.0,0.3125,-0.6193847656,0.4033203125,0.5966796875
12396397.0,2968.0,0.0,0.01171875,-0.0546875,-0.0703125,0
12403429.0,7032.0,1.0,0.3125,-0.6194458008,0.4033203125,0.5966186523
12406397.0,2968.0,0.0,-0.015625,-0.0625,-0.03125,0
12413429.0,7032.0,1.0,0.3125,-0.6194458008,0.4033203125,0.5966186523
12416397.0,2968.0,0.0,-0.015625,-0.09375,-0.0703125,0
12423429.0,7032.0,1.0,0.3124389648,-0.6195068359,0.4033203125,0.5966186523
12427397.0,3968.0,0.0,-0.0078125,-0.015625,-0.0234375,0
12433429.0,6032.0,1.0,0.3124389648,-0.6195068359,0.4033203125,0.5966186523
12436397.0,2968.0,0.0,-0.015625,-0.015625,0.015625,0
12443429.0,7032.0,1.0,0.3124389648,-0.6195068359,0.4032592773,0.5966186523
12446397.0,2968.0,0.0,-0.015625,0.01953125,0.015625,0
12453429.0,7032.0,1.0,0.3124389648,-0.6195678711,0.4033203125,0.5965576172
12456397.0,2968.0,0.0,0.01953125,0.01953125,0.015625,0
12463429.0,7032.0,1.0,0.3124389648,-0.6195678711,0.4033203125,0.5965576172
12467397.0,3968.0,0.0,-0.015625,-0.015625,0.015625,0
12473429.0,6032.0,1.0,0.3125,-0.6195678711,0.4033813477,0.596496582
12476397.0,2968.0,0.0,-0.015625,-0.0546875,-0.0234375,0
12483429.0,7032.0,1.0,0.3125,-0.6195678711,0.4033813477,0.5964355469
12486397.0,2968.0,0.0,0.01953125,-0.046875,-0.0546875,0
12493429.0,7032.0,1.0,0.3125,-0.6195678711,0.4034423828,0.5964355469
12496397.0,2968.0,0.0,-0.015625,-0.0078125,-0.015625,0
12503429.0,7032.0,1.0,0.3124389648,-0.6195678711,0.4033813477,0.5964355469
12507397.0,3968.0,0.0,0.01953125,0.02734375,0.0234375,0
12513429.0,6032.0,1.0,0.3124389648,-0.6196289063,0.4033813477,0.5964355469
12516397.0,2968.0,0.0,-0.015625,0.02734375,-0.015625,0
12523429.0,7032.0,1.0,0.3123779297,-0.6196289063,0.4033203125,0.5964355469
12526397.0,2968.0,0.0,-0.0546875,-0.0859375,-0.0546875,0
12533429.0,7032.0,1.0,0.3123168945,-0.6196899414,0.4033203125,0.596496582
12536397.0,2968.0,0.0,-0.015625,-0.0859375,-0.046875,0
12543429.0,7032.0,1.0,0.3123168945,-0.6196899414,0.4032592773,0.596496582
12546397.0,2968.0,0.0,-0.015625,-0.0078125,-0.08203125,0
12553429.0,7032.0,1.0,0.3122558594,-0.6196899414,0.4032592773,0.5965576172
12556397.0,2968.0,0.0,0.01953125,0.02734375,-0.046875,0
12563429.0,7032.0,1.0,0.3122558594,-0.6196899414,0.4031982422,0.5965576172
12566397.0,2968.0,0.0,0.01953125,0.07421875,0.03125,0
12573429.0,7032.0,1.0,0.3122558594,-0.6196899414,0.4031982422,0.5965576172
12576397.0,2968.0,0.0,0.01953125,0.10546875,0.03125,0
12583429.0,7032.0,1.0,0.3122558594,-0.6196899414,0.4031982422,0.5965576172
12586397.0,2968.0,0.0,-0.015625,0.06640625,0.0703125,0
12593429.0,7032.0,1.0,0.3123168945,-0.6196899414,0.4031982422,0.5965576172
12596397.0,2968.0,0.0,0.01953125,0.06640625,0.03125,0
12603429.0,7032.0,1.0,0.3123168945,-0.6196899414,0.4032592773,0.5965576172
12606397.0,2968.0,0.0,-0.015625,0.10546875,0.0703125,0
12613429.0,7032.0,1.0,0.3123168945,-0.6196899414,0.4032592773,0.5965576172
12616397.0,2968.0,0.0,-0.015625,0.14453125,0.03125,0
12623429.0,7032.0,1.0,0.3123168945,-0.6196899414,0.4032592773,0.596496582
12626397.0,2968.0,0.0,-0.015625,0.10546875,0.03125,0
12633429.0,7032.0,1.0,0.3123779297,-0.6196899414,0.4032592773,0.596496582
12636397.0,2968.0,0.0,-0.015625,0.01953125,-0.015625,0
12643429.0,7032.0,1.0,0.3123168945,-0.6196899414,0.4031982422,0.596496582
12646397.0,2968.0,0.0,-0.015625,0.05859375,0.0234375,0
12653429.0,7032.0,1.0,0.3123779297,-0.6196899414,0.4031982422,0.596496582
12656397.0,2968.0,0.0,0.01953125,0.05859375,0.0234375,0
12663429.0,7032.0,1.0,0.3123779297,-0.6197509766,0.4031982422,0.596496582
12666397.0,2968.0,0.0,-0.015625,0.08984375,0.0234375,0
12673429.0,7032.0,1.0,0.3123779297,-0.6197509766,0.403137207,0.596496582
12676397.0,2968.0,0.0,-0.0078125,0.01171875,0.0234375,0
12683429.0,7032.0,1.0,0.3124389648,-0.6197509766,0.403137207,0.596496582
12686397.0,2968.0,0.0,0.02734375,-0.0234375,0.0234375,0
12693429.0,7032.0,1.0,0.3124389648,-0.6197509766,0.403137207,0.596496582
12696397.0,2968.0,0.0,-0.0078125,-0.0625,-0.015625,0
12703429.0,7032.0,1.0,0.3124389648,-0.6197509766,0.403137207,0.596496582
12706397.0,2968.0,0.0,-0.0078125,-0.0625,-0.015625,0
12713429.0,7032.0,1.0,0.3124389648,-0.6197509766,0.403137207,0.596496582
12716397.0,2968.0,0.0,-0.0078125,-0.0234375,0.0234375,0
12723429.0,7032.0,1.0,0.3123779297,-0.6197509766,0.403137207,0.596496582
12726397.0,2968.0,0.0,-0.0078125,0.01171875,-0.015625,0
12733429.0,7032.0,1.0,0.3123779297,-0.6197509766,0.4030761719,0.596496582
12736397.0,2968.0,0.0,-0.0078125,0.01171875,0.0234375,0
12743429.0,7032.0,1.0,0.3123779297,-0.6197509766,0.4030761719,0.5965576172
12746397.0,2968.0,0.0,-0.0078125,0.04296875,0.015625,0
12753429.0,7032.0,1.0,0.3123779297,-0.6197509766,0.4030151367,0.5965576172
12756397.0,2968.0,0.0,-0.0078125,-0.1015625,-0.0546875,0
12763429.0,7032.0,1.0,0.3123779297,-0.6197509766,0.4030151367,0.5966186523
12766397.0,2968.0,0.0,0.02734375,-0.0234375,-0.0625,0
12773429.0,7032.0,1.0,0.3123779297,-0.6197509766,0.4030151367,0.5966186523
12776397.0,2968.0,0.0,0.02734375,0.05078125,0.015625,0
12783429.0,7032.0,1.0,0.3123779297,-0.6197509766,0.4029541016,0.5966186523
12786397.0,2968.0,0.0,0.02734375,0.04296875,0.015625,0
12793429.0,7032.0,1.0,0.3123168945,-0.6197509766,0.4029541016,0.5966796875
12796397.0,2968.0,0.0,-0.0078125,0.00390625,0.0546875,0
12803429.0,7032.0,1.0,0.3123168945,-0.6197509766,0.4028930664,0.5966796875
12807397.0,3968.0,0.0,-0.0078125,0.04296875,0.0546875,0
12813429.0,6032.0,1.0,0.3123779297,-0.6196899414,0.4028930664,0.5966796875
12816397.0,2968.0,0.0,0.02734375,0.04296875,0.015625,0
12823429.0,7032.0,1.0,0.3123779297,-0.6196899414,0.4028930664,0.5967407227
12826397.0,2968.0,0.0,-0.0078125,-0.03125,0.015625,0
12833429.0,7032.0,1.0,0.3123779297,-0.6196899414,0.4028930664,0.5967407227
12836397.0,2968.0,0.0,-0.0078125,-0.03125,-0.0234375,0
12843429.0,7032.0,1.0,0.3123779297,-0.6196899414,0.4028930664,0.5967407227
12847397.0,3968.0,0.0,0.02734375,-0.0703125,-0.0625,0
12853429.0,6032.0,1.0,0.3123779297,-0.6196899414,0.4028930664,0.5967407227
12856397.0,2968.0,0.0,0.02734375,-0.109375,-0.0625,0
12863429.0,7032.0,1.0,0.3123168945,-0.6196899414,0.4028320313,0.5968017578
12866397.0,2968.0,0.0,-0.0078125,-0.03125,0.015625,0
12873429.0,7032.0,1.0,0.3122558594,-0.6196899414,0.4027709961,0.596862793
12876397.0,2968.0,0.0,-0.0078125,0.00390625,0.015625,0
12883429.0,7032.0,1.0,0.3122558594,-0.6196899414,0.4027099609,0.5969238281
12887397.0,3968.0,0.0,0.02734375,0.00390625,0.015625,0
12893429.0,6032.0,1.0,0.3122558594,-0.6196899414,0.4026489258,0.5969238281
12896397.0,2968.0,0.0,-0.0078125,-0.1015625,0.09375,0
12903429.0,7032.0,1.0,0.3121948242,-0.6196899414,0.4026489258,0.5969848633
12906397.0,2968.0,0.0,-0.0078125,0.3515625,-0.22265625,0
12913429.0,7032.0,1.0,0.3121948242,-0.6196899414,0.4025268555,0.5970458984
12916397.0,2968.0,0.0,0.01953125,-0.109375,-0.03125,0
12923429.0,7032.0,1.0,0.3121948242,-0.6196899414,0.4025268555,0.5971069336
12927397.0,3968.0,0.0,-0.0078125,-0.0703125,-0.03125,0
12933429.0,6032.0,1.0,0.3123168945,-0.6196289063,0.4025268555,0.5971069336
12936397.0,2968.0,0.0,-0.015625,-0.0703125,-0.03125,0
12943429.0,7032.0,1.0,0.3124389648,-0.6195068359,0.4026489258,0.5970458984
12946397.0,2968.0,0.0,0.01953125,-0.140625,0.0078125,0
12953429.0,7032.0,1.0,0.3126831055,-0.6193847656,0.4027709961,0.5969848633
12956397.0,2968.0,0.0,-0.015625,-0.140625,0.0078125,0
12963429.0,7032.0,1.0,0.3128051758,-0.6192626953,0.4028320313,0.5969238281
12966397.0,2968.0,0.0,-0.015625,0.05078125,-0.03125,0
12973429.0,7032.0,1.0,0.3128662109,-0.6192626953,0.4028320313,0.5969848633
12976397.0,2968.0,0.0,-0.015625,-0.1015625,-0.10546875,0
12983429.0,7032.0,1.0,0.3128662109,-0.6192016602,0.4028320313,0.5970458984
12986397.0,2968.0,0.0,-0.015625,-0.70703125,-0.22265625,0
12993429.0,7032.0,1.0,0.3129272461,-0.6190795898,0.4028320313,0.5971069336
12996397.0,2968.0,0.0,-0.0078125,-0.69921875,-0.0703125,0
13003429.0,7032.0,1.0,0.3129272461,-0.6190185547,0.4029541016,0.5971069336
13006397.0,2968.0,0.0,-0.0078125,-0.5,0.12109375,0
13013429.0,7032.0,1.0,0.3129272461,-0.6189575195,0.4029541016,0.5971679688
13016397.0,2968.0,0.0,-0.0078125,-0.18359375,0.4296875,0
13023429.0,7032.0,1.0,0.3128662109,-0.6189575195,0.4030151367,0.5971679688
13026397.0,2968.0,0.0,0.05859375,0.58984375,0.95703125,0
13033429.0,7032.0,1.0,0.3128662109,-0.6189575195,0.4030761719,0.5971069336
13036397.0,2968.0,0.0,0.06640625,0.96484375,1.21875,0
13043429.0,7032.0,1.0,0.3128662109,-0.6189575195,0.4030761719,0.5971069336
13046397.0,2968.0,0.0,0.06640625,1.125,1.21875,0
13053429.0,7032.0,1.0,0.3128051758,-0.6190795898,0.4030761719,0.5970458984
13056397.0,2968.0,0.0,0.05859375,0.89453125,0.55859375,0
13063429.0,7032.0,1.0,0.3128662109,-0.619140625,0.4030761719,0.5969238281
13066397.0,2968.0,0.0,0.01953125,0.58203125,0.296875,0
13073429.0,7032.0,1.0,0.3128662109,-0.6192626953,0.4030151367,0.5968017578
13076397.0,2968.0,0.0,0.01953125,0.2734375,0.0703125,0
13083429.0,7032.0,1.0,0.3128662109,-0.6193847656,0.4029541016,0.5966796875
13086397.0,2968.0,0.0,-0.015625,0.05078125,-0.0859375,0
13093429.0,7032.0,1.0,0.3128662109,-0.6195068359,0.4028930664,0.5966186523
13096397.0,2968.0,0.0,-0.015625,-0.21484375,-0.91796875,0
13103429.0,7032.0,1.0,0.3129272461,-0.6196289063,0.4028320313,0.596496582
13106397.0,2968.0,0.0,-0.0859375,-0.17578125,-0.58203125,0
13113429.0,7032.0,1.0,0.3131103516,-0.6196289063,0.4028930664,0.5963745117
13116397.0,2968.0,0.0,0.06640625,0.12890625,-0.57421875,0
13123429.0,7032.0,1.0,0.3132324219,-0.6196899414,0.4028930664,0.5962524414
13126397.0,2968.0,0.0,0.01953125,0.671875,-0.58203125,0
13133429.0,7032.0,1.0,0.3133544922,-0.6196899414,0.4028930664,0.5962524414
13136397.0,2968.0,0.0,-0.015625,-0.20703125,0.14453125,0
13143429.0,7032.0,1.0,0.3133544922,-0.6198120117,0.4028320313,0.5961914063
13146397.0,2968.0,0.0,-0.015625,-0.359375,0.10546875,0
13153429.0,7032.0,1.0,0.3133544922,-0.6198730469,0.4027709961,0.5960693359
13156397.0,2968.0,0.0,-0.015625,-0.23828125,0.26171875,0
13163429.0,7032.0,1.0,0.3134155273,-0.619934082,0.4027709961,0.5960083008
13166397.0,2968.0,0.0,0.01953125,-0.16796875,0.52734375,0
13173429.0,7032.0,1.0,0.3134765625,-0.6199951172,0.4027709961,0.5958862305
13176397.0,2968.0,0.0,0.02734375,0.48828125,0.8046875,0
13183429.0,7032.0,1.0,0.3135375977,-0.6201171875,0.4028320313,0.5957641602
13186397.0,2968.0,0.0,0.01953125,0.56640625,0.7265625,0
13193429.0,7032.0,1.0,0.3135375977,-0.6202392578,0.4028320313,0.5955810547
13196397.0,2968.0,0.0,0.01953125,0.296875,0.4296875,0
13203429.0,7032.0,1.0,0.3135375977,-0.6203613281,0.4028320313,0.5954589844
13206397.0,2968.0,0.0,0.01953125,-0.078125,0.19140625,0
13213429.0,7032.0,1.0,0.3135986328,-0.6205444336,0.4028320313,0.5952758789
13216397.0,2968.0,0.0,0.01953125,-0.19921875,-0.296875,0
13223429.0,7032.0,1.0,0.3135375977,-0.6206665039,0.4028320313,0.5951538086
13227397.0,3968.0,0.0,-0.0546875,-0.0859375,-0.65234375,0
13233429.0,6032.0,1.0,0.3135375977,-0.6207885742,0.4028320313,0.5949707031
13236397.0,2968.0,0.0,-0.0078125,-0.4296875,-0.296875,0
13243429.0,7032.0,1.0,0.3135986328,-0.6209106445,0.4028320313,0.594909668
13246397.0,2968.0,0.0,-0.015625,-0.23828125,-0.296875,0
13253429.0,7032.0,1.0,0.3135375977,-0.6209716797,0.4028320313,0.5947875977
13256397.0,2968.0,0.0,-0.015625,-0.078125,-0.26171875,0
13263429.0,7032.0,1.0,0.3134765625,-0.62109375,0.4027709961,0.5947875977
13267397.0,3968.0,0.0,-0.015625,-0.19140625,-0.2890625,0
13273429.0,6032.0,1.0,0.3134155273,-0.6212158203,0.4027099609,0.5947265625
13276397.0,2968.0,0.0,-0.015625,-0.23828125,-0.40625,0
13283429.0,7032.0,1.0,0.3133544922,-0.6212768555,0.4026489258,0.5947265625
13286397.0,2968.0,0.0,-0.015625,-0.1171875,-0.484375,0
13293429.0,7032.0,1.0,0.3133544922,-0.6213378906,0.4026489258,0.5947265625
13296397.0,2968.0,0.0,-0.015625,-0.15234375,-0.3671875,0
13303429.0,7032.0,1.0,0.313293457,-0.6213989258,0.4025878906,0.5947265625
13307397.0,3968.0,0.0,-0.015625,-0.1171875,-0.2890625,0
13313429.0,6032.0,1.0,0.3131713867,-0.6214599609,0.4025268555,0.5947265625
13316397.0,2968.0,0.0,0.01953125,-0.0390625,-0.17578125,0
13323429.0,7032.0,1.0,0.3131103516,-0.6214599609,0.4024658203,0.5947875977
13326397.0,2968.0,0.0,0.01953125,0.07421875,-0.0234375,0
13333429.0,7032.0,1.0,0.3130493164,-0.6215209961,0.40234375,0.5947875977
13336397.0,2968.0,0.0,0.01953125,0.11328125,-0.0625,0
13343429.0,7032.0,1.0,0.3129882813,-0.6215820313,0.4022827148,0.5948486328
13347397.0,3968.0,0.0,-0.015625,-0.078125,-0.13671875,0
13353429.0,6032.0,1.0,0.3129882813,-0.6215820313,0.4022827148,0.5948486328
13356397.0,2968.0,0.0,-0.015625,-0.19140625,-0.17578125,0
13363429.0,7032.0,1.0,0.3129882813,-0.6215820313,0.4022827148,0.594909668
13366397.0,2968.0,0.0,-0.015625,-0.15234375,-0.21484375,0
13373429.0,7032.0,1.0,0.3129882813,-0.6215209961,0.4022216797,0.594909668
13376397.0,2968.0,0.0,-0.015625,-0.0859375,-0.25390625,0
13383429.0,7032.0,1.0,0.3129882813,-0.6214599609,0.4022216797,0.5949707031
13386397.0,2968.0,0.0,-0.015625,-0.125,-0.25390625,0
13393429.0,7032.0,1.0,0.3129882813,-0.6213989258,0.4022216797,0.5950927734
13396397.0,2968.0,0.0,-0.015625,-0.046875,-0.09765625,0
13403429.0,7032.0,1.0,0.3129272461,-0.6213989258,0.4022216797,0.5951538086
13406397.0,2968.0,0.0,0.01953125,0.06640625,0.0078125,0
13413429.0,7032.0,1.0,0.3129272461,-0.6213378906,0.4021606445,0.5952148438
13416397.0,2968.0,0.0,-0.015625,0.14453125,0.046875,0
13424429.0,8032.0,1.0,0.3128662109,-0.6213378906,0.4020996094,0.5952758789
13427397.0,2968.0,0.0,0.01953125,0.18359375,0.23828125,0
13433429.0,6032.0,1.0,0.3128051758,-0.6213378906,0.4020996094,0.5953369141
13436397.0,2968.0,0.0,0.01953125,0.3359375,0.12109375,0
13443429.0,7032.0,1.0,0.3127441406,-0.6213378906,0.4020385742,0.5953979492
13446397.0,2968.0,0.0,-0.015625,0.2578125,0.078125,0
13453429.0,7032.0,1.0,0.3128051758,-0.6213378906,0.4020385742,0.5953979492
13456397.0,2968.0,0.0,-0.015625,0.06640625,0.078125,0
13464429.0,8032.0,1.0,0.3128662109,-0.6212768555,0.4020996094,0.5953979492
13467397.0,2968.0,0.0,0.01953125,0.10546875,-0.15234375,0
13473429.0,6032.0,1.0,0.3129272461,-0.6212158203,0.4020996094,0.5953979492
13476397.0,2968.0,0.0,-0.015625,-0.19921875,-0.26953125,0
13483429.0,7032.0,1.0,0.3129272461,-0.6212158203,0.4020996094,0.5953979492
13486397.0,2968.0,0.0,-0.015625,-0.16015625,-0.15234375,0
13493429.0,7032.0,1.0,0.3129882813,-0.6211547852,0.4020996094,0.5953979492
13496397.0,2968.0,0.0,-0.015625,-0.125,-0.078125,0
13504429.0,8032.0,1.0,0.3129882813,-0.6211547852,0.4020996094,0.5954589844
13507397.0,2968.0,0.0,0.01953125,0.03125,0.0390625,0
13513429.0,6032.0,1.0,0.3129272461,-0.6211547852,0.4020385742,0.5954589844
13516397.0,2968.0,0.0,0.01953125,0.375,0.23046875,0
13523429.0,7032.0,1.0,0.3129272461,-0.6211547852,0.4020385742,0.5955200195
13526397.0,2968.0,0.0,0.01953125,0.48828125,0.23046875,0
13533429.0,7032.0,1.0,0.3129272461,-0.6211547852,0.4019775391,0.5955200195
13536397.0,2968.0,0.0,0.01953125,0.44140625,0.19140625,0
13544429.0,8032.0,1.0,0.3129272461,-0.6211547852,0.4019775391,0.5955200195
13547397.0,2968.0,0.0,-0.015625,0.328125,0.078125,0
13553429.0,6032.0,1.0,0.3129882813,-0.6211547852,0.4019775391,0.5954589844
13556397.0,2968.0,0.0,0.01953125,0.17578125,0.0,0
13563429.0,7032.0,1.0,0.3130493164,-0.6211547852,0.4019775391,0.5954589844
13566397.0,2968.0,0.0,0.01953125,0.13671875,-0.0390625,0
13573429.0,7032.0,1.0,0.3131103516,-0.6212158203,0.4019775391,0.5953979492
13576397.0,2968.0,0.0,0.01953125,0.17578125,-0.0390625,0
13584429.0,8032.0,1.0,0.3131103516,-0.6212768555,0.4019165039,0.5953979492
13587397.0,2968.0,0.0,-0.015625,0.13671875,0.0,0
13593429.0,6032.0,1.0,0.3131103516,-0.6212768555,0.4018554688,0.5953979492
13596397.0,2968.0,0.0,0.01953125,-0.0546875,0.0,0
13603429.0,7032.0,1.0,0.3131103516,-0.6213378906,0.4018554688,0.5953369141
13606397.0,2968.0,0.0,-0.015625,0.05859375,0.0390625,0
13614429.0,8032.0,1.0,0.3131713867,-0.6213378906,0.4017944336,0.5952758789
13617397.0,2968.0,0.0,0.01953125,-0.0078125,0.078125,0
13623429.0,6032.0,1.0,0.3131713867,-0.6213989258,0.4017944336,0.5952758789
13626397.0,2968.0,0.0,-0.015625,0.03125,0.0859375,0
13633429.0,7032.0,1.0,0.3132324219,-0.6214599609,0.4017944336,0.5952148438
13636397.0,2968.0,0.0,-0.015625,0.06640625,0.0078125,0
13643429.0,7032.0,1.0,0.313293457,-0.6214599609,0.4017944336,0.5951538086
13647397.0,3968.0,0.0,-0.015625,-0.19921875,-0.03125,0
13654429.0,7032.0,1.0,0.3133544922,-0.6215209961,0.4017944336,0.5950927734
13657397.0,2968.0,0.0,-0.015625,-0.27734375,-0.0703125,0
13663429.0,6032.0,1.0,0.3133544922,-0.6215209961,0.4017944336,0.5950317383
13666397.0,2968.0,0.0,-0.015625,-0.27734375,-0.03125,0
13673429.0,7032.0,1.0,0.3133544922,-0.6215820313,0.4017944336,0.5950317383
13676397.0,2968.0,0.0,-0.015625,-0.27734375,-0.0703125,0
13683429.0,7032.0,1.0,0.313293457,-0.6215820313,0.4017944336,0.5950317383
13687397.0,3968.0,0.0,-0.015625,-0.3515625,-0.0703125,0
13693429.0,6032.0,1.0,0.313293457,-0.6216430664,0.4017944336,0.5949707031
13696397.0,2968.0,0.0,-0.015625,-0.19921875,-0.03125,0
13703429.0,7032.0,1.0,0.3132324219,-0.6216430664,0.4017944336,0.5949707031
13706397.0,2968.0,0.0,-0.0234375,-0.0859375,0.0078125,0
13713429.0,7032.0,1.0,0.3131713867,-0.6216430664,0.4017944336,0.5950317383
13716397.0,2968.0,0.0,-0.0234375,-0.0859375,0.0078125,0
13723429.0,7032.0,1.0,0.3131713867,-0.6216430664,0.4017944336,0.5950317383
13727397.0,3968.0,0.0,0.01171875,0.03125,-0.03125,0
13733429.0,6032.0,1.0,0.3131103516,-0.6216430664,0.4017944336,0.5950317383
13736397.0,2968.0,0.0,-0.0234375,-0.046875,0.0078125,0
13744429.0,8032.0,1.0,0.3130493164,-0.6217041016,0.4018554688,0.5950317383
13747397.0,2968.0,0.0,0.01171875,0.14453125,0.0078125,0
13753429.0,6032.0,1.0,0.3129882813,-0.6217041016,0.4018554688,0.5949707031
13756397.0,2968.0,0.0,0.01171875,0.14453125,0.015625,0
13764429.0,8032.0,1.0,0.3129882813,-0.6217041016,0.4019165039,0.5949707031
13767397.0,2968.0,0.0,0.01953125,0.07421875,0.0,0
13774429.0,7032.0,1.0,0.3129272461,-0.6217041016,0.4019165039,0.5949707031
13777397.0,2968.0,0.0,0.01953125,0.0,0.0,0
13784429.0,7032.0,1.0,0.3128662109,-0.6217041016,0.4019775391,0.5949707031
13787397.0,2968.0,0.0,-0.015625,0.02734375,-0.19140625,0
13794429.0,7032.0,1.0,0.3128051758,-0.6217041016,0.4019775391,0.5949707031
13797397.0,2968.0,0.0,-0.015625,-0.0078125,-0.3046875,0
13804429.0,7032.0,1.0,0.3128051758,-0.6217041016,0.4019775391,0.5950317383
13807397.0,2968.0,0.0,-0.0078125,-0.0859375,-0.0703125,0
13814429.0,7032.0,1.0,0.3128051758,-0.6217041016,0.4019775391,0.5950317383
13817397.0,2968.0,0.0,0.09765625,0.14453125,-0.2890625,0
13824429.0,7032.0,1.0,0.3127441406,-0.6217041016,0.4019775391,0.5950927734
13827397.0,2968.0,0.0,0.01953125,0.3359375,-0.359375,0
13834429.0,7032.0,1.0,0.3127441406,-0.6217041016,0.4019775391,0.5950927734
13837397.0,2968.0,0.0,0.01171875,0.02734375,-0.015625,0
13844429.0,7032.0,1.0,0.3127441406,-0.6216430664,0.4019775391,0.5950927734
13847397.0,2968.0,0.0,0.01953125,-0.046875,-0.046875,0
13854429.0,7032.0,1.0,0.3127441406,-0.6216430664,0.4020385742,0.5950927734
13857397.0,2968.0,0.0,0.01953125,-0.0859375,-0.046875,0
13864429.0,7032.0,1.0,0.3127441406,-0.6215820313,0.4020385742,0.5950927734
13867397.0,2968.0,0.0,0.01171875,0.01953125,-0.046875,0
13874429.0,7032.0,1.0,0.3128051758,-0.6215820313,0.4020996094,0.5950927734
13877397.0,2968.0,0.0,-0.0234375,0.09765625,0.0,0
13884429.0,7032.0,1.0,0.3128051758,-0.6215209961,0.4020996094,0.5950927734
13887397.0,2968.0,0.0,0.01171875,0.09765625,0.0390625,0
13893429.0,6032.0,1.0,0.3128051758,-0.6215209961,0.4020996094,0.5950927734
13896397.0,2968.0,0.0,0.05078125,0.17578125,0.0390625,0
13904429.0,8032.0,1.0,0.3128051758,-0.6215209961,0.4020996094,0.5950927734
13907397.0,2968.0,0.0,0.01171875,-0.015625,0.0390625,0
13914429.0,7032.0,1.0,0.3128051758,-0.6215209961,0.4021606445,0.5950927734
13917397.0,2968.0,0.0,-0.03125,-0.0625,0.0078125,0
13924429.0,7032.0,1.0,0.3128051758,-0.6215209961,0.4021606445,0.5950927734
13927397.0,2968.0,0.0,-0.0234375,-0.0625,-0.06640625,0
13934429.0,7032.0,1.0,0.3128051758,-0.6214599609,0.4022216797,0.5950927734
13937397.0,2968.0,0.0,-0.0234375,-0.140625,0.046875,0
13944429.0,7032.0,1.0,0.3128051758,-0.6214599609,0.4022216797,0.5951538086
13948397.0,3968.0,0.0,-0.0234375,-0.09375,0.046875,0
13954429.0,6032.0,1.0,0.3128051758,-0.6214599609,0.4022216797,0.5951538086
13957397.0,2968.0,0.0,0.01171875,0.01953125,-0.03125,0
13964429.0,7032.0,1.0,0.3128051758,-0.6214599609,0.4022216797,0.5951538086
13967397.0,2968.0,0.0,0.01171875,0.05859375,0.0078125,0
13974429.0,7032.0,1.0,0.3127441406,-0.6214599609,0.4021606445,0.5951538086
13977397.0,2968.0,0.0,0.01171875,-0.015625,0.046875,0
13984429.0,7032.0,1.0,0.3127441406,-0.6214599609,0.4021606445,0.5952148438
13988397.0,3968.0,0.0,0.01171875,0.05859375,0.046875,0
13994429.0,6032.0,1.0,0.3127441406,-0.6214599609,0.4021606445,0.5952148438
13997397.0,2968.0,0.0,0.01171875,-0.015625,0.046875,0
14004429.0,7032.0,1.0,0.3126831055,-0.6214599609,0.4021606445,0.5952148438
14007397.0,2968.0,0.0,-0.0234375,-0.09375,0.0078125,0
14014429.0,7032.0,1.0,0.3126831055,-0.6214599609,0.4021606445,0.5952148438
14017397.0,2968.0,0.0,0.01171875,0.01953125,0.0078125,0
14024429.0,7032.0,1.0,0.3126831055,-0.6213989258,0.4022216797,0.5952148438
14028397.0,3968.0,0.0,-0.0234375,0.05859375,0.0078125,0
14034429.0,6032.0,1.0,0.3126831055,-0.6213989258,0.4022216797,0.5952148438
14037397.0,2968.0,0.0,0.01171875,0.09765625,-0.03125,0
14044429.0,7032.0,1.0,0.3126220703,-0.6213989258,0.4021606445,0.5952758789
14047397.0,2968.0,0.0,-0.0234375,-0.24609375,-0.0390625,0
14054429.0,7032.0,1.0,0.3126220703,-0.6213989258,0.4021606445,0.5952758789
14057397.0,2968.0,0.0,-0.0625,-0.24609375,-0.0390625,0
14064429.0,7032.0,1.0,0.3126220703,-0.6213989258,0.4021606445,0.5953369141
14067397.0,2968.0,0.0,-0.0234375,-0.20703125,0.0390625,0
14074429.0,7032.0,1.0,0.3126220703,-0.6213989258,0.4021606445,0.5953369141
14077397.0,2968.0,0.0,-0.0234375,-0.125,0.0390625,0
14083429.0,6032.0,1.0,0.3125610352,-0.6213378906,0.4021606445,0.5953979492
14086397.0,2968.0,0.0,0.01171875,0.06640625,0.078125,0
14094429.0,8032.0,1.0,0.3125610352,-0.6213378906,0.4021606445,0.5953979492
14097397.0,2968.0,0.0,0.01171875,0.06640625,0.0390625,0
14104429.0,7032.0,1.0,0.3125610352,-0.6213378906,0.4021606445,0.5953979492
14108397.0,3968.0,0.0,-0.0234375,-0.0390625,0.0390625,0
14114429.0,6032.0,1.0,0.3125,-0.6213378906,0.4021606445,0.5953979492
14117397.0,2968.0,0.0,-0.0234375,0.03515625,-0.11328125,0
14124429.0,7032.0,1.0,0.3125,-0.6213378906,0.4021606445,0.5954589844
14127397.0,2968.0,0.0,0.01171875,-0.0390625,-0.15234375,0
14134429.0,7032.0,1.0,0.3125,-0.6213378906,0.4021606445,0.5954589844
14137397.0,2968.0,0.0,-0.0234375,0.0,-0.07421875,0
14144429.0,7032.0,1.0,0.3124389648,-0.6212768555,0.4021606445,0.5955200195
14147397.0,2968.0,0.0,-0.0234375,0.02734375,-0.0390625,0
14154429.0,7032.0,1.0,0.3124389648,-0.6212768555,0.4021606445,0.5955200195
14157397.0,2968.0,0.0,-0.0234375,-0.0078125,-0.11328125,0
14164429.0,7032.0,1.0,0.3124389648,-0.6212768555,0.4020996094,0.5955810547
14167397.0,2968.0,0.0,-0.015625,0.14453125,0.046875,0
14174429.0,7032.0,1.0,0.3123779297,-0.6212768555,0.4020996094,0.5955810547
14177397.0,2968.0,0.0,-0.015625,0.14453125,0.046875,0
14184429.0,7032.0,1.0,0.3123779297,-0.6212768555,0.4020996094,0.5956420898
14187397.0,2968.0,0.0,0.01953125,0.18359375,0.0859375,0
14194429.0,7032.0,1.0,0.3123779297,-0.6212768555,0.4020996094,0.5956420898
14197397.0,2968.0,0.0,0.01953125,0.14453125,0.046875,0
14204429.0,7032.0,1.0,0.3123779297,-0.6212768555,0.4020996094,0.5956420898
14207397.0,2968.0,0.0,0.01953125,0.09765625,0.046875,0
14214429.0,7032.0,1.0,0.3123779297,-0.6212768555,0.4020385742,0.5956420898
14217397.0,2968.0,0.0,-0.015625,0.09765625,0.046875,0
14224429.0,7032.0,1.0,0.3124389648,-0.6212768555,0.4020385742,0.5956420898
14227397.0,2968.0,0.0,0.01953125,0.09765625,0.046875,0
14234429.0,7032.0,1.0,0.3124389648,-0.6212768555,0.4020996094,0.5955810547
14237397.0,2968.0,0.0,-0.015625,0.08984375,0.078125,0
14244429.0,7032.0,1.0,0.3125,-0.6212768555,0.4020996094,0.5955810547
14247397.0,2968.0,0.0,0.01953125,0.13671875,0.0390625,0
14254429.0,7032.0,1.0,0.3125610352,-0.6212768555,0.4020996094,0.5955200195
14257397.0,2968.0,0.0,-0.015625,0.01171875,0.0390625,0
14264429.0,7032.0,1.0,0.3125610352,-0.6212768555,0.4020996094,0.5955200195
14267397.0,2968.0,0.0,-0.015625,-0.1796875,0.0390625,0
14273429.0,6032.0,1.0,0.3125610352,-0.6212768555,0.4020996094,0.5955200195
14276397.0,2968.0,0.0,0.01953125,-0.33203125,-0.0390625,0
14284429.0,8032.0,1.0,0.3125610352,-0.6212768555,0.4020996094,0.5955200195
14287397.0,2968.0,0.0,-0.015625,-0.21484375,-0.15234375,0
14294429.0,7032.0,1.0,0.3125610352,-0.6212768555,0.4021606445,0.5955200195
14297397.0,2968.0,0.0,-0.015625,-0.171875,-0.3046875,0
14304429.0,7032.0,1.0,0.3125610352,-0.6212158203,0.4021606445,0.5955200195
14307397.0,2968.0,0.0,-0.0546875,-0.1328125,-0.34375,0
14314429.0,7032.0,1.0,0.3125610352,-0.6212158203,0.4020996094,0.5955810547
14317397.0,2968.0,0.0,-0.0234375,-0.1640625,-0.22265625,0
14324429.0,7032.0,1.0,0.3126220703,-0.6211547852,0.4020996094,0.5955810547
14327397.0,2968.0,0.0,-0.015625,0.06640625,-0.03125,0
14334429.0,7032.0,1.0,0.3125610352,-0.6211547852,0.4020996094,0.5956420898
14337397.0,2968.0,0.0,0.01953125,0.06640625,0.046875,0
14344429.0,7032.0,1.0,0.3125610352,-0.6211547852,0.4020385742,0.595703125
14347397.0,2968.0,0.0,-0.015625,-0.0390625,0.125,0
14354429.0,7032.0,1.0,0.3125610352,-0.6211547852,0.4020385742,0.5957641602
14357397.0,2968.0,0.0,0.01953125,0.3828125,0.16015625,0
14364429.0,7032.0,1.0,0.3125610352,-0.6211547852,0.4019775391,0.5957641602
14368397.0,3968.0,0.0,0.01953125,0.296875,0.16015625,0
14374429.0,6032.0,1.0,0.3125610352,-0.6211547852,0.4019775391,0.595703125
14377397.0,2968.0,0.0,-0.015625,0.10546875,0.125,0
14384429.0,7032.0,1.0,0.3126220703,-0.62109375,0.4019775391,0.595703125
14387397.0,2968.0,0.0,-0.015625,-0.1640625,0.0078125,0
14394429.0,7032.0,1.0,0.3126831055,-0.62109375,0.4020385742,0.595703125
14397397.0,2968.0,0.0,-0.015625,-0.23828125,-0.03125,0
14404429.0,7032.0,1.0,0.3127441406,-0.6210327148,0.4020385742,0.5956420898
14408397.0,3968.0,0.0,-0.0546875,-0.35546875,-0.22265625,0
14414429.0,6032.0,1.0,0.3128051758,-0.6210327148,0.4020996094,0.5956420898
14417397.0,2968.0,0.0,-0.015625,-0.5390625,-0.22265625,0
14424429.0,7032.0,1.0,0.3128662109,-0.6209716797,0.4021606445,0.5956420898
14427397.0,2968.0,0.0,0.02734375,-0.15625,-0.328125,0
14434429.0,7032.0,1.0,0.3129272461,-0.6209106445,0.4021606445,0.5956420898
14437397.0,2968.0,0.0,-0.0546875,0.42578125,-0.828125,0
14444429.0,7032.0,1.0,0.3132324219,-0.6207275391,0.4022827148,0.5955810547
14448397.0,3968.0,0.0,-0.0078125,1.0390625,-0.97265625,0
14454429.0,6032.0,1.0,0.3134155273,-0.6206054688,0.4022827148,0.5956420898
14457397.0,2968.0,0.0,0.10546875,1.03125,-0.19921875,0
14463429.0,6032.0,1.0,0.3134765625,-0.6205444336,0.4022216797,0.595703125
14466397.0,2968.0,0.0,-0.0078125,-0.15625,0.0703125,0
14474429.0,8032.0,1.0,0.3135986328,-0.6205444336,0.4021606445,0.595703125
14477397.0,2968.0,0.0,-0.0078125,0.21875,0.03125,0
14484429.0,7032.0,1.0,0.3137207031,-0.6204833984,0.4020996094,0.5957641602
14488397.0,3968.0,0.0,0.02734375,0.14453125,0.0703125,0
14494429.0,6032.0,1.0,0.3138427734,-0.6204223633,0.4020385742,0.5957641602
14497397.0,2968.0,0.0,-0.0078125,0.06640625,0.0703125,0
14504429.0,7032.0,1.0,0.3139038086,-0.6203613281,0.4019775391,0.5958251953
14507397.0,2968.0,0.0,-0.0078125,0.15234375,0.0625,0
14514429.0,7032.0,1.0,0.3140258789,-0.6203613281,0.4019165039,0.5958251953
14517397.0,2968.0,0.0,-0.0078125,0.07421875,0.0703125,0
14524429.0,7032.0,1.0,0.3141479492,-0.6203613281,0.4017944336,0.5958251953
14528397.0,3968.0,0.0,0.02734375,0.0,0.0625,0
14534429.0,6032.0,1.0,0.3142700195,-0.6203613281,0.4017333984,0.5958862305
14537397.0,2968.0,0.0,-0.0078125,-0.23046875,0.1015625,0
14544429.0,7032.0,1.0,0.3143310547,-0.620300293,0.4016723633,0.5958862305
14547397.0,2968.0,0.0,0.02734375,-0.33984375,0.1015625,0
14554429.0,7032.0,1.0,0.314453125,-0.620300293,0.4016113281,0.5958862305
14557397.0,2968.0,0.0,-0.0078125,-0.30078125,0.1015625,0
14564429.0,7032.0,1.0,0.3145751953,-0.6202392578,0.4016113281,0.5958862305
14567397.0,2968.0,0.0,-0.0078125,-0.23046875,0.0625,0
14574429.0,7032.0,1.0,0.3146362305,-0.6201782227,0.4016113281,0.5958862305
14577397.0,2968.0,0.0,-0.0078125,-0.15625,0.0625,0
14584429.0,7032.0,1.0,0.3146972656,-0.6201782227,0.4016113281,0.5958862305
14587397.0,2968.0,0.0,-0.0078125,-0.19140625,0.0546875,0
14594429.0,7032.0,1.0,0.3147583008,-0.6201171875,0.401550293,0.5958862305
14597397.0,2968.0,0.0,0.02734375,-0.19140625,0.0546875,0
14604429.0,7032.0,1.0,0.3148193359,-0.6201171875,0.401550293,0.5958862305
14607397.0,2968.0,0.0,0.0,-0.23046875,0.0546875,0
14614429.0,7032.0,1.0,0.3148803711,-0.6200561523,0.401550293,0.5959472656
14617397.0,2968.0,0.0,-0.0078125,-0.26171875,0.0546875,0
14624429.0,7032.0,1.0,0.3148803711,-0.6199951172,0.401550293,0.5959472656
14627397.0,2968.0,0.0,0.0,-0.30859375,0.0625,0
14634429.0,7032.0,1.0,0.3149414063,-0.619934082,0.401550293,0.5960083008
14637397.0,2968.0,0.0,0.0,-0.30859375,0.0546875,0
14644429.0,7032.0,1.0,0.3149414063,-0.6198730469,0.401550293,0.5960083008
14647397.0,2968.0,0.0,0.0,-0.34765625,0.0546875,0
14654429.0,7032.0,1.0,0.3149414063,-0.6198730469,0.4016113281,0.5960693359
14657397.0,2968.0,0.0,0.0,-0.3828125,0.09375,0
14664429.0,7032.0,1.0,0.3149414063,-0.6198120117,0.4016113281,0.5961303711
14667397.0,2968.0,0.0,0.0,-0.421875,0.16796875,0
14674429.0,7032.0,1.0,0.3148803711,-0.6197509766,0.4016113281,0.5961914063
14677397.0,2968.0,0.0,0.02734375,-0.4609375,0.24609375,0
14684429.0,7032.0,1.0,0.3148193359,-0.6197509766,0.4016113281,0.5962524414
14687397.0,2968.0,0.0,-0.0078125,-0.421875,0.24609375,0
14694429.0,7032.0,1.0,0.3146972656,-0.6196899414,0.4016723633,0.5963134766
14697397.0,2968.0,0.0,-0.046875,-0.5390625,0.16796875,0
14704429.0,7032.0,1.0,0.3146362305,-0.6196289063,0.4017333984,0.5963745117
14707397.0,2968.0,0.0,-0.0078125,-0.58203125,0.390625,0
14714429.0,7032.0,1.0,0.3145751953,-0.6195678711,0.4019165039,0.5963745117
14717397.0,2968.0,0.0,-0.0078125,-0.46875,0.58203125,0
14724429.0,7032.0,1.0,0.3146362305,-0.6193847656,0.4022216797,0.5963134766
14727397.0,2968.0,0.0,-0.046875,-0.73828125,0.7734375,0
14734429.0,7032.0,1.0,0.3150024414,-0.6190795898,0.4028320313,0.5960083008
14737397.0,2968.0,0.0,-0.0859375,-1.05078125,0.8984375,0
14744429.0,7032.0,1.0,0.3159179688,-0.6184082031,0.4039916992,0.5953979492
14748397.0,3968.0,0.0,-0.0859375,-1.55078125,0.9453125,0
14754429.0,6032.0,1.0,0.3175048828,-0.6174316406,0.4058227539,0.5944213867
14757397.0,2968.0,0.0,-0.0859375,-1.625,1.09765625,0
14764429.0,7032.0,1.0,0.3197021484,-0.6159667969,0.4083862305,0.592956543
14767397.0,2968.0,0.0,0.10546875,-1.39453125,1.10546875,0
14774429.0,7032.0,1.0,0.3224487305,-0.6141967773,0.4114379883,0.5911865234
14777397.0,2968.0,0.0,-0.0859375,-1.39453125,0.875,0
14784429.0,7032.0,1.0,0.3254394531,-0.6123046875,0.4147949219,0.5891723633
14788397.0,3968.0,0.0,-0.19921875,-0.4296875,0.5,0
14795429.0,7032.0,1.0,0.3279418945,-0.6106567383,0.4177246094,0.5874633789
14798397.0,2968.0,0.0,0.05859375,0.21875,0.125,0
14808429.0,10032.0,1.0,0.3295898438,-0.6094360352,0.4199829102,0.5861816406
14811397.0,2968.0,0.0,0.01953125,-0.32421875,-0.17578125,0
14815429.0,4032.0,1.0,0.3305664063,-0.608581543,0.4216308594,0.5853271484
14818397.0,2968.0,0.0,0.02734375,-0.8984375,-0.16796875,0
14824429.0,6032.0,1.0,0.330871582,-0.6080932617,0.4227905273,0.5848388672
14828397.0,3968.0,0.0,-0.3984375,-1.17578125,-0.47265625,0
14834429.0,6032.0,1.0,0.3306884766,-0.6077880859,0.4235229492,0.5847167969
14837397.0,2968.0,0.0,-0.70703125,-1.15234375,-1.0,0
14844429.0,7032.0,1.0,0.3302001953,-0.6076049805,0.4239501953,0.5848388672
14847397.0,2968.0,0.0,-1.3203125,-1.53515625,-1.4609375,0
14854429.0,7032.0,1.0,0.3296508789,-0.6073608398,0.4244384766,0.5850830078
14857397.0,2968.0,0.0,-1.703125,-1.7421875,-1.69140625,0
14864429.0,7032.0,1.0,0.3291625977,-0.6069946289,0.4250488281,0.5852661133
14867397.0,2968.0,0.0,-1.93359375,-1.83203125,-1.875,0
14874429.0,7032.0,1.0,0.328918457,-0.6063842773,0.4259643555,0.5853881836
14877397.0,2968.0,0.0,-2.125,-1.97265625,-1.98828125,0
14884429.0,7032.0,1.0,0.3288574219,-0.6055297852,0.4271240234,0.5854492188
14887397.0,2968.0,0.0,-2.32421875,-2.02734375,-2.21875,0
14894429.0,7032.0,1.0,0.3290405273,-0.6045532227,0.428527832,0.5853271484
14897397.0,2968.0,0.0,-2.4375,-2.00390625,-2.14453125,0
14904429.0,7032.0,1.0,0.3294677734,-0.6032104492,0.4303588867,0.585144043
14907397.0,2968.0,0.0,-2.4375,-1.875,-2.14453125,0
14914429.0,7032.0,1.0,0.330078125,-0.6017456055,0.4323120117,0.5848999023
14917397.0,2968.0,0.0,-2.36328125,-1.69921875,-2.1796875,0
14924429.0,7032.0,1.0,0.3306274414,-0.6000976563,0.4343261719,0.5847167969
14927397.0,2968.0,0.0,-2.09375,-1.56640625,-1.953125,0
14934429.0,7032.0,1.0,0.331237793,-0.5983886719,0.4362792969,0.5846557617
14937397.0,2968.0,0.0,-2.0078125,-1.5546875,-1.8828125,0
14944429.0,7032.0,1.0,0.3319091797,-0.596496582,0.4383544922,0.5846557617
14947397.0,2968.0,0.0,-1.97265625,-1.546875,-1.69921875,0
14954429.0,7032.0,1.0,0.3327026367,-0.5944824219,0.4404907227,0.5847167969
14957397.0,2968.0,0.0,-1.93359375,-1.30078125,-1.70703125,0
14964429.0,7032.0,1.0,0.3336181641,-0.5922241211,0.4428100586,0.5847167969
14967397.0,2968.0,0.0,-1.81640625,-1.01953125,-1.80078125,0
14974429.0,7032.0,1.0,0.3345947266,-0.5897827148,0.4451293945,0.5848388672
14977397.0,2968.0,0.0,-1.59375,-0.8203125,-1.890625,0
14985429.0,8032.0,1.0,0.3355712891,-0.5872802734,0.4474487305,0.5850219727
14988397.0,2968.0,0.0,-1.28125,-0.69140625,-1.9375,0
14994429.0,6032.0,1.0,0.3364868164,-0.584777832,0.4495849609,0.5854492188
14997397.0,2968.0,0.0,-0.71484375,-0.26953125,-1.921875,0
15004429.0,7032.0,1.0,0.3372192383,-0.5820922852,0.4515991211,0.5860595703
15007397.0,2968.0,0.0,-0.4375,-0.109375,-1.82421875,0
15014429.0,7032.0,1.0,0.3377075195,-0.5795898438,0.4533081055,0.5869750977
15017397.0,2968.0,0.0,-0.29296875,-0.1484375,-1.6640625,0
15024429.0,7032.0,1.0,0.337890625,-0.5770874023,0.4546508789,0.5882568359
15027397.0,2968.0,0.0,-0.1796875,-0.265625,-1.6171875,0
15034429.0,7032.0,1.0,0.337890625,-0.5747070313,0.4557495117,0.5897827148
15037397.0,2968.0,0.0,0.01171875,-0.6875,-1.49609375,0
15044429.0,7032.0,1.0,0.3379516602,-0.5720214844,0.4568481445,0.5914916992
15047397.0,2968.0,0.0,0.08984375,-0.83984375,-1.45703125,0
15054429.0,7032.0,1.0,0.3381347656,-0.5692138672,0.4580078125,0.5932006836
15057397.0,2968.0,0.0,0.12890625,-0.87890625,-1.61328125,0
15064429.0,7032.0,1.0,0.3385009766,-0.5661621094,0.4593505859,0.594909668
15067397.0,2968.0,0.0,0.203125,-1.00390625,-1.6875,0
15074429.0,7032.0,1.0,0.3389892578,-0.5626831055,0.4608154297,0.5967407227
15077397.0,2968.0,0.0,0.12890625,-0.828125,-1.890625,0
15084429.0,7032.0,1.0,0.3395385742,-0.5593261719,0.4622802734,0.598449707
15087397.0,2968.0,0.0,0.234375,-0.5234375,-2.01171875,0
15094429.0,7032.0,1.0,0.3399658203,-0.5557861328,0.4636230469,0.6005249023
15097397.0,2968.0,0.0,0.234375,-0.30859375,-2.0234375,0
15105429.0,8032.0,1.0,0.3400268555,-0.5522460938,0.4646606445,0.6029052734
15108397.0,2968.0,0.0,0.1875,-0.23828125,-2.0390625,0
15114429.0,6032.0,1.0,0.33984375,-0.5486450195,0.4654541016,0.6056518555
15117397.0,2968.0,0.0,-0.078125,-0.72265625,-1.41015625,0
15124429.0,7032.0,1.0,0.3395996094,-0.5449829102,0.4661865234,0.6085205078
15127397.0,2968.0,0.0,0.06640625,-0.78515625,-1.43359375,0
15134429.0,7032.0,1.0,0.3393554688,-0.5411376953,0.4669799805,0.6115112305
15137397.0,2968.0,0.0,0.13671875,-0.6875,-1.34375,0
15144429.0,7032.0,1.0,0.3389892578,-0.537109375,0.4677124023,0.6146240234
15147397.0,2968.0,0.0,0.34765625,-0.48828125,-1.25390625,0
15160429.0,13032.0,1.0,0.3385009766,-0.5332641602,0.4683227539,0.6178588867
15165429.0,5000.0,1.0,0.3378295898,-0.5288696289,0.4688110352,0.6215820313
15167397.0,1968.0,0.0,0.671875,-0.73828125,-1.36328125,0
15174429.0,7032.0,1.0,0.3371582031,-0.5243530273,0.4692993164,0.6254272461
15177397.0,2968.0,0.0,0.96875,-0.85546875,-1.55859375,0
15184429.0,7032.0,1.0,0.3365478516,-0.5198364258,0.4698486328,0.6290893555
15187397.0,2968.0,0.0,1.7890625,-1.0,-1.52734375,0
15194429.0,7032.0,1.0,0.3360595703,-0.5148925781,0.4705810547,0.6328735352
15197397.0,2968.0,0.0,2.1171875,-1.01171875,-1.55859375,0
15204429.0,7032.0,1.0,0.3356933594,-0.5096435547,0.4715576172,0.6365356445
15208397.0,3968.0,0.0,2.36328125,-0.93359375,-1.5,0
15214429.0,6032.0,1.0,0.3354492188,-0.5042114258,0.47265625,0.6401977539
15217397.0,2968.0,0.0,2.6171875,-0.8203125,-1.578125,0
15224429.0,7032.0,1.0,0.3352661133,-0.4987792969,0.4737548828,0.6436767578
15227397.0,2968.0,0.0,3.00390625,-0.48828125,-1.39453125,0
15234429.0,7032.0,1.0,0.335144043,-0.4925537109,0.4750976563,0.6475830078
15237397.0,2968.0,0.0,3.04296875,-0.390625,-1.26171875,0
15244429.0,7032.0,1.0,0.3349609375,-0.4865112305,0.4763183594,0.6513061523
15247397.0,2968.0,0.0,3.171875,-0.3203125,-1.078125,0
15254429.0,7032.0,1.0,0.3346557617,-0.4802856445,0.4774780273,0.6552734375
15257397.0,2968.0,0.0,3.2109375,-0.0703125,-1.28515625,0
15265429.0,8032.0,1.0,0.3341064453,-0.4738769531,0.4784545898,0.6594848633
15268397.0,2968.0,0.0,3.4765625,0.40234375,-1.54296875,0
15274429.0,6032.0,1.0,0.3333129883,-0.4678955078,0.4790039063,0.6636962891
15277397.0,2968.0,0.0,3.4375,0.421875,-1.48046875,0
15284429.0,7032.0,1.0,0.3322753906,-0.4618530273,0.479309082,0.6682739258
15287397.0,2968.0,0.0,3.62890625,0.26171875,-1.58203125,0
15296429.0,9032.0,1.0,0.3311157227,-0.4558105469,0.4794921875,0.6727905273
15299397.0,2968.0,0.0,3.8046875,-0.1015625,-1.72265625,0
15307429.0,8032.0,1.0,0.3302001953,-0.4493408203,0.4800415039,0.6771850586
15310397.0,2968.0,0.0,4.41796875,-0.01171875,-1.09765625,0
15314429.0,4032.0,1.0,0.3294677734,-0.4423828125,0.4810791016,0.6813964844
15317397.0,2968.0,0.0,4.546875,0.34765625,-0.6171875,0
15325429.0,8032.0,1.0,0.3287353516,-0.4349975586,0.4821777344,0.6857299805
15328397.0,2968.0,0.0,4.484375,0.7421875,-0.2578125,0
15334429.0,6032.0,1.0,0.3277587891,-0.4280395508,0.4830322266,0.6900024414
15337397.0,2968.0,0.0,4.15234375,1.171875,-0.40625,0
15344429.0,7032.0,1.0,0.3264160156,-0.4212036133,0.4833374023,0.6945800781
15347397.0,2968.0,0.0,3.9375,1.03125,-0.46875,0
15354429.0,7032.0,1.0,0.3247070313,-0.4143676758,0.4832763672,0.6995239258
15357397.0,2968.0,0.0,3.63671875,0.890625,-0.69140625,0
15365429.0,8032.0,1.0,0.3228149414,-0.4076538086,0.4829711914,0.7045288086
15368397.0,2968.0,0.0,3.48828125,0.75,-0.95703125,0
15374429.0,6032.0,1.0,0.3207397461,-0.4009399414,0.4825439453,0.7095947266
15377397.0,2968.0,0.0,3.49609375,0.3125,-0.8359375,0
15384429.0,7032.0,1.0,0.3187255859,-0.3940429688,0.482421875,0.7144775391
15387397.0,2968.0,0.0,3.6484375,0.171875,-0.9765625,0
15394429.0,7032.0,1.0,0.3168945313,-0.3870239258,0.4826660156,0.7189331055
15397397.0,2968.0,0.0,3.80078125,0.140625,-0.703125,0
15405429.0,8032.0,1.0,0.3151245117,-0.3796386719,0.483215332,0.7232666016
15408397.0,2968.0,0.0,3.9375,0.421875,-0.19140625,0
15420429.0,12032.0,1.0,0.3132324219,-0.3724365234,0.4836425781,0.7274780273
15425429.0,5000.0,1.0,0.3108520508,-0.365234375,0.4833984375,0.7323608398
15427397.0,1968.0,0.0,3.44140625,1.51953125,0.42578125,0
15434429.0,7032.0,1.0,0.3078613281,-0.3583984375,0.4823608398,0.7376098633
15437397.0,2968.0,0.0,3.203125,1.609375,0.26171875,0
15445429.0,8032.0,1.0,0.3044433594,-0.3519897461,0.4805297852,0.743347168
15448397.0,2968.0,0.0,2.52734375,1.37109375,0.14453125,0
15454429.0,6032.0,1.0,0.3008422852,-0.3459472656,0.4782714844,0.7490234375
15457397.0,2968.0,0.0,2.46484375,0.40625,0.49609375,0
15464429.0,7032.0,1.0,0.2969970703,-0.3396606445,0.4760131836,0.7548828125
15467397.0,2968.0,0.0,2.3984375,0.01171875,0.44921875,0
15474429.0,7032.0,1.0,0.2932739258,-0.3330078125,0.4741210938,0.7604370117
15477397.0,2968.0,0.0,2.51953125,-0.1484375,0.32421875,0
15485429.0,8032.0,1.0,0.289855957,-0.3262329102,0.4729614258,0.7654418945
15488397.0,2968.0,0.0,2.48828125,-0.2734375,0.296875,0
15494429.0,6032.0,1.0,0.2866210938,-0.3192138672,0.4722900391,0.7700195313
15497397.0,2968.0,0.0,2.4453125,-0.17578125,0.2734375,0
15504429.0,7032.0,1.0,0.2833862305,-0.3120727539,0.4719238281,0.7743530273
15507397.0,2968.0,0.0,2.453125,0.15234375,0.5625,0
15515429.0,8032.0,1.0,0.280090332,-0.3050537109,0.471496582,0.7785644531
15518397.0,2968.0,0.0,2.41015625,0.70703125,0.58984375,0
15525429.0,7032.0,1.0,0.2764282227,-0.2982788086,0.4704589844,0.7831420898
15528397.0,2968.0,0.0,2.2578125,1.09765625,0.65234375,0
15540429.0,12032.0,1.0,0.2724609375,-0.2920532227,0.4686279297,0.7879638672
15545429.0,5000.0,1.0,0.2680664063,-0.285949707,0.466003418,0.7932128906
15547397.0,1968.0,0.0,2.25,0.796875,1.015625,0
15555429.0,8032.0,1.0,0.2633056641,-0.2797851563,0.4630126953,0.7987670898
15558397.0,2968.0,0.0,2.05078125,0.3203125,1.12890625,0
15565429.0,7032.0,1.0,0.2588500977,-0.2737426758,0.4604492188,0.8037719727
15568397.0,2968.0,0.0,2.0,-0.1640625,1.171875,0
15574429.0,6032.0,1.0,0.2545166016,-0.2674560547,0.4584960938,0.8083496094
15577397.0,2968.0,0.0,1.875,-0.1875,1.375,0
15584429.0,7032.0,1.0,0.2501220703,-0.2619018555,0.4564819336,0.8126831055
15588397.0,3968.0,0.0,4.78515625,5.609375,12.54296875,0
15594429.0,6032.0,1.0,0.2448730469,-0.2582397461,0.4534301758,0.8171386719
15597397.0,2968.0,0.0,4.0390625,11.2109375,27.3203125,0
15604429.0,7032.0,1.0,0.2395019531,-0.2567749023,0.4505615234,0.8208007813
15607397.0,2968.0,0.0,0.59375,11.9140625,9.24609375,0
15614429.0,7032.0,1.0,0.2346801758,-0.2562255859,0.4502563477,0.8225097656
15617397.0,2968.0,0.0,-0.87109375,6.3203125,10.07421875,0
15624429.0,7032.0,1.0,0.2305297852,-0.2565917969,0.4511108398,0.8231201172
15627397.0,2968.0,0.0,0.8984375,6.51171875,5.140625,0
15635429.0,8032.0,1.0,0.2258911133,-0.2583007813,0.4501342773,0.8244018555
15638397.0,2968.0,0.0,1.2578125,4.765625,3.76953125,0
15644429.0,6032.0,1.0,0.2211914063,-0.2606811523,0.4481811523,0.8259887695
15647397.0,2968.0,0.0,2.4375,-1.01953125,2.75,0
15654429.0,7032.0,1.0,0.2164306641,-0.2631225586,0.4471435547,0.8270263672
15657397.0,2968.0,0.0,4.49609375,-2.8203125,-1.00390625,0
15665429.0,8032.0,1.0,0.2130126953,-0.2645263672,0.4487915039,0.8265991211
15668397.0,2968.0,0.0,3.5625,-5.00390625,-5.984375,0
15675429.0,7032.0,1.0,0.2106933594,-0.2647094727,0.4530639648,0.8247680664
15678397.0,2968.0,0.0,3.1328125,-5.41015625,-6.2890625,0
15685429.0,7032.0,1.0,0.2088623047,-0.2642211914,0.4581298828,0.8225708008
15688397.0,2968.0,0.0,2.6875,-0.72265625,-0.92578125,0
15694429.0,6032.0,1.0,0.2069091797,-0.2637939453,0.4625854492,0.8207397461
15697397.0,2968.0,0.0,2.43359375,0.27734375,1.20703125,0
15705429.0,8032.0,1.0,0.2047729492,-0.2636108398,0.4665527344,0.8190917969
15708397.0,2968.0,0.0,2.14453125,0.98046875,1.125,0
15714429.0,6032.0,1.0,0.2027587891,-0.2636108398,0.4699707031,0.8176269531
15717397.0,2968.0,0.0,2.15625,3.37890625,0.0390625,0
15727429.0,10032.0,1.0,0.2006835938,-0.2639160156,0.4728393555,0.81640625
15730397.0,2968.0,0.0,0.88671875,5.984375,1.30859375,0
15734429.0,4032.0,1.0,0.1984863281,-0.2648925781,0.4743652344,0.8157348633
15737397.0,2968.0,0.0,1.0234375,5.5,2.65234375,0
15745429.0,8032.0,1.0,0.1962890625,-0.2662963867,0.4752197266,0.8153076172
15748397.0,2968.0,0.0,0.87109375,4.05859375,2.484375,0
15755429.0,7032.0,1.0,0.194519043,-0.2677612305,0.4763793945,0.8145751953
15758397.0,2968.0,0.0,1.1015625,2.12890625,0.140625,0
15765429.0,7032.0,1.0,0.1931152344,-0.2692871094,0.4777832031,0.8135375977
15768397.0,2968.0,0.0,1.25390625,1.30859375,-0.28125,0
15774429.0,6032.0,1.0,0.1920166016,-0.2708129883,0.4790649414,0.8125610352
15777397.0,2968.0,0.0,0.83984375,1.29296875,-0.32421875,0
15785429.0,8032.0,1.0,0.1910400391,-0.2723999023,0.4799804688,0.811706543
15788397.0,2968.0,0.0,0.359375,2.703125,-0.640625,0
15794429.0,6032.0,1.0,0.1903076172,-0.2740478516,0.4803466797,0.8111572266
15797397.0,2968.0,0.0,-0.32421875,2.96875,-2.76171875,0
15805429.0,8032.0,1.0,0.1896972656,-0.2759399414,0.4801635742,0.8107910156
15808397.0,2968.0,0.0,-0.4296875,1.55859375,-1.3359375,0
15815429.0,7032.0,1.0,0.189453125,-0.2777099609,0.4797973633,0.8104248047
15818397.0,2968.0,0.0,-0.484375,1.22265625,-1.05078125,0
15825429.0,7032.0,1.0,0.1895141602,-0.2794799805,0.4795532227,0.8099365234
15828397.0,2968.0,0.0,-0.31640625,1.31640625,0.296875,0
15834429.0,6032.0,1.0,0.1895751953,-0.2811279297,0.4789428711,0.8096923828
15837397.0,2968.0,0.0,0.6953125,1.4453125,1.33203125,0
15844429.0,7032.0,1.0,0.1896362305,-0.2830810547,0.4775390625,0.8098144531
15847397.0,2968.0,0.0,0.453125,0.3203125,1.25390625,0
15855429.0,8032.0,1.0,0.1896972656,-0.2849731445,0.4758300781,0.8101806641
15858397.0,2968.0,0.0,0.859375,-0.56640625,0.3203125,0
15865429.0,7032.0,1.0,0.1898803711,-0.2866821289,0.4741821289,0.8104858398
15868397.0,2968.0,0.0,1.29296875,-0.66015625,0.265625,0
15875429.0,7032.0,1.0,0.190246582,-0.2880859375,0.4725952148,0.8108520508
15878397.0,2968.0,0.0,0.28515625,-0.09765625,0.86328125,0
15885429.0,7032.0,1.0,0.1907958984,-0.2893066406,0.4710693359,0.8111572266
15889397.0,3968.0,0.0,-0.54296875,0.1171875,1.22265625,0
15895429.0,6032.0,1.0,0.19140625,-0.2904052734,0.4696044922,0.8114624023
15898397.0,2968.0,0.0,-0.796875,0.1015625,0.21875,0
15905429.0,7032.0,1.0,0.1920776367,-0.2915039063,0.4678955078,0.8119506836
15908397.0,2968.0,0.0,-1.203125,0.58984375,0.1171875,0
15915429.0,7032.0,1.0,0.1926879883,-0.2926635742,0.4656982422,0.8126220703
15918397.0,2968.0,0.0,-1.9921875,1.46484375,1.734375,0
15925429.0,7032.0,1.0,0.1932373047,-0.2939453125,0.4631347656,0.8134765625
15929397.0,3968.0,0.0,-1.859375,0.77734375,1.3203125,0
15935429.0,6032.0,1.0,0.1937866211,-0.2952880859,0.4604492188,0.8143920898
15938397.0,2968.0,0.0,-1.72265625,0.39453125,0.66796875,0
15945429.0,7032.0,1.0,0.1942749023,-0.2967529297,0.4573974609,0.8154907227
15948397.0,2968.0,0.0,-0.14453125,0.90234375,1.08984375,0
15955429.0,7032.0,1.0,0.194519043,-0.2985839844,0.4536132813,0.8168334961
15958397.0,2968.0,0.0,0.03515625,0.18359375,1.1171875,0
15965429.0,7032.0,1.0,0.1944580078,-0.3009033203,0.4488525391,0.8186645508
15969397.0,3968.0,0.0,-0.5859375,-0.4375,1.74609375,0
15975429.0,6032.0,1.0,0.1942749023,-0.3034057617,0.4439086914,0.8204956055
15978397.0,2968.0,0.0,-1.8203125,-1.1796875,1.56640625,0
15985429.0,7032.0,1.0,0.1943969727,-0.3057861328,0.4395751953,0.8218383789
15988397.0,2968.0,0.0,-2.40234375,-2.80078125,1.328125,0
15995429.0,7032.0,1.0,0.1950073242,-0.3080444336,0.4360961914,0.8227539063
15998397.0,2968.0,0.0,-1.83984375,-2.08984375,1.06640625,0
16005429.0,7032.0,1.0,0.1959838867,-0.3099975586,0.4334106445,0.8231811523
16008397.0,2968.0,0.0,-1.58203125,-1.62109375,0.6171875,0
16015429.0,7032.0,1.0,0.1970214844,-0.3119506836,0.4307250977,0.8236083984
16018397.0,2968.0,0.0,-1.08984375,-0.8828125,0.40234375,0
16024429.0,6032.0,1.0,0.1978759766,-0.3139038086,0.4276123047,0.8242797852
16027397.0,2968.0,0.0,-0.8671875,-0.5234375,0.9140625,0
16035429.0,8032.0,1.0,0.1986694336,-0.3162841797,0.4232788086,0.8254394531
16038397.0,2968.0,0.0,-0.91796875,-0.64453125,0.58984375,0
16045429.0,7032.0,1.0,0.1992797852,-0.3186035156,0.4185791016,0.8267822266
16048397.0,2968.0,0.0,-0.4609375,-0.3359375,0.92578125,0
16055429.0,7032.0,1.0,0.1997680664,-0.321105957,0.4130249023,0.8284912109
16058397.0,2968.0,0.0,-0.50390625,0.01953125,1.19921875,0
16065429.0,7032.0,1.0,0.1999511719,-0.3238525391,0.4066162109,0.8305664063
16068397.0,2968.0,0.0,-1.046875,-1.0,0.44921875,0
16080429.0,12032.0,1.0,0.1999511719,-0.3264770508,0.4000244141,0.8327026367
16084397.0,3968.0,0.0,-1.74609375,-1.44140625,0.265625,0
16087429.0,3032.0,1.0,0.200012207,-0.3292236328,0.3932495117,0.8348388672
16090397.0,2968.0,0.0,-1.98046875,-1.640625,0.484375,0
16095429.0,5032.0,1.0,0.200378418,-0.3318481445,0.3866577148,0.8367919922
16098397.0,2968.0,0.0,-1.91015625,-1.84375,0.7265625,0
16105429.0,7032.0,1.0,0.2010498047,-0.333984375,0.3813476563,0.8381958008
16108397.0,2968.0,0.0,-1.8046875,-1.765625,0.7421875,0
16115429.0,7032.0,1.0,0.2020874023,-0.3358764648,0.3767700195,0.8392333984
16118397.0,2968.0,0.0,-1.4296875,-1.7265625,0.55078125,0
16125429.0,7032.0,1.0,0.2034301758,-0.3376464844,0.3727416992,0.8400268555
16128397.0,2968.0,0.0,-1.01953125,-1.49609375,0.75,0
16135429.0,7032.0,1.0,0.2048950195,-0.3391723633,0.3692016602,0.840637207
16138397.0,2968.0,0.0,-0.453125,-1.38671875,0.6328125,0
16145429.0,7032.0,1.0,0.2067871094,-0.3404541016,0.3662719727,0.8409423828
16148397.0,2968.0,0.0,-0.4296875,-1.8203125,0.5234375,0
16155429.0,7032.0,1.0,0.2092285156,-0.3414306641,0.3643188477,0.8408203125
16158397.0,2968.0,0.0,-0.484375,-1.91796875,0.1640625,0
16165429.0,7032.0,1.0,0.2124023438,-0.341796875,0.3637084961,0.8400878906
16168397.0,2968.0,0.0,-0.34375,-1.8125,-0.5703125,0
16175429.0,7032.0,1.0,0.2160644531,-0.341796875,0.3641357422,0.8389892578
16178397.0,2968.0,0.0,-0.62890625,0.671875,0.625,0
16185429.0,7032.0,1.0,0.2202148438,-0.3417358398,0.3645019531,0.8377685547
16188397.0,2968.0,0.0,-0.22265625,1.390625,0.69921875,0
16195429.0,7032.0,1.0,0.2239379883,-0.3419799805,0.3639526367,0.8369140625
16198397.0,2968.0,0.0,-0.23828125,-0.33203125,1.15234375,0
16205429.0,7032.0,1.0,0.2276611328,-0.3422851563,0.3632202148,0.8361206055
16208397.0,2968.0,0.0,-0.671875,-2.125,0.30078125,0
16214429.0,6032.0,1.0,0.2315063477,-0.3422851563,0.3630981445,0.8350830078
16217397.0,2968.0,0.0,-0.6484375,-2.29296875,0.72265625,0
16225429.0,8032.0,1.0,0.2359008789,-0.3419799805,0.3638305664,0.8336791992
16228397.0,2968.0,0.0,-0.328125,-1.2265625,1.10546875,0
16235429.0,7032.0,1.0,0.2401123047,-0.3417358398,0.3641967773,0.8323974609
16238397.0,2968.0,0.0,0.33984375,-0.23828125,1.03125,0
16245429.0,7032.0,1.0,0.2437133789,-0.3418579102,0.36328125,0.8317260742
16248397.0,2968.0,0.0,0.78515625,0.109375,0.75390625,0
16255429.0,7032.0,1.0,0.2467041016,-0.3424682617,0.3612670898,0.8314819336
16258397.0,2968.0,0.0,0.30859375,0.1328125,1.0390625,0
16265429.0,7032.0,1.0,0.2494506836,-0.3432006836,0.3588867188,0.8313598633
16269397.0,3968.0,0.0,-0.203125,-0.65625,0.9296875,0
16278429.0,9032.0,1.0,0.2520751953,-0.3439941406,0.3564453125,0.8312988281
16281397.0,2968.0,0.0,-0.30078125,-1.20703125,0.75390625,0
16288429.0,7032.0,1.0,0.2550048828,-0.3447265625,0.3543701172,0.8309936523
16291397.0,2968.0,0.0,-0.0859375,-1.21875,0.078125,0
16295429.0,4032.0,1.0,0.2579956055,-0.3451538086,0.3528442383,0.8305053711
16298397.0,2968.0,0.0,-0.03515625,-1.2109375,0.0625,0
16305429.0,7032.0,1.0,0.2609863281,-0.3455200195,0.3516235352,0.8299560547
16309397.0,3968.0,0.0,0.01953125,-1.09375,-0.13671875,0
16315429.0,6032.0,1.0,0.2638549805,-0.3458862305,0.3502197266,0.8295288086
16318397.0,2968.0,0.0,0.11328125,-0.6953125,-0.08203125,0
16325429.0,7032.0,1.0,0.2662963867,-0.3464355469,0.3481445313,0.8294067383
16328397.0,2968.0,0.0,0.58984375,-0.296875,-0.22265625,0
16335429.0,7032.0,1.0,0.268371582,-0.3472290039,0.3452758789,0.8295898438
16338397.0,2968.0,0.0,0.83203125,-1.11328125,0.48046875,0
16345429.0,7032.0,1.0,0.2702026367,-0.3481445313,0.3422241211,0.8298339844
16348397.0,2968.0,0.0,1.0703125,-1.78125,0.55859375,0
16355429.0,7032.0,1.0,0.2721557617,-0.3488769531,0.3399047852,0.8298950195
16358397.0,2968.0,0.0,1.046875,-2.30078125,0.96484375,0
16365429.0,7032.0,1.0,0.274230957,-0.3493652344,0.3385009766,0.8295898438
16368397.0,2968.0,0.0,1.1328125,-2.109375,0.56640625,0
16375429.0,7032.0,1.0,0.2764892578,-0.3496704102,0.3379516602,0.828918457
16378397.0,2968.0,0.0,1.30078125,-1.9609375,0.59765625,0
16385429.0,7032.0,1.0,0.2789306641,-0.3498535156,0.3381347656,0.8279418945
16389397.0,3968.0,0.0,1.546875,-1.43359375,0.48828125,0
16395429.0,6032.0,1.0,0.2813110352,-0.3499755859,0.338684082,0.8268432617
16398397.0,2968.0,0.0,1.83203125,-0.84375,0.15234375,0
16405429.0,7032.0,1.0,0.2835693359,-0.3501586914,0.3392944336,0.8257446289
16408397.0,2968.0,0.0,2.296875,-0.48046875,-0.03125,0
16415429.0,7032.0,1.0,0.285949707,-0.3503417969,0.33984375,0.8246459961
16418397.0,2968.0,0.0,2.58984375,-0.3125,-0.29296875,0
16425429.0,7032.0,1.0,0.2880859375,-0.3507080078,0.3401489258,0.8236083984
16429397.0,3968.0,0.0,2.68359375,-0.0234375,-0.28515625,0
16435429.0,6032.0,1.0,0.2899780273,-0.3514404297,0.3400268555,0.8226928711
16438397.0,2968.0,0.0,2.66015625,0.046875,-0.15234375,0
16445429.0,7032.0,1.0,0.2916870117,-0.3524780273,0.3396606445,0.8217773438
16448397.0,2968.0,0.0,2.75,-0.5703125,0.12109375,0
16455429.0,7032.0,1.0,0.2933349609,-0.3536376953,0.3393554688,0.8208007813
16458397.0,2968.0,0.0,2.74609375,-0.578125,0.47265625,0
16465429.0,7032.0,1.0,0.2948608398,-0.3550415039,0.3391113281,0.8197631836
16468397.0,2968.0,0.0,2.796875,-0.47265625,0.4140625,0
16475429.0,7032.0,1.0,0.2962646484,-0.3565673828,0.3389282227,0.8186645508
16478397.0,2968.0,0.0,2.90625,-0.1796875,0.390625,0
16485429.0,7032.0,1.0,0.2975463867,-0.3583374023,0.338684082,0.8175048828
16488397.0,2968.0,0.0,2.8828125,-0.41015625,0.4921875,0
16495429.0,7032.0,1.0,0.2987060547,-0.3603515625,0.3384399414,0.8163452148
16498397.0,2968.0,0.0,3.078125,-0.72265625,0.62890625,0
16505429.0,7032.0,1.0,0.2998657227,-0.3623657227,0.3384399414,0.8150024414
16509397.0,3968.0,0.0,3.29296875,-0.99609375,0.546875,0
16515429.0,6032.0,1.0,0.3010253906,-0.3645629883,0.3386230469,0.8135375977
16518397.0,2968.0,0.0,3.859375,-0.5078125,0.078125,0
16525429.0,7032.0,1.0,0.3020629883,-0.3668212891,0.3388061523,0.8120727539
16528397.0,2968.0,0.0,4.12890625,-0.29296875,-0.3125,0
16535429.0,7032.0,1.0,0.3029174805,-0.3692626953,0.3388061523,0.8106079102
16538397.0,2968.0,0.0,4.42578125,0.09375,-0.703125,0
16545429.0,7032.0,1.0,0.303527832,-0.3719482422,0.3385620117,0.8092651367
16548397.0,2968.0,0.0,4.45703125,0.390625,-0.671875,0
16555429.0,7032.0,1.0,0.303894043,-0.3748779297,0.3379516602,0.8080444336
16558397.0,2968.0,0.0,4.18359375,-0.328125,-0.44921875,0
16565429.0,7032.0,1.0,0.3040771484,-0.3780517578,0.3372192383,0.8067626953
16568397.0,2968.0,0.0,4.0703125,-0.87109375,-0.1796875,0
16575429.0,7032.0,1.0,0.3042602539,-0.3814086914,0.3367919922,0.8052978516
16578397.0,2968.0,0.0,4.0234375,-1.21484375,-0.16796875,0
16585429.0,7032.0,1.0,0.3043823242,-0.3848876953,0.336730957,0.8036499023
16588397.0,2968.0,0.0,4.015625,-1.2890625,-0.27734375,0
16600429.0,12032.0,1.0,0.3043823242,-0.3884887695,0.3367919922,0.8018798828
16604397.0,3968.0,0.0,3.82421875,-0.45703125,-1.37109375,0
16607429.0,3032.0,1.0,0.3041381836,-0.392578125,0.336730957,0.799987793
16610397.0,2968.0,0.0,3.87109375,-0.41796875,-1.30859375,0
16615429.0,5032.0,1.0,0.3038330078,-0.3970947266,0.336730957,0.7979125977
16618397.0,2968.0,0.0,3.18359375,-0.60546875,-1.58984375,0
16625429.0,7032.0,1.0,0.3035888672,-0.4013671875,0.336730957,0.7958374023
16628397.0,2968.0,0.0,2.1953125,0.46484375,-1.796875,0
16635429.0,7032.0,1.0,0.3031616211,-0.4060668945,0.3361816406,0.7938232422
16638397.0,2968.0,0.0,-0.09375,2.0078125,-2.921875,0
16645429.0,7032.0,1.0,0.3022460938,-0.4110107422,0.3345947266,0.7923583984
16648397.0,2968.0,0.0,-1.12109375,1.44921875,-3.2421875,0
16655429.0,7032.0,1.0,0.3010253906,-0.4162597656,0.3321533203,0.7910766602
16658397.0,2968.0,0.0,-2.14453125,0.79296875,-2.88671875,0
16665429.0,7032.0,1.0,0.2994995117,-0.4217529297,0.329284668,0.7899169922
16668397.0,2968.0,0.0,-2.796875,0.25,-2.8046875,0
16675429.0,7032.0,1.0,0.298034668,-0.4272460938,0.3263549805,0.7887573242
16678397.0,2968.0,0.0,-2.2890625,0.55078125,-2.90234375,0
16685429.0,7032.0,1.0,0.2964477539,-0.432800293,0.3233642578,0.7875366211
16689397.0,3968.0,0.0,-1.94140625,0.84765625,-2.6171875,0
16695429.0,6032.0,1.0,0.2947387695,-0.4384155273,0.3203735352,0.786315918
16698397.0,2968.0,0.0,-1.7421875,0.62109375,-1.87109375,0
16705429.0,7032.0,1.0,0.2928466797,-0.4439697266,0.3173217773,0.7850952148
16708397.0,2968.0,0.0,-1.62109375,-0.07421875,-0.4765625,0
16715429.0,7032.0,1.0,0.2906494141,-0.4497680664,0.3142700195,0.7838745117
16718397.0,2968.0,0.0,-1.57421875,-1.30859375,-1.10546875,0
16725429.0,7032.0,1.0,0.288269043,-0.4555053711,0.3116455078,0.7825317383
16728397.0,2968.0,0.0,-1.11328125,-1.08984375,0.53515625,0
16735429.0,7032.0,1.0,0.2858886719,-0.4611816406,0.3098144531,0.7807617188
16738397.0,2968.0,0.0,-0.9140625,-1.85546875,-0.07421875,0
16745429.0,7032.0,1.0,0.2836914063,-0.4666137695,0.3088378906,0.7787475586
16748397.0,2968.0,0.0,-0.14453125,-2.69921875,0.1171875,0
16755429.0,7032.0,1.0,0.2814941406,-0.4719848633,0.3088989258,0.7762451172
16758397.0,2968.0,0.0,-0.09765625,-1.06640625,-0.2109375,0
16765429.0,7032.0,1.0,0.279296875,-0.4772338867,0.3095092773,0.7736206055
16768397.0,2968.0,0.0,-0.14453125,0.18359375,-2.4375,0
16777429.0,9032.0,1.0,0.2770996094,-0.4821166992,0.3104248047,0.7709960938
16780397.0,2968.0,0.0,-0.01953125,-0.8046875,-2.87890625,0
16788429.0,8032.0,1.0,0.2747192383,-0.487121582,0.3120117188,0.7680053711
16791397.0,2968.0,0.0,0.2109375,-0.19140625,-4.4921875,0
16795429.0,4032.0,1.0,0.2723388672,-0.4920043945,0.3140258789,0.7649536133
16798397.0,2968.0,0.0,-0.2578125,-0.27734375,-4.453125,0
16805429.0,7032.0,1.0,0.2698974609,-0.4966430664,0.3162841797,0.7619018555
16808397.0,2968.0,0.0,-1.7890625,-0.67578125,-4.453125,0
16815429.0,7032.0,1.0,0.2673950195,-0.5010986328,0.3186645508,0.7588500977
16818397.0,2968.0,0.0,-4.0078125,-0.875,-3.98828125,0
16825429.0,7032.0,1.0,0.2647094727,-0.5056762695,0.3212890625,0.7556152344
16828397.0,2968.0,0.0,-9.5390625,-1.65625,-5.2109375,0
16835429.0,7032.0,1.0,0.2622680664,-0.5097045898,0.3239135742,0.7526245117
16838397.0,2968.0,0.0,-10.96484375,-1.48828125,-5.79296875,0
16845429.0,7032.0,1.0,0.2599487305,-0.5135498047,0.3269042969,0.7495727539
16848397.0,2968.0,0.0,-11.125,-1.6328125,-5.63671875,0
16855429.0,7032.0,1.0,0.2579956055,-0.5170288086,0.3302001953,0.7463378906
16858397.0,2968.0,0.0,-10.52734375,-1.734375,-5.21484375,0
16865429.0,7032.0,1.0,0.2563476563,-0.5202636719,0.3338012695,0.7431030273
16868397.0,2968.0,0.0,-8.7421875,-0.6484375,-3.87890625,0
16875429.0,7032.0,1.0,0.2549438477,-0.5233764648,0.3373413086,0.7398071289
16878397.0,2968.0,0.0,-7.9453125,0.125,-4.10546875,0
16885429.0,7032.0,1.0,0.2537231445,-0.5263061523,0.3408203125,0.7365112305
16888397.0,2968.0,0.0,-7.125,0.02734375,-4.34765625,0
16895429.0,7032.0,1.0,0.2526245117,-0.5292358398,0.3441772461,0.733215332
16898397.0,2968.0,0.0,-5.59765625,0.81640625,-4.0859375,0
16905429.0,7032.0,1.0,0.2515869141,-0.5322875977,0.3472900391,0.7299194336
16908397.0,2968.0,0.0,-5.3515625,2.0546875,-4.09375,0
16915429.0,7032.0,1.0,0.2504272461,-0.5353393555,0.3499755859,0.7268066406
16918397.0,2968.0,0.0,-5.25390625,2.4296875,-5.63671875,0
16926429.0,8032.0,1.0,0.249206543,-0.5383300781,0.3520507813,0.7239990234
16929397.0,2968.0,0.0,-4.77734375,2.23046875,-6.2734375,0
16941429.0,12032.0,1.0,0.2481079102,-0.5411376953,0.3538208008,0.7214355469
16946429.0,5000.0,1.0,0.2470092773,-0.5439453125,0.3556518555,0.71875
16948397.0,1968.0,0.0,-2.9296875,0.921875,-4.0625,0
16955429.0,7032.0,1.0,0.2460327148,-0.5465698242,0.3578491211,0.716003418
16958397.0,2968.0,0.0,-1.84375,-0.84765625,-3.40234375,0
16966429.0,8032.0,1.0,0.2451171875,-0.5490112305,0.3604125977,0.7131958008
16969397.0,2968.0,0.0,-1.56640625,-0.09765625,-2.7265625,0
16975429.0,6032.0,1.0,0.2442016602,-0.5510864258,0.3631591797,0.7104492188
16978397.0,2968.0,0.0,-2.546875,0.19140625,-3.59765625,0
16985429.0,7032.0,1.0,0.2432861328,-0.5531005859,0.3662719727,0.7076416016
16988397.0,2968.0,0.0,-2.453125,-0.3671875,-4.34765625,0
16995429.0,7032.0,1.0,0.2423706055,-0.5547485352,0.3693847656,0.7050170898
16998397.0,2968.0,0.0,-2.25390625,-0.046875,-3.83984375,0
17006429.0,8032.0,1.0,0.2412719727,-0.5562744141,0.3724365234,0.7025756836
17009397.0,2968.0,0.0,-2.8203125,-1.07421875,-2.83984375,0
17015429.0,6032.0,1.0,0.2399291992,-0.557800293,0.3754272461,0.7001953125
17018397.0,2968.0,0.0,-2.8984375,-1.48046875,0.125,0
17025429.0,7032.0,1.0,0.2383422852,-0.559387207,0.3789672852,0.6976318359
17028397.0,2968.0,0.0,-2.96875,-3.76953125,1.4765625,0
17035429.0,7032.0,1.0,0.2368164063,-0.5608520508,0.3828735352,0.6948242188
17038397.0,2968.0,0.0,-3.00390625,-2.74609375,1.953125,0
17046429.0,8032.0,1.0,0.2352905273,-0.5621337891,0.3870239258,0.6920166016
17049397.0,2968.0,0.0,-2.35546875,-3.28125,1.01171875,0
17055429.0,6032.0,1.0,0.2338256836,-0.5631713867,0.3914794922,0.6890869141
17058397.0,2968.0,0.0,-1.359375,-2.37109375,-2.5625,0
17065429.0,7032.0,1.0,0.232421875,-0.5640258789,0.3960571289,0.6862792969
17068397.0,2968.0,0.0,-0.171875,-2.1484375,-3.97265625,0
17075429.0,7032.0,1.0,0.2311401367,-0.5646972656,0.400390625,0.6836547852
17078397.0,2968.0,0.0,0.5859375,-2.96484375,-4.4140625,0
17086429.0,8032.0,1.0,0.2299194336,-0.5654907227,0.4045410156,0.6809692383
17089397.0,2968.0,0.0,1.0,-1.39453125,-3.484375,0
17095429.0,6032.0,1.0,0.2285766602,-0.5665893555,0.4083862305,0.6781616211
17098397.0,2968.0,0.0,1.34765625,-1.27734375,-0.3671875,0
17105429.0,7032.0,1.0,0.2272338867,-0.5679931641,0.4118041992,0.6753540039
17108397.0,2968.0,0.0,0.41796875,0.49609375,-0.50390625,0
17116429.0,8032.0,1.0,0.2258911133,-0.5697021484,0.4146118164,0.672668457
17119397.0,2968.0,0.0,0.16015625,1.203125,-1.18359375,0
17125429.0,6032.0,1.0,0.2247314453,-0.571472168,0.416809082,0.6702270508
17128397.0,2968.0,0.0,0.80078125,1.5,-1.9453125,0
17135429.0,7032.0,1.0,0.223449707,-0.5735473633,0.4182128906,0.6680297852
17138397.0,2968.0,0.0,0.80859375,3.29296875,-2.375,0
17145429.0,7032.0,1.0,0.2220458984,-0.5759277344,0.418762207,0.6660766602
17149397.0,3968.0,0.0,0.9609375,2.34375,-2.640625,0
17156429.0,7032.0,1.0,0.2203979492,-0.5784912109,0.418762207,0.6643676758
17159397.0,2968.0,0.0,0.65625,2.99609375,-1.125,0
17169429.0,10032.0,1.0,0.2186279297,-0.5814208984,0.4183959961,0.6626586914
17172397.0,2968.0,0.0,0.86328125,1.6328125,2.00390625,0
17176429.0,4032.0,1.0,0.2164306641,-0.5847167969,0.4180297852,0.6607055664
17179397.0,2968.0,0.0,0.21875,2.453125,2.46484375,0
17185429.0,6032.0,1.0,0.2144775391,-0.5874633789,0.4179077148,0.6589355469
17189397.0,3968.0,0.0,-0.171875,0.95703125,1.9609375,0
17195429.0,6032.0,1.0,0.2124633789,-0.5901489258,0.4183349609,0.6569213867
17198397.0,2968.0,0.0,-0.01953125,-0.15234375,1.265625,0
17205429.0,7032.0,1.0,0.2107543945,-0.5924072266,0.4194946289,0.6547241211
17208397.0,2968.0,0.0,0.25,0.98828125,-0.3046875,0
17215429.0,7032.0,1.0,0.208984375,-0.594543457,0.4214477539,0.6520996094
17218397.0,2968.0,0.0,0.93359375,0.3984375,-0.41015625,0
17225429.0,7032.0,1.0,0.2073364258,-0.5963745117,0.4237670898,0.6494140625
17228397.0,2968.0,0.0,1.1171875,0.53515625,0.01171875,0
17236429.0,8032.0,1.0,0.2053833008,-0.5981445313,0.4263305664,0.6467285156
17239397.0,2968.0,0.0,1.015625,0.93359375,0.98046875,0
17245429.0,6032.0,1.0,0.2030029297,-0.5999755859,0.4289550781,0.6440429688
17248397.0,2968.0,0.0,0.12890625,-0.66796875,2.375,0
17255429.0,7032.0,1.0,0.2001953125,-0.6018676758,0.431640625,0.6413574219
17258397.0,2968.0,0.0,-0.2734375,-0.6328125,2.69921875,0
17266429.0,8032.0,1.0,0.1972045898,-0.6035766602,0.4345092773,0.6387329102
17269397.0,2968.0,0.0,-0.37109375,-0.86328125,2.59375,0
17276429.0,7032.0,1.0,0.1940917969,-0.6051635742,0.4376220703,0.6361083984
17279397.0,2968.0,0.0,-0.2421875,-2.1328125,2.6484375,0
17285429.0,6032.0,1.0,0.1909179688,-0.6066894531,0.4411010742,0.6331787109
17288397.0,2968.0,0.0,0.109375,-2.640625,2.359375,0
17295429.0,7032.0,1.0,0.1878051758,-0.6081542969,0.4447631836,0.6301269531
17298397.0,2968.0,0.0,-0.19140625,-2.41015625,1.6640625,0
17306429.0,8032.0,1.0,0.1848144531,-0.6096801758,0.4483032227,0.6270141602
17309397.0,2968.0,0.0,-0.98828125,-0.96484375,1.26171875,0
17316429.0,7032.0,1.0,0.1818847656,-0.611328125,0.4514770508,0.6239624023
17319397.0,2968.0,0.0,-1.4765625,-0.3515625,-0.66796875,0
17325429.0,6032.0,1.0,0.1789550781,-0.6132202148,0.4541625977,0.6210327148
17328397.0,2968.0,0.0,-1.46484375,-0.4296875,-0.8515625,0
17335429.0,7032.0,1.0,0.1759643555,-0.615234375,0.456237793,0.618347168
17338397.0,2968.0,0.0,-0.68359375,-0.5,-1.4453125,0
17346429.0,8032.0,1.0,0.1730957031,-0.6174926758,0.4577026367,0.6158447266
17349397.0,2968.0,0.0,-0.12890625,-0.515625,-2.05859375,0
17355429.0,6032.0,1.0,0.1702880859,-0.6198730469,0.4586181641,0.6135253906
17358397.0,2968.0,0.0,1.1484375,1.421875,-1.01953125,0
17365429.0,7032.0,1.0,0.1671142578,-0.6227416992,0.458984375,0.6112060547
17368397.0,2968.0,0.0,1.8984375,1.0703125,0.3515625,0
17378429.0,10032.0,1.0,0.1640625,-0.6257324219,0.4589233398,0.6090698242
17381397.0,2968.0,0.0,1.61328125,2.203125,1.2734375,0
17388429.0,7032.0,1.0,0.1608886719,-0.62890625,0.4584960938,0.6069335938
17391397.0,2968.0,0.0,0.71875,2.703125,1.10546875,0
17395429.0,4032.0,1.0,0.1576538086,-0.6322631836,0.4577636719,0.6048583984
17398397.0,2968.0,0.0,0.3203125,1.859375,0.8828125,0
17405429.0,7032.0,1.0,0.1541748047,-0.6358032227,0.4566650391,0.6028442383
17408397.0,2968.0,0.0,-0.39453125,1.0859375,0.1796875,0
17415429.0,7032.0,1.0,0.1505737305,-0.6391601563,0.4555053711,0.6010742188
17418397.0,2968.0,0.0,-1.4140625,1.0390625,-0.20703125,0
17426429.0,8032.0,1.0,0.1469116211,-0.6424560547,0.4544067383,0.5993041992
17429397.0,2968.0,0.0,-1.50390625,0.45703125,-0.18359375,0
17435429.0,6032.0,1.0,0.1433105469,-0.6456298828,0.4536743164,0.5973510742
17438397.0,2968.0,0.0,-0.30078125,0.1796875,2.03125,0
17446429.0,8032.0,1.0,0.1397705078,-0.6486816406,0.4533081055,0.5951538086
17450397.0,3968.0,0.0,0.66796875,-0.02734375,2.33203125,0
17456429.0,6032.0,1.0,0.1361694336,-0.6516113281,0.4533691406,0.5927734375
17459397.0,2968.0,0.0,1.25,0.03515625,1.98046875,0
17466429.0,7032.0,1.0,0.1326293945,-0.6543579102,0.4537353516,0.5902099609
17469397.0,2968.0,0.0,1.21875,-1.13671875,1.90625,0
17476429.0,7032.0,1.0,0.1289672852,-0.657043457,0.4545288086,0.5874023438
17479397.0,2968.0,0.0,0.421875,-1.734375,0.91796875,0
17486429.0,7032.0,1.0,0.1254882813,-0.6594848633,0.4556884766,0.5845336914
17489397.0,2968.0,0.0,0.3828125,-1.8828125,0.0,0
17496429.0,7032.0,1.0,0.1220092773,-0.6616821289,0.4572753906,0.5815429688
17499397.0,2968.0,0.0,0.8828125,-0.98828125,-0.13671875,0
17506429.0,7032.0,1.0,0.1184692383,-0.6637573242,0.4588623047,0.5786132813
17509397.0,2968.0,0.0,1.53125,-0.44140625,1.0546875,0
17516429.0,7032.0,1.0,0.1145629883,-0.666015625,0.4603271484,0.5756835938
17519397.0,2968.0,0.0,1.4453125,-0.328125,2.01171875,0
17526429.0,7032.0,1.0,0.1103515625,-0.6682739258,0.4615478516,0.5728759766
17529397.0,2968.0,0.0,0.7109375,0.16796875,1.74609375,0
17536429.0,7032.0,1.0,0.1058349609,-0.6705322266,0.4627075195,0.5701904297
17539397.0,2968.0,0.0,-0.640625,-0.30078125,1.44921875,0
17545429.0,6032.0,1.0,0.1015625,-0.672668457,0.4636230469,0.5676879883
17548397.0,2968.0,0.0,-1.98828125,0.359375,-0.28125,0
17556429.0,8032.0,1.0,0.0969238281,-0.6748657227,0.4644165039,0.565246582
17559397.0,2968.0,0.0,-2.49609375,0.39453125,-1.3203125,0
17566429.0,7032.0,1.0,0.0923461914,-0.676940918,0.46484375,0.5631713867
17569397.0,2968.0,0.0,-2.92578125,-0.30078125,-1.98828125,0
17575429.0,6032.0,1.0,0.0874633789,-0.6790771484,0.4646606445,0.5615234375
17578397.0,2968.0,0.0,-2.8125,0.109375,-1.78515625,0
17588429.0,10032.0,1.0,0.0819091797,-0.6812744141,0.4638671875,0.5603637695
17591397.0,2968.0,0.0,-2.4375,-0.2109375,2.13671875,0
17595429.0,4032.0,1.0,0.0758666992,-0.6835327148,0.4627685547,0.559387207
17598397.0,2968.0,0.0,-0.75,0.31640625,2.21484375,0
17605429.0,7032.0,1.0,0.0695800781,-0.6857910156,0.4615478516,0.5584106445
17608397.0,2968.0,0.0,-0.4140625,1.9375,1.87109375,0
17616429.0,8032.0,1.0,0.0635375977,-0.6878662109,0.4604492188,0.557434082
17619397.0,2968.0,0.0,-0.00390625,2.14453125,1.51953125,0
17626429.0,7032.0,1.0,0.0578613281,-0.6898193359,0.4597167969,0.5563354492
17629397.0,2968.0,0.0,-1.0078125,3.0546875,1.75,0
17636429.0,7032.0,1.0,0.0524902344,-0.6914672852,0.4594116211,0.5549926758
17639397.0,2968.0,0.0,-2.51171875,2.33984375,1.55859375,0
17646429.0,7032.0,1.0,0.0470581055,-0.6929321289,0.4598388672,0.5534057617
17649397.0,2968.0,0.0,-4.43359375,0.6640625,2.484375,0
17656429.0,7032.0,1.0,0.0416259766,-0.6939086914,0.4611206055,0.5514526367
17659397.0,2968.0,0.0,-6.6875,0.1328125,2.76171875,0
17666429.0,7032.0,1.0,0.036315918,-0.6943359375,0.4636230469,0.5491943359
17669397.0,2968.0,0.0,-9.69921875,0.1015625,0.94140625,0
17676429.0,7032.0,1.0,0.03125,-0.6939697266,0.4678955078,0.5463256836
17679397.0,2968.0,0.0,-10.8203125,-0.26171875,-0.51953125,0
17686429.0,7032.0,1.0,0.02734375,-0.6926879883,0.4744873047,0.5425415039
17689397.0,2968.0,0.0,-12.32421875,-0.64453125,-0.21484375,0
17696429.0,7032.0,1.0,0.0250244141,-0.6901855469,0.4837646484,0.5375976563
17699397.0,2968.0,0.0,-14.03515625,1.60546875,0.921875,0
17706429.0,7032.0,1.0,0.0244140625,-0.6864624023,0.4955444336,0.5316162109
17709397.0,2968.0,0.0,-14.56640625,2.4921875,0.50390625,0
17719429.0,10032.0,1.0,0.024597168,-0.6815185547,0.5090332031,0.5252075195
17722397.0,2968.0,0.0,-15.44140625,6.28125,-0.828125,0
17729429.0,7032.0,1.0,0.0239868164,-0.6746826172,0.5243530273,0.5189208984
17732397.0,2968.0,0.0,-17.57421875,10.73046875,-2.609375,0
17736429.0,4032.0,1.0,0.020690918,-0.6668701172,0.537902832,0.5153198242
17739397.0,2968.0,0.0,-18.08984375,16.94921875,-5.87109375,0
17746429.0,7032.0,1.0,0.0134887695,-0.6580200195,0.5486450195,0.5155639648
17749397.0,2968.0,0.0,-16.46875,19.64453125,-8.09375,0
17756429.0,7032.0,1.0,0.0009765625,-0.6478881836,0.5560302734,0.5206298828
17759397.0,2968.0,0.0,-14.6328125,18.92578125,-8.30859375,0
17766429.0,7032.0,1.0,0.0180053711,0.63671875,-0.5585327148,-0.5313720703
17769397.0,2968.0,0.0,-11.84375,18.83984375,-8.875,0
17775429.0,6032.0,1.0,0.0404663086,0.6256103516,-0.5565795898,-0.5452270508
17778397.0,2968.0,0.0,-7.61328125,-6.55078125,-0.55859375,0
17786429.0,8032.0,1.0,0.0599975586,0.6133422852,-0.5573730469,-0.5563964844
17789397.0,2968.0,0.0,-5.85546875,-26.0390625,0.96875,0
17796429.0,7032.0,1.0,0.0692749023,0.6005249023,-0.5655517578,-0.5610351563
17799397.0,2968.0,0.0,-6.25390625,-10.8046875,7.77734375,0
17806429.0,7032.0,1.0,0.0747070313,0.5853881836,-0.5738525391,-0.5678100586
17809397.0,2968.0,0.0,-5.015625,40.8046875,3.12890625,0
17821429.0,12032.0,1.0,0.0841674805,0.5692749023,-0.5726318359,-0.5838623047
17825397.0,3968.0,0.0,7.1875,22.18359375,-17.37109375,0
17828429.0,3032.0,1.0,0.100769043,0.5509033203,-0.5579833984,-0.6123657227
17831397.0,2968.0,0.0,7.1484375,21.86328125,-18.09765625,0
17835429.0,4032.0,1.0,0.1160888672,0.5321655273,-0.5360717773,-0.6449584961
17838397.0,2968.0,0.0,2.44921875,-8.98046875,-17.77734375,0
17846429.0,8032.0,1.0,0.1235351563,0.5135498047,-0.5142822266,-0.6756591797
17849397.0,2968.0,0.0,0.4453125,-19.29296875,-8.76953125,0
17856429.0,7032.0,1.0,0.1228637695,0.4970092773,-0.4956054688,-0.7016601563
17859397.0,2968.0,0.0,3.71875,-13.83203125,-3.7265625,0
17866429.0,7032.0,1.0,0.1184082031,0.4820556641,-0.4751586914,-0.7265014648
17869397.0,2968.0,0.0,5.7734375,-11.22265625,-2.53515625,0
17878429.0,9032.0,1.0,0.1113891602,0.4688720703,-0.4526367188,-0.7502441406
17881397.0,2968.0,0.0,7.42578125,-16.9296875,-2.16796875,0
17888429.0,7032.0,1.0,0.1000976563,0.4573364258,-0.4302368164,-0.7717895508
17891397.0,2968.0,0.0,9.6015625,-22.67578125,-2.4609375,0
17896429.0,5032.0,1.0,0.0844116211,0.4476318359,-0.4102783203,-0.7900390625
17899397.0,2968.0,0.0,12.203125,-17.8828125,1.92578125,0
17906429.0,7032.0,1.0,0.0654907227,0.4395751953,-0.3926391602,-0.8051757813
17909397.0,2968.0,0.0,12.46875,-15.9765625,2.5703125,0
17918429.0,9032.0,1.0,0.0454711914,0.4333496094,-0.3779296875,-0.8168945313
17921397.0,2968.0,0.0,11.9140625,-14.7265625,2.53125,0
17928429.0,7032.0,1.0,0.0233764648,0.4280395508,-0.3649291992,-0.8264770508
17931397.0,2968.0,0.0,10.20703125,-9.44921875,1.20703125,0
17936429.0,5032.0,1.0,0.0007324219,0.4235839844,-0.3533325195,-0.8341064453
17939397.0,2968.0,0.0,10.66796875,-6.89453125,0.31640625,0
17946429.0,7032.0,1.0,0.0216674805,-0.4196777344,0.3420410156,0.8404541016
17949397.0,2968.0,0.0,11.69140625,-5.59765625,-0.5703125,0
17958429.0,9032.0,1.0,0.0427246094,-0.4163208008,0.3309326172,0.8457641602
17961397.0,2968.0,0.0,12.23046875,-4.61328125,-0.66015625,0
17968429.0,7032.0,1.0,0.0628662109,-0.413269043,0.3199462891,0.8502197266
17971397.0,2968.0,0.0,11.21484375,-4.17578125,-0.01953125,0
17976429.0,5032.0,1.0,0.0823974609,-0.4104003906,0.3091430664,0.8539428711
17979397.0,2968.0,0.0,10.6484375,-4.4296875,0.4453125,0
17986429.0,7032.0,1.0,0.1011962891,-0.4077758789,0.2990722656,0.8567504883
17989397.0,2968.0,0.0,10.2890625,-4.43359375,1.1171875,0
17997429.0,8032.0,1.0,0.1185302734,-0.4055175781,0.290222168,0.8586425781
18000397.0,2968.0,0.0,10.11328125,-4.80078125,1.625,0
18008429.0,8032.0,1.0,0.1351318359,-0.4035644531,0.2822875977,0.8597412109
18011397.0,2968.0,0.0,9.625,-6.109375,2.0390625,0
18016429.0,5032.0,1.0,0.1516723633,-0.4019165039,0.2750854492,0.8601074219
18019397.0,2968.0,0.0,9.37890625,-5.93359375,2.07421875,0
18026429.0,7032.0,1.0,0.1658935547,-0.4006958008,0.2695922852,0.8598022461
18029397.0,2968.0,0.0,9.01953125,-5.75390625,1.87890625,0
18036429.0,7032.0,1.0,0.1796264648,-0.3998413086,0.2650146484,0.8588867188
18039397.0,2968.0,0.0,8.3984375,-5.64453125,1.80859375,0
18046429.0,7032.0,1.0,0.1925048828,-0.399230957,0.2615356445,0.857421875
18049397.0,2968.0,0.0,6.921875,-5.5078125,1.1484375,0
18056429.0,7032.0,1.0,0.2045288086,-0.3989257813,0.2593994141,0.8554077148
18059397.0,2968.0,0.0,5.796875,-4.51953125,0.3515625,0
18066429.0,7032.0,1.0,0.2158813477,-0.3987426758,0.2586669922,0.8529052734
18069397.0,2968.0,0.0,4.5859375,-3.328125,-0.0859375,0
18078429.0,9032.0,1.0,0.225769043,-0.3989257813,0.2589111328,0.8502197266
18081397.0,2968.0,0.0,3.7265625,-2.20703125,-0.734375,0
18088429.0,7032.0,1.0,0.2352294922,-0.3995361328,0.259765625,0.8471069336
18091397.0,2968.0,0.0,3.4453125,-0.97265625,-0.91796875,0
18096429.0,5032.0,1.0,0.2440185547,-0.4007568359,0.2607421875,0.8436889648
18099397.0,2968.0,0.0,4.01171875,-1.30859375,-1.4609375,0
18106429.0,7032.0,1.0,0.251159668,-0.40234375,0.2619628906,0.8405151367
18109397.0,2968.0,0.0,4.50390625,-1.67578125,-1.4296875,0
18116429.0,7032.0,1.0,0.2576293945,-0.404296875,0.2636108398,0.8370361328
18119397.0,2968.0,0.0,4.6875,-1.046875,-2.11328125,0
18126429.0,7032.0,1.0,0.2634277344,-0.4067993164,0.265625,0.8333740234
18129397.0,2968.0,0.0,4.3828125,-0.72265625,-2.35546875,0
18136429.0,7032.0,1.0,0.2681274414,-0.4098510742,0.2675170898,0.8297729492
18139397.0,2968.0,0.0,3.73828125,-0.38671875,-2.5625,0
18146429.0,7032.0,1.0,0.2717285156,-0.4136962891,0.2691650391,0.826171875
18149397.0,2968.0,0.0,3.328125,0.7734375,-3.91015625,0
18155429.0,6032.0,1.0,0.2743530273,-0.4176635742,0.2706298828,0.8228149414
18158397.0,2968.0,0.0,1.53515625,2.3515625,-4.89453125,0
18166429.0,8032.0,1.0,0.276550293,-0.4221191406,0.2724609375,0.8192138672
18169397.0,2968.0,0.0,0.28515625,3.6484375,-5.34765625,0
18176429.0,7032.0,1.0,0.2780761719,-0.426574707,0.2737426758,0.8159790039
18179397.0,2968.0,0.0,-1.015625,4.29296875,-5.4453125,0
18186429.0,7032.0,1.0,0.2786865234,-0.4310913086,0.274230957,0.8131713867
18189397.0,2968.0,0.0,-2.26953125,3.90234375,-4.37109375,0
18196429.0,7032.0,1.0,0.2785644531,-0.4358520508,0.2741088867,0.8107299805
18199397.0,2968.0,0.0,-3.6796875,2.1875,-2.828125,0
18206429.0,7032.0,1.0,0.2777099609,-0.4407958984,0.2734375,0.80859375
18209397.0,2968.0,0.0,-3.1796875,2.578125,-3.21875,0
18216429.0,7032.0,1.0,0.2762451172,-0.4458618164,0.2725830078,0.8065795898
18219397.0,2968.0,0.0,-3.484375,0.1953125,-0.375,0
18226429.0,7032.0,1.0,0.2748413086,-0.4506225586,0.2729492188,0.8042602539
18229397.0,2968.0,0.0,-3.62890625,-3.61328125,-0.06640625,0
18241429.0,12032.0,1.0,0.2738647461,-0.4546508789,0.2750854492,0.8016357422
18245397.0,3968.0,0.0,-0.91015625,-4.5390625,0.91796875,0
18248429.0,3032.0,1.0,0.2730102539,-0.4584350586,0.2789916992,0.7984008789
18251397.0,2968.0,0.0,-0.87109375,-4.5625,1.01953125,0
18256429.0,5032.0,1.0,0.2722167969,-0.4622192383,0.2849121094,0.7943725586
18259397.0,2968.0,0.0,-0.1796875,-3.4375,0.01171875,0
18266429.0,7032.0,1.0,0.271484375,-0.4654541016,0.2916259766,0.7902832031
18269397.0,2968.0,0.0,0.9375,0.09375,-2.421875,0
18276429.0,7032.0,1.0,0.2705688477,-0.4685668945,0.2991943359,0.785949707
18279397.0,2968.0,0.0,1.23828125,1.0859375,-3.73828125,0
18286429.0,7032.0,1.0,0.2692260742,-0.4716186523,0.3069458008,0.7816162109
18290397.0,3968.0,0.0,1.62109375,1.30078125,-4.40234375,0
18296429.0,6032.0,1.0,0.2673339844,-0.4747924805,0.3146362305,0.7772216797
18299397.0,2968.0,0.0,1.26953125,0.5625,-4.515625,0
18306429.0,7032.0,1.0,0.2648925781,-0.4780883789,0.3216552734,0.7731933594
18309397.0,2968.0,0.0,-0.69140625,1.6640625,-5.21484375,0
18316429.0,7032.0,1.0,0.2618408203,-0.4817504883,0.3283081055,0.7691650391
18319397.0,2968.0,0.0,-1.5859375,0.70703125,-5.44140625,0
18326429.0,7032.0,1.0,0.2585449219,-0.4854125977,0.3342285156,0.7653808594
18329397.0,2968.0,0.0,-2.2890625,0.734375,-5.75390625,0
18336429.0,7032.0,1.0,0.2551269531,-0.4891357422,0.3399658203,0.7615966797
18339397.0,2968.0,0.0,-2.87890625,0.47265625,-5.4609375,0
18346429.0,7032.0,1.0,0.2518920898,-0.4926147461,0.3455200195,0.7579345703
18349397.0,2968.0,0.0,-4.6953125,0.40234375,-5.2734375,0
18361429.0,12032.0,1.0,0.2484741211,-0.4962158203,0.3511962891,0.7541503906
18365397.0,3968.0,0.0,-5.26171875,-1.0859375,-3.8984375,0
18368429.0,3032.0,1.0,0.2451782227,-0.4996337891,0.3569335938,0.7501831055
18371397.0,2968.0,0.0,-5.0078125,-0.24609375,-4.06640625,0
18376429.0,5032.0,1.0,0.2421875,-0.5029296875,0.3632202148,0.7459716797
18379397.0,2968.0,0.0,-5.0,-0.31640625,-3.91015625,0
18386429.0,7032.0,1.0,0.2396850586,-0.5060424805,0.3698730469,0.7414550781
18389397.0,2968.0,0.0,-5.828125,2.11328125,-4.625,0
18396429.0,7032.0,1.0,0.2376708984,-0.5087890625,0.3760986328,0.7369995117
18399397.0,2968.0,0.0,-6.65625,3.078125,-5.90234375,0
18406429.0,7032.0,1.0,0.2359008789,-0.5115966797,0.3820800781,0.7326049805
18409397.0,2968.0,0.0,-6.87890625,2.6015625,-6.7890625,0
18416429.0,7032.0,1.0,0.2343139648,-0.5143432617,0.3871459961,0.7284545898
18419397.0,2968.0,0.0,-6.33984375,2.59375,-6.92578125,0
18426429.0,7032.0,1.0,0.2326660156,-0.5173339844,0.3915405273,0.7244873047
18429397.0,2968.0,0.0,-3.67578125,1.55859375,-6.24609375,0
18436429.0,7032.0,1.0,0.2309570313,-0.5205078125,0.395324707,0.720703125
18439397.0,2968.0,0.0,-2.87109375,1.296875,-4.59765625,0
18446429.0,7032.0,1.0,0.2294311523,-0.5236816406,0.3988037109,0.7169799805
18449397.0,2968.0,0.0,-3.16015625,2.0546875,-3.859375,0
18456429.0,7032.0,1.0,0.2282714844,-0.5267944336,0.4025268555,0.7130126953
18459397.0,2968.0,0.0,-3.26171875,1.6875,-3.95703125,0
18466429.0,7032.0,1.0,0.2276000977,-0.5296020508,0.4063110352,0.708984375
18469397.0,2968.0,0.0,-4.29296875,2.28515625,-4.453125,0
18476429.0,7032.0,1.0,0.2271728516,-0.5322875977,0.41015625,0.7048950195
18479397.0,2968.0,0.0,-4.69921875,2.71875,-4.98046875,0
18486429.0,7032.0,1.0,0.2269287109,-0.5347290039,0.4140014648,0.7008666992
18489397.0,2968.0,0.0,-5.046875,2.48046875,-5.08984375,0
18501429.0,12032.0,1.0,0.2268676758,-0.5369873047,0.4172363281,0.6972045898
18506397.0,4968.0,0.0,-2.46484375,3.44140625,-3.9921875,0
18509429.0,3032.0,1.0,0.2265625,-0.5394287109,0.419921875,0.6937866211
18512397.0,2968.0,0.0,-2.45703125,3.43359375,-3.8828125,0
18516429.0,4032.0,1.0,0.2258911133,-0.5422363281,0.4218139648,0.6906738281
18519397.0,2968.0,0.0,-0.80078125,1.6015625,-2.71875,0
18526429.0,7032.0,1.0,0.2249145508,-0.5451660156,0.4230957031,0.6878662109
18529397.0,2968.0,0.0,0.2421875,0.296875,-1.55078125,0
18536429.0,7032.0,1.0,0.2236938477,-0.5481567383,0.4240722656,0.6853027344
18539397.0,2968.0,0.0,-0.44140625,0.53515625,-1.47265625,0
18546429.0,7032.0,1.0,0.2221679688,-0.5513305664,0.424987793,0.6827392578
18549397.0,2968.0,0.0,-0.77734375,1.01171875,-2.03125,0
18556429.0,7032.0,1.0,0.220703125,-0.5541992188,0.4260253906,0.6801757813
18559397.0,2968.0,0.0,-0.80859375,-0.0234375,-2.48046875,0
18566429.0,7032.0,1.0,0.219543457,-0.5567626953,0.4274291992,0.6776123047
18569397.0,2968.0,0.0,-0.76953125,0.8515625,-2.96875,0
18576429.0,7032.0,1.0,0.2183227539,-0.5592041016,0.4291381836,0.6748657227
18579397.0,2968.0,0.0,-1.265625,-0.375,-0.890625,0
18586429.0,7032.0,1.0,0.2171020508,-0.5615844727,0.4310913086,0.6720581055
18589397.0,2968.0,0.0,-1.19140625,-0.65234375,0.16015625,0
18596429.0,7032.0,1.0,0.215637207,-0.5639038086,0.4332275391,0.6691894531
18599397.0,2968.0,0.0,-1.2734375,-0.23828125,0.55078125,0
18607429.0,8032.0,1.0,0.2141113281,-0.5661621094,0.435546875,0.6662597656
18610397.0,2968.0,0.0,-1.04296875,-0.3671875,-0.15234375,0
18616429.0,6032.0,1.0,0.2127075195,-0.5681762695,0.4381103516,0.6633300781
18619397.0,2968.0,0.0,-0.40234375,0.49609375,-1.4765625,0
18626429.0,7032.0,1.0,0.2114868164,-0.5700073242,0.4407958984,0.6603393555
18629397.0,2968.0,0.0,0.08984375,0.51953125,-1.7265625,0
18636429.0,7032.0,1.0,0.2103271484,-0.5717773438,0.4434204102,0.657409668
18639397.0,2968.0,0.0,0.38671875,-0.26171875,-1.32421875,0
18646429.0,7032.0,1.0,0.2091064453,-0.5736694336,0.4460449219,0.6544189453
18649397.0,2968.0,0.0,0.9140625,-0.125,-0.65625,0
18656429.0,7032.0,1.0,0.207824707,-0.5756835938,0.4486083984,0.6512451172
18659397.0,2968.0,0.0,0.6796875,0.48046875,-0.5234375,0
18666429.0,7032.0,1.0,0.2065429688,-0.5778808594,0.4508666992,0.6481933594
18669397.0,2968.0,0.0,-0.09765625,1.390625,-0.1640625,0
18676429.0,7032.0,1.0,0.2051391602,-0.580078125,0.4526977539,0.6453857422
18679397.0,2968.0,0.0,-0.53125,0.88671875,-0.19140625,0
18686429.0,7032.0,1.0,0.2036132813,-0.5822753906,0.4541015625,0.6428222656
18689397.0,2968.0,0.0,-0.53125,1.53125,-1.29296875,0
18696429.0,7032.0,1.0,0.2017822266,-0.584777832,0.4549560547,0.6405639648
18699397.0,2968.0,0.0,-0.08984375,1.03125,-1.17578125,0
18706429.0,7032.0,1.0,0.1995239258,-0.5874633789,0.4552612305,0.6386108398
18710397.0,3968.0,0.0,0.5546875,0.640625,-0.45703125,0
18716429.0,6032.0,1.0,0.1968994141,-0.5902709961,0.4552001953,0.6369018555
18719397.0,2968.0,0.0,1.421875,-0.32421875,0.03515625,0
18726429.0,7032.0,1.0,0.1942138672,-0.5930786133,0.455078125,0.6351928711
18729397.0,2968.0,0.0,2.26171875,-0.203125,0.94140625,0
18741429.0,12032.0,1.0,0.1914672852,-0.5960083008,0.4548950195,0.6334228516
18745397.0,3968.0,0.0,0.53125,-1.625,0.8203125,0
18748429.0,3032.0,1.0,0.1887817383,-0.5989379883,0.4549560547,0.6313476563
18751397.0,2968.0,0.0,-0.17578125,-0.9375,0.5546875,0
18756429.0,5032.0,1.0,0.1861572266,-0.6019287109,0.4553222656,0.6290283203
18759397.0,2968.0,0.0,-0.19140625,-0.9453125,0.6328125,0
18767429.0,8032.0,1.0,0.1837768555,-0.604675293,0.455871582,0.6267089844
18770397.0,2968.0,0.0,-2.08203125,-0.0703125,0.40234375,0
18776429.0,6032.0,1.0,0.181640625,-0.6071166992,0.4566040039,0.6244506836
18779397.0,2968.0,0.0,-1.67578125,-0.00390625,0.59765625,0
18786429.0,7032.0,1.0,0.1795654297,-0.6094360352,0.4577026367,0.6219482422
18789397.0,2968.0,0.0,-0.99609375,-0.69921875,1.78515625,0
18796429.0,7032.0,1.0,0.1774902344,-0.6117553711,0.4593505859,0.6190795898
18799397.0,2968.0,0.0,-0.64453125,-0.6015625,2.1015625,0
18806429.0,7032.0,1.0,0.1754150391,-0.6138916016,0.4612426758,0.6160888672
18809397.0,2968.0,0.0,0.14453125,-0.45703125,1.62109375,0
18816429.0,7032.0,1.0,0.1732177734,-0.6160888672,0.4632568359,0.6130371094
18819397.0,2968.0,0.0,0.27734375,-1.0390625,1.20703125,0
18827429.0,8032.0,1.0,0.1709594727,-0.6181640625,0.4652099609,0.6100463867
18830397.0,2968.0,0.0,0.09765625,-1.4453125,0.56640625,0
18836429.0,6032.0,1.0,0.1687011719,-0.6203613281,0.4671630859,0.6069946289
18839397.0,2968.0,0.0,-0.96484375,-0.04296875,-0.796875,0
18846429.0,7032.0,1.0,0.1665039063,-0.6224975586,0.4689941406,0.6040039063
18849397.0,2968.0,0.0,-1.06640625,-0.05859375,0.09375,0
18856429.0,7032.0,1.0,0.1641845703,-0.6248168945,0.4705200195,0.6010742188
18859397.0,2968.0,0.0,-0.40234375,-0.21875,1.40625,0
18867429.0,8032.0,1.0,0.1616210938,-0.6273193359,0.4717407227,0.5981445313
18870397.0,2968.0,0.0,-0.046875,-0.38671875,1.8671875,0
18876429.0,6032.0,1.0,0.1588745117,-0.6299438477,0.4727172852,0.5953369141
18879397.0,2968.0,0.0,0.609375,0.25390625,1.30859375,0
18886429.0,7032.0,1.0,0.1558837891,-0.6326904297,0.4735107422,0.592590332
18889397.0,2968.0,0.0,0.5859375,-0.3671875,1.1953125,0
18896429.0,7032.0,1.0,0.1527099609,-0.6354980469,0.4740600586,0.5900268555
18899397.0,2968.0,0.0,0.44140625,-0.15234375,0.73828125,0
18907429.0,8032.0,1.0,0.1494140625,-0.6383056641,0.4744262695,0.5874633789
18910397.0,2968.0,0.0,0.109375,-0.81640625,0.08984375,0
18916429.0,6032.0,1.0,0.1461791992,-0.6410522461,0.4747314453,0.5850830078
18919397.0,2968.0,0.0,-0.1875,0.66015625,-0.33203125,0
18926429.0,7032.0,1.0,0.1426391602,-0.6441040039,0.4748535156,0.5825195313
18929397.0,2968.0,0.0,-0.03515625,0.375,0.8203125,0
18936429.0,7032.0,1.0,0.1391601563,-0.6470947266,0.4747924805,0.5800170898
18939397.0,2968.0,0.0,0.20703125,-0.2890625,1.51171875,0
18947429.0,8032.0,1.0,0.1356811523,-0.6501464844,0.4746704102,0.5775146484
18950397.0,2968.0,0.0,0.25390625,0.4296875,1.58203125,0
18962429.0,12032.0,1.0,0.1322631836,-0.653137207,0.4744262695,0.5751342773
18967429.0,5000.0,1.0,0.1286621094,-0.6561279297,0.4741821289,0.5728149414
18969397.0,1968.0,0.0,-0.19140625,0.13671875,0.80078125,0
18976429.0,7032.0,1.0,0.1248168945,-0.6591796875,0.4739990234,0.5703125
18979397.0,2968.0,0.0,-0.19140625,1.0703125,0.92578125,0
18987429.0,8032.0,1.0,0.1208496094,-0.6620483398,0.4738769531,0.5679321289
18990397.0,2968.0,0.0,0.34375,0.828125,1.2578125,0
18996429.0,6032.0,1.0,0.1167602539,-0.6649169922,0.473815918,0.5654296875
18999397.0,2968.0,0.0,0.7265625,0.61328125,1.13671875,0
19006429.0,7032.0,1.0,0.1126098633,-0.6676635742,0.4739379883,0.5629272461
19009397.0,2968.0,0.0,0.07421875,0.359375,0.484375,0
19017429.0,8032.0,1.0,0.1083374023,-0.6702880859,0.4742431641,0.5604248047
19020397.0,2968.0,0.0,-0.9609375,0.05859375,0.40234375,0
19027429.0,7032.0,1.0,0.1039428711,-0.6727905273,0.4746704102,0.5578613281
19030397.0,2968.0,0.0,-2.16015625,0.83203125,0.7890625,0
19036429.0,6032.0,1.0,0.0993041992,-0.6751708984,0.4750366211,0.5555419922
19039397.0,2968.0,0.0,-2.05078125,0.82421875,0.88671875,0
19046429.0,7032.0,1.0,0.0942993164,-0.6774291992,0.475402832,0.5533447266
19050397.0,3968.0,0.0,-1.79296875,0.125,1.1796875,0
19057429.0,7032.0,1.0,0.089050293,-0.6794433594,0.4760131836,0.5512084961
19060397.0,2968.0,0.0,-1.3125,-0.57421875,1.28125,0
19067429.0,7032.0,1.0,0.0837402344,-0.6812133789,0.4771118164,0.5488891602
19070397.0,2968.0,0.0,0.00390625,0.29296875,2.875,0
19076429.0,6032.0,1.0,0.0783691406,-0.682800293,0.4787597656,0.5463256836
19079397.0,2968.0,0.0,0.01953125,0.078125,3.55859375,0
19087429.0,8032.0,1.0,0.0731201172,-0.6840209961,0.4810791016,0.5433959961
19090397.0,2968.0,0.0,-0.203125,-1.14453125,3.71484375,0
19097429.0,7032.0,1.0,0.0680541992,-0.6849975586,0.4842529297,0.5401000977
19100397.0,2968.0,0.0,-1.23828125,0.00390625,3.83203125,0
19106429.0,6032.0,1.0,0.063293457,-0.6854858398,0.4880981445,0.5364990234
19109397.0,2968.0,0.0,-5.65234375,-0.59375,1.80078125,0
19116429.0,7032.0,1.0,0.0583496094,-0.6856079102,0.4932861328,0.5322265625
19119397.0,2968.0,0.0,-7.81640625,-0.2890625,0.9453125,0
19126429.0,7032.0,1.0,0.0539550781,-0.6851196289,0.4993896484,0.5275268555
19129397.0,2968.0,0.0,-9.71875,-0.7421875,0.94140625,0
19138429.0,9032.0,1.0,0.0503540039,-0.6839599609,0.5067138672,0.5223999023
19141397.0,2968.0,0.0,-10.85546875,-0.16015625,0.0078125,0
19149429.0,8032.0,1.0,0.0476074219,-0.6818847656,0.5156860352,0.5164794922
19152397.0,2968.0,0.0,-13.23046875,1.60546875,-0.328125,0
19156429.0,4032.0,1.0,0.0459594727,-0.6788330078,0.5264282227,0.5098876953
19159397.0,2968.0,0.0,-14.49609375,2.6171875,-0.27734375,0
19166429.0,7032.0,1.0,0.0453491211,-0.6745605469,0.5386962891,0.5026855469
19169397.0,2968.0,0.0,-15.92578125,4.96875,-1.171875,0
19177429.0,8032.0,1.0,0.044921875,-0.6692504883,0.5517578125,0.4956665039
19180397.0,2968.0,0.0,-17.12109375,8.046875,-3.0703125,0
19187429.0,7032.0,1.0,0.0435791016,-0.662902832,0.564453125,0.4899291992
19190397.0,2968.0,0.0,-19.546875,15.8203125,-6.70703125,0
19196429.0,6032.0,1.0,0.0399780273,-0.6552124023,0.5764160156,0.4866943359
19199397.0,2968.0,0.0,-19.74609375,19.09765625,-8.328125,0
19207429.0,8032.0,1.0,0.0328979492,-0.6463012695,0.5863037109,0.4873046875
19210397.0,2968.0,0.0,-18.5078125,21.0,-10.20703125,0
19216429.0,6032.0,1.0,0.0216674805,-0.6365966797,0.5930175781,0.4925537109
19219397.0,2968.0,0.0,-15.65625,20.91015625,-10.97265625,0
19229429.0,10032.0,1.0,0.0049438477,-0.625793457,0.5960083008,0.503112793
19232397.0,2968.0,0.0,-9.98046875,22.03125,-7.98828125,0
19236429.0,4032.0,1.0,0.0161743164,0.6140136719,-0.5955810547,-0.5177001953
19239397.0,2968.0,0.0,-9.15625,6.69140625,-4.640625,0
19247429.0,8032.0,1.0,0.0332641602,0.6010131836,-0.5975341797,-0.5297851563
19250397.0,2968.0,0.0,-7.82421875,-24.16796875,9.84375,0
19257429.0,7032.0,1.0,0.045715332,0.5862426758,-0.6008300781,-0.5415039063
19260397.0,2968.0,0.0,-4.94921875,41.35546875,-3.82421875,0
19267429.0,7032.0,1.0,0.0611572266,0.5688476563,-0.5961303711,-0.563293457
19270397.0,2968.0,0.0,0.765625,27.11328125,-15.66015625,0
19279429.0,9032.0,1.0,0.0763549805,0.5505371094,-0.5838623047,-0.591796875
19282397.0,2968.0,0.0,12.44921875,0.92578125,-22.40234375,0
19289429.0,7032.0,1.0,0.0885620117,0.5308837891,-0.5674438477,-0.6231689453
19292397.0,2968.0,0.0,11.7578125,4.828125,-15.75,0
19297429.0,5032.0,1.0,0.0959472656,0.5124511719,-0.5490112305,-0.6533203125
19300397.0,2968.0,0.0,1.41796875,-8.70703125,-6.08203125,0
19306429.0,6032.0,1.0,0.0993041992,0.4945678711,-0.5270385742,-0.6839599609
19309397.0,2968.0,0.0,3.109375,-13.01171875,-2.7265625,0
19321429.0,12032.0,1.0,0.098449707,0.4790039063,-0.5042114258,-0.7117919922
19324397.0,2968.0,0.0,6.33203125,-18.47265625,-2.7265625,0
19328429.0,4032.0,1.0,0.0928955078,0.4632568359,-0.4774780273,-0.7407836914
19331397.0,2968.0,0.0,11.3203125,-23.59765625,-1.28515625,0
19336429.0,5032.0,1.0,0.0840454102,0.4512329102,-0.4547729492,-0.7632446289
19339397.0,2968.0,0.0,14.07421875,-23.984375,-1.0546875,0
19347429.0,8032.0,1.0,0.0701904297,0.4399414063,-0.4314575195,-0.7844238281
19350397.0,2968.0,0.0,16.28515625,-22.8359375,0.81640625,0
19359429.0,9032.0,1.0,0.0538330078,0.4310913086,-0.4116821289,-0.8010864258
19362397.0,2968.0,0.0,16.83984375,-21.3203125,1.20703125,0
19369429.0,7032.0,1.0,0.0341796875,0.4235839844,-0.393737793,-0.8150634766
19372397.0,2968.0,0.0,16.32421875,-19.09765625,1.3203125,0
19377429.0,5032.0,1.0,0.0133056641,0.4176025391,-0.3782348633,-0.8260498047
19380397.0,2968.0,0.0,14.41796875,-12.93359375,0.91015625,0
19386429.0,6032.0,1.0,0.0090332031,-0.4125976563,0.3635253906,0.8352050781
19389397.0,2968.0,0.0,13.203125,-10.2734375,0.51953125,0
19397429.0,8032.0,1.0,0.03125,-0.4086303711,0.3497924805,0.8424072266
19400397.0,2968.0,0.0,12.00390625,-9.79296875,0.0234375,0
19407429.0,7032.0,1.0,0.052734375,-0.405456543,0.3377685547,0.8477783203
19410397.0,2968.0,0.0,10.43359375,-8.19140625,0.03515625,0
19422429.0,12032.0,1.0,0.0726928711,-0.4028930664,0.3275756836,0.8515014648
19427397.0,4968.0,0.0,9.69921875,-6.96875,0.19921875,0
19430429.0,3032.0,1.0,0.0927124023,-0.4006958008,0.3173217773,0.8544921875
19433397.0,2968.0,0.0,9.01953125,-7.078125,0.41015625,0
19437429.0,4032.0,1.0,0.112487793,-0.3989257813,0.3070068359,0.8566894531
19440397.0,2968.0,0.0,9.09765625,-6.75,0.25390625,0
19447429.0,7032.0,1.0,0.129699707,-0.3977050781,0.2984008789,0.8579101563
19450397.0,2968.0,0.0,8.40234375,-7.30859375,0.62890625,0
19457429.0,7032.0,1.0,0.1463012695,-0.3968505859,0.2910766602,0.8581542969
19460397.0,2968.0,0.0,8.2578125,-6.71484375,0.98046875,0
19467429.0,7032.0,1.0,0.1624145508,-0.3963012695,0.2849121094,0.8575439453
19470397.0,2968.0,0.0,8.0078125,-5.82421875,1.09375,0
19477429.0,7032.0,1.0,0.1773071289,-0.3961791992,0.2797241211,0.8563842773
19480397.0,2968.0,0.0,7.73828125,-4.921875,1.03125,0
19486429.0,6032.0,1.0,0.1903686523,-0.396484375,0.2752075195,0.8548583984
19489397.0,2968.0,0.0,6.7890625,-4.57421875,0.984375,0
19501429.0,12032.0,1.0,0.2030639648,-0.3973388672,0.2709960938,0.8529052734
19504397.0,2968.0,0.0,5.98046875,-4.4609375,0.90625,0
19508429.0,4032.0,1.0,0.2153320313,-0.3986816406,0.2673950195,0.850402832
19511397.0,2968.0,0.0,5.09765625,-4.62890625,0.95703125,0
19517429.0,6032.0,1.0,0.2259521484,-0.4001464844,0.2652587891,0.8475952148
19520397.0,2968.0,0.0,4.41796875,-4.2890625,0.8046875,0
19526429.0,6032.0,1.0,0.2354125977,-0.4018554688,0.2643432617,0.844543457
19529397.0,2968.0,0.0,3.14453125,-2.1875,0.546875,0
19537429.0,8032.0,1.0,0.2451171875,-0.4040527344,0.2641601563,0.8407592773
19540397.0,2968.0,0.0,2.6953125,-1.984375,-0.02734375,0
19547429.0,7032.0,1.0,0.2536621094,-0.4064331055,0.2647094727,0.8369140625
19550397.0,2968.0,0.0,2.55078125,-1.8203125,-0.71875,0
19557429.0,7032.0,1.0,0.2614135742,-0.408996582,0.2659912109,0.832824707
19560397.0,2968.0,0.0,2.78125,-0.78515625,-1.50390625,0
19567429.0,7032.0,1.0,0.2684326172,-0.4118041992,0.267578125,0.8287353516
19570397.0,2968.0,0.0,3.74609375,0.671875,-2.8671875,0
19577429.0,7032.0,1.0,0.2745361328,-0.4151611328,0.2689819336,0.8245849609
19580397.0,2968.0,0.0,3.94921875,0.92578125,-3.45703125,0
19587429.0,7032.0,1.0,0.2793579102,-0.4188232422,0.2699584961,0.8208007813
19590397.0,2968.0,0.0,3.234375,1.37109375,-3.4921875,0
19599429.0,9032.0,1.0,0.283203125,-0.422668457,0.2706298828,0.8172607422
19602397.0,2968.0,0.0,1.93359375,1.47265625,-3.73828125,0
19609429.0,7032.0,1.0,0.2864379883,-0.426574707,0.2713012695,0.8138427734
19612397.0,2968.0,0.0,-1.390625,2.55859375,-4.921875,0
19616429.0,4032.0,1.0,0.2889404297,-0.4306640625,0.2719116211,0.8106079102
19619397.0,2968.0,0.0,-3.02734375,2.66015625,-5.50390625,0
19627429.0,8032.0,1.0,0.2908325195,-0.4348754883,0.2722167969,0.8075561523
19630397.0,2968.0,0.0,-4.25390625,3.08984375,-5.54296875,0
19637429.0,7032.0,1.0,0.2920532227,-0.4391479492,0.2721557617,0.8048706055
19640397.0,2968.0,0.0,-4.4765625,1.875,-4.3203125,0
19647429.0,7032.0,1.0,0.2926635742,-0.4434814453,0.2720336914,0.8023071289
19650397.0,2968.0,0.0,-3.41015625,1.1171875,-3.36328125,0
19657429.0,7032.0,1.0,0.2928466797,-0.4478759766,0.2719726563,0.7998046875
19660397.0,2968.0,0.0,-2.21484375,0.3203125,-1.453125,0
19667429.0,7032.0,1.0,0.2925415039,-0.4522705078,0.2722167969,0.7973632813
19670397.0,2968.0,0.0,-0.98828125,-1.671875,-0.10546875,0
19676429.0,6032.0,1.0,0.2919311523,-0.4564819336,0.2732543945,0.7947998047
19679397.0,2968.0,0.0,-0.9765625,-3.76171875,1.0546875,0
19687429.0,8032.0,1.0,0.2911987305,-0.4608764648,0.2756958008,0.7916870117
19690397.0,2968.0,0.0,-1.17578125,-4.4609375,0.28515625,0
19697429.0,7032.0,1.0,0.2907104492,-0.4649658203,0.2796020508,0.7881469727
19700397.0,2968.0,0.0,-1.4375,-4.21484375,-1.484375,0
19707429.0,7032.0,1.0,0.2905883789,-0.4685668945,0.28515625,0.7840576172
19710397.0,2968.0,0.0,-1.7734375,-3.21875,-2.8515625,0
19716429.0,6032.0,1.0,0.2909545898,-0.4715576172,0.2916870117,0.7796630859
19719397.0,2968.0,0.0,-1.54296875,0.74609375,-5.1328125,0
19727429.0,8032.0,1.0,0.2916259766,-0.4744262695,0.2994384766,0.7747192383
19730397.0,2968.0,0.0,-0.4296875,2.33203125,-6.05859375,0
19737429.0,7032.0,1.0,0.2920532227,-0.4772949219,0.306640625,0.7700195313
19740397.0,2968.0,0.0,0.078125,3.265625,-5.80859375,0
19747429.0,7032.0,1.0,0.2919311523,-0.48046875,0.3129882813,0.7655029297
19750397.0,2968.0,0.0,0.30078125,2.75,-5.66796875,0
19762429.0,12032.0,1.0,0.2910766602,-0.4840087891,0.3182373047,0.7614135742
19766397.0,3968.0,0.0,-2.34375,1.33984375,-3.4296875,0
19769429.0,3032.0,1.0,0.2896728516,-0.4880981445,0.3228149414,0.7573852539
19772397.0,2968.0,0.0,-2.3046875,1.30078125,-3.296875,0
19777429.0,5032.0,1.0,0.2878417969,-0.4926147461,0.3275756836,0.753112793
19780397.0,2968.0,0.0,-3.8046875,0.265625,-3.109375,0
19787429.0,7032.0,1.0,0.2860107422,-0.4965820313,0.3316040039,0.7493896484
19790397.0,2968.0,0.0,-6.5703125,1.38671875,-4.35546875,0
19797429.0,7032.0,1.0,0.283996582,-0.5007324219,0.3354492188,0.7457275391
19800397.0,2968.0,0.0,-6.203125,0.75,-4.0703125,0
19807429.0,7032.0,1.0,0.2819824219,-0.5048828125,0.3391113281,0.7420043945
19811397.0,3968.0,0.0,-5.13671875,-0.00390625,-5.0859375,0
19817429.0,6032.0,1.0,0.2802734375,-0.5089111328,0.3427734375,0.7382202148
19820397.0,2968.0,0.0,-4.9921875,-0.1796875,-4.578125,0
19827429.0,7032.0,1.0,0.2789916992,-0.5127563477,0.3466186523,0.7342529297
19830397.0,2968.0,0.0,-5.96484375,0.87109375,-5.3671875,0
19837429.0,7032.0,1.0,0.2781982422,-0.5163574219,0.350769043,0.7300415039
19840397.0,2968.0,0.0,-5.25,1.5078125,-6.2578125,0
19847429.0,7032.0,1.0,0.2777099609,-0.5198364258,0.3545532227,0.7258911133
19850397.0,2968.0,0.0,-5.79296875,3.59765625,-4.91796875,0
19857429.0,7032.0,1.0,0.2771606445,-0.5233764648,0.3577270508,0.7220458984
19860397.0,2968.0,0.0,-6.16015625,2.6015625,-6.5546875,0
19867429.0,7032.0,1.0,0.276550293,-0.5266113281,0.360168457,0.7186279297
19870397.0,2968.0,0.0,-5.2109375,2.515625,-7.8671875,0
19877429.0,7032.0,1.0,0.2758178711,-0.5300292969,0.3625488281,0.7152709961
19880397.0,2968.0,0.0,-4.8515625,2.1796875,-6.87890625,0
19887429.0,7032.0,1.0,0.2749023438,-0.5331420898,0.364440918,0.7123413086
19890397.0,2968.0,0.0,-3.37890625,1.296875,-6.27734375,0
19899429.0,9032.0,1.0,0.2738647461,-0.5361328125,0.3660888672,0.7095947266
19902397.0,2968.0,0.0,-2.328125,0.953125,-3.80859375,0
19909429.0,7032.0,1.0,0.2728271484,-0.5391235352,0.3681640625,0.7066650391
19912397.0,2968.0,0.0,-2.2734375,0.76171875,-2.29296875,0
19917429.0,5032.0,1.0,0.2719116211,-0.5420532227,0.3706054688,0.7034912109
19920397.0,2968.0,0.0,-3.109375,0.90625,-2.3828125,0
19927429.0,7032.0,1.0,0.2713623047,-0.5443115234,0.3732910156,0.7005615234
19930397.0,2968.0,0.0,-3.9765625,-1.015625,-2.984375,0
19937429.0,7032.0,1.0,0.2711791992,-0.5462036133,0.3765869141,0.6973876953
19940397.0,2968.0,0.0,-4.42578125,-0.00390625,-4.9140625,0
19947429.0,7032.0,1.0,0.2711791992,-0.547668457,0.3801879883,0.6942138672
19950397.0,2968.0,0.0,-2.7265625,0.59375,-3.36328125,0
19957429.0,7032.0,1.0,0.2711791992,-0.5490722656,0.3840332031,0.6910400391
19960397.0,2968.0,0.0,-1.8046875,-0.07421875,-1.69921875,0
19967429.0,7032.0,1.0,0.2710571289,-0.5504760742,0.3880615234,0.6876831055
19970397.0,2968.0,0.0,-2.02734375,0.62890625,-1.03125,0
19977429.0,7032.0,1.0,0.2707519531,-0.551940918,0.3919677734,0.6844482422
19980397.0,2968.0,0.0,-2.48046875,0.60546875,-0.2421875,0
19987429.0,7032.0,1.0,0.2702026367,-0.5534057617,0.395690918,0.6812744141
19990397.0,2968.0,0.0,-2.625,-0.95703125,-1.21875,0
19997429.0,7032.0,1.0,0.2696533203,-0.5548095703,0.3993530273,0.6782226563
20000397.0,2968.0,0.0,-2.01953125,-0.328125,-2.4296875,0
20007429.0,7032.0,1.0,0.2691650391,-0.5560913086,0.4030151367,0.6752319336
20010397.0,2968.0,0.0,-1.24609375,-0.49609375,-2.6796875,0
20017429.0,7032.0,1.0,0.2688598633,-0.5573120117,0.4065551758,0.6721801758
20020397.0,2968.0,0.0,0.8203125,1.5859375,-1.47265625,0
20027429.0,7032.0,1.0,0.268371582,-0.5587768555,0.4098510742,0.669128418
20030397.0,2968.0,0.0,1.359375,0.765625,-0.58203125,0
20037429.0,7032.0,1.0,0.267578125,-0.5606079102,0.4125976563,0.6662597656
20040397.0,2968.0,0.0,0.9765625,0.21484375,0.54296875,0
20047429.0,7032.0,1.0,0.2664794922,-0.5626831055,0.4149780273,0.6634521484
20050397.0,2968.0,0.0,0.5546875,0.78125,0.4375,0
20057429.0,7032.0,1.0,0.2653808594,-0.5647583008,0.4169921875,0.6608276367
20060397.0,2968.0,0.0,-0.09765625,0.97265625,-0.921875,0
20067429.0,7032.0,1.0,0.2643432617,-0.5669555664,0.4190063477,0.6581420898
20070397.0,2968.0,0.0,0.140625,0.734375,-1.49609375,0
20077429.0,7032.0,1.0,0.2634887695,-0.5689697266,0.4208374023,0.6555175781
20080397.0,2968.0,0.0,0.66796875,0.390625,-2.21484375,0
20087429.0,7032.0,1.0,0.2628173828,-0.5709838867,0.422668457,0.6528930664
20090397.0,2968.0,0.0,1.2109375,0.4296875,-2.671875,0
20097429.0,7032.0,1.0,0.2620849609,-0.573059082,0.4241943359,0.650390625
20100397.0,2968.0,0.0,0.859375,0.84765625,-1.0625,0
20107429.0,7032.0,1.0,0.2610473633,-0.5754394531,0.4254760742,0.6478271484
20110397.0,2968.0,0.0,0.79296875,0.51171875,0.81640625,0
20117429.0,7032.0,1.0,0.2596435547,-0.578125,0.4264526367,0.6453857422
20120397.0,2968.0,0.0,0.25390625,0.3203125,2.12890625,0
20127429.0,7032.0,1.0,0.2581787109,-0.5807495117,0.4273681641,0.6430053711
20130397.0,2968.0,0.0,-0.05859375,0.328125,1.70703125,0
20142429.0,12032.0,1.0,0.2567749023,-0.583190918,0.4283447266,0.6406860352
20146397.0,3968.0,0.0,1.01171875,0.48828125,-1.66015625,0
20149429.0,3032.0,1.0,0.2554931641,-0.5854492188,0.4295043945,0.6383666992
20152397.0,2968.0,0.0,1.01171875,0.48828125,-1.58203125,0
20157429.0,5032.0,1.0,0.2540893555,-0.5878295898,0.4307250977,0.635925293
20160397.0,2968.0,0.0,1.2734375,0.71875,-1.58984375,0
20167429.0,7032.0,1.0,0.2525024414,-0.5900268555,0.4318237305,0.6337280273
20170397.0,2968.0,0.0,0.921875,0.94921875,-1.3984375,0
20177429.0,7032.0,1.0,0.2504882813,-0.5924072266,0.4326782227,0.6317138672
20180397.0,2968.0,0.0,0.26953125,0.55859375,1.40234375,0
20187429.0,7032.0,1.0,0.2479858398,-0.5949707031,0.4334106445,0.6298217773
20190397.0,2968.0,0.0,0.21484375,-0.75,2.12109375,0
20197429.0,7032.0,1.0,0.2451782227,-0.5974121094,0.4341430664,0.628112793
20200397.0,2968.0,0.0,-0.09765625,-0.890625,2.046875,0
20207429.0,7032.0,1.0,0.2420654297,-0.5997924805,0.4349975586,0.6264038086
20210397.0,2968.0,0.0,-0.2734375,-2.5546875,1.0078125,0
20217429.0,7032.0,1.0,0.2389526367,-0.6019897461,0.4361572266,0.6247558594
20220397.0,2968.0,0.0,-0.0546875,-2.1640625,1.390625,0
20227429.0,7032.0,1.0,0.2358398438,-0.6040649414,0.4376220703,0.6229248047
20231397.0,3968.0,0.0,0.3515625,-2.26171875,2.7265625,0
20237429.0,6032.0,1.0,0.2327880859,-0.6060791016,0.4393920898,0.6207885742
20240397.0,2968.0,0.0,0.75,-2.484375,3.9609375,0
20247429.0,7032.0,1.0,0.2300415039,-0.6080322266,0.4415283203,0.6184082031
20250397.0,2968.0,0.0,-0.19140625,-0.71484375,2.1328125,0
20257429.0,7032.0,1.0,0.2271728516,-0.6100463867,0.4439697266,0.6157226563
20260397.0,2968.0,0.0,-0.859375,-1.12890625,1.65234375,0
20267429.0,7032.0,1.0,0.2244262695,-0.6119995117,0.4463500977,0.6130981445
20270397.0,2968.0,0.0,-1.2265625,-1.921875,0.6640625,0
20277429.0,7032.0,1.0,0.2216796875,-0.6139526367,0.4486083984,0.6104736328
20280397.0,2968.0,0.0,-1.671875,-1.25390625,-0.1328125,0
20287429.0,7032.0,1.0,0.2189331055,-0.6157836914,0.4505615234,0.6081542969
20290397.0,2968.0,0.0,-1.234375,-1.32421875,-0.78125,0
20297429.0,7032.0,1.0,0.2158203125,-0.6179199219,0.4522705078,0.6058349609
20300397.0,2968.0,0.0,-0.37890625,-2.19921875,-0.734375,0
20307429.0,7032.0,1.0,0.2127075195,-0.6201171875,0.4537353516,0.6036376953
20310397.0,2968.0,0.0,0.9375,-1.609375,1.03125,0
20317429.0,7032.0,1.0,0.2094726563,-0.6224365234,0.4548950195,0.6014404297
20320397.0,2968.0,0.0,1.94921875,-1.77734375,2.36328125,0
20327429.0,7032.0,1.0,0.2061157227,-0.6250610352,0.4559326172,0.5991210938
20330397.0,2968.0,0.0,1.96484375,-0.91796875,3.6015625,0
20337429.0,7032.0,1.0,0.2028198242,-0.6278686523,0.4566650391,0.5967407227
20340397.0,2968.0,0.0,1.40625,-0.93359375,3.07421875,0
20347429.0,7032.0,1.0,0.1994628906,-0.630859375,0.45703125,0.5944213867
20350397.0,2968.0,0.0,1.07421875,-1.1796875,2.078125,0
20359429.0,9032.0,1.0,0.196105957,-0.633972168,0.4569702148,0.5922851563
20362397.0,2968.0,0.0,0.01953125,-0.078125,0.42578125,0
20370429.0,8032.0,1.0,0.1923828125,-0.6373291016,0.4562988281,0.5903930664
20373397.0,2968.0,0.0,-2.2578125,0.49609375,-2.64453125,0
20377429.0,4032.0,1.0,0.1881103516,-0.6409301758,0.4548950195,0.5889892578
20380397.0,2968.0,0.0,-2.2890625,0.3671875,-1.7421875,0
20388429.0,8032.0,1.0,0.1832885742,-0.6445922852,0.4529418945,0.5880126953
20391397.0,2968.0,0.0,-2.7265625,1.578125,-0.56640625,0
20397429.0,6032.0,1.0,0.1780395508,-0.6482543945,0.4505004883,0.5874633789
20400397.0,2968.0,0.0,-1.0625,2.47265625,0.16796875,0
20407429.0,7032.0,1.0,0.1724243164,-0.6519165039,0.4478149414,0.5871582031
20410397.0,2968.0,0.0,-0.08984375,2.21875,1.48046875,0
20417429.0,7032.0,1.0,0.1666259766,-0.6553955078,0.4452514648,0.5869140625
20420397.0,2968.0,0.0,1.30859375,0.625,2.70703125,0
20428429.0,8032.0,1.0,0.1606445313,-0.6587524414,0.4430541992,0.5864868164
20431397.0,2968.0,0.0,1.05078125,0.546875,2.484375,0
20437429.0,6032.0,1.0,0.1547851563,-0.6616821289,0.4414672852,0.5859375
20440397.0,2968.0,0.0,-2.16015625,1.265625,0.84765625,0
20447429.0,7032.0,1.0,0.1485595703,-0.6643676758,0.4404296875,0.5853271484
20450397.0,2968.0,0.0,-3.45703125,0.4453125,0.3671875,0
20457429.0,7032.0,1.0,0.1423950195,-0.6665039063,0.4400634766,0.5846557617
20460397.0,2968.0,0.0,-4.5703125,0.30078125,0.6796875,0
20468429.0,8032.0,1.0,0.1364135742,-0.6681518555,0.440612793,0.5838012695
20471397.0,2968.0,0.0,-5.03515625,0.11328125,0.8125,0
20477429.0,6032.0,1.0,0.1310424805,-0.6692504883,0.4423828125,0.5824584961
20480397.0,2968.0,0.0,-5.3125,-0.0703125,2.09375,0
20487429.0,7032.0,1.0,0.1262817383,-0.6697387695,0.4458618164,0.5802612305
20490397.0,2968.0,0.0,-5.28515625,-0.73046875,2.1640625,0
20497429.0,7032.0,1.0,0.1228027344,-0.6694335938,0.4511108398,0.5772705078
20500397.0,2968.0,0.0,-5.453125,-1.64453125,2.5859375,0
20508429.0,8032.0,1.0,0.1202392578,-0.6685791016,0.4576416016,0.5736694336
20511397.0,2968.0,0.0,-5.59375,-1.21875,1.953125,0
20523429.0,12032.0,1.0,0.1180419922,-0.6672973633,0.4649658203,0.5697631836
20528429.0,5000.0,1.0,0.1157226563,-0.6653442383,0.4731445313,0.5657348633
20530397.0,1968.0,0.0,-6.8046875,-1.2265625,2.9140625,0
20537429.0,7032.0,1.0,0.1129760742,-0.6630249023,0.4820556641,0.5615234375
20540397.0,2968.0,0.0,-7.421875,-1.484375,3.58203125,0
20548429.0,8032.0,1.0,0.1098632813,-0.6600952148,0.4913330078,0.5574951172
20551397.0,2968.0,0.0,-8.15625,-0.96484375,3.56640625,0
20557429.0,6032.0,1.0,0.1066894531,-0.6566162109,0.5010986328,0.553527832
20560397.0,2968.0,0.0,-9.5546875,-0.12109375,3.0859375,0
20567429.0,7032.0,1.0,0.1036376953,-0.6522827148,0.5115356445,0.5496826172
20570397.0,2968.0,0.0,-9.9921875,0.671875,3.2578125,0
20577429.0,7032.0,1.0,0.1005249023,-0.6469726563,0.5228881836,0.5457763672
20580397.0,2968.0,0.0,-10.29296875,2.1484375,3.62109375,0
20587429.0,7032.0,1.0,0.0969848633,-0.6409301758,0.5345458984,0.5422973633
20590397.0,2968.0,0.0,-10.36328125,8.02734375,1.3671875,0
20597429.0,7032.0,1.0,0.0919799805,-0.633972168,0.5461425781,0.5397949219
20600397.0,2968.0,0.0,-11.21875,12.53125,-0.8671875,0
20607429.0,7032.0,1.0,0.0845947266,-0.6262207031,0.5567016602,0.5392456055
20610397.0,2968.0,0.0,-12.3828125,14.41796875,-2.40625,0
20619429.0,9032.0,1.0,0.0745849609,-0.617980957,0.5651245117,0.5414428711
20622397.0,2968.0,0.0,-11.8046875,15.6328125,-3.609375,0
20629429.0,7032.0,1.0,0.0602416992,-0.6083984375,0.5715332031,0.5473022461
20632397.0,2968.0,0.0,-6.30078125,18.828125,-4.1484375,0
20637429.0,5032.0,1.0,0.0409545898,-0.5981445313,0.5742797852,0.557434082
20640397.0,2968.0,0.0,-4.6171875,15.984375,-1.76953125,0
20647429.0,7032.0,1.0,0.0194091797,-0.5874023438,0.5744628906,0.5697021484
20650397.0,2968.0,0.0,-1.7109375,1.0625,4.5,0
20657429.0,7032.0,1.0,0.0034179687,-0.5757446289,0.579284668,0.5770263672
20660397.0,2968.0,0.0,1.48046875,-15.74609375,3.578125,0
20667429.0,7032.0,1.0,0.0076904297,0.5631103516,-0.5863037109,-0.5822753906
20670397.0,2968.0,0.0,2.50390625,39.83203125,3.9453125,0
20677429.0,7032.0,1.0,0.0213012695,0.5474853516,-0.5883789063,-0.5946655273
20680397.0,2968.0,0.0,13.00390625,25.453125,-22.1640625,0
20687429.0,7032.0,1.0,0.0388183594,0.5315551758,-0.5797729492,-0.6163330078
20690397.0,2968.0,0.0,8.56640625,25.72265625,-1.86328125,0
20699429.0,9032.0,1.0,0.0576171875,0.5153808594,-0.5610351563,-0.6452636719
20702397.0,2968.0,0.0,8.203125,15.203125,-11.30078125,0
20710429.0,8032.0,1.0,0.0712280273,0.4986572266,-0.5396118164,-0.674621582
20713397.0,2968.0,0.0,0.234375,-11.33203125,-5.82421875,0
20717429.0,4032.0,1.0,0.0775146484,0.4825439453,-0.5193481445,-0.7010498047
20720397.0,2968.0,0.0,-1.26171875,-11.68359375,-2.95703125,0
20727429.0,7032.0,1.0,0.0782470703,0.467590332,-0.499206543,-0.7252807617
20730397.0,2968.0,0.0,0.47265625,-10.54296875,-2.54296875,0
20737429.0,7032.0,1.0,0.0754394531,0.4541625977,-0.4772338867,-0.7485351563
20740397.0,2968.0,0.0,2.08984375,-11.58984375,-2.1796875,0
20747429.0,7032.0,1.0,0.0693969727,0.4426269531,-0.4546508789,-0.7697753906
20750397.0,2968.0,0.0,5.6015625,-18.90234375,0.06640625,0
20762429.0,12032.0,1.0,0.0599975586,0.4333496094,-0.4345703125,-0.7872314453
20766397.0,3968.0,0.0,7.91015625,-18.65234375,3.15234375,0
20769429.0,3032.0,1.0,0.0462646484,0.4252929688,-0.4165649414,-0.8021850586
20772397.0,2968.0,0.0,7.31640625,-16.5390625,3.3515625,0
20778429.0,6032.0,1.0,0.029296875,0.4183959961,-0.4011230469,-0.8143310547
20781397.0,2968.0,0.0,6.3515625,-13.26171875,2.640625,0
20787429.0,6032.0,1.0,0.01171875,0.4130249023,-0.3881225586,-0.8237915039
20790397.0,2968.0,0.0,5.796875,-10.22265625,1.9609375,0
20802429.0,12032.0,1.0,0.0053100586,-0.4089355469,0.3762817383,0.8313598633
20806397.0,3968.0,0.0,5.921875,-8.4921875,-0.59765625,0
20809429.0,3032.0,1.0,0.0231933594,-0.4055786133,0.3642578125,0.8380126953
20812397.0,2968.0,0.0,6.62890625,-7.78125,-1.4453125,0
20817429.0,5032.0,1.0,0.0405273437,-0.4029541016,0.3531494141,0.8433837891
20820397.0,2968.0,0.0,7.16015625,-6.8828125,-1.76171875,0
20827429.0,7032.0,1.0,0.0581665039,-0.4007568359,0.3424072266,0.8477783203
20830397.0,2968.0,0.0,7.7265625,-6.0625,-1.8359375,0
20837429.0,7032.0,1.0,0.075012207,-0.3990478516,0.3322753906,0.8513183594
20840397.0,2968.0,0.0,8.04296875,-5.8125,-1.546875,0
20848429.0,8032.0,1.0,0.0909423828,-0.3978271484,0.3225708008,0.8540649414
20851397.0,2968.0,0.0,8.20703125,-6.12109375,-0.8125,0
20863429.0,12032.0,1.0,0.1052856445,-0.3970947266,0.3141479492,0.8558959961
20868397.0,4968.0,0.0,8.8515625,-8.5546875,0.2109375,0
20871429.0,3032.0,1.0,0.119934082,-0.3966674805,0.3067016602,0.8568725586
20874397.0,2968.0,0.0,8.9296875,-8.3203125,0.109375,0
20878429.0,4032.0,1.0,0.1353759766,-0.3963623047,0.3005981445,0.8568725586
20881397.0,2968.0,0.0,8.984375,-7.90234375,0.375,0
20888429.0,7032.0,1.0,0.1485595703,-0.3962402344,0.2967529297,0.8560791016
20891397.0,2968.0,0.0,9.078125,-7.15234375,0.3203125,0
20897429.0,6032.0,1.0,0.1619262695,-0.3963623047,0.2938232422,0.8546142578
20900397.0,2968.0,0.0,8.78515625,-4.875,0.3671875,0
20907429.0,7032.0,1.0,0.1740722656,-0.3967895508,0.2912597656,0.8528442383
20910397.0,2968.0,0.0,7.9140625,-4.0390625,-0.0390625,0
20917429.0,7032.0,1.0,0.1853027344,-0.3977050781,0.2888183594,0.8509521484
20920397.0,2968.0,0.0,6.92578125,-3.62109375,-0.36328125,0
20928429.0,8032.0,1.0,0.1953125,-0.3989257813,0.2866821289,0.848815918
20931397.0,2968.0,0.0,5.93359375,-3.40234375,-0.72265625,0
20943429.0,12032.0,1.0,0.2040405273,-0.4004516602,0.2853393555,0.846496582
20948397.0,4968.0,0.0,4.25390625,-3.75390625,-0.21875,0
20951429.0,3032.0,1.0,0.2127075195,-0.4022216797,0.2850341797,0.8436279297
20954397.0,2968.0,0.0,4.29296875,-3.1171875,-0.5,0
20958429.0,4032.0,1.0,0.221496582,-0.4043579102,0.2861328125,0.8399658203
20961397.0,2968.0,0.0,4.35546875,-3.0390625,-0.453125,0
20968429.0,7032.0,1.0,0.2288208008,-0.4064941406,0.2881469727,0.8363037109
20971397.0,2968.0,0.0,4.2421875,-1.7578125,-1.40234375,0
20978429.0,7032.0,1.0,0.2360839844,-0.4090576172,0.2909545898,0.83203125
20981397.0,2968.0,0.0,4.44140625,0.06640625,-1.9765625,0
20988429.0,7032.0,1.0,0.2421875,-0.4121704102,0.2932739258,0.8279418945
20992397.0,3968.0,0.0,4.45703125,1.33203125,-2.5546875,0
20998429.0,6032.0,1.0,0.247253418,-0.4160766602,0.2948608398,0.8239135742
21001397.0,2968.0,0.0,3.78515625,1.36328125,-2.70703125,0
21007429.0,6032.0,1.0,0.2510375977,-0.4200439453,0.295715332,0.8204345703
21010397.0,2968.0,0.0,0.66796875,2.72265625,-3.85546875,0
21017429.0,7032.0,1.0,0.2542724609,-0.4246826172,0.2963867188,0.8167724609
21020397.0,2968.0,0.0,-1.0390625,3.359375,-4.421875,0
21028429.0,8032.0,1.0,0.2565917969,-0.4293212891,0.2966308594,0.8135375977
21031397.0,2968.0,0.0,-2.44140625,3.8359375,-5.38671875,0
21038429.0,7032.0,1.0,0.2581787109,-0.4340209961,0.2965087891,0.8106079102
21041397.0,2968.0,0.0,-3.92578125,3.515625,-5.7578125,0
21047429.0,6032.0,1.0,0.2591552734,-0.4385375977,0.296081543,0.8079833984
21050397.0,2968.0,0.0,-5.640625,2.3046875,-4.73046875,0
21057429.0,7032.0,1.0,0.2596435547,-0.4434814453,0.2955932617,0.8052978516
21060397.0,2968.0,0.0,-4.94140625,0.51953125,-2.8515625,0
21068429.0,8032.0,1.0,0.2598876953,-0.4481201172,0.2954101563,0.802734375
21071397.0,2968.0,0.0,-3.44140625,-1.08984375,-1.08984375,0
21077429.0,6032.0,1.0,0.2599487305,-0.4525146484,0.2962646484,0.7999267578
21080397.0,2968.0,0.0,-2.12890625,-3.28515625,0.375,0
21090429.0,10032.0,1.0,0.2601928711,-0.4567871094,0.2987060547,0.7965087891
21093397.0,2968.0,0.0,-0.39453125,-5.23046875,-0.28125,0
21097429.0,4032.0,1.0,0.2607421875,-0.4608154297,0.3029785156,0.7923583984
21100397.0,2968.0,0.0,-0.28125,-4.40625,-1.65625,0
21107429.0,7032.0,1.0,0.2615966797,-0.4645385742,0.3088989258,0.7875976563
21110397.0,2968.0,0.0,0.07421875,-3.25,-2.7734375,0
21118429.0,8032.0,1.0,0.2624511719,-0.467956543,0.3157958984,0.7825927734
21121397.0,2968.0,0.0,0.1953125,-1.734375,-3.97265625,0
21128429.0,7032.0,1.0,0.2632446289,-0.4711303711,0.3233032227,0.77734375
21131397.0,2968.0,0.0,-0.6171875,0.5859375,-4.0859375,0
21138429.0,7032.0,1.0,0.2637939453,-0.4740600586,0.3311767578,0.7719726563
21141397.0,2968.0,0.0,-0.4609375,0.41015625,-4.55078125,0
21148429.0,7032.0,1.0,0.2641601563,-0.4769897461,0.3392944336,0.7665405273
21151397.0,2968.0,0.0,-0.046875,0.76953125,-4.73046875,0
21158429.0,7032.0,1.0,0.2639770508,-0.4801635742,0.3470458984,0.7611083984
21161397.0,2968.0,0.0,-1.42578125,1.11328125,-4.48828125,0
21168429.0,7032.0,1.0,0.2633056641,-0.483581543,0.3542480469,0.755859375
21171397.0,2968.0,0.0,-3.2421875,2.0546875,-5.12890625,0
21178429.0,7032.0,1.0,0.2622680664,-0.4871826172,0.3607788086,0.750793457
21181397.0,2968.0,0.0,-4.55859375,2.16015625,-6.0,0
21188429.0,7032.0,1.0,0.2607421875,-0.491027832,0.3659667969,0.7463378906
21191397.0,2968.0,0.0,-4.98828125,3.0,-6.01171875,0
21203429.0,12032.0,1.0,0.2587890625,-0.4949951172,0.3697509766,0.7424926758
21208397.0,4968.0,0.0,-5.03125,1.36328125,-6.1015625,0
21211429.0,3032.0,1.0,0.2567138672,-0.4993286133,0.3733520508,0.7384643555
21214397.0,2968.0,0.0,-5.0078125,1.34765625,-5.9609375,0
21218429.0,4032.0,1.0,0.2548217773,-0.50390625,0.376953125,0.7341918945
21221397.0,2968.0,0.0,-5.63671875,3.78125,-6.12890625,0
21228429.0,7032.0,1.0,0.253112793,-0.5081176758,0.3797607422,0.73046875
21231397.0,2968.0,0.0,-5.3046875,4.15625,-5.91796875,0
21237429.0,6032.0,1.0,0.2515258789,-0.5123291016,0.382019043,0.7268676758
21240397.0,2968.0,0.0,-4.890625,2.01171875,-5.87890625,0
21247429.0,7032.0,1.0,0.2503051758,-0.5166015625,0.3845214844,0.7229003906
21250397.0,2968.0,0.0,-5.796875,2.6640625,-6.28125,0
21258429.0,8032.0,1.0,0.2495727539,-0.5205688477,0.3872070313,0.7188720703
21261397.0,2968.0,0.0,-6.1953125,3.0546875,-6.34765625,0
21268429.0,7032.0,1.0,0.2491455078,-0.5242919922,0.3897094727,0.7149658203
21271397.0,2968.0,0.0,-6.24609375,3.0234375,-5.5390625,0
21278429.0,7032.0,1.0,0.2487792969,-0.5277709961,0.3920288086,0.7112426758
21281397.0,2968.0,0.0,-5.16015625,4.02734375,-5.1171875,0
21288429.0,7032.0,1.0,0.2483520508,-0.5311279297,0.3939819336,0.707824707
21291397.0,2968.0,0.0,-3.82421875,3.1171875,-3.90625,0
21298429.0,7032.0,1.0,0.2476806641,-0.5346679688,0.3955688477,0.7044677734
21301397.0,2968.0,0.0,-3.00390625,1.62890625,-3.83203125,0
21308429.0,7032.0,1.0,0.2468261719,-0.5380859375,0.3970947266,0.7013549805
21311397.0,2968.0,0.0,-2.53125,1.4140625,-4.66015625,0
21318429.0,7032.0,1.0,0.2459716797,-0.5412597656,0.3987426758,0.6983032227
21321397.0,2968.0,0.0,-3.32421875,0.7734375,-5.7734375,0
21328429.0,7032.0,1.0,0.2453613281,-0.5439453125,0.4006958008,0.6951904297
21331397.0,2968.0,0.0,-3.65625,0.234375,-5.875,0
21338429.0,7032.0,1.0,0.2451782227,-0.5461425781,0.4030761719,0.692199707
21341397.0,2968.0,0.0,-3.45703125,0.42578125,-5.25,0
21348429.0,7032.0,1.0,0.2450561523,-0.5481567383,0.4058837891,0.6890258789
21351397.0,2968.0,0.0,-2.51953125,-1.10546875,-1.28125,0
21358429.0,7032.0,1.0,0.2448120117,-0.549987793,0.4089355469,0.6857910156
21361397.0,2968.0,0.0,-2.3671875,-1.38671875,-1.140625,0
21368429.0,7032.0,1.0,0.2443237305,-0.5518798828,0.4122314453,0.6824951172
21372397.0,3968.0,0.0,-2.08984375,-0.5234375,-1.66015625,0
21379429.0,7032.0,1.0,0.2437133789,-0.5535888672,0.4154052734,0.6793823242
21382397.0,2968.0,0.0,-1.78515625,0.37890625,-2.70703125,0
21392429.0,10032.0,1.0,0.2427978516,-0.5551147461,0.4185180664,0.676574707
21395397.0,2968.0,0.0,-0.98046875,0.7421875,-2.8125,0
21399429.0,4032.0,1.0,0.2418823242,-0.5564575195,0.4219360352,0.6736450195
21402397.0,2968.0,0.0,-0.71875,-0.1640625,-1.41796875,0
21408429.0,6032.0,1.0,0.2412109375,-0.5574951172,0.4254760742,0.6707763672
21411397.0,2968.0,0.0,-0.30078125,-1.0625,0.203125,0
21418429.0,7032.0,1.0,0.2406616211,-0.5585327148,0.4295043945,0.6675415039
21421397.0,2968.0,0.0,-0.19140625,-1.78125,0.72265625,0
21427429.0,6032.0,1.0,0.2402954102,-0.5595703125,0.4337158203,0.6641235352
21430397.0,2968.0,0.0,-1.2734375,0.53125,-0.09375,0
21438429.0,8032.0,1.0,0.2399291992,-0.5607910156,0.4381103516,0.6603393555
21441397.0,2968.0,0.0,-0.97265625,1.3515625,-0.98046875,0
21448429.0,7032.0,1.0,0.239440918,-0.5620727539,0.4418334961,0.6569213867
21451397.0,2968.0,0.0,-0.29296875,-0.16796875,-1.73046875,0
21458429.0,7032.0,1.0,0.2389526367,-0.5634765625,0.4450073242,0.6537475586
21461397.0,2968.0,0.0,-0.015625,0.5546875,-2.40234375,0
21468429.0,7032.0,1.0,0.2384033203,-0.5650634766,0.4476928711,0.6507568359
21471397.0,2968.0,0.0,1.65234375,0.8125,-2.65234375,0
21478429.0,7032.0,1.0,0.2376708984,-0.5668334961,0.4498901367,0.6479492188
21481397.0,2968.0,0.0,2.57421875,1.12109375,-1.84765625,0
21488429.0,7032.0,1.0,0.2367553711,-0.5688476563,0.4515991211,0.6452636719
21491397.0,2968.0,0.0,2.765625,1.54296875,-0.375,0
21498429.0,7032.0,1.0,0.2354125977,-0.5712280273,0.4529418945,0.6427612305
21501397.0,2968.0,0.0,2.18359375,1.2734375,0.5078125,0
21508429.0,7032.0,1.0,0.2336425781,-0.5737915039,0.453918457,0.6403808594
21511397.0,2968.0,0.0,-0.8515625,0.5859375,0.93359375,0
21518429.0,7032.0,1.0,0.2315673828,-0.5764770508,0.4546508789,0.6382446289
21521397.0,2968.0,0.0,-1.6171875,0.046875,0.16796875,0
21528429.0,7032.0,1.0,0.2293701172,-0.5789794922,0.4554443359,0.6361694336
21531397.0,2968.0,0.0,-1.328125,-0.3046875,-0.21484375,0
21538429.0,7032.0,1.0,0.227355957,-0.581237793,0.4565429688,0.6340332031
21541397.0,2968.0,0.0,1.078125,-0.42578125,0.5546875,0
21548429.0,7032.0,1.0,0.2253417969,-0.5834350586,0.4580688477,0.631652832
21551397.0,2968.0,0.0,1.53125,-0.7421875,0.67578125,0
21558429.0,7032.0,1.0,0.223449707,-0.5854492188,0.4599609375,0.6290893555
21561397.0,2968.0,0.0,1.3984375,-0.25,0.71875,0
21568429.0,7032.0,1.0,0.221496582,-0.5875244141,0.462097168,0.6262817383
21571397.0,2968.0,0.0,1.23046875,0.5,1.2265625,0
21578429.0,7032.0,1.0,0.2194824219,-0.5894165039,0.4642944336,0.6235351563
21581397.0,2968.0,0.0,0.9453125,-0.015625,1.39453125,0
21588429.0,7032.0,1.0,0.2173461914,-0.5913696289,0.4666748047,0.6207275391
21591397.0,2968.0,0.0,0.50390625,0.19140625,1.7109375,0
21601429.0,10032.0,1.0,0.2152099609,-0.5930786133,0.4688720703,0.6181640625
21604397.0,2968.0,0.0,-0.05859375,-0.17578125,0.9921875,0
21611429.0,7032.0,1.0,0.2125854492,-0.5949707031,0.4710693359,0.6155395508
21614397.0,2968.0,0.0,-0.265625,-0.8515625,0.43359375,0
21618429.0,4032.0,1.0,0.2097167969,-0.5969848633,0.4729003906,0.6131591797
21621397.0,2968.0,0.0,-0.86328125,-1.10546875,0.7421875,0
21628429.0,7032.0,1.0,0.2065429688,-0.5991210938,0.4744262695,0.6109619141
21631397.0,2968.0,0.0,-0.80859375,-1.2421875,1.51953125,0
21638429.0,7032.0,1.0,0.2030639648,-0.6014404297,0.475769043,0.6088256836
21641397.0,2968.0,0.0,-0.7578125,-0.69921875,1.55859375,0
21648429.0,7032.0,1.0,0.1995239258,-0.6037597656,0.4769287109,0.6067504883
21651397.0,2968.0,0.0,-0.58984375,-0.453125,1.59765625,0
21658429.0,7032.0,1.0,0.1958618164,-0.6061401367,0.4780883789,0.604675293
21661397.0,2968.0,0.0,0.140625,-1.90234375,1.0625,0
21668429.0,7032.0,1.0,0.1924438477,-0.6083984375,0.4793701172,0.6025390625
21671397.0,2968.0,0.0,0.53515625,-1.3125,0.59765625,0
21678429.0,7032.0,1.0,0.1890258789,-0.6105957031,0.4808349609,0.6002197266
21681397.0,2968.0,0.0,0.93359375,-1.0703125,0.4140625,0
21688429.0,7032.0,1.0,0.1856689453,-0.6128540039,0.4822387695,0.5978393555
21691397.0,2968.0,0.0,0.75,-0.94140625,1.0390625,0
21698429.0,7032.0,1.0,0.1823120117,-0.6151733398,0.4835205078,0.5953979492
21701397.0,2968.0,0.0,1.1015625,-0.89453125,0.51171875,0
21708429.0,7032.0,1.0,0.1788330078,-0.6176147461,0.4846191406,0.5930786133
21711397.0,2968.0,0.0,0.7265625,-0.640625,0.65625,0
21718429.0,7032.0,1.0,0.1752319336,-0.6201782227,0.4852905273,0.5908813477
21721397.0,2968.0,0.0,-0.03125,-0.7421875,0.23828125,0
21728429.0,7032.0,1.0,0.1713867188,-0.6229248047,0.4855957031,0.5888671875
21731397.0,2968.0,0.0,-1.59765625,-1.1875,1.12109375,0
21738429.0,7032.0,1.0,0.1672973633,-0.625793457,0.4856567383,0.5869750977
21741397.0,2968.0,0.0,-2.01171875,-0.94140625,1.94921875,0
21748429.0,7032.0,1.0,0.1631469727,-0.6286621094,0.4856567383,0.5850830078
21751397.0,2968.0,0.0,-1.84375,-0.57421875,2.01953125,0
21758429.0,7032.0,1.0,0.1591186523,-0.6314086914,0.4857788086,0.5831298828
21761397.0,2968.0,0.0,-1.14453125,-0.59765625,1.62890625,0
21768429.0,7032.0,1.0,0.1550292969,-0.6340942383,0.4859008789,0.581237793
21771397.0,2968.0,0.0,0.4296875,-0.19921875,1.171875,0
21778429.0,7032.0,1.0,0.1506958008,-0.6368408203,0.4860229492,0.5792236328
21781397.0,2968.0,0.0,0.8515625,-0.57421875,0.734375,0
21788429.0,7032.0,1.0,0.1462402344,-0.639465332,0.4861450195,0.5773925781
21792397.0,3968.0,0.0,0.66015625,-0.03125,0.078125,0
21799429.0,7032.0,1.0,0.1418457031,-0.6419067383,0.4861450195,0.5757446289
21802397.0,2968.0,0.0,-0.09765625,1.27734375,-1.16796875,0
21812429.0,10032.0,1.0,0.1368408203,-0.6444091797,0.4860229492,0.5742797852
21815397.0,2968.0,0.0,-0.75,0.2421875,-0.72265625,0
21819429.0,4032.0,1.0,0.1314697266,-0.6467895508,0.4858398438,0.5729980469
21822397.0,2968.0,0.0,-1.21875,0.28125,0.3359375,0
21828429.0,6032.0,1.0,0.1259765625,-0.6490478516,0.4857788086,0.5717163086
21831397.0,2968.0,0.0,-1.91015625,-0.3515625,2.03515625,0
21838429.0,7032.0,1.0,0.1204833984,-0.651184082,0.4859619141,0.5703125
21841397.0,2968.0,0.0,-2.4921875,-0.05859375,2.8125,0
21848429.0,7032.0,1.0,0.1149291992,-0.653137207,0.4866333008,0.5686645508
21851397.0,2968.0,0.0,-2.31640625,0.53515625,3.140625,0
21858429.0,7032.0,1.0,0.1097412109,-0.6547851563,0.4877319336,0.5668334961
21861397.0,2968.0,0.0,-2.40234375,0.40625,3.01171875,0
21868429.0,7032.0,1.0,0.1047973633,-0.6561889648,0.4895019531,0.5645751953
21871397.0,2968.0,0.0,-2.265625,-0.0390625,1.8203125,0
21878429.0,7032.0,1.0,0.1001586914,-0.6572875977,0.4919433594,0.5620727539
21881397.0,2968.0,0.0,-2.59765625,0.7109375,0.96875,0
21888429.0,7032.0,1.0,0.095703125,-0.6580810547,0.4948730469,0.5593261719
21891397.0,2968.0,0.0,-3.1640625,0.30078125,-0.1015625,0
21898429.0,7032.0,1.0,0.0913085938,-0.6586303711,0.4982910156,0.5563964844
21901397.0,2968.0,0.0,-3.7265625,0.46875,-0.40625,0
21908429.0,7032.0,1.0,0.0869750977,-0.6588745117,0.5020141602,0.5534667969
21911397.0,2968.0,0.0,-4.8984375,1.09765625,0.5546875,0
21918429.0,7032.0,1.0,0.0823974609,-0.6588134766,0.5061035156,0.5504760742
21921397.0,2968.0,0.0,-4.82421875,0.55859375,2.0859375,0
21928429.0,7032.0,1.0,0.0777587891,-0.6585083008,0.5106201172,0.5473632813
21931397.0,2968.0,0.0,-4.55859375,-0.125,3.046875,0
21938429.0,7032.0,1.0,0.0732421875,-0.6577758789,0.5158081055,0.5439453125
21941397.0,2968.0,0.0,-4.375,0.87109375,2.39453125,0
21948429.0,7032.0,1.0,0.0689697266,-0.6565551758,0.5220336914,0.5400390625
21951397.0,2968.0,0.0,-4.58203125,0.2109375,2.14453125,0
21963429.0,12032.0,1.0,0.0656738281,-0.6546630859,0.529296875,0.5357055664
21968397.0,4968.0,0.0,-8.5078125,2.16015625,3.6953125,0
21971429.0,3032.0,1.0,0.0630493164,-0.6519165039,0.5383911133,0.5302734375
21974397.0,2968.0,0.0,-8.6171875,2.09765625,3.8203125,0
21978429.0,4032.0,1.0,0.0612792969,-0.6483154297,0.5489501953,0.5240478516
21981397.0,2968.0,0.0,-10.83984375,4.40234375,4.18359375,0
21988429.0,7032.0,1.0,0.0601196289,-0.6439208984,0.5603027344,0.5175170898
21991397.0,2968.0,0.0,-12.53125,6.33203125,2.69921875,0
21998429.0,7032.0,1.0,0.0589599609,-0.6387939453,0.5718383789,0.5113525391
22001397.0,2968.0,0.0,-14.5234375,14.23046875,-3.45703125,0
22008429.0,7032.0,1.0,0.0567626953,-0.6323852539,0.5838012695,0.5059814453
22011397.0,2968.0,0.0,-14.625,17.46875,-4.765625,0
22018429.0,7032.0,1.0,0.0529785156,-0.6246948242,0.5952148438,0.5026855469
22021397.0,2968.0,0.0,-15.05859375,18.5625,-5.5390625,0
22028429.0,7032.0,1.0,0.0468139648,-0.6158447266,0.6050415039,0.5024414063
22031397.0,2968.0,0.0,-14.203125,19.49609375,-5.75390625,0
22043429.0,12032.0,1.0,0.0377807617,-0.606628418,0.6120605469,0.5059204102
22047397.0,3968.0,0.0,-5.265625,18.2578125,-1.328125,0
22050429.0,3032.0,1.0,0.0237426758,-0.5962524414,0.6158447266,0.5144042969
22053397.0,2968.0,0.0,-5.421875,17.9375,-1.4765625,0
22058429.0,5032.0,1.0,0.0057983398,-0.5850830078,0.6164550781,0.5269165039
22061397.0,2968.0,0.0,-3.5703125,8.62890625,1.8828125,0
22068429.0,7032.0,1.0,0.0086669922,0.5737915039,-0.6190185547,-0.5362548828
22071397.0,2968.0,0.0,-1.03125,-9.390625,0.04296875,0
22078429.0,7032.0,1.0,0.0208129883,0.561340332,-0.6215820313,-0.5459594727
22081397.0,2968.0,0.0,-1.953125,36.81640625,-7.1015625,0
22088429.0,7032.0,1.0,0.038269043,0.5470581055,-0.6142578125,-0.5673828125
22091397.0,2968.0,0.0,3.67578125,38.51171875,-17.74609375,0
22100429.0,9032.0,1.0,0.0590209961,0.5316772461,-0.5960083008,-0.5988769531
22103397.0,2968.0,0.0,8.74609375,13.48046875,-21.39453125,0
22110429.0,7032.0,1.0,0.0767211914,0.5153808594,-0.5724487305,-0.6330566406
22113397.0,2968.0,0.0,8.2421875,-3.10546875,-20.8828125,0
22118429.0,5032.0,1.0,0.0874633789,0.4992675781,-0.5484619141,-0.6650390625
22121397.0,2968.0,0.0,-3.7109375,-12.1015625,-7.98828125,0
22128429.0,7032.0,1.0,0.0923461914,0.4840087891,-0.5236816406,-0.6949462891
22131397.0,2968.0,0.0,-1.515625,-14.22265625,-4.6015625,0
22140429.0,9032.0,1.0,0.0926513672,0.4707641602,-0.4989013672,-0.7217407227
22143397.0,2968.0,0.0,2.9765625,-17.48046875,-3.67578125,0
22151429.0,8032.0,1.0,0.0884399414,0.4583129883,-0.4730224609,-0.747253418
22154397.0,2968.0,0.0,8.33203125,-24.76953125,-1.66015625,0
22158429.0,4032.0,1.0,0.0794067383,0.4470825195,-0.4483642578,-0.7698974609
22161397.0,2968.0,0.0,9.9140625,-25.8203125,0.05859375,0
22168429.0,7032.0,1.0,0.0659179688,0.4373779297,-0.4271240234,-0.7886352539
22171397.0,2968.0,0.0,11.07421875,-24.796875,1.08203125,0
22178429.0,7032.0,1.0,0.0492553711,0.4291992188,-0.4099121094,-0.8033447266
22181397.0,2968.0,0.0,10.81640625,-21.55078125,2.1875,0
22188429.0,7032.0,1.0,0.0314941406,0.4225463867,-0.3958740234,-0.8146972656
22191397.0,2968.0,0.0,7.94140625,-13.9375,1.84375,0
22203429.0,12032.0,1.0,0.0120239258,0.4166259766,-0.3820800781,-0.8248291016
22207397.0,3968.0,0.0,6.82421875,-9.9921875,0.59375,0
22210429.0,3032.0,1.0,0.0068359375,-0.4118652344,0.3685302734,0.8333740234
22213397.0,2968.0,0.0,7.00390625,-9.48828125,-0.29296875,0
22218429.0,5032.0,1.0,0.0263061523,-0.4077758789,0.3544311523,0.8410644531
22221397.0,2968.0,0.0,7.12890625,-9.14453125,-0.56640625,0
22228429.0,7032.0,1.0,0.0448608398,-0.4044799805,0.3416137695,0.8471679688
22231397.0,2968.0,0.0,6.6328125,-9.7734375,-0.69140625,0
22238429.0,7032.0,1.0,0.0625610352,-0.4017944336,0.3307495117,0.8516235352
22241397.0,2968.0,0.0,7.38671875,-8.75,-0.99609375,0
22248429.0,7032.0,1.0,0.0802612305,-0.3995361328,0.3211669922,0.8548583984
22251397.0,2968.0,0.0,8.09375,-7.43359375,-1.3515625,0
22258429.0,7032.0,1.0,0.0969848633,-0.3977050781,0.3126831055,0.8571166992
22261397.0,2968.0,0.0,8.8125,-6.74609375,-1.30078125,0
22268429.0,7032.0,1.0,0.11328125,-0.3964233398,0.3047485352,0.858581543
22271397.0,2968.0,0.0,10.1484375,-8.296875,-0.046875,0
22283429.0,12032.0,1.0,0.1281738281,-0.3956298828,0.2982788086,0.8591308594
22287397.0,3968.0,0.0,10.2109375,-7.53515625,0.3984375,0
22290429.0,3032.0,1.0,0.143371582,-0.3952026367,0.2926635742,0.8588256836
22293397.0,2968.0,0.0,9.73828125,-6.08203125,0.59375,0
22298429.0,5032.0,1.0,0.1582641602,-0.3952636719,0.2875366211,0.8579101563
22301397.0,2968.0,0.0,9.4765625,-5.44140625,0.45703125,0
22308429.0,7032.0,1.0,0.1718139648,-0.3958740234,0.2828369141,0.856628418
22311397.0,2968.0,0.0,8.7265625,-5.32421875,0.33203125,0
22318429.0,7032.0,1.0,0.1842651367,-0.3970336914,0.2785644531,0.8549194336
22321397.0,2968.0,0.0,7.81640625,-5.08984375,0.30078125,0
22329429.0,8032.0,1.0,0.1955566406,-0.3985595703,0.2750244141,0.8527832031
22332397.0,2968.0,0.0,6.8828125,-4.87890625,0.74609375,0
22338429.0,6032.0,1.0,0.2059936523,-0.4004516602,0.2725830078,0.8502197266
22341397.0,2968.0,0.0,4.5546875,-4.265625,1.05078125,0
22348429.0,7032.0,1.0,0.2158203125,-0.4027099609,0.2713012695,0.8471069336
22351397.0,2968.0,0.0,3.8359375,-3.90234375,1.0,0
22361429.0,10032.0,1.0,0.2243652344,-0.4051513672,0.2713012695,0.84375
22364397.0,2968.0,0.0,3.546875,-3.80859375,0.65625,0
22371429.0,7032.0,1.0,0.2328491211,-0.4079589844,0.2725830078,0.8396606445
22374397.0,2968.0,0.0,3.40234375,-3.453125,0.36328125,0
22378429.0,4032.0,1.0,0.2407226563,-0.410949707,0.2750854492,0.835144043
22381397.0,2968.0,0.0,3.1171875,-1.54296875,-1.51953125,0
22388429.0,7032.0,1.0,0.248046875,-0.4141845703,0.2782592773,0.8303222656
22391397.0,2968.0,0.0,3.37109375,-0.265625,-2.6953125,0
22398429.0,7032.0,1.0,0.2543334961,-0.4177246094,0.2813110352,0.8256225586
22401397.0,2968.0,0.0,3.47265625,1.0078125,-4.296875,0
22409429.0,8032.0,1.0,0.2595825195,-0.4215087891,0.2838745117,0.8211669922
22412397.0,2968.0,0.0,2.83203125,1.74609375,-5.58203125,0
22418429.0,6032.0,1.0,0.2637939453,-0.4254760742,0.2857666016,0.8171386719
22421397.0,2968.0,0.0,1.3515625,3.1796875,-7.14453125,0
22428429.0,7032.0,1.0,0.2669677734,-0.4295654297,0.2868652344,0.8135986328
22431397.0,2968.0,0.0,0.02734375,3.73046875,-7.1328125,0
22438429.0,7032.0,1.0,0.2692871094,-0.4338378906,0.2872314453,0.8104248047
22441397.0,2968.0,0.0,-1.6484375,3.59375,-6.81640625,0
22449429.0,8032.0,1.0,0.2708129883,-0.4382324219,0.2870483398,0.8075561523
22452397.0,2968.0,0.0,-3.37109375,3.19140625,-6.21875,0
22458429.0,6032.0,1.0,0.2717285156,-0.4426879883,0.2863769531,0.8051147461
22461397.0,2968.0,0.0,-6.08984375,1.4921875,-3.46875,0
22468429.0,7032.0,1.0,0.2721557617,-0.447265625,0.2854003906,0.8027954102
22471397.0,2968.0,0.0,-5.7734375,-0.4375,-2.82421875,0
22479429.0,8032.0,1.0,0.2722167969,-0.4519042969,0.2845458984,0.8004760742
22482397.0,2968.0,0.0,-4.6953125,-1.6484375,-1.44140625,0
22488429.0,6032.0,1.0,0.2721557617,-0.4565429688,0.284362793,0.7979125977
22491397.0,2968.0,0.0,-2.1640625,-4.20703125,-0.20703125,0
22503429.0,12032.0,1.0,0.2721557617,-0.4608764648,0.2852172852,0.7951049805
22507397.0,3968.0,0.0,-1.3984375,-3.6484375,-0.65625,0
22510429.0,3032.0,1.0,0.2723999023,-0.4651489258,0.2877197266,0.7916259766
22513397.0,2968.0,0.0,-1.3515625,-3.640625,-0.546875,0
22519429.0,6032.0,1.0,0.2729492188,-0.4691772461,0.2920532227,0.7874145508
22522397.0,2968.0,0.0,-0.5,-2.8046875,-0.62109375,0
22528429.0,6032.0,1.0,0.2737426758,-0.4725341797,0.297668457,0.7830200195
22531397.0,2968.0,0.0,-0.61328125,-0.31640625,-1.6015625,0
22538429.0,7032.0,1.0,0.2746582031,-0.4755859375,0.3046264648,0.7781982422
22541397.0,2968.0,0.0,-1.33984375,1.8203125,-2.30859375,0
22548429.0,7032.0,1.0,0.2755737305,-0.4783325195,0.3125610352,0.7730102539
22552397.0,3968.0,0.0,-2.19140625,1.1015625,-2.8046875,0
22559429.0,7032.0,1.0,0.2764892578,-0.4807739258,0.321105957,0.7676391602
22562397.0,2968.0,0.0,-2.10546875,1.796875,-4.1875,0
22568429.0,6032.0,1.0,0.2771606445,-0.4831542969,0.3291015625,0.762512207
22571397.0,2968.0,0.0,-1.8515625,3.21875,-6.4140625,0
22578429.0,7032.0,1.0,0.2774658203,-0.4861450195,0.3369750977,0.7570800781
22581397.0,2968.0,0.0,-1.66796875,4.23046875,-6.40625,0
22588429.0,7032.0,1.0,0.2771606445,-0.4896240234,0.3430175781,0.7521972656
22591397.0,2968.0,0.0,-1.859375,3.578125,-5.875,0
22599429.0,8032.0,1.0,0.2761230469,-0.4937744141,0.3469848633,0.748046875
22602397.0,2968.0,0.0,-2.671875,4.2890625,-6.125,0
22609429.0,7032.0,1.0,0.2742919922,-0.498840332,0.3490600586,0.7443847656
22612397.0,2968.0,0.0,-4.515625,2.4609375,-8.09765625,0
22624429.0,12032.0,1.0,0.2723999023,-0.5037841797,0.3499145508,0.7413330078
22629397.0,4968.0,0.0,-6.70703125,5.26953125,-7.26171875,0
22632429.0,3032.0,1.0,0.2704467773,-0.5090332031,0.3501586914,0.7383422852
22635397.0,2968.0,0.0,-6.8984375,3.45703125,-7.21875,0
22639429.0,4032.0,1.0,0.268371582,-0.5147705078,0.3499755859,0.7352294922
22642397.0,2968.0,0.0,-6.59765625,3.53125,-7.1015625,0
22649429.0,7032.0,1.0,0.266784668,-0.5194091797,0.3496704102,0.7326660156
22652397.0,2968.0,0.0,-6.26171875,3.6328125,-5.9296875,0
22658429.0,6032.0,1.0,0.2654418945,-0.5239868164,0.3495483398,0.7299194336
22661397.0,2968.0,0.0,-5.85546875,2.20703125,-5.57421875,0
22669429.0,8032.0,1.0,0.2641601563,-0.5283203125,0.3496704102,0.7271728516
22672397.0,2968.0,0.0,-5.5625,2.23828125,-3.94140625,0
22679429.0,7032.0,1.0,0.2630615234,-0.532409668,0.3500976563,0.7244262695
22682397.0,2968.0,0.0,-5.4921875,-0.578125,-1.9296875,0
22689429.0,7032.0,1.0,0.2621459961,-0.5361328125,0.3514404297,0.7213134766
22692397.0,2968.0,0.0,-5.46875,0.5078125,-2.55078125,0
22698429.0,6032.0,1.0,0.2614135742,-0.5393676758,0.3534545898,0.7182006836
22701397.0,2968.0,0.0,-5.375,0.890625,-3.4453125,0
22709429.0,8032.0,1.0,0.2606811523,-0.5421142578,0.3559570313,0.7151489258
22712397.0,2968.0,0.0,-4.6328125,0.42578125,-5.2578125,0
22718429.0,6032.0,1.0,0.2600097656,-0.5443725586,0.3588867188,0.7122192383
22721397.0,2968.0,0.0,-2.6640625,0.640625,-5.80859375,0
22729429.0,8032.0,1.0,0.2592163086,-0.5462646484,0.3620605469,0.7094116211
22732397.0,2968.0,0.0,-2.16015625,-0.37890625,-4.19140625,0
22738429.0,6032.0,1.0,0.2584228516,-0.5479736328,0.3656005859,0.7066040039
22741397.0,2968.0,0.0,-2.1875,-1.33203125,-2.48828125,0
22749429.0,8032.0,1.0,0.2576904297,-0.5493164063,0.3698730469,0.7035522461
22752397.0,2968.0,0.0,-2.71875,-1.4453125,-1.703125,0
22758429.0,6032.0,1.0,0.2573852539,-0.5501708984,0.3748779297,0.700378418
22761397.0,2968.0,0.0,-2.14453125,-0.7265625,-2.20703125,0
22768429.0,7032.0,1.0,0.2571411133,-0.5507202148,0.3809204102,0.6967773438
22771397.0,2968.0,0.0,-1.4921875,-1.12890625,-2.55859375,0
22779429.0,8032.0,1.0,0.2568359375,-0.5510253906,0.3869628906,0.6932983398
22782397.0,2968.0,0.0,-1.69140625,-1.15234375,-2.921875,0
22789429.0,7032.0,1.0,0.2563476563,-0.5512084961,0.3925170898,0.6901855469
22792397.0,2968.0,0.0,-1.19921875,0.44921875,-3.58984375,0
22804429.0,12032.0,1.0,0.2555541992,-0.5515136719,0.3973388672,0.6875
22809397.0,4968.0,0.0,-0.89453125,-0.79296875,0.3671875,0
22812429.0,3032.0,1.0,0.2544555664,-0.5520629883,0.4020385742,0.6846923828
22815397.0,2968.0,0.0,-1.62890625,-0.83984375,0.3828125,0
22819429.0,4032.0,1.0,0.2531738281,-0.5529174805,0.4067382813,0.6817016602
22822397.0,2968.0,0.0,-1.62890625,-0.88671875,0.484375,0
22829429.0,7032.0,1.0,0.251953125,-0.5537719727,0.4107666016,0.6790161133
22832397.0,2968.0,0.0,-1.453125,-0.05078125,-0.109375,0
22839429.0,7032.0,1.0,0.2507324219,-0.5547485352,0.4147949219,0.6762695313
22842397.0,2968.0,0.0,0.4609375,-0.16796875,-2.0859375,0
22849429.0,7032.0,1.0,0.2496948242,-0.5556640625,0.4185180664,0.6735839844
22853397.0,3968.0,0.0,1.37109375,0.4609375,-2.2734375,0
22859429.0,6032.0,1.0,0.2485961914,-0.5567016602,0.4220581055,0.6709594727
22862397.0,2968.0,0.0,2.32421875,0.6953125,-1.68359375,0
22869429.0,7032.0,1.0,0.2474365234,-0.5579833984,0.4251708984,0.6682739258
22872397.0,2968.0,0.0,1.703125,-0.4453125,1.0078125,0
22879429.0,7032.0,1.0,0.2462158203,-0.5595703125,0.4281005859,0.6655883789
22882397.0,2968.0,0.0,0.36328125,0.3359375,0.90234375,0
22889429.0,7032.0,1.0,0.244934082,-0.561340332,0.4307861328,0.6628417969
22893397.0,3968.0,0.0,-0.10546875,0.51953125,0.3828125,0
22899429.0,6032.0,1.0,0.2437133789,-0.5631713867,0.4332885742,0.6600952148
22902397.0,2968.0,0.0,-0.3359375,0.2421875,-0.22265625,0
22909429.0,7032.0,1.0,0.2426147461,-0.5648803711,0.4356079102,0.6574707031
22912397.0,2968.0,0.0,0.95703125,-0.1171875,-1.4375,0
22919429.0,7032.0,1.0,0.2416381836,-0.5665283203,0.4379272461,0.6549072266
22922397.0,2968.0,0.0,1.53515625,-0.0546875,-1.8125,0
22929429.0,7032.0,1.0,0.2404785156,-0.5682983398,0.4400024414,0.6524047852
22932397.0,2968.0,0.0,1.82421875,-0.0546875,-0.546875,0
22939429.0,7032.0,1.0,0.2390136719,-0.5701904297,0.4418945313,0.6499633789
22942397.0,2968.0,0.0,2.0546875,-0.37890625,0.68359375,0
22948429.0,6032.0,1.0,0.2374267578,-0.5720825195,0.4436035156,0.6477050781
22951397.0,2968.0,0.0,1.5859375,1.0703125,1.609375,0
22959429.0,8032.0,1.0,0.2354125977,-0.5742797852,0.4453735352,0.645324707
22962397.0,2968.0,0.0,1.1953125,0.25,1.10546875,0
22969429.0,7032.0,1.0,0.233215332,-0.5764160156,0.4468994141,0.6431274414
22973397.0,3968.0,0.0,0.71875,-0.1484375,0.92578125,0
22979429.0,6032.0,1.0,0.2308959961,-0.5786132813,0.4482421875,0.6410522461
22982397.0,2968.0,0.0,0.7421875,-0.6640625,0.15234375,0
22989429.0,7032.0,1.0,0.2282714844,-0.580871582,0.4495239258,0.6390380859
22992397.0,2968.0,0.0,0.7734375,-0.984375,-0.296875,0
22999429.0,7032.0,1.0,0.225769043,-0.5830078125,0.4505004883,0.6373291016
23002397.0,2968.0,0.0,0.48828125,-1.15234375,0.109375,0
23009429.0,7032.0,1.0,0.2228393555,-0.5853881836,0.4514160156,0.635559082
23012397.0,2968.0,0.0,0.7421875,-0.82421875,1.71875,0
23020429.0,8032.0,1.0,0.2197875977,-0.5877685547,0.4520874023,0.6339111328
23023397.0,2968.0,0.0,0.6953125,-0.1875,3.3203125,0
23031429.0,8032.0,1.0,0.2163696289,-0.5904541016,0.4527587891,0.6321411133
23034397.0,2968.0,0.0,-0.20703125,-0.7890625,2.75,0
23038429.0,4032.0,1.0,0.2129516602,-0.5930786133,0.4534912109,0.6303100586
23041397.0,2968.0,0.0,-1.41015625,-0.6953125,2.20703125,0
23049429.0,8032.0,1.0,0.2093505859,-0.595703125,0.4544067383,0.6283569336
23052397.0,2968.0,0.0,-1.93359375,-1.62890625,1.37109375,0
23059429.0,7032.0,1.0,0.2060546875,-0.5980834961,0.4555053711,0.6264038086
23062397.0,2968.0,0.0,-1.02734375,-1.96875,-0.6953125,0
23069429.0,7032.0,1.0,0.2029418945,-0.6003417969,0.4567260742,0.6243896484
23072397.0,2968.0,0.0,-0.2109375,-1.609375,-0.5078125,0
23079429.0,7032.0,1.0,0.1998291016,-0.6026611328,0.4577636719,0.6223754883
23082397.0,2968.0,0.0,0.87890625,-0.94140625,1.37109375,0
23089429.0,7032.0,1.0,0.196472168,-0.6052246094,0.4586791992,0.6202392578
23092397.0,2968.0,0.0,1.58984375,-1.6484375,2.51953125,0
23099429.0,7032.0,1.0,0.1931762695,-0.6079711914,0.4594726563,0.6180419922
23102397.0,2968.0,0.0,0.83984375,-0.1328125,2.21484375,0
23109429.0,7032.0,1.0,0.1896972656,-0.6107788086,0.4602050781,0.6157836914
23112397.0,2968.0,0.0,0.546875,-0.68359375,1.53515625,0
23119429.0,7032.0,1.0,0.1862792969,-0.6135253906,0.4609375,0.6135253906
23122397.0,2968.0,0.0,-0.05078125,-0.5546875,1.53515625,0
23129429.0,7032.0,1.0,0.1829833984,-0.6160888672,0.4617919922,0.611328125
23132397.0,2968.0,0.0,-0.19140625,-1.18359375,0.45703125,0
23138429.0,6032.0,1.0,0.1798706055,-0.6184082031,0.4627685547,0.6091308594
23141397.0,2968.0,0.0,-0.4140625,-0.70703125,-0.375,0
23149429.0,8032.0,1.0,0.176574707,-0.6208496094,0.464050293,0.606628418
23152397.0,2968.0,0.0,-0.16796875,-0.69140625,0.125,0
23159429.0,7032.0,1.0,0.1734619141,-0.6231079102,0.4654541016,0.6041259766
23162397.0,2968.0,0.0,0.109375,-0.32421875,0.8515625,0
23169429.0,7032.0,1.0,0.1703491211,-0.6254272461,0.4668579102,0.6015625
23172397.0,2968.0,0.0,0.0859375,0.33203125,1.7734375,0
23179429.0,7032.0,1.0,0.1668701172,-0.6278686523,0.4681396484,0.5989990234
23182397.0,2968.0,0.0,-0.84375,0.46484375,0.6328125,0
23189429.0,7032.0,1.0,0.163269043,-0.6302490234,0.4688720703,0.596862793
23192397.0,2968.0,0.0,-1.40234375,0.9453125,0.58984375,0
23199429.0,7032.0,1.0,0.1591186523,-0.6328735352,0.4692382813,0.5949707031
23202397.0,2968.0,0.0,-1.703125,1.02734375,1.1953125,0
23209429.0,7032.0,1.0,0.1545410156,-0.6354980469,0.4691162109,0.5934448242
23212397.0,2968.0,0.0,-1.15234375,1.10546875,1.07421875,0
23224429.0,12032.0,1.0,0.1499023438,-0.6381835938,0.4688110352,0.5920410156
23228397.0,3968.0,0.0,-0.85546875,1.83984375,1.359375,0
23231429.0,3032.0,1.0,0.1450805664,-0.6408081055,0.4685058594,0.5905761719
23234397.0,2968.0,0.0,-0.87890625,1.80078125,1.421875,0
23238429.0,4032.0,1.0,0.1402587891,-0.6434326172,0.4683837891,0.5889892578
23241397.0,2968.0,0.0,-0.76171875,1.5390625,1.484375,0
23249429.0,8032.0,1.0,0.135559082,-0.6460571289,0.4684448242,0.5872192383
23252397.0,2968.0,0.0,-1.109375,1.234375,1.23828125,0
23259429.0,7032.0,1.0,0.1310424805,-0.6484375,0.46875,0.5853881836
23262397.0,2968.0,0.0,-1.984375,1.69140625,0.078125,0
23269429.0,7032.0,1.0,0.1265869141,-0.6506958008,0.4689941406,0.5836181641
23273397.0,3968.0,0.0,-2.44140625,1.96484375,-0.78125,0
23279429.0,6032.0,1.0,0.1221313477,-0.6528320313,0.4691162109,0.5820922852
23282397.0,2968.0,0.0,-2.62890625,2.3125,-1.26171875,0
23289429.0,7032.0,1.0,0.1173095703,-0.6549072266,0.4689331055,0.5809326172
23292397.0,2968.0,0.0,-2.7421875,1.99609375,-0.87109375,0
23299429.0,7032.0,1.0,0.1118164063,-0.6569213867,0.4683227539,0.5802001953
23302397.0,2968.0,0.0,-2.3984375,1.0234375,0.82421875,0
23309429.0,7032.0,1.0,0.1057128906,-0.6589355469,0.4674072266,0.5797729492
23313397.0,3968.0,0.0,-2.3984375,0.61328125,3.26953125,0
23319429.0,6032.0,1.0,0.0990600586,-0.6608276367,0.4665527344,0.5794677734
23322397.0,2968.0,0.0,-2.29296875,0.19921875,4.02734375,0
23329429.0,7032.0,1.0,0.0924682617,-0.6624145508,0.4661865234,0.5791015625
23332397.0,2968.0,0.0,-1.8359375,0.16015625,3.71484375,0
23339429.0,7032.0,1.0,0.0853271484,-0.6637573242,0.4665527344,0.5783081055
23342397.0,2968.0,0.0,-2.203125,-0.1171875,3.67578125,0
23349429.0,7032.0,1.0,0.0787963867,-0.6645507813,0.4681396484,0.5770874023
23352397.0,2968.0,0.0,-2.7265625,-0.3203125,4.03125,0
23359429.0,7032.0,1.0,0.0728759766,-0.6647949219,0.4710693359,0.5751953125
23362397.0,2968.0,0.0,-2.91015625,-0.98828125,3.171875,0
23369429.0,7032.0,1.0,0.0673828125,-0.6644287109,0.4758300781,0.5723876953
23372397.0,2968.0,0.0,-5.05859375,-1.1640625,2.8203125,0
23379429.0,7032.0,1.0,0.0631713867,-0.6633300781,0.4822387695,0.5687255859
23382397.0,2968.0,0.0,-6.68359375,-1.59765625,3.71875,0
23389429.0,7032.0,1.0,0.0599975586,-0.6613769531,0.491027832,0.5638427734
23392397.0,2968.0,0.0,-7.8515625,-1.765625,4.2890625,0
23400429.0,8032.0,1.0,0.0581054687,-0.6585693359,0.5012817383,0.5582275391
23403397.0,2968.0,0.0,-8.7265625,-0.96484375,4.21484375,0
23411429.0,8032.0,1.0,0.0570068359,-0.6546020508,0.5139160156,0.5514526367
23414397.0,2968.0,0.0,-10.23046875,2.55078125,3.328125,0
23419429.0,5032.0,1.0,0.0562133789,-0.6492919922,0.5286254883,0.5439453125
23422397.0,2968.0,0.0,-11.3203125,5.9375,2.14453125,0
23429429.0,7032.0,1.0,0.0550537109,-0.643371582,0.5426025391,0.5372314453
23432397.0,2968.0,0.0,-12.9453125,9.3671875,0.828125,0
23439429.0,7032.0,1.0,0.0525512695,-0.6363525391,0.5564575195,0.5316772461
23442397.0,2968.0,0.0,-15.35546875,14.640625,-1.96484375,0
23449429.0,7032.0,1.0,0.0475463867,-0.6282348633,0.5690917969,0.5283813477
23452397.0,2968.0,0.0,-15.3203125,17.0,-3.265625,0
23459429.0,7032.0,1.0,0.0390014648,-0.6194458008,0.5791625977,0.528503418
23462397.0,2968.0,0.0,-14.17578125,19.23046875,-4.98046875,0
23469429.0,7032.0,1.0,0.0262451172,-0.6098632813,0.5860595703,0.5328369141
23472397.0,2968.0,0.0,-11.48046875,18.7890625,-5.06640625,0
23483429.0,11032.0,1.0,0.0101318359,-0.5997924805,0.5895385742,0.5409545898
23486397.0,2968.0,0.0,-6.6796875,10.859375,0.7890625,0
23490429.0,4032.0,1.0,0.0087890625,0.5885620117,-0.5913085938,-0.5512695313
23493397.0,2968.0,0.0,-4.546875,-1.609375,3.328125,0
23499429.0,6032.0,1.0,0.0227050781,0.5768432617,-0.596862793,-0.5572509766
23502397.0,2968.0,0.0,-2.421875,-17.5,3.94921875,0
23509429.0,7032.0,1.0,0.033203125,0.5637207031,-0.6036376953,-0.5628051758
23512397.0,2968.0,0.0,-2.234375,17.8984375,3.32421875,0
23519429.0,7032.0,1.0,0.0485229492,0.5493164063,-0.6004638672,-0.5791015625
23522397.0,2968.0,0.0,1.01953125,34.34765625,-15.5390625,0
23529429.0,7032.0,1.0,0.0700073242,0.5316772461,-0.5845336914,-0.6088867188
23532397.0,2968.0,0.0,5.19921875,10.21484375,-18.35546875,0
23541429.0,9032.0,1.0,0.0874633789,0.514465332,-0.5645141602,-0.6395263672
23544397.0,2968.0,0.0,7.90234375,-0.9765625,-21.57421875,0
23551429.0,7032.0,1.0,0.0986938477,0.4973754883,-0.5439453125,-0.6685791016
23554397.0,2968.0,0.0,-0.5703125,-5.91796875,-10.56640625,0
23559429.0,5032.0,1.0,0.1033325195,0.4819335938,-0.5245361328,-0.6942138672
23562397.0,2968.0,0.0,-0.953125,-10.74609375,-7.1484375,0
23569429.0,7032.0,1.0,0.1036987305,0.4673461914,-0.5030517578,-0.7196044922
23572397.0,2968.0,0.0,2.3046875,-10.1953125,-3.3359375,0
23579429.0,7032.0,1.0,0.1008300781,0.4541015625,-0.4793701172,-0.7442016602
23582397.0,2968.0,0.0,5.2578125,-14.14453125,-4.8046875,0
23589429.0,7032.0,1.0,0.094543457,0.4423828125,-0.455078125,-0.7669677734
23592397.0,2968.0,0.0,6.890625,-17.7109375,-2.828125,0
23604429.0,12032.0,1.0,0.0844726563,0.4324951172,-0.4331054688,-0.7862548828
23608397.0,3968.0,0.0,10.34375,-19.62890625,0.21875,0
23611429.0,3032.0,1.0,0.0703735352,0.4240112305,-0.4138793945,-0.8024902344
23614397.0,2968.0,0.0,10.5,-19.32421875,-0.2578125,0
23619429.0,5032.0,1.0,0.0523071289,0.4162597656,-0.3962402344,-0.8167114258
23622397.0,2968.0,0.0,10.28125,-16.19921875,0.39453125,0
23629429.0,7032.0,1.0,0.0342407227,0.4102172852,-0.3809814453,-0.8279418945
23632397.0,2968.0,0.0,9.77734375,-13.3984375,-0.37109375,0
23639429.0,7032.0,1.0,0.0157470703,0.4052124023,-0.3656616211,-0.8377685547
23642397.0,2968.0,0.0,8.80859375,-10.06640625,0.578125,0
23649429.0,7032.0,1.0,0.0025024414,-0.4014282227,0.3509521484,0.8460083008
23652397.0,2968.0,0.0,8.75,-10.953125,0.46875,0
23661429.0,9032.0,1.0,0.0205078125,-0.3985595703,0.3379516602,0.852355957
23664397.0,2968.0,0.0,8.8359375,-11.36328125,0.04296875,0
23672429.0,8032.0,1.0,0.0388793945,-0.3963012695,0.3268432617,0.8571166992
23675397.0,2968.0,0.0,8.828125,-9.74609375,-0.64453125,0
23679429.0,4032.0,1.0,0.0580444336,-0.3943481445,0.3171386719,0.860534668
23682397.0,2968.0,0.0,8.9296875,-7.61328125,-0.9140625,0
23689429.0,7032.0,1.0,0.0759887695,-0.3927612305,0.3088378906,0.8628540039
23692397.0,2968.0,0.0,8.82421875,-6.00390625,-0.78125,0
23699429.0,7032.0,1.0,0.092590332,-0.3917236328,0.3009643555,0.8645019531
23702397.0,2968.0,0.0,8.828125,-5.39453125,-0.7734375,0
23709429.0,7032.0,1.0,0.1078491211,-0.3911743164,0.2931518555,0.8656616211
23712397.0,2968.0,0.0,9.39453125,-6.83203125,-0.9921875,0
23719429.0,7032.0,1.0,0.1231689453,-0.3909912109,0.2854003906,0.8663330078
23722397.0,2968.0,0.0,9.34375,-7.4609375,-1.0859375,0
23729429.0,7032.0,1.0,0.1376342773,-0.3911743164,0.2789306641,0.8661499023
23732397.0,2968.0,0.0,9.08984375,-7.609375,-1.00390625,0
23740429.0,8032.0,1.0,0.1507568359,-0.3915405273,0.274230957,0.8652954102
23743397.0,2968.0,0.0,8.640625,-7.0703125,-0.78125,0
23751429.0,8032.0,1.0,0.1640625,-0.3921508789,0.270324707,0.8638305664
23754397.0,2968.0,0.0,7.4296875,-6.078125,-0.16796875,0
23759429.0,5032.0,1.0,0.176940918,-0.3932495117,0.2670898438,0.8618164063
23762397.0,2968.0,0.0,6.7421875,-5.984375,-0.03125,0
23769429.0,7032.0,1.0,0.188293457,-0.3945922852,0.2647094727,0.8594970703
23772397.0,2968.0,0.0,6.13671875,-5.64453125,0.19140625,0
23779429.0,7032.0,1.0,0.1989135742,-0.3962402344,0.2634887695,0.8567504883
23782397.0,2968.0,0.0,5.265625,-5.203125,0.12109375,0
23789429.0,7032.0,1.0,0.2089233398,-0.3980712891,0.2635498047,0.8534545898
23792397.0,2968.0,0.0,3.65625,-4.17578125,-0.03125,0
23799429.0,7032.0,1.0,0.2183227539,-0.4002685547,0.264831543,0.8497314453
23802397.0,2968.0,0.0,3.4453125,-2.85546875,-0.375,0
23809429.0,7032.0,1.0,0.2270507813,-0.4027099609,0.2669677734,0.8455810547
23812397.0,2968.0,0.0,3.56640625,-2.01953125,-1.078125,0
23819429.0,7032.0,1.0,0.2351074219,-0.4055175781,0.2697143555,0.8411865234
23822397.0,2968.0,0.0,3.62109375,-1.3828125,-1.7734375,0
23829429.0,7032.0,1.0,0.2423706055,-0.4086914063,0.2728881836,0.8365478516
23832397.0,2968.0,0.0,3.63671875,-0.0703125,-3.2109375,0
23844429.0,12032.0,1.0,0.2484130859,-0.4123535156,0.2757568359,0.8319702148
23848397.0,3968.0,0.0,2.20703125,1.77734375,-3.85546875,0
23851429.0,3032.0,1.0,0.2533569336,-0.4166870117,0.2779541016,0.8275756836
23854397.0,2968.0,0.0,0.8125,2.328125,-4.94921875,0
23859429.0,5032.0,1.0,0.2575073242,-0.4215698242,0.2797851563,0.8231811523
23862397.0,2968.0,0.0,-0.88671875,2.9296875,-5.96484375,0
23869429.0,7032.0,1.0,0.2606811523,-0.4262084961,0.2811889648,0.8193359375
23872397.0,2968.0,0.0,-3.0234375,3.39453125,-6.37109375,0
23879429.0,7032.0,1.0,0.2630615234,-0.4307861328,0.2819824219,0.8158569336
23882397.0,2968.0,0.0,-4.65234375,4.36328125,-6.390625,0
23890429.0,8032.0,1.0,0.2647094727,-0.435546875,0.2819213867,0.8128662109
23893397.0,2968.0,0.0,-5.55859375,4.6171875,-7.1953125,0
23899429.0,6032.0,1.0,0.2655639648,-0.4403076172,0.2810058594,0.8103637695
23902397.0,2968.0,0.0,-5.05859375,3.22265625,-5.24609375,0
23909429.0,7032.0,1.0,0.2659912109,-0.4453125,0.2796630859,0.8079223633
23912397.0,2968.0,0.0,-4.3984375,0.84375,-1.14453125,0
23919429.0,7032.0,1.0,0.2662963867,-0.450012207,0.2788085938,0.805480957
23922397.0,2968.0,0.0,-3.5546875,-2.8203125,-0.26171875,0
23930429.0,8032.0,1.0,0.2666625977,-0.4544677734,0.279296875,0.802734375
23933397.0,2968.0,0.0,-2.51171875,-4.3515625,1.4609375,0
23939429.0,6032.0,1.0,0.2672119141,-0.4583129883,0.2813110352,0.799621582
23942397.0,2968.0,0.0,-0.94140625,-5.4140625,0.3671875,0
23949429.0,7032.0,1.0,0.2682495117,-0.4619750977,0.2855834961,0.7956542969
23952397.0,2968.0,0.0,-0.171875,-5.5078125,-0.35546875,0
23959429.0,7032.0,1.0,0.2698364258,-0.4650878906,0.2919921875,0.7909545898
23962397.0,2968.0,0.0,0.140625,-3.40234375,-0.84375,0
23970429.0,8032.0,1.0,0.2715454102,-0.4677124023,0.2996826172,0.785949707
23973397.0,2968.0,0.0,-0.2109375,-0.5078125,-1.46875,0
23979429.0,6032.0,1.0,0.2732543945,-0.4702148438,0.3082885742,0.7805175781
23982397.0,2968.0,0.0,-0.31640625,1.84375,-2.203125,0
23989429.0,7032.0,1.0,0.2743530273,-0.4728393555,0.3167724609,0.7750854492
23992397.0,2968.0,0.0,-0.78515625,3.19140625,-3.546875,0
23999429.0,7032.0,1.0,0.2747192383,-0.4758911133,0.3244018555,0.7698974609
24002397.0,2968.0,0.0,-1.7421875,2.6328125,-4.96484375,0
24010429.0,8032.0,1.0,0.2744140625,-0.4793701172,0.3311767578,0.7650146484
24013397.0,2968.0,0.0,-2.359375,3.11328125,-5.43359375,0
24025429.0,12032.0,1.0,0.2736816406,-0.4828491211,0.3366088867,0.7606811523
24030429.0,5000.0,1.0,0.2725830078,-0.4869995117,0.3414916992,0.7562866211
24032397.0,1968.0,0.0,-2.3359375,3.00390625,-5.94921875,0
24039429.0,7032.0,1.0,0.2711181641,-0.491394043,0.3453979492,0.7521362305
24042397.0,2968.0,0.0,-2.796875,2.90234375,-5.12109375,0
24049429.0,7032.0,1.0,0.2694091797,-0.4958496094,0.3485107422,0.7483520508
24052397.0,2968.0,0.0,-5.21484375,2.16796875,-5.04296875,0
24059429.0,7032.0,1.0,0.2676391602,-0.5004272461,0.3513183594,0.7446289063
24062397.0,2968.0,0.0,-6.33984375,2.16015625,-5.484375,0
24069429.0,7032.0,1.0,0.2659301758,-0.5047607422,0.3541259766,0.741027832
24073397.0,3968.0,0.0,-6.69140625,2.8515625,-5.42578125,0
24079429.0,6032.0,1.0,0.2645263672,-0.5088500977,0.3570556641,0.7373046875
24082397.0,2968.0,0.0,-7.28125,2.3359375,-4.65234375,0
24089429.0,7032.0,1.0,0.2634277344,-0.5123901367,0.3601074219,0.7337646484
24092397.0,2968.0,0.0,-7.2890625,2.2890625,-4.7734375,0
24099429.0,7032.0,1.0,0.2625732422,-0.5158691406,0.3636474609,0.7298583984
24102397.0,2968.0,0.0,-6.46875,2.3125,-5.03125,0
24109429.0,7032.0,1.0,0.2618408203,-0.5190429688,0.3670654297,0.7261352539
24112397.0,2968.0,0.0,-5.2265625,2.10546875,-5.5234375,0
24119429.0,7032.0,1.0,0.2611083984,-0.5220336914,0.3704223633,0.7225952148
24122397.0,2968.0,0.0,-3.90234375,2.08984375,-5.67578125,0
24129429.0,7032.0,1.0,0.2603149414,-0.5247802734,0.3735351563,0.7192993164
24132397.0,2968.0,0.0,-3.12109375,0.93359375,-5.57421875,0
24139429.0,7032.0,1.0,0.2592773438,-0.5276489258,0.376953125,0.7156982422
24142397.0,2968.0,0.0,-3.52734375,2.171875,-5.34375,0
24149429.0,7032.0,1.0,0.2581787109,-0.530090332,0.3802490234,0.7125244141
24153397.0,3968.0,0.0,-3.6328125,1.8515625,-4.359375,0
24159429.0,6032.0,1.0,0.2572021484,-0.5322875977,0.3838500977,0.7093505859
24162397.0,2968.0,0.0,-3.703125,0.7109375,-3.4453125,0
24169429.0,7032.0,1.0,0.2563476563,-0.5340576172,0.3876342773,0.706237793
24172397.0,2968.0,0.0,-3.7265625,0.02734375,-3.7265625,0
24184429.0,12032.0,1.0,0.2556152344,-0.5354614258,0.3916015625,0.7032470703
24188397.0,3968.0,0.0,-3.1484375,-1.0703125,-3.90234375,0
24191429.0,3032.0,1.0,0.2549438477,-0.5366821289,0.3961181641,0.700012207
24194397.0,2968.0,0.0,-2.5078125,0.453125,-3.41796875,0
24199429.0,5032.0,1.0,0.2542114258,-0.5377807617,0.4009399414,0.6967163086
24202397.0,2968.0,0.0,-2.5,0.4140625,-3.31640625,0
24209429.0,7032.0,1.0,0.2533569336,-0.5386962891,0.4057617188,0.6935424805
24212397.0,2968.0,0.0,-1.3125,-1.5078125,-0.37109375,0
24219429.0,7032.0,1.0,0.2525634766,-0.5394897461,0.4108886719,0.6901855469
24222397.0,2968.0,0.0,-1.16796875,-0.93359375,-0.39453125,0
24230429.0,8032.0,1.0,0.251953125,-0.5401611328,0.4161987305,0.686706543
24233397.0,2968.0,0.0,-1.59375,-0.25390625,-1.1640625,0
24239429.0,6032.0,1.0,0.2517089844,-0.5405273438,0.4216918945,0.6831054688
24242397.0,2968.0,0.0,-2.09375,-0.4140625,-3.015625,0
24249429.0,7032.0,1.0,0.2517089844,-0.5408325195,0.4271850586,0.6794433594
24252397.0,2968.0,0.0,-0.76171875,0.2734375,-3.828125,0
24259429.0,7032.0,1.0,0.2517089844,-0.5412597656,0.4321289063,0.6759643555
24262397.0,2968.0,0.0,0.03515625,0.734375,-3.49609375,0
24270429.0,8032.0,1.0,0.2515258789,-0.5420532227,0.4362792969,0.6727905273
24273397.0,2968.0,0.0,0.41796875,1.21484375,-3.1796875,0
24279429.0,6032.0,1.0,0.2510375977,-0.5432128906,0.4393920898,0.669921875
24282397.0,2968.0,0.0,0.21875,0.625,-2.3671875,0
24289429.0,7032.0,1.0,0.2502441406,-0.5448608398,0.4418945313,0.6672973633
24292397.0,2968.0,0.0,0.10546875,1.18359375,-2.09765625,0
24299429.0,7032.0,1.0,0.2493286133,-0.5468139648,0.4435424805,0.6649169922
24302397.0,2968.0,0.0,0.3828125,0.921875,-1.20703125,0
24310429.0,8032.0,1.0,0.2482910156,-0.5489501953,0.4445800781,0.6628417969
24313397.0,2968.0,0.0,0.6953125,0.73046875,-0.4140625,0
24319429.0,6032.0,1.0,0.247253418,-0.5512695313,0.4451904297,0.6608886719
24322397.0,2968.0,0.0,1.921875,1.0859375,-0.71875,0
24329429.0,7032.0,1.0,0.2461547852,-0.5537719727,0.4457397461,0.6588134766
24332397.0,2968.0,0.0,2.41796875,0.9375,-0.57421875,0
24339429.0,7032.0,1.0,0.2449951172,-0.5563354492,0.4462890625,0.6567382813
24342397.0,2968.0,0.0,2.83984375,1.7578125,0.1796875,0
24350429.0,8032.0,1.0,0.2437133789,-0.5588378906,0.4468994141,0.6546630859
24353397.0,2968.0,0.0,2.6875,1.26953125,1.55859375,0
24360429.0,7032.0,1.0,0.2423095703,-0.5614013672,0.4477539063,0.6524047852
24363397.0,2968.0,0.0,0.45703125,0.578125,2.48046875,0
24369429.0,6032.0,1.0,0.2408447266,-0.5638427734,0.4489746094,0.6500244141
24372397.0,2968.0,0.0,-0.9140625,0.6953125,2.09765625,0
24379429.0,7032.0,1.0,0.2391967773,-0.5662231445,0.4505004883,0.6475219727
24382397.0,2968.0,0.0,-1.92578125,-0.0703125,1.45703125,0
24390429.0,8032.0,1.0,0.2376098633,-0.5682983398,0.452331543,0.6449584961
24393397.0,2968.0,0.0,-2.19140625,-0.5078125,0.23046875,0
24405429.0,12032.0,1.0,0.2359619141,-0.5700683594,0.4543457031,0.642578125
24410397.0,4968.0,0.0,0.625,-1.0625,-0.6796875,0
24413429.0,3032.0,1.0,0.2341918945,-0.5717773438,0.4565429688,0.6401367188
24416397.0,2968.0,0.0,2.1484375,-0.49609375,0.16796875,0
24420429.0,4032.0,1.0,0.2319335938,-0.5736083984,0.4590454102,0.637512207
24423397.0,2968.0,0.0,2.1328125,-0.51953125,0.26171875,0
24430429.0,7032.0,1.0,0.2297973633,-0.5753173828,0.4611816406,0.6351928711
24433397.0,2968.0,0.0,0.9296875,0.80078125,1.44140625,0
24439429.0,6032.0,1.0,0.2271118164,-0.5772705078,0.4631958008,0.6329956055
24442397.0,2968.0,0.0,0.1484375,0.4609375,1.52734375,0
24450429.0,8032.0,1.0,0.2240600586,-0.579284668,0.4647827148,0.6309814453
24453397.0,2968.0,0.0,-0.2578125,-0.51953125,1.52734375,0
24460429.0,7032.0,1.0,0.2206420898,-0.5814819336,0.4661865234,0.6292114258
24463397.0,2968.0,0.0,-0.3125,-1.35546875,1.98828125,0
24469429.0,6032.0,1.0,0.2171020508,-0.5835571289,0.4674072266,0.6275634766
24472397.0,2968.0,0.0,0.078125,-0.734375,1.6015625,0
24480429.0,8032.0,1.0,0.2131347656,-0.5858154297,0.4686279297,0.6259155273
24483397.0,2968.0,0.0,0.25390625,-1.04296875,1.640625,0
24490429.0,7032.0,1.0,0.2090454102,-0.5880737305,0.4697875977,0.6243286133
24494397.0,3968.0,0.0,0.15625,-0.8828125,2.28515625,0
24500429.0,6032.0,1.0,0.2049560547,-0.5903320313,0.4710693359,0.6226196289
24503397.0,2968.0,0.0,0.125,-0.9609375,2.6015625,0
24509429.0,6032.0,1.0,0.2012329102,-0.5923461914,0.4725341797,0.6207275391
24512397.0,2968.0,0.0,0.33203125,-1.375,1.90625,0
24519429.0,7032.0,1.0,0.1975097656,-0.5944824219,0.4745483398,0.618347168
24522397.0,2968.0,0.0,0.26171875,-1.56640625,1.5703125,0
24530429.0,8032.0,1.0,0.194152832,-0.5964355469,0.4766235352,0.6159667969
24533397.0,2968.0,0.0,0.0,-1.48046875,1.42578125,0
24540429.0,7032.0,1.0,0.1909179688,-0.5983886719,0.4787597656,0.6134033203
24543397.0,2968.0,0.0,-0.75,-0.9453125,0.24609375,0
24550429.0,7032.0,1.0,0.1878051758,-0.6003417969,0.4807739258,0.6109008789
24553397.0,2968.0,0.0,-1.5859375,-0.01171875,-0.890625,0
24560429.0,7032.0,1.0,0.184753418,-0.6022338867,0.4824829102,0.608581543
24563397.0,2968.0,0.0,-1.96484375,-0.1875,-0.73828125,0
24570429.0,7032.0,1.0,0.1815185547,-0.6042480469,0.4840087891,0.6063232422
24573397.0,2968.0,0.0,-1.375,0.09375,0.0703125,0
24580429.0,7032.0,1.0,0.1782226563,-0.6063842773,0.4852905273,0.6041870117
24583397.0,2968.0,0.0,-0.37109375,-0.359375,1.36328125,0
24590429.0,7032.0,1.0,0.1748046875,-0.608581543,0.4863891602,0.6020507813
24593397.0,2968.0,0.0,1.1015625,-0.6484375,2.546875,0
24603429.0,10032.0,1.0,0.1712646484,-0.6108398438,0.4873657227,0.6000366211
24606397.0,2968.0,0.0,1.21484375,-0.7109375,2.39453125,0
24613429.0,7032.0,1.0,0.1670532227,-0.6134643555,0.48828125,0.5977783203
24616397.0,2968.0,0.0,0.68359375,-0.8125,1.9375,0
24620429.0,4032.0,1.0,0.1632080078,-0.6158447266,0.489074707,0.595703125
24623397.0,2968.0,0.0,-1.4140625,0.0,-0.59765625,0
24630429.0,7032.0,1.0,0.1596679688,-0.6181030273,0.4899902344,0.5935668945
24633397.0,2968.0,0.0,-1.71484375,1.15625,-1.67578125,0
24640429.0,7032.0,1.0,0.1563720703,-0.6202392578,0.491027832,0.5913696289
24643397.0,2968.0,0.0,-1.66796875,1.40234375,-1.22265625,0
24650429.0,7032.0,1.0,0.1530151367,-0.6223754883,0.4918212891,0.5893554688
24653397.0,2968.0,0.0,-1.0859375,1.9140625,-0.38671875,0
24660429.0,7032.0,1.0,0.1493530273,-0.6246948242,0.4920654297,0.5876464844
24663397.0,2968.0,0.0,0.18359375,1.8125,2.08203125,0
24670429.0,7032.0,1.0,0.1448974609,-0.6273193359,0.4918212891,0.5861816406
24673397.0,2968.0,0.0,0.45703125,0.90234375,3.1015625,0
24680429.0,7032.0,1.0,0.1401977539,-0.6299438477,0.4913330078,0.5848999023
24683397.0,2968.0,0.0,0.2734375,0.02734375,2.96484375,0
24690429.0,7032.0,1.0,0.1354370117,-0.6325073242,0.491027832,0.5834960938
24693397.0,2968.0,0.0,-0.29296875,0.07421875,2.17578125,0
24699429.0,6032.0,1.0,0.1311035156,-0.6347045898,0.4912109375,0.58203125
24702397.0,2968.0,0.0,-1.48046875,1.4140625,-0.44921875,0
24709429.0,7032.0,1.0,0.1268310547,-0.63671875,0.4916992188,0.5802612305
24712397.0,2968.0,0.0,-1.7421875,1.6875,-1.26953125,0
24720429.0,8032.0,1.0,0.1226196289,-0.638671875,0.4923706055,0.5784912109
24723397.0,2968.0,0.0,-1.67578125,1.53515625,-1.0625,0
24730429.0,7032.0,1.0,0.118347168,-0.6404418945,0.492980957,0.5769042969
24733397.0,2968.0,0.0,-1.33203125,0.56640625,0.02734375,0
24740429.0,7032.0,1.0,0.1137695313,-0.6422729492,0.4935913086,0.5752563477
24743397.0,2968.0,0.0,-0.94921875,0.64453125,2.87890625,0
24750429.0,7032.0,1.0,0.1091308594,-0.6440429688,0.4942016602,0.5736083984
24753397.0,2968.0,0.0,-0.87890625,0.51953125,3.62109375,0
24760429.0,7032.0,1.0,0.1041259766,-0.6458740234,0.4949951172,0.5718383789
24763397.0,2968.0,0.0,-0.54296875,1.26953125,3.15625,0
24770429.0,7032.0,1.0,0.0991210938,-0.6474609375,0.49609375,0.5699462891
24773397.0,2968.0,0.0,-0.16796875,1.21484375,2.484375,0
24780429.0,7032.0,1.0,0.0939941406,-0.6488647461,0.4974365234,0.5680541992
24783397.0,2968.0,0.0,-0.4609375,1.15234375,1.734375,0
24790429.0,7032.0,1.0,0.0891113281,-0.6499023438,0.4993286133,0.5660400391
24794397.0,3968.0,0.0,-1.4375,1.05859375,1.56640625,0
24801429.0,7032.0,1.0,0.0845336914,-0.6506347656,0.5017089844,0.5637207031
24804397.0,2968.0,0.0,-2.45703125,0.8046875,1.515625,0
24811429.0,7032.0,1.0,0.0799560547,-0.6511230469,0.504699707,0.5611572266
24814397.0,2968.0,0.0,-3.66796875,0.19921875,1.5390625,0
24821429.0,7032.0,1.0,0.0753173828,-0.6513061523,0.5083618164,0.5583496094
24824397.0,2968.0,0.0,-7.109375,-0.59765625,3.1015625,0
24829429.0,5032.0,1.0,0.0708007813,-0.6510009766,0.5129394531,0.5550537109
24832397.0,2968.0,0.0,-8.57421875,-1.4453125,3.37109375,0
24840429.0,8032.0,1.0,0.0665893555,-0.6500854492,0.5187988281,0.5511474609
24843397.0,2968.0,0.0,-10.03125,-1.0546875,3.54296875,0
24850429.0,7032.0,1.0,0.0632324219,-0.6484985352,0.5260620117,0.5465698242
24853397.0,2968.0,0.0,-12.46875,-0.625,2.91796875,0
24860429.0,7032.0,1.0,0.0607910156,-0.6459350586,0.5354003906,0.5408325195
24863397.0,2968.0,0.0,-13.3359375,1.5234375,2.0,0
24870429.0,7032.0,1.0,0.0593261719,-0.6424560547,0.5460205078,0.5344238281
24873397.0,2968.0,0.0,-14.48046875,5.28515625,0.63671875,0
24880429.0,7032.0,1.0,0.0581665039,-0.6379394531,0.557800293,0.5277709961
24883397.0,2968.0,0.0,-15.5546875,8.85546875,-0.72265625,0
24889429.0,6032.0,1.0,0.0563354492,-0.6326293945,0.5692138672,0.5221557617
24892397.0,2968.0,0.0,-16.71484375,18.078125,-4.4375,0
24900429.0,8032.0,1.0,0.0523681641,-0.6256713867,0.5806274414,0.518371582
24903397.0,2968.0,0.0,-16.76953125,19.3984375,-5.203125,0
24910429.0,7032.0,1.0,0.0451049805,-0.6179199219,0.5895385742,0.5183105469
24913397.0,2968.0,0.0,-15.03515625,19.82421875,-6.51953125,0
24922429.0,9032.0,1.0,0.0330200195,-0.6099243164,0.5939331055,0.5235595703
24925397.0,2968.0,0.0,-12.06640625,23.46484375,-8.03125,0
24932429.0,7032.0,1.0,0.0139160156,-0.6011962891,0.5932617188,0.53515625
24935397.0,2968.0,0.0,-6.3203125,12.2890625,-3.53515625,0
24939429.0,4032.0,1.0,0.0051269531,0.5917358398,-0.5920410156,-0.5470581055
24942397.0,2968.0,0.0,-2.88671875,-10.39453125,1.921875,0
24950429.0,8032.0,1.0,0.0161743164,0.5805053711,-0.5981445313,-0.5522460938
24953397.0,2968.0,0.0,-1.37890625,-19.08984375,4.33984375,0
24960429.0,7032.0,1.0,0.0238647461,0.5672607422,-0.6051025391,-0.5581054688
24963397.0,2968.0,0.0,-1.6484375,24.9609375,5.73828125,0
24970429.0,7032.0,1.0,0.0365600586,0.5524291992,-0.6029663086,-0.5743408203
24973397.0,2968.0,0.0,4.66015625,32.30859375,-25.5859375,0
24980429.0,7032.0,1.0,0.0539550781,0.5364379883,-0.5901489258,-0.6008911133
24983397.0,2968.0,0.0,2.66796875,26.82421875,-12.3984375,0
24990429.0,7032.0,1.0,0.0719604492,0.5192260742,-0.5692138672,-0.6334228516
24993397.0,2968.0,0.0,9.5625,7.51171875,-18.16015625,0
25002429.0,9032.0,1.0,0.0839233398,0.5026855469,-0.5477905273,-0.6634521484
25005397.0,2968.0,0.0,8.765625,-7.5625,-17.6953125,0
25012429.0,7032.0,1.0,0.0895996094,0.4868774414,-0.5269775391,-0.6907958984
25015397.0,2968.0,0.0,4.8984375,-12.6796875,-3.83984375,0
25020429.0,5032.0,1.0,0.0902709961,0.4720458984,-0.5059814453,-0.7162475586
25023397.0,2968.0,0.0,4.69140625,-14.48046875,-0.53125,0
25030429.0,7032.0,1.0,0.0872802734,0.4583740234,-0.4834594727,-0.7406616211
25033397.0,2968.0,0.0,6.44921875,-15.92578125,-1.67578125,0
25044429.0,11032.0,1.0,0.0810546875,0.4461669922,-0.4604492188,-0.7631225586
25047397.0,2968.0,0.0,9.17578125,-20.87109375,-0.953125,0
25051429.0,4032.0,1.0,0.0706787109,0.434753418,-0.4371337891,-0.7841796875
25054397.0,2968.0,0.0,9.88671875,-22.96484375,-1.06640625,0
25060429.0,6032.0,1.0,0.0573120117,0.4254760742,-0.4173583984,-0.8009643555
25063397.0,2968.0,0.0,10.2265625,-22.453125,0.81640625,0
25070429.0,7032.0,1.0,0.0408935547,0.4176025391,-0.4003295898,-0.8146362305
25073397.0,2968.0,0.0,10.77734375,-19.32421875,1.70703125,0
25085429.0,12032.0,1.0,0.0233764648,0.4111938477,-0.3856811523,-0.8255615234
25089397.0,3968.0,0.0,7.15625,-10.17578125,-1.16015625,0
25092429.0,3032.0,1.0,0.0051269531,0.4058837891,-0.3712158203,-0.835144043
25095397.0,2968.0,0.0,7.2890625,-9.85546875,-1.45703125,0
25100429.0,5032.0,1.0,0.0147094727,-0.4013061523,0.3555297852,0.8439941406
25103397.0,2968.0,0.0,6.54296875,-9.95703125,-2.2265625,0
25110429.0,7032.0,1.0,0.032409668,-0.3981323242,0.3422241211,0.8504638672
25113397.0,2968.0,0.0,6.0859375,-9.4921875,-1.62109375,0
25120429.0,7032.0,1.0,0.0510253906,-0.3954467773,0.3295288086,0.8558349609
25123397.0,2968.0,0.0,6.078125,-8.8203125,-1.5625,0
25130429.0,7032.0,1.0,0.0682983398,-0.3934326172,0.3186035156,0.8596801758
25133397.0,2968.0,0.0,5.97265625,-7.91796875,-1.08984375,0
25140429.0,7032.0,1.0,0.0855712891,-0.391784668,0.3080444336,0.8627319336
25143397.0,2968.0,0.0,5.79296875,-7.34375,-0.75,0
25150429.0,7032.0,1.0,0.1018066406,-0.390625,0.2984619141,0.8648681641
25153397.0,2968.0,0.0,5.5859375,-7.26171875,-0.26953125,0
25165429.0,12032.0,1.0,0.1170043945,-0.389831543,0.2901000977,0.8661499023
25169397.0,3968.0,0.0,7.41015625,-8.61328125,1.078125,0
25172429.0,3032.0,1.0,0.1320800781,-0.3893432617,0.2830200195,0.8665161133
25175397.0,2968.0,0.0,7.47265625,-8.37109375,0.984375,0
25180429.0,5032.0,1.0,0.1478881836,-0.3890991211,0.2771606445,0.8659667969
25183397.0,2968.0,0.0,7.98828125,-7.53125,1.10546875,0
25190429.0,7032.0,1.0,0.1620483398,-0.3891601563,0.2728881836,0.8647460938
25193397.0,2968.0,0.0,8.29296875,-5.65234375,0.67578125,0
25200429.0,7032.0,1.0,0.1754760742,-0.3895874023,0.2692871094,0.8630981445
25203397.0,2968.0,0.0,7.9296875,-5.0859375,0.828125,0
25210429.0,7032.0,1.0,0.1880493164,-0.3905029297,0.2659912109,0.8610839844
25213397.0,2968.0,0.0,7.31640625,-5.09765625,0.65234375,0
25220429.0,7032.0,1.0,0.1997680664,-0.3918457031,0.2631835938,0.8586425781
25223397.0,2968.0,0.0,6.7109375,-5.296875,0.56640625,0
25230429.0,7032.0,1.0,0.2104492188,-0.3934326172,0.2615966797,0.8558349609
25233397.0,2968.0,0.0,5.21875,-5.078125,0.7265625,0
25245429.0,12032.0,1.0,0.2203369141,-0.3950805664,0.2613525391,0.8526611328
25249397.0,3968.0,0.0,4.078125,-3.8984375,0.25390625,0
25252429.0,3032.0,1.0,0.2298583984,-0.3969116211,0.2624511719,0.8489990234
25255397.0,2968.0,0.0,3.734375,-3.2734375,-0.51171875,0
25260429.0,5032.0,1.0,0.2392578125,-0.3989257813,0.2646484375,0.8447265625
25263397.0,2968.0,0.0,3.78125,-3.1953125,-0.46484375,0
25270429.0,7032.0,1.0,0.2473144531,-0.4009399414,0.2674560547,0.8405761719
25273397.0,2968.0,0.0,3.328125,-0.65234375,-2.25,0
25280429.0,7032.0,1.0,0.2551269531,-0.403503418,0.2703857422,0.8360595703
25283397.0,2968.0,0.0,3.57421875,-0.453125,-2.6328125,0
25290429.0,7032.0,1.0,0.2615966797,-0.4064331055,0.2729492188,0.8317871094
25294397.0,3968.0,0.0,3.8515625,-0.93359375,-3.01953125,0
25300429.0,6032.0,1.0,0.2672729492,-0.4096069336,0.2758789063,0.8274536133
25303397.0,2968.0,0.0,3.859375,-1.30859375,-3.5546875,0
25310429.0,7032.0,1.0,0.2724609375,-0.4131469727,0.2794189453,0.8227539063
25313397.0,2968.0,0.0,3.34765625,1.6640625,-5.63671875,0
25320429.0,7032.0,1.0,0.2763061523,-0.4169921875,0.2822875977,0.8186035156
25323397.0,2968.0,0.0,2.7890625,3.046875,-6.01171875,0
25330429.0,7032.0,1.0,0.2791137695,-0.4213867188,0.2840576172,0.8147583008
25333397.0,2968.0,0.0,1.421875,3.96484375,-6.26953125,0
25340429.0,7032.0,1.0,0.2809448242,-0.4260253906,0.2849731445,0.8114013672
25343397.0,2968.0,0.0,-0.2578125,3.97265625,-7.86328125,0
25350429.0,7032.0,1.0,0.282043457,-0.4307861328,0.2850341797,0.8084716797
25353397.0,2968.0,0.0,-3.6875,3.953125,-7.890625,0
25360429.0,7032.0,1.0,0.2825317383,-0.4356079102,0.284362793,0.8059692383
25363397.0,2968.0,0.0,-5.14453125,3.0859375,-6.7109375,0
25370429.0,7032.0,1.0,0.2824707031,-0.4405517578,0.283203125,0.8037109375
25373397.0,2968.0,0.0,-5.82421875,2.34375,-4.2265625,0
25382429.0,9032.0,1.0,0.282043457,-0.4453125,0.2818603516,0.8016967773
25385397.0,2968.0,0.0,-5.671875,1.86328125,-3.61328125,0
25393429.0,8032.0,1.0,0.2814331055,-0.4499511719,0.2810058594,0.799621582
25396397.0,2968.0,0.0,-4.375,-2.609375,1.4375,0
25400429.0,4032.0,1.0,0.2810668945,-0.4544067383,0.2814941406,0.7969970703
25403397.0,2968.0,0.0,-3.41015625,-4.1171875,1.83203125,0
25410429.0,7032.0,1.0,0.2808837891,-0.4585571289,0.2836303711,0.7940063477
25413397.0,2968.0,0.0,-2.48828125,-4.5625,2.27734375,0
25420429.0,7032.0,1.0,0.2807617188,-0.4624023438,0.2873535156,0.7904663086
25423397.0,2968.0,0.0,-0.6796875,-3.6953125,1.50390625,0
25430429.0,7032.0,1.0,0.2809448242,-0.4659423828,0.2928466797,0.7862548828
25433397.0,2968.0,0.0,-0.79296875,-2.35546875,0.51953125,0
25440429.0,7032.0,1.0,0.2813110352,-0.4689331055,0.2998657227,0.7816772461
25443397.0,2968.0,0.0,-0.48828125,-0.04296875,-1.875,0
25450429.0,7032.0,1.0,0.2816772461,-0.4717407227,0.3078613281,0.7767944336
25453397.0,2968.0,0.0,-0.75390625,2.14453125,-3.22265625,0
25460429.0,7032.0,1.0,0.2816162109,-0.4744262695,0.3154296875,0.7720947266
25463397.0,2968.0,0.0,-2.37109375,3.64453125,-4.99609375,0
25470429.0,7032.0,1.0,0.2809448242,-0.4776000977,0.3229980469,0.7672119141
25473397.0,2968.0,0.0,-2.21484375,3.421875,-5.3828125,0
25480429.0,7032.0,1.0,0.2796020508,-0.4811401367,0.3293457031,0.7628173828
25483397.0,2968.0,0.0,-2.26171875,3.4453125,-5.1953125,0
25490429.0,7032.0,1.0,0.2777709961,-0.4849243164,0.3344726563,0.7588500977
25493397.0,2968.0,0.0,-1.5703125,1.703125,-4.48828125,0
25500429.0,7032.0,1.0,0.2755737305,-0.4890136719,0.3392333984,0.7548828125
25503397.0,2968.0,0.0,-0.3984375,0.62890625,-3.99609375,0
25510429.0,7032.0,1.0,0.2734985352,-0.4929199219,0.3436889648,0.7510375977
25513397.0,2968.0,0.0,-0.91015625,0.58984375,-3.94140625,0
25520429.0,7032.0,1.0,0.2714233398,-0.4969482422,0.3483886719,0.7470092773
25523397.0,2968.0,0.0,-2.6796875,1.125,-4.55859375,0
25530429.0,7032.0,1.0,0.26953125,-0.5007324219,0.3530273438,0.742980957
25533397.0,2968.0,0.0,-4.609375,1.9765625,-5.6953125,0
25545429.0,12032.0,1.0,0.2678222656,-0.5042724609,0.3573608398,0.739074707
25549397.0,3968.0,0.0,-6.84765625,1.44140625,-5.59375,0
25552429.0,3032.0,1.0,0.2662963867,-0.5076904297,0.3616943359,0.7352294922
25555397.0,2968.0,0.0,-6.83203125,1.41796875,-5.4609375,0
25560429.0,5032.0,1.0,0.2648925781,-0.5111694336,0.366027832,0.7311401367
25563397.0,2968.0,0.0,-7.0,1.15625,-5.26171875,0
25570429.0,7032.0,1.0,0.2637939453,-0.5142822266,0.3701171875,0.7272949219
25573397.0,2968.0,0.0,-6.1796875,0.51953125,-4.67578125,0
25580429.0,7032.0,1.0,0.2630004883,-0.5172119141,0.374206543,0.7233886719
25583397.0,2968.0,0.0,-5.65625,0.7265625,-4.58203125,0
25590429.0,7032.0,1.0,0.262512207,-0.5200195313,0.3782958984,0.7194213867
25594397.0,3968.0,0.0,-5.296875,0.546875,-4.85546875,0
25600429.0,6032.0,1.0,0.2622070313,-0.5227050781,0.3821411133,0.7155151367
25603397.0,2968.0,0.0,-4.74609375,1.61328125,-5.08203125,0
25610429.0,7032.0,1.0,0.2617797852,-0.5255126953,0.385559082,0.7117919922
25613397.0,2968.0,0.0,-3.49609375,1.52734375,-4.7421875,0
25620429.0,7032.0,1.0,0.2612304688,-0.5284423828,0.3884277344,0.7082519531
25623397.0,2968.0,0.0,-3.6796875,3.12890625,-5.546875,0
25630429.0,7032.0,1.0,0.2606201172,-0.5311889648,0.3908081055,0.705078125
25633397.0,2968.0,0.0,-3.6328125,2.671875,-5.71875,0
25640429.0,7032.0,1.0,0.2600708008,-0.5338745117,0.3928833008,0.7021484375
25643397.0,2968.0,0.0,-2.73046875,2.33203125,-5.703125,0
25650429.0,7032.0,1.0,0.2595214844,-0.5362548828,0.3946533203,0.6995239258
25653397.0,2968.0,0.0,-2.33984375,1.3359375,-3.85546875,0
25660429.0,7032.0,1.0,0.2588500977,-0.5388793945,0.3965454102,0.6966552734
25663397.0,2968.0,0.0,-2.58984375,2.21875,-3.1171875,0
25670429.0,7032.0,1.0,0.2581176758,-0.5413208008,0.3983764648,0.6939697266
25673397.0,2968.0,0.0,-2.78125,1.91015625,-2.9921875,0
25680429.0,7032.0,1.0,0.2574462891,-0.5435791016,0.4003295898,0.6913452148
25683397.0,2968.0,0.0,-2.58203125,1.55859375,-2.79296875,0
25691429.0,8032.0,1.0,0.2567749023,-0.5456542969,0.4024658203,0.6887207031
25694397.0,2968.0,0.0,-1.87890625,1.484375,-1.59375,0
25700429.0,6032.0,1.0,0.2561035156,-0.5474243164,0.4046630859,0.6862792969
25703397.0,2968.0,0.0,-1.265625,0.36328125,-1.5859375,0
25710429.0,7032.0,1.0,0.2554321289,-0.5491333008,0.407043457,0.6837158203
25713397.0,2968.0,0.0,-0.796875,0.04296875,-1.8125,0
25720429.0,7032.0,1.0,0.2545776367,-0.5509033203,0.4095458984,0.6811523438
25723397.0,2968.0,0.0,-1.21875,0.640625,-1.26953125,0
25730429.0,7032.0,1.0,0.2534790039,-0.5526123047,0.4120483398,0.6787109375
25733397.0,2968.0,0.0,-1.3359375,0.38671875,-0.04296875,0
25745429.0,12032.0,1.0,0.2521972656,-0.5541992188,0.4146118164,0.6762695313
25749397.0,3968.0,0.0,-1.14453125,-0.92578125,-0.30078125,0
25752429.0,3032.0,1.0,0.2509765625,-0.5556030273,0.4176025391,0.6737060547
25755397.0,2968.0,0.0,-0.7578125,-0.91796875,-0.7890625,0
25760429.0,5032.0,1.0,0.2496337891,-0.5568847656,0.4212036133,0.6709594727
25763397.0,2968.0,0.0,-0.765625,-1.90625,-0.85546875,0
25770429.0,7032.0,1.0,0.2484130859,-0.5578613281,0.4250488281,0.6681518555
25773397.0,2968.0,0.0,-0.69921875,-1.9453125,-1.0,0
25780429.0,7032.0,1.0,0.2473144531,-0.5586547852,0.4291381836,0.665222168
25783397.0,2968.0,0.0,-0.20703125,-1.2421875,-1.3984375,0
25791429.0,8032.0,1.0,0.2462768555,-0.5593261719,0.4333496094,0.6622924805
25794397.0,2968.0,0.0,0.3984375,-0.55859375,-0.54296875,0
25800429.0,6032.0,1.0,0.2451782227,-0.5600585938,0.4376220703,0.6593017578
25803397.0,2968.0,0.0,0.265625,-1.6328125,1.16015625,0
25810429.0,7032.0,1.0,0.2440795898,-0.5609130859,0.4418945313,0.6561279297
25813397.0,2968.0,0.0,-0.203125,-0.859375,0.72265625,0
25820429.0,7032.0,1.0,0.2429199219,-0.5617675781,0.446105957,0.6529541016
25823397.0,2968.0,0.0,-0.6015625,-0.546875,-0.37890625,0
25831429.0,8032.0,1.0,0.2418212891,-0.5626831055,0.4498901367,0.6500244141
25834397.0,2968.0,0.0,-0.30078125,-0.84765625,-1.1953125,0
25840429.0,6032.0,1.0,0.2406005859,-0.5637207031,0.453125,0.647277832
25843397.0,2968.0,0.0,0.6796875,-0.02734375,-1.234375,0
25850429.0,7032.0,1.0,0.2391357422,-0.5651245117,0.4558105469,0.6447143555
25853397.0,2968.0,0.0,0.82421875,0.609375,-0.6875,0
25860429.0,7032.0,1.0,0.2373046875,-0.5668945313,0.4578857422,0.6423950195
25863397.0,2968.0,0.0,1.0859375,1.24609375,0.2734375,0
25871429.0,8032.0,1.0,0.2353515625,-0.5690917969,0.4593505859,0.6401367188
25874397.0,2968.0,0.0,1.57421875,1.61328125,1.3828125,0
25881429.0,7032.0,1.0,0.233215332,-0.5715942383,0.4605712891,0.6378173828
25884397.0,2968.0,0.0,2.171875,1.87109375,1.73828125,0
25890429.0,6032.0,1.0,0.231262207,-0.5739746094,0.4616088867,0.6356201172
25893397.0,2968.0,0.0,1.93359375,1.4140625,0.8046875,0
25900429.0,7032.0,1.0,0.2292480469,-0.5764770508,0.4625244141,0.6334228516
25903397.0,2968.0,0.0,1.46875,1.4140625,0.125,0
25911429.0,8032.0,1.0,0.2272338867,-0.5789794922,0.4631958008,0.6313476563
25914397.0,2968.0,0.0,1.27734375,1.59765625,-0.640625,0
25920429.0,6032.0,1.0,0.2250366211,-0.5816040039,0.463684082,0.6293334961
25923397.0,2968.0,0.0,0.15625,1.25,-0.921875,0
25930429.0,7032.0,1.0,0.22265625,-0.5842285156,0.464050293,0.6275024414
25933397.0,2968.0,0.0,0.37109375,1.09765625,0.03125,0
25941429.0,8032.0,1.0,0.2200317383,-0.5869750977,0.4642333984,0.6257324219
25944397.0,2968.0,0.0,0.5859375,1.703125,1.32421875,0
25950429.0,6032.0,1.0,0.2171020508,-0.5897827148,0.4644165039,0.6240234375
25953397.0,2968.0,0.0,0.30078125,-0.3359375,1.85546875,0
25960429.0,7032.0,1.0,0.2141113281,-0.5924072266,0.4645996094,0.6223754883
25963397.0,2968.0,0.0,-0.43359375,-0.65625,1.7265625,0
25970429.0,7032.0,1.0,0.2109375,-0.5950927734,0.4650268555,0.6206054688
25973397.0,2968.0,0.0,-0.87109375,-1.78515625,1.765625,0
25981429.0,8032.0,1.0,0.207824707,-0.5974731445,0.466003418,0.6185913086
25984397.0,2968.0,0.0,-1.73828125,-2.06640625,1.26171875,0
25990429.0,6032.0,1.0,0.2049560547,-0.5996704102,0.4673461914,0.616394043
25993397.0,2968.0,0.0,-1.75390625,-0.7890625,2.03125,0
26000429.0,7032.0,1.0,0.2019042969,-0.6017456055,0.4689331055,0.6141967773
26003397.0,2968.0,0.0,-1.046875,-1.203125,2.22265625,0
26010429.0,7032.0,1.0,0.1986694336,-0.6037597656,0.470703125,0.6119384766
26013397.0,2968.0,0.0,-0.7265625,-1.04296875,2.23046875,0
26020429.0,7032.0,1.0,0.1953735352,-0.6057128906,0.4727172852,0.6094970703
26023397.0,2968.0,0.0,-0.4609375,-0.95703125,2.46484375,0
26030429.0,7032.0,1.0,0.1920166016,-0.6074829102,0.4747314453,0.6071777344
26033397.0,2968.0,0.0,0.62890625,-1.13671875,2.38671875,0
26040429.0,7032.0,1.0,0.1882324219,-0.6094970703,0.4769897461,0.6046142578
26043397.0,2968.0,0.0,0.6640625,-1.87109375,2.20703125,0
26050429.0,7032.0,1.0,0.1845703125,-0.611328125,0.4791870117,0.6021728516
26054397.0,3968.0,0.0,0.328125,-2.67578125,1.71875,0
26061429.0,7032.0,1.0,0.1809692383,-0.6131591797,0.4815063477,0.5995483398
26064397.0,2968.0,0.0,-0.515625,-2.5625,1.3046875,0
26071429.0,7032.0,1.0,0.1774902344,-0.6150512695,0.4837646484,0.596862793
26074397.0,2968.0,0.0,-0.59375,-2.05859375,0.6640625,0
26080429.0,6032.0,1.0,0.1741943359,-0.6168823242,0.4857788086,0.5942382813
26083397.0,2968.0,0.0,0.140625,-2.28125,1.203125,0
26090429.0,7032.0,1.0,0.1708984375,-0.6189575195,0.4876708984,0.5914916992
26094397.0,3968.0,0.0,0.68359375,-1.73046875,1.6328125,0
26101429.0,7032.0,1.0,0.1675415039,-0.6211547852,0.489440918,0.5886230469
26104397.0,2968.0,0.0,0.5703125,-1.1015625,1.7578125,0
26110429.0,6032.0,1.0,0.1641845703,-0.6235351563,0.491027832,0.5858154297
26113397.0,2968.0,0.0,1.2265625,-1.203125,1.375,0
26120429.0,7032.0,1.0,0.1608276367,-0.6259765625,0.4923706055,0.5830078125
26123397.0,2968.0,0.0,0.8359375,-0.99609375,1.26953125,0
26131429.0,8032.0,1.0,0.1575317383,-0.6284179688,0.4934692383,0.5802612305
26134397.0,2968.0,0.0,0.3046875,-0.015625,0.65625,0
26141429.0,7032.0,1.0,0.154296875,-0.6310424805,0.4942626953,0.5776367188
26144397.0,2968.0,0.0,-1.36328125,1.42578125,-0.7578125,0
26150429.0,6032.0,1.0,0.1510009766,-0.6337890625,0.4946899414,0.5751953125
26153397.0,2968.0,0.0,-1.01171875,1.9453125,-0.98828125,0
26163429.0,10032.0,1.0,0.147644043,-0.6365356445,0.4944458008,0.5731811523
26166397.0,2968.0,0.0,-0.8125,2.78125,0.0703125,0
26171429.0,5032.0,1.0,0.143737793,-0.6397705078,0.4935302734,0.5714111328
26174397.0,2968.0,0.0,-0.65234375,3.109375,1.12109375,0
26181429.0,7032.0,1.0,0.1391601563,-0.6433105469,0.4918212891,0.5700073242
26184397.0,2968.0,0.0,-0.6015625,3.8984375,0.94921875,0
26191429.0,7032.0,1.0,0.1343383789,-0.6467895508,0.4897460938,0.5690307617
26194397.0,2968.0,0.0,-0.69921875,4.18359375,0.8046875,0
26200429.0,6032.0,1.0,0.1292724609,-0.6503295898,0.4873657227,0.5682373047
26203397.0,2968.0,0.0,-0.68359375,3.8125,0.421875,0
26211429.0,8032.0,1.0,0.1239624023,-0.6537475586,0.4848632813,0.567565918
26214397.0,2968.0,0.0,-1.0234375,4.09765625,-0.15234375,0
26220429.0,6032.0,1.0,0.1186523438,-0.6567993164,0.4826660156,0.5670776367
26223397.0,2968.0,0.0,-2.578125,2.41796875,-0.66015625,0
26230429.0,7032.0,1.0,0.1129150391,-0.6596679688,0.4806518555,0.5665893555
26233397.0,2968.0,0.0,-2.87890625,2.41015625,-0.3515625,0
26241429.0,8032.0,1.0,0.1072387695,-0.662109375,0.4793701172,0.5659790039
26244397.0,2968.0,0.0,-3.33984375,2.70703125,1.52734375,0
26251429.0,7032.0,1.0,0.1014404297,-0.6641235352,0.4786987305,0.5651855469
26254397.0,2968.0,0.0,-3.5703125,2.15625,2.75390625,0
26260429.0,6032.0,1.0,0.0961914063,-0.6656494141,0.4790649414,0.5640869141
26263397.0,2968.0,0.0,-3.234375,1.48046875,3.2890625,0
26270429.0,7032.0,1.0,0.0908203125,-0.666809082,0.4805908203,0.5622558594
26273397.0,2968.0,0.0,-3.6796875,0.7578125,3.30859375,0
26280429.0,7032.0,1.0,0.0859375,-0.6674194336,0.4834594727,0.5598144531
26283397.0,2968.0,0.0,-4.19140625,0.02734375,2.91015625,0
26291429.0,8032.0,1.0,0.0817260742,-0.6674194336,0.4878540039,0.5567016602
26294397.0,2968.0,0.0,-4.42578125,-0.84765625,2.71875,0
26300429.0,6032.0,1.0,0.0783081055,-0.6666870117,0.4938354492,0.5527954102
26303397.0,2968.0,0.0,-5.0703125,-0.5703125,2.1171875,0
26311429.0,8032.0,1.0,0.0755615234,-0.6651611328,0.5014648438,0.5480957031
26315397.0,3968.0,0.0,-5.890625,-0.06640625,2.03515625,0
26324429.0,9032.0,1.0,0.0736083984,-0.6629638672,0.5102539063,0.5428466797
26327397.0,2968.0,0.0,-6.859375,0.28515625,2.296875,0
26332429.0,5032.0,1.0,0.0722045898,-0.6596679688,0.521484375,0.5363769531
26335397.0,2968.0,0.0,-10.30859375,1.24609375,3.35546875,0
26341429.0,6032.0,1.0,0.071472168,-0.6558837891,0.5324707031,0.5302124023
26344397.0,2968.0,0.0,-12.01953125,2.5546875,2.6015625,0
26351429.0,7032.0,1.0,0.0709228516,-0.6511230469,0.5447387695,0.5236816406
26354397.0,2968.0,0.0,-13.4296875,4.2109375,1.30859375,0
26361429.0,7032.0,1.0,0.0699462891,-0.6455688477,0.5571899414,0.517578125
26364397.0,2968.0,0.0,-14.58203125,6.96484375,-0.0625,0
26371429.0,7032.0,1.0,0.0679931641,-0.6391601563,0.5692749023,0.5125732422
26374397.0,2968.0,0.0,-15.12109375,13.76171875,-2.91796875,0
26381429.0,7032.0,1.0,0.064453125,-0.6318359375,0.5806884766,0.5093383789
26384397.0,2968.0,0.0,-15.4375,15.08203125,-4.76171875,0
26391429.0,7032.0,1.0,0.0586547852,-0.6235961914,0.5908813477,0.5084838867
26394397.0,2968.0,0.0,-14.91796875,16.12890625,-5.83203125,0
26403429.0,9032.0,1.0,0.0501708984,-0.6151123047,0.5983886719,0.510925293
26406397.0,2968.0,0.0,-13.39453125,19.6640625,-7.0234375,0
26411429.0,5032.0,1.0,0.037109375,-0.6055297852,0.6030883789,0.5178833008
26414397.0,2968.0,0.0,-8.3046875,17.4765625,-5.33203125,0
26421429.0,7032.0,1.0,0.0197143555,-0.5952148438,0.6044311523,0.5291748047
26424397.0,2968.0,0.0,-6.27734375,10.2109375,-0.24609375,0
26431429.0,7032.0,1.0,0.0037841797,-0.5843505859,0.6061401367,0.5396118164
26434397.0,2968.0,0.0,-4.5625,-9.58203125,4.4765625,0
26441429.0,7032.0,1.0,0.0076293945,0.5721435547,-0.6111450195,-0.546875
26444397.0,2968.0,0.0,-3.2734375,-7.94140625,2.7578125,0
26450429.0,6032.0,1.0,0.020690918,0.5587158203,-0.6108398438,-0.560546875
26453397.0,2968.0,0.0,2.21875,42.37890625,-13.37890625,0
26461429.0,8032.0,1.0,0.0419311523,0.541809082,-0.5971679688,-0.5900268555
26464397.0,2968.0,0.0,5.02734375,19.00390625,-17.07421875,0
26471429.0,7032.0,1.0,0.0618286133,0.524230957,-0.5763549805,-0.623840332
26474397.0,2968.0,0.0,8.6875,-0.73046875,-20.4921875,0
26480429.0,6032.0,1.0,0.0748291016,0.5075073242,-0.5557861328,-0.6541748047
26483397.0,2968.0,0.0,6.99609375,-8.52734375,-16.265625,0
26491429.0,8032.0,1.0,0.0813598633,0.4908447266,-0.5353393555,-0.6825561523
26494397.0,2968.0,0.0,0.8984375,-12.59765625,-8.328125,0
26501429.0,7032.0,1.0,0.082824707,0.4748535156,-0.5138549805,-0.7096557617
26504397.0,2968.0,0.0,2.33984375,-13.59375,-3.0546875,0
26511429.0,7032.0,1.0,0.0806884766,0.4609985352,-0.4918823242,-0.7341918945
26514397.0,2968.0,0.0,5.375,-15.40625,-3.2890625,0
26521429.0,7032.0,1.0,0.0750732422,0.4482421875,-0.4684448242,-0.7576293945
26524397.0,2968.0,0.0,7.22265625,-17.9375,-1.65625,0
26531429.0,7032.0,1.0,0.0658569336,0.4370727539,-0.4456787109,-0.7784423828
26534397.0,2968.0,0.0,10.078125,-21.82421875,0.0625,0
26544429.0,10032.0,1.0,0.0535888672,0.4278564453,-0.4262084961,-0.7952270508
26547397.0,2968.0,0.0,11.12890625,-20.9921875,0.8359375,0
26551429.0,4032.0,1.0,0.0364379883,0.4189453125,-0.4071655273,-0.8107910156
26554397.0,2968.0,0.0,11.73828125,-18.05859375,1.02734375,0
26561429.0,7032.0,1.0,0.0192260742,0.4121704102,-0.3919677734,-0.822265625
26564397.0,2968.0,0.0,10.30078125,-12.66796875,0.7421875,0
26571429.0,7032.0,1.0,0.0007324219,0.4063110352,-0.3775024414,-0.8320922852
26574397.0,2968.0,0.0,9.4296875,-10.86328125,0.57421875,0
26584429.0,10032.0,1.0,0.0170898438,-0.4018554688,0.3643798828,0.8399047852
26587397.0,2968.0,0.0,8.43359375,-9.71484375,0.39453125,0
26592429.0,5032.0,1.0,0.0367431641,-0.3978271484,0.3506469727,0.8469848633
26595397.0,2968.0,0.0,8.0625,-9.578125,-0.1015625,0
26600429.0,5032.0,1.0,0.0537719727,-0.3949584961,0.3397216797,0.8518676758
26603397.0,2968.0,0.0,7.92578125,-8.75390625,0.125,0
26611429.0,8032.0,1.0,0.0722045898,-0.3924560547,0.3287963867,0.8559570313
26614397.0,2968.0,0.0,7.7890625,-7.98828125,0.55078125,0
26621429.0,7032.0,1.0,0.0894775391,-0.3905029297,0.319152832,0.8588867188
26624397.0,2968.0,0.0,8.09765625,-7.25390625,0.9296875,0
26631429.0,7032.0,1.0,0.1058959961,-0.3890991211,0.3103027344,0.8608398438
26634397.0,2968.0,0.0,8.7421875,-6.98828125,0.4921875,0
26646429.0,12032.0,1.0,0.1207275391,-0.3882446289,0.3029174805,0.8619384766
26650397.0,3968.0,0.0,8.95703125,-7.48046875,0.95703125,0
26653429.0,3032.0,1.0,0.1358032227,-0.3877563477,0.2963256836,0.8621826172
26656397.0,2968.0,0.0,9.01171875,-7.24609375,0.87109375,0
26660429.0,4032.0,1.0,0.1500244141,-0.3876342773,0.2911376953,0.8616333008
26663397.0,2968.0,0.0,8.73046875,-6.69921875,0.76953125,0
26671429.0,8032.0,1.0,0.1641235352,-0.3880615234,0.2867431641,0.8604125977
26674397.0,2968.0,0.0,8.39453125,-5.81640625,0.67578125,0
26681429.0,7032.0,1.0,0.1772460938,-0.3889160156,0.2828979492,0.8586425781
26684397.0,2968.0,0.0,7.875,-5.48046875,0.27734375,0
26691429.0,7032.0,1.0,0.1891479492,-0.3902587891,0.2800292969,0.8564453125
26694397.0,2968.0,0.0,7.26953125,-5.28125,0.25390625,0
26701429.0,7032.0,1.0,0.200378418,-0.3919677734,0.2781982422,0.8536987305
26704397.0,2968.0,0.0,6.4140625,-4.328125,0.30078125,0
26711429.0,7032.0,1.0,0.2109375,-0.3939208984,0.27734375,0.8505249023
26714397.0,2968.0,0.0,5.6875,-3.59765625,0.39453125,0
26726429.0,12032.0,1.0,0.2202758789,-0.3963012695,0.2770996094,0.8471679688
26730397.0,3968.0,0.0,4.4375,-2.9453125,0.04296875,0
26733429.0,3032.0,1.0,0.2290649414,-0.3990478516,0.2775878906,0.8433837891
26736397.0,2968.0,0.0,4.484375,-2.8515625,0.09765625,0
26740429.0,4032.0,1.0,0.2373046875,-0.4020996094,0.2789306641,0.8391723633
26743397.0,2968.0,0.0,4.4765625,-3.03125,-0.34765625,0
26751429.0,8032.0,1.0,0.2451782227,-0.4053955078,0.2813720703,0.8344726563
26754397.0,2968.0,0.0,4.11328125,-2.28125,-1.1875,0
26761429.0,7032.0,1.0,0.2525024414,-0.4088134766,0.2847900391,0.8294677734
26764397.0,2968.0,0.0,4.12890625,-1.15234375,-2.28125,0
26771429.0,7032.0,1.0,0.2587280273,-0.4125366211,0.2881469727,0.8245239258
26775397.0,3968.0,0.0,4.0390625,1.4609375,-3.52734375,0
26781429.0,6032.0,1.0,0.263671875,-0.4170532227,0.2904663086,0.8198242188
26784397.0,2968.0,0.0,3.79296875,3.0078125,-4.8125,0
26791429.0,7032.0,1.0,0.2671508789,-0.4219970703,0.2915039063,0.8158569336
26794397.0,2968.0,0.0,1.328125,2.71875,-6.22265625,0
26801429.0,7032.0,1.0,0.2699584961,-0.4273681641,0.2918701172,0.8120117188
26804397.0,2968.0,0.0,-0.33984375,3.37109375,-6.96484375,0
26811429.0,7032.0,1.0,0.2719116211,-0.4324951172,0.2916870117,0.8086547852
26814397.0,2968.0,0.0,-2.234375,4.28515625,-7.65234375,0
26821429.0,7032.0,1.0,0.2731933594,-0.4376831055,0.2908935547,0.8057250977
26824397.0,2968.0,0.0,-4.18359375,4.5,-7.3046875,0
26830429.0,6032.0,1.0,0.2737426758,-0.4428100586,0.2893066406,0.8032836914
26833397.0,2968.0,0.0,-6.28515625,2.80859375,-5.3125,0
26841429.0,8032.0,1.0,0.2738037109,-0.4483032227,0.2872924805,0.8009643555
26844397.0,2968.0,0.0,-6.4296875,0.98046875,-3.1328125,0
26851429.0,7032.0,1.0,0.2736816406,-0.4533691406,0.2856445313,0.7987060547
26854397.0,2968.0,0.0,-6.421875,-1.79296875,-0.375,0
26863429.0,9032.0,1.0,0.2734375,-0.4581298828,0.2849121094,0.7963256836
26866397.0,2968.0,0.0,-5.5,-3.1953125,1.1953125,0
26873429.0,7032.0,1.0,0.2732543945,-0.4627685547,0.2855834961,0.7934570313
26876397.0,2968.0,0.0,-2.203125,-4.96875,2.1640625,0
26881429.0,5032.0,1.0,0.2734375,-0.4674682617,0.2883300781,0.7896728516
26884397.0,2968.0,0.0,-1.890625,-5.26953125,0.90234375,0
26891429.0,7032.0,1.0,0.2741699219,-0.4711303711,0.2929077148,0.7855224609
26894397.0,2968.0,0.0,-1.84375,-3.26171875,-0.8203125,0
26901429.0,7032.0,1.0,0.2753295898,-0.4743041992,0.2991943359,0.7808227539
26904397.0,2968.0,0.0,-1.53515625,-1.30078125,-1.7578125,0
26911429.0,7032.0,1.0,0.276550293,-0.4772949219,0.3064575195,0.7757568359
26914397.0,2968.0,0.0,-0.15625,1.70703125,-4.0,0
26921429.0,7032.0,1.0,0.2774047852,-0.4802246094,0.313659668,0.7707519531
26924397.0,2968.0,0.0,0.19140625,2.07421875,-4.50390625,0
26931429.0,7032.0,1.0,0.2778320313,-0.4834594727,0.3207397461,0.765625
26934397.0,2968.0,0.0,0.34375,2.52734375,-4.85546875,0
26941429.0,7032.0,1.0,0.2776489258,-0.4870605469,0.3270874023,0.7607421875
26944397.0,2968.0,0.0,-0.19921875,3.12890625,-4.09375,0
26951429.0,7032.0,1.0,0.2766723633,-0.4910888672,0.3322753906,0.7562255859
26954397.0,2968.0,0.0,-1.39453125,2.484375,-4.71875,0
26961429.0,7032.0,1.0,0.2752075195,-0.4954223633,0.3363647461,0.7521362305
26964397.0,2968.0,0.0,-2.42578125,2.4609375,-6.1953125,0
26971429.0,7032.0,1.0,0.2732543945,-0.4998168945,0.3395996094,0.7484130859
26974397.0,2968.0,0.0,-3.390625,2.5625,-7.515625,0
26981429.0,7032.0,1.0,0.2711791992,-0.5041503906,0.3423461914,0.7450561523
26984397.0,2968.0,0.0,-4.5625,2.203125,-5.8984375,0
26991429.0,7032.0,1.0,0.2689208984,-0.5084838867,0.3449707031,0.7416992188
26994397.0,2968.0,0.0,-4.3046875,1.265625,-3.7890625,0
27004429.0,10032.0,1.0,0.2666015625,-0.512512207,0.3474121094,0.7385864258
27007397.0,2968.0,0.0,-4.69921875,0.67578125,-2.828125,0
27014429.0,7032.0,1.0,0.2640991211,-0.516784668,0.3505859375,0.7350463867
27017397.0,2968.0,0.0,-5.4453125,0.4609375,-2.88671875,0
27021429.0,4032.0,1.0,0.2619628906,-0.5204467773,0.3541870117,0.7315063477
27024397.0,2968.0,0.0,-7.375,0.35546875,-3.10546875,0
27031429.0,7032.0,1.0,0.2602539063,-0.5234985352,0.3585205078,0.7277832031
27034397.0,2968.0,0.0,-7.671875,-0.25390625,-3.94140625,0
27041429.0,7032.0,1.0,0.2590942383,-0.5259399414,0.3636474609,0.7238769531
27044397.0,2968.0,0.0,-7.55078125,0.46875,-4.96484375,0
27051429.0,7032.0,1.0,0.2584228516,-0.5278930664,0.3693237305,0.7197875977
27054397.0,2968.0,0.0,-6.921875,-0.30859375,-5.53515625,0
27061429.0,7032.0,1.0,0.2580566406,-0.5295410156,0.3753051758,0.715637207
27064397.0,2968.0,0.0,-5.0,0.3359375,-6.015625,0
27071429.0,7032.0,1.0,0.2576904297,-0.5311279297,0.3810424805,0.7115478516
27074397.0,2968.0,0.0,-4.1875,0.171875,-5.82421875,0
27081429.0,7032.0,1.0,0.2573852539,-0.5327148438,0.3865356445,0.7075195313
27084397.0,2968.0,0.0,-3.6796875,0.82421875,-4.6640625,0
27091429.0,7032.0,1.0,0.2569580078,-0.5344238281,0.3914794922,0.7036132813
27094397.0,2968.0,0.0,-3.3671875,0.8671875,-3.3671875,0
27101429.0,7032.0,1.0,0.2564697266,-0.5361938477,0.3960571289,0.6998901367
27104397.0,2968.0,0.0,-3.328125,1.48828125,-2.94140625,0
27111429.0,7032.0,1.0,0.2559814453,-0.5379638672,0.4002685547,0.6963500977
27114397.0,2968.0,0.0,-3.625,1.0078125,-4.14453125,0
27121429.0,7032.0,1.0,0.2556762695,-0.5394287109,0.404296875,0.6929321289
27124397.0,2968.0,0.0,-3.08203125,1.05859375,-4.921875,0
27131429.0,7032.0,1.0,0.2555541992,-0.5407104492,0.4084472656,0.6895751953
27134397.0,2968.0,0.0,-1.6640625,1.37890625,-4.63671875,0
27141429.0,7032.0,1.0,0.2554931641,-0.5418701172,0.4125366211,0.6862182617
27144397.0,2968.0,0.0,-1.08203125,1.39453125,-3.6171875,0
27151429.0,7032.0,1.0,0.2553710938,-0.5432128906,0.4163818359,0.6829223633
27155397.0,3968.0,0.0,-1.19140625,1.5703125,-2.375,0
27161429.0,6032.0,1.0,0.2551879883,-0.5445556641,0.4200439453,0.6796264648
27164397.0,2968.0,0.0,-0.9296875,0.7109375,-1.7421875,0
27171429.0,7032.0,1.0,0.2551879883,-0.5458374023,0.4235229492,0.6764526367
27174397.0,2968.0,0.0,-0.5078125,1.46484375,-2.00390625,0
27186429.0,12032.0,1.0,0.2551269531,-0.5471191406,0.4268798828,0.6733398438
27190397.0,3968.0,0.0,-0.9296875,1.140625,-2.7890625,0
27193429.0,3032.0,1.0,0.2548828125,-0.5484619141,0.4298706055,0.6704101563
27196397.0,2968.0,0.0,-0.8828125,1.28515625,-2.89453125,0
27201429.0,5032.0,1.0,0.2545776367,-0.5499267578,0.4327392578,0.6674804688
27204397.0,2968.0,0.0,-0.8828125,1.27734375,-2.80859375,0
27211429.0,7032.0,1.0,0.2542114258,-0.5512695313,0.4353637695,0.6647949219
27214397.0,2968.0,0.0,-1.11328125,0.421875,-1.69921875,0
27221429.0,7032.0,1.0,0.2536621094,-0.552734375,0.4381103516,0.6619873047
27224397.0,2968.0,0.0,-0.99609375,0.2578125,-1.06640625,0
27231429.0,7032.0,1.0,0.2529907227,-0.5541992188,0.4407348633,0.6592407227
27234397.0,2968.0,0.0,-0.578125,0.0234375,-0.109375,0
27241429.0,7032.0,1.0,0.2522583008,-0.5555419922,0.4432373047,0.6566772461
27244397.0,2968.0,0.0,0.14453125,0.16796875,-0.296875,0
27251429.0,7032.0,1.0,0.2514038086,-0.5569458008,0.4458007813,0.6541137695
27254397.0,2968.0,0.0,0.52734375,0.6484375,-0.06640625,0
27261429.0,7032.0,1.0,0.2504882813,-0.5582885742,0.4483032227,0.6516113281
27264397.0,2968.0,0.0,0.3671875,0.01953125,-0.296875,0
27271429.0,7032.0,1.0,0.2493896484,-0.559753418,0.4508666992,0.6489868164
27274397.0,2968.0,0.0,0.3671875,0.01171875,-0.2109375,0
27281429.0,7032.0,1.0,0.2482910156,-0.5611572266,0.4534912109,0.6463623047
27284397.0,2968.0,0.0,0.203125,-0.15625,1.515625,0
27291429.0,7032.0,1.0,0.2471923828,-0.5625610352,0.4562988281,0.6435546875
27294397.0,2968.0,0.0,0.16015625,0.35546875,0.8046875,0
27301429.0,7032.0,1.0,0.2459716797,-0.5640258789,0.4590454102,0.6408691406
27304397.0,2968.0,0.0,0.52734375,0.6171875,0.1171875,0
27312429.0,8032.0,1.0,0.2446899414,-0.5654907227,0.4615478516,0.6381835938
27315397.0,2968.0,0.0,0.671875,0.296875,-0.21875,0
27321429.0,6032.0,1.0,0.243347168,-0.5671386719,0.4638671875,0.6356201172
27324397.0,2968.0,0.0,0.08984375,1.3125,0.08984375,0
27331429.0,7032.0,1.0,0.2417602539,-0.5690307617,0.4658203125,0.6330566406
27334397.0,2968.0,0.0,-0.41796875,0.76953125,0.55859375,0
27341429.0,7032.0,1.0,0.2399291992,-0.5712280273,0.4674072266,0.6306152344
27344397.0,2968.0,0.0,-0.39453125,0.72265625,0.8671875,0
27352429.0,8032.0,1.0,0.2378540039,-0.5736083984,0.4685668945,0.6283569336
27355397.0,2968.0,0.0,-0.2109375,1.17578125,0.67578125,0
27361429.0,6032.0,1.0,0.2357788086,-0.5760498047,0.4694213867,0.6262817383
27364397.0,2968.0,0.0,1.359375,0.78515625,-0.01171875,0
27371429.0,7032.0,1.0,0.2337036133,-0.5784912109,0.4701538086,0.624206543
27374397.0,2968.0,0.0,1.65234375,1.3203125,-0.28515625,0
27381429.0,7032.0,1.0,0.231628418,-0.5809936523,0.4707641602,0.622253418
27384397.0,2968.0,0.0,2.140625,1.78125,0.0546875,0
27391429.0,7032.0,1.0,0.2294311523,-0.5836791992,0.4711303711,0.6202392578
27394397.0,2968.0,0.0,2.0546875,1.3984375,1.07421875,0
27401429.0,7032.0,1.0,0.2271728516,-0.5864868164,0.4713745117,0.6182250977
27404397.0,2968.0,0.0,-0.37109375,1.3984375,1.41796875,0
27411429.0,7032.0,1.0,0.2245483398,-0.5895996094,0.471496582,0.6161499023
27414397.0,2968.0,0.0,-1.14453125,1.08984375,0.578125,0
27423429.0,9032.0,1.0,0.2219238281,-0.5925292969,0.4714355469,0.6143188477
27426397.0,2968.0,0.0,-1.1171875,0.44140625,0.6015625,0
27433429.0,7032.0,1.0,0.2189941406,-0.5955200195,0.4712524414,0.6126098633
27436397.0,2968.0,0.0,-0.671875,-0.06640625,0.55859375,0
27441429.0,5032.0,1.0,0.2158203125,-0.5986328125,0.4710083008,0.6109008789
27444397.0,2968.0,0.0,0.4609375,-0.37890625,0.12890625,0
27451429.0,7032.0,1.0,0.212890625,-0.6014404297,0.4709472656,0.6092529297
27454397.0,2968.0,0.0,1.18359375,-0.00390625,0.8828125,0
27461429.0,7032.0,1.0,0.2098999023,-0.6042480469,0.4710083008,0.607421875
27464397.0,2968.0,0.0,1.3515625,0.25390625,2.0234375,0
27472429.0,8032.0,1.0,0.2069091797,-0.6071166992,0.4713134766,0.6053466797
27475397.0,2968.0,0.0,1.02734375,0.0546875,2.484375,0
27481429.0,6032.0,1.0,0.2038574219,-0.6099853516,0.4716796875,0.6032104492
27484397.0,2968.0,0.0,-0.3671875,0.01171875,1.75390625,0
27491429.0,7032.0,1.0,0.2008056641,-0.6127319336,0.4721069336,0.6011352539
27494397.0,2968.0,0.0,-0.57421875,-0.54296875,1.02734375,0
27501429.0,7032.0,1.0,0.1976928711,-0.6154174805,0.4727172852,0.5989379883
27504397.0,2968.0,0.0,-0.375,-1.32421875,0.26171875,0
27511429.0,7032.0,1.0,0.1946411133,-0.6179199219,0.4735107422,0.5968017578
27514397.0,2968.0,0.0,-0.4375,-0.6484375,-0.3203125,0
27521429.0,7032.0,1.0,0.1915893555,-0.620300293,0.4743652344,0.5946044922
27524397.0,2968.0,0.0,-0.23046875,-0.62890625,-0.203125,0
27531429.0,7032.0,1.0,0.1884155273,-0.6226806641,0.4752197266,0.5924072266
27534397.0,2968.0,0.0,-0.1015625,-0.421875,1.09375,0
27541429.0,7032.0,1.0,0.1851806641,-0.6250610352,0.4759521484,0.5903320313
27544397.0,2968.0,0.0,-0.125,-0.47265625,2.3125,0
27551429.0,7032.0,1.0,0.181640625,-0.6276245117,0.4765625,0.5881958008
27554397.0,2968.0,0.0,-0.30859375,-2.4140625,2.62109375,0
27561429.0,7032.0,1.0,0.1779174805,-0.6302490234,0.4771728516,0.5860595703
27564397.0,2968.0,0.0,-1.03125,-2.28515625,2.15234375,0
27571429.0,7032.0,1.0,0.1742553711,-0.6327514648,0.4778442383,0.5838623047
27574397.0,2968.0,0.0,-1.13671875,-2.0,1.34375,0
27581429.0,7032.0,1.0,0.1706542969,-0.6350708008,0.4787597656,0.5816650391
27584397.0,2968.0,0.0,-1.015625,-2.453125,0.953125,0
27591429.0,7032.0,1.0,0.1672973633,-0.6372070313,0.4798583984,0.5793457031
27594397.0,2968.0,0.0,-0.12890625,-1.01953125,0.34375,0
27601429.0,7032.0,1.0,0.1637573242,-0.6394042969,0.4812011719,0.5768432617
27604397.0,2968.0,0.0,0.1796875,0.14453125,0.91015625,0
27611429.0,7032.0,1.0,0.1604003906,-0.6415405273,0.4824829102,0.5744018555
27615397.0,3968.0,0.0,0.4140625,0.5703125,1.6015625,0
27621429.0,6032.0,1.0,0.1571044922,-0.6436157227,0.4836425781,0.5720214844
27624397.0,2968.0,0.0,0.4140625,0.51953125,1.87109375,0
27634429.0,10032.0,1.0,0.1534423828,-0.6459350586,0.4845581055,0.5695800781
27637397.0,2968.0,0.0,-0.4609375,1.13671875,1.828125,0
27641429.0,4032.0,1.0,0.1494140625,-0.6483764648,0.4852294922,0.5673217773
27644397.0,2968.0,0.0,-0.99609375,0.46484375,1.32421875,0
27651429.0,7032.0,1.0,0.1449584961,-0.6508178711,0.4857788086,0.5651855469
27654397.0,2968.0,0.0,-0.890625,-0.1875,0.6640625,0
27661429.0,7032.0,1.0,0.1404418945,-0.653137207,0.4862060547,0.5633544922
27664397.0,2968.0,0.0,-1.2734375,0.1171875,0.84375,0
27671429.0,7032.0,1.0,0.1358032227,-0.6552124023,0.4867553711,0.5615234375
27674397.0,2968.0,0.0,-1.3515625,0.69140625,-0.89453125,0
27681429.0,7032.0,1.0,0.1312866211,-0.657043457,0.4876708984,0.5596923828
27684397.0,2968.0,0.0,-1.24609375,0.18359375,-0.7578125,0
27692429.0,8032.0,1.0,0.1270141602,-0.6586914063,0.4888916016,0.5576782227
27695397.0,2968.0,0.0,-1.55859375,1.484375,0.41796875,0
27701429.0,6032.0,1.0,0.1226806641,-0.66015625,0.4902954102,0.5556640625
27704397.0,2968.0,0.0,-1.72265625,1.9375,1.78125,0
27711429.0,7032.0,1.0,0.1182250977,-0.6616210938,0.4916381836,0.5537109375
27714397.0,2968.0,0.0,-1.84375,1.8046875,2.54296875,0
27721429.0,7032.0,1.0,0.1132202148,-0.6630249023,0.4929199219,0.551940918
27724397.0,2968.0,0.0,-2.359375,1.66796875,2.40625,0
27732429.0,8032.0,1.0,0.1076049805,-0.6643066406,0.4940795898,0.5504760742
27735397.0,2968.0,0.0,-3.1328125,2.2109375,1.9140625,0
27741429.0,6032.0,1.0,0.1015014648,-0.6653442383,0.4952392578,0.5493164063
27744397.0,2968.0,0.0,-4.19140625,1.41015625,1.2734375,0
27751429.0,7032.0,1.0,0.0946655273,-0.666015625,0.4968261719,0.5482177734
27754397.0,2968.0,0.0,-4.8671875,1.01171875,1.2890625,0
27761429.0,7032.0,1.0,0.0877685547,-0.6661376953,0.4992675781,0.5470581055
27764397.0,2968.0,0.0,-5.40625,0.52734375,1.328125,0
27772429.0,8032.0,1.0,0.0811767578,-0.6655883789,0.5029907227,0.5453491211
27775397.0,2968.0,0.0,-6.2109375,-0.2734375,2.45703125,0
27781429.0,6032.0,1.0,0.0757446289,-0.6641845703,0.5083007813,0.5429077148
27784397.0,2968.0,0.0,-8.86328125,-1.5234375,4.5546875,0
27791429.0,7032.0,1.0,0.0709838867,-0.6616821289,0.516418457,0.5389404297
27794397.0,2968.0,0.0,-9.81640625,-1.3359375,4.2578125,0
27803429.0,9032.0,1.0,0.0678100586,-0.6583251953,0.5260620117,0.5341186523
27806397.0,2968.0,0.0,-10.921875,-0.0859375,3.75390625,0
27813429.0,7032.0,1.0,0.0654907227,-0.6538085938,0.5377807617,0.5282592773
27816397.0,2968.0,0.0,-12.3046875,1.46484375,2.76171875,0
27821429.0,5032.0,1.0,0.0635375977,-0.6480102539,0.5510253906,0.5218505859
27824397.0,2968.0,0.0,-14.6953125,6.734375,-0.0234375,0
27831429.0,7032.0,1.0,0.0612182617,-0.6416015625,0.5640258789,0.5162353516
27834397.0,2968.0,0.0,-15.6796875,10.7265625,-1.78515625,0
27841429.0,7032.0,1.0,0.0576782227,-0.6343383789,0.5762939453,0.5120239258
27844397.0,2968.0,0.0,-16.3203125,13.625,-4.07421875,0
27852429.0,8032.0,1.0,0.0518798828,-0.6264038086,0.5870361328,0.5102539063
27855397.0,2968.0,0.0,-15.921875,16.17578125,-6.73828125,0
27861429.0,6032.0,1.0,0.04296875,-0.6175537109,0.5956420898,0.5118408203
27864397.0,2968.0,0.0,-12.31640625,19.73828125,-10.203125,0
27871429.0,7032.0,1.0,0.0302734375,-0.608215332,0.6010131836,0.5176391602
27874397.0,2968.0,0.0,-9.5546875,21.90234375,-9.8359375,0
27882429.0,8032.0,1.0,0.0125732422,-0.5982055664,0.6021728516,0.5285644531
27885397.0,2968.0,0.0,-7.15234375,21.7734375,-7.2109375,0
27892429.0,7032.0,1.0,0.0092163086,0.587890625,-0.5990600586,-0.5435180664
27895397.0,2968.0,0.0,-7.515625,-3.76953125,1.5234375,0
27907429.0,12032.0,1.0,0.0269165039,0.5773925781,-0.5975952148,-0.5556640625
27912397.0,4968.0,0.0,-2.8515625,13.859375,7.5703125,0
27915429.0,3032.0,1.0,0.0391845703,0.5646362305,-0.5994262695,-0.5659790039
27918397.0,2968.0,0.0,-1.4765625,37.3359375,-0.37109375,0
27922429.0,4032.0,1.0,0.0522460937,0.5484008789,-0.5963134766,-0.5838623047
27925397.0,2968.0,0.0,-1.59375,37.015625,-0.79296875,0
27932429.0,7032.0,1.0,0.0654907227,0.5323486328,-0.585144043,-0.608215332
27935397.0,2968.0,0.0,8.48828125,8.41796875,-21.11328125,0
27941429.0,6032.0,1.0,0.079284668,0.5144042969,-0.5661010742,-0.6392211914
27944397.0,2968.0,0.0,11.0,6.59765625,-18.00390625,0
27952429.0,8032.0,1.0,0.0897827148,0.4973144531,-0.5436401367,-0.6701049805
27955397.0,2968.0,0.0,6.16015625,-2.28515625,-15.9296875,0
27962429.0,7032.0,1.0,0.0947875977,0.4825439453,-0.5213012695,-0.6974487305
27965397.0,2968.0,0.0,3.34765625,-12.0,-9.859375,0
27975429.0,10032.0,1.0,0.0943603516,0.4685668945,-0.4983520508,-0.7233276367
27978397.0,2968.0,0.0,4.70703125,-16.671875,-2.0,0
27982429.0,4032.0,1.0,0.089050293,0.455078125,-0.4739379883,-0.7485351563
27985397.0,2968.0,0.0,7.87109375,-16.421875,-2.44921875,0
27992429.0,7032.0,1.0,0.0812988281,0.4442749023,-0.4515380859,-0.7694702148
27995397.0,2968.0,0.0,9.69921875,-16.92578125,-2.16796875,0
28002429.0,7032.0,1.0,0.0699462891,0.4342041016,-0.4281616211,-0.7894897461
28005397.0,2968.0,0.0,10.734375,-19.890625,-2.2578125,0
28012429.0,7032.0,1.0,0.0548706055,0.4254760742,-0.4066162109,-0.8065795898
28015397.0,2968.0,0.0,12.1953125,-19.82421875,0.53125,0
28027429.0,12032.0,1.0,0.0388793945,0.4190063477,-0.3901367188,-0.8189697266
28032397.0,4968.0,0.0,12.7578125,-15.07421875,0.19921875,0
28035429.0,3032.0,1.0,0.0194702148,0.4131469727,-0.374206543,-0.8300170898
28038397.0,2968.0,0.0,12.03125,-12.86328125,0.0390625,0
28042429.0,4032.0,1.0,0.0022583008,-0.4080200195,0.3586425781,0.8395996094
28045397.0,2968.0,0.0,11.26171875,-11.53125,-0.1875,0
28052429.0,7032.0,1.0,0.0219116211,-0.4043579102,0.3457641602,0.8464355469
28055397.0,2968.0,0.0,10.89453125,-10.94140625,-0.390625,0
28062429.0,7032.0,1.0,0.0417480469,-0.4014892578,0.3336181641,0.8519287109
28065397.0,2968.0,0.0,10.96875,-10.65234375,-0.265625,0
28072429.0,7032.0,1.0,0.0614013672,-0.399230957,0.322265625,0.8561401367
28075397.0,2968.0,0.0,11.34375,-10.40625,0.12109375,0
28081429.0,6032.0,1.0,0.079284668,-0.3975219727,0.3128662109,0.8589477539
28084397.0,2968.0,0.0,11.390625,-9.7421875,0.90234375,0
28094429.0,10032.0,1.0,0.0975341797,-0.3961181641,0.3044433594,0.8607177734
28097397.0,2968.0,0.0,9.8984375,-8.20703125,1.07421875,0
28101429.0,4032.0,1.0,0.1146240234,-0.3950805664,0.2973632813,0.8615722656
28104397.0,2968.0,0.0,8.9375,-7.52734375,0.89453125,0
28112429.0,8032.0,1.0,0.1314086914,-0.3944091797,0.2909545898,0.8616943359
28115397.0,2968.0,0.0,8.22265625,-6.78515625,0.46484375,0
28122429.0,7032.0,1.0,0.1468505859,-0.3941040039,0.2853393555,0.8612060547
28125397.0,2968.0,0.0,7.62890625,-5.92578125,-0.1015625,0
28132429.0,7032.0,1.0,0.1613769531,-0.3942260742,0.2803344727,0.8602294922
28135397.0,2968.0,0.0,7.4921875,-5.78125,-0.234375,0
28142429.0,7032.0,1.0,0.1748046875,-0.3947753906,0.2761230469,0.8587036133
28145397.0,2968.0,0.0,7.109375,-5.44140625,-0.5859375,0
28152429.0,7032.0,1.0,0.1875,-0.3957519531,0.272644043,0.8566894531
28155397.0,2968.0,0.0,6.43359375,-5.30078125,-0.6484375,0
28167429.0,12032.0,1.0,0.1987915039,-0.3970336914,0.2700805664,0.8543701172
28172397.0,4968.0,0.0,4.21484375,-4.234375,0.1171875,0
28175429.0,3032.0,1.0,0.2099609375,-0.3987426758,0.2681274414,0.8515014648
28178397.0,2968.0,0.0,4.25390625,-4.0859375,0.1171875,0
28182429.0,4032.0,1.0,0.2208862305,-0.4009399414,0.2668457031,0.8480834961
28185397.0,2968.0,0.0,4.15625,-3.59765625,0.28515625,0
28192429.0,7032.0,1.0,0.2302856445,-0.4033203125,0.266418457,0.8446044922
28195397.0,2968.0,0.0,3.92578125,-3.17578125,0.43359375,0
28202429.0,7032.0,1.0,0.239440918,-0.4060058594,0.266784668,0.840637207
28205397.0,2968.0,0.0,3.328125,-2.546875,-0.1328125,0
28212429.0,7032.0,1.0,0.2473144531,-0.4087524414,0.2679443359,0.8366699219
28216397.0,3968.0,0.0,3.03125,-2.0,-0.76953125,0
28222429.0,6032.0,1.0,0.2549438477,-0.4118041992,0.2697753906,0.8322753906
28225397.0,2968.0,0.0,2.78125,-1.01171875,-1.47265625,0
28232429.0,7032.0,1.0,0.2615966797,-0.4151611328,0.2717285156,0.8278808594
28235397.0,2968.0,0.0,2.796875,-0.06640625,-2.24609375,0
28242429.0,7032.0,1.0,0.2672729492,-0.4190673828,0.2732543945,0.8235473633
28245397.0,2968.0,0.0,2.3828125,1.3359375,-4.12109375,0
28252429.0,7032.0,1.0,0.2717285156,-0.4235229492,0.2739868164,0.8195800781
28256397.0,3968.0,0.0,1.94921875,1.30078125,-4.73046875,0
28263429.0,7032.0,1.0,0.2752075195,-0.4281005859,0.274230957,0.8159179688
28266397.0,2968.0,0.0,0.578125,1.83203125,-4.76171875,0
28273429.0,7032.0,1.0,0.278137207,-0.4327392578,0.2744140625,0.8124389648
28276397.0,2968.0,0.0,-1.21484375,2.046875,-5.5703125,0
28283429.0,7032.0,1.0,0.2805786133,-0.4372558594,0.2745361328,0.8091430664
28286397.0,2968.0,0.0,-4.33984375,2.765625,-5.5625,0
28291429.0,5032.0,1.0,0.2826538086,-0.4416503906,0.2747192383,0.8059692383
28294397.0,2968.0,0.0,-5.02734375,2.8984375,-5.53125,0
28302429.0,8032.0,1.0,0.2842407227,-0.4460449219,0.2746582031,0.8030395508
28305397.0,2968.0,0.0,-4.90625,2.6171875,-5.14453125,0
28312429.0,7032.0,1.0,0.2850952148,-0.4503173828,0.274230957,0.8004760742
28315397.0,2968.0,0.0,-4.0234375,1.359375,-2.84765625,0
28322429.0,7032.0,1.0,0.2853393555,-0.4548339844,0.2736816406,0.7979736328
28325397.0,2968.0,0.0,-4.3671875,-0.046875,-0.5546875,0
28332429.0,7032.0,1.0,0.2852172852,-0.4592895508,0.2735595703,0.7955322266
28336397.0,3968.0,0.0,-3.90625,-1.734375,-1.73828125,0
28342429.0,6032.0,1.0,0.2847900391,-0.463684082,0.2741088867,0.7929077148
28345397.0,2968.0,0.0,-2.87109375,-1.625,0.64453125,0
28351429.0,6032.0,1.0,0.2844238281,-0.467590332,0.2757568359,0.790222168
28354397.0,2968.0,0.0,-0.2265625,-3.609375,-0.52734375,0
28362429.0,8032.0,1.0,0.2843017578,-0.4714355469,0.2791748047,0.7867431641
28365397.0,2968.0,0.0,-0.1484375,-1.01171875,-0.5390625,0
28372429.0,7032.0,1.0,0.2843017578,-0.4747314453,0.2838745117,0.7830810547
28375397.0,2968.0,0.0,-0.37890625,-0.66015625,-1.37890625,0
28382429.0,7032.0,1.0,0.2846679688,-0.477722168,0.2901611328,0.7788085938
28385397.0,2968.0,0.0,-0.68359375,-1.328125,-0.3828125,0
28391429.0,6032.0,1.0,0.28515625,-0.4801635742,0.2973632813,0.7744140625
28394397.0,2968.0,0.0,-1.234375,1.484375,-1.8203125,0
28402429.0,8032.0,1.0,0.2855224609,-0.4827270508,0.3059692383,0.7693481445
28405397.0,2968.0,0.0,-1.50390625,1.6328125,-2.55859375,0
28412429.0,7032.0,1.0,0.2854003906,-0.4852294922,0.3142089844,0.7644042969
28415397.0,2968.0,0.0,-1.625,2.70703125,-4.328125,0
28424429.0,9032.0,1.0,0.2848510742,-0.4877319336,0.3215332031,0.7599487305
28427397.0,2968.0,0.0,-1.05078125,2.7890625,-5.98828125,0
28434429.0,7032.0,1.0,0.2838134766,-0.4906616211,0.3284301758,0.7555541992
28437397.0,2968.0,0.0,-0.7265625,3.015625,-6.15234375,0
28441429.0,4032.0,1.0,0.2822265625,-0.4938354492,0.3341064453,0.7515869141
28444397.0,2968.0,0.0,-0.95703125,2.76953125,-4.91015625,0
28452429.0,8032.0,1.0,0.2799072266,-0.4977416992,0.3389892578,0.7476806641
28455397.0,2968.0,0.0,-1.546875,1.92578125,-4.1640625,0
28462429.0,7032.0,1.0,0.2774047852,-0.5017700195,0.3427734375,0.744140625
28465397.0,2968.0,0.0,-2.82421875,0.9296875,-3.484375,0
28472429.0,7032.0,1.0,0.2746582031,-0.5059814453,0.3460083008,0.7408447266
28475397.0,2968.0,0.0,-4.71875,1.25,-4.2109375,0
28482429.0,7032.0,1.0,0.2719726563,-0.5100708008,0.3488769531,0.7376708984
28485397.0,2968.0,0.0,-5.7265625,-0.1875,-4.66015625,0
28492429.0,7032.0,1.0,0.2695922852,-0.5139160156,0.3520507813,0.7343139648
28495397.0,2968.0,0.0,-6.2890625,0.20703125,-4.49609375,0
28502429.0,7032.0,1.0,0.2676391602,-0.5173950195,0.3557128906,0.7308349609
28505397.0,2968.0,0.0,-6.37890625,-0.3203125,-3.34765625,0
28512429.0,7032.0,1.0,0.2661743164,-0.5206298828,0.3600463867,0.7269897461
28515397.0,2968.0,0.0,-6.32421875,-0.65625,-4.171875,0
28522429.0,7032.0,1.0,0.2651367188,-0.5234375,0.3647460938,0.7229614258
28525397.0,2968.0,0.0,-5.95703125,0.98828125,-4.3984375,0
28532429.0,7032.0,1.0,0.2644042969,-0.5258789063,0.3696899414,0.7189331055
28535397.0,2968.0,0.0,-5.21484375,1.00390625,-5.26953125,0
28541429.0,6032.0,1.0,0.2640380859,-0.5280761719,0.3742675781,0.7150878906
28544397.0,2968.0,0.0,-3.8203125,2.62109375,-6.875,0
28552429.0,8032.0,1.0,0.2636108398,-0.5303955078,0.3787231445,0.7111816406
28555397.0,2968.0,0.0,-3.2734375,1.828125,-6.22265625,0
28564429.0,9032.0,1.0,0.2630004883,-0.5327758789,0.3821411133,0.7077636719
28567397.0,2968.0,0.0,-2.65234375,1.34765625,-5.34765625,0
28574429.0,7032.0,1.0,0.2621459961,-0.5353393555,0.3851318359,0.7045288086
28577397.0,2968.0,0.0,-2.828125,1.76171875,-4.5625,0
28581429.0,4032.0,1.0,0.2611694336,-0.5379638672,0.3876953125,0.7014770508
28584397.0,2968.0,0.0,-3.39453125,0.75,-4.1484375,0
28592429.0,8032.0,1.0,0.2602539063,-0.5404663086,0.3901367188,0.6985473633
28595397.0,2968.0,0.0,-3.41796875,1.20703125,-3.48828125,0
28602429.0,7032.0,1.0,0.2593383789,-0.5426635742,0.3928222656,0.6956176758
28605397.0,2968.0,0.0,-2.953125,0.00390625,-3.5859375,0
28612429.0,7032.0,1.0,0.258605957,-0.5446777344,0.3955688477,0.6928710938
28615397.0,2968.0,0.0,-2.7890625,0.37109375,-3.4921875,0
28622429.0,7032.0,1.0,0.2577514648,-0.5465698242,0.3983154297,0.6900634766
28625397.0,2968.0,0.0,-1.94921875,0.5859375,-1.796875,0
28632429.0,7032.0,1.0,0.2569580078,-0.5483398438,0.4012451172,0.6871948242
28636397.0,3968.0,0.0,-1.82421875,0.07421875,-0.8984375,0
28642429.0,6032.0,1.0,0.2564086914,-0.5500488281,0.4044799805,0.6841430664
28645397.0,2968.0,0.0,-2.16796875,-0.01953125,-0.19140625,0
28652429.0,7032.0,1.0,0.2561035156,-0.5515136719,0.408203125,0.6809082031
28655397.0,2968.0,0.0,-2.19921875,0.07421875,-0.48046875,0
28662429.0,7032.0,1.0,0.255859375,-0.5528564453,0.4120483398,0.6776123047
28665397.0,2968.0,0.0,-1.2890625,-0.09765625,-2.03515625,0
28672429.0,7032.0,1.0,0.2557373047,-0.5539550781,0.416015625,0.6743164063
28675397.0,2968.0,0.0,-1.08984375,0.75390625,-3.0234375,0
28682429.0,7032.0,1.0,0.2555541992,-0.5548706055,0.4198608398,0.6712036133
28685397.0,2968.0,0.0,-1.2890625,0.5859375,-3.76171875,0
28692429.0,7032.0,1.0,0.2552490234,-0.5557861328,0.4235229492,0.6682739258
28695397.0,2968.0,0.0,-0.59765625,-0.58984375,-2.265625,0
28702429.0,7032.0,1.0,0.2548217773,-0.5567626953,0.4271850586,0.6652832031
28705397.0,2968.0,0.0,-0.0625,-0.57421875,-0.34375,0
28712429.0,7032.0,1.0,0.2542114258,-0.5578613281,0.430847168,0.6622314453
28715397.0,2968.0,0.0,-0.1484375,-0.28125,0.32421875,0
28722429.0,7032.0,1.0,0.2534179688,-0.5590820313,0.4343261719,0.6592407227
28725397.0,2968.0,0.0,-0.1875,0.4609375,-0.0078125,0
28732429.0,7032.0,1.0,0.2526245117,-0.5601196289,0.4374389648,0.6565551758
28735397.0,2968.0,0.0,0.45703125,0.12890625,-1.3046875,0
28742429.0,7032.0,1.0,0.2517089844,-0.5612182617,0.4406738281,0.6538085938
28745397.0,2968.0,0.0,1.33984375,0.10546875,-1.21875,0
28752429.0,7032.0,1.0,0.2507324219,-0.5623168945,0.4437866211,0.6511230469
28756397.0,3968.0,0.0,1.9296875,-0.13671875,-0.41015625,0
28762429.0,6032.0,1.0,0.2496948242,-0.5634155273,0.4466552734,0.6486206055
28765397.0,2968.0,0.0,1.890625,-0.58203125,-0.21875,0
28775429.0,10032.0,1.0,0.2483520508,-0.5646972656,0.4494628906,0.6460571289
28778397.0,2968.0,0.0,0.6171875,1.0859375,0.06640625,0
28782429.0,4032.0,1.0,0.2468261719,-0.5661621094,0.4522094727,0.6434936523
28785397.0,2968.0,0.0,0.44921875,-0.35546875,0.75,0
28792429.0,7032.0,1.0,0.2453613281,-0.567565918,0.4546508789,0.6410522461
28795397.0,2968.0,0.0,-0.27734375,0.04296875,1.3359375,0
28802429.0,7032.0,1.0,0.2437744141,-0.5690917969,0.45703125,0.638671875
28805397.0,2968.0,0.0,-0.2578125,0.984375,1.03125,0
28812429.0,7032.0,1.0,0.2420043945,-0.5706787109,0.4591064453,0.6364135742
28815397.0,2968.0,0.0,1.078125,-0.59375,0.87890625,0
28822429.0,7032.0,1.0,0.2401123047,-0.5723876953,0.4611816406,0.6340942383
28825397.0,2968.0,0.0,1.21484375,-0.65625,0.765625,0
28832429.0,7032.0,1.0,0.23828125,-0.5740356445,0.4634399414,0.6315917969
28835397.0,2968.0,0.0,0.5859375,0.32421875,0.69140625,0
28842429.0,7032.0,1.0,0.2365722656,-0.5756225586,0.4656982422,0.6291503906
28845397.0,2968.0,0.0,0.34765625,0.6953125,-0.02734375,0
28852429.0,7032.0,1.0,0.2348022461,-0.5772094727,0.4678955078,0.6267089844
28855397.0,2968.0,0.0,0.25,1.3671875,0.42578125,0
28862429.0,7032.0,1.0,0.2329101563,-0.5789794922,0.4697265625,0.6243896484
28865397.0,2968.0,0.0,0.46875,1.265625,1.1171875,0
28872429.0,7032.0,1.0,0.2305908203,-0.5811157227,0.4711303711,0.622253418
28875397.0,2968.0,0.0,0.64453125,0.80078125,1.4609375,0
28882429.0,7032.0,1.0,0.2278442383,-0.5834960938,0.4719848633,0.6203613281
28885397.0,2968.0,0.0,-0.39453125,0.36328125,1.1875,0
28892429.0,7032.0,1.0,0.2248535156,-0.5861206055,0.4724731445,0.6186523438
28895397.0,2968.0,0.0,-0.48828125,0.38671875,0.98828125,0
28902429.0,7032.0,1.0,0.2217407227,-0.588684082,0.47265625,0.6171264648
28905397.0,2968.0,0.0,-0.58203125,0.9140625,0.984375,0
28912429.0,7032.0,1.0,0.2184448242,-0.5913085938,0.4727172852,0.6158447266
28915397.0,2968.0,0.0,-0.05859375,0.67578125,0.85546875,0
28922429.0,7032.0,1.0,0.2150878906,-0.5938720703,0.4727172852,0.6145019531
28925397.0,2968.0,0.0,1.3046875,-0.02734375,0.6015625,0
28932429.0,7032.0,1.0,0.2115478516,-0.596496582,0.4730224609,0.6129150391
28935397.0,2968.0,0.0,0.7421875,-0.16796875,0.60546875,0
28942429.0,7032.0,1.0,0.208190918,-0.5989379883,0.4735717773,0.6112670898
28945397.0,2968.0,0.0,0.4609375,0.0078125,0.78125,0
28952429.0,7032.0,1.0,0.2048950195,-0.6012573242,0.4742431641,0.6096191406
28955397.0,2968.0,0.0,-0.09765625,-0.3203125,0.99609375,0
28962429.0,7032.0,1.0,0.2017211914,-0.6033935547,0.4750976563,0.6078491211
28965397.0,2968.0,0.0,-1.30078125,-0.65234375,2.109375,0
28972429.0,7032.0,1.0,0.1983642578,-0.6056518555,0.4760742188,0.6059570313
28975397.0,2968.0,0.0,-1.41015625,-1.6328125,2.1796875,0
28982429.0,7032.0,1.0,0.1950073242,-0.6078491211,0.4772949219,0.6039428711
28985397.0,2968.0,0.0,-0.97265625,-1.89453125,1.9453125,0
28992429.0,7032.0,1.0,0.1918334961,-0.6098632813,0.4786987305,0.6017456055
28995397.0,2968.0,0.0,-0.84375,-1.5703125,1.37109375,0
29007429.0,12032.0,1.0,0.1889648438,-0.6116943359,0.4802856445,0.5995483398
29011397.0,3968.0,0.0,0.05078125,-0.0625,0.1015625,0
29014429.0,3032.0,1.0,0.1859741211,-0.6135864258,0.4820556641,0.5971679688
29017397.0,2968.0,0.0,0.01953125,-0.09375,0.171875,0
29022429.0,5032.0,1.0,0.1828613281,-0.6155395508,0.4837646484,0.5946655273
29025397.0,2968.0,0.0,-0.35546875,0.7265625,1.0234375,0
29032429.0,7032.0,1.0,0.1796875,-0.6174926758,0.4852294922,0.5924072266
29035397.0,2968.0,0.0,-0.50390625,0.35546875,1.7421875,0
29042429.0,7032.0,1.0,0.1760864258,-0.6196899414,0.4864501953,0.5902709961
29045397.0,2968.0,0.0,-0.80078125,-0.671875,1.1328125,0
29052429.0,7032.0,1.0,0.1723022461,-0.621887207,0.4873046875,0.5883178711
29055397.0,2968.0,0.0,-0.94921875,-1.23046875,0.78125,0
29062429.0,7032.0,1.0,0.1683349609,-0.624206543,0.4879760742,0.5864868164
29065397.0,2968.0,0.0,-1.171875,-1.18359375,0.66015625,0
29072429.0,7032.0,1.0,0.1642456055,-0.6264648438,0.4884643555,0.5847167969
29075397.0,2968.0,0.0,-0.97265625,0.66015625,0.26171875,0
29082429.0,7032.0,1.0,0.16015625,-0.6287841797,0.4887695313,0.5832519531
29085397.0,2968.0,0.0,-0.50390625,1.6640625,1.0078125,0
29092429.0,7032.0,1.0,0.1557617188,-0.6311645508,0.4886474609,0.5819091797
29096397.0,3968.0,0.0,-0.19140625,1.48046875,0.984375,0
29102429.0,6032.0,1.0,0.1511230469,-0.633605957,0.48828125,0.5807495117
29105397.0,2968.0,0.0,-0.18359375,1.48046875,1.23046875,0
29112429.0,7032.0,1.0,0.1463012695,-0.6359863281,0.4877319336,0.5798339844
29115397.0,2968.0,0.0,-0.828125,2.015625,0.3984375,0
29122429.0,7032.0,1.0,0.1409301758,-0.6384277344,0.4869995117,0.5791015625
29125397.0,2968.0,0.0,-1.16796875,1.546875,-0.015625,0
29132429.0,7032.0,1.0,0.1356201172,-0.6406860352,0.486328125,0.5784301758
29135397.0,2968.0,0.0,-1.2421875,1.1171875,-0.12109375,0
29142429.0,7032.0,1.0,0.1303710938,-0.6428222656,0.4859619141,0.5776367188
29145397.0,2968.0,0.0,-2.00390625,1.7578125,0.22265625,0
29152429.0,7032.0,1.0,0.1256103516,-0.6445922852,0.4859008789,0.5767211914
29155397.0,2968.0,0.0,-2.80859375,2.171875,0.76953125,0
29162429.0,7032.0,1.0,0.1206665039,-0.6463012695,0.4862670898,0.5755615234
29165397.0,2968.0,0.0,-2.65625,1.43359375,1.046875,0
29172429.0,7032.0,1.0,0.1162109375,-0.6478271484,0.4868774414,0.57421875
29175397.0,2968.0,0.0,-2.6171875,1.6171875,1.359375,0
29182429.0,7032.0,1.0,0.1116943359,-0.6491699219,0.4877929688,0.5728149414
29185397.0,2968.0,0.0,-2.43359375,1.609375,1.63671875,0
29192429.0,7032.0,1.0,0.1069335938,-0.6503295898,0.4888305664,0.5715332031
29195397.0,2968.0,0.0,-2.78125,1.5859375,1.84375,0
29207429.0,12032.0,1.0,0.1019897461,-0.6513061523,0.4900512695,0.5703125
29211397.0,3968.0,0.0,-3.59375,1.33203125,1.890625,0
29214429.0,3032.0,1.0,0.096496582,-0.6519165039,0.4918823242,0.5689697266
29217397.0,2968.0,0.0,-4.72265625,0.53125,2.78125,0
29222429.0,5032.0,1.0,0.0906982422,-0.6520996094,0.4946899414,0.5673217773
29225397.0,2968.0,0.0,-4.78515625,0.4375,2.8359375,0
29232429.0,7032.0,1.0,0.0853881836,-0.651550293,0.4989013672,0.5650634766
29235397.0,2968.0,0.0,-6.66015625,-1.484375,4.5859375,0
29242429.0,7032.0,1.0,0.0808105469,-0.6502685547,0.5050048828,0.5618286133
29245397.0,2968.0,0.0,-7.359375,-1.81640625,5.51171875,0
29253429.0,8032.0,1.0,0.0773925781,-0.6479492188,0.5134887695,0.5571899414
29256397.0,2968.0,0.0,-8.03515625,-2.01953125,4.96484375,0
29262429.0,6032.0,1.0,0.0752563477,-0.6447143555,0.524230957,0.5512084961
29265397.0,2968.0,0.0,-9.59375,0.30859375,4.21484375,0
29272429.0,7032.0,1.0,0.0742797852,-0.6405029297,0.5366210938,0.5443115234
29275397.0,2968.0,0.0,-10.4765625,1.87890625,3.78125,0
29282429.0,7032.0,1.0,0.0739135742,-0.6353759766,0.5500488281,0.5368652344
29285397.0,2968.0,0.0,-11.4375,3.9453125,2.7890625,0
29293429.0,8032.0,1.0,0.0734863281,-0.6293945313,0.5639648438,0.5295410156
29296397.0,2968.0,0.0,-12.06640625,6.16796875,1.55078125,0
29302429.0,6032.0,1.0,0.0723266602,-0.6228637695,0.576965332,0.5233764648
29305397.0,2968.0,0.0,-11.734375,13.3203125,-3.3828125,0
29312429.0,7032.0,1.0,0.069152832,-0.6154785156,0.5892333984,0.5188598633
29315397.0,2968.0,0.0,-11.59765625,17.78515625,-5.84765625,0
29324429.0,9032.0,1.0,0.0634765625,-0.6078491211,0.5987548828,0.5176391602
29327397.0,2968.0,0.0,-11.41796875,19.23828125,-6.19140625,0
29334429.0,7032.0,1.0,0.0542602539,-0.5994873047,0.6057739258,0.5202636719
29337397.0,2968.0,0.0,-9.71875,18.6640625,-6.99609375,0
29343429.0,6032.0,1.0,0.039855957,-0.58984375,0.6098632813,0.5277709961
29346397.0,2968.0,0.0,-6.28125,19.9921875,-3.671875,0
29352429.0,6032.0,1.0,0.0234375,-0.5809326172,0.6101074219,0.5383300781
29355397.0,2968.0,0.0,-5.13671875,10.5078125,1.6875,0
29362429.0,7032.0,1.0,0.0079345703,-0.5708618164,0.611328125,0.548034668
29365397.0,2968.0,0.0,-4.2734375,-12.2890625,9.49609375,0
29373429.0,8032.0,1.0,0.0020751953,0.5594482422,-0.6170654297,-0.5534057617
29376397.0,2968.0,0.0,-2.33984375,-9.59765625,3.36328125,0
29382429.0,6032.0,1.0,0.013671875,0.5468139648,-0.6178588867,-0.5648803711
29385397.0,2968.0,0.0,2.73046875,45.09765625,-13.3203125,0
29392429.0,7032.0,1.0,0.032409668,0.5323486328,-0.6053466797,-0.5908203125
29395397.0,2968.0,0.0,4.16015625,26.18359375,-16.87109375,0
29402429.0,7032.0,1.0,0.0523071289,0.5170288086,-0.5836791992,-0.6239624023
29405397.0,2968.0,0.0,6.56640625,9.03125,-19.484375,0
29413429.0,8032.0,1.0,0.067199707,0.5016479492,-0.5595092773,-0.6563110352
29416397.0,2968.0,0.0,4.53515625,-3.09375,-16.6875,0
29428429.0,12032.0,1.0,0.0740356445,0.4879150391,-0.5384521484,-0.6830444336
29433429.0,5000.0,1.0,0.0747680664,0.474609375,-0.5180664063,-0.7076416016
29435397.0,1968.0,0.0,1.671875,-12.80078125,-6.1640625,0
29443429.0,8032.0,1.0,0.0715942383,0.4622802734,-0.4963378906,-0.731262207
29446397.0,2968.0,0.0,3.54296875,-11.0078125,-2.33984375,0
29452429.0,6032.0,1.0,0.0657958984,0.4514770508,-0.4732055664,-0.7536010742
29455397.0,2968.0,0.0,7.00390625,-17.109375,-1.9765625,0
29462429.0,7032.0,1.0,0.0571289062,0.4421386719,-0.4498901367,-0.7738647461
29465397.0,2968.0,0.0,8.4609375,-19.703125,-1.3359375,0
29472429.0,7032.0,1.0,0.044921875,0.4341430664,-0.428527832,-0.7911376953
29475397.0,2968.0,0.0,9.30859375,-19.7890625,0.1015625,0
29484429.0,9032.0,1.0,0.0303344727,0.4278564453,-0.4110717773,-0.8043823242
29487397.0,2968.0,0.0,9.9921875,-18.08203125,0.27734375,0
29494429.0,7032.0,1.0,0.0127563477,0.4222412109,-0.395324707,-0.815612793
29497397.0,2968.0,0.0,9.53515625,-12.91796875,0.31640625,0
29502429.0,5032.0,1.0,0.0063476562,-0.4175415039,0.3811035156,0.8248291016
29505397.0,2968.0,0.0,8.91015625,-10.4921875,-0.41015625,0
29512429.0,7032.0,1.0,0.025390625,-0.4136962891,0.3682861328,0.8322143555
29515397.0,2968.0,0.0,8.734375,-8.83984375,-0.359375,0
29522429.0,7032.0,1.0,0.0440673828,-0.4105834961,0.3562011719,0.8381958008
29525397.0,2968.0,0.0,8.74609375,-7.921875,-0.34765625,0
29532429.0,7032.0,1.0,0.061706543,-0.4081420898,0.3450927734,0.842956543
29535397.0,2968.0,0.0,9.27734375,-7.32421875,-0.12109375,0
29547429.0,12032.0,1.0,0.0789794922,-0.4060058594,0.3341674805,0.8469238281
29551397.0,3968.0,0.0,9.171875,-6.65234375,0.5390625,0
29554429.0,3032.0,1.0,0.095703125,-0.4041748047,0.3233642578,0.8502197266
29557397.0,2968.0,0.0,8.9140625,-7.125,0.71484375,0
29562429.0,5032.0,1.0,0.1120605469,-0.4026489258,0.3126831055,0.8529663086
29565397.0,2968.0,0.0,8.984375,-6.84375,0.55859375,0
29573429.0,8032.0,1.0,0.1271362305,-0.4014892578,0.3032836914,0.8547973633
29576397.0,2968.0,0.0,8.890625,-7.48828125,0.9609375,0
29582429.0,6032.0,1.0,0.1414794922,-0.4005737305,0.2954711914,0.8557128906
29585397.0,2968.0,0.0,9.16796875,-7.40625,0.73828125,0
29593429.0,8032.0,1.0,0.1555786133,-0.3998413086,0.2888183594,0.8558959961
29596397.0,2968.0,0.0,9.24609375,-7.10546875,0.91015625,0
29602429.0,6032.0,1.0,0.1688842773,-0.3993530273,0.2834472656,0.8553466797
29605397.0,2968.0,0.0,9.09375,-6.83203125,1.03125,0
29612429.0,7032.0,1.0,0.1813964844,-0.3991699219,0.2791748047,0.854309082
29615397.0,2968.0,0.0,8.13671875,-5.76953125,0.78515625,0
29627429.0,12032.0,1.0,0.1927490234,-0.3993530273,0.2756347656,0.8528442383
29631397.0,3968.0,0.0,7.25,-5.1484375,0.9453125,0
29634429.0,3032.0,1.0,0.2033691406,-0.4000244141,0.2725219727,0.8510742188
29637397.0,2968.0,0.0,6.70703125,-4.9296875,0.72265625,0
29643429.0,6032.0,1.0,0.2136230469,-0.401184082,0.2697753906,0.8488769531
29646397.0,2968.0,0.0,6.046875,-4.58203125,0.36328125,0
29652429.0,6032.0,1.0,0.2225341797,-0.4026489258,0.2679443359,0.846496582
29655397.0,2968.0,0.0,5.28125,-4.234375,0.21875,0
29662429.0,7032.0,1.0,0.2306518555,-0.4043579102,0.2670898438,0.84375
29665397.0,2968.0,0.0,4.5078125,-3.7421875,-0.1796875,0
29673429.0,8032.0,1.0,0.23828125,-0.4064331055,0.2671508789,0.840637207
29676397.0,2968.0,0.0,3.78125,-3.12109375,-0.65625,0
29682429.0,6032.0,1.0,0.2450561523,-0.4086303711,0.2680053711,0.8373413086
29685397.0,2968.0,0.0,3.55078125,-2.62109375,-1.765625,0
29693429.0,8032.0,1.0,0.2515869141,-0.411315918,0.2696533203,0.8335571289
29696397.0,2968.0,0.0,3.33203125,-2.296875,-2.23046875,0
29702429.0,6032.0,1.0,0.2574462891,-0.4143066406,0.2717895508,0.8295898438
29705397.0,2968.0,0.0,3.109375,-1.5625,-2.703125,0
29713429.0,8032.0,1.0,0.2623901367,-0.4177246094,0.2738647461,0.8256225586
29716397.0,2968.0,0.0,3.04296875,0.1796875,-3.62890625,0
29722429.0,6032.0,1.0,0.2660522461,-0.4214477539,0.2752685547,0.8220825195
29725397.0,2968.0,0.0,1.5546875,1.71875,-4.84765625,0
29732429.0,7032.0,1.0,0.2692260742,-0.4255981445,0.2764892578,0.8184814453
29735397.0,2968.0,0.0,0.5390625,2.1953125,-5.61328125,0
29745429.0,10032.0,1.0,0.2716064453,-0.4295043945,0.2772827148,0.8153686523
29748397.0,2968.0,0.0,-0.76171875,3.19140625,-6.53125,0
29755429.0,7032.0,1.0,0.2733764648,-0.4336547852,0.2775878906,0.8125
29758397.0,2968.0,0.0,-3.3984375,4.01171875,-6.23828125,0
29762429.0,4032.0,1.0,0.2742919922,-0.4378662109,0.2769775391,0.8101196289
29765397.0,2968.0,0.0,-4.77734375,2.765625,-4.82421875,0
29772429.0,7032.0,1.0,0.274597168,-0.4425048828,0.2754516602,0.8080444336
29775397.0,2968.0,0.0,-5.6171875,1.609375,-4.1796875,0
29783429.0,8032.0,1.0,0.2744750977,-0.4469604492,0.2739868164,0.8060913086
29786397.0,2968.0,0.0,-5.6953125,0.31640625,-3.28515625,0
29793429.0,7032.0,1.0,0.274230957,-0.4512939453,0.2728881836,0.8041381836
29796397.0,2968.0,0.0,-5.84765625,-0.3203125,-1.796875,0
29802429.0,6032.0,1.0,0.2738037109,-0.4554443359,0.2725219727,0.8021240234
29805397.0,2968.0,0.0,-3.70703125,-2.921875,1.23046875,0
29813429.0,8032.0,1.0,0.2733154297,-0.4593505859,0.2734985352,0.7996826172
29817397.0,3968.0,0.0,-2.63671875,-4.36328125,2.0,0
29823429.0,6032.0,1.0,0.2729492188,-0.4629516602,0.2762451172,0.7967529297
29826397.0,2968.0,0.0,-2.0234375,-4.83203125,2.0546875,0
29833429.0,7032.0,1.0,0.2728881836,-0.4661865234,0.2810668945,0.7932128906
29836397.0,2968.0,0.0,-0.7578125,-2.6875,-2.73828125,0
29843429.0,7032.0,1.0,0.2732543945,-0.4688110352,0.2877807617,0.7891235352
29846397.0,2968.0,0.0,-0.80078125,-0.640625,-3.49609375,0
29853429.0,7032.0,1.0,0.2740478516,-0.4707641602,0.2962036133,0.7845458984
29856397.0,2968.0,0.0,-1.421875,0.50390625,-3.02734375,0
29863429.0,7032.0,1.0,0.2750244141,-0.4722290039,0.3057250977,0.7796630859
29866397.0,2968.0,0.0,-0.88671875,1.09375,-4.37109375,0
29872429.0,6032.0,1.0,0.2757568359,-0.4736938477,0.3150634766,0.7747802734
29875397.0,2968.0,0.0,-1.16796875,3.22265625,-4.7734375,0
29883429.0,8032.0,1.0,0.2758178711,-0.4755859375,0.32421875,0.7698364258
29886397.0,2968.0,0.0,-2.2109375,3.13671875,-4.51171875,0
29893429.0,7032.0,1.0,0.2750854492,-0.4778442383,0.33203125,0.7653808594
29896397.0,2968.0,0.0,-2.984375,1.48046875,-4.75390625,0
29903429.0,7032.0,1.0,0.2739868164,-0.4802856445,0.3388061523,0.7612304688
29906397.0,2968.0,0.0,-3.46484375,1.2265625,-4.3046875,0
29916429.0,10032.0,1.0,0.272644043,-0.4829711914,0.3453979492,0.757019043
29919397.0,2968.0,0.0,-4.0546875,2.3828125,-4.7421875,0
29923429.0,4032.0,1.0,0.2708740234,-0.4860839844,0.3513793945,0.7529296875
29926397.0,2968.0,0.0,-4.21484375,2.01171875,-6.09375,0
29933429.0,7032.0,1.0,0.2690429688,-0.489074707,0.3556518555,0.7496337891
29936397.0,2968.0,0.0,-4.57421875,1.4375,-6.66796875,0
29943429.0,7032.0,1.0,0.2669677734,-0.4924316406,0.3592529297,0.7464599609
29946397.0,2968.0,0.0,-5.5234375,2.1328125,-6.05078125,0
29953429.0,7032.0,1.0,0.2648925781,-0.4958496094,0.3623657227,0.7434082031
29956397.0,2968.0,0.0,-5.9921875,-0.04296875,-4.75390625,0
29963429.0,7032.0,1.0,0.2629394531,-0.499206543,0.3655395508,0.7402954102
29966397.0,2968.0,0.0,-6.65625,-0.91015625,-3.984375,0
29973429.0,7032.0,1.0,0.2613525391,-0.5023803711,0.3689575195,0.7369995117
29976397.0,2968.0,0.0,-6.9765625,-1.1171875,-3.5703125,0
29983429.0,7032.0,1.0,0.2602539063,-0.5053100586,0.3725585938,0.733581543
29986397.0,2968.0,0.0,-7.23828125,0.125,-4.10546875,0
29993429.0,7032.0,1.0,0.2597045898,-0.5078735352,0.3763427734,0.7300415039
29996397.0,2968.0,0.0,-6.52734375,-0.08203125,-5.11328125,0
30003429.0,7032.0,1.0,0.2595825195,-0.5102539063,0.3801269531,0.7265014648
30006397.0,2968.0,0.0,-5.24609375,1.05078125,-5.53125,0
30013429.0,7032.0,1.0,0.2596435547,-0.512512207,0.3837280273,0.7229614258
30016397.0,2968.0,0.0,-4.3046875,2.3359375,-5.62109375,0
30023429.0,7032.0,1.0,0.2596435547,-0.5148925781,0.38671875,0.7196655273
30026397.0,2968.0,0.0,-2.53515625,2.3671875,-5.4140625,0
30033429.0,7032.0,1.0,0.2594604492,-0.5173950195,0.3890380859,0.7166748047
30036397.0,2968.0,0.0,-2.546875,2.56640625,-4.27734375,0
30043429.0,7032.0,1.0,0.2590942383,-0.5200195313,0.3908081055,0.7139282227
30046397.0,2968.0,0.0,-2.5703125,2.8828125,-4.8125,0
30053429.0,7032.0,1.0,0.2587280273,-0.5225830078,0.3922729492,0.7114257813
30056397.0,2968.0,0.0,-3.0546875,3.46484375,-5.109375,0
30063429.0,7032.0,1.0,0.2584838867,-0.5248413086,0.3936767578,0.708984375
30066397.0,2968.0,0.0,-2.76171875,2.515625,-4.12109375,0
30073429.0,7032.0,1.0,0.2584838867,-0.5269775391,0.3952636719,0.7065429688
30076397.0,2968.0,0.0,-1.6796875,2.75,-4.9609375,0
30085429.0,9032.0,1.0,0.2584228516,-0.5287475586,0.3968505859,0.7044067383
30088397.0,2968.0,0.0,-0.78515625,2.55859375,-3.3984375,0
30095429.0,7032.0,1.0,0.2581787109,-0.5305175781,0.3984985352,0.7022094727
30098397.0,2968.0,0.0,-0.27734375,1.59375,-2.40625,0
30102429.0,4032.0,1.0,0.2575683594,-0.5322875977,0.4001464844,0.7001342773
30105397.0,2968.0,0.0,-1.06640625,1.2890625,-0.91796875,0
30113429.0,8032.0,1.0,0.2565917969,-0.533996582,0.4020385742,0.6981201172
30116397.0,2968.0,0.0,-1.640625,0.78125,-0.3046875,0
30123429.0,7032.0,1.0,0.2555541992,-0.5355224609,0.4044189453,0.6959838867
30126397.0,2968.0,0.0,-1.51953125,0.0703125,-0.46484375,0
30133429.0,7032.0,1.0,0.2545166016,-0.5366821289,0.4073486328,0.6937866211
30136397.0,2968.0,0.0,-1.25,0.3828125,-0.76953125,0
30143429.0,7032.0,1.0,0.2534790039,-0.5374755859,0.4107666016,0.6914672852
30146397.0,2968.0,0.0,-0.90625,0.08203125,-1.07421875,0
30153429.0,7032.0,1.0,0.2525024414,-0.5380249023,0.4144897461,0.6891479492
30156397.0,2968.0,0.0,0.265625,0.16796875,-1.3125,0
30163429.0,7032.0,1.0,0.2515869141,-0.5383911133,0.4185180664,0.6867675781
30166397.0,2968.0,0.0,0.37890625,0.50390625,-1.26171875,0
30173429.0,7032.0,1.0,0.2506103516,-0.5387573242,0.4227294922,0.6842651367
30176397.0,2968.0,0.0,-0.31640625,1.18359375,-0.95703125,0
30183429.0,7032.0,1.0,0.2495117188,-0.5391845703,0.4268798828,0.6817626953
30186397.0,2968.0,0.0,-0.32421875,0.75390625,1.16015625,0
30193429.0,7032.0,1.0,0.2482299805,-0.5397338867,0.4309692383,0.6791992188
30197397.0,3968.0,0.0,-0.4921875,0.5625,1.1796875,0
30203429.0,6032.0,1.0,0.2467651367,-0.5404052734,0.4348144531,0.6767578125
30206397.0,2968.0,0.0,-1.18359375,0.4453125,1.33203125,0
30213429.0,7032.0,1.0,0.245300293,-0.5411376953,0.4384765625,0.6743164063
30216397.0,2968.0,0.0,-0.5078125,-0.2421875,0.15625,0
30223429.0,7032.0,1.0,0.2438964844,-0.5418701172,0.4420166016,0.6719360352
30226397.0,2968.0,0.0,0.41015625,-0.4375,-0.33984375,0
30233429.0,7032.0,1.0,0.2426757813,-0.5426635742,0.4454345703,0.6694335938
30237397.0,3968.0,0.0,1.12109375,-0.27734375,-0.609375,0
30243429.0,6032.0,1.0,0.2415161133,-0.5436401367,0.4486083984,0.6669311523
30246397.0,2968.0,0.0,1.61328125,0.7734375,-0.40625,0
30253429.0,7032.0,1.0,0.2402954102,-0.5449829102,0.4512329102,0.6646118164
30256397.0,2968.0,0.0,2.6484375,1.5546875,0.6953125,0
30263429.0,7032.0,1.0,0.2388305664,-0.5466918945,0.4534912109,0.6621704102
30266397.0,2968.0,0.0,2.1796875,1.6171875,0.9453125,0
30273429.0,7032.0,1.0,0.2371826172,-0.5485839844,0.4552001953,0.6599731445
30277397.0,3968.0,0.0,0.9453125,2.328125,0.82421875,0
30283429.0,6032.0,1.0,0.2353515625,-0.5507202148,0.4564208984,0.6580200195
30286397.0,2968.0,0.0,0.44921875,1.8203125,0.39453125,0
30292429.0,6032.0,1.0,0.2333374023,-0.5529174805,0.4571533203,0.6563720703
30295397.0,2968.0,0.0,-0.328125,0.203125,-0.30078125,0
30303429.0,8032.0,1.0,0.2310791016,-0.5554199219,0.4577026367,0.6547241211
30306397.0,2968.0,0.0,-0.48828125,0.00390625,-0.7421875,0
30313429.0,7032.0,1.0,0.2287597656,-0.557800293,0.4580078125,0.6532592773
30317397.0,3968.0,0.0,-0.6015625,-0.30078125,-0.328125,0
30323429.0,6032.0,1.0,0.2265625,-0.5601196289,0.4583740234,0.6517944336
30326397.0,2968.0,0.0,-0.5703125,-0.1484375,0.64453125,0
30336429.0,10032.0,1.0,0.2242431641,-0.5624389648,0.458984375,0.6502075195
30339397.0,2968.0,0.0,0.34765625,0.10546875,2.0859375,0
30343429.0,4032.0,1.0,0.2219238281,-0.5646972656,0.4598999023,0.6483764648
30346397.0,2968.0,0.0,0.33203125,0.171875,2.35546875,0
30353429.0,7032.0,1.0,0.2197265625,-0.5667724609,0.4609985352,0.6465454102
30356397.0,2968.0,0.0,0.59375,-0.03515625,2.80078125,0
30363429.0,7032.0,1.0,0.2173461914,-0.5687866211,0.4622802734,0.6445922852
30366397.0,2968.0,0.0,0.15625,-0.9296875,2.6796875,0
30373429.0,7032.0,1.0,0.2147216797,-0.5708618164,0.4638061523,0.642578125
30376397.0,2968.0,0.0,-1.23046875,-1.22265625,2.0703125,0
30383429.0,7032.0,1.0,0.2120361328,-0.5728149414,0.4654541016,0.6405639648
30386397.0,2968.0,0.0,-2.09765625,-1.12890625,1.83203125,0
30393429.0,7032.0,1.0,0.2091674805,-0.5746459961,0.4671020508,0.638671875
30396397.0,2968.0,0.0,-1.921875,-1.7265625,1.21484375,0
30403429.0,7032.0,1.0,0.2061157227,-0.5765380859,0.4686889648,0.6367797852
30406397.0,2968.0,0.0,-1.859375,-2.06640625,0.14453125,0
30413429.0,7032.0,1.0,0.2030029297,-0.5783081055,0.4702758789,0.6350097656
30416397.0,2968.0,0.0,-1.1171875,-2.25,0.359375,0
30423429.0,7032.0,1.0,0.1998901367,-0.5800170898,0.4717407227,0.6333007813
30426397.0,2968.0,0.0,-0.328125,-3.24609375,0.8125,0
30433429.0,7032.0,1.0,0.1968994141,-0.5816650391,0.4735107422,0.6314086914
30436397.0,2968.0,0.0,0.7578125,-3.84375,1.2265625,0
30443429.0,7032.0,1.0,0.1942749023,-0.5831298828,0.4755249023,0.6293334961
30446397.0,2968.0,0.0,1.68359375,-1.8828125,3.09765625,0
30453429.0,7032.0,1.0,0.1915893555,-0.5847167969,0.4779052734,0.6268920898
30456397.0,2968.0,0.0,1.74609375,-1.75390625,3.17578125,0
30463429.0,7032.0,1.0,0.1890258789,-0.5863647461,0.4802246094,0.6243286133
30466397.0,2968.0,0.0,1.30078125,-1.171875,2.49609375,0
30473429.0,7032.0,1.0,0.1864624023,-0.5881347656,0.4825439453,0.6217041016
30476397.0,2968.0,0.0,0.47265625,-1.04296875,1.6171875,0
30483429.0,7032.0,1.0,0.1840209961,-0.58984375,0.4846191406,0.619140625
30486397.0,2968.0,0.0,-1.51171875,-0.76171875,0.125,0
30493429.0,7032.0,1.0,0.1813964844,-0.591796875,0.4866943359,0.616394043
30496397.0,2968.0,0.0,-1.49609375,-1.16796875,-0.21875,0
30503429.0,7032.0,1.0,0.1790161133,-0.5938110352,0.4885253906,0.6137084961
30506397.0,2968.0,0.0,-1.20703125,-0.90625,0.40234375,0
30513429.0,7032.0,1.0,0.1766967773,-0.5958862305,0.4901123047,0.6111450195
30516397.0,2968.0,0.0,-0.5859375,-0.68359375,0.328125,0
30523429.0,7032.0,1.0,0.1744384766,-0.5981445313,0.4912109375,0.6087036133
30526397.0,2968.0,0.0,1.421875,1.33984375,1.00390625,0
30533429.0,7032.0,1.0,0.1719970703,-0.6007080078,0.4917602539,0.6063842773
30536397.0,2968.0,0.0,1.94140625,1.484375,1.6484375,0
30543429.0,7032.0,1.0,0.169128418,-0.6036987305,0.4915771484,0.6044311523
30546397.0,2968.0,0.0,1.88671875,2.48046875,1.41015625,0
30553429.0,7032.0,1.0,0.1657104492,-0.6070556641,0.4902954102,0.6030273438
30556397.0,2968.0,0.0,1.18359375,3.58203125,0.546875,0
30568429.0,12032.0,1.0,0.1617431641,-0.6104736328,0.4882202148,0.6022949219
30572397.0,3968.0,0.0,-1.859375,3.421875,-1.98046875,0
30575429.0,3032.0,1.0,0.1571655273,-0.6141967773,0.4852905273,0.6021728516
30578397.0,2968.0,0.0,-1.8671875,3.4140625,-1.94921875,0
30583429.0,5032.0,1.0,0.1520385742,-0.6179199219,0.4816894531,0.6024780273
30586397.0,2968.0,0.0,-1.72265625,3.17578125,-0.74609375,0
30593429.0,7032.0,1.0,0.1469726563,-0.6214599609,0.4782714844,0.6028442383
30596397.0,2968.0,0.0,-0.28125,1.734375,0.46484375,0
30603429.0,7032.0,1.0,0.1419677734,-0.6248168945,0.4752197266,0.6030273438
30606397.0,2968.0,0.0,-0.05859375,1.7578125,1.90625,0
30613429.0,7032.0,1.0,0.1372680664,-0.6278076172,0.4727172852,0.6029052734
30617397.0,3968.0,0.0,-0.390625,2.15625,2.42578125,0
30623429.0,6032.0,1.0,0.1326293945,-0.6305541992,0.4708251953,0.6026000977
30626397.0,2968.0,0.0,-0.17578125,1.671875,2.7265625,0
30633429.0,7032.0,1.0,0.128112793,-0.6329956055,0.4694824219,0.6021118164
30636397.0,2968.0,0.0,-0.4296875,1.02734375,2.7578125,0
30643429.0,7032.0,1.0,0.1232910156,-0.6352539063,0.4685668945,0.6013793945
30646397.0,2968.0,0.0,-0.69140625,0.375,2.796875,0
30653429.0,7032.0,1.0,0.1184082031,-0.6372680664,0.4683227539,0.6004638672
30656397.0,2968.0,0.0,-0.98828125,-0.46875,2.94921875,0
30663429.0,7032.0,1.0,0.1137084961,-0.6389160156,0.4688720703,0.5991821289
30666397.0,2968.0,0.0,-0.9140625,-1.125,3.04296875,0
30673429.0,7032.0,1.0,0.1092529297,-0.6401367188,0.4703369141,0.5975341797
30676397.0,2968.0,0.0,-1.52734375,-1.6015625,3.59765625,0
30683429.0,7032.0,1.0,0.1047363281,-0.6410522461,0.4731445313,0.5951538086
30686397.0,2968.0,0.0,-2.1640625,-1.75,3.4296875,0
30693429.0,7032.0,1.0,0.100769043,-0.641418457,0.4772338867,0.5922241211
30696397.0,2968.0,0.0,-2.984375,-1.78125,3.70703125,0
30703429.0,7032.0,1.0,0.0973510742,-0.6411743164,0.4826049805,0.5886230469
30706397.0,2968.0,0.0,-3.73828125,-2.00390625,3.6015625,0
30713429.0,7032.0,1.0,0.0943603516,-0.6403198242,0.4895019531,0.5843505859
30716397.0,2968.0,0.0,-3.96875,-1.6171875,3.05859375,0
30723429.0,7032.0,1.0,0.0919189453,-0.6389160156,0.4974365234,0.5795288086
30726397.0,2968.0,0.0,-4.3984375,-0.8125,2.6640625,0
30733429.0,7032.0,1.0,0.0894775391,-0.6369628906,0.5063476563,0.5743408203
30736397.0,2968.0,0.0,-4.984375,-0.5859375,2.6328125,0
30745429.0,9032.0,1.0,0.0872802734,-0.6346435547,0.5154418945,0.5692138672
30748397.0,2968.0,0.0,-5.95703125,-0.625,2.90625,0
30756429.0,8032.0,1.0,0.0850219727,-0.6315307617,0.5256958008,0.5635375977
30759397.0,2968.0,0.0,-8.359375,1.28125,2.83984375,0
30763429.0,4032.0,1.0,0.0828857422,-0.627746582,0.5368041992,0.5576171875
30766397.0,2968.0,0.0,-9.76953125,3.07421875,2.3515625,0
30774429.0,8032.0,1.0,0.0806884766,-0.6233520508,0.548034668,0.5518798828
30777397.0,2968.0,0.0,-10.8515625,4.359375,1.296875,0
30783429.0,6032.0,1.0,0.0783081055,-0.6182861328,0.5594482422,0.5464477539
30786397.0,2968.0,0.0,-12.50390625,9.12109375,-1.390625,0
30793429.0,7032.0,1.0,0.0753173828,-0.6126098633,0.5704956055,0.541809082
30796397.0,2968.0,0.0,-12.50390625,11.53125,-3.16015625,0
30803429.0,7032.0,1.0,0.071105957,-0.6060791016,0.5811767578,0.5383911133
30806397.0,2968.0,0.0,-12.63671875,14.703125,-4.3828125,0
30813429.0,7032.0,1.0,0.0650634766,-0.598815918,0.5905151367,0.537109375
30816397.0,2968.0,0.0,-12.546875,15.984375,-5.0703125,0
30828429.0,12032.0,1.0,0.0568847656,-0.5911865234,0.59765625,0.5385742188
30833397.0,4968.0,0.0,-7.6640625,18.15625,-1.75390625,0
30836429.0,3032.0,1.0,0.0451660156,-0.5824584961,0.602722168,0.5435180664
30839397.0,2968.0,0.0,-7.8125,17.8984375,-1.83203125,0
30843429.0,4032.0,1.0,0.0299682617,-0.573059082,0.6047363281,0.5522460938
30846397.0,2968.0,0.0,-4.87109375,14.40625,1.10546875,0
30853429.0,7032.0,1.0,0.0154418945,-0.5631103516,0.6069946289,0.5606079102
30856397.0,2968.0,0.0,-4.0546875,-2.0625,8.3359375,0
30863429.0,7032.0,1.0,0.0075683594,-0.5525512695,0.6141357422,0.5634155273
30866397.0,2968.0,0.0,-1.578125,11.5234375,5.8203125,0
30873429.0,7032.0,1.0,0.0002441406,0.5397949219,-0.6202392578,-0.569152832
30876397.0,2968.0,0.0,1.66796875,40.2109375,-4.2265625,0
30883429.0,7032.0,1.0,0.0150146484,0.5256347656,-0.6145019531,-0.5880737305
30886397.0,2968.0,0.0,3.2578125,38.421875,-14.23828125,0
30893429.0,7032.0,1.0,0.0331420898,0.5107421875,-0.5985107422,-0.6162719727
30896397.0,2968.0,0.0,4.24609375,18.1953125,-16.4921875,0
30908429.0,12032.0,1.0,0.0481567383,0.4962768555,-0.5791625977,-0.6449584961
30912397.0,3968.0,0.0,2.09375,-5.69140625,-8.328125,0
30915429.0,3032.0,1.0,0.05859375,0.4815063477,-0.5584106445,-0.6729736328
30918397.0,2968.0,0.0,2.078125,-5.83203125,-9.078125,0
30923429.0,5032.0,1.0,0.0639648438,0.4675292969,-0.5374145508,-0.6989135742
30926397.0,2968.0,0.0,0.69140625,-8.18359375,-5.8515625,0
30934429.0,8032.0,1.0,0.0648193359,0.4549560547,-0.5162353516,-0.7227172852
30937397.0,2968.0,0.0,1.98046875,-11.70703125,-4.33203125,0
30943429.0,6032.0,1.0,0.0620727539,0.4438476563,-0.494934082,-0.7444458008
30946397.0,2968.0,0.0,5.4453125,-14.6171875,-1.43359375,0
30953429.0,7032.0,1.0,0.0559692383,0.4337158203,-0.4733276367,-0.7646484375
30956397.0,2968.0,0.0,7.19921875,-16.19921875,-1.64453125,0
30965429.0,9032.0,1.0,0.0471801758,0.4251098633,-0.4527587891,-0.7823486328
30968397.0,2968.0,0.0,8.08203125,-16.9296875,-0.90234375,0
30975429.0,7032.0,1.0,0.0355834961,0.4176025391,-0.4331665039,-0.7979736328
30978397.0,2968.0,0.0,8.63671875,-17.16015625,-0.1171875,0
30983429.0,5032.0,1.0,0.0213623047,0.4110717773,-0.4151000977,-0.811340332
30986397.0,2968.0,0.0,9.421875,-15.1484375,0.3515625,0
30993429.0,7032.0,1.0,0.0054321289,0.4055786133,-0.3984375,-0.8226318359
30996397.0,2968.0,0.0,8.796875,-12.31640625,0.640625,0
31005429.0,9032.0,1.0,0.0103149414,-0.4014282227,0.3834228516,0.8317260742
31008397.0,2968.0,0.0,8.23046875,-10.79296875,-0.54296875,0
31015429.0,7032.0,1.0,0.0269165039,-0.3981323242,0.3686523438,0.8395996094
31018397.0,2968.0,0.0,7.4375,-10.25,-0.2890625,0
31023429.0,5032.0,1.0,0.0443115234,-0.3955078125,0.3544921875,0.8461303711
31026397.0,2968.0,0.0,7.6015625,-9.625,-0.0703125,0
31033429.0,7032.0,1.0,0.0609741211,-0.3936767578,0.3423461914,0.8509521484
31036397.0,2968.0,0.0,7.93359375,-8.67578125,-0.08203125,0
31043429.0,7032.0,1.0,0.0776367188,-0.3922729492,0.3311157227,0.854675293
31046397.0,2968.0,0.0,8.30078125,-7.58203125,0.05078125,0
31053429.0,7032.0,1.0,0.0927734375,-0.3913574219,0.3212280273,0.8573608398
31056397.0,2968.0,0.0,8.6171875,-7.1640625,0.46875,0
31063429.0,7032.0,1.0,0.1087646484,-0.3908691406,0.3108520508,0.8594970703
31066397.0,2968.0,0.0,8.390625,-6.99609375,0.828125,0
31073429.0,7032.0,1.0,0.1232299805,-0.3908691406,0.3017578125,0.8608398438
31076397.0,2968.0,0.0,8.19921875,-7.34375,1.0234375,0
31085429.0,9032.0,1.0,0.1364746094,-0.3911743164,0.294128418,0.8612670898
31088397.0,2968.0,0.0,8.1015625,-7.578125,0.89453125,0
31096429.0,8032.0,1.0,0.1500244141,-0.3918457031,0.2874755859,0.8609619141
31099397.0,2968.0,0.0,8.09375,-7.23828125,0.79296875,0
31103429.0,4032.0,1.0,0.1631469727,-0.3927612305,0.2822265625,0.8599243164
31106397.0,2968.0,0.0,7.95703125,-6.49609375,0.73828125,0
31113429.0,7032.0,1.0,0.1759643555,-0.3939819336,0.2779541016,0.858215332
31116397.0,2968.0,0.0,7.66796875,-5.92578125,0.37109375,0
31123429.0,7032.0,1.0,0.1881713867,-0.3955078125,0.2747192383,0.8560180664
31126397.0,2968.0,0.0,7.38671875,-5.6875,0.1171875,0
31133429.0,7032.0,1.0,0.1995239258,-0.3970947266,0.2723388672,0.8533935547
31136397.0,2968.0,0.0,6.66015625,-5.1171875,-0.08203125,0
31143429.0,7032.0,1.0,0.2102661133,-0.3989257813,0.2708740234,0.8504638672
31146397.0,2968.0,0.0,6.18359375,-4.9375,-0.296875,0
31154429.0,8032.0,1.0,0.2202148438,-0.4009399414,0.2700805664,0.8472290039
31157397.0,2968.0,0.0,5.5703125,-4.58984375,-0.78125,0
31163429.0,6032.0,1.0,0.2291870117,-0.4030151367,0.2699584961,0.8438720703
31166397.0,2968.0,0.0,4.82421875,-4.18359375,-0.98046875,0
31176429.0,10032.0,1.0,0.2376708984,-0.4053344727,0.2704467773,0.8402709961
31179397.0,2968.0,0.0,3.375,-3.7421875,-1.62890625,0
31183429.0,4032.0,1.0,0.2456665039,-0.4078369141,0.2716064453,0.8363647461
31186397.0,2968.0,0.0,3.0390625,-3.3203125,-2.2734375,0
31194429.0,8032.0,1.0,0.2531738281,-0.4104614258,0.2736206055,0.8322143555
31197397.0,2968.0,0.0,2.86328125,-2.68359375,-2.8515625,0
31203429.0,6032.0,1.0,0.259765625,-0.4133300781,0.2758178711,0.8280639648
31206397.0,2968.0,0.0,2.60546875,0.24609375,-4.8203125,0
31213429.0,7032.0,1.0,0.2655029297,-0.4166259766,0.2777099609,0.8239135742
31216397.0,2968.0,0.0,2.0390625,0.8828125,-5.09375,0
31223429.0,7032.0,1.0,0.2702636719,-0.4201660156,0.2792358398,0.8200683594
31226397.0,2968.0,0.0,0.9453125,1.625,-5.9375,0
31234429.0,8032.0,1.0,0.2741088867,-0.423828125,0.280090332,0.8165893555
31237397.0,2968.0,0.0,-0.43359375,2.484375,-6.9375,0
31243429.0,6032.0,1.0,0.2767944336,-0.4275512695,0.280090332,0.8137207031
31246397.0,2968.0,0.0,-3.7109375,2.546875,-6.30859375,0
31253429.0,7032.0,1.0,0.2786865234,-0.4318847656,0.2790527344,0.8111572266
31256397.0,2968.0,0.0,-4.9375,2.00390625,-5.703125,0
31263429.0,7032.0,1.0,0.2797851563,-0.436340332,0.2774047852,0.8089599609
31266397.0,2968.0,0.0,-5.51171875,1.23046875,-5.04296875,0
31274429.0,8032.0,1.0,0.2803344727,-0.4407958984,0.2755737305,0.8069458008
31277397.0,2968.0,0.0,-5.43359375,-0.14453125,-3.75390625,0
31284429.0,7032.0,1.0,0.2805786133,-0.4452514648,0.2741088867,0.8049316406
31287397.0,2968.0,0.0,-3.703125,-1.1953125,-0.8203125,0
31293429.0,6032.0,1.0,0.2807617188,-0.4494018555,0.2734375,0.8027954102
31296397.0,2968.0,0.0,-2.21484375,-2.5546875,-0.59375,0
31303429.0,7032.0,1.0,0.2809448242,-0.4535522461,0.2737426758,0.8002929688
31306397.0,2968.0,0.0,-1.83203125,-3.71875,0.35546875,0
31314429.0,8032.0,1.0,0.28125,-0.4576416016,0.2753295898,0.7973022461
31317397.0,2968.0,0.0,-1.9296875,-3.8203125,0.296875,0
31329429.0,12032.0,1.0,0.2817382813,-0.4611816406,0.2781982422,0.7940673828
31334429.0,5000.0,1.0,0.2826538086,-0.4647216797,0.2827758789,0.7900390625
31336397.0,1968.0,0.0,-4.6875,-2.6953125,-2.6015625,0
31344429.0,8032.0,1.0,0.2838134766,-0.4678955078,0.2888183594,0.7855834961
31347397.0,2968.0,0.0,-5.40625,-0.34375,-3.65625,0
31354429.0,7032.0,1.0,0.2849121094,-0.4705810547,0.2952880859,0.7811279297
31357397.0,2968.0,0.0,-6.8125,2.359375,-6.0625,0
31363429.0,6032.0,1.0,0.2860107422,-0.4729614258,0.3023071289,0.7766113281
31366397.0,2968.0,0.0,-5.96875,1.578125,-5.40625,0
31373429.0,7032.0,1.0,0.2869262695,-0.4750366211,0.3094482422,0.7722167969
31377397.0,3968.0,0.0,-3.5625,2.28125,-5.12109375,0
31384429.0,7032.0,1.0,0.2872924805,-0.4772949219,0.3165893555,0.7677001953
31387397.0,2968.0,0.0,-1.76953125,2.5625,-2.7734375,0
31393429.0,6032.0,1.0,0.2869873047,-0.4799194336,0.3233642578,0.7633666992
31396397.0,2968.0,0.0,-1.76953125,1.23828125,-1.37109375,0
31403429.0,7032.0,1.0,0.2861938477,-0.4827880859,0.3303222656,0.7589111328
31406397.0,2968.0,0.0,-2.8125,1.015625,-1.8359375,0
31414429.0,8032.0,1.0,0.2850952148,-0.485534668,0.3369750977,0.7545776367
31417397.0,2968.0,0.0,-4.65625,1.02734375,-2.19921875,0
31424429.0,7032.0,1.0,0.2838134766,-0.4882202148,0.3435668945,0.7503662109
31427397.0,2968.0,0.0,-6.203125,1.51171875,-4.38671875,0
31433429.0,6032.0,1.0,0.2825927734,-0.4906005859,0.3497924805,0.7463989258
31436397.0,2968.0,0.0,-7.015625,1.67578125,-7.51171875,0
31448429.0,12032.0,1.0,0.2815551758,-0.4928588867,0.3562011719,0.7422485352
31452397.0,3968.0,0.0,-5.8046875,4.05859375,-7.4921875,0
31455429.0,3032.0,1.0,0.2807006836,-0.4949951172,0.3623046875,0.7381591797
31458397.0,2968.0,0.0,-3.75,3.3125,-6.7109375,0
31464429.0,6032.0,1.0,0.2796020508,-0.4975585938,0.3674316406,0.734375
31467397.0,2968.0,0.0,-3.7265625,3.2734375,-6.5859375,0
31474429.0,7032.0,1.0,0.2782592773,-0.5003662109,0.3715209961,0.7308349609
31477397.0,2968.0,0.0,-0.80078125,1.015625,-4.046875,0
31483429.0,6032.0,1.0,0.2768554688,-0.5032958984,0.3748779297,0.7276611328
31486397.0,2968.0,0.0,-1.3828125,1.49609375,-3.5234375,0
31494429.0,8032.0,1.0,0.2754516602,-0.5062866211,0.3778686523,0.7245483398
31497397.0,2968.0,0.0,-3.08984375,1.40625,-4.6328125,0
31504429.0,7032.0,1.0,0.2744750977,-0.5090332031,0.3811645508,0.7213134766
31507397.0,2968.0,0.0,-4.453125,1.50390625,-5.10546875,0
31514429.0,7032.0,1.0,0.2741699219,-0.5111083984,0.3850097656,0.7178955078
31517397.0,2968.0,0.0,-4.0546875,2.1328125,-4.84375,0
31523429.0,6032.0,1.0,0.2741699219,-0.512878418,0.3889770508,0.7144775391
31526397.0,2968.0,0.0,-3.3515625,2.4921875,-4.2421875,0
31534429.0,8032.0,1.0,0.2741699219,-0.5147705078,0.3926391602,0.7111206055
31537397.0,2968.0,0.0,-1.95703125,2.8984375,-3.91015625,0
31544429.0,7032.0,1.0,0.2737426758,-0.5168457031,0.3958129883,0.7080078125
31547397.0,2968.0,0.0,-0.4453125,1.51171875,-2.58984375,0
31554429.0,7032.0,1.0,0.2731933594,-0.5190429688,0.3985595703,0.705078125
31557397.0,2968.0,0.0,-0.890625,1.9609375,-2.94921875,0
31564429.0,7032.0,1.0,0.272644043,-0.5211791992,0.4013671875,0.7020874023
31567397.0,2968.0,0.0,-1.37109375,2.29296875,-3.5078125,0
31574429.0,7032.0,1.0,0.2722167969,-0.5230712891,0.4041748047,0.69921875
31577397.0,2968.0,0.0,-1.9375,2.0546875,-3.65234375,0
31584429.0,7032.0,1.0,0.2717895508,-0.5248413086,0.4068603516,0.696472168
31587397.0,2968.0,0.0,-2.54296875,0.6953125,-3.2578125,0
31594429.0,7032.0,1.0,0.2713012695,-0.526550293,0.4094848633,0.6938476563
31597397.0,2968.0,0.0,-2.30859375,-0.0390625,-3.74609375,0
31604429.0,7032.0,1.0,0.270690918,-0.5282592773,0.4119262695,0.6913452148
31607397.0,2968.0,0.0,-2.14453125,-0.4375,-3.890625,0
31614429.0,7032.0,1.0,0.2699584961,-0.5299682617,0.4141235352,0.6890258789
31617397.0,2968.0,0.0,-1.87109375,-0.13671875,-2.171875,0
31629429.0,12032.0,1.0,0.2691040039,-0.5316772461,0.4160766602,0.6868286133
31634397.0,4968.0,0.0,-1.25,-0.94921875,-0.32421875,0
31637429.0,3032.0,1.0,0.2681274414,-0.5334472656,0.4182128906,0.6845703125
31640397.0,2968.0,0.0,-1.2421875,-0.95703125,-0.24609375,0
31644429.0,4032.0,1.0,0.2670288086,-0.5353393555,0.4206542969,0.6820068359
31647397.0,2968.0,0.0,-1.1953125,-0.32421875,-0.54296875,0
31654429.0,7032.0,1.0,0.2660522461,-0.5368652344,0.423034668,0.6797485352
31657397.0,2968.0,0.0,-0.734375,-0.1484375,-1.84375,0
31664429.0,7032.0,1.0,0.2649536133,-0.5383300781,0.4254760742,0.6774902344
31667397.0,2968.0,0.0,-0.12109375,1.29296875,-1.765625,0
31674429.0,7032.0,1.0,0.2637939453,-0.5396728516,0.4276123047,0.6754760742
31677397.0,2968.0,0.0,1.06640625,1.26953125,0.5234375,0
31684429.0,7032.0,1.0,0.2622680664,-0.5413208008,0.4298095703,0.6734008789
31687397.0,2968.0,0.0,1.41796875,0.41015625,1.9453125,0
31694429.0,7032.0,1.0,0.260559082,-0.5430908203,0.4320678711,0.6711425781
31697397.0,2968.0,0.0,0.64453125,0.35546875,2.6796875,0
31704429.0,7032.0,1.0,0.2587890625,-0.5448608398,0.4344482422,0.6688842773
31707397.0,2968.0,0.0,-0.046875,0.02734375,1.76953125,0
31714429.0,7032.0,1.0,0.2568969727,-0.5465698242,0.4370117188,0.6665649414
31718397.0,3968.0,0.0,0.59765625,0.04296875,0.82421875,0
31724429.0,6032.0,1.0,0.2552490234,-0.5480957031,0.4396972656,0.6641845703
31727397.0,2968.0,0.0,1.0859375,0.0859375,0.2890625,0
31734429.0,7032.0,1.0,0.2536621094,-0.5494384766,0.4426269531,0.6616821289
31737397.0,2968.0,0.0,2.6953125,0.67578125,-0.27734375,0
31744429.0,7032.0,1.0,0.2520141602,-0.5509033203,0.4454956055,0.6591796875
31747397.0,2968.0,0.0,2.65234375,0.53125,0.7734375,0
31754429.0,7032.0,1.0,0.2501831055,-0.5525512695,0.448059082,0.6567993164
31757397.0,2968.0,0.0,1.83203125,0.23828125,1.6953125,0
31764429.0,7032.0,1.0,0.248046875,-0.5544433594,0.4503173828,0.6544189453
31767397.0,2968.0,0.0,0.453125,-0.51171875,1.47265625,0
31774429.0,7032.0,1.0,0.2457275391,-0.5564575195,0.452331543,0.6522216797
31777397.0,2968.0,0.0,-0.94140625,-1.140625,-0.125,0
31784429.0,7032.0,1.0,0.2434082031,-0.5583496094,0.4541625977,0.6502075195
31787397.0,2968.0,0.0,-0.9140625,-1.43359375,-0.66015625,0
31794429.0,7032.0,1.0,0.2412109375,-0.5601196289,0.4559326172,0.6482543945
31797397.0,2968.0,0.0,-0.078125,-0.94921875,-1.04296875,0
31804429.0,7032.0,1.0,0.2390136719,-0.5618286133,0.4575195313,0.6464233398
31807397.0,2968.0,0.0,1.24609375,-0.97265625,-0.828125,0
31813429.0,6032.0,1.0,0.2368164063,-0.563659668,0.4589233398,0.6446533203
31816397.0,2968.0,0.0,1.9765625,-0.90625,1.46484375,0
31824429.0,8032.0,1.0,0.2342529297,-0.5658569336,0.4602661133,0.6427001953
31827397.0,2968.0,0.0,1.8046875,-0.26953125,2.109375,0
31834429.0,7032.0,1.0,0.2316894531,-0.5681762695,0.4613037109,0.6408691406
31837397.0,2968.0,0.0,0.6875,-0.75390625,1.5,0
31844429.0,7032.0,1.0,0.2291259766,-0.5705566406,0.4621582031,0.6390380859
31847397.0,2968.0,0.0,0.13671875,-0.76171875,1.37890625,0
31854429.0,7032.0,1.0,0.2264404297,-0.5729980469,0.4629516602,0.6372070313
31857397.0,2968.0,0.0,-0.140625,-1.3046875,1.37890625,0
31869429.0,12032.0,1.0,0.2239990234,-0.5751953125,0.4635620117,0.6356811523
31873397.0,3968.0,0.0,-0.2265625,-1.51171875,0.20703125,0
31876429.0,3032.0,1.0,0.2212524414,-0.5776977539,0.4641723633,0.633972168
31879397.0,2968.0,0.0,-0.5078125,-1.2109375,0.26953125,0
31884429.0,5032.0,1.0,0.2183837891,-0.5803222656,0.4647216797,0.6321411133
31887397.0,2968.0,0.0,-0.5234375,-1.2265625,0.34765625,0
31894429.0,7032.0,1.0,0.2157592773,-0.5827026367,0.4653320313,0.6303710938
31897397.0,2968.0,0.0,-0.875,-0.66015625,0.79296875,0
31904429.0,7032.0,1.0,0.2131958008,-0.5852050781,0.466003418,0.6284179688
31907397.0,2968.0,0.0,-0.46484375,-0.73828125,1.44140625,0
31914429.0,7032.0,1.0,0.2106323242,-0.5876464844,0.4666137695,0.6265258789
31917397.0,2968.0,0.0,-0.140625,-0.5546875,1.36328125,0
31924429.0,7032.0,1.0,0.2079467773,-0.5901489258,0.4671020508,0.6246948242
31927397.0,2968.0,0.0,-0.00390625,-0.4921875,0.890625,0
31934429.0,7032.0,1.0,0.2049560547,-0.5927124023,0.4674072266,0.623046875
31937397.0,2968.0,0.0,-0.01171875,-0.35546875,0.76171875,0
31944429.0,7032.0,1.0,0.2015380859,-0.5953369141,0.4674072266,0.6216430664
31947397.0,2968.0,0.0,0.203125,-0.1796875,1.63671875,0
31954429.0,7032.0,1.0,0.1976928711,-0.5981445313,0.4672241211,0.620300293
31957397.0,2968.0,0.0,-0.2421875,-0.5390625,2.3125,0
31964429.0,7032.0,1.0,0.1937255859,-0.6009521484,0.4671020508,0.6189575195
31967397.0,2968.0,0.0,-0.91015625,-0.48828125,1.109375,0
31974429.0,7032.0,1.0,0.1896972656,-0.6036376953,0.4671020508,0.6176147461
31977397.0,2968.0,0.0,-0.85546875,-0.84765625,0.828125,0
31984429.0,7032.0,1.0,0.1857910156,-0.6061401367,0.4674072266,0.6160888672
31987397.0,2968.0,0.0,-1.26171875,-0.6796875,0.46875,0
31994429.0,7032.0,1.0,0.1820068359,-0.6085205078,0.4678344727,0.6145629883
31997397.0,2968.0,0.0,-1.125,0.28515625,0.30859375,0
32003429.0,6032.0,1.0,0.1784057617,-0.6107177734,0.4682617188,0.6131591797
32006397.0,2968.0,0.0,0.23046875,-0.85546875,0.2890625,0
32014429.0,8032.0,1.0,0.1744384766,-0.6130371094,0.46875,0.6115722656
32017397.0,2968.0,0.0,1.04296875,-0.34375,0.6953125,0
32024429.0,7032.0,1.0,0.1703491211,-0.6154174805,0.4691162109,0.6101074219
32027397.0,2968.0,0.0,0.8203125,0.27734375,1.1796875,0
32034429.0,7032.0,1.0,0.166015625,-0.6177978516,0.4692993164,0.6087036133
32037397.0,2968.0,0.0,0.87109375,0.28515625,2.19921875,0
32043429.0,6032.0,1.0,0.1616821289,-0.6200561523,0.4693603516,0.6075439453
32046397.0,2968.0,0.0,0.19921875,0.328125,1.75390625,0
32054429.0,8032.0,1.0,0.1568603516,-0.6224975586,0.4694213867,0.606262207
32057397.0,2968.0,0.0,-0.5625,-0.0546875,1.65625,0
32064429.0,7032.0,1.0,0.1520996094,-0.6247558594,0.469543457,0.6050415039
32067397.0,2968.0,0.0,-1.43359375,0.203125,1.51953125,0
32074429.0,7032.0,1.0,0.147277832,-0.626953125,0.4697265625,0.6038818359
32077397.0,2968.0,0.0,-1.3984375,0.35546875,1.26953125,0
32089429.0,12032.0,1.0,0.1426391602,-0.62890625,0.4699707031,0.602722168
32093397.0,3968.0,0.0,-0.2421875,0.6171875,1.4375,0
32096429.0,3032.0,1.0,0.1379394531,-0.6307983398,0.4705200195,0.6014404297
32099397.0,2968.0,0.0,-0.2734375,0.5703125,1.484375,0
32104429.0,5032.0,1.0,0.1327514648,-0.6326904297,0.4711914063,0.6000366211
32107397.0,2968.0,0.0,-0.2734375,1.08984375,2.58203125,0
32114429.0,7032.0,1.0,0.1279296875,-0.6343994141,0.4720458984,0.5986328125
32117397.0,2968.0,0.0,0.40625,0.66015625,1.640625,0
32124429.0,7032.0,1.0,0.1229248047,-0.6359863281,0.4730224609,0.5972290039
32127397.0,2968.0,0.0,-0.015625,1.1015625,1.734375,0
32134429.0,7032.0,1.0,0.1178588867,-0.6373901367,0.4741210938,0.5958251953
32137397.0,2968.0,0.0,-0.484375,1.8046875,0.90625,0
32144429.0,7032.0,1.0,0.1127319336,-0.638671875,0.4755249023,0.5943603516
32147397.0,2968.0,0.0,-0.53125,0.59375,0.234375,0
32154429.0,7032.0,1.0,0.1077880859,-0.6397094727,0.4770507813,0.5928955078
32157397.0,2968.0,0.0,-1.6875,1.94921875,0.09765625,0
32164429.0,7032.0,1.0,0.1026611328,-0.640625,0.4786987305,0.5915527344
32167397.0,2968.0,0.0,-2.27734375,1.19140625,0.06640625,0
32174429.0,7032.0,1.0,0.0971679688,-0.6412963867,0.4804077148,0.5903320313
32177397.0,2968.0,0.0,-3.21484375,0.69921875,0.61328125,0
32184429.0,7032.0,1.0,0.0914306641,-0.6417236328,0.482421875,0.5891723633
32187397.0,2968.0,0.0,-3.921875,-0.26953125,1.88671875,0
32194429.0,7032.0,1.0,0.0855102539,-0.641784668,0.4848022461,0.5880126953
32197397.0,2968.0,0.0,-5.4453125,-1.0078125,3.5390625,0
32204429.0,7032.0,1.0,0.0791015625,-0.641418457,0.48828125,0.5864257813
32207397.0,2968.0,0.0,-6.3203125,-1.078125,4.015625,0
32214429.0,7032.0,1.0,0.0731201172,-0.6404418945,0.4930419922,0.5842895508
32217397.0,2968.0,0.0,-7.2109375,-1.26171875,4.04296875,0
32224429.0,7032.0,1.0,0.0679321289,-0.6387329102,0.4994506836,0.5813598633
32227397.0,2968.0,0.0,-8.2265625,-0.98828125,4.12109375,0
32234429.0,7032.0,1.0,0.0637207031,-0.6362304688,0.5074462891,0.5775756836
32237397.0,2968.0,0.0,-10.31640625,1.20703125,4.06640625,0
32249429.0,12032.0,1.0,0.0601806641,-0.6327514648,0.5175170898,0.5728149414
32253397.0,3968.0,0.0,-11.921875,3.7421875,2.453125,0
32256429.0,3032.0,1.0,0.057434082,-0.6285400391,0.5286865234,0.5676269531
32259397.0,2968.0,0.0,-12.46875,5.47265625,0.875,0
32264429.0,5032.0,1.0,0.0547485352,-0.6231689453,0.5413208008,0.5618286133
32267397.0,2968.0,0.0,-12.6015625,5.35546875,1.0078125,0
32274429.0,7032.0,1.0,0.0517578125,-0.6171875,0.5536499023,0.5567016602
32277397.0,2968.0,0.0,-13.69921875,13.42578125,-2.328125,0
32284429.0,7032.0,1.0,0.0473022461,-0.6104125977,0.5651245117,0.5529785156
32287397.0,2968.0,0.0,-13.41796875,15.84375,-4.46484375,0
32294429.0,7032.0,1.0,0.0405883789,-0.6029052734,0.5748901367,0.5516357422
32297397.0,2968.0,0.0,-11.7734375,16.46875,-6.640625,0
32304429.0,7032.0,1.0,0.0310058594,-0.5946044922,0.5823364258,0.553527832
32307397.0,2968.0,0.0,-9.70703125,18.00390625,-5.40625,0
32314429.0,7032.0,1.0,0.0180053711,-0.5856323242,0.5865478516,0.5592041016
32317397.0,2968.0,0.0,-4.96875,16.734375,-1.76953125,0
32329429.0,12032.0,1.0,0.0018920898,-0.5768432617,0.586730957,0.5682983398
32333397.0,3968.0,0.0,-5.09375,-2.26171875,5.16796875,0
32336429.0,3032.0,1.0,0.0157470703,0.5673828125,-0.5856323242,-0.5786743164
32339397.0,2968.0,0.0,-3.62890625,-17.4375,8.6796875,0
32344429.0,5032.0,1.0,0.028137207,0.5568237305,-0.5884399414,-0.5855102539
32347397.0,2968.0,0.0,-0.7109375,5.09765625,7.359375,0
32354429.0,7032.0,1.0,0.0366210937,0.544921875,-0.5919189453,-0.5927734375
32357397.0,2968.0,0.0,1.09375,27.59375,-4.99609375,0
32364429.0,7032.0,1.0,0.0479736328,0.5314331055,-0.5871582031,-0.6087036133
32367397.0,2968.0,0.0,1.87109375,32.96484375,-12.91015625,0
32374429.0,7032.0,1.0,0.0626220703,0.5166625977,-0.5720825195,-0.6339111328
32377397.0,2968.0,0.0,5.2109375,18.15234375,-18.4609375,0
32389429.0,12032.0,1.0,0.0757446289,0.5021362305,-0.5520019531,-0.6613769531
32394397.0,4968.0,0.0,-0.93359375,-7.45703125,-6.1796875,0
32397429.0,3032.0,1.0,0.084777832,0.4881591797,-0.5299682617,-0.6882324219
32400397.0,2968.0,0.0,-0.91796875,-7.53515625,-6.921875,0
32404429.0,4032.0,1.0,0.0885009766,0.474609375,-0.5074462891,-0.713684082
32407397.0,2968.0,0.0,-0.46484375,-12.4140625,-5.00390625,0
32414429.0,7032.0,1.0,0.0866088867,0.4628295898,-0.487487793,-0.7352905273
32417397.0,2968.0,0.0,2.42578125,-13.99609375,-2.78515625,0
32424429.0,7032.0,1.0,0.0810546875,0.4526367188,-0.46875,-0.7542114258
32427397.0,2968.0,0.0,5.78515625,-11.50390625,-1.33984375,0
32434429.0,7032.0,1.0,0.0724487305,0.4428100586,-0.4479370117,-0.7733154297
32437397.0,2968.0,0.0,6.8828125,-13.39453125,-1.16796875,0
32444429.0,7032.0,1.0,0.0614624023,0.4343261719,-0.4275512695,-0.7904663086
32447397.0,2968.0,0.0,8.06640625,-15.03515625,-0.7578125,0
32454429.0,7032.0,1.0,0.0478515625,0.4270629883,-0.4083862305,-0.8052978516
32457397.0,2968.0,0.0,8.89453125,-14.9296875,0.28515625,0
32469429.0,12032.0,1.0,0.0330810547,0.4212646484,-0.3918457031,-0.8172607422
32473397.0,3968.0,0.0,10.65234375,-12.71875,0.7578125,0
32476429.0,3032.0,1.0,0.0159912109,0.4161987305,-0.375793457,-0.8278198242
32479397.0,2968.0,0.0,10.79296875,-12.390625,0.421875,0
32484429.0,5032.0,1.0,0.002746582,-0.4118652344,0.3607788086,0.8367919922
32487397.0,2968.0,0.0,10.2421875,-10.8671875,0.36328125,0
32494429.0,7032.0,1.0,0.0211181641,-0.4085693359,0.3480224609,0.8435058594
32497397.0,2968.0,0.0,9.45703125,-9.86328125,-0.19140625,0
32504429.0,7032.0,1.0,0.0399169922,-0.4058837891,0.3364868164,0.8487548828
32507397.0,2968.0,0.0,8.73828125,-8.36328125,0.29296875,0
32514429.0,7032.0,1.0,0.0587768555,-0.4037475586,0.3259277344,0.8528442383
32517397.0,2968.0,0.0,8.91796875,-7.1484375,0.34375,0
32526429.0,9032.0,1.0,0.076171875,-0.4020996094,0.3167114258,0.8557128906
32529397.0,2968.0,0.0,9.2421875,-6.328125,0.3125,0
32536429.0,7032.0,1.0,0.0938110352,-0.4007568359,0.3073730469,0.8579711914
32539397.0,2968.0,0.0,9.40234375,-5.62890625,0.0546875,0
32544429.0,5032.0,1.0,0.1116333008,-0.3996582031,0.2978515625,0.8596801758
32547397.0,2968.0,0.0,9.015625,-5.13671875,0.3046875,0
32554429.0,7032.0,1.0,0.1272583008,-0.3990478516,0.2892456055,0.8607788086
32557397.0,2968.0,0.0,8.80859375,-5.2578125,0.37890625,0
32564429.0,7032.0,1.0,0.1422119141,-0.3987426758,0.2807006836,0.8613891602
32567397.0,2968.0,0.0,8.6796875,-5.3359375,0.38671875,0
32574429.0,7032.0,1.0,0.1557617188,-0.3988037109,0.2730102539,0.8615112305
32577397.0,2968.0,0.0,8.53515625,-6.48046875,0.60546875,0
32584429.0,7032.0,1.0,0.1696777344,-0.399230957,0.2657470703,0.8609619141
32587397.0,2968.0,0.0,8.3125,-6.69140625,0.57421875,0
32594429.0,7032.0,1.0,0.1826782227,-0.3997802734,0.2602539063,0.8597412109
32597397.0,2968.0,0.0,8.15234375,-6.6015625,0.328125,0
32606429.0,9032.0,1.0,0.1948242188,-0.400390625,0.2563476563,0.8579101563
32609397.0,2968.0,0.0,7.93359375,-5.76953125,0.2578125,0
32617429.0,8032.0,1.0,0.2065429688,-0.401184082,0.2536010742,0.8555908203
32620397.0,2968.0,0.0,6.9296875,-3.5390625,-0.25390625,0
32624429.0,4032.0,1.0,0.2178344727,-0.4024047852,0.2512817383,0.8529052734
32627397.0,2968.0,0.0,6.46875,-2.5546875,-0.64453125,0
32634429.0,7032.0,1.0,0.2278442383,-0.4041137695,0.2489624023,0.8501586914
32637397.0,2968.0,0.0,6.1953125,-2.25390625,-0.64453125,0
32644429.0,7032.0,1.0,0.2364501953,-0.4063720703,0.2465820313,0.8474731445
32647397.0,2968.0,0.0,5.96484375,-2.53515625,-1.09765625,0
32654429.0,7032.0,1.0,0.244140625,-0.4091186523,0.2443847656,0.8446044922
32657397.0,2968.0,0.0,4.93359375,-3.48046875,-1.765625,0
32664429.0,7032.0,1.0,0.2509155273,-0.4121704102,0.242980957,0.8415527344
32667397.0,2968.0,0.0,4.58984375,-4.0625,-2.0390625,0
32674429.0,7032.0,1.0,0.2572631836,-0.4153442383,0.2429199219,0.8380737305
32677397.0,2968.0,0.0,4.0625,-4.16015625,-2.29296875,0
32684429.0,7032.0,1.0,0.2633056641,-0.4184570313,0.2444458008,0.8341064453
32687397.0,2968.0,0.0,3.45703125,-3.84375,-2.95703125,0
32694429.0,7032.0,1.0,0.268737793,-0.421875,0.2468261719,0.8299560547
32697397.0,2968.0,0.0,2.546875,0.38671875,-4.71875,0
32709429.0,12032.0,1.0,0.2728881836,-0.4255981445,0.2486572266,0.826171875
32713397.0,3968.0,0.0,0.2265625,2.76953125,-6.1328125,0
32716429.0,3032.0,1.0,0.2758789063,-0.4298095703,0.2495727539,0.8226928711
32719397.0,2968.0,0.0,-1.48828125,2.39453125,-6.546875,0
32724429.0,5032.0,1.0,0.2779541016,-0.4343261719,0.2499389648,0.819519043
32727397.0,2968.0,0.0,-3.16796875,2.41015625,-7.46875,0
32734429.0,7032.0,1.0,0.2791748047,-0.4385375977,0.2500610352,0.8168334961
32737397.0,2968.0,0.0,-4.765625,2.49609375,-6.3125,0
32744429.0,7032.0,1.0,0.2797241211,-0.4426269531,0.2500610352,0.814453125
32747397.0,2968.0,0.0,-5.6015625,2.23046875,-5.55859375,0
32755429.0,8032.0,1.0,0.2794189453,-0.4467773438,0.2496948242,0.8123779297
32758397.0,2968.0,0.0,-5.34765625,1.85546875,-4.83984375,0
32764429.0,6032.0,1.0,0.2783203125,-0.4508666992,0.2490234375,0.8107299805
32767397.0,2968.0,0.0,-5.578125,-1.41015625,-1.8203125,0
32774429.0,7032.0,1.0,0.2767333984,-0.4552001953,0.2487792969,0.8088989258
32777397.0,2968.0,0.0,-4.54296875,-3.8359375,0.51953125,0
32784429.0,7032.0,1.0,0.2752685547,-0.458984375,0.25,0.8068847656
32787397.0,2968.0,0.0,-3.046875,-4.2578125,1.48046875,0
32795429.0,8032.0,1.0,0.2739868164,-0.4623413086,0.2530517578,0.8044433594
32798397.0,2968.0,0.0,-2.01953125,-5.27734375,1.15234375,0
32804429.0,6032.0,1.0,0.2730102539,-0.4652099609,0.2579956055,0.801574707
32807397.0,2968.0,0.0,-2.70703125,-4.2578125,-0.44140625,0
32814429.0,7032.0,1.0,0.2723388672,-0.4677734375,0.2651977539,0.7979125977
32817397.0,2968.0,0.0,-3.46484375,-2.54296875,-2.60546875,0
32824429.0,7032.0,1.0,0.2719726563,-0.4698486328,0.2739257813,0.7938842773
32827397.0,2968.0,0.0,-3.47265625,-0.96875,-3.66796875,0
32835429.0,8032.0,1.0,0.2717285156,-0.471496582,0.283203125,0.7896728516
32838397.0,2968.0,0.0,-2.984375,-0.54296875,-4.1796875,0
32844429.0,6032.0,1.0,0.2712402344,-0.4730224609,0.2929077148,0.7854003906
32847397.0,2968.0,0.0,-1.37890625,1.9375,-4.62109375,0
32854429.0,7032.0,1.0,0.270324707,-0.4746704102,0.3021240234,0.78125
32857397.0,2968.0,0.0,-1.15625,1.66796875,-3.75390625,0
32864429.0,7032.0,1.0,0.268737793,-0.4766845703,0.3107299805,0.7771606445
32867397.0,2968.0,0.0,-1.51953125,1.06640625,-2.9609375,0
32875429.0,8032.0,1.0,0.2666015625,-0.4790039063,0.3189086914,0.7731323242
32878397.0,2968.0,0.0,-2.0625,1.6953125,-2.734375,0
32890429.0,12032.0,1.0,0.2643432617,-0.4814453125,0.326171875,0.7693481445
32895429.0,5000.0,1.0,0.2617797852,-0.4842529297,0.3334350586,0.7653808594
32897397.0,1968.0,0.0,-4.42578125,1.73046875,-5.203125,0
32904429.0,7032.0,1.0,0.2591552734,-0.4869995117,0.3403320313,0.7614746094
32907397.0,2968.0,0.0,-5.1796875,1.7265625,-5.29296875,0
32914429.0,7032.0,1.0,0.2567138672,-0.4897460938,0.346496582,0.7577514648
32917397.0,2968.0,0.0,-5.0390625,1.71875,-4.50390625,0
32924429.0,7032.0,1.0,0.2543945313,-0.4924926758,0.352355957,0.7540283203
32927397.0,2968.0,0.0,-4.44140625,0.8125,-3.7109375,0
32934429.0,7032.0,1.0,0.2522583008,-0.495300293,0.3578491211,0.7503051758
32938397.0,3968.0,0.0,-3.9296875,0.48046875,-3.234375,0
32944429.0,6032.0,1.0,0.2504882813,-0.4981689453,0.36328125,0.7463989258
32947397.0,2968.0,0.0,-4.10546875,0.54296875,-2.59375,0
32954429.0,7032.0,1.0,0.2490234375,-0.5009765625,0.3685302734,0.7424316406
32957397.0,2968.0,0.0,-4.88671875,-0.76953125,-3.734375,0
32964429.0,7032.0,1.0,0.2478637695,-0.5037841797,0.3742675781,0.7380371094
32967397.0,2968.0,0.0,-4.83203125,0.140625,-5.4609375,0
32974429.0,7032.0,1.0,0.247253418,-0.5062255859,0.3798217773,0.7337036133
32977397.0,2968.0,0.0,-4.6171875,1.51953125,-7.58203125,0
32984429.0,7032.0,1.0,0.2471313477,-0.5083618164,0.3851318359,0.7294921875
32987397.0,2968.0,0.0,-4.53125,2.24609375,-8.52734375,0
32994429.0,7032.0,1.0,0.247253418,-0.5103149414,0.3897705078,0.7256469727
32997397.0,2968.0,0.0,-2.32421875,3.79296875,-7.15625,0
33009429.0,12032.0,1.0,0.2473754883,-0.5124511719,0.3940429688,0.7217407227
33013397.0,3968.0,0.0,-1.08984375,1.97265625,-4.04296875,0
33016429.0,3032.0,1.0,0.2473144531,-0.5148925781,0.3975830078,0.7180786133
33019397.0,2968.0,0.0,-2.0703125,2.421875,-4.5546875,0
33024429.0,5032.0,1.0,0.2470703125,-0.5176391602,0.4005737305,0.7145385742
33027397.0,2968.0,0.0,-2.046875,2.421875,-4.4375,0
33034429.0,7032.0,1.0,0.2467041016,-0.5202636719,0.4025268555,0.7116699219
33037397.0,2968.0,0.0,-2.9453125,2.84375,-5.53125,0
33044429.0,7032.0,1.0,0.2461547852,-0.5227661133,0.4037475586,0.7092895508
33047397.0,2968.0,0.0,-2.015625,1.93359375,-5.4921875,0
33055429.0,8032.0,1.0,0.2454833984,-0.5253295898,0.4046630859,0.7071533203
33058397.0,2968.0,0.0,-1.08984375,1.6015625,-4.00390625,0
33064429.0,6032.0,1.0,0.2445678711,-0.5278930664,0.4056396484,0.7050170898
33067397.0,2968.0,0.0,-1.265625,0.76953125,-2.0859375,0
33074429.0,7032.0,1.0,0.2435913086,-0.5303955078,0.4067993164,0.7027587891
33077397.0,2968.0,0.0,-2.66796875,0.65234375,-1.01171875,0
33084429.0,7032.0,1.0,0.2425537109,-0.5327148438,0.4083251953,0.7004394531
33087397.0,2968.0,0.0,-2.92578125,-0.3125,-1.125,0
33095429.0,8032.0,1.0,0.2416381836,-0.5346679688,0.4103393555,0.6981201172
33098397.0,2968.0,0.0,-2.4609375,-0.6171875,-1.26953125,0
33104429.0,6032.0,1.0,0.2409057617,-0.5361938477,0.4128417969,0.6956787109
33107397.0,2968.0,0.0,-1.04296875,-0.2109375,-1.95703125,0
33115429.0,8032.0,1.0,0.2401733398,-0.5375366211,0.4157104492,0.6932373047
33118397.0,2968.0,0.0,-0.46875,0.03125,-2.1015625,0
33124429.0,6032.0,1.0,0.239440918,-0.5388183594,0.4186401367,0.6906738281
33127397.0,2968.0,0.0,-0.7265625,-0.21484375,-1.296875,0
33135429.0,8032.0,1.0,0.2387084961,-0.5401611328,0.4217529297,0.6879882813
33138397.0,2968.0,0.0,-0.4609375,-0.62109375,-0.08984375,0
33144429.0,6032.0,1.0,0.2380371094,-0.5414428711,0.4250488281,0.6852416992
33147397.0,2968.0,0.0,-0.26953125,-1.140625,-0.6171875,0
33154429.0,7032.0,1.0,0.2373657227,-0.5426635742,0.4287109375,0.6821289063
33157397.0,2968.0,0.0,-0.30859375,-0.16796875,-0.9765625,0
33164429.0,7032.0,1.0,0.2368774414,-0.5437011719,0.4323730469,0.6791992188
33167397.0,2968.0,0.0,0.06640625,0.421875,-1.77734375,0
33175429.0,8032.0,1.0,0.236328125,-0.5446777344,0.4359130859,0.6763916016
33178397.0,2968.0,0.0,0.671875,0.703125,-1.609375,0
33184429.0,6032.0,1.0,0.2357177734,-0.5456542969,0.4389038086,0.673828125
33187397.0,2968.0,0.0,0.98046875,0.765625,-0.3046875,0
33194429.0,7032.0,1.0,0.2350463867,-0.5469360352,0.4420166016,0.6709594727
33197397.0,2968.0,0.0,0.51171875,-0.4453125,1.359375,0
33204429.0,7032.0,1.0,0.2342529297,-0.5484008789,0.4448852539,0.6681518555
33207397.0,2968.0,0.0,0.16796875,-0.00390625,0.48828125,0
33215429.0,8032.0,1.0,0.2332763672,-0.549987793,0.4474487305,0.6655273438
33218397.0,2968.0,0.0,-0.22265625,-0.66015625,0.34375,0
33230429.0,12032.0,1.0,0.232421875,-0.5515136719,0.4496459961,0.6630249023
33235397.0,4968.0,0.0,0.6953125,-0.09375,-0.765625,0
33238429.0,3032.0,1.0,0.2315673828,-0.5531005859,0.4519042969,0.6605224609
33241397.0,2968.0,0.0,1.609375,0.39453125,0.73046875,0
33245429.0,4032.0,1.0,0.2306518555,-0.5548706055,0.4542236328,0.6577148438
33248397.0,2968.0,0.0,1.6015625,0.38671875,0.80859375,0
33255429.0,7032.0,1.0,0.229675293,-0.556640625,0.4561157227,0.6552734375
33258397.0,2968.0,0.0,1.68359375,0.41796875,0.46484375,0
33264429.0,6032.0,1.0,0.2283935547,-0.5587158203,0.4577026367,0.6528320313
33267397.0,2968.0,0.0,1.1796875,1.078125,0.015625,0
33275429.0,8032.0,1.0,0.2267456055,-0.5610351563,0.4586791992,0.6506958008
33278397.0,2968.0,0.0,0.82421875,0.7265625,-0.296875,0
33285429.0,7032.0,1.0,0.2247314453,-0.5634765625,0.4592895508,0.6488647461
33288397.0,2968.0,0.0,-0.1015625,0.5703125,0.046875,0
33295429.0,7032.0,1.0,0.22265625,-0.5658569336,0.4596557617,0.647277832
33298397.0,2968.0,0.0,-0.0234375,0.296875,-0.08203125,0
33305429.0,7032.0,1.0,0.2205810547,-0.5681762695,0.4602050781,0.6455688477
33308397.0,2968.0,0.0,-0.03125,0.37109375,0.6328125,0
33315429.0,7032.0,1.0,0.2185668945,-0.5703735352,0.4610595703,0.643737793
33319397.0,3968.0,0.0,0.9921875,-0.29296875,1.1640625,0
33325429.0,6032.0,1.0,0.2165527344,-0.5725097656,0.4621582031,0.6417236328
33328397.0,2968.0,0.0,1.32421875,-0.5625,1.88671875,0
33334429.0,6032.0,1.0,0.2145385742,-0.5744628906,0.4634399414,0.6396484375
33337397.0,2968.0,0.0,0.7421875,-0.46484375,2.5,0
33345429.0,8032.0,1.0,0.2123413086,-0.5764770508,0.4650268555,0.6374511719
33348397.0,2968.0,0.0,0.50390625,-0.90234375,2.4921875,0
33355429.0,7032.0,1.0,0.2100219727,-0.5784301758,0.4667358398,0.6352539063
33358397.0,2968.0,0.0,0.6328125,-0.609375,1.58203125,0
33365429.0,7032.0,1.0,0.2075195313,-0.5802612305,0.4685058594,0.6329956055
33368397.0,2968.0,0.0,0.12109375,-0.6328125,0.734375,0
33374429.0,6032.0,1.0,0.2049560547,-0.5819702148,0.4702758789,0.6309814453
33377397.0,2968.0,0.0,-0.59375,-0.08203125,-0.078125,0
33385429.0,8032.0,1.0,0.2020874023,-0.5837402344,0.4722290039,0.6288452148
33388397.0,2968.0,0.0,-0.3125,-0.19140625,0.5078125,0
33395429.0,7032.0,1.0,0.1990966797,-0.5854492188,0.4739379883,0.6268920898
33398397.0,2968.0,0.0,-0.78515625,-0.86328125,1.265625,0
33405429.0,7032.0,1.0,0.1959228516,-0.587097168,0.4755859375,0.6250610352
33408397.0,2968.0,0.0,-1.19140625,-0.89453125,1.75,0
33415429.0,7032.0,1.0,0.192565918,-0.5888061523,0.4771118164,0.6233520508
33418397.0,2968.0,0.0,-1.0703125,-2.4296875,2.2109375,0
33425429.0,7032.0,1.0,0.1889648438,-0.5904541016,0.4787597656,0.6216430664
33428397.0,2968.0,0.0,-0.18359375,-2.8125,2.015625,0
33435429.0,7032.0,1.0,0.1853637695,-0.5919799805,0.4807128906,0.6198120117
33438397.0,2968.0,0.0,0.015625,-2.5078125,1.73828125,0
33445429.0,7032.0,1.0,0.1817626953,-0.5933837891,0.4829101563,0.6177978516
33448397.0,2968.0,0.0,0.0625,-1.78125,1.6171875,0
33455429.0,7032.0,1.0,0.1784057617,-0.594543457,0.4854125977,0.6156616211
33458397.0,2968.0,0.0,0.51953125,-1.7109375,1.16015625,0
33468429.0,10032.0,1.0,0.1752929688,-0.5956420898,0.4881591797,0.6133422852
33471397.0,2968.0,0.0,0.06640625,-1.13671875,1.1328125,0
33478429.0,7032.0,1.0,0.1719360352,-0.5968017578,0.4912109375,0.6107177734
33481397.0,2968.0,0.0,-0.125,-1.4140625,1.32421875,0
33485429.0,4032.0,1.0,0.168762207,-0.5979614258,0.4939575195,0.6082763672
33488397.0,2968.0,0.0,-1.0,-1.8359375,1.5234375,0
33495429.0,7032.0,1.0,0.1657104492,-0.5991821289,0.4964599609,0.6058349609
33498397.0,2968.0,0.0,-1.6875,-1.5625,1.3359375,0
33505429.0,7032.0,1.0,0.1625366211,-0.6004638672,0.4989013672,0.6034545898
33508397.0,2968.0,0.0,-1.69140625,-1.03515625,1.22265625,0
33515429.0,7032.0,1.0,0.159362793,-0.6019287109,0.5010986328,0.6010131836
33518397.0,2968.0,0.0,-0.6953125,-0.60546875,1.21484375,0
33525429.0,7032.0,1.0,0.1563110352,-0.6033935547,0.5029296875,0.598815918
33528397.0,2968.0,0.0,0.38671875,0.2890625,0.44140625,0
33535429.0,7032.0,1.0,0.1530761719,-0.6051025391,0.5045166016,0.5966186523
33538397.0,2968.0,0.0,0.66015625,1.29296875,0.16796875,0
33545429.0,7032.0,1.0,0.1497802734,-0.6069946289,0.5054931641,0.5946655273
33548397.0,2968.0,0.0,0.359375,1.578125,0.0,0
33555429.0,7032.0,1.0,0.1463012695,-0.6091308594,0.5056762695,0.5932006836
33558397.0,2968.0,0.0,-0.046875,2.01171875,-0.6328125,0
33564429.0,6032.0,1.0,0.1424560547,-0.6115722656,0.5050048828,0.5921630859
33567397.0,2968.0,0.0,-1.2265625,3.4921875,-1.3515625,0
33575429.0,8032.0,1.0,0.1378173828,-0.6143798828,0.5034179688,0.5917358398
33578397.0,2968.0,0.0,-1.2109375,4.00390625,-0.81640625,0
33585429.0,7032.0,1.0,0.1327514648,-0.6173095703,0.5010986328,0.5917358398
33588397.0,2968.0,0.0,-1.6953125,3.4375,0.2421875,0
33595429.0,7032.0,1.0,0.1275634766,-0.6201782227,0.4985961914,0.5920410156
33598397.0,2968.0,0.0,-1.82421875,3.25390625,0.6875,0
33605429.0,7032.0,1.0,0.122253418,-0.6229248047,0.49609375,0.5924072266
33608397.0,2968.0,0.0,-1.65625,3.03125,1.58203125,0
33615429.0,7032.0,1.0,0.1172485352,-0.6253662109,0.4939575195,0.592590332
33619397.0,3968.0,0.0,-1.296875,2.38671875,1.8359375,0
33625429.0,6032.0,1.0,0.1125488281,-0.6275634766,0.4924926758,0.5924682617
33628397.0,2968.0,0.0,-1.08984375,2.1171875,2.203125,0
33635429.0,7032.0,1.0,0.1081542969,-0.6294555664,0.4918212891,0.591796875
33638397.0,2968.0,0.0,-1.3125,1.88671875,2.65625,0
33650429.0,12032.0,1.0,0.104309082,-0.6309814453,0.4920043945,0.5906982422
33655397.0,4968.0,0.0,-4.33203125,1.84765625,2.046875,0
33658429.0,3032.0,1.0,0.1004638672,-0.6322021484,0.4931640625,0.589050293
33661397.0,2968.0,0.0,-6.05859375,1.30859375,2.8203125,0
33665429.0,4032.0,1.0,0.0963745117,-0.6330566406,0.4953613281,0.5870361328
33668397.0,2968.0,0.0,-6.10546875,1.25390625,2.8828125,0
33675429.0,7032.0,1.0,0.0927124023,-0.6333007813,0.4984130859,0.584777832
33678397.0,2968.0,0.0,-8.296875,1.1171875,3.2890625,0
33685429.0,7032.0,1.0,0.0891113281,-0.6328735352,0.5029907227,0.5818481445
33688397.0,2968.0,0.0,-8.94140625,0.48046875,3.40625,0
33695429.0,7032.0,1.0,0.0859985352,-0.631652832,0.5092773438,0.5781860352
33698397.0,2968.0,0.0,-9.77734375,0.40234375,3.26953125,0
33705429.0,7032.0,1.0,0.0836791992,-0.6294555664,0.5175170898,0.5735473633
33708397.0,2968.0,0.0,-10.8671875,0.70703125,3.6484375,0
33715429.0,7032.0,1.0,0.0823364258,-0.6262817383,0.5274658203,0.5681152344
33718397.0,2968.0,0.0,-12.609375,2.4296875,3.95703125,0
33725429.0,7032.0,1.0,0.0817260742,-0.621887207,0.5394897461,0.561706543
33728397.0,2968.0,0.0,-12.9765625,4.37109375,3.29296875,0
33735429.0,7032.0,1.0,0.0813598633,-0.6165161133,0.5523071289,0.5551757813
33738397.0,2968.0,0.0,-13.01171875,7.16015625,2.27734375,0
33745429.0,7032.0,1.0,0.0802612305,-0.6102905273,0.5650634766,0.5493774414
33748397.0,2968.0,0.0,-12.29296875,10.08984375,0.1015625,0
33754429.0,6032.0,1.0,0.0773925781,-0.6036376953,0.5761108398,0.5455932617
33757397.0,2968.0,0.0,-11.1015625,15.09375,-3.05859375,0
33769429.0,12032.0,1.0,0.0717773438,-0.5958862305,0.5860595703,0.5443115234
33772397.0,2968.0,0.0,-9.859375,15.76171875,-5.203125,0
33776429.0,4032.0,1.0,0.0626831055,-0.587097168,0.5940551758,0.5463256836
33779397.0,2968.0,0.0,-8.140625,16.44921875,-4.9140625,0
33785429.0,6032.0,1.0,0.0503540039,-0.578125,0.598815918,0.5520019531
33788397.0,2968.0,0.0,-5.8828125,16.625,-4.625,0
33795429.0,7032.0,1.0,0.0336303711,-0.5686645508,0.5997314453,0.5619506836
33798397.0,2968.0,0.0,-2.65234375,14.25390625,-1.5546875,0
33805429.0,7032.0,1.0,0.0146484375,-0.5589599609,0.5980224609,0.57421875
33808397.0,2968.0,0.0,-2.94921875,-4.02734375,7.3359375,0
33815429.0,7032.0,1.0,0.0003662109,0.5480957031,-0.5994873047,-0.5833129883
33818397.0,2968.0,0.0,-3.91015625,-18.8046875,12.03515625,0
33827429.0,9032.0,1.0,0.01171875,0.5360717773,-0.6017456055,-0.5919799805
33830397.0,2968.0,0.0,-2.734375,10.3125,5.16796875,0
33837429.0,7032.0,1.0,0.0274658203,0.521484375,-0.5949707031,-0.6110229492
33840397.0,2968.0,0.0,2.2890625,27.58203125,-13.65234375,0
33845429.0,5032.0,1.0,0.0451049805,0.5056762695,-0.5788574219,-0.6381225586
33848397.0,2968.0,0.0,6.2890625,5.2890625,-17.79296875,0
33855429.0,7032.0,1.0,0.060546875,0.4888916016,-0.5581665039,-0.6676635742
33858397.0,2968.0,0.0,9.12109375,-0.5234375,-17.6796875,0
33867429.0,9032.0,1.0,0.0706787109,0.4732666016,-0.5372924805,-0.694519043
33870397.0,2968.0,0.0,3.3828125,-3.8046875,-10.65234375,0
33877429.0,7032.0,1.0,0.0757446289,0.4588623047,-0.5161132813,-0.7192382813
33880397.0,2968.0,0.0,0.67578125,-12.72265625,-4.69921875,0
33885429.0,5032.0,1.0,0.0759277344,0.4454345703,-0.494934082,-0.7421875
33888397.0,2968.0,0.0,3.94140625,-14.625,-3.37890625,0
33895429.0,7032.0,1.0,0.0717163086,0.4331054688,-0.473815918,-0.7634277344
33898397.0,2968.0,0.0,7.30859375,-16.4609375,-3.28515625,0
33910429.0,12032.0,1.0,0.0643920898,0.4226074219,-0.4538574219,-0.7818603516
33915397.0,4968.0,0.0,9.890625,-18.7109375,-0.0859375,0
33918429.0,3032.0,1.0,0.0537109375,0.4132080078,-0.4337768555,-0.7988891602
33921397.0,2968.0,0.0,10.0078125,-18.4453125,-0.6015625,0
33925429.0,4032.0,1.0,0.0395507813,0.4049072266,-0.4149780273,-0.8138427734
33928397.0,2968.0,0.0,10.5625,-17.84375,0.05078125,0
33935429.0,7032.0,1.0,0.0234985352,0.3983154297,-0.399230957,-0.8254394531
33938397.0,2968.0,0.0,10.91796875,-15.32421875,0.91796875,0
33944429.0,6032.0,1.0,0.0065917969,0.3931274414,-0.3854370117,-0.834777832
33947397.0,2968.0,0.0,9.578125,-10.4609375,-0.078125,0
33955429.0,8032.0,1.0,0.01171875,-0.3888549805,0.3713989258,0.8430175781
33958397.0,2968.0,0.0,8.63671875,-9.2734375,-0.8203125,0
33965429.0,7032.0,1.0,0.0303344727,-0.385559082,0.3579101563,0.8499145508
33968397.0,2968.0,0.0,8.03515625,-8.83203125,-0.5390625,0
33975429.0,7032.0,1.0,0.0485839844,-0.3832397461,0.3458862305,0.8551025391
33978397.0,2968.0,0.0,7.80078125,-8.55859375,-0.359375,0
33990429.0,12032.0,1.0,0.0659179688,-0.3815917969,0.3358764648,0.8586425781
33994397.0,3968.0,0.0,7.2890625,-7.01171875,0.546875,0
33997429.0,3032.0,1.0,0.0840454102,-0.3803710938,0.3266601563,0.8611450195
34000397.0,2968.0,0.0,7.390625,-6.73046875,0.40625,0
34005429.0,5032.0,1.0,0.1025390625,-0.3795166016,0.3178710938,0.8627929688
34008397.0,2968.0,0.0,7.1328125,-5.30078125,0.12109375,0
34015429.0,7032.0,1.0,0.1187744141,-0.3792114258,0.3098144531,0.8637695313
34018397.0,2968.0,0.0,7.25390625,-4.27734375,-0.1328125,0
34025429.0,7032.0,1.0,0.1341552734,-0.3795166016,0.3013916016,0.8643798828
34028397.0,2968.0,0.0,7.74609375,-3.85546875,-0.04296875,0
34035429.0,7032.0,1.0,0.1487426758,-0.3803710938,0.2929077148,0.8645019531
34038397.0,2968.0,0.0,8.0078125,-4.48046875,0.015625,0
34045429.0,7032.0,1.0,0.1625976563,-0.3817138672,0.2848510742,0.8641357422
34048397.0,2968.0,0.0,7.95703125,-4.8359375,0.21484375,0
34055429.0,7032.0,1.0,0.17578125,-0.3833007813,0.2778320313,0.8631591797
34058397.0,2968.0,0.0,7.67578125,-4.515625,0.2734375,0
34070429.0,12032.0,1.0,0.1879882813,-0.3850708008,0.2720336914,0.8616333008
34074397.0,3968.0,0.0,7.1484375,-3.73828125,0.12109375,0
34077429.0,3032.0,1.0,0.1998291016,-0.3870239258,0.2672119141,0.8595581055
34080397.0,2968.0,0.0,7.203125,-3.54296875,0.09765625,0
34085429.0,5032.0,1.0,0.2116088867,-0.3894042969,0.2628173828,0.8570556641
34088397.0,2968.0,0.0,6.71875,-3.1953125,0.08984375,0
34095429.0,7032.0,1.0,0.2215576172,-0.391784668,0.2594604492,0.8544311523
34098397.0,2968.0,0.0,5.76953125,-3.30859375,-0.2578125,0
34105429.0,7032.0,1.0,0.2313232422,-0.39453125,0.2567749023,0.8513793945
34108397.0,2968.0,0.0,5.359375,-3.34375,-0.5078125,0
34115429.0,7032.0,1.0,0.2400512695,-0.3973388672,0.255065918,0.8482055664
34118397.0,2968.0,0.0,4.8671875,-2.98046875,-0.59375,0
34125429.0,7032.0,1.0,0.2481689453,-0.400390625,0.2540893555,0.8447265625
34128397.0,2968.0,0.0,4.2578125,-2.6015625,-0.63671875,0
34135429.0,7032.0,1.0,0.2552490234,-0.4035644531,0.2536621094,0.8412475586
34138397.0,2968.0,0.0,3.15234375,-1.34375,-1.39453125,0
34145429.0,7032.0,1.0,0.2620849609,-0.4072875977,0.2535400391,0.8373413086
34148397.0,2968.0,0.0,3.0625,-0.90625,-1.875,0
34155429.0,7032.0,1.0,0.2677612305,-0.4112548828,0.2535400391,0.8336181641
34158397.0,2968.0,0.0,2.87890625,-0.58984375,-2.58203125,0
34167429.0,9032.0,1.0,0.2721557617,-0.4154663086,0.2534179688,0.8301391602
34170397.0,2968.0,0.0,2.66015625,-0.05078125,-3.7734375,0
34178429.0,8032.0,1.0,0.2758178711,-0.4202270508,0.253112793,0.8265991211
34181397.0,2968.0,0.0,0.76171875,1.52734375,-4.6171875,0
34185429.0,4032.0,1.0,0.2786865234,-0.424987793,0.2528076172,0.8232421875
34188397.0,2968.0,0.0,-0.91015625,1.67578125,-5.42578125,0
34195429.0,7032.0,1.0,0.2808837891,-0.4296264648,0.2525634766,0.8202514648
34198397.0,2968.0,0.0,-2.5546875,2.0078125,-6.07421875,0
34205429.0,7032.0,1.0,0.2823486328,-0.4340820313,0.2522583008,0.8174438477
34208397.0,2968.0,0.0,-4.23046875,2.4140625,-6.03515625,0
34215429.0,7032.0,1.0,0.283203125,-0.4383544922,0.2518920898,0.8150024414
34218397.0,2968.0,0.0,-5.94921875,1.73046875,-5.58203125,0
34225429.0,7032.0,1.0,0.2833862305,-0.4427490234,0.251159668,0.8127441406
34228397.0,2968.0,0.0,-6.63671875,0.58984375,-2.40234375,0
34235429.0,7032.0,1.0,0.2829589844,-0.4472045898,0.2503662109,0.8107299805
34238397.0,2968.0,0.0,-6.75,-0.89453125,-1.87109375,0
34245429.0,7032.0,1.0,0.2825927734,-0.4512939453,0.2504882813,0.8085327148
34248397.0,2968.0,0.0,-3.34765625,-4.88671875,-0.0390625,0
34255429.0,7032.0,1.0,0.2822875977,-0.4551391602,0.2520751953,0.8060302734
34258397.0,2968.0,0.0,-0.97265625,-4.45703125,0.046875,0
34265429.0,7032.0,1.0,0.2821044922,-0.4587402344,0.2549438477,0.8031005859
34268397.0,2968.0,0.0,0.64453125,-5.7265625,0.8984375,0
34276429.0,8032.0,1.0,0.2821044922,-0.462097168,0.2593383789,0.7997436523
34279397.0,2968.0,0.0,0.59765625,-5.98828125,-0.41015625,0
34285429.0,6032.0,1.0,0.2822265625,-0.4652709961,0.2651367188,0.7959594727
34288397.0,2968.0,0.0,-0.6875,-2.51953125,-2.62890625,0
34295429.0,7032.0,1.0,0.2825317383,-0.4682006836,0.2723999023,0.7916870117
34298397.0,2968.0,0.0,-1.7578125,-0.3203125,-1.73046875,0
34305429.0,7032.0,1.0,0.2827148438,-0.4708251953,0.280090332,0.7873535156
34308397.0,2968.0,0.0,-2.484375,0.796875,-3.359375,0
34315429.0,7032.0,1.0,0.2826538086,-0.4733886719,0.2881469727,0.7828979492
34318397.0,2968.0,0.0,-2.75390625,0.625,-3.6484375,0
34330429.0,12032.0,1.0,0.2822875977,-0.4758300781,0.2962036133,0.7785644531
34335397.0,4968.0,0.0,-2.67578125,1.49609375,-4.11328125,0
34338429.0,3032.0,1.0,0.2816162109,-0.4783935547,0.3041992188,0.7741699219
34341397.0,2968.0,0.0,-2.64453125,1.41015625,-3.98046875,0
34345429.0,4032.0,1.0,0.280456543,-0.4813232422,0.3120117188,0.7696533203
34348397.0,2968.0,0.0,-2.7265625,1.9375,-3.44140625,0
34355429.0,7032.0,1.0,0.2788696289,-0.4845581055,0.3190307617,0.7652587891
34358397.0,2968.0,0.0,-2.91796875,2.02734375,-3.0234375,0
34365429.0,7032.0,1.0,0.2769775391,-0.4882202148,0.3253173828,0.7609863281
34368397.0,2968.0,0.0,-2.7734375,0.93359375,-3.765625,0
34375429.0,7032.0,1.0,0.2749633789,-0.4918823242,0.3305053711,0.7570800781
34378397.0,2968.0,0.0,-3.046875,0.76171875,-4.07421875,0
34385429.0,7032.0,1.0,0.2728881836,-0.4957885742,0.3353881836,0.7531738281
34388397.0,2968.0,0.0,-3.67578125,0.140625,-4.78515625,0
34396429.0,8032.0,1.0,0.2710571289,-0.4995727539,0.3400268555,0.749206543
34399397.0,2968.0,0.0,-3.98828125,0.4453125,-5.83203125,0
34405429.0,6032.0,1.0,0.2695922852,-0.5031738281,0.3446044922,0.7452392578
34408397.0,2968.0,0.0,-4.1953125,0.8046875,-5.35546875,0
34415429.0,7032.0,1.0,0.2685546875,-0.5067138672,0.3491210938,0.7410888672
34418397.0,2968.0,0.0,-4.5078125,0.66015625,-4.53125,0
34425429.0,7032.0,1.0,0.2678833008,-0.5101318359,0.3534545898,0.7369384766
34428397.0,2968.0,0.0,-5.05859375,1.1328125,-3.9765625,0
34435429.0,7032.0,1.0,0.2673950195,-0.5135498047,0.3574829102,0.7327880859
34438397.0,2968.0,0.0,-5.765625,0.8125,-6.2265625,0
34445429.0,7032.0,1.0,0.2669677734,-0.5168457031,0.3610229492,0.7288818359
34448397.0,2968.0,0.0,-5.3515625,1.5703125,-7.0703125,0
34455429.0,7032.0,1.0,0.2666625977,-0.5200195313,0.364074707,0.7252197266
34459397.0,3968.0,0.0,-5.296875,0.98828125,-7.06640625,0
34465429.0,6032.0,1.0,0.2663574219,-0.5231323242,0.3667602539,0.7216796875
34468397.0,2968.0,0.0,-4.5078125,1.1484375,-6.765625,0
34475429.0,7032.0,1.0,0.2661132813,-0.5260620117,0.3692016602,0.7184448242
34478397.0,2968.0,0.0,-2.8828125,2.0703125,-5.1015625,0
34490429.0,12032.0,1.0,0.2658081055,-0.5288696289,0.3713989258,0.7153320313
34494397.0,3968.0,0.0,-2.66796875,2.03125,-3.7734375,0
34497429.0,3032.0,1.0,0.2654418945,-0.5316772461,0.3733520508,0.7123413086
34500397.0,2968.0,0.0,-2.65234375,2.046875,-3.6875,0
34505429.0,5032.0,1.0,0.2649536133,-0.5343017578,0.3753051758,0.7095336914
34508397.0,2968.0,0.0,-2.94140625,2.046875,-4.09375,0
34515429.0,7032.0,1.0,0.2645263672,-0.5365600586,0.3772583008,0.7069702148
34518397.0,2968.0,0.0,-2.55078125,1.00390625,-4.28125,0
34525429.0,7032.0,1.0,0.2641601563,-0.5386352539,0.3795776367,0.704284668
34528397.0,2968.0,0.0,-2.65234375,1.04296875,-3.58203125,0
34535429.0,7032.0,1.0,0.2637329102,-0.5404052734,0.3819580078,0.7017822266
34538397.0,2968.0,0.0,-2.18359375,1.03515625,-2.6171875,0
34545429.0,7032.0,1.0,0.2632446289,-0.5421142578,0.384765625,0.6990966797
34548397.0,2968.0,0.0,-1.90625,1.1796875,-1.609375,0
34556429.0,8032.0,1.0,0.2626342773,-0.5438232422,0.3878173828,0.6963500977
34559397.0,2968.0,0.0,-2.09765625,0.8125,-0.95703125,0
34565429.0,6032.0,1.0,0.2619628906,-0.5452880859,0.3908081055,0.6937866211
34568397.0,2968.0,0.0,-1.6328125,0.2890625,-1.171875,0
34575429.0,7032.0,1.0,0.2612915039,-0.5465698242,0.3941040039,0.6911621094
34578397.0,2968.0,0.0,-1.77734375,0.6875,-1.96484375,0
34585429.0,7032.0,1.0,0.2607421875,-0.5476074219,0.397644043,0.6885375977
34588397.0,2968.0,0.0,-1.1640625,0.7421875,-2.76953125,0
34595429.0,7032.0,1.0,0.2603149414,-0.5484619141,0.4013061523,0.6858520508
34598397.0,2968.0,0.0,-0.28125,0.48046875,-1.80078125,0
34605429.0,7032.0,1.0,0.2599487305,-0.5493164063,0.4052124023,0.6829833984
34608397.0,2968.0,0.0,-0.0234375,0.52734375,-0.91015625,0
34616429.0,8032.0,1.0,0.2595214844,-0.5502319336,0.4091186523,0.6800537109
34619397.0,2968.0,0.0,0.29296875,0.34765625,-0.25,0
34625429.0,6032.0,1.0,0.2589111328,-0.5512084961,0.4128417969,0.6772460938
34628397.0,2968.0,0.0,-0.09765625,0.1640625,-0.80859375,0
34635429.0,7032.0,1.0,0.2580566406,-0.5522460938,0.4164428711,0.6745605469
34638397.0,2968.0,0.0,-0.86328125,-0.25,-0.69140625,0
34645429.0,7032.0,1.0,0.2571411133,-0.5532226563,0.4197998047,0.6719970703
34648397.0,2968.0,0.0,-1.36328125,-0.16015625,-0.64453125,0
34656429.0,8032.0,1.0,0.2561035156,-0.5541992188,0.4231567383,0.6694946289
34659397.0,2968.0,0.0,-0.52734375,-0.265625,0.19921875,0
34665429.0,6032.0,1.0,0.255065918,-0.5552368164,0.4264526367,0.6669311523
34668397.0,2968.0,0.0,0.84375,-0.52734375,1.93359375,0
34675429.0,7032.0,1.0,0.2539672852,-0.5562744141,0.4298706055,0.6642456055
34678397.0,2968.0,0.0,0.875,-0.51953125,2.2109375,0
34685429.0,7032.0,1.0,0.2529296875,-0.557434082,0.4333496094,0.6614379883
34688397.0,2968.0,0.0,0.90234375,-0.61328125,1.5703125,0
34696429.0,8032.0,1.0,0.251953125,-0.5586547852,0.436706543,0.6585693359
34699397.0,2968.0,0.0,0.59765625,-1.2109375,0.50390625,0
34711429.0,12032.0,1.0,0.2509765625,-0.5598144531,0.4398193359,0.6558837891
34716429.0,5000.0,1.0,0.2498168945,-0.5610961914,0.4426879883,0.6533203125
34718397.0,1968.0,0.0,0.66015625,-0.25390625,-1.890625,0
34725429.0,7032.0,1.0,0.2485351563,-0.5625610352,0.4451904297,0.6508789063
34728397.0,2968.0,0.0,1.1796875,-0.1171875,-1.23828125,0
34736429.0,8032.0,1.0,0.2471313477,-0.5641479492,0.4473266602,0.6484985352
34739397.0,2968.0,0.0,1.1328125,-0.0546875,-0.31640625,0
34746429.0,7032.0,1.0,0.2455444336,-0.5660400391,0.4493408203,0.6460571289
34749397.0,2968.0,0.0,0.78125,0.54296875,0.3828125,0
34755429.0,6032.0,1.0,0.2439575195,-0.5679321289,0.4508056641,0.6439819336
34758397.0,2968.0,0.0,0.58984375,0.58203125,0.53125,0
34765429.0,7032.0,1.0,0.2420654297,-0.5700683594,0.451965332,0.6420288086
34768397.0,2968.0,0.0,0.7734375,0.7265625,0.6015625,0
34776429.0,8032.0,1.0,0.2399902344,-0.5722045898,0.4528198242,0.6402587891
34779397.0,2968.0,0.0,0.99609375,-0.546875,0.9375,0
34785429.0,6032.0,1.0,0.2379760742,-0.5744628906,0.4536132813,0.6384277344
34788397.0,2968.0,0.0,0.98828125,-0.20703125,1.5,0
34795429.0,7032.0,1.0,0.2359008789,-0.5767211914,0.4545288086,0.6364746094
34798397.0,2968.0,0.0,0.75,0.28125,1.4921875,0
34806429.0,8032.0,1.0,0.2337646484,-0.5790405273,0.4554443359,0.6345214844
34809397.0,2968.0,0.0,0.93359375,0.81640625,1.79296875,0
34816429.0,7032.0,1.0,0.2313842773,-0.5814819336,0.4561767578,0.6326293945
34819397.0,2968.0,0.0,0.41796875,0.234375,1.2890625,0
34825429.0,6032.0,1.0,0.2289428711,-0.5838623047,0.4569091797,0.6307983398
34828397.0,2968.0,0.0,-0.4296875,-0.23828125,0.36328125,0
34835429.0,7032.0,1.0,0.2265014648,-0.5861206055,0.457824707,0.6289672852
34838397.0,2968.0,0.0,-0.90625,-0.25390625,0.05078125,0
34846429.0,8032.0,1.0,0.2241210938,-0.5881958008,0.4589233398,0.6270141602
34849397.0,2968.0,0.0,-1.15234375,0.11328125,-0.7890625,0
34856429.0,7032.0,1.0,0.2218017578,-0.5901489258,0.4600830078,0.6251220703
34859397.0,2968.0,0.0,-1.12109375,-0.48046875,0.078125,0
34865429.0,6032.0,1.0,0.2192993164,-0.5920410156,0.4613647461,0.6232910156
34868397.0,2968.0,0.0,-0.41015625,-0.71484375,0.33984375,0
34875429.0,7032.0,1.0,0.2167358398,-0.5939331055,0.4626464844,0.6215209961
34878397.0,2968.0,0.0,0.02734375,-0.31640625,1.2890625,0
34885429.0,7032.0,1.0,0.2139282227,-0.5958251953,0.4639892578,0.6196289063
34888397.0,2968.0,0.0,0.43359375,-0.83984375,2.0859375,0
34895429.0,7032.0,1.0,0.2111206055,-0.5975952148,0.4652709961,0.6179199219
34898397.0,2968.0,0.0,-0.3125,-0.6015625,2.37890625,0
34905429.0,7032.0,1.0,0.2076416016,-0.5996704102,0.4666137695,0.6160888672
34908397.0,2968.0,0.0,-1.22265625,-0.7890625,2.6875,0
34915429.0,7032.0,1.0,0.2040405273,-0.6017456055,0.4677734375,0.6143798828
34919397.0,3968.0,0.0,-1.97265625,-0.93359375,2.296875,0
34926429.0,7032.0,1.0,0.2001953125,-0.6037597656,0.4688110352,0.6128540039
34929397.0,2968.0,0.0,-2.265625,-0.6875,1.40234375,0
34936429.0,7032.0,1.0,0.1962280273,-0.6057739258,0.469909668,0.611328125
34939397.0,2968.0,0.0,-1.72265625,-1.109375,-0.05859375,0
34951429.0,12032.0,1.0,0.1927490234,-0.607421875,0.4710693359,0.6099243164
34956397.0,4968.0,0.0,0.7890625,-0.765625,-0.33984375,0
34959429.0,3032.0,1.0,0.1890869141,-0.6090698242,0.4724121094,0.6083374023
34962397.0,2968.0,0.0,1.140625,-0.66015625,0.1796875,0
34966429.0,4032.0,1.0,0.1852416992,-0.6108398438,0.4739379883,0.6065673828
34969397.0,2968.0,0.0,1.03515625,-0.4140625,0.55859375,0
34976429.0,7032.0,1.0,0.1818847656,-0.6125488281,0.4751586914,0.6049194336
34979397.0,2968.0,0.0,0.46484375,-0.33984375,0.734375,0
34985429.0,6032.0,1.0,0.1783447266,-0.6143798828,0.4761352539,0.6033325195
34988397.0,2968.0,0.0,0.25,-0.37109375,0.953125,0
34996429.0,8032.0,1.0,0.1743774414,-0.6164550781,0.4766845703,0.6019897461
34999397.0,2968.0,0.0,-0.0390625,0.01953125,0.9296875,0
35006429.0,7032.0,1.0,0.1698608398,-0.6186523438,0.4765014648,0.6011352539
35009397.0,2968.0,0.0,-0.80078125,1.7734375,0.37109375,0
35016429.0,7032.0,1.0,0.1647949219,-0.6210327148,0.4757080078,0.6007080078
35019397.0,2968.0,0.0,-0.4765625,1.85546875,0.37890625,0
35025429.0,6032.0,1.0,0.1593017578,-0.6235351563,0.4744262695,0.6006469727
35028397.0,2968.0,0.0,0.33203125,1.84765625,0.5625,0
35036429.0,8032.0,1.0,0.1534423828,-0.6260986328,0.4727783203,0.600769043
35039397.0,2968.0,0.0,-0.2734375,2.4609375,1.3984375,0
35046429.0,7032.0,1.0,0.1475219727,-0.6286621094,0.4710693359,0.6008911133
35049397.0,2968.0,0.0,0.38671875,1.41015625,1.66015625,0
35056429.0,7032.0,1.0,0.141784668,-0.6311035156,0.4697265625,0.6008300781
35059397.0,2968.0,0.0,0.62890625,0.6328125,1.4609375,0
35066429.0,7032.0,1.0,0.1364135742,-0.6332397461,0.4689331055,0.600402832
35069397.0,2968.0,0.0,0.1796875,0.2421875,1.6171875,0
35076429.0,7032.0,1.0,0.1313476563,-0.6351318359,0.4688720703,0.599609375
35079397.0,2968.0,0.0,0.140625,-0.04296875,1.3203125,0
35085429.0,6032.0,1.0,0.1270141602,-0.6365356445,0.469543457,0.5985107422
35088397.0,2968.0,0.0,0.68359375,0.06640625,0.67578125,0
35095429.0,7032.0,1.0,0.1226196289,-0.6378173828,0.4710693359,0.596862793
35098397.0,2968.0,0.0,0.40625,1.08203125,1.46484375,0
35106429.0,8032.0,1.0,0.1186523438,-0.6388549805,0.4730834961,0.5949707031
35109397.0,2968.0,0.0,-0.55078125,1.52734375,2.1328125,0
35116429.0,7032.0,1.0,0.1146850586,-0.6397094727,0.4754638672,0.5928955078
35119397.0,2968.0,0.0,-1.90234375,1.2421875,2.12109375,0
35125429.0,6032.0,1.0,0.1107788086,-0.6403808594,0.4778442383,0.5909423828
35128397.0,2968.0,0.0,-3.40625,1.68359375,1.5703125,0
35135429.0,7032.0,1.0,0.1062011719,-0.6409301758,0.48046875,0.5891113281
35138397.0,2968.0,0.0,-3.61328125,0.16015625,1.70703125,0
35148429.0,10032.0,1.0,0.1015625,-0.6412353516,0.4831542969,0.5874023438
35151397.0,2968.0,0.0,-3.8203125,-0.06640625,1.953125,0
35158429.0,7032.0,1.0,0.0968017578,-0.6412353516,0.4866333008,0.5853881836
35161397.0,2968.0,0.0,-4.11328125,-0.640625,1.7890625,0
35165429.0,4032.0,1.0,0.0922851563,-0.6407470703,0.4908447266,0.5830688477
35168397.0,2968.0,0.0,-4.94140625,-1.453125,2.65234375,0
35175429.0,7032.0,1.0,0.087890625,-0.6397705078,0.4963989258,0.5801391602
35178397.0,2968.0,0.0,-5.5546875,-1.73046875,4.1484375,0
35186429.0,8032.0,1.0,0.0839233398,-0.6382446289,0.503112793,0.5765991211
35189397.0,2968.0,0.0,-6.0234375,-1.7890625,4.58203125,0
35196429.0,7032.0,1.0,0.0803222656,-0.6362304688,0.510925293,0.5724487305
35199397.0,2968.0,0.0,-6.72265625,-1.15234375,4.8671875,0
35206429.0,7032.0,1.0,0.0772094727,-0.6335449219,0.5199584961,0.5676879883
35209397.0,2968.0,0.0,-7.5234375,-0.09765625,5.17578125,0
35216429.0,7032.0,1.0,0.0746459961,-0.6301879883,0.5302124023,0.5622558594
35219397.0,2968.0,0.0,-8.23828125,0.7265625,4.21875,0
35226429.0,7032.0,1.0,0.0726318359,-0.6260375977,0.5416870117,0.5562133789
35229397.0,2968.0,0.0,-9.3125,2.51953125,3.6640625,0
35236429.0,7032.0,1.0,0.0708007813,-0.6212768555,0.5535888672,0.5500488281
35239397.0,2968.0,0.0,-11.91796875,6.875,0.875,0
35246429.0,7032.0,1.0,0.0686645508,-0.6159057617,0.5654296875,0.5442504883
35249397.0,2968.0,0.0,-13.0,8.7265625,-0.5703125,0
35256429.0,7032.0,1.0,0.0655517578,-0.6098632813,0.5769042969,0.5394287109
35259397.0,2968.0,0.0,-13.48046875,11.21484375,-2.98828125,0
35268429.0,9032.0,1.0,0.0612182617,-0.6036376953,0.5866088867,0.5363769531
35271397.0,2968.0,0.0,-13.60546875,13.88671875,-4.91015625,0
35278429.0,7032.0,1.0,0.0544433594,-0.5964355469,0.5953369141,0.5355834961
35281397.0,2968.0,0.0,-13.36328125,18.2265625,-8.3359375,0
35285429.0,4032.0,1.0,0.0447387695,-0.5888061523,0.6013183594,0.538269043
35288397.0,2968.0,0.0,-11.6640625,20.30859375,-8.44921875,0
35296429.0,8032.0,1.0,0.030090332,-0.5802001953,0.6036987305,0.5459594727
35299397.0,2968.0,0.0,-9.5234375,22.6171875,-6.515625,0
35306429.0,7032.0,1.0,0.0124511719,-0.5713500977,0.6024169922,0.5572509766
35309397.0,2968.0,0.0,-7.88671875,16.91796875,-2.2109375,0
35315429.0,6032.0,1.0,0.0007324219,0.5620727539,-0.604309082,-0.5647583008
35318397.0,2968.0,0.0,-1.57421875,-19.82421875,11.94140625,0
35326429.0,8032.0,1.0,0.0079345703,0.5504150391,-0.6122436523,-0.567565918
35329397.0,2968.0,0.0,-1.1640625,15.8125,7.24609375,0
35336429.0,7032.0,1.0,0.0177001953,0.5372314453,-0.6137695313,-0.5782470703
35339397.0,2968.0,0.0,1.03125,43.75390625,-1.84765625,0
35348429.0,9032.0,1.0,0.0330200195,0.5229492188,-0.6032104492,-0.6013183594
35351397.0,2968.0,0.0,2.8515625,37.375,-9.75,0
35358429.0,7032.0,1.0,0.0500488281,0.5063476563,-0.5838012695,-0.6326293945
35361397.0,2968.0,0.0,6.09375,7.87109375,-20.4609375,0
35366429.0,5032.0,1.0,0.0639038086,0.4895019531,-0.5607910156,-0.6646728516
35369397.0,2968.0,0.0,9.9765625,1.265625,-19.93359375,0
35376429.0,7032.0,1.0,0.0737915039,0.4727172852,-0.5347900391,-0.696472168
35379397.0,2968.0,0.0,9.83203125,-2.8046875,-16.4765625,0
35388429.0,9032.0,1.0,0.0780639648,0.4578857422,-0.509765625,-0.7241210938
35391397.0,2968.0,0.0,4.78515625,-9.67578125,-9.94921875,0
35398429.0,7032.0,1.0,0.076965332,0.4447021484,-0.4858398438,-0.7484741211
35401397.0,2968.0,0.0,6.2421875,-17.86328125,-3.34375,0
35406429.0,5032.0,1.0,0.0716552734,0.4327392578,-0.4621582031,-0.770690918
35409397.0,2968.0,0.0,8.2109375,-17.39453125,-2.0078125,0
35416429.0,7032.0,1.0,0.0627441406,0.421875,-0.4384155273,-0.7911376953
35419397.0,2968.0,0.0,9.62890625,-17.86328125,-2.6171875,0
35428429.0,9032.0,1.0,0.0514526367,0.412902832,-0.4169311523,-0.8081054688
35431397.0,2968.0,0.0,10.40625,-18.87109375,-2.7421875,0
35438429.0,7032.0,1.0,0.0370483398,0.4050292969,-0.3965454102,-0.8229980469
35441397.0,2968.0,0.0,10.37890625,-19.5390625,-0.22265625,0
35446429.0,5032.0,1.0,0.0204467773,0.3985595703,-0.3787841797,-0.8350219727
35449397.0,2968.0,0.0,9.66015625,-17.1796875,0.51171875,0
35456429.0,7032.0,1.0,0.0025024414,0.3933105469,-0.3631591797,-0.8446655273
35459397.0,2968.0,0.0,8.828125,-14.4375,0.3828125,0
35471429.0,12032.0,1.0,0.0156860352,-0.3892822266,0.3491821289,0.8522338867
35475397.0,3968.0,0.0,6.80078125,-11.703125,0.34765625,0
35478429.0,3032.0,1.0,0.0340576172,-0.3862915039,0.3364868164,0.8581542969
35481397.0,2968.0,0.0,6.91015625,-11.390625,0.12109375,0
35485429.0,4032.0,1.0,0.0527954102,-0.383972168,0.3253173828,0.862487793
35488397.0,2968.0,0.0,6.93359375,-10.42578125,0.01953125,0
35496429.0,8032.0,1.0,0.0717773438,-0.3822021484,0.3157348633,0.8654785156
35499397.0,2968.0,0.0,7.19140625,-9.1875,-0.12890625,0
35505429.0,6032.0,1.0,0.0894775391,-0.3809204102,0.3077392578,0.8673095703
35508397.0,2968.0,0.0,7.6953125,-6.69921875,-0.33984375,0
35516429.0,8032.0,1.0,0.1075439453,-0.3800048828,0.2998657227,0.8684082031
35519397.0,2968.0,0.0,7.7734375,-5.640625,-0.37109375,0
35526429.0,7032.0,1.0,0.1239013672,-0.3796386719,0.292175293,0.8690185547
35529397.0,2968.0,0.0,8.19140625,-4.8125,-0.3515625,0
35536429.0,7032.0,1.0,0.1389770508,-0.3798828125,0.2841186523,0.8692626953
35539397.0,2968.0,0.0,8.7109375,-4.91015625,-0.33203125,0
35551429.0,12032.0,1.0,0.15234375,-0.3806152344,0.2766723633,0.869140625
35555397.0,3968.0,0.0,8.84375,-6.7734375,0.28125,0
35558429.0,3032.0,1.0,0.1657714844,-0.3817749023,0.2696533203,0.868347168
35561397.0,2968.0,0.0,8.8984375,-6.5390625,0.2265625,0
35566429.0,5032.0,1.0,0.1796264648,-0.3833007813,0.2636108398,0.8668212891
35569397.0,2968.0,0.0,8.578125,-6.3984375,0.2578125,0
35576429.0,7032.0,1.0,0.19140625,-0.3849487305,0.2593383789,0.8648071289
35579397.0,2968.0,0.0,7.3671875,-5.22265625,0.34765625,0
35586429.0,7032.0,1.0,0.2026367188,-0.3869628906,0.2559204102,0.8623657227
35589397.0,2968.0,0.0,6.765625,-5.1640625,0.41796875,0
35596429.0,7032.0,1.0,0.2132568359,-0.3893432617,0.2532958984,0.8594970703
35599397.0,2968.0,0.0,6.16796875,-5.0859375,0.46875,0
35606429.0,7032.0,1.0,0.2227783203,-0.3920898438,0.2514648438,0.8563842773
35609397.0,2968.0,0.0,5.29296875,-4.8359375,0.41015625,0
35616429.0,7032.0,1.0,0.2315673828,-0.3952636719,0.2504272461,0.8529052734
35619397.0,2968.0,0.0,3.7421875,-3.984375,0.03515625,0
35631429.0,12032.0,1.0,0.2390136719,-0.3984985352,0.2502441406,0.8493652344
35635397.0,3968.0,0.0,3.6796875,-3.9375,-1.07421875,0
35638429.0,3032.0,1.0,0.2461547852,-0.4021606445,0.2510986328,0.8453369141
35641397.0,2968.0,0.0,3.734375,-3.8515625,-1.01171875,0
35646429.0,5032.0,1.0,0.2529907227,-0.4061279297,0.2531738281,0.8408203125
35649397.0,2968.0,0.0,3.875,-3.51171875,-1.5859375,0
35656429.0,7032.0,1.0,0.2585449219,-0.4096069336,0.2562255859,0.8364868164
35659397.0,2968.0,0.0,3.8984375,-2.5703125,-2.9921875,0
35666429.0,7032.0,1.0,0.2640991211,-0.4137573242,0.2604370117,0.8314208984
35669397.0,2968.0,0.0,3.5390625,0.296875,-4.609375,0
35676429.0,7032.0,1.0,0.2681274414,-0.4180297852,0.2639160156,0.8268432617
35680397.0,3968.0,0.0,3.10546875,1.546875,-5.12109375,0
35686429.0,6032.0,1.0,0.2711791992,-0.4225463867,0.2666015625,0.8226928711
35689397.0,2968.0,0.0,1.81640625,3.0625,-5.73828125,0
35696429.0,7032.0,1.0,0.2731323242,-0.4267578125,0.2685546875,0.8192138672
35699397.0,2968.0,0.0,-1.26953125,3.36328125,-7.9140625,0
35706429.0,7032.0,1.0,0.2744750977,-0.4314575195,0.2700805664,0.8158569336
35709397.0,2968.0,0.0,-2.28515625,3.77734375,-8.0390625,0
35716429.0,7032.0,1.0,0.2750244141,-0.4358520508,0.2708740234,0.8130493164
35719397.0,2968.0,0.0,-3.625,3.28125,-7.04296875,0
35726429.0,7032.0,1.0,0.2752075195,-0.4401855469,0.2715454102,0.8104248047
35729397.0,2968.0,0.0,-4.84375,1.96875,-6.19140625,0
35736429.0,7032.0,1.0,0.2750244141,-0.4444580078,0.2720336914,0.8079833984
35739397.0,2968.0,0.0,-5.45703125,1.07421875,-2.84765625,0
35746429.0,7032.0,1.0,0.2744750977,-0.4487304688,0.2724609375,0.8056640625
35749397.0,2968.0,0.0,-4.3046875,-0.2421875,-1.20703125,0
35756429.0,7032.0,1.0,0.2736206055,-0.4530639648,0.2728881836,0.8033447266
35759397.0,2968.0,0.0,-2.92578125,-1.98046875,0.02734375,0
35768429.0,9032.0,1.0,0.2727050781,-0.4572143555,0.2740478516,0.8009643555
35771397.0,2968.0,0.0,-1.203125,-3.23046875,0.19921875,0
35779429.0,8032.0,1.0,0.2720336914,-0.4611206055,0.2766113281,0.798034668
35782397.0,2968.0,0.0,0.4453125,-4.1953125,-0.28515625,0
35786429.0,4032.0,1.0,0.2718505859,-0.4647827148,0.2813110352,0.7943115234
35789397.0,2968.0,0.0,-0.35546875,-3.31640625,-0.54296875,0
35796429.0,7032.0,1.0,0.2720336914,-0.4678955078,0.2875366211,0.790222168
35799397.0,2968.0,0.0,-1.8828125,-1.41796875,-1.2578125,0
35806429.0,7032.0,1.0,0.2723999023,-0.4706420898,0.2947998047,0.7857666016
35809397.0,2968.0,0.0,-4.33203125,3.00390625,-3.1953125,0
35816429.0,7032.0,1.0,0.2725219727,-0.4733276367,0.3021850586,0.78125
35819397.0,2968.0,0.0,-4.5625,3.35546875,-3.67578125,0
35826429.0,7032.0,1.0,0.2721557617,-0.4760742188,0.3090820313,0.7770385742
35829397.0,2968.0,0.0,-4.19140625,2.37109375,-3.80859375,0
35836429.0,7032.0,1.0,0.271484375,-0.4788818359,0.3158569336,0.7727661133
35839397.0,2968.0,0.0,-3.3125,2.03515625,-3.9296875,0
35846429.0,7032.0,1.0,0.2706298828,-0.4816894531,0.3225097656,0.7685546875
35849397.0,2968.0,0.0,-1.79296875,0.46875,-3.765625,0
35856429.0,7032.0,1.0,0.2697143555,-0.4846801758,0.3298950195,0.7639160156
35859397.0,2968.0,0.0,-2.03125,0.62890625,-4.1484375,0
35866429.0,7032.0,1.0,0.2688598633,-0.487487793,0.3367919922,0.7593994141
35869397.0,2968.0,0.0,-2.87890625,2.4375,-4.92578125,0
35876429.0,7032.0,1.0,0.2677001953,-0.4905395508,0.342956543,0.755065918
35879397.0,2968.0,0.0,-4.16015625,2.7265625,-5.96484375,0
35886429.0,7032.0,1.0,0.2662353516,-0.4937744141,0.34765625,0.7512817383
35889397.0,2968.0,0.0,-5.46875,3.3359375,-7.2578125,0
35896429.0,7032.0,1.0,0.2642211914,-0.4975585938,0.3515014648,0.7476806641
35899397.0,2968.0,0.0,-5.67578125,2.6171875,-6.3671875,0
35906429.0,7032.0,1.0,0.2619628906,-0.5014648438,0.3545532227,0.7444458008
35909397.0,2968.0,0.0,-5.3828125,1.55859375,-5.20703125,0
35916429.0,7032.0,1.0,0.259765625,-0.5052490234,0.3571777344,0.741394043
35919397.0,2968.0,0.0,-5.09375,0.77734375,-4.171875,0
35931429.0,12032.0,1.0,0.2578735352,-0.5087280273,0.3598632813,0.7384033203
35935397.0,3968.0,0.0,-6.29296875,0.5234375,-4.7890625,0
35938429.0,3032.0,1.0,0.2562866211,-0.5119628906,0.36328125,0.7349853516
35941397.0,2968.0,0.0,-6.27734375,0.5,-4.671875,0
35946429.0,5032.0,1.0,0.2551879883,-0.514831543,0.3673095703,0.7313842773
35949397.0,2968.0,0.0,-6.29296875,0.96875,-6.1640625,0
35956429.0,7032.0,1.0,0.2544555664,-0.5172729492,0.3712768555,0.7279052734
35959397.0,2968.0,0.0,-6.27734375,2.27734375,-6.734375,0
35966429.0,7032.0,1.0,0.2539672852,-0.5194702148,0.3750610352,0.7245483398
35969397.0,2968.0,0.0,-4.8828125,1.80078125,-5.36328125,0
35976429.0,7032.0,1.0,0.2533569336,-0.5218505859,0.3785400391,0.7212524414
35980397.0,3968.0,0.0,-4.453125,1.6640625,-4.3046875,0
35986429.0,6032.0,1.0,0.2525024414,-0.5243530273,0.3814086914,0.7182006836
35989397.0,2968.0,0.0,-4.0859375,2.30859375,-3.89453125,0
35996429.0,7032.0,1.0,0.2514648438,-0.5269775391,0.3837280273,0.7153930664
35999397.0,2968.0,0.0,-3.58203125,1.1796875,-3.640625,0
36006429.0,7032.0,1.0,0.2504882813,-0.5295410156,0.3859863281,0.7126464844
36009397.0,2968.0,0.0,-3.44921875,0.8203125,-4.05078125,0
36016429.0,7032.0,1.0,0.2498779297,-0.5317382813,0.3883666992,0.7099609375
36019397.0,2968.0,0.0,-3.171875,1.35546875,-4.953125,0
36026429.0,7032.0,1.0,0.2495727539,-0.5335083008,0.3910522461,0.7072143555
36029397.0,2968.0,0.0,-2.62109375,1.9609375,-5.18359375,0
36036429.0,7032.0,1.0,0.2495117188,-0.5350341797,0.3939208984,0.7044677734
36039397.0,2968.0,0.0,-1.76953125,1.140625,-4.17578125,0
36046429.0,7032.0,1.0,0.2494506836,-0.5365600586,0.3970947266,0.7015380859
36049397.0,2968.0,0.0,-1.53515625,1.96875,-3.671875,0
36056429.0,7032.0,1.0,0.2490234375,-0.5382080078,0.3997802734,0.6989135742
36059397.0,2968.0,0.0,-1.5703125,2.52734375,-2.78125,0
36066429.0,7032.0,1.0,0.248046875,-0.5399169922,0.4019775391,0.6967163086
36069397.0,2968.0,0.0,-1.7109375,0.671875,-2.88671875,0
36076429.0,7032.0,1.0,0.2467651367,-0.5415039063,0.4038085938,0.6948852539
36079397.0,2968.0,0.0,-0.8671875,-0.796875,-2.69921875,0
36086429.0,7032.0,1.0,0.245300293,-0.5430297852,0.4058227539,0.6930541992
36089397.0,2968.0,0.0,-1.1640625,-0.70703125,-1.671875,0
36096429.0,7032.0,1.0,0.2438354492,-0.5442504883,0.4080810547,0.6912231445
36099397.0,2968.0,0.0,-0.71484375,-0.81640625,-0.4921875,0
36106429.0,7032.0,1.0,0.2424316406,-0.5454101563,0.410949707,0.6891479492
36109397.0,2968.0,0.0,-0.24609375,-1.71875,0.546875,0
36116429.0,7032.0,1.0,0.2410888672,-0.5464477539,0.4143676758,0.686706543
36119397.0,2968.0,0.0,-0.875,-1.13671875,0.9375,0
36131429.0,12032.0,1.0,0.2398071289,-0.5472412109,0.41796875,0.6843261719
36135397.0,3968.0,0.0,-0.60546875,-1.68359375,0.1796875,0
36138429.0,3032.0,1.0,0.2385864258,-0.5478515625,0.4222412109,0.681640625
36141397.0,2968.0,0.0,-0.73046875,-1.26953125,-0.421875,0
36146429.0,5032.0,1.0,0.2375488281,-0.5481567383,0.4270629883,0.6787719727
36149397.0,2968.0,0.0,-0.73828125,-1.30859375,-0.3203125,0
36156429.0,7032.0,1.0,0.2366333008,-0.5482788086,0.4320068359,0.6758422852
36159397.0,2968.0,0.0,-0.90625,-0.3671875,-0.6953125,0
36166429.0,7032.0,1.0,0.2358398438,-0.5483398438,0.4370727539,0.6727905273
36169397.0,2968.0,0.0,-0.078125,-0.9140625,0.04296875,0
36176429.0,7032.0,1.0,0.2349853516,-0.5485229492,0.4417724609,0.6698608398
36179397.0,2968.0,0.0,0.3671875,-1.44921875,0.40234375,0
36186429.0,7032.0,1.0,0.2338867188,-0.5489501953,0.4463500977,0.6668701172
36189397.0,2968.0,0.0,0.81640625,-0.4609375,0.11328125,0
36196429.0,7032.0,1.0,0.2326660156,-0.5494995117,0.450378418,0.6641845703
36199397.0,2968.0,0.0,1.14453125,-0.9609375,0.0546875,0
36206429.0,7032.0,1.0,0.2312011719,-0.5501708984,0.4537963867,0.6618041992
36209397.0,2968.0,0.0,1.13671875,-1.14453125,0.05859375,0
36217429.0,8032.0,1.0,0.2295532227,-0.5510864258,0.4567871094,0.6595458984
36220397.0,2968.0,0.0,1.5,-0.6015625,0.02734375,0
36226429.0,6032.0,1.0,0.2277832031,-0.5522460938,0.4592895508,0.657409668
36229397.0,2968.0,0.0,2.37109375,-1.19921875,0.55859375,0
36236429.0,7032.0,1.0,0.2258300781,-0.5537719727,0.4616088867,0.6551513672
36239397.0,2968.0,0.0,1.40625,-0.34375,0.828125,0
36246429.0,7032.0,1.0,0.223815918,-0.5554199219,0.4636230469,0.6530151367
36249397.0,2968.0,0.0,0.5859375,0.0625,0.4453125,0
36257429.0,8032.0,1.0,0.2217407227,-0.5571899414,0.4653320313,0.6510620117
36260397.0,2968.0,0.0,-0.49609375,-0.53515625,-0.09765625,0
36266429.0,6032.0,1.0,0.2197875977,-0.5588378906,0.466796875,0.649230957
36269397.0,2968.0,0.0,0.37109375,-0.015625,-0.5234375,0
36276429.0,7032.0,1.0,0.2178955078,-0.560546875,0.4683227539,0.647277832
36279397.0,2968.0,0.0,0.6328125,0.4765625,0.80859375,0
36286429.0,7032.0,1.0,0.2160644531,-0.5623168945,0.469909668,0.6452026367
36289397.0,2968.0,0.0,1.3515625,-0.15234375,2.22265625,0
36297429.0,8032.0,1.0,0.2142333984,-0.5642700195,0.4714355469,0.6430053711
36300397.0,2968.0,0.0,1.44921875,0.453125,2.796875,0
36306429.0,6032.0,1.0,0.2121582031,-0.5663452148,0.4727172852,0.6408691406
36309397.0,2968.0,0.0,0.5234375,-0.17578125,1.86328125,0
36316429.0,7032.0,1.0,0.2100219727,-0.5684814453,0.4739379883,0.6387939453
36319397.0,2968.0,0.0,0.5859375,-0.828125,1.48046875,0
36326429.0,7032.0,1.0,0.2077636719,-0.5704956055,0.4752807617,0.6367797852
36329397.0,2968.0,0.0,0.4609375,-0.3828125,1.0546875,0
36337429.0,8032.0,1.0,0.2053833008,-0.5725097656,0.4766845703,0.6347045898
36340397.0,2968.0,0.0,0.21484375,0.13671875,0.81640625,0
36352429.0,12032.0,1.0,0.203125,-0.5743408203,0.4782104492,0.6326293945
36357429.0,5000.0,1.0,0.2008056641,-0.5761108398,0.4800415039,0.6303710938
36359397.0,1968.0,0.0,0.0625,-0.4375,1.08203125,0
36367429.0,8032.0,1.0,0.1983642578,-0.5778198242,0.4822998047,0.6278076172
36370397.0,2968.0,0.0,-0.18359375,-0.61328125,1.3984375,0
36376429.0,6032.0,1.0,0.1959228516,-0.5794677734,0.4846191406,0.6253051758
36379397.0,2968.0,0.0,0.1015625,-1.48046875,1.015625,0
36386429.0,7032.0,1.0,0.1932983398,-0.5810546875,0.4869995117,0.6228027344
36389397.0,2968.0,0.0,-0.12109375,-1.08203125,1.32421875,0
36396429.0,7032.0,1.0,0.1905517578,-0.5826416016,0.4893188477,0.6203613281
36399397.0,2968.0,0.0,-0.30078125,-1.07421875,1.21875,0
36406429.0,7032.0,1.0,0.1876220703,-0.5842285156,0.4915161133,0.6179199219
36409397.0,2968.0,0.0,0.015625,-0.9453125,1.71875,0
36416429.0,7032.0,1.0,0.1846923828,-0.5858764648,0.4935302734,0.6156616211
36419397.0,2968.0,0.0,-0.515625,-0.9765625,1.94921875,0
36426429.0,7032.0,1.0,0.1814575195,-0.5877075195,0.4956054688,0.6132202148
36429397.0,2968.0,0.0,-0.73828125,-0.546875,1.4140625,0
36436429.0,7032.0,1.0,0.1782836914,-0.5895385742,0.4974975586,0.6109008789
36440397.0,3968.0,0.0,-0.80859375,0.03515625,0.8046875,0
36446429.0,6032.0,1.0,0.1751098633,-0.5913696289,0.4991455078,0.6087036133
36449397.0,2968.0,0.0,-1.17578125,0.65234375,0.4609375,0
36456429.0,7032.0,1.0,0.1721191406,-0.5932006836,0.5006713867,0.6065063477
36459397.0,2968.0,0.0,-0.39453125,-0.05078125,2.0234375,0
36466429.0,7032.0,1.0,0.1688232422,-0.5952758789,0.5021972656,0.6040649414
36469397.0,2968.0,0.0,0.0625,-0.3046875,1.640625,0
36476429.0,7032.0,1.0,0.1657104492,-0.5974731445,0.5035400391,0.6016845703
36480397.0,3968.0,0.0,0.0703125,-0.05859375,1.60546875,0
36487429.0,7032.0,1.0,0.1625976563,-0.5998535156,0.5046386719,0.5993041992
36490397.0,2968.0,0.0,-0.2265625,0.57421875,1.828125,0
36496429.0,6032.0,1.0,0.1594238281,-0.602355957,0.5051269531,0.5971679688
36499397.0,2968.0,0.0,-1.0546875,1.78515625,0.09765625,0
36506429.0,7032.0,1.0,0.1560668945,-0.6051635742,0.505065918,0.5952758789
36509397.0,2968.0,0.0,-1.4921875,2.12109375,-0.0625,0
36517429.0,8032.0,1.0,0.1525878906,-0.6080932617,0.5043945313,0.5936889648
36521397.0,3968.0,0.0,-0.98046875,2.84375,-0.6171875,0
36526429.0,5032.0,1.0,0.1488037109,-0.6113891602,0.5029907227,0.5925292969
36529397.0,2968.0,0.0,-0.84375,3.33203125,-1.15625,0
36536429.0,7032.0,1.0,0.1447143555,-0.6147460938,0.5009155273,0.591796875
36539397.0,2968.0,0.0,-1.5546875,4.4375,-0.34765625,0
36551429.0,12032.0,1.0,0.140625,-0.6181030273,0.4982910156,0.5914916992
36555397.0,3968.0,0.0,-1.33203125,3.1171875,0.296875,0
36558429.0,3032.0,1.0,0.1359863281,-0.6217041016,0.4951171875,0.5914916992
36561397.0,2968.0,0.0,-0.99609375,3.6015625,0.171875,0
36566429.0,5032.0,1.0,0.130859375,-0.6253662109,0.4915771484,0.5917358398
36569397.0,2968.0,0.0,-1.28125,4.08203125,1.18359375,0
36576429.0,7032.0,1.0,0.1254272461,-0.6288452148,0.4879150391,0.5922851563
36579397.0,2968.0,0.0,-0.98828125,4.13671875,1.4296875,0
36586429.0,7032.0,1.0,0.1193847656,-0.6322631836,0.4840087891,0.5930786133
36589397.0,2968.0,0.0,-0.4765625,3.72265625,2.2421875,0
36597429.0,8032.0,1.0,0.1127319336,-0.6353759766,0.4801635742,0.5941162109
36600397.0,2968.0,0.0,-0.65234375,3.3671875,2.77734375,0
36606429.0,6032.0,1.0,0.1061401367,-0.6380615234,0.4769897461,0.5950927734
36609397.0,2968.0,0.0,-0.82421875,1.12890625,3.3671875,0
36616429.0,7032.0,1.0,0.0990600586,-0.6404418945,0.4745483398,0.5956420898
36619397.0,2968.0,0.0,-1.359375,0.078125,3.4140625,0
36626429.0,7032.0,1.0,0.092590332,-0.6422119141,0.4736938477,0.5955200195
36629397.0,2968.0,0.0,-1.93359375,-0.94921875,3.1328125,0
36637429.0,8032.0,1.0,0.0864868164,-0.643371582,0.4745483398,0.5944824219
36640397.0,2968.0,0.0,-2.83984375,-1.6875,2.94140625,0
36646429.0,6032.0,1.0,0.0812988281,-0.6438598633,0.4772949219,0.5925292969
36649397.0,2968.0,0.0,-4.84765625,-1.0,3.80859375,0
36656429.0,7032.0,1.0,0.0765380859,-0.6435546875,0.4822998047,0.5894165039
36659397.0,2968.0,0.0,-5.84765625,-1.16015625,3.92578125,0
36666429.0,7032.0,1.0,0.0729370117,-0.6423339844,0.4893188477,0.5853881836
36669397.0,2968.0,0.0,-7.00390625,-1.62890625,4.6015625,0
36677429.0,8032.0,1.0,0.0704345703,-0.6400756836,0.4987182617,0.5801391602
36680397.0,2968.0,0.0,-7.94140625,-1.45703125,4.3046875,0
36686429.0,6032.0,1.0,0.0689697266,-0.6368408203,0.5100708008,0.5740356445
36689397.0,2968.0,0.0,-8.73828125,0.796875,4.17578125,0
36697429.0,8032.0,1.0,0.068359375,-0.6325073242,0.5233154297,0.5669555664
36701397.0,3968.0,0.0,-9.4296875,3.58203125,3.375,0
36708429.0,7032.0,1.0,0.0678710938,-0.6275024414,0.5366821289,0.5599975586
36711397.0,2968.0,0.0,-10.1328125,5.91015625,1.4921875,0
36718429.0,7032.0,1.0,0.0665893555,-0.6213378906,0.55078125,0.5532836914
36721397.0,2968.0,0.0,-11.03125,9.33203125,-0.328125,0
36728429.0,7032.0,1.0,0.0634155273,-0.6145019531,0.5635375977,0.5484008789
36731397.0,2968.0,0.0,-12.81640625,16.5,-3.734375,0
36736429.0,5032.0,1.0,0.0572509766,-0.6065673828,0.5748291016,0.5462036133
36739397.0,2968.0,0.0,-11.90234375,17.01953125,-4.98046875,0
36747429.0,8032.0,1.0,0.0478515625,-0.5980224609,0.5834350586,0.5474853516
36750397.0,2968.0,0.0,-9.69140625,17.6640625,-4.53125,0
36757429.0,7032.0,1.0,0.0347900391,-0.5888061523,0.5889282227,0.5525512695
36760397.0,2968.0,0.0,-6.875,15.5390625,-0.48046875,0
36766429.0,6032.0,1.0,0.0178222656,-0.579284668,0.5906982422,0.5614013672
36769397.0,2968.0,0.0,-7.55859375,11.80078125,0.68359375,0
36777429.0,8032.0,1.0,0.0008544922,0.5696411133,-0.5904541016,-0.5717163086
36780397.0,2968.0,0.0,-7.48828125,-3.66796875,4.82421875,0
36789429.0,9032.0,1.0,0.0141601563,0.5595092773,-0.5932617188,-0.5786132813
36792397.0,2968.0,0.0,-7.71484375,-15.546875,9.63671875,0
36799429.0,7032.0,1.0,0.0239868164,0.5469360352,-0.5978393555,-0.5855712891
36802397.0,2968.0,0.0,-0.453125,28.953125,-4.515625,0
36806429.0,4032.0,1.0,0.0357666016,0.5325317383,-0.5955200195,-0.600402832
36809397.0,2968.0,0.0,-0.43359375,34.02734375,-12.69140625,0
36816429.0,7032.0,1.0,0.0512084961,0.5160522461,-0.5834350586,-0.625
36819397.0,2968.0,0.0,3.7578125,19.2890625,-25.640625,0
36827429.0,8032.0,1.0,0.0671386719,0.4992675781,-0.5639038086,-0.6544189453
36830397.0,2968.0,0.0,10.6953125,10.46484375,-19.18359375,0
36836429.0,6032.0,1.0,0.0797729492,0.4844970703,-0.5413208008,-0.6825561523
36839397.0,2968.0,0.0,-2.08203125,-6.33984375,-8.703125,0
36851429.0,12032.0,1.0,0.0881347656,0.4700927734,-0.5168457031,-0.7100219727
36854397.0,2968.0,0.0,-2.59765625,-15.5859375,-5.69921875,0
36858429.0,4032.0,1.0,0.0901489258,0.4573364258,-0.4946289063,-0.7335205078
36861397.0,2968.0,0.0,4.515625,-14.4375,-0.2109375,0
36867429.0,6032.0,1.0,0.0872192383,0.4456176758,-0.4731445313,-0.7549438477
36870397.0,2968.0,0.0,4.6015625,-14.3046875,-0.84375,0
36877429.0,7032.0,1.0,0.0811767578,0.4352416992,-0.4517211914,-0.7745361328
36880397.0,2968.0,0.0,7.359375,-15.9296875,-1.3828125,0
36892429.0,12032.0,1.0,0.0724487305,0.4263916016,-0.4309692383,-0.7919311523
36897397.0,4968.0,0.0,9.54296875,-17.1171875,-0.21484375,0
36899429.0,2032.0,1.0,0.0606079102,0.4187011719,-0.411315918,-0.8073730469
36907429.0,8000.0,1.0,0.0452880859,0.4118652344,-0.3922729492,-0.8212890625
36910397.0,2968.0,0.0,10.2265625,-15.5625,-0.29296875,0
36917429.0,7032.0,1.0,0.0292358398,0.4064941406,-0.3759155273,-0.8322143555
36920397.0,2968.0,0.0,10.05078125,-12.64453125,-0.63671875,0
36927429.0,7032.0,1.0,0.0117797852,0.4021606445,-0.3605957031,-0.8414916992
36930397.0,2968.0,0.0,9.3515625,-11.04296875,-0.75,0
36937429.0,7032.0,1.0,0.0059814453,-0.3988037109,0.346496582,0.8489990234
36940397.0,2968.0,0.0,9.0234375,-9.91796875,-0.9609375,0
36952429.0,12032.0,1.0,0.0230712891,-0.3964233398,0.333984375,0.8548583984
36957397.0,4968.0,0.0,8.60546875,-8.99609375,-0.20703125,0
36960429.0,3032.0,1.0,0.041015625,-0.3945922852,0.3217163086,0.8596801758
36963397.0,2968.0,0.0,8.71484375,-8.67578125,-0.41015625,0
36967429.0,4032.0,1.0,0.0596923828,-0.3932495117,0.3098144531,0.8635864258
36970397.0,2968.0,0.0,8.87109375,-8.0390625,-0.19921875,0
36977429.0,7032.0,1.0,0.0765380859,-0.3923950195,0.2997436523,0.8662109375
36980397.0,2968.0,0.0,9.109375,-7.40625,-0.03125,0
36986429.0,6032.0,1.0,0.0924682617,-0.3919677734,0.2904663086,0.867980957
36989397.0,2968.0,0.0,9.00390625,-6.43359375,0.50390625,0
36997429.0,8032.0,1.0,0.1086425781,-0.3919677734,0.2808837891,0.8693237305
37000397.0,2968.0,0.0,8.61328125,-6.57421875,0.5078125,0
37007429.0,7032.0,1.0,0.1235961914,-0.3924560547,0.2719116211,0.869934082
37010397.0,2968.0,0.0,8.30078125,-7.14453125,0.64453125,0
37017429.0,7032.0,1.0,0.1380004883,-0.3932495117,0.2639160156,0.8698730469
37020397.0,2968.0,0.0,8.05859375,-7.765625,0.6875,0
37032429.0,12032.0,1.0,0.151184082,-0.3941650391,0.2578735352,0.8690795898
37037397.0,4968.0,0.0,7.61328125,-6.74609375,0.51171875,0
37040429.0,3032.0,1.0,0.1646118164,-0.395324707,0.2528686523,0.8676147461
37043397.0,2968.0,0.0,7.66796875,-6.53515625,0.48046875,0
37047429.0,4032.0,1.0,0.1781616211,-0.3967285156,0.2487182617,0.8654785156
37050397.0,2968.0,0.0,7.1015625,-5.6015625,0.265625,0
37057429.0,7032.0,1.0,0.1897583008,-0.3982543945,0.2457275391,0.8631591797
37060397.0,2968.0,0.0,6.3359375,-4.52734375,0.5234375,0
37067429.0,7032.0,1.0,0.2010498047,-0.4002685547,0.2429199219,0.8604125977
37070397.0,2968.0,0.0,5.28125,-4.24609375,0.6875,0
37077429.0,7032.0,1.0,0.2109375,-0.4025878906,0.2406616211,0.8576049805
37080397.0,2968.0,0.0,5.01171875,-4.59765625,0.703125,0
37087429.0,7032.0,1.0,0.2201538086,-0.4052124023,0.239074707,0.8544921875
37090397.0,2968.0,0.0,4.71484375,-4.6953125,0.6484375,0
37097429.0,7032.0,1.0,0.2288818359,-0.4079589844,0.2384643555,0.8510742188
37100397.0,2968.0,0.0,4.2578125,-4.43359375,0.52734375,0
37107429.0,7032.0,1.0,0.2368774414,-0.4108276367,0.2388916016,0.8474121094
37110397.0,2968.0,0.0,3.3828125,-3.76171875,-0.421875,0
37117429.0,7032.0,1.0,0.2443237305,-0.4136962891,0.2402954102,0.8434448242
37121397.0,3968.0,0.0,3.0546875,-3.34765625,-0.93359375,0
37128429.0,7032.0,1.0,0.2509765625,-0.4165039063,0.2425537109,0.8394775391
37131397.0,2968.0,0.0,2.98828125,-2.91015625,-1.71484375,0
37141429.0,10032.0,1.0,0.2573852539,-0.4195556641,0.2456665039,0.8350830078
37144397.0,2968.0,0.0,2.99609375,-1.5234375,-4.30859375,0
37148429.0,4032.0,1.0,0.2632446289,-0.4229125977,0.2489013672,0.8305664063
37151397.0,2968.0,0.0,2.62109375,-0.34375,-5.15234375,0
37157429.0,6032.0,1.0,0.2678222656,-0.4264526367,0.2516479492,0.8264770508
37160397.0,2968.0,0.0,1.87109375,0.5,-5.609375,0
37167429.0,7032.0,1.0,0.271484375,-0.4300537109,0.2538452148,0.8227539063
37170397.0,2968.0,0.0,0.80078125,0.9609375,-6.0234375,0
37177429.0,7032.0,1.0,0.2743530273,-0.4336547852,0.2556152344,0.8193359375
37180397.0,2968.0,0.0,-2.28515625,2.296875,-6.90234375,0
37186429.0,6032.0,1.0,0.2764892578,-0.4374389648,0.2568969727,0.8162231445
37189397.0,2968.0,0.0,-3.58984375,2.44921875,-6.81640625,0
37197429.0,8032.0,1.0,0.2778930664,-0.4415283203,0.2574462891,0.8133544922
37200397.0,2968.0,0.0,-4.19921875,2.640625,-7.2734375,0
37207429.0,7032.0,1.0,0.2786254883,-0.4458007813,0.2573242188,0.8108520508
37210397.0,2968.0,0.0,-4.65234375,1.2421875,-5.171875,0
37216429.0,6032.0,1.0,0.2789306641,-0.4497070313,0.2572021484,0.80859375
37219397.0,2968.0,0.0,-4.4296875,-0.29296875,-4.03125,0
37227429.0,8032.0,1.0,0.2791137695,-0.4540405273,0.2575073242,0.8059692383
37230397.0,2968.0,0.0,-3.77734375,-0.94921875,-2.41015625,0
37237429.0,7032.0,1.0,0.2792358398,-0.4580078125,0.2583618164,0.8034057617
37240397.0,2968.0,0.0,-2.85546875,-1.875,-2.02734375,0
37247429.0,7032.0,1.0,0.2794189453,-0.4617919922,0.2601318359,0.8006591797
37250397.0,2968.0,0.0,-2.51171875,-2.82421875,-1.21484375,0
37257429.0,7032.0,1.0,0.2796020508,-0.4653930664,0.2629394531,0.7975463867
37260397.0,2968.0,0.0,-1.97265625,-2.3671875,-0.35546875,0
37267429.0,7032.0,1.0,0.2796630859,-0.4690551758,0.2670898438,0.7940063477
37270397.0,2968.0,0.0,-2.234375,-2.43359375,0.60546875,0
37277429.0,7032.0,1.0,0.2797241211,-0.4724731445,0.272644043,0.7901000977
37280397.0,2968.0,0.0,-3.0390625,-1.77734375,0.5390625,0
37289429.0,9032.0,1.0,0.2798461914,-0.4752197266,0.2793579102,0.7860107422
37292397.0,2968.0,0.0,-3.41796875,-1.265625,0.08203125,0
37299429.0,7032.0,1.0,0.280090332,-0.477722168,0.2879638672,0.7813110352
37302397.0,2968.0,0.0,-3.96484375,0.51953125,-1.73046875,0
37307429.0,5032.0,1.0,0.2801513672,-0.4801635742,0.2979736328,0.7760009766
37310397.0,2968.0,0.0,-4.29296875,1.25,-2.33203125,0
37317429.0,7032.0,1.0,0.2799682617,-0.482421875,0.3074951172,0.7709350586
37320397.0,2968.0,0.0,-4.22265625,0.3515625,-3.296875,0
37327429.0,7032.0,1.0,0.2797851563,-0.4846801758,0.317199707,0.765625
37330397.0,2968.0,0.0,-4.0,2.55078125,-5.27734375,0
37337429.0,7032.0,1.0,0.2796020508,-0.4869995117,0.3265380859,0.7603149414
37340397.0,2968.0,0.0,-3.39453125,3.21484375,-7.15234375,0
37347429.0,7032.0,1.0,0.2790527344,-0.4896850586,0.3344116211,0.7553100586
37350397.0,2968.0,0.0,-2.7109375,3.796875,-8.6796875,0
37357429.0,7032.0,1.0,0.2781982422,-0.4927368164,0.340637207,0.7508544922
37360397.0,2968.0,0.0,-2.1796875,3.86328125,-9.94921875,0
37367429.0,7032.0,1.0,0.2769165039,-0.4962158203,0.3450317383,0.7470092773
37370397.0,2968.0,0.0,-2.88671875,5.328125,-8.29296875,0
37377429.0,7032.0,1.0,0.2748413086,-0.5005493164,0.3478393555,0.7435913086
37380397.0,2968.0,0.0,-3.19921875,3.08984375,-6.2109375,0
37387429.0,7032.0,1.0,0.2723999023,-0.5051269531,0.3494262695,0.7406616211
37390397.0,2968.0,0.0,-3.8203125,1.01953125,-4.984375,0
37397429.0,7032.0,1.0,0.2698974609,-0.509765625,0.3507080078,0.7377319336
37400397.0,2968.0,0.0,-5.015625,1.25,-3.99609375,0
37406429.0,6032.0,1.0,0.2678222656,-0.5138549805,0.3521728516,0.7349853516
37409397.0,2968.0,0.0,-7.05859375,0.30078125,-3.65625,0
37417429.0,8032.0,1.0,0.2661132813,-0.5176391602,0.354309082,0.7319335938
37420397.0,2968.0,0.0,-7.6484375,0.4453125,-3.046875,0
37427429.0,7032.0,1.0,0.2649536133,-0.5207519531,0.3573608398,0.7286376953
37430397.0,2968.0,0.0,-7.328125,0.19140625,-3.12890625,0
37437429.0,7032.0,1.0,0.2642822266,-0.5233154297,0.3610229492,0.7252197266
37440397.0,2968.0,0.0,-6.3828125,0.25390625,-3.3671875,0
37452429.0,12032.0,1.0,0.2639160156,-0.5255737305,0.3651733398,0.7216186523
37456397.0,3968.0,0.0,-3.76953125,0.8828125,-3.0546875,0
37459429.0,3032.0,1.0,0.263671875,-0.5276489258,0.3698730469,0.7178344727
37462397.0,2968.0,0.0,-3.74609375,0.84375,-2.9453125,0
37467429.0,5032.0,1.0,0.2634277344,-0.5296630859,0.375,0.7137451172
37470397.0,2968.0,0.0,-3.96875,1.0859375,-3.28125,0
37477429.0,7032.0,1.0,0.2632446289,-0.5313110352,0.3797607422,0.7100219727
37480397.0,2968.0,0.0,-3.45703125,1.69921875,-6.4296875,0
37487429.0,7032.0,1.0,0.2632446289,-0.5325927734,0.3845214844,0.7065429688
37490397.0,2968.0,0.0,-3.140625,1.28515625,-6.86328125,0
37497429.0,7032.0,1.0,0.2635498047,-0.5335693359,0.3892211914,0.703125
37501397.0,3968.0,0.0,-2.63671875,2.3359375,-7.421875,0
37507429.0,6032.0,1.0,0.2638549805,-0.5344238281,0.3937988281,0.6997680664
37510397.0,2968.0,0.0,-1.6015625,1.64453125,-5.86328125,0
37517429.0,7032.0,1.0,0.2639770508,-0.5353393555,0.3980102539,0.6966552734
37520397.0,2968.0,0.0,-0.7109375,0.15625,-1.21875,0
37527429.0,7032.0,1.0,0.2637329102,-0.5364990234,0.4018554688,0.6936035156
37530397.0,2968.0,0.0,-1.09765625,0.484375,-0.78125,0
37537429.0,7032.0,1.0,0.2632446289,-0.5377807617,0.4053955078,0.6907348633
37540397.0,2968.0,0.0,-1.31640625,0.5703125,-0.5703125,0
37547429.0,7032.0,1.0,0.2626342773,-0.5390625,0.4087524414,0.6880493164
37550397.0,2968.0,0.0,-1.46484375,0.27734375,-1.17578125,0
37557429.0,7032.0,1.0,0.2619628906,-0.5401611328,0.4118041992,0.685546875
37560397.0,2968.0,0.0,-1.1171875,-0.00390625,-3.2421875,0
37567429.0,7032.0,1.0,0.2612915039,-0.5413208008,0.4149169922,0.6830444336
37570397.0,2968.0,0.0,-1.15625,0.125,-3.00390625,0
37577429.0,7032.0,1.0,0.2606201172,-0.5424194336,0.4180908203,0.680480957
37580397.0,2968.0,0.0,-1.03515625,-0.04296875,-1.46875,0
37587429.0,7032.0,1.0,0.2600708008,-0.5435791016,0.4212646484,0.6777954102
37590397.0,2968.0,0.0,-0.26953125,0.0078125,-0.625,0
37597429.0,7032.0,1.0,0.2595214844,-0.5447387695,0.4244384766,0.6751098633
37600397.0,2968.0,0.0,0.64453125,0.7109375,1.4921875,0
37607429.0,7032.0,1.0,0.2590332031,-0.5460205078,0.4279174805,0.6720581055
37610397.0,2968.0,0.0,0.53515625,0.66015625,1.35546875,0
37617429.0,7032.0,1.0,0.258605957,-0.5471801758,0.4312744141,0.669128418
37620397.0,2968.0,0.0,0.68359375,0.453125,0.64453125,0
37629429.0,9032.0,1.0,0.2584228516,-0.5482788086,0.4345092773,0.6661987305
37632397.0,2968.0,0.0,0.84375,0.93359375,-0.96484375,0
37640429.0,8032.0,1.0,0.2583007813,-0.5493164063,0.4376831055,0.663269043
37643397.0,2968.0,0.0,1.48828125,1.53125,-3.0625,0
37647429.0,4032.0,1.0,0.2580566406,-0.5505371094,0.4406738281,0.6604003906
37650397.0,2968.0,0.0,2.17578125,1.1875,-2.1796875,0
37657429.0,7032.0,1.0,0.2576293945,-0.551940918,0.4429931641,0.6578369141
37660397.0,2968.0,0.0,2.78125,1.4453125,-1.25,0
37667429.0,7032.0,1.0,0.2567138672,-0.5537109375,0.4447021484,0.6555175781
37670397.0,2968.0,0.0,2.8671875,1.859375,-0.375,0
37677429.0,7032.0,1.0,0.2553710938,-0.5559692383,0.4458618164,0.6533813477
37680397.0,2968.0,0.0,0.68359375,0.0234375,2.26953125,0
37687429.0,7032.0,1.0,0.2537231445,-0.5583496094,0.4466552734,0.6513671875
37690397.0,2968.0,0.0,-0.88671875,-0.3984375,2.33984375,0
37698429.0,8032.0,1.0,0.2520141602,-0.5607910156,0.4473876953,0.6494750977
37701397.0,2968.0,0.0,-1.80859375,-1.39453125,1.828125,0
37707429.0,6032.0,1.0,0.2503662109,-0.5630493164,0.4482421875,0.6475830078
37710397.0,2968.0,0.0,-0.859375,-1.50390625,-0.0078125,0
37717429.0,7032.0,1.0,0.2487792969,-0.5651245117,0.4494018555,0.6455688477
37720397.0,2968.0,0.0,0.3671875,-0.515625,-0.20703125,0
37727429.0,7032.0,1.0,0.2473754883,-0.5670166016,0.4508666992,0.6434326172
37730397.0,2968.0,0.0,1.47265625,-0.67578125,-0.13671875,0
37737429.0,7032.0,1.0,0.2460327148,-0.5688476563,0.4525756836,0.6411132813
37740397.0,2968.0,0.0,2.11328125,0.04296875,0.70703125,0
37747429.0,7032.0,1.0,0.2447509766,-0.5706787109,0.454284668,0.6387939453
37750397.0,2968.0,0.0,2.671875,0.3828125,2.1171875,0
37757429.0,7032.0,1.0,0.2431640625,-0.5728149414,0.4559326172,0.6362304688
37760397.0,2968.0,0.0,1.984375,0.06640625,2.47265625,0
37767429.0,7032.0,1.0,0.2414550781,-0.575012207,0.4573974609,0.6339111328
37770397.0,2968.0,0.0,0.86328125,-0.69921875,2.3515625,0
37777429.0,7032.0,1.0,0.2395629883,-0.5772705078,0.4586181641,0.6317138672
37780397.0,2968.0,0.0,0.015625,-1.16796875,1.7109375,0
37787429.0,7032.0,1.0,0.2376708984,-0.5793457031,0.4598999023,0.6296386719
37790397.0,2968.0,0.0,-0.65234375,-2.20703125,0.36328125,0
37797429.0,7032.0,1.0,0.2357177734,-0.5812988281,0.4614257813,0.6273803711
37800397.0,2968.0,0.0,-0.0859375,-1.95703125,0.43359375,0
37807429.0,7032.0,1.0,0.2340087891,-0.5830688477,0.4633789063,0.6249389648
37810397.0,2968.0,0.0,-0.0625,-1.54296875,0.93359375,0
37817429.0,7032.0,1.0,0.232421875,-0.584777832,0.4655761719,0.6223144531
37820397.0,2968.0,0.0,0.34375,-0.90625,1.43359375,0
37827429.0,7032.0,1.0,0.2309570313,-0.5864257813,0.4678955078,0.6195678711
37830397.0,2968.0,0.0,0.7109375,-0.25390625,1.6796875,0
37837429.0,7032.0,1.0,0.2294311523,-0.5881347656,0.4702758789,0.6166992188
37840397.0,2968.0,0.0,0.04296875,-0.30859375,1.83203125,0
37847429.0,7032.0,1.0,0.2277832031,-0.5899047852,0.4725952148,0.6138305664
37850397.0,2968.0,0.0,-0.546875,-0.890625,1.8359375,0
37858429.0,8032.0,1.0,0.2259521484,-0.5917358398,0.4747314453,0.6110839844
37861397.0,2968.0,0.0,-1.22265625,-0.37109375,1.30859375,0
37867429.0,6032.0,1.0,0.2240600586,-0.5935668945,0.4765625,0.608581543
37870397.0,2968.0,0.0,-1.0078125,-0.50390625,0.23828125,0
37877429.0,7032.0,1.0,0.2219238281,-0.5953979492,0.4782104492,0.606262207
37881397.0,3968.0,0.0,-0.6796875,-0.5859375,0.0078125,0
37890429.0,9032.0,1.0,0.2197265625,-0.5972290039,0.4795532227,0.6041870117
37893397.0,2968.0,0.0,-0.3203125,-0.296875,0.0703125,0
37900429.0,7032.0,1.0,0.2171630859,-0.5993041992,0.4807128906,0.6021728516
37904397.0,3968.0,0.0,-0.265625,-0.3046875,1.0625,0
37908429.0,4032.0,1.0,0.2145385742,-0.6014404297,0.4815673828,0.6002807617
37911397.0,2968.0,0.0,-0.85546875,-0.1640625,1.16796875,0
37917429.0,6032.0,1.0,0.2114868164,-0.6038208008,0.4822387695,0.598449707
37921397.0,3968.0,0.0,-1.4921875,0.1171875,0.85546875,0
37927429.0,6032.0,1.0,0.2083129883,-0.6060791016,0.4826660156,0.5969238281
37930397.0,2968.0,0.0,-1.5859375,-0.1953125,0.3046875,0
37937429.0,7032.0,1.0,0.2050170898,-0.608215332,0.4829101563,0.5956420898
37940397.0,2968.0,0.0,-1.90625,-0.21875,0.55078125,0
37947429.0,7032.0,1.0,0.2014160156,-0.6104736328,0.4830932617,0.5944824219
37950397.0,2968.0,0.0,-1.31640625,-0.28125,0.796875,0
37957429.0,7032.0,1.0,0.1977539063,-0.6125488281,0.4832763672,0.5933837891
37961397.0,3968.0,0.0,-0.8046875,0.14453125,1.390625,0
37967429.0,6032.0,1.0,0.194152832,-0.6145629883,0.4835205078,0.5922851563
37970397.0,2968.0,0.0,-0.0703125,0.3515625,1.55859375,0
37977429.0,7032.0,1.0,0.1905517578,-0.6164550781,0.4838256836,0.5912475586
37980397.0,2968.0,0.0,-0.19921875,1.203125,1.61328125,0
37987429.0,7032.0,1.0,0.1865234375,-0.6184692383,0.4841918945,0.5900878906
37990397.0,2968.0,0.0,-0.5,0.7109375,1.4765625,0
37997429.0,7032.0,1.0,0.1826782227,-0.6202392578,0.4846801758,0.589050293
38000397.0,2968.0,0.0,-0.26171875,-0.24609375,1.2578125,0
38007429.0,7032.0,1.0,0.1787109375,-0.6218261719,0.4854125977,0.5880126953
38010397.0,2968.0,0.0,-0.515625,-0.24609375,1.42578125,0
38017429.0,7032.0,1.0,0.1746826172,-0.6231689453,0.4863891602,0.5869750977
38020397.0,2968.0,0.0,-0.39453125,0.2421875,1.85546875,0
38027429.0,7032.0,1.0,0.1705322266,-0.6243286133,0.4876708984,0.5858764648
38030397.0,2968.0,0.0,-0.47265625,0.00390625,1.75,0
38038429.0,8032.0,1.0,0.1661987305,-0.6253662109,0.4891357422,0.584777832
38041397.0,2968.0,0.0,-1.23828125,0.2109375,1.19140625,0
38047429.0,6032.0,1.0,0.1616821289,-0.6262817383,0.4907836914,0.5837402344
38050397.0,2968.0,0.0,-1.84375,0.0859375,0.90234375,0
38057429.0,7032.0,1.0,0.1569213867,-0.6270141602,0.4923706055,0.5828857422
38060397.0,2968.0,0.0,-3.19140625,0.24609375,0.3359375,0
38067429.0,7032.0,1.0,0.1517944336,-0.627746582,0.4938354492,0.5822753906
38070397.0,2968.0,0.0,-3.77734375,0.328125,-0.3828125,0
38078429.0,8032.0,1.0,0.1463012695,-0.6282958984,0.4951782227,0.5819702148
38081397.0,2968.0,0.0,-3.43359375,-0.44140625,-0.58203125,0
38087429.0,6032.0,1.0,0.1405639648,-0.6286010742,0.4964599609,0.5819091797
38090397.0,2968.0,0.0,-2.90234375,-0.6015625,0.71875,0
38097429.0,7032.0,1.0,0.134765625,-0.6287841797,0.4978027344,0.5819702148
38100397.0,2968.0,0.0,-2.56640625,-0.99609375,0.78125,0
38110429.0,10032.0,1.0,0.1290283203,-0.6287231445,0.4993896484,0.5819091797
38113397.0,2968.0,0.0,-2.26953125,-0.8515625,1.00390625,0
38120429.0,7032.0,1.0,0.1231079102,-0.6283569336,0.5015869141,0.5817260742
38123397.0,2968.0,0.0,-2.5625,-0.5625,1.50390625,0
38127429.0,4032.0,1.0,0.1173706055,-0.6276855469,0.5043334961,0.5812988281
38130397.0,2968.0,0.0,-3.57421875,-1.16015625,1.99609375,0
38137429.0,7032.0,1.0,0.1116333008,-0.6264038086,0.5081176758,0.5805053711
38140397.0,2968.0,0.0,-3.875,-1.37890625,1.8046875,0
38147429.0,7032.0,1.0,0.1064453125,-0.6245117188,0.5129394531,0.5792236328
38150397.0,2968.0,0.0,-4.4140625,-1.171875,1.78125,0
38158429.0,8032.0,1.0,0.1019897461,-0.6220092773,0.5190429688,0.577331543
38161397.0,2968.0,0.0,-4.63671875,-1.44140625,1.8359375,0
38167429.0,6032.0,1.0,0.0985107422,-0.6187744141,0.5263061523,0.5747680664
38170397.0,2968.0,0.0,-4.80859375,-1.125,2.82421875,0
38177429.0,7032.0,1.0,0.0953979492,-0.614440918,0.5357666016,0.5712890625
38180397.0,2968.0,0.0,-4.82421875,0.15625,3.2578125,0
38187429.0,7032.0,1.0,0.0927734375,-0.6093139648,0.5463867188,0.5671386719
38190397.0,2968.0,0.0,-4.6640625,1.26171875,3.78125,0
38198429.0,8032.0,1.0,0.0901489258,-0.6033325195,0.5578613281,0.5627441406
38201397.0,2968.0,0.0,-4.58984375,2.8984375,4.02734375,0
38207429.0,6032.0,1.0,0.0869140625,-0.5965576172,0.5697021484,0.55859375
38210397.0,2968.0,0.0,-2.83984375,7.79296875,2.82421875,0
38217429.0,7032.0,1.0,0.0823974609,-0.5886230469,0.5817871094,0.5551757813
38220397.0,2968.0,0.0,-2.0234375,7.515625,3.640625,0
38227429.0,7032.0,1.0,0.076171875,-0.5797729492,0.5933837891,0.5531005859
38230397.0,2968.0,0.0,-0.62109375,8.140625,4.69140625,0
38238429.0,8032.0,1.0,0.0678710938,-0.5701293945,0.6041259766,0.5526123047
38241397.0,2968.0,0.0,1.07421875,7.99609375,5.44921875,0
38253429.0,12032.0,1.0,0.0573120117,-0.5604858398,0.6128540039,0.5540771484
38258429.0,5000.0,1.0,0.0423583984,-0.5501098633,0.6192626953,0.5586547852
38260397.0,1968.0,0.0,1.2578125,7.6328125,6.3671875,0
38268429.0,8032.0,1.0,0.022644043,-0.5395507813,0.6220703125,0.5668945313
38271397.0,2968.0,0.0,0.703125,4.5234375,6.5390625,0
38278429.0,7032.0,1.0,0.0023803711,-0.529296875,0.6232910156,0.5756225586
38281397.0,2968.0,0.0,-1.25,-7.6875,1.11328125,0
38287429.0,6032.0,1.0,0.0175170898,0.5181274414,-0.6245117188,-0.5841674805
38290397.0,2968.0,0.0,1.76953125,-2.65234375,-2.76953125,0
38297429.0,7032.0,1.0,0.037902832,0.5061035156,-0.6228027344,-0.5954589844
38300397.0,2968.0,0.0,3.53515625,0.7734375,-4.16796875,0
38309429.0,9032.0,1.0,0.0586547852,0.4937133789,-0.6168823242,-0.610168457
38312397.0,2968.0,0.0,4.85546875,-0.6328125,-4.54296875,0
38319429.0,7032.0,1.0,0.0791625977,0.4804077148,-0.6087036133,-0.6264648438
38322397.0,2968.0,0.0,-1.8828125,-6.4296875,-2.54296875,0
38327429.0,5032.0,1.0,0.0961914063,0.4671020508,-0.6017456055,-0.6406860352
38330397.0,2968.0,0.0,-4.74609375,-9.53125,-2.3828125,0
38337429.0,7032.0,1.0,0.1078491211,0.4553222656,-0.5980224609,-0.6506958008
38340397.0,2968.0,0.0,-5.69921875,-11.25,-2.7265625,0
38347429.0,7032.0,1.0,0.1158447266,0.444152832,-0.5971069336,-0.6578369141
38350397.0,2968.0,0.0,-4.59765625,-10.68359375,-1.875,0
38357429.0,7032.0,1.0,0.1204833984,0.4343261719,-0.5985717773,-0.6622314453
38360397.0,2968.0,0.0,-1.796875,-7.32421875,-0.94140625,0
38367429.0,7032.0,1.0,0.1232910156,0.4243164063,-0.6018066406,-0.6652832031
38370397.0,2968.0,0.0,-0.97265625,-6.20703125,-0.875,0
38377429.0,7032.0,1.0,0.1245727539,0.4153442383,-0.6056518555,-0.6672363281
38381397.0,3968.0,0.0,-0.40625,-5.42578125,-1.01953125,0
38387429.0,6032.0,1.0,0.125,0.4072875977,-0.6094360352,-0.6686401367
38390397.0,2968.0,0.0,-0.125,-4.63671875,-1.2890625,0
