time_us,time_dif_us,data_type,value_1,value_2,value_3,value_4
9768386.0,2968.0,0.0,-0.01171875,-0.078125,-0.05078125,0
9776418.0,8032.0,1.0,0.6381225586,-0.1922607422,0.7038574219,0.2458496094
9779386.0,2968.0,0.0,-0.01171875,-0.0859375,0.03515625,0
9785418.0,6032.0,1.0,0.6380615234,-0.1923217773,0.7038574219,0.2458496094
9788386.0,2968.0,0.0,0.02734375,-0.01171875,-0.00390625,0
9795418.0,7032.0,1.0,0.6380615234,-0.1923217773,0.703918457,0.2458496094
9798386.0,2968.0,0.0,-0.01171875,0.06640625,-0.00390625,0
9805418.0,7032.0,1.0,0.6380615234,-0.1923217773,0.703918457,0.2458496094
9808386.0,2968.0,0.0,-0.01171875,0.02734375,-0.00390625,0
9815418.0,7032.0,1.0,0.6380004883,-0.1923217773,0.703918457,0.2458496094
9818386.0,2968.0,0.0,-0.01171875,-0.01171875,-0.00390625,0
9825418.0,7032.0,1.0,0.6380004883,-0.1923217773,0.703918457,0.2458496094
9828386.0,2968.0,0.0,-0.01953125,-0.078125,-0.07421875,0
9836418.0,8032.0,1.0,0.6380004883,-0.1922607422,0.7039794922,0.2457885742
9839386.0,2968.0,0.0,-0.01953125,-0.04296875,-0.11328125,0
9845418.0,6032.0,1.0,0.6380004883,-0.1922607422,0.7039794922,0.2457885742
9848386.0,2968.0,0.0,-0.01953125,0.03515625,-0.03515625,0
9855418.0,7032.0,1.0,0.6379394531,-0.1922607422,0.7039794922,0.2457885742
9858386.0,2968.0,0.0,-0.01953125,0.02734375,0.05078125,0
9865418.0,7032.0,1.0,0.6379394531,-0.1922607422,0.7040405273,0.2457885742
9868386.0,2968.0,0.0,-0.01953125,-0.01171875,0.01171875,0
9876418.0,8032.0,1.0,0.6379394531,-0.1922607422,0.7040405273,0.2457275391
9879386.0,2968.0,0.0,0.01953125,0.02734375,0.01171875,0
9885418.0,6032.0,1.0,0.6379394531,-0.1922607422,0.7040405273,0.2457275391
9888386.0,2968.0,0.0,-0.01953125,-0.01171875,-0.06640625,0
9895418.0,7032.0,1.0,0.6379394531,-0.1922607422,0.7040405273,0.2457885742
9898386.0,2968.0,0.0,0.01953125,0.02734375,-0.02734375,0
9905418.0,7032.0,1.0,0.6379394531,-0.1922607422,0.7040405273,0.2457885742
9908386.0,2968.0,0.0,-0.01953125,0.03515625,0.05078125,0
9916418.0,8032.0,1.0,0.6379394531,-0.1922607422,0.7040405273,0.2457275391
9919386.0,2968.0,0.0,-0.01953125,0.03515625,0.05078125,0
9925418.0,6032.0,1.0,0.6379394531,-0.192199707,0.7040405273,0.2457275391
9928386.0,2968.0,0.0,0.01953125,0.02734375,0.05078125,0
9935418.0,7032.0,1.0,0.6379394531,-0.192199707,0.7040405273,0.2457275391
9938386.0,2968.0,0.0,0.01953125,-0.01171875,-0.03515625,0
9945418.0,7032.0,1.0,0.6380004883,-0.192199707,0.7040405273,0.2456665039
9948386.0,2968.0,0.0,-0.01953125,-0.01171875,-0.1484375,0
9956418.0,8032.0,1.0,0.6380004883,-0.192199707,0.7040405273,0.2456665039
9959386.0,2968.0,0.0,-0.01953125,-0.01171875,-0.10546875,0
9966418.0,7032.0,1.0,0.6380004883,-0.192199707,0.7040405273,0.2456665039
9969386.0,2968.0,0.0,-0.01953125,-0.0859375,0.05078125,0
9975418.0,6032.0,1.0,0.6380004883,-0.192199707,0.7040405273,0.2456665039
9978386.0,2968.0,0.0,-0.01953125,-0.0859375,0.0859375,0
9985418.0,7032.0,1.0,0.6380004883,-0.1922607422,0.7040405273,0.2457275391
9988386.0,2968.0,0.0,-0.01953125,-0.01171875,0.05078125,0
9996418.0,8032.0,1.0,0.6380004883,-0.1922607422,0.7039794922,0.2457275391
9999386.0,2968.0,0.0,-0.01953125,0.02734375,-0.02734375,0
10006418.0,7032.0,1.0,0.6380004883,-0.1922607422,0.7039794922,0.2457885742
10009386.0,2968.0,0.0,-0.01953125,-0.01171875,0.15625,0
10015418.0,6032.0,1.0,0.6380004883,-0.1922607422,0.7039794922,0.2457885742
10018386.0,2968.0,0.0,0.01953125,-0.01171875,0.26953125,0
10026418.0,8032.0,1.0,0.6380004883,-0.1922607422,0.7039794922,0.2457885742
10029386.0,2968.0,0.0,-0.01953125,-0.05078125,0.15625,0
10036418.0,7032.0,1.0,0.6379394531,-0.1922607422,0.7040405273,0.2457885742
10039386.0,2968.0,0.0,-0.01171875,0.06640625,0.04296875,0
10045418.0,6032.0,1.0,0.6379394531,-0.1922607422,0.7039794922,0.2457885742
10048386.0,2968.0,0.0,-0.01171875,0.07421875,-0.00390625,0
10056418.0,8032.0,1.0,0.6379394531,-0.1923217773,0.7039794922,0.2457885742
10059386.0,2968.0,0.0,-0.01171875,0.06640625,-0.00390625,0
10066418.0,7032.0,1.0,0.6379394531,-0.1923217773,0.7039794922,0.2458496094
10069386.0,2968.0,0.0,-0.01171875,0.02734375,-0.00390625,0
10075418.0,6032.0,1.0,0.6379394531,-0.1923217773,0.7039794922,0.2458496094
10078386.0,2968.0,0.0,0.02734375,0.06640625,0.26171875,0
10085418.0,7032.0,1.0,0.6379394531,-0.1923217773,0.7039794922,0.2458496094
10088386.0,2968.0,0.0,0.02734375,0.09765625,0.25390625,0
10096418.0,8032.0,1.0,0.6379394531,-0.1923217773,0.7039794922,0.2457885742
10099386.0,2968.0,0.0,0.02734375,0.10546875,0.2109375,0
10106418.0,7032.0,1.0,0.6379394531,-0.1923217773,0.7040405273,0.2457275391
10109386.0,2968.0,0.0,-0.01953125,0.02734375,0.171875,0
10115418.0,6032.0,1.0,0.6379394531,-0.1923828125,0.7040405273,0.2457275391
10118386.0,2968.0,0.0,0.02734375,-0.01953125,0.01171875,0
10125418.0,7032.0,1.0,0.6379394531,-0.1923828125,0.7040405273,0.2456665039
10128386.0,2968.0,0.0,-0.01953125,-0.09375,-0.10546875,0
10136418.0,8032.0,1.0,0.6379394531,-0.1923828125,0.7040405273,0.2456665039
10139386.0,2968.0,0.0,-0.0546875,-0.125,-0.10546875,0
10146418.0,7032.0,1.0,0.6379394531,-0.1924438477,0.7040405273,0.2456665039
10149386.0,2968.0,0.0,-0.01953125,-0.1640625,-0.06640625,0
10156418.0,7032.0,1.0,0.6379394531,-0.1924438477,0.7040405273,0.2456665039
10159386.0,2968.0,0.0,-0.01953125,-0.05078125,-0.10546875,0
10165418.0,6032.0,1.0,0.637878418,-0.1924438477,0.7040405273,0.2457275391
10168386.0,2968.0,0.0,0.02734375,0.02734375,-0.02734375,0
10176418.0,8032.0,1.0,0.637878418,-0.1924438477,0.7040405273,0.2457275391
10179386.0,2968.0,0.0,-0.01171875,-0.01171875,0.0859375,0
10186418.0,7032.0,1.0,0.637878418,-0.1924438477,0.7041015625,0.2456665039
10189386.0,2968.0,0.0,-0.01171875,-0.01171875,0.1640625,0
10196418.0,7032.0,1.0,0.637878418,-0.1924438477,0.7041015625,0.2456665039
10199386.0,2968.0,0.0,0.01953125,0.02734375,0.00390625,0
10206418.0,7032.0,1.0,0.6378173828,-0.1924438477,0.7041015625,0.2456054688
10209386.0,2968.0,0.0,-0.01953125,-0.078125,-0.03515625,0
10216418.0,7032.0,1.0,0.6378173828,-0.1924438477,0.7041625977,0.2456054688
10219386.0,2968.0,0.0,-0.01171875,-0.078125,-0.10546875,0
10226418.0,7032.0,1.0,0.6378173828,-0.1924438477,0.7041625977,0.2456054688
10229386.0,2968.0,0.0,-0.01171875,-0.04296875,-0.14453125,0
10236418.0,7032.0,1.0,0.6378173828,-0.1924438477,0.7041625977,0.2456054688
10239386.0,2968.0,0.0,-0.01171875,-0.04296875,-0.06640625,0
10246418.0,7032.0,1.0,0.6378173828,-0.1923828125,0.7041625977,0.2456054688
10249386.0,2968.0,0.0,-0.01171875,-0.04296875,-0.06640625,0
10256418.0,7032.0,1.0,0.6378173828,-0.1923828125,0.7041625977,0.2456054688
10259386.0,2968.0,0.0,-0.01171875,-0.04296875,0.01171875,0
10265418.0,6032.0,1.0,0.6377563477,-0.1923828125,0.7041625977,0.2456665039
10268386.0,2968.0,0.0,-0.01953125,0.11328125,0.01171875,0
10276418.0,8032.0,1.0,0.6377563477,-0.1923828125,0.7041625977,0.2456665039
10279386.0,2968.0,0.0,0.01953125,0.11328125,0.125,0
10286418.0,7032.0,1.0,0.6377563477,-0.1923828125,0.7041625977,0.2456665039
10289386.0,2968.0,0.0,-0.01171875,0.07421875,0.125,0
10296418.0,7032.0,1.0,0.6377563477,-0.1923828125,0.7041625977,0.2456665039
10299386.0,2968.0,0.0,-0.01171875,0.11328125,0.1640625,0
10305418.0,6032.0,1.0,0.6378173828,-0.1923828125,0.7041625977,0.2456665039
10308386.0,2968.0,0.0,-0.01171875,0.07421875,0.0859375,0
10315418.0,7032.0,1.0,0.6378173828,-0.1923828125,0.7041625977,0.2456054688
10318386.0,2968.0,0.0,0.02734375,0.11328125,0.046875,0
10325418.0,7032.0,1.0,0.6377563477,-0.1924438477,0.7041625977,0.2456054688
10328386.0,2968.0,0.0,0.01953125,-0.00390625,0.00390625,0
10336418.0,8032.0,1.0,0.6377563477,-0.1924438477,0.7042236328,0.2456054688
10339386.0,2968.0,0.0,0.02734375,-0.05078125,-0.03515625,0
10346418.0,7032.0,1.0,0.6377563477,-0.1925048828,0.7042236328,0.2456054688
10349386.0,2968.0,0.0,0.02734375,-0.01171875,-0.03515625,0
10356418.0,7032.0,1.0,0.6376953125,-0.192565918,0.7042236328,0.2456665039
10360386.0,3968.0,0.0,0.02734375,-0.05078125,0.00390625,0
10365418.0,5032.0,1.0,0.6376953125,-0.1926269531,0.7042236328,0.2456665039
10368386.0,2968.0,0.0,-0.01953125,-0.01171875,-0.03515625,0
10376418.0,8032.0,1.0,0.6376953125,-0.1926269531,0.7042236328,0.2456665039
10379386.0,2968.0,0.0,-0.01953125,-0.01171875,0.00390625,0
10385418.0,6032.0,1.0,0.6376953125,-0.1926269531,0.7042236328,0.2456054688
10388386.0,2968.0,0.0,-0.01171875,0.02734375,0.00390625,0
10396418.0,8032.0,1.0,0.6376953125,-0.1926879883,0.7042236328,0.2456054688
10400386.0,3968.0,0.0,-0.01171875,0.06640625,-0.02734375,0
10406418.0,6032.0,1.0,0.6376342773,-0.1926879883,0.7042236328,0.2456054688
10409386.0,2968.0,0.0,-0.01171875,0.06640625,-0.02734375,0
10416418.0,7032.0,1.0,0.6376342773,-0.1927490234,0.7042236328,0.2455444336
10419386.0,2968.0,0.0,-0.046875,-0.05078125,-0.06640625,0
10425418.0,6032.0,1.0,0.6376342773,-0.1927490234,0.7042236328,0.2455444336
10428386.0,2968.0,0.0,-0.01953125,-0.0859375,-0.06640625,0
10436418.0,8032.0,1.0,0.6376342773,-0.1927490234,0.704284668,0.2455444336
10440386.0,3968.0,0.0,-0.01171875,-0.05078125,-0.06640625,0
10446418.0,6032.0,1.0,0.6376342773,-0.1928100586,0.704284668,0.2455444336
10449386.0,2968.0,0.0,-0.01171875,-0.01171875,-0.06640625,0
10455418.0,6032.0,1.0,0.6376342773,-0.1928100586,0.704284668,0.2455444336
10458386.0,2968.0,0.0,0.02734375,-0.01171875,0.01171875,0
10466418.0,8032.0,1.0,0.6376342773,-0.1928100586,0.704284668,0.2455444336
10469386.0,2968.0,0.0,0.02734375,-0.05078125,0.01171875,0
10476418.0,7032.0,1.0,0.6375732422,-0.1928710938,0.704284668,0.2455444336
10479386.0,2968.0,0.0,-0.01953125,-0.04296875,-0.05859375,0
10486418.0,7032.0,1.0,0.6375732422,-0.1928710938,0.704284668,0.2456054688
10489386.0,2968.0,0.0,-0.01953125,-0.00390625,-0.05859375,0
10495418.0,6032.0,1.0,0.6375732422,-0.1928710938,0.704284668,0.2456054688
10498386.0,2968.0,0.0,0.01953125,-0.125,-0.12890625,0
10506418.0,8032.0,1.0,0.637512207,-0.1928710938,0.704284668,0.2456054688
10509386.0,2968.0,0.0,-0.01171875,-0.1171875,-0.08984375,0
10516418.0,7032.0,1.0,0.637512207,-0.1928710938,0.704284668,0.2456054688
10520386.0,3968.0,0.0,-0.01953125,-0.1171875,-0.12109375,0
10526418.0,6032.0,1.0,0.637512207,-0.1928710938,0.7043457031,0.2456054688
10529386.0,2968.0,0.0,0.01953125,-0.04296875,-0.08203125,0
10536418.0,7032.0,1.0,0.6374511719,-0.1928100586,0.7043457031,0.2456054688
10539386.0,2968.0,0.0,-0.01171875,-0.04296875,0.03515625,0
10546418.0,7032.0,1.0,0.6374511719,-0.1928100586,0.7044067383,0.2455444336
10549386.0,2968.0,0.0,-0.01171875,-0.00390625,-0.00390625,0
10556418.0,7032.0,1.0,0.637512207,-0.1927490234,0.7044067383,0.2455444336
10559386.0,2968.0,0.0,-0.01953125,0.04296875,-0.04296875,0
10566418.0,7032.0,1.0,0.637512207,-0.1926879883,0.7044067383,0.2454833984
10569386.0,2968.0,0.0,-0.01171875,0.04296875,-0.08203125,0
10576418.0,7032.0,1.0,0.6374511719,-0.1926879883,0.7044067383,0.2455444336
10579386.0,2968.0,0.0,-0.046875,-0.03515625,-0.00390625,0
10586418.0,7032.0,1.0,0.6374511719,-0.1926879883,0.7044067383,0.2455444336
10589386.0,2968.0,0.0,-0.01171875,0.04296875,-0.04296875,0
10596418.0,7032.0,1.0,0.6374511719,-0.1926879883,0.7044067383,0.2456054688
10599386.0,2968.0,0.0,-0.01171875,0.12109375,-0.00390625,0
10606418.0,7032.0,1.0,0.6374511719,-0.1926879883,0.7044067383,0.2456054688
10609386.0,2968.0,0.0,-0.01171875,0.03515625,0.1171875,0
10616418.0,7032.0,1.0,0.6374511719,-0.1926879883,0.7044067383,0.2456054688
10619386.0,2968.0,0.0,0.02734375,0.07421875,0.1171875,0
10626418.0,7032.0,1.0,0.6374511719,-0.1926879883,0.7044067383,0.2456054688
10629386.0,2968.0,0.0,0.02734375,0.11328125,0.04296875,0
10636418.0,7032.0,1.0,0.6374511719,-0.1926269531,0.7044677734,0.2456054688
10639386.0,2968.0,0.0,0.02734375,0.07421875,0.04296875,0
10646418.0,7032.0,1.0,0.6374511719,-0.1926269531,0.7044677734,0.2456054688
10649386.0,2968.0,0.0,-0.01171875,-0.00390625,0.04296875,0
10656418.0,7032.0,1.0,0.6373901367,-0.1926879883,0.7044677734,0.2456054688
10659386.0,2968.0,0.0,0.02734375,0.06640625,0.078125,0
10666418.0,7032.0,1.0,0.6373901367,-0.1926879883,0.7044677734,0.2456054688
10669386.0,2968.0,0.0,0.01953125,0.06640625,0.0703125,0
10676418.0,7032.0,1.0,0.6373901367,-0.1926879883,0.7044677734,0.2456054688
10679386.0,2968.0,0.0,0.01953125,0.06640625,0.109375,0
10685418.0,6032.0,1.0,0.6373901367,-0.1926879883,0.7044677734,0.2455444336
10688386.0,2968.0,0.0,0.01953125,-0.05078125,0.0703125,0
10696418.0,8032.0,1.0,0.6373291016,-0.1927490234,0.7045288086,0.2455444336
10699386.0,2968.0,0.0,-0.01953125,-0.0859375,-0.00390625,0
10706418.0,7032.0,1.0,0.6373291016,-0.1927490234,0.7045288086,0.2455444336
10709386.0,2968.0,0.0,-0.01953125,-0.05078125,-0.03515625,0
10716418.0,7032.0,1.0,0.6373291016,-0.1928100586,0.7045288086,0.2456054688
10719386.0,2968.0,0.0,-0.01953125,-0.078125,-0.04296875,0
10726418.0,7032.0,1.0,0.6372680664,-0.1928100586,0.7045288086,0.2456054688
10729386.0,2968.0,0.0,-0.01171875,0.02734375,0.0625,0
10736418.0,7032.0,1.0,0.6372680664,-0.1928100586,0.7045288086,0.2456054688
10740386.0,3968.0,0.0,-0.01171875,0.02734375,0.1015625,0
10746418.0,6032.0,1.0,0.6372680664,-0.1928100586,0.7045898438,0.2455444336
10749386.0,2968.0,0.0,-0.01171875,0.07421875,0.1015625,0
10756418.0,7032.0,1.0,0.6372680664,-0.1928100586,0.7045898438,0.2454833984
10759386.0,2968.0,0.0,0.01953125,0.02734375,0.02734375,0
10766418.0,7032.0,1.0,0.6372680664,-0.1927490234,0.7046508789,0.2454223633
10769386.0,2968.0,0.0,-0.01953125,-0.05078125,-0.05078125,0
10776418.0,7032.0,1.0,0.6372680664,-0.1927490234,0.7046508789,0.2453613281
10780386.0,3968.0,0.0,-0.01953125,-0.05078125,-0.05078125,0
10786418.0,6032.0,1.0,0.6372070313,-0.1927490234,0.7047119141,0.2453613281
10789386.0,2968.0,0.0,-0.01953125,0.02734375,-0.01171875,0
10796418.0,7032.0,1.0,0.6372070313,-0.1927490234,0.7047119141,0.245300293
10799386.0,2968.0,0.0,-0.01953125,-0.05078125,0.0703125,0
10806418.0,7032.0,1.0,0.6372070313,-0.1927490234,0.7047729492,0.245300293
10809386.0,2968.0,0.0,-0.01953125,-0.01171875,-0.00390625,0
10816418.0,7032.0,1.0,0.6371459961,-0.1927490234,0.7047729492,0.245300293
10820386.0,3968.0,0.0,0.01953125,0.06640625,-0.00390625,0
10826418.0,6032.0,1.0,0.6371459961,-0.1927490234,0.7048339844,0.245300293
10829386.0,2968.0,0.0,-0.01953125,0.02734375,-0.01171875,0
10836418.0,7032.0,1.0,0.6370849609,-0.1927490234,0.7048339844,0.245300293
10839386.0,2968.0,0.0,0.01953125,-0.0859375,-0.08984375,0
10846418.0,7032.0,1.0,0.6370849609,-0.1927490234,0.7048339844,0.245300293
10849386.0,2968.0,0.0,-0.01953125,-0.01171875,-0.12109375,0
10856418.0,7032.0,1.0,0.6370239258,-0.1927490234,0.7048950195,0.245300293
10859386.0,2968.0,0.0,0.01953125,0.06640625,-0.08203125,0
10866418.0,7032.0,1.0,0.6370239258,-0.1928100586,0.7048950195,0.2452392578
10869386.0,2968.0,0.0,-0.01953125,0.06640625,-0.08203125,0
10876418.0,7032.0,1.0,0.6370239258,-0.1928100586,0.7049560547,0.2452392578
10879386.0,2968.0,0.0,0.01953125,-0.05078125,0.00390625,0
10886418.0,7032.0,1.0,0.6369628906,-0.1928100586,0.7049560547,0.2451782227
10889386.0,2968.0,0.0,-0.01953125,-0.05078125,0.00390625,0
10896418.0,7032.0,1.0,0.6369628906,-0.1928100586,0.7050170898,0.2451782227
10899386.0,2968.0,0.0,0.01953125,-0.01171875,0.04296875,0
10906418.0,7032.0,1.0,0.6369018555,-0.1928100586,0.7050170898,0.2451171875
10909386.0,2968.0,0.0,-0.01953125,-0.01171875,0.078125,0
10916418.0,7032.0,1.0,0.6369018555,-0.1928100586,0.705078125,0.2451171875
10919386.0,2968.0,0.0,-0.01953125,-0.0859375,0.00390625,0
10926418.0,7032.0,1.0,0.6369018555,-0.1928100586,0.705078125,0.2451171875
10929386.0,2968.0,0.0,-0.01171875,-0.04296875,-0.07421875,0
10936418.0,7032.0,1.0,0.6369018555,-0.1928710938,0.705078125,0.2451171875
10939386.0,2968.0,0.0,-0.01171875,0.03515625,-0.06640625,0
10946418.0,7032.0,1.0,0.6368408203,-0.1928710938,0.705078125,0.2451171875
10949386.0,2968.0,0.0,-0.01171875,0.03515625,-0.06640625,0
10956418.0,7032.0,1.0,0.6368408203,-0.1928710938,0.705078125,0.2451171875
10959386.0,2968.0,0.0,0.02734375,0.07421875,-0.06640625,0
10966418.0,7032.0,1.0,0.6367797852,-0.1928710938,0.7051391602,0.2451171875
10969386.0,2968.0,0.0,0.02734375,0.02734375,-0.06640625,0
10976418.0,7032.0,1.0,0.6367797852,-0.1929321289,0.7051391602,0.2451171875
10979386.0,2968.0,0.0,-0.01171875,-0.01171875,0.01953125,0
10986418.0,7032.0,1.0,0.6367797852,-0.1929931641,0.7051391602,0.2451171875
10989386.0,2968.0,0.0,-0.01953125,-0.078125,0.09375,0
10996418.0,7032.0,1.0,0.63671875,-0.1930541992,0.7051391602,0.2451782227
10999386.0,2968.0,0.0,0.02734375,0.02734375,0.1328125,0
11006418.0,7032.0,1.0,0.6366577148,-0.1931152344,0.7051391602,0.2451782227
11009386.0,2968.0,0.0,-0.01171875,0.02734375,0.09375,0
11016418.0,7032.0,1.0,0.6366577148,-0.1931762695,0.7052001953,0.2451782227
11019386.0,2968.0,0.0,-0.01171875,0.06640625,0.01953125,0
11026418.0,7032.0,1.0,0.6365966797,-0.1931762695,0.7052001953,0.2451782227
11029386.0,2968.0,0.0,0.02734375,-0.0859375,-0.1328125,0
11036418.0,7032.0,1.0,0.6365356445,-0.1931762695,0.7052612305,0.2451171875
11039386.0,2968.0,0.0,0.02734375,-0.01171875,-0.2109375,0
11046418.0,7032.0,1.0,0.6365356445,-0.1931762695,0.7052612305,0.2451171875
11049386.0,2968.0,0.0,-0.01953125,-0.04296875,-0.1640625,0
11056418.0,7032.0,1.0,0.6365356445,-0.1932373047,0.7053222656,0.2451171875
11059386.0,2968.0,0.0,-0.0546875,-0.078125,-0.08984375,0
11066418.0,7032.0,1.0,0.6364746094,-0.1932983398,0.7052612305,0.2451171875
11069386.0,2968.0,0.0,-0.01953125,-0.078125,0.02734375,0
11076418.0,7032.0,1.0,0.6364746094,-0.1932983398,0.7052612305,0.2452392578
11079386.0,2968.0,0.0,-0.01953125,0.07421875,0.140625,0
11086418.0,7032.0,1.0,0.6364746094,-0.193359375,0.7052612305,0.245300293
11089386.0,2968.0,0.0,0.01953125,0.11328125,0.21875,0
11096418.0,7032.0,1.0,0.6364135742,-0.193359375,0.7052612305,0.245300293
11099386.0,2968.0,0.0,0.01953125,0.1484375,0.29296875,0
11106418.0,7032.0,1.0,0.6364135742,-0.1934204102,0.7052612305,0.245300293
11109386.0,2968.0,0.0,0.02734375,0.10546875,0.2109375,0
11116418.0,7032.0,1.0,0.6364135742,-0.1934204102,0.7053222656,0.2452392578
11119386.0,2968.0,0.0,0.01953125,0.06640625,0.1328125,0
11126418.0,7032.0,1.0,0.6363525391,-0.1934204102,0.7053222656,0.2452392578
11129386.0,2968.0,0.0,0.01953125,-0.05078125,-0.01953125,0
11136418.0,7032.0,1.0,0.6362915039,-0.1934204102,0.7053833008,0.2451782227
11139386.0,2968.0,0.0,-0.01953125,-0.00390625,-0.10546875,0
11146418.0,7032.0,1.0,0.6362915039,-0.1934204102,0.7054443359,0.2451171875
11149386.0,2968.0,0.0,-0.01953125,-0.0859375,-0.06640625,0
11156418.0,7032.0,1.0,0.6362304688,-0.1934814453,0.7055053711,0.2450561523
11160386.0,3968.0,0.0,-0.01953125,-0.05078125,0.01171875,0
11166418.0,6032.0,1.0,0.6362304688,-0.1934814453,0.7055053711,0.2450561523
11169386.0,2968.0,0.0,-0.01953125,0.03515625,0.01953125,0
11176418.0,7032.0,1.0,0.6361694336,-0.1934814453,0.7055053711,0.2449951172
11179386.0,2968.0,0.0,-0.01953125,0.07421875,0.05859375,0
11186418.0,7032.0,1.0,0.6361694336,-0.1934814453,0.7055664063,0.2449951172
11189386.0,2968.0,0.0,-0.01953125,0.07421875,0.09375,0
11196418.0,7032.0,1.0,0.6361694336,-0.1935424805,0.7055664063,0.2449951172
11200386.0,3968.0,0.0,0.01953125,-0.00390625,0.09375,0
11206418.0,6032.0,1.0,0.6361083984,-0.1935424805,0.7056274414,0.244934082
11209386.0,2968.0,0.0,-0.01953125,-0.04296875,0.05859375,0
11216418.0,7032.0,1.0,0.6361083984,-0.1935424805,0.7056274414,0.2448730469
11219386.0,2968.0,0.0,-0.01171875,-0.01171875,-0.171875,0
11226418.0,7032.0,1.0,0.6360473633,-0.1935424805,0.7056884766,0.2448120117
11229386.0,2968.0,0.0,-0.01953125,-0.04296875,-0.2109375,0
11236418.0,7032.0,1.0,0.6360473633,-0.1935424805,0.7057495117,0.2447509766
11239386.0,2968.0,0.0,-0.01953125,-0.1171875,-0.1640625,0
11246418.0,7032.0,1.0,0.6359863281,-0.1935424805,0.7058105469,0.2447509766
11249386.0,2968.0,0.0,-0.01953125,-0.15625,-0.1640625,0
11256418.0,7032.0,1.0,0.6359863281,-0.1935424805,0.7058105469,0.2447509766
11259386.0,2968.0,0.0,-0.01953125,-0.04296875,-0.125,0
11266418.0,7032.0,1.0,0.635925293,-0.1936035156,0.7058105469,0.2447509766
11269386.0,2968.0,0.0,-0.01953125,-0.04296875,-0.08984375,0
11276418.0,7032.0,1.0,0.635925293,-0.1936035156,0.7058105469,0.2447509766
11279386.0,2968.0,0.0,-0.01171875,0.04296875,-0.04296875,0
11286418.0,7032.0,1.0,0.635925293,-0.1936035156,0.7058105469,0.2448120117
11289386.0,2968.0,0.0,0.02734375,0.07421875,0.00390625,0
11296418.0,7032.0,1.0,0.6358642578,-0.1936645508,0.705871582,0.2448120117
11299386.0,2968.0,0.0,-0.01171875,-0.078125,0.1171875,0
11306418.0,7032.0,1.0,0.6358642578,-0.1936645508,0.705871582,0.2448120117
11309386.0,2968.0,0.0,0.01953125,-0.15625,0.04296875,0
11316418.0,7032.0,1.0,0.6358642578,-0.1936035156,0.7059326172,0.2447509766
11319386.0,2968.0,0.0,-0.01953125,-0.1484375,-0.07421875,0
11326418.0,7032.0,1.0,0.6358032227,-0.1936035156,0.7059326172,0.2447509766
11329386.0,2968.0,0.0,-0.01953125,-0.109375,-0.1484375,0
11336418.0,7032.0,1.0,0.6358032227,-0.1936035156,0.7059326172,0.2446899414
11339386.0,2968.0,0.0,-0.01953125,-0.03515625,-0.1796875,0
11346418.0,7032.0,1.0,0.6358032227,-0.1936035156,0.7059936523,0.2446899414
11349386.0,2968.0,0.0,-0.01171875,0.08984375,-0.1328125,0
11356418.0,7032.0,1.0,0.6358032227,-0.1936035156,0.7059326172,0.2447509766
11359386.0,2968.0,0.0,-0.0546875,-0.0625,0.625,0
11366418.0,7032.0,1.0,0.6358032227,-0.1936035156,0.7059326172,0.2447509766
11369386.0,2968.0,0.0,-0.01953125,0.01171875,-0.140625,0
11376418.0,7032.0,1.0,0.6357421875,-0.1936645508,0.7059326172,0.2448120117
11379386.0,2968.0,0.0,0.05859375,0.13671875,-0.02734375,0
11386418.0,7032.0,1.0,0.6357421875,-0.1936645508,0.7059936523,0.2447509766
11389386.0,2968.0,0.0,-0.01953125,0.01171875,-0.140625,0
11397418.0,8032.0,1.0,0.6357421875,-0.1936645508,0.7059936523,0.2447509766
11400386.0,2968.0,0.0,-0.046875,0.01171875,0.43359375,0
11406418.0,6032.0,1.0,0.6357421875,-0.1936645508,0.7060546875,0.2446899414
11409386.0,2968.0,0.0,-0.01171875,0.2421875,-0.07421875,0
11416418.0,7032.0,1.0,0.6356811523,-0.1936645508,0.7060546875,0.2446899414
11419386.0,2968.0,0.0,-0.01171875,-0.0625,0.08203125,0
11426418.0,7032.0,1.0,0.6356811523,-0.1936645508,0.7060546875,0.2446899414
11429386.0,2968.0,0.0,0.02734375,-0.21875,-0.02734375,0
11437418.0,8032.0,1.0,0.6356811523,-0.1936645508,0.7060546875,0.2446899414
11440386.0,2968.0,0.0,-0.01171875,0.01171875,-0.1015625,0
11446418.0,6032.0,1.0,0.6356811523,-0.1936645508,0.7060546875,0.2446899414
11449386.0,2968.0,0.0,-0.01171875,-0.37109375,0.05078125,0
11456418.0,7032.0,1.0,0.6356811523,-0.1936645508,0.7061157227,0.2446289063
11459386.0,2968.0,0.0,-0.01171875,-0.28515625,0.1171875,0
11466418.0,7032.0,1.0,0.6356201172,-0.1936645508,0.7061157227,0.2446289063
11469386.0,2968.0,0.0,0.01953125,0.48046875,-0.109375,0
11477418.0,8032.0,1.0,0.6356201172,-0.1937255859,0.7061157227,0.2446899414
11480386.0,2968.0,0.0,-0.0546875,0.09765625,0.234375,0
11487418.0,7032.0,1.0,0.6356201172,-0.1937255859,0.7061157227,0.2446899414
11490386.0,2968.0,0.0,-0.01953125,-0.40234375,0.2421875,0
11496418.0,6032.0,1.0,0.635559082,-0.1937866211,0.7061157227,0.2446899414
11499386.0,2968.0,0.0,0.06640625,0.40234375,-0.04296875,0
11506418.0,7032.0,1.0,0.635559082,-0.1937866211,0.7061157227,0.2446899414
11509386.0,2968.0,0.0,-0.01171875,0.203125,-0.1875,0
11517418.0,8032.0,1.0,0.635559082,-0.1938476563,0.7061157227,0.2446899414
11520386.0,2968.0,0.0,0.02734375,0.171875,0.04296875,0
11526418.0,6032.0,1.0,0.6354980469,-0.1938476563,0.7061157227,0.2447509766
11529386.0,2968.0,0.0,0.02734375,0.08984375,0.04296875,0
11536418.0,7032.0,1.0,0.6354980469,-0.1939086914,0.7061157227,0.2447509766
11540386.0,3968.0,0.0,-0.01171875,0.28125,-0.1171875,0
11547418.0,7032.0,1.0,0.6354980469,-0.1939086914,0.7061157227,0.2448120117
11550386.0,2968.0,0.0,0.02734375,0.1953125,0.03515625,0
11556418.0,6032.0,1.0,0.6354370117,-0.1939697266,0.7061767578,0.2448120117
11559386.0,2968.0,0.0,-0.01953125,-0.1875,0.1875,0
11566418.0,7032.0,1.0,0.6354370117,-0.1939697266,0.7061767578,0.2448120117
11569386.0,2968.0,0.0,0.02734375,0.00390625,0.109375,0
11576418.0,7032.0,1.0,0.6353759766,-0.1939697266,0.7061767578,0.2448120117
11580386.0,3968.0,0.0,0.02734375,0.08203125,0.109375,0
11587418.0,7032.0,1.0,0.6353759766,-0.1939697266,0.706237793,0.2447509766
11590386.0,2968.0,0.0,-0.01953125,-0.00390625,0.30078125,0
11596418.0,6032.0,1.0,0.6353759766,-0.1939697266,0.706237793,0.2446899414
11599386.0,2968.0,0.0,0.01953125,0.1875,0.06640625,0
11606418.0,7032.0,1.0,0.6353759766,-0.1939697266,0.7062988281,0.2446899414
11609386.0,2968.0,0.0,0.02734375,0.1484375,-0.08984375,0
11616418.0,7032.0,1.0,0.6353149414,-0.1939697266,0.7062988281,0.2446899414
11620386.0,3968.0,0.0,-0.01953125,-0.05078125,-0.08984375,0
11626418.0,6032.0,1.0,0.6352539063,-0.1940307617,0.7063598633,0.2446899414
11629386.0,2968.0,0.0,0.01953125,-0.01171875,-0.1640625,0
11636418.0,7032.0,1.0,0.6351928711,-0.1940307617,0.7063598633,0.2446899414
11639386.0,2968.0,0.0,0.01953125,0.25,-0.234375,0
11646418.0,7032.0,1.0,0.6351318359,-0.1940917969,0.7064208984,0.2446899414
11649386.0,2968.0,0.0,-0.01953125,0.48046875,-0.34765625,0
11656418.0,7032.0,1.0,0.6350708008,-0.194152832,0.7064819336,0.2446899414
11660386.0,3968.0,0.0,-0.01953125,0.09765625,-0.1796875,0
11666418.0,6032.0,1.0,0.6350097656,-0.1942138672,0.7065429688,0.2446899414
11669386.0,2968.0,0.0,-0.0546875,-1.0625,0.15625,0
11677418.0,8032.0,1.0,0.6350097656,-0.194152832,0.7065429688,0.2446899414
11680386.0,2968.0,0.0,-0.01953125,-0.29296875,0.08203125,0
11686418.0,6032.0,1.0,0.6350097656,-0.1940917969,0.7065429688,0.2446289063
11689386.0,2968.0,0.0,-0.01953125,0.05859375,-0.140625,0
11696418.0,7032.0,1.0,0.6350097656,-0.1940917969,0.7065429688,0.2446899414
11700386.0,3968.0,0.0,-0.01953125,0.2109375,-0.1796875,0
11706418.0,6032.0,1.0,0.6350097656,-0.1940307617,0.7065429688,0.2446899414
11709386.0,2968.0,0.0,-0.01953125,-0.01953125,-0.1015625,0
11716418.0,7032.0,1.0,0.6350097656,-0.1940307617,0.7065429688,0.2446899414
11719386.0,2968.0,0.0,0.01953125,-0.01953125,-0.1796875,0
11726418.0,7032.0,1.0,0.6350097656,-0.1939697266,0.7065429688,0.2447509766
11729386.0,2968.0,0.0,-0.01953125,0.05859375,-0.140625,0
11737418.0,8032.0,1.0,0.6350097656,-0.1939697266,0.7065429688,0.2448120117
11740386.0,2968.0,0.0,-0.01953125,0.01953125,-0.140625,0
11746418.0,6032.0,1.0,0.6350097656,-0.1939697266,0.7065429688,0.2448120117
11749386.0,2968.0,0.0,-0.01953125,0.01953125,-0.1015625,0
11756418.0,7032.0,1.0,0.6350097656,-0.1939086914,0.7065429688,0.2448730469
11759386.0,2968.0,0.0,-0.01953125,0.01953125,-0.1015625,0
11766418.0,7032.0,1.0,0.6350097656,-0.1938476563,0.7065429688,0.2448730469
11769386.0,2968.0,0.0,-0.01953125,0.09765625,-0.1015625,0
11777418.0,8032.0,1.0,0.6350708008,-0.1937866211,0.7065429688,0.2448120117
11780386.0,2968.0,0.0,-0.01953125,0.09765625,-0.06640625,0
11786418.0,6032.0,1.0,0.6351318359,-0.1937255859,0.7065429688,0.2448120117
11789386.0,2968.0,0.0,-0.01953125,-0.01953125,0.08984375,0
11796418.0,7032.0,1.0,0.6351318359,-0.1936035156,0.7065429688,0.2448120117
11799386.0,2968.0,0.0,-0.01953125,0.08984375,-0.02734375,0
11806418.0,7032.0,1.0,0.6351928711,-0.1935424805,0.7065429688,0.2447509766
11809386.0,2968.0,0.0,0.01953125,0.08984375,-0.1796875,0
11817418.0,8032.0,1.0,0.6351928711,-0.1935424805,0.7065429688,0.2447509766
11820386.0,2968.0,0.0,0.01953125,-0.06640625,-0.1796875,0
11826418.0,6032.0,1.0,0.6351928711,-0.1934814453,0.7065429688,0.2447509766
11829386.0,2968.0,0.0,0.01953125,-0.1015625,-0.109375,0
11836418.0,7032.0,1.0,0.6352539063,-0.1934204102,0.7064819336,0.2447509766
11839386.0,2968.0,0.0,-0.01953125,-0.171875,-0.1484375,0
11846418.0,7032.0,1.0,0.6352539063,-0.1934204102,0.7064819336,0.2447509766
11849386.0,2968.0,0.0,-0.01953125,-0.05859375,-0.1484375,0
11857418.0,8032.0,1.0,0.6353149414,-0.193359375,0.7064819336,0.2448120117
11860386.0,2968.0,0.0,-0.01953125,-0.1328125,-0.109375,0
11866418.0,6032.0,1.0,0.6353759766,-0.193359375,0.7064208984,0.2448120117
11869386.0,2968.0,0.0,-0.01953125,-0.1328125,-0.07421875,0
11876418.0,7032.0,1.0,0.6354370117,-0.1932373047,0.7063598633,0.2448730469
11879386.0,2968.0,0.0,-0.01171875,0.01953125,0.04296875,0
11886418.0,7032.0,1.0,0.6354980469,-0.1931762695,0.7062988281,0.2448730469
11889386.0,2968.0,0.0,-0.01171875,0.1328125,0.1171875,0
11897418.0,8032.0,1.0,0.6354980469,-0.1931152344,0.7062988281,0.2448730469
11900386.0,2968.0,0.0,-0.01171875,0.125,0.1171875,0
11906418.0,6032.0,1.0,0.635559082,-0.1931152344,0.706237793,0.244934082
11909386.0,2968.0,0.0,0.02734375,0.25,0.1953125,0
11916418.0,7032.0,1.0,0.6356201172,-0.1931152344,0.7061767578,0.244934082
11919386.0,2968.0,0.0,0.02734375,-0.25,0.00390625,0
11927418.0,8032.0,1.0,0.6356201172,-0.1931152344,0.7061767578,0.2449951172
11930386.0,2968.0,0.0,0.02734375,0.25,-0.07421875,0
11937418.0,7032.0,1.0,0.6356201172,-0.1931152344,0.7061157227,0.2450561523
11940386.0,2968.0,0.0,-0.01171875,0.125,0.08203125,0
11946418.0,6032.0,1.0,0.6356201172,-0.1931152344,0.7061157227,0.2451171875
11949386.0,2968.0,0.0,-0.01171875,-0.1015625,-0.08203125,0
11956418.0,7032.0,1.0,0.6356811523,-0.1931152344,0.7060546875,0.2451782227
11960386.0,3968.0,0.0,-0.046875,0.125,0.1484375,0
11967418.0,7032.0,1.0,0.6356811523,-0.1931152344,0.7059936523,0.2452392578
11970386.0,2968.0,0.0,-0.01171875,-0.4765625,0.1875,0
11976418.0,6032.0,1.0,0.6357421875,-0.1931152344,0.7059936523,0.2452392578
11979386.0,2968.0,0.0,-0.01171875,-0.1796875,0.2265625,0
11986418.0,7032.0,1.0,0.6358032227,-0.1931152344,0.7059326172,0.245300293
11989386.0,2968.0,0.0,0.02734375,0.203125,0.2265625,0
11996418.0,7032.0,1.0,0.6358032227,-0.1931152344,0.705871582,0.245300293
12000386.0,3968.0,0.0,0.01953125,-0.01953125,0.1484375,0
12007418.0,7032.0,1.0,0.6358032227,-0.1931762695,0.705871582,0.2453613281
12010386.0,2968.0,0.0,-0.01171875,0.08984375,0.07421875,0
12016418.0,6032.0,1.0,0.6358032227,-0.1931762695,0.705871582,0.2453613281
12019386.0,2968.0,0.0,-0.01171875,-0.140625,-0.00390625,0
12027418.0,8032.0,1.0,0.6358032227,-0.1931762695,0.7058105469,0.2454223633
12030386.0,2968.0,0.0,0.02734375,-0.140625,-0.1171875,0
12037418.0,7032.0,1.0,0.6358032227,-0.1931152344,0.7058105469,0.2454223633
12040386.0,2968.0,0.0,-0.01171875,-0.02734375,-0.078125,0
12047418.0,7032.0,1.0,0.6358032227,-0.1931152344,0.7058105469,0.2454223633
12050386.0,2968.0,0.0,-0.01171875,-0.01953125,0.04296875,0
12057418.0,7032.0,1.0,0.6358642578,-0.1931152344,0.705871582,0.2453613281
12060386.0,2968.0,0.0,0.02734375,0.05859375,0.00390625,0
12067418.0,7032.0,1.0,0.6358032227,-0.1930541992,0.705871582,0.2453613281
12070386.0,2968.0,0.0,0.02734375,-0.1328125,0.08203125,0
12077418.0,7032.0,1.0,0.6358032227,-0.1929931641,0.705871582,0.2453613281
12080386.0,2968.0,0.0,-0.01171875,0.09765625,0.07421875,0
12087418.0,7032.0,1.0,0.6358032227,-0.1929931641,0.705871582,0.245300293
12090386.0,2968.0,0.0,0.02734375,0.01953125,0.1484375,0
12097418.0,7032.0,1.0,0.6358642578,-0.1929321289,0.7059326172,0.245300293
12100386.0,2968.0,0.0,0.02734375,0.05859375,0.10546875,0
12107418.0,7032.0,1.0,0.6358642578,-0.1929321289,0.7059326172,0.245300293
12110386.0,2968.0,0.0,-0.01171875,0.01953125,0.1484375,0
12117418.0,7032.0,1.0,0.6358642578,-0.1928710938,0.7059326172,0.2452392578
12120386.0,2968.0,0.0,-0.01171875,0.05078125,0.140625,0
12127418.0,7032.0,1.0,0.6358642578,-0.1928710938,0.7059326172,0.2452392578
12130386.0,2968.0,0.0,-0.01171875,-0.01953125,0.09765625,0
12137418.0,7032.0,1.0,0.6358642578,-0.1928710938,0.7059326172,0.2452392578
12140386.0,2968.0,0.0,-0.01171875,-0.171875,0.05859375,0
12147418.0,7032.0,1.0,0.6358642578,-0.1928100586,0.7059326172,0.2451782227
12150386.0,2968.0,0.0,-0.01171875,-0.1328125,-0.01953125,0
12157418.0,7032.0,1.0,0.6358642578,-0.1928100586,0.7059326172,0.2451782227
12160386.0,2968.0,0.0,-0.01171875,-0.01953125,-0.05859375,0
12167418.0,7032.0,1.0,0.635925293,-0.1927490234,0.7059326172,0.2451782227
12170386.0,2968.0,0.0,0.02734375,-0.01171875,-0.06640625,0
12177418.0,7032.0,1.0,0.635925293,-0.1926879883,0.7059326172,0.2451171875
12180386.0,2968.0,0.0,0.02734375,0.02734375,-0.02734375,0
12187418.0,7032.0,1.0,0.635925293,-0.1926879883,0.7059326172,0.2451171875
12190386.0,2968.0,0.0,0.02734375,0.02734375,0.01171875,0
12197418.0,7032.0,1.0,0.635925293,-0.1926879883,0.7059326172,0.2451171875
12200386.0,2968.0,0.0,-0.01171875,-0.01171875,0.08984375,0
12206418.0,6032.0,1.0,0.635925293,-0.1926269531,0.7059326172,0.2451171875
12209386.0,2968.0,0.0,-0.01953125,0.09765625,0.1640625,0
12217418.0,8032.0,1.0,0.635925293,-0.1926879883,0.7059326172,0.2451171875
12220386.0,2968.0,0.0,-0.01953125,0.06640625,0.15625,0
12227418.0,7032.0,1.0,0.635925293,-0.1926879883,0.7059326172,0.2451171875
12230386.0,2968.0,0.0,-0.01171875,0.09765625,0.109375,0
12237418.0,7032.0,1.0,0.635925293,-0.1927490234,0.7059326172,0.2451171875
12240386.0,2968.0,0.0,0.02734375,-0.05859375,0.03515625,0
12247418.0,7032.0,1.0,0.635925293,-0.1928100586,0.7059326172,0.2451782227
12250386.0,2968.0,0.0,-0.01171875,-0.171875,-0.1484375,0
12257418.0,7032.0,1.0,0.6358642578,-0.1928100586,0.7059326172,0.2451782227
12261386.0,3968.0,0.0,-0.01171875,-0.09375,-0.1484375,0
12267418.0,6032.0,1.0,0.6358642578,-0.1928100586,0.7059326172,0.2451782227
12270386.0,2968.0,0.0,-0.01171875,0.01953125,-0.109375,0
12277418.0,7032.0,1.0,0.635925293,-0.1928710938,0.705871582,0.2452392578
12280386.0,2968.0,0.0,-0.01171875,0.1328125,0.15625,0
12287418.0,7032.0,1.0,0.635925293,-0.1929321289,0.7058105469,0.2453613281
12290386.0,2968.0,0.0,-0.01171875,-0.01171875,0.41015625,0
12297418.0,7032.0,1.0,0.635925293,-0.1929931641,0.7058105469,0.2454223633
12301386.0,3968.0,0.0,0.02734375,-0.1640625,0.1015625,0
12307418.0,6032.0,1.0,0.635925293,-0.1929321289,0.7058105469,0.2454223633
12310386.0,2968.0,0.0,-0.01171875,-0.1640625,-0.01171875,0
12317418.0,7032.0,1.0,0.635925293,-0.1929931641,0.7058105469,0.2454223633
12320386.0,2968.0,0.0,0.02734375,-0.078125,0.05859375,0
12327418.0,7032.0,1.0,0.635925293,-0.1929931641,0.7057495117,0.2454223633
12330386.0,2968.0,0.0,-0.01171875,-0.30859375,-0.1328125,0
12337418.0,7032.0,1.0,0.635925293,-0.1929931641,0.7057495117,0.2453613281
12341386.0,3968.0,0.0,-0.01171875,0.11328125,0.05859375,0
12347418.0,6032.0,1.0,0.635925293,-0.1930541992,0.7057495117,0.2453613281
12350386.0,2968.0,0.0,0.02734375,0.04296875,-0.01953125,0
12357418.0,7032.0,1.0,0.635925293,-0.1930541992,0.7058105469,0.245300293
12360386.0,2968.0,0.0,0.02734375,-0.0703125,0.01953125,0
12367418.0,7032.0,1.0,0.635925293,-0.1930541992,0.7058105469,0.245300293
12370386.0,2968.0,0.0,-0.01171875,-0.03515625,0.05859375,0
12377418.0,7032.0,1.0,0.635925293,-0.1930541992,0.7058105469,0.245300293
12380386.0,2968.0,0.0,-0.01171875,0.04296875,0.05859375,0
12387418.0,7032.0,1.0,0.635925293,-0.1930541992,0.7058105469,0.2452392578
12390386.0,2968.0,0.0,-0.01171875,0.04296875,0.09375,0
12397418.0,7032.0,1.0,0.635925293,-0.1931152344,0.7058105469,0.2452392578
12400386.0,2968.0,0.0,-0.01171875,0.00390625,0.1328125,0
12407418.0,7032.0,1.0,0.635925293,-0.1931152344,0.7058105469,0.2452392578
12410386.0,2968.0,0.0,-0.01171875,0.08203125,0.1328125,0
12417418.0,7032.0,1.0,0.635925293,-0.1931152344,0.7058105469,0.2451782227
12420386.0,2968.0,0.0,0.02734375,0.05078125,0.0859375,0
12427418.0,7032.0,1.0,0.635925293,-0.1931152344,0.7058105469,0.2451782227
12430386.0,2968.0,0.0,0.02734375,-0.0625,-0.02734375,0
12437418.0,7032.0,1.0,0.635925293,-0.1931762695,0.7058105469,0.2451782227
12440386.0,2968.0,0.0,-0.01171875,-0.0625,0.01171875,0
12447418.0,7032.0,1.0,0.635925293,-0.1931762695,0.705871582,0.2451782227
12450386.0,2968.0,0.0,-0.01171875,-0.03515625,0.04296875,0
12457418.0,7032.0,1.0,0.6358642578,-0.1931762695,0.705871582,0.2451782227
12460386.0,2968.0,0.0,0.02734375,0.00390625,-0.07421875,0
12467418.0,7032.0,1.0,0.6358642578,-0.1931762695,0.705871582,0.2451171875
12470386.0,2968.0,0.0,0.02734375,0.01171875,-0.11328125,0
12477418.0,7032.0,1.0,0.6358642578,-0.1931762695,0.705871582,0.2451171875
12480386.0,2968.0,0.0,-0.01171875,0.05078125,0.1171875,0
12487418.0,7032.0,1.0,0.6358642578,-0.1932373047,0.705871582,0.2451171875
12490386.0,2968.0,0.0,0.01953125,-0.02734375,0.04296875,0
12497418.0,7032.0,1.0,0.6358642578,-0.1932373047,0.705871582,0.2451171875
12500386.0,2968.0,0.0,0.01953125,0.01171875,0.00390625,0
12507418.0,7032.0,1.0,0.6358642578,-0.1932983398,0.705871582,0.2451171875
12510386.0,2968.0,0.0,0.01953125,0.08984375,-0.1875,0
12517418.0,7032.0,1.0,0.6358032227,-0.1932983398,0.7059326172,0.2450561523
12520386.0,2968.0,0.0,-0.01953125,0.05078125,-0.1484375,0
12527418.0,7032.0,1.0,0.6358032227,-0.1932983398,0.7059326172,0.2449951172
12530386.0,2968.0,0.0,-0.01953125,0.05078125,0.04296875,0
12537418.0,7032.0,1.0,0.6358032227,-0.1932983398,0.7059326172,0.2449951172
12540386.0,2968.0,0.0,-0.01953125,0.05078125,0.1171875,0
12547418.0,7032.0,1.0,0.6358642578,-0.1932983398,0.7059326172,0.2449951172
12550386.0,2968.0,0.0,0.01953125,0.01171875,0.078125,0
12557418.0,7032.0,1.0,0.6358642578,-0.1932983398,0.7059326172,0.244934082
12560386.0,2968.0,0.0,0.01953125,0.01171875,0.078125,0
12567418.0,7032.0,1.0,0.6358642578,-0.193359375,0.7059326172,0.244934082
12570386.0,2968.0,0.0,0.01953125,-0.02734375,0.00390625,0
12577418.0,7032.0,1.0,0.6358032227,-0.193359375,0.7059326172,0.2448730469
12580386.0,2968.0,0.0,-0.01953125,-0.02734375,-0.11328125,0
12587418.0,7032.0,1.0,0.6358032227,-0.193359375,0.7059936523,0.2448730469
12590386.0,2968.0,0.0,-0.01953125,-0.03515625,-0.140625,0
12597418.0,7032.0,1.0,0.6358032227,-0.193359375,0.7059936523,0.2448730469
12600386.0,2968.0,0.0,-0.0546875,-0.109375,-0.06640625,0
12607418.0,7032.0,1.0,0.6358032227,-0.193359375,0.7059936523,0.2448730469
12610386.0,2968.0,0.0,0.01953125,-0.1484375,-0.140625,0
12617418.0,7032.0,1.0,0.6358032227,-0.193359375,0.7059936523,0.2448730469
12620386.0,2968.0,0.0,0.01953125,-0.1015625,-0.1328125,0
12627418.0,7032.0,1.0,0.6358032227,-0.1934204102,0.7059936523,0.2448730469
12630386.0,2968.0,0.0,0.01953125,0.1640625,-0.1328125,0
12637418.0,7032.0,1.0,0.6358032227,-0.1934204102,0.7059936523,0.2448730469
12640386.0,2968.0,0.0,-0.01953125,0.12890625,0.01953125,0
12647418.0,7032.0,1.0,0.6358032227,-0.1934204102,0.7059936523,0.2448730469
12650386.0,2968.0,0.0,-0.01953125,0.12890625,0.09375,0
12657418.0,7032.0,1.0,0.6358032227,-0.1934204102,0.7059936523,0.2448120117
12660386.0,2968.0,0.0,-0.01953125,0.12890625,0.171875,0
12667418.0,7032.0,1.0,0.6358032227,-0.1934814453,0.7059936523,0.2448120117
12670386.0,2968.0,0.0,0.01953125,0.05078125,0.09375,0
12677418.0,7032.0,1.0,0.6358032227,-0.1934814453,0.7059936523,0.2447509766
12681386.0,3968.0,0.0,0.01953125,0.00390625,-0.08984375,0
12687418.0,6032.0,1.0,0.6357421875,-0.1935424805,0.7059936523,0.2447509766
12690386.0,2968.0,0.0,0.01953125,-0.109375,-0.1640625,0
12697418.0,7032.0,1.0,0.6357421875,-0.1935424805,0.7059936523,0.2447509766
12700386.0,2968.0,0.0,-0.01953125,-0.0703125,-0.125,0
12707418.0,7032.0,1.0,0.6357421875,-0.1935424805,0.7059936523,0.2448120117
12710386.0,2968.0,0.0,-0.01953125,-0.03515625,-0.05078125,0
12717418.0,7032.0,1.0,0.6357421875,-0.1935424805,0.7059936523,0.2448120117
12721386.0,3968.0,0.0,0.01953125,0.00390625,-0.125,0
12727418.0,6032.0,1.0,0.6357421875,-0.1935424805,0.7059936523,0.2448120117
12730386.0,2968.0,0.0,-0.01953125,0.08203125,-0.15625,0
12737418.0,7032.0,1.0,0.6357421875,-0.1935424805,0.7059936523,0.2448120117
12740386.0,2968.0,0.0,0.01953125,0.08203125,-0.04296875,0
12747418.0,7032.0,1.0,0.6357421875,-0.1936035156,0.7059936523,0.2448120117
12750386.0,2968.0,0.0,0.01953125,-0.03515625,0.109375,0
12757418.0,7032.0,1.0,0.6357421875,-0.1936035156,0.7059936523,0.2448120117
12761386.0,3968.0,0.0,-0.01953125,-0.03515625,0.2265625,0
12767418.0,6032.0,1.0,0.6356811523,-0.1936645508,0.7059936523,0.2448730469
12770386.0,2968.0,0.0,0.01953125,-0.0703125,0.30078125,0
12777418.0,7032.0,1.0,0.6356811523,-0.1936645508,0.7059936523,0.2448730469
12780386.0,2968.0,0.0,0.01953125,0.00390625,0.1484375,0
12787418.0,7032.0,1.0,0.6356811523,-0.1937255859,0.7059936523,0.2448730469
12790386.0,2968.0,0.0,-0.01953125,0.00390625,0.06640625,0
12797418.0,7032.0,1.0,0.6356201172,-0.1937255859,0.7060546875,0.2448730469
12800386.0,2968.0,0.0,-0.01953125,-0.0703125,0.109375,0
12807418.0,7032.0,1.0,0.6356201172,-0.1937255859,0.7060546875,0.2448120117
12810386.0,2968.0,0.0,-0.01953125,0.00390625,0.03515625,0
12817418.0,7032.0,1.0,0.635559082,-0.1937255859,0.7060546875,0.2448120117
12820386.0,2968.0,0.0,0.01953125,-0.0703125,-0.1171875,0
12827418.0,7032.0,1.0,0.635559082,-0.1937255859,0.7061157227,0.2448120117
12830386.0,2968.0,0.0,-0.02734375,-0.109375,-0.15625,0
12837418.0,7032.0,1.0,0.6354980469,-0.1937255859,0.7061157227,0.2448120117
12840386.0,2968.0,0.0,-0.02734375,-0.0703125,-0.1953125,0
12847418.0,7032.0,1.0,0.6354980469,-0.1937255859,0.7061767578,0.2448120117
12850386.0,2968.0,0.0,-0.02734375,-0.109375,-0.1953125,0
12857418.0,7032.0,1.0,0.6354980469,-0.1937255859,0.7061767578,0.2448120117
12860386.0,2968.0,0.0,-0.02734375,-0.1484375,-0.15625,0
12867418.0,7032.0,1.0,0.6354980469,-0.1937255859,0.7061767578,0.2448120117
12870386.0,2968.0,0.0,-0.01953125,-0.0625,-0.1484375,0
12877418.0,7032.0,1.0,0.6354980469,-0.1936645508,0.7061767578,0.2448730469
12880386.0,2968.0,0.0,-0.01953125,-0.02734375,-0.1484375,0
12887418.0,7032.0,1.0,0.6354980469,-0.1936645508,0.7061767578,0.2448730469
12890386.0,2968.0,0.0,0.01171875,-0.0546875,-0.140625,0
12897418.0,7032.0,1.0,0.635559082,-0.1936035156,0.7061157227,0.244934082
12900386.0,2968.0,0.0,-0.02734375,0.01953125,-0.1015625,0
12907418.0,7032.0,1.0,0.635559082,-0.1936035156,0.7061157227,0.244934082
12910386.0,2968.0,0.0,-0.01953125,0.13671875,0.01171875,0
12918418.0,8032.0,1.0,0.6356201172,-0.1935424805,0.7061157227,0.244934082
12921386.0,2968.0,0.0,-0.01953125,0.203125,0.05078125,0
12927418.0,6032.0,1.0,0.6356201172,-0.1934814453,0.7060546875,0.244934082
12930386.0,2968.0,0.0,-0.01953125,0.2421875,-0.1015625,0
12937418.0,7032.0,1.0,0.6356811523,-0.1934814453,0.7060546875,0.2449951172
12940386.0,2968.0,0.0,-0.01953125,0.2421875,-0.171875,0
12947418.0,7032.0,1.0,0.6356811523,-0.1935424805,0.7059936523,0.2449951172
12950386.0,2968.0,0.0,-0.01953125,0.12109375,-0.2109375,0
12957418.0,7032.0,1.0,0.6357421875,-0.1935424805,0.7059326172,0.2450561523
12960386.0,2968.0,0.0,-0.01953125,0.00390625,-0.171875,0
12967418.0,7032.0,1.0,0.6358032227,-0.1936035156,0.705871582,0.2451171875
12970386.0,2968.0,0.0,-0.01953125,-0.26171875,-0.203125,0
12977418.0,7032.0,1.0,0.6358642578,-0.1936035156,0.7058105469,0.2451171875
12980386.0,2968.0,0.0,-0.01953125,-0.30078125,-0.203125,0
12987418.0,7032.0,1.0,0.635925293,-0.1935424805,0.7056884766,0.2451782227
12990386.0,2968.0,0.0,-0.0546875,-0.37109375,-0.27734375,0
12997418.0,7032.0,1.0,0.6359863281,-0.1934814453,0.7056274414,0.245300293
13000386.0,2968.0,0.0,-0.046875,-0.5234375,-0.6484375,0
13007418.0,7032.0,1.0,0.6361083984,-0.193359375,0.7055053711,0.2454223633
13010386.0,2968.0,0.0,0.01953125,-0.37109375,-0.109375,0
13017418.0,7032.0,1.0,0.6361694336,-0.1931762695,0.7055053711,0.2454223633
13020386.0,2968.0,0.0,0.01953125,-0.0625,0.37890625,0
13027418.0,7032.0,1.0,0.6362304688,-0.1929931641,0.7055053711,0.2453613281
13030386.0,2968.0,0.0,0.05859375,0.47265625,1.14453125,0
13037418.0,7032.0,1.0,0.6362915039,-0.1928710938,0.7055053711,0.2453613281
13040386.0,2968.0,0.0,0.01953125,0.7421875,1.4140625,0
13047418.0,7032.0,1.0,0.6364746094,-0.1929321289,0.7053222656,0.2453613281
13050386.0,2968.0,0.0,0.21875,1.8125,-2.03515625,0
13057418.0,7032.0,1.0,0.6366577148,-0.1931152344,0.705078125,0.2453613281
13061386.0,3968.0,0.0,0.2578125,1.28515625,0.41015625,0
13067418.0,6032.0,1.0,0.6368408203,-0.1931762695,0.7049560547,0.245300293
13070386.0,2968.0,0.0,-0.01171875,-1.16015625,0.52734375,0
13077418.0,7032.0,1.0,0.6369018555,-0.1932983398,0.7048339844,0.2452392578
13080386.0,2968.0,0.0,-0.046875,-1.0078125,-0.6640625,0
13087418.0,7032.0,1.0,0.6370849609,-0.1932373047,0.7047729492,0.2451782227
13090386.0,2968.0,0.0,-0.0859375,-0.96875,-0.59375,0
13097418.0,7032.0,1.0,0.6373291016,-0.1929931641,0.7046508789,0.2450561523
13101386.0,3968.0,0.0,0.02734375,-0.66015625,-0.37109375,0
13107418.0,6032.0,1.0,0.6375732422,-0.1928100586,0.7045288086,0.2449951172
13110386.0,2968.0,0.0,0.02734375,-0.125,-0.44921875,0
13117418.0,7032.0,1.0,0.6377563477,-0.1927490234,0.7043457031,0.2450561523
13120386.0,2968.0,0.0,-0.01171875,-0.0546875,-0.6015625,0
13127418.0,7032.0,1.0,0.6380004883,-0.1926269531,0.7041015625,0.2451782227
13130386.0,2968.0,0.0,-0.01171875,0.13671875,-0.4921875,0
13137418.0,7032.0,1.0,0.6382446289,-0.1925048828,0.703918457,0.2452392578
13141386.0,3968.0,0.0,-0.046875,0.01953125,-0.34765625,0
13147418.0,6032.0,1.0,0.6384887695,-0.1923828125,0.7036132813,0.2453613281
13150386.0,2968.0,0.0,0.02734375,0.1796875,-0.2421875,0
13157418.0,7032.0,1.0,0.6387939453,-0.1923217773,0.7033691406,0.2454833984
13160386.0,2968.0,0.0,-0.01171875,0.02734375,-0.1328125,0
13167418.0,7032.0,1.0,0.6390991211,-0.192199707,0.7030639648,0.2456054688
13170386.0,2968.0,0.0,-0.01171875,-0.046875,0.01171875,0
13177418.0,7032.0,1.0,0.6394042969,-0.1920166016,0.7027587891,0.2456665039
13181386.0,3968.0,0.0,0.02734375,-0.0546875,0.30859375,0
13187418.0,6032.0,1.0,0.6397094727,-0.1918945313,0.7025146484,0.2457275391
13190386.0,2968.0,0.0,0.02734375,-0.0546875,0.4921875,0
13197418.0,7032.0,1.0,0.6400146484,-0.1917724609,0.7022705078,0.2458496094
13200386.0,2968.0,0.0,0.02734375,0.2109375,0.74609375,0
13207418.0,7032.0,1.0,0.6402587891,-0.1916503906,0.7020263672,0.2459106445
13210386.0,2968.0,0.0,0.03515625,0.37109375,0.82421875,0
13217418.0,7032.0,1.0,0.6405029297,-0.1915893555,0.7018432617,0.2459716797
13221386.0,3968.0,0.0,0.03515625,0.37109375,0.81640625,0
13227418.0,6032.0,1.0,0.6406860352,-0.1915283203,0.7016601563,0.2460327148
13230386.0,2968.0,0.0,0.03515625,0.37109375,0.8828125,0
13237418.0,7032.0,1.0,0.6408691406,-0.1915283203,0.7014770508,0.24609375
13240386.0,2968.0,0.0,0.00390625,0.05859375,0.80078125,0
13247418.0,7032.0,1.0,0.6410522461,-0.1915283203,0.7012939453,0.2461547852
13250386.0,2968.0,0.0,0.04296875,-0.046875,0.80078125,0
13257418.0,7032.0,1.0,0.6411743164,-0.1915283203,0.7011108398,0.2462158203
13260386.0,2968.0,0.0,-0.00390625,-0.1640625,0.828125,0
13267418.0,7032.0,1.0,0.6412963867,-0.1914672852,0.7010498047,0.2462158203
13270386.0,2968.0,0.0,-0.00390625,-0.125,0.71484375,0
13277418.0,7032.0,1.0,0.641418457,-0.1914672852,0.7009277344,0.2462768555
13280386.0,2968.0,0.0,-0.00390625,0.02734375,0.75390625,0
13287418.0,7032.0,1.0,0.6414794922,-0.19140625,0.7008666992,0.2462768555
13290386.0,2968.0,0.0,0.03515625,0.10546875,0.79296875,0
13298418.0,8032.0,1.0,0.6415405273,-0.19140625,0.7008056641,0.2462768555
13301386.0,2968.0,0.0,-0.00390625,0.21875,0.78515625,0
13307418.0,6032.0,1.0,0.6416015625,-0.19140625,0.7008056641,0.2462768555
13310386.0,2968.0,0.0,0.03515625,0.21875,0.70703125,0
13317418.0,7032.0,1.0,0.6416015625,-0.19140625,0.7008056641,0.2462158203
13320386.0,2968.0,0.0,0.03515625,0.1796875,0.74609375,0
13327418.0,7032.0,1.0,0.6416015625,-0.1914672852,0.7007446289,0.2462158203
13330386.0,2968.0,0.0,-0.00390625,0.06640625,0.74609375,0
13337418.0,7032.0,1.0,0.6415405273,-0.1915283203,0.7008056641,0.2462158203
13340386.0,2968.0,0.0,-0.00390625,-0.046875,0.78515625,0
13347418.0,7032.0,1.0,0.6415405273,-0.1915893555,0.7008056641,0.2462158203
13350386.0,2968.0,0.0,-0.00390625,-0.046875,0.78515625,0
13357418.0,7032.0,1.0,0.641418457,-0.1915893555,0.7008666992,0.2462158203
13360386.0,2968.0,0.0,-0.00390625,-0.00390625,0.77734375,0
13367418.0,7032.0,1.0,0.6413574219,-0.1916503906,0.7009277344,0.2461547852
13370386.0,2968.0,0.0,0.03515625,0.11328125,0.77734375,0
13378418.0,8032.0,1.0,0.6412353516,-0.1917114258,0.7010498047,0.24609375
13381386.0,2968.0,0.0,0.03515625,0.15234375,0.8203125,0
13388418.0,7032.0,1.0,0.6411132813,-0.1917724609,0.701171875,0.24609375
13391386.0,2968.0,0.0,-0.00390625,0.14453125,0.8984375,0
13397418.0,6032.0,1.0,0.6409912109,-0.1918334961,0.7012939453,0.2460327148
13400386.0,2968.0,0.0,0.03515625,0.14453125,0.9375,0
13407418.0,7032.0,1.0,0.6408081055,-0.1918945313,0.7014160156,0.2459716797
13410386.0,2968.0,0.0,0.03515625,0.14453125,0.8203125,0
13418418.0,8032.0,1.0,0.640625,-0.1920166016,0.7015991211,0.2459106445
13421386.0,2968.0,0.0,-0.00390625,0.10546875,0.63671875,0
13427418.0,6032.0,1.0,0.6404418945,-0.1921386719,0.7017822266,0.2457885742
13430386.0,2968.0,0.0,-0.00390625,0.02734375,0.33984375,0
13437418.0,7032.0,1.0,0.6402587891,-0.1922607422,0.701965332,0.2457275391
13440386.0,2968.0,0.0,0.03515625,-0.00390625,0.1171875,0
13447418.0,7032.0,1.0,0.6400146484,-0.1923828125,0.7021484375,0.2456665039
13450386.0,2968.0,0.0,-0.00390625,0.02734375,-0.11328125,0
13457418.0,7032.0,1.0,0.639831543,-0.1924438477,0.702331543,0.2455444336
13460386.0,2968.0,0.0,-0.00390625,-0.00390625,-0.1796875,0
13467418.0,7032.0,1.0,0.6396484375,-0.192565918,0.7025146484,0.2454833984
13470386.0,2968.0,0.0,-0.00390625,-0.078125,-0.14453125,0
13477418.0,7032.0,1.0,0.639465332,-0.1926269531,0.7026977539,0.2454223633
13481386.0,3968.0,0.0,-0.00390625,-0.15625,-0.1796875,0
13487418.0,6032.0,1.0,0.6392822266,-0.1926879883,0.7028808594,0.245300293
13490386.0,2968.0,0.0,-0.00390625,-0.0390625,-0.2109375,0
13497418.0,7032.0,1.0,0.6390991211,-0.1928100586,0.7030029297,0.2452392578
13500386.0,2968.0,0.0,0.02734375,-0.00390625,-0.09765625,0
13507418.0,7032.0,1.0,0.6389160156,-0.1928710938,0.703125,0.2452392578
13510386.0,2968.0,0.0,-0.01171875,-0.00390625,-0.05078125,0
13517418.0,7032.0,1.0,0.6387939453,-0.1929321289,0.7033081055,0.2451782227
13521386.0,3968.0,0.0,0.02734375,0.11328125,-0.05078125,0
13527418.0,6032.0,1.0,0.638671875,-0.1929931641,0.7034301758,0.2451171875
13530386.0,2968.0,0.0,-0.01171875,0.15234375,-0.15625,0
13537418.0,7032.0,1.0,0.6384887695,-0.1929931641,0.7035522461,0.2450561523
13540386.0,2968.0,0.0,0.02734375,0.15234375,-0.08203125,0
13547418.0,7032.0,1.0,0.6383666992,-0.1931152344,0.7036743164,0.2449951172
13550386.0,2968.0,0.0,0.02734375,0.15234375,-0.03515625,0
13557418.0,7032.0,1.0,0.6382446289,-0.1931762695,0.7038574219,0.244934082
13561386.0,3968.0,0.0,0.02734375,0.15234375,-0.03515625,0
13567418.0,6032.0,1.0,0.6380615234,-0.1932373047,0.703918457,0.2448730469
13570386.0,2968.0,0.0,-0.01171875,0.07421875,-0.06640625,0
13577418.0,7032.0,1.0,0.6379394531,-0.193359375,0.7040405273,0.2448730469
13580386.0,2968.0,0.0,-0.01171875,-0.00390625,-0.06640625,0
13587418.0,7032.0,1.0,0.6378173828,-0.1934204102,0.7041625977,0.2448120117
13590386.0,2968.0,0.0,-0.01171875,-0.0390625,-0.01953125,0
13597418.0,7032.0,1.0,0.6376953125,-0.1934814453,0.704284668,0.2447509766
13601386.0,3968.0,0.0,0.02734375,-0.078125,-0.06640625,0
13607418.0,6032.0,1.0,0.6375732422,-0.1935424805,0.7043457031,0.2447509766
13610386.0,2968.0,0.0,-0.01171875,0.00390625,-0.140625,0
13617418.0,7032.0,1.0,0.637512207,-0.1936035156,0.7044677734,0.2446899414
13620386.0,2968.0,0.0,-0.01171875,0.12109375,-0.21875,0
13627418.0,7032.0,1.0,0.6373901367,-0.1936645508,0.7045288086,0.2446289063
13630386.0,2968.0,0.0,-0.01171875,0.11328125,-0.21875,0
13638418.0,8032.0,1.0,0.6373291016,-0.1936645508,0.7045898438,0.2446289063
13641386.0,2968.0,0.0,-0.01171875,0.11328125,-0.2109375,0
13647418.0,6032.0,1.0,0.6372680664,-0.1937255859,0.7046508789,0.2445678711
13650386.0,2968.0,0.0,-0.01171875,0.03515625,-0.171875,0
13657418.0,7032.0,1.0,0.6372070313,-0.1937255859,0.7047119141,0.2445678711
13660386.0,2968.0,0.0,-0.01171875,-0.078125,-0.09765625,0
13667418.0,7032.0,1.0,0.6372070313,-0.1937866211,0.7047119141,0.2445678711
13670386.0,2968.0,0.0,-0.01171875,-0.00390625,-0.05859375,0
13678418.0,8032.0,1.0,0.6371459961,-0.1938476563,0.7047729492,0.2445678711
13681386.0,2968.0,0.0,-0.01171875,-0.00390625,0.05859375,0
13687418.0,6032.0,1.0,0.6370849609,-0.1938476563,0.7047729492,0.2445678711
13690386.0,2968.0,0.0,-0.01171875,-0.00390625,0.06640625,0
13697418.0,7032.0,1.0,0.6370239258,-0.1939086914,0.7048339844,0.2445678711
13700386.0,2968.0,0.0,-0.01171875,0.03515625,0.1015625,0
13707418.0,7032.0,1.0,0.6369628906,-0.1939086914,0.7048950195,0.2445678711
13710386.0,2968.0,0.0,0.02734375,0.1875,0.29296875,0
13718418.0,8032.0,1.0,0.6369628906,-0.1939086914,0.7049560547,0.2445068359
13721386.0,2968.0,0.0,0.02734375,-0.421875,0.37109375,0
13727418.0,6032.0,1.0,0.6368408203,-0.1939697266,0.7050170898,0.2445068359
13730386.0,2968.0,0.0,0.02734375,-0.1171875,0.02734375,0
13737418.0,7032.0,1.0,0.6367797852,-0.1939697266,0.705078125,0.2444458008
13740386.0,2968.0,0.0,0.02734375,0.41796875,-0.01171875,0
13747418.0,7032.0,1.0,0.63671875,-0.1939697266,0.7051391602,0.2443847656
13750386.0,2968.0,0.0,0.02734375,0.265625,-0.125,0
13758418.0,8032.0,1.0,0.6366577148,-0.1940917969,0.7051391602,0.2443847656
13761386.0,2968.0,0.0,-0.01171875,-0.00390625,0.03515625,0
13767418.0,6032.0,1.0,0.6366577148,-0.1940917969,0.7052001953,0.2443237305
13770386.0,2968.0,0.0,-0.0859375,-0.8828125,0.1875,0
13777418.0,7032.0,1.0,0.6365966797,-0.1940917969,0.7052612305,0.2442626953
13780386.0,2968.0,0.0,0.06640625,0.43359375,0.37109375,0
13787418.0,7032.0,1.0,0.6364746094,-0.1940917969,0.7053833008,0.2442626953
13790386.0,2968.0,0.0,0.02734375,-0.83203125,0.41015625,0
13798418.0,8032.0,1.0,0.6364135742,-0.1940917969,0.7054443359,0.2442626953
13801386.0,2968.0,0.0,-0.046875,0.125,0.1796875,0
13807418.0,6032.0,1.0,0.6362915039,-0.1940917969,0.7055664063,0.2442626953
13810386.0,2968.0,0.0,0.02734375,0.28125,0.265625,0
13817418.0,7032.0,1.0,0.6362304688,-0.1939697266,0.7056884766,0.2442016602
13820386.0,2968.0,0.0,-0.046875,-0.21875,0.07421875,0
13827418.0,7032.0,1.0,0.6361083984,-0.1940307617,0.7057495117,0.2442626953
13830386.0,2968.0,0.0,0.02734375,0.625,0.53515625,0
13838418.0,8032.0,1.0,0.6359863281,-0.1939697266,0.705871582,0.2442016602
13841386.0,2968.0,0.0,0.1796875,0.203125,0.92578125,0
13847418.0,6032.0,1.0,0.6358032227,-0.1940307617,0.7059936523,0.244140625
13850386.0,2968.0,0.0,-0.046875,0.35546875,0.1953125,0
13857418.0,7032.0,1.0,0.6356811523,-0.1942138672,0.7061157227,0.244140625
13861386.0,3968.0,0.0,0.06640625,0.2421875,0.38671875,0
13868418.0,7032.0,1.0,0.635559082,-0.1943359375,0.706237793,0.2440795898
13871386.0,2968.0,0.0,-0.046875,-1.16796875,0.47265625,0
13878418.0,7032.0,1.0,0.6353759766,-0.1943969727,0.7063598633,0.2440185547
13881386.0,2968.0,0.0,-0.046875,-0.8984375,0.2890625,0
13887418.0,6032.0,1.0,0.6351928711,-0.1944580078,0.7065429688,0.2440185547
13890386.0,2968.0,0.0,0.06640625,0.25,0.171875,0
13897418.0,7032.0,1.0,0.6350097656,-0.1944580078,0.7066650391,0.2439575195
13901386.0,3968.0,0.0,-0.046875,-0.78515625,-0.046875,0
13908418.0,7032.0,1.0,0.6348876953,-0.194519043,0.7068481445,0.2439575195
13911386.0,2968.0,0.0,-0.046875,0.51953125,-0.4296875,0
13917418.0,6032.0,1.0,0.6347045898,-0.1945800781,0.7069091797,0.2439575195
13920386.0,2968.0,0.0,0.02734375,0.32421875,-0.125,0
13927418.0,7032.0,1.0,0.6346435547,-0.1945800781,0.70703125,0.2439575195
13930386.0,2968.0,0.0,-0.046875,-0.70703125,-0.078125,0
13938418.0,8032.0,1.0,0.6345214844,-0.1945800781,0.7071533203,0.2439575195
13941386.0,2968.0,0.0,0.01953125,1.015625,-0.34765625,0
13948418.0,7032.0,1.0,0.6343994141,-0.1946411133,0.7072143555,0.2438964844
13951386.0,2968.0,0.0,-0.0546875,-0.25,-0.23046875,0
13957418.0,6032.0,1.0,0.6343383789,-0.1946411133,0.7072753906,0.2438964844
13960386.0,2968.0,0.0,-0.01953125,-0.515625,-0.078125,0
13967418.0,7032.0,1.0,0.6342773438,-0.1947021484,0.7073364258,0.2438964844
13970386.0,2968.0,0.0,-0.01171875,-0.02734375,-0.15625,0
13978418.0,8032.0,1.0,0.6342163086,-0.1947021484,0.7073974609,0.2438964844
13981386.0,2968.0,0.0,-0.01171875,-0.66796875,-0.1171875,0
13988418.0,7032.0,1.0,0.6341552734,-0.1947021484,0.7073974609,0.2438964844
13991386.0,2968.0,0.0,0.01953125,-0.05859375,-0.1171875,0
13998418.0,7032.0,1.0,0.6340942383,-0.1947021484,0.7074584961,0.2439575195
14001386.0,2968.0,0.0,0.05859375,0.32421875,0.3046875,0
14007418.0,6032.0,1.0,0.6340332031,-0.1947021484,0.7075195313,0.2439575195
14010386.0,2968.0,0.0,0.05859375,-0.86328125,0.265625,0
14018418.0,8032.0,1.0,0.633972168,-0.1947021484,0.7075195313,0.2440185547
14021386.0,2968.0,0.0,-0.171875,1.09375,-0.23046875,0
14028418.0,7032.0,1.0,0.633972168,-0.1946411133,0.7075805664,0.2440185547
14031386.0,2968.0,0.0,0.09765625,0.09765625,-0.1171875,0
14038418.0,7032.0,1.0,0.6339111328,-0.1947021484,0.7075805664,0.2440795898
14041386.0,2968.0,0.0,-0.01953125,0.78515625,-0.1953125,0
14048418.0,7032.0,1.0,0.6339111328,-0.1947021484,0.7075805664,0.2440795898
14051386.0,2968.0,0.0,-0.01953125,-0.59375,0.265625,0
14058418.0,7032.0,1.0,0.6339111328,-0.1947021484,0.7075805664,0.2440185547
14061386.0,2968.0,0.0,0.10546875,0.78515625,0.11328125,0
14068418.0,7032.0,1.0,0.6339111328,-0.1948242188,0.7075805664,0.2440795898
14071386.0,2968.0,0.0,-0.01953125,0.5546875,-0.30859375,0
14078418.0,7032.0,1.0,0.6339111328,-0.1948242188,0.7075805664,0.2440795898
14081386.0,2968.0,0.0,-0.01953125,-0.515625,-0.34765625,0
14088418.0,7032.0,1.0,0.6339111328,-0.1948242188,0.7075805664,0.2440795898
14091386.0,2968.0,0.0,-0.0546875,0.37109375,-0.9609375,0
14098418.0,7032.0,1.0,0.6339111328,-0.1948852539,0.7075195313,0.244140625
14101386.0,2968.0,0.0,-0.1328125,-0.85546875,-0.76953125,0
14107418.0,6032.0,1.0,0.6340332031,-0.1948242188,0.7073974609,0.2442016602
14110386.0,2968.0,0.0,-0.046875,-1.0546875,-0.15625,0
14118418.0,8032.0,1.0,0.6340942383,-0.1947631836,0.7073364258,0.2442626953
14121386.0,2968.0,0.0,-0.01171875,-0.36328125,-0.203125,0
14128418.0,7032.0,1.0,0.6342163086,-0.1946411133,0.7072143555,0.2443847656
14131386.0,2968.0,0.0,-0.01953125,-0.44140625,-0.125,0
14138418.0,7032.0,1.0,0.6343383789,-0.194519043,0.7071533203,0.2443847656
14141386.0,2968.0,0.0,0.06640625,0.48046875,-0.28515625,0
14147418.0,6032.0,1.0,0.6344604492,-0.1943969727,0.70703125,0.2445068359
14150386.0,2968.0,0.0,0.06640625,0.7109375,-0.24609375,0
14157418.0,7032.0,1.0,0.6346435547,-0.1943359375,0.7068481445,0.2446289063
14160386.0,2968.0,0.0,0.10546875,1.28515625,0.28125,0
14168418.0,8032.0,1.0,0.634765625,-0.1943359375,0.7066650391,0.2446899414
14171386.0,2968.0,0.0,0.06640625,0.40234375,0.3203125,0
14178418.0,7032.0,1.0,0.6349487305,-0.1943359375,0.7065429688,0.2446899414
14181386.0,2968.0,0.0,-0.0859375,-0.25,-0.03515625,0
14188418.0,7032.0,1.0,0.6351318359,-0.1942749023,0.7064208984,0.2446899414
14191386.0,2968.0,0.0,0.14453125,-2.31640625,0.45703125,0
14198418.0,7032.0,1.0,0.6352539063,-0.1940917969,0.7063598633,0.2446899414
14202386.0,3968.0,0.0,-0.27734375,-0.59375,-0.5,0
14208418.0,6032.0,1.0,0.6354370117,-0.1938476563,0.706237793,0.2447509766
14211386.0,2968.0,0.0,0.06640625,-0.36328125,-0.890625,0
14218418.0,7032.0,1.0,0.635559082,-0.1937866211,0.7060546875,0.2449951172
14221386.0,2968.0,0.0,-0.125,0.625,-1.390625,0
14228418.0,7032.0,1.0,0.6357421875,-0.1937255859,0.7058105469,0.245300293
14231386.0,2968.0,0.0,0.10546875,0.31640625,-1.015625,0
14238418.0,7032.0,1.0,0.6360473633,-0.1935424805,0.7055053711,0.2455444336
14242386.0,3968.0,0.0,0.02734375,2.08203125,-0.45703125,0
14248418.0,6032.0,1.0,0.6362915039,-0.1934814453,0.7052001953,0.2457275391
14251386.0,2968.0,0.0,0.2578125,0.546875,-0.04296875,0
14258418.0,7032.0,1.0,0.6366577148,-0.193359375,0.7048339844,0.2458496094
14261386.0,2968.0,0.0,0.14453125,1.078125,0.2265625,0
14268418.0,7032.0,1.0,0.6370239258,-0.1931762695,0.7045898438,0.2458496094
14271386.0,2968.0,0.0,0.1796875,0.6171875,0.2109375,0
14278418.0,7032.0,1.0,0.6373901367,-0.1930541992,0.704284668,0.2457275391
14282386.0,3968.0,0.0,-0.1171875,1.26953125,-0.41015625,0
14288418.0,6032.0,1.0,0.6377563477,-0.1930541992,0.7039794922,0.2457885742
14291386.0,2968.0,0.0,-0.0390625,0.1640625,-0.6484375,0
14298418.0,7032.0,1.0,0.6381225586,-0.1930541992,0.7036132813,0.2458496094
14301386.0,2968.0,0.0,-0.23046875,-1.2890625,-2.03515625,0
14308418.0,7032.0,1.0,0.6386108398,-0.1929931641,0.703125,0.2460327148
14311386.0,2968.0,0.0,-0.00390625,-0.5234375,-2.35546875,0
14318418.0,7032.0,1.0,0.6390380859,-0.1931152344,0.7025146484,0.2465209961
14321386.0,2968.0,0.0,-0.0390625,-0.37109375,-1.98828125,0
14328418.0,7032.0,1.0,0.639465332,-0.1935424805,0.7017211914,0.2474975586
14331386.0,2968.0,0.0,0.03515625,-0.140625,-1.4296875,0
14337418.0,6032.0,1.0,0.6397094727,-0.1943359375,0.7007446289,0.2487792969
14340386.0,2968.0,0.0,-0.1953125,-1.2890625,-0.83203125,0
14348418.0,8032.0,1.0,0.6401367188,-0.1948242188,0.6998291016,0.2498779297
14351386.0,2968.0,0.0,0.07421875,-2.40234375,-0.08984375,0
14358418.0,7032.0,1.0,0.6408081055,-0.1945800781,0.69921875,0.2503051758
14361386.0,2968.0,0.0,0.2265625,0.203125,-0.06640625,0
14368418.0,7032.0,1.0,0.6414794922,-0.194152832,0.6986083984,0.2504882813
14371386.0,2968.0,0.0,-0.15625,0.04296875,-0.92578125,0
14378418.0,7032.0,1.0,0.6422119141,-0.1937866211,0.6979370117,0.250793457
14381386.0,2968.0,0.0,0.07421875,0.109375,-0.64453125,0
14388418.0,7032.0,1.0,0.6429443359,-0.1934204102,0.6972045898,0.2510986328
14391386.0,2968.0,0.0,0.00390625,-0.00390625,-0.27734375,0
14398418.0,7032.0,1.0,0.643737793,-0.1930541992,0.696472168,0.2514038086
14401386.0,2968.0,0.0,0.04296875,-0.2734375,0.3515625,0
14408418.0,7032.0,1.0,0.6444702148,-0.1927490234,0.6958007813,0.2517700195
14411386.0,2968.0,0.0,0.08203125,-0.46484375,0.828125,0
14418418.0,7032.0,1.0,0.6452026367,-0.1923828125,0.6951293945,0.2520751953
14421386.0,2968.0,0.0,-0.0234375,-1.078125,0.6484375,0
14428418.0,7032.0,1.0,0.6459960938,-0.1917114258,0.694519043,0.2521362305
14431386.0,2968.0,0.0,-0.03125,-1.99609375,0.671875,0
14438418.0,7032.0,1.0,0.6470336914,-0.1903076172,0.6942138672,0.2515258789
14441386.0,2968.0,0.0,-0.1484375,-2.5703125,0.50390625,0
14448418.0,7032.0,1.0,0.6484375,-0.1878051758,0.694152832,0.2499389648
14451386.0,2968.0,0.0,-0.109375,-2.921875,0.78515625,0
14458418.0,7032.0,1.0,0.6501464844,-0.1841430664,0.6943969727,0.2474975586
14461386.0,2968.0,0.0,-0.03125,-1.4375,0.04296875,0
14468418.0,7032.0,1.0,0.6522216797,-0.1795043945,0.6948852539,0.2440795898
14471386.0,2968.0,0.0,-0.0703125,-0.79296875,-0.9375,0
14478418.0,7032.0,1.0,0.6545410156,-0.1742553711,0.6954345703,0.2401123047
14481386.0,2968.0,0.0,-0.1484375,0.234375,-1.765625,0
14488418.0,7032.0,1.0,0.6569213867,-0.1688842773,0.6958618164,0.2360839844
14491386.0,2968.0,0.0,0.08203125,-0.91796875,-0.70703125,0
14498418.0,7032.0,1.0,0.6594848633,-0.162902832,0.6963500977,0.2315063477
14501386.0,2968.0,0.0,-0.1875,-0.73046875,-1.1171875,0
14508418.0,7032.0,1.0,0.6619873047,-0.1571655273,0.6967163086,0.2272949219
14511386.0,2968.0,0.0,0.00390625,0.29296875,-1.4140625,0
14518418.0,7032.0,1.0,0.6641845703,-0.1520385742,0.6968994141,0.2237548828
14521386.0,2968.0,0.0,0.234375,-0.984375,-0.48046875,0
14527418.0,6032.0,1.0,0.6660766602,-0.1477661133,0.6968994141,0.2211303711
14530386.0,2968.0,0.0,0.00390625,-1.03125,-0.390625,0
14538418.0,8032.0,1.0,0.6677246094,-0.1440429688,0.6967163086,0.2191772461
14541386.0,2968.0,0.0,0.12109375,-0.51171875,-0.796875,0
14548418.0,7032.0,1.0,0.6690673828,-0.1409912109,0.6963500977,0.2180786133
14551386.0,2968.0,0.0,0.00390625,0.1640625,-0.93359375,0
14558418.0,7032.0,1.0,0.6703491211,-0.1384277344,0.6958618164,0.2174072266
14561386.0,2968.0,0.0,0.07421875,-1.0390625,-0.58203125,0
14571418.0,10032.0,1.0,0.6714477539,-0.1361083984,0.6953735352,0.2169799805
14574386.0,2968.0,0.0,-0.1171875,-0.52734375,-1.37109375,0
14578418.0,4032.0,1.0,0.6727294922,-0.133605957,0.6947021484,0.2166748047
14581386.0,2968.0,0.0,-0.00390625,-1.234375,-0.94140625,0
14588418.0,7032.0,1.0,0.6740722656,-0.1309814453,0.6940307617,0.2161865234
14591386.0,2968.0,0.0,-0.39453125,-1.33203125,-1.6953125,0
14598418.0,7032.0,1.0,0.6755981445,-0.1276855469,0.6934814453,0.2151489258
14601386.0,2968.0,0.0,-0.5,-1.2734375,-1.83984375,0
14608418.0,7032.0,1.0,0.6773681641,-0.1237792969,0.6929931641,0.213684082
14611386.0,2968.0,0.0,-0.9296875,-0.64453125,-1.7578125,0
14618418.0,7032.0,1.0,0.6791381836,-0.1198120117,0.6923828125,0.2121582031
14622386.0,3968.0,0.0,-1.08984375,-0.09375,-1.98046875,0
14628418.0,6032.0,1.0,0.6809692383,-0.1159057617,0.6916503906,0.2108764648
14631386.0,2968.0,0.0,-1.16796875,-0.35546875,-1.0234375,0
14638418.0,7032.0,1.0,0.6829223633,-0.1118774414,0.6907348633,0.2096557617
14641386.0,2968.0,0.0,-1.17578125,-0.33984375,-1.8671875,0
14648418.0,7032.0,1.0,0.6848754883,-0.1078491211,0.6898193359,0.2084960938
14651386.0,2968.0,0.0,-1.16796875,-0.515625,-1.29296875,0
14658418.0,7032.0,1.0,0.6869506836,-0.1036376953,0.6887207031,0.2073974609
14662386.0,3968.0,0.0,-1.21484375,-0.31640625,-1.5234375,0
14668418.0,6032.0,1.0,0.6890258789,-0.0994262695,0.6875610352,0.2064819336
14671386.0,2968.0,0.0,-1.14453125,-0.2734375,-1.6171875,0
14678418.0,7032.0,1.0,0.6910400391,-0.0955200195,0.6862792969,0.2058105469
14681386.0,2968.0,0.0,-1.11328125,0.00390625,-1.47265625,0
14688418.0,7032.0,1.0,0.6932983398,-0.0913696289,0.6846923828,0.2053222656
14691386.0,2968.0,0.0,-1.11328125,0.1953125,-1.44140625,0
14698418.0,7032.0,1.0,0.6954345703,-0.0876464844,0.6830444336,0.2053222656
14701386.0,2968.0,0.0,-0.9765625,0.1171875,-1.3828125,0
14708418.0,7032.0,1.0,0.6976318359,-0.0841064453,0.6811523438,0.2056884766
14711386.0,2968.0,0.0,-0.87109375,0.0,-1.3671875,0
14718418.0,7032.0,1.0,0.6997680664,-0.0807495117,0.6791992188,0.206237793
14721386.0,2968.0,0.0,-0.68359375,-0.4140625,-1.19921875,0
14728418.0,7032.0,1.0,0.7021484375,-0.0769042969,0.6770019531,0.2067260742
14731386.0,2968.0,0.0,-0.5390625,-0.61328125,-1.1796875,0
14738418.0,7032.0,1.0,0.7046508789,-0.0725708008,0.6748657227,0.2069091797
14741386.0,2968.0,0.0,-0.2109375,-0.58984375,-1.1328125,0
14748418.0,7032.0,1.0,0.7072143555,-0.0679321289,0.672668457,0.2069091797
14751386.0,2968.0,0.0,0.01171875,-0.1796875,-1.2421875,0
14758418.0,7032.0,1.0,0.709777832,-0.0634765625,0.6702880859,0.2072753906
14761386.0,2968.0,0.0,0.0703125,0.88671875,-1.2734375,0
14768418.0,7032.0,1.0,0.7123413086,-0.0595092773,0.6675415039,0.2083740234
14771386.0,2968.0,0.0,-0.09765625,0.67578125,-1.046875,0
14778418.0,7032.0,1.0,0.71484375,-0.0562744141,0.6645507813,0.2102050781
14781386.0,2968.0,0.0,-0.08203125,0.203125,-1.046875,0
14790418.0,9032.0,1.0,0.7172851563,-0.0532226562,0.6615600586,0.2122802734
14793386.0,2968.0,0.0,-0.01953125,-0.41796875,-0.90234375,0
14799418.0,6032.0,1.0,0.7198486328,-0.0495605469,0.6583862305,0.2142333984
14802386.0,2968.0,0.0,0.34765625,-1.1640625,-0.8359375,0
14808418.0,6032.0,1.0,0.72265625,-0.044921875,0.6552124023,0.2156982422
14811386.0,2968.0,0.0,0.4375,-1.2734375,-0.76953125,0
14818418.0,7032.0,1.0,0.725402832,-0.0394897461,0.6522216797,0.2164916992
14821386.0,2968.0,0.0,0.75,-1.2265625,-0.65625,0
14828418.0,7032.0,1.0,0.7282104492,-0.0332641602,0.6492919922,0.2169189453
14831386.0,2968.0,0.0,1.33203125,0.265625,-0.625,0
14838418.0,7032.0,1.0,0.7310180664,-0.0269165039,0.6462402344,0.2175292969
14841386.0,2968.0,0.0,1.37890625,1.14453125,-0.48046875,0
14848418.0,7032.0,1.0,0.7336425781,-0.0216064453,0.6428222656,0.2191772461
14851386.0,2968.0,0.0,1.30859375,1.52734375,-0.3671875,0
14858418.0,7032.0,1.0,0.7362060547,-0.0173950195,0.6389770508,0.2221679688
14861386.0,2968.0,0.0,1.30859375,1.02734375,-0.43359375,0
14868418.0,7032.0,1.0,0.7386474609,-0.0139160156,0.6349487305,0.2258300781
14871386.0,2968.0,0.0,1.61328125,-0.66015625,-0.41015625,0
14878418.0,7032.0,1.0,0.7412719727,-0.0098876953,0.6306152344,0.2297363281
14881386.0,2968.0,0.0,1.7578125,-1.16796875,-0.59765625,0
14888418.0,7032.0,1.0,0.7437744141,-0.0050048828,0.6265258789,0.2329101563
14891386.0,2968.0,0.0,1.86328125,-1.33203125,-0.73046875,0
14898418.0,7032.0,1.0,0.7462768555,0.0009155273,0.6225585938,0.2355957031
14901386.0,2968.0,0.0,2.0078125,-1.31640625,-0.83203125,0
14908418.0,7032.0,1.0,0.7486572266,0.0073242187,0.6187744141,0.2378540039
14911386.0,2968.0,0.0,2.33984375,-0.0390625,-0.609375,0
14918418.0,7032.0,1.0,0.751159668,0.0141601563,0.6146240234,0.2405395508
14921386.0,2968.0,0.0,2.3125,0.625,-0.7421875,0
14928418.0,7032.0,1.0,0.7534179688,0.0202026367,0.6102905273,0.2439575195
14931386.0,2968.0,0.0,2.328125,0.96875,-0.796875,0
14938418.0,7032.0,1.0,0.7556762695,0.0253295898,0.6055297852,0.2483520508
14941386.0,2968.0,0.0,2.41015625,0.7890625,-0.75390625,0
14950418.0,9032.0,1.0,0.7576904297,0.0296630859,0.600769043,0.2531738281
14953386.0,2968.0,0.0,2.76171875,-0.0703125,-1.046875,0
14958418.0,5032.0,1.0,0.7598876953,0.0344848633,0.5953979492,0.258605957
14961386.0,2968.0,0.0,2.8046875,-0.37109375,-1.0859375,0
14968418.0,7032.0,1.0,0.7619018555,0.0393676758,0.5902709961,0.2637329102
14971386.0,2968.0,0.0,2.875,-0.43359375,-1.234375,0
14978418.0,7032.0,1.0,0.7638549805,0.044921875,0.5850830078,0.268737793
14981386.0,2968.0,0.0,2.90234375,-0.4765625,-1.296875,0
14988418.0,7032.0,1.0,0.7656860352,0.0508422852,0.5799560547,0.2734985352
14991386.0,2968.0,0.0,3.046875,-0.25,-1.09375,0
14998418.0,7032.0,1.0,0.7673950195,0.0571899414,0.5747680664,0.2783203125
15002386.0,3968.0,0.0,3.09765625,0.5234375,-1.15625,0
15008418.0,6032.0,1.0,0.7690429688,0.0629882813,0.5693969727,0.2835693359
15011386.0,2968.0,0.0,3.00390625,1.515625,-1.03515625,0
15018418.0,7032.0,1.0,0.7706298828,0.0674438477,0.5634155273,0.2900390625
15021386.0,2968.0,0.0,2.85546875,1.828125,-0.6484375,0
15028418.0,7032.0,1.0,0.7722167969,0.0703125,0.5568847656,0.2977294922
15031386.0,2968.0,0.0,2.87109375,0.9296875,-0.62890625,0
15038418.0,7032.0,1.0,0.7736206055,0.0719604492,0.549987793,0.3062744141
15041386.0,2968.0,0.0,3.7890625,3.34375,4.984375,0
15048418.0,7032.0,1.0,0.7746582031,0.0736083984,0.5434570313,0.3147583008
15051386.0,2968.0,0.0,2.53515625,2.8828125,10.98046875,0
15058418.0,7032.0,1.0,0.7752075195,0.0767211914,0.5384521484,0.3213500977
15061386.0,2968.0,0.0,2.359375,4.328125,11.37890625,0
15071418.0,10032.0,1.0,0.7752075195,0.0806884766,0.5344238281,0.326965332
15074386.0,2968.0,0.0,3.3359375,6.11328125,9.4296875,0
15078418.0,4032.0,1.0,0.7747802734,0.0838623047,0.5309448242,0.3327636719
15082386.0,3968.0,0.0,2.4453125,6.828125,12.1640625,0
15088418.0,6032.0,1.0,0.7739257813,0.0855712891,0.528137207,0.3387451172
15091386.0,2968.0,0.0,2.828125,8.33984375,12.90625,0
15098418.0,7032.0,1.0,0.7727661133,0.0861816406,0.5262451172,0.3441772461
15101386.0,2968.0,0.0,4.0,6.62890625,7.55078125,0
15108418.0,7032.0,1.0,0.7711791992,0.0864868164,0.5249633789,0.349609375
15111386.0,2968.0,0.0,4.87109375,4.7421875,5.3359375,0
15118418.0,7032.0,1.0,0.7694091797,0.0863037109,0.524230957,0.3545532227
15122386.0,3968.0,0.0,5.5234375,1.74609375,4.39453125,0
15128418.0,6032.0,1.0,0.767578125,0.0854492188,0.5235595703,0.3598022461
15131386.0,2968.0,0.0,5.62890625,-1.734375,3.56640625,0
15138418.0,7032.0,1.0,0.7654418945,0.0847167969,0.5230712891,0.3651733398
15141386.0,2968.0,0.0,4.33203125,-5.11328125,0.5625,0
15148418.0,7032.0,1.0,0.7630615234,0.0850830078,0.5230102539,0.3700561523
15151386.0,2968.0,0.0,3.8671875,-3.85546875,-0.3203125,0
15158418.0,7032.0,1.0,0.7604980469,0.0862426758,0.5232543945,0.3746948242
15161386.0,2968.0,0.0,3.86328125,-2.546875,-0.39453125,0
15168418.0,7032.0,1.0,0.7579345703,0.0873413086,0.5233764648,0.3793945313
15171386.0,2968.0,0.0,3.97265625,-1.484375,-0.93359375,0
15178418.0,7032.0,1.0,0.7554321289,0.0877685547,0.5231323242,0.3847045898
15181386.0,2968.0,0.0,3.46484375,0.828125,-1.3984375,0
15188418.0,7032.0,1.0,0.7529907227,0.0874633789,0.5223999023,0.3904418945
15191386.0,2968.0,0.0,3.1484375,0.78125,-0.92578125,0
15199418.0,8032.0,1.0,0.7506713867,0.086730957,0.5214233398,0.3964233398
15202386.0,2968.0,0.0,2.4453125,1.05078125,0.0546875,0
15208418.0,6032.0,1.0,0.7482299805,0.0858154297,0.5204467773,0.4024047852
15211386.0,2968.0,0.0,2.40625,2.3203125,3.04296875,0
15218418.0,7032.0,1.0,0.7458496094,0.0846557617,0.5194702148,0.4083251953
15221386.0,2968.0,0.0,2.359375,1.63671875,-0.45703125,0
15231418.0,10032.0,1.0,0.7434692383,0.0834350586,0.5186157227,0.4139404297
15234386.0,2968.0,0.0,0.203125,2.52734375,0.046875,0
15239418.0,5032.0,1.0,0.7410888672,0.0823974609,0.5180664063,0.419128418
15242386.0,2968.0,0.0,-0.21875,5.21484375,3.40234375,0
15248418.0,6032.0,1.0,0.7386474609,0.0814208984,0.5179443359,0.4237060547
15251386.0,2968.0,0.0,0.171875,4.84765625,5.953125,0
15258418.0,7032.0,1.0,0.7362060547,0.0798339844,0.5180664063,0.4281005859
15261386.0,2968.0,0.0,1.44921875,4.67578125,3.80859375,0
15268418.0,7032.0,1.0,0.7338256836,0.077331543,0.5181274414,0.4324951172
15271386.0,2968.0,0.0,2.66796875,4.0859375,1.53125,0
15279418.0,8032.0,1.0,0.7316894531,0.0733642578,0.517578125,0.4374389648
15282386.0,2968.0,0.0,3.3828125,3.03125,-0.03125,0
15288418.0,6032.0,1.0,0.7299194336,0.0682983398,0.5163574219,0.4426879883
15291386.0,2968.0,0.0,3.3828125,1.71875,-1.06640625,0
15298418.0,7032.0,1.0,0.7282714844,0.0619506836,0.5142822266,0.4486694336
15301386.0,2968.0,0.0,2.953125,1.53125,-1.93359375,0
15308418.0,7032.0,1.0,0.7269287109,0.0551757812,0.5115966797,0.4547729492
15311386.0,2968.0,0.0,2.67578125,1.0546875,-2.00390625,0
15319418.0,8032.0,1.0,0.7258911133,0.048034668,0.5082397461,0.4609985352
15322386.0,2968.0,0.0,2.46875,-0.10546875,-2.58984375,0
15328418.0,6032.0,1.0,0.7249755859,0.0400390625,0.5038452148,0.4678344727
15331386.0,2968.0,0.0,2.1640625,-3.35546875,-4.60546875,0
15338418.0,7032.0,1.0,0.7242431641,0.0319213867,0.498840332,0.4749755859
15341386.0,2968.0,0.0,1.80078125,-4.1796875,-4.0625,0
15348418.0,7032.0,1.0,0.7235107422,0.0249023437,0.494140625,0.4814453125
15351386.0,2968.0,0.0,-0.25,-4.5625,2.04296875,0
15359418.0,8032.0,1.0,0.72265625,0.0218505859,0.4917602539,0.4852294922
15362386.0,2968.0,0.0,-1.26953125,-3.2734375,6.31640625,0
15372418.0,10032.0,1.0,0.7219238281,0.0237426758,0.4926757813,0.4853515625
15375386.0,2968.0,0.0,0.25390625,0.44921875,-0.7109375,0
15379418.0,4032.0,1.0,0.7212524414,0.030090332,0.4964599609,0.4821166992
15382386.0,2968.0,0.0,-0.421875,-0.140625,-0.29296875,0
15388418.0,6032.0,1.0,0.7205810547,0.0394287109,0.5021362305,0.4765625
15391386.0,2968.0,0.0,-1.08984375,-0.57421875,1.27734375,0
15398418.0,7032.0,1.0,0.7198486328,0.0480957031,0.5075073242,0.4710693359
15401386.0,2968.0,0.0,-0.75,1.76171875,4.69140625,0
15408418.0,7032.0,1.0,0.7191772461,0.0540771484,0.5114746094,0.4671630859
15411386.0,2968.0,0.0,0.3125,4.36328125,3.89453125,0
15418418.0,7032.0,1.0,0.7186889648,0.0560913086,0.5133666992,0.4656982422
15422386.0,3968.0,0.0,0.46484375,5.17578125,2.27734375,0
15428418.0,6032.0,1.0,0.7183227539,0.0548706055,0.5135498047,0.4660644531
15431386.0,2968.0,0.0,1.234375,4.1875,0.2109375,0
15438418.0,7032.0,1.0,0.7182006836,0.0521850586,0.5129394531,0.4672851563
15441386.0,2968.0,0.0,0.51171875,1.27734375,0.80859375,0
15448418.0,7032.0,1.0,0.7181396484,0.0482788086,0.5119018555,0.4689941406
15451386.0,2968.0,0.0,-0.27734375,0.51171875,0.546875,0
15458418.0,7032.0,1.0,0.7181396484,0.0438842773,0.5106201172,0.4708251953
15462386.0,3968.0,0.0,-1.140625,-0.16796875,0.8125,0
15468418.0,6032.0,1.0,0.7181396484,0.0395507813,0.5093994141,0.4724731445
15471386.0,2968.0,0.0,-1.5,-1.2265625,1.2734375,0
15478418.0,7032.0,1.0,0.7182006836,0.0360107422,0.5086669922,0.473449707
15481386.0,2968.0,0.0,-1.83203125,-0.87109375,1.25,0
15488418.0,7032.0,1.0,0.7182617188,0.0328369141,0.5083618164,0.4738769531
15491386.0,2968.0,0.0,-0.6953125,0.36328125,1.2421875,0
15498418.0,7032.0,1.0,0.7183837891,0.0299682617,0.5083007813,0.4739990234
15502386.0,3968.0,0.0,-0.13671875,0.890625,1.07421875,0
15508418.0,6032.0,1.0,0.7185058594,0.0266723633,0.5080566406,0.4743041992
15511386.0,2968.0,0.0,0.0390625,1.359375,0.7578125,0
15518418.0,7032.0,1.0,0.7185668945,0.0227050781,0.5075683594,0.4749145508
15521386.0,2968.0,0.0,-0.42578125,0.75390625,1.04296875,0
15528418.0,7032.0,1.0,0.7186889648,0.0184326172,0.5069580078,0.4755249023
15531386.0,2968.0,0.0,-1.0078125,-0.21875,0.94921875,0
15538418.0,7032.0,1.0,0.7188720703,0.0145263672,0.506652832,0.475769043
15541386.0,2968.0,0.0,-1.40625,-1.359375,0.25,0
15550418.0,9032.0,1.0,0.7191162109,0.0118408203,0.5068359375,0.4752197266
15553386.0,2968.0,0.0,-1.3359375,-1.9296875,-0.59765625,0
15559418.0,6032.0,1.0,0.7194824219,0.0102539063,0.5076904297,0.473815918
15562386.0,2968.0,0.0,-0.76953125,-1.70703125,0.296875,0
15568418.0,6032.0,1.0,0.7200927734,0.009765625,0.5090332031,0.4714355469
15571386.0,2968.0,0.0,-0.8984375,-0.3125,1.01171875,0
15579418.0,8032.0,1.0,0.7207641602,0.0099487305,0.5106811523,0.4685668945
15582386.0,2968.0,0.0,-1.296875,-0.91796875,1.1484375,0
15588418.0,6032.0,1.0,0.7216796875,0.010559082,0.5123901367,0.4653320313
15591386.0,2968.0,0.0,-0.4609375,-0.87109375,1.6015625,0
15598418.0,7032.0,1.0,0.72265625,0.0118408203,0.5142822266,0.4616699219
15601386.0,2968.0,0.0,-0.1328125,-0.98828125,1.44921875,0
15608418.0,7032.0,1.0,0.723815918,0.0135498047,0.5162963867,0.4575805664
15611386.0,2968.0,0.0,0.23046875,0.421875,1.6328125,0
15619418.0,8032.0,1.0,0.7250976563,0.0150146484,0.5180053711,0.4535522461
15622386.0,2968.0,0.0,0.67578125,1.578125,1.55078125,0
15628418.0,6032.0,1.0,0.7264404297,0.0151367188,0.518737793,0.4505004883
15631386.0,2968.0,0.0,0.93359375,1.89453125,0.953125,0
15638418.0,7032.0,1.0,0.7280273438,0.0138549805,0.5186157227,0.4481201172
15641386.0,2968.0,0.0,1.49609375,0.4453125,1.01953125,0
15648418.0,7032.0,1.0,0.7296142578,0.0119018555,0.5179443359,0.4463500977
15651386.0,2968.0,0.0,2.16015625,-0.16015625,0.96875,0
15659418.0,8032.0,1.0,0.7313232422,0.0098266602,0.5170288086,0.4446411133
15662386.0,2968.0,0.0,2.1484375,-0.2265625,1.05859375,0
15668418.0,6032.0,1.0,0.7330932617,0.0077514648,0.5159301758,0.4431152344
15671386.0,2968.0,0.0,2.1640625,0.74609375,0.94921875,0
15678418.0,7032.0,1.0,0.7349853516,0.005065918,0.514465332,0.4417724609
15681386.0,2968.0,0.0,2.22265625,0.42578125,0.8828125,0
15688418.0,7032.0,1.0,0.7368774414,0.0020751953,0.5126342773,0.4406738281
15691386.0,2968.0,0.0,2.15625,0.10546875,0.8046875,0
15699418.0,8032.0,1.0,0.7388305664,-0.0008544922,0.5108032227,0.4395751953
15702386.0,2968.0,0.0,2.24609375,-0.55078125,0.83203125,0
15708418.0,6032.0,1.0,0.7406616211,-0.0034790039,0.5091552734,0.4383544922
15711386.0,2968.0,0.0,2.15625,-2.05859375,1.34765625,0
15718418.0,7032.0,1.0,0.7424316406,-0.0056152344,0.5078125,0.4368896484
15721386.0,2968.0,0.0,2.05078125,-1.78125,1.5078125,0
15729418.0,8032.0,1.0,0.744140625,-0.0072631836,0.5068969727,0.4350585938
15732386.0,2968.0,0.0,2.1796875,-1.49609375,1.21484375,0
15739418.0,7032.0,1.0,0.7457275391,-0.0090332031,0.5061035156,0.4332275391
15742386.0,2968.0,0.0,2.30078125,-0.9140625,0.81640625,0
15749418.0,7032.0,1.0,0.7471313477,-0.0113525391,0.5051269531,0.4318237305
15752386.0,2968.0,0.0,1.93359375,-0.36328125,0.140625,0
15759418.0,7032.0,1.0,0.7484741211,-0.014465332,0.5040283203,0.4307861328
15763386.0,3968.0,0.0,1.8046875,-1.140625,0.234375,0
15769418.0,6032.0,1.0,0.7496337891,-0.0179443359,0.5029296875,0.4299316406
15772386.0,2968.0,0.0,1.859375,-1.9140625,0.515625,0
15779418.0,7032.0,1.0,0.7506103516,-0.0211181641,0.5021972656,0.4288330078
15782386.0,2968.0,0.0,2.3125,-2.65625,0.73828125,0
15789418.0,7032.0,1.0,0.7515258789,-0.0241088867,0.5018920898,0.4274902344
15792386.0,2968.0,0.0,2.52734375,-1.94921875,0.83984375,0
15799418.0,7032.0,1.0,0.7522583008,-0.0272216797,0.5017700195,0.4261474609
15803386.0,3968.0,0.0,2.78125,-1.359375,0.609375,0
15809418.0,6032.0,1.0,0.7528076172,-0.0307006836,0.5017089844,0.4250488281
15812386.0,2968.0,0.0,3.00390625,-1.7109375,0.37890625,0
15818418.0,6032.0,1.0,0.753112793,-0.0343017578,0.5017700195,0.4240722656
15821386.0,2968.0,0.0,3.109375,-2.4609375,0.37890625,0
15829418.0,8032.0,1.0,0.7532958984,-0.0381469727,0.5020751953,0.423034668
15832386.0,2968.0,0.0,3.140625,-2.23828125,0.078125,0
15839418.0,7032.0,1.0,0.7533569336,-0.041809082,0.5026855469,0.4219970703
15842386.0,2968.0,0.0,3.328125,-1.6171875,-0.06640625,0
15849418.0,7032.0,1.0,0.7531738281,-0.0453491211,0.5034790039,0.4209594727
15852386.0,2968.0,0.0,3.2890625,-2.01171875,-0.81640625,0
15860418.0,8032.0,1.0,0.7528686523,-0.0489501953,0.5045166016,0.4198608398
15863386.0,2968.0,0.0,2.78515625,-1.71875,-1.55078125,0
15869418.0,6032.0,1.0,0.7523193359,-0.0529174805,0.5057983398,0.418762207
15872386.0,2968.0,0.0,2.5546875,-1.7109375,-1.98828125,0
15879418.0,7032.0,1.0,0.7516479492,-0.0568847656,0.5072631836,0.4177246094
15883386.0,3968.0,0.0,2.21875,-1.6875,-1.91796875,0
15889418.0,6032.0,1.0,0.7506713867,-0.0610351562,0.508972168,0.4166870117
15892386.0,2968.0,0.0,2.06640625,-2.1328125,-1.94921875,0
15899418.0,7032.0,1.0,0.7495117188,-0.0650024414,0.5112304688,0.4154663086
15902386.0,2968.0,0.0,2.19140625,-3.578125,-1.52734375,0
15909418.0,7032.0,1.0,0.7481079102,-0.0682983398,0.5142822266,0.4137573242
15912386.0,2968.0,0.0,2.7421875,-3.9140625,-1.80859375,0
15919418.0,7032.0,1.0,0.7463989258,-0.0711669922,0.5180053711,0.4117431641
15922386.0,2968.0,0.0,2.796875,-2.58984375,-2.296875,0
15929418.0,7032.0,1.0,0.7443237305,-0.0743408203,0.5219726563,0.4099121094
15932386.0,2968.0,0.0,2.5078125,-1.20703125,-2.48828125,0
15939418.0,7032.0,1.0,0.7420654297,-0.0776977539,0.5259399414,0.4082641602
15942386.0,2968.0,0.0,0.8671875,-1.55859375,-2.9765625,0
15949418.0,7032.0,1.0,0.7396850586,-0.0811157227,0.5300292969,0.4066162109
15952386.0,2968.0,0.0,0.01171875,-0.6875,-3.80078125,0
15959418.0,7032.0,1.0,0.7371826172,-0.0848388672,0.533996582,0.4052124023
15962386.0,2968.0,0.0,-0.96875,0.109375,-4.13671875,0
15969418.0,7032.0,1.0,0.7346191406,-0.0892333984,0.5375976563,0.4042358398
15972386.0,2968.0,0.0,-3.171875,0.83984375,-5.0859375,0
15979418.0,7032.0,1.0,0.7319335938,-0.0943603516,0.5407104492,0.4037475586
15982386.0,2968.0,0.0,-4.19140625,1.23828125,-5.62109375,0
15989418.0,7032.0,1.0,0.7291870117,-0.1000976563,0.5434570313,0.4036254883
15992386.0,2968.0,0.0,-4.90234375,1.1015625,-5.01171875,0
15999418.0,7032.0,1.0,0.7265014648,-0.1060791016,0.5459594727,0.4035644531
16002386.0,2968.0,0.0,-4.84765625,0.93359375,-6.2734375,0
16008418.0,6032.0,1.0,0.723815918,-0.112121582,0.5482788086,0.4036254883
16011386.0,2968.0,0.0,-4.265625,0.421875,-3.24609375,0
16019418.0,8032.0,1.0,0.7209472656,-0.1185302734,0.5505981445,0.4037475586
16022386.0,2968.0,0.0,-3.90234375,-1.8046875,-1.22265625,0
16029418.0,7032.0,1.0,0.717956543,-0.1248168945,0.5530395508,0.4039306641
16032386.0,2968.0,0.0,-3.12890625,-2.125,-0.53125,0
16039418.0,7032.0,1.0,0.7147827148,-0.1307373047,0.5557250977,0.4039916992
16042386.0,2968.0,0.0,-2.921875,-2.109375,-0.5625,0
16052418.0,10032.0,1.0,0.7114868164,-0.1361083984,0.5586547852,0.4039916992
16055386.0,2968.0,0.0,-3.75390625,-0.73046875,-1.1171875,0
16059418.0,4032.0,1.0,0.7075805664,-0.1419067383,0.5619506836,0.4042358398
16062386.0,2968.0,0.0,-3.1640625,0.23828125,-2.39453125,0
16069418.0,7032.0,1.0,0.7037353516,-0.1470336914,0.5651855469,0.4046630859
16072386.0,2968.0,0.0,-2.51171875,-0.8359375,-2.1953125,0
16079418.0,7032.0,1.0,0.6995849609,-0.1514282227,0.5690917969,0.4047851563
16082386.0,2968.0,0.0,-2.20703125,-1.85546875,-2.0390625,0
16089418.0,7032.0,1.0,0.6953735352,-0.1543579102,0.5737915039,0.4041748047
16092386.0,2968.0,0.0,-1.46875,-2.08203125,-2.57421875,0
16099418.0,7032.0,1.0,0.6913452148,-0.1558227539,0.5791625977,0.4028930664
16103386.0,3968.0,0.0,-1.54296875,-1.6484375,-3.33203125,0
16109418.0,6032.0,1.0,0.6873168945,-0.1563110352,0.5850219727,0.4011230469
16112386.0,2968.0,0.0,-1.19921875,-0.59765625,-4.03125,0
16119418.0,7032.0,1.0,0.6833496094,-0.1563720703,0.5910644531,0.3989868164
16122386.0,2968.0,0.0,-1.8203125,-0.015625,-4.55078125,0
16129418.0,7032.0,1.0,0.6793823242,-0.1563110352,0.5971679688,0.3966674805
16132386.0,2968.0,0.0,-3.78125,1.1015625,-4.10546875,0
16139418.0,7032.0,1.0,0.6755371094,-0.1560668945,0.6032104492,0.3942260742
16142386.0,2968.0,0.0,-3.79296875,0.11328125,-3.05078125,0
16149418.0,7032.0,1.0,0.6717529297,-0.1558837891,0.6090698242,0.391784668
16152386.0,2968.0,0.0,-3.88671875,0.15625,-2.55859375,0
16159418.0,7032.0,1.0,0.6678466797,-0.1561279297,0.6148071289,0.3894042969
16162386.0,2968.0,0.0,-5.1484375,1.359375,-4.07421875,0
16169418.0,7032.0,1.0,0.6638793945,-0.1569213867,0.6201171875,0.3873901367
16172386.0,2968.0,0.0,-5.5078125,1.3125,-5.546875,0
16179418.0,7032.0,1.0,0.6600341797,-0.158203125,0.6250610352,0.3854980469
16183386.0,3968.0,0.0,-5.83203125,2.29296875,-6.53515625,0
16190418.0,7032.0,1.0,0.6564941406,-0.1600341797,0.6292114258,0.3840332031
16193386.0,2968.0,0.0,-6.640625,3.328125,-6.33984375,0
16201418.0,8032.0,1.0,0.6528930664,-0.1627197266,0.6331176758,0.3826904297
16204386.0,2968.0,0.0,-5.27734375,3.3828125,-4.5859375,0
16208418.0,4032.0,1.0,0.6494750977,-0.1659545898,0.6364135742,0.3815917969
16211386.0,2968.0,0.0,-5.25390625,2.90625,-3.9765625,0
16219418.0,8032.0,1.0,0.6460571289,-0.1696166992,0.6396484375,0.3804321289
16222386.0,2968.0,0.0,-4.87890625,1.8515625,-3.4453125,0
16229418.0,7032.0,1.0,0.6427612305,-0.1731567383,0.6427612305,0.3792114258
16232386.0,2968.0,0.0,-3.9375,2.08203125,-4.03515625,0
16238418.0,6032.0,1.0,0.6397705078,-0.1763305664,0.6456298828,0.3779296875
16241386.0,2968.0,0.0,-3.56640625,1.9453125,-3.94140625,0
16249418.0,8032.0,1.0,0.6365356445,-0.1795654297,0.6488037109,0.3763427734
16252386.0,2968.0,0.0,-2.73828125,1.2109375,-3.70703125,0
16259418.0,7032.0,1.0,0.6334838867,-0.1821289063,0.6520996094,0.3745727539
16262386.0,2968.0,0.0,-2.640625,0.3359375,-2.765625,0
16269418.0,7032.0,1.0,0.6304931641,-0.1842041016,0.6555786133,0.3724975586
16272386.0,2968.0,0.0,-2.77734375,0.50390625,-2.921875,0
16279418.0,7032.0,1.0,0.6273803711,-0.1861572266,0.6591186523,0.3705444336
16282386.0,2968.0,0.0,-3.18359375,0.21484375,-3.39453125,0
16289418.0,7032.0,1.0,0.6243286133,-0.1878662109,0.6624145508,0.3688964844
16292386.0,2968.0,0.0,-2.515625,-0.5078125,-3.8984375,0
16299418.0,7032.0,1.0,0.6212158203,-0.1893310547,0.6657714844,0.3673706055
16302386.0,2968.0,0.0,-2.30859375,-1.00390625,-3.7578125,0
16309418.0,7032.0,1.0,0.6181030273,-0.1903076172,0.6692504883,0.3659057617
16312386.0,2968.0,0.0,-1.7265625,-1.3125,-3.265625,0
16319418.0,7032.0,1.0,0.6149291992,-0.1907958984,0.6729125977,0.3642578125
16322386.0,2968.0,0.0,-1.0,-2.4375,-2.0859375,0
16329418.0,7032.0,1.0,0.6116943359,-0.190612793,0.6768798828,0.3623657227
16332386.0,2968.0,0.0,-1.02734375,-2.7578125,-1.67578125,0
16339418.0,7032.0,1.0,0.6083984375,-0.1900634766,0.6810302734,0.3604736328
16342386.0,2968.0,0.0,-0.80078125,-1.3203125,-2.2890625,0
16349418.0,7032.0,1.0,0.6049804688,-0.1893920898,0.6851196289,0.3587646484
16352386.0,2968.0,0.0,-1.23046875,-0.046875,-2.453125,0
16359418.0,7032.0,1.0,0.6015014648,-0.1888427734,0.6890258789,0.3574829102
16362386.0,2968.0,0.0,-1.07421875,-0.4921875,-2.078125,0
16372418.0,10032.0,1.0,0.5982055664,-0.1882324219,0.6926269531,0.3563232422
16375386.0,2968.0,0.0,-1.3046875,-2.0546875,-0.6328125,0
16382418.0,7032.0,1.0,0.5946044922,-0.1871948242,0.6967773438,0.3547973633
16385386.0,2968.0,0.0,-0.890625,-1.51171875,-1.51953125,0
16389418.0,4032.0,1.0,0.5912475586,-0.1861572266,0.7006835938,0.3533325195
16392386.0,2968.0,0.0,-0.59375,0.41015625,-1.41015625,0
16399418.0,7032.0,1.0,0.5877685547,-0.1853637695,0.7044677734,0.3519897461
16402386.0,2968.0,0.0,0.04296875,-0.1875,-1.1171875,0
16409418.0,7032.0,1.0,0.5842285156,-0.1849365234,0.7081298828,0.3507080078
16412386.0,2968.0,0.0,0.578125,0.27734375,-0.3671875,0
16419418.0,7032.0,1.0,0.5806884766,-0.1849975586,0.7116699219,0.3495483398
16422386.0,2968.0,0.0,0.6875,0.921875,0.00390625,0
16428418.0,6032.0,1.0,0.577331543,-0.1853637695,0.7147827148,0.3485107422
16431386.0,2968.0,0.0,0.32421875,0.859375,-0.28515625,0
16439418.0,8032.0,1.0,0.5736694336,-0.1862182617,0.717956543,0.3475341797
16442386.0,2968.0,0.0,0.08984375,1.12890625,-1.1796875,0
16449418.0,7032.0,1.0,0.5701293945,-0.1872558594,0.7208862305,0.3467407227
16452386.0,2968.0,0.0,0.1171875,1.7265625,-1.69140625,0
16459418.0,7032.0,1.0,0.5666503906,-0.1884155273,0.7236328125,0.3461303711
16462386.0,2968.0,0.0,0.83984375,1.76171875,-1.67578125,0
16469418.0,7032.0,1.0,0.5630493164,-0.189453125,0.7263793945,0.3455810547
16472386.0,2968.0,0.0,1.47265625,0.90625,0.25,0
16479418.0,7032.0,1.0,0.559387207,-0.1903076172,0.7292480469,0.3450317383
16482386.0,2968.0,0.0,0.9609375,0.7734375,0.88671875,0
16489418.0,7032.0,1.0,0.555480957,-0.1908569336,0.7323608398,0.3444213867
16492386.0,2968.0,0.0,-0.08984375,-0.93359375,1.3671875,0
16499418.0,7032.0,1.0,0.5515136719,-0.1909179688,0.7356567383,0.3438110352
16502386.0,2968.0,0.0,-1.03125,-1.265625,0.84765625,0
16509418.0,7032.0,1.0,0.5473632813,-0.1904907227,0.7391967773,0.3430175781
16512386.0,2968.0,0.0,-2.39453125,-1.2578125,0.765625,0
16519418.0,7032.0,1.0,0.5432128906,-0.1896972656,0.7428588867,0.3422851563
16522386.0,2968.0,0.0,-2.41796875,-1.640625,0.67578125,0
16529418.0,7032.0,1.0,0.5389404297,-0.188659668,0.7465820313,0.3415527344
16532386.0,2968.0,0.0,-2.10546875,-1.75,0.62890625,0
16539418.0,7032.0,1.0,0.5345458984,-0.1874389648,0.7503051758,0.3408203125
16542386.0,2968.0,0.0,-1.2578125,-1.296875,0.9921875,0
16549418.0,7032.0,1.0,0.5301513672,-0.1860961914,0.7540893555,0.3400878906
16552386.0,2968.0,0.0,-0.67578125,-1.22265625,0.640625,0
16559418.0,7032.0,1.0,0.5258178711,-0.184753418,0.7577514648,0.3394165039
16563386.0,3968.0,0.0,0.2890625,-1.64453125,0.51171875,0
16570418.0,7032.0,1.0,0.5216674805,-0.1834106445,0.7612304688,0.3387451172
16573386.0,2968.0,0.0,1.0546875,-1.4921875,0.5703125,0
16583418.0,10032.0,1.0,0.5172729492,-0.1821899414,0.7647705078,0.3381347656
16586386.0,2968.0,0.0,1.09375,-0.765625,0.37109375,0
16590418.0,4032.0,1.0,0.5126953125,-0.1812133789,0.7683105469,0.3377075195
16593386.0,2968.0,0.0,1.25390625,-1.00390625,1.078125,0
16599418.0,6032.0,1.0,0.5081176758,-0.1805419922,0.7715454102,0.3375244141
16602386.0,2968.0,0.0,1.24609375,-0.4609375,1.59375,0
16609418.0,7032.0,1.0,0.5035400391,-0.1803588867,0.774597168,0.3375854492
16612386.0,2968.0,0.0,1.2890625,0.15234375,1.609375,0
16619418.0,7032.0,1.0,0.4990234375,-0.1807250977,0.7772216797,0.3379516602
16622386.0,2968.0,0.0,0.5546875,-0.109375,0.73828125,0
16629418.0,7032.0,1.0,0.4942016602,-0.181640625,0.7797851563,0.338684082
16632386.0,2968.0,0.0,-0.08984375,0.6171875,-0.171875,0
16639418.0,7032.0,1.0,0.4895629883,-0.1829223633,0.7819824219,0.3396606445
16642386.0,2968.0,0.0,0.25390625,-0.171875,-0.515625,0
16649418.0,7032.0,1.0,0.4849243164,-0.1845092773,0.7840576172,0.3407592773
16652386.0,2968.0,0.0,0.60546875,-0.5078125,0.0625,0
16659418.0,7032.0,1.0,0.4802856445,-0.1862182617,0.7861328125,0.3416137695
16662386.0,2968.0,0.0,0.87109375,0.06640625,0.28515625,0
16669418.0,7032.0,1.0,0.4758300781,-0.1878662109,0.7881469727,0.3422241211
16672386.0,2968.0,0.0,0.765625,0.39453125,0.484375,0
16679418.0,7032.0,1.0,0.4713134766,-0.1896972656,0.790222168,0.3426513672
16682386.0,2968.0,0.0,0.7265625,0.41796875,0.71875,0
16689418.0,7032.0,1.0,0.4669799805,-0.1916503906,0.7921142578,0.3431396484
16692386.0,2968.0,0.0,0.34765625,1.3203125,0.40625,0
16699418.0,7032.0,1.0,0.4625854492,-0.1939086914,0.7938842773,0.34375
16702386.0,2968.0,0.0,0.6953125,1.52734375,0.0625,0
16709418.0,7032.0,1.0,0.458190918,-0.1962890625,0.7954711914,0.3446044922
16712386.0,2968.0,0.0,1.16015625,1.2421875,0.31640625,0
16719418.0,7032.0,1.0,0.4535522461,-0.1989135742,0.7969970703,0.3457641602
16722386.0,2968.0,0.0,1.08203125,1.44921875,0.6171875,0
16729418.0,7032.0,1.0,0.4488525391,-0.2015380859,0.7983398438,0.3472290039
16732386.0,2968.0,0.0,0.5546875,0.35546875,0.609375,0
16739418.0,7032.0,1.0,0.4438476563,-0.2042236328,0.7996826172,0.3489990234
16742386.0,2968.0,0.0,0.0859375,0.0078125,0.3671875,0
16749418.0,7032.0,1.0,0.4388427734,-0.2067871094,0.8009643555,0.3508911133
16752386.0,2968.0,0.0,-0.8359375,0.12109375,0.265625,0
16760418.0,8032.0,1.0,0.43359375,-0.2092895508,0.8022460938,0.3529052734
16763386.0,2968.0,0.0,-1.33984375,-0.59765625,0.22265625,0
16775418.0,12032.0,1.0,0.4287719727,-0.2113647461,0.803527832,0.3547363281
16780418.0,5000.0,1.0,0.4235839844,-0.2134399414,0.8049316406,0.356628418
16782386.0,1968.0,0.0,-0.35546875,-0.953125,0.63671875,0
16789418.0,7032.0,1.0,0.4182739258,-0.2152709961,0.8064575195,0.3582763672
16792386.0,2968.0,0.0,-0.1796875,-1.10546875,1.55859375,0
16799418.0,7032.0,1.0,0.4130249023,-0.2167358398,0.8082275391,0.3594360352
16802386.0,2968.0,0.0,-0.265625,-1.3359375,1.390625,0
16809418.0,7032.0,1.0,0.4081420898,-0.2177734375,0.8101806641,0.3599853516
16812386.0,2968.0,0.0,-0.89453125,-0.1484375,0.50390625,0
16819418.0,7032.0,1.0,0.4029541016,-0.2185668945,0.8124389648,0.3602294922
16822386.0,2968.0,0.0,-1.29296875,-0.765625,0.0078125,0
16829418.0,7032.0,1.0,0.3978271484,-0.2192382813,0.8147583008,0.3602294922
16832386.0,2968.0,0.0,-2.0390625,-0.86328125,-0.375,0
16839418.0,7032.0,1.0,0.3929443359,-0.2198486328,0.8170166016,0.360168457
16842386.0,2968.0,0.0,-2.98046875,-0.97265625,-0.75390625,0
16849418.0,7032.0,1.0,0.3881225586,-0.2205810547,0.819152832,0.360168457
16852386.0,2968.0,0.0,-4.26171875,0.875,0.38671875,0
16859418.0,7032.0,1.0,0.3834228516,-0.2216186523,0.8209228516,0.360534668
16862386.0,2968.0,0.0,-3.734375,0.16015625,0.6796875,0
16869418.0,7032.0,1.0,0.3786010742,-0.2231445313,0.8223266602,0.3613891602
16872386.0,2968.0,0.0,-2.44140625,0.4296875,0.58984375,0
16879418.0,7032.0,1.0,0.3735961914,-0.2252197266,0.823425293,0.3629760742
16882386.0,2968.0,0.0,-2.1875,1.26953125,1.171875,0
16889418.0,7032.0,1.0,0.368347168,-0.2277832031,0.8240356445,0.3652954102
16892386.0,2968.0,0.0,-2.49609375,0.6484375,0.30078125,0
16899418.0,7032.0,1.0,0.3628540039,-0.2305908203,0.8242797852,0.368347168
16902386.0,2968.0,0.0,-3.890625,1.015625,0.4453125,0
16909418.0,7032.0,1.0,0.3571777344,-0.2334594727,0.8243408203,0.3720703125
16912386.0,2968.0,0.0,-5.046875,1.06640625,-0.82421875,0
16919418.0,7032.0,1.0,0.3511962891,-0.2359619141,0.8243408203,0.3760986328
16922386.0,2968.0,0.0,-6.98828125,1.83203125,-1.453125,0
16935418.0,13032.0,1.0,0.3453979492,-0.2376098633,0.8245849609,0.3799438477
16940418.0,5000.0,1.0,0.3394165039,-0.2381591797,0.8253173828,0.3833618164
16942386.0,1968.0,0.0,-6.61328125,-1.2421875,1.62890625,0
16949418.0,7032.0,1.0,0.3333129883,-0.2372436523,0.8270263672,0.3856201172
16952386.0,2968.0,0.0,-7.19140625,-1.734375,2.40234375,0
16959418.0,7032.0,1.0,0.3275146484,-0.2344970703,0.8298950195,0.3859863281
16962386.0,2968.0,0.0,-8.92578125,-3.69140625,2.12109375,0
16969418.0,7032.0,1.0,0.3220214844,-0.2294921875,0.8343505859,0.383972168
16972386.0,2968.0,0.0,-9.984375,-2.05859375,0.765625,0
16979418.0,7032.0,1.0,0.3171386719,-0.2225952148,0.8400268555,0.3798217773
16983386.0,3968.0,0.0,-10.3515625,-0.51953125,-0.44921875,0
16989418.0,6032.0,1.0,0.3126220703,-0.2137451172,0.8466796875,0.3737792969
16992386.0,2968.0,0.0,-10.76953125,0.72265625,-0.69140625,0
16999418.0,7032.0,1.0,0.3087158203,-0.2034301758,0.8537597656,0.3665771484
17002386.0,2968.0,0.0,-11.7578125,5.953125,-2.765625,0
17009418.0,7032.0,1.0,0.3047485352,-0.1903076172,0.8619384766,0.3577270508
17012386.0,2968.0,0.0,-12.46875,8.60546875,-4.625,0
17019418.0,7032.0,1.0,0.3010864258,-0.1767578125,0.8693847656,0.3496704102
17022386.0,2968.0,0.0,-13.97265625,12.3828125,-5.890625,0
17029418.0,7032.0,1.0,0.2971191406,-0.1619873047,0.8759765625,0.3436889648
17032386.0,2968.0,0.0,-15.51953125,15.0625,-7.796875,0
17040418.0,8032.0,1.0,0.2927246094,-0.1469726563,0.8806152344,0.3423461914
17043386.0,2968.0,0.0,-15.04296875,22.9140625,-10.29296875,0
17053418.0,10032.0,1.0,0.2879638672,-0.133972168,0.8822631836,0.3474121094
17056386.0,2968.0,0.0,-12.609375,21.53125,-10.37890625,0
17063418.0,7032.0,1.0,0.282043457,-0.1217651367,0.8806762695,0.3606567383
17066386.0,2968.0,0.0,-9.53125,21.1484375,-8.49609375,0
17070418.0,4032.0,1.0,0.2752075195,-0.1104736328,0.876159668,0.3799438477
17073386.0,2968.0,0.0,-7.84765625,16.3515625,-7.7265625,0
17079418.0,6032.0,1.0,0.26953125,-0.0973510742,0.8710327148,0.3990478516
17082386.0,2968.0,0.0,-11.15234375,7.734375,6.7578125,0
17089418.0,7032.0,1.0,0.2672729492,-0.0839233398,0.8635253906,0.4193725586
17092386.0,2968.0,0.0,-8.296875,29.9609375,-2.1953125,0
17100418.0,8032.0,1.0,0.2689819336,-0.0715332031,0.8499755859,0.447265625
17103386.0,2968.0,0.0,-4.36328125,26.7265625,-10.49609375,0
17109418.0,6032.0,1.0,0.2746582031,-0.0609741211,0.832824707,0.4767456055
17112386.0,2968.0,0.0,1.30859375,13.02734375,-18.734375,0
17122418.0,10032.0,1.0,0.283996582,-0.0513916016,0.8117675781,0.5076904297
17125386.0,2968.0,0.0,7.12109375,1.63671875,-14.796875,0
17129418.0,4032.0,1.0,0.296081543,-0.0438842773,0.7890014648,0.5364990234
17132386.0,2968.0,0.0,5.8046875,-5.703125,-11.61328125,0
17140418.0,8032.0,1.0,0.3110961914,-0.0393676758,0.7637329102,0.5642700195
17143386.0,2968.0,0.0,7.28515625,-10.40234375,-9.171875,0
17149418.0,6032.0,1.0,0.3278198242,-0.0376586914,0.73828125,0.5883178711
17152386.0,2968.0,0.0,-0.12890625,-20.75390625,-3.53125,0
17159418.0,7032.0,1.0,0.3471679688,-0.0372924805,0.7130126953,0.6080322266
17162386.0,2968.0,0.0,1.4296875,-21.51171875,-1.18359375,0
17171418.0,9032.0,1.0,0.3670654297,-0.0381469727,0.6903686523,0.622253418
17174386.0,2968.0,0.0,5.0625,-19.2421875,-2.1328125,0
17181418.0,7032.0,1.0,0.389465332,-0.0401000977,0.6676025391,0.6332397461
17184386.0,2968.0,0.0,8.828125,-19.69921875,-2.82421875,0
17189418.0,5032.0,1.0,0.4121704102,-0.0431518555,0.6466674805,0.6403808594
17192386.0,2968.0,0.0,13.06640625,-19.11328125,-1.11328125,0
17199418.0,7032.0,1.0,0.4360351563,-0.0468139648,0.6270751953,0.6437988281
17202386.0,2968.0,0.0,14.14453125,-18.6640625,-0.71484375,0
17212418.0,10032.0,1.0,0.4590454102,-0.0502319336,0.6106567383,0.6433105469
17215386.0,2968.0,0.0,14.25390625,-16.8671875,-0.47265625,0
17222418.0,7032.0,1.0,0.4816894531,-0.053527832,0.5963134766,0.6399536133
17225386.0,2968.0,0.0,13.73828125,-14.8671875,-1.04296875,0
17230418.0,5032.0,1.0,0.5040893555,-0.0569458008,0.583190918,0.6344604492
17233386.0,2968.0,0.0,11.609375,-9.41015625,-1.37890625,0
17239418.0,6032.0,1.0,0.5262451172,-0.0609741211,0.5704956055,0.6276245117
17242386.0,2968.0,0.0,10.671875,-7.5625,-1.75390625,0
17249418.0,7032.0,1.0,0.5464477539,-0.0654907227,0.5585327148,0.6205444336
17252386.0,2968.0,0.0,9.9765625,-6.53125,-1.08984375,0
17260418.0,8032.0,1.0,0.5653686523,-0.0706176758,0.546875,0.6134643555
17263386.0,2968.0,0.0,9.3359375,-6.12109375,-0.65234375,0
17275418.0,12032.0,1.0,0.58203125,-0.0757446289,0.5363769531,0.6065063477
17280418.0,5000.0,1.0,0.5983886719,-0.0805664063,0.526550293,0.5985107422
17282386.0,1968.0,0.0,7.5078125,-7.3046875,1.078125,0
17290418.0,8032.0,1.0,0.6141357422,-0.0845947266,0.5180053711,0.5894165039
17293386.0,2968.0,0.0,7.2109375,-6.41796875,1.2890625,0
17299418.0,6032.0,1.0,0.6280517578,-0.0876464844,0.5111694336,0.5802001953
17302386.0,2968.0,0.0,6.37109375,-5.5234375,2.078125,0
17309418.0,7032.0,1.0,0.640625,-0.0902709961,0.5054321289,0.5709228516
17312386.0,2968.0,0.0,6.42578125,-5.52734375,2.58203125,0
17319418.0,7032.0,1.0,0.65234375,-0.0924682617,0.5005493164,0.5615844727
17322386.0,2968.0,0.0,6.2890625,-5.63671875,2.90625,0
17330418.0,8032.0,1.0,0.6628417969,-0.0941162109,0.4968261719,0.5522460938
17333386.0,2968.0,0.0,5.8828125,-5.265625,2.80078125,0
17339418.0,6032.0,1.0,0.6723632813,-0.0953979492,0.4939575195,0.5430297852
17342386.0,2968.0,0.0,4.66015625,-3.03515625,2.1328125,0
17354418.0,12032.0,1.0,0.6807250977,-0.0966186523,0.4916992188,0.5343017578
17358386.0,3968.0,0.0,3.546875,-1.8203125,0.859375,0
17361418.0,3032.0,1.0,0.6885375977,-0.0982666016,0.4896240234,0.5258789063
17364386.0,2968.0,0.0,3.5859375,-1.6796875,0.828125,0
17370418.0,6032.0,1.0,0.6957397461,-0.1002197266,0.4878540039,0.5176391602
17373386.0,2968.0,0.0,3.2421875,-1.72265625,0.4140625,0
17379418.0,6032.0,1.0,0.7015380859,-0.1022338867,0.4865722656,0.5104980469
17382386.0,2968.0,0.0,2.625,-1.8671875,0.0,0
17389418.0,7032.0,1.0,0.7072143555,-0.1045532227,0.4854736328,0.5031738281
17392386.0,2968.0,0.0,2.1640625,-2.046875,-0.0859375,0
17399418.0,7032.0,1.0,0.7121582031,-0.1069335938,0.4847412109,0.4963989258
17402386.0,2968.0,0.0,1.93359375,-2.390625,-0.19921875,0
17410418.0,8032.0,1.0,0.7163696289,-0.1090698242,0.4845581055,0.4899902344
17413386.0,2968.0,0.0,1.8203125,-2.5859375,-0.16796875,0
17420418.0,7032.0,1.0,0.7203979492,-0.1108398438,0.4849853516,0.483215332
17423386.0,2968.0,0.0,1.8515625,-2.1484375,-0.84375,0
17429418.0,6032.0,1.0,0.7236938477,-0.1119384766,0.4860229492,0.4769897461
17432386.0,2968.0,0.0,1.80859375,-1.83984375,-1.1640625,0
17440418.0,8032.0,1.0,0.7266235352,-0.1125488281,0.4876708984,0.470703125
17443386.0,2968.0,0.0,1.80859375,-1.6171875,-1.66796875,0
17449418.0,6032.0,1.0,0.7291259766,-0.1126098633,0.4898071289,0.4645385742
17452386.0,2968.0,0.0,1.953125,-1.1953125,-2.015625,0
17462418.0,10032.0,1.0,0.7312011719,-0.1125488281,0.4922485352,0.4586181641
17465386.0,2968.0,0.0,2.40625,0.375,-2.703125,0
17469418.0,4032.0,1.0,0.7327880859,-0.1130981445,0.4946899414,0.4533081055
17472386.0,2968.0,0.0,2.63671875,0.99609375,-2.73046875,0
17479418.0,7032.0,1.0,0.7338867188,-0.1145629883,0.4968261719,0.4487915039
17482386.0,2968.0,0.0,2.59375,0.46875,-2.83984375,0
17490418.0,8032.0,1.0,0.7345581055,-0.1164550781,0.498840332,0.4450073242
17493386.0,2968.0,0.0,1.98046875,-0.44140625,-2.6015625,0
17500418.0,7032.0,1.0,0.7348632813,-0.1182861328,0.5009765625,0.4415283203
17503386.0,2968.0,0.0,1.4375,-0.35546875,-2.515625,0
17509418.0,6032.0,1.0,0.7349853516,-0.119934082,0.5032958984,0.438293457
17512386.0,2968.0,0.0,1.0078125,0.02734375,-2.73046875,0
17520418.0,8032.0,1.0,0.7348632813,-0.1213989258,0.5056762695,0.4353027344
17523386.0,2968.0,0.0,0.93359375,0.51953125,-2.66796875,0
17530418.0,7032.0,1.0,0.7346191406,-0.1226196289,0.5081787109,0.4324951172
17533386.0,2968.0,0.0,1.26171875,1.0390625,-2.734375,0
17540418.0,7032.0,1.0,0.7342529297,-0.1234741211,0.5108642578,0.4296875
17543386.0,2968.0,0.0,0.91015625,0.82421875,-2.44921875,0
17550418.0,7032.0,1.0,0.7338256836,-0.1239624023,0.5137329102,0.4268798828
17553386.0,2968.0,0.0,0.2421875,0.91796875,-1.92578125,0
17560418.0,7032.0,1.0,0.733215332,-0.124206543,0.5167236328,0.4241943359
17563386.0,2968.0,0.0,-0.3359375,0.6875,-1.63671875,0
17569418.0,6032.0,1.0,0.7324829102,-0.1243286133,0.5197143555,0.4218139648
17572386.0,2968.0,0.0,-1.30859375,0.390625,-1.19140625,0
17579418.0,7032.0,1.0,0.7314453125,-0.1246337891,0.5230102539,0.4194946289
17582386.0,2968.0,0.0,-1.515625,0.19140625,-1.46484375,0
17590418.0,8032.0,1.0,0.7301635742,-0.1251831055,0.526184082,0.4175415039
17593386.0,2968.0,0.0,-1.9765625,0.265625,-2.2734375,0
17600418.0,7032.0,1.0,0.7286987305,-0.1260986328,0.5293579102,0.4158325195
17603386.0,2968.0,0.0,-2.21875,0.58203125,-3.32421875,0
17610418.0,7032.0,1.0,0.7269897461,-0.1275634766,0.5324707031,0.4144287109
17613386.0,2968.0,0.0,-1.5390625,0.2734375,-4.2421875,0
17620418.0,7032.0,1.0,0.7252807617,-0.1295166016,0.53515625,0.4133300781
17624386.0,3968.0,0.0,-1.70703125,1.0859375,-4.8203125,0
17630418.0,6032.0,1.0,0.7233276367,-0.1322631836,0.5377197266,0.4125366211
17633386.0,2968.0,0.0,-2.48046875,2.07421875,-4.0703125,0
17640418.0,7032.0,1.0,0.7213745117,-0.1354980469,0.5400390625,0.4119262695
17643386.0,2968.0,0.0,-2.5546875,0.5,-3.5390625,0
17650418.0,7032.0,1.0,0.7192382813,-0.1389770508,0.5422973633,0.4113769531
17653386.0,2968.0,0.0,-1.3359375,0.68359375,-2.51953125,0
17660418.0,7032.0,1.0,0.7170410156,-0.1424560547,0.5447387695,0.4108886719
17664386.0,3968.0,0.0,-1.16015625,0.29296875,-2.43359375,0
17671418.0,7032.0,1.0,0.71484375,-0.1453857422,0.5473022461,0.4102172852
17674386.0,2968.0,0.0,-1.50390625,-0.11328125,-2.2109375,0
17681418.0,7032.0,1.0,0.7124633789,-0.1478881836,0.5506591797,0.4090576172
17684386.0,2968.0,0.0,-1.43359375,-0.51953125,-1.6640625,0
17691418.0,7032.0,1.0,0.7100830078,-0.149597168,0.5543212891,0.4075927734
17694386.0,2968.0,0.0,-0.58984375,-0.43359375,-1.984375,0
17699418.0,5032.0,1.0,0.7075195313,-0.1506958008,0.5587158203,0.4056396484
17702386.0,2968.0,0.0,-0.55859375,0.39453125,-2.45703125,0
17710418.0,8032.0,1.0,0.7050170898,-0.151184082,0.5634155273,0.4033203125
17713386.0,2968.0,0.0,-1.02734375,0.65234375,-2.73046875,0
17720418.0,7032.0,1.0,0.7026367188,-0.1512451172,0.5681762695,0.4007568359
17723386.0,2968.0,0.0,-1.80078125,1.55859375,-2.890625,0
17730418.0,7032.0,1.0,0.7003173828,-0.1510009766,0.5731811523,0.3978271484
17733386.0,2968.0,0.0,-1.15625,0.99609375,-2.54296875,0
17740418.0,7032.0,1.0,0.6979370117,-0.1506958008,0.5783081055,0.3947143555
17744386.0,3968.0,0.0,-0.7109375,1.05859375,-2.1640625,0
17750418.0,6032.0,1.0,0.6953735352,-0.1506958008,0.5834960938,0.3914794922
17753386.0,2968.0,0.0,-0.9375,0.58984375,-1.734375,0
17759418.0,6032.0,1.0,0.6928710938,-0.1511230469,0.5883789063,0.3884887695
17762386.0,2968.0,0.0,-3.2890625,1.00390625,-2.3046875,0
17770418.0,8032.0,1.0,0.6900024414,-0.1519775391,0.5935668945,0.3853759766
17773386.0,2968.0,0.0,-3.98828125,1.2734375,-3.32421875,0
17780418.0,7032.0,1.0,0.6872558594,-0.1531982422,0.5982055664,0.3825683594
17783386.0,2968.0,0.0,-4.484375,1.04296875,-3.89453125,0
17790418.0,7032.0,1.0,0.6846313477,-0.1545410156,0.6026000977,0.3798217773
17793386.0,2968.0,0.0,-4.453125,1.01953125,-3.5859375,0
17800418.0,7032.0,1.0,0.6819458008,-0.1559448242,0.6070556641,0.3770141602
17803386.0,2968.0,0.0,-3.77734375,0.453125,-3.27734375,0
17810418.0,7032.0,1.0,0.6793823242,-0.1571044922,0.611328125,0.3741455078
17813386.0,2968.0,0.0,-3.75390625,0.796875,-3.3515625,0
17820418.0,7032.0,1.0,0.6768798828,-0.1581420898,0.6157836914,0.3709716797
17823386.0,2968.0,0.0,-3.5703125,0.7734375,-4.19140625,0
17832418.0,9032.0,1.0,0.674621582,-0.1590576172,0.6198730469,0.3678588867
17835386.0,2968.0,0.0,-3.5078125,2.58984375,-5.046875,0
17842418.0,7032.0,1.0,0.6723632813,-0.1604003906,0.6237792969,0.3647460938
17845386.0,2968.0,0.0,-2.52734375,2.0703125,-4.703125,0
17849418.0,4032.0,1.0,0.6702270508,-0.162109375,0.6273193359,0.3619384766
17852386.0,2968.0,0.0,-2.12109375,2.70703125,-4.109375,0
17860418.0,8032.0,1.0,0.6678466797,-0.1643676758,0.6307373047,0.3593139648
17863386.0,2968.0,0.0,-2.09765625,1.85546875,-3.3125,0
17870418.0,7032.0,1.0,0.6655273438,-0.1666870117,0.633972168,0.3568725586
17873386.0,2968.0,0.0,-2.984375,1.3046875,-2.7109375,0
17880418.0,7032.0,1.0,0.663269043,-0.168762207,0.6371459961,0.3544921875
17883386.0,2968.0,0.0,-2.51171875,1.4140625,-3.03125,0
17890418.0,7032.0,1.0,0.6610107422,-0.1705322266,0.6402587891,0.3522338867
17893386.0,2968.0,0.0,-2.07421875,1.19921875,-3.16796875,0
17900418.0,7032.0,1.0,0.6586303711,-0.1720581055,0.6434326172,0.3500366211
17903386.0,2968.0,0.0,-1.67578125,1.40625,-3.640625,0
17910418.0,7032.0,1.0,0.6563110352,-0.1733398438,0.6466064453,0.3480224609
17913386.0,2968.0,0.0,-1.0859375,0.2265625,-3.24609375,0
17920418.0,7032.0,1.0,0.6539916992,-0.1742553711,0.6497802734,0.3460083008
17923386.0,2968.0,0.0,-1.0703125,-0.30078125,-2.5703125,0
17930418.0,7032.0,1.0,0.651550293,-0.1747436523,0.653137207,0.3439941406
17933386.0,2968.0,0.0,-1.25390625,-1.14453125,-2.01953125,0
17940418.0,7032.0,1.0,0.6491088867,-0.1746826172,0.6566772461,0.3419799805
17943386.0,2968.0,0.0,-1.16796875,-1.60546875,-1.16015625,0
17949418.0,6032.0,1.0,0.6466674805,-0.1741943359,0.6602783203,0.3399047852
17952386.0,2968.0,0.0,-1.12890625,-1.015625,-0.22265625,0
17960418.0,8032.0,1.0,0.6439208984,-0.1732177734,0.6643676758,0.3375854492
17963386.0,2968.0,0.0,-1.0078125,-1.52734375,-0.5703125,0
17970418.0,7032.0,1.0,0.6411743164,-0.171875,0.6685791016,0.3352050781
17973386.0,2968.0,0.0,-1.16015625,-1.4765625,-1.19921875,0
17980418.0,7032.0,1.0,0.6384887695,-0.1702270508,0.6727905273,0.3327026367
17983386.0,2968.0,0.0,-1.28515625,-0.234375,-1.77734375,0
17989418.0,6032.0,1.0,0.635925293,-0.1685180664,0.6768188477,0.3302612305
17992386.0,2968.0,0.0,-0.31640625,-0.11328125,-1.75390625,0
18000418.0,8032.0,1.0,0.6332397461,-0.1666870117,0.6810913086,0.3276977539
18003386.0,2968.0,0.0,-0.671875,0.1796875,-1.61328125,0
18010418.0,7032.0,1.0,0.6304321289,-0.1654052734,0.6850585938,0.325378418
18013386.0,2968.0,0.0,0.1328125,0.84375,-0.9765625,0
18020418.0,7032.0,1.0,0.6276245117,-0.1647338867,0.6887207031,0.3234863281
18023386.0,2968.0,0.0,0.5546875,0.22265625,-0.796875,0
18035418.0,12032.0,1.0,0.6247558594,-0.1647949219,0.6920166016,0.3219604492
18039386.0,3968.0,0.0,0.28515625,-0.90234375,-0.78125,0
18042418.0,3032.0,1.0,0.6217651367,-0.1653442383,0.6952514648,0.3204956055
18045386.0,2968.0,0.0,0.27734375,-0.91015625,-0.6796875,0
18050418.0,5032.0,1.0,0.6185913086,-0.1662597656,0.6985473633,0.3189697266
18053386.0,2968.0,0.0,0.39453125,-0.40625,-0.625,0
18060418.0,7032.0,1.0,0.6159057617,-0.1672363281,0.7012939453,0.317565918
18063386.0,2968.0,0.0,1.12109375,0.63671875,-2.1015625,0
18070418.0,7032.0,1.0,0.6132202148,-0.1685791016,0.7040405273,0.3160400391
18073386.0,2968.0,0.0,1.65234375,1.296875,-1.859375,0
18080418.0,7032.0,1.0,0.6104125977,-0.1703491211,0.7066650391,0.3146362305
18083386.0,2968.0,0.0,1.87890625,1.3515625,-0.1953125,0
18090418.0,7032.0,1.0,0.607421875,-0.1724853516,0.7092285156,0.3134765625
18093386.0,2968.0,0.0,1.8359375,0.75390625,0.31640625,0
18100418.0,7032.0,1.0,0.604309082,-0.1748046875,0.711730957,0.3125610352
18103386.0,2968.0,0.0,0.34765625,1.0,0.17578125,0
18110418.0,7032.0,1.0,0.6010742188,-0.1770629883,0.7142333984,0.3118896484
18113386.0,2968.0,0.0,0.140625,-0.06640625,-0.34375,0
18120418.0,7032.0,1.0,0.5977783203,-0.1789550781,0.7167358398,0.3112792969
18124386.0,3968.0,0.0,-0.05078125,-0.3359375,-0.7265625,0
18130418.0,6032.0,1.0,0.594543457,-0.1802978516,0.7194213867,0.3106079102
18133386.0,2968.0,0.0,0.1640625,-0.41796875,-0.01953125,0
18140418.0,7032.0,1.0,0.5913696289,-0.1810302734,0.7221679688,0.3098144531
18143386.0,2968.0,0.0,0.4921875,-1.73046875,0.6796875,0
18150418.0,7032.0,1.0,0.5877075195,-0.1811523438,0.7256469727,0.3085327148
18153386.0,2968.0,0.0,0.21484375,-0.93359375,1.125,0
18160418.0,7032.0,1.0,0.5841674805,-0.1807250977,0.7292480469,0.3070678711
18163386.0,2968.0,0.0,-0.15234375,-0.95703125,1.04296875,0
18170418.0,7032.0,1.0,0.5805053711,-0.1799926758,0.7330322266,0.3055419922
18173386.0,2968.0,0.0,-0.47265625,-0.81640625,0.80078125,0
18180418.0,7032.0,1.0,0.576965332,-0.1791992188,0.7365722656,0.3041992188
18183386.0,2968.0,0.0,-0.421875,-0.265625,0.55859375,0
18190418.0,7032.0,1.0,0.573059082,-0.1783447266,0.7402954102,0.3029785156
18193386.0,2968.0,0.0,-0.17578125,-0.3359375,1.1171875,0
18200418.0,7032.0,1.0,0.5692138672,-0.177734375,0.7437744141,0.3020019531
18203386.0,2968.0,0.0,-0.09375,-0.4296875,1.671875,0
18210418.0,7032.0,1.0,0.5650634766,-0.1774291992,0.7473144531,0.3012084961
18213386.0,2968.0,0.0,-0.54296875,-1.07421875,1.47265625,0
18220418.0,7032.0,1.0,0.5608520508,-0.1774291992,0.7507324219,0.3005981445
18223386.0,2968.0,0.0,-1.25,-0.4140625,1.4921875,0
18235418.0,12032.0,1.0,0.5567626953,-0.1777954102,0.7538452148,0.3001708984
18239386.0,3968.0,0.0,-0.70703125,-0.1640625,0.17578125,0
18242418.0,3032.0,1.0,0.5525512695,-0.1784057617,0.7569580078,0.2998657227
18245386.0,2968.0,0.0,-0.15625,0.3515625,-0.91796875,0
18250418.0,5032.0,1.0,0.5482788086,-0.1792602539,0.7599487305,0.2995605469
18253386.0,2968.0,0.0,0.578125,0.14453125,-1.3203125,0
18260418.0,7032.0,1.0,0.5443115234,-0.1804199219,0.7626342773,0.2993164063
18263386.0,2968.0,0.0,1.390625,-0.2109375,-0.234375,0
18270418.0,7032.0,1.0,0.540222168,-0.1819458008,0.7652587891,0.2990722656
18273386.0,2968.0,0.0,1.3671875,0.08203125,0.6953125,0
18280418.0,7032.0,1.0,0.5361328125,-0.1838378906,0.7677612305,0.2988891602
18283386.0,2968.0,0.0,0.76171875,0.87890625,1.171875,0
18290418.0,7032.0,1.0,0.5319213867,-0.1860351563,0.7701416016,0.2988891602
18293386.0,2968.0,0.0,0.66015625,0.7265625,1.07421875,0
18300418.0,7032.0,1.0,0.5276489258,-0.1884765625,0.7723999023,0.2990722656
18303386.0,2968.0,0.0,0.5625,0.83203125,0.65625,0
18310418.0,7032.0,1.0,0.5234375,-0.1909790039,0.7745361328,0.2994384766
18313386.0,2968.0,0.0,0.37890625,0.89453125,-0.1796875,0
18320418.0,7032.0,1.0,0.5191650391,-0.1934204102,0.776550293,0.299987793
18323386.0,2968.0,0.0,0.73046875,0.34765625,-0.4765625,0
18330418.0,7032.0,1.0,0.5150146484,-0.1955566406,0.7785644531,0.3005371094
18333386.0,2968.0,0.0,0.890625,0.33984375,1.01171875,0
18340418.0,7032.0,1.0,0.5103759766,-0.1976318359,0.7808837891,0.3010864258
18343386.0,2968.0,0.0,1.125,-0.87109375,2.33203125,0
18350418.0,7032.0,1.0,0.5056152344,-0.1991577148,0.7835083008,0.3012695313
18353386.0,2968.0,0.0,0.62890625,-0.9296875,2.53125,0
18360418.0,7032.0,1.0,0.5008544922,-0.2001342773,0.7864379883,0.3011474609
18363386.0,2968.0,0.0,-0.453125,0.078125,2.015625,0
18370418.0,7032.0,1.0,0.4962158203,-0.2005615234,0.7893066406,0.3008422852
18373386.0,2968.0,0.0,-1.2578125,-1.4375,0.421875,0
18380418.0,7032.0,1.0,0.4913330078,-0.2005004883,0.7926025391,0.3002319336
18383386.0,2968.0,0.0,-0.65625,-1.125,-0.2421875,0
18390418.0,7032.0,1.0,0.4865112305,-0.2001953125,0.7958984375,0.299621582
18393386.0,2968.0,0.0,-0.2421875,-1.31640625,0.08203125,0
18400418.0,7032.0,1.0,0.481628418,-0.1998291016,0.7991943359,0.2990112305
18403386.0,2968.0,0.0,0.203125,-1.2265625,1.109375,0
18415418.0,12032.0,1.0,0.4766845703,-0.1996459961,0.8023681641,0.2985229492
18419386.0,3968.0,0.0,-0.54296875,0.23828125,1.00390625,0
18422418.0,3032.0,1.0,0.4714355469,-0.1998901367,0.8054199219,0.2984619141
18425386.0,2968.0,0.0,-0.58984375,0.20703125,1.09765625,0
18430418.0,5032.0,1.0,0.465637207,-0.2007446289,0.8083496094,0.2989501953
18433386.0,2968.0,0.0,-1.41796875,0.78125,0.5859375,0
18440418.0,7032.0,1.0,0.4600830078,-0.2021484375,0.8107910156,0.3001098633
18443386.0,2968.0,0.0,-1.16796875,1.0859375,-0.171875,0
18450418.0,7032.0,1.0,0.4544677734,-0.2041625977,0.8127441406,0.301940918
18453386.0,2968.0,0.0,-1.10546875,-0.1484375,0.58984375,0
18460418.0,7032.0,1.0,0.4487304688,-0.2067260742,0.814453125,0.3042602539
18464386.0,3968.0,0.0,-0.89453125,0.109375,-0.2890625,0
18470418.0,6032.0,1.0,0.4429931641,-0.209777832,0.8158569336,0.3068237305
18473386.0,2968.0,0.0,-0.82421875,0.5234375,-0.6875,0
18480418.0,7032.0,1.0,0.4373168945,-0.2132568359,0.8169555664,0.3096313477
18483386.0,2968.0,0.0,-0.640625,0.484375,0.140625,0
18490418.0,7032.0,1.0,0.4314575195,-0.2171630859,0.8178710938,0.3128051758
18493386.0,2968.0,0.0,-0.19921875,-0.07421875,1.54296875,0
18500418.0,7032.0,1.0,0.4254760742,-0.2213134766,0.8184814453,0.3162841797
18503386.0,2968.0,0.0,0.17578125,0.10546875,1.828125,0
18510418.0,7032.0,1.0,0.4193725586,-0.2255859375,0.8190307617,0.3200683594
18513386.0,2968.0,0.0,-0.453125,0.3203125,1.875,0
18520418.0,7032.0,1.0,0.413269043,-0.2296142578,0.8194580078,0.3240356445
18523386.0,2968.0,0.0,-0.76953125,1.71484375,1.6640625,0
18530418.0,7032.0,1.0,0.4067993164,-0.2335205078,0.8199462891,0.3281860352
18533386.0,2968.0,0.0,-1.20703125,1.22265625,1.51953125,0
18540418.0,7032.0,1.0,0.4005126953,-0.2367553711,0.8205566406,0.3319702148
18544386.0,3968.0,0.0,-2.45703125,0.80859375,1.02734375,0
18550418.0,6032.0,1.0,0.3944091797,-0.2391357422,0.821472168,0.3353271484
18553386.0,2968.0,0.0,-4.04296875,-0.0234375,0.234375,0
18563418.0,10032.0,1.0,0.3881225586,-0.2406005859,0.8228149414,0.3382568359
18566386.0,2968.0,0.0,-5.9140625,-1.48046875,1.58984375,0
18570418.0,4032.0,1.0,0.3814697266,-0.2407836914,0.8249511719,0.340637207
18573386.0,2968.0,0.0,-6.4140625,-1.7109375,2.7265625,0
18580418.0,7032.0,1.0,0.3747558594,-0.2393188477,0.8278808594,0.3418579102
18583386.0,2968.0,0.0,-7.265625,-2.01953125,3.609375,0
18590418.0,7032.0,1.0,0.3681640625,-0.2358398438,0.8319702148,0.3415527344
18593386.0,2968.0,0.0,-8.66796875,-1.59765625,3.28125,0
18600418.0,7032.0,1.0,0.3619995117,-0.2301025391,0.8372192383,0.3391723633
18603386.0,2968.0,0.0,-8.546875,-2.6953125,2.32421875,0
18610418.0,7032.0,1.0,0.3562011719,-0.2216186523,0.8439941406,0.3342285156
18613386.0,2968.0,0.0,-9.04296875,-2.734375,1.73828125,0
18620418.0,7032.0,1.0,0.3511352539,-0.2105102539,0.8518676758,0.3265991211
18623386.0,2968.0,0.0,-10.09375,-2.56640625,0.90625,0
18630418.0,7032.0,1.0,0.346496582,-0.1970825195,0.8605957031,0.3170166016
18633386.0,2968.0,0.0,-11.10546875,-0.34375,-0.37109375,0
18640418.0,7032.0,1.0,0.3420410156,-0.1818847656,0.8693847656,0.3068237305
18643386.0,2968.0,0.0,-14.08203125,5.71484375,-2.8359375,0
18650418.0,7032.0,1.0,0.3376464844,-0.1655883789,0.8775634766,0.2975463867
18653386.0,2968.0,0.0,-16.67578125,8.95703125,-3.20703125,0
18661418.0,8032.0,1.0,0.3330078125,-0.1483764648,0.8846435547,0.2906494141
18664386.0,2968.0,0.0,-18.9921875,12.28125,-4.22265625,0
18670418.0,6032.0,1.0,0.3281860352,-0.1315307617,0.8900146484,0.2878417969
18673386.0,2968.0,0.0,-19.8203125,13.93359375,-6.234375,0
18683418.0,10032.0,1.0,0.3228759766,-0.1145019531,0.8936767578,0.289855957
18686386.0,2968.0,0.0,-17.12890625,15.5546875,-7.53125,0
18690418.0,4032.0,1.0,0.3170166016,-0.0972900391,0.895324707,0.2973632813
18693386.0,2968.0,0.0,-13.30078125,15.6015625,-7.73046875,0
18700418.0,7032.0,1.0,0.3106689453,-0.081237793,0.8945922852,0.3107910156
18703386.0,2968.0,0.0,-9.5625,13.0234375,-5.73828125,0
18710418.0,7032.0,1.0,0.3037719727,-0.0678100586,0.8909301758,0.3306274414
18713386.0,2968.0,0.0,-5.4921875,12.63671875,-6.71484375,0
18720418.0,7032.0,1.0,0.2963256836,-0.0540771484,0.8854980469,0.3536987305
18723386.0,2968.0,0.0,-5.625,-4.2265625,-1.44921875,0
18733418.0,10032.0,1.0,0.2908935547,-0.0409545898,0.8782348633,0.3773803711
18736386.0,2968.0,0.0,-6.12109375,20.98828125,-4.90234375,0
18743418.0,7032.0,1.0,0.2890625,-0.0311889648,0.8626708984,0.4138793945
18746386.0,2968.0,0.0,-5.47265625,38.84375,-15.140625,0
18751418.0,5032.0,1.0,0.292175293,-0.0252685547,0.8391723633,0.4580688477
18754386.0,2968.0,0.0,9.60546875,-0.6796875,-22.1640625,0
18760418.0,6032.0,1.0,0.3002319336,-0.0207519531,0.8125610352,0.4991455078
18763386.0,2968.0,0.0,8.078125,-6.87890625,-14.03125,0
18770418.0,7032.0,1.0,0.3122558594,-0.0170288086,0.7875366211,0.5310668945
18773386.0,2968.0,0.0,-0.86328125,-9.58984375,-5.6640625,0
18781418.0,8032.0,1.0,0.3283081055,-0.0141601563,0.7634887695,0.5559692383
18784386.0,2968.0,0.0,-2.74609375,-15.015625,-5.2578125,0
18796418.0,12032.0,1.0,0.3464355469,-0.0133666992,0.7409057617,0.5752563477
18801418.0,5000.0,1.0,0.3686523438,-0.0151977539,0.7153930664,0.5933227539
18803386.0,1968.0,0.0,7.59765625,-16.7109375,-4.32421875,0
18810418.0,7032.0,1.0,0.3927001953,-0.0191040039,0.690246582,0.607421875
18813386.0,2968.0,0.0,9.33203125,-20.17578125,-3.49609375,0
18821418.0,8032.0,1.0,0.41796875,-0.0239868164,0.6666870117,0.6166381836
18824386.0,2968.0,0.0,10.73828125,-21.421875,-2.16796875,0
18830418.0,6032.0,1.0,0.4436035156,-0.0291137695,0.6456298828,0.6208496094
18833386.0,2968.0,0.0,13.73046875,-20.0546875,0.45703125,0
18840418.0,7032.0,1.0,0.4693603516,-0.0341796875,0.6271362305,0.6206665039
18843386.0,2968.0,0.0,14.25390625,-17.765625,1.06640625,0
18852418.0,9032.0,1.0,0.4935302734,-0.0390014648,0.6116333008,0.6171264648
18855386.0,2968.0,0.0,13.80859375,-14.51953125,-0.1953125,0
18862418.0,7032.0,1.0,0.5181274414,-0.0447387695,0.596496582,0.611328125
18865386.0,2968.0,0.0,12.2578125,-10.65625,-0.05859375,0
18870418.0,5032.0,1.0,0.541015625,-0.0512695312,0.5824584961,0.6044311523
18873386.0,2968.0,0.0,10.52734375,-8.12890625,-1.375,0
18880418.0,7032.0,1.0,0.5634765625,-0.0584106445,0.5688476563,0.5961914063
18883386.0,2968.0,0.0,10.6015625,-8.109375,-1.59375,0
18892418.0,9032.0,1.0,0.5832519531,-0.0648193359,0.5573730469,0.5873413086
18895386.0,2968.0,0.0,10.55859375,-7.96484375,-0.6484375,0
18903418.0,8032.0,1.0,0.6022338867,-0.0706176758,0.5470581055,0.5770874023
18906386.0,2968.0,0.0,8.96875,-6.1328125,0.89453125,0
18910418.0,4032.0,1.0,0.6198120117,-0.0756225586,0.537902832,0.5663452148
18913386.0,2968.0,0.0,8.234375,-4.87109375,0.83203125,0
18920418.0,7032.0,1.0,0.6362915039,-0.0807495117,0.5292358398,0.5554199219
18923386.0,2968.0,0.0,7.38671875,-4.7109375,1.234375,0
18930418.0,7032.0,1.0,0.6507568359,-0.0859375,0.5213623047,0.5452880859
18933386.0,2968.0,0.0,6.62109375,-5.00390625,1.69921875,0
18940418.0,7032.0,1.0,0.663269043,-0.0905761719,0.5146484375,0.5357055664
18943386.0,2968.0,0.0,5.5703125,-6.51171875,2.1484375,0
18950418.0,7032.0,1.0,0.6756591797,-0.0946655273,0.5088500977,0.5249633789
18953386.0,2968.0,0.0,5.44140625,-5.984375,2.046875,0
18960418.0,7032.0,1.0,0.6866455078,-0.0974731445,0.504699707,0.5140991211
18963386.0,2968.0,0.0,5.421875,-5.19140625,1.5859375,0
18972418.0,9032.0,1.0,0.6960449219,-0.0991210938,0.5020141602,0.5036621094
18975386.0,2968.0,0.0,5.27734375,-4.2890625,1.34765625,0
18983418.0,8032.0,1.0,0.7049560547,-0.1004638672,0.5001220703,0.4927978516
18986386.0,2968.0,0.0,5.0078125,-1.70703125,1.0,0
18990418.0,4032.0,1.0,0.7127685547,-0.1019897461,0.4985961914,0.4826049805
18993386.0,2968.0,0.0,4.85546875,-1.44140625,0.90234375,0
19000418.0,7032.0,1.0,0.7196044922,-0.1042480469,0.4973144531,0.4732055664
19003386.0,2968.0,0.0,4.328125,-1.36328125,0.9609375,0
19010418.0,7032.0,1.0,0.7252807617,-0.1070556641,0.4963989258,0.4649047852
19013386.0,2968.0,0.0,4.0625,-1.18359375,0.984375,0
19020418.0,7032.0,1.0,0.7299804688,-0.1095581055,0.4961547852,0.4570922852
19023386.0,2968.0,0.0,3.5546875,-2.9296875,0.30078125,0
19030418.0,7032.0,1.0,0.7341918945,-0.1110839844,0.4970703125,0.4489746094
19033386.0,2968.0,0.0,3.48046875,-2.40625,-0.48046875,0
19041418.0,8032.0,1.0,0.7376708984,-0.1115722656,0.4989624023,0.4409179688
19044386.0,2968.0,0.0,3.44140625,-1.66796875,-1.3515625,0
19050418.0,6032.0,1.0,0.7406005859,-0.1114501953,0.5015869141,0.4329833984
19053386.0,2968.0,0.0,3.75,-0.49609375,-3.06640625,0
19060418.0,7032.0,1.0,0.7429199219,-0.1112060547,0.5046386719,0.4254760742
19063386.0,2968.0,0.0,3.75,0.09765625,-3.43359375,0
19073418.0,10032.0,1.0,0.7445068359,-0.111328125,0.5077514648,0.4188842773
19076386.0,2968.0,0.0,3.70703125,0.44921875,-3.984375,0
19083418.0,7032.0,1.0,0.7454223633,-0.1122436523,0.5108642578,0.4131469727
19086386.0,2968.0,0.0,2.98828125,0.7265625,-4.95703125,0
19090418.0,4032.0,1.0,0.7457275391,-0.1137695313,0.5140380859,0.4083251953
19093386.0,2968.0,0.0,2.7578125,0.27734375,-4.65625,0
19100418.0,7032.0,1.0,0.7456054688,-0.1151733398,0.5173339844,0.4039916992
19103386.0,2968.0,0.0,2.296875,0.765625,-5.15234375,0
19110418.0,7032.0,1.0,0.7450561523,-0.1165161133,0.5206298828,0.4003295898
19113386.0,2968.0,0.0,1.5625,1.5703125,-5.578125,0
19121418.0,8032.0,1.0,0.744140625,-0.1182861328,0.5234985352,0.3977661133
19124386.0,2968.0,0.0,0.72265625,3.08984375,-5.69921875,0
19130418.0,6032.0,1.0,0.7428588867,-0.1206665039,0.5259399414,0.3961791992
19133386.0,2968.0,0.0,-1.0625,2.27734375,-5.21484375,0
19140418.0,7032.0,1.0,0.7411499023,-0.123840332,0.5282592773,0.395324707
19143386.0,2968.0,0.0,-1.98046875,1.51171875,-4.953125,0
19150418.0,7032.0,1.0,0.739074707,-0.1275024414,0.530456543,0.3950805664
19153386.0,2968.0,0.0,-2.609375,0.32421875,-4.5859375,0
19161418.0,8032.0,1.0,0.7367553711,-0.1314697266,0.5325317383,0.395324707
19164386.0,2968.0,0.0,-4.2265625,0.28125,-2.71484375,0
19170418.0,6032.0,1.0,0.7342529297,-0.1352539063,0.5347900391,0.395690918
19173386.0,2968.0,0.0,-4.00390625,-0.04296875,-3.9453125,0
19181418.0,8032.0,1.0,0.7316894531,-0.1384277344,0.5374145508,0.3957519531
19184386.0,2968.0,0.0,-3.3203125,-0.24609375,-2.65234375,0
19190418.0,6032.0,1.0,0.7291259766,-0.140625,0.5406494141,0.395324707
19193386.0,2968.0,0.0,-2.5625,-0.62109375,-1.76171875,0
19201418.0,8032.0,1.0,0.7265625,-0.141784668,0.5446166992,0.3942260742
19204386.0,2968.0,0.0,-2.26953125,-1.21484375,-1.58984375,0
19210418.0,6032.0,1.0,0.723815918,-0.1420288086,0.5493774414,0.3925170898
19213386.0,2968.0,0.0,-1.81640625,-0.31640625,-0.5234375,0
19220418.0,7032.0,1.0,0.7210083008,-0.1416015625,0.5546875,0.3903808594
19223386.0,2968.0,0.0,-1.5546875,0.08203125,-0.4921875,0
19231418.0,8032.0,1.0,0.7180786133,-0.1408081055,0.5604248047,0.3879394531
19234386.0,2968.0,0.0,-1.53125,0.5,-1.28515625,0
19241418.0,7032.0,1.0,0.7149658203,-0.1400146484,0.5662841797,0.3853759766
19244386.0,2968.0,0.0,-1.953125,0.625,-2.65234375,0
19250418.0,6032.0,1.0,0.7119140625,-0.139465332,0.5720825195,0.3827514648
19253386.0,2968.0,0.0,-1.76953125,0.70703125,-2.67578125,0
19261418.0,8032.0,1.0,0.7086181641,-0.1394042969,0.5778198242,0.3801879883
19265386.0,3968.0,0.0,-2.12890625,0.64453125,-2.703125,0
19272418.0,7032.0,1.0,0.7054443359,-0.1398925781,0.5830688477,0.3778686523
19275386.0,2968.0,0.0,-2.89453125,0.28515625,-3.11328125,0
19285418.0,10032.0,1.0,0.7020263672,-0.1409301758,0.5884399414,0.3756103516
19288386.0,2968.0,0.0,-3.7421875,1.04296875,-3.6328125,0
19292418.0,4032.0,1.0,0.6986694336,-0.1423950195,0.5933837891,0.3735351563
19295386.0,2968.0,0.0,-3.22265625,0.96484375,-3.8125,0
19301418.0,6032.0,1.0,0.6950683594,-0.1444091797,0.5983886719,0.3714599609
19304386.0,2968.0,0.0,-2.53125,0.515625,-4.0625,0
19311418.0,7032.0,1.0,0.6917114258,-0.1465454102,0.6028442383,0.3696289063
19314386.0,2968.0,0.0,-2.078125,1.2109375,-4.40625,0
19320418.0,6032.0,1.0,0.6884765625,-0.1488037109,0.6070556641,0.3678588867
19323386.0,2968.0,0.0,-1.75,1.3828125,-3.828125,0
19330418.0,7032.0,1.0,0.6850585938,-0.1513671875,0.6115722656,0.3657836914
19333386.0,2968.0,0.0,-2.37109375,1.89453125,-3.828125,0
19341418.0,8032.0,1.0,0.6817626953,-0.1536865234,0.6159057617,0.3636474609
19344386.0,2968.0,0.0,-2.65234375,1.75,-3.92578125,0
19351418.0,7032.0,1.0,0.6785888672,-0.1560058594,0.6201171875,0.3614501953
19354386.0,2968.0,0.0,-2.4375,2.5390625,-4.91796875,0
19361418.0,7032.0,1.0,0.6754760742,-0.1583862305,0.6240844727,0.3594360352
19364386.0,2968.0,0.0,-2.828125,2.640625,-5.57421875,0
19371418.0,7032.0,1.0,0.6725463867,-0.1605224609,0.6278076172,0.3574829102
19374386.0,2968.0,0.0,-2.23828125,0.9609375,-5.03515625,0
19381418.0,7032.0,1.0,0.6697387695,-0.1621704102,0.6315917969,0.3552856445
19384386.0,2968.0,0.0,-2.375,0.25,-4.16796875,0
19391418.0,7032.0,1.0,0.6668701172,-0.1638183594,0.6353149414,0.3533325195
19394386.0,2968.0,0.0,-2.51171875,2.25,-3.40625,0
19401418.0,7032.0,1.0,0.6638183594,-0.1656494141,0.6389160156,0.3517456055
19404386.0,2968.0,0.0,-3.37890625,0.34765625,-2.9921875,0
19411418.0,7032.0,1.0,0.6607055664,-0.167175293,0.6425170898,0.3502197266
19414386.0,2968.0,0.0,-3.5546875,0.53125,-3.12109375,0
19421418.0,7032.0,1.0,0.6577758789,-0.1680297852,0.6462402344,0.3485717773
19424386.0,2968.0,0.0,-3.77734375,0.65625,-3.43359375,0
19430418.0,6032.0,1.0,0.6550292969,-0.1685180664,0.6497802734,0.3469238281
19433386.0,2968.0,0.0,-3.578125,0.953125,-3.5234375,0
19443418.0,10032.0,1.0,0.6520996094,-0.1688842773,0.653503418,0.3453369141
19446386.0,2968.0,0.0,-2.07421875,-0.05859375,-2.9609375,0
19450418.0,4032.0,1.0,0.6491088867,-0.1691894531,0.6571655273,0.3438110352
19453386.0,2968.0,0.0,-1.73046875,-0.33203125,-2.0546875,0
19461418.0,8032.0,1.0,0.6458740234,-0.1693115234,0.6610107422,0.3422851563
19464386.0,2968.0,0.0,-1.9453125,-0.08984375,-1.609375,0
19470418.0,6032.0,1.0,0.6427001953,-0.1693725586,0.664855957,0.3408813477
19473386.0,2968.0,0.0,-1.75390625,-0.2578125,-0.92578125,0
19481418.0,8032.0,1.0,0.6393432617,-0.1691894531,0.6688842773,0.3394165039
19484386.0,2968.0,0.0,-1.109375,-0.92578125,-0.9296875,0
19491418.0,7032.0,1.0,0.6359863281,-0.1688842773,0.6729125977,0.337890625
19494386.0,2968.0,0.0,-0.83984375,-1.1015625,-0.78125,0
19501418.0,7032.0,1.0,0.6326904297,-0.1683959961,0.6768798828,0.3363647461
19504386.0,2968.0,0.0,-0.80078125,-0.89453125,-0.87109375,0
19510418.0,6032.0,1.0,0.629699707,-0.1677246094,0.6806640625,0.334777832
19513386.0,2968.0,0.0,-0.83984375,-0.765625,-3.18359375,0
19521418.0,8032.0,1.0,0.6265258789,-0.1669921875,0.6846313477,0.3329467773
19524386.0,2968.0,0.0,-0.58203125,0.32421875,-3.87890625,0
19531418.0,7032.0,1.0,0.6236572266,-0.1665039063,0.6881713867,0.3312988281
19534386.0,2968.0,0.0,0.03125,0.734375,-4.0546875,0
19541418.0,7032.0,1.0,0.6207885742,-0.1665039063,0.6914672852,0.3298339844
19544386.0,2968.0,0.0,0.484375,0.453125,-2.6953125,0
19551418.0,7032.0,1.0,0.6176757813,-0.1671142578,0.6946411133,0.3286132813
19554386.0,2968.0,0.0,0.015625,0.30078125,-0.265625,0
19561418.0,7032.0,1.0,0.6146240234,-0.1683349609,0.6975097656,0.3276367188
19564386.0,2968.0,0.0,-0.59765625,0.52734375,0.14453125,0
19571418.0,7032.0,1.0,0.6115112305,-0.1697998047,0.7002563477,0.3269042969
19574386.0,2968.0,0.0,-0.7109375,-0.09375,0.19140625,0
19581418.0,7032.0,1.0,0.6084594727,-0.1713256836,0.7028808594,0.3261108398
19584386.0,2968.0,0.0,-0.56640625,-0.62109375,0.0,0
19591418.0,7032.0,1.0,0.6055297852,-0.1726074219,0.7055053711,0.3252563477
19594386.0,2968.0,0.0,0.0390625,-1.1953125,-0.44140625,0
19601418.0,7032.0,1.0,0.6026000977,-0.1737060547,0.7082519531,0.3240966797
19604386.0,2968.0,0.0,-0.11328125,-0.88671875,-0.01171875,0
19611418.0,7032.0,1.0,0.5995483398,-0.174621582,0.7112426758,0.3227539063
19614386.0,2968.0,0.0,-0.62109375,-0.734375,0.16015625,0
19621418.0,7032.0,1.0,0.596496582,-0.1753540039,0.7142944336,0.3212890625
19624386.0,2968.0,0.0,-1.43359375,0.63671875,0.17578125,0
19631418.0,7032.0,1.0,0.5933837891,-0.1758422852,0.7174682617,0.3197021484
19634386.0,2968.0,0.0,-1.02734375,0.51953125,0.15625,0
19641418.0,7032.0,1.0,0.5903320313,-0.1760253906,0.7206420898,0.3181152344
19645386.0,3968.0,0.0,-0.296875,0.13671875,0.25,0
19652418.0,7032.0,1.0,0.5872802734,-0.1760253906,0.723815918,0.3165893555
19655386.0,2968.0,0.0,0.828125,-0.21484375,0.07421875,0
19665418.0,10032.0,1.0,0.5840454102,-0.17578125,0.7271118164,0.3150634766
19668386.0,2968.0,0.0,1.26953125,-0.99609375,0.85546875,0
19672418.0,4032.0,1.0,0.5803833008,-0.1754150391,0.7308349609,0.3134765625
19675386.0,2968.0,0.0,0.87109375,-1.2734375,1.1953125,0
19681418.0,6032.0,1.0,0.5768432617,-0.174987793,0.734375,0.3119506836
19684386.0,2968.0,0.0,0.08203125,-0.55859375,1.17578125,0
19691418.0,7032.0,1.0,0.5731811523,-0.1744384766,0.7379760742,0.3104858398
19694386.0,2968.0,0.0,-0.8125,-0.23828125,1.16796875,0
19700418.0,6032.0,1.0,0.5697021484,-0.1737670898,0.741394043,0.3091430664
19703386.0,2968.0,0.0,-0.875,-0.33203125,0.22265625,0
19711418.0,8032.0,1.0,0.5659790039,-0.1730957031,0.7449951172,0.3076782227
19714386.0,2968.0,0.0,-0.62890625,-0.35546875,-0.359375,0
19721418.0,7032.0,1.0,0.5623779297,-0.1725463867,0.7484130859,0.3063964844
19724386.0,2968.0,0.0,-0.5859375,-0.41015625,-1.18359375,0
19731418.0,7032.0,1.0,0.5587768555,-0.1721801758,0.7516479492,0.3051757813
19734386.0,2968.0,0.0,-0.30078125,0.37890625,-0.5546875,0
19741418.0,7032.0,1.0,0.5549926758,-0.1721801758,0.7548217773,0.3041992188
19744386.0,2968.0,0.0,0.90625,0.5546875,1.8828125,0
19751418.0,7032.0,1.0,0.5510864258,-0.1727294922,0.7578125,0.3035888672
19754386.0,2968.0,0.0,1.06640625,0.234375,2.23828125,0
19761418.0,7032.0,1.0,0.5470581055,-0.1737670898,0.7606811523,0.3032226563
19764386.0,2968.0,0.0,0.5859375,-0.00390625,2.1328125,0
19771418.0,7032.0,1.0,0.5429077148,-0.1751098633,0.7633666992,0.3031005859
19774386.0,2968.0,0.0,-0.2109375,-0.6796875,1.4609375,0
19781418.0,7032.0,1.0,0.5388183594,-0.176574707,0.7659301758,0.3030395508
19784386.0,2968.0,0.0,-1.62109375,0.00390625,-1.328125,0
19791418.0,7032.0,1.0,0.5349731445,-0.1781616211,0.7683105469,0.3029785156
19794386.0,2968.0,0.0,-1.609375,1.22265625,-2.50390625,0
19801418.0,7032.0,1.0,0.5311889648,-0.1799316406,0.7705078125,0.3029785156
19804386.0,2968.0,0.0,-0.4453125,1.2890625,-2.03515625,0
19811418.0,7032.0,1.0,0.5274047852,-0.1818847656,0.7725830078,0.3030395508
19814386.0,2968.0,0.0,2.13671875,0.44140625,0.1015625,0
19821418.0,7032.0,1.0,0.5234985352,-0.1841430664,0.7747192383,0.3031616211
19824386.0,2968.0,0.0,2.6875,1.16015625,1.0234375,0
19831418.0,7032.0,1.0,0.5194702148,-0.1865844727,0.7766723633,0.303527832
19834386.0,2968.0,0.0,2.390625,0.578125,1.76171875,0
19841418.0,7032.0,1.0,0.5152587891,-0.1890869141,0.7787475586,0.303894043
19844386.0,2968.0,0.0,1.1015625,0.2265625,2.0703125,0
19856418.0,12032.0,1.0,0.5112304688,-0.1913452148,0.7807617188,0.3041381836
19860386.0,3968.0,0.0,-1.7265625,-0.3203125,0.5703125,0
19863418.0,3032.0,1.0,0.5070800781,-0.1935424805,0.7828369141,0.3042602539
19866386.0,2968.0,0.0,-1.7578125,-0.328125,0.65625,0
19871418.0,5032.0,1.0,0.5025634766,-0.1956176758,0.7852783203,0.3041992188
19874386.0,2968.0,0.0,-1.56640625,-0.6796875,0.28125,0
19881418.0,7032.0,1.0,0.4985351563,-0.1973266602,0.7874145508,0.3040161133
19884386.0,2968.0,0.0,-0.87109375,-0.88671875,-0.25390625,0
19890418.0,6032.0,1.0,0.4946289063,-0.1990356445,0.7895507813,0.303894043
19893386.0,2968.0,0.0,0.59375,0.828125,-0.17578125,0
19901418.0,8032.0,1.0,0.4904174805,-0.2009277344,0.7916870117,0.303894043
19904386.0,2968.0,0.0,0.9453125,0.70703125,0.25390625,0
19911418.0,7032.0,1.0,0.4860229492,-0.2030639648,0.7938232422,0.3039550781
19914386.0,2968.0,0.0,1.52734375,0.46875,0.79296875,0
19921418.0,7032.0,1.0,0.4815673828,-0.2053833008,0.7958374023,0.3042602539
19924386.0,2968.0,0.0,1.37109375,0.453125,1.60546875,0
19931418.0,7032.0,1.0,0.4768676758,-0.2080688477,0.7977294922,0.3048706055
19934386.0,2968.0,0.0,0.109375,1.1640625,1.140625,0
19941418.0,7032.0,1.0,0.4721679688,-0.2109375,0.7993774414,0.305847168
19944386.0,2968.0,0.0,0.14453125,0.95703125,1.06640625,0
19951418.0,7032.0,1.0,0.4674072266,-0.2141723633,0.8008422852,0.3071289063
19954386.0,2968.0,0.0,0.6796875,0.78125,0.5625,0
19961418.0,7032.0,1.0,0.4625244141,-0.2177734375,0.8020629883,0.3087768555
19964386.0,2968.0,0.0,0.91015625,0.94921875,0.01953125,0
19971418.0,7032.0,1.0,0.4573974609,-0.221862793,0.8031005859,0.3108520508
19974386.0,2968.0,0.0,-0.38671875,2.3828125,-0.265625,0
19981418.0,7032.0,1.0,0.4520874023,-0.2264404297,0.8037109375,0.3135986328
19984386.0,2968.0,0.0,0.21875,1.9609375,0.296875,0
19991418.0,7032.0,1.0,0.4466552734,-0.2315063477,0.8039550781,0.3170776367
19994386.0,2968.0,0.0,1.13671875,1.34765625,-0.5,0
20001418.0,7032.0,1.0,0.4411010742,-0.2366943359,0.8039550781,0.3210449219
20004386.0,2968.0,0.0,1.20703125,1.69140625,1.5,0
20011418.0,7032.0,1.0,0.4351806641,-0.2420654297,0.8037719727,0.3256225586
20014386.0,2968.0,0.0,1.12890625,1.51953125,-0.52734375,0
20021418.0,7032.0,1.0,0.4290161133,-0.247253418,0.8034667969,0.3305664063
20025386.0,3968.0,0.0,-0.14453125,0.9609375,0.546875,0
20032418.0,7032.0,1.0,0.423034668,-0.2517089844,0.8032836914,0.3353271484
20035386.0,2968.0,0.0,-1.9453125,0.73828125,1.3515625,0
20045418.0,10032.0,1.0,0.4165649414,-0.2556762695,0.8033447266,0.3402099609
20048386.0,2968.0,0.0,-3.5234375,-0.55859375,1.16015625,0
20052418.0,4032.0,1.0,0.4098510742,-0.2587280273,0.803894043,0.3447265625
20055386.0,2968.0,0.0,-4.8125,-0.61328125,2.73828125,0
20061418.0,6032.0,1.0,0.4032592773,-0.2604980469,0.8050537109,0.348449707
20064386.0,2968.0,0.0,-5.6875,-1.8125,3.09375,0
20071418.0,7032.0,1.0,0.3968505859,-0.260559082,0.8071899414,0.350769043
20074386.0,2968.0,0.0,-5.94921875,-2.2734375,2.7421875,0
20081418.0,7032.0,1.0,0.3910522461,-0.258605957,0.8104248047,0.3512573242
20084386.0,2968.0,0.0,-6.25,-3.23046875,1.78515625,0
20091418.0,7032.0,1.0,0.3852539063,-0.2542114258,0.8153076172,0.3496704102
20094386.0,2968.0,0.0,-6.15234375,-2.91015625,1.42578125,0
20101418.0,7032.0,1.0,0.3801269531,-0.2477416992,0.8212890625,0.3458862305
20104386.0,2968.0,0.0,-6.28515625,-2.4296875,1.6953125,0
20111418.0,7032.0,1.0,0.3754882813,-0.239074707,0.8283691406,0.3400878906
20114386.0,2968.0,0.0,-7.15234375,-1.7734375,1.5,0
20121418.0,7032.0,1.0,0.3712158203,-0.2283325195,0.8363037109,0.3326416016
20124386.0,2968.0,0.0,-10.48046875,-2.21484375,1.6171875,0
20136418.0,12032.0,1.0,0.3673706055,-0.2169189453,0.8440551758,0.3249511719
20140386.0,3968.0,0.0,-15.421875,1.71484375,0.6171875,0
20143418.0,3032.0,1.0,0.3634033203,-0.2041015625,0.8518676758,0.3171386719
20146386.0,2968.0,0.0,-17.74609375,3.875,-0.53515625,0
20151418.0,5032.0,1.0,0.3590698242,-0.1898803711,0.8595581055,0.3101196289
20154386.0,2968.0,0.0,-17.87109375,3.828125,-0.39453125,0
20161418.0,7032.0,1.0,0.3544921875,-0.1759033203,0.8660888672,0.3054199219
20164386.0,2968.0,0.0,-22.66796875,7.86328125,-3.45703125,0
20171418.0,7032.0,1.0,0.3494873047,-0.1614379883,0.8716430664,0.3034057617
20174386.0,2968.0,0.0,-24.7421875,11.0,-4.7890625,0
20182418.0,8032.0,1.0,0.3443603516,-0.1467285156,0.8757324219,0.3049316406
20185386.0,2968.0,0.0,-25.28515625,12.0234375,-5.42578125,0
20191418.0,6032.0,1.0,0.3388671875,-0.1315917969,0.8783569336,0.3103637695
20194386.0,2968.0,0.0,-19.98828125,12.6484375,-6.640625,0
20201418.0,7032.0,1.0,0.3327636719,-0.1163330078,0.8792724609,0.3203125
20204386.0,2968.0,0.0,-15.68359375,12.96484375,-6.18359375,0
20214418.0,10032.0,1.0,0.3264770508,-0.102355957,0.878112793,0.3344116211
20217386.0,2968.0,0.0,-11.08203125,11.77734375,-6.09375,0
20224418.0,7032.0,1.0,0.3188476563,-0.0878295898,0.8745117188,0.3547363281
20227386.0,2968.0,0.0,-7.03515625,11.41015625,-4.54296875,0
20232418.0,5032.0,1.0,0.3117675781,-0.0732421875,0.8704223633,0.3739013672
20235386.0,2968.0,0.0,-6.2265625,-0.87109375,-2.26953125,0
20241418.0,6032.0,1.0,0.3063964844,-0.0579833984,0.8637084961,0.3958740234
20244386.0,2968.0,0.0,-6.8125,31.26171875,-8.89453125,0
20254418.0,10032.0,1.0,0.3048095703,-0.0482788086,0.8482666016,0.4303588867
20257386.0,2968.0,0.0,-1.17578125,46.89453125,-20.296875,0
20264418.0,7032.0,1.0,0.3085327148,-0.0432739258,0.8211669922,0.4781494141
20267386.0,2968.0,0.0,8.58984375,13.76953125,-26.55078125,0
20272418.0,5032.0,1.0,0.3178100586,-0.0393676758,0.7921142578,0.5196533203
20275386.0,2968.0,0.0,12.4453125,-13.58203125,-10.33984375,0
20281418.0,6032.0,1.0,0.3322143555,-0.0348510742,0.7653808594,0.5500488281
20284386.0,2968.0,0.0,6.23828125,-13.76171875,-5.72265625,0
20291418.0,7032.0,1.0,0.3508911133,-0.0313720703,0.7397460938,0.5733032227
20294386.0,2968.0,0.0,6.02734375,-17.15625,-5.109375,0
20301418.0,7032.0,1.0,0.3726196289,-0.0313720703,0.7125854492,0.5936279297
20304386.0,2968.0,0.0,8.3515625,-13.53515625,-2.82421875,0
20316418.0,12032.0,1.0,0.396484375,-0.0346679687,0.6842041016,0.6110839844
20320386.0,3968.0,0.0,14.4609375,-27.765625,0.875,0
20323418.0,3032.0,1.0,0.4227294922,-0.039855957,0.65625,0.6237182617
20326386.0,2968.0,0.0,14.65625,-27.546875,0.140625,0
20331418.0,5032.0,1.0,0.4514770508,-0.0458374023,0.629699707,0.6304931641
20334386.0,2968.0,0.0,17.5625,-25.703125,1.84375,0
20341418.0,7032.0,1.0,0.4791870117,-0.0516967773,0.6072387695,0.631652832
20344386.0,2968.0,0.0,19.421875,-23.51171875,2.9140625,0
20351418.0,7032.0,1.0,0.5065307617,-0.057800293,0.5873413086,0.6286010742
20354386.0,2968.0,0.0,17.05859375,-18.546875,2.98046875,0
20361418.0,7032.0,1.0,0.5323486328,-0.0638427734,0.5703735352,0.622253418
20364386.0,2968.0,0.0,15.29296875,-14.95703125,1.9921875,0
20373418.0,9032.0,1.0,0.5563354492,-0.0694580078,0.5562744141,0.6133422852
20376386.0,2968.0,0.0,12.70703125,-12.05859375,0.265625,0
20383418.0,7032.0,1.0,0.5790405273,-0.0749511719,0.5439453125,0.6026611328
20386386.0,2968.0,0.0,9.71484375,-8.3984375,0.3203125,0
20391418.0,5032.0,1.0,0.600402832,-0.0806274414,0.5326538086,0.591003418
20394386.0,2968.0,0.0,6.8671875,-4.09375,0.125,0
20401418.0,7032.0,1.0,0.6199951172,-0.0866699219,0.5220336914,0.579284668
20404386.0,2968.0,0.0,6.26171875,-3.58984375,0.19140625,0
20413418.0,9032.0,1.0,0.6372070313,-0.0930786133,0.5122070313,0.5682983398
20416386.0,2968.0,0.0,6.36328125,-4.0859375,0.01171875,0
20423418.0,7032.0,1.0,0.6525878906,-0.099609375,0.5032348633,0.5576782227
20426386.0,2968.0,0.0,7.0625,-7.09375,1.5703125,0
20431418.0,5032.0,1.0,0.6673583984,-0.1059570313,0.4951782227,0.546081543
20434386.0,2968.0,0.0,7.984375,-7.890625,2.39453125,0
20441418.0,7032.0,1.0,0.6796875,-0.1105957031,0.4896240234,0.5347900391
20444386.0,2968.0,0.0,8.7734375,-7.546875,2.921875,0
20451418.0,7032.0,1.0,0.6909790039,-0.1143188477,0.4857788086,0.5229492188
20454386.0,2968.0,0.0,8.90625,-6.31640625,2.54296875,0
20461418.0,7032.0,1.0,0.7006835938,-0.1174926758,0.4833374023,0.5115356445
20464386.0,2968.0,0.0,8.46875,-3.43359375,0.7421875,0
20471418.0,7032.0,1.0,0.7098388672,-0.1209716797,0.481628418,0.4995727539
20474386.0,2968.0,0.0,7.8046875,-2.34765625,0.57421875,0
20481418.0,7032.0,1.0,0.7172851563,-0.1244506836,0.4808349609,0.4886474609
20484386.0,2968.0,0.0,6.81640625,-2.62890625,0.69140625,0
20493418.0,9032.0,1.0,0.7233276367,-0.1275634766,0.4810791016,0.4785766602
20496386.0,2968.0,0.0,5.875,-3.5078125,0.66796875,0
20504418.0,8032.0,1.0,0.7285766602,-0.1304321289,0.4824829102,0.4683227539
20507386.0,2968.0,0.0,4.55859375,-0.9140625,-0.40625,0
20511418.0,4032.0,1.0,0.7326660156,-0.1335449219,0.4846191406,0.4588012695
20514386.0,2968.0,0.0,4.30859375,-0.140625,-1.1640625,0
20521418.0,7032.0,1.0,0.7356567383,-0.1370849609,0.4874267578,0.4499511719
20524386.0,2968.0,0.0,4.109375,-0.47265625,-2.2421875,0
20531418.0,7032.0,1.0,0.7376708984,-0.1404418945,0.4907836914,0.4418334961
20534386.0,2968.0,0.0,3.7890625,0.01171875,-3.15234375,0
20541418.0,7032.0,1.0,0.7389526367,-0.1434326172,0.4946289063,0.434387207
20544386.0,2968.0,0.0,3.0859375,2.2109375,-5.36328125,0
20551418.0,7032.0,1.0,0.7395629883,-0.1464233398,0.498840332,0.4275512695
20554386.0,2968.0,0.0,3.1484375,3.39453125,-6.52734375,0
20562418.0,8032.0,1.0,0.739440918,-0.1495361328,0.5029907227,0.4217529297
20565386.0,2968.0,0.0,3.2890625,4.4609375,-7.11328125,0
20571418.0,6032.0,1.0,0.7385864258,-0.1529541016,0.5072631836,0.4168701172
20574386.0,2968.0,0.0,2.1484375,5.328125,-6.5625,0
20581418.0,7032.0,1.0,0.7369995117,-0.1568603516,0.5115356445,0.4130249023
20584386.0,2968.0,0.0,0.4453125,5.02734375,-6.90234375,0
20594418.0,10032.0,1.0,0.7347412109,-0.1610107422,0.5155639648,0.4103393555
20597386.0,2968.0,0.0,-1.3046875,4.15625,-6.7578125,0
20604418.0,7032.0,1.0,0.7316894531,-0.1658325195,0.5198974609,0.4083862305
20607386.0,2968.0,0.0,-3.43359375,2.9765625,-5.421875,0
20611418.0,4032.0,1.0,0.7281494141,-0.1707763672,0.524230957,0.4071655273
20614386.0,2968.0,0.0,-5.11328125,-1.51171875,-3.6875,0
20621418.0,7032.0,1.0,0.7241210938,-0.1755981445,0.5290527344,0.4060668945
20624386.0,2968.0,0.0,-4.58984375,-2.20703125,-2.17578125,0
20631418.0,7032.0,1.0,0.719909668,-0.1796875,0.5343017578,0.4049072266
20634386.0,2968.0,0.0,-2.703125,-4.796875,-2.1171875,0
20642418.0,8032.0,1.0,0.715637207,-0.1826782227,0.5402832031,0.4032592773
20645386.0,2968.0,0.0,-1.6171875,-4.57421875,-0.74609375,0
20651418.0,6032.0,1.0,0.7113037109,-0.1843261719,0.5471801758,0.4008789063
20654386.0,2968.0,0.0,-1.4921875,-3.7109375,-0.58203125,0
20661418.0,7032.0,1.0,0.7066040039,-0.1845703125,0.5554199219,0.397644043
20664386.0,2968.0,0.0,-3.12109375,-1.52734375,-1.48046875,0
20671418.0,7032.0,1.0,0.7019042969,-0.1836547852,0.5642089844,0.3940429688
20674386.0,2968.0,0.0,-5.19140625,-0.05859375,-2.86328125,0
20682418.0,8032.0,1.0,0.6972045898,-0.1818237305,0.5729980469,0.390625
20685386.0,2968.0,0.0,-5.99609375,-0.47265625,-4.59375,0
20691418.0,6032.0,1.0,0.6923217773,-0.1791992188,0.5818481445,0.3873901367
20694386.0,2968.0,0.0,-3.28125,-2.08984375,-7.24609375,0
20701418.0,7032.0,1.0,0.6873168945,-0.1760864258,0.5906982422,0.3842773438
20704386.0,2968.0,0.0,-0.203125,-2.015625,-6.4921875,0
20711418.0,7032.0,1.0,0.6820068359,-0.172668457,0.6000366211,0.380859375
20714386.0,2968.0,0.0,1.8515625,-1.84765625,-5.72265625,0
20722418.0,8032.0,1.0,0.6764526367,-0.1692504883,0.6094970703,0.3772583008
20725386.0,2968.0,0.0,0.07421875,-0.5546875,-4.6015625,0
20737418.0,12032.0,1.0,0.6712036133,-0.1666870117,0.6177978516,0.3742675781
20742418.0,5000.0,1.0,0.6657104492,-0.1651611328,0.6253662109,0.3720703125
20744386.0,1968.0,0.0,-6.828125,2.7890625,-7.53515625,0
20752418.0,8032.0,1.0,0.6604003906,-0.1645507813,0.6320800781,0.3705444336
20755386.0,2968.0,0.0,-5.87109375,1.9296875,-8.796875,0
20761418.0,6032.0,1.0,0.6553344727,-0.1644897461,0.6380004883,0.3693237305
20764386.0,2968.0,0.0,-3.40234375,2.03515625,-9.40625,0
20771418.0,7032.0,1.0,0.6504516602,-0.1646728516,0.6436767578,0.3681030273
20774386.0,2968.0,0.0,-2.66796875,0.55078125,-6.421875,0
20781418.0,7032.0,1.0,0.6456298828,-0.1647949219,0.6492919922,0.3666381836
20785386.0,3968.0,0.0,-2.94140625,-0.140625,-3.74609375,0
20792418.0,7032.0,1.0,0.6409912109,-0.1645507813,0.6549682617,0.3648681641
20795386.0,2968.0,0.0,-5.078125,-0.21875,-3.0625,0
20801418.0,6032.0,1.0,0.6366577148,-0.1638183594,0.6604614258,0.3627929688
20804386.0,2968.0,0.0,-8.18359375,-1.31640625,-3.07421875,0
20811418.0,7032.0,1.0,0.6325683594,-0.1622924805,0.6661987305,0.360168457
20814386.0,2968.0,0.0,-8.4140625,-1.73828125,-4.2734375,0
20821418.0,7032.0,1.0,0.6288452148,-0.1600341797,0.671875,0.3571777344
20824386.0,2968.0,0.0,-7.26171875,-1.4375,-5.8203125,0
20832418.0,8032.0,1.0,0.6254272461,-0.1573486328,0.6773681641,0.3538208008
20835386.0,2968.0,0.0,-5.890625,-0.8203125,-5.6484375,0
20841418.0,6032.0,1.0,0.622253418,-0.1545410156,0.6827392578,0.3503417969
20844386.0,2968.0,0.0,-2.13671875,-0.50390625,-3.6015625,0
20856418.0,12032.0,1.0,0.6188354492,-0.1520385742,0.6881713867,0.346862793
20860386.0,3968.0,0.0,-2.8828125,0.0390625,-1.4296875,0
20863418.0,3032.0,1.0,0.615234375,-0.1499023438,0.6935424805,0.3434448242
20866386.0,2968.0,0.0,-3.6953125,0.93359375,-1.80078125,0
20872418.0,6032.0,1.0,0.6115722656,-0.1481933594,0.6987304688,0.3402709961
20875386.0,2968.0,0.0,-3.6953125,0.91015625,-1.65234375,0
20882418.0,7032.0,1.0,0.6082763672,-0.1468505859,0.7032470703,0.3374633789
20885386.0,2968.0,0.0,-1.9375,0.98046875,-5.13671875,0
20891418.0,6032.0,1.0,0.6051635742,-0.1458129883,0.7073974609,0.334777832
20894386.0,2968.0,0.0,-0.4140625,2.3125,-6.32421875,0
20902418.0,8032.0,1.0,0.6022338867,-0.1451416016,0.7112426758,0.3322143555
20905386.0,2968.0,0.0,0.6484375,1.8046875,-6.6796875,0
20912418.0,7032.0,1.0,0.5993652344,-0.1450805664,0.7147216797,0.3299560547
20915386.0,2968.0,0.0,1.30078125,2.49609375,-5.5,0
20922418.0,7032.0,1.0,0.596496582,-0.1457519531,0.7178955078,0.3280639648
20925386.0,2968.0,0.0,1.25390625,2.7734375,-1.22265625,0
20931418.0,6032.0,1.0,0.5934448242,-0.1469726563,0.7209472656,0.3262939453
20934386.0,2968.0,0.0,0.17578125,2.359375,-0.5859375,0
20942418.0,8032.0,1.0,0.5905151367,-0.1486206055,0.7236938477,0.3247680664
20945386.0,2968.0,0.0,-1.51171875,3.828125,-0.53515625,0
20952418.0,7032.0,1.0,0.5876464844,-0.1505126953,0.7261962891,0.3234863281
20955386.0,2968.0,0.0,-0.90625,1.05078125,-2.12890625,0
20962418.0,7032.0,1.0,0.5848999023,-0.1524047852,0.7286376953,0.3222045898
20965386.0,2968.0,0.0,-0.8671875,2.296875,-2.4921875,0
20971418.0,6032.0,1.0,0.5820922852,-0.1543579102,0.7309570313,0.3209838867
20974386.0,2968.0,0.0,-0.1796875,2.765625,-2.80078125,0
20982418.0,8032.0,1.0,0.579284668,-0.1561889648,0.7332763672,0.3199462891
20985386.0,2968.0,0.0,0.04296875,2.359375,-1.37109375,0
20991418.0,6032.0,1.0,0.5763549805,-0.1580200195,0.7355957031,0.3189697266
20994386.0,2968.0,0.0,0.265625,2.4453125,1.15625,0
21002418.0,8032.0,1.0,0.5731201172,-0.1600341797,0.7380371094,0.3181762695
21005386.0,2968.0,0.0,-0.046875,0.99609375,2.1328125,0
21012418.0,7032.0,1.0,0.5697631836,-0.1619262695,0.7405395508,0.3174438477
21015386.0,2968.0,0.0,-0.63671875,0.26953125,1.94921875,0
21022418.0,7032.0,1.0,0.5662841797,-0.1636352539,0.7431030273,0.3167114258
21025386.0,2968.0,0.0,-1.07421875,-0.64453125,0.625,0
21037418.0,12032.0,1.0,0.5630493164,-0.1649780273,0.7456054688,0.3159790039
21042386.0,4968.0,0.0,0.06640625,0.27734375,-3.34765625,0
21045418.0,3032.0,1.0,0.559753418,-0.1660766602,0.7482299805,0.3150634766
21048386.0,2968.0,0.0,0.05078125,0.27734375,-3.25390625,0
21052418.0,4032.0,1.0,0.5562133789,-0.1672363281,0.7509155273,0.3142700195
21055386.0,2968.0,0.0,1.51953125,0.18359375,-1.90625,0
21062418.0,7032.0,1.0,0.5529785156,-0.1683349609,0.7532958984,0.313659668
21065386.0,2968.0,0.0,2.6171875,-0.15234375,0.2109375,0
21072418.0,7032.0,1.0,0.5493164063,-0.1697998047,0.755859375,0.3132324219
21075386.0,2968.0,0.0,2.140625,0.64453125,2.0234375,0
21082418.0,7032.0,1.0,0.5454711914,-0.1716308594,0.7582397461,0.3131713867
21085386.0,2968.0,0.0,0.8828125,-0.3203125,2.53515625,0
21092418.0,7032.0,1.0,0.5413818359,-0.1739501953,0.7604980469,0.3135375977
21095386.0,2968.0,0.0,0.140625,-0.56640625,1.88671875,0
21102418.0,7032.0,1.0,0.5372924805,-0.1766357422,0.7624511719,0.3143920898
21105386.0,2968.0,0.0,-0.16015625,-1.33984375,0.81640625,0
21112418.0,7032.0,1.0,0.5330810547,-0.1797485352,0.7640991211,0.3156738281
21115386.0,2968.0,0.0,0.9375,-0.09375,-0.75390625,0
21122418.0,7032.0,1.0,0.5289306641,-0.1832275391,0.7654418945,0.3173828125
21126386.0,3968.0,0.0,1.06640625,0.3203125,-1.296875,0
21132418.0,6032.0,1.0,0.5246582031,-0.1872558594,0.7664794922,0.3196411133
21135386.0,2968.0,0.0,0.92578125,0.3046875,-1.46484375,0
21142418.0,7032.0,1.0,0.5202636719,-0.1917114258,0.7672729492,0.3223876953
21145386.0,2968.0,0.0,0.0234375,-1.01953125,1.703125,0
21152418.0,7032.0,1.0,0.5153808594,-0.1963500977,0.7679443359,0.3257446289
21155386.0,2968.0,0.0,-0.19140625,-1.1953125,2.29296875,0
21162418.0,7032.0,1.0,0.5102539063,-0.2008056641,0.7686157227,0.3294677734
21165386.0,2968.0,0.0,-0.4453125,-1.390625,3.96484375,0
21172418.0,7032.0,1.0,0.5048217773,-0.2045288086,0.7696533203,0.3331298828
21175386.0,2968.0,0.0,-0.5625,-2.05078125,4.5234375,0
21182418.0,7032.0,1.0,0.4993286133,-0.2071533203,0.7710571289,0.3364257813
21185386.0,2968.0,0.0,-2.32421875,-3.0625,3.58203125,0
21192418.0,7032.0,1.0,0.4934692383,-0.2085571289,0.7732543945,0.3392944336
21195386.0,2968.0,0.0,-3.55859375,-2.328125,2.78125,0
21202418.0,7032.0,1.0,0.4877319336,-0.2083740234,0.7759399414,0.3415527344
21205386.0,2968.0,0.0,-4.69140625,-2.78125,2.40625,0
21212418.0,7032.0,1.0,0.4822387695,-0.2067260742,0.7791748047,0.3430175781
21215386.0,2968.0,0.0,-5.859375,-2.859375,2.1015625,0
21225418.0,10032.0,1.0,0.4763793945,-0.203125,0.7833251953,0.34375
21228386.0,2968.0,0.0,-10.59375,-2.64453125,4.42578125,0
21232418.0,4032.0,1.0,0.4701538086,-0.1972045898,0.7887573242,0.3434448242
21235386.0,2968.0,0.0,-12.01953125,-2.48828125,6.03515625,0
21242418.0,7032.0,1.0,0.4642944336,-0.1895141602,0.7947387695,0.3418579102
21245386.0,2968.0,0.0,-12.4609375,-1.9765625,5.6640625,0
21252418.0,7032.0,1.0,0.4584350586,-0.1793212891,0.8018798828,0.338684082
21255386.0,2968.0,0.0,-12.984375,-1.84765625,5.046875,0
21262418.0,7032.0,1.0,0.4527587891,-0.166809082,0.8096923828,0.333984375
21265386.0,2968.0,0.0,-14.69921875,-1.03125,4.20703125,0
21272418.0,7032.0,1.0,0.4473876953,-0.1525878906,0.8178100586,0.3282470703
21275386.0,2968.0,0.0,-16.3515625,-0.1640625,2.9140625,0
21282418.0,7032.0,1.0,0.442199707,-0.1369628906,0.8258666992,0.3218994141
21285386.0,2968.0,0.0,-17.84765625,1.65625,3.078125,0
21292418.0,7032.0,1.0,0.4371948242,-0.1207275391,0.8332519531,0.3162231445
21295386.0,2968.0,0.0,-19.04296875,4.78125,2.57421875,0
21302418.0,7032.0,1.0,0.4321899414,-0.1043701172,0.8394775391,0.3123779297
21305386.0,2968.0,0.0,-18.3203125,11.3515625,-0.00390625,0
21315418.0,10032.0,1.0,0.4274291992,-0.0889282227,0.8440551758,0.3112792969
21318386.0,2968.0,0.0,-17.5546875,15.73046875,-3.05859375,0
21325418.0,7032.0,1.0,0.4220581055,-0.0719604492,0.8473510742,0.3142089844
21328386.0,2968.0,0.0,-14.75390625,16.890625,-1.74609375,0
21332418.0,4032.0,1.0,0.4169921875,-0.0574951172,0.8479614258,0.3222045898
21335386.0,2968.0,0.0,-1.78515625,20.33203125,-1.02734375,0
21342418.0,7032.0,1.0,0.4118041992,-0.0459594727,0.845703125,0.3363037109
21345386.0,2968.0,0.0,2.01171875,21.8125,1.23828125,0
21352418.0,7032.0,1.0,0.4059448242,-0.035949707,0.841003418,0.3558349609
21355386.0,2968.0,0.0,3.33203125,8.67578125,3.296875,0
21362418.0,7032.0,1.0,0.4005737305,-0.0222167969,0.837890625,0.3700561523
21365386.0,2968.0,0.0,3.453125,-17.10546875,4.17578125,0
21372418.0,7032.0,1.0,0.3982543945,-0.0059814453,0.834777832,0.3801269531
21375386.0,2968.0,0.0,16.6484375,33.5234375,-21.90625,0
21382418.0,7032.0,1.0,0.3998413086,0.0036621094,0.8218994141,0.4057006836
21385386.0,2968.0,0.0,15.828125,39.484375,-14.09375,0
21394418.0,9032.0,1.0,0.4058837891,0.0009155273,0.7969970703,0.4473266602
21397386.0,2968.0,0.0,20.69140625,24.04296875,-26.71875,0
21404418.0,7032.0,1.0,0.4180297852,-0.0067749023,0.7637329102,0.4918212891
21407386.0,2968.0,0.0,20.1171875,-11.43359375,-22.66015625,0
21412418.0,5032.0,1.0,0.4350585938,-0.0126342773,0.732421875,0.5234985352
21415386.0,2968.0,0.0,11.20703125,-19.296875,-5.5703125,0
21422418.0,7032.0,1.0,0.4555053711,-0.0187988281,0.7021484375,0.5469360352
21425386.0,2968.0,0.0,7.86328125,-17.11328125,-4.890625,0
21432418.0,7032.0,1.0,0.4776000977,-0.0290527344,0.6703491211,0.567199707
21435386.0,2968.0,0.0,6.875,-17.5234375,-0.33984375,0
21442418.0,7032.0,1.0,0.5006103516,-0.0431518555,0.6374511719,0.5841674805
21445386.0,2968.0,0.0,4.7421875,-24.8203125,3.05078125,0
21457418.0,12032.0,1.0,0.5225219727,-0.0567016602,0.6091918945,0.5938110352
21461386.0,3968.0,0.0,8.18359375,-26.69140625,10.5390625,0
21464418.0,3032.0,1.0,0.5451660156,-0.0698242188,0.5842285156,0.5971679688
21467386.0,2968.0,0.0,8.33984375,-26.26953125,9.9765625,0
21471418.0,4032.0,1.0,0.5661621094,-0.0811157227,0.5646362305,0.5950927734
21474386.0,2968.0,0.0,8.08203125,-24.98046875,10.796875,0
21482418.0,8032.0,1.0,0.5864257813,-0.0908203125,0.5493164063,0.5883178711
21485386.0,2968.0,0.0,7.12109375,-22.28515625,11.01171875,0
21492418.0,7032.0,1.0,0.6049804688,-0.0983276367,0.5385131836,0.5781860352
21495386.0,2968.0,0.0,7.22265625,-13.57421875,7.24609375,0
21502418.0,7032.0,1.0,0.6216430664,-0.1040649414,0.5311279297,0.5662231445
21506386.0,3968.0,0.0,8.265625,-10.1875,4.28125,0
21513418.0,7032.0,1.0,0.6363525391,-0.1087646484,0.5259399414,0.5537109375
21516386.0,2968.0,0.0,9.6796875,-6.3125,1.92578125,0
21523418.0,7032.0,1.0,0.6499023438,-0.1131591797,0.5218505859,0.5408325195
21526386.0,2968.0,0.0,10.81640625,-3.3203125,-0.0234375,0
21533418.0,7032.0,1.0,0.6623535156,-0.1179199219,0.5180664063,0.528137207
21536386.0,2968.0,0.0,11.63671875,-0.83203125,-1.2734375,0
21542418.0,6032.0,1.0,0.6737060547,-0.1232910156,0.5142822266,0.5162353516
21545386.0,2968.0,0.0,11.30078125,-1.609375,-1.25,0
21552418.0,7032.0,1.0,0.6837768555,-0.1287841797,0.510925293,0.5047607422
21555386.0,2968.0,0.0,10.60546875,-5.16015625,-0.71484375,0
21562418.0,7032.0,1.0,0.6925048828,-0.1333618164,0.5086669922,0.4938964844
21565386.0,2968.0,0.0,7.9921875,-4.62890625,0.21875,0
21572418.0,7032.0,1.0,0.7004394531,-0.1375732422,0.5073242188,0.4827880859
21575386.0,2968.0,0.0,7.359375,-5.03515625,0.75,0
21582418.0,7032.0,1.0,0.7070922852,-0.1412353516,0.507019043,0.4722290039
21585386.0,2968.0,0.0,6.65625,-4.6953125,1.140625,0
21594418.0,9032.0,1.0,0.7124633789,-0.1444091797,0.5076293945,0.4624633789
21597386.0,2968.0,0.0,6.01171875,-4.47265625,1.015625,0
21604418.0,7032.0,1.0,0.7168579102,-0.1471557617,0.5093383789,0.4528198242
21607386.0,2968.0,0.0,4.95703125,-3.34375,-0.70703125,0
21612418.0,5032.0,1.0,0.7205200195,-0.1497192383,0.5121459961,0.4428710938
21615386.0,2968.0,0.0,4.359375,-2.48046875,-1.2109375,0
21622418.0,7032.0,1.0,0.7228393555,-0.1520385742,0.5152587891,0.4346313477
21626386.0,3968.0,0.0,3.37890625,-1.421875,-2.01953125,0
21632418.0,6032.0,1.0,0.7241210938,-0.1548461914,0.5188598633,0.4271240234
21635386.0,2968.0,0.0,2.2109375,-0.07421875,-3.0078125,0
21642418.0,7032.0,1.0,0.7244262695,-0.1584472656,0.522644043,0.4206542969
21645386.0,2968.0,0.0,0.07421875,0.43359375,-6.8203125,0
21652418.0,7032.0,1.0,0.7239379883,-0.1621704102,0.5264282227,0.4153442383
21655386.0,2968.0,0.0,-1.328125,2.46484375,-8.16796875,0
21662418.0,7032.0,1.0,0.7228393555,-0.1664428711,0.5300292969,0.4108886719
21665386.0,2968.0,0.0,-3.04296875,4.421875,-9.21484375,0
21672418.0,7032.0,1.0,0.7211914063,-0.1716308594,0.5331420898,0.4075927734
21675386.0,2968.0,0.0,-4.52734375,5.1796875,-9.65625,0
21682418.0,7032.0,1.0,0.7191162109,-0.1773071289,0.5357666016,0.4053955078
21685386.0,2968.0,0.0,-5.40234375,2.5390625,-6.19921875,0
21692418.0,7032.0,1.0,0.7164916992,-0.1833496094,0.5383300781,0.4039916992
21695386.0,2968.0,0.0,-4.328125,0.85546875,-3.33203125,0
21702418.0,7032.0,1.0,0.7132568359,-0.1891479492,0.5412597656,0.403137207
21705386.0,2968.0,0.0,-3.75390625,-1.65625,-0.94140625,0
21712418.0,7032.0,1.0,0.7095336914,-0.194152832,0.544921875,0.4024047852
21715386.0,2968.0,0.0,-2.44921875,-3.37890625,-0.8984375,0
21722418.0,7032.0,1.0,0.7053222656,-0.1981201172,0.5496826172,0.4014282227
21725386.0,2968.0,0.0,-0.83984375,-3.984375,-0.5,0
21735418.0,10032.0,1.0,0.7009887695,-0.2005615234,0.5554199219,0.3999633789
21738386.0,2968.0,0.0,0.1171875,-4.0703125,-0.93359375,0
21745418.0,7032.0,1.0,0.6962280273,-0.2016601563,0.5626220703,0.3975219727
21748386.0,2968.0,0.0,0.5390625,-1.9921875,-1.765625,0
21752418.0,4032.0,1.0,0.6917724609,-0.2014160156,0.5701904297,0.3945922852
21755386.0,2968.0,0.0,-1.49609375,1.796875,-4.16796875,0
21762418.0,7032.0,1.0,0.6872558594,-0.2001342773,0.5783691406,0.3912963867
21765386.0,2968.0,0.0,-2.65234375,3.4609375,-6.0625,0
21772418.0,7032.0,1.0,0.6827392578,-0.198059082,0.5866088867,0.3879394531
21775386.0,2968.0,0.0,-2.66796875,2.44140625,-5.9296875,0
21782418.0,7032.0,1.0,0.6780395508,-0.1951293945,0.5953369141,0.3844604492
21785386.0,2968.0,0.0,-1.6875,0.70703125,-4.44921875,0
21792418.0,7032.0,1.0,0.6733398438,-0.1913452148,0.6040649414,0.380859375
21795386.0,2968.0,0.0,-2.21484375,-1.5625,-1.89453125,0
21802418.0,7032.0,1.0,0.6680908203,-0.1862792969,0.614074707,0.3766479492
21805386.0,2968.0,0.0,-3.234375,-1.12890625,-2.3203125,0
21812418.0,7032.0,1.0,0.6630249023,-0.1803588867,0.6241455078,0.371887207
21815386.0,2968.0,0.0,-5.1875,-1.046875,-2.15625,0
21822418.0,7032.0,1.0,0.6580810547,-0.1740112305,0.6341552734,0.3667602539
21825386.0,2968.0,0.0,-6.3359375,-0.234375,-2.37109375,0
21837418.0,12032.0,1.0,0.6533203125,-0.1689453125,0.6430053711,0.3620605469
21841386.0,3968.0,0.0,-6.03125,4.78125,-8.16015625,0
21844418.0,3032.0,1.0,0.6481933594,-0.1657104492,0.651184082,0.358215332
21847386.0,2968.0,0.0,-6.0234375,4.7109375,-7.97265625,0
21852418.0,5032.0,1.0,0.6429443359,-0.1647338867,0.6579589844,0.3557128906
21855386.0,2968.0,0.0,-5.72265625,4.328125,-10.796875,0
21862418.0,7032.0,1.0,0.6381225586,-0.1656494141,0.6630859375,0.3545532227
21865386.0,2968.0,0.0,-4.57421875,3.3828125,-11.23046875,0
21872418.0,7032.0,1.0,0.6334838867,-0.1677246094,0.6672363281,0.3540039063
21875386.0,2968.0,0.0,-1.73046875,2.3046875,-7.8125,0
21882418.0,7032.0,1.0,0.6288452148,-0.1704711914,0.671081543,0.3537597656
21886386.0,3968.0,0.0,0.10546875,0.609375,-5.46484375,0
21892418.0,6032.0,1.0,0.6241455078,-0.1734008789,0.674987793,0.3532104492
21895386.0,2968.0,0.0,0.61328125,-0.37890625,-4.765625,0
21902418.0,7032.0,1.0,0.6196289063,-0.1755371094,0.6792602539,0.3519287109
21905386.0,2968.0,0.0,-2.30078125,-0.76953125,-4.59375,0
21912418.0,7032.0,1.0,0.6156005859,-0.1767578125,0.6836547852,0.3499145508
21915386.0,2968.0,0.0,-3.83203125,-0.15625,-5.3515625,0
21922418.0,7032.0,1.0,0.6119995117,-0.1772460938,0.6878662109,0.34765625
21925386.0,2968.0,0.0,-4.8671875,-0.5390625,-5.4921875,0
21932418.0,7032.0,1.0,0.6087036133,-0.1771850586,0.6920776367,0.3452148438
21935386.0,2968.0,0.0,-5.1796875,-0.5859375,-4.49609375,0
21942418.0,7032.0,1.0,0.6054077148,-0.1767578125,0.6962280273,0.3427124023
21945386.0,2968.0,0.0,-4.34375,-0.8671875,-1.3125,0
21952418.0,7032.0,1.0,0.6019287109,-0.1759643555,0.7008056641,0.3399047852
21955386.0,2968.0,0.0,-4.20703125,0.38671875,-1.38671875,0
21962418.0,7032.0,1.0,0.5983886719,-0.174987793,0.7053833008,0.3372192383
21965386.0,2968.0,0.0,-3.40234375,0.87109375,-1.9140625,0
21974418.0,9032.0,1.0,0.5951538086,-0.173828125,0.7095947266,0.334777832
21977386.0,2968.0,0.0,-2.4609375,-0.1875,-1.94921875,0
21985418.0,8032.0,1.0,0.5917358398,-0.1721801758,0.7141723633,0.3319702148
21988386.0,2968.0,0.0,-1.2890625,-1.3515625,-2.59765625,0
21992418.0,4032.0,1.0,0.5881958008,-0.1702880859,0.7188720703,0.3290405273
21995386.0,2968.0,0.0,-1.765625,-1.29296875,-2.28125,0
22002418.0,7032.0,1.0,0.5846557617,-0.1684570313,0.723449707,0.3262329102
22005386.0,2968.0,0.0,-2.0859375,-0.703125,-2.35546875,0
22012418.0,7032.0,1.0,0.5811157227,-0.1667480469,0.7279052734,0.3234863281
22015386.0,2968.0,0.0,-1.640625,-0.14453125,-1.84765625,0
22022418.0,7032.0,1.0,0.5775756836,-0.165222168,0.7322387695,0.3208618164
22025386.0,2968.0,0.0,-0.66796875,0.9140625,-2.19140625,0
22032418.0,7032.0,1.0,0.57421875,-0.1640625,0.7361450195,0.3186035156
22035386.0,2968.0,0.0,-0.1953125,0.4765625,-2.58984375,0
22042418.0,7032.0,1.0,0.5708007813,-0.1631469727,0.7398071289,0.3167114258
22045386.0,2968.0,0.0,0.05859375,0.15625,-2.01953125,0
22052418.0,7032.0,1.0,0.5672607422,-0.1625976563,0.7432861328,0.3150634766
22055386.0,2968.0,0.0,0.1484375,0.1484375,-1.07421875,0
22062418.0,7032.0,1.0,0.5634765625,-0.1622924805,0.7468261719,0.3135986328
22065386.0,2968.0,0.0,-0.48046875,0.58984375,0.796875,0
22072418.0,7032.0,1.0,0.5596923828,-0.1620483398,0.7503662109,0.3120727539
22075386.0,2968.0,0.0,-0.359375,1.11328125,0.90625,0
22082418.0,7032.0,1.0,0.5560302734,-0.1618652344,0.7538452148,0.3103637695
22085386.0,2968.0,0.0,-0.06640625,1.265625,0.6640625,0
22092418.0,7032.0,1.0,0.5524902344,-0.1617431641,0.7572631836,0.3084716797
22095386.0,2968.0,0.0,1.2421875,1.78515625,-1.83984375,0
22102418.0,7032.0,1.0,0.5491943359,-0.1616821289,0.7604980469,0.3063354492
22105386.0,2968.0,0.0,2.03125,2.13671875,-2.50390625,0
22112418.0,7032.0,1.0,0.5460205078,-0.1619262695,0.763671875,0.3040161133
22115386.0,2968.0,0.0,2.24609375,3.21875,-2.640625,0
22123418.0,8032.0,1.0,0.5428466797,-0.1628417969,0.7665405273,0.3020629883
22126386.0,2968.0,0.0,1.53125,3.65625,-2.6171875,0
22132418.0,6032.0,1.0,0.5396118164,-0.1646728516,0.7689208984,0.30078125
22135386.0,2968.0,0.0,0.3203125,2.7421875,0.03515625,0
22142418.0,7032.0,1.0,0.5358886719,-0.1674804688,0.7710571289,0.3003540039
22145386.0,2968.0,0.0,-0.8828125,1.49609375,1.38671875,0
22155418.0,10032.0,1.0,0.5321044922,-0.1707763672,0.7728881836,0.3005981445
22158386.0,2968.0,0.0,-2.12109375,1.6875,1.76953125,0
22165418.0,7032.0,1.0,0.5280761719,-0.1742553711,0.774597168,0.3011474609
22168386.0,2968.0,0.0,-2.19140625,1.50390625,1.46484375,0
22172418.0,4032.0,1.0,0.524230957,-0.1774291992,0.7763671875,0.301574707
22175386.0,2968.0,0.0,-0.20703125,0.390625,-0.640625,0
22182418.0,7032.0,1.0,0.5205078125,-0.1802368164,0.7781982422,0.3016357422
22185386.0,2968.0,0.0,1.30078125,0.58203125,-1.01953125,0
22192418.0,7032.0,1.0,0.5169067383,-0.1827392578,0.7800292969,0.3016357422
22195386.0,2968.0,0.0,2.07421875,0.62109375,-1.6328125,0
22202418.0,7032.0,1.0,0.5131225586,-0.1852416992,0.7819213867,0.3016967773
22205386.0,2968.0,0.0,2.625,0.0859375,0.8515625,0
22212418.0,7032.0,1.0,0.5087280273,-0.1879272461,0.783996582,0.3020019531
22215386.0,2968.0,0.0,1.66796875,0.4296875,3.55078125,0
22222418.0,7032.0,1.0,0.5040893555,-0.1906738281,0.7860717773,0.3026733398
22225386.0,2968.0,0.0,0.76171875,0.828125,3.3671875,0
22232418.0,7032.0,1.0,0.4990844727,-0.1932983398,0.7882080078,0.3037719727
22235386.0,2968.0,0.0,0.37890625,-0.07421875,2.6796875,0
22243418.0,8032.0,1.0,0.4939575195,-0.1955566406,0.7903442383,0.3051757813
22246386.0,2968.0,0.0,0.5625,-1.02734375,2.3828125,0
22252418.0,6032.0,1.0,0.4887084961,-0.197265625,0.7926025391,0.3065795898
22255386.0,2968.0,0.0,0.484375,-1.79296875,0.546875,0
22262418.0,7032.0,1.0,0.4832763672,-0.1984863281,0.7951049805,0.3080444336
22265386.0,2968.0,0.0,0.046875,-2.0703125,-0.39453125,0
22272418.0,7032.0,1.0,0.477722168,-0.19921875,0.7976074219,0.3096923828
22275386.0,2968.0,0.0,-0.73828125,-1.85546875,-1.3125,0
22282418.0,7032.0,1.0,0.4719238281,-0.1996459961,0.8001098633,0.3118286133
22285386.0,2968.0,0.0,-4.46875,-1.3828125,1.4921875,0
22292418.0,7032.0,1.0,0.4656982422,-0.1998291016,0.8025512695,0.3147583008
22295386.0,2968.0,0.0,-6.67578125,-2.2734375,4.62890625,0
22302418.0,7032.0,1.0,0.458984375,-0.1995239258,0.8051757813,0.3180541992
22306386.0,3968.0,0.0,-8.76953125,-3.44140625,5.625,0
22312418.0,6032.0,1.0,0.4519042969,-0.198059082,0.8082885742,0.3212890625
22315386.0,2968.0,0.0,-10.6171875,-3.625,5.44140625,0
22322418.0,7032.0,1.0,0.4450683594,-0.1947021484,0.8120117188,0.3235473633
22325386.0,2968.0,0.0,-11.8515625,-4.73046875,3.5,0
22337418.0,12032.0,1.0,0.4389038086,-0.1889648438,0.8165893555,0.3237915039
22341386.0,3968.0,0.0,-11.25,-2.91796875,1.41796875,0
22344418.0,3032.0,1.0,0.4329833984,-0.1804199219,0.8225708008,0.3215332031
22347386.0,2968.0,0.0,-11.3515625,-3.00390625,1.54296875,0
22352418.0,5032.0,1.0,0.4272460938,-0.1694946289,0.8295898438,0.3170776367
22355386.0,2968.0,0.0,-11.95703125,-1.04296875,1.65234375,0
22362418.0,7032.0,1.0,0.421875,-0.1580810547,0.8364868164,0.3119506836
22365386.0,2968.0,0.0,-15.8203125,1.65234375,2.10546875,0
22372418.0,7032.0,1.0,0.4161987305,-0.1453857422,0.8435058594,0.3067626953
22375386.0,2968.0,0.0,-18.765625,3.19140625,1.71875,0
22382418.0,7032.0,1.0,0.4107666016,-0.1329956055,0.8494262695,0.3033447266
22385386.0,2968.0,0.0,-21.640625,6.4296875,0.578125,0
22392418.0,7032.0,1.0,0.4052124023,-0.1206665039,0.8543701172,0.3021850586
22395386.0,2968.0,0.0,-22.8984375,7.96875,-1.39453125,0
22402418.0,7032.0,1.0,0.3995361328,-0.1083984375,0.8580322266,0.3040161133
22405386.0,2968.0,0.0,-21.0625,16.4609375,-6.734375,0
22417418.0,12032.0,1.0,0.3941650391,-0.0975341797,0.8598022461,0.3095703125
22421386.0,3968.0,0.0,-14.4765625,20.51171875,-7.20703125,0
22424418.0,3032.0,1.0,0.3883666992,-0.0863037109,0.8597412109,0.3203125
22427386.0,2968.0,0.0,-8.38671875,20.4296875,-5.63671875,0
22432418.0,5032.0,1.0,0.3824462891,-0.0756835938,0.8572387695,0.3363037109
22435386.0,2968.0,0.0,-8.52734375,20.0859375,-5.74609375,0
22442418.0,7032.0,1.0,0.3766479492,-0.065612793,0.8532104492,0.3547973633
22445386.0,2968.0,0.0,0.73828125,7.44140625,3.85546875,0
22452418.0,7032.0,1.0,0.3709716797,-0.0540771484,0.8496704102,0.3709106445
22455386.0,2968.0,0.0,1.49609375,-1.625,9.72265625,0
22463418.0,8032.0,1.0,0.3664550781,-0.0388183594,0.8480834961,0.3807373047
22466386.0,2968.0,0.0,2.5859375,-12.12890625,2.10546875,0
22472418.0,6032.0,1.0,0.3651123047,-0.0232543945,0.8438720703,0.3923950195
22475386.0,2968.0,0.0,15.30859375,21.4453125,-23.71875,0
22482418.0,7032.0,1.0,0.3676757813,-0.0135498047,0.8312988281,0.4166870117
22485386.0,2968.0,0.0,16.203125,22.7109375,-14.8203125,0
22495418.0,10032.0,1.0,0.3736572266,-0.0136108398,0.8079223633,0.4554443359
22498386.0,2968.0,0.0,18.45703125,32.4921875,-20.765625,0
22505418.0,7032.0,1.0,0.3851318359,-0.0198364258,0.7753295898,0.5001220703
22508386.0,2968.0,0.0,20.84765625,-3.19140625,-17.4375,0
22513418.0,5032.0,1.0,0.4020385742,-0.0258178711,0.7422485352,0.5354614258
22516386.0,2968.0,0.0,14.640625,-24.89453125,-0.40234375,0
22522418.0,6032.0,1.0,0.4232788086,-0.0307617187,0.7111206055,0.560546875
22525386.0,2968.0,0.0,10.31640625,-22.37890625,-3.125,0
22535418.0,10032.0,1.0,0.4447631836,-0.0372924805,0.6826782227,0.5786132813
22538386.0,2968.0,0.0,10.38671875,-18.0859375,1.05078125,0
22545418.0,7032.0,1.0,0.4686279297,-0.0480957031,0.651184082,0.5950317383
22548386.0,2968.0,0.0,8.4140625,-20.6328125,1.734375,0
22553418.0,5032.0,1.0,0.4926147461,-0.0598144531,0.6223754883,0.6053466797
22556386.0,2968.0,0.0,9.20703125,-33.4296875,4.9375,0
22562418.0,6032.0,1.0,0.5178222656,-0.0705566406,0.5974121094,0.6082763672
22565386.0,2968.0,0.0,10.89453125,-28.81640625,8.16015625,0
22575418.0,10032.0,1.0,0.5405883789,-0.0786743164,0.5792236328,0.6050415039
22578386.0,2968.0,0.0,10.484375,-24.0078125,9.37109375,0
22585418.0,7032.0,1.0,0.5625610352,-0.0859985352,0.5645141602,0.5978393555
22588386.0,2968.0,0.0,7.31640625,-18.0390625,9.703125,0
22593418.0,5032.0,1.0,0.5833740234,-0.0932617188,0.5520629883,0.5883789063
22596386.0,2968.0,0.0,4.9140625,-11.16015625,6.89453125,0
22602418.0,6032.0,1.0,0.6030883789,-0.1006469727,0.5414428711,0.5770874023
22605386.0,2968.0,0.0,4.94921875,-10.40234375,5.1171875,0
22612418.0,7032.0,1.0,0.6206665039,-0.1069946289,0.5333251953,0.5646362305
22615386.0,2968.0,0.0,5.6875,-9.75,3.0078125,0
22623418.0,8032.0,1.0,0.6371459961,-0.1119384766,0.52734375,0.5508422852
22626386.0,2968.0,0.0,7.10546875,-7.64453125,0.41796875,0
22638418.0,12032.0,1.0,0.6514282227,-0.1157836914,0.5230102539,0.5372924805
22643386.0,4968.0,0.0,9.27734375,-0.24609375,-2.15234375,0
22646418.0,3032.0,1.0,0.6652832031,-0.1200561523,0.518737793,0.5233764648
22649386.0,2968.0,0.0,9.75390625,-1.0390625,-1.609375,0
22653418.0,4032.0,1.0,0.6785888672,-0.1255493164,0.5140991211,0.5093383789
22656386.0,2968.0,0.0,9.83984375,-0.7421875,-1.6875,0
22663418.0,7032.0,1.0,0.6892089844,-0.1307983398,0.5101928711,0.4975585938
22666386.0,2968.0,0.0,9.79296875,-4.23828125,-0.5546875,0
22672418.0,6032.0,1.0,0.6989746094,-0.1358032227,0.507019043,0.4856567383
22675386.0,2968.0,0.0,9.08203125,-4.53125,-0.32421875,0
22683418.0,8032.0,1.0,0.7078857422,-0.1401367188,0.5048828125,0.4736938477
22686386.0,2968.0,0.0,8.1875,-4.23046875,-0.30859375,0
22693418.0,7032.0,1.0,0.7153930664,-0.1444091797,0.5034179688,0.4625244141
22696386.0,2968.0,0.0,7.58984375,-2.9453125,-0.4609375,0
22702418.0,6032.0,1.0,0.7214355469,-0.1489257813,0.5026245117,0.4524536133
22705386.0,2968.0,0.0,7.09375,-4.59765625,-0.1171875,0
22717418.0,12032.0,1.0,0.7261962891,-0.1531982422,0.502746582,0.4432373047
22720386.0,2968.0,0.0,6.7578125,-4.2421875,-0.9296875,0
22724418.0,4032.0,1.0,0.7299804688,-0.1569213867,0.50390625,0.4342651367
22727386.0,2968.0,0.0,5.65625,-2.71484375,-2.0,0
22733418.0,6032.0,1.0,0.7329101563,-0.1604614258,0.5061035156,0.4253540039
22736386.0,2968.0,0.0,4.24609375,-1.5078125,-3.625,0
22742418.0,6032.0,1.0,0.7345581055,-0.1636962891,0.5087890625,0.4180297852
22745386.0,2968.0,0.0,1.19140625,0.625,-5.8515625,0
22752418.0,7032.0,1.0,0.7354125977,-0.1672973633,0.5120239258,0.4111328125
22755386.0,2968.0,0.0,-0.296875,1.72265625,-5.98828125,0
22763418.0,8032.0,1.0,0.7353515625,-0.171081543,0.5151367188,0.4057617188
22766386.0,2968.0,0.0,-1.63671875,1.65234375,-7.28125,0
22773418.0,7032.0,1.0,0.7344970703,-0.1752319336,0.5181274414,0.4017333984
22776386.0,2968.0,0.0,-2.77734375,0.3515625,-7.43359375,0
22783418.0,7032.0,1.0,0.7329101563,-0.1797485352,0.5212402344,0.3985595703
22786386.0,2968.0,0.0,-3.1953125,-0.12109375,-3.26953125,0
22792418.0,6032.0,1.0,0.7307739258,-0.1840209961,0.5245361328,0.3962402344
22795386.0,2968.0,0.0,-2.54296875,-1.12890625,-2.640625,0
22803418.0,8032.0,1.0,0.7279052734,-0.1881103516,0.5284423828,0.3942871094
22806386.0,2968.0,0.0,-2.27734375,-1.55078125,-2.4921875,0
22813418.0,7032.0,1.0,0.7247314453,-0.1914672852,0.5329589844,0.3925170898
22816386.0,2968.0,0.0,-3.453125,-1.87109375,-2.59765625,0
22823418.0,7032.0,1.0,0.7211914063,-0.1939086914,0.538269043,0.3905639648
22826386.0,2968.0,0.0,-4.34375,-1.6796875,-2.39453125,0
22832418.0,6032.0,1.0,0.7174072266,-0.1954345703,0.5443725586,0.3883056641
22835386.0,2968.0,0.0,-3.421875,-1.84375,-1.87109375,0
22843418.0,8032.0,1.0,0.7135009766,-0.1961669922,0.5511474609,0.3856201172
22846386.0,2968.0,0.0,-2.1953125,-0.984375,-2.0,0
22852418.0,6032.0,1.0,0.7094726563,-0.1963500977,0.5582275391,0.3827514648
22855386.0,2968.0,0.0,-1.54296875,0.2421875,-2.41015625,0
22865418.0,10032.0,1.0,0.7052001953,-0.1961669922,0.5657348633,0.3797607422
22868386.0,2968.0,0.0,-2.46484375,1.58203125,-4.9375,0
22872418.0,4032.0,1.0,0.7006835938,-0.1955566406,0.573425293,0.3767700195
22875386.0,2968.0,0.0,-2.546875,1.65625,-4.3828125,0
22883418.0,8032.0,1.0,0.6960449219,-0.1940917969,0.5816040039,0.3736572266
22886386.0,2968.0,0.0,-2.546875,0.26171875,-4.37109375,0
22892418.0,6032.0,1.0,0.6914672852,-0.1910400391,0.5902709961,0.3701171875
22895386.0,2968.0,0.0,-2.68359375,0.3671875,-3.125,0
22903418.0,8032.0,1.0,0.6866455078,-0.1862792969,0.5999755859,0.3658447266
22906386.0,2968.0,0.0,-1.75,-0.37890625,-3.3984375,0
22913418.0,7032.0,1.0,0.6818237305,-0.1809692383,0.6098022461,0.3611450195
22916386.0,2968.0,0.0,-2.57421875,0.859375,-2.3984375,0
22923418.0,7032.0,1.0,0.6768798828,-0.1763916016,0.6192016602,0.3568115234
22926386.0,2968.0,0.0,-3.671875,3.3046875,-3.4765625,0
22932418.0,6032.0,1.0,0.6718139648,-0.1740722656,0.626953125,0.3540039063
22935386.0,2968.0,0.0,-5.30859375,5.80078125,-7.4765625,0
22942418.0,7032.0,1.0,0.6662597656,-0.1742553711,0.6333618164,0.3529052734
22945386.0,2968.0,0.0,-4.796875,4.265625,-9.3046875,0
22953418.0,8032.0,1.0,0.6607666016,-0.1758422852,0.6387939453,0.352722168
22956386.0,2968.0,0.0,-3.06640625,-0.1796875,-9.6640625,0
22963418.0,7032.0,1.0,0.655456543,-0.1771240234,0.6441040039,0.3522338867
22966386.0,2968.0,0.0,-2.7578125,-2.15625,-8.25,0
22973418.0,7032.0,1.0,0.6502685547,-0.1779174805,0.6496582031,0.3513183594
22976386.0,2968.0,0.0,-5.43359375,-0.30859375,-4.42578125,0
22983418.0,7032.0,1.0,0.6455078125,-0.1779785156,0.6549682617,0.3501586914
22987386.0,3968.0,0.0,-5.9296875,-2.79296875,-3.94140625,0
22996418.0,9032.0,1.0,0.6412963867,-0.1771240234,0.6603393555,0.3482666016
22999386.0,2968.0,0.0,-6.92578125,-2.41796875,-3.73046875,0
23006418.0,7032.0,1.0,0.6370239258,-0.1748657227,0.6666259766,0.3452758789
23010386.0,3968.0,0.0,-4.48046875,-1.8828125,-5.84375,0
23014418.0,4032.0,1.0,0.6333007813,-0.1724243164,0.6723632813,0.3421630859
23017386.0,2968.0,0.0,-3.75390625,-0.34375,-4.75,0
23023418.0,6032.0,1.0,0.6295776367,-0.1702880859,0.6778564453,0.3392944336
23026386.0,2968.0,0.0,-4.14453125,0.31640625,-2.703125,0
23033418.0,7032.0,1.0,0.6256713867,-0.1685791016,0.6831665039,0.3367919922
23036386.0,2968.0,0.0,-4.3828125,0.19921875,-1.53515625,0
23043418.0,7032.0,1.0,0.6217041016,-0.1672363281,0.6881713867,0.3345947266
23046386.0,2968.0,0.0,-3.625,-0.63671875,-0.796875,0
23053418.0,7032.0,1.0,0.6177368164,-0.1657104492,0.6931152344,0.3323974609
23056386.0,2968.0,0.0,-2.484375,-1.703125,-1.9765625,0
23063418.0,7032.0,1.0,0.6140136719,-0.1637573242,0.698059082,0.3299560547
23066386.0,2968.0,0.0,-1.41796875,-1.2265625,-3.98828125,0
23073418.0,7032.0,1.0,0.6104736328,-0.1613769531,0.7030029297,0.3271484375
23076386.0,2968.0,0.0,-1.3203125,0.41796875,-5.86328125,0
23083418.0,7032.0,1.0,0.6073608398,-0.1589355469,0.7076416016,0.32421875
23086386.0,2968.0,0.0,-0.33984375,1.046875,-4.05859375,0
23093418.0,7032.0,1.0,0.6041259766,-0.1563720703,0.7123413086,0.321105957
23096386.0,2968.0,0.0,0.03515625,1.29296875,-1.72265625,0
23103418.0,7032.0,1.0,0.6008300781,-0.1544189453,0.7168579102,0.3181152344
23106386.0,2968.0,0.0,-0.5625,2.00390625,-0.75390625,0
23113418.0,7032.0,1.0,0.5974731445,-0.1530761719,0.7210693359,0.315612793
23116386.0,2968.0,0.0,-1.60546875,1.71875,-0.60546875,0
23122418.0,6032.0,1.0,0.5943603516,-0.1525878906,0.724609375,0.3137207031
23125386.0,2968.0,0.0,-2.53125,1.18359375,-1.8828125,0
23137418.0,12032.0,1.0,0.5911865234,-0.1527099609,0.7278442383,0.3121337891
23140386.0,2968.0,0.0,-2.01171875,1.4453125,-2.48046875,0
23145418.0,5032.0,1.0,0.5880126953,-0.1534423828,0.7307739258,0.3108520508
23148386.0,2968.0,0.0,-1.48828125,1.375,-2.5390625,0
23152418.0,4032.0,1.0,0.5850830078,-0.1546630859,0.7332763672,0.3099975586
23155386.0,2968.0,0.0,0.00390625,1.25390625,-1.92578125,0
23163418.0,8032.0,1.0,0.5819702148,-0.1560668945,0.7357788086,0.3090820313
23166386.0,2968.0,0.0,1.484375,2.33203125,0.8515625,0
23173418.0,7032.0,1.0,0.5786132813,-0.1575317383,0.7385253906,0.3080444336
23176386.0,2968.0,0.0,1.3125,1.875,2.46875,0
23183418.0,7032.0,1.0,0.5753173828,-0.1588745117,0.7413330078,0.3068847656
23186386.0,2968.0,0.0,0.30859375,1.26953125,2.71484375,0
23193418.0,7032.0,1.0,0.5720825195,-0.1599121094,0.744140625,0.3055419922
23196386.0,2968.0,0.0,-0.9609375,0.85546875,1.5390625,0
23203418.0,7032.0,1.0,0.5688476563,-0.1608276367,0.7470703125,0.3040771484
23206386.0,2968.0,0.0,-1.75,0.203125,-2.46875,0
23213418.0,7032.0,1.0,0.5656738281,-0.1617431641,0.7498168945,0.3026123047
23216386.0,2968.0,0.0,-0.9921875,1.0546875,-3.953125,0
23223418.0,7032.0,1.0,0.5626831055,-0.1628417969,0.7523803711,0.3013305664
23226386.0,2968.0,0.0,0.40234375,1.1015625,-3.28515625,0
23233418.0,7032.0,1.0,0.5596923828,-0.1643676758,0.754699707,0.3002929688
23236386.0,2968.0,0.0,2.76953125,1.94921875,0.04296875,0
23243418.0,7032.0,1.0,0.5565185547,-0.1664428711,0.7568359375,0.299621582
23246386.0,2968.0,0.0,2.21484375,1.765625,1.46875,0
23253418.0,7032.0,1.0,0.5531005859,-0.1690673828,0.7588500977,0.2993164063
23256386.0,2968.0,0.0,1.328125,1.015625,1.89453125,0
23263418.0,7032.0,1.0,0.5495605469,-0.1720581055,0.7608032227,0.2993164063
23266386.0,2968.0,0.0,0.1171875,0.87109375,2.0078125,0
23273418.0,7032.0,1.0,0.5459594727,-0.1751098633,0.7625732422,0.299621582
23276386.0,2968.0,0.0,-0.24609375,-0.01171875,1.046875,0
23283418.0,7032.0,1.0,0.5422363281,-0.1783447266,0.7642822266,0.3000488281
23286386.0,2968.0,0.0,0.8828125,-0.078125,-0.66796875,0
23293418.0,7032.0,1.0,0.5385131836,-0.1815185547,0.7658691406,0.30078125
23296386.0,2968.0,0.0,1.48046875,0.9921875,-1.1796875,0
23303418.0,7032.0,1.0,0.5346069336,-0.1849975586,0.7673339844,0.301940918
23306386.0,2968.0,0.0,0.88671875,1.25390625,0.078125,0
23312418.0,6032.0,1.0,0.5305175781,-0.1884155273,0.7687988281,0.3033447266
23315386.0,2968.0,0.0,1.25,1.66796875,1.48828125,0
23323418.0,8032.0,1.0,0.5258178711,-0.1921386719,0.770324707,0.3053588867
23326386.0,2968.0,0.0,0.6796875,1.18359375,3.2109375,0
23333418.0,7032.0,1.0,0.5208129883,-0.1956787109,0.7719116211,0.3076171875
23336386.0,2968.0,0.0,-0.18359375,0.01171875,4.125,0
23343418.0,7032.0,1.0,0.5156860352,-0.1986083984,0.7736816406,0.3098754883
23346386.0,2968.0,0.0,-1.03515625,-1.4453125,3.828125,0
23358418.0,12032.0,1.0,0.5106201172,-0.2006835938,0.7756958008,0.3118286133
23362386.0,3968.0,0.0,-2.71484375,-3.3203125,1.41015625,0
23365418.0,3032.0,1.0,0.5051269531,-0.2020874023,0.7782592773,0.313659668
23368386.0,2968.0,0.0,-2.76171875,-3.3671875,1.49609375,0
23373418.0,5032.0,1.0,0.499206543,-0.2027587891,0.7811279297,0.3154296875
23376386.0,2968.0,0.0,-4.38671875,-2.7421875,0.1328125,0
23383418.0,7032.0,1.0,0.4936523438,-0.2026977539,0.7840576172,0.3170776367
23386386.0,2968.0,0.0,-6.12109375,-2.4609375,0.79296875,0
23393418.0,7032.0,1.0,0.4876708984,-0.201965332,0.7872314453,0.3189086914
23396386.0,2968.0,0.0,-9.8125,-2.73046875,1.84375,0
23403418.0,7032.0,1.0,0.4814453125,-0.2003173828,0.7906494141,0.3208618164
23407386.0,3968.0,0.0,-10.91015625,-2.77734375,1.85546875,0
23413418.0,6032.0,1.0,0.4750976563,-0.1975708008,0.7943725586,0.3228149414
23416386.0,2968.0,0.0,-11.6328125,-3.0703125,2.4765625,0
23423418.0,7032.0,1.0,0.4686889648,-0.1934814453,0.7985839844,0.3243408203
23426386.0,2968.0,0.0,-11.94140625,-2.6796875,4.80078125,0
23433418.0,7032.0,1.0,0.4621582031,-0.1877441406,0.8034057617,0.3251342773
23436386.0,2968.0,0.0,-10.9453125,-3.7109375,5.66796875,0
23443418.0,7032.0,1.0,0.4556884766,-0.1803588867,0.8088989258,0.3248291016
23446386.0,2968.0,0.0,-10.47265625,-3.8203125,5.78515625,0
23453418.0,7032.0,1.0,0.4490966797,-0.1711425781,0.8151855469,0.3232421875
23456386.0,2968.0,0.0,-11.6015625,-3.015625,4.80078125,0
23463418.0,7032.0,1.0,0.4428100586,-0.1606445313,0.8216552734,0.3208618164
23466386.0,2968.0,0.0,-14.23828125,-0.71484375,1.1484375,0
23478418.0,12032.0,1.0,0.436706543,-0.1491088867,0.8280639648,0.318359375
23482386.0,3968.0,0.0,-17.796875,4.47265625,-0.94921875,0
23485418.0,3032.0,1.0,0.4306030273,-0.1364135742,0.8341674805,0.3164672852
23488386.0,2968.0,0.0,-17.63671875,8.17578125,-1.515625,0
23493418.0,5032.0,1.0,0.4242553711,-0.123046875,0.8394165039,0.3165893555
23496386.0,2968.0,0.0,-17.76171875,8.01953125,-1.421875,0
23503418.0,7032.0,1.0,0.4183349609,-0.1110229492,0.8430175781,0.3194580078
23506386.0,2968.0,0.0,-14.1640625,12.58203125,-4.3828125,0
23513418.0,7032.0,1.0,0.4114990234,-0.0981445313,0.8453979492,0.3260498047
23516386.0,2968.0,0.0,-11.73828125,13.4921875,-3.82421875,0
23523418.0,7032.0,1.0,0.4047241211,-0.0858154297,0.8460693359,0.3361206055
23526386.0,2968.0,0.0,-6.90625,14.2890625,-1.50390625,0
23533418.0,7032.0,1.0,0.3980102539,-0.0735473633,0.8450927734,0.3492431641
23536386.0,2968.0,0.0,-1.015625,14.0078125,0.5703125,0
23543418.0,7032.0,1.0,0.3912963867,-0.0596923828,0.8436889648,0.3626098633
23546386.0,2968.0,0.0,5.0546875,2.484375,8.921875,0
23558418.0,12032.0,1.0,0.3856811523,-0.0432128906,0.8446655273,0.3686523438
23562386.0,3968.0,0.0,2.109375,44.7734375,5.96484375,0
23565418.0,3032.0,1.0,0.3815307617,-0.0255126953,0.8430786133,0.3781738281
23568386.0,2968.0,0.0,10.578125,28.04296875,-1.921875,0
23573418.0,5032.0,1.0,0.3807373047,-0.0115966797,0.8336791992,0.3998413086
23576386.0,2968.0,0.0,10.4140625,27.64453125,-2.2421875,0
23583418.0,7032.0,1.0,0.3838500977,-0.0061035156,0.8148803711,0.4342651367
23586386.0,2968.0,0.0,16.8125,38.53125,-20.734375,0
23593418.0,7032.0,1.0,0.3922729492,-0.0088500977,0.7848510742,0.479675293
23596386.0,2968.0,0.0,20.28125,1.76953125,-21.1875,0
23603418.0,7032.0,1.0,0.4059448242,-0.0123291016,0.752746582,0.5181274414
23606386.0,2968.0,0.0,24.4921875,-25.6875,-17.12109375,0
23615418.0,9032.0,1.0,0.422668457,-0.0142822266,0.7247314453,0.5439453125
23618386.0,2968.0,0.0,14.19921875,-19.828125,-1.5625,0
23625418.0,7032.0,1.0,0.4429321289,-0.0177612305,0.6959228516,0.5650024414
23628386.0,2968.0,0.0,7.07421875,-17.21484375,4.53515625,0
23633418.0,5032.0,1.0,0.4654541016,-0.0252075195,0.664855957,0.5836791992
23636386.0,2968.0,0.0,4.125,-19.43359375,5.82421875,0
23643418.0,7032.0,1.0,0.4877319336,-0.0341796875,0.6365356445,0.5964355469
23646386.0,2968.0,0.0,2.98828125,-30.515625,5.91796875,0
23653418.0,7032.0,1.0,0.5098266602,-0.0423583984,0.61328125,0.6018066406
23656386.0,2968.0,0.0,6.46875,-27.421875,11.03125,0
23663418.0,7032.0,1.0,0.5316772461,-0.0490722656,0.5949707031,0.600769043
23666386.0,2968.0,0.0,8.5234375,-23.890625,11.14453125,0
23676418.0,10032.0,1.0,0.5512084961,-0.0539550781,0.5822753906,0.5951538086
23679386.0,2968.0,0.0,6.6640625,-19.73046875,10.16796875,0
23686418.0,7032.0,1.0,0.5711669922,-0.0581665039,0.572265625,0.5855712891
23689386.0,2968.0,0.0,4.37109375,-14.5390625,8.453125,0
23694418.0,5032.0,1.0,0.5885620117,-0.0615844727,0.5653686523,0.5745849609
23697386.0,2968.0,0.0,3.046875,-6.765625,1.83203125,0
23703418.0,6032.0,1.0,0.6048583984,-0.0650634766,0.5598144531,0.5626220703
23706386.0,2968.0,0.0,4.25390625,-5.28125,-0.66796875,0
23713418.0,7032.0,1.0,0.6193847656,-0.0685424805,0.5552368164,0.5508422852
23716386.0,2968.0,0.0,5.7109375,-4.08203125,-2.79296875,0
23723418.0,7032.0,1.0,0.6329345703,-0.0721435547,0.5510864258,0.5390014648
23726386.0,2968.0,0.0,6.81640625,-1.58984375,-3.59765625,0
23738418.0,12032.0,1.0,0.6444702148,-0.0762329102,0.5471191406,0.5286254883
23742386.0,3968.0,0.0,9.36328125,-2.09765625,-3.72265625,0
23745418.0,3032.0,1.0,0.6556396484,-0.0814208984,0.5427856445,0.5185546875
23748386.0,2968.0,0.0,9.45703125,-1.85546875,-3.79296875,0
23753418.0,5032.0,1.0,0.6660766602,-0.0869140625,0.5387573242,0.5084228516
23756386.0,2968.0,0.0,10.4609375,-3.34375,-2.94140625,0
23763418.0,7032.0,1.0,0.6751708984,-0.0916137695,0.5358886719,0.4985961914
23766386.0,2968.0,0.0,11.2265625,-3.9765625,-1.6875,0
23773418.0,7032.0,1.0,0.6834716797,-0.0953979492,0.5341796875,0.48828125
23776386.0,2968.0,0.0,10.37109375,-6.5390625,0.93359375,0
23783418.0,7032.0,1.0,0.6910400391,-0.0980224609,0.5338745117,0.477355957
23786386.0,2968.0,0.0,9.0234375,-5.5,1.0859375,0
23793418.0,7032.0,1.0,0.6973876953,-0.1002197266,0.5344848633,0.4668579102
23796386.0,2968.0,0.0,7.31640625,-3.8203125,0.91015625,0
23803418.0,7032.0,1.0,0.7025756836,-0.1033935547,0.5354003906,0.4572143555
23806386.0,2968.0,0.0,5.42578125,-2.1015625,0.05859375,0
23818418.0,12032.0,1.0,0.7061157227,-0.1076660156,0.536315918,0.4495849609
23822386.0,3968.0,0.0,4.75390625,-3.76171875,-0.25390625,0
23825418.0,3032.0,1.0,0.7087402344,-0.1124267578,0.537902832,0.4423217773
23828386.0,2968.0,0.0,4.82421875,-3.62890625,-0.19921875,0
23833418.0,5032.0,1.0,0.7104492188,-0.1169433594,0.5404663086,0.4352416992
23836386.0,2968.0,0.0,3.61328125,-2.32421875,-1.46875,0
23843418.0,7032.0,1.0,0.7111816406,-0.12109375,0.5435180664,0.4291381836
23846386.0,2968.0,0.0,0.91015625,1.609375,-4.609375,0
23853418.0,7032.0,1.0,0.7111816406,-0.1254882813,0.5467529297,0.4237060547
23856386.0,2968.0,0.0,-0.7890625,2.69921875,-5.21484375,0
23863418.0,7032.0,1.0,0.7106933594,-0.1298828125,0.5499267578,0.4190673828
23867386.0,3968.0,0.0,-2.65625,3.1953125,-5.73828125,0
23873418.0,6032.0,1.0,0.709777832,-0.1343383789,0.5529785156,0.415222168
23876386.0,2968.0,0.0,-4.34375,3.55078125,-6.0,0
23883418.0,7032.0,1.0,0.7084960938,-0.1388549805,0.5557861328,0.4121704102
23886386.0,2968.0,0.0,-7.16796875,1.4375,-4.1875,0
23893418.0,7032.0,1.0,0.7067871094,-0.143737793,0.5588378906,0.4093017578
23896386.0,2968.0,0.0,-7.19921875,0.89453125,-4.140625,0
23903418.0,7032.0,1.0,0.7047729492,-0.1483154297,0.5618896484,0.4069213867
23906386.0,2968.0,0.0,-5.89453125,0.8359375,-3.47265625,0
23913418.0,7032.0,1.0,0.7025146484,-0.1527099609,0.5650634766,0.4047241211
23916386.0,2968.0,0.0,-4.171875,0.19140625,-2.7265625,0
23923418.0,7032.0,1.0,0.6998291016,-0.157043457,0.5687255859,0.4027099609
23926386.0,2968.0,0.0,-0.0703125,-3.35546875,-2.12109375,0
23933418.0,7032.0,1.0,0.6967163086,-0.1610107422,0.5727539063,0.4007568359
23936386.0,2968.0,0.0,1.421875,-2.13671875,-1.4375,0
23943418.0,7032.0,1.0,0.6932373047,-0.1649169922,0.5772094727,0.3988647461
23946386.0,2968.0,0.0,1.76953125,-1.84375,-2.921875,0
23955418.0,9032.0,1.0,0.6895751953,-0.1685791016,0.5816650391,0.3970947266
23958386.0,2968.0,0.0,0.8046875,-0.89453125,-3.33984375,0
23966418.0,8032.0,1.0,0.6856689453,-0.1720581055,0.5866088867,0.3951416016
23969386.0,2968.0,0.0,-3.63671875,1.0,-4.77734375,0
23973418.0,4032.0,1.0,0.6817016602,-0.1748046875,0.591796875,0.3931274414
23976386.0,2968.0,0.0,-5.37109375,1.46875,-4.03125,0
23983418.0,7032.0,1.0,0.6776123047,-0.1765136719,0.5974731445,0.3908081055
23986386.0,2968.0,0.0,-5.15625,0.30859375,-3.4609375,0
23993418.0,7032.0,1.0,0.6735839844,-0.1768798828,0.6035766602,0.3882446289
23996386.0,2968.0,0.0,-3.40625,-1.58984375,-2.48828125,0
24003418.0,7032.0,1.0,0.6693115234,-0.17578125,0.610534668,0.3851928711
24006386.0,2968.0,0.0,-2.94140625,-2.703125,-1.671875,0
24013418.0,7032.0,1.0,0.6649169922,-0.1731567383,0.618347168,0.3815917969
24016386.0,2968.0,0.0,-3.1171875,-3.109375,-0.47265625,0
24024418.0,8032.0,1.0,0.6602172852,-0.1690673828,0.6271362305,0.3771362305
24027386.0,2968.0,0.0,-3.375,-3.33984375,-0.0625,0
24033418.0,6032.0,1.0,0.6555175781,-0.1640014648,0.6363525391,0.3720703125
24036386.0,2968.0,0.0,-5.21484375,-1.80859375,-2.51953125,0
24043418.0,7032.0,1.0,0.6508178711,-0.1582641602,0.6459350586,0.3663330078
24046386.0,2968.0,0.0,-6.08984375,-0.05078125,-4.8515625,0
24056418.0,10032.0,1.0,0.6465454102,-0.1530151367,0.6544799805,0.3609008789
24059386.0,2968.0,0.0,-5.859375,0.5703125,-8.03515625,0
24066418.0,7032.0,1.0,0.6422119141,-0.1486816406,0.6625366211,0.3557739258
24069386.0,2968.0,0.0,-5.17578125,2.69921875,-10.73828125,0
24073418.0,4032.0,1.0,0.6379394531,-0.1462402344,0.6692504883,0.3517456055
24076386.0,2968.0,0.0,-4.37109375,4.69921875,-12.2578125,0
24083418.0,7032.0,1.0,0.6338500977,-0.145690918,0.6747436523,0.3488769531
24086386.0,2968.0,0.0,-4.32421875,4.25390625,-10.5390625,0
24093418.0,7032.0,1.0,0.6301269531,-0.1467895508,0.6789550781,0.3470458984
24096386.0,2968.0,0.0,-4.40234375,2.453125,-5.984375,0
24104418.0,8032.0,1.0,0.6263427734,-0.1489257813,0.6826171875,0.3457641602
24107386.0,2968.0,0.0,-3.93359375,2.125,-3.53125,0
24113418.0,6032.0,1.0,0.6226806641,-0.1516723633,0.6858520508,0.3448486328
24116386.0,2968.0,0.0,-2.90234375,2.70703125,-3.8828125,0
24123418.0,7032.0,1.0,0.6187133789,-0.1550292969,0.6890258789,0.3441162109
24126386.0,2968.0,0.0,-2.203125,1.88671875,-5.390625,0
24133418.0,7032.0,1.0,0.6150512695,-0.1581420898,0.6920166016,0.3432617188
24136386.0,2968.0,0.0,-1.99609375,0.6015625,-6.4765625,0
24144418.0,8032.0,1.0,0.6118164063,-0.1602172852,0.6951904297,0.3416137695
24147386.0,2968.0,0.0,-2.83984375,0.9921875,-6.25,0
24153418.0,6032.0,1.0,0.6089477539,-0.1614379883,0.6985473633,0.3393554688
24156386.0,2968.0,0.0,-4.37109375,3.3125,-2.44140625,0
24163418.0,7032.0,1.0,0.6062011719,-0.1624755859,0.7017211914,0.3371582031
24166386.0,2968.0,0.0,-4.640625,2.9375,-0.34765625,0
24174418.0,8032.0,1.0,0.6033325195,-0.1636352539,0.7048950195,0.3352050781
24177386.0,2968.0,0.0,-4.484375,2.484375,0.13671875,0
24183418.0,6032.0,1.0,0.6002807617,-0.1644897461,0.7082519531,0.3330688477
24186386.0,2968.0,0.0,-2.80078125,0.546875,-1.37109375,0
24193418.0,7032.0,1.0,0.5974121094,-0.1644897461,0.7119140625,0.3304443359
24196386.0,2968.0,0.0,-2.6171875,0.76953125,-2.3046875,0
24203418.0,7032.0,1.0,0.5946655273,-0.1639404297,0.715637207,0.3276977539
24207386.0,3968.0,0.0,-2.15625,1.3046875,-3.83984375,0
24216418.0,9032.0,1.0,0.5920410156,-0.1633300781,0.7189941406,0.325378418
24219386.0,2968.0,0.0,-2.01953125,0.84765625,-3.37109375,0
24226418.0,7032.0,1.0,0.5891723633,-0.1627197266,0.7225341797,0.323059082
24230386.0,3968.0,0.0,-0.52734375,0.109375,-0.359375,0
24234418.0,4032.0,1.0,0.5861206055,-0.1621704102,0.7261352539,0.3208007813
24237386.0,2968.0,0.0,-0.00390625,0.21875,1.6640625,0
24243418.0,6032.0,1.0,0.5827636719,-0.1614379883,0.7301025391,0.3182373047
24247386.0,3968.0,0.0,0.02734375,-0.44140625,2.609375,0
24253418.0,6032.0,1.0,0.5794677734,-0.1604614258,0.7341308594,0.3154907227
24256386.0,2968.0,0.0,0.0390625,-0.10546875,2.421875,0
24263418.0,7032.0,1.0,0.5763549805,-0.159362793,0.7379760742,0.3127441406
24266386.0,2968.0,0.0,0.37109375,-0.79296875,-0.54296875,0
24273418.0,7032.0,1.0,0.573059082,-0.1580810547,0.7421264648,0.3096923828
24276386.0,2968.0,0.0,0.3984375,-0.11328125,-2.34765625,0
24283418.0,7032.0,1.0,0.5700073242,-0.1569824219,0.7459106445,0.3067016602
24287386.0,3968.0,0.0,0.72265625,0.04296875,-3.42578125,0
24293418.0,6032.0,1.0,0.5671386719,-0.1563720703,0.7493286133,0.3039550781
24296386.0,2968.0,0.0,1.36328125,0.4609375,-3.09375,0
24304418.0,8032.0,1.0,0.5640258789,-0.1566162109,0.7526855469,0.3014526367
24307386.0,2968.0,0.0,2.109375,0.515625,0.1484375,0
24313418.0,6032.0,1.0,0.5609130859,-0.1577758789,0.7554931641,0.2995605469
24316386.0,2968.0,0.0,1.71484375,1.13671875,1.046875,0
24323418.0,7032.0,1.0,0.5575561523,-0.1597290039,0.7581787109,0.2979736328
24326386.0,2968.0,0.0,1.5390625,0.6640625,0.82421875,0
24334418.0,8032.0,1.0,0.5541992188,-0.1621704102,0.7606201172,0.2966918945
24337386.0,2968.0,0.0,1.265625,0.02734375,0.50390625,0
24343418.0,6032.0,1.0,0.5509643555,-0.1647338867,0.7628173828,0.2955932617
24346386.0,2968.0,0.0,0.14453125,0.234375,-0.87109375,0
24353418.0,7032.0,1.0,0.5477294922,-0.1676025391,0.7649536133,0.2944946289
24356386.0,2968.0,0.0,-0.109375,0.609375,-0.9765625,0
24364418.0,8032.0,1.0,0.5444946289,-0.170715332,0.7669067383,0.2935791016
24367386.0,2968.0,0.0,0.49609375,0.51171875,-0.9375,0
24374418.0,7032.0,1.0,0.5411376953,-0.1740722656,0.7688598633,0.2928466797
24377386.0,2968.0,0.0,0.87109375,1.1953125,-0.4296875,0
24383418.0,6032.0,1.0,0.5377197266,-0.1776733398,0.7706298828,0.2922973633
24386386.0,2968.0,0.0,1.421875,1.5546875,0.14453125,0
24398418.0,12032.0,1.0,0.534362793,-0.1810913086,0.7722167969,0.2921142578
24402386.0,3968.0,0.0,1.33203125,1.109375,0.17578125,0
24405418.0,3032.0,1.0,0.5307617188,-0.1846923828,0.7738647461,0.2921142578
24408386.0,2968.0,0.0,0.3203125,0.359375,0.25390625,0
24413418.0,5032.0,1.0,0.5269165039,-0.1882324219,0.7755737305,0.2922363281
24416386.0,2968.0,0.0,-0.0859375,-0.4765625,0.1796875,0
24423418.0,7032.0,1.0,0.5230102539,-0.1912841797,0.7774047852,0.2923583984
24426386.0,2968.0,0.0,-1.40625,-0.3515625,2.59375,0
24433418.0,7032.0,1.0,0.5189208984,-0.1937866211,0.7795410156,0.2924194336
24436386.0,2968.0,0.0,-1.12890625,-0.93359375,3.80078125,0
24444418.0,8032.0,1.0,0.514465332,-0.1957397461,0.7821044922,0.292175293
24447386.0,2968.0,0.0,-1.16015625,-1.35546875,4.52734375,0
24453418.0,6032.0,1.0,0.5100097656,-0.1970214844,0.7848510742,0.2917480469
24456386.0,2968.0,0.0,-2.3125,-1.07421875,2.71484375,0
24463418.0,7032.0,1.0,0.5051879883,-0.1978149414,0.7879638672,0.2911376953
24466386.0,2968.0,0.0,-2.54296875,-0.78125,1.54296875,0
24473418.0,7032.0,1.0,0.5003662109,-0.1981811523,0.7911376953,0.2905883789
24476386.0,2968.0,0.0,-2.42578125,-1.2265625,0.2578125,0
24484418.0,8032.0,1.0,0.4956054688,-0.1983642578,0.7941894531,0.2903442383
24487386.0,2968.0,0.0,-2.78125,-2.0234375,-1.0546875,0
24493418.0,6032.0,1.0,0.4907836914,-0.1983032227,0.7970581055,0.2905883789
24496386.0,2968.0,0.0,-5.0859375,-2.59375,-1.8828125,0
24503418.0,7032.0,1.0,0.485534668,-0.1981201172,0.799987793,0.2915649414
24506386.0,2968.0,0.0,-5.25,-2.609375,-0.5390625,0
24513418.0,7032.0,1.0,0.4799804688,-0.1976928711,0.8028564453,0.2930908203
24516386.0,2968.0,0.0,-5.37890625,-1.37109375,0.84765625,0
24524418.0,8032.0,1.0,0.4742431641,-0.1969604492,0.8056640625,0.2952880859
24527386.0,2968.0,0.0,-5.28125,-0.328125,2.0,0
24533418.0,6032.0,1.0,0.4682617188,-0.1957397461,0.8085327148,0.2977905273
24536386.0,2968.0,0.0,-5.8125,-2.15234375,4.5,0
24544418.0,8032.0,1.0,0.4619750977,-0.1936035156,0.8117675781,0.3002319336
24548386.0,3968.0,0.0,-7.59765625,-1.2890625,4.5078125,0
24554418.0,6032.0,1.0,0.4555664063,-0.190246582,0.8153686523,0.3023681641
24557386.0,2968.0,0.0,-9.015625,-1.5,3.58984375,0
24564418.0,7032.0,1.0,0.4491577148,-0.1854248047,0.8194580078,0.3039550781
24567386.0,2968.0,0.0,-12.65625,-2.375,3.953125,0
24579418.0,12032.0,1.0,0.4429931641,-0.1793212891,0.8238525391,0.3048095703
24584386.0,4968.0,0.0,-17.6875,-2.63671875,3.9296875,0
24587418.0,3032.0,1.0,0.4364624023,-0.1711425781,0.8290405273,0.3048706055
24590386.0,2968.0,0.0,-20.0078125,-1.4140625,2.65234375,0
24594418.0,4032.0,1.0,0.4296264648,-0.1602172852,0.8350830078,0.3040161133
24597386.0,2968.0,0.0,-20.125,-1.546875,2.77734375,0
24604418.0,7032.0,1.0,0.4240112305,-0.1487426758,0.8405761719,0.3024902344
24607386.0,2968.0,0.0,-21.76171875,3.9765625,-1.296875,0
24614418.0,7032.0,1.0,0.4183959961,-0.1348266602,0.8463134766,0.3009033203
24617386.0,2968.0,0.0,-21.79296875,8.78515625,-3.0625,0
24624418.0,7032.0,1.0,0.4129638672,-0.1198120117,0.8511962891,0.3009643555
24627386.0,2968.0,0.0,-20.00390625,11.609375,-5.12109375,0
24634418.0,7032.0,1.0,0.4075317383,-0.1051025391,0.8543701172,0.3048095703
24637386.0,2968.0,0.0,-17.1328125,13.85546875,-5.99609375,0
24643418.0,6032.0,1.0,0.4021606445,-0.0922241211,0.8549194336,0.314453125
24646386.0,2968.0,0.0,-4.9140625,18.79296875,-5.91015625,0
24658418.0,12032.0,1.0,0.3959960938,-0.0808105469,0.8524780273,0.3315429688
24661386.0,2968.0,0.0,-0.08203125,15.4765625,-2.3125,0
24665418.0,4032.0,1.0,0.389465332,-0.0707397461,0.8477783203,0.3530273438
24668386.0,2968.0,0.0,2.94140625,9.5078125,2.53515625,0
24674418.0,6032.0,1.0,0.3826904297,-0.0593261719,0.8426513672,0.3741455078
24677386.0,2968.0,0.0,3.3359375,2.62890625,10.3828125,0
24683418.0,6032.0,1.0,0.3775024414,-0.0450439453,0.8403320313,0.3864135742
24686386.0,2968.0,0.0,0.16015625,20.51953125,4.98828125,0
24698418.0,12032.0,1.0,0.3755493164,-0.0286254883,0.8362426758,0.3984985352
24701386.0,2968.0,0.0,13.01953125,21.67578125,1.15234375,0
24705418.0,4032.0,1.0,0.3778076172,-0.017578125,0.8235473633,0.4228515625
24708386.0,2968.0,0.0,16.50390625,35.1171875,-15.3046875,0
24714418.0,6032.0,1.0,0.3833007813,-0.0171508789,0.8008422852,0.4598388672
24717386.0,2968.0,0.0,16.44140625,34.7109375,-16.015625,0
24724418.0,7032.0,1.0,0.3941040039,-0.0231323242,0.7692260742,0.5024414063
24727386.0,2968.0,0.0,16.79296875,-19.74609375,-11.90234375,0
24737418.0,10032.0,1.0,0.4090576172,-0.0285644531,0.7395629883,0.5338134766
24740386.0,2968.0,0.0,12.828125,-25.96875,-6.3671875,0
24747418.0,7032.0,1.0,0.4296264648,-0.034362793,0.7080688477,0.5593261719
24750386.0,2968.0,0.0,6.1953125,-15.87109375,1.45703125,0
24755418.0,5032.0,1.0,0.4508056641,-0.0418701172,0.6787109375,0.5782470703
24758386.0,2968.0,0.0,7.59765625,-22.7421875,4.23828125,0
24764418.0,6032.0,1.0,0.4722900391,-0.0513916016,0.6508178711,0.5922241211
24767386.0,2968.0,0.0,7.25,-27.48828125,4.72265625,0
24777418.0,10032.0,1.0,0.4938354492,-0.0607910156,0.6263427734,0.6001586914
24780386.0,2968.0,0.0,8.44140625,-28.65234375,5.515625,0
24787418.0,7032.0,1.0,0.5180664063,-0.0697631836,0.6037597656,0.6018676758
24790386.0,2968.0,0.0,9.33984375,-27.0703125,5.83203125,0
24795418.0,5032.0,1.0,0.5394287109,-0.0764770508,0.5875854492,0.5982666016
24798386.0,2968.0,0.0,6.421875,-15.01953125,6.01953125,0
24804418.0,6032.0,1.0,0.5591430664,-0.0825195313,0.5747070313,0.5918579102
24807386.0,2968.0,0.0,4.734375,-10.98046875,5.73828125,0
24817418.0,10032.0,1.0,0.5772705078,-0.0885009766,0.5638427734,0.583984375
24820386.0,2968.0,0.0,4.40625,-10.37109375,5.05078125,0
24827418.0,7032.0,1.0,0.5954589844,-0.0944824219,0.5541992188,0.5738525391
24830386.0,2968.0,0.0,5.3046875,-10.35546875,4.2421875,0
24835418.0,5032.0,1.0,0.611328125,-0.0986328125,0.5475463867,0.5627441406
24838386.0,2968.0,0.0,7.59765625,-7.47265625,1.6640625,0
24844418.0,6032.0,1.0,0.6253051758,-0.1012573242,0.5430908203,0.5512084961
24847386.0,2968.0,0.0,8.49609375,-4.2578125,0.5390625,0
24854418.0,7032.0,1.0,0.6384887695,-0.1036987305,0.5393676758,0.5391235352
24857386.0,2968.0,0.0,9.1171875,-1.34765625,-0.796875,0
24864418.0,7032.0,1.0,0.6500244141,-0.1065063477,0.5361328125,0.5278930664
24867386.0,2968.0,0.0,9.578125,-1.21484375,-1.234375,0
24879418.0,12032.0,1.0,0.6599731445,-0.1091918945,0.5336303711,0.5174560547
24884386.0,4968.0,0.0,8.66015625,-5.76953125,-0.32421875,0
24887418.0,3032.0,1.0,0.6694946289,-0.1110839844,0.5322875977,0.5061035156
24890386.0,2968.0,0.0,8.72265625,-5.59765625,-0.34765625,0
24894418.0,4032.0,1.0,0.6783447266,-0.1119995117,0.5324707031,0.4937133789
24897386.0,2968.0,0.0,8.2890625,-5.77734375,0.49609375,0
24904418.0,7032.0,1.0,0.6854248047,-0.1127929688,0.5333862305,0.4826660156
24907386.0,2968.0,0.0,7.81640625,-4.640625,1.1328125,0
24914418.0,7032.0,1.0,0.6912231445,-0.1146850586,0.5346069336,0.4725341797
24917386.0,2968.0,0.0,6.14453125,-2.9453125,0.96484375,0
24924418.0,7032.0,1.0,0.6956176758,-0.1172485352,0.5361938477,0.4635620117
24927386.0,2968.0,0.0,5.7109375,-4.54296875,1.30859375,0
24934418.0,7032.0,1.0,0.6989746094,-0.1196289063,0.5386352539,0.4549560547
24937386.0,2968.0,0.0,5.7578125,-4.93359375,-0.16015625,0
24944418.0,7032.0,1.0,0.7014160156,-0.1215820313,0.5421142578,0.4465332031
24947386.0,2968.0,0.0,5.3203125,-3.8828125,-1.15625,0
24954418.0,7032.0,1.0,0.7028808594,-0.1233520508,0.5461425781,0.438659668
24957386.0,2968.0,0.0,3.26953125,0.06640625,-3.40625,0
24964418.0,7032.0,1.0,0.7034912109,-0.125793457,0.5502929688,0.4318237305
24968386.0,3968.0,0.0,2.3671875,1.5234375,-4.953125,0
24975418.0,7032.0,1.0,0.7032470703,-0.12890625,0.5540161133,0.4264526367
24978386.0,2968.0,0.0,1.5,1.1328125,-5.32421875,0
24988418.0,10032.0,1.0,0.7025146484,-0.1325073242,0.5579223633,0.4215087891
24991386.0,2968.0,0.0,-0.7109375,2.19921875,-7.3671875,0
24995418.0,4032.0,1.0,0.7013549805,-0.1363525391,0.561706543,0.4170532227
24998386.0,2968.0,0.0,-2.03515625,2.9140625,-7.07421875,0
25004418.0,6032.0,1.0,0.7000732422,-0.1402587891,0.5650634766,0.4135131836
25007386.0,2968.0,0.0,-3.0390625,3.3203125,-7.41015625,0
25014418.0,7032.0,1.0,0.6985473633,-0.1444702148,0.5680541992,0.4104614258
25017386.0,2968.0,0.0,-3.61328125,3.16015625,-6.703125,0
25024418.0,7032.0,1.0,0.6968383789,-0.1490478516,0.5706176758,0.408203125
25027386.0,2968.0,0.0,-4.6015625,2.45703125,-3.90625,0
25034418.0,7032.0,1.0,0.694519043,-0.1546630859,0.5731201172,0.4064331055
25037386.0,2968.0,0.0,-4.5703125,1.02734375,-2.82421875,0
25044418.0,7032.0,1.0,0.6918945313,-0.1604003906,0.5754394531,0.405456543
25047386.0,2968.0,0.0,-4.26171875,-0.55078125,-1.671875,0
25054418.0,7032.0,1.0,0.6888427734,-0.1661987305,0.5778198242,0.4049682617
25057386.0,2968.0,0.0,-3.76953125,-0.95703125,-0.8515625,0
25063418.0,6032.0,1.0,0.6856079102,-0.1713867188,0.5804443359,0.4045410156
25066386.0,2968.0,0.0,-1.48046875,-2.7109375,0.0546875,0
25074418.0,8032.0,1.0,0.6817626953,-0.1764526367,0.5840454102,0.4036865234
25077386.0,2968.0,0.0,-0.67578125,-1.63671875,-0.14453125,0
25084418.0,7032.0,1.0,0.6778564453,-0.1806640625,0.5881347656,0.4024658203
25087386.0,2968.0,0.0,-0.6796875,-1.765625,-1.25,0
25094418.0,7032.0,1.0,0.6740112305,-0.1840820313,0.5926513672,0.4007568359
25097386.0,2968.0,0.0,-2.03515625,0.05078125,-2.16015625,0
25104418.0,7032.0,1.0,0.6702880859,-0.1867675781,0.5972900391,0.3988037109
25107386.0,2968.0,0.0,-2.41796875,0.9765625,-3.796875,0
25114418.0,7032.0,1.0,0.6665039063,-0.1888427734,0.6024169922,0.3965454102
25117386.0,2968.0,0.0,-2.625,-0.25,-3.40625,0
25124418.0,7032.0,1.0,0.6626586914,-0.1898803711,0.6079101563,0.3940429688
25127386.0,2968.0,0.0,-2.953125,-0.76171875,-2.61328125,0
25136418.0,9032.0,1.0,0.6588134766,-0.1897583008,0.6139526367,0.3911132813
25139386.0,2968.0,0.0,-2.671875,-1.54296875,-1.3984375,0
25146418.0,7032.0,1.0,0.6548461914,-0.188293457,0.6209106445,0.387512207
25149386.0,2968.0,0.0,-3.57421875,-1.96484375,-1.40625,0
25154418.0,5032.0,1.0,0.650390625,-0.1854248047,0.6292114258,0.3829345703
25157386.0,2968.0,0.0,-4.21875,-2.2109375,-1.72265625,0
25164418.0,7032.0,1.0,0.6464233398,-0.1818847656,0.6372070313,0.3781738281
25167386.0,2968.0,0.0,-4.40234375,-2.58203125,-1.97265625,0
25174418.0,7032.0,1.0,0.6424560547,-0.1774291992,0.6456298828,0.3727416992
25177386.0,2968.0,0.0,-5.6640625,-1.9921875,-3.87890625,0
25184418.0,7032.0,1.0,0.6385498047,-0.1724243164,0.6542358398,0.3667602539
25187386.0,2968.0,0.0,-5.3203125,-0.3984375,-5.48828125,0
25194418.0,7032.0,1.0,0.634765625,-0.16796875,0.6621704102,0.3610229492
25197386.0,2968.0,0.0,-5.015625,1.546875,-7.234375,0
25204418.0,7032.0,1.0,0.6309204102,-0.164855957,0.6693115234,0.3560180664
25207386.0,2968.0,0.0,-4.8984375,3.0859375,-8.91015625,0
25214418.0,7032.0,1.0,0.6273803711,-0.1633911133,0.674987793,0.3522338867
25217386.0,2968.0,0.0,-4.43359375,3.7890625,-8.35546875,0
25224418.0,7032.0,1.0,0.6237182617,-0.1628417969,0.6802978516,0.348815918
25227386.0,2968.0,0.0,-3.8203125,0.6796875,-6.64453125,0
25234418.0,7032.0,1.0,0.6203613281,-0.1629638672,0.6848754883,0.3457641602
25237386.0,2968.0,0.0,-2.82421875,1.8359375,-6.44921875,0
25244418.0,7032.0,1.0,0.6171875,-0.1638793945,0.6887817383,0.3432617188
25247386.0,2968.0,0.0,-1.51953125,2.296875,-6.8984375,0
25259418.0,12032.0,1.0,0.614074707,-0.1654052734,0.6923217773,0.341003418
25263386.0,3968.0,0.0,-1.8203125,3.69140625,-3.50390625,0
25266418.0,3032.0,1.0,0.6109619141,-0.1673583984,0.6956176758,0.3388671875
25269386.0,2968.0,0.0,-1.8203125,3.71484375,-3.40234375,0
25274418.0,5032.0,1.0,0.6077270508,-0.1697998047,0.6988525391,0.336730957
25277386.0,2968.0,0.0,-1.92578125,2.89453125,-2.6875,0
25284418.0,7032.0,1.0,0.6047973633,-0.1719970703,0.7019042969,0.3345947266
25287386.0,2968.0,0.0,-2.078125,2.00390625,-2.69921875,0
25294418.0,7032.0,1.0,0.6021118164,-0.1736450195,0.7050170898,0.3320922852
25297386.0,2968.0,0.0,-2.26171875,2.05859375,-4.859375,0
25304418.0,7032.0,1.0,0.5996704102,-0.1748657227,0.7081298828,0.329284668
25308386.0,3968.0,0.0,-2.45703125,3.0390625,-4.98828125,0
25314418.0,6032.0,1.0,0.5974121094,-0.1763916016,0.7106933594,0.326965332
25317386.0,2968.0,0.0,-2.6484375,4.25,-4.296875,0
25324418.0,7032.0,1.0,0.5949707031,-0.1783447266,0.7131347656,0.325012207
25327386.0,2968.0,0.0,-2.41796875,1.21875,-3.28125,0
25334418.0,7032.0,1.0,0.5924682617,-0.1803588867,0.715637207,0.3229980469
25337386.0,2968.0,0.0,-2.984375,0.8203125,-0.20703125,0
25344418.0,7032.0,1.0,0.5899047852,-0.1821899414,0.7182617188,0.3208007813
25348386.0,3968.0,0.0,-2.68359375,0.19140625,-0.765625,0
25354418.0,6032.0,1.0,0.5874023438,-0.18359375,0.7209472656,0.3185424805
25357386.0,2968.0,0.0,-2.68359375,0.78125,-0.55859375,0
25364418.0,7032.0,1.0,0.5848999023,-0.1844482422,0.7237548828,0.3162231445
25367386.0,2968.0,0.0,-2.68359375,-0.7734375,-1.78125,0
25374418.0,7032.0,1.0,0.5824584961,-0.1848144531,0.7266845703,0.3139038086
25377386.0,2968.0,0.0,-2.65625,-0.56640625,-1.87890625,0
25384418.0,7032.0,1.0,0.5798950195,-0.184753418,0.7297363281,0.3115234375
25388386.0,3968.0,0.0,-2.39453125,-0.52734375,-1.25,0
25394418.0,6032.0,1.0,0.5772705078,-0.184387207,0.7329101563,0.3091430664
25397386.0,2968.0,0.0,-1.55859375,-1.20703125,-0.51171875,0
25404418.0,7032.0,1.0,0.5746459961,-0.1836547852,0.7361450195,0.3067626953
25407386.0,2968.0,0.0,0.03515625,-1.484375,1.23046875,0
25414418.0,7032.0,1.0,0.5716552734,-0.1826171875,0.7398681641,0.3040771484
25417386.0,2968.0,0.0,0.31640625,-1.72265625,1.24609375,0
25424418.0,7032.0,1.0,0.5688476563,-0.1812744141,0.7435302734,0.3012084961
25428386.0,3968.0,0.0,0.76171875,-2.14453125,0.703125,0
25434418.0,6032.0,1.0,0.5659790039,-0.1796264648,0.7473754883,0.2980957031
25437386.0,2968.0,0.0,0.74609375,-1.921875,-0.046875,0
25444418.0,7032.0,1.0,0.5633544922,-0.1779785156,0.7509765625,0.294921875
25447386.0,2968.0,0.0,0.546875,-1.26953125,-0.51953125,0
25459418.0,12032.0,1.0,0.560546875,-0.1763916016,0.7547607422,0.2916259766
25463386.0,3968.0,0.0,-0.01953125,-0.734375,-1.265625,0
25466418.0,3032.0,1.0,0.5577392578,-0.1752319336,0.7582397461,0.2886352539
25469386.0,2968.0,0.0,0.31640625,-0.49609375,-1.6640625,0
25474418.0,5032.0,1.0,0.5548706055,-0.174621582,0.7615356445,0.2858276367
25477386.0,2968.0,0.0,0.29296875,-0.48828125,-1.5703125,0
25484418.0,7032.0,1.0,0.5520629883,-0.1746826172,0.7644042969,0.2835083008
25487386.0,2968.0,0.0,1.50390625,1.05078125,-0.94140625,0
25494418.0,7032.0,1.0,0.5491943359,-0.1754760742,0.7669677734,0.2816772461
25497386.0,2968.0,0.0,1.6015625,0.75390625,-0.25,0
25504418.0,7032.0,1.0,0.5462646484,-0.1768798828,0.7692871094,0.2802124023
25507386.0,2968.0,0.0,1.2734375,0.5390625,0.52734375,0
25514418.0,7032.0,1.0,0.5430908203,-0.1788330078,0.771484375,0.2790527344
25517386.0,2968.0,0.0,0.91796875,-0.13671875,1.1015625,0
25524418.0,7032.0,1.0,0.5399780273,-0.1809692383,0.7734985352,0.278137207
25527386.0,2968.0,0.0,0.85546875,-0.6875,1.44921875,0
25534418.0,7032.0,1.0,0.5367431641,-0.1831054688,0.7755737305,0.2771606445
25537386.0,2968.0,0.0,0.765625,-0.48828125,0.1484375,0
25545418.0,8032.0,1.0,0.5336303711,-0.1849365234,0.7777099609,0.2760620117
25548386.0,2968.0,0.0,-0.36328125,1.2890625,0.1484375,0
25554418.0,6032.0,1.0,0.530456543,-0.1866455078,0.7799072266,0.2748413086
25557386.0,2968.0,0.0,-0.26953125,1.64453125,-0.1875,0
25564418.0,7032.0,1.0,0.5272827148,-0.188293457,0.7821044922,0.2735595703
25567386.0,2968.0,0.0,-0.33203125,2.34765625,-0.03125,0
25574418.0,7032.0,1.0,0.5239868164,-0.1900634766,0.7842407227,0.2723999023
25577386.0,2968.0,0.0,-0.69921875,2.09765625,0.69140625,0
25584418.0,7032.0,1.0,0.5205688477,-0.1919555664,0.7864379883,0.271484375
25587386.0,2968.0,0.0,-0.5625,0.41015625,1.46484375,0
25594418.0,7032.0,1.0,0.5171508789,-0.1936645508,0.7884521484,0.2708740234
25597386.0,2968.0,0.0,0.36328125,-1.49609375,2.15625,0
25604418.0,7032.0,1.0,0.5132446289,-0.1953125,0.7908325195,0.2702026367
25607386.0,2968.0,0.0,0.1796875,-0.84765625,2.01171875,0
25614418.0,7032.0,1.0,0.5093383789,-0.1966552734,0.7932739258,0.2694702148
25617386.0,2968.0,0.0,0.30078125,-0.0859375,1.01953125,0
25624418.0,7032.0,1.0,0.5053100586,-0.1978759766,0.7958374023,0.268737793
25627386.0,2968.0,0.0,0.5,0.5625,1.15234375,0
25634418.0,7032.0,1.0,0.5013427734,-0.1990356445,0.7982177734,0.2680664063
25637386.0,2968.0,0.0,1.00390625,0.6015625,1.0,0
25644418.0,7032.0,1.0,0.4970703125,-0.2004394531,0.8007202148,0.2675170898
25647386.0,2968.0,0.0,0.0859375,1.23828125,0.82421875,0
25654418.0,7032.0,1.0,0.4926147461,-0.2020874023,0.8031005859,0.2673950195
25657386.0,2968.0,0.0,0.27734375,0.73046875,0.10546875,0
25664418.0,7032.0,1.0,0.4880981445,-0.2038574219,0.8053588867,0.2676391602
25667386.0,2968.0,0.0,-0.03125,0.6015625,0.0703125,0
25679418.0,12032.0,1.0,0.483581543,-0.2056884766,0.807434082,0.2681884766
25683386.0,3968.0,0.0,-0.953125,0.30859375,1.640625,0
25686418.0,3032.0,1.0,0.4788208008,-0.2075805664,0.8094482422,0.2691040039
25689386.0,2968.0,0.0,-1.0,0.28515625,1.7265625,0
25694418.0,5032.0,1.0,0.4735717773,-0.2094726563,0.811706543,0.2702636719
25697386.0,2968.0,0.0,-1.49609375,0.4453125,1.84375,0
25704418.0,7032.0,1.0,0.4684448242,-0.2112426758,0.8138427734,0.2714233398
25707386.0,2968.0,0.0,-1.3515625,-0.92578125,2.07421875,0
25714418.0,7032.0,1.0,0.4631958008,-0.212890625,0.8159790039,0.272644043
25717386.0,2968.0,0.0,-2.2890625,-0.62890625,1.703125,0
25724418.0,7032.0,1.0,0.4578857422,-0.2144165039,0.8180541992,0.2740478516
25728386.0,3968.0,0.0,-2.94921875,-0.97265625,1.203125,0
25734418.0,6032.0,1.0,0.4525146484,-0.216003418,0.8200683594,0.2758178711
25737386.0,2968.0,0.0,-3.42578125,-1.171875,0.625,0
25744418.0,7032.0,1.0,0.4468994141,-0.2177124023,0.8218994141,0.278137207
25747386.0,2968.0,0.0,-3.74609375,-0.64453125,0.578125,0
25754418.0,7032.0,1.0,0.4411010742,-0.2194213867,0.8236694336,0.2808837891
25757386.0,2968.0,0.0,-3.83203125,0.13671875,1.76171875,0
25764418.0,7032.0,1.0,0.4349975586,-0.2209472656,0.825378418,0.2840576172
25767386.0,2968.0,0.0,-3.81640625,0.8671875,2.21484375,0
25774418.0,7032.0,1.0,0.4287109375,-0.2222290039,0.8272094727,0.2872924805
25777386.0,2968.0,0.0,-3.53515625,0.7890625,1.5859375,0
25784418.0,7032.0,1.0,0.422668457,-0.2229614258,0.8290405273,0.2903442383
25787386.0,2968.0,0.0,-3.67578125,0.90625,0.9609375,0
25794418.0,7032.0,1.0,0.4161987305,-0.2229003906,0.8312988281,0.2933349609
25797386.0,2968.0,0.0,-3.546875,0.84765625,1.22265625,0
25804418.0,7032.0,1.0,0.4100341797,-0.2220458984,0.8337402344,0.2957763672
25808386.0,3968.0,0.0,-3.4609375,1.0390625,1.16796875,0
25814418.0,6032.0,1.0,0.4037475586,-0.2202758789,0.8365478516,0.2978515625
25817386.0,2968.0,0.0,-3.3125,0.6015625,1.5546875,0
25824418.0,7032.0,1.0,0.3975830078,-0.2175292969,0.8396606445,0.2992553711
25827386.0,2968.0,0.0,-5.84765625,-0.2421875,3.1953125,0
25839418.0,12032.0,1.0,0.3911132813,-0.2133178711,0.8435668945,0.2999267578
25843386.0,3968.0,0.0,-9.265625,-2.328125,2.5546875,0
25846418.0,3032.0,1.0,0.3849487305,-0.2073364258,0.8480834961,0.2993164063
25849386.0,2968.0,0.0,-11.20703125,-2.72265625,2.1171875,0
25854418.0,5032.0,1.0,0.3788452148,-0.1989135742,0.8535766602,0.2971191406
25857386.0,2968.0,0.0,-11.30859375,-2.80078125,2.2265625,0
25864418.0,7032.0,1.0,0.3732910156,-0.1887817383,0.8594970703,0.293762207
25867386.0,2968.0,0.0,-14.8671875,0.01171875,0.3515625,0
25874418.0,7032.0,1.0,0.3677978516,-0.1765136719,0.8659057617,0.2894897461
25877386.0,2968.0,0.0,-16.67578125,2.765625,-0.6328125,0
25885418.0,8032.0,1.0,0.3625488281,-0.1629638672,0.8720703125,0.2855224609
25888386.0,2968.0,0.0,-18.36328125,6.25,-2.28515625,0
25894418.0,6032.0,1.0,0.3571777344,-0.1481323242,0.8776245117,0.2832641602
25897386.0,2968.0,0.0,-21.1640625,13.95703125,-4.484375,0
25904418.0,7032.0,1.0,0.3516845703,-0.1325683594,0.882019043,0.2841796875
25907386.0,2968.0,0.0,-20.453125,13.53125,-3.8828125,0
25914418.0,7032.0,1.0,0.3458862305,-0.1171264648,0.8847045898,0.2897338867
25917386.0,2968.0,0.0,-16.91796875,16.01953125,-5.74609375,0
25925418.0,8032.0,1.0,0.3395385742,-0.1027832031,0.8849487305,0.3016357422
25928386.0,2968.0,0.0,-13.49609375,16.00390625,-3.34765625,0
25939418.0,11032.0,1.0,0.3325195313,-0.0914306641,0.8817749023,0.3217163086
25944386.0,4968.0,0.0,-6.296875,-11.140625,5.8203125,0
25947418.0,3032.0,1.0,0.3245239258,-0.0816650391,0.876159668,0.3469238281
25950386.0,2968.0,0.0,-6.46875,-11.6171875,5.59375,0
25954418.0,4032.0,1.0,0.3178100586,-0.0677490234,0.873046875,0.3635864258
25957386.0,2968.0,0.0,-5.19140625,-21.4375,5.14453125,0
25965418.0,8032.0,1.0,0.315246582,-0.0497436523,0.8704223633,0.3748779297
25968386.0,2968.0,0.0,-6.6484375,25.53515625,4.8203125,0
25974418.0,6032.0,1.0,0.3161621094,-0.03515625,0.862487793,0.3936767578
25977386.0,2968.0,0.0,-0.4375,37.671875,-24.15234375,0
25984418.0,7032.0,1.0,0.3199462891,-0.0275268555,0.8432617188,0.4310913086
25987386.0,2968.0,0.0,7.48046875,34.3125,-25.4453125,0
25997418.0,10032.0,1.0,0.3270874023,-0.0283813477,0.8149414063,0.4775390625
26000386.0,2968.0,0.0,14.66796875,8.63671875,-31.046875,0
26007418.0,7032.0,1.0,0.3384399414,-0.0315551758,0.7835693359,0.5200805664
26010386.0,2968.0,0.0,13.40234375,-11.90234375,-18.8671875,0
26015418.0,5032.0,1.0,0.3533935547,-0.0334472656,0.7562866211,0.549621582
26018386.0,2968.0,0.0,4.45703125,-21.01953125,-2.01171875,0
26024418.0,6032.0,1.0,0.3723754883,-0.0347900391,0.7302856445,0.5717163086
26027386.0,2968.0,0.0,7.41796875,-14.29296875,-2.44921875,0
26036418.0,9032.0,1.0,0.391784668,-0.0375976562,0.706237793,0.5885009766
26039386.0,2968.0,0.0,9.1953125,-9.87109375,-0.1640625,0
26046418.0,7032.0,1.0,0.4140014648,-0.04296875,0.6796264648,0.6040039063
26049386.0,2968.0,0.0,10.21875,-13.86328125,-1.10546875,0
26054418.0,5032.0,1.0,0.4368286133,-0.0496826172,0.6541748047,0.6154785156
26057386.0,2968.0,0.0,10.58203125,-21.02734375,1.265625,0
26064418.0,7032.0,1.0,0.4610595703,-0.056640625,0.6303100586,0.6220092773
26067386.0,2968.0,0.0,10.84765625,-21.46875,2.02734375,0
26074418.0,7032.0,1.0,0.4849243164,-0.0623168945,0.6105957031,0.6229858398
26077386.0,2968.0,0.0,11.1015625,-20.01171875,3.1015625,0
26085418.0,8032.0,1.0,0.5078735352,-0.0668334961,0.5947265625,0.6196289063
26088386.0,2968.0,0.0,10.73828125,-16.8046875,2.265625,0
26095418.0,7032.0,1.0,0.5289306641,-0.0708007813,0.5816650391,0.6138916016
26098386.0,2968.0,0.0,9.5078125,-9.53515625,1.1796875,0
26104418.0,6032.0,1.0,0.5502319336,-0.0755004883,0.5690307617,0.6064453125
26107386.0,2968.0,0.0,9.07421875,-8.640625,0.9765625,0
26115418.0,8032.0,1.0,0.5706176758,-0.0805664063,0.5571289063,0.5979003906
26118386.0,2968.0,0.0,8.87109375,-7.75390625,0.7265625,0
26125418.0,7032.0,1.0,0.5891113281,-0.0853271484,0.5467529297,0.5888061523
26128386.0,2968.0,0.0,8.34375,-7.56640625,0.78125,0
26138418.0,10032.0,1.0,0.6056518555,-0.0893554688,0.5380859375,0.5793457031
26141386.0,2968.0,0.0,7.94140625,-7.359375,0.42578125,0
26145418.0,4032.0,1.0,0.621887207,-0.0932617188,0.5299072266,0.5690307617
26148386.0,2968.0,0.0,7.07421875,-7.125,0.53125,0
26154418.0,6032.0,1.0,0.6371459961,-0.0971069336,0.522277832,0.5584106445
26157386.0,2968.0,0.0,6.50390625,-6.84375,0.27734375,0
26164418.0,7032.0,1.0,0.6503295898,-0.1005249023,0.5159301758,0.5484619141
26167386.0,2968.0,0.0,5.9921875,-7.14453125,0.9609375,0
26174418.0,7032.0,1.0,0.6630249023,-0.1034545898,0.5103759766,0.5377197266
26177386.0,2968.0,0.0,6.2890625,-7.25390625,0.8671875,0
26185418.0,8032.0,1.0,0.6743774414,-0.1054077148,0.5064086914,0.5269775391
26188386.0,2968.0,0.0,6.52734375,-6.6328125,1.17578125,0
26195418.0,7032.0,1.0,0.6846923828,-0.1065673828,0.5035400391,0.5160522461
26198386.0,2968.0,0.0,6.56640625,-5.921875,1.12890625,0
26204418.0,6032.0,1.0,0.6936035156,-0.1072387695,0.5015869141,0.5057373047
26207386.0,2968.0,0.0,5.87890625,-3.70703125,0.4375,0
26218418.0,11032.0,1.0,0.7020263672,-0.1080322266,0.5,0.4954223633
26221386.0,2968.0,0.0,5.53515625,-2.75390625,0.48046875,0
26225418.0,4032.0,1.0,0.7100219727,-0.1096801758,0.4985351563,0.4851074219
26228386.0,2968.0,0.0,5.23046875,-2.6640625,0.83984375,0
26235418.0,7032.0,1.0,0.716003418,-0.1115112305,0.4974975586,0.4768676758
26238386.0,2968.0,0.0,5.0390625,-3.18359375,1.09375,0
26244418.0,6032.0,1.0,0.7213745117,-0.1130981445,0.4973144531,0.4685058594
26247386.0,2968.0,0.0,4.14453125,-3.7578125,0.796875,0
26254418.0,7032.0,1.0,0.7260742188,-0.1137695313,0.4983520508,0.4598388672
26257386.0,2968.0,0.0,3.76171875,-2.66796875,0.3515625,0
26265418.0,8032.0,1.0,0.7301025391,-0.1136474609,0.5004272461,0.4512329102
26268386.0,2968.0,0.0,3.6171875,-1.78515625,-0.30078125,0
26275418.0,7032.0,1.0,0.7333984375,-0.1129760742,0.5034179688,0.4426879883
26278386.0,2968.0,0.0,3.80078125,-1.73046875,-1.24609375,0
26284418.0,6032.0,1.0,0.7359619141,-0.1120605469,0.5070800781,0.4343261719
26287386.0,2968.0,0.0,4.0390625,0.078125,-3.0546875,0
26294418.0,7032.0,1.0,0.7377929688,-0.1117553711,0.5109863281,0.4267578125
26297386.0,2968.0,0.0,3.88671875,1.27734375,-3.859375,0
26305418.0,8032.0,1.0,0.7387695313,-0.1124267578,0.5147705078,0.4202270508
26308386.0,2968.0,0.0,3.3984375,1.46875,-4.0859375,0
26314418.0,6032.0,1.0,0.7391357422,-0.1139526367,0.5182495117,0.4149169922
26317386.0,2968.0,0.0,2.79296875,1.484375,-5.1953125,0
26325418.0,8032.0,1.0,0.7389526367,-0.1160888672,0.5216674805,0.4103393555
26328386.0,2968.0,0.0,0.9609375,2.6875,-7.1484375,0
26334418.0,6032.0,1.0,0.73828125,-0.1188354492,0.5249633789,0.4064941406
26337386.0,2968.0,0.0,-0.1484375,2.734375,-7.921875,0
26345418.0,8032.0,1.0,0.7371826172,-0.1221313477,0.5278320313,0.4037475586
26348386.0,2968.0,0.0,-1.296875,2.828125,-7.95703125,0
26354418.0,6032.0,1.0,0.7358398438,-0.1259155273,0.5302734375,0.4019165039
26357386.0,2968.0,0.0,-2.25390625,2.875,-8.375,0
26365418.0,8032.0,1.0,0.7340087891,-0.1304321289,0.5325927734,0.4007568359
26368386.0,2968.0,0.0,-3.40234375,2.82421875,-6.93359375,0
26375418.0,7032.0,1.0,0.7319335938,-0.1349487305,0.5346679688,0.4002075195
26378386.0,2968.0,0.0,-4.2421875,1.453125,-6.359375,0
26385418.0,7032.0,1.0,0.7295532227,-0.1397094727,0.5368652344,0.3999633789
26388386.0,2968.0,0.0,-4.640625,0.08203125,-3.37890625,0
26394418.0,6032.0,1.0,0.7270507813,-0.1440429688,0.5391845703,0.3999023438
26397386.0,2968.0,0.0,-3.53125,-1.640625,-0.08203125,0
26404418.0,7032.0,1.0,0.7240600586,-0.1480102539,0.5422973633,0.3997192383
26407386.0,2968.0,0.0,-2.80078125,-2.9140625,0.15625,0
26415418.0,8032.0,1.0,0.7210083008,-0.1506958008,0.5462036133,0.3988647461
26418386.0,2968.0,0.0,-2.46484375,-3.171875,0.3359375,0
26425418.0,7032.0,1.0,0.7178955078,-0.1517944336,0.5512084961,0.3972167969
26428386.0,2968.0,0.0,-2.35546875,-1.96484375,0.55859375,0
26434418.0,6032.0,1.0,0.7147827148,-0.1512451172,0.5571289063,0.3947143555
26437386.0,2968.0,0.0,-1.93359375,-0.46875,-0.53125,0
26445418.0,8032.0,1.0,0.7116699219,-0.1494140625,0.5638427734,0.3914794922
26448386.0,2968.0,0.0,-1.7109375,0.78515625,-1.51171875,0
26455418.0,7032.0,1.0,0.7084350586,-0.1468505859,0.5710449219,0.3879394531
26458386.0,2968.0,0.0,-1.37109375,1.23046875,-3.09375,0
26465418.0,7032.0,1.0,0.7050170898,-0.1441650391,0.5783081055,0.3843383789
26468386.0,2968.0,0.0,-2.078125,1.08984375,-3.671875,0
26478418.0,10032.0,1.0,0.7015991211,-0.1419677734,0.585144043,0.3811035156
26481386.0,2968.0,0.0,-4.3125,0.19921875,-3.1875,0
26485418.0,4032.0,1.0,0.6975708008,-0.1397094727,0.5926513672,0.3776855469
26489386.0,3968.0,0.0,-4.6640625,1.6015625,-2.41015625,0
26495418.0,6032.0,1.0,0.6939086914,-0.1381225586,0.5991821289,0.3747558594
26498386.0,2968.0,0.0,-5.02734375,-0.97265625,-2.38671875,0
26505418.0,7032.0,1.0,0.6899414063,-0.1370849609,0.6056518555,0.3720092773
26508386.0,2968.0,0.0,-4.43359375,-0.24609375,-2.0078125,0
26515418.0,7032.0,1.0,0.6859130859,-0.1370849609,0.6116333008,0.3696899414
26518386.0,2968.0,0.0,-4.48046875,-0.421875,-3.24609375,0
26525418.0,7032.0,1.0,0.6817626953,-0.1380615234,0.6171264648,0.3678588867
26529386.0,3968.0,0.0,-4.76171875,0.7578125,-4.21484375,0
26535418.0,6032.0,1.0,0.6776733398,-0.1397705078,0.6220703125,0.366394043
26538386.0,2968.0,0.0,-5.7421875,0.05859375,-4.78125,0
26544418.0,6032.0,1.0,0.6740722656,-0.1412963867,0.6264038086,0.3650512695
26547386.0,2968.0,0.0,-5.8359375,-0.828125,-6.1171875,0
26555418.0,8032.0,1.0,0.6703491211,-0.1426391602,0.6310424805,0.3633422852
26558386.0,2968.0,0.0,-4.9765625,0.703125,-6.875,0
26565418.0,7032.0,1.0,0.6668701172,-0.1438598633,0.6354980469,0.3615722656
26568386.0,2968.0,0.0,-4.6484375,0.7421875,-5.953125,0
26575418.0,7032.0,1.0,0.6636352539,-0.1445922852,0.6398925781,0.3594970703
26578386.0,2968.0,0.0,-3.3984375,1.1171875,-5.26171875,0
26584418.0,6032.0,1.0,0.6607055664,-0.1445922852,0.6442871094,0.3569335938
26587386.0,2968.0,0.0,-2.5859375,0.92578125,-3.6875,0
26595418.0,8032.0,1.0,0.6577758789,-0.1441040039,0.6491088867,0.3538208008
26598386.0,2968.0,0.0,-2.953125,2.9375,-3.6484375,0
26605418.0,7032.0,1.0,0.6550292969,-0.1435546875,0.6534423828,0.3510742188
26608386.0,2968.0,0.0,-2.67578125,0.9765625,-5.484375,0
26617418.0,9032.0,1.0,0.6525268555,-0.1430053711,0.6573486328,0.3486938477
26620386.0,2968.0,0.0,-1.8359375,1.23828125,-4.6953125,0
26625418.0,5032.0,1.0,0.6499633789,-0.1422119141,0.6613769531,0.3462524414
26628386.0,2968.0,0.0,-1.015625,2.140625,-3.86328125,0
26635418.0,7032.0,1.0,0.6472167969,-0.141418457,0.6654052734,0.3439941406
26638386.0,2968.0,0.0,-1.05078125,2.5546875,-2.5,0
26645418.0,7032.0,1.0,0.6444702148,-0.1406860352,0.6691894531,0.3421630859
26648386.0,2968.0,0.0,-1.7421875,1.57421875,-1.5234375,0
26655418.0,7032.0,1.0,0.6416015625,-0.1397094727,0.673034668,0.3403930664
26658386.0,2968.0,0.0,-1.89453125,1.0546875,-1.57421875,0
26665418.0,7032.0,1.0,0.638671875,-0.1383056641,0.6768798828,0.3387451172
26668386.0,2968.0,0.0,-1.20703125,-0.80859375,-2.73828125,0
26675418.0,7032.0,1.0,0.6357421875,-0.1365966797,0.6807861328,0.3371582031
26678386.0,2968.0,0.0,-0.9453125,-1.03125,-2.63671875,0
26685418.0,7032.0,1.0,0.6328125,-0.1347045898,0.6846923828,0.3356323242
26688386.0,2968.0,0.0,-0.9453125,-0.48828125,-2.42578125,0
26695418.0,7032.0,1.0,0.629699707,-0.1327514648,0.6885986328,0.3341674805
26698386.0,2968.0,0.0,-1.26171875,-0.22265625,-0.2578125,0
26705418.0,7032.0,1.0,0.6265869141,-0.1307983398,0.6925048828,0.3327636719
26708386.0,2968.0,0.0,-1.53515625,-0.3828125,0.6015625,0
26715418.0,7032.0,1.0,0.6234741211,-0.1288452148,0.6963500977,0.3313598633
26718386.0,2968.0,0.0,-1.3984375,-0.64453125,0.3984375,0
26725418.0,7032.0,1.0,0.6203613281,-0.1267700195,0.7001342773,0.3299560547
26728386.0,2968.0,0.0,-1.29296875,-0.59765625,0.0,0
26734418.0,6032.0,1.0,0.6173706055,-0.1249389648,0.7036743164,0.3287353516
26737386.0,2968.0,0.0,-0.46484375,-1.17578125,0.5,0
26745418.0,8032.0,1.0,0.6140136719,-0.1231079102,0.7075195313,0.3275756836
26748386.0,2968.0,0.0,-0.28125,-0.70703125,0.9921875,0
26755418.0,7032.0,1.0,0.610534668,-0.1215820313,0.7112426758,0.3264770508
26758386.0,2968.0,0.0,-0.48828125,-0.31640625,1.43359375,0
26765418.0,7032.0,1.0,0.6069946289,-0.120300293,0.7149658203,0.325378418
26768386.0,2968.0,0.0,-1.23828125,-0.08203125,1.49609375,0
26774418.0,6032.0,1.0,0.6036987305,-0.1193847656,0.7183227539,0.3244628906
26777386.0,2968.0,0.0,-1.515625,0.9609375,0.0546875,0
26785418.0,8032.0,1.0,0.6002197266,-0.1188354492,0.7217407227,0.3236083984
26788386.0,2968.0,0.0,-0.7265625,0.6015625,-0.72265625,0
26795418.0,7032.0,1.0,0.596862793,-0.1186523438,0.7249145508,0.3227539063
26798386.0,2968.0,0.0,-0.01171875,0.15625,-1.37109375,0
26805418.0,7032.0,1.0,0.5936279297,-0.1187133789,0.7279663086,0.3218383789
26808386.0,2968.0,0.0,1.08984375,0.4140625,-2.11328125,0
26818418.0,10032.0,1.0,0.5905761719,-0.1189575195,0.7308349609,0.3208618164
26821386.0,2968.0,0.0,2.8046875,1.7890625,-0.6171875,0
26825418.0,4032.0,1.0,0.5872802734,-0.1194458008,0.7338867188,0.3197021484
26828386.0,2968.0,0.0,2.94140625,1.703125,0.5859375,0
26835418.0,7032.0,1.0,0.5841064453,-0.1200561523,0.7368164063,0.3185424805
26838386.0,2968.0,0.0,2.55078125,1.51171875,1.1328125,0
26845418.0,7032.0,1.0,0.5807495117,-0.1209716797,0.7397460938,0.317565918
26848386.0,2968.0,0.0,1.15625,1.97265625,0.99609375,0
26855418.0,7032.0,1.0,0.5773925781,-0.1221923828,0.7424316406,0.3169555664
26858386.0,2968.0,0.0,-1.15625,1.28125,-0.60546875,0
26865418.0,7032.0,1.0,0.5740356445,-0.1234741211,0.7449951172,0.3165893555
26868386.0,2968.0,0.0,-1.28515625,0.9765625,-1.62890625,0
26875418.0,7032.0,1.0,0.5708007813,-0.1246948242,0.7473754883,0.3162841797
26878386.0,2968.0,0.0,-0.14453125,1.234375,-1.7890625,0
26885418.0,7032.0,1.0,0.5675048828,-0.1259155273,0.7497558594,0.3161621094
26888386.0,2968.0,0.0,1.5625,-0.390625,0.6640625,0
26895418.0,7032.0,1.0,0.5640258789,-0.1273193359,0.7521972656,0.3160400391
26898386.0,2968.0,0.0,1.66015625,-0.62109375,0.97265625,0
26905418.0,7032.0,1.0,0.5603637695,-0.1287231445,0.7546386719,0.3160400391
26909386.0,3968.0,0.0,1.21875,0.0546875,1.2890625,0
26915418.0,6032.0,1.0,0.5565795898,-0.1301879883,0.7571411133,0.3161621094
26918386.0,2968.0,0.0,0.390625,0.62109375,1.6640625,0
26925418.0,7032.0,1.0,0.5529785156,-0.1315917969,0.7594604492,0.31640625
26928386.0,2968.0,0.0,-0.8515625,1.1875,0.82421875,0
26935418.0,7032.0,1.0,0.5489501953,-0.1331176758,0.7619018555,0.3168945313
26938386.0,2968.0,0.0,-1.51953125,0.5234375,1.984375,0
26945418.0,7032.0,1.0,0.544921875,-0.1345825195,0.7642822266,0.3175048828
26948386.0,2968.0,0.0,-1.16796875,-0.57421875,2.63671875,0
26955418.0,7032.0,1.0,0.5407714844,-0.1358642578,0.7667236328,0.3181152344
26958386.0,2968.0,0.0,-0.6640625,-1.36328125,2.64453125,0
26965418.0,7032.0,1.0,0.5366210938,-0.1369628906,0.7692871094,0.3185424805
26968386.0,2968.0,0.0,-0.41796875,-1.11328125,2.1875,0
26975418.0,7032.0,1.0,0.5321044922,-0.137878418,0.7721557617,0.3187866211
26978386.0,2968.0,0.0,-0.41015625,-1.328125,1.54296875,0
26985418.0,7032.0,1.0,0.5277099609,-0.1385498047,0.7750244141,0.3187255859
26988386.0,2968.0,0.0,-0.6328125,-1.234375,1.015625,0
26995418.0,7032.0,1.0,0.5234375,-0.1392211914,0.7779541016,0.3185424805
26998386.0,2968.0,0.0,-1.015625,-1.09765625,0.34375,0
27005418.0,7032.0,1.0,0.5191650391,-0.1398925781,0.7808227539,0.3182373047
27008386.0,2968.0,0.0,-0.8203125,-0.5859375,0.203125,0
27015418.0,7032.0,1.0,0.5148925781,-0.1406860352,0.7836303711,0.3178710938
27018386.0,2968.0,0.0,-0.53515625,-0.4375,0.296875,0
27025418.0,7032.0,1.0,0.5108642578,-0.1416625977,0.7862548828,0.3175048828
27028386.0,2968.0,0.0,0.19921875,0.08203125,0.375,0
27037418.0,9032.0,1.0,0.5068969727,-0.1430664063,0.7886352539,0.3172607422
27040386.0,2968.0,0.0,1.0859375,0.1484375,0.796875,0
27047418.0,7032.0,1.0,0.5028076172,-0.1450805664,0.7908935547,0.317199707
27050386.0,2968.0,0.0,0.98046875,0.07421875,1.75390625,0
27055418.0,5032.0,1.0,0.4982910156,-0.1478271484,0.7930908203,0.3176269531
27058386.0,2968.0,0.0,0.375,0.671875,1.3046875,0
27065418.0,7032.0,1.0,0.4940185547,-0.1508178711,0.7947998047,0.3184814453
27068386.0,2968.0,0.0,-0.0390625,0.671875,0.83984375,0
27075418.0,7032.0,1.0,0.4896850586,-0.1541748047,0.7963256836,0.3197631836
27078386.0,2968.0,0.0,-1.03125,0.1171875,0.44140625,0
27085418.0,7032.0,1.0,0.4852905273,-0.1576538086,0.7977294922,0.3213500977
27088386.0,2968.0,0.0,-2.31640625,1.17578125,0.3828125,0
27095418.0,7032.0,1.0,0.4808959961,-0.1610717773,0.7990722656,0.3229980469
27098386.0,2968.0,0.0,-2.00390625,1.16015625,0.09765625,0
27105418.0,7032.0,1.0,0.4764404297,-0.1643066406,0.8003540039,0.3247070313
27108386.0,2968.0,0.0,-1.95703125,0.9921875,0.078125,0
27115418.0,7032.0,1.0,0.4721679688,-0.167175293,0.8016967773,0.3262329102
27118386.0,2968.0,0.0,-2.83203125,1.78125,0.68359375,0
27125418.0,7032.0,1.0,0.4675292969,-0.1699829102,0.8032226563,0.3276977539
27128386.0,2968.0,0.0,-3.33203125,1.90234375,0.75390625,0
27135418.0,7032.0,1.0,0.4629516602,-0.1723632813,0.8048095703,0.3291015625
27138386.0,2968.0,0.0,-3.4765625,1.10546875,0.6953125,0
27145418.0,7032.0,1.0,0.4583129883,-0.1742553711,0.8065185547,0.3303833008
27148386.0,2968.0,0.0,-4.015625,0.96484375,0.6796875,0
27155418.0,7032.0,1.0,0.4537353516,-0.1756591797,0.8082275391,0.3316650391
27158386.0,2968.0,0.0,-5.125,1.15625,0.78125,0
27165418.0,7032.0,1.0,0.4486083984,-0.176574707,0.8103027344,0.333190918
27168386.0,2968.0,0.0,-5.25,0.26953125,1.38671875,0
27175418.0,7032.0,1.0,0.4431762695,-0.1768188477,0.8125610352,0.334777832
27178386.0,2968.0,0.0,-5.42578125,0.18359375,1.94921875,0
27185418.0,7032.0,1.0,0.4375610352,-0.1761474609,0.8151245117,0.3362426758
27188386.0,2968.0,0.0,-5.56640625,-0.109375,3.21484375,0
27200418.0,12032.0,1.0,0.4320068359,-0.1744995117,0.8180541992,0.3372802734
27204386.0,3968.0,0.0,-5.66796875,-0.9140625,4.171875,0
27207418.0,3032.0,1.0,0.4259643555,-0.1712036133,0.8217773438,0.3375244141
27210386.0,2968.0,0.0,-5.74609375,-0.9765625,4.265625,0
27215418.0,5032.0,1.0,0.4196777344,-0.1660766602,0.8264770508,0.3364257813
27218386.0,2968.0,0.0,-5.875,-1.1328125,4.4140625,0
27225418.0,7032.0,1.0,0.4138183594,-0.1593017578,0.8318481445,0.3338623047
27228386.0,2968.0,0.0,-5.93359375,-1.05078125,4.30859375,0
27235418.0,7032.0,1.0,0.4078979492,-0.1505737305,0.8380126953,0.3297119141
27238386.0,2968.0,0.0,-6.921875,0.8203125,3.484375,0
27245418.0,7032.0,1.0,0.4022216797,-0.1405029297,0.8444824219,0.3245849609
27248386.0,2968.0,0.0,-8.640625,3.09375,3.10546875,0
27255418.0,7032.0,1.0,0.3964233398,-0.1287841797,0.8512573242,0.3187866211
27258386.0,2968.0,0.0,-10.4140625,5.265625,1.94921875,0
27265418.0,7032.0,1.0,0.3908081055,-0.1159057617,0.8577880859,0.3131103516
27268386.0,2968.0,0.0,-13.6015625,9.96484375,-1.6484375,0
27275418.0,7032.0,1.0,0.3851928711,-0.1021118164,0.8637084961,0.3085327148
27278386.0,2968.0,0.0,-15.63671875,12.60546875,-2.78515625,0
27285418.0,7032.0,1.0,0.3795166016,-0.0874023438,0.8687133789,0.3060913086
27288386.0,2968.0,0.0,-16.88671875,14.21875,-3.94140625,0
27296418.0,8032.0,1.0,0.3739624023,-0.0736083984,0.8719482422,0.3073730469
27299386.0,2968.0,0.0,-16.7890625,17.28125,-4.515625,0
27305418.0,6032.0,1.0,0.3678588867,-0.0600585937,0.8729248047,0.3148193359
27308386.0,2968.0,0.0,-9.23828125,20.140625,-1.45703125,0
27315418.0,7032.0,1.0,0.361328125,-0.0482177734,0.8707885742,0.3298339844
27318386.0,2968.0,0.0,-4.69921875,16.12109375,-0.1328125,0
27325418.0,7032.0,1.0,0.3549194336,-0.0373535156,0.8673095703,0.3469848633
27328386.0,2968.0,0.0,-3.0703125,-0.8203125,3.2890625,0
27335418.0,7032.0,1.0,0.3497924805,-0.0234985352,0.8645629883,0.3599853516
27338386.0,2968.0,0.0,-2.71484375,-6.67578125,8.92578125,0
27345418.0,7032.0,1.0,0.3480834961,-0.010559082,0.8588256836,0.3757324219
27348386.0,2968.0,0.0,-1.24609375,43.8671875,-7.8671875,0
27355418.0,7032.0,1.0,0.3506469727,-0.0012207031,0.8433837891,0.4071655273
27358386.0,2968.0,0.0,-0.17578125,31.97265625,-18.671875,0
27365418.0,7032.0,1.0,0.3570556641,0.0029296875,0.8212890625,0.4449462891
27368386.0,2968.0,0.0,4.46484375,19.70703125,-26.16015625,0
27377418.0,9032.0,1.0,0.3664550781,0.0037841797,0.7954101563,0.4827270508
27380386.0,2968.0,0.0,9.484375,3.41015625,-28.99609375,0
27388418.0,8032.0,1.0,0.3784790039,0.0026245117,0.7678222656,0.5169677734
27391386.0,2968.0,0.0,6.07421875,-9.94921875,-11.8671875,0
27395418.0,4032.0,1.0,0.393371582,0.0001831055,0.7398681641,0.5457763672
27398386.0,2968.0,0.0,1.171875,-14.83984375,-3.37109375,0
27405418.0,7032.0,1.0,0.41015625,-0.0035400391,0.7131347656,0.5685424805
27408386.0,2968.0,0.0,0.29296875,-20.37109375,-3.4375,0
27417418.0,9032.0,1.0,0.4278564453,-0.0084838867,0.6879882813,0.5861816406
27420386.0,2968.0,0.0,2.5,-18.69140625,0.43359375,0
27428418.0,8032.0,1.0,0.4470825195,-0.0142211914,0.6635742188,0.5996704102
27431386.0,2968.0,0.0,6.3359375,-22.2265625,-1.01171875,0
27435418.0,4032.0,1.0,0.4676513672,-0.020324707,0.6406860352,0.6086425781
27438386.0,2968.0,0.0,6.7734375,-22.125,1.16015625,0
27446418.0,8032.0,1.0,0.4882202148,-0.0261230469,0.6207275391,0.6129150391
27449386.0,2968.0,0.0,8.30078125,-21.15625,1.86328125,0
27455418.0,6032.0,1.0,0.5082397461,-0.0310668945,0.6042480469,0.6129150391
27458386.0,2968.0,0.0,9.390625,-16.796875,1.6953125,0
27465418.0,7032.0,1.0,0.5278320313,-0.0353393555,0.5902709961,0.6096801758
27468386.0,2968.0,0.0,8.7734375,-14.09765625,1.09765625,0
27477418.0,9032.0,1.0,0.5458374023,-0.0393066406,0.5785522461,0.6047973633
27480386.0,2968.0,0.0,8.59375,-11.921875,-0.27734375,0
27487418.0,7032.0,1.0,0.5639648438,-0.0438232422,0.5672607422,0.5985107422
27490386.0,2968.0,0.0,8.41796875,-10.203125,-0.55859375,0
27495418.0,5032.0,1.0,0.5809936523,-0.0485839844,0.5568847656,0.5915527344
27498386.0,2968.0,0.0,8.52734375,-8.5859375,-1.0546875,0
27505418.0,7032.0,1.0,0.5972290039,-0.0534057617,0.5473632813,0.5838012695
27508386.0,2968.0,0.0,8.26171875,-7.6796875,-0.59765625,0
27515418.0,7032.0,1.0,0.6123657227,-0.0578613281,0.5389404297,0.5755004883
27518386.0,2968.0,0.0,8.01953125,-6.76953125,-0.96875,0
27525418.0,7032.0,1.0,0.6263427734,-0.0621337891,0.5313110352,0.5670166016
27528386.0,2968.0,0.0,7.60546875,-5.76171875,-0.84765625,0
27540418.0,12032.0,1.0,0.6389160156,-0.06640625,0.5245361328,0.5587768555
27545386.0,4968.0,0.0,6.03125,-5.48828125,0.05078125,0
27548418.0,3032.0,1.0,0.6507568359,-0.0708618164,0.5182495117,0.5504150391
27551386.0,2968.0,0.0,6.109375,-5.26171875,-0.06640625,0
27555418.0,4032.0,1.0,0.6619262695,-0.0755004883,0.5124511719,0.541809082
27558386.0,2968.0,0.0,6.0234375,-5.87109375,0.33203125,0
27566418.0,8032.0,1.0,0.6721801758,-0.0797729492,0.5075683594,0.5330810547
27569386.0,2968.0,0.0,6.05078125,-6.08203125,0.734375,0
27575418.0,6032.0,1.0,0.6812744141,-0.0833129883,0.5039672852,0.5243530273
27578386.0,2968.0,0.0,5.8359375,-5.546875,1.4375,0
27585418.0,7032.0,1.0,0.6895141602,-0.0861206055,0.5014038086,0.5155639648
27588386.0,2968.0,0.0,5.390625,-4.76953125,1.66796875,0
27595418.0,7032.0,1.0,0.6970214844,-0.0883789063,0.4996948242,0.5065917969
27598386.0,2968.0,0.0,5.01953125,-4.00390625,1.375,0
27606418.0,8032.0,1.0,0.7036132813,-0.0903320313,0.4987792969,0.4979858398
27609386.0,2968.0,0.0,4.56640625,-3.37109375,1.0546875,0
27621418.0,12032.0,1.0,0.7091674805,-0.0919799805,0.4984130859,0.4900512695
27626418.0,5000.0,1.0,0.7144165039,-0.0939331055,0.4984741211,0.4819335938
27628386.0,1968.0,0.0,3.7421875,-1.10546875,-0.28515625,0
27635418.0,7032.0,1.0,0.7189331055,-0.0962524414,0.4987182617,0.4744873047
27638386.0,2968.0,0.0,3.48046875,-1.02734375,-0.578125,0
27645418.0,7032.0,1.0,0.72265625,-0.098815918,0.4991455078,0.4678344727
27648386.0,2968.0,0.0,2.984375,-1.84765625,-0.72265625,0
27655418.0,7032.0,1.0,0.725769043,-0.1015014648,0.4998779297,0.4616088867
27658386.0,2968.0,0.0,2.609375,-2.01171875,-1.12109375,0
27665418.0,7032.0,1.0,0.7283935547,-0.1038818359,0.5010986328,0.4556274414
27669386.0,3968.0,0.0,2.1875,-2.26171875,-1.5859375,0
27675418.0,6032.0,1.0,0.7305297852,-0.10546875,0.5030517578,0.4496459961
27678386.0,2968.0,0.0,1.84375,-2.4609375,-1.81640625,0
27685418.0,7032.0,1.0,0.7322387695,-0.1065063477,0.5054931641,0.4438476563
27688386.0,2968.0,0.0,1.203125,0.16015625,-2.56640625,0
27695418.0,7032.0,1.0,0.733581543,-0.1077880859,0.5083007813,0.4381103516
27698386.0,2968.0,0.0,1.203125,0.90625,-3.30859375,0
27705418.0,7032.0,1.0,0.734375,-0.1096191406,0.5107421875,0.4334106445
27708386.0,2968.0,0.0,1.2421875,1.38671875,-3.484375,0
27715418.0,7032.0,1.0,0.7348022461,-0.1118774414,0.5130004883,0.4293823242
27718386.0,2968.0,0.0,1.2421875,1.48046875,-4.04296875,0
27725418.0,7032.0,1.0,0.7349243164,-0.1140136719,0.5151367188,0.4260253906
27728386.0,2968.0,0.0,0.77734375,1.14453125,-4.63671875,0
27735418.0,7032.0,1.0,0.7349243164,-0.116027832,0.5173950195,0.4227294922
27738386.0,2968.0,0.0,0.31640625,1.4609375,-4.19921875,0
27745418.0,7032.0,1.0,0.7346191406,-0.1178588867,0.5196533203,0.419921875
27748386.0,2968.0,0.0,0.00390625,1.26953125,-3.76953125,0
27755418.0,7032.0,1.0,0.7341308594,-0.1195678711,0.5218505859,0.4176025391
27758386.0,2968.0,0.0,-0.31640625,0.984375,-3.6015625,0
27765418.0,7032.0,1.0,0.7333984375,-0.1211547852,0.5240478516,0.4156494141
27768386.0,2968.0,0.0,-1.05859375,0.7109375,-2.96484375,0
27780418.0,12032.0,1.0,0.7324829102,-0.1227416992,0.5263061523,0.4140625
27784386.0,3968.0,0.0,-1.79296875,0.34375,-2.6484375,0
27787418.0,3032.0,1.0,0.7313232422,-0.1243896484,0.528503418,0.4127807617
27790386.0,2968.0,0.0,-2.5,0.17578125,-2.09765625,0
27795418.0,5032.0,1.0,0.7298583984,-0.1262817383,0.5310058594,0.4116821289
27798386.0,2968.0,0.0,-2.4765625,0.19140625,-2.02734375,0
27805418.0,7032.0,1.0,0.7282714844,-0.1280517578,0.5334472656,0.4107055664
27808386.0,2968.0,0.0,-3.5625,-1.37109375,-2.15625,0
27815418.0,7032.0,1.0,0.7266235352,-0.129699707,0.5360107422,0.4097290039
27818386.0,2968.0,0.0,-4.15234375,-1.203125,-1.75390625,0
27826418.0,8032.0,1.0,0.7249145508,-0.1311035156,0.5388793945,0.4085693359
27829386.0,2968.0,0.0,-4.65625,-1.04296875,-1.5703125,0
27835418.0,6032.0,1.0,0.7231445313,-0.1320800781,0.542175293,0.407043457
27838386.0,2968.0,0.0,-4.90234375,-0.8515625,-2.37109375,0
27845418.0,7032.0,1.0,0.7213134766,-0.1326293945,0.5457763672,0.4052734375
27848386.0,2968.0,0.0,-4.7265625,0.09765625,-3.13671875,0
27855418.0,7032.0,1.0,0.7194213867,-0.1328125,0.5497436523,0.403137207
27858386.0,2968.0,0.0,-4.49609375,0.7421875,-3.6171875,0
27866418.0,8032.0,1.0,0.717590332,-0.1326293945,0.5540161133,0.4006958008
27869386.0,2968.0,0.0,-3.93359375,1.4921875,-3.87890625,0
27875418.0,6032.0,1.0,0.7158203125,-0.1323242188,0.5581665039,0.3981933594
27878386.0,2968.0,0.0,-3.29296875,2.2890625,-2.94140625,0
27885418.0,7032.0,1.0,0.7139282227,-0.132019043,0.5625610352,0.3954467773
27888386.0,2968.0,0.0,-2.9140625,1.890625,-2.73046875,0
27895418.0,7032.0,1.0,0.712097168,-0.1317749023,0.5668334961,0.3927001953
27898386.0,2968.0,0.0,-2.25,2.19140625,-1.90234375,0
27906418.0,8032.0,1.0,0.7102661133,-0.131652832,0.5710449219,0.3900146484
27909386.0,2968.0,0.0,-1.48046875,1.4921875,-0.66015625,0
27915418.0,6032.0,1.0,0.7083740234,-0.1315917969,0.5752563477,0.3872680664
27918386.0,2968.0,0.0,-0.03125,-0.58984375,-0.265625,0
27925418.0,7032.0,1.0,0.7061767578,-0.1314086914,0.5800170898,0.3842163086
27928386.0,2968.0,0.0,-0.1640625,-0.015625,-0.07421875,0
27935418.0,7032.0,1.0,0.7038574219,-0.1312866211,0.5850219727,0.3809814453
27938386.0,2968.0,0.0,-0.8203125,0.55078125,-0.38671875,0
27946418.0,8032.0,1.0,0.7015380859,-0.1311645508,0.58984375,0.3778076172
27949386.0,2968.0,0.0,-1.7109375,0.734375,-1.34765625,0
27955418.0,6032.0,1.0,0.6992797852,-0.1311645508,0.5946044922,0.3745727539
27958386.0,2968.0,0.0,-1.83203125,2.41796875,-2.65625,0
27966418.0,8032.0,1.0,0.6970214844,-0.1314086914,0.5991821289,0.3713989258
27970386.0,3968.0,0.0,-1.80859375,2.6015625,-2.9296875,0
27977418.0,7032.0,1.0,0.6948242188,-0.132019043,0.6033935547,0.3684082031
27980386.0,2968.0,0.0,-2.04296875,2.2734375,-3.5546875,0
27987418.0,7032.0,1.0,0.6926879883,-0.1330566406,0.6073608398,0.3655395508
27990386.0,2968.0,0.0,-2.13671875,2.28125,-3.0703125,0
27997418.0,7032.0,1.0,0.6904907227,-0.1343994141,0.6111450195,0.3627929688
28000386.0,2968.0,0.0,-3.33203125,1.953125,-3.73828125,0
28005418.0,5032.0,1.0,0.6883544922,-0.1362304688,0.6147460938,0.360168457
28008386.0,2968.0,0.0,-3.23046875,0.71875,-3.7109375,0
28016418.0,8032.0,1.0,0.6860961914,-0.138671875,0.6180419922,0.3579101563
28019386.0,2968.0,0.0,-3.12109375,1.85546875,-2.8515625,0
28026418.0,7032.0,1.0,0.6839599609,-0.1414794922,0.6208496094,0.3560180664
28029386.0,2968.0,0.0,-4.2109375,2.19140625,-3.72265625,0
28035418.0,6032.0,1.0,0.6819458008,-0.14453125,0.6234130859,0.3542480469
28038386.0,2968.0,0.0,-4.25390625,2.3828125,-3.98828125,0
28046418.0,8032.0,1.0,0.6801147461,-0.147277832,0.625793457,0.3524169922
28050386.0,3968.0,0.0,-3.96484375,0.65234375,-3.94921875,0
28056418.0,6032.0,1.0,0.6783447266,-0.1498413086,0.6281738281,0.3504638672
28059386.0,2968.0,0.0,-3.18359375,0.69921875,-3.52734375,0
28065418.0,6032.0,1.0,0.676574707,-0.1524047852,0.6303710938,0.348815918
28068386.0,2968.0,0.0,-2.46875,0.4921875,-2.421875,0
28076418.0,8032.0,1.0,0.6745605469,-0.1552124023,0.6326293945,0.3473510742
28079386.0,2968.0,0.0,-2.33984375,-0.31640625,-2.26953125,0
28086418.0,7032.0,1.0,0.6725463867,-0.1577148438,0.6348266602,0.3461303711
28089386.0,2968.0,0.0,-2.1171875,-0.1328125,-2.265625,0
28096418.0,7032.0,1.0,0.6705322266,-0.1599121094,0.6370849609,0.344909668
28099386.0,2968.0,0.0,-2.17578125,0.41796875,-2.11328125,0
28105418.0,6032.0,1.0,0.6685791016,-0.1616210938,0.6394042969,0.3436279297
28108386.0,2968.0,0.0,-1.82421875,0.59375,-1.66015625,0
28115418.0,7032.0,1.0,0.6664428711,-0.1627807617,0.6422119141,0.3419189453
28118386.0,2968.0,0.0,-2.26953125,0.44140625,-2.078125,0
28126418.0,8032.0,1.0,0.6644287109,-0.1633300781,0.6451416016,0.3400268555
28129386.0,2968.0,0.0,-1.6796875,1.26171875,-1.9921875,0
28136418.0,7032.0,1.0,0.6624145508,-0.1635742188,0.6481933594,0.3381347656
28139386.0,2968.0,0.0,-1.8984375,1.17578125,-2.02734375,0
28146418.0,7032.0,1.0,0.6604003906,-0.1633911133,0.6512451172,0.3362426758
28149386.0,2968.0,0.0,-1.890625,0.75,-1.64453125,0
28156418.0,7032.0,1.0,0.6583251953,-0.1628417969,0.6544189453,0.3343505859
28159386.0,2968.0,0.0,-1.8828125,-0.41015625,0.01171875,0
28166418.0,7032.0,1.0,0.6561889648,-0.1619873047,0.6577758789,0.3323364258
28169386.0,2968.0,0.0,-1.33984375,-1.57421875,0.09765625,0
28176418.0,7032.0,1.0,0.6539916992,-0.1607055664,0.6613769531,0.3302612305
28179386.0,2968.0,0.0,-1.06640625,-0.78515625,0.22265625,0
28186418.0,7032.0,1.0,0.6516113281,-0.1590576172,0.6651611328,0.3280639648
28189386.0,2968.0,0.0,-0.94921875,-1.046875,-0.3359375,0
28199418.0,10032.0,1.0,0.6494140625,-0.1572875977,0.6688232422,0.3259277344
28202386.0,2968.0,0.0,-0.71875,-0.6484375,-1.24609375,0
28209418.0,7032.0,1.0,0.6468505859,-0.1552124023,0.6728515625,0.3236083984
28212386.0,2968.0,0.0,-0.296875,-0.37109375,-1.49609375,0
28216418.0,4032.0,1.0,0.6444702148,-0.1536254883,0.6764526367,0.3216552734
28219386.0,2968.0,0.0,-0.52734375,-0.12890625,-0.29296875,0
28226418.0,7032.0,1.0,0.6420898438,-0.1524047852,0.6798095703,0.3199462891
28229386.0,2968.0,0.0,-1.02734375,-0.94921875,0.8984375,0
28236418.0,7032.0,1.0,0.6395263672,-0.1514282227,0.6832885742,0.3181152344
28239386.0,2968.0,0.0,-0.60546875,-0.734375,0.84765625,0
28246418.0,7032.0,1.0,0.6369628906,-0.1505737305,0.6867675781,0.3162231445
28249386.0,2968.0,0.0,-0.49609375,0.3984375,0.2734375,0
28255418.0,6032.0,1.0,0.6345825195,-0.1499023438,0.6899414063,0.3143310547
28258386.0,2968.0,0.0,1.50390625,0.35546875,-1.01171875,0
28266418.0,8032.0,1.0,0.6321411133,-0.1494140625,0.6932373047,0.3122558594
28269386.0,2968.0,0.0,2.0703125,0.046875,-1.578125,0
28276418.0,7032.0,1.0,0.6297607422,-0.1494140625,0.6962280273,0.3103027344
28279386.0,2968.0,0.0,1.80078125,-0.0390625,-1.4921875,0
28286418.0,7032.0,1.0,0.6273803711,-0.1499023438,0.6990356445,0.3087158203
28289386.0,2968.0,0.0,1.00390625,0.16015625,-1.109375,0
28295418.0,6032.0,1.0,0.625,-0.1509399414,0.7014770508,0.307434082
28298386.0,2968.0,0.0,-0.48828125,-0.13671875,-1.2578125,0
28306418.0,8032.0,1.0,0.6224975586,-0.1525268555,0.7038574219,0.3063964844
28309386.0,2968.0,0.0,-0.87109375,0.26171875,-0.5,0
28316418.0,7032.0,1.0,0.6198730469,-0.1544189453,0.7060546875,0.3055419922
28319386.0,2968.0,0.0,-0.7109375,0.23046875,0.15234375,0
28326418.0,7032.0,1.0,0.6173706055,-0.1563110352,0.708190918,0.3046875
28329386.0,2968.0,0.0,-0.453125,-0.17578125,0.38671875,0
28336418.0,7032.0,1.0,0.6148071289,-0.1580810547,0.7104492188,0.3038330078
28339386.0,2968.0,0.0,-0.26171875,-0.203125,0.33984375,0
28346418.0,7032.0,1.0,0.6121826172,-0.1596069336,0.7127685547,0.3028564453
28349386.0,2968.0,0.0,0.0078125,-0.76171875,-0.078125,0
28356418.0,7032.0,1.0,0.6094970703,-0.1607055664,0.7152709961,0.3017578125
28359386.0,2968.0,0.0,0.34375,-0.6796875,-0.23046875,0
28366418.0,7032.0,1.0,0.6068725586,-0.1614990234,0.7177734375,0.3006591797
28369386.0,2968.0,0.0,0.4140625,-0.15234375,0.15234375,0
28376418.0,7032.0,1.0,0.6041259766,-0.1619873047,0.7205200195,0.2994995117
28379386.0,2968.0,0.0,0.4609375,-0.52734375,1.87890625,0
28386418.0,7032.0,1.0,0.6010742188,-0.1622924805,0.723449707,0.2982788086
28390386.0,3968.0,0.0,0.484375,-0.7265625,2.0859375,0
28396418.0,6032.0,1.0,0.5980224609,-0.1624755859,0.7265014648,0.2969970703
28399386.0,2968.0,0.0,0.12109375,-0.96484375,1.66796875,0
28406418.0,7032.0,1.0,0.594909668,-0.1624145508,0.7295532227,0.295715332
28409386.0,2968.0,0.0,-0.23828125,-1.046875,0.6796875,0
28421418.0,12032.0,1.0,0.5919189453,-0.1622314453,0.7325439453,0.2943725586
28425386.0,3968.0,0.0,0.51953125,-0.86328125,0.16015625,0
28428418.0,3032.0,1.0,0.5889892578,-0.1619262695,0.7355957031,0.29296875
28431386.0,2968.0,0.0,0.50390625,-1.0625,0.4375,0
28436418.0,5032.0,1.0,0.5856323242,-0.1617431641,0.7388916016,0.2914428711
28439386.0,2968.0,0.0,0.48828125,-1.078125,0.5234375,0
28446418.0,7032.0,1.0,0.5826416016,-0.1616821289,0.7417602539,0.2901000977
28449386.0,2968.0,0.0,0.08984375,-0.50390625,1.22265625,0
28456418.0,7032.0,1.0,0.5792236328,-0.1618652344,0.7449951172,0.2886962891
28459386.0,2968.0,0.0,0.07421875,-0.2734375,0.55078125,0
28466418.0,7032.0,1.0,0.5758666992,-0.1621704102,0.7479858398,0.2874755859
28469386.0,2968.0,0.0,0.40234375,0.09375,0.1484375,0
28476418.0,7032.0,1.0,0.5726928711,-0.1626586914,0.7507324219,0.2863769531
28479386.0,2968.0,0.0,0.38671875,0.20703125,0.0703125,0
28485418.0,6032.0,1.0,0.5695800781,-0.1635131836,0.7532348633,0.2854614258
28488386.0,2968.0,0.0,0.6328125,-0.17578125,0.03515625,0
28496418.0,8032.0,1.0,0.5661010742,-0.1649780273,0.7557983398,0.2848510742
28499386.0,2968.0,0.0,0.5390625,0.0234375,0.7734375,0
28506418.0,7032.0,1.0,0.5625610352,-0.1669921875,0.7581176758,0.2845458984
28509386.0,2968.0,0.0,0.37109375,-0.44140625,1.73046875,0
28516418.0,7032.0,1.0,0.5587768555,-0.1694335938,0.7603149414,0.2845458984
28519386.0,2968.0,0.0,0.203125,-0.55078125,2.73828125,0
28526418.0,7032.0,1.0,0.5549926758,-0.1720581055,0.762512207,0.2846069336
28529386.0,2968.0,0.0,0.984375,-0.05078125,2.31640625,0
28536418.0,7032.0,1.0,0.5511474609,-0.1746826172,0.7646484375,0.2846679688
28539386.0,2968.0,0.0,1.04296875,-0.3515625,1.67578125,0
28546418.0,7032.0,1.0,0.5473632813,-0.176940918,0.7669677734,0.284362793
28549386.0,2968.0,0.0,0.63671875,-0.96484375,1.0625,0
28556418.0,7032.0,1.0,0.5435791016,-0.1789550781,0.7694091797,0.2836914063
28559386.0,2968.0,0.0,0.1171875,-0.80859375,0.19140625,0
28566418.0,7032.0,1.0,0.539855957,-0.1805419922,0.7720336914,0.2827148438
28569386.0,2968.0,0.0,-0.05859375,-0.45703125,0.35546875,0
28576418.0,7032.0,1.0,0.5361328125,-0.1818847656,0.7747192383,0.2814941406
28579386.0,2968.0,0.0,0.375,-0.02734375,0.9375,0
28586418.0,7032.0,1.0,0.532409668,-0.1830444336,0.7775268555,0.2801513672
28589386.0,2968.0,0.0,0.91796875,-0.2109375,1.22265625,0
28596418.0,7032.0,1.0,0.5286865234,-0.1840209961,0.7803344727,0.2787475586
28599386.0,2968.0,0.0,1.47265625,-0.09765625,1.30859375,0
28606418.0,7032.0,1.0,0.5248413086,-0.1850585938,0.783203125,0.27734375
28609386.0,2968.0,0.0,1.66796875,-0.44140625,0.98046875,0
28619418.0,10032.0,1.0,0.5209960938,-0.1860351563,0.7860107422,0.2760009766
28622386.0,2968.0,0.0,1.37109375,0.140625,1.11328125,0
28629418.0,7032.0,1.0,0.5167236328,-0.1871948242,0.7889404297,0.2747802734
28632386.0,2968.0,0.0,0.91796875,0.828125,1.66796875,0
28636418.0,4032.0,1.0,0.5123901367,-0.1885986328,0.7917480469,0.2738647461
28639386.0,2968.0,0.0,0.3046875,1.3671875,2.14453125,0
28646418.0,7032.0,1.0,0.5078735352,-0.1901855469,0.7944335938,0.2733764648
28649386.0,2968.0,0.0,-0.1875,1.3984375,2.078125,0
28656418.0,7032.0,1.0,0.5030517578,-0.1919555664,0.7971191406,0.2732543945
28659386.0,2968.0,0.0,0.07421875,1.2265625,2.0546875,0
28666418.0,7032.0,1.0,0.4981689453,-0.1936035156,0.7997436523,0.2733764648
28669386.0,2968.0,0.0,-0.12109375,0.5234375,2.109375,0
28676418.0,7032.0,1.0,0.4929199219,-0.1951293945,0.8025512695,0.2735595703
28679386.0,2968.0,0.0,-0.703125,-0.265625,0.59765625,0
28686418.0,7032.0,1.0,0.4880981445,-0.1961669922,0.8052978516,0.2734985352
28689386.0,2968.0,0.0,-0.51953125,0.12890625,0.30078125,0
28696418.0,7032.0,1.0,0.4830322266,-0.1968383789,0.8082885742,0.2731323242
28699386.0,2968.0,0.0,-0.0390625,0.30078125,0.1640625,0
28706418.0,7032.0,1.0,0.4781494141,-0.197265625,0.811340332,0.2724609375
28709386.0,2968.0,0.0,0.06640625,0.4375,0.49609375,0
28716418.0,7032.0,1.0,0.4730834961,-0.1976318359,0.8145141602,0.2715454102
28719386.0,2968.0,0.0,-0.29296875,0.11328125,1.46875,0
28726418.0,7032.0,1.0,0.4678955078,-0.1979980469,0.8176269531,0.2707519531
28729386.0,2968.0,0.0,-1.0390625,0.16796875,1.30078125,0
28736418.0,7032.0,1.0,0.4627075195,-0.1985473633,0.8206787109,0.2702636719
28739386.0,2968.0,0.0,-1.51171875,0.52734375,0.9375,0
28746418.0,7032.0,1.0,0.4571533203,-0.1992797852,0.8236083984,0.2702026367
28749386.0,2968.0,0.0,-1.68359375,-0.65234375,0.45703125,0
28756418.0,7032.0,1.0,0.4514770508,-0.2001342773,0.8263549805,0.2705688477
28759386.0,2968.0,0.0,-2.359375,0.00390625,-0.140625,0
28766418.0,7032.0,1.0,0.4456787109,-0.2010498047,0.8290405273,0.2714233398
28770386.0,3968.0,0.0,-2.91015625,0.38671875,-0.3125,0
28776418.0,6032.0,1.0,0.4397583008,-0.2021484375,0.8314819336,0.2727661133
28779386.0,2968.0,0.0,-3.36328125,0.9453125,-0.19921875,0
28786418.0,7032.0,1.0,0.4337158203,-0.2032470703,0.8337402344,0.2747192383
28789386.0,2968.0,0.0,-5.1875,0.31640625,-0.15625,0
28801418.0,12032.0,1.0,0.4276733398,-0.2041625977,0.8358154297,0.2771606445
28805386.0,3968.0,0.0,-6.5859375,-0.4453125,-0.28125,0
28808418.0,3032.0,1.0,0.4213256836,-0.2045288086,0.8380126953,0.2799072266
28811386.0,2968.0,0.0,-6.65625,-0.515625,-0.2109375,0
28816418.0,5032.0,1.0,0.4147338867,-0.2038574219,0.8405761719,0.2826538086
28819386.0,2968.0,0.0,-6.65625,-0.68359375,-0.71484375,0
28826418.0,7032.0,1.0,0.4086303711,-0.201965332,0.8433227539,0.2847290039
28829386.0,2968.0,0.0,-7.8828125,-0.65625,0.890625,0
28836418.0,7032.0,1.0,0.4020385742,-0.1979980469,0.8469848633,0.285949707
28839386.0,2968.0,0.0,-8.3125,-1.4765625,3.12890625,0
28846418.0,7032.0,1.0,0.3958129883,-0.1918945313,0.8515014648,0.2854614258
28849386.0,2968.0,0.0,-8.9921875,-1.484375,4.140625,0
28856418.0,7032.0,1.0,0.389831543,-0.1831054688,0.8569946289,0.2829589844
28859386.0,2968.0,0.0,-9.4765625,-2.359375,4.78515625,0
28866418.0,7032.0,1.0,0.3840332031,-0.1709594727,0.8637084961,0.2779541016
28869386.0,2968.0,0.0,-11.1328125,0.02734375,5.1953125,0
28876418.0,7032.0,1.0,0.37890625,-0.1567382813,0.8707275391,0.271484375
28879386.0,2968.0,0.0,-11.6328125,1.890625,4.484375,0
28886418.0,7032.0,1.0,0.3736572266,-0.1398925781,0.8779907227,0.2644042969
28889386.0,2968.0,0.0,-11.34375,4.828125,2.98828125,0
28898418.0,9032.0,1.0,0.368347168,-0.1229248047,0.8840942383,0.2598876953
28901386.0,2968.0,0.0,-10.2890625,7.08203125,1.2265625,0
28909418.0,8032.0,1.0,0.362121582,-0.1057739258,0.888671875,0.2607421875
28912386.0,2968.0,0.0,-5.98828125,13.94921875,-2.02734375,0
28916418.0,4032.0,1.0,0.3546142578,-0.0903930664,0.8905029297,0.270324707
28919386.0,2968.0,0.0,-3.58984375,14.87890625,-2.5625,0
28926418.0,7032.0,1.0,0.3460693359,-0.0791625977,0.8889160156,0.2893676758
28929386.0,2968.0,0.0,-1.00390625,12.77734375,-3.875,0
28936418.0,7032.0,1.0,0.3359375,-0.0712890625,0.8840942383,0.3169555664
28939386.0,2968.0,0.0,-1.58203125,-2.20703125,3.1015625,0
28946418.0,7032.0,1.0,0.3246459961,-0.0648193359,0.8770141602,0.3482055664
28949386.0,2968.0,0.0,-3.41796875,-7.3515625,7.43359375,0
28959418.0,10032.0,1.0,0.313293457,-0.0583496094,0.8696899414,0.376953125
28962386.0,2968.0,0.0,-0.3203125,-12.51953125,0.9296875,0
28969418.0,7032.0,1.0,0.3010253906,-0.0488891602,0.8635253906,0.4016113281
28972386.0,2968.0,0.0,4.41796875,-21.0,-1.9765625,0
28977418.0,5032.0,1.0,0.2916259766,-0.0363769531,0.8609008789,0.4153442383
28980386.0,2968.0,0.0,8.11328125,-8.80078125,4.1484375,0
28986418.0,6032.0,1.0,0.2846069336,-0.0216064453,0.8596801758,0.4236450195
28989386.0,2968.0,0.0,7.84765625,-4.796875,0.68359375,0
28996418.0,7032.0,1.0,0.2795410156,-0.0075683594,0.8578491211,0.4310913086
28999386.0,2968.0,0.0,5.1171875,-2.42578125,1.1875,0
29006418.0,7032.0,1.0,0.2758178711,0.0049438477,0.8550415039,0.4391479492
29009386.0,2968.0,0.0,2.71484375,-1.984375,0.40625,0
29020418.0,11032.0,1.0,0.2733764648,0.0160522461,0.8515625,0.4470214844
29023386.0,2968.0,0.0,0.3125,-2.76171875,-0.1328125,0
29027418.0,4032.0,1.0,0.2719116211,0.026550293,0.8474731445,0.4551391602
29030386.0,2968.0,0.0,0.01171875,-2.8828125,-1.4453125,0
29036418.0,6032.0,1.0,0.2713012695,0.0361938477,0.8426513672,0.463684082
29039386.0,2968.0,0.0,-0.48828125,-2.609375,-2.1015625,0
29046418.0,7032.0,1.0,0.271484375,0.0444335937,0.8375244141,0.4720458984
29049386.0,2968.0,0.0,-1.04296875,-2.47265625,-2.41015625,0
29056418.0,7032.0,1.0,0.272277832,0.0521240234,0.8319702148,0.4806518555
29059386.0,2968.0,0.0,-1.796875,-3.1328125,-2.07421875,0
29066418.0,7032.0,1.0,0.2734985352,0.0587768555,0.8265991211,0.48828125
29069386.0,2968.0,0.0,-1.7890625,-3.28125,-1.7421875,0
29076418.0,7032.0,1.0,0.2751464844,0.065246582,0.8212890625,0.4955444336
29079386.0,2968.0,0.0,-1.734375,-3.5078125,-1.546875,0
29086418.0,7032.0,1.0,0.2770385742,0.0714111328,0.81640625,0.5015869141
29089386.0,2968.0,0.0,-1.796875,-3.78515625,-1.30078125,0
29101418.0,12032.0,1.0,0.2790527344,0.0773925781,0.8122558594,0.5063476563
29105386.0,3968.0,0.0,-1.27734375,-2.8125,-1.6484375,0
29108418.0,3032.0,1.0,0.28125,0.0834960938,0.8086547852,0.5099487305
29111386.0,2968.0,0.0,-1.32421875,-2.8671875,-1.7421875,0
29116418.0,5032.0,1.0,0.2835083008,0.0899047852,0.8055419922,0.512512207
29119386.0,2968.0,0.0,-0.8359375,-2.60546875,-1.8203125,0
29126418.0,7032.0,1.0,0.2856445313,0.0960083008,0.8030395508,0.5140991211
29129386.0,2968.0,0.0,0.08203125,-2.33984375,-1.6171875,0
29136418.0,7032.0,1.0,0.2877197266,0.1021728516,0.8010253906,0.5148925781
29139386.0,2968.0,0.0,0.46484375,-2.109375,-1.265625,0
29146418.0,7032.0,1.0,0.2897338867,0.1083374023,0.7995605469,0.5147705078
29150386.0,3968.0,0.0,0.77734375,-1.6953125,-0.59765625,0
29156418.0,6032.0,1.0,0.2916259766,0.1145019531,0.7985229492,0.5139770508
29159386.0,2968.0,0.0,0.86328125,-1.328125,-0.30078125,0
29166418.0,7032.0,1.0,0.2933959961,0.1206054688,0.7978515625,0.5126342773
29169386.0,2968.0,0.0,1.16796875,-0.73046875,-0.51953125,0
29176418.0,7032.0,1.0,0.2952270508,0.1267700195,0.7972412109,0.5110473633
29179386.0,2968.0,0.0,1.2890625,-0.47265625,-0.3203125,0
29186418.0,7032.0,1.0,0.2969970703,0.1326904297,0.7966918945,0.5093994141
29189386.0,2968.0,0.0,1.375,-0.44140625,-0.19921875,0
29196418.0,7032.0,1.0,0.2987060547,0.1383056641,0.796081543,0.5078125
29199386.0,2968.0,0.0,1.54296875,-0.10546875,0.0,0
29206418.0,7032.0,1.0,0.3004150391,0.1435546875,0.7953491211,0.5065307617
29209386.0,2968.0,0.0,2.015625,0.76953125,-0.03125,0
29216418.0,7032.0,1.0,0.3021850586,0.1487426758,0.7943725586,0.5054931641
29219386.0,2968.0,0.0,2.0703125,0.5703125,0.26953125,0
29226418.0,7032.0,1.0,0.303894043,0.1536254883,0.7932739258,0.504699707
29230386.0,3968.0,0.0,2.49609375,-0.40234375,0.453125,0
29236418.0,6032.0,1.0,0.3054199219,0.1580200195,0.7922973633,0.5039672852
29239386.0,2968.0,0.0,1.6328125,0.203125,0.4921875,0
29249418.0,10032.0,1.0,0.3069458008,0.1625366211,0.7915039063,0.5028686523
29252386.0,2968.0,0.0,0.84765625,1.3125,-0.27734375,0
29256418.0,4032.0,1.0,0.3083496094,0.1670532227,0.7909545898,0.5013427734
29259386.0,2968.0,0.0,0.75,1.54296875,-0.26171875,0
29266418.0,7032.0,1.0,0.3098144531,0.1713867188,0.7905273438,0.4996948242
29270386.0,3968.0,0.0,0.97265625,1.6875,0.24609375,0
29276418.0,6032.0,1.0,0.311340332,0.1752319336,0.789855957,0.4984741211
29279386.0,2968.0,0.0,1.0625,1.91796875,0.4453125,0
29286418.0,7032.0,1.0,0.3129882813,0.1785888672,0.7888793945,0.4978027344
29289386.0,2968.0,0.0,0.6328125,3.2890625,-0.328125,0
29296418.0,7032.0,1.0,0.3148803711,0.1814575195,0.7875366211,0.4977416992
29299386.0,2968.0,0.0,0.50390625,3.234375,-0.66015625,0
29306418.0,7032.0,1.0,0.3170166016,0.1838989258,0.7857055664,0.4983520508
29309386.0,2968.0,0.0,0.51171875,2.98828125,-0.62890625,0
29316418.0,7032.0,1.0,0.3193969727,0.1857910156,0.7835083008,0.4995727539
29319386.0,2968.0,0.0,0.54296875,2.8984375,-0.7890625,0
29326418.0,7032.0,1.0,0.3220214844,0.1872558594,0.7808837891,0.5014038086
29329386.0,2968.0,0.0,0.6953125,2.64453125,-0.44140625,0
29336418.0,7032.0,1.0,0.3247680664,0.1884155273,0.7780761719,0.5035400391
29339386.0,2968.0,0.0,1.0078125,2.51171875,-0.01953125,0
29347418.0,8032.0,1.0,0.3276367188,0.1892700195,0.7752075195,0.5059204102
29350386.0,2968.0,0.0,1.28515625,2.3671875,-0.05859375,0
29356418.0,6032.0,1.0,0.3305053711,0.1898803711,0.7722167969,0.5083007813
29359386.0,2968.0,0.0,1.4921875,2.2734375,-0.22265625,0
29366418.0,7032.0,1.0,0.3334350586,0.1904296875,0.7693481445,0.5106201172
29369386.0,2968.0,0.0,1.0390625,2.44140625,-0.15625,0
29376418.0,7032.0,1.0,0.3363037109,0.1909179688,0.7666625977,0.512512207
29379386.0,2968.0,0.0,0.47265625,2.6171875,-0.37890625,0
29387418.0,8032.0,1.0,0.3391723633,0.1915893555,0.7642822266,0.5139770508
29390386.0,2968.0,0.0,0.06640625,2.56640625,-0.6015625,0
29396418.0,6032.0,1.0,0.3417358398,0.1923828125,0.7623291016,0.514831543
29399386.0,2968.0,0.0,0.0,2.01171875,-0.04296875,0
29406418.0,7032.0,1.0,0.3443603516,0.1934814453,0.7608032227,0.5149536133
29409386.0,2968.0,0.0,0.8203125,1.32421875,0.57421875,0
29416418.0,7032.0,1.0,0.3466186523,0.1950683594,0.7599487305,0.5140991211
29419386.0,2968.0,0.0,1.1796875,0.75,0.8671875,0
29427418.0,8032.0,1.0,0.3485107422,0.1971435547,0.7598876953,0.5121459961
29430386.0,2968.0,0.0,0.8125,0.25,0.078125,0
29436418.0,6032.0,1.0,0.3500366211,0.1997680664,0.760559082,0.508972168
29439386.0,2968.0,0.0,0.3203125,0.11328125,0.69140625,0
29446418.0,7032.0,1.0,0.3511962891,0.2028808594,0.7619628906,0.5048828125
29449386.0,2968.0,0.0,-0.0859375,0.3984375,0.875,0
29456418.0,7032.0,1.0,0.3520507813,0.2064208984,0.7638549805,0.4999389648
29459386.0,2968.0,0.0,-0.4609375,1.26171875,1.22265625,0
29467418.0,8032.0,1.0,0.3528442383,0.2099609375,0.7657470703,0.4950561523
29470386.0,2968.0,0.0,-0.296875,1.9765625,1.1171875,0
29476418.0,6032.0,1.0,0.3535766602,0.2132568359,0.7673339844,0.4906005859
29479386.0,2968.0,0.0,-0.671875,4.87109375,1.45703125,0
29486418.0,7032.0,1.0,0.3544311523,0.2158813477,0.768371582,0.4871826172
29489386.0,2968.0,0.0,-0.55078125,5.38671875,1.6171875,0
29496418.0,7032.0,1.0,0.3555908203,0.2176513672,0.768737793,0.4850463867
29499386.0,2968.0,0.0,0.0390625,4.66015625,1.03515625,0
29506418.0,7032.0,1.0,0.3569335938,0.2186279297,0.7684326172,0.4840698242
29509386.0,2968.0,0.0,-0.60546875,4.46875,1.83203125,0
29521418.0,12032.0,1.0,0.3584594727,0.2188110352,0.7676391602,0.4840698242
29525386.0,3968.0,0.0,0.140625,3.5859375,1.3203125,0
29528418.0,3032.0,1.0,0.3601074219,0.2185668945,0.7666625977,0.4844970703
29531386.0,2968.0,0.0,0.15625,3.578125,1.2890625,0
29537418.0,6032.0,1.0,0.3618164063,0.2181396484,0.7658081055,0.4848022461
29540386.0,2968.0,0.0,-0.2890625,3.5390625,1.21875,0
29546418.0,6032.0,1.0,0.3633422852,0.2177124023,0.7652587891,0.4847412109
29549386.0,2968.0,0.0,-0.3046875,3.9921875,0.859375,0
29556418.0,7032.0,1.0,0.3648681641,0.2170410156,0.764831543,0.4845581055
29559386.0,2968.0,0.0,-0.05078125,4.3359375,0.375,0
29566418.0,7032.0,1.0,0.3664550781,0.2160644531,0.7641601563,0.4848632813
29570386.0,3968.0,0.0,0.09375,4.375,0.15234375,0
29576418.0,6032.0,1.0,0.3682861328,0.2145385742,0.7631225586,0.4857177734
29579386.0,2968.0,0.0,0.39453125,4.0234375,0.41015625,0
29586418.0,7032.0,1.0,0.3701782227,0.2127075195,0.7620239258,0.4868774414
29589386.0,2968.0,0.0,0.234375,2.98046875,0.2109375,0
29596418.0,7032.0,1.0,0.3721313477,0.2106933594,0.760925293,0.4879760742
29599386.0,2968.0,0.0,-0.37890625,2.63671875,-0.1015625,0
29606418.0,7032.0,1.0,0.3740234375,0.2088012695,0.7603149414,0.4883422852
29610386.0,3968.0,0.0,-0.53125,2.28125,0.203125,0
29616418.0,6032.0,1.0,0.3757324219,0.2072143555,0.7601318359,0.4879150391
29619386.0,2968.0,0.0,-0.7578125,2.328125,0.03515625,0
29627418.0,8032.0,1.0,0.3773803711,0.2058105469,0.7604370117,0.4868164063
29630386.0,2968.0,0.0,-0.71875,2.7265625,-0.89453125,0
29636418.0,6032.0,1.0,0.3790283203,0.2043457031,0.7608032227,0.4855957031
29639386.0,2968.0,0.0,-0.2890625,2.734375,-0.3515625,0
29646418.0,7032.0,1.0,0.3807983398,0.2027587891,0.7611083984,0.484375
29649386.0,2968.0,0.0,-0.55078125,2.7890625,-0.3203125,0
29657418.0,8032.0,1.0,0.3827514648,0.2008666992,0.7612304688,0.4833984375
29660386.0,2968.0,0.0,-0.3046875,2.65234375,-0.55859375,0
29666418.0,6032.0,1.0,0.3848266602,0.1986083984,0.7611083984,0.4828491211
29669386.0,2968.0,0.0,-0.74609375,2.23828125,-0.42578125,0
29676418.0,7032.0,1.0,0.3870239258,0.1962280273,0.7608642578,0.482421875
29679386.0,2968.0,0.0,-1.0,1.86328125,-0.44921875,0
29687418.0,8032.0,1.0,0.3892822266,0.1939086914,0.7608642578,0.481628418
29690386.0,2968.0,0.0,-0.90625,1.49609375,-1.0859375,0
29697418.0,7032.0,1.0,0.3914794922,0.1917724609,0.7611083984,0.4803466797
29700386.0,2968.0,0.0,-1.03515625,1.51171875,-1.515625,0
29706418.0,6032.0,1.0,0.3936767578,0.1898193359,0.7615356445,0.4786376953
29709386.0,2968.0,0.0,-0.703125,1.53515625,-1.4765625,0
29716418.0,7032.0,1.0,0.3959350586,0.1877441406,0.7619628906,0.4769287109
29719386.0,2968.0,0.0,-0.640625,1.7890625,-1.74609375,0
29727418.0,8032.0,1.0,0.3983764648,0.1854248047,0.7621459961,0.4754638672
29730386.0,2968.0,0.0,-0.84765625,2.00390625,-1.75390625,0
29736418.0,6032.0,1.0,0.4010009766,0.1828613281,0.7619628906,0.4744873047
29739386.0,2968.0,0.0,-0.5078125,1.75,-1.81640625,0
29747418.0,8032.0,1.0,0.4038696289,0.1799316406,0.7615356445,0.4739379883
29750386.0,2968.0,0.0,-0.515625,1.46875,-2.0859375,0
29756418.0,6032.0,1.0,0.4067993164,0.1768798828,0.760925293,0.4735717773
29759386.0,2968.0,0.0,-0.55859375,1.0703125,-2.0859375,0
29767418.0,8032.0,1.0,0.4099121094,0.1737670898,0.7602539063,0.4730224609
29770386.0,2968.0,0.0,-0.3671875,0.77734375,-2.125,0
29776418.0,6032.0,1.0,0.4129638672,0.1709594727,0.759765625,0.4722290039
29779386.0,2968.0,0.0,-0.11328125,0.265625,-2.0390625,0
29786418.0,7032.0,1.0,0.4163208008,0.1680908203,0.7593383789,0.4710083008
29789386.0,2968.0,0.0,0.08984375,0.13671875,-2.1875,0
29796418.0,7032.0,1.0,0.4197387695,0.1654052734,0.7590942383,0.4692993164
29799386.0,2968.0,0.0,0.28125,0.09765625,-2.25,0
29807418.0,8032.0,1.0,0.4231567383,0.1628417969,0.7589111328,0.4673461914
29810386.0,2968.0,0.0,0.25390625,0.08984375,-2.33984375,0
29817418.0,7032.0,1.0,0.4268188477,0.1603393555,0.7587890625,0.4652099609
29820386.0,2968.0,0.0,0.18359375,0.0078125,-2.5546875,0
29827418.0,7032.0,1.0,0.430480957,0.1578369141,0.7585449219,0.4629516602
29831386.0,3968.0,0.0,0.1484375,-0.0625,-2.41796875,0
29840418.0,9032.0,1.0,0.4342041016,0.155456543,0.7583618164,0.4606933594
29843386.0,2968.0,0.0,0.15625,-0.2578125,-2.36328125,0
29850418.0,7032.0,1.0,0.4384155273,0.1528930664,0.7581176758,0.457824707
29853386.0,2968.0,0.0,0.3671875,-0.5859375,-2.53515625,0
29857418.0,4032.0,1.0,0.4425048828,0.1506958008,0.7580566406,0.4547729492
29860386.0,2968.0,0.0,0.26953125,-0.6171875,-2.55078125,0
29867418.0,7032.0,1.0,0.446472168,0.1486816406,0.7580566406,0.4515380859
29871386.0,3968.0,0.0,0.31640625,-0.53125,-2.47265625,0
29877418.0,6032.0,1.0,0.4506835938,0.1466674805,0.7579956055,0.4481201172
29880386.0,2968.0,0.0,0.296875,-0.32421875,-2.6796875,0
29887418.0,7032.0,1.0,0.4550170898,0.1445922852,0.7578125,0.4447021484
29890386.0,2968.0,0.0,0.54296875,-0.5390625,-2.390625,0
