time_us,time_dif_us,data_type,value_1,value_2,value_3,value_4
31701386.0,2968.0,0.0,-0.0703125,-0.15625,-0.33203125,0
31708418.0,7032.0,1.0,0.66796875,0.2017211914,0.7066650391,-0.1173095703
31711386.0,2968.0,0.0,-0.0703125,-0.07421875,-0.6015625,0
31718418.0,7032.0,1.0,0.6679077148,0.2016601563,0.7067260742,-0.1173095703
31721386.0,2968.0,0.0,-0.109375,-0.5703125,-0.67578125,0
31728418.0,7032.0,1.0,0.6679077148,0.2017822266,0.7067260742,-0.1173706055
31731386.0,2968.0,0.0,-0.0703125,-1.03125,-0.40625,0
31738418.0,7032.0,1.0,0.6678466797,0.2020874023,0.7066040039,-0.1176147461
31741386.0,2968.0,0.0,-0.1484375,-0.578125,-0.67578125,0
31748418.0,7032.0,1.0,0.6678466797,0.2025146484,0.7064208984,-0.117980957
31751386.0,2968.0,0.0,-0.0625,-0.45703125,-0.40625,0
31758418.0,7032.0,1.0,0.6678466797,0.203125,0.7061767578,-0.1185302734
31761386.0,2968.0,0.0,-0.0625,-0.2265625,-0.21484375,0
31768418.0,7032.0,1.0,0.6677856445,0.203918457,0.705871582,-0.1192626953
31771386.0,2968.0,0.0,-0.02734375,-0.42578125,-0.0625,0
31778418.0,7032.0,1.0,0.6677246094,0.2047729492,0.7055664063,-0.1200561523
31781386.0,2968.0,0.0,-0.1015625,0.07421875,0.3203125,0
31788418.0,7032.0,1.0,0.6676635742,0.2055053711,0.7052612305,-0.1207885742
31791386.0,2968.0,0.0,-0.02734375,0.37890625,0.16796875,0
31798418.0,7032.0,1.0,0.6676635742,0.2059326172,0.705078125,-0.1212158203
31801386.0,2968.0,0.0,0.01171875,0.49609375,0.234375,0
31808418.0,7032.0,1.0,0.6677246094,0.2061157227,0.7049560547,-0.1213378906
31811386.0,2968.0,0.0,0.01171875,0.53125,0.16015625,0
31818418.0,7032.0,1.0,0.6677856445,0.2061767578,0.7048950195,-0.1212768555
31821386.0,2968.0,0.0,0.01171875,0.33984375,0.08203125,0
31828418.0,7032.0,1.0,0.6678466797,0.2061767578,0.7048339844,-0.1212158203
31831386.0,2968.0,0.0,-0.02734375,-0.00390625,0.08203125,0
31838418.0,7032.0,1.0,0.6678466797,0.2062988281,0.7047729492,-0.1213378906
31841386.0,2968.0,0.0,-0.0625,-0.28125,0.1953125,0
31848418.0,7032.0,1.0,0.6678466797,0.2066040039,0.7046508789,-0.1215820313
31851386.0,2968.0,0.0,-0.0625,-0.05078125,0.16015625,0
31858418.0,7032.0,1.0,0.6677856445,0.2070922852,0.7044677734,-0.1220092773
31861386.0,2968.0,0.0,-0.02734375,0.02734375,0.11328125,0
31868418.0,7032.0,1.0,0.6676635742,0.2077026367,0.704284668,-0.1226196289
31871386.0,2968.0,0.0,0.01171875,0.265625,0.34375,0
31877418.0,6032.0,1.0,0.6675415039,0.2083740234,0.7041015625,-0.1232910156
31880386.0,2968.0,0.0,0.01171875,0.5703125,0.2265625,0
31888418.0,8032.0,1.0,0.6674194336,0.208984375,0.703918457,-0.1239013672
31891386.0,2968.0,0.0,0.05078125,0.5703125,-0.078125,0
31898418.0,7032.0,1.0,0.6672973633,0.2094116211,0.7038574219,-0.1243896484
31901386.0,2968.0,0.0,-0.02734375,0.33984375,0.07421875,0
31908418.0,7032.0,1.0,0.6672363281,0.2096557617,0.7037963867,-0.1246948242
31911386.0,2968.0,0.0,-0.02734375,0.1875,0.34375,0
31918418.0,7032.0,1.0,0.667175293,0.209777832,0.7037353516,-0.1248779297
31921386.0,2968.0,0.0,0.01171875,0.33984375,0.265625,0
31928418.0,7032.0,1.0,0.6671142578,0.209777832,0.7037963867,-0.1248779297
31931386.0,2968.0,0.0,0.01171875,0.265625,0.12109375,0
31938418.0,7032.0,1.0,0.6671142578,0.2097167969,0.7038574219,-0.1248168945
31941386.0,2968.0,0.0,-0.02734375,0.109375,0.16015625,0
31948418.0,7032.0,1.0,0.6669921875,0.2097167969,0.703918457,-0.1248779297
31951386.0,2968.0,0.0,-0.02734375,0.109375,0.234375,0
31958418.0,7032.0,1.0,0.6669311523,0.209777832,0.7039794922,-0.1249389648
31961386.0,2968.0,0.0,0.01171875,0.1875,0.00390625,0
31968418.0,7032.0,1.0,0.666809082,0.2098388672,0.7040405273,-0.1251220703
31972386.0,3968.0,0.0,-0.02734375,0.08203125,-0.0625,0
31978418.0,6032.0,1.0,0.6666870117,0.2100830078,0.7040405273,-0.1253662109
31981386.0,2968.0,0.0,-0.02734375,-0.1484375,-0.0703125,0
31988418.0,7032.0,1.0,0.6665649414,0.2103271484,0.7040405273,-0.1257324219
31991386.0,2968.0,0.0,-0.0625,-0.07421875,0.05078125,0
31998418.0,7032.0,1.0,0.6663818359,0.2107543945,0.7039794922,-0.126159668
32001386.0,2968.0,0.0,-0.02734375,0.1171875,0.05078125,0
32008418.0,7032.0,1.0,0.6661987305,0.2111206055,0.703918457,-0.1266479492
32012386.0,3968.0,0.0,-0.02734375,0.234375,0.16796875,0
32018418.0,6032.0,1.0,0.6660766602,0.2114868164,0.703918457,-0.1271362305
32021386.0,2968.0,0.0,0.01171875,0.2421875,0.2421875,0
32028418.0,7032.0,1.0,0.6659545898,0.211730957,0.703918457,-0.1274414063
32031386.0,2968.0,0.0,0.01171875,0.2421875,0.05859375,0
32038418.0,7032.0,1.0,0.6657714844,0.2118530273,0.703918457,-0.1276855469
32041386.0,2968.0,0.0,-0.02734375,0.01171875,-0.0546875,0
32048418.0,7032.0,1.0,0.6656494141,0.2119750977,0.7040405273,-0.1278686523
32052386.0,3968.0,0.0,-0.02734375,-0.05859375,-0.09375,0
32058418.0,6032.0,1.0,0.6655273438,0.212097168,0.7040405273,-0.128112793
32061386.0,2968.0,0.0,-0.02734375,-0.1328125,-0.0546875,0
32068418.0,7032.0,1.0,0.6653442383,0.2122802734,0.7041015625,-0.1283569336
32071386.0,2968.0,0.0,-0.0625,-0.171875,-0.046875,0
32078418.0,7032.0,1.0,0.665222168,0.2125244141,0.7041015625,-0.1287231445
32081386.0,2968.0,0.0,-0.0625,-0.171875,-0.046875,0
32088418.0,7032.0,1.0,0.6651000977,0.2127685547,0.7041015625,-0.1290283203
32091386.0,2968.0,0.0,-0.0625,-0.09375,-0.0390625,0
32098418.0,7032.0,1.0,0.6649169922,0.2129516602,0.7041625977,-0.1292724609
32101386.0,2968.0,0.0,-0.02734375,0.02734375,0.0,0
32108418.0,7032.0,1.0,0.6647949219,0.2130737305,0.7041625977,-0.1294555664
32111386.0,2968.0,0.0,-0.02734375,0.02734375,0.07421875,0
32118418.0,7032.0,1.0,0.6646728516,0.2131347656,0.7042236328,-0.1295776367
32121386.0,2968.0,0.0,-0.02734375,0.1796875,0.11328125,0
32128418.0,7032.0,1.0,0.6645507813,0.2132568359,0.7043457031,-0.129699707
32131386.0,2968.0,0.0,0.01171875,0.10546875,0.0,0
32138418.0,7032.0,1.0,0.6644287109,0.2133178711,0.7044067383,-0.1298217773
32141386.0,2968.0,0.0,-0.02734375,0.03515625,-0.03125,0
32148418.0,7032.0,1.0,0.6643066406,0.2133789063,0.7044677734,-0.1300048828
32151386.0,2968.0,0.0,-0.02734375,0.07421875,0.04296875,0
32158418.0,7032.0,1.0,0.6641845703,0.2135009766,0.7045288086,-0.1301269531
32161386.0,2968.0,0.0,-0.0625,0.11328125,0.04296875,0
32168418.0,7032.0,1.0,0.6641235352,0.2135620117,0.7045898438,-0.1302490234
32171386.0,2968.0,0.0,-0.02734375,0.11328125,0.12890625,0
32178418.0,7032.0,1.0,0.6640014648,0.2135009766,0.7046508789,-0.1303100586
32181386.0,2968.0,0.0,-0.01953125,0.1484375,0.05859375,0
32188418.0,7032.0,1.0,0.6638793945,0.2134399414,0.7047729492,-0.1303100586
32191386.0,2968.0,0.0,-0.01953125,0.08203125,0.0234375,0
32198418.0,7032.0,1.0,0.6638183594,0.2133789063,0.7048950195,-0.1303100586
32201386.0,2968.0,0.0,-0.01953125,0.00390625,-0.015625,0
32209418.0,8032.0,1.0,0.6636962891,0.2132568359,0.7050170898,-0.1303100586
32212386.0,2968.0,0.0,-0.01953125,0.00390625,-0.015625,0
32218418.0,6032.0,1.0,0.6635742188,0.2131958008,0.7051391602,-0.1303100586
32221386.0,2968.0,0.0,-0.01953125,0.08203125,0.06640625,0
32228418.0,7032.0,1.0,0.6634521484,0.2131347656,0.7052612305,-0.1303100586
32231386.0,2968.0,0.0,-0.01953125,0.1640625,0.03125,0
32238418.0,7032.0,1.0,0.6633300781,0.2130737305,0.7054443359,-0.1303100586
32241386.0,2968.0,0.0,0.01953125,0.203125,-0.0078125,0
32249418.0,8032.0,1.0,0.6632080078,0.212890625,0.7056274414,-0.1301879883
32252386.0,2968.0,0.0,0.07421875,0.0546875,0.01171875,0
32258418.0,6032.0,1.0,0.6631469727,0.2126464844,0.7057495117,-0.1299438477
32261386.0,2968.0,0.0,-0.0390625,0.0546875,-0.01953125,0
32268418.0,7032.0,1.0,0.6631469727,0.2123413086,0.7059326172,-0.1295776367
32271386.0,2968.0,0.0,0.03515625,-0.01171875,-0.09375,0
32278418.0,7032.0,1.0,0.6631469727,0.2119750977,0.7061157227,-0.1292114258
32281386.0,2968.0,0.0,0.03515625,-0.05078125,-0.125,0
32288418.0,7032.0,1.0,0.6631469727,0.2116088867,0.7063598633,-0.1287841797
32291386.0,2968.0,0.0,-0.00390625,-0.01171875,-0.1640625,0
32298418.0,7032.0,1.0,0.6630859375,0.2113037109,0.7064819336,-0.1284790039
32301386.0,2968.0,0.0,-0.00390625,-0.12890625,-0.23046875,0
32308418.0,7032.0,1.0,0.6630249023,0.2110595703,0.7066650391,-0.1282348633
32311386.0,2968.0,0.0,-0.0390625,-0.1640625,-0.1171875,0
32318418.0,7032.0,1.0,0.6630249023,0.2108764648,0.7067871094,-0.1280517578
32321386.0,2968.0,0.0,-0.0390625,-0.28125,-0.109375,0
32329418.0,8032.0,1.0,0.6629638672,0.2108154297,0.7069091797,-0.1279907227
32332386.0,2968.0,0.0,-0.00390625,-0.38671875,-0.109375,0
32338418.0,6032.0,1.0,0.662902832,0.2107543945,0.7069702148,-0.1279907227
32341386.0,2968.0,0.0,-0.0390625,-0.234375,-0.03125,0
32348418.0,7032.0,1.0,0.6628417969,0.2107543945,0.70703125,-0.1279296875
32351386.0,2968.0,0.0,-0.0390625,-0.15625,0.00390625,0
32358418.0,7032.0,1.0,0.6627807617,0.2106933594,0.7070922852,-0.1279296875
32361386.0,2968.0,0.0,-0.00390625,-0.12109375,-0.1015625,0
32368418.0,7032.0,1.0,0.6627197266,0.2106933594,0.7071533203,-0.1279296875
32371386.0,2968.0,0.0,-0.00390625,-0.1953125,-0.1015625,0
32378418.0,7032.0,1.0,0.6625976563,0.2107543945,0.7072143555,-0.1279296875
32381386.0,2968.0,0.0,-0.00390625,-0.07421875,-0.0625,0
32388418.0,7032.0,1.0,0.6625366211,0.2107543945,0.7072753906,-0.1279296875
32392386.0,3968.0,0.0,-0.00390625,-0.03515625,-0.015625,0
32398418.0,6032.0,1.0,0.6625366211,0.2106323242,0.7073364258,-0.1278686523
32401386.0,2968.0,0.0,-0.00390625,0.00390625,-0.015625,0
32408418.0,7032.0,1.0,0.6624755859,0.2105102539,0.7074584961,-0.127746582
32411386.0,2968.0,0.0,-0.00390625,-0.1484375,-0.046875,0
32418418.0,7032.0,1.0,0.6624145508,0.2104492188,0.7075805664,-0.1276245117
32421386.0,2968.0,0.0,-0.00390625,-0.02734375,-0.078125,0
32428418.0,7032.0,1.0,0.6622924805,0.2103881836,0.7076416016,-0.1276245117
32432386.0,3968.0,0.0,-0.01171875,-0.10546875,-0.078125,0
32438418.0,6032.0,1.0,0.6622314453,0.2104492188,0.7077026367,-0.1276855469
32441386.0,2968.0,0.0,-0.01171875,-0.140625,-0.1171875,0
32448418.0,7032.0,1.0,0.662109375,0.2104492188,0.707824707,-0.1276855469
32451386.0,2968.0,0.0,-0.046875,-0.21875,-0.109375,0
32458418.0,7032.0,1.0,0.6620483398,0.2103881836,0.7078857422,-0.1275634766
32461386.0,2968.0,0.0,-0.00390625,-0.10546875,-0.109375,0
32468418.0,7032.0,1.0,0.6619873047,0.2102661133,0.7080078125,-0.1274414063
32472386.0,3968.0,0.0,-0.00390625,-0.10546875,-0.0625,0
32478418.0,6032.0,1.0,0.6619873047,0.2100830078,0.7081298828,-0.1272583008
32481386.0,2968.0,0.0,-0.0390625,-0.2109375,-0.0625,0
32488418.0,7032.0,1.0,0.6619262695,0.2099609375,0.7082519531,-0.1270751953
32491386.0,2968.0,0.0,-0.0390625,-0.171875,-0.0625,0
32498418.0,7032.0,1.0,0.6618652344,0.2098388672,0.7083740234,-0.1268920898
32501386.0,2968.0,0.0,-0.00390625,-0.171875,-0.09375,0
32508418.0,7032.0,1.0,0.6618041992,0.209777832,0.7084960938,-0.1267700195
32512386.0,3968.0,0.0,-0.0390625,-0.25,-0.0859375,0
32518418.0,6032.0,1.0,0.6617431641,0.2097167969,0.7085571289,-0.1267089844
32521386.0,2968.0,0.0,-0.00390625,-0.2890625,-0.125,0
32528418.0,7032.0,1.0,0.6616821289,0.209777832,0.7086181641,-0.1267700195
32531386.0,2968.0,0.0,-0.00390625,-0.2109375,-0.125,0
32538418.0,7032.0,1.0,0.6616210938,0.2098999023,0.7086181641,-0.1268310547
32541386.0,2968.0,0.0,-0.00390625,-0.1640625,-0.23046875,0
32549418.0,8032.0,1.0,0.6615600586,0.2099609375,0.7086181641,-0.1268920898
32552386.0,2968.0,0.0,-0.00390625,-0.1328125,-0.15234375,0
32558418.0,6032.0,1.0,0.6614990234,0.2100219727,0.7086791992,-0.1268920898
32561386.0,2968.0,0.0,-0.00390625,0.02734375,-0.078125,0
32568418.0,7032.0,1.0,0.6614990234,0.2099609375,0.7086791992,-0.1268310547
32571386.0,2968.0,0.0,-0.00390625,0.02734375,-0.078125,0
32578418.0,7032.0,1.0,0.6614990234,0.2098388672,0.7087402344,-0.1266479492
32581386.0,2968.0,0.0,0.03515625,-0.01171875,-0.1171875,0
32589418.0,8032.0,1.0,0.6614990234,0.2096557617,0.7088623047,-0.1264038086
32592386.0,2968.0,0.0,-0.00390625,-0.08984375,-0.078125,0
32598418.0,6032.0,1.0,0.6615600586,0.2095336914,0.7089233398,-0.1262817383
32601386.0,2968.0,0.0,-0.0390625,-0.2421875,-0.109375,0
32608418.0,7032.0,1.0,0.6614990234,0.2094726563,0.7089233398,-0.126159668
32611386.0,2968.0,0.0,0.00390625,-0.078125,-0.0234375,0
32618418.0,7032.0,1.0,0.6614990234,0.2094116211,0.708984375,-0.126159668
32621386.0,2968.0,0.0,0.00390625,-0.0390625,-0.015625,0
32629418.0,8032.0,1.0,0.6614379883,0.2093505859,0.7090454102,-0.126159668
32632386.0,2968.0,0.0,0.00390625,0.07421875,0.0234375,0
32638418.0,6032.0,1.0,0.6613769531,0.2092895508,0.7091064453,-0.126159668
32641386.0,2968.0,0.0,0.00390625,0.15234375,0.0234375,0
32648418.0,7032.0,1.0,0.6613769531,0.2091674805,0.7091674805,-0.1260986328
32651386.0,2968.0,0.0,0.04296875,0.07421875,0.0234375,0
32658418.0,7032.0,1.0,0.661315918,0.2090454102,0.7092895508,-0.1260375977
32661386.0,2968.0,0.0,0.00390625,0.03515625,0.0234375,0
32669418.0,8032.0,1.0,0.661315918,0.2088623047,0.7093505859,-0.1259155273
32672386.0,2968.0,0.0,0.01171875,0.02734375,-0.0546875,0
32678418.0,6032.0,1.0,0.661315918,0.2088012695,0.7093505859,-0.1259155273
32681386.0,2968.0,0.0,0.01171875,-0.0078125,-0.0546875,0
32688418.0,7032.0,1.0,0.6612548828,0.2088623047,0.7094116211,-0.1260375977
32691386.0,2968.0,0.0,-0.03125,0.02734375,0.0234375,0
32698418.0,7032.0,1.0,0.6611938477,0.208984375,0.7094116211,-0.1262817383
32701386.0,2968.0,0.0,-0.03125,-0.0078125,-0.015625,0
32709418.0,8032.0,1.0,0.6611328125,0.2091064453,0.7093505859,-0.1264648438
32712386.0,2968.0,0.0,-0.03125,-0.046875,0.0234375,0
32719418.0,7032.0,1.0,0.6610717773,0.2091674805,0.7093505859,-0.1267089844
32722386.0,2968.0,0.0,-0.0234375,-0.15625,-0.046875,0
32729418.0,7032.0,1.0,0.6610107422,0.2092895508,0.7093505859,-0.1268920898
32733386.0,3968.0,0.0,-0.03125,-0.23046875,-0.0078125,0
32739418.0,6032.0,1.0,0.6610107422,0.2093505859,0.7092895508,-0.1270751953
32742386.0,2968.0,0.0,-0.03125,-0.15625,-0.0078125,0
32749418.0,7032.0,1.0,0.660949707,0.2094726563,0.7092895508,-0.1271972656
32752386.0,2968.0,0.0,0.00390625,0.0078125,0.0234375,0
32758418.0,6032.0,1.0,0.6608886719,0.2095947266,0.7092285156,-0.1274414063
32761386.0,2968.0,0.0,0.00390625,0.0078125,0.0234375,0
32769418.0,8032.0,1.0,0.6608276367,0.2098388672,0.7091674805,-0.127746582
32773386.0,3968.0,0.0,0.01171875,-0.03125,0.0234375,0
32779418.0,6032.0,1.0,0.6607666016,0.2102050781,0.7090454102,-0.1281738281
32782386.0,2968.0,0.0,0.00390625,-0.03125,0.03125,0
32789418.0,7032.0,1.0,0.6606445313,0.2106323242,0.7089233398,-0.1287231445
32792386.0,2968.0,0.0,0.00390625,0.08984375,0.0234375,0
32798418.0,6032.0,1.0,0.6605224609,0.2110595703,0.7088012695,-0.1293334961
32801386.0,2968.0,0.0,0.01171875,0.12890625,0.03125,0
32808418.0,7032.0,1.0,0.6604003906,0.2114868164,0.7087402344,-0.1298828125
32812386.0,3968.0,0.0,0.01171875,0.20703125,-0.0078125,0
32819418.0,7032.0,1.0,0.6603393555,0.2117919922,0.7086181641,-0.1303100586
32822386.0,2968.0,0.0,0.00390625,0.12890625,-0.0546875,0
32828418.0,6032.0,1.0,0.6602783203,0.2120361328,0.7085571289,-0.1306152344
32831386.0,2968.0,0.0,0.01171875,0.015625,-0.015625,0
32838418.0,7032.0,1.0,0.6602172852,0.2121582031,0.7084960938,-0.130859375
32841386.0,2968.0,0.0,0.00390625,-0.0234375,0.0234375,0
32848418.0,7032.0,1.0,0.6602172852,0.2122192383,0.7084960938,-0.1309814453
32852386.0,3968.0,0.0,0.00390625,0.015625,0.0234375,0
32858418.0,6032.0,1.0,0.6602172852,0.2122192383,0.7084960938,-0.1309814453
32861386.0,2968.0,0.0,0.00390625,-0.0234375,0.0234375,0
32868418.0,7032.0,1.0,0.6602172852,0.212097168,0.7085571289,-0.1309204102
32871386.0,2968.0,0.0,0.00390625,0.015625,0.0234375,0
32878418.0,7032.0,1.0,0.6602172852,0.2119750977,0.7086181641,-0.1307983398
32881386.0,2968.0,0.0,0.00390625,0.20703125,0.1015625,0
32888418.0,7032.0,1.0,0.6602172852,0.2117919922,0.7086791992,-0.1306152344
32892386.0,3968.0,0.0,0.00390625,0.2421875,0.109375,0
32899418.0,7032.0,1.0,0.6602172852,0.2116088867,0.7087402344,-0.1304321289
32902386.0,2968.0,0.0,0.04296875,0.16796875,0.03125,0
32909418.0,7032.0,1.0,0.6602172852,0.2115478516,0.7088012695,-0.1303710938
32912386.0,2968.0,0.0,-0.03125,-0.1015625,-0.0078125,0
32918418.0,6032.0,1.0,0.66015625,0.2115478516,0.7088012695,-0.1304321289
32921386.0,2968.0,0.0,0.00390625,-0.1015625,-0.046875,0
32929418.0,8032.0,1.0,0.66015625,0.2115478516,0.7088012695,-0.1304931641
32932386.0,2968.0,0.0,-0.03125,-0.0234375,-0.08203125,0
32939418.0,7032.0,1.0,0.66015625,0.2114868164,0.7088012695,-0.1304931641
32942386.0,2968.0,0.0,0.00390625,0.05078125,-0.0078125,0
32949418.0,7032.0,1.0,0.66015625,0.2113647461,0.7088623047,-0.1303710938
32952386.0,2968.0,0.0,0.00390625,0.015625,0.03125,0
32958418.0,6032.0,1.0,0.6602172852,0.2112426758,0.7089233398,-0.1302490234
32961386.0,2968.0,0.0,0.00390625,0.05078125,0.03125,0
32969418.0,8032.0,1.0,0.6602172852,0.2110595703,0.708984375,-0.1301269531
32972386.0,2968.0,0.0,0.00390625,0.05078125,0.03125,0
32979418.0,7032.0,1.0,0.6602172852,0.2109375,0.7090454102,-0.1300048828
32982386.0,2968.0,0.0,-0.03125,-0.0625,0.03125,0
32989418.0,7032.0,1.0,0.6602783203,0.2108154297,0.7090454102,-0.1298828125
32992386.0,2968.0,0.0,0.00390625,-0.1015625,-0.0078125,0
32998418.0,6032.0,1.0,0.6602783203,0.2106933594,0.7091064453,-0.1298217773
33001386.0,2968.0,0.0,0.04296875,-0.0625,-0.046875,0
33009418.0,8032.0,1.0,0.6602783203,0.2106323242,0.7091064453,-0.1298217773
33012386.0,2968.0,0.0,0.00390625,0.015625,-0.046875,0
33018418.0,6032.0,1.0,0.6602783203,0.2105712891,0.7091064453,-0.1297607422
33021386.0,2968.0,0.0,0.00390625,0.015625,0.03125,0
33029418.0,8032.0,1.0,0.6603393555,0.2105102539,0.7091064453,-0.1297607422
33032386.0,2968.0,0.0,0.00390625,0.08984375,-0.0078125,0
33038418.0,6032.0,1.0,0.6603393555,0.2104492188,0.7091064453,-0.1296386719
33041386.0,2968.0,0.0,0.00390625,0.16796875,-0.0078125,0
33049418.0,8032.0,1.0,0.6604003906,0.2102661133,0.7091674805,-0.1294555664
33052386.0,2968.0,0.0,0.01171875,0.12109375,0.03125,0
33058418.0,6032.0,1.0,0.6604614258,0.2100830078,0.7092285156,-0.1293334961
33061386.0,2968.0,0.0,0.00390625,0.015625,0.03125,0
33068418.0,7032.0,1.0,0.6604614258,0.2100219727,0.7092285156,-0.1292724609
33071386.0,2968.0,0.0,0.00390625,0.05078125,0.03125,0
33079418.0,8032.0,1.0,0.6604614258,0.2100219727,0.7092285156,-0.1293334961
33082386.0,2968.0,0.0,0.00390625,0.05078125,0.0703125,0
33089418.0,7032.0,1.0,0.6604614258,0.2100830078,0.7091674805,-0.1293945313
33092386.0,2968.0,0.0,0.00390625,0.05078125,0.0703125,0
33099418.0,7032.0,1.0,0.6604614258,0.2100830078,0.7091674805,-0.1294555664
33102386.0,2968.0,0.0,0.00390625,0.015625,0.03125,0
33109418.0,7032.0,1.0,0.6604614258,0.210144043,0.7091064453,-0.1295166016
33113386.0,3968.0,0.0,0.00390625,0.05078125,0.0234375,0
33119418.0,6032.0,1.0,0.6604003906,0.2102050781,0.7091064453,-0.1296386719
33122386.0,2968.0,0.0,0.00390625,0.04296875,0.0234375,0
33129418.0,7032.0,1.0,0.6604003906,0.2102661133,0.7091064453,-0.1297607422
33132386.0,2968.0,0.0,0.00390625,0.05078125,0.0234375,0
33139418.0,7032.0,1.0,0.6604003906,0.2103271484,0.7090454102,-0.1298217773
33142386.0,2968.0,0.0,0.00390625,0.015625,0.0234375,0
33149418.0,7032.0,1.0,0.6604003906,0.2103881836,0.7090454102,-0.1299438477
33153386.0,3968.0,0.0,0.01171875,0.12890625,0.03125,0
33159418.0,6032.0,1.0,0.6603393555,0.2104492188,0.7090454102,-0.1300048828
33162386.0,2968.0,0.0,0.01171875,0.12890625,0.03125,0
33169418.0,7032.0,1.0,0.6603393555,0.2104492188,0.7090454102,-0.130065918
33172386.0,2968.0,0.0,0.01171875,0.04296875,0.03125,0
33179418.0,7032.0,1.0,0.6603393555,0.2104492188,0.7090454102,-0.130065918
33182386.0,2968.0,0.0,0.01171875,0.08203125,-0.0078125,0
33189418.0,7032.0,1.0,0.6603393555,0.2103271484,0.7091064453,-0.1300048828
33193386.0,3968.0,0.0,0.01171875,0.05078125,0.03125,0
33199418.0,6032.0,1.0,0.6603393555,0.2102050781,0.7091064453,-0.1299438477
33202386.0,2968.0,0.0,0.00390625,0.01171875,0.0078125,0
33209418.0,7032.0,1.0,0.6604003906,0.2100830078,0.7091674805,-0.1298217773
33212386.0,2968.0,0.0,0.00390625,0.01171875,0.0078125,0
33219418.0,7032.0,1.0,0.6604003906,0.2100219727,0.7091674805,-0.129699707
33222386.0,2968.0,0.0,0.04296875,0.08984375,0.0078125,0
33229418.0,7032.0,1.0,0.6604614258,0.2098999023,0.7091674805,-0.1296386719
33232386.0,2968.0,0.0,0.04296875,0.08984375,0.046875,0
33239418.0,7032.0,1.0,0.6604614258,0.2098388672,0.7091674805,-0.1295776367
33242386.0,2968.0,0.0,0.00390625,0.08984375,0.0078125,0
33248418.0,6032.0,1.0,0.6605224609,0.2098388672,0.7091674805,-0.1296386719
33251386.0,2968.0,0.0,0.00390625,0.05078125,0.0078125,0
33259418.0,8032.0,1.0,0.6605224609,0.2098388672,0.7091674805,-0.1296386719
33262386.0,2968.0,0.0,0.00390625,-0.00390625,0.0078125,0
33269418.0,7032.0,1.0,0.6605224609,0.2098388672,0.7091674805,-0.1296386719
33272386.0,2968.0,0.0,0.00390625,-0.00390625,0.0078125,0
33279418.0,7032.0,1.0,0.6605224609,0.209777832,0.7091674805,-0.1296386719
33282386.0,2968.0,0.0,-0.00390625,-0.0390625,-0.03125,0
33289418.0,7032.0,1.0,0.6605834961,0.2097167969,0.7091674805,-0.1295776367
33292386.0,2968.0,0.0,0.00390625,0.04296875,0.0078125,0
33299418.0,7032.0,1.0,0.6605834961,0.2097167969,0.7091064453,-0.1295776367
33302386.0,2968.0,0.0,0.00390625,0.08203125,0.046875,0
33309418.0,7032.0,1.0,0.6605834961,0.2097167969,0.7091064453,-0.1296386719
33312386.0,2968.0,0.0,0.00390625,-0.0703125,0.0859375,0
33319418.0,7032.0,1.0,0.6605834961,0.209777832,0.7090454102,-0.129699707
33322386.0,2968.0,0.0,0.00390625,0.03515625,0.0078125,0
33329418.0,7032.0,1.0,0.6605834961,0.209777832,0.7090454102,-0.1298217773
33332386.0,2968.0,0.0,0.00390625,0.08203125,0.0078125,0
33339418.0,7032.0,1.0,0.6605834961,0.2098388672,0.708984375,-0.1299438477
33342386.0,2968.0,0.0,0.00390625,0.08203125,0.0078125,0
33349418.0,7032.0,1.0,0.6605834961,0.2098999023,0.708984375,-0.1300048828
33352386.0,2968.0,0.0,-0.00390625,0.11328125,0.0078125,0
33359418.0,7032.0,1.0,0.6605834961,0.2099609375,0.708984375,-0.130065918
33362386.0,2968.0,0.0,-0.0390625,-0.078125,0.0,0
33369418.0,7032.0,1.0,0.6605834961,0.2099609375,0.7089233398,-0.1301269531
33372386.0,2968.0,0.0,-0.00390625,-0.1171875,0.0,0
33379418.0,7032.0,1.0,0.6605834961,0.2098999023,0.708984375,-0.1301269531
33382386.0,2968.0,0.0,-0.00390625,-0.1171875,0.0,0
33389418.0,7032.0,1.0,0.6605834961,0.2098999023,0.7089233398,-0.1301879883
33392386.0,2968.0,0.0,-0.00390625,-0.15625,0.0390625,0
33399418.0,7032.0,1.0,0.6605834961,0.2098999023,0.7089233398,-0.1301879883
33402386.0,2968.0,0.0,-0.0390625,-0.1875,0.0,0
33409418.0,7032.0,1.0,0.6605834961,0.2098999023,0.7089233398,-0.1301879883
33412386.0,2968.0,0.0,-0.03125,-0.1875,-0.0078125,0
33419418.0,7032.0,1.0,0.6605834961,0.2099609375,0.7089233398,-0.1302490234
33422386.0,2968.0,0.0,-0.03125,-0.1875,0.0,0
33429418.0,7032.0,1.0,0.6605834961,0.2100219727,0.7089233398,-0.1303100586
33432386.0,2968.0,0.0,-0.03125,-0.1328125,0.0,0
33438418.0,6032.0,1.0,0.6605834961,0.2100219727,0.7089233398,-0.1303710938
33441386.0,2968.0,0.0,0.00390625,0.01953125,0.0,0
33449418.0,8032.0,1.0,0.6605834961,0.2100219727,0.7089233398,-0.1303100586
33452386.0,2968.0,0.0,0.04296875,0.05859375,0.0,0
33459418.0,7032.0,1.0,0.6605834961,0.2100219727,0.7089233398,-0.1302490234
33462386.0,2968.0,0.0,0.00390625,-0.0078125,-0.0078125,0
33469418.0,7032.0,1.0,0.6605834961,0.2099609375,0.7089233398,-0.1301879883
33472386.0,2968.0,0.0,0.00390625,-0.0546875,0.0,0
33479418.0,7032.0,1.0,0.6605834961,0.2098999023,0.708984375,-0.1301269531
33482386.0,2968.0,0.0,0.00390625,0.01953125,0.0,0
33489418.0,7032.0,1.0,0.6605834961,0.2098388672,0.708984375,-0.130065918
33493386.0,3968.0,0.0,0.04296875,-0.015625,0.0,0
33499418.0,6032.0,1.0,0.6605834961,0.2098388672,0.708984375,-0.130065918
33502386.0,2968.0,0.0,-0.00390625,0.01953125,0.0078125,0
33509418.0,7032.0,1.0,0.6605834961,0.2098999023,0.708984375,-0.130065918
33512386.0,2968.0,0.0,-0.00390625,0.02734375,0.0,0
33519418.0,7032.0,1.0,0.6605224609,0.2098999023,0.708984375,-0.130065918
33522386.0,2968.0,0.0,-0.00390625,0.02734375,0.0078125,0
33529418.0,7032.0,1.0,0.6605224609,0.2099609375,0.708984375,-0.1301269531
33533386.0,3968.0,0.0,-0.00390625,0.06640625,-0.03125,0
33539418.0,6032.0,1.0,0.6605224609,0.2099609375,0.7090454102,-0.1301269531
33542386.0,2968.0,0.0,-0.00390625,0.03515625,-0.03125,0
33549418.0,7032.0,1.0,0.6605224609,0.2098999023,0.7090454102,-0.1301269531
33552386.0,2968.0,0.0,-0.00390625,0.02734375,0.0078125,0
33559418.0,7032.0,1.0,0.6605224609,0.2098388672,0.7090454102,-0.130065918
33562386.0,2968.0,0.0,-0.00390625,0.05859375,0.0078125,0
33569418.0,7032.0,1.0,0.6605224609,0.2098388672,0.7090454102,-0.130065918
33573386.0,3968.0,0.0,0.03515625,0.01953125,0.0078125,0
33579418.0,6032.0,1.0,0.6605224609,0.2098999023,0.7090454102,-0.1301269531
33582386.0,2968.0,0.0,-0.00390625,-0.0078125,0.0078125,0
33589418.0,7032.0,1.0,0.6605224609,0.2098999023,0.7090454102,-0.1301269531
33592386.0,2968.0,0.0,-0.00390625,-0.0078125,0.0078125,0
33599418.0,7032.0,1.0,0.6604614258,0.2098999023,0.7090454102,-0.1301879883
33602386.0,2968.0,0.0,-0.00390625,0.02734375,0.0078125,0
33609418.0,7032.0,1.0,0.6604614258,0.2099609375,0.7090454102,-0.1301879883
33613386.0,3968.0,0.0,-0.00390625,-0.0078125,0.0078125,0
33619418.0,6032.0,1.0,0.6604614258,0.2099609375,0.7090454102,-0.1302490234
33622386.0,2968.0,0.0,-0.00390625,0.02734375,0.0078125,0
33629418.0,7032.0,1.0,0.6604614258,0.2099609375,0.7090454102,-0.1303100586
33632386.0,2968.0,0.0,-0.00390625,-0.0078125,0.0078125,0
33639418.0,7032.0,1.0,0.6604003906,0.2100219727,0.7090454102,-0.1303100586
33642386.0,2968.0,0.0,-0.00390625,-0.0859375,0.0078125,0
33649418.0,7032.0,1.0,0.6604003906,0.2100219727,0.7090454102,-0.1303710938
33652386.0,2968.0,0.0,-0.00390625,-0.046875,0.0078125,0
33659418.0,7032.0,1.0,0.6604003906,0.2099609375,0.7091064453,-0.1303710938
33662386.0,2968.0,0.0,-0.00390625,0.02734375,-0.0703125,0
33669418.0,7032.0,1.0,0.6604003906,0.2099609375,0.7091064453,-0.1303100586
33672386.0,2968.0,0.0,-0.0390625,-0.125,0.0078125,0
33679418.0,7032.0,1.0,0.6604003906,0.2098999023,0.7091064453,-0.1302490234
33682386.0,2968.0,0.0,-0.00390625,-0.0859375,0.0078125,0
33689418.0,7032.0,1.0,0.6604003906,0.2098999023,0.7091064453,-0.1302490234
33692386.0,2968.0,0.0,-0.00390625,0.0,0.0078125,0
33699418.0,7032.0,1.0,0.6604003906,0.2098999023,0.7091064453,-0.1302490234
33702386.0,2968.0,0.0,-0.00390625,0.0,0.0859375,0
33709418.0,7032.0,1.0,0.6603393555,0.2100219727,0.7091064453,-0.1303710938
33712386.0,2968.0,0.0,-0.00390625,0.0,0.0078125,0
33719418.0,7032.0,1.0,0.6602783203,0.2100830078,0.7091064453,-0.1304321289
33722386.0,2968.0,0.0,-0.00390625,-0.078125,0.0078125,0
33730418.0,8032.0,1.0,0.6602783203,0.2102050781,0.7091064453,-0.1305541992
33733386.0,2968.0,0.0,-0.00390625,-0.1171875,0.0078125,0
33739418.0,6032.0,1.0,0.6602172852,0.2102661133,0.7091064453,-0.1306152344
33742386.0,2968.0,0.0,-0.00390625,-0.078125,-0.0234375,0
33749418.0,7032.0,1.0,0.6602172852,0.2103271484,0.7090454102,-0.1306762695
33752386.0,2968.0,0.0,-0.00390625,0.07421875,-0.0234375,0
33759418.0,7032.0,1.0,0.6602172852,0.2103271484,0.7091064453,-0.1306152344
33762386.0,2968.0,0.0,0.03515625,0.2265625,-0.0625,0
33769418.0,7032.0,1.0,0.6602172852,0.2102661133,0.7091674805,-0.1304931641
33772386.0,2968.0,0.0,0.03515625,0.18359375,0.015625,0
33779418.0,7032.0,1.0,0.6602172852,0.210144043,0.7091674805,-0.1304321289
33782386.0,2968.0,0.0,-0.00390625,0.10546875,0.09375,0
33789418.0,7032.0,1.0,0.6602172852,0.210144043,0.7092285156,-0.1303710938
33792386.0,2968.0,0.0,-0.00390625,0.18359375,0.0546875,0
33799418.0,7032.0,1.0,0.66015625,0.210144043,0.7092285156,-0.1303710938
33802386.0,2968.0,0.0,-0.00390625,0.18359375,0.0546875,0
33809418.0,7032.0,1.0,0.66015625,0.2102050781,0.7092285156,-0.1304321289
33812386.0,2968.0,0.0,-0.046875,0.13671875,0.0546875,0
33819418.0,7032.0,1.0,0.6600952148,0.2102661133,0.7092285156,-0.1305541992
33822386.0,2968.0,0.0,-0.00390625,0.05859375,0.0078125,0
33829418.0,7032.0,1.0,0.6600341797,0.2103271484,0.7092285156,-0.1306762695
33832386.0,2968.0,0.0,-0.00390625,-0.125,0.0078125,0
33839418.0,7032.0,1.0,0.6599731445,0.2104492188,0.7092285156,-0.130859375
33842386.0,2968.0,0.0,-0.00390625,-0.0546875,0.0078125,0
33849418.0,7032.0,1.0,0.6599121094,0.2106323242,0.7092285156,-0.1311035156
33852386.0,2968.0,0.0,-0.00390625,-0.015625,0.015625,0
33859418.0,7032.0,1.0,0.6598510742,0.2107543945,0.7091674805,-0.1312866211
33862386.0,2968.0,0.0,-0.00390625,-0.0546875,-0.0234375,0
33869418.0,7032.0,1.0,0.6597900391,0.2108764648,0.7091674805,-0.1313476563
33872386.0,2968.0,0.0,-0.00390625,-0.0546875,-0.0625,0
33879418.0,7032.0,1.0,0.6597900391,0.2108764648,0.7091674805,-0.1313476563
33882386.0,2968.0,0.0,-0.00390625,-0.0546875,-0.0625,0
33890418.0,8032.0,1.0,0.6597900391,0.2108154297,0.7092285156,-0.1313476563
33893386.0,2968.0,0.0,-0.00390625,-0.015625,-0.0234375,0
33899418.0,6032.0,1.0,0.6597290039,0.2108154297,0.7092895508,-0.1312866211
33902386.0,2968.0,0.0,-0.00390625,-0.015625,0.015625,0
33909418.0,7032.0,1.0,0.6597290039,0.2107543945,0.7092895508,-0.1312255859
33913386.0,3968.0,0.0,-0.00390625,-0.015625,0.015625,0
33919418.0,6032.0,1.0,0.6597290039,0.2107543945,0.7092895508,-0.1312255859
33922386.0,2968.0,0.0,-0.00390625,0.05859375,0.0546875,0
33929418.0,7032.0,1.0,0.6596679688,0.2108154297,0.7093505859,-0.1312866211
33932386.0,2968.0,0.0,-0.00390625,0.13671875,0.0625,0
33939418.0,7032.0,1.0,0.6596679688,0.2108154297,0.7093505859,-0.1313476563
33942386.0,2968.0,0.0,0.03515625,0.13671875,0.0234375,0
33949418.0,7032.0,1.0,0.6596069336,0.2108764648,0.7093505859,-0.1314086914
33953386.0,3968.0,0.0,-0.01171875,0.09765625,0.015625,0
33959418.0,6032.0,1.0,0.6595458984,0.2108764648,0.7094116211,-0.1314697266
33962386.0,2968.0,0.0,-0.00390625,0.05078125,0.0234375,0
33969418.0,7032.0,1.0,0.6594848633,0.2109375,0.7094116211,-0.1314697266
33972386.0,2968.0,0.0,-0.00390625,-0.015625,0.0234375,0
33979418.0,7032.0,1.0,0.6594848633,0.2109375,0.7094116211,-0.1315917969
33982386.0,2968.0,0.0,-0.00390625,0.01171875,0.0234375,0
33989418.0,7032.0,1.0,0.6594238281,0.2109985352,0.7094726563,-0.131652832
33993386.0,3968.0,0.0,0.02734375,0.01171875,0.0234375,0
33999418.0,6032.0,1.0,0.659362793,0.2110595703,0.7094726563,-0.1317749023
34002386.0,2968.0,0.0,0.03515625,-0.0234375,0.0546875,0
34009418.0,7032.0,1.0,0.6593017578,0.2111206055,0.7094726563,-0.1318359375
34012386.0,2968.0,0.0,-0.00390625,0.05859375,0.0234375,0
34019418.0,7032.0,1.0,0.6592407227,0.2111816406,0.7095336914,-0.1319580078
34022386.0,2968.0,0.0,-0.00390625,0.05859375,-0.015625,0
34029418.0,7032.0,1.0,0.6591186523,0.2112426758,0.7095336914,-0.1320800781
34032386.0,2968.0,0.0,-0.01171875,-0.015625,-0.015625,0
34039418.0,7032.0,1.0,0.6590576172,0.2113037109,0.7095336914,-0.1322021484
34042386.0,2968.0,0.0,-0.046875,-0.1328125,0.0234375,0
34049418.0,7032.0,1.0,0.658996582,0.2113647461,0.7095947266,-0.1322631836
34052386.0,2968.0,0.0,-0.01171875,-0.0546875,-0.0546875,0
34059418.0,7032.0,1.0,0.658996582,0.2114257813,0.7095947266,-0.1323852539
34062386.0,2968.0,0.0,-0.01171875,-0.0546875,-0.0546875,0
34070418.0,8032.0,1.0,0.6589355469,0.2114257813,0.7096557617,-0.1323852539
34073386.0,2968.0,0.0,-0.046875,-0.1328125,-0.015625,0
34079418.0,6032.0,1.0,0.6588745117,0.2114868164,0.7096557617,-0.1324462891
34082386.0,2968.0,0.0,-0.00390625,-0.125,-0.046875,0
34089418.0,7032.0,1.0,0.6588745117,0.2114868164,0.7096557617,-0.1325073242
34092386.0,2968.0,0.0,-0.0390625,-0.125,-0.0078125,0
34099418.0,7032.0,1.0,0.6588134766,0.2114868164,0.7097167969,-0.1325073242
34102386.0,2968.0,0.0,-0.00390625,-0.0859375,-0.0078125,0
34110418.0,8032.0,1.0,0.6588134766,0.2114868164,0.7097167969,-0.1325073242
34113386.0,2968.0,0.0,-0.00390625,0.0,0.03125,0
34119418.0,6032.0,1.0,0.6587524414,0.2114868164,0.709777832,-0.1325073242
34122386.0,2968.0,0.0,-0.00390625,-0.1171875,-0.0078125,0
34129418.0,7032.0,1.0,0.6586914063,0.2114868164,0.709777832,-0.1325073242
34132386.0,2968.0,0.0,-0.00390625,-0.1171875,-0.08203125,0
34139418.0,7032.0,1.0,0.6586914063,0.2115478516,0.709777832,-0.1325683594
34142386.0,2968.0,0.0,-0.00390625,-0.0703125,-0.07421875,0
34150418.0,8032.0,1.0,0.6586914063,0.2115478516,0.709777832,-0.1326293945
34153386.0,2968.0,0.0,-0.0390625,-0.1484375,-0.07421875,0
34159418.0,6032.0,1.0,0.6586303711,0.2116088867,0.7098388672,-0.1326293945
34162386.0,2968.0,0.0,-0.0390625,-0.1484375,-0.03125,0
34169418.0,7032.0,1.0,0.6586303711,0.2116088867,0.7098388672,-0.1326293945
34172386.0,2968.0,0.0,-0.00390625,-0.1015625,-0.0390625,0
34179418.0,7032.0,1.0,0.6586303711,0.2116699219,0.7098388672,-0.1326293945
34182386.0,2968.0,0.0,-0.00390625,-0.0546875,0.0078125,0
34190418.0,8032.0,1.0,0.6585693359,0.2116088867,0.7098388672,-0.1326293945
34193386.0,2968.0,0.0,-0.00390625,-0.0546875,0.046875,0
34199418.0,6032.0,1.0,0.6585693359,0.2116088867,0.7098388672,-0.1325683594
34202386.0,2968.0,0.0,-0.00390625,0.0234375,0.0078125,0
34209418.0,7032.0,1.0,0.6585693359,0.2116088867,0.7098999023,-0.1325073242
34212386.0,2968.0,0.0,-0.00390625,0.05859375,-0.03125,0
34219418.0,7032.0,1.0,0.6585693359,0.2115478516,0.7098999023,-0.1325073242
34222386.0,2968.0,0.0,-0.00390625,0.05859375,-0.03125,0
34230418.0,8032.0,1.0,0.6585693359,0.2116088867,0.7098999023,-0.1325073242
34233386.0,2968.0,0.0,-0.03125,0.03125,-0.03125,0
34240418.0,7032.0,1.0,0.6585693359,0.2116088867,0.7098999023,-0.1325073242
34243386.0,2968.0,0.0,0.00390625,-0.0078125,-0.03125,0
34249418.0,6032.0,1.0,0.6585693359,0.2116088867,0.7098999023,-0.1325073242
34252386.0,2968.0,0.0,-0.00390625,0.06640625,-0.0234375,0
34259418.0,7032.0,1.0,0.6585693359,0.2116088867,0.7098999023,-0.1324462891
34262386.0,2968.0,0.0,-0.00390625,-0.015625,0.015625,0
34270418.0,8032.0,1.0,0.6585693359,0.2116088867,0.7098999023,-0.1324462891
34273386.0,2968.0,0.0,-0.00390625,-0.015625,0.015625,0
34279418.0,6032.0,1.0,0.6586303711,0.2116088867,0.7098999023,-0.1324462891
34282386.0,2968.0,0.0,0.03515625,0.09765625,-0.0234375,0
34289418.0,7032.0,1.0,0.6586303711,0.2115478516,0.7098999023,-0.1323852539
34292386.0,2968.0,0.0,-0.00390625,0.21484375,-0.0234375,0
34300418.0,8032.0,1.0,0.6586303711,0.2115478516,0.7098999023,-0.1323242188
34303386.0,2968.0,0.0,-0.00390625,0.13671875,0.015625,0
34310418.0,7032.0,1.0,0.6586303711,0.2114868164,0.7098999023,-0.1323242188
34313386.0,2968.0,0.0,0.00390625,0.17578125,0.0546875,0
34319418.0,6032.0,1.0,0.6586914063,0.2114257813,0.7098999023,-0.1322631836
34322386.0,2968.0,0.0,0.00390625,0.20703125,0.0546875,0
34329418.0,7032.0,1.0,0.6586914063,0.2113647461,0.7098999023,-0.1322021484
34333386.0,3968.0,0.0,-0.00390625,0.16015625,0.09375,0
34340418.0,7032.0,1.0,0.6586914063,0.2113037109,0.7098999023,-0.1321411133
34343386.0,2968.0,0.0,-0.00390625,0.04296875,0.0546875,0
34349418.0,6032.0,1.0,0.6586914063,0.2112426758,0.7099609375,-0.1320800781
34352386.0,2968.0,0.0,0.00390625,0.0078125,0.046875,0
34359418.0,7032.0,1.0,0.6586914063,0.2112426758,0.7099609375,-0.1321411133
34362386.0,2968.0,0.0,0.00390625,0.11328125,0.0078125,0
34369418.0,7032.0,1.0,0.6586914063,0.2112426758,0.7099609375,-0.1321411133
34373386.0,3968.0,0.0,-0.00390625,-0.078125,-0.03125,0
34379418.0,6032.0,1.0,0.6586914063,0.2113037109,0.7098999023,-0.1322631836
34382386.0,2968.0,0.0,-0.0390625,-0.1171875,0.046875,0
34389418.0,7032.0,1.0,0.6586914063,0.2113647461,0.7098999023,-0.1323852539
34392386.0,2968.0,0.0,-0.00390625,0.0,0.0859375,0
34399418.0,7032.0,1.0,0.6586914063,0.2114257813,0.7098388672,-0.1325073242
34402386.0,2968.0,0.0,-0.0390625,0.07421875,-0.10546875,0
34410418.0,8032.0,1.0,0.6586914063,0.2115478516,0.709777832,-0.1326293945
34414386.0,3968.0,0.0,0.03515625,-0.4609375,-0.03125,0
34420418.0,6032.0,1.0,0.6586914063,0.2116088867,0.709777832,-0.1326904297
34423386.0,2968.0,0.0,-0.0390625,-0.30859375,-0.06640625,0
34430418.0,7032.0,1.0,0.6586914063,0.2116088867,0.7097167969,-0.1327514648
34433386.0,2968.0,0.0,0.03515625,0.45703125,-0.03125,0
34439418.0,6032.0,1.0,0.6586914063,0.2115478516,0.7097167969,-0.1326904297
34442386.0,2968.0,0.0,0.03515625,0.15234375,-0.03125,0
34449418.0,7032.0,1.0,0.6586914063,0.2114868164,0.709777832,-0.1327514648
34452386.0,2968.0,0.0,0.03515625,0.11328125,0.046875,0
34459418.0,7032.0,1.0,0.6586914063,0.2114257813,0.7097167969,-0.1328125
34462386.0,2968.0,0.0,-0.0390625,1.5,-0.7578125,0
34469418.0,7032.0,1.0,0.6587524414,0.2113647461,0.7097167969,-0.1329956055
34472386.0,2968.0,0.0,0.03515625,1.4609375,-0.8046875,0
34479418.0,7032.0,1.0,0.6588134766,0.2113647461,0.7095947266,-0.1333007813
34482386.0,2968.0,0.0,0.07421875,0.8203125,-0.61328125,0
34490418.0,8032.0,1.0,0.6588134766,0.2113647461,0.7095336914,-0.1337280273
34493386.0,2968.0,0.0,-0.1953125,0.3984375,-0.265625,0
34499418.0,6032.0,1.0,0.6588745117,0.2111206055,0.7094726563,-0.133972168
34502386.0,2968.0,0.0,-0.33984375,-3.15625,-0.046875,0
34509418.0,7032.0,1.0,0.6589355469,0.2109985352,0.7094116211,-0.1341552734
34512386.0,2968.0,0.0,0.2734375,-1.34765625,-0.19921875,0
34519418.0,7032.0,1.0,0.658996582,0.2110595703,0.7092895508,-0.1343994141
34522386.0,2968.0,0.0,0.00390625,-1.42578125,-0.19921875,0
34530418.0,8032.0,1.0,0.6591186523,0.2110595703,0.7091674805,-0.1344604492
34533386.0,2968.0,0.0,-0.0703125,-1.578125,-0.3125,0
34539418.0,6032.0,1.0,0.6592407227,0.2111206055,0.7090454102,-0.1345214844
34542386.0,2968.0,0.0,-0.03125,-1.234375,-0.3203125,0
34549418.0,7032.0,1.0,0.659362793,0.2111816406,0.7088623047,-0.1345214844
34552386.0,2968.0,0.0,0.04296875,-0.69921875,-0.3984375,0
34559418.0,7032.0,1.0,0.6595458984,0.2113037109,0.7086791992,-0.1345214844
34562386.0,2968.0,0.0,-0.0703125,-0.390625,-0.4375,0
34570418.0,8032.0,1.0,0.6597900391,0.2114257813,0.7084350586,-0.1344604492
34573386.0,2968.0,0.0,-0.1484375,0.0234375,-0.484375,0
34579418.0,6032.0,1.0,0.6599731445,0.2114868164,0.7082519531,-0.1344604492
34582386.0,2968.0,0.0,0.00390625,1.24609375,-0.22265625,0
34589418.0,7032.0,1.0,0.66015625,0.2115478516,0.7080078125,-0.1345825195
34592386.0,2968.0,0.0,0.00390625,0.75,-0.10546875,0
34599418.0,7032.0,1.0,0.6604003906,0.2116088867,0.7077636719,-0.134765625
34602386.0,2968.0,0.0,0.08984375,0.90234375,0.078125,0
34610418.0,8032.0,1.0,0.6605834961,0.2114868164,0.7075805664,-0.1348266602
34613386.0,2968.0,0.0,0.08984375,0.3671875,0.26171875,0
34620418.0,7032.0,1.0,0.6607666016,0.2114257813,0.7074584961,-0.1348876953
34623386.0,2968.0,0.0,0.00390625,-0.015625,0.3359375,0
34629418.0,6032.0,1.0,0.660949707,0.2113037109,0.7072753906,-0.1348876953
34632386.0,2968.0,0.0,0.00390625,-0.3984375,0.3359375,0
34639418.0,7032.0,1.0,0.6611328125,0.2113037109,0.7071533203,-0.1349487305
34642386.0,2968.0,0.0,0.00390625,-0.24609375,0.21484375,0
34650418.0,8032.0,1.0,0.6612548828,0.2112426758,0.70703125,-0.1349487305
34653386.0,2968.0,0.0,0.00390625,-0.3984375,0.20703125,0
34659418.0,6032.0,1.0,0.6614379883,0.2112426758,0.7069091797,-0.1350097656
34662386.0,2968.0,0.0,-0.03125,-0.0546875,0.12890625,0
34670418.0,8032.0,1.0,0.6615600586,0.2111816406,0.7067871094,-0.1350097656
34674386.0,3968.0,0.0,0.00390625,0.328125,0.12109375,0
34680418.0,6032.0,1.0,0.6616821289,0.2111816406,0.7066650391,-0.1350097656
34683386.0,2968.0,0.0,0.01171875,0.25,0.19921875,0
34690418.0,7032.0,1.0,0.6618041992,0.2111206055,0.7065429688,-0.1350708008
34693386.0,2968.0,0.0,0.04296875,0.09765625,0.50390625,0
34699418.0,6032.0,1.0,0.6619262695,0.2110595703,0.7064208984,-0.1351318359
34702386.0,2968.0,0.0,0.01171875,0.0234375,0.65234375,0
34709418.0,7032.0,1.0,0.6619873047,0.2109985352,0.7063598633,-0.1351318359
34713386.0,3968.0,0.0,0.01171875,-0.28515625,0.7265625,0
34720418.0,7032.0,1.0,0.6620483398,0.2109985352,0.7063598633,-0.1351318359
34723386.0,2968.0,0.0,0.05078125,-0.4375,0.61328125,0
34729418.0,6032.0,1.0,0.6620483398,0.2109985352,0.7062988281,-0.1351318359
34732386.0,2968.0,0.0,-0.0234375,-0.4375,0.15234375,0
34739418.0,7032.0,1.0,0.662109375,0.2109985352,0.7062988281,-0.1351318359
34742386.0,2968.0,0.0,-0.0234375,-0.16796875,-0.078125,0
34750418.0,8032.0,1.0,0.662109375,0.2110595703,0.706237793,-0.1351318359
34753386.0,2968.0,0.0,-0.0234375,0.09765625,-0.23046875,0
34760418.0,7032.0,1.0,0.6621704102,0.2110595703,0.706237793,-0.1351318359
34763386.0,2968.0,0.0,0.00390625,0.44140625,-0.3515625,0
34769418.0,6032.0,1.0,0.6622314453,0.2110595703,0.7061767578,-0.1351318359
34772386.0,2968.0,0.0,0.01171875,0.48046875,-0.23828125,0
34779418.0,7032.0,1.0,0.6622924805,0.2110595703,0.7061157227,-0.1351318359
34782386.0,2968.0,0.0,0.00390625,0.21484375,-0.046875,0
34790418.0,8032.0,1.0,0.6623535156,0.2109375,0.7060546875,-0.1351928711
34793386.0,2968.0,0.0,0.01171875,-0.1328125,-0.015625,0
34800418.0,7032.0,1.0,0.6624755859,0.2108764648,0.7059936523,-0.1351928711
34803386.0,2968.0,0.0,-0.0234375,-0.3984375,-0.0546875,0
34810418.0,7032.0,1.0,0.6625366211,0.2108764648,0.7059326172,-0.1351928711
34813386.0,2968.0,0.0,-0.0234375,-0.3984375,-0.09375,0
34819418.0,6032.0,1.0,0.6625976563,0.2108764648,0.705871582,-0.1351318359
34822386.0,2968.0,0.0,-0.0234375,-0.20703125,-0.09375,0
34830418.0,8032.0,1.0,0.6627197266,0.2108764648,0.7057495117,-0.1350708008
34833386.0,2968.0,0.0,-0.0234375,-0.015625,-0.09375,0
34840418.0,7032.0,1.0,0.6627807617,0.2107543945,0.7056884766,-0.1350097656
34843386.0,2968.0,0.0,0.01171875,0.09765625,-0.0625,0
34850418.0,7032.0,1.0,0.6629638672,0.2105102539,0.7056884766,-0.134765625
34853386.0,2968.0,0.0,0.01171875,0.05859375,0.12890625,0
34860418.0,7032.0,1.0,0.6631469727,0.2100830078,0.7057495117,-0.1342773438
34863386.0,2968.0,0.0,0.01171875,-0.09375,0.20703125,0
34870418.0,7032.0,1.0,0.663269043,0.209777832,0.7058105469,-0.1338500977
34873386.0,2968.0,0.0,-0.0234375,-0.90625,0.28125,0
34880418.0,7032.0,1.0,0.6633911133,0.2095947266,0.7058105469,-0.1336669922
34883386.0,2968.0,0.0,0.08984375,0.359375,0.05078125,0
34890418.0,7032.0,1.0,0.6635131836,0.2093505859,0.7058105469,-0.1333007813
34893386.0,2968.0,0.0,0.01171875,0.7421875,-0.1484375,0
34900418.0,7032.0,1.0,0.6636352539,0.2089233398,0.7059326172,-0.1328125
34903386.0,2968.0,0.0,0.05078125,0.58984375,-0.375,0
34910418.0,7032.0,1.0,0.6638793945,0.2082519531,0.7059936523,-0.1321411133
34913386.0,2968.0,0.0,0.08984375,0.62109375,-0.4921875,0
34920418.0,7032.0,1.0,0.6641235352,0.2075195313,0.7061767578,-0.1313476563
34923386.0,2968.0,0.0,0.01171875,0.0078125,-0.72265625,0
34930418.0,7032.0,1.0,0.6644287109,0.2066650391,0.7062988281,-0.1305541992
34933386.0,2968.0,0.0,-0.0625,-0.9453125,-0.61328125,0
34940418.0,7032.0,1.0,0.6646728516,0.2060546875,0.7062988281,-0.130065918
34943386.0,2968.0,0.0,-0.140625,-1.640625,-0.26953125,0
34950418.0,7032.0,1.0,0.664855957,0.2061157227,0.7061157227,-0.1301269531
34953386.0,2968.0,0.0,-0.0625,-1.984375,-0.046875,0
34959418.0,6032.0,1.0,0.664855957,0.2067260742,0.7057495117,-0.1307373047
34962386.0,2968.0,0.0,-0.0625,-1.37109375,-0.0546875,0
34970418.0,8032.0,1.0,0.6647949219,0.2080078125,0.7052612305,-0.1319580078
34973386.0,2968.0,0.0,-0.1015625,-1.37109375,0.09765625,0
34980418.0,7032.0,1.0,0.6646118164,0.2097167969,0.7045898438,-0.1336669922
34983386.0,2968.0,0.0,-0.140625,-1.44140625,0.01171875,0
34990418.0,7032.0,1.0,0.6643676758,0.2120361328,0.7036743164,-0.135925293
34993386.0,2968.0,0.0,-0.1796875,-1.44140625,-0.1484375,0
35000418.0,7032.0,1.0,0.6640014648,0.2149047852,0.7025756836,-0.1387939453
35003386.0,2968.0,0.0,-0.1796875,-0.7890625,-0.4921875,0
35010418.0,7032.0,1.0,0.6636962891,0.217590332,0.7015380859,-0.1414794922
35013386.0,2968.0,0.0,0.09765625,-0.98046875,-0.80859375,0
35020418.0,7032.0,1.0,0.6633911133,0.2203979492,0.700378418,-0.1441650391
35023386.0,2968.0,0.0,-0.1328125,-1.36328125,-0.81640625,0
35030418.0,7032.0,1.0,0.6630859375,0.2233886719,0.6991577148,-0.1470947266
35033386.0,2968.0,0.0,-0.515625,-1.7109375,-0.0546875,0
35040418.0,7032.0,1.0,0.6626586914,0.2266235352,0.6978149414,-0.1502075195
35043386.0,2968.0,0.0,-0.36328125,-0.7890625,-0.66796875,0
35050418.0,7032.0,1.0,0.6622924805,0.2294921875,0.6965942383,-0.153137207
35054386.0,3968.0,0.0,-0.36328125,-0.4453125,-0.80078125,0
35060418.0,6032.0,1.0,0.6621704102,0.2318115234,0.6954345703,-0.1553955078
35063386.0,2968.0,0.0,-0.9453125,0.0234375,-1.06640625,0
35070418.0,7032.0,1.0,0.6622314453,0.2335205078,0.6944580078,-0.157043457
35073386.0,2968.0,0.0,-2.0078125,-0.33203125,-0.546875,0
35085418.0,12032.0,1.0,0.6624755859,0.2346801758,0.6936035156,-0.1580810547
35090386.0,4968.0,0.0,-2.546875,-0.29296875,-1.2890625,0
35093418.0,3032.0,1.0,0.6628417969,0.2355957031,0.6927490234,-0.1588745117
35096386.0,2968.0,0.0,-2.58203125,-0.9140625,-0.609375,0
35100418.0,4032.0,1.0,0.6633300781,0.2364501953,0.6918945313,-0.159362793
35103386.0,2968.0,0.0,-2.58203125,-0.921875,-0.625,0
35110418.0,7032.0,1.0,0.6637573242,0.2372436523,0.6911010742,-0.1597900391
35113386.0,2968.0,0.0,-2.46875,-0.73828125,-1.94140625,0
35120418.0,7032.0,1.0,0.6643066406,0.2381591797,0.6901855469,-0.1602172852
35123386.0,2968.0,0.0,-3.00390625,-1.5859375,-0.5390625,0
35130418.0,7032.0,1.0,0.6647949219,0.2393188477,0.6890869141,-0.1608276367
35134386.0,3968.0,0.0,-2.765625,-1.7578125,-0.82421875,0
35140418.0,6032.0,1.0,0.6652832031,0.2409057617,0.6878662109,-0.1618041992
35143386.0,2968.0,0.0,-2.34765625,-1.49609375,-1.4921875,0
35149418.0,6032.0,1.0,0.6658325195,0.2425537109,0.6865234375,-0.1627807617
35152386.0,2968.0,0.0,-2.4921875,-1.390625,-0.85546875,0
35160418.0,8032.0,1.0,0.6665039063,0.2444458008,0.6849365234,-0.1639404297
35163386.0,2968.0,0.0,-1.88671875,-1.671875,-1.30078125,0
35170418.0,7032.0,1.0,0.6671142578,0.2466430664,0.6832275391,-0.1652832031
35173386.0,2968.0,0.0,-1.53515625,-1.12109375,-1.74609375,0
35180418.0,7032.0,1.0,0.6678466797,0.2489624023,0.6813354492,-0.1667480469
35183386.0,2968.0,0.0,-1.6484375,-1.0625,-1.31640625,0
35189418.0,6032.0,1.0,0.668762207,0.2509765625,0.6794433594,-0.1678466797
35192386.0,2968.0,0.0,-1.49609375,-0.6171875,-1.6171875,0
35200418.0,8032.0,1.0,0.6699829102,0.2526855469,0.6774291992,-0.1685180664
35203386.0,2968.0,0.0,-1.41015625,-0.6875,-1.6484375,0
35210418.0,7032.0,1.0,0.6714477539,0.2540283203,0.6754150391,-0.1687011719
35213386.0,2968.0,0.0,-1.2578125,-0.78515625,-1.87890625,0
35220418.0,7032.0,1.0,0.6731567383,0.2550048828,0.6734008789,-0.1683349609
35223386.0,2968.0,0.0,-1.10546875,-0.625,-2.03125,0
35230418.0,7032.0,1.0,0.674987793,0.2559204102,0.6713256836,-0.1678466797
35233386.0,2968.0,0.0,-0.484375,-2.11328125,-1.421875,0
35240418.0,7032.0,1.0,0.6768798828,0.2573852539,0.6689453125,-0.1676635742
35243386.0,2968.0,0.0,-0.33984375,-2.14453125,-2.05078125,0
35250418.0,7032.0,1.0,0.6785888672,0.2595214844,0.6661987305,-0.1682128906
35253386.0,2968.0,0.0,-0.1015625,-2.18359375,-1.5234375,0
35260418.0,7032.0,1.0,0.6803588867,0.2622070313,0.6631469727,-0.1690673828
35263386.0,2968.0,0.0,0.46484375,-1.37890625,-1.8671875,0
35270418.0,7032.0,1.0,0.6821899414,0.2647705078,0.6600341797,-0.1697998047
35273386.0,2968.0,0.0,0.88671875,-0.69140625,-1.65234375,0
35280418.0,7032.0,1.0,0.6843261719,0.2669677734,0.6569213867,-0.169921875
35283386.0,2968.0,0.0,0.87890625,-0.859375,-1.59375,0
35290418.0,7032.0,1.0,0.6867675781,0.2687988281,0.6537475586,-0.1696166992
35293386.0,2968.0,0.0,0.87890625,-1.17578125,-1.46484375,0
35300418.0,7032.0,1.0,0.6892700195,0.2705078125,0.6504516602,-0.169128418
35303386.0,2968.0,0.0,0.8046875,-1.65234375,-1.18359375,0
35310418.0,7032.0,1.0,0.6918334961,0.2724609375,0.6470336914,-0.1687011719
35313386.0,2968.0,0.0,0.90234375,-1.69140625,-1.12890625,0
35320418.0,7032.0,1.0,0.6944580078,0.2746582031,0.643371582,-0.1683349609
35323386.0,2968.0,0.0,1.0546875,-1.5234375,-1.1171875,0
35330418.0,7032.0,1.0,0.6971435547,0.2770996094,0.6395263672,-0.1680297852
35333386.0,2968.0,0.0,1.078125,-1.35546875,-1.0703125,0
35340418.0,7032.0,1.0,0.6997680664,0.2794189453,0.6357421875,-0.1676025391
35343386.0,2968.0,0.0,1.109375,-0.65234375,-1.05859375,0
35350418.0,7032.0,1.0,0.7028198242,0.2817382813,0.6315917969,-0.1667480469
35353386.0,2968.0,0.0,1.1328125,-0.53125,-1.01171875,0
35360418.0,7032.0,1.0,0.7059936523,0.2835693359,0.6275634766,-0.1654052734
35363386.0,2968.0,0.0,1.0859375,-0.6015625,-0.9375,0
35370418.0,7032.0,1.0,0.7093505859,0.2850341797,0.6235351563,-0.1635742188
35373386.0,2968.0,0.0,1.0625,-0.81640625,-0.9375,0
35385418.0,12032.0,1.0,0.7127685547,0.2862548828,0.6196289063,-0.1614379883
35389386.0,3968.0,0.0,1.34375,-1.31640625,-0.82421875,0
35392418.0,3032.0,1.0,0.7163085938,0.2875976563,0.6154785156,-0.1591186523
35395386.0,2968.0,0.0,1.328125,-1.39453125,-0.91015625,0
35400418.0,5032.0,1.0,0.7202148438,0.2892456055,0.6108398438,-0.1566162109
35403386.0,2968.0,0.0,1.4140625,-1.59375,-0.99609375,0
35410418.0,7032.0,1.0,0.7236938477,0.2908935547,0.6064453125,-0.1543579102
35413386.0,2968.0,0.0,1.47265625,-1.671875,-1.04296875,0
35420418.0,7032.0,1.0,0.7272949219,0.2928466797,0.6018066406,-0.1521606445
35423386.0,2968.0,0.0,1.94140625,-1.26171875,-0.90234375,0
35430418.0,7032.0,1.0,0.7308349609,0.2949829102,0.5969848633,-0.1499023438
35434386.0,3968.0,0.0,1.9765625,-0.8125,-0.86328125,0
35440418.0,6032.0,1.0,0.7345581055,0.2969970703,0.5921020508,-0.1473388672
35443386.0,2968.0,0.0,2.0703125,-0.59765625,-0.765625,0
35450418.0,7032.0,1.0,0.7383422852,0.2986450195,0.5872192383,-0.1444091797
35453386.0,2968.0,0.0,2.14453125,-0.72265625,-0.66015625,0
35460418.0,7032.0,1.0,0.7423095703,0.3002319336,0.5821533203,-0.1411743164
35463386.0,2968.0,0.0,1.953125,-1.31640625,-0.5234375,0
35470418.0,7032.0,1.0,0.7462158203,0.301940918,0.5770263672,-0.1380004883
35473386.0,2968.0,0.0,1.875,-1.4453125,-0.6875,0
35480418.0,7032.0,1.0,0.75,0.3040161133,0.5717163086,-0.1348876953
35483386.0,2968.0,0.0,1.9453125,-1.546875,-0.859375,0
35490418.0,7032.0,1.0,0.7537231445,0.3065185547,0.5661621094,-0.1318969727
35493386.0,2968.0,0.0,2.08203125,-1.3046875,-0.8359375,0
35500418.0,7032.0,1.0,0.7573242188,0.3092041016,0.5606079102,-0.1289672852
35503386.0,2968.0,0.0,2.03515625,-1.1015625,-0.890625,0
35510418.0,7032.0,1.0,0.7608642578,0.3120117188,0.5548706055,-0.1259155273
35514386.0,3968.0,0.0,2.046875,-0.87109375,-0.85546875,0
35521418.0,7032.0,1.0,0.7644042969,0.3146972656,0.5491943359,-0.1228637695
35524386.0,2968.0,0.0,2.1484375,-0.74609375,-0.796875,0
35534418.0,10032.0,1.0,0.7679443359,0.3173828125,0.5433349609,-0.1194458008
35537386.0,2968.0,0.0,2.3203125,-0.39453125,-0.61328125,0
35541418.0,4032.0,1.0,0.7717895508,0.3200073242,0.5371704102,-0.1156616211
35544386.0,2968.0,0.0,2.44140625,-0.3203125,-0.5546875,0
35550418.0,6032.0,1.0,0.7756347656,0.3223266602,0.5311279297,-0.1116333008
35553386.0,2968.0,0.0,2.5625,-0.34375,-0.49609375,0
35560418.0,7032.0,1.0,0.7794189453,0.3245239258,0.5250244141,-0.1074829102
35563386.0,2968.0,0.0,2.609375,-0.5390625,-0.44140625,0
35570418.0,7032.0,1.0,0.7830200195,0.3266601563,0.5191040039,-0.1033935547
35573386.0,2968.0,0.0,2.72265625,-0.640625,-0.4140625,0
35580418.0,7032.0,1.0,0.7868041992,0.3292236328,0.5126342773,-0.0990600586
35583386.0,2968.0,0.0,2.8359375,-0.640625,-0.5859375,0
35590418.0,7032.0,1.0,0.7903442383,0.3318481445,0.5062255859,-0.0948486328
35593386.0,2968.0,0.0,2.90234375,-0.64453125,-0.87109375,0
35600418.0,7032.0,1.0,0.793762207,0.3348388672,0.4996337891,-0.0907592773
35603386.0,2968.0,0.0,3.0390625,-0.68359375,-0.984375,0
35610418.0,7032.0,1.0,0.7970581055,0.3380737305,0.4927978516,-0.0866699219
35613386.0,2968.0,0.0,3.25,0.5703125,-0.8125,0
35620418.0,7032.0,1.0,0.8004760742,0.3409423828,0.4860229492,-0.0823974609
35623386.0,2968.0,0.0,3.2734375,0.99609375,-0.78125,0
35630418.0,7032.0,1.0,0.8041381836,0.342956543,0.479309082,-0.0775146484
35633386.0,2968.0,0.0,3.37109375,1.078125,-0.65234375,0
35642418.0,9032.0,1.0,0.8079223633,0.3441772461,0.4729003906,-0.0724487305
35645386.0,2968.0,0.0,3.34375,0.78515625,-0.51953125,0
35653418.0,8032.0,1.0,0.8119506836,0.3452148438,0.466003418,-0.0669555664
35656386.0,2968.0,0.0,3.3515625,0.0703125,-0.4375,0
35660418.0,4032.0,1.0,0.8158569336,0.346496582,0.4588012695,-0.0614013672
35663386.0,2968.0,0.0,3.39453125,-0.14453125,-0.46875,0
35670418.0,7032.0,1.0,0.8194580078,0.3483276367,0.4515991211,-0.0562744141
35673386.0,2968.0,0.0,3.28515625,-0.41015625,-0.41015625,0
35680418.0,7032.0,1.0,0.8226928711,0.350769043,0.4443969727,-0.0515136719
35683386.0,2968.0,0.0,3.23828125,-0.74609375,-0.359375,0
35690418.0,7032.0,1.0,0.8256225586,0.3539428711,0.4368286133,-0.0470581055
35693386.0,2968.0,0.0,3.41796875,-0.2890625,-0.390625,0
35700418.0,7032.0,1.0,0.8282470703,0.3576049805,0.4292602539,-0.0428466797
35703386.0,2968.0,0.0,3.4453125,0.78125,-0.4765625,0
35710418.0,7032.0,1.0,0.8309936523,0.3608398438,0.4215698242,-0.038269043
35713386.0,2968.0,0.0,3.23828125,1.703125,-0.40234375,0
35720418.0,7032.0,1.0,0.8341064453,0.3626098633,0.4143676758,-0.0332641602
35723386.0,2968.0,0.0,3.1875,1.83984375,-0.1875,0
35730418.0,7032.0,1.0,0.8379516602,0.3630981445,0.4065551758,-0.0270385742
35733386.0,2968.0,0.0,3.1640625,1.1796875,0.125,0
35740418.0,7032.0,1.0,0.841796875,0.3629760742,0.3989868164,-0.020690918
35743386.0,2968.0,0.0,3.13671875,0.56640625,0.3515625,0
35750418.0,7032.0,1.0,0.8455810547,0.3629760742,0.3912353516,-0.0144042969
35753386.0,2968.0,0.0,2.94921875,0.1796875,0.43359375,0
35765418.0,12032.0,1.0,0.848815918,0.3634643555,0.3837890625,-0.008605957
35769386.0,3968.0,0.0,2.7421875,0.21875,0.6015625,0
35772418.0,3032.0,1.0,0.8519897461,0.3645629883,0.3758544922,-0.0028076172
35775386.0,2968.0,0.0,2.5859375,0.1328125,0.5,0
35780418.0,5032.0,1.0,0.8549194336,0.3660888672,0.3675537109,0.003112793
35783386.0,2968.0,0.0,2.4375,0.19921875,0.3671875,0
35790418.0,7032.0,1.0,0.8575439453,0.3676757813,0.3596191406,0.0086669922
35793386.0,2968.0,0.0,2.51171875,0.2734375,0.359375,0
35800418.0,7032.0,1.0,0.860168457,0.3690795898,0.3516235352,0.0143432617
35803386.0,2968.0,0.0,2.9609375,2.3359375,0.875,0
35810418.0,7032.0,1.0,0.86328125,0.3688354492,0.3439331055,0.0208129883
35813386.0,2968.0,0.0,4.61328125,4.546875,11.5078125,0
35820418.0,7032.0,1.0,0.8666381836,0.3670043945,0.3369140625,0.0278930664
35823386.0,2968.0,0.0,2.96875,1.4375,2.87890625,0
35830418.0,7032.0,1.0,0.869140625,0.366394043,0.3303833008,0.0346679687
35833386.0,2968.0,0.0,2.55859375,-1.015625,14.0546875,0
35840418.0,7032.0,1.0,0.8704223633,0.3674316406,0.325012207,0.0407714844
35843386.0,2968.0,0.0,1.0390625,4.09375,13.6875,0
35850418.0,7032.0,1.0,0.8709716797,0.3690185547,0.3209838867,0.0466308594
35853386.0,2968.0,0.0,0.36328125,5.40234375,14.73828125,0
35860418.0,7032.0,1.0,0.8709106445,0.3709716797,0.3181152344,0.0523071289
35863386.0,2968.0,0.0,1.83203125,5.19140625,7.41015625,0
35870418.0,7032.0,1.0,0.8705444336,0.3725585938,0.3161621094,0.0579833984
35873386.0,2968.0,0.0,1.87109375,0.07421875,3.07421875,0
35880418.0,7032.0,1.0,0.8700561523,0.3739624023,0.3147583008,0.0637207031
35883386.0,2968.0,0.0,1.984375,-0.44140625,2.1875,0
35890418.0,7032.0,1.0,0.8693237305,0.3757324219,0.3135986328,0.069152832
35894386.0,3968.0,0.0,1.9140625,-0.53125,2.96875,0
35900418.0,6032.0,1.0,0.8681030273,0.3781738281,0.3128662109,0.0741577148
35903386.0,2968.0,0.0,2.5390625,0.33203125,3.40625,0
35910418.0,7032.0,1.0,0.8666992188,0.3807373047,0.3123779297,0.0788574219
35913386.0,2968.0,0.0,1.94921875,1.1484375,-0.73828125,0
35926418.0,13032.0,1.0,0.8654785156,0.3828125,0.3120117188,0.0836791992
35931418.0,5000.0,1.0,0.8646240234,0.3840332031,0.3115844727,0.0889282227
35933386.0,1968.0,0.0,1.6015625,0.671875,-2.36328125,0
35940418.0,7032.0,1.0,0.8638305664,0.3849487305,0.3110961914,0.0941162109
35943386.0,2968.0,0.0,1.1171875,-0.3984375,-1.015625,0
35950418.0,7032.0,1.0,0.8626098633,0.3869018555,0.3107299805,0.0985107422
35953386.0,2968.0,0.0,1.53125,-1.13671875,0.6875,0
35960418.0,7032.0,1.0,0.860534668,0.3905639648,0.3104858398,0.1026611328
35963386.0,2968.0,0.0,1.46875,0.09375,-0.17578125,0
35970418.0,7032.0,1.0,0.858215332,0.3947143555,0.3104248047,0.106262207
35973386.0,2968.0,0.0,1.4453125,1.51953125,-0.5078125,0
35980418.0,7032.0,1.0,0.8561401367,0.3981933594,0.3104248047,0.1099243164
35983386.0,2968.0,0.0,1.93359375,3.52734375,-0.6796875,0
35990418.0,7032.0,1.0,0.8546142578,0.400390625,0.3104248047,0.1137084961
35993386.0,2968.0,0.0,0.9609375,3.25,0.19140625,0
36000418.0,7032.0,1.0,0.8534545898,0.4017944336,0.3104858398,0.1174926758
36003386.0,2968.0,0.0,0.8125,2.25,1.01171875,0
36010418.0,7032.0,1.0,0.8522338867,0.403137207,0.3107299805,0.1211547852
36013386.0,2968.0,0.0,0.61328125,1.453125,1.52734375,0
36020418.0,7032.0,1.0,0.8508300781,0.4046630859,0.3110961914,0.1245727539
36023386.0,2968.0,0.0,0.4609375,1.15625,1.3671875,0
36030418.0,7032.0,1.0,0.8494873047,0.4060668945,0.311706543,0.1279296875
36033386.0,2968.0,0.0,0.7734375,0.65625,-0.02734375,0
36040418.0,7032.0,1.0,0.8482666016,0.4069824219,0.3123168945,0.1315307617
36043386.0,2968.0,0.0,0.703125,0.43359375,0.2265625,0
36051418.0,8032.0,1.0,0.8470458984,0.4077148438,0.3130493164,0.1351318359
36054386.0,2968.0,0.0,0.98046875,0.5625,0.31640625,0
36060418.0,6032.0,1.0,0.8457641602,0.4086303711,0.3139038086,0.1385498047
36063386.0,2968.0,0.0,1.90625,1.421875,0.80078125,0
36070418.0,7032.0,1.0,0.8444213867,0.4095458984,0.3148193359,0.1419067383
36073386.0,2968.0,0.0,2.07421875,1.54296875,0.96875,0
36080418.0,7032.0,1.0,0.8433837891,0.4097900391,0.3156738281,0.145324707
36083386.0,2968.0,0.0,2.2421875,1.52734375,0.9375,0
36091418.0,8032.0,1.0,0.8427734375,0.4091796875,0.3164672852,0.1488647461
36094386.0,2968.0,0.0,2.2578125,1.328125,1.0546875,0
36100418.0,6032.0,1.0,0.842590332,0.4076538086,0.3171386719,0.1525268555
36103386.0,2968.0,0.0,1.6953125,1.08984375,-0.5703125,0
36110418.0,7032.0,1.0,0.8428344727,0.4052734375,0.3176879883,0.1565551758
36113386.0,2968.0,0.0,1.56640625,0.72265625,-0.21875,0
36120418.0,7032.0,1.0,0.8431396484,0.4027099609,0.3181152344,0.1605224609
36123386.0,2968.0,0.0,0.66796875,0.5078125,1.04296875,0
36131418.0,8032.0,1.0,0.8431396484,0.4006958008,0.3187255859,0.1641235352
36134386.0,2968.0,0.0,0.421875,0.125,1.75,0
36146418.0,12032.0,1.0,0.8426513672,0.3999023438,0.3195800781,0.167175293
36151418.0,5000.0,1.0,0.8416748047,0.3997192383,0.3206787109,0.1701049805
36153386.0,1968.0,0.0,1.12109375,-0.1875,-1.390625,0
36160418.0,7032.0,1.0,0.840637207,0.3997192383,0.3217773438,0.1731567383
36163386.0,2968.0,0.0,0.72265625,0.01953125,-0.92578125,0
36171418.0,8032.0,1.0,0.8394165039,0.4001464844,0.3229370117,0.1759643555
36174386.0,2968.0,0.0,1.15625,-0.6875,-0.83203125,0
36180418.0,6032.0,1.0,0.8377075195,0.4014892578,0.3242797852,0.1784057617
36183386.0,2968.0,0.0,0.73046875,-0.6796875,-0.44921875,0
36190418.0,7032.0,1.0,0.8355102539,0.4039306641,0.3258666992,0.1805419922
36193386.0,2968.0,0.0,0.4765625,-0.40625,-0.1640625,0
36200418.0,7032.0,1.0,0.8329467773,0.4069824219,0.3275756836,0.182434082
36203386.0,2968.0,0.0,0.57421875,0.16015625,-0.5625,0
36211418.0,8032.0,1.0,0.8303222656,0.4099731445,0.3293457031,0.184387207
36214386.0,2968.0,0.0,0.40625,0.53515625,-0.26171875,0
36220418.0,6032.0,1.0,0.8278808594,0.4124755859,0.3311157227,0.1864624023
36223386.0,2968.0,0.0,-0.14453125,0.94921875,-0.16796875,0
36230418.0,7032.0,1.0,0.8258056641,0.4143676758,0.3327636719,0.1888427734
36234386.0,3968.0,0.0,-0.4765625,0.80078125,-0.11328125,0
36241418.0,7032.0,1.0,0.8239135742,0.4156494141,0.3343505859,0.19140625
36244386.0,2968.0,0.0,-0.8671875,0.734375,-0.76953125,0
36250418.0,6032.0,1.0,0.8220214844,0.4168701172,0.3359375,0.1939697266
36253386.0,2968.0,0.0,-1.2265625,0.05859375,-0.34765625,0
36260418.0,7032.0,1.0,0.8199462891,0.4185791016,0.3375854492,0.1961669922
36263386.0,2968.0,0.0,-1.203125,0.21875,-0.45703125,0
36270418.0,7032.0,1.0,0.8174438477,0.421081543,0.3394165039,0.198059082
36273386.0,2968.0,0.0,-1.2890625,0.25390625,-1.08984375,0
36281418.0,8032.0,1.0,0.8146362305,0.4243164063,0.3413085938,0.1994628906
36284386.0,2968.0,0.0,-1.3515625,0.29296875,-1.1640625,0
36290418.0,6032.0,1.0,0.8116455078,0.4279785156,0.3432006836,0.2005004883
36293386.0,2968.0,0.0,-1.28125,0.9375,-1.26953125,0
36300418.0,7032.0,1.0,0.8084106445,0.4322509766,0.3451538086,0.201171875
36303386.0,2968.0,0.0,-1.421875,1.2734375,-0.80078125,0
36310418.0,7032.0,1.0,0.8052368164,0.4365234375,0.3469238281,0.2015380859
36313386.0,2968.0,0.0,-1.4375,1.71484375,-1.58984375,0
36320418.0,7032.0,1.0,0.8021850586,0.4407958984,0.3485717773,0.2016601563
36323386.0,2968.0,0.0,-1.75,1.9765625,-1.41015625,0
36330418.0,7032.0,1.0,0.799621582,0.4443359375,0.3499145508,0.2017211914
36333386.0,2968.0,0.0,-1.796875,3.125,-1.9140625,0
36340418.0,7032.0,1.0,0.7974243164,0.4473266602,0.3510742188,0.2018432617
36343386.0,2968.0,0.0,-2.04296875,3.3125,-2.2734375,0
36350418.0,7032.0,1.0,0.7961425781,0.4488525391,0.3517456055,0.2022705078
36354386.0,3968.0,0.0,-2.1640625,2.83203125,-2.04296875,0
36360418.0,6032.0,1.0,0.795715332,0.4491577148,0.3520507813,0.2030029297
36363386.0,2968.0,0.0,-2.32421875,2.1015625,-1.76953125,0
36373418.0,10032.0,1.0,0.7958374023,0.4484863281,0.3519287109,0.2040405273
36376386.0,2968.0,0.0,-2.37890625,1.453125,-0.44140625,0
36380418.0,4032.0,1.0,0.7963867188,0.447265625,0.3516235352,0.2052612305
36383386.0,2968.0,0.0,-2.41796875,1.3828125,0.375,0
36390418.0,7032.0,1.0,0.7969970703,0.4459228516,0.3511962891,0.2064208984
36393386.0,2968.0,0.0,-2.37890625,1.19140625,1.265625,0
36401418.0,8032.0,1.0,0.7974853516,0.4447021484,0.3508911133,0.2075195313
36404386.0,2968.0,0.0,-2.234375,0.77734375,2.46875,0
36410418.0,6032.0,1.0,0.7977905273,0.4437255859,0.3508300781,0.2086181641
36413386.0,2968.0,0.0,-1.8203125,-0.37109375,5.36328125,0
36420418.0,7032.0,1.0,0.7978515625,0.4429321289,0.3510742188,0.209777832
36423386.0,2968.0,0.0,-1.58984375,-1.55078125,6.0078125,0
36431418.0,8032.0,1.0,0.7974853516,0.4424438477,0.3517456055,0.2110595703
36434386.0,2968.0,0.0,-1.55078125,-2.59375,5.76953125,0
36441418.0,7032.0,1.0,0.7967529297,0.4423828125,0.3526611328,0.2124633789
36444386.0,2968.0,0.0,-1.0546875,-2.515625,1.875,0
36451418.0,7032.0,1.0,0.7955932617,0.4428100586,0.3538208008,0.2137451172
36454386.0,2968.0,0.0,1.16796875,-1.3828125,-1.1328125,0
36460418.0,6032.0,1.0,0.7939453125,0.4443359375,0.3552246094,0.2145385742
36463386.0,2968.0,0.0,0.1640625,0.32421875,-1.171875,0
36471418.0,8032.0,1.0,0.7914428711,0.4475708008,0.3569946289,0.2141723633
36474386.0,2968.0,0.0,0.125,2.40234375,-0.86328125,0
36480418.0,6032.0,1.0,0.788269043,0.4522705078,0.3590698242,0.2125244141
36483386.0,2968.0,0.0,-0.48046875,5.75390625,-2.5078125,0
36490418.0,7032.0,1.0,0.7849731445,0.4571533203,0.3613891602,0.2102050781
36493386.0,2968.0,0.0,-0.1640625,7.09765625,-2.55078125,0
36500418.0,7032.0,1.0,0.7828979492,0.4602050781,0.3633422852,0.2081298828
36503386.0,2968.0,0.0,-0.09765625,7.609375,-1.66796875,0
36511418.0,8032.0,1.0,0.782409668,0.4604492188,0.3647460938,0.2068481445
36514386.0,2968.0,0.0,-0.1796875,6.4609375,-1.1484375,0
36520418.0,6032.0,1.0,0.7833251953,0.4584350586,0.3656005859,0.206237793
36523386.0,2968.0,0.0,-0.1171875,6.24609375,0.015625,0
36530418.0,7032.0,1.0,0.7853393555,0.4545288086,0.3662719727,0.2059936523
36533386.0,2968.0,0.0,-0.26171875,5.2109375,-0.5078125,0
36540418.0,7032.0,1.0,0.7878417969,0.4499511719,0.3668823242,0.2056274414
36543386.0,2968.0,0.0,-0.63671875,4.0234375,-0.9609375,0
36551418.0,8032.0,1.0,0.790222168,0.4456176758,0.3675537109,0.2047729492
36554386.0,2968.0,0.0,-0.66015625,2.84765625,-0.76171875,0
36561418.0,7032.0,1.0,0.7922363281,0.4419555664,0.3684082031,0.203125
36564386.0,2968.0,0.0,-0.22265625,1.65234375,-0.49609375,0
36571418.0,7032.0,1.0,0.7939453125,0.4390869141,0.3693847656,0.2008666992
36574386.0,2968.0,0.0,0.1484375,2.2265625,0.01171875,0
36581418.0,7032.0,1.0,0.7957763672,0.4360351563,0.3704833984,0.1983032227
36584386.0,2968.0,0.0,0.27734375,2.765625,0.38671875,0
36591418.0,7032.0,1.0,0.7979736328,0.4323120117,0.3714599609,0.1958618164
36594386.0,2968.0,0.0,0.28125,2.96484375,0.26171875,0
36601418.0,7032.0,1.0,0.8005981445,0.4276733398,0.3723754883,0.1934814453
36604386.0,2968.0,0.0,0.11328125,2.14453125,-0.17578125,0
36611418.0,7032.0,1.0,0.8033447266,0.4227905273,0.3734130859,0.1910400391
36615386.0,3968.0,0.0,0.14453125,1.6171875,-0.140625,0
36621418.0,6032.0,1.0,0.8059692383,0.41796875,0.3745117188,0.188293457
36624386.0,2968.0,0.0,0.22265625,1.07421875,0.11328125,0
36631418.0,7032.0,1.0,0.8084106445,0.4134521484,0.375793457,0.1853027344
36634386.0,2968.0,0.0,-0.11328125,0.44140625,0.25,0
36640418.0,6032.0,1.0,0.8107299805,0.408996582,0.3771972656,0.1819458008
36643386.0,2968.0,0.0,-0.265625,0.703125,-0.140625,0
36651418.0,8032.0,1.0,0.8129272461,0.4048461914,0.3786621094,0.1784667969
36654386.0,2968.0,0.0,-0.21484375,-0.046875,-0.41796875,0
36661418.0,7032.0,1.0,0.8148803711,0.4010620117,0.3802490234,0.174621582
36664386.0,2968.0,0.0,0.0234375,-0.21484375,0.125,0
36670418.0,6032.0,1.0,0.8165893555,0.3977661133,0.3818969727,0.1705322266
36673386.0,2968.0,0.0,-0.47265625,-0.19921875,-0.671875,0
36681418.0,8032.0,1.0,0.818359375,0.3943481445,0.3836669922,0.1661987305
36684386.0,2968.0,0.0,-0.3125,0.1328125,-0.015625,0
36691418.0,7032.0,1.0,0.8201904297,0.390625,0.3853149414,0.1619873047
36694386.0,2968.0,0.0,-0.109375,0.234375,0.22265625,0
36701418.0,7032.0,1.0,0.8221435547,0.3865966797,0.3869018555,0.1578369141
36704386.0,2968.0,0.0,-0.20703125,-0.42578125,0.11328125,0
36710418.0,6032.0,1.0,0.8240356445,0.3825683594,0.3884887695,0.1538696289
36713386.0,2968.0,0.0,-0.3984375,-1.16015625,0.54296875,0
36725418.0,12032.0,1.0,0.8259277344,0.3784790039,0.3901367188,0.149597168
36728386.0,2968.0,0.0,-0.3203125,-1.546875,0.45703125,0
36732418.0,4032.0,1.0,0.8276977539,0.3746337891,0.3918457031,0.1448364258
36735386.0,2968.0,0.0,-0.6875,-1.5546875,-0.1015625,0
36741418.0,6032.0,1.0,0.8289794922,0.371887207,0.3935546875,0.1400146484
36744386.0,2968.0,0.0,-0.6015625,-1.4921875,-0.1171875,0
36751418.0,7032.0,1.0,0.8300170898,0.3697509766,0.3952026367,0.1348266602
36754386.0,2968.0,0.0,-0.875,-0.82421875,-0.04296875,0
36761418.0,7032.0,1.0,0.830871582,0.367980957,0.3968505859,0.1295166016
36764386.0,2968.0,0.0,-1.01953125,-1.7265625,0.10546875,0
36771418.0,7032.0,1.0,0.8316650391,0.366394043,0.3983764648,0.1241455078
36774386.0,2968.0,0.0,-0.984375,-1.75,-0.125,0
36781418.0,7032.0,1.0,0.8323364258,0.3651123047,0.3997802734,0.1186523438
36784386.0,2968.0,0.0,-0.75390625,-1.16015625,0.33203125,0
36791418.0,7032.0,1.0,0.8329467773,0.364074707,0.4011230469,0.1130371094
36794386.0,2968.0,0.0,-0.68359375,-0.7734375,0.12109375,0
36801418.0,7032.0,1.0,0.8335571289,0.3629760742,0.40234375,0.1076660156
36804386.0,2968.0,0.0,-0.46875,-0.14453125,0.08203125,0
36811418.0,7032.0,1.0,0.8344726563,0.3612670898,0.4033813477,0.1024169922
36814386.0,2968.0,0.0,-0.3984375,0.59765625,0.02734375,0
36821418.0,7032.0,1.0,0.8357543945,0.358581543,0.4042358398,0.0978393555
36824386.0,2968.0,0.0,-0.3671875,0.4765625,0.08203125,0
36831418.0,7032.0,1.0,0.8374023438,0.3549804688,0.4049072266,0.0936279297
36834386.0,2968.0,0.0,-0.2734375,-0.02734375,0.01171875,0
36841418.0,7032.0,1.0,0.8392333984,0.3510131836,0.4055175781,0.0895996094
36844386.0,2968.0,0.0,-0.25,-0.4453125,0.1953125,0
36851418.0,7032.0,1.0,0.8409423828,0.3472900391,0.4061279297,0.0855712891
36854386.0,2968.0,0.0,-0.1484375,-0.7890625,0.1171875,0
36861418.0,7032.0,1.0,0.8423461914,0.3442382813,0.4066772461,0.0814208984
36864386.0,2968.0,0.0,-0.015625,-0.91015625,0.57421875,0
36871418.0,7032.0,1.0,0.8435668945,0.3416137695,0.4071655273,0.0768432617
36874386.0,2968.0,0.0,0.19140625,-0.57421875,0.32421875,0
36884418.0,10032.0,1.0,0.8446044922,0.3393554688,0.4077148438,0.0724487305
36887386.0,2968.0,0.0,0.515625,-0.328125,0.26171875,0
36894418.0,7032.0,1.0,0.8458251953,0.336730957,0.408203125,0.0678100586
36897386.0,2968.0,0.0,0.60546875,0.1640625,0.08203125,0
36901418.0,4032.0,1.0,0.8471069336,0.3336791992,0.4085693359,0.0639038086
36904386.0,2968.0,0.0,0.73046875,0.80859375,-0.55859375,0
36911418.0,7032.0,1.0,0.8486328125,0.3300170898,0.408996582,0.0602416992
36914386.0,2968.0,0.0,1.015625,0.50390625,0.01171875,0
36921418.0,7032.0,1.0,0.8502197266,0.3259277344,0.4094238281,0.0569458008
36924386.0,2968.0,0.0,0.83203125,0.46875,-0.578125,0
36931418.0,7032.0,1.0,0.8519287109,0.3215332031,0.4097900391,0.0537109375
36934386.0,2968.0,0.0,0.609375,-0.5625,-0.05078125,0
36941418.0,7032.0,1.0,0.8536376953,0.3170776367,0.41015625,0.0505371094
36944386.0,2968.0,0.0,0.65625,-1.8125,-0.3359375,0
36951418.0,7032.0,1.0,0.8550415039,0.3133544922,0.4104614258,0.0473632812
36955386.0,3968.0,0.0,1.04296875,-1.54296875,0.5078125,0
36961418.0,6032.0,1.0,0.8562011719,0.3103637695,0.4107055664,0.043762207
36964386.0,2968.0,0.0,1.125,-1.69921875,0.1328125,0
36971418.0,7032.0,1.0,0.8571166992,0.3080444336,0.410949707,0.0399169922
36974386.0,2968.0,0.0,1.00390625,-1.5625,0.03125,0
36981418.0,7032.0,1.0,0.8579711914,0.3057861328,0.4111938477,0.0362548828
36984386.0,2968.0,0.0,0.74609375,-0.39453125,0.27734375,0
36991418.0,7032.0,1.0,0.8588867188,0.3034057617,0.4113769531,0.0326538086
36994386.0,2968.0,0.0,0.77734375,-0.5546875,0.0625,0
37001418.0,7032.0,1.0,0.8598022461,0.3008422852,0.4114990234,0.029296875
37004386.0,2968.0,0.0,0.69921875,-0.609375,-0.19921875,0
37011418.0,7032.0,1.0,0.8608398438,0.2979736328,0.4116821289,0.0261230469
37014386.0,2968.0,0.0,0.72265625,-0.24609375,0.265625,0
37021418.0,7032.0,1.0,0.8618774414,0.2949829102,0.4118041992,0.0230712891
37024386.0,2968.0,0.0,0.90625,-0.55859375,-0.109375,0
37031418.0,7032.0,1.0,0.8628540039,0.292175293,0.4119873047,0.0200195312
37034386.0,2968.0,0.0,0.90234375,-1.140625,-0.1015625,0
37041418.0,7032.0,1.0,0.8638305664,0.2893066406,0.412109375,0.0170288086
37044386.0,2968.0,0.0,0.96875,-0.84765625,0.06640625,0
37051418.0,7032.0,1.0,0.8646850586,0.2865600586,0.4122314453,0.0141601563
37054386.0,2968.0,0.0,0.6953125,-1.09375,-0.1171875,0
37061418.0,7032.0,1.0,0.8656005859,0.2838745117,0.4123535156,0.0112304688
37064386.0,2968.0,0.0,0.48828125,-1.09765625,-0.07421875,0
37071418.0,7032.0,1.0,0.866394043,0.2814331055,0.4124145508,0.0083618164
37075386.0,3968.0,0.0,0.3203125,-0.9296875,-0.02734375,0
37081418.0,6032.0,1.0,0.8670654297,0.2792358398,0.4124755859,0.0053710937
37084386.0,2968.0,0.0,0.390625,-0.875,-0.234375,0
37090418.0,6032.0,1.0,0.8677368164,0.2772827148,0.4125366211,0.0026245117
37093386.0,2968.0,0.0,0.328125,-0.4765625,-0.1796875,0
37105418.0,12032.0,1.0,0.868347168,0.2752685547,0.4125366211,-0.0001831055
37108386.0,2968.0,0.0,0.31640625,-0.34375,-0.2421875,0
37112418.0,4032.0,1.0,0.8690795898,0.2728271484,0.4126586914,-0.0029296875
37115386.0,2968.0,0.0,0.26171875,-0.328125,-0.3046875,0
37121418.0,6032.0,1.0,0.8698120117,0.2702636719,0.4127807617,-0.0053710937
37124386.0,2968.0,0.0,0.20703125,-0.53125,-0.25,0
37131418.0,7032.0,1.0,0.8704833984,0.2676391602,0.4129638672,-0.0078125
37134386.0,2968.0,0.0,0.0,-1.3515625,-0.2734375,0
37141418.0,7032.0,1.0,0.8710327148,0.2654418945,0.4132080078,-0.0101928711
37144386.0,2968.0,0.0,0.0625,-1.3359375,-0.0234375,0
37151418.0,7032.0,1.0,0.8714599609,0.2636108398,0.4134521484,-0.0127563477
37154386.0,2968.0,0.0,0.1953125,-1.09765625,0.19140625,0
37161418.0,7032.0,1.0,0.8717651367,0.2619018555,0.4137573242,-0.0153198242
37164386.0,2968.0,0.0,0.37109375,-0.703125,0.328125,0
37171418.0,7032.0,1.0,0.8721313477,0.2600097656,0.4140625,-0.0177001953
37174386.0,2968.0,0.0,0.69921875,-0.58203125,0.4296875,0
37181418.0,7032.0,1.0,0.8725585938,0.2578125,0.4144897461,-0.0198364258
37184386.0,2968.0,0.0,0.79296875,-0.86328125,0.3359375,0
37191418.0,7032.0,1.0,0.8729248047,0.2555541992,0.4149780273,-0.0218505859
37194386.0,2968.0,0.0,0.81640625,-1.078125,0.2421875,0
37201418.0,7032.0,1.0,0.8732299805,0.2534179688,0.4155273438,-0.0237426758
37204386.0,2968.0,0.0,0.83984375,-0.984375,0.265625,0
37211418.0,7032.0,1.0,0.8735351563,0.2512817383,0.4160766602,-0.0255737305
37214386.0,2968.0,0.0,0.94140625,-1.015625,0.3359375,0
37221418.0,7032.0,1.0,0.8737182617,0.2493286133,0.4167480469,-0.0274047852
37224386.0,2968.0,0.0,0.92578125,-0.9296875,0.2109375,0
37231418.0,7032.0,1.0,0.8739013672,0.2474365234,0.4174194336,-0.0291748047
37234386.0,2968.0,0.0,0.98046875,-0.921875,0.08984375,0
37241418.0,7032.0,1.0,0.8739624023,0.2457275391,0.4181518555,-0.0309448242
37244386.0,2968.0,0.0,1.078125,-1.1015625,0.04296875,0
37251418.0,7032.0,1.0,0.8739624023,0.244140625,0.4189453125,-0.0327148437
37254386.0,2968.0,0.0,1.09375,-1.1015625,0.16015625,0
37261418.0,7032.0,1.0,0.8739013672,0.2427368164,0.4197998047,-0.0344848633
37264386.0,2968.0,0.0,1.1171875,-1.0546875,0.12109375,0
37271418.0,7032.0,1.0,0.8737792969,0.241394043,0.4206542969,-0.0362548828
37274386.0,2968.0,0.0,1.140625,-0.94140625,0.08984375,0
37281418.0,7032.0,1.0,0.8735961914,0.2401733398,0.4215087891,-0.037902832
37284386.0,2968.0,0.0,1.15625,-0.86328125,0.2421875,0
37291418.0,7032.0,1.0,0.8734130859,0.2388916016,0.4224853516,-0.0396118164
37294386.0,2968.0,0.0,1.140625,-0.86328125,0.234375,0
37301418.0,7032.0,1.0,0.8731689453,0.2376708984,0.4234619141,-0.0413208008
37304386.0,2968.0,0.0,1.12890625,-0.67578125,0.2421875,0
37311418.0,7032.0,1.0,0.8729248047,0.2364501953,0.4244995117,-0.0429077148
37314386.0,2968.0,0.0,1.15234375,-0.5625,0.13671875,0
37321418.0,7032.0,1.0,0.8726806641,0.2352294922,0.4255981445,-0.0444946289
37324386.0,2968.0,0.0,1.2421875,-0.7890625,0.2578125,0
37331418.0,7032.0,1.0,0.8723754883,0.2342529297,0.426574707,-0.046081543
37334386.0,2968.0,0.0,1.3046875,-0.828125,0.3828125,0
37341418.0,7032.0,1.0,0.8719482422,0.2334594727,0.4276733398,-0.0477294922
37344386.0,2968.0,0.0,1.51953125,-0.796875,0.50390625,0
37351418.0,7032.0,1.0,0.8715209961,0.2328491211,0.4287719727,-0.0494384766
37354386.0,2968.0,0.0,1.62109375,-0.62109375,0.51953125,0
37361418.0,7032.0,1.0,0.8710327148,0.2321777344,0.4299316406,-0.0511474609
37364386.0,2968.0,0.0,1.55078125,-0.16015625,0.45703125,0
37371418.0,7032.0,1.0,0.8705444336,0.2313842773,0.4310913086,-0.052734375
37375386.0,3968.0,0.0,1.50390625,-0.12890625,0.390625,0
37381418.0,6032.0,1.0,0.8700561523,0.23046875,0.4323730469,-0.0543212891
37384386.0,2968.0,0.0,1.52734375,-0.01953125,0.40625,0
37391418.0,7032.0,1.0,0.8696289063,0.2293701172,0.43359375,-0.0557861328
37394386.0,2968.0,0.0,1.78125,-0.21875,-0.0078125,0
37401418.0,7032.0,1.0,0.8692626953,0.2281494141,0.4348144531,-0.0571899414
37404386.0,2968.0,0.0,1.8359375,-0.5234375,-0.26953125,0
37411418.0,7032.0,1.0,0.8688354492,0.2270507813,0.4360351563,-0.0587768555
37415386.0,3968.0,0.0,1.9296875,-0.5234375,0.046875,0
37421418.0,6032.0,1.0,0.8684082031,0.2260742188,0.4371948242,-0.0603027344
37424386.0,2968.0,0.0,1.953125,-0.2265625,0.3671875,0
37431418.0,7032.0,1.0,0.8680419922,0.2248535156,0.4383544922,-0.0617675781
37434386.0,2968.0,0.0,2.04296875,-0.1484375,0.109375,0
37446418.0,12032.0,1.0,0.8676757813,0.2235107422,0.4395751953,-0.0631103516
37450386.0,3968.0,0.0,2.14453125,-0.453125,0.66015625,0
37453418.0,3032.0,1.0,0.8671875,0.2221679688,0.4409179688,-0.0645141602
37456386.0,2968.0,0.0,2.16796875,-0.4140625,0.66796875,0
37461418.0,5032.0,1.0,0.8666992188,0.2207641602,0.4423828125,-0.0659179688
37464386.0,2968.0,0.0,2.3359375,-0.40625,0.71484375,0
37471418.0,7032.0,1.0,0.8662719727,0.2192993164,0.4437866211,-0.0670776367
37474386.0,2968.0,0.0,2.59765625,-0.296875,0.5,0
37481418.0,7032.0,1.0,0.8658447266,0.2173461914,0.4454956055,-0.0681152344
37484386.0,2968.0,0.0,2.7265625,-0.2890625,0.31640625,0
37491418.0,7032.0,1.0,0.8654785156,0.2151489258,0.4471435547,-0.0689086914
37494386.0,2968.0,0.0,2.828125,-0.703125,0.015625,0
37501418.0,7032.0,1.0,0.8650512695,0.2127685547,0.4489135742,-0.0695800781
37504386.0,2968.0,0.0,2.69921875,-1.13671875,-0.04296875,0
37511418.0,7032.0,1.0,0.8646240234,0.2104492188,0.4508056641,-0.0703125
37514386.0,2968.0,0.0,2.4140625,-1.43359375,0.125,0
37521418.0,7032.0,1.0,0.864074707,0.2084960938,0.4525756836,-0.0710449219
37524386.0,2968.0,0.0,2.4375,-1.65625,0.02734375,0
37531418.0,7032.0,1.0,0.8633422852,0.2071533203,0.4544677734,-0.0720214844
37534386.0,2968.0,0.0,2.4609375,-2.34375,-0.37890625,0
37541418.0,7032.0,1.0,0.8624267578,0.2062988281,0.4564208984,-0.0732421875
37544386.0,2968.0,0.0,2.2578125,-1.85546875,0.68359375,0
37551418.0,7032.0,1.0,0.8613891602,0.2055664063,0.4584960938,-0.0742797852
37554386.0,2968.0,0.0,2.47265625,-1.41015625,0.2578125,0
37561418.0,7032.0,1.0,0.8602905273,0.2046508789,0.4608764648,-0.0751342773
37564386.0,2968.0,0.0,2.5390625,-1.79296875,0.1796875,0
37571418.0,7032.0,1.0,0.8590698242,0.2037963867,0.4633789063,-0.0758666992
37574386.0,2968.0,0.0,2.640625,-2.06640625,-0.1796875,0
37581418.0,7032.0,1.0,0.8576660156,0.2031860352,0.4661254883,-0.0765991211
37584386.0,2968.0,0.0,2.7109375,-2.38671875,-0.8203125,0
37591418.0,7032.0,1.0,0.8560791016,0.2029418945,0.4689331055,-0.077331543
37594386.0,2968.0,0.0,2.6640625,-1.9375,-0.66015625,0
37601418.0,7032.0,1.0,0.8543701172,0.2028808594,0.4719848633,-0.0780639648
37604386.0,2968.0,0.0,2.46484375,-1.765625,-0.48046875,0
37612418.0,8032.0,1.0,0.8525390625,0.2028808594,0.4752807617,-0.0785522461
37615386.0,2968.0,0.0,2.265625,-2.125,-0.50390625,0
37621418.0,6032.0,1.0,0.8505859375,0.2030029297,0.4785766602,-0.078918457
37624386.0,2968.0,0.0,1.73828125,-2.41796875,-0.78515625,0
37631418.0,7032.0,1.0,0.848449707,0.2035522461,0.4821166992,-0.0794067383
37634386.0,2968.0,0.0,1.38671875,-1.7890625,-1.09765625,0
37641418.0,7032.0,1.0,0.8461303711,0.2044677734,0.4856567383,-0.0800170898
37644386.0,2968.0,0.0,0.8828125,-1.09765625,-1.48828125,0
37651418.0,7032.0,1.0,0.84375,0.2055664063,0.4892578125,-0.0806274414
37654386.0,2968.0,0.0,0.078125,-0.2421875,-1.71484375,0
37661418.0,7032.0,1.0,0.8414306641,0.2064819336,0.4927368164,-0.0811767578
37664386.0,2968.0,0.0,-1.4609375,0.44921875,-2.48046875,0
37671418.0,7032.0,1.0,0.8389892578,0.2069702148,0.4965820313,-0.0814819336
37674386.0,2968.0,0.0,-1.8046875,0.5390625,-2.5625,0
37681418.0,7032.0,1.0,0.8366699219,0.2069702148,0.5004882813,-0.0816040039
37684386.0,2968.0,0.0,-1.765625,0.2890625,-3.05859375,0
37692418.0,8032.0,1.0,0.8344116211,0.2066650391,0.5043945313,-0.0815429688
37695386.0,2968.0,0.0,-1.80859375,0.08984375,-3.25,0
37701418.0,6032.0,1.0,0.8320922852,0.2061157227,0.5084228516,-0.081237793
37704386.0,2968.0,0.0,-1.87890625,-0.34765625,-3.40234375,0
37711418.0,7032.0,1.0,0.8298950195,0.2053833008,0.5123901367,-0.0808105469
37714386.0,2968.0,0.0,-1.93359375,-0.74609375,-3.25390625,0
37721418.0,7032.0,1.0,0.8276977539,0.2045898438,0.516418457,-0.0802001953
37724386.0,2968.0,0.0,-1.65625,-0.98828125,-2.37890625,0
37732418.0,8032.0,1.0,0.8254394531,0.2037353516,0.5203857422,-0.0794677734
37735386.0,2968.0,0.0,-1.31640625,-1.2734375,-2.38671875,0
37747418.0,12032.0,1.0,0.8233032227,0.2030029297,0.524230957,-0.0786132813
37752418.0,5000.0,1.0,0.8208007813,0.2022705078,0.528503418,-0.0776977539
37754386.0,1968.0,0.0,-0.75,-1.76953125,-2.23046875,0
37761418.0,7032.0,1.0,0.8182983398,0.2016601563,0.5327148438,-0.0767822266
37764386.0,2968.0,0.0,-0.41796875,0.4765625,-2.7578125,0
37771418.0,7032.0,1.0,0.8157958984,0.2010498047,0.5369873047,-0.0758056641
37774386.0,2968.0,0.0,-1.796875,-0.19921875,-2.6328125,0
37781418.0,7032.0,1.0,0.8131713867,0.2003173828,0.5413208008,-0.0748291016
37784386.0,2968.0,0.0,-2.29296875,0.515625,-2.125,0
37791418.0,7032.0,1.0,0.8106079102,0.1993408203,0.5456542969,-0.0736694336
37794386.0,2968.0,0.0,-2.9140625,1.03515625,-2.5390625,0
37801418.0,7032.0,1.0,0.8078613281,0.1983642578,0.5502319336,-0.0724487305
37804386.0,2968.0,0.0,-3.52734375,-0.86328125,-0.60546875,0
37811418.0,7032.0,1.0,0.8051757813,0.1975097656,0.5546264648,-0.0714111328
37814386.0,2968.0,0.0,-3.80859375,0.72265625,-3.5859375,0
37821418.0,7032.0,1.0,0.8022460938,0.1965942383,0.5592651367,-0.0703125
37824386.0,2968.0,0.0,-4.26953125,2.01953125,-3.98828125,0
37831418.0,7032.0,1.0,0.7994384766,0.1958007813,0.5637207031,-0.0693359375
37835386.0,3968.0,0.0,-3.625,3.44921875,-3.703125,0
37841418.0,6032.0,1.0,0.7966308594,0.1948852539,0.5681152344,-0.0685424805
37844386.0,2968.0,0.0,-3.171875,2.70703125,-3.53125,0
37851418.0,7032.0,1.0,0.7938842773,0.1940307617,0.572265625,-0.0677490234
37854386.0,2968.0,0.0,-2.3671875,2.5390625,-2.671875,0
37861418.0,7032.0,1.0,0.7907714844,0.1929321289,0.5770874023,-0.0668945313
37864386.0,2968.0,0.0,-2.640625,2.5625,-3.14453125,0
37871418.0,7032.0,1.0,0.7877807617,0.1918334961,0.5816040039,-0.0659790039
37874386.0,2968.0,0.0,-3.60546875,2.01171875,-3.55078125,0
37881418.0,7032.0,1.0,0.7847900391,0.1908569336,0.5859985352,-0.0650024414
37884386.0,2968.0,0.0,-4.41796875,1.796875,-4.03125,0
37891418.0,7032.0,1.0,0.7817993164,0.190246582,0.5903320313,-0.0641479492
37894386.0,2968.0,0.0,-5.734375,1.8125,-4.6640625,0
37901418.0,7032.0,1.0,0.7788085938,0.1901855469,0.5942993164,-0.0635986328
37904386.0,2968.0,0.0,-5.55078125,1.1015625,-4.140625,0
37911418.0,7032.0,1.0,0.7758789063,0.1904907227,0.5981445313,-0.063293457
37914386.0,2968.0,0.0,-5.03125,1.109375,-3.48046875,0
37921418.0,7032.0,1.0,0.7727661133,0.1912231445,0.6019287109,-0.0631713867
37924386.0,2968.0,0.0,-4.125,0.3125,-2.84375,0
37931418.0,7032.0,1.0,0.76953125,0.1921386719,0.6057128906,-0.0631713867
37934386.0,2968.0,0.0,-3.3046875,0.0078125,-2.23828125,0
37944418.0,10032.0,1.0,0.7664794922,0.1929931641,0.6093139648,-0.0630493164
37947386.0,2968.0,0.0,-3.2734375,0.58203125,-2.953125,0
37954418.0,7032.0,1.0,0.7634277344,0.1936035156,0.6130371094,-0.0626220703
37957386.0,2968.0,0.0,-3.37890625,0.3515625,-3.4296875,0
37961418.0,4032.0,1.0,0.7604370117,0.194152832,0.6165771484,-0.0621337891
37964386.0,2968.0,0.0,-3.08984375,0.12890625,-3.9921875,0
37971418.0,7032.0,1.0,0.7575073242,0.1948242188,0.6200561523,-0.0615234375
37974386.0,2968.0,0.0,-2.30078125,-0.0703125,-3.73828125,0
37981418.0,7032.0,1.0,0.754699707,0.1956176758,0.6232910156,-0.0609130859
37984386.0,2968.0,0.0,-2.13671875,0.19140625,-3.078125,0
37992418.0,8032.0,1.0,0.7518920898,0.1965942383,0.6264648438,-0.0603027344
37995386.0,2968.0,0.0,-2.12109375,0.10546875,-2.83984375,0
38001418.0,6032.0,1.0,0.7490844727,0.1975708008,0.6295166016,-0.059753418
38004386.0,2968.0,0.0,-2.4921875,-0.546875,-2.62890625,0
38011418.0,7032.0,1.0,0.7462768555,0.1986083984,0.6325683594,-0.0592041016
38014386.0,2968.0,0.0,-2.4765625,-0.515625,-2.8125,0
38021418.0,7032.0,1.0,0.7435302734,0.1996459961,0.6354980469,-0.0587158203
38024386.0,2968.0,0.0,-2.390625,0.359375,-3.26953125,0
38032418.0,8032.0,1.0,0.7409667969,0.2004394531,0.6383056641,-0.0582885742
38035386.0,2968.0,0.0,-2.15234375,0.7734375,-2.91796875,0
38041418.0,6032.0,1.0,0.7385864258,0.2009887695,0.6409301758,-0.0577392578
38044386.0,2968.0,0.0,-1.2265625,0.88671875,-1.26171875,0
38051418.0,7032.0,1.0,0.7360229492,0.2012939453,0.6437988281,-0.0570068359
38054386.0,2968.0,0.0,-1.1328125,0.734375,-0.921875,0
38061418.0,7032.0,1.0,0.7334594727,0.2014160156,0.6467285156,-0.0560913086
38064386.0,2968.0,0.0,-1.125,0.54296875,-0.4921875,0
38072418.0,8032.0,1.0,0.7308959961,0.2015380859,0.6497192383,-0.0551147461
38075386.0,2968.0,0.0,-1.2265625,-0.0703125,0.125,0
38082418.0,7032.0,1.0,0.7282714844,0.201965332,0.6525878906,-0.0541992187
38085386.0,2968.0,0.0,-0.6796875,-0.5390625,-0.75390625,0
38091418.0,6032.0,1.0,0.7257080078,0.2026977539,0.6553344727,-0.053527832
38094386.0,2968.0,0.0,-0.640625,-0.39453125,-1.25390625,0
38101418.0,7032.0,1.0,0.7230224609,0.2036743164,0.6579589844,-0.0529174805
38104386.0,2968.0,0.0,-0.296875,-0.1328125,-1.5859375,0
38112418.0,8032.0,1.0,0.7204589844,0.2046508789,0.6605224609,-0.0523681641
38115386.0,2968.0,0.0,0.1328125,-0.02734375,-1.35546875,0
38121418.0,6032.0,1.0,0.7177734375,0.2056884766,0.6632080078,-0.0516967773
38124386.0,2968.0,0.0,0.67578125,-0.953125,-0.04296875,0
38131418.0,7032.0,1.0,0.7150268555,0.2067260742,0.6658935547,-0.0508422852
38134386.0,2968.0,0.0,0.59765625,-1.19140625,0.078125,0
38142418.0,8032.0,1.0,0.7122192383,0.2077026367,0.6687011719,-0.0497436523
38145386.0,2968.0,0.0,0.015625,-1.09765625,-0.109375,0
38152418.0,7032.0,1.0,0.7094726563,0.2086791992,0.6713867188,-0.0484619141
38155386.0,2968.0,0.0,-0.703125,-2.953125,-1.171875,0
38168418.0,13032.0,1.0,0.7069091797,0.209777832,0.673828125,-0.0472412109
38173386.0,4968.0,0.0,-0.16796875,-2.08984375,-1.83203125,0
38176418.0,3032.0,1.0,0.7040405273,0.2113037109,0.6764526367,-0.0459594727
38180386.0,3968.0,0.0,0.32421875,-1.8359375,-0.98046875,0
38183418.0,3032.0,1.0,0.7015991211,0.2129516602,0.678527832,-0.0450439453
38186386.0,2968.0,0.0,0.46875,-1.32421875,0.1328125,0
38191418.0,5032.0,1.0,0.6986694336,0.2150268555,0.6809082031,-0.0441894531
38194386.0,2968.0,0.0,0.546875,-1.1171875,1.16796875,0
38201418.0,7032.0,1.0,0.6956787109,0.2171630859,0.6833496094,-0.0433349609
38204386.0,2968.0,0.0,0.34765625,-0.91015625,1.68359375,0
38212418.0,8032.0,1.0,0.6926879883,0.2192382813,0.6858520508,-0.0424194336
38215386.0,2968.0,0.0,-0.23828125,-0.359375,1.9609375,0
38222418.0,7032.0,1.0,0.6896972656,0.2211303711,0.688293457,-0.0414428711
38225386.0,2968.0,0.0,-0.671875,-0.19140625,1.3515625,0
38231418.0,6032.0,1.0,0.6868896484,0.2228393555,0.6905517578,-0.0405273437
38234386.0,2968.0,0.0,-0.7109375,0.78125,-0.48828125,0
38241418.0,7032.0,1.0,0.6839599609,0.2243652344,0.6930541992,-0.0394897461
38244386.0,2968.0,0.0,0.31640625,0.0390625,-0.01171875,0
38252418.0,8032.0,1.0,0.6810302734,0.2257080078,0.6954956055,-0.0384521484
38255386.0,2968.0,0.0,0.796875,-0.3984375,0.63671875,0
38262418.0,7032.0,1.0,0.6781005859,0.2268676758,0.698059082,-0.0374755859
38265386.0,2968.0,0.0,0.8671875,0.12109375,0.7578125,0
38272418.0,7032.0,1.0,0.674987793,0.2279663086,0.7007446289,-0.0363769531
38275386.0,2968.0,0.0,0.19921875,0.26171875,0.4140625,0
38281418.0,6032.0,1.0,0.6719970703,0.2289428711,0.7033691406,-0.0352783203
38284386.0,2968.0,0.0,-0.1171875,-0.16796875,0.34765625,0
38292418.0,8032.0,1.0,0.6690063477,0.2299804688,0.7059936523,-0.0342407227
38295386.0,2968.0,0.0,0.07421875,-0.0625,0.08984375,0
38302418.0,7032.0,1.0,0.6659545898,0.2311401367,0.7084960938,-0.0332641602
38305386.0,2968.0,0.0,0.47265625,0.07421875,-0.3671875,0
38312418.0,7032.0,1.0,0.6629638672,0.2323608398,0.7109375,-0.0322265625
38315386.0,2968.0,0.0,1.34765625,0.05859375,-0.0625,0
38321418.0,6032.0,1.0,0.6598510742,0.2337036133,0.7134399414,-0.0311889648
38324386.0,2968.0,0.0,1.21484375,0.00390625,0.5546875,0
38332418.0,8032.0,1.0,0.6567382813,0.2349853516,0.7159423828,-0.0300292969
38335386.0,2968.0,0.0,0.78125,-0.078125,0.9140625,0
38342418.0,7032.0,1.0,0.6535644531,0.2362670898,0.7185058594,-0.0287475586
38345386.0,2968.0,0.0,-0.421875,-0.21875,0.6875,0
38352418.0,7032.0,1.0,0.6503295898,0.2375488281,0.7210693359,-0.02734375
38355386.0,2968.0,0.0,-0.75390625,-0.04296875,0.859375,0
38362418.0,7032.0,1.0,0.6470336914,0.2387084961,0.7236328125,-0.0258178711
38365386.0,2968.0,0.0,-0.76953125,0.05859375,1.01171875,0
38372418.0,7032.0,1.0,0.6439208984,0.2398681641,0.7261352539,-0.024230957
38375386.0,2968.0,0.0,-0.984375,-0.265625,1.12890625,0
38381418.0,6032.0,1.0,0.6406860352,0.241027832,0.7286376953,-0.0227050781
38384386.0,2968.0,0.0,-0.43359375,0.171875,1.40625,0
38392418.0,8032.0,1.0,0.6373291016,0.2423095703,0.7312011719,-0.0211181641
38395386.0,2968.0,0.0,-0.2265625,0.08203125,1.25390625,0
38402418.0,7032.0,1.0,0.633972168,0.2436523438,0.7337036133,-0.01953125
38405386.0,2968.0,0.0,-0.1640625,-0.13671875,1.109375,0
38412418.0,7032.0,1.0,0.6304931641,0.2449951172,0.7362670898,-0.0180664063
38415386.0,2968.0,0.0,-0.04296875,-0.00390625,1.16796875,0
38427418.0,12032.0,1.0,0.6271972656,0.2462158203,0.7387084961,-0.0167236328
38432386.0,4968.0,0.0,-0.7578125,0.171875,0.70703125,0
38435418.0,3032.0,1.0,0.6236572266,0.2474365234,0.7413330078,-0.0153198242
38438386.0,2968.0,0.0,-0.78125,0.15625,0.79296875,0
38442418.0,4032.0,1.0,0.6198730469,0.2484741211,0.7442016602,-0.0137939453
38445386.0,2968.0,0.0,-0.6484375,0.1796875,0.88671875,0
38452418.0,7032.0,1.0,0.6164550781,0.249206543,0.7468261719,-0.012512207
38455386.0,2968.0,0.0,-0.8359375,0.3984375,0.5078125,0
38462418.0,7032.0,1.0,0.6129760742,0.2496948242,0.7495727539,-0.0112304688
38465386.0,2968.0,0.0,-0.703125,3.11328125,-0.82421875,0
38472418.0,7032.0,1.0,0.6097412109,0.2496948242,0.7521972656,-0.0098876953
38475386.0,2968.0,0.0,0.23046875,2.4921875,-0.671875,0
38482418.0,7032.0,1.0,0.606628418,0.249206543,0.7548828125,-0.0081787109
38485386.0,2968.0,0.0,0.78125,2.0703125,-0.29296875,0
38492418.0,7032.0,1.0,0.6035766602,0.2482910156,0.7576293945,-0.0061645508
38495386.0,2968.0,0.0,0.34375,2.30078125,0.55078125,0
38502418.0,7032.0,1.0,0.6005859375,0.2470092773,0.7604370117,-0.0037841797
38505386.0,2968.0,0.0,-0.8671875,1.09765625,0.8046875,0
38512418.0,7032.0,1.0,0.5975952148,0.2455444336,0.7632446289,-0.0012207031
38516386.0,3968.0,0.0,-1.3515625,0.359375,1.296875,0
38522418.0,6032.0,1.0,0.5946044922,0.2443847656,0.7659912109,0.0010375977
38525386.0,2968.0,0.0,-1.6484375,0.4296875,0.5703125,0
38532418.0,7032.0,1.0,0.5914916992,0.2434082031,0.7686767578,0.0030517578
38535386.0,2968.0,0.0,-0.5625,-0.3046875,0.10546875,0
38542418.0,7032.0,1.0,0.5883178711,0.2427368164,0.7713012695,0.0048217773
38545386.0,2968.0,0.0,-0.27734375,0.109375,0.12890625,0
38552418.0,7032.0,1.0,0.5850830078,0.2421875,0.7739257813,0.0065307617
38556386.0,3968.0,0.0,-0.08203125,-0.12109375,0.390625,0
38562418.0,6032.0,1.0,0.5818481445,0.2416992188,0.7764892578,0.0083007813
38565386.0,2968.0,0.0,0.1640625,-0.78125,1.2734375,0
38572418.0,7032.0,1.0,0.5786132813,0.2413330078,0.7789916992,0.0102539063
38575386.0,2968.0,0.0,0.70703125,-1.171875,2.30078125,0
38582418.0,7032.0,1.0,0.5751342773,0.2411499023,0.7816162109,0.0123291016
38585386.0,2968.0,0.0,1.13671875,-1.30078125,2.30078125,0
38592418.0,7032.0,1.0,0.5716552734,0.2411499023,0.7841186523,0.0144042969
38595386.0,2968.0,0.0,1.48046875,-2.0859375,1.8359375,0
38602418.0,7032.0,1.0,0.5679321289,0.241394043,0.7866821289,0.0163574219
38605386.0,2968.0,0.0,1.37109375,-2.25390625,1.72265625,0
38611418.0,6032.0,1.0,0.5643920898,0.2418212891,0.7891235352,0.0180664063
38614386.0,2968.0,0.0,-0.50390625,-1.42578125,0.26953125,0
38627418.0,13032.0,1.0,0.5606079102,0.2423095703,0.7916259766,0.0197753906
38631386.0,3968.0,0.0,-0.31640625,-0.17578125,-0.41796875,0
38634418.0,3032.0,1.0,0.5569458008,0.2426757813,0.7940063477,0.0214233398
38637386.0,2968.0,0.0,0.3359375,0.7265625,-0.45703125,0
38642418.0,5032.0,1.0,0.5531616211,0.2427368164,0.7965698242,0.0233154297
38645386.0,2968.0,0.0,0.296875,0.7109375,-0.37890625,0
38652418.0,7032.0,1.0,0.5497436523,0.2424316406,0.7989501953,0.025390625
38655386.0,2968.0,0.0,1.75,-1.01953125,1.484375,0
38662418.0,7032.0,1.0,0.5463867188,0.2417602539,0.8013916016,0.0278320312
38665386.0,2968.0,0.0,1.8671875,-0.38671875,2.08984375,0
38672418.0,7032.0,1.0,0.5428466797,0.2407226563,0.8039550781,0.0305786133
38675386.0,2968.0,0.0,1.6640625,-0.24609375,1.703125,0
38682418.0,7032.0,1.0,0.5394897461,0.2395629883,0.8065185547,0.0333862305
38685386.0,2968.0,0.0,1.01171875,-0.1875,1.41796875,0
38692418.0,7032.0,1.0,0.5360717773,0.2382202148,0.8090209961,0.0361938477
38695386.0,2968.0,0.0,-1.59375,0.44921875,-0.08984375,0
38702418.0,7032.0,1.0,0.5327148438,0.2369384766,0.8115234375,0.0388793945
38705386.0,2968.0,0.0,-2.4375,0.5078125,-1.05859375,0
38712418.0,7032.0,1.0,0.5294799805,0.2355957031,0.8139038086,0.0413818359
38715386.0,2968.0,0.0,-2.8125,1.26171875,-1.10546875,0
38722418.0,7032.0,1.0,0.5263671875,0.2342529297,0.8161621094,0.0440063477
38725386.0,2968.0,0.0,-2.54296875,0.32421875,0.17578125,0
38732418.0,7032.0,1.0,0.5232543945,0.2329101563,0.8184204102,0.046875
38735386.0,2968.0,0.0,-1.6640625,-0.38671875,1.73046875,0
38742418.0,7032.0,1.0,0.5199584961,0.2317504883,0.8206176758,0.0498046875
38745386.0,2968.0,0.0,-0.90625,0.0859375,1.9765625,0
38752418.0,7032.0,1.0,0.5165405273,0.2309570313,0.8228149414,0.0527954102
38755386.0,2968.0,0.0,-0.74609375,0.63671875,1.61328125,0
38762418.0,7032.0,1.0,0.5131225586,0.2305297852,0.8248901367,0.055480957
38765386.0,2968.0,0.0,-1.17578125,1.5625,0.5234375,0
38772418.0,7032.0,1.0,0.5097045898,0.23046875,0.8269042969,0.0580444336
38775386.0,2968.0,0.0,-1.4140625,1.578125,0.05078125,0
38782418.0,7032.0,1.0,0.5062255859,0.2307128906,0.8287963867,0.0601806641
38785386.0,2968.0,0.0,-1.76953125,1.171875,-0.27734375,0
38792418.0,7032.0,1.0,0.5028076172,0.2311401367,0.8305664063,0.0621948242
38795386.0,2968.0,0.0,-2.3125,1.1015625,-0.55859375,0
38801418.0,6032.0,1.0,0.4995117188,0.231628418,0.8322753906,0.0642089844
38804386.0,2968.0,0.0,-3.27734375,0.3515625,-0.2734375,0
38812418.0,8032.0,1.0,0.4959716797,0.2321777344,0.8340454102,0.0666503906
38815386.0,2968.0,0.0,-2.796875,0.015625,0.74609375,0
38822418.0,7032.0,1.0,0.4923706055,0.2328491211,0.8358154297,0.0692138672
38825386.0,2968.0,0.0,-1.95703125,0.40625,1.0,0
38832418.0,7032.0,1.0,0.4885864258,0.2337036133,0.8375854492,0.0718383789
38835386.0,2968.0,0.0,-1.55859375,0.51953125,0.59375,0
38847418.0,12032.0,1.0,0.4851074219,0.2345581055,0.8391113281,0.0743408203
38851386.0,3968.0,0.0,-0.265625,0.41015625,-0.078125,0
38854418.0,3032.0,1.0,0.4816894531,0.2355957031,0.8405761719,0.0770263672
38857386.0,2968.0,0.0,-0.3203125,0.36328125,-0.0234375,0
38862418.0,5032.0,1.0,0.4781494141,0.2366333008,0.8420410156,0.0798950195
38865386.0,2968.0,0.0,-0.44921875,-0.05859375,0.3359375,0
38872418.0,7032.0,1.0,0.4749755859,0.2375488281,0.8433227539,0.0825805664
38875386.0,2968.0,0.0,-0.92578125,-0.25,0.421875,0
38882418.0,7032.0,1.0,0.471862793,0.2383422852,0.844543457,0.0855712891
38885386.0,2968.0,0.0,-2.97265625,-1.140625,0.546875,0
38892418.0,7032.0,1.0,0.46875,0.2389526367,0.8457641602,0.0888061523
38895386.0,2968.0,0.0,-4.09375,-0.99609375,0.625,0
38902418.0,7032.0,1.0,0.4656982422,0.2395629883,0.8469238281,0.0922851563
38905386.0,2968.0,0.0,-4.875,-1.2421875,0.81640625,0
38912418.0,7032.0,1.0,0.4626464844,0.240234375,0.8479614258,0.0960693359
38915386.0,2968.0,0.0,-6.1953125,0.0078125,0.515625,0
38922418.0,7032.0,1.0,0.4596557617,0.2410888672,0.8488769531,0.1001586914
38925386.0,2968.0,0.0,-6.40234375,0.51953125,-0.21875,0
38932418.0,7032.0,1.0,0.4566650391,0.2423095703,0.849609375,0.1043701172
38936386.0,3968.0,0.0,-6.3046875,0.71484375,-0.53125,0
38942418.0,6032.0,1.0,0.4537353516,0.2440795898,0.8501586914,0.1083984375
38945386.0,2968.0,0.0,-6.18359375,0.875,-0.73046875,0
38952418.0,7032.0,1.0,0.4507446289,0.2467041016,0.8505249023,0.1119384766
38955386.0,2968.0,0.0,-6.0078125,0.390625,-0.23046875,0
38962418.0,7032.0,1.0,0.4475708008,0.2503662109,0.850769043,0.1148681641
38965386.0,2968.0,0.0,-6.03125,0.7421875,-0.11328125,0
38972418.0,7032.0,1.0,0.4442138672,0.2553100586,0.8508300781,0.1169433594
38975386.0,2968.0,0.0,-6.0625,1.1015625,-0.453125,0
38982418.0,7032.0,1.0,0.4406738281,0.2612304688,0.8506469727,0.1182861328
38985386.0,2968.0,0.0,-5.98828125,2.46484375,-1.5,0
38992418.0,7032.0,1.0,0.4371948242,0.2681884766,0.8501586914,0.1190795898
38995386.0,2968.0,0.0,-7.0546875,3.09765625,-2.21875,0
39002418.0,7032.0,1.0,0.4334106445,0.2772216797,0.8491210938,0.1193847656
39005386.0,2968.0,0.0,-7.63671875,4.34765625,-2.68359375,0
39012418.0,7032.0,1.0,0.4299316406,0.2870483398,0.84765625,0.1193237305
39015386.0,2968.0,0.0,-8.56640625,5.28125,-3.703125,0
39024418.0,9032.0,1.0,0.4268798828,0.2973632813,0.8456420898,0.1194458008
39027386.0,2968.0,0.0,-9.5546875,6.47265625,-4.765625,0
39034418.0,7032.0,1.0,0.4244995117,0.3087768555,0.8425292969,0.1209716797
39037386.0,2968.0,0.0,-10.0703125,10.32421875,-5.88671875,0
39042418.0,5032.0,1.0,0.4234008789,0.3203125,0.8381347656,0.1253051758
39045386.0,2968.0,0.0,-9.62890625,11.80859375,-6.26953125,0
39052418.0,7032.0,1.0,0.4241333008,0.3298339844,0.832824707,0.1331787109
39055386.0,2968.0,0.0,-8.87109375,12.640625,-6.8125,0
39062418.0,7032.0,1.0,0.426940918,0.3376464844,0.8260498047,0.1460571289
39065386.0,2968.0,0.0,-8.21484375,12.93359375,-7.16015625,0
39072418.0,7032.0,1.0,0.4317016602,0.3434448242,0.8179321289,0.1634521484
39075386.0,2968.0,0.0,-6.71484375,8.796875,-7.26171875,0
39082418.0,7032.0,1.0,0.4370117188,0.3487548828,0.8088989258,0.1819458008
39085386.0,2968.0,0.0,-7.4921875,-2.2109375,-4.859375,0
39092418.0,7032.0,1.0,0.4419555664,0.3557128906,0.7994995117,0.1973266602
39095386.0,2968.0,0.0,-8.17578125,-4.515625,-1.41796875,0
39104418.0,9032.0,1.0,0.4484863281,0.362487793,0.7891845703,0.2113647461
39107386.0,2968.0,0.0,-6.859375,8.171875,-3.29296875,0
39115418.0,8032.0,1.0,0.4602050781,0.3651123047,0.7756958008,0.2307739258
39118386.0,2968.0,0.0,-3.03125,16.25,-10.19921875,0
39122418.0,4032.0,1.0,0.4784545898,0.3619384766,0.7578125,0.2564697266
39125386.0,2968.0,0.0,-1.31640625,6.55078125,-10.44140625,0
39132418.0,7032.0,1.0,0.498840332,0.3558349609,0.7388305664,0.280456543
39135386.0,2968.0,0.0,0.59765625,-3.609375,-9.3203125,0
39142418.0,7032.0,1.0,0.5197143555,0.3493652344,0.719909668,0.2992553711
39145386.0,2968.0,0.0,-0.48828125,-8.80078125,-1.9453125,0
39152418.0,7032.0,1.0,0.5408935547,0.342956543,0.7015380859,0.3125610352
39155386.0,2968.0,0.0,-1.3359375,-9.8984375,-0.55859375,0
39165418.0,10032.0,1.0,0.5614013672,0.336730957,0.6845092773,0.3206787109
39168386.0,2968.0,0.0,-0.37109375,-11.89453125,0.0078125,0
39175418.0,7032.0,1.0,0.5833740234,0.3296508789,0.6672363281,0.3253173828
39178386.0,2968.0,0.0,1.09375,-11.37890625,0.01953125,0
39183418.0,5032.0,1.0,0.6052246094,0.3218994141,0.6506958008,0.3265991211
39186386.0,2968.0,0.0,3.6875,-10.515625,-1.421875,0
39192418.0,6032.0,1.0,0.6268920898,0.3134155273,0.6348876953,0.3250732422
39195386.0,2968.0,0.0,5.73046875,-10.8125,-1.75390625,0
39205418.0,10032.0,1.0,0.6475830078,0.3046875,0.6203613281,0.3209228516
39208386.0,2968.0,0.0,7.37890625,-11.09765625,-1.7265625,0
39215418.0,7032.0,1.0,0.6686401367,0.2954101563,0.6058959961,0.3139038086
39218386.0,2968.0,0.0,8.25,-10.3984375,-1.8515625,0
39223418.0,5032.0,1.0,0.6884155273,0.2862548828,0.5927124023,0.3047485352
39226386.0,2968.0,0.0,7.26953125,-8.51953125,-2.42578125,0
39232418.0,6032.0,1.0,0.7070922852,0.2770996094,0.5803833008,0.2939453125
39235386.0,2968.0,0.0,6.74609375,-7.21875,-2.6015625,0
39242418.0,7032.0,1.0,0.7250366211,0.2676391602,0.5686035156,0.2818603516
39245386.0,2968.0,0.0,6.87109375,-6.171875,-2.69921875,0
39252418.0,7032.0,1.0,0.7417602539,0.2578735352,0.5574951172,0.2692260742
39255386.0,2968.0,0.0,7.3203125,-5.5703125,-2.37109375,0
39267418.0,12032.0,1.0,0.7573852539,0.2477416992,0.5469970703,0.2565917969
39271386.0,3968.0,0.0,7.10546875,-6.40625,-0.4453125,0
39274418.0,3032.0,1.0,0.7723999023,0.2366943359,0.5366210938,0.2437133789
39277386.0,2968.0,0.0,7.23046875,-6.1171875,-0.78125,0
39282418.0,5032.0,1.0,0.787109375,0.2248535156,0.5262451172,0.2300415039
39285386.0,2968.0,0.0,7.07421875,-7.1484375,-0.07421875,0
39292418.0,7032.0,1.0,0.8000488281,0.2141723633,0.5170288086,0.2161865234
39295386.0,2968.0,0.0,6.5546875,-7.8671875,1.25,0
39302418.0,7032.0,1.0,0.811340332,0.205078125,0.5089111328,0.2018432617
39305386.0,2968.0,0.0,6.6796875,-7.28125,1.375,0
39312418.0,7032.0,1.0,0.821472168,0.1970825195,0.5015258789,0.186706543
39315386.0,2968.0,0.0,6.94140625,-6.38671875,1.55078125,0
39322418.0,7032.0,1.0,0.8302612305,0.1903076172,0.4949951172,0.1714477539
39325386.0,2968.0,0.0,7.0703125,-5.5625,1.5234375,0
39332418.0,7032.0,1.0,0.8381958008,0.1841430664,0.489074707,0.1559448242
39335386.0,2968.0,0.0,7.125,-4.0390625,1.6953125,0
39347418.0,12032.0,1.0,0.8447875977,0.1787109375,0.4840698242,0.1414794922
39351386.0,3968.0,0.0,6.8515625,-3.58984375,2.0625,0
39354418.0,3032.0,1.0,0.8510131836,0.1731567383,0.479309082,0.1267089844
39357386.0,2968.0,0.0,6.890625,-3.34765625,1.921875,0
39362418.0,5032.0,1.0,0.856628418,0.1674804688,0.4749145508,0.1120605469
39365386.0,2968.0,0.0,6.61328125,-3.54296875,1.91015625,0
39372418.0,7032.0,1.0,0.8610839844,0.1628417969,0.4714355469,0.0991210938
39375386.0,2968.0,0.0,5.49609375,-3.15625,2.19921875,0
39382418.0,7032.0,1.0,0.8651733398,0.1583862305,0.4681396484,0.0850830078
39385386.0,2968.0,0.0,4.984375,-2.87890625,1.9921875,0
39392418.0,7032.0,1.0,0.868347168,0.1549072266,0.4655761719,0.072265625
39395386.0,2968.0,0.0,4.73828125,-2.7265625,1.421875,0
39402418.0,7032.0,1.0,0.8708496094,0.1520996094,0.4635620117,0.0596923828
39405386.0,2968.0,0.0,4.44921875,-2.52734375,1.015625,0
39412418.0,7032.0,1.0,0.8728027344,0.1499633789,0.4619750977,0.0482177734
39415386.0,2968.0,0.0,4.34765625,-1.85546875,0.27734375,0
39427418.0,12032.0,1.0,0.8743286133,0.1481323242,0.4606933594,0.0364990234
39431386.0,3968.0,0.0,4.1796875,-1.32421875,-0.3359375,0
39434418.0,3032.0,1.0,0.8754272461,0.1466674805,0.4598388672,0.0254516602
39437386.0,2968.0,0.0,4.04296875,-1.19921875,-0.625,0
39442418.0,5032.0,1.0,0.8762817383,0.1453857422,0.4591674805,0.0141601563
39445386.0,2968.0,0.0,4.05078125,-1.07421875,-0.640625,0
39452418.0,7032.0,1.0,0.8767089844,0.1445922852,0.4588012695,0.0040893555
39455386.0,2968.0,0.0,3.953125,-0.7734375,-1.0859375,0
39462418.0,7032.0,1.0,0.8768310547,0.1441650391,0.4586791992,-0.005859375
39465386.0,2968.0,0.0,3.9375,-0.48828125,-1.0859375,0
39472418.0,7032.0,1.0,0.8766479492,0.1439208984,0.4588623047,-0.0150756836
39475386.0,2968.0,0.0,3.76171875,-0.08984375,-1.05859375,0
39482418.0,7032.0,1.0,0.8762817383,0.1436767578,0.4592285156,-0.0236816406
39485386.0,2968.0,0.0,3.35546875,0.11328125,-1.1640625,0
39492418.0,7032.0,1.0,0.8757324219,0.1433105469,0.4599609375,-0.0316162109
39495386.0,2968.0,0.0,2.64453125,0.8046875,-1.234375,0
39502418.0,7032.0,1.0,0.8750610352,0.1426391602,0.4608764648,-0.0386962891
39505386.0,2968.0,0.0,2.6953125,0.390625,-1.33203125,0
39513418.0,8032.0,1.0,0.874206543,0.1419677734,0.4621582031,-0.0452270508
39516386.0,2968.0,0.0,2.8359375,-0.2265625,-1.5546875,0
39528418.0,12032.0,1.0,0.8731689453,0.1417236328,0.4635620117,-0.0511474609
39533418.0,5000.0,1.0,0.8717651367,0.1424560547,0.4652709961,-0.0570678711
39535386.0,1968.0,0.0,2.7578125,-0.6484375,-1.9140625,0
39542418.0,7032.0,1.0,0.8701171875,0.1436767578,0.4672241211,-0.0626831055
39545386.0,2968.0,0.0,2.98046875,0.1484375,-2.01953125,0
39553418.0,8032.0,1.0,0.8684082031,0.1448364258,0.4694213867,-0.0673828125
39556386.0,2968.0,0.0,3.38671875,0.49609375,-2.35546875,0
39562418.0,6032.0,1.0,0.8666381836,0.1458740234,0.4718017578,-0.0712280273
39565386.0,2968.0,0.0,3.95703125,-0.484375,-2.62109375,0
39572418.0,7032.0,1.0,0.8645629883,0.147277832,0.474609375,-0.0747680664
39575386.0,2968.0,0.0,3.51953125,-0.19140625,-2.59765625,0
39582418.0,7032.0,1.0,0.8625488281,0.1489868164,0.4772949219,-0.0776977539
39585386.0,2968.0,0.0,2.671875,0.50390625,-2.7265625,0
39593418.0,8032.0,1.0,0.8604736328,0.1508178711,0.4800415039,-0.0802001953
39596386.0,2968.0,0.0,1.78125,1.203125,-3.125,0
39602418.0,6032.0,1.0,0.8585205078,0.1526489258,0.4826049805,-0.0820922852
39605386.0,2968.0,0.0,0.5703125,2.04296875,-3.7578125,0
39612418.0,7032.0,1.0,0.8564453125,0.1546020508,0.4854125977,-0.0835571289
39615386.0,2968.0,0.0,0.296875,2.21875,-4.1015625,0
39622418.0,7032.0,1.0,0.8544311523,0.1564331055,0.4881591797,-0.0845947266
39625386.0,2968.0,0.0,0.01953125,2.2421875,-4.23046875,0
39633418.0,8032.0,1.0,0.8525390625,0.1581420898,0.4909057617,-0.0850830078
39636386.0,2968.0,0.0,-0.34765625,2.234375,-3.7109375,0
39642418.0,6032.0,1.0,0.8505859375,0.1599121094,0.4936523438,-0.0852050781
39645386.0,2968.0,0.0,-2.0859375,1.33984375,-2.8046875,0
39652418.0,7032.0,1.0,0.8486328125,0.1616821289,0.4963989258,-0.0850219727
39655386.0,2968.0,0.0,-3.09765625,1.046875,-2.7421875,0
39662418.0,7032.0,1.0,0.8466796875,0.1636352539,0.4992675781,-0.0845947266
39665386.0,2968.0,0.0,-3.921875,0.6796875,-2.5859375,0
39673418.0,8032.0,1.0,0.8446655273,0.1657714844,0.5020141602,-0.0840454102
39676386.0,2968.0,0.0,-4.3125,0.53125,-2.140625,0
39682418.0,6032.0,1.0,0.8425292969,0.1680908203,0.5048828125,-0.0835571289
39685386.0,2968.0,0.0,-3.953125,-0.08203125,-2.4453125,0
39692418.0,7032.0,1.0,0.8402709961,0.170715332,0.5078125,-0.083190918
39696386.0,3968.0,0.0,-3.31640625,-0.6015625,-2.67578125,0
39702418.0,6032.0,1.0,0.8378295898,0.1735839844,0.510925293,-0.0829467773
39705386.0,2968.0,0.0,-2.14453125,-0.2578125,-2.63671875,0
39712418.0,7032.0,1.0,0.8352661133,0.1765136719,0.5141601563,-0.0826416016
39715386.0,2968.0,0.0,-0.34375,-0.2578125,-2.05078125,0
39722418.0,7032.0,1.0,0.8325195313,0.1793823242,0.517578125,-0.0822753906
39725386.0,2968.0,0.0,-0.55078125,0.12890625,-1.87890625,0
39732418.0,7032.0,1.0,0.8297729492,0.1821289063,0.5211791992,-0.0818481445
39736386.0,3968.0,0.0,-1.328125,0.66796875,-1.90234375,0
39743418.0,7032.0,1.0,0.826965332,0.1846923828,0.5248413086,-0.0812988281
39746386.0,2968.0,0.0,-2.44921875,0.51953125,-1.87890625,0
39756418.0,10032.0,1.0,0.8239746094,0.1873779297,0.5286254883,-0.0808105469
39759386.0,2968.0,0.0,-3.10546875,0.98828125,-3.0859375,0
39763418.0,4032.0,1.0,0.8208007813,0.1903076172,0.5325927734,-0.0805053711
39766386.0,2968.0,0.0,-2.34765625,0.6484375,-3.3984375,0
39772418.0,6032.0,1.0,0.8173217773,0.1935424805,0.5368041992,-0.0803222656
39775386.0,2968.0,0.0,-1.625,0.1953125,-3.35546875,0
39782418.0,7032.0,1.0,0.8138427734,0.1966552734,0.5408935547,-0.0802001953
39785386.0,2968.0,0.0,-1.01953125,0.80859375,-3.515625,0
39792418.0,7032.0,1.0,0.8104858398,0.1995239258,0.544921875,-0.080078125
39795386.0,2968.0,0.0,-1.1796875,2.39453125,-4.09765625,0
39802418.0,7032.0,1.0,0.8068237305,0.2022705078,0.5492553711,-0.0799560547
39805386.0,2968.0,0.0,-1.1875,2.1015625,-4.015625,0
39812418.0,7032.0,1.0,0.8034057617,0.2044677734,0.553527832,-0.0797119141
39816386.0,3968.0,0.0,-1.38671875,2.38671875,-3.6796875,0
39822418.0,6032.0,1.0,0.799987793,0.2060546875,0.5578613281,-0.0793457031
39825386.0,2968.0,0.0,-1.78515625,2.26171875,-3.109375,0
39832418.0,7032.0,1.0,0.7966918945,0.20703125,0.5623168945,-0.0788574219
39835386.0,2968.0,0.0,-2.58984375,1.7265625,-2.1875,0
39842418.0,7032.0,1.0,0.7933959961,0.2076416016,0.5668334961,-0.0781860352
39845386.0,2968.0,0.0,-3.359375,1.57421875,-2.390625,0
39853418.0,8032.0,1.0,0.7900390625,0.2081298828,0.5713500977,-0.0775146484
39856386.0,2968.0,0.0,-4.01953125,0.73828125,-2.97265625,0
39862418.0,6032.0,1.0,0.7866821289,0.2088623047,0.5758666992,-0.0770263672
39865386.0,2968.0,0.0,-4.65625,0.5859375,-3.4765625,0
39872418.0,7032.0,1.0,0.783203125,0.2098999023,0.5802612305,-0.0767822266
39875386.0,2968.0,0.0,-4.5,2.38671875,-4.9375,0
39882418.0,7032.0,1.0,0.7797241211,0.2112426758,0.5843505859,-0.076965332
39885386.0,2968.0,0.0,-3.94140625,1.4296875,-5.08984375,0
39893418.0,8032.0,1.0,0.776184082,0.2127685547,0.5884399414,-0.0774536133
39896386.0,2968.0,0.0,-2.9609375,2.921875,-4.17578125,0
39902418.0,6032.0,1.0,0.7729492188,0.214050293,0.5921630859,-0.0780639648
39905386.0,2968.0,0.0,-2.4375,2.31640625,-4.1875,0
39915418.0,10032.0,1.0,0.7696533203,0.2145996094,0.5961914063,-0.0783081055
39918386.0,2968.0,0.0,-2.37890625,3.6328125,-3.703125,0
39922418.0,4032.0,1.0,0.7666015625,0.2145996094,0.6000976563,-0.0783081055
39925386.0,2968.0,0.0,-2.30859375,1.0390625,-4.51953125,0
39933418.0,8032.0,1.0,0.7634887695,0.2145385742,0.6040649414,-0.0783081055
39936386.0,2968.0,0.0,-2.3671875,0.90625,-4.08203125,0
39942418.0,6032.0,1.0,0.760559082,0.2144775391,0.6077880859,-0.0783081055
39945386.0,2968.0,0.0,-2.765625,1.0390625,-5.0234375,0
39953418.0,8032.0,1.0,0.7577514648,0.2141113281,0.6114501953,-0.078125
39956386.0,2968.0,0.0,-2.3671875,1.20703125,-4.890625,0
39962418.0,6032.0,1.0,0.7551269531,0.2136230469,0.6148681641,-0.0778808594
39965386.0,2968.0,0.0,-1.85546875,1.64453125,-4.0390625,0
39973418.0,8032.0,1.0,0.7525634766,0.2131347656,0.6182250977,-0.0775146484
39976386.0,2968.0,0.0,-1.33203125,0.2421875,-3.03515625,0
39982418.0,6032.0,1.0,0.7501220703,0.2128295898,0.6213378906,-0.0770263672
39985386.0,2968.0,0.0,-0.328125,-0.35546875,-2.07421875,0
39992418.0,7032.0,1.0,0.7474365234,0.2127075195,0.6246948242,-0.0763549805
39995386.0,2968.0,0.0,-0.65625,-0.1953125,-1.69140625,0
40002418.0,7032.0,1.0,0.7447509766,0.2128295898,0.6279296875,-0.0755615234
40005386.0,2968.0,0.0,-1.02734375,-0.26953125,-1.59765625,0
40013418.0,8032.0,1.0,0.7421264648,0.2133178711,0.6309814453,-0.0746459961
40016386.0,2968.0,0.0,-1.09375,-0.76953125,-1.5859375,0
40023418.0,7032.0,1.0,0.7395019531,0.2142944336,0.6338500977,-0.0737915039
40026386.0,2968.0,0.0,-0.81640625,-0.4765625,-0.96484375,0
40033418.0,7032.0,1.0,0.7367553711,0.2157592773,0.6366577148,-0.0729980469
40037386.0,3968.0,0.0,-0.81640625,-0.953125,-0.11328125,0
40043418.0,6032.0,1.0,0.7337646484,0.2178344727,0.639465332,-0.0724487305
40046386.0,2968.0,0.0,-1.30859375,-1.28125,0.2890625,0
40053418.0,7032.0,1.0,0.7306518555,0.2203369141,0.6422119141,-0.0719604492
40056386.0,2968.0,0.0,-1.76953125,-1.54296875,0.390625,0
40062418.0,6032.0,1.0,0.7274780273,0.2230224609,0.6448974609,-0.0715332031
40065386.0,2968.0,0.0,-2.265625,-0.953125,-1.234375,0
40073418.0,8032.0,1.0,0.7244262695,0.2255859375,0.6474609375,-0.0710449219
40077386.0,3968.0,0.0,-1.578125,-1.16796875,-1.84375,0
40083418.0,6032.0,1.0,0.721496582,0.2279052734,0.6500244141,-0.0704956055
40086386.0,2968.0,0.0,-0.46484375,-1.69140625,-1.7890625,0
40093418.0,7032.0,1.0,0.7185668945,0.2299804688,0.6525878906,-0.0698852539
40096386.0,2968.0,0.0,0.53125,-1.0625,-1.1953125,0
40108418.0,12032.0,1.0,0.7157592773,0.2317504883,0.655090332,-0.0693359375
40112386.0,3968.0,0.0,0.8359375,-0.2734375,-0.91796875,0
40115418.0,3032.0,1.0,0.7127685547,0.2333374023,0.6578369141,-0.0687255859
40118386.0,2968.0,0.0,0.4921875,-0.12890625,-0.90234375,0
40122418.0,4032.0,1.0,0.7098999023,0.2344970703,0.6606445313,-0.0680541992
40125386.0,2968.0,0.0,0.5,-0.13671875,-0.81640625,0
40132418.0,7032.0,1.0,0.7070922852,0.2352294922,0.6634521484,-0.0673217773
40135386.0,2968.0,0.0,0.22265625,0.36328125,-1.96484375,0
40143418.0,8032.0,1.0,0.7044677734,0.2354736328,0.6662597656,-0.0664672852
40146386.0,2968.0,0.0,0.4921875,0.4296875,-2.26171875,0
40153418.0,7032.0,1.0,0.7020874023,0.2352905273,0.6689453125,-0.0654907227
40156386.0,2968.0,0.0,0.8359375,0.515625,-1.265625,0
40163418.0,7032.0,1.0,0.6996459961,0.2348632813,0.6716918945,-0.0643310547
40166386.0,2968.0,0.0,1.01953125,-0.05078125,-0.19921875,0
40172418.0,6032.0,1.0,0.6972045898,0.234375,0.6744995117,-0.0631713867
40175386.0,2968.0,0.0,0.22265625,0.953125,1.06640625,0
40183418.0,8032.0,1.0,0.694519043,0.2340698242,0.6775512695,-0.0618896484
40186386.0,2968.0,0.0,-0.0078125,0.25390625,0.9921875,0
40193418.0,7032.0,1.0,0.6917724609,0.2340698242,0.6804199219,-0.0607299805
40196386.0,2968.0,0.0,-0.47265625,0.21484375,0.91796875,0
40203418.0,7032.0,1.0,0.6890258789,0.2345581055,0.6831054688,-0.0596923828
40206386.0,2968.0,0.0,-1.01953125,0.59765625,0.27734375,0
40213418.0,7032.0,1.0,0.6862792969,0.2354125977,0.6856689453,-0.0587158203
40216386.0,2968.0,0.0,-0.82421875,-0.2890625,-0.19140625,0
40223418.0,7032.0,1.0,0.6835327148,0.2366943359,0.6880493164,-0.057800293
40226386.0,2968.0,0.0,-0.8046875,-0.96484375,0.5078125,0
40233418.0,7032.0,1.0,0.6806030273,0.2383422852,0.6904907227,-0.0568237305
40236386.0,2968.0,0.0,-0.8125,-1.59375,1.58984375,0
40243418.0,7032.0,1.0,0.6773681641,0.2402954102,0.6930541992,-0.0557250977
40246386.0,2968.0,0.0,-0.86328125,-2.07421875,2.328125,0
40253418.0,7032.0,1.0,0.6740112305,0.2424926758,0.6956176758,-0.0545043945
40256386.0,2968.0,0.0,-1.37890625,-0.60546875,1.1953125,0
40263418.0,7032.0,1.0,0.670715332,0.2448120117,0.6981201172,-0.0532836914
40266386.0,2968.0,0.0,-1.08203125,-0.8203125,0.1015625,0
40273418.0,7032.0,1.0,0.6674804688,0.2473144531,0.7004394531,-0.0521240234
40276386.0,2968.0,0.0,-0.64453125,-0.23828125,-0.69140625,0
40283418.0,7032.0,1.0,0.6643066406,0.2496948242,0.7026977539,-0.0508422852
40286386.0,2968.0,0.0,0.48046875,0.07421875,-1.2578125,0
40293418.0,7032.0,1.0,0.661315918,0.2517700195,0.7048950195,-0.0493164062
40296386.0,2968.0,0.0,0.58203125,-0.1796875,0.3203125,0
40303418.0,7032.0,1.0,0.6582641602,0.2534179688,0.7072753906,-0.0474853516
40306386.0,2968.0,0.0,0.48046875,-0.640625,0.9453125,0
40313418.0,7032.0,1.0,0.6552124023,0.2545776367,0.709777832,-0.0454711914
40316386.0,2968.0,0.0,-0.1484375,0.10546875,0.90625,0
40328418.0,12032.0,1.0,0.65234375,0.2551879883,0.7123413086,-0.0434570312
40332386.0,3968.0,0.0,-1.00390625,0.31640625,0.03515625,0
40335418.0,3032.0,1.0,0.6495361328,0.2554931641,0.7149658203,-0.0415039062
40338386.0,2968.0,0.0,-1.01953125,0.30078125,0.10546875,0
40342418.0,4032.0,1.0,0.6466674805,0.2554931641,0.717590332,-0.0396118164
40345386.0,2968.0,0.0,-0.921875,0.33203125,0.68359375,0
40353418.0,8032.0,1.0,0.6437988281,0.2552490234,0.7203369141,-0.037902832
40356386.0,2968.0,0.0,-0.06640625,0.1328125,0.60546875,0
40362418.0,6032.0,1.0,0.6410522461,0.2548828125,0.7230224609,-0.036315918
40365386.0,2968.0,0.0,0.1953125,2.8515625,-0.05078125,0
40373418.0,8032.0,1.0,0.6381835938,0.2542724609,0.7258300781,-0.0347290039
40376386.0,2968.0,0.0,1.20703125,2.01171875,-0.46875,0
40383418.0,7032.0,1.0,0.6353149414,0.2533569336,0.7287597656,-0.0330200195
40386386.0,2968.0,0.0,1.7734375,1.7109375,-0.3984375,0
40393418.0,7032.0,1.0,0.6326293945,0.2521972656,0.731628418,-0.03125
40396386.0,2968.0,0.0,1.3671875,2.125,-0.90625,0
40403418.0,7032.0,1.0,0.6299438477,0.2507324219,0.7344970703,-0.0293579102
40406386.0,2968.0,0.0,-0.40234375,2.1328125,-0.75,0
40413418.0,7032.0,1.0,0.6273803711,0.2490234375,0.7373046875,-0.02734375
40417386.0,3968.0,0.0,-1.17578125,1.4140625,0.1171875,0
40423418.0,6032.0,1.0,0.6248168945,0.247253418,0.7401733398,-0.0252075195
40426386.0,2968.0,0.0,-1.73828125,0.9140625,1.21484375,0
40433418.0,7032.0,1.0,0.622253418,0.2455444336,0.742980957,-0.0230102539
40436386.0,2968.0,0.0,-2.2109375,0.72265625,1.859375,0
40443418.0,7032.0,1.0,0.6196289063,0.2440795898,0.7457275391,-0.0207519531
40446386.0,2968.0,0.0,-0.80078125,0.21875,1.34765625,0
40453418.0,7032.0,1.0,0.6169433594,0.242980957,0.7483520508,-0.018371582
40456386.0,2968.0,0.0,0.3984375,-0.28125,1.1484375,0
40463418.0,7032.0,1.0,0.6141357422,0.2424316406,0.7509155273,-0.0160522461
40466386.0,2968.0,0.0,1.21875,-0.10546875,1.671875,0
40473418.0,7032.0,1.0,0.6110229492,0.2423706055,0.7534790039,-0.0138549805
40476386.0,2968.0,0.0,1.76171875,-0.88671875,1.48046875,0
40483418.0,7032.0,1.0,0.6076660156,0.2429199219,0.7560424805,-0.0118408203
40486386.0,2968.0,0.0,0.734375,-0.91015625,1.22265625,0
40493418.0,7032.0,1.0,0.6041870117,0.2438354492,0.7585449219,-0.0100097656
40496386.0,2968.0,0.0,-0.67578125,-0.7421875,0.57421875,0
40503418.0,7032.0,1.0,0.600769043,0.244934082,0.760925293,-0.0083618164
40506386.0,2968.0,0.0,-1.7421875,-1.109375,-0.69140625,0
40513418.0,7032.0,1.0,0.5974731445,0.2460327148,0.7631835938,-0.006652832
40516386.0,2968.0,0.0,-1.3046875,-1.23828125,0.0,0
40523418.0,7032.0,1.0,0.5940551758,0.2470092773,0.7655639648,-0.0047607422
40526386.0,2968.0,0.0,-0.453125,-1.5703125,0.578125,0
40533418.0,7032.0,1.0,0.5908203125,0.2476196289,0.7678833008,-0.0025634766
40536386.0,2968.0,0.0,0.80078125,-0.51953125,1.3828125,0
40545418.0,9032.0,1.0,0.5876464844,0.2477416992,0.7702026367,0.0
40548386.0,2968.0,0.0,1.53515625,-1.234375,2.2890625,0
40555418.0,7032.0,1.0,0.5844726563,0.2475585938,0.7727050781,0.0028686523
40558386.0,2968.0,0.0,0.43359375,-1.6484375,1.75390625,0
40562418.0,4032.0,1.0,0.5811767578,0.2471923828,0.7752685547,0.005859375
40565386.0,2968.0,0.0,-0.7578125,-1.7421875,0.67578125,0
40573418.0,8032.0,1.0,0.5778198242,0.2468261719,0.7778930664,0.008605957
40576386.0,2968.0,0.0,-1.9765625,-1.34375,-0.2109375,0
40583418.0,7032.0,1.0,0.5745239258,0.2463989258,0.780456543,0.0111083984
40586386.0,2968.0,0.0,-2.625,-0.41015625,-0.90234375,0
40593418.0,7032.0,1.0,0.5712890625,0.2459106445,0.7828979492,0.0133666992
40596386.0,2968.0,0.0,-0.703125,-0.53125,-0.9140625,0
40603418.0,7032.0,1.0,0.5682373047,0.2452392578,0.7853393555,0.0154418945
40606386.0,2968.0,0.0,0.296875,0.296875,-0.34765625,0
40613418.0,7032.0,1.0,0.5650634766,0.2442016602,0.7878417969,0.0176391602
40616386.0,2968.0,0.0,0.421875,0.48046875,0.55859375,0
40623418.0,7032.0,1.0,0.5618286133,0.2429199219,0.7905273438,0.0200195312
40626386.0,2968.0,0.0,0.0078125,0.35546875,1.51171875,0
40633418.0,7032.0,1.0,0.55859375,0.241394043,0.7932128906,0.0223999023
40636386.0,2968.0,0.0,-0.63671875,0.5859375,2.5703125,0
40643418.0,7032.0,1.0,0.5552978516,0.2398681641,0.7958984375,0.0247802734
40646386.0,2968.0,0.0,-0.515625,0.578125,2.0625,0
40653418.0,7032.0,1.0,0.5520019531,0.2384033203,0.7985839844,0.0270385742
40656386.0,2968.0,0.0,0.21875,1.03125,1.13671875,0
40663418.0,7032.0,1.0,0.5487670898,0.237121582,0.8011474609,0.0289916992
40666386.0,2968.0,0.0,-0.08203125,0.80078125,0.359375,0
40673418.0,7032.0,1.0,0.5454101563,0.2360229492,0.8036499023,0.0309448242
40676386.0,2968.0,0.0,-0.42578125,1.3984375,0.23046875,0
40683418.0,7032.0,1.0,0.542175293,0.2350463867,0.8060913086,0.0329589844
40686386.0,2968.0,0.0,-0.49609375,0.6640625,-0.16796875,0
40693418.0,7032.0,1.0,0.5387573242,0.2342529297,0.8084716797,0.0350952148
40696386.0,2968.0,0.0,-0.91796875,0.6953125,0.28515625,0
40703418.0,7032.0,1.0,0.5355224609,0.2336425781,0.8107299805,0.0373535156
40706386.0,2968.0,0.0,-1.26171875,0.44140625,1.19140625,0
40713418.0,7032.0,1.0,0.532043457,0.233215332,0.8129882813,0.0399780273
40716386.0,2968.0,0.0,-0.7734375,-0.00390625,1.40625,0
40723418.0,7032.0,1.0,0.5286254883,0.2329711914,0.8151855469,0.0427246094
40726386.0,2968.0,0.0,-0.58203125,-0.48828125,1.28515625,0
40733418.0,7032.0,1.0,0.5252075195,0.2328491211,0.817199707,0.0455932617
40736386.0,2968.0,0.0,-0.3984375,-0.59765625,1.34765625,0
40748418.0,12032.0,1.0,0.5216064453,0.2330322266,0.8193359375,0.0485839844
40752386.0,3968.0,0.0,-2.24609375,-1.73828125,0.828125,0
40755418.0,3032.0,1.0,0.5180053711,0.2334594727,0.8212890625,0.0515136719
40758386.0,2968.0,0.0,-2.29296875,-1.77734375,0.890625,0
40763418.0,5032.0,1.0,0.5140991211,0.2343139648,0.8233032227,0.0546264648
40766386.0,2968.0,0.0,-3.23046875,-1.546875,1.15234375,0
40773418.0,7032.0,1.0,0.5102539063,0.235534668,0.8251342773,0.057434082
40776386.0,2968.0,0.0,-3.71484375,-1.47265625,1.64453125,0
40783418.0,7032.0,1.0,0.5061645508,0.2373046875,0.826965332,0.0600585937
40786386.0,2968.0,0.0,-2.89453125,-2.171875,3.015625,0
40793418.0,7032.0,1.0,0.5018920898,0.2396850586,0.8287353516,0.0621948242
40796386.0,2968.0,0.0,-1.80078125,-0.41015625,2.6640625,0
40803418.0,7032.0,1.0,0.4974365234,0.2426147461,0.8304443359,0.0639648438
40806386.0,2968.0,0.0,-1.44140625,-0.2421875,1.328125,0
40813418.0,7032.0,1.0,0.4927978516,0.2457885742,0.8321533203,0.0653686523
40816386.0,2968.0,0.0,-2.125,-0.28125,0.6015625,0
40823418.0,7032.0,1.0,0.4881591797,0.2491455078,0.8338012695,0.0666503906
40826386.0,2968.0,0.0,-3.7265625,0.2265625,-0.5,0
40833418.0,7032.0,1.0,0.483581543,0.2525634766,0.8352661133,0.0679931641
40837386.0,3968.0,0.0,-5.015625,0.0390625,-0.578125,0
40843418.0,6032.0,1.0,0.479309082,0.2560424805,0.8366088867,0.0694580078
40846386.0,2968.0,0.0,-6.08203125,0.26953125,-1.04296875,0
40853418.0,7032.0,1.0,0.4750366211,0.2597045898,0.8377685547,0.0709228516
40856386.0,2968.0,0.0,-7.70703125,0.19921875,-1.42578125,0
40863418.0,7032.0,1.0,0.4708251953,0.2637939453,0.8387451172,0.0723266602
40866386.0,2968.0,0.0,-8.58984375,0.0078125,-0.81640625,0
40873418.0,7032.0,1.0,0.4664306641,0.2684326172,0.8395996094,0.0735473633
40876386.0,2968.0,0.0,-9.07421875,-0.0390625,-0.1328125,0
40883418.0,7032.0,1.0,0.462097168,0.2736206055,0.8402709961,0.0746459961
40886386.0,2968.0,0.0,-9.375,-0.078125,0.96875,0
40893418.0,7032.0,1.0,0.4576416016,0.2796020508,0.840637207,0.0752563477
40896386.0,2968.0,0.0,-9.796875,1.34765625,1.31640625,0
40903418.0,7032.0,1.0,0.4528808594,0.2868041992,0.8408203125,0.0754394531
40906386.0,2968.0,0.0,-9.68359375,2.34375,0.62890625,0
40913418.0,7032.0,1.0,0.4479370117,0.2952880859,0.8405761719,0.0750732422
40917386.0,3968.0,0.0,-9.33984375,3.4921875,-0.48046875,0
40923418.0,6032.0,1.0,0.4431152344,0.3045654297,0.83984375,0.0742797852
40926386.0,2968.0,0.0,-8.8515625,5.2890625,-1.4609375,0
40936418.0,10032.0,1.0,0.4381713867,0.315612793,0.8384399414,0.0732421875
40939386.0,2968.0,0.0,-8.83203125,8.5,-3.6796875,0
40943418.0,4032.0,1.0,0.4336547852,0.3278808594,0.8361816406,0.0727539063
40946386.0,2968.0,0.0,-9.26953125,9.5859375,-4.8203125,0
40953418.0,7032.0,1.0,0.4302368164,0.3402099609,0.8328857422,0.0740356445
40956386.0,2968.0,0.0,-10.78125,12.39453125,-5.76171875,0
40963418.0,7032.0,1.0,0.4284667969,0.3521118164,0.8283691406,0.0786132813
40966386.0,2968.0,0.0,-11.33984375,13.45703125,-7.01953125,0
40973418.0,7032.0,1.0,0.4287109375,0.3630981445,0.8226318359,0.0872192383
40976386.0,2968.0,0.0,-8.76171875,12.80859375,-5.09375,0
40983418.0,7032.0,1.0,0.4306640625,0.3726196289,0.8160400391,0.0989990234
40986386.0,2968.0,0.0,-7.4609375,10.3828125,-4.4765625,0
40993418.0,7032.0,1.0,0.4342651367,0.3811645508,0.8081054688,0.1145019531
40996386.0,2968.0,0.0,-7.31640625,9.671875,-2.109375,0
41005418.0,9032.0,1.0,0.4393920898,0.3873901367,0.7994995117,0.1328125
41008386.0,2968.0,0.0,-8.0625,10.59765625,-0.703125,0
41016418.0,8032.0,1.0,0.4450073242,0.3936767578,0.7897338867,0.1525268555
41019386.0,2968.0,0.0,-4.3125,-7.18359375,-3.28125,0
41023418.0,4032.0,1.0,0.451171875,0.4005737305,0.7789916992,0.1706542969
41026386.0,2968.0,0.0,-1.92578125,7.51171875,-5.1171875,0
41033418.0,7032.0,1.0,0.4627075195,0.4029541016,0.7657470703,0.1926879883
41036386.0,2968.0,0.0,3.7421875,17.9765625,-8.19140625,0
41043418.0,7032.0,1.0,0.4819335938,0.3978271484,0.7486572266,0.2213134766
41046386.0,2968.0,0.0,1.87890625,7.6640625,-6.515625,0
41053418.0,7032.0,1.0,0.5052490234,0.387878418,0.7293701172,0.2495117188
41056386.0,2968.0,0.0,-3.0703125,-6.625,-5.1640625,0
41066418.0,10032.0,1.0,0.5288696289,0.3772583008,0.7103271484,0.2709350586
41069386.0,2968.0,0.0,-5.09375,-13.1953125,-2.59765625,0
41076418.0,7032.0,1.0,0.552734375,0.3677368164,0.6914672852,0.2848510742
41079386.0,2968.0,0.0,-2.78515625,-15.78125,-2.07421875,0
41084418.0,5032.0,1.0,0.5748291016,0.3602294922,0.6746826172,0.2909545898
41087386.0,2968.0,0.0,1.01953125,-11.66796875,-1.2578125,0
41093418.0,6032.0,1.0,0.5971679688,0.3529663086,0.6583251953,0.2922973633
41096386.0,2968.0,0.0,2.4609375,-9.609375,-1.48046875,0
41106418.0,10032.0,1.0,0.6181030273,0.3453369141,0.6435546875,0.2907714844
41109386.0,2968.0,0.0,4.06640625,-8.03515625,-1.62890625,0
41116418.0,7032.0,1.0,0.6410522461,0.3353881836,0.6276855469,0.2872924805
41119386.0,2968.0,0.0,5.01953125,-7.4765625,-1.9765625,0
41124418.0,5032.0,1.0,0.6624145508,0.3247680664,0.6132202148,0.282409668
41127386.0,2968.0,0.0,5.26171875,-7.984375,-1.51953125,0
41133418.0,6032.0,1.0,0.6834716797,0.3134155273,0.5990600586,0.2753295898
41136386.0,2968.0,0.0,5.24609375,-8.83984375,-1.8125,0
41146418.0,10032.0,1.0,0.7015991211,0.3035888672,0.5870361328,0.266418457
41149386.0,2968.0,0.0,5.296875,-9.2578125,-1.765625,0
41156418.0,7032.0,1.0,0.7194213867,0.2943725586,0.5753173828,0.2544555664
41159386.0,2968.0,0.0,5.84375,-8.00390625,-2.5546875,0
41164418.0,5032.0,1.0,0.7357177734,0.2855834961,0.5646972656,0.2415771484
41167386.0,2968.0,0.0,7.2890625,-3.94140625,-2.4453125,0
41173418.0,6032.0,1.0,0.7512817383,0.2758789063,0.5543212891,0.2284545898
41176386.0,2968.0,0.0,7.3515625,-3.5,-2.63671875,0
41183418.0,7032.0,1.0,0.7657470703,0.2655639648,0.5445556641,0.2156982422
41186386.0,2968.0,0.0,6.82421875,-3.890625,-2.16015625,0
41194418.0,8032.0,1.0,0.7792358398,0.2550048828,0.5354003906,0.2028198242
41197386.0,2968.0,0.0,6.4765625,-4.26953125,-1.40234375,0
41209418.0,12032.0,1.0,0.7908935547,0.2454223633,0.52734375,0.190246582
41214418.0,5000.0,1.0,0.8020629883,0.2360839844,0.51953125,0.1762084961
41216386.0,1968.0,0.0,7.58203125,-5.921875,0.19140625,0
41223418.0,7032.0,1.0,0.8120117188,0.2277832031,0.5124511719,0.1617431641
41226386.0,2968.0,0.0,8.05078125,-5.81640625,0.34765625,0
41233418.0,7032.0,1.0,0.8204956055,0.2206420898,0.5062866211,0.1473999023
41236386.0,2968.0,0.0,8.88671875,-5.64453125,1.38671875,0
41243418.0,7032.0,1.0,0.8279418945,0.2142944336,0.5008544922,0.1331787109
41246386.0,2968.0,0.0,9.6328125,-5.2578125,1.4140625,0
41253418.0,7032.0,1.0,0.8345336914,0.2084960938,0.4958496094,0.1189575195
41256386.0,2968.0,0.0,9.33203125,-4.6171875,1.6484375,0
41263418.0,7032.0,1.0,0.8403320313,0.2030639648,0.4914550781,0.1054077148
41266386.0,2968.0,0.0,8.62109375,-4.08984375,1.73828125,0
41273418.0,7032.0,1.0,0.8452758789,0.1979980469,0.4876098633,0.0927734375
41276386.0,2968.0,0.0,6.62109375,-3.359375,1.84765625,0
41288418.0,12032.0,1.0,0.8494262695,0.1932373047,0.4842529297,0.0810546875
41292386.0,3968.0,0.0,4.73046875,-2.75,1.171875,0
41295418.0,3032.0,1.0,0.8530883789,0.1889038086,0.4813842773,0.069519043
41298386.0,2968.0,0.0,4.76171875,-2.578125,1.0859375,0
41303418.0,5032.0,1.0,0.8561401367,0.1852416992,0.4789428711,0.0581054687
41306386.0,2968.0,0.0,4.32421875,-2.56640625,0.81640625,0
41313418.0,7032.0,1.0,0.8583374023,0.1825561523,0.4770507813,0.0477294922
41316386.0,2968.0,0.0,4.3125,-2.53515625,0.140625,0
41323418.0,7032.0,1.0,0.8602294922,0.1804199219,0.4755249023,0.0371704102
41326386.0,2968.0,0.0,4.2109375,-1.87109375,-0.01171875,0
41333418.0,7032.0,1.0,0.8615722656,0.1786499023,0.4743652344,0.0274658203
41336386.0,2968.0,0.0,3.96875,-1.2109375,-0.171875,0
41343418.0,7032.0,1.0,0.8626708984,0.1768188477,0.4735107422,0.0184326172
41346386.0,2968.0,0.0,3.68359375,-0.87109375,-0.04296875,0
41354418.0,8032.0,1.0,0.8634033203,0.1751098633,0.4730224609,0.0099487305
41357386.0,2968.0,0.0,3.66015625,-1.3671875,-0.44921875,0
41363418.0,6032.0,1.0,0.8637695313,0.1739501953,0.4729003906,0.0023193359
41366386.0,2968.0,0.0,3.75390625,-1.2421875,-0.84765625,0
41373418.0,7032.0,1.0,0.8638305664,0.1732788086,0.4730224609,-0.005065918
41376386.0,2968.0,0.0,3.84765625,-0.96484375,-1.0390625,0
41385418.0,9032.0,1.0,0.8635253906,0.1732788086,0.4733886719,-0.0119018555
41388386.0,2968.0,0.0,3.9453125,-0.859375,-1.109375,0
41396418.0,8032.0,1.0,0.8629150391,0.1740722656,0.4739990234,-0.0187988281
41399386.0,2968.0,0.0,3.46484375,-0.3515625,-2.01953125,0
41403418.0,4032.0,1.0,0.8619995117,0.1754760742,0.4748535156,-0.0255126953
41406386.0,2968.0,0.0,3.1796875,0.65234375,-2.5703125,0
41414418.0,8032.0,1.0,0.8609008789,0.1768188477,0.4760131836,-0.0318603516
41417386.0,2968.0,0.0,3.00390625,1.3828125,-2.87890625,0
41423418.0,6032.0,1.0,0.8597412109,0.1776733398,0.4774169922,-0.0372314453
41426386.0,2968.0,0.0,2.76171875,1.4609375,-3.0,0
41433418.0,7032.0,1.0,0.8584594727,0.177734375,0.4792480469,-0.0416870117
41436386.0,2968.0,0.0,2.67578125,0.9375,-2.546875,0
41443418.0,7032.0,1.0,0.8571777344,0.1774902344,0.4813842773,-0.0453491211
41446386.0,2968.0,0.0,2.73828125,-0.32421875,-2.39453125,0
41454418.0,8032.0,1.0,0.8555908203,0.1775512695,0.4837646484,-0.0486450195
41457386.0,2968.0,0.0,2.953125,-1.16015625,-2.26953125,0
41463418.0,6032.0,1.0,0.8538208008,0.1781616211,0.4863891602,-0.0516357422
41466386.0,2968.0,0.0,3.3671875,-0.17578125,-2.8671875,0
41473418.0,7032.0,1.0,0.8519287109,0.178894043,0.4891967773,-0.0541992187
41476386.0,2968.0,0.0,3.55078125,0.57421875,-3.64453125,0
41483418.0,7032.0,1.0,0.8500366211,0.1794433594,0.4920654297,-0.0561523437
41486386.0,2968.0,0.0,3.26953125,0.359375,-3.78515625,0
41494418.0,8032.0,1.0,0.8481445313,0.1800537109,0.494934082,-0.0577392578
41497386.0,2968.0,0.0,2.41796875,0.18359375,-3.921875,0
41503418.0,6032.0,1.0,0.8462524414,0.1810913086,0.4974975586,-0.0592651367
41506386.0,2968.0,0.0,0.48828125,0.46875,-4.203125,0
41513418.0,7032.0,1.0,0.8442382813,0.1827392578,0.5001831055,-0.0608520508
41516386.0,2968.0,0.0,-0.18359375,0.7265625,-4.0625,0
41523418.0,7032.0,1.0,0.8422241211,0.1845703125,0.5026855469,-0.0623168945
41526386.0,2968.0,0.0,-0.46875,1.37890625,-4.0703125,0
41534418.0,8032.0,1.0,0.8402709961,0.1862182617,0.5051879883,-0.0634155273
41537386.0,2968.0,0.0,-1.25,1.5625,-3.9296875,0
41544418.0,7032.0,1.0,0.8383178711,0.1875610352,0.5078735352,-0.0640869141
41547386.0,2968.0,0.0,-3.1796875,1.2890625,-2.87109375,0
41553418.0,6032.0,1.0,0.8365478516,0.1884155273,0.5104370117,-0.0643310547
41556386.0,2968.0,0.0,-3.84375,0.7890625,-2.3125,0
41563418.0,7032.0,1.0,0.834777832,0.1890258789,0.5131225586,-0.0642700195
41566386.0,2968.0,0.0,-4.21484375,-0.12890625,-1.75,0
41574418.0,8032.0,1.0,0.8328857422,0.1898193359,0.5159301758,-0.0641479492
41577386.0,2968.0,0.0,-4.3515625,-1.05859375,-1.62109375,0
41589418.0,12032.0,1.0,0.830871582,0.1910400391,0.5186767578,-0.0642089844
41594418.0,5000.0,1.0,0.8285522461,0.1928100586,0.5216674805,-0.064453125
41596386.0,1968.0,0.0,-2.96484375,-2.18359375,-1.1640625,0
41604418.0,8032.0,1.0,0.8258666992,0.1954345703,0.5248413086,-0.0651245117
41607386.0,2968.0,0.0,-2.35546875,-2.3515625,-1.37890625,0
41614418.0,7032.0,1.0,0.823059082,0.198425293,0.5280151367,-0.0661621094
41617386.0,2968.0,0.0,-1.875,-0.23828125,-3.12890625,0
41623418.0,6032.0,1.0,0.8200683594,0.2016601563,0.5313110352,-0.0674438477
41626386.0,2968.0,0.0,-2.42578125,0.58203125,-3.87109375,0
41633418.0,7032.0,1.0,0.8168945313,0.2047729492,0.5347900391,-0.0688476563
41636386.0,2968.0,0.0,-3.23828125,1.64453125,-4.8515625,0
41644418.0,8032.0,1.0,0.8139038086,0.2070922852,0.538269043,-0.0701904297
41647386.0,2968.0,0.0,-3.40625,2.703125,-4.87109375,0
41653418.0,6032.0,1.0,0.8110961914,0.2085571289,0.541809082,-0.0711669922
41656386.0,2968.0,0.0,-2.484375,2.09765625,-3.40625,0
41663418.0,7032.0,1.0,0.8082885742,0.2091674805,0.5456542969,-0.0718383789
41666386.0,2968.0,0.0,-1.96484375,0.9921875,-2.27734375,0
41673418.0,7032.0,1.0,0.8055419922,0.2092895508,0.5495605469,-0.0720825195
41677386.0,3968.0,0.0,-1.46484375,0.98046875,-1.80859375,0
41683418.0,6032.0,1.0,0.8026733398,0.2094726563,0.5537109375,-0.072265625
41686386.0,2968.0,0.0,-1.01171875,0.87890625,-2.25390625,0
41693418.0,7032.0,1.0,0.7998046875,0.2098388672,0.5576782227,-0.0725097656
41696386.0,2968.0,0.0,-0.484375,0.92578125,-2.6640625,0
41703418.0,7032.0,1.0,0.7965087891,0.2105712891,0.5620117188,-0.0729370117
41706386.0,2968.0,0.0,-0.60546875,0.98046875,-2.5546875,0
41714418.0,8032.0,1.0,0.7932128906,0.2116088867,0.5662231445,-0.0736083984
41717386.0,2968.0,0.0,-1.22265625,0.65234375,-2.5234375,0
41724418.0,7032.0,1.0,0.7897949219,0.2128295898,0.5704345703,-0.0743408203
41727386.0,2968.0,0.0,-1.69140625,1.578125,-2.6875,0
41734418.0,7032.0,1.0,0.7862548828,0.2139282227,0.5747680664,-0.0750732422
41737386.0,2968.0,0.0,-3.0390625,2.24609375,-4.3046875,0
41743418.0,6032.0,1.0,0.7829589844,0.2149047852,0.5787963867,-0.0758056641
41746386.0,2968.0,0.0,-3.78125,2.0546875,-4.421875,0
41753418.0,7032.0,1.0,0.7796630859,0.2158203125,0.582824707,-0.0765991211
41757386.0,3968.0,0.0,-3.98046875,2.52734375,-4.59765625,0
41764418.0,7032.0,1.0,0.7764282227,0.2166137695,0.5867919922,-0.0773925781
41767386.0,2968.0,0.0,-3.91796875,3.1953125,-4.48828125,0
41774418.0,7032.0,1.0,0.7731323242,0.2172241211,0.5906982422,-0.078125
41777386.0,2968.0,0.0,-3.3125,1.41796875,-3.3125,0
41787418.0,10032.0,1.0,0.7700195313,0.2177734375,0.5944824219,-0.0788574219
41790386.0,2968.0,0.0,-3.55859375,1.93359375,-3.13671875,0
41797418.0,7032.0,1.0,0.7664794922,0.2182617188,0.598815918,-0.0795898438
41800386.0,2968.0,0.0,-3.6484375,1.6875,-4.8671875,0
41804418.0,4032.0,1.0,0.7634277344,0.2184448242,0.6025390625,-0.0800170898
41807386.0,2968.0,0.0,-3.6640625,2.1640625,-5.27734375,0
41814418.0,7032.0,1.0,0.7606811523,0.2183227539,0.6060180664,-0.0803222656
41817386.0,2968.0,0.0,-2.875,2.03125,-5.11328125,0
41824418.0,7032.0,1.0,0.7579956055,0.2180175781,0.6094360352,-0.0805053711
41827386.0,2968.0,0.0,-2.515625,1.13671875,-3.99609375,0
41834418.0,7032.0,1.0,0.7553710938,0.2177124023,0.6128540039,-0.0806274414
41837386.0,2968.0,0.0,-1.53125,1.421875,-4.1328125,0
41844418.0,7032.0,1.0,0.752746582,0.2174072266,0.6160888672,-0.0805664063
41847386.0,2968.0,0.0,-1.25,1.7109375,-2.75,0
41854418.0,7032.0,1.0,0.7501220703,0.2172241211,0.6193847656,-0.0803222656
41857386.0,2968.0,0.0,-1.546875,1.10546875,-3.125,0
41864418.0,7032.0,1.0,0.7476196289,0.2170410156,0.6225585938,-0.0798950195
41867386.0,2968.0,0.0,-1.5625,1.0078125,-2.9609375,0
41874418.0,7032.0,1.0,0.7451782227,0.2170410156,0.6255493164,-0.0794677734
41877386.0,2968.0,0.0,-1.59375,0.5546875,-2.69921875,0
41883418.0,6032.0,1.0,0.7428588867,0.2174072266,0.6282348633,-0.0789794922
41886386.0,2968.0,0.0,-0.97265625,0.51171875,-2.66015625,0
41894418.0,8032.0,1.0,0.7404174805,0.2180786133,0.6309204102,-0.0783691406
41897386.0,2968.0,0.0,-0.6484375,0.08984375,-1.73828125,0
41904418.0,7032.0,1.0,0.7379760742,0.2191162109,0.6335449219,-0.0776367188
41907386.0,2968.0,0.0,-1.1484375,-1.15234375,-0.359375,0
41914418.0,7032.0,1.0,0.7353515625,0.220703125,0.6361083984,-0.0770263672
41917386.0,2968.0,0.0,-1.37109375,-0.36328125,0.41796875,0
41924418.0,7032.0,1.0,0.732421875,0.2229614258,0.6387329102,-0.0763549805
41927386.0,2968.0,0.0,-1.984375,-1.453125,0.703125,0
41934418.0,7032.0,1.0,0.729675293,0.2256469727,0.6410522461,-0.0759277344
41937386.0,2968.0,0.0,-1.984375,-1.9140625,0.0234375,0
41944418.0,7032.0,1.0,0.7267456055,0.2290039063,0.6431884766,-0.0756835938
41947386.0,2968.0,0.0,-1.37109375,-1.828125,-0.7734375,0
41954418.0,7032.0,1.0,0.7237548828,0.2326660156,0.6452026367,-0.0755615234
41957386.0,2968.0,0.0,-0.91015625,-1.62890625,-0.640625,0
41964418.0,7032.0,1.0,0.7207641602,0.2365722656,0.6471557617,-0.0755004883
41967386.0,2968.0,0.0,-0.61328125,-2.09765625,-0.31640625,0
41974418.0,7032.0,1.0,0.7176513672,0.2404785156,0.6491699219,-0.0755004883
41978386.0,3968.0,0.0,-0.6953125,-1.6328125,-0.30078125,0
41984418.0,6032.0,1.0,0.7144775391,0.244140625,0.6513671875,-0.075378418
41987386.0,2968.0,0.0,-1.03515625,-0.97265625,-0.78125,0
41994418.0,7032.0,1.0,0.7113647461,0.2473144531,0.6535644531,-0.0751342773
41997386.0,2968.0,0.0,-0.55078125,-0.9296875,-1.1171875,0
42009418.0,12032.0,1.0,0.7085571289,0.2497558594,0.6557617188,-0.0748291016
42014386.0,4968.0,0.0,0.4453125,0.3984375,-1.94921875,0
42017418.0,3032.0,1.0,0.7057495117,0.2516479492,0.6580810547,-0.0744628906
42020386.0,2968.0,0.0,1.2109375,0.18359375,-2.171875,0
42024418.0,4032.0,1.0,0.7030029297,0.2529296875,0.6605834961,-0.0739746094
42027386.0,2968.0,0.0,1.2109375,0.18359375,-2.09375,0
42034418.0,7032.0,1.0,0.7005615234,0.2534790039,0.6630249023,-0.073425293
42037386.0,2968.0,0.0,1.671875,0.79296875,-0.13671875,0
42044418.0,7032.0,1.0,0.6979980469,0.2534790039,0.6657714844,-0.0727539063
42047386.0,2968.0,0.0,1.40234375,0.95703125,0.09375,0
42054418.0,7032.0,1.0,0.6954956055,0.253112793,0.6686401367,-0.0719604492
42057386.0,2968.0,0.0,0.33203125,1.1953125,-0.171875,0
42064418.0,7032.0,1.0,0.6929931641,0.2525024414,0.6715698242,-0.0710449219
42067386.0,2968.0,0.0,-0.58984375,1.32421875,-0.4453125,0
42073418.0,6032.0,1.0,0.6906738281,0.2517700195,0.6742553711,-0.0701293945
42076386.0,2968.0,0.0,-1.43359375,0.34375,-0.98828125,0
42084418.0,8032.0,1.0,0.688293457,0.2510375977,0.6771240234,-0.069152832
42087386.0,2968.0,0.0,-1.2421875,0.97265625,-0.84375,0
42094418.0,7032.0,1.0,0.6859741211,0.2504272461,0.6797485352,-0.0681762695
42097386.0,2968.0,0.0,-0.97265625,1.046875,-0.390625,0
42104418.0,7032.0,1.0,0.6836547852,0.2501220703,0.6823120117,-0.0672607422
42107386.0,2968.0,0.0,-0.28125,0.7109375,0.01953125,0
42113418.0,6032.0,1.0,0.6812133789,0.2501831055,0.6848144531,-0.06640625
42116386.0,2968.0,0.0,0.97265625,0.75,1.55078125,0
42124418.0,8032.0,1.0,0.6784057617,0.2507324219,0.6874389648,-0.0654907227
42127386.0,2968.0,0.0,1.1640625,0.63671875,1.4375,0
42134418.0,7032.0,1.0,0.6755981445,0.2515869141,0.6900024414,-0.0645751953
42137386.0,2968.0,0.0,0.8828125,0.359375,1.36328125,0
42144418.0,7032.0,1.0,0.6727294922,0.252746582,0.6924438477,-0.0635375977
42147386.0,2968.0,0.0,0.22265625,-0.19140625,0.828125,0
42154418.0,7032.0,1.0,0.669921875,0.2539672852,0.6948852539,-0.0621948242
42157386.0,2968.0,0.0,-1.2421875,0.2578125,0.1875,0
42164418.0,7032.0,1.0,0.6671142578,0.2551879883,0.697265625,-0.0606689453
42167386.0,2968.0,0.0,-1.296875,-0.33984375,0.48828125,0
42174418.0,7032.0,1.0,0.6643676758,0.2562255859,0.6996459961,-0.0588378906
42177386.0,2968.0,0.0,-1.05078125,-0.36328125,0.7265625,0
42184418.0,7032.0,1.0,0.6615600586,0.2570800781,0.7021484375,-0.0568847656
42187386.0,2968.0,0.0,-0.67578125,-0.42578125,1.109375,0
42194418.0,7032.0,1.0,0.6588745117,0.2577514648,0.7045898438,-0.0546875
42197386.0,2968.0,0.0,-0.15625,-1.3984375,1.06640625,0
42204418.0,7032.0,1.0,0.6561889648,0.2582397461,0.7070922852,-0.0524902344
42207386.0,2968.0,0.0,0.328125,-1.57421875,1.52734375,0
42214418.0,7032.0,1.0,0.6534423828,0.2587280273,0.7095947266,-0.0502319336
42217386.0,2968.0,0.0,0.83984375,-0.74609375,1.90234375,0
42224418.0,7032.0,1.0,0.6506347656,0.2591552734,0.7121582031,-0.0480957031
42227386.0,2968.0,0.0,0.671875,-0.3125,1.0703125,0
42234418.0,7032.0,1.0,0.6477661133,0.2594604492,0.71484375,-0.0459594727
42237386.0,2968.0,0.0,-0.109375,-0.01953125,0.65234375,0
42247418.0,10032.0,1.0,0.6450195313,0.2595214844,0.7174072266,-0.0438842773
42250386.0,2968.0,0.0,-1.015625,0.30859375,0.03125,0
42257418.0,7032.0,1.0,0.6420898438,0.2592163086,0.7202758789,-0.0416259766
42260386.0,2968.0,0.0,-1.52734375,-0.00390625,-0.28125,0
42264418.0,4032.0,1.0,0.639465332,0.2587280273,0.7229003906,-0.0396118164
42267386.0,2968.0,0.0,0.02734375,0.25390625,-0.203125,0
42274418.0,7032.0,1.0,0.6368408203,0.2580566406,0.7255249023,-0.0376586914
42277386.0,2968.0,0.0,1.12109375,0.0625,0.35546875,0
42284418.0,7032.0,1.0,0.6341552734,0.2572021484,0.7282714844,-0.0358886719
42287386.0,2968.0,0.0,1.8359375,-0.01953125,0.88671875,0
42294418.0,7032.0,1.0,0.6312866211,0.2562866211,0.7311401367,-0.0341796875
42297386.0,2968.0,0.0,1.28125,0.25390625,1.30859375,0
42303418.0,6032.0,1.0,0.6284790039,0.2554321289,0.7339477539,-0.0325927734
42306386.0,2968.0,0.0,-0.87890625,0.828125,1.07421875,0
42314418.0,8032.0,1.0,0.6254272461,0.2544555664,0.7369384766,-0.0308837891
42317386.0,2968.0,0.0,-1.23828125,0.90625,0.69140625,0
42324418.0,7032.0,1.0,0.6224975586,0.2535400391,0.7398071289,-0.0291748047
42327386.0,2968.0,0.0,-1.140625,0.5703125,0.33984375,0
42334418.0,7032.0,1.0,0.6196289063,0.2526245117,0.7426147461,-0.02734375
42337386.0,2968.0,0.0,-0.55078125,0.1875,0.375,0
42344418.0,7032.0,1.0,0.6167602539,0.2517700195,0.7453613281,-0.025390625
42347386.0,2968.0,0.0,-0.22265625,0.1796875,1.0546875,0
42354418.0,7032.0,1.0,0.6137084961,0.2509155273,0.7482299805,-0.0231323242
42357386.0,2968.0,0.0,0.25390625,-0.08984375,1.51171875,0
42364418.0,7032.0,1.0,0.6105957031,0.2501220703,0.7510986328,-0.0206298828
42367386.0,2968.0,0.0,0.68359375,0.046875,2.23828125,0
42374418.0,7032.0,1.0,0.6074829102,0.2494506836,0.7539672852,-0.0180053711
42377386.0,2968.0,0.0,0.88671875,0.1953125,2.43359375,0
42384418.0,7032.0,1.0,0.6041870117,0.2490844727,0.7567749023,-0.0153198242
42387386.0,2968.0,0.0,1.70703125,-1.140625,1.0546875,0
42394418.0,7032.0,1.0,0.6008300781,0.2492675781,0.7593994141,-0.0129394531
42397386.0,2968.0,0.0,1.6015625,-1.578125,0.90234375,0
42404418.0,7032.0,1.0,0.5972290039,0.2497558594,0.7621459961,-0.0108032227
42407386.0,2968.0,0.0,1.1875,-0.4140625,0.68359375,0
42414418.0,7032.0,1.0,0.5936889648,0.2503051758,0.7647705078,-0.0084838867
42417386.0,2968.0,0.0,-0.42578125,0.71875,0.23046875,0
42424418.0,7032.0,1.0,0.5901489258,0.2505493164,0.7673950195,-0.005859375
42427386.0,2968.0,0.0,-0.234375,-0.22265625,0.5390625,0
42434418.0,7032.0,1.0,0.5866088867,0.2506103516,0.7700805664,-0.0029907227
42438386.0,3968.0,0.0,0.5,-1.59375,1.19140625,0
42444418.0,6032.0,1.0,0.5832519531,0.2505493164,0.7727050781,-0.0001831055
42447386.0,2968.0,0.0,0.15625,-0.31640625,1.33984375,0
42457418.0,10032.0,1.0,0.5797119141,0.2502441406,0.7754516602,0.0029296875
42460386.0,2968.0,0.0,-0.34375,-0.875,0.34375,0
42464418.0,4032.0,1.0,0.5761108398,0.2498168945,0.7782592773,0.0061645508
42467386.0,2968.0,0.0,-0.3046875,-0.79296875,0.34765625,0
42474418.0,7032.0,1.0,0.5726928711,0.2492675781,0.7808837891,0.0092163086
42477386.0,2968.0,0.0,-0.53515625,-0.921875,0.4921875,0
42484418.0,7032.0,1.0,0.5692749023,0.2486572266,0.7835693359,0.0123291016
42487386.0,2968.0,0.0,-0.95703125,-0.33984375,0.3046875,0
42494418.0,7032.0,1.0,0.5661010742,0.2478637695,0.7860107422,0.0151977539
42497386.0,2968.0,0.0,-0.99609375,0.5625,-0.46875,0
42504418.0,7032.0,1.0,0.5626831055,0.2467651367,0.7887573242,0.0184326172
42507386.0,2968.0,0.0,-1.296875,-0.37890625,0.0625,0
42514418.0,7032.0,1.0,0.5595092773,0.2454223633,0.7913818359,0.0216674805
42517386.0,2968.0,0.0,-1.14453125,-0.78515625,0.69921875,0
42524418.0,7032.0,1.0,0.5562133789,0.2438964844,0.7940063477,0.0250244141
42527386.0,2968.0,0.0,-1.22265625,-0.578125,0.9921875,0
42534418.0,7032.0,1.0,0.5529785156,0.2423095703,0.7966918945,0.0284423828
42537386.0,2968.0,0.0,-0.87890625,0.4375,0.5546875,0
42544418.0,7032.0,1.0,0.5497436523,0.2407226563,0.7992553711,0.0319213867
42547386.0,2968.0,0.0,-0.6796875,1.10546875,0.234375,0
42554418.0,7032.0,1.0,0.5466308594,0.239074707,0.8017578125,0.0352783203
42557386.0,2968.0,0.0,-0.6796875,1.2734375,0.3359375,0
42564418.0,7032.0,1.0,0.5435791016,0.237487793,0.8041381836,0.0386352539
42567386.0,2968.0,0.0,-0.41015625,1.09765625,0.3125,0
42574418.0,7032.0,1.0,0.5405883789,0.2358398438,0.8064575195,0.0421142578
42577386.0,2968.0,0.0,-0.296875,0.8828125,0.4453125,0
42584418.0,7032.0,1.0,0.5376586914,0.2341918945,0.8087158203,0.0458984375
42587386.0,2968.0,0.0,-0.91015625,-0.296875,1.15234375,0
42594418.0,7032.0,1.0,0.5346069336,0.2327270508,0.8109130859,0.0498657227
42597386.0,2968.0,0.0,-1.6796875,-0.71484375,1.93359375,0
42604418.0,7032.0,1.0,0.5314331055,0.2315063477,0.8130493164,0.0539550781
42607386.0,2968.0,0.0,-2.94921875,-0.109375,2.06640625,0
42614418.0,7032.0,1.0,0.5280151367,0.2307739258,0.8151855469,0.0579833984
42617386.0,2968.0,0.0,-3.1875,-0.0703125,1.96484375,0
42627418.0,10032.0,1.0,0.5247192383,0.2306518555,0.8171386719,0.0614624023
42630386.0,2968.0,0.0,-2.69921875,-0.04296875,1.484375,0
42637418.0,7032.0,1.0,0.5209350586,0.231262207,0.8190917969,0.0648803711
42640386.0,2968.0,0.0,-2.33203125,0.109375,1.05859375,0
42644418.0,4032.0,1.0,0.5172119141,0.232421875,0.8208618164,0.0677490234
42647386.0,2968.0,0.0,-2.00390625,0.0703125,0.390625,0
42654418.0,7032.0,1.0,0.5133056641,0.2343139648,0.8226318359,0.0701904297
42657386.0,2968.0,0.0,-2.3671875,-0.05078125,0.1484375,0
42664418.0,7032.0,1.0,0.5093383789,0.2367553711,0.8241577148,0.072265625
42667386.0,2968.0,0.0,-2.58203125,-0.58984375,0.44921875,0
42674418.0,7032.0,1.0,0.5051879883,0.2399291992,0.8256835938,0.0739135742
42677386.0,2968.0,0.0,-2.64453125,-0.703125,0.640625,0
42684418.0,7032.0,1.0,0.5010986328,0.2434692383,0.8270263672,0.0752563477
42687386.0,2968.0,0.0,-3.578125,-0.09375,1.78515625,0
42694418.0,7032.0,1.0,0.4965209961,0.2478027344,0.8283691406,0.0764770508
42697386.0,2968.0,0.0,-4.42578125,-0.515625,1.82421875,0
42704418.0,7032.0,1.0,0.4917602539,0.252746582,0.8295898438,0.0774536133
42707386.0,2968.0,0.0,-5.484375,-0.36328125,1.56640625,0
42714418.0,7032.0,1.0,0.487121582,0.2581176758,0.8306274414,0.0780639648
42717386.0,2968.0,0.0,-6.44140625,-0.4375,1.453125,0
42724418.0,7032.0,1.0,0.482421875,0.2640380859,0.8314819336,0.0784912109
42727386.0,2968.0,0.0,-7.546875,0.296875,1.0,0
42734418.0,7032.0,1.0,0.4777832031,0.2703857422,0.8320922852,0.078918457
42737386.0,2968.0,0.0,-7.39453125,0.44921875,0.703125,0
42744418.0,7032.0,1.0,0.4733276367,0.2769775391,0.8324584961,0.0794067383
42747386.0,2968.0,0.0,-6.9296875,0.4765625,0.62890625,0
42754418.0,7032.0,1.0,0.4688110352,0.2841186523,0.8325195313,0.0798339844
42757386.0,2968.0,0.0,-6.77734375,0.546875,0.8203125,0
42764418.0,7032.0,1.0,0.4644165039,0.2917480469,0.8323364258,0.0802001953
42767386.0,2968.0,0.0,-6.85546875,1.07421875,0.85546875,0
42774418.0,7032.0,1.0,0.4600219727,0.3002319336,0.8317260742,0.0805053711
42778386.0,3968.0,0.0,-6.44140625,1.44140625,0.2734375,0
42787418.0,9032.0,1.0,0.455871582,0.3088989258,0.8308105469,0.0809326172
42790386.0,2968.0,0.0,-6.0234375,1.609375,-0.4921875,0
42797418.0,7032.0,1.0,0.4515991211,0.3189697266,0.8292236328,0.0817871094
42801386.0,3968.0,0.0,-6.15625,4.91015625,-1.83984375,0
42805418.0,4032.0,1.0,0.4479370117,0.3292236328,0.8270263672,0.0835571289
42808386.0,2968.0,0.0,-7.21484375,8.03125,-3.01171875,0
42814418.0,6032.0,1.0,0.4449462891,0.3400268555,0.8239135742,0.0872802734
42817386.0,2968.0,0.0,-8.43359375,11.0859375,-3.8125,0
42824418.0,7032.0,1.0,0.4432983398,0.3501586914,0.8198852539,0.0932617188
42827386.0,2968.0,0.0,-10.078125,12.109375,-4.6875,0
42834418.0,7032.0,1.0,0.4430541992,0.359375,0.8149414063,0.1018676758
42837386.0,2968.0,0.0,-10.4453125,13.05078125,-5.8671875,0
42844418.0,7032.0,1.0,0.4445800781,0.368347168,0.8084106445,0.1146850586
42847386.0,2968.0,0.0,-9.69921875,13.07421875,-6.20703125,0
42854418.0,7032.0,1.0,0.4475708008,0.3758544922,0.8009033203,0.1303710938
42857386.0,2968.0,0.0,-9.1484375,11.03125,-5.34375,0
42866418.0,9032.0,1.0,0.4515991211,0.3823242188,0.7925415039,0.1477050781
42869386.0,2968.0,0.0,-9.09765625,8.83984375,-2.90234375,0
42877418.0,8032.0,1.0,0.4551391602,0.3899536133,0.7835083008,0.1641235352
42880386.0,2968.0,0.0,-7.64453125,-3.70703125,-2.60546875,0
42884418.0,4032.0,1.0,0.4581298828,0.3996582031,0.7738037109,0.1778564453
42887386.0,2968.0,0.0,-5.05859375,10.63671875,-4.73828125,0
42894418.0,7032.0,1.0,0.4653930664,0.4061279297,0.7618408203,0.1951904297
42897386.0,2968.0,0.0,-2.2890625,23.9296875,-10.390625,0
42904418.0,7032.0,1.0,0.4807128906,0.4042358398,0.7460327148,0.2213134766
42907386.0,2968.0,0.0,0.16796875,23.03125,-13.2578125,0
42914418.0,7032.0,1.0,0.5029296875,0.3946533203,0.7261962891,0.2528076172
42917386.0,2968.0,0.0,0.296875,4.14453125,-9.02734375,0
42929418.0,12032.0,1.0,0.5260620117,0.3829345703,0.7063598633,0.2786865234
42933386.0,3968.0,0.0,-7.48046875,-12.625,-1.953125,0
42936418.0,3032.0,1.0,0.5492553711,0.3723754883,0.6868286133,0.2964477539
42939386.0,2968.0,0.0,-4.7421875,-14.20703125,-2.94921875,0
42944418.0,5032.0,1.0,0.5727539063,0.3635864258,0.6679077148,0.3060302734
42947386.0,2968.0,0.0,-4.65625,-14.30078125,-3.58203125,0
42954418.0,7032.0,1.0,0.5946655273,0.3560791016,0.651184082,0.3090820313
42957386.0,2968.0,0.0,0.6875,-7.4375,-3.3984375,0
42964418.0,7032.0,1.0,0.6168823242,0.3475952148,0.6350097656,0.3088378906
42967386.0,2968.0,0.0,2.63671875,-7.234375,-4.078125,0
42975418.0,8032.0,1.0,0.6397705078,0.337097168,0.6190185547,0.3065185547
42978386.0,2968.0,0.0,5.3359375,-9.1640625,-3.7734375,0
42984418.0,6032.0,1.0,0.6616210938,0.3257446289,0.6041259766,0.301940918
42987386.0,2968.0,0.0,7.58203125,-10.87109375,-2.83203125,0
42997418.0,10032.0,1.0,0.6829223633,0.3141479492,0.5899658203,0.2947387695
43000386.0,2968.0,0.0,8.61328125,-10.875,-1.6328125,0
43004418.0,4032.0,1.0,0.7036132813,0.3024902344,0.5764160156,0.2847900391
43007386.0,2968.0,0.0,8.91015625,-10.1953125,-1.89453125,0
43014418.0,7032.0,1.0,0.7227783203,0.2914428711,0.5640258789,0.2730712891
43017386.0,2968.0,0.0,9.2421875,-8.91796875,-1.84765625,0
43024418.0,7032.0,1.0,0.7398681641,0.2810058594,0.5529174805,0.2606201172
43027386.0,2968.0,0.0,9.015625,-7.13671875,-1.87890625,0
43034418.0,7032.0,1.0,0.756652832,0.2698974609,0.5419311523,0.246887207
43037386.0,2968.0,0.0,8.51953125,-6.94140625,-1.85546875,0
43047418.0,10032.0,1.0,0.7709960938,0.2594604492,0.532409668,0.2339477539
43050386.0,2968.0,0.0,8.0703125,-7.1328125,-1.8203125,0
43057418.0,7032.0,1.0,0.7849731445,0.2485961914,0.5230712891,0.2199707031
43060386.0,2968.0,0.0,7.8125,-7.45703125,-1.7890625,0
43065418.0,5032.0,1.0,0.7977294922,0.2380981445,0.5144042969,0.2056884766
43068386.0,2968.0,0.0,7.4921875,-7.97265625,-0.69140625,0
43074418.0,6032.0,1.0,0.8095092773,0.2282104492,0.5062866211,0.1905517578
43077386.0,2968.0,0.0,7.6328125,-7.75390625,-0.0625,0
43087418.0,10032.0,1.0,0.8190917969,0.2200927734,0.4995117188,0.1763305664
43090386.0,2968.0,0.0,7.35546875,-7.57421875,0.37109375,0
43097418.0,7032.0,1.0,0.8281860352,0.2124023438,0.4930419922,0.1611328125
43100386.0,2968.0,0.0,7.08984375,-7.16015625,0.796875,0
43104418.0,4032.0,1.0,0.8361816406,0.2054443359,0.487121582,0.1460571289
43107386.0,2968.0,0.0,7.4609375,-6.4140625,1.4921875,0
43114418.0,7032.0,1.0,0.8433227539,0.1991577148,0.481628418,0.1309814453
43117386.0,2968.0,0.0,7.890625,-6.24609375,1.44921875,0
43124418.0,7032.0,1.0,0.8494262695,0.1937866211,0.4768066406,0.116394043
43127386.0,2968.0,0.0,8.08203125,-6.18359375,1.66015625,0
43135418.0,8032.0,1.0,0.8544921875,0.1896362305,0.4725952148,0.1024169922
43138386.0,2968.0,0.0,8.16015625,-5.87109375,1.703125,0
43144418.0,6032.0,1.0,0.8587646484,0.1864013672,0.4688720703,0.0887451172
43147386.0,2968.0,0.0,7.453125,-4.4296875,1.57421875,0
43154418.0,7032.0,1.0,0.8623657227,0.1837768555,0.465637207,0.0755004883
43157386.0,2968.0,0.0,6.75,-3.57421875,1.71875,0
43164418.0,7032.0,1.0,0.8652954102,0.1813964844,0.462890625,0.0633544922
43167386.0,2968.0,0.0,5.921875,-3.234375,1.37890625,0
43174418.0,7032.0,1.0,0.8676757813,0.1792602539,0.4607543945,0.0518798828
43177386.0,2968.0,0.0,5.06640625,-2.87109375,0.78125,0
43189418.0,12032.0,1.0,0.8694458008,0.1775512695,0.4591674805,0.0413818359
43193386.0,3968.0,0.0,5.15625,-2.96875,-0.1015625,0
43196418.0,3032.0,1.0,0.8707275391,0.1762695313,0.4580688477,0.03125
43199386.0,2968.0,0.0,5.171875,-2.8515625,-0.1328125,0
43204418.0,5032.0,1.0,0.8715820313,0.1754150391,0.4573364258,0.0209960937
43207386.0,2968.0,0.0,5.16015625,-2.51953125,-0.38671875,0
43214418.0,7032.0,1.0,0.8719482422,0.1750488281,0.4570922852,0.0119628906
43217386.0,2968.0,0.0,4.79296875,-1.890625,-0.69140625,0
43224418.0,7032.0,1.0,0.8720092773,0.174987793,0.4570922852,0.0030517578
43227386.0,2968.0,0.0,4.5546875,-1.61328125,-0.89453125,0
43234418.0,7032.0,1.0,0.8717651367,0.1751708984,0.4575195313,-0.0051879883
43238386.0,3968.0,0.0,4.30078125,-1.08203125,-1.0390625,0
43244418.0,6032.0,1.0,0.8712768555,0.1754150391,0.4582519531,-0.0129394531
43247386.0,2968.0,0.0,3.75,-0.32421875,-1.3359375,0
43254418.0,7032.0,1.0,0.8705444336,0.1755371094,0.4592895508,-0.0194702148
43257386.0,2968.0,0.0,2.85546875,-0.18359375,-1.96484375,0
43264418.0,7032.0,1.0,0.8695678711,0.1757202148,0.4608154297,-0.0259399414
43267386.0,2968.0,0.0,2.6171875,-0.46484375,-1.85546875,0
43274418.0,7032.0,1.0,0.8682861328,0.1764526367,0.4625854492,-0.0317382812
43277386.0,2968.0,0.0,2.6796875,-0.91796875,-2.24609375,0
43284418.0,7032.0,1.0,0.8666992188,0.1778564453,0.4645996094,-0.0372314453
43287386.0,2968.0,0.0,2.60546875,-0.3046875,-2.46875,0
43294418.0,7032.0,1.0,0.8648681641,0.1793823242,0.4669799805,-0.0421142578
43297386.0,2968.0,0.0,2.671875,1.3671875,-2.8359375,0
43304418.0,7032.0,1.0,0.8629760742,0.1804199219,0.4696655273,-0.046081543
43307386.0,2968.0,0.0,2.4375,1.0546875,-3.4296875,0
43314418.0,7032.0,1.0,0.8610839844,0.1810913086,0.4724731445,-0.0493774414
43317386.0,2968.0,0.0,1.90234375,1.125,-3.796875,0
43326418.0,9032.0,1.0,0.859375,0.181640625,0.4752197266,-0.0520019531
43329386.0,2968.0,0.0,1.1953125,1.375,-4.1640625,0
43337418.0,8032.0,1.0,0.8574829102,0.1823730469,0.4779663086,-0.0545043945
43340386.0,2968.0,0.0,0.30859375,0.96875,-4.29296875,0
43344418.0,4032.0,1.0,0.8557128906,0.1833496094,0.4805297852,-0.0567626953
43347386.0,2968.0,0.0,0.0703125,0.9921875,-3.77734375,0
43355418.0,8032.0,1.0,0.8538208008,0.1846923828,0.4830932617,-0.0588378906
43358386.0,2968.0,0.0,-0.13671875,0.88671875,-3.3046875,0
43364418.0,6032.0,1.0,0.8519897461,0.186340332,0.4854736328,-0.0606689453
43367386.0,2968.0,0.0,-0.42578125,0.390625,-3.40234375,0
43374418.0,7032.0,1.0,0.8500976563,0.1883544922,0.4877929688,-0.0623168945
43377386.0,2968.0,0.0,-0.90234375,0.3828125,-2.640625,0
43384418.0,7032.0,1.0,0.8481445313,0.1908569336,0.4900512695,-0.0637817383
43387386.0,2968.0,0.0,-1.52734375,-0.0546875,-1.9296875,0
43395418.0,8032.0,1.0,0.8460693359,0.1938476563,0.4922485352,-0.0651855469
43398386.0,2968.0,0.0,-2.203125,-0.34765625,-1.67578125,0
43404418.0,6032.0,1.0,0.8439331055,0.1970825195,0.4945068359,-0.0664672852
43407386.0,2968.0,0.0,-3.51953125,0.51171875,-2.29296875,0
43414418.0,7032.0,1.0,0.8415527344,0.2006225586,0.496887207,-0.0677490234
43417386.0,2968.0,0.0,-4.19140625,0.08984375,-2.30078125,0
43424418.0,7032.0,1.0,0.8391723633,0.2041625977,0.4993286133,-0.0689086914
43427386.0,2968.0,0.0,-4.36328125,-0.296875,-2.59765625,0
43435418.0,8032.0,1.0,0.8367919922,0.2076416016,0.5018310547,-0.0699462891
43438386.0,2968.0,0.0,-4.26953125,0.1015625,-2.21875,0
43444418.0,6032.0,1.0,0.8342285156,0.2111816406,0.5043334961,-0.0709838867
43447386.0,2968.0,0.0,-3.77734375,0.25390625,-1.75,0
43454418.0,7032.0,1.0,0.8314208984,0.2150268555,0.5072021484,-0.0721435547
43457386.0,2968.0,0.0,-3.06640625,-0.015625,-1.42578125,0
43464418.0,7032.0,1.0,0.8285522461,0.2188720703,0.5101928711,-0.0733642578
43467386.0,2968.0,0.0,-2.0078125,-0.3046875,-1.76171875,0
43475418.0,8032.0,1.0,0.8254394531,0.22265625,0.5133666992,-0.0745239258
43478386.0,2968.0,0.0,-1.171875,-0.30078125,-1.890625,0
43484418.0,6032.0,1.0,0.8222045898,0.2262573242,0.516784668,-0.0758056641
43487386.0,2968.0,0.0,-0.8046875,0.015625,-3.24609375,0
43495418.0,8032.0,1.0,0.8189086914,0.2296142578,0.5202636719,-0.0770874023
43499386.0,3968.0,0.0,-0.3125,1.0703125,-3.79296875,0
43504418.0,5032.0,1.0,0.8156738281,0.2326049805,0.5238647461,-0.0785522461
43507386.0,2968.0,0.0,0.0703125,2.20703125,-4.0703125,0
43515418.0,8032.0,1.0,0.8124389648,0.2349853516,0.5275878906,-0.0800170898
43518386.0,2968.0,0.0,0.0546875,2.78125,-4.12890625,0
43530418.0,12032.0,1.0,0.8094482422,0.2365112305,0.53125,-0.081237793
43535386.0,4968.0,0.0,-2.77734375,3.66796875,-5.03125,0
43538418.0,3032.0,1.0,0.8064575195,0.237121582,0.5354003906,-0.0822143555
43541386.0,2968.0,0.0,-3.359375,3.33984375,-3.98046875,0
43545418.0,4032.0,1.0,0.8033447266,0.2368164063,0.5401000977,-0.082824707
43548386.0,2968.0,0.0,-3.3125,3.37109375,-3.87890625,0
43555418.0,7032.0,1.0,0.80078125,0.2357177734,0.5443725586,-0.0828857422
43558386.0,2968.0,0.0,-2.5078125,1.53125,-3.33984375,0
43564418.0,6032.0,1.0,0.7981567383,0.2341918945,0.5488891602,-0.0827636719
43567386.0,2968.0,0.0,-1.6328125,1.53515625,-3.24609375,0
43575418.0,8032.0,1.0,0.7954711914,0.2327880859,0.5533447266,-0.0827026367
43578386.0,2968.0,0.0,-1.09765625,1.45703125,-3.3125,0
43585418.0,7032.0,1.0,0.7927246094,0.2316894531,0.5577392578,-0.0828857422
43588386.0,2968.0,0.0,-0.828125,1.765625,-3.265625,0
43594418.0,6032.0,1.0,0.7899169922,0.2310791016,0.5618286133,-0.0832519531
43597386.0,2968.0,0.0,-2.09765625,1.26171875,-3.36328125,0
43604418.0,7032.0,1.0,0.7868041992,0.2308349609,0.5662231445,-0.0838623047
43607386.0,2968.0,0.0,-3.109375,0.6015625,-3.421875,0
43615418.0,8032.0,1.0,0.7837524414,0.2310180664,0.5703125,-0.0846557617
43618386.0,2968.0,0.0,-4.14453125,0.59375,-2.9453125,0
43625418.0,7032.0,1.0,0.7805786133,0.2313232422,0.5743408203,-0.0855102539
43628386.0,2968.0,0.0,-4.80078125,1.03125,-2.69140625,0
43634418.0,6032.0,1.0,0.7775878906,0.231628418,0.578125,-0.0863037109
43637386.0,2968.0,0.0,-4.31640625,-0.28515625,-3.171875,0
43645418.0,8032.0,1.0,0.774230957,0.2323608398,0.5822143555,-0.0872192383
43648386.0,2968.0,0.0,-3.67578125,0.65625,-3.7890625,0
43655418.0,7032.0,1.0,0.7709960938,0.2333984375,0.5859375,-0.0881958008
43658386.0,2968.0,0.0,-2.80859375,1.66796875,-4.00390625,0
43665418.0,7032.0,1.0,0.7676391602,0.2346801758,0.5895996094,-0.0893554688
43668386.0,2968.0,0.0,-2.4765625,0.87890625,-3.90234375,0
43675418.0,7032.0,1.0,0.7643432617,0.2359008789,0.5932617188,-0.0905151367
43678386.0,2968.0,0.0,-1.56640625,2.15234375,-3.265625,0
43685418.0,7032.0,1.0,0.7612304688,0.2366943359,0.5968017578,-0.0913085938
43688386.0,2968.0,0.0,-1.734375,1.44140625,-3.23828125,0
43695418.0,7032.0,1.0,0.7583007813,0.2369995117,0.6003417969,-0.0916137695
43698386.0,2968.0,0.0,-1.71875,1.65625,-3.57421875,0
43705418.0,7032.0,1.0,0.7555541992,0.2369384766,0.6038208008,-0.0916137695
43708386.0,2968.0,0.0,-1.92578125,0.7890625,-3.2578125,0
43715418.0,7032.0,1.0,0.7529296875,0.2369384766,0.6071166992,-0.0913085938
43718386.0,2968.0,0.0,-1.78515625,-0.34375,-2.94140625,0
43728418.0,10032.0,1.0,0.7503662109,0.2371826172,0.6102905273,-0.0909423828
43731386.0,2968.0,0.0,-2.046875,-1.21875,-1.74609375,0
43738418.0,7032.0,1.0,0.7474365234,0.2379760742,0.6135864258,-0.0905761719
43741386.0,2968.0,0.0,-2.26953125,-1.44921875,-1.921875,0
43745418.0,4032.0,1.0,0.7445068359,0.2393798828,0.6166381836,-0.0903320313
43748386.0,2968.0,0.0,-2.328125,-0.98828125,-1.25,0
43755418.0,7032.0,1.0,0.7415771484,0.2413330078,0.6193237305,-0.0904541016
43758386.0,2968.0,0.0,-1.59375,-0.3046875,-0.97265625,0
43765418.0,7032.0,1.0,0.7385253906,0.2439575195,0.6219482422,-0.0908203125
43768386.0,2968.0,0.0,-0.859375,0.703125,-0.7265625,0
43775418.0,7032.0,1.0,0.7352905273,0.2470703125,0.6244506836,-0.0914306641
43778386.0,2968.0,0.0,-0.0078125,0.19140625,-0.59375,0
43785418.0,7032.0,1.0,0.7320556641,0.2503051758,0.6268920898,-0.0921020508
43788386.0,2968.0,0.0,0.19140625,0.05859375,-0.2265625,0
43795418.0,7032.0,1.0,0.728515625,0.2539672852,0.6294555664,-0.0927124023
43798386.0,2968.0,0.0,-0.23046875,0.296875,-0.5546875,0
43805418.0,7032.0,1.0,0.7249755859,0.2574462891,0.632019043,-0.0932617188
43808386.0,2968.0,0.0,-0.94921875,-0.4453125,-0.55859375,0
43815418.0,7032.0,1.0,0.721496582,0.2606811523,0.6345825195,-0.0936889648
43818386.0,2968.0,0.0,-1.37109375,-0.4609375,-0.7265625,0
43824418.0,6032.0,1.0,0.7182617188,0.2634277344,0.6370849609,-0.0939331055
43827386.0,2968.0,0.0,-0.60546875,0.79296875,-1.96484375,0
43835418.0,8032.0,1.0,0.7149658203,0.265625,0.639831543,-0.0941162109
43838386.0,2968.0,0.0,-0.25390625,1.125,-2.1484375,0
43845418.0,7032.0,1.0,0.7118530273,0.2671508789,0.6427001953,-0.0941162109
43848386.0,2968.0,0.0,0.28515625,1.69921875,-2.08984375,0
43855418.0,7032.0,1.0,0.7089233398,0.2678222656,0.6456298828,-0.0939941406
43858386.0,2968.0,0.0,0.90625,1.58984375,-1.19140625,0
43865418.0,7032.0,1.0,0.7059326172,0.2679443359,0.6488647461,-0.0938110352
43868386.0,2968.0,0.0,1.44140625,1.33984375,-0.5703125,0
43875418.0,7032.0,1.0,0.7030639648,0.267578125,0.6521606445,-0.0936279297
43878386.0,2968.0,0.0,1.640625,0.7109375,-0.53125,0
43885418.0,7032.0,1.0,0.7001953125,0.2668457031,0.6556396484,-0.0933837891
43888386.0,2968.0,0.0,1.49609375,0.85546875,-0.4765625,0
43895418.0,7032.0,1.0,0.6973266602,0.2657470703,0.6591186523,-0.0930786133
43898386.0,2968.0,0.0,1.15625,0.99609375,-0.3984375,0
43905418.0,7032.0,1.0,0.6945800781,0.2643432617,0.6625976563,-0.0927124023
43908386.0,2968.0,0.0,0.125,0.91796875,-1.19140625,0
43915418.0,7032.0,1.0,0.6919555664,0.2625732422,0.6661376953,-0.0921630859
43919386.0,3968.0,0.0,-0.43359375,0.875,-1.0,0
43925418.0,6032.0,1.0,0.6893920898,0.2606201172,0.6696777344,-0.0913696289
43928386.0,2968.0,0.0,-0.7421875,0.37109375,-0.66015625,0
43935418.0,7032.0,1.0,0.6868896484,0.2587280273,0.6731567383,-0.0903930664
43938386.0,2968.0,0.0,-0.2421875,0.6015625,0.71875,0
43950418.0,12032.0,1.0,0.6843261719,0.2569580078,0.6765136719,-0.0891113281
43954386.0,3968.0,0.0,1.87890625,-1.453125,0.94921875,0
43957418.0,3032.0,1.0,0.681640625,0.2557373047,0.6798706055,-0.0876464844
43960386.0,2968.0,0.0,1.87109375,-1.4296875,1.02734375,0
43965418.0,5032.0,1.0,0.6787109375,0.2552490234,0.6831665039,-0.0863037109
43968386.0,2968.0,0.0,1.48046875,-0.89453125,0.73046875,0
43975418.0,7032.0,1.0,0.6755371094,0.2555541992,0.686340332,-0.0850219727
43978386.0,2968.0,0.0,-0.09765625,0.33203125,-0.4453125,0
43985418.0,7032.0,1.0,0.6723022461,0.2563476563,0.6893920898,-0.0838623047
43988386.0,2968.0,0.0,-0.3359375,-0.86328125,-0.16015625,0
43995418.0,7032.0,1.0,0.6690673828,0.2575683594,0.692199707,-0.082824707
43998386.0,2968.0,0.0,-0.92578125,-0.74609375,0.58984375,0
44005418.0,7032.0,1.0,0.6657104492,0.2590942383,0.6950073242,-0.0817871094
44008386.0,2968.0,0.0,-1.546875,-0.80078125,0.75390625,0
44014418.0,6032.0,1.0,0.6623535156,0.2608032227,0.6976318359,-0.080871582
44017386.0,2968.0,0.0,-1.67578125,-1.390625,0.578125,0
44025418.0,8032.0,1.0,0.6586303711,0.2628173828,0.7005004883,-0.0800170898
44028386.0,2968.0,0.0,-2.11328125,-0.56640625,-0.20703125,0
44035418.0,7032.0,1.0,0.6552124023,0.2645874023,0.7031860352,-0.0792236328
44038386.0,2968.0,0.0,-2.55078125,0.15625,-0.18359375,0
44045418.0,7032.0,1.0,0.6519775391,0.2657470703,0.7058105469,-0.0781860352
44048386.0,2968.0,0.0,-2.30078125,0.64453125,-0.21875,0
44055418.0,7032.0,1.0,0.6488037109,0.2662353516,0.7086791992,-0.0768432617
44058386.0,2968.0,0.0,-0.0546875,0.4453125,0.640625,0
44065418.0,7032.0,1.0,0.6458129883,0.2659301758,0.711730957,-0.0751342773
44068386.0,2968.0,0.0,1.15625,0.98046875,0.06640625,0
44075418.0,7032.0,1.0,0.6428222656,0.2648925781,0.7150268555,-0.0729370117
44078386.0,2968.0,0.0,1.1484375,1.52734375,0.078125,0
44085418.0,7032.0,1.0,0.6400146484,0.2631225586,0.7184448242,-0.0704956055
44088386.0,2968.0,0.0,0.6328125,1.2265625,0.0,0
44095418.0,7032.0,1.0,0.6373901367,0.2606811523,0.7219238281,-0.0677490234
44098386.0,2968.0,0.0,-2.21484375,1.95703125,-1.57421875,0
44105418.0,7032.0,1.0,0.6350097656,0.2577514648,0.7253417969,-0.0650024414
44108386.0,2968.0,0.0,-3.13671875,2.23828125,-2.234375,0
44115418.0,7032.0,1.0,0.6329345703,0.2543334961,0.7285766602,-0.0621337891
44118386.0,2968.0,0.0,-2.64453125,2.6015625,-1.640625,0
44125418.0,7032.0,1.0,0.6309204102,0.2506103516,0.7318725586,-0.0592041016
44128386.0,2968.0,0.0,-0.4765625,2.453125,0.640625,0
44135418.0,7032.0,1.0,0.6288452148,0.2467041016,0.7352294922,-0.0560913086
44138386.0,2968.0,0.0,0.47265625,1.7421875,0.3515625,0
44148418.0,10032.0,1.0,0.6267089844,0.2429199219,0.7385253906,-0.0528564453
44151386.0,2968.0,0.0,0.50390625,2.09375,0.56640625,0
44158418.0,7032.0,1.0,0.6243896484,0.2387695313,0.7421264648,-0.0488891602
44161386.0,2968.0,0.0,0.21875,1.4140625,0.6015625,0
44165418.0,4032.0,1.0,0.622253418,0.2351074219,0.745300293,-0.0449829102
44168386.0,2968.0,0.0,-1.0234375,0.30078125,0.65625,0
44175418.0,7032.0,1.0,0.6199951172,0.2319946289,0.7483520508,-0.0411376953
44178386.0,2968.0,0.0,-1.3046875,-0.01171875,0.3359375,0
44185418.0,7032.0,1.0,0.6176757813,0.2296142578,0.7512207031,-0.0374145508
44188386.0,2968.0,0.0,-1.015625,-1.25390625,0.17578125,0
44195418.0,7032.0,1.0,0.615234375,0.2281494141,0.7538452148,-0.033996582
44198386.0,2968.0,0.0,-0.234375,-2.6875,0.23046875,0
44204418.0,6032.0,1.0,0.6125488281,0.2276000977,0.7562866211,-0.0310058594
44207386.0,2968.0,0.0,1.23828125,-2.6875,0.94921875,0
44215418.0,8032.0,1.0,0.6094970703,0.2277832031,0.7588500977,-0.0280151367
44218386.0,2968.0,0.0,1.7109375,-2.94921875,1.55859375,0
44225418.0,7032.0,1.0,0.6061401367,0.2284545898,0.7614135742,-0.0250854492
44228386.0,2968.0,0.0,1.55859375,-2.59765625,1.84375,0
44235418.0,7032.0,1.0,0.6028442383,0.2294311523,0.7637939453,-0.0223388672
44238386.0,2968.0,0.0,0.8359375,-1.48046875,1.61328125,0
44245418.0,7032.0,1.0,0.5994873047,0.2305297852,0.7661743164,-0.0193481445
44248386.0,2968.0,0.0,-0.65234375,-2.1015625,1.1875,0
44255418.0,7032.0,1.0,0.5963745117,0.231628418,0.768371582,-0.016418457
44258386.0,2968.0,0.0,-1.03515625,-3.328125,0.95703125,0
44265418.0,7032.0,1.0,0.5931396484,0.2327880859,0.7706298828,-0.0132446289
44268386.0,2968.0,0.0,-1.3046875,-3.796875,0.34765625,0
44275418.0,7032.0,1.0,0.5899047852,0.2339477539,0.7727661133,-0.0100708008
44278386.0,2968.0,0.0,-1.609375,-3.6875,-0.04296875,0
44285418.0,7032.0,1.0,0.5866699219,0.2348632813,0.7749633789,-0.0065917969
44288386.0,2968.0,0.0,-0.84375,-3.15234375,1.4140625,0
44295418.0,7032.0,1.0,0.5834960938,0.2354736328,0.7772216797,-0.0030517578
44298386.0,2968.0,0.0,-0.38671875,-3.046875,1.4921875,0
44305418.0,7032.0,1.0,0.5803222656,0.2357177734,0.7795410156,0.0004882812
44308386.0,2968.0,0.0,-0.42578125,-1.78515625,1.40234375,0
44315418.0,7032.0,1.0,0.5770874023,0.2357177734,0.7819213867,0.0038452148
44318386.0,2968.0,0.0,-0.6953125,-0.97265625,0.32421875,0
44325418.0,7032.0,1.0,0.5739746094,0.2354736328,0.7842407227,0.007019043
44328386.0,2968.0,0.0,-0.50390625,-1.1953125,0.5078125,0
44335418.0,7032.0,1.0,0.5707397461,0.235168457,0.7866821289,0.0099487305
44339386.0,3968.0,0.0,-0.6953125,-0.7265625,0.5703125,0
44346418.0,7032.0,1.0,0.567565918,0.2348022461,0.7890014648,0.012512207
44349386.0,2968.0,0.0,-0.56640625,-0.4765625,0.2265625,0
44359418.0,10032.0,1.0,0.5643310547,0.2344360352,0.7913818359,0.0148925781
44362386.0,2968.0,0.0,-0.91015625,-0.22265625,0.55859375,0
44366418.0,4032.0,1.0,0.5609741211,0.2339477539,0.7938842773,0.0170898438
44369386.0,2968.0,0.0,-0.75,-0.23828125,0.7421875,0
44375418.0,6032.0,1.0,0.5575561523,0.2335205078,0.7963867188,0.0191650391
44379386.0,3968.0,0.0,-0.21484375,-0.37109375,0.73828125,0
44385418.0,6032.0,1.0,0.5541992188,0.2329711914,0.798828125,0.0211181641
44388386.0,2968.0,0.0,-0.20703125,0.625,0.8828125,0
44395418.0,7032.0,1.0,0.5509643555,0.2322387695,0.8012695313,0.0231933594
44398386.0,2968.0,0.0,0.37109375,1.1171875,0.41015625,0
44405418.0,7032.0,1.0,0.5474853516,0.231262207,0.8037719727,0.0256958008
44408386.0,2968.0,0.0,0.6015625,0.52734375,0.18359375,0
44415418.0,7032.0,1.0,0.5442504883,0.2302246094,0.8062133789,0.0284423828
44418386.0,2968.0,0.0,0.87890625,0.28125,0.703125,0
44425418.0,7032.0,1.0,0.541015625,0.2292480469,0.80859375,0.0314941406
44428386.0,2968.0,0.0,1.03125,-0.01171875,0.8828125,0
44435418.0,7032.0,1.0,0.5375976563,0.2283935547,0.8109130859,0.0347900391
44438386.0,2968.0,0.0,-0.12890625,0.49609375,1.44140625,0
44445418.0,7032.0,1.0,0.5343017578,0.2277832031,0.8131103516,0.0379638672
44448386.0,2968.0,0.0,-0.47265625,1.0,1.46484375,0
44455418.0,7032.0,1.0,0.5310058594,0.2274780273,0.815246582,0.0411987305
44458386.0,2968.0,0.0,-0.59765625,0.921875,1.109375,0
44465418.0,7032.0,1.0,0.5275268555,0.2274780273,0.8173217773,0.0444946289
44468386.0,2968.0,0.0,-0.64453125,0.203125,1.4375,0
44475418.0,7032.0,1.0,0.5239257813,0.2277832031,0.8193359375,0.0479125977
44478386.0,2968.0,0.0,-1.16015625,-0.8046875,1.5,0
44485418.0,7032.0,1.0,0.5202026367,0.2283935547,0.8212890625,0.0513305664
44488386.0,2968.0,0.0,-1.13671875,-1.1875,1.1875,0
44495418.0,7032.0,1.0,0.516418457,0.2294921875,0.8231811523,0.0547485352
44498386.0,2968.0,0.0,-1.23828125,-1.30859375,1.59375,0
44505418.0,7032.0,1.0,0.5124511719,0.2312011719,0.8249511719,0.0579223633
44508386.0,2968.0,0.0,-1.29296875,-1.25,1.3203125,0
44515418.0,7032.0,1.0,0.5083618164,0.233581543,0.8266601563,0.0604248047
44518386.0,2968.0,0.0,-1.515625,-0.9453125,1.0078125,0
44525418.0,7032.0,1.0,0.5040283203,0.2367553711,0.8283081055,0.0621337891
44528386.0,2968.0,0.0,-2.0,-0.29296875,0.3671875,0
44536418.0,8032.0,1.0,0.4996337891,0.2404174805,0.8298339844,0.0632324219
44539386.0,2968.0,0.0,-3.25,0.1328125,-0.24609375,0
44551418.0,12032.0,1.0,0.4952392578,0.244140625,0.8312988281,0.0640258789
44556418.0,5000.0,1.0,0.4907226563,0.248046875,0.8327026367,0.0650634766
44558386.0,1968.0,0.0,-5.48046875,-0.5703125,1.21484375,0
44565418.0,7032.0,1.0,0.4862670898,0.2517700195,0.8341064453,0.0665283203
44568386.0,2968.0,0.0,-5.67578125,-0.7265625,2.09765625,0
44575418.0,7032.0,1.0,0.4819946289,0.2552490234,0.8353881836,0.0684204102
44578386.0,2968.0,0.0,-5.8515625,-0.58203125,2.6640625,0
44585418.0,7032.0,1.0,0.4779052734,0.2585449219,0.8364868164,0.0706787109
44588386.0,2968.0,0.0,-5.9609375,-1.73828125,2.8125,0
44595418.0,7032.0,1.0,0.4736328125,0.2621459961,0.8376464844,0.0731811523
44598386.0,2968.0,0.0,-5.76171875,-1.83203125,2.03125,0
44605418.0,7032.0,1.0,0.4692993164,0.2659912109,0.8386230469,0.0756835938
44608386.0,2968.0,0.0,-5.2578125,-1.83984375,1.06640625,0
44615418.0,7032.0,1.0,0.4649658203,0.2702636719,0.8394775391,0.0778808594
44618386.0,2968.0,0.0,-5.09765625,-1.00390625,0.484375,0
44625418.0,7032.0,1.0,0.4605712891,0.2750244141,0.8401489258,0.0797729492
44628386.0,2968.0,0.0,-5.875,0.89453125,0.48046875,0
44635418.0,7032.0,1.0,0.4561767578,0.2802734375,0.8406982422,0.081237793
44638386.0,2968.0,0.0,-6.2890625,1.12109375,1.125,0
44645418.0,7032.0,1.0,0.4515991211,0.2863769531,0.841003418,0.0821533203
44648386.0,2968.0,0.0,-6.48046875,1.421875,1.08203125,0
44655418.0,7032.0,1.0,0.4468383789,0.2933959961,0.8410644531,0.0825195313
44658386.0,2968.0,0.0,-6.72265625,1.57421875,0.8125,0
44665418.0,7032.0,1.0,0.4418334961,0.301574707,0.8408813477,0.0822753906
44668386.0,2968.0,0.0,-7.6875,2.61328125,-0.9765625,0
44675418.0,7032.0,1.0,0.436706543,0.3109741211,0.8402099609,0.0816040039
44679386.0,3968.0,0.0,-6.89453125,4.4609375,-3.53515625,0
44688418.0,9032.0,1.0,0.4318847656,0.3212280273,0.8389282227,0.0806884766
44691386.0,2968.0,0.0,-8.17578125,9.46875,-1.609375,0
44698418.0,7032.0,1.0,0.4271850586,0.3334960938,0.8366088867,0.0797729492
44701386.0,2968.0,0.0,-10.71875,10.87890625,-2.56640625,0
44705418.0,4032.0,1.0,0.4233398438,0.3463745117,0.8333129883,0.0798950195
44708386.0,2968.0,0.0,-11.51171875,13.55078125,-4.42578125,0
44715418.0,7032.0,1.0,0.420715332,0.359375,0.828918457,0.0824584961
44718386.0,2968.0,0.0,-11.99609375,14.71875,-3.5390625,0
44725418.0,7032.0,1.0,0.4200439453,0.3713378906,0.8232421875,0.0889282227
44728386.0,2968.0,0.0,-11.33984375,16.1796875,-5.0859375,0
44735418.0,7032.0,1.0,0.4216308594,0.3814697266,0.8165283203,0.1001586914
44738386.0,2968.0,0.0,-8.54296875,15.71484375,-7.71484375,0
44745418.0,7032.0,1.0,0.4254150391,0.3900756836,0.8082275391,0.1165771484
44748386.0,2968.0,0.0,-7.8046875,13.87890625,-8.65234375,0
44755418.0,7032.0,1.0,0.4309082031,0.3969116211,0.798828125,0.1363525391
44758386.0,2968.0,0.0,-7.26171875,10.796875,-7.7578125,0
44767418.0,9032.0,1.0,0.4365234375,0.4032592773,0.7891235352,0.1551513672
44770386.0,2968.0,0.0,-7.41015625,3.56640625,-7.578125,0
44778418.0,8032.0,1.0,0.4430541992,0.4106445313,0.7779541016,0.1728515625
44781386.0,2968.0,0.0,-4.34375,16.22265625,-6.9609375,0
44785418.0,4032.0,1.0,0.4539794922,0.4150390625,0.7644042969,0.1931762695
44788386.0,2968.0,0.0,-3.37890625,22.4140625,-9.015625,0
44795418.0,7032.0,1.0,0.4724731445,0.4127807617,0.7470703125,0.2197875977
44798386.0,2968.0,0.0,0.94140625,13.40234375,-12.47265625,0
44805418.0,7032.0,1.0,0.4951782227,0.4057617188,0.7274780273,0.2468261719
44808386.0,2968.0,0.0,2.75390625,2.31640625,-11.46875,0
44815418.0,7032.0,1.0,0.5195922852,0.396484375,0.7070922852,0.2698974609
44818386.0,2968.0,0.0,-5.703125,-6.91796875,-4.9453125,0
44830418.0,12032.0,1.0,0.5425415039,0.3865966797,0.6884765625,0.2866821289
44834386.0,3968.0,0.0,-2.9375,-12.3359375,-1.80859375,0
44837418.0,3032.0,1.0,0.567565918,0.3747558594,0.6688842773,0.3000488281
44840386.0,2968.0,0.0,0.66015625,-14.9609375,-2.7421875,0
44845418.0,5032.0,1.0,0.5930786133,0.3623657227,0.6495361328,0.3082885742
44848386.0,2968.0,0.0,0.79296875,-15.0078125,-3.4375,0
44855418.0,7032.0,1.0,0.6167602539,0.3506469727,0.6322021484,0.3114013672
44858386.0,2968.0,0.0,5.26953125,-14.62890625,-2.27734375,0
44865418.0,7032.0,1.0,0.6399536133,0.339050293,0.6157836914,0.3103637695
44868386.0,2968.0,0.0,8.046875,-14.734375,-2.2734375,0
44876418.0,8032.0,1.0,0.6623535156,0.3277587891,0.600402832,0.3055419922
44879386.0,2968.0,0.0,10.140625,-14.05078125,-2.11328125,0
44885418.0,6032.0,1.0,0.6824951172,0.3175048828,0.5869140625,0.2982177734
44888386.0,2968.0,0.0,11.109375,-12.26953125,-1.83984375,0
44898418.0,10032.0,1.0,0.7026367188,0.3069458008,0.5736083984,0.288269043
44901386.0,2968.0,0.0,9.61328125,-10.2578125,-1.55078125,0
44905418.0,4032.0,1.0,0.721496582,0.2965087891,0.5612182617,0.2767944336
44908386.0,2968.0,0.0,8.6953125,-9.41796875,-2.1484375,0
44916418.0,8032.0,1.0,0.7393798828,0.2861938477,0.5494384766,0.263671875
44919386.0,2968.0,0.0,7.97265625,-8.55078125,-2.22265625,0
44925418.0,6032.0,1.0,0.7551269531,0.2767944336,0.5390625,0.2501831055
44928386.0,2968.0,0.0,7.62109375,-7.3046875,-2.0234375,0
44935418.0,7032.0,1.0,0.7698364258,0.2675170898,0.5292358398,0.2359619141
44938386.0,2968.0,0.0,7.8984375,-6.39453125,-1.79296875,0
44948418.0,10032.0,1.0,0.7825927734,0.2587890625,0.5205688477,0.2225952148
44951386.0,2968.0,0.0,8.046875,-5.76171875,-1.3828125,0
44958418.0,7032.0,1.0,0.7950439453,0.2493286133,0.5120239258,0.2087402344
44961386.0,2968.0,0.0,7.57421875,-5.76171875,-0.59375,0
44966418.0,5032.0,1.0,0.8064575195,0.2399291992,0.5040283203,0.1950683594
44969386.0,2968.0,0.0,6.625,-7.4453125,1.1875,0
44975418.0,6032.0,1.0,0.8168334961,0.2310180664,0.4965820313,0.1810302734
44978386.0,2968.0,0.0,6.671875,-7.8359375,1.765625,0
44985418.0,7032.0,1.0,0.8258666992,0.2233276367,0.4901123047,0.1668701172
44988386.0,2968.0,0.0,6.69921875,-7.85546875,1.5625,0
44996418.0,8032.0,1.0,0.8336181641,0.2170410156,0.4844360352,0.1525878906
44999386.0,2968.0,0.0,6.72265625,-7.3984375,1.3984375,0
45011418.0,12032.0,1.0,0.8399658203,0.2122802734,0.4797363281,0.1387939453
45016418.0,5000.0,1.0,0.8455810547,0.2084350586,0.4755249023,0.124206543
45018386.0,1968.0,0.0,6.625,-5.421875,1.67578125,0
45025418.0,7032.0,1.0,0.8505249023,0.2052612305,0.4716796875,0.1094970703
45028386.0,2968.0,0.0,6.1328125,-4.5625,1.65234375,0
45036418.0,8032.0,1.0,0.8545532227,0.2026367188,0.4684448242,0.0958862305
45039386.0,2968.0,0.0,5.828125,-3.77734375,1.3046875,0
45045418.0,6032.0,1.0,0.8579711914,0.2003173828,0.4656982422,0.082824707
45048386.0,2968.0,0.0,5.36328125,-2.40234375,0.34765625,0
45055418.0,7032.0,1.0,0.8607788086,0.1983032227,0.4634399414,0.0706176758
45058386.0,2968.0,0.0,5.078125,-1.79296875,-0.05078125,0
45066418.0,8032.0,1.0,0.8630371094,0.1964111328,0.4616699219,0.0590820312
45069386.0,2968.0,0.0,4.84375,-1.74609375,-0.375,0
45075418.0,6032.0,1.0,0.8647460938,0.1947021484,0.4603881836,0.0482177734
45078386.0,2968.0,0.0,4.69140625,-2.4921875,-0.55859375,0
45090418.0,12032.0,1.0,0.8659667969,0.1935424805,0.4595947266,0.037902832
45094386.0,3968.0,0.0,4.8203125,-2.14453125,-0.78125,0
45097418.0,3032.0,1.0,0.8666992188,0.1930541992,0.4591064453,0.0276489258
45100386.0,2968.0,0.0,4.8515625,-2.04296875,-0.796875,0
45106418.0,6032.0,1.0,0.8670043945,0.1931762695,0.4590454102,0.0171508789
45109386.0,2968.0,0.0,4.69140625,-0.80859375,-0.99609375,0
45115418.0,6032.0,1.0,0.8670043945,0.1931762695,0.4592895508,0.0078735352
45118386.0,2968.0,0.0,3.6875,0.5859375,-1.41015625,0
45125418.0,7032.0,1.0,0.8668212891,0.192565918,0.4599609375,-0.0009155273
45128386.0,2968.0,0.0,3.3046875,0.59765625,-1.6328125,0
45135418.0,7032.0,1.0,0.8664550781,0.1916503906,0.4608764648,-0.0086669922
45139386.0,3968.0,0.0,3.0234375,0.53515625,-1.81640625,0
45145418.0,6032.0,1.0,0.8659057617,0.1907348633,0.4621582031,-0.0160522461
45148386.0,2968.0,0.0,2.984375,0.390625,-2.26171875,0
45155418.0,7032.0,1.0,0.8650512695,0.190246582,0.4636230469,-0.0227661133
45158386.0,2968.0,0.0,2.56640625,-0.07421875,-2.62109375,0
45165418.0,7032.0,1.0,0.8638916016,0.1900634766,0.4655151367,-0.0297241211
45168386.0,2968.0,0.0,2.640625,0.50390625,-2.703125,0
45175418.0,7032.0,1.0,0.862487793,0.1900024414,0.4676513672,-0.035949707
45178386.0,2968.0,0.0,2.94140625,0.6796875,-3.125,0
45186418.0,8032.0,1.0,0.8609619141,0.1898193359,0.4700317383,-0.0414428711
45189386.0,2968.0,0.0,3.09375,0.47265625,-3.0390625,0
45196418.0,7032.0,1.0,0.8592529297,0.1895751953,0.4728393555,-0.0465087891
45199386.0,2968.0,0.0,3.2578125,0.15234375,-2.92578125,0
45205418.0,6032.0,1.0,0.8574829102,0.1893920898,0.4757080078,-0.0508422852
45208386.0,2968.0,0.0,3.13671875,-0.02734375,-3.0625,0
45215418.0,7032.0,1.0,0.85546875,0.1892700195,0.4788818359,-0.0548095703
45218386.0,2968.0,0.0,2.6015625,0.33203125,-3.234375,0
45227418.0,9032.0,1.0,0.8536376953,0.1892089844,0.4818115234,-0.0581665039
45230386.0,2968.0,0.0,1.87109375,0.71484375,-3.35546875,0
45238418.0,8032.0,1.0,0.8516845703,0.1890258789,0.4849243164,-0.0612182617
45241386.0,2968.0,0.0,1.09765625,1.4140625,-3.5703125,0
45245418.0,4032.0,1.0,0.8498535156,0.188659668,0.4879150391,-0.0637207031
45248386.0,2968.0,0.0,0.79296875,1.4921875,-3.82421875,0
45256418.0,8032.0,1.0,0.8480224609,0.1882324219,0.491027832,-0.0659790039
45259386.0,2968.0,0.0,0.1796875,1.33984375,-3.30859375,0
45266418.0,7032.0,1.0,0.8462524414,0.1878051758,0.4939575195,-0.0676879883
45269386.0,2968.0,0.0,-1.203125,1.0234375,-3.55859375,0
45275418.0,6032.0,1.0,0.8444824219,0.1872558594,0.4969482422,-0.0690917969
45278386.0,2968.0,0.0,-2.4140625,0.64453125,-3.53515625,0
45285418.0,7032.0,1.0,0.8427734375,0.1866455078,0.5,-0.0700683594
45288386.0,2968.0,0.0,-3.6484375,-0.24609375,-2.984375,0
45296418.0,8032.0,1.0,0.8409423828,0.1861572266,0.5030517578,-0.0708618164
45299386.0,2968.0,0.0,-4.65234375,-0.94921875,-2.19921875,0
45305418.0,6032.0,1.0,0.8391113281,0.1861572266,0.5061035156,-0.0715942383
45308386.0,2968.0,0.0,-4.12109375,-1.31640625,-2.0625,0
45316418.0,8032.0,1.0,0.8370361328,0.1868286133,0.5091552734,-0.0725097656
45319386.0,2968.0,0.0,-2.98046875,-1.30078125,-2.55859375,0
45325418.0,6032.0,1.0,0.8347167969,0.188293457,0.5122070313,-0.0736694336
45328386.0,2968.0,0.0,-1.9921875,-1.41796875,-2.14453125,0
45336418.0,8032.0,1.0,0.8321533203,0.1904296875,0.5153808594,-0.0750732422
45339386.0,2968.0,0.0,-1.4296875,-1.5,-1.7890625,0
45345418.0,6032.0,1.0,0.8295898438,0.1927490234,0.5184936523,-0.0765380859
45348386.0,2968.0,0.0,-0.6328125,-0.0234375,-2.9375,0
45355418.0,7032.0,1.0,0.8266601563,0.1949462891,0.5219726563,-0.0780639648
45358386.0,2968.0,0.0,-0.91015625,0.484375,-2.96484375,0
45366418.0,8032.0,1.0,0.8237915039,0.1965332031,0.5257568359,-0.0793457031
45369386.0,2968.0,0.0,-1.59765625,0.63671875,-2.78515625,0
45376418.0,7032.0,1.0,0.8209838867,0.1973266602,0.5296630859,-0.0802612305
45379386.0,2968.0,0.0,-1.7578125,1.03515625,-2.69921875,0
45386418.0,7032.0,1.0,0.8181762695,0.1973876953,0.5339355469,-0.080871582
45389386.0,2968.0,0.0,-1.87109375,1.7421875,-3.94921875,0
45396418.0,7032.0,1.0,0.8154907227,0.1968994141,0.5380859375,-0.0813598633
45399386.0,2968.0,0.0,-2.40625,2.65234375,-3.75390625,0
45406418.0,7032.0,1.0,0.8128051758,0.1961669922,0.5423583984,-0.0817260742
45409386.0,2968.0,0.0,-3.296875,2.609375,-3.77734375,0
45416418.0,7032.0,1.0,0.8101196289,0.1954345703,0.5465698242,-0.0820922852
45419386.0,2968.0,0.0,-3.83203125,2.21875,-3.30859375,0
45426418.0,7032.0,1.0,0.8073730469,0.1950073242,0.5507202148,-0.0825195313
45429386.0,2968.0,0.0,-2.765625,1.2890625,-2.1796875,0
45436418.0,7032.0,1.0,0.8044433594,0.1948242188,0.5549926758,-0.0830078125
45440386.0,3968.0,0.0,-1.76953125,0.5859375,-1.77734375,0
45446418.0,6032.0,1.0,0.8014526367,0.1951293945,0.5591430664,-0.0835571289
45449386.0,2968.0,0.0,-1.0390625,-0.0859375,-1.30078125,0
45456418.0,7032.0,1.0,0.7982177734,0.1959228516,0.5633544922,-0.0842895508
45459386.0,2968.0,0.0,-0.6328125,0.04296875,-1.62109375,0
45466418.0,7032.0,1.0,0.7948608398,0.1970825195,0.567565918,-0.085144043
45469386.0,2968.0,0.0,-1.12890625,0.44140625,-3.08984375,0
45475418.0,6032.0,1.0,0.7914428711,0.198425293,0.5717163086,-0.0859375
45478386.0,2968.0,0.0,-1.8671875,0.2109375,-3.171875,0
45486418.0,8032.0,1.0,0.7880249023,0.1997680664,0.5758666992,-0.0866088867
45489386.0,2968.0,0.0,-2.90625,0.1875,-3.36328125,0
45496418.0,7032.0,1.0,0.7846679688,0.2012329102,0.5798339844,-0.0870361328
45499386.0,2968.0,0.0,-4.8828125,-1.3046875,-3.84375,0
45506418.0,7032.0,1.0,0.78125,0.2030029297,0.5837402344,-0.0875244141
45509386.0,2968.0,0.0,-5.234375,-1.12109375,-4.22265625,0
45516418.0,7032.0,1.0,0.7778930664,0.2052612305,0.5873413086,-0.0881347656
45519386.0,2968.0,0.0,-4.76171875,-1.05078125,-4.54296875,0
45526418.0,7032.0,1.0,0.7746582031,0.207824707,0.5905761719,-0.0889892578
45529386.0,2968.0,0.0,-3.6640625,-0.83203125,-4.48046875,0
45535418.0,6032.0,1.0,0.7714233398,0.2107543945,0.5936279297,-0.0900268555
45538386.0,2968.0,0.0,-1.45703125,-1.10546875,-3.19921875,0
45546418.0,8032.0,1.0,0.7679443359,0.2138671875,0.5968017578,-0.0911865234
45549386.0,2968.0,0.0,-0.90625,0.37109375,-3.08984375,0
45556418.0,7032.0,1.0,0.7646484375,0.2164306641,0.6000366211,-0.0920410156
45559386.0,2968.0,0.0,-1.45703125,0.7109375,-3.44921875,0
45566418.0,7032.0,1.0,0.7615356445,0.2183837891,0.6031494141,-0.0926513672
45569386.0,2968.0,0.0,-2.0234375,0.77734375,-4.1875,0
45576418.0,7032.0,1.0,0.7585449219,0.219909668,0.6063232422,-0.0930786133
45579386.0,2968.0,0.0,-2.62109375,0.47265625,-2.953125,0
45586418.0,7032.0,1.0,0.7557983398,0.2213134766,0.6091308594,-0.0935668945
45589386.0,2968.0,0.0,-2.40625,0.05078125,-2.5234375,0
45596418.0,7032.0,1.0,0.7529907227,0.2229003906,0.6118774414,-0.0942993164
45599386.0,2968.0,0.0,-1.77734375,0.90234375,-2.28515625,0
45606418.0,7032.0,1.0,0.7501220703,0.2244873047,0.6146850586,-0.0952148438
45609386.0,2968.0,0.0,-1.42578125,1.4765625,-1.9609375,0
45616418.0,7032.0,1.0,0.7473144531,0.2260131836,0.6174316406,-0.0960083008
45619386.0,2968.0,0.0,-1.8359375,1.4453125,-1.53125,0
45629418.0,10032.0,1.0,0.7445068359,0.2272949219,0.6201782227,-0.0967407227
45632386.0,2968.0,0.0,-2.390625,1.796875,-1.0625,0
45639418.0,7032.0,1.0,0.7415161133,0.2286376953,0.6232299805,-0.0973510742
45642386.0,2968.0,0.0,-2.2265625,1.0390625,-1.55078125,0
45646418.0,4032.0,1.0,0.7387084961,0.2298583984,0.6260375977,-0.0978393555
45649386.0,2968.0,0.0,-1.98828125,1.4609375,-2.69140625,0
45656418.0,7032.0,1.0,0.7360229492,0.2309570313,0.6287231445,-0.0982666016
45659386.0,2968.0,0.0,-1.24609375,1.5078125,-2.83203125,0
45666418.0,7032.0,1.0,0.7333984375,0.2320556641,0.6313476563,-0.0985717773
45669386.0,2968.0,0.0,-0.28125,1.4375,-2.06640625,0
45676418.0,7032.0,1.0,0.7308349609,0.2330932617,0.6338500977,-0.0988769531
45679386.0,2968.0,0.0,0.30859375,0.671875,-0.953125,0
45686418.0,7032.0,1.0,0.7282104492,0.2344360352,0.6363525391,-0.0991210938
45689386.0,2968.0,0.0,0.578125,-0.78515625,-0.37890625,0
45696418.0,7032.0,1.0,0.7253417969,0.2362060547,0.6389160156,-0.0993652344
45699386.0,2968.0,0.0,-0.41015625,-0.4765625,-1.1328125,0
45706418.0,7032.0,1.0,0.7224731445,0.2383422852,0.6413574219,-0.0995483398
45709386.0,2968.0,0.0,-1.015625,-0.41015625,-1.4296875,0
45716418.0,7032.0,1.0,0.7196044922,0.2408447266,0.6436157227,-0.0997314453
45719386.0,2968.0,0.0,-1.015625,-0.234375,-1.109375,0
45725418.0,6032.0,1.0,0.716796875,0.243347168,0.6457519531,-0.0998535156
45728386.0,2968.0,0.0,-0.05859375,-1.0546875,0.12109375,0
45736418.0,8032.0,1.0,0.7137451172,0.2462158203,0.6480712891,-0.0999755859
45739386.0,2968.0,0.0,0.01953125,-0.609375,0.328125,0
45746418.0,7032.0,1.0,0.7106323242,0.248840332,0.6504516602,-0.1000366211
45749386.0,2968.0,0.0,-0.06640625,0.140625,0.3359375,0
45756418.0,7032.0,1.0,0.7076416016,0.2509765625,0.6528930664,-0.0999755859
45759386.0,2968.0,0.0,-0.13671875,0.546875,-0.3359375,0
45766418.0,7032.0,1.0,0.7047729492,0.2526855469,0.6553955078,-0.0996704102
45769386.0,2968.0,0.0,0.78515625,1.11328125,-2.05859375,0
45776418.0,7032.0,1.0,0.7022094727,0.2536621094,0.6578369141,-0.0992431641
45779386.0,2968.0,0.0,1.12890625,0.8828125,-1.625,0
45786418.0,7032.0,1.0,0.6995849609,0.2542114258,0.6604614258,-0.0986328125
45789386.0,2968.0,0.0,1.28125,0.81640625,-0.55078125,0
45796418.0,7032.0,1.0,0.6969604492,0.2544555664,0.6632080078,-0.0979003906
45799386.0,2968.0,0.0,0.9296875,1.15234375,0.1015625,0
45806418.0,7032.0,1.0,0.6943359375,0.2543945313,0.6661376953,-0.0971069336
45809386.0,2968.0,0.0,0.01953125,1.89453125,-0.2890625,0
45816418.0,7032.0,1.0,0.6917724609,0.2540283203,0.6690673828,-0.0963134766
45819386.0,2968.0,0.0,-0.2890625,1.60546875,-0.546875,0
45826418.0,7032.0,1.0,0.6892089844,0.2533569336,0.6720581055,-0.0955200195
45829386.0,2968.0,0.0,-0.48046875,1.3828125,-0.5859375,0
45836418.0,7032.0,1.0,0.686706543,0.2525024414,0.6750488281,-0.0947265625
45839386.0,2968.0,0.0,0.28515625,0.91015625,-0.4375,0
45846418.0,7032.0,1.0,0.6842041016,0.2515258789,0.6780395508,-0.0939331055
45849386.0,2968.0,0.0,0.24609375,1.16015625,-0.0546875,0
45856418.0,7032.0,1.0,0.6817016602,0.2504882813,0.6810302734,-0.0932006836
45860386.0,3968.0,0.0,0.0546875,1.9375,0.79296875,0
45866418.0,6032.0,1.0,0.6790771484,0.2495117188,0.6841430664,-0.0922851563
45869386.0,2968.0,0.0,-0.59375,1.23046875,1.4375,0
45876418.0,7032.0,1.0,0.6763305664,0.2486572266,0.6873168945,-0.0913696289
45879386.0,2968.0,0.0,-1.98046875,1.140625,0.75,0
45891418.0,12032.0,1.0,0.6737060547,0.2479858398,0.690246582,-0.0904541016
45895386.0,3968.0,0.0,-1.359375,-0.19140625,-0.9375,0
45898418.0,3032.0,1.0,0.6709594727,0.2474975586,0.6932373047,-0.0894165039
45901386.0,2968.0,0.0,-0.71875,-0.68359375,-1.31640625,0
45906418.0,5032.0,1.0,0.6680297852,0.247253418,0.6962280273,-0.0883178711
45909386.0,2968.0,0.0,-0.7265625,-0.67578125,-1.23828125,0
45916418.0,7032.0,1.0,0.6653442383,0.2473144531,0.6989746094,-0.0873413086
45919386.0,2968.0,0.0,0.609375,-0.55078125,0.1875,0
45926418.0,7032.0,1.0,0.6622314453,0.2474975586,0.701965332,-0.0861816406
45929386.0,2968.0,0.0,0.484375,0.05078125,0.609375,0
45936418.0,7032.0,1.0,0.6593017578,0.2477416992,0.7047729492,-0.0849609375
45939386.0,2968.0,0.0,0.35546875,0.09765625,1.1171875,0
45946418.0,7032.0,1.0,0.6563110352,0.2479248047,0.7077026367,-0.0836181641
45949386.0,2968.0,0.0,-0.07421875,0.16796875,1.12109375,0
45956418.0,7032.0,1.0,0.653503418,0.2479248047,0.7104492188,-0.08203125
45959386.0,2968.0,0.0,-0.16015625,-0.40625,0.59375,0
45966418.0,7032.0,1.0,0.6505126953,0.2478637695,0.7133789063,-0.0802001953
45969386.0,2968.0,0.0,0.74609375,-1.21875,0.82421875,0
45976418.0,7032.0,1.0,0.647644043,0.2476806641,0.7163085938,-0.0783081055
45979386.0,2968.0,0.0,0.73046875,-1.296875,1.25390625,0
45986418.0,7032.0,1.0,0.6445922852,0.2475585938,0.7192993164,-0.0762939453
45989386.0,2968.0,0.0,0.25390625,-0.8515625,0.796875,0
45996418.0,7032.0,1.0,0.6416015625,0.2473144531,0.7222290039,-0.0743408203
45999386.0,2968.0,0.0,-0.453125,-0.24609375,-0.2734375,0
46006418.0,7032.0,1.0,0.638671875,0.2468261719,0.7252197266,-0.0723266602
46009386.0,2968.0,0.0,-1.08203125,-0.171875,-1.109375,0
46016418.0,7032.0,1.0,0.6358032227,0.2459106445,0.7282104492,-0.0701904297
46019386.0,2968.0,0.0,-0.63671875,0.01953125,-1.53515625,0
46026418.0,7032.0,1.0,0.6331787109,0.2445068359,0.7312011719,-0.0678710938
46029386.0,2968.0,0.0,-0.421875,0.05859375,-0.578125,0
46036418.0,7032.0,1.0,0.6306762695,0.2425537109,0.7343139648,-0.0651855469
46039386.0,2968.0,0.0,0.63671875,0.16796875,0.4140625,0
46046418.0,7032.0,1.0,0.6282348633,0.2400512695,0.7374267578,-0.0623168945
46049386.0,2968.0,0.0,1.69140625,-0.4375,1.28125,0
46056418.0,7032.0,1.0,0.6257324219,0.2372436523,0.7407226563,-0.0592041016
46059386.0,2968.0,0.0,2.06640625,-0.23828125,1.54296875,0
46066418.0,7032.0,1.0,0.6231689453,0.234375,0.7440185547,-0.0560302734
46069386.0,2968.0,0.0,0.94140625,0.2578125,0.73046875,0
46076418.0,7032.0,1.0,0.6205444336,0.231628418,0.7473754883,-0.0527954102
46079386.0,2968.0,0.0,-0.26171875,0.02734375,0.1875,0
46086418.0,7032.0,1.0,0.6178588867,0.2291259766,0.7505493164,-0.0497436523
46089386.0,2968.0,0.0,-1.43359375,-0.23828125,-0.5859375,0
46096418.0,7032.0,1.0,0.6152954102,0.2269897461,0.7534790039,-0.0468139648
46099386.0,2968.0,0.0,-2.1875,0.328125,-0.97265625,0
46111418.0,12032.0,1.0,0.6128540039,0.2252807617,0.7561035156,-0.044128418
46115386.0,3968.0,0.0,0.01953125,-0.4453125,0.0078125,0
46118418.0,3032.0,1.0,0.6102294922,0.2239379883,0.7587890625,-0.0413818359
46121386.0,2968.0,0.0,0.00390625,-0.453125,0.078125,0
46126418.0,5032.0,1.0,0.6072998047,0.2229003906,0.7615966797,-0.0385131836
46129386.0,2968.0,0.0,1.046875,-0.9296875,1.06640625,0
46136418.0,7032.0,1.0,0.6043701172,0.2222900391,0.7641601563,-0.035949707
46139386.0,2968.0,0.0,1.59765625,-1.0234375,1.71484375,0
46146418.0,7032.0,1.0,0.6014404297,0.2220458984,0.7667236328,-0.0334472656
46149386.0,2968.0,0.0,1.06640625,0.45703125,2.48046875,0
46156418.0,7032.0,1.0,0.5982055664,0.2221069336,0.7693481445,-0.0308227539
46159386.0,2968.0,0.0,0.69921875,-0.4921875,2.25390625,0
46166418.0,7032.0,1.0,0.594909668,0.2225952148,0.7718505859,-0.0283813477
46169386.0,2968.0,0.0,-0.18359375,-0.40234375,1.3359375,0
46176418.0,7032.0,1.0,0.5916137695,0.2233276367,0.774230957,-0.0259399414
46179386.0,2968.0,0.0,-1.39453125,0.02734375,-0.35546875,0
46186418.0,7032.0,1.0,0.5883789063,0.2244262695,0.7764892578,-0.0234375
46189386.0,2968.0,0.0,-2.3984375,-1.0390625,-1.53515625,0
46196418.0,7032.0,1.0,0.5852050781,0.2256469727,0.7785644531,-0.0208740234
46200386.0,3968.0,0.0,-2.3125,-0.6953125,-0.69921875,0
46206418.0,6032.0,1.0,0.5820922852,0.2268676758,0.7806396484,-0.0182495117
46209386.0,2968.0,0.0,-1.50390625,-0.84765625,0.13671875,0
46216418.0,7032.0,1.0,0.578918457,0.2279663086,0.7827148438,-0.0154418945
46219386.0,2968.0,0.0,0.296875,-1.578125,1.9296875,0
46226418.0,7032.0,1.0,0.5758056641,0.2288818359,0.7847900391,-0.0125732422
46229386.0,2968.0,0.0,0.5625,-1.6953125,1.6171875,0
46236418.0,7032.0,1.0,0.5726318359,0.2295532227,0.7869262695,-0.009765625
46240386.0,3968.0,0.0,0.02734375,-1.07421875,1.16015625,0
46246418.0,6032.0,1.0,0.5695800781,0.2298583984,0.7891235352,-0.0068969727
46249386.0,2968.0,0.0,-0.31640625,-0.72265625,0.609375,0
46256418.0,7032.0,1.0,0.5665283203,0.2299194336,0.7913208008,-0.00390625
46259386.0,2968.0,0.0,-0.47265625,-1.3671875,0.7578125,0
46266418.0,7032.0,1.0,0.5635375977,0.229675293,0.7935180664,-0.0009155273
46269386.0,2968.0,0.0,-1.078125,-1.51171875,0.4765625,0
46276418.0,7032.0,1.0,0.5604248047,0.2292480469,0.7958374023,0.0021362305
46280386.0,3968.0,0.0,-1.26953125,-1.16015625,-0.0390625,0
46286418.0,6032.0,1.0,0.557434082,0.2286987305,0.7980957031,0.0052490234
46289386.0,2968.0,0.0,-0.95703125,-0.9609375,-0.43359375,0
46296418.0,7032.0,1.0,0.5546264648,0.2280273438,0.8002319336,0.0082397461
46299386.0,2968.0,0.0,0.390625,-1.0625,1.23828125,0
46311418.0,12032.0,1.0,0.5516357422,0.2271118164,0.8024902344,0.0114135742
46315386.0,3968.0,0.0,0.2734375,-0.51171875,0.9921875,0
46318418.0,3032.0,1.0,0.5485839844,0.2260131836,0.8048095703,0.014465332
46321386.0,2968.0,0.0,-0.71484375,-0.2265625,0.7890625,0
46326418.0,5032.0,1.0,0.5455932617,0.2247924805,0.8071899414,0.0176391602
46329386.0,2968.0,0.0,-0.75390625,-0.2421875,0.84375,0
46336418.0,7032.0,1.0,0.5427856445,0.2235107422,0.8093261719,0.0206298828
46339386.0,2968.0,0.0,-1.44140625,0.15625,0.94140625,0
46346418.0,7032.0,1.0,0.5397949219,0.2219238281,0.8116455078,0.0241699219
46349386.0,2968.0,0.0,-2.171875,0.0859375,1.49609375,0
46356418.0,7032.0,1.0,0.5369262695,0.2204589844,0.8138427734,0.0279541016
46359386.0,2968.0,0.0,-2.546875,-0.09765625,1.50390625,0
46366418.0,7032.0,1.0,0.5339355469,0.2192993164,0.8159790039,0.0321044922
46369386.0,2968.0,0.0,-2.47265625,0.3203125,1.17578125,0
46376418.0,7032.0,1.0,0.5308837891,0.2185668945,0.8179931641,0.036315918
46379386.0,2968.0,0.0,-2.7109375,1.61328125,0.5859375,0
46386418.0,7032.0,1.0,0.5277709961,0.2183837891,0.8198242188,0.0403442383
46389386.0,2968.0,0.0,-2.71875,1.3671875,0.86328125,0
46396418.0,7032.0,1.0,0.5245361328,0.2189331055,0.8215942383,0.0438842773
46399386.0,2968.0,0.0,-2.3828125,0.671875,1.34765625,0
46406418.0,7032.0,1.0,0.5211181641,0.2201538086,0.8233032227,0.046875
46409386.0,2968.0,0.0,-2.66796875,-0.02734375,1.6796875,0
46416418.0,7032.0,1.0,0.5174560547,0.2219238281,0.8249511719,0.0493774414
46419386.0,2968.0,0.0,-3.37109375,0.01953125,1.28125,0
46426418.0,7032.0,1.0,0.5137329102,0.2241210938,0.8265380859,0.0516967773
46429386.0,2968.0,0.0,-3.734375,-0.41015625,0.81640625,0
46437418.0,8032.0,1.0,0.5099487305,0.2267456055,0.8280639648,0.0539550781
46440386.0,2968.0,0.0,-3.48046875,-0.421875,0.50390625,0
46446418.0,6032.0,1.0,0.5060424805,0.229675293,0.8294067383,0.0562744141
46449386.0,2968.0,0.0,-3.5078125,-0.12109375,0.9921875,0
46456418.0,7032.0,1.0,0.5021362305,0.2330932617,0.8306884766,0.0587158203
46459386.0,2968.0,0.0,-4.17578125,-0.1015625,0.94921875,0
46466418.0,7032.0,1.0,0.4981689453,0.2368774414,0.8318481445,0.0611572266
46469386.0,2968.0,0.0,-4.6640625,-0.546875,1.08984375,0
46477418.0,8032.0,1.0,0.4942016602,0.2412109375,0.832824707,0.0634765625
46480386.0,2968.0,0.0,-4.7265625,-1.25390625,1.3125,0
46486418.0,6032.0,1.0,0.4902954102,0.2459106445,0.8335571289,0.0654296875
46489386.0,2968.0,0.0,-5.296875,-1.69921875,1.421875,0
46496418.0,7032.0,1.0,0.4859008789,0.2516479492,0.8342895508,0.0671386719
46499386.0,2968.0,0.0,-5.55859375,-2.10546875,1.56640625,0
46509418.0,10032.0,1.0,0.4816894531,0.2575683594,0.8348388672,0.068359375
46512386.0,2968.0,0.0,-5.7890625,-2.06640625,1.5703125,0
46519418.0,7032.0,1.0,0.4771118164,0.2642822266,0.8352661133,0.0692749023
46522386.0,2968.0,0.0,-6.05078125,-1.5078125,1.6875,0
46526418.0,4032.0,1.0,0.47265625,0.2711791992,0.8355712891,0.0699462891
46529386.0,2968.0,0.0,-6.47265625,-0.796875,2.1015625,0
46536418.0,7032.0,1.0,0.4680175781,0.2787475586,0.8356323242,0.0706176758
46539386.0,2968.0,0.0,-6.62890625,-0.69921875,1.765625,0
46546418.0,7032.0,1.0,0.4635009766,0.2866210938,0.8354492188,0.0712280273
46549386.0,2968.0,0.0,-6.5625,0.2109375,1.30078125,0
46557418.0,8032.0,1.0,0.458984375,0.294921875,0.8349609375,0.0716552734
46560386.0,2968.0,0.0,-6.21875,0.84765625,0.7734375,0
46566418.0,6032.0,1.0,0.4544677734,0.3040161133,0.8341674805,0.0720214844
46569386.0,2968.0,0.0,-6.765625,4.76953125,-2.10546875,0
46576418.0,7032.0,1.0,0.4500732422,0.3137817383,0.8328857422,0.0725708008
46579386.0,2968.0,0.0,-7.2421875,7.65625,-4.59375,0
46586418.0,7032.0,1.0,0.4463500977,0.3237304688,0.8309326172,0.0740966797
46589386.0,2968.0,0.0,-7.59375,8.98828125,-6.6875,0
46596418.0,7032.0,1.0,0.4437255859,0.3338623047,0.8280639648,0.0771484375
46599386.0,2968.0,0.0,-10.79296875,12.43359375,-7.06640625,0
46606418.0,7032.0,1.0,0.4424438477,0.3436889648,0.82421875,0.0823364258
46609386.0,2968.0,0.0,-11.60546875,14.15234375,-7.86328125,0
46616418.0,7032.0,1.0,0.4428710938,0.3525390625,0.8193359375,0.0906982422
46619386.0,2968.0,0.0,-11.9765625,15.25,-7.20703125,0
46628418.0,9032.0,1.0,0.4453735352,0.3596801758,0.8134155273,0.1030883789
46631386.0,2968.0,0.0,-11.9140625,16.3515625,-7.22265625,0
46638418.0,7032.0,1.0,0.450012207,0.3650512695,0.8060913086,0.1202392578
46641386.0,2968.0,0.0,-9.95703125,10.48828125,-5.11328125,0
46646418.0,5032.0,1.0,0.4559936523,0.3696899414,0.7971801758,0.1408691406
46649386.0,2968.0,0.0,-9.19921875,0.9453125,-1.453125,0
46656418.0,7032.0,1.0,0.4602050781,0.3768920898,0.7884521484,0.1564941406
46659386.0,2968.0,0.0,-7.42578125,-9.55859375,0.640625,0
46666418.0,7032.0,1.0,0.4625244141,0.3885498047,0.7796630859,0.1651611328
46669386.0,2968.0,0.0,-5.296875,-3.640625,0.546875,0
46676418.0,7032.0,1.0,0.467956543,0.3983154297,0.7693481445,0.174621582
46679386.0,2968.0,0.0,-1.9140625,18.91015625,-5.1328125,0
46686418.0,7032.0,1.0,0.4809570313,0.4022216797,0.7548217773,0.1927490234
46689386.0,2968.0,0.0,-2.0390625,23.09375,-15.06640625,0
46696418.0,7032.0,1.0,0.5014038086,0.3970336914,0.7366943359,0.2196044922
46699386.0,2968.0,0.0,1.203125,22.03515625,-17.640625,0
46708418.0,9032.0,1.0,0.5274658203,0.3837280273,0.7153930664,0.2506103516
46711386.0,2968.0,0.0,6.13671875,5.71484375,-17.53125,0
46719418.0,8032.0,1.0,0.5548706055,0.3677978516,0.6926879883,0.2774658203
46722386.0,2968.0,0.0,5.1796875,-17.8203125,-9.12109375,0
46726418.0,4032.0,1.0,0.5805664063,0.3540039063,0.6713256836,0.2947998047
46729386.0,2968.0,0.0,0.91796875,-19.76171875,-1.0859375,0
46736418.0,7032.0,1.0,0.6046142578,0.3427734375,0.6518554688,0.3034667969
46739386.0,2968.0,0.0,-0.2421875,-18.3125,1.890625,0
46748418.0,9032.0,1.0,0.6264648438,0.3327636719,0.6347045898,0.3064575195
46751386.0,2968.0,0.0,2.48046875,-16.3671875,2.23828125,0
46759418.0,8032.0,1.0,0.6489868164,0.3216552734,0.6176757813,0.3062744141
46762386.0,2968.0,0.0,6.796875,-15.99609375,1.5546875,0
46766418.0,4032.0,1.0,0.6704101563,0.310546875,0.6019287109,0.3029785156
46769386.0,2968.0,0.0,8.16796875,-17.12109375,0.7265625,0
46776418.0,7032.0,1.0,0.6916503906,0.2994995117,0.586730957,0.2959594727
46779386.0,2968.0,0.0,9.3984375,-16.46484375,0.875,0
46786418.0,7032.0,1.0,0.7105712891,0.289855957,0.5736083984,0.2863769531
46789386.0,2968.0,0.0,10.3203125,-14.84375,0.453125,0
46796418.0,7032.0,1.0,0.7280883789,0.2807006836,0.5616455078,0.2749633789
46799386.0,2968.0,0.0,9.734375,-10.58984375,-0.79296875,0
46806418.0,7032.0,1.0,0.7439575195,0.2717285156,0.5509643555,0.2629394531
46809386.0,2968.0,0.0,9.0703125,-9.1953125,-1.7109375,0
46816418.0,7032.0,1.0,0.7593383789,0.2623901367,0.5405883789,0.2495727539
46819386.0,2968.0,0.0,8.23828125,-8.06640625,-1.96484375,0
46826418.0,7032.0,1.0,0.7734985352,0.2534179688,0.5309448242,0.2357177734
46829386.0,2968.0,0.0,6.6015625,-6.4140625,-1.72265625,0
46836418.0,7032.0,1.0,0.7861328125,0.244934082,0.522277832,0.2219848633
46839386.0,2968.0,0.0,6.00390625,-5.625,-1.4609375,0
46847418.0,8032.0,1.0,0.7971801758,0.2369384766,0.514465332,0.208984375
46850386.0,2968.0,0.0,5.4375,-5.109375,-1.2734375,0
46857418.0,7032.0,1.0,0.8082275391,0.2283325195,0.5064697266,0.1952514648
46860386.0,2968.0,0.0,4.7578125,-4.8515625,-0.60546875,0
46866418.0,6032.0,1.0,0.8178100586,0.2202758789,0.4993896484,0.1826171875
46869386.0,2968.0,0.0,4.3984375,-5.55859375,0.41015625,0
46876418.0,7032.0,1.0,0.8271484375,0.211730957,0.4922485352,0.1694335938
46879386.0,2968.0,0.0,4.5703125,-6.14453125,0.84375,0
46886418.0,7032.0,1.0,0.835144043,0.2041015625,0.4860839844,0.1568603516
46889386.0,2968.0,0.0,4.84765625,-6.78125,1.046875,0
46897418.0,8032.0,1.0,0.8420410156,0.1976928711,0.4807128906,0.1443481445
46900386.0,2968.0,0.0,5.34375,-7.0625,1.1484375,0
46906418.0,6032.0,1.0,0.84765625,0.1929321289,0.4762573242,0.1319580078
46909386.0,2968.0,0.0,5.765625,-5.87109375,1.68359375,0
46916418.0,7032.0,1.0,0.8527832031,0.1891479492,0.4721679688,0.1184692383
46919386.0,2968.0,0.0,5.5703125,-4.7265625,1.7734375,0
46929418.0,10032.0,1.0,0.8568115234,0.1864013672,0.4689331055,0.1058959961
46932386.0,2968.0,0.0,5.37109375,-3.83203125,1.87890625,0
46937418.0,5032.0,1.0,0.8603515625,0.1838989258,0.4660644531,0.0932617188
46940386.0,2968.0,0.0,4.78125,-2.98828125,1.953125,0
46946418.0,6032.0,1.0,0.8634643555,0.1814575195,0.4636230469,0.0808105469
46949386.0,2968.0,0.0,4.65234375,-2.87109375,1.5078125,0
46957418.0,8032.0,1.0,0.8659057617,0.1792602539,0.461730957,0.069519043
46960386.0,2968.0,0.0,4.63671875,-2.921875,0.87890625,0
46966418.0,6032.0,1.0,0.8678588867,0.1775512695,0.4602661133,0.0583496094
46969386.0,2968.0,0.0,4.58984375,-2.55078125,0.41796875,0
46977418.0,8032.0,1.0,0.8693237305,0.1762084961,0.4592895508,0.0477905273
46980386.0,2968.0,0.0,4.5390625,-1.89453125,0.12890625,0
46986418.0,6032.0,1.0,0.8703613281,0.174987793,0.4587402344,0.0377197266
46989386.0,2968.0,0.0,4.20703125,-1.17578125,-0.27734375,0
46996418.0,7032.0,1.0,0.8710327148,0.1737060547,0.4585571289,0.0280151367
46999386.0,2968.0,0.0,4.0859375,-1.1328125,-0.37109375,0
47007418.0,8032.0,1.0,0.8713989258,0.1725463867,0.4588012695,0.0189819336
47010386.0,2968.0,0.0,3.734375,-1.33984375,-0.44921875,0
47017418.0,7032.0,1.0,0.8714599609,0.1717529297,0.4593505859,0.0101318359
47020386.0,2968.0,0.0,3.15234375,-0.81640625,-1.13671875,0
47030418.0,10032.0,1.0,0.8711547852,0.1713256836,0.4600830078,0.0020751953
47033386.0,2968.0,0.0,3.10546875,-0.5390625,-1.55078125,0
47037418.0,4032.0,1.0,0.8706054688,0.1710205078,0.4612426758,-0.0067138672
47040386.0,2968.0,0.0,2.90234375,-0.34375,-1.796875,0
47047418.0,7032.0,1.0,0.869934082,0.1708374023,0.4624633789,-0.0138549805
47050386.0,2968.0,0.0,2.7421875,-0.03515625,-1.90234375,0
47056418.0,6032.0,1.0,0.8690795898,0.1705932617,0.4638671875,-0.0205688477
47059386.0,2968.0,0.0,2.46484375,0.26953125,-2.21484375,0
47066418.0,7032.0,1.0,0.867980957,0.1704101563,0.465637207,-0.0274658203
47069386.0,2968.0,0.0,2.58203125,0.49609375,-2.33984375,0
47077418.0,8032.0,1.0,0.8667602539,0.1702270508,0.467590332,-0.0337524414
47080386.0,2968.0,0.0,2.71875,0.48828125,-2.57421875,0
47087418.0,7032.0,1.0,0.8653564453,0.1701049805,0.4697265625,-0.0396728516
47090386.0,2968.0,0.0,2.75,0.4375,-2.53515625,0
47096418.0,6032.0,1.0,0.8638916016,0.1699829102,0.4719848633,-0.0447387695
47099386.0,2968.0,0.0,2.5234375,0.53515625,-2.3046875,0
47107418.0,8032.0,1.0,0.8621826172,0.1695556641,0.4747314453,-0.0497436523
47110386.0,2968.0,0.0,2.4453125,0.28515625,-1.9453125,0
47117418.0,7032.0,1.0,0.8604736328,0.169128418,0.4775390625,-0.053894043
47120386.0,2968.0,0.0,2.4375,0.03125,-1.9375,0
47127418.0,7032.0,1.0,0.8586425781,0.1689453125,0.4805297852,-0.0577392578
47130386.0,2968.0,0.0,2.35546875,-0.1796875,-2.07421875,0
47137418.0,7032.0,1.0,0.8566894531,0.1691894531,0.4834594727,-0.0612182617
47140386.0,2968.0,0.0,1.859375,-0.37109375,-2.96875,0
47147418.0,7032.0,1.0,0.854675293,0.1697998047,0.4863891602,-0.0643920898
47150386.0,2968.0,0.0,1.69140625,0.00390625,-3.37109375,0
47157418.0,7032.0,1.0,0.852722168,0.1705932617,0.4891967773,-0.0673217773
47160386.0,2968.0,0.0,1.60546875,0.34375,-3.42578125,0
47167418.0,7032.0,1.0,0.8507080078,0.1715087891,0.4919433594,-0.0698242188
47170386.0,2968.0,0.0,1.484375,0.625,-3.41015625,0
47177418.0,7032.0,1.0,0.8486938477,0.1724853516,0.4947509766,-0.0720214844
47180386.0,2968.0,0.0,0.671875,1.03125,-3.53125,0
47190418.0,10032.0,1.0,0.846862793,0.1733398438,0.4973754883,-0.0737915039
47193386.0,2968.0,0.0,-0.1171875,1.00390625,-3.54296875,0
47198418.0,5032.0,1.0,0.8447265625,0.1744384766,0.5003051758,-0.0754394531
47201386.0,2968.0,0.0,-0.9296875,1.27734375,-3.52734375,0
47207418.0,6032.0,1.0,0.8428955078,0.1753540039,0.5029296875,-0.0765991211
47210386.0,2968.0,0.0,-2.703125,1.8984375,-4.18359375,0
47217418.0,7032.0,1.0,0.841003418,0.1762084961,0.5056152344,-0.0775146484
47220386.0,2968.0,0.0,-3.6015625,1.5234375,-3.9296875,0
47227418.0,7032.0,1.0,0.8391723633,0.1768188477,0.5083618164,-0.078125
47230386.0,2968.0,0.0,-3.80859375,1.609375,-3.45703125,0
47237418.0,7032.0,1.0,0.8373413086,0.1773071289,0.5111694336,-0.0784301758
47240386.0,2968.0,0.0,-3.78515625,1.15625,-3.30859375,0
47246418.0,6032.0,1.0,0.8355102539,0.1776123047,0.5139770508,-0.0784912109
47249386.0,2968.0,0.0,-3.578125,0.55078125,-2.1796875,0
47257418.0,8032.0,1.0,0.8334350586,0.1779174805,0.5172729492,-0.0783081055
47260386.0,2968.0,0.0,-3.546875,0.359375,-1.6796875,0
47267418.0,7032.0,1.0,0.8313598633,0.1783447266,0.5205688477,-0.0780639648
47270386.0,2968.0,0.0,-3.24609375,0.3671875,-1.57421875,0
47277418.0,7032.0,1.0,0.8291015625,0.1789550781,0.5239257813,-0.0777587891
47280386.0,2968.0,0.0,-2.53125,0.17578125,-1.80078125,0
47286418.0,6032.0,1.0,0.8269042969,0.1797485352,0.5271606445,-0.0776367188
47289386.0,2968.0,0.0,-1.66796875,0.78125,-2.34375,0
47296418.0,7032.0,1.0,0.8244018555,0.180847168,0.5306396484,-0.0775756836
47299386.0,2968.0,0.0,-1.0625,0.66796875,-2.52734375,0
47307418.0,8032.0,1.0,0.8217773438,0.1821899414,0.5343017578,-0.0776367188
47310386.0,2968.0,0.0,-0.5703125,0.7421875,-2.44140625,0
47317418.0,7032.0,1.0,0.8190307617,0.1838989258,0.537902832,-0.0778808594
47320386.0,2968.0,0.0,-0.30859375,0.95703125,-2.57421875,0
47327418.0,7032.0,1.0,0.8161010742,0.1859130859,0.5415649414,-0.0782470703
47330386.0,2968.0,0.0,-1.28125,1.4375,-3.140625,0
47337418.0,7032.0,1.0,0.8131103516,0.1881103516,0.5452270508,-0.0785522461
47341386.0,3968.0,0.0,-1.90234375,1.73046875,-3.875,0
47347418.0,6032.0,1.0,0.8100585938,0.1904296875,0.5488891602,-0.078918457
47350386.0,2968.0,0.0,-3.02734375,2.01953125,-4.38671875,0
47357418.0,7032.0,1.0,0.8070068359,0.1928100586,0.5524902344,-0.079284668
47360386.0,2968.0,0.0,-3.68359375,2.38671875,-4.03125,0
47367418.0,7032.0,1.0,0.8039550781,0.1953125,0.5560302734,-0.0795898438
47370386.0,2968.0,0.0,-2.55078125,1.60546875,-2.4375,0
47377418.0,7032.0,1.0,0.80078125,0.1978759766,0.5596923828,-0.0797729492
47381386.0,3968.0,0.0,-1.80078125,0.86328125,-1.75390625,0
47387418.0,6032.0,1.0,0.7974853516,0.2005004883,0.5634155273,-0.0798339844
47390386.0,2968.0,0.0,-1.43359375,0.45703125,-1.7734375,0
47397418.0,7032.0,1.0,0.7941894531,0.2032470703,0.5670776367,-0.0798339844
47400386.0,2968.0,0.0,-2.48046875,-0.45703125,-2.73828125,0
47411418.0,11032.0,1.0,0.7909545898,0.2062988281,0.5704956055,-0.0798339844
47414386.0,2968.0,0.0,-3.34765625,-0.48046875,-3.515625,0
47418418.0,4032.0,1.0,0.7874145508,0.2100219727,0.5740356445,-0.080078125
47421386.0,2968.0,0.0,-4.05078125,-0.2890625,-3.8671875,0
47427418.0,6032.0,1.0,0.783996582,0.2139282227,0.5771484375,-0.0805664063
47430386.0,2968.0,0.0,-4.71484375,-0.7421875,-3.6796875,0
47437418.0,7032.0,1.0,0.7805786133,0.2180175781,0.5801391602,-0.0813598633
47440386.0,2968.0,0.0,-4.6640625,0.1015625,-3.9921875,0
47447418.0,7032.0,1.0,0.7769775391,0.2221069336,0.5833129883,-0.0823364258
47450386.0,2968.0,0.0,-3.95703125,0.4140625,-4.21875,0
47457418.0,7032.0,1.0,0.7736206055,0.2254638672,0.5863037109,-0.0833129883
47460386.0,2968.0,0.0,-3.51953125,0.58984375,-4.1953125,0
47467418.0,7032.0,1.0,0.7705078125,0.2279663086,0.5893554688,-0.0841064453
47470386.0,2968.0,0.0,-3.046875,0.8828125,-4.109375,0
47476418.0,6032.0,1.0,0.7677612305,0.229309082,0.5923461914,-0.0845947266
47479386.0,2968.0,0.0,-2.21875,0.8828125,-3.01953125,0
47487418.0,8032.0,1.0,0.7648925781,0.2297973633,0.5957641602,-0.0847167969
47490386.0,2968.0,0.0,-2.35546875,0.859375,-2.96484375,0
47497418.0,7032.0,1.0,0.7623901367,0.2296142578,0.5991210938,-0.0846557617
47500386.0,2968.0,0.0,-2.4921875,0.64453125,-2.6953125,0
47507418.0,7032.0,1.0,0.7599487305,0.2290649414,0.6024169922,-0.0845336914
47510386.0,2968.0,0.0,-2.9609375,1.5859375,-2.921875,0
47517418.0,7032.0,1.0,0.7575683594,0.2283935547,0.6055908203,-0.0847167969
47520386.0,2968.0,0.0,-2.33203125,1.50390625,-3.6953125,0
47527418.0,7032.0,1.0,0.7551879883,0.2279663086,0.6086425781,-0.0852661133
47530386.0,2968.0,0.0,-1.81640625,2.29296875,-3.1953125,0
47537418.0,7032.0,1.0,0.7529296875,0.2275390625,0.6115112305,-0.0859985352
47540386.0,2968.0,0.0,-1.10546875,2.39453125,-2.7421875,0
47547418.0,7032.0,1.0,0.7507324219,0.2268676758,0.6143798828,-0.0866088867
47550386.0,2968.0,0.0,-0.28515625,2.30859375,-2.17578125,0
47557418.0,7032.0,1.0,0.7485961914,0.2258300781,0.6173095703,-0.0867919922
47560386.0,2968.0,0.0,-0.8515625,1.3828125,-1.18359375,0
47567418.0,7032.0,1.0,0.7463989258,0.2249145508,0.620300293,-0.086730957
47570386.0,2968.0,0.0,-1.25,0.6015625,-0.9921875,0
47577418.0,7032.0,1.0,0.744140625,0.2243041992,0.6232299805,-0.0865478516
47580386.0,2968.0,0.0,-2.08203125,0.5859375,-0.69921875,0
47587418.0,7032.0,1.0,0.7419433594,0.2241821289,0.6259765625,-0.0864257813
47590386.0,2968.0,0.0,-2.59765625,0.3359375,-0.515625,0
47597418.0,7032.0,1.0,0.7396850586,0.224609375,0.6284179688,-0.0863037109
47600386.0,2968.0,0.0,-1.74609375,0.1796875,-0.7890625,0
47610418.0,10032.0,1.0,0.7374267578,0.2256469727,0.6307373047,-0.0863037109
47613386.0,2968.0,0.0,-0.97265625,0.10546875,-0.94140625,0
47618418.0,5032.0,1.0,0.7349243164,0.2274780273,0.6329956055,-0.0864868164
47621386.0,2968.0,0.0,-0.08984375,-0.1328125,-1.4765625,0
47627418.0,6032.0,1.0,0.732421875,0.2297363281,0.6350097656,-0.0866699219
47630386.0,2968.0,0.0,0.98046875,-0.9140625,-0.26171875,0
47637418.0,7032.0,1.0,0.729675293,0.2326660156,0.6370849609,-0.0868530273
47640386.0,2968.0,0.0,0.60546875,-1.13671875,0.21484375,0
47647418.0,7032.0,1.0,0.7268676758,0.2358398438,0.6391601563,-0.0869140625
47650386.0,2968.0,0.0,-0.23828125,-1.0078125,0.1015625,0
47657418.0,7032.0,1.0,0.7239990234,0.239074707,0.6411743164,-0.0867919922
47660386.0,2968.0,0.0,-1.04296875,-0.88671875,-0.2265625,0
47666418.0,6032.0,1.0,0.7213745117,0.2421264648,0.6430664063,-0.0865478516
47669386.0,2968.0,0.0,-1.5390625,-0.87109375,-0.953125,0
47677418.0,8032.0,1.0,0.7185058594,0.2451171875,0.6451416016,-0.0862426758
47680386.0,2968.0,0.0,-1.42578125,-0.7578125,-1.01953125,0
47687418.0,7032.0,1.0,0.7158203125,0.2478637695,0.6471557617,-0.0859375
47690386.0,2968.0,0.0,-1.1640625,0.0234375,-0.75,0
47697418.0,7032.0,1.0,0.7130737305,0.2501831055,0.6492919922,-0.0856933594
47700386.0,2968.0,0.0,-0.46484375,-0.328125,-0.98046875,0
47707418.0,7032.0,1.0,0.7103881836,0.2522583008,0.6514282227,-0.0855712891
47710386.0,2968.0,0.0,-0.08984375,0.765625,-0.94140625,0
47717418.0,7032.0,1.0,0.707824707,0.2537841797,0.6536254883,-0.0855102539
47721386.0,3968.0,0.0,0.28515625,0.75,-0.203125,0
47727418.0,6032.0,1.0,0.7052612305,0.2548217773,0.6560058594,-0.0853271484
47730386.0,2968.0,0.0,0.94140625,0.56640625,0.2109375,0
47737418.0,7032.0,1.0,0.7027587891,0.2552490234,0.6585693359,-0.0850830078
47740386.0,2968.0,0.0,0.94140625,1.11328125,0.16796875,0
47747418.0,7032.0,1.0,0.7004394531,0.255065918,0.6611328125,-0.0848388672
47750386.0,2968.0,0.0,1.2578125,1.81640625,-1.171875,0
47757418.0,7032.0,1.0,0.6982421875,0.2542724609,0.6638793945,-0.0844726563
47761386.0,3968.0,0.0,1.48828125,1.79296875,-1.421875,0
47767418.0,6032.0,1.0,0.696105957,0.2529296875,0.6666259766,-0.0841064453
47770386.0,2968.0,0.0,1.7265625,2.31640625,-1.0078125,0
47777418.0,7032.0,1.0,0.6939697266,0.2510986328,0.6696166992,-0.0834960938
47780386.0,2968.0,0.0,1.734375,2.046875,-0.6015625,0
47787418.0,7032.0,1.0,0.6919555664,0.2489013672,0.6726074219,-0.0825805664
47790386.0,2968.0,0.0,1.12890625,2.03515625,-0.30859375,0
47797418.0,7032.0,1.0,0.6900024414,0.2465209961,0.6756591797,-0.0814819336
47800386.0,2968.0,0.0,-0.296875,1.796875,0.2890625,0
47807418.0,7032.0,1.0,0.6880493164,0.244140625,0.6786499023,-0.080078125
47810386.0,2968.0,0.0,-1.36328125,1.515625,-0.03125,0
47817418.0,7032.0,1.0,0.6862182617,0.2421875,0.6813964844,-0.0786743164
47820386.0,2968.0,0.0,-0.75,-0.1171875,0.140625,0
47827418.0,7032.0,1.0,0.6842041016,0.2407836914,0.6840209961,-0.077331543
47830386.0,2968.0,0.0,0.16796875,-0.5625,0.77734375,0
47837418.0,7032.0,1.0,0.6820068359,0.2401733398,0.6865844727,-0.0761108398
47841386.0,3968.0,0.0,0.9375,-0.82421875,0.984375,0
47848418.0,7032.0,1.0,0.6797485352,0.2401733398,0.6889648438,-0.0748291016
47851386.0,2968.0,0.0,1.04296875,-1.25,1.140625,0
47859418.0,8032.0,1.0,0.6771850586,0.2405395508,0.6915283203,-0.073425293
47862386.0,2968.0,0.0,-0.07421875,-0.578125,1.5859375,0
47867418.0,5032.0,1.0,0.6744384766,0.2412109375,0.6940917969,-0.0717773438
47870386.0,2968.0,0.0,-1.04296875,-0.85546875,1.515625,0
47877418.0,7032.0,1.0,0.671875,0.2421264648,0.6964111328,-0.0702514648
47880386.0,2968.0,0.0,-1.5546875,-0.67578125,0.8984375,0
47887418.0,7032.0,1.0,0.6693115234,0.2432861328,0.6986694336,-0.0687255859
47890386.0,2968.0,0.0,-1.5625,-1.0078125,0.515625,0
47897418.0,7032.0,1.0,0.6666870117,0.2445678711,0.7008666992,-0.0672607422
47900386.0,2968.0,0.0,-0.62109375,-1.52734375,0.89453125,0
47907418.0,7032.0,1.0,0.6638793945,0.2459716797,0.703125,-0.0659179688
47910386.0,2968.0,0.0,-0.328125,-1.734375,1.01171875,0
47917418.0,7032.0,1.0,0.6610107422,0.2473144531,0.7055053711,-0.0645141602
47920386.0,2968.0,0.0,-0.1171875,-1.26171875,0.96484375,0
47927418.0,7032.0,1.0,0.6580810547,0.2484130859,0.7079467773,-0.0631103516
47930386.0,2968.0,0.0,0.09765625,-1.0859375,1.12109375,0
47937418.0,7032.0,1.0,0.6552734375,0.2489624023,0.7105102539,-0.0614624023
47940386.0,2968.0,0.0,-0.796875,-0.13671875,0.70703125,0
47947418.0,7032.0,1.0,0.6525878906,0.2489013672,0.7131958008,-0.0596313477
47950386.0,2968.0,0.0,-1.00390625,0.046875,-0.140625,0
47957418.0,7032.0,1.0,0.6500854492,0.2482299805,0.7158813477,-0.0575561523
47960386.0,2968.0,0.0,-0.4765625,-0.3125,-0.1171875,0
47967418.0,7032.0,1.0,0.647644043,0.2471313477,0.7186279297,-0.055480957
47970386.0,2968.0,0.0,-0.1484375,-0.19921875,1.1796875,0
47977418.0,7032.0,1.0,0.6451416016,0.2457885742,0.721496582,-0.0534667969
47980386.0,2968.0,0.0,-0.15625,0.078125,0.67578125,0
47987418.0,7032.0,1.0,0.6425170898,0.2443237305,0.7244262695,-0.051574707
47990386.0,2968.0,0.0,0.14453125,0.1171875,0.69921875,0
47997418.0,7032.0,1.0,0.6399536133,0.2427978516,0.727355957,-0.0497436523
48000386.0,2968.0,0.0,0.43359375,-0.21875,1.0078125,0
48007418.0,7032.0,1.0,0.6373901367,0.2412719727,0.7302246094,-0.0479736328
48010386.0,2968.0,0.0,-0.1953125,1.05078125,0.49609375,0
48017418.0,7032.0,1.0,0.6347045898,0.2397460938,0.7331542969,-0.0461425781
48020386.0,2968.0,0.0,-0.31640625,1.2890625,-0.09375,0
48027418.0,7032.0,1.0,0.6320800781,0.2383422852,0.7359619141,-0.0443115234
48030386.0,2968.0,0.0,0.01171875,1.640625,-0.29296875,0
48037418.0,7032.0,1.0,0.6294555664,0.2368164063,0.7388305664,-0.0423583984
48040386.0,2968.0,0.0,0.00390625,2.67578125,0.3984375,0
48047418.0,7032.0,1.0,0.626953125,0.2353515625,0.7415771484,-0.040222168
48050386.0,2968.0,0.0,0.640625,1.640625,1.10546875,0
48057418.0,7032.0,1.0,0.6242675781,0.2337646484,0.7444458008,-0.0377197266
48060386.0,2968.0,0.0,0.42578125,1.06640625,1.40625,0
48067418.0,7032.0,1.0,0.6215820313,0.2324829102,0.747253418,-0.03515625
48070386.0,2968.0,0.0,0.21875,0.1796875,1.24609375,0
48077418.0,7032.0,1.0,0.6187744141,0.231628418,0.7499389648,-0.0326538086
48080386.0,2968.0,0.0,0.04296875,-0.87109375,1.1953125,0
48090418.0,10032.0,1.0,0.6159667969,0.2313842773,0.7523803711,-0.030456543
48093386.0,2968.0,0.0,0.24609375,0.0703125,0.96484375,0
48097418.0,4032.0,1.0,0.6128540039,0.231628418,0.7549438477,-0.0283203125
48100386.0,2968.0,0.0,0.76171875,-0.03125,0.421875,0
48107418.0,7032.0,1.0,0.6096191406,0.2322998047,0.7574462891,-0.0263671875
48110386.0,2968.0,0.0,0.69140625,0.4453125,1.07421875,0
48117418.0,7032.0,1.0,0.606262207,0.2331542969,0.7599487305,-0.0244140625
48120386.0,2968.0,0.0,0.16015625,0.26953125,2.03515625,0
48127418.0,7032.0,1.0,0.6028442383,0.2340698242,0.7623901367,-0.0224609375
48130386.0,2968.0,0.0,-1.0859375,-1.203125,0.7734375,0
48137418.0,7032.0,1.0,0.5994262695,0.2351074219,0.7648925781,-0.0202636719
48140386.0,2968.0,0.0,-1.38671875,-1.578125,0.66015625,0
48147418.0,7032.0,1.0,0.5960693359,0.2361450195,0.7672119141,-0.0180053711
48150386.0,2968.0,0.0,-1.234375,-2.03125,0.23828125,0
48157418.0,7032.0,1.0,0.5927124023,0.2371826172,0.7695922852,-0.015625
48160386.0,2968.0,0.0,-0.0390625,-0.7890625,0.8515625,0
48167418.0,7032.0,1.0,0.5892944336,0.2380981445,0.7719116211,-0.0133056641
48170386.0,2968.0,0.0,0.609375,-0.4375,0.6640625,0
48177418.0,7032.0,1.0,0.5858764648,0.2388916016,0.7742919922,-0.0110473633
48181386.0,3968.0,0.0,0.609375,0.6875,0.3203125,0
48187418.0,6032.0,1.0,0.5825195313,0.2392578125,0.7767333984,-0.0087890625
48190386.0,2968.0,0.0,0.5,0.01171875,0.65625,0
48197418.0,7032.0,1.0,0.579284668,0.2391357422,0.7792358398,-0.0063476562
48200386.0,2968.0,0.0,-0.640625,-0.25,0.8125,0
48207418.0,7032.0,1.0,0.5759277344,0.2385864258,0.7819213867,-0.0034179687
48210386.0,2968.0,0.0,-0.984375,-0.2734375,0.61328125,0
48217418.0,7032.0,1.0,0.5727539063,0.2376708984,0.7844848633,-0.0003662109
48221386.0,3968.0,0.0,-0.98046875,-0.01953125,0.4921875,0
48227418.0,6032.0,1.0,0.5696411133,0.2363891602,0.7871704102,0.0030517578
48230386.0,2968.0,0.0,-0.55859375,0.2265625,0.48046875,0
48237418.0,7032.0,1.0,0.5667724609,0.2349243164,0.7896728516,0.0064697266
48240386.0,2968.0,0.0,0.4453125,0.5859375,-0.22265625,0
48247418.0,7032.0,1.0,0.5635986328,0.2329711914,0.7924194336,0.0103759766
48250386.0,2968.0,0.0,0.296875,1.2109375,-0.92578125,0
48257418.0,7032.0,1.0,0.5607910156,0.2307739258,0.7950439453,0.0143432617
48260386.0,2968.0,0.0,-0.3515625,1.76171875,-1.1796875,0
48267418.0,7032.0,1.0,0.5581054688,0.2282714844,0.7975463867,0.0186157227
48270386.0,2968.0,0.0,-1.3359375,1.08203125,-0.92578125,0
48277418.0,7032.0,1.0,0.5556030273,0.2255859375,0.7999267578,0.0231323242
48280386.0,2968.0,0.0,-2.09375,0.28515625,0.26953125,0
48290418.0,10032.0,1.0,0.5532836914,0.2230224609,0.8021240234,0.0277709961
48293386.0,2968.0,0.0,-1.625,-0.21484375,1.421875,0
48297418.0,4032.0,1.0,0.5507202148,0.2204589844,0.8043823242,0.0328369141
48300386.0,2968.0,0.0,-1.3984375,-0.63671875,2.1171875,0
48307418.0,7032.0,1.0,0.5478515625,0.2183227539,0.8067016602,0.0379638672
48310386.0,2968.0,0.0,-1.12890625,-0.609375,2.328125,0
48317418.0,7032.0,1.0,0.5449829102,0.2169799805,0.8087768555,0.0425415039
48320386.0,2968.0,0.0,-0.40234375,0.265625,1.953125,0
48327418.0,7032.0,1.0,0.5418701172,0.2162475586,0.8107910156,0.0467529297
48330386.0,2968.0,0.0,-0.375,0.44140625,1.59375,0
48338418.0,8032.0,1.0,0.5386352539,0.2163085938,0.8127441406,0.0504150391
48341386.0,2968.0,0.0,-0.95703125,-0.10546875,1.11328125,0
48347418.0,6032.0,1.0,0.53515625,0.2169799805,0.8146362305,0.0537109375
48350386.0,2968.0,0.0,-2.7265625,-0.34375,0.484375,0
48357418.0,7032.0,1.0,0.5315551758,0.2182617188,0.8164672852,0.0568237305
48360386.0,2968.0,0.0,-3.6171875,-0.390625,0.31640625,0
48367418.0,7032.0,1.0,0.5279541016,0.2200927734,0.8181152344,0.0595703125
48370386.0,2968.0,0.0,-4.32421875,-1.08984375,0.1484375,0
48378418.0,8032.0,1.0,0.5241699219,0.2224121094,0.8197021484,0.0623168945
48381386.0,2968.0,0.0,-4.8828125,-1.10546875,0.6015625,0
48387418.0,6032.0,1.0,0.5204467773,0.2251586914,0.821105957,0.0648803711
48390386.0,2968.0,0.0,-5.3203125,-2.8046875,2.0546875,0
48397418.0,7032.0,1.0,0.5162963867,0.2286376953,0.8225708008,0.0674438477
48400386.0,2968.0,0.0,-5.23046875,-3.55078125,2.1171875,0
48407418.0,7032.0,1.0,0.5120849609,0.2326660156,0.8238525391,0.0698242188
48410386.0,2968.0,0.0,-4.99609375,-3.0390625,2.30859375,0
48418418.0,8032.0,1.0,0.5078125,0.2371826172,0.825012207,0.0719604492
48421386.0,2968.0,0.0,-4.63671875,-2.703125,2.1484375,0
48427418.0,6032.0,1.0,0.5036010742,0.2420043945,0.8260498047,0.0737915039
48430386.0,2968.0,0.0,-4.24609375,-2.03515625,1.19140625,0
48437418.0,7032.0,1.0,0.4990234375,0.2474975586,0.8270263672,0.0756225586
48440386.0,2968.0,0.0,-4.515625,-1.1328125,1.30859375,0
48450418.0,10032.0,1.0,0.4945678711,0.253112793,0.8278808594,0.0773925781
48453386.0,2968.0,0.0,-4.5078125,-0.4296875,1.00390625,0
48460418.0,7032.0,1.0,0.4899291992,0.2590942383,0.8286132813,0.0791015625
48463386.0,2968.0,0.0,-4.85546875,-0.30078125,1.234375,0
48467418.0,4032.0,1.0,0.4854125977,0.2653808594,0.8291625977,0.0805053711
48470386.0,2968.0,0.0,-5.9296875,-0.34765625,1.7734375,0
48477418.0,7032.0,1.0,0.4805297852,0.272644043,0.8295288086,0.0816040039
48480386.0,2968.0,0.0,-6.4375,-0.37109375,2.00390625,0
48487418.0,7032.0,1.0,0.4755859375,0.2806396484,0.8296508789,0.0821533203
48490386.0,2968.0,0.0,-6.71484375,-0.3125,1.78515625,0
48498418.0,8032.0,1.0,0.4705200195,0.2896118164,0.8294677734,0.08203125
48501386.0,2968.0,0.0,-7.14453125,1.01171875,1.02734375,0
48507418.0,6032.0,1.0,0.4652709961,0.2994995117,0.8289794922,0.0812988281
48510386.0,2968.0,0.0,-7.921875,4.6875,-3.16015625,0
48517418.0,7032.0,1.0,0.4600219727,0.3104858398,0.8279418945,0.0804443359
48520386.0,2968.0,0.0,-8.63671875,7.3984375,-5.44140625,0
48528418.0,8032.0,1.0,0.4555053711,0.3220214844,0.8260498047,0.0802612305
48531386.0,2968.0,0.0,-9.953125,12.00390625,-6.484375,0
48537418.0,6032.0,1.0,0.4520263672,0.3338012695,0.8231811523,0.0815429688
48540386.0,2968.0,0.0,-11.04296875,14.69921875,-7.83984375,0
48552418.0,12032.0,1.0,0.4501342773,0.3447265625,0.8193359375,0.0849609375
48556386.0,3968.0,0.0,-10.83203125,16.625,-6.62890625,0
48559418.0,3032.0,1.0,0.4499511719,0.35546875,0.8140869141,0.0919189453
48562386.0,2968.0,0.0,-10.93359375,16.4296875,-6.64453125,0
48568418.0,6032.0,1.0,0.4518432617,0.3651733398,0.8073730469,0.1031494141
48571386.0,2968.0,0.0,-10.125,14.9296875,-6.3671875,0
48577418.0,6032.0,1.0,0.4553833008,0.3726196289,0.799987793,0.1175537109
48580386.0,2968.0,0.0,-8.4765625,14.55078125,-5.26953125,0
48587418.0,7032.0,1.0,0.4608764648,0.3784790039,0.791015625,0.1365966797
48590386.0,2968.0,0.0,-7.64453125,9.9609375,-3.84765625,0
48597418.0,7032.0,1.0,0.4664916992,0.3841552734,0.7814331055,0.1556396484
48600386.0,2968.0,0.0,-6.60546875,-1.74609375,-2.78515625,0
48609418.0,9032.0,1.0,0.4706420898,0.3919067383,0.7722167969,0.169128418
48612386.0,2968.0,0.0,-3.64453125,-8.4296875,-0.57421875,0
48620418.0,8032.0,1.0,0.4771118164,0.3998413086,0.7610473633,0.1823730469
48623386.0,2968.0,0.0,-1.69921875,22.4921875,-8.25390625,0
48627418.0,4032.0,1.0,0.490234375,0.4013671875,0.7469482422,0.2015380859
48630386.0,2968.0,0.0,4.7734375,16.1171875,-14.69140625,0
48637418.0,7032.0,1.0,0.5111694336,0.3948364258,0.7286987305,0.2276611328
48640386.0,2968.0,0.0,8.10546875,9.5390625,-11.9921875,0
48647418.0,7032.0,1.0,0.5357666016,0.3833618164,0.7084350586,0.2531738281
48650386.0,2968.0,0.0,2.48046875,1.9453125,-8.703125,0
48658418.0,8032.0,1.0,0.5603027344,0.3709716797,0.6885986328,0.2725830078
48661386.0,2968.0,0.0,-4.8671875,-12.8359375,-4.71875,0
48673418.0,12032.0,1.0,0.5830078125,0.3594970703,0.6706542969,0.2848510742
48678386.0,4968.0,0.0,0.8125,-12.37109375,-2.29296875,0
48681418.0,3032.0,1.0,0.6060180664,0.3479614258,0.6530151367,0.2919921875
48684386.0,2968.0,0.0,2.921875,-11.75390625,-2.296875,0
48688418.0,4032.0,1.0,0.6313476563,0.3344726563,0.6340942383,0.295715332
48691386.0,2968.0,0.0,4.5625,-11.5078125,-1.92578125,0
48698418.0,7032.0,1.0,0.6532592773,0.3214111328,0.6181030273,0.2964477539
48701386.0,2968.0,0.0,6.23828125,-12.33203125,-1.30859375,0
48707418.0,6032.0,1.0,0.6756591797,0.3070678711,0.6021118164,0.2943725586
48710386.0,2968.0,0.0,7.89453125,-13.27734375,-0.68359375,0
48718418.0,8032.0,1.0,0.6967163086,0.2930908203,0.5873413086,0.2894287109
48721386.0,2968.0,0.0,9.0234375,-13.265625,-0.47265625,0
48727418.0,6032.0,1.0,0.716003418,0.2800292969,0.5739746094,0.282043457
48730386.0,2968.0,0.0,9.5625,-12.3828125,-0.0546875,0
48740418.0,10032.0,1.0,0.7342529297,0.2673950195,0.5614013672,0.2723388672
48743386.0,2968.0,0.0,9.67578125,-10.28515625,-0.8203125,0
48747418.0,4032.0,1.0,0.7515258789,0.2551269531,0.549621582,0.260925293
48750386.0,2968.0,0.0,9.43359375,-9.23828125,-1.31640625,0
48758418.0,8032.0,1.0,0.7677001953,0.2431030273,0.5384521484,0.2481079102
48761386.0,2968.0,0.0,9.10546875,-8.796875,-1.828125,0
48767418.0,6032.0,1.0,0.7819824219,0.2320556641,0.5285644531,0.2349853516
48770386.0,2968.0,0.0,8.37109375,-8.12109375,-1.34765625,0
48777418.0,7032.0,1.0,0.7951049805,0.2216796875,0.5194091797,0.2210083008
48780386.0,2968.0,0.0,7.9375,-7.7578125,-1.0234375,0
48789418.0,9032.0,1.0,0.8064575195,0.2125244141,0.5114746094,0.20703125
48792386.0,2968.0,0.0,7.49609375,-7.3671875,-0.3828125,0
48799418.0,7032.0,1.0,0.8167724609,0.2040405273,0.5042114258,0.1925048828
48802386.0,2968.0,0.0,7.3046875,-6.98046875,0.171875,0
48807418.0,5032.0,1.0,0.8261108398,0.196105957,0.4974975586,0.1776123047
48810386.0,2968.0,0.0,6.90625,-6.71484375,0.62109375,0
48817418.0,7032.0,1.0,0.834777832,0.1885375977,0.4912109375,0.1621704102
48820386.0,2968.0,0.0,6.82421875,-6.171875,0.44140625,0
48827418.0,7032.0,1.0,0.8420410156,0.1820068359,0.4858398438,0.1475830078
48830386.0,2968.0,0.0,6.94921875,-5.74609375,0.46875,0
48838418.0,8032.0,1.0,0.848449707,0.1761474609,0.4810180664,0.1329956055
48841386.0,2968.0,0.0,7.1015625,-5.4375,0.41796875,0
48848418.0,7032.0,1.0,0.8540649414,0.1711425781,0.4766845703,0.1182861328
48851386.0,2968.0,0.0,6.87109375,-5.5234375,1.03125,0
48858418.0,7032.0,1.0,0.8587646484,0.1671142578,0.4729614258,0.1042480469
48861386.0,2968.0,0.0,6.59765625,-5.0234375,1.38671875,0
48870418.0,9032.0,1.0,0.8626098633,0.1639404297,0.4697265625,0.0911865234
48873386.0,2968.0,0.0,6.23828125,-4.3515625,1.72265625,0
48880418.0,7032.0,1.0,0.8660888672,0.1610107422,0.4667358398,0.0780639648
48883386.0,2968.0,0.0,5.44921875,-3.53125,1.5390625,0
48887418.0,4032.0,1.0,0.8689575195,0.1585693359,0.4641723633,0.0657958984
48890386.0,2968.0,0.0,4.8828125,-3.10546875,1.4296875,0
48897418.0,7032.0,1.0,0.8713378906,0.1565551758,0.4619750977,0.0535888672
48900386.0,2968.0,0.0,4.24609375,-2.734375,1.23046875,0
48908418.0,8032.0,1.0,0.8731079102,0.1551513672,0.4602661133,0.0421142578
48911386.0,2968.0,0.0,3.65625,-2.21875,0.9921875,0
48918418.0,7032.0,1.0,0.8743896484,0.1539916992,0.4591064453,0.0314941406
48921386.0,2968.0,0.0,3.01953125,-0.921875,0.4609375,0
48928418.0,7032.0,1.0,0.8752441406,0.1527709961,0.4584350586,0.0216064453
48931386.0,2968.0,0.0,2.8828125,-0.58203125,0.29296875,0
48938418.0,7032.0,1.0,0.875793457,0.1514282227,0.458190918,0.0123901367
48941386.0,2968.0,0.0,2.8984375,-0.734375,0.0,0
48948418.0,7032.0,1.0,0.8759765625,0.1500854492,0.4583129883,0.0038452148
48951386.0,2968.0,0.0,3.0,-1.17578125,-0.07421875,0
48958418.0,7032.0,1.0,0.8758544922,0.1493530273,0.4588623047,-0.0042724609
48961386.0,2968.0,0.0,3.2890625,-0.890625,-0.41796875,0
48968418.0,7032.0,1.0,0.8753051758,0.149230957,0.459777832,-0.0122070313
48971386.0,2968.0,0.0,3.3125,-0.359375,-0.82421875,0
48978418.0,7032.0,1.0,0.8745117188,0.1495361328,0.4609375,-0.0196533203
48981386.0,2968.0,0.0,3.3359375,0.20703125,-1.30078125,0
48988418.0,7032.0,1.0,0.8735351563,0.1499023438,0.4623413086,-0.0263671875
48991386.0,2968.0,0.0,3.3671875,0.4140625,-1.66015625,0
49000418.0,9032.0,1.0,0.8723754883,0.1502685547,0.464050293,-0.0325927734
49003386.0,2968.0,0.0,2.88671875,0.40234375,-2.31640625,0
49007418.0,4032.0,1.0,0.8710327148,0.1505737305,0.466003418,-0.038269043
49010386.0,2968.0,0.0,2.65625,0.2578125,-2.5078125,0
49018418.0,8032.0,1.0,0.8695678711,0.1510620117,0.4681396484,-0.0434570312
49021386.0,2968.0,0.0,2.57421875,-0.2265625,-2.4296875,0
49028418.0,7032.0,1.0,0.8679199219,0.1517333984,0.4705200195,-0.0481567383
49031386.0,2968.0,0.0,2.484375,-0.61328125,-2.4140625,0
49038418.0,7032.0,1.0,0.8660888672,0.1527709961,0.4730834961,-0.0522460937
49041386.0,2968.0,0.0,2.8984375,-0.23828125,-2.75,0
49048418.0,7032.0,1.0,0.8642578125,0.1538696289,0.4756469727,-0.0557250977
49051386.0,2968.0,0.0,2.96484375,-0.09375,-3.00390625,0
49058418.0,7032.0,1.0,0.8623046875,0.155090332,0.4784545898,-0.0586547852
49061386.0,2968.0,0.0,2.98828125,-0.0078125,-3.0625,0
49068418.0,7032.0,1.0,0.8602905273,0.1564331055,0.4813232422,-0.0610961914
49071386.0,2968.0,0.0,2.71484375,0.23828125,-3.3828125,0
49078418.0,7032.0,1.0,0.8583374023,0.1577758789,0.4841918945,-0.0630493164
49081386.0,2968.0,0.0,1.671875,0.859375,-3.20703125,0
49088418.0,7032.0,1.0,0.8563232422,0.1591186523,0.4870605469,-0.0645751953
49091386.0,2968.0,0.0,1.08984375,0.55859375,-2.9921875,0
49098418.0,7032.0,1.0,0.8543701172,0.1604003906,0.4899902344,-0.0656738281
49101386.0,2968.0,0.0,0.33984375,0.3203125,-3.1875,0
49108418.0,7032.0,1.0,0.852355957,0.1617431641,0.4928588867,-0.06640625
49111386.0,2968.0,0.0,-0.96875,0.7734375,-3.35546875,0
49118418.0,7032.0,1.0,0.850402832,0.1632080078,0.4957275391,-0.0669555664
49121386.0,2968.0,0.0,-1.28125,0.7734375,-3.36328125,0
49128418.0,7032.0,1.0,0.8483886719,0.1646728516,0.4985961914,-0.0672607422
49131386.0,2968.0,0.0,-1.7578125,0.87109375,-3.60546875,0
49138418.0,7032.0,1.0,0.8463745117,0.1662597656,0.5015258789,-0.0674438477
49141386.0,2968.0,0.0,-2.26953125,0.75,-2.96875,0
49148418.0,7032.0,1.0,0.8443603516,0.1677856445,0.5043334961,-0.067565918
49151386.0,2968.0,0.0,-2.33203125,-0.109375,-1.97265625,0
49158418.0,7032.0,1.0,0.8421630859,0.1695556641,0.5073852539,-0.0676879883
49161386.0,2968.0,0.0,-2.34375,-0.66796875,-1.671875,0
49168418.0,7032.0,1.0,0.8399047852,0.1715698242,0.5104370117,-0.0678710938
49171386.0,2968.0,0.0,-2.0859375,-1.25,-1.70703125,0
49178418.0,7032.0,1.0,0.8373413086,0.1740722656,0.513671875,-0.0682373047
49181386.0,2968.0,0.0,-1.90625,-0.9765625,-1.46875,0
49193418.0,12032.0,1.0,0.834777832,0.1767578125,0.5168457031,-0.0687866211
49197386.0,3968.0,0.0,-1.53125,-0.73046875,-1.8125,0
49200418.0,3032.0,1.0,0.8319091797,0.1799316406,0.520324707,-0.0696411133
49203386.0,2968.0,0.0,-1.5078125,-0.75390625,-1.71875,0
49207418.0,4032.0,1.0,0.8288574219,0.1832275391,0.5238647461,-0.0706176758
49210386.0,2968.0,0.0,-1.3984375,0.1328125,-2.15234375,0
49218418.0,8032.0,1.0,0.8255615234,0.1865234375,0.5277709961,-0.0716552734
49221386.0,2968.0,0.0,-1.71484375,0.8828125,-2.55078125,0
49228418.0,7032.0,1.0,0.8222045898,0.1892700195,0.5318603516,-0.0726928711
49231386.0,2968.0,0.0,-3.12890625,2.1328125,-3.13671875,0
49238418.0,7032.0,1.0,0.8190917969,0.1911621094,0.5358886719,-0.073425293
49242386.0,3968.0,0.0,-3.51953125,2.27734375,-2.76953125,0
49248418.0,6032.0,1.0,0.8159790039,0.1925048828,0.5400390625,-0.0740356445
49251386.0,2968.0,0.0,-3.40625,2.125,-2.859375,0
49258418.0,7032.0,1.0,0.8128662109,0.1934814453,0.5443725586,-0.0744018555
49261386.0,2968.0,0.0,-3.06640625,2.046875,-2.83203125,0
49268418.0,7032.0,1.0,0.8096313477,0.1943969727,0.5487670898,-0.0747680664
49271386.0,2968.0,0.0,-2.4140625,1.71875,-2.9609375,0
49278418.0,7032.0,1.0,0.8063354492,0.1954345703,0.5531005859,-0.0750732422
49281386.0,2968.0,0.0,-2.0390625,1.6875,-3.3203125,0
49288418.0,7032.0,1.0,0.8029785156,0.1967773438,0.5575561523,-0.0755004883
49291386.0,2968.0,0.0,-2.16015625,1.11328125,-3.1328125,0
49298418.0,7032.0,1.0,0.7994384766,0.1983642578,0.5618896484,-0.0759887695
49301386.0,2968.0,0.0,-2.12890625,1.53515625,-3.63671875,0
49308418.0,7032.0,1.0,0.7958984375,0.2002563477,0.5662231445,-0.0765991211
49311386.0,2968.0,0.0,-1.79296875,1.3046875,-4.140625,0
49318418.0,7032.0,1.0,0.7922973633,0.2024536133,0.5703735352,-0.0774536133
49322386.0,3968.0,0.0,-1.4921875,1.14453125,-4.21484375,0
49328418.0,6032.0,1.0,0.7886352539,0.2049560547,0.5743408203,-0.0784912109
49331386.0,2968.0,0.0,-1.23828125,1.75,-4.41796875,0
49338418.0,7032.0,1.0,0.7850952148,0.2075195313,0.5781860352,-0.0794677734
49341386.0,2968.0,0.0,-2.28125,1.3203125,-3.95703125,0
49353418.0,12032.0,1.0,0.7815551758,0.210144043,0.5818481445,-0.0805053711
49357386.0,3968.0,0.0,-3.7890625,1.4296875,-3.84765625,0
49360418.0,3032.0,1.0,0.7778930664,0.2127075195,0.5856933594,-0.0814208984
49363386.0,2968.0,0.0,-4.9140625,1.06640625,-4.015625,0
49368418.0,5032.0,1.0,0.7741699219,0.2150878906,0.5895996094,-0.0821533203
49371386.0,2968.0,0.0,-4.890625,1.06640625,-3.8984375,0
49378418.0,7032.0,1.0,0.7709960938,0.2169799805,0.592956543,-0.082824707
49381386.0,2968.0,0.0,-4.9140625,0.9375,-5.25,0
49388418.0,7032.0,1.0,0.7676391602,0.2188110352,0.5965576172,-0.0835571289
49391386.0,2968.0,0.0,-4.0859375,1.48046875,-5.37109375,0
49398418.0,7032.0,1.0,0.7645874023,0.2201538086,0.5998535156,-0.0841674805
49401386.0,2968.0,0.0,-3.15234375,1.671875,-4.63671875,0
49408418.0,7032.0,1.0,0.76171875,0.2210083008,0.6031494141,-0.0845947266
49411386.0,2968.0,0.0,-2.171875,1.19140625,-3.73828125,0
49418418.0,7032.0,1.0,0.7588500977,0.2214355469,0.6065063477,-0.0848999023
49421386.0,2968.0,0.0,-1.390625,1.4296875,-2.73046875,0
49428418.0,7032.0,1.0,0.7562255859,0.2215576172,0.6097412109,-0.0850830078
49431386.0,2968.0,0.0,-1.48828125,1.51953125,-3.06640625,0
49438418.0,7032.0,1.0,0.7536621094,0.2214355469,0.6129150391,-0.085144043
49441386.0,2968.0,0.0,-2.16015625,1.88671875,-3.671875,0
49448418.0,7032.0,1.0,0.7512207031,0.2210693359,0.6160888672,-0.0852050781
49451386.0,2968.0,0.0,-2.25390625,1.8671875,-3.984375,0
49458418.0,7032.0,1.0,0.7489013672,0.2206420898,0.6190185547,-0.0852661133
49461386.0,2968.0,0.0,-2.390625,1.95703125,-2.9921875,0
49468418.0,7032.0,1.0,0.7466430664,0.2202148438,0.621887207,-0.0853881836
49471386.0,2968.0,0.0,-1.9921875,1.484375,-2.609375,0
49478418.0,7032.0,1.0,0.7443847656,0.2198486328,0.6247558594,-0.0855712891
49481386.0,2968.0,0.0,-1.82421875,1.0859375,-1.3515625,0
49488418.0,7032.0,1.0,0.7420654297,0.2196044922,0.6275634766,-0.0856933594
49491386.0,2968.0,0.0,-2.08203125,0.1796875,-0.546875,0
49498418.0,7032.0,1.0,0.7396240234,0.219543457,0.6304321289,-0.0857543945
49501386.0,2968.0,0.0,-2.23046875,-0.109375,-0.12890625,0
49508418.0,7032.0,1.0,0.737121582,0.219909668,0.6331787109,-0.0858764648
49511386.0,2968.0,0.0,-2.3984375,-0.21484375,-0.359375,0
49518418.0,7032.0,1.0,0.7346191406,0.2207641602,0.6357421875,-0.0861206055
49521386.0,2968.0,0.0,-2.62109375,0.13671875,-1.27734375,0
49528418.0,7032.0,1.0,0.7321166992,0.2222290039,0.6380615234,-0.0865478516
49531386.0,2968.0,0.0,-1.15625,-0.0625,-1.84765625,0
49538418.0,7032.0,1.0,0.7294311523,0.2241821289,0.6403808594,-0.087097168
49541386.0,2968.0,0.0,-0.23828125,-0.67578125,-1.50390625,0
49548418.0,7032.0,1.0,0.7268066406,0.2265014648,0.6424560547,-0.0876464844
49551386.0,2968.0,0.0,0.0390625,-0.8359375,-1.30859375,0
49558418.0,7032.0,1.0,0.7241210938,0.2290649414,0.64453125,-0.0880737305
49561386.0,2968.0,0.0,0.31640625,-1.015625,-0.46484375,0
49573418.0,12032.0,1.0,0.7214355469,0.231628418,0.6465454102,-0.0883789063
49577386.0,3968.0,0.0,-0.3359375,-1.48828125,-1.18359375,0
49580418.0,3032.0,1.0,0.7186889648,0.2344360352,0.6486206055,-0.0886230469
49583386.0,2968.0,0.0,-0.34375,-1.50390625,-1.10546875,0
49588418.0,5032.0,1.0,0.7156982422,0.237487793,0.6507568359,-0.0889282227
49591386.0,2968.0,0.0,-0.06640625,-1.18359375,-1.44140625,0
49598418.0,7032.0,1.0,0.7129516602,0.240234375,0.6526489258,-0.0892944336
49601386.0,2968.0,0.0,0.23828125,-0.9765625,-1.5078125,0
49608418.0,7032.0,1.0,0.710144043,0.2430419922,0.6546630859,-0.0896606445
49611386.0,2968.0,0.0,0.16015625,0.1171875,-1.3828125,0
49618418.0,7032.0,1.0,0.7075195313,0.2452392578,0.6566772461,-0.0899047852
49621386.0,2968.0,0.0,0.1171875,0.30078125,-0.85546875,0
49628418.0,7032.0,1.0,0.7048950195,0.2469482422,0.6588134766,-0.0899047852
49631386.0,2968.0,0.0,-0.03125,0.9453125,-0.35546875,0
49638418.0,7032.0,1.0,0.7023925781,0.2479248047,0.6611328125,-0.0895996094
49641386.0,2968.0,0.0,0.30859375,0.71484375,-0.24609375,0
49648418.0,7032.0,1.0,0.700012207,0.2482299805,0.6636352539,-0.089050293
49651386.0,2968.0,0.0,0.8046875,0.80078125,0.29296875,0
49658418.0,7032.0,1.0,0.6976928711,0.248046875,0.6662597656,-0.0883178711
49662386.0,3968.0,0.0,0.546875,0.9140625,-0.3671875,0
49668418.0,6032.0,1.0,0.6954956055,0.2474975586,0.6688232422,-0.0875854492
49671386.0,2968.0,0.0,0.58203125,1.3515625,-0.91796875,0
49678418.0,7032.0,1.0,0.693359375,0.2467041016,0.6715087891,-0.086730957
49681386.0,2968.0,0.0,0.73828125,0.75390625,-1.84375,0
49688418.0,7032.0,1.0,0.6912231445,0.2456665039,0.6741333008,-0.0858154297
49691386.0,2968.0,0.0,0.69921875,0.953125,-1.734375,0
49698418.0,7032.0,1.0,0.6891479492,0.2445678711,0.6767578125,-0.0847167969
49701386.0,2968.0,0.0,0.4296875,0.77734375,-0.453125,0
49708418.0,7032.0,1.0,0.6870727539,0.2435302734,0.6794433594,-0.0833740234
49711386.0,2968.0,0.0,0.32421875,0.48828125,0.8046875,0
49718418.0,7032.0,1.0,0.6849365234,0.2425537109,0.6821289063,-0.0819091797
49721386.0,2968.0,0.0,-0.22265625,0.6875,1.171875,0
49728418.0,7032.0,1.0,0.6827392578,0.2418212891,0.6848144531,-0.0803222656
49731386.0,2968.0,0.0,-0.03125,0.45703125,0.81640625,0
49738418.0,7032.0,1.0,0.6805419922,0.241394043,0.6873168945,-0.0787963867
49741386.0,2968.0,0.0,-0.0390625,0.33984375,0.6953125,0
49748418.0,7032.0,1.0,0.6782226563,0.241394043,0.6897583008,-0.0772705078
49751386.0,2968.0,0.0,0.15234375,-0.39453125,0.3359375,0
49758418.0,7032.0,1.0,0.6759033203,0.2418212891,0.6920166016,-0.0758666992
49761386.0,2968.0,0.0,-0.0546875,-0.75390625,1.5546875,0
49768418.0,7032.0,1.0,0.6731567383,0.2427368164,0.694519043,-0.0744018555
49771386.0,2968.0,0.0,-0.7109375,-1.0703125,1.87109375,0
49778418.0,7032.0,1.0,0.6703491211,0.2440795898,0.6968994141,-0.0731201172
49781386.0,2968.0,0.0,-1.33984375,-1.12890625,1.18359375,0
49788418.0,7032.0,1.0,0.6674194336,0.2457885742,0.6992797852,-0.0718994141
49791386.0,2968.0,0.0,-1.96875,-0.6875,0.9140625,0
49798418.0,7032.0,1.0,0.6644287109,0.2477416992,0.7015380859,-0.0707397461
49801386.0,2968.0,0.0,-1.48828125,-1.25390625,0.04296875,0
49813418.0,12032.0,1.0,0.6616821289,0.2495117188,0.7036132813,-0.0697021484
49817386.0,3968.0,0.0,-0.30078125,-0.80859375,0.11328125,0
49820418.0,3032.0,1.0,0.6588745117,0.2512207031,0.7057495117,-0.0685424805
49823386.0,2968.0,0.0,0.05859375,-0.375,0.99609375,0
49828418.0,5032.0,1.0,0.6558227539,0.2526855469,0.7082519531,-0.0671386719
49831386.0,2968.0,0.0,0.04296875,-0.390625,1.07421875,0
49838418.0,7032.0,1.0,0.6527709961,0.2537231445,0.7107543945,-0.0655517578
49841386.0,2968.0,0.0,0.52734375,-0.40625,2.0859375,0
49848418.0,7032.0,1.0,0.6497802734,0.2543945313,0.7134399414,-0.0638427734
49851386.0,2968.0,0.0,0.7421875,0.390625,1.1328125,0
49858418.0,7032.0,1.0,0.6469116211,0.2545776367,0.7161254883,-0.0619506836
49861386.0,2968.0,0.0,0.53515625,0.33203125,0.015625,0
49868418.0,7032.0,1.0,0.6441650391,0.2542724609,0.7189331055,-0.0598144531
49871386.0,2968.0,0.0,-0.140625,0.16796875,-0.828125,0
49878418.0,7032.0,1.0,0.6416015625,0.2534790039,0.7216796875,-0.0575561523
49881386.0,2968.0,0.0,-0.41796875,0.09375,-0.6796875,0
49888418.0,7032.0,1.0,0.6390380859,0.2523193359,0.7244873047,-0.0552368164
49891386.0,2968.0,0.0,-0.9296875,0.3515625,-0.07421875,0
49899418.0,8032.0,1.0,0.6365966797,0.2508544922,0.727355957,-0.0527954102
49902386.0,2968.0,0.0,-0.5625,0.19921875,0.296875,0
49908418.0,6032.0,1.0,0.6340332031,0.2493896484,0.7302246094,-0.0504760742
49911386.0,2968.0,0.0,0.34765625,0.23828125,0.7109375,0
49918418.0,7032.0,1.0,0.6314086914,0.2479858398,0.7331542969,-0.0482177734
49921386.0,2968.0,0.0,0.6796875,0.4765625,0.359375,0
49928418.0,7032.0,1.0,0.6287231445,0.2465820313,0.7360839844,-0.0459594727
49931386.0,2968.0,0.0,0.5078125,0.734375,0.31640625,0
49938418.0,7032.0,1.0,0.6260375977,0.2451171875,0.7389526367,-0.0437011719
49941386.0,2968.0,0.0,-0.00390625,0.890625,0.61328125,0
49948418.0,7032.0,1.0,0.6234741211,0.2437744141,0.7416992188,-0.0415649414
49951386.0,2968.0,0.0,-0.41015625,0.390625,0.9921875,0
49958418.0,7032.0,1.0,0.6207275391,0.2423706055,0.7446289063,-0.0393676758
49961386.0,2968.0,0.0,-0.42578125,0.66015625,0.82421875,0
49968418.0,7032.0,1.0,0.6179199219,0.241027832,0.7474975586,-0.037109375
49971386.0,2968.0,0.0,0.23828125,0.3515625,0.78125,0
49979418.0,8032.0,1.0,0.6149902344,0.2398681641,0.7503662109,-0.0347290039
49982386.0,2968.0,0.0,0.4609375,-0.52734375,1.078125,0
49988418.0,6032.0,1.0,0.6118164063,0.2390136719,0.7532958984,-0.0323486328
49991386.0,2968.0,0.0,-0.375,-0.16015625,0.9375,0
49998418.0,7032.0,1.0,0.6087036133,0.2385864258,0.7561035156,-0.0301513672
50001386.0,2968.0,0.0,-0.51171875,0.08984375,0.35546875,0
50008418.0,7032.0,1.0,0.6054077148,0.2385253906,0.7587890625,-0.028137207
50011386.0,2968.0,0.0,-0.6875,0.390625,0.08984375,0
50019418.0,8032.0,1.0,0.6021728516,0.2387084961,0.7614135742,-0.0263061523
50022386.0,2968.0,0.0,-0.68359375,0.3359375,0.05078125,0
50034418.0,12032.0,1.0,0.5989990234,0.2390136719,0.7638549805,-0.0246582031
50039418.0,5000.0,1.0,0.5956420898,0.2391967773,0.7664794922,-0.0228271484
50041386.0,1968.0,0.0,-1.47265625,-0.60546875,1.04296875,0
50048418.0,7032.0,1.0,0.5922241211,0.2392578125,0.7691650391,-0.020690918
50051386.0,2968.0,0.0,-1.53515625,-0.26953125,1.20703125,0
50058418.0,7032.0,1.0,0.5888671875,0.2390136719,0.7718505859,-0.0182495117
50061386.0,2968.0,0.0,-0.1015625,-1.44140625,2.125,0
50068418.0,7032.0,1.0,0.5854492188,0.2387084961,0.774597168,-0.0156860352
50071386.0,2968.0,0.0,0.2421875,-1.609375,2.3125,0
50078418.0,7032.0,1.0,0.5819702148,0.2385864258,0.7772827148,-0.0131835938
50081386.0,2968.0,0.0,0.32421875,-1.60546875,1.81640625,0
50088418.0,7032.0,1.0,0.5783691406,0.2387695313,0.7799682617,-0.0107421875
50091386.0,2968.0,0.0,-0.09765625,-1.7734375,0.98046875,0
50098418.0,7032.0,1.0,0.5747070313,0.2393188477,0.7825317383,-0.0087280273
50101386.0,2968.0,0.0,-0.703125,-1.60546875,-0.81640625,0
50108418.0,7032.0,1.0,0.5708007813,0.240234375,0.7850952148,-0.0071411133
50111386.0,2968.0,0.0,-1.19921875,0.10546875,-0.46484375,0
50118418.0,7032.0,1.0,0.5670166016,0.2411499023,0.7875976563,-0.0056762695
50122386.0,3968.0,0.0,-0.93359375,0.671875,-0.0390625,0
50128418.0,6032.0,1.0,0.563293457,0.2418212891,0.7900390625,-0.0040283203
50131386.0,2968.0,0.0,-0.66796875,-0.07421875,-0.078125,0
50138418.0,7032.0,1.0,0.559753418,0.2421875,0.7924804688,-0.0021972656
50141386.0,2968.0,0.0,-0.0859375,-0.01171875,1.46484375,0
50148418.0,7032.0,1.0,0.555847168,0.2421875,0.7952270508,0.0002441406
50151386.0,2968.0,0.0,0.17578125,-0.75390625,1.84765625,0
50158418.0,7032.0,1.0,0.5521240234,0.2419433594,0.7978515625,0.0029296875
50162386.0,3968.0,0.0,0.7109375,-0.65625,1.4609375,0
50168418.0,6032.0,1.0,0.5484619141,0.2416381836,0.8004760742,0.0056762695
50171386.0,2968.0,0.0,1.1328125,-0.10546875,0.96484375,0
50179418.0,8032.0,1.0,0.5446777344,0.2412109375,0.8031616211,0.0084838867
50182386.0,2968.0,0.0,0.05078125,1.87109375,-0.4140625,0
50188418.0,6032.0,1.0,0.5412597656,0.2407836914,0.8056030273,0.0110473633
50191386.0,2968.0,0.0,-0.48828125,2.078125,-0.7265625,0
50198418.0,7032.0,1.0,0.5376586914,0.2401733398,0.8081054688,0.0137329102
50201386.0,2968.0,0.0,-0.95703125,1.9765625,-0.7734375,0
50208418.0,7032.0,1.0,0.5343017578,0.2393188477,0.810546875,0.0166625977
50211386.0,2968.0,0.0,-1.68359375,2.109375,-0.7109375,0
50218418.0,7032.0,1.0,0.5310058594,0.2381591797,0.8129882813,0.0198974609
50221386.0,2968.0,0.0,-2.60546875,1.85546875,-0.30078125,0
50233418.0,12032.0,1.0,0.5278930664,0.2369384766,0.815246582,0.0233764648
50237386.0,3968.0,0.0,-2.91015625,1.40234375,1.015625,0
50240418.0,3032.0,1.0,0.5247192383,0.2355957031,0.817565918,0.0270385742
50243386.0,2968.0,0.0,-2.15234375,0.796875,1.15625,0
50248418.0,5032.0,1.0,0.5213623047,0.2344360352,0.8199462891,0.0310058594
50251386.0,2968.0,0.0,-1.28125,0.71875,1.2578125,0
50258418.0,7032.0,1.0,0.5180664063,0.233581543,0.8220825195,0.0346069336
50261386.0,2968.0,0.0,-0.484375,0.7265625,0.58203125,0
50268418.0,7032.0,1.0,0.5147094727,0.233215332,0.8241577148,0.0379638672
50271386.0,2968.0,0.0,-0.33203125,1.1171875,0.5,0
50279418.0,8032.0,1.0,0.5112915039,0.233215332,0.826171875,0.0411376953
50282386.0,2968.0,0.0,-0.578125,0.76953125,0.44921875,0
50288418.0,6032.0,1.0,0.5078125,0.233581543,0.8280029297,0.0441894531
50291386.0,2968.0,0.0,-2.1953125,0.4921875,0.42578125,0
50298418.0,7032.0,1.0,0.5042724609,0.234375,0.8298339844,0.0471801758
50301386.0,2968.0,0.0,-3.35546875,0.37890625,0.83203125,0
50308418.0,7032.0,1.0,0.5006103516,0.2354125977,0.8315429688,0.0504150391
50311386.0,2968.0,0.0,-3.75390625,-0.2421875,1.31640625,0
50319418.0,8032.0,1.0,0.4968261719,0.2368164063,0.833190918,0.0538330078
50322386.0,2968.0,0.0,-3.69921875,-0.98828125,2.14453125,0
50328418.0,6032.0,1.0,0.492980957,0.2387084961,0.8347167969,0.0571899414
50331386.0,2968.0,0.0,-3.53515625,-1.1953125,2.8984375,0
50338418.0,7032.0,1.0,0.4887695313,0.2413330078,0.8361816406,0.0604858398
50341386.0,2968.0,0.0,-2.9921875,-0.76171875,2.578125,0
50348418.0,7032.0,1.0,0.4844970703,0.2446899414,0.8374633789,0.0633544922
50351386.0,2968.0,0.0,-2.6875,-1.3125,2.2734375,0
50359418.0,8032.0,1.0,0.4800415039,0.2487182617,0.838684082,0.065612793
50362386.0,2968.0,0.0,-2.6328125,-1.7421875,2.11328125,0
50369418.0,7032.0,1.0,0.4752807617,0.2534179688,0.83984375,0.0675048828
50372386.0,2968.0,0.0,-2.87109375,-1.4140625,2.53515625,0
50378418.0,6032.0,1.0,0.4706420898,0.2582397461,0.8408203125,0.0690917969
50381386.0,2968.0,0.0,-3.2109375,-1.99609375,2.421875,0
50388418.0,7032.0,1.0,0.4658813477,0.2635498047,0.8417358398,0.0706787109
50391386.0,2968.0,0.0,-3.87109375,-1.5859375,1.65625,0
50399418.0,8032.0,1.0,0.4611206055,0.2691040039,0.8424682617,0.0723266602
50402386.0,2968.0,0.0,-5.09765625,-0.796875,0.9609375,0
50414418.0,12032.0,1.0,0.4564819336,0.2750244141,0.8428955078,0.0739135742
50419418.0,5000.0,1.0,0.4518432617,0.2817382813,0.8430786133,0.0751953125
50421386.0,1968.0,0.0,-8.98828125,0.3671875,-0.59765625,0
50429418.0,8032.0,1.0,0.4468994141,0.2897949219,0.8428955078,0.076171875
50432386.0,2968.0,0.0,-10.03125,1.22265625,-0.98046875,0
50439418.0,7032.0,1.0,0.4420776367,0.2985839844,0.8423461914,0.0767211914
50442386.0,2968.0,0.0,-11.84765625,3.65625,-4.203125,0
50448418.0,6032.0,1.0,0.4373779297,0.3082885742,0.8412475586,0.0771484375
50451386.0,2968.0,0.0,-13.12890625,6.58203125,-6.0390625,0
50458418.0,7032.0,1.0,0.4331054688,0.3189086914,0.8394165039,0.0778808594
50461386.0,2968.0,0.0,-14.86328125,9.15625,-6.8125,0
50469418.0,8032.0,1.0,0.4298706055,0.3299560547,0.8366699219,0.079284668
50472386.0,2968.0,0.0,-15.68359375,9.03125,-7.79296875,0
50479418.0,7032.0,1.0,0.4276123047,0.3414306641,0.8329467773,0.0819702148
50482386.0,2968.0,0.0,-14.19921875,12.27734375,-9.37890625,0
50488418.0,6032.0,1.0,0.4268798828,0.352722168,0.828125,0.0871582031
50491386.0,2968.0,0.0,-12.9921875,14.6796875,-9.1484375,0
50498418.0,7032.0,1.0,0.4281616211,0.3628540039,0.8220825195,0.0958251953
50501386.0,2968.0,0.0,-11.4375,15.10546875,-8.91796875,0
50510418.0,9032.0,1.0,0.4315185547,0.3712158203,0.8150024414,0.1082763672
50513386.0,2968.0,0.0,-9.73046875,13.12109375,-8.4921875,0
50521418.0,8032.0,1.0,0.4368896484,0.3780517578,0.8065795898,0.1248168945
50524386.0,2968.0,0.0,-7.2734375,9.37890625,-4.7421875,0
50528418.0,4032.0,1.0,0.4438476563,0.3832397461,0.7969360352,0.1449584961
50531386.0,2968.0,0.0,-7.859375,3.1953125,-0.1796875,0
50538418.0,7032.0,1.0,0.4498901367,0.3899536133,0.7868652344,0.1623535156
50541386.0,2968.0,0.0,-6.4140625,-15.23828125,1.6484375,0
50549418.0,8032.0,1.0,0.4547729492,0.4000244141,0.7766113281,0.1733398438
50552386.0,2968.0,0.0,-4.61328125,-4.86328125,5.4765625,0
50559418.0,7032.0,1.0,0.4641723633,0.408203125,0.7637939453,0.1858520508
50562386.0,2968.0,0.0,1.3828125,27.05078125,-8.41015625,0
50568418.0,6032.0,1.0,0.4806518555,0.409362793,0.7479248047,0.2047729492
50571386.0,2968.0,0.0,1.83984375,21.89453125,-12.9921875,0
50579418.0,8032.0,1.0,0.5040283203,0.4036865234,0.7283325195,0.2291870117
50582386.0,2968.0,0.0,4.66015625,8.140625,-16.9140625,0
50588418.0,6032.0,1.0,0.5297241211,0.3929443359,0.7076416016,0.2533569336
50591386.0,2968.0,0.0,8.515625,2.88671875,-15.43359375,0
50601418.0,10032.0,1.0,0.5585327148,0.3770141602,0.6848144531,0.27734375
50604386.0,2968.0,0.0,5.55078125,-11.71484375,-10.86328125,0
50608418.0,4032.0,1.0,0.5860595703,0.3601074219,0.6630859375,0.2951660156
50611386.0,2968.0,0.0,3.8046875,-20.3984375,-4.59375,0
50618418.0,7032.0,1.0,0.6120605469,0.3453369141,0.6428222656,0.3046875
50621386.0,2968.0,0.0,3.35546875,-24.6171875,-0.609375,0
50629418.0,8032.0,1.0,0.6349487305,0.3343505859,0.6256103516,0.3060302734
50632386.0,2968.0,0.0,6.25390625,-16.703125,3.09375,0
50639418.0,7032.0,1.0,0.6564331055,0.3244018555,0.6099243164,0.3031005859
50642386.0,2968.0,0.0,7.8984375,-13.72265625,2.08203125,0
50652418.0,10032.0,1.0,0.6768798828,0.3139648438,0.5952758789,0.2980957031
50655386.0,2968.0,0.0,9.08984375,-13.3046875,1.44140625,0
50662418.0,7032.0,1.0,0.6987915039,0.3016357422,0.5799560547,0.2903442383
50665386.0,2968.0,0.0,10.05859375,-13.74609375,1.1328125,0
50670418.0,5032.0,1.0,0.7175292969,0.2906494141,0.5671386719,0.2811889648
50673386.0,2968.0,0.0,9.9453125,-13.02734375,0.359375,0
50679418.0,6032.0,1.0,0.7343139648,0.2807617188,0.5557861328,0.2702636719
50682386.0,2968.0,0.0,9.3515625,-11.796875,-0.57421875,0
50692418.0,10032.0,1.0,0.7497558594,0.2716064453,0.5455932617,0.2578735352
50695386.0,2968.0,0.0,8.3046875,-10.56640625,-1.21484375,0
50702418.0,7032.0,1.0,0.7652587891,0.2623901367,0.5352783203,0.2428588867
50705386.0,2968.0,0.0,7.515625,-9.44921875,-2.21875,0
50710418.0,5032.0,1.0,0.778137207,0.254699707,0.5266723633,0.228515625
50713386.0,2968.0,0.0,6.67578125,-7.36328125,-1.87109375,0
50719418.0,6032.0,1.0,0.7894897461,0.2476806641,0.5190429688,0.2143554688
50722386.0,2968.0,0.0,6.2734375,-6.4765625,-1.37890625,0
50729418.0,7032.0,1.0,0.8001708984,0.2406005859,0.5117797852,0.1997070313
50732386.0,2968.0,0.0,5.64453125,-5.421875,-0.28515625,0
50739418.0,7032.0,1.0,0.8098754883,0.233581543,0.5051269531,0.1853637695
50742386.0,2968.0,0.0,5.078125,-4.765625,0.65234375,0
50754418.0,12032.0,1.0,0.8184814453,0.2268676758,0.4990844727,0.171875
50759386.0,4968.0,0.0,4.33984375,-5.53515625,1.96484375,0
50762418.0,3032.0,1.0,0.8264770508,0.2200317383,0.493347168,0.1586303711
50765386.0,2968.0,0.0,4.39453125,-5.30078125,1.79296875,0
50769418.0,4032.0,1.0,0.8342895508,0.2128295898,0.4875488281,0.1446533203
50772386.0,2968.0,0.0,4.73046875,-5.48046875,1.15625,0
50779418.0,7032.0,1.0,0.8405761719,0.2066650391,0.4828491211,0.1325073242
50782386.0,2968.0,0.0,5.0,-5.30859375,0.859375,0
50789418.0,7032.0,1.0,0.8463745117,0.2009277344,0.4784545898,0.1197509766
50792386.0,2968.0,0.0,5.15234375,-4.875,1.07421875,0
50799418.0,7032.0,1.0,0.8511352539,0.1962280273,0.4748535156,0.1076660156
50802386.0,2968.0,0.0,5.046875,-4.6015625,1.38671875,0
50809418.0,7032.0,1.0,0.8551635742,0.1923217773,0.4718017578,0.0954589844
50812386.0,2968.0,0.0,4.8125,-4.1953125,1.4921875,0
50819418.0,7032.0,1.0,0.8585205078,0.1890869141,0.4692993164,0.0835571289
50822386.0,2968.0,0.0,4.4609375,-4.0390625,1.53515625,0
50834418.0,12032.0,1.0,0.8610839844,0.186706543,0.4673461914,0.0725097656
50839386.0,4968.0,0.0,3.33203125,-3.0546875,0.74609375,0
50842418.0,3032.0,1.0,0.8632202148,0.1849365234,0.4657592773,0.0612182617
50845386.0,2968.0,0.0,3.2109375,-2.18359375,0.4765625,0
50849418.0,4032.0,1.0,0.8649291992,0.1837768555,0.4644165039,0.0496826172
50852386.0,2968.0,0.0,3.234375,-2.06640625,0.4453125,0
50859418.0,7032.0,1.0,0.8660888672,0.1829223633,0.4635009766,0.0396728516
50862386.0,2968.0,0.0,3.3046875,-1.0,-0.3125,0
50869418.0,7032.0,1.0,0.8670654297,0.1818847656,0.4628295898,0.0300292969
50872386.0,2968.0,0.0,3.48046875,-0.66015625,-0.4453125,0
50879418.0,7032.0,1.0,0.8678588867,0.1805419922,0.4624023438,0.0212402344
50882386.0,2968.0,0.0,3.62109375,-0.828125,-0.65234375,0
50889418.0,7032.0,1.0,0.8684082031,0.1790161133,0.4621582031,0.0129394531
50892386.0,2968.0,0.0,3.48046875,-1.109375,-0.55859375,0
50898418.0,6032.0,1.0,0.8687744141,0.1776123047,0.4622192383,0.0055541992
50901386.0,2968.0,0.0,2.46484375,-1.28515625,-0.8359375,0
50909418.0,8032.0,1.0,0.8688964844,0.1763305664,0.4625854492,-0.0021362305
50912386.0,2968.0,0.0,1.8828125,-1.3046875,-1.06640625,0
50919418.0,7032.0,1.0,0.8687133789,0.1754760742,0.4631347656,-0.0090942383
50922386.0,2968.0,0.0,1.55859375,-1.52734375,-1.37109375,0
50931418.0,9032.0,1.0,0.8682250977,0.1752319336,0.4638671875,-0.0157470703
50934386.0,2968.0,0.0,1.58203125,-1.49609375,-1.59375,0
50941418.0,7032.0,1.0,0.8675537109,0.1755371094,0.46484375,-0.0223388672
50944386.0,2968.0,0.0,2.296875,-0.328125,-1.953125,0
50948418.0,4032.0,1.0,0.8665771484,0.1760253906,0.4660644531,-0.0287475586
50951386.0,2968.0,0.0,2.81640625,0.1953125,-2.046875,0
50959418.0,8032.0,1.0,0.8655395508,0.1765136719,0.4674072266,-0.0348510742
50962386.0,2968.0,0.0,3.23046875,0.171875,-1.9765625,0
50969418.0,7032.0,1.0,0.8643188477,0.1770019531,0.4689941406,-0.0404052734
50972386.0,2968.0,0.0,3.37109375,0.06640625,-1.79296875,0
50979418.0,7032.0,1.0,0.8630371094,0.1774291992,0.470703125,-0.0454101562
50982386.0,2968.0,0.0,3.2421875,-0.04296875,-1.9140625,0
50989418.0,7032.0,1.0,0.8616943359,0.1777954102,0.47265625,-0.0499267578
50992386.0,2968.0,0.0,3.04296875,-0.03125,-2.14453125,0
50999418.0,7032.0,1.0,0.860168457,0.1781616211,0.4748535156,-0.0540161133
51002386.0,2968.0,0.0,2.9140625,0.08203125,-2.36328125,0
51009418.0,7032.0,1.0,0.8584594727,0.1786499023,0.4772949219,-0.0577392578
51012386.0,2968.0,0.0,3.10546875,-0.18359375,-2.546875,0
51019418.0,7032.0,1.0,0.8565673828,0.1795043945,0.4798583984,-0.061340332
51022386.0,2968.0,0.0,3.2734375,0.0,-3.3359375,0
51029418.0,7032.0,1.0,0.8546142578,0.1806030273,0.4824829102,-0.0646362305
51032386.0,2968.0,0.0,2.9296875,0.62890625,-3.703125,0
51039418.0,7032.0,1.0,0.8526611328,0.1815795898,0.485168457,-0.0675048828
51042386.0,2968.0,0.0,2.234375,1.38671875,-3.87109375,0
51049418.0,7032.0,1.0,0.850769043,0.1824951172,0.4878540039,-0.0700073242
51052386.0,2968.0,0.0,0.65625,1.86328125,-4.3828125,0
51059418.0,7032.0,1.0,0.8488769531,0.1833496094,0.4904785156,-0.0722045898
51062386.0,2968.0,0.0,0.32421875,1.95703125,-4.51171875,0
51069418.0,7032.0,1.0,0.8471069336,0.1842041016,0.492980957,-0.0740356445
51072386.0,2968.0,0.0,0.04296875,1.625,-4.5703125,0
51079418.0,7032.0,1.0,0.8453369141,0.1849975586,0.4954833984,-0.0755615234
51082386.0,2968.0,0.0,-0.5078125,0.9921875,-3.94921875,0
51089418.0,7032.0,1.0,0.8436889648,0.1856689453,0.4978637695,-0.0765991211
51092386.0,2968.0,0.0,-1.90234375,0.73046875,-3.16015625,0
51099418.0,7032.0,1.0,0.8419189453,0.1864624023,0.5004272461,-0.0774536133
51102386.0,2968.0,0.0,-2.72265625,0.8515625,-3.1796875,0
51109418.0,7032.0,1.0,0.8402099609,0.1871337891,0.5029296875,-0.0780029297
51112386.0,2968.0,0.0,-3.47265625,1.08984375,-3.27734375,0
51119418.0,7032.0,1.0,0.8385009766,0.1877441406,0.5054931641,-0.0783081055
51122386.0,2968.0,0.0,-4.0234375,0.9375,-3.6015625,0
51134418.0,12032.0,1.0,0.8368530273,0.1883544922,0.5079345703,-0.0784301758
51138386.0,3968.0,0.0,-4.66015625,0.37109375,-1.78125,0
51141418.0,3032.0,1.0,0.8350830078,0.1889648438,0.5106201172,-0.0784301758
51144386.0,2968.0,0.0,-4.63671875,0.36328125,-1.71875,0
51149418.0,5032.0,1.0,0.8330078125,0.1898193359,0.5137329102,-0.0783691406
51152386.0,2968.0,0.0,-3.609375,0.4765625,-1.11328125,0
51159418.0,7032.0,1.0,0.8309326172,0.1907348633,0.516784668,-0.0782470703
51162386.0,2968.0,0.0,-2.359375,0.36328125,-1.3125,0
51169418.0,7032.0,1.0,0.8286132813,0.1918945313,0.5200805664,-0.0781860352
51172386.0,2968.0,0.0,-2.90234375,0.5546875,-1.921875,0
51179418.0,7032.0,1.0,0.8261108398,0.1932983398,0.5234985352,-0.0783081055
51182386.0,2968.0,0.0,-3.453125,1.65625,-2.44921875,0
51189418.0,7032.0,1.0,0.8234863281,0.1949462891,0.5269775391,-0.0786132813
51192386.0,2968.0,0.0,-4.234375,2.0234375,-3.0234375,0
51199418.0,7032.0,1.0,0.8208618164,0.1967163086,0.5303344727,-0.0791015625
51202386.0,2968.0,0.0,-4.2734375,2.4375,-3.16015625,0
51209418.0,7032.0,1.0,0.8179931641,0.1987304688,0.5338745117,-0.0797729492
51212386.0,2968.0,0.0,-2.515625,0.8203125,-2.98828125,0
51219418.0,7032.0,1.0,0.8150024414,0.2011108398,0.5374145508,-0.0805053711
51223386.0,3968.0,0.0,-0.9609375,0.61328125,-2.55078125,0
51229418.0,6032.0,1.0,0.8117675781,0.2037963867,0.5411987305,-0.0814208984
51232386.0,2968.0,0.0,0.15234375,0.5625,-2.33203125,0
51239418.0,7032.0,1.0,0.8083496094,0.2067260742,0.5450439453,-0.0822753906
51242386.0,2968.0,0.0,-0.5078125,0.5546875,-2.26953125,0
51249418.0,7032.0,1.0,0.8049316406,0.2095336914,0.5488891602,-0.0831298828
51252386.0,2968.0,0.0,-1.90234375,0.7578125,-2.4609375,0
51259418.0,7032.0,1.0,0.8014526367,0.2122192383,0.5528564453,-0.0838623047
51262386.0,2968.0,0.0,-3.2109375,0.94140625,-2.65625,0
51269418.0,7032.0,1.0,0.7979125977,0.2147827148,0.5568237305,-0.0844726563
51272386.0,2968.0,0.0,-4.21484375,1.00390625,-2.96875,0
51279418.0,7032.0,1.0,0.7946777344,0.2171020508,0.5604858398,-0.0850219727
51282386.0,2968.0,0.0,-4.11328125,0.26953125,-3.94140625,0
51289418.0,7032.0,1.0,0.7911376953,0.2196655273,0.5643310547,-0.0856323242
51292386.0,2968.0,0.0,-3.69921875,-0.0546875,-3.74609375,0
51299418.0,7032.0,1.0,0.7876586914,0.2225341797,0.5679931641,-0.0864868164
51303386.0,3968.0,0.0,-3.1015625,-0.55859375,-3.56640625,0
51309418.0,6032.0,1.0,0.7841186523,0.2256469727,0.571472168,-0.0875244141
51312386.0,2968.0,0.0,-2.38671875,-0.46875,-2.9921875,0
51319418.0,7032.0,1.0,0.7806396484,0.2287597656,0.5748291016,-0.0886230469
51322386.0,2968.0,0.0,-2.2109375,1.2421875,-3.65625,0
51334418.0,12032.0,1.0,0.7770996094,0.2313842773,0.5784301758,-0.0895385742
51338386.0,3968.0,0.0,-3.30078125,3.1484375,-5.34765625,0
51341418.0,3032.0,1.0,0.7738037109,0.2330322266,0.58203125,-0.0901489258
51344386.0,2968.0,0.0,-3.62109375,0.84765625,-4.41015625,0
51349418.0,5032.0,1.0,0.7706298828,0.2343139648,0.5856323242,-0.0908203125
51352386.0,2968.0,0.0,-3.59765625,0.86328125,-4.30859375,0
51359418.0,7032.0,1.0,0.7677612305,0.2352905273,0.5888671875,-0.0916748047
51362386.0,2968.0,0.0,-2.30859375,2.18359375,-4.484375,0
51369418.0,7032.0,1.0,0.7650146484,0.2354736328,0.5922851563,-0.0921630859
51372386.0,2968.0,0.0,-2.4765625,1.80859375,-3.515625,0
51379418.0,7032.0,1.0,0.7625732422,0.2348632813,0.595703125,-0.0922241211
51382386.0,2968.0,0.0,-2.578125,1.72265625,-2.55078125,0
51389418.0,7032.0,1.0,0.7601318359,0.2340087891,0.5991210938,-0.0920410156
51392386.0,2968.0,0.0,-2.35546875,1.2578125,-2.6328125,0
51399418.0,7032.0,1.0,0.7577514648,0.2330932617,0.6025390625,-0.091796875
51402386.0,2968.0,0.0,-2.68359375,1.43359375,-1.13671875,0
51409418.0,7032.0,1.0,0.7553710938,0.232421875,0.6058349609,-0.0916137695
51412386.0,2968.0,0.0,-2.4765625,1.03515625,-1.05859375,0
51419418.0,7032.0,1.0,0.7529296875,0.2321777344,0.6089477539,-0.0915527344
51422386.0,2968.0,0.0,-2.14453125,1.3203125,-1.74609375,0
51429418.0,7032.0,1.0,0.7504882813,0.2323608398,0.6118774414,-0.0916137695
51432386.0,2968.0,0.0,-0.98828125,0.0234375,-2.359375,0
51439418.0,7032.0,1.0,0.7479248047,0.2331542969,0.6146240234,-0.0919189453
51442386.0,2968.0,0.0,-0.7734375,-0.37890625,-2.08203125,0
51449418.0,7032.0,1.0,0.7453613281,0.234375,0.6171875,-0.0924072266
51452386.0,2968.0,0.0,-0.3828125,0.6171875,-2.4296875,0
51459418.0,7032.0,1.0,0.7427978516,0.2360229492,0.6195678711,-0.092956543
51462386.0,2968.0,0.0,-0.4140625,-0.08203125,-1.47265625,0
51469418.0,7032.0,1.0,0.7401733398,0.2379150391,0.6219482422,-0.0934448242
51472386.0,2968.0,0.0,-0.16796875,-1.1171875,0.30078125,0
51479418.0,7032.0,1.0,0.7372436523,0.2401123047,0.6245117188,-0.0938110352
51482386.0,2968.0,0.0,-0.66796875,-1.23828125,0.578125,0
51489418.0,7032.0,1.0,0.7343139648,0.2423706055,0.6270751953,-0.0938720703
51492386.0,2968.0,0.0,-1.46484375,-1.9375,0.2109375,0
51499418.0,7032.0,1.0,0.7315673828,0.2445678711,0.6294555664,-0.0938110352
51502386.0,2968.0,0.0,-2.296875,-1.65234375,-0.9375,0
51509418.0,7032.0,1.0,0.7290649414,0.2467041016,0.6315307617,-0.0936279297
51512386.0,2968.0,0.0,-2.8359375,-0.21484375,-2.96484375,0
51519418.0,7032.0,1.0,0.7265014648,0.2489624023,0.633605957,-0.0935058594
51522386.0,2968.0,0.0,-1.2265625,0.26953125,-2.4296875,0
51529418.0,7032.0,1.0,0.7239990234,0.2510986328,0.6356201172,-0.0934448242
51532386.0,2968.0,0.0,0.27734375,-0.3984375,-0.08984375,0
51539418.0,7032.0,1.0,0.7214355469,0.2530517578,0.6378173828,-0.0933837891
51542386.0,2968.0,0.0,1.84765625,-1.1015625,1.13671875,0
51554418.0,12032.0,1.0,0.71875,0.2547607422,0.6401977539,-0.0932617188
51558386.0,3968.0,0.0,0.0546875,0.4296875,-0.31640625,0
51561418.0,3032.0,1.0,0.7160644531,0.2560424805,0.6427001953,-0.0930175781
51564386.0,2968.0,0.0,0.0546875,0.4296875,-0.23046875,0
51569418.0,5032.0,1.0,0.7133789063,0.2569580078,0.645324707,-0.092956543
51572386.0,2968.0,0.0,-0.703125,1.08203125,-1.5703125,0
51579418.0,7032.0,1.0,0.7109375,0.2575073242,0.6477661133,-0.0930175781
51582386.0,2968.0,0.0,-1.01171875,2.5078125,-2.80078125,0
51589418.0,7032.0,1.0,0.7086791992,0.2574462891,0.6502685547,-0.0930786133
51592386.0,2968.0,0.0,0.30078125,2.3671875,-1.0859375,0
51599418.0,7032.0,1.0,0.7064819336,0.2567138672,0.6529541016,-0.0928344727
51603386.0,3968.0,0.0,0.8046875,1.84765625,-0.1015625,0
51609418.0,6032.0,1.0,0.7043457031,0.2554321289,0.6558227539,-0.0923461914
51612386.0,2968.0,0.0,0.69140625,2.1484375,0.2265625,0
51619418.0,7032.0,1.0,0.7022705078,0.2536010742,0.6588745117,-0.0914306641
51622386.0,2968.0,0.0,-0.13671875,1.56640625,-0.390625,0
51629418.0,7032.0,1.0,0.700378418,0.2515869141,0.6618652344,-0.0903320313
51632386.0,2968.0,0.0,-0.12890625,1.3125,-0.52734375,0
51639418.0,7032.0,1.0,0.6984863281,0.2495117188,0.6647949219,-0.0891113281
51643386.0,3968.0,0.0,-0.3203125,1.0390625,0.03125,0
51649418.0,6032.0,1.0,0.6965332031,0.2476806641,0.6676025391,-0.0879516602
51652386.0,2968.0,0.0,-0.54296875,0.75390625,-0.13671875,0
51659418.0,7032.0,1.0,0.6945800781,0.2463378906,0.6702880859,-0.0867919922
51662386.0,2968.0,0.0,-0.2734375,0.34765625,0.53125,0
51669418.0,7032.0,1.0,0.6923828125,0.245300293,0.6730957031,-0.0855712891
51672386.0,2968.0,0.0,-0.04296875,-0.01953125,1.453125,0
51679418.0,7032.0,1.0,0.6900634766,0.2448120117,0.6758422852,-0.0843505859
51683386.0,3968.0,0.0,0.30078125,0.2109375,1.859375,0
51689418.0,6032.0,1.0,0.6876831055,0.2446289063,0.678527832,-0.0830078125
51692386.0,2968.0,0.0,0.29296875,-0.2578125,1.5859375,0
51699418.0,7032.0,1.0,0.6852416992,0.2447509766,0.6810913086,-0.0816040039
51702386.0,2968.0,0.0,-0.3515625,-0.21875,0.35546875,0
51709418.0,7032.0,1.0,0.6826782227,0.2450561523,0.6837158203,-0.0799560547
51712386.0,2968.0,0.0,-0.59765625,-0.609375,-0.1796875,0
51719418.0,7032.0,1.0,0.6802368164,0.2456054688,0.6861572266,-0.0783691406
51722386.0,2968.0,0.0,-0.44921875,-0.5859375,0.234375,0
51729418.0,7032.0,1.0,0.6776733398,0.2463378906,0.688659668,-0.0767211914
51732386.0,2968.0,0.0,-0.34375,-1.0234375,0.92578125,0
51739418.0,7032.0,1.0,0.674987793,0.2471313477,0.6911621094,-0.075012207
51742386.0,2968.0,0.0,-0.4296875,-1.421875,1.9921875,0
51749418.0,7032.0,1.0,0.6722412109,0.2479858398,0.6936645508,-0.0733032227
51752386.0,2968.0,0.0,-0.7109375,-1.484375,1.6171875,0
51759418.0,7032.0,1.0,0.6695556641,0.2487182617,0.6962280273,-0.0715332031
51762386.0,2968.0,0.0,-0.98828125,-1.4609375,0.69140625,0
51769418.0,7032.0,1.0,0.6668701172,0.2493286133,0.6987915039,-0.0698242188
51772386.0,2968.0,0.0,-0.61328125,-1.125,0.00390625,0
51779418.0,7032.0,1.0,0.6642456055,0.2495727539,0.7013549805,-0.0680541992
51782386.0,2968.0,0.0,0.0625,-1.5234375,-1.1796875,0
51789418.0,7032.0,1.0,0.6617431641,0.2493896484,0.703918457,-0.0662231445
51792386.0,2968.0,0.0,0.62109375,-0.45703125,-1.234375,0
51800418.0,8032.0,1.0,0.6594238281,0.2485961914,0.7066040039,-0.0642089844
51803386.0,2968.0,0.0,1.609375,0.19140625,-0.13671875,0
51810418.0,7032.0,1.0,0.6572265625,0.2471923828,0.7092895508,-0.0620117187
51813386.0,2968.0,0.0,2.63671875,-0.0078125,1.2421875,0
51823418.0,10032.0,1.0,0.6549072266,0.2450561523,0.7124023438,-0.0593261719
51826386.0,2968.0,0.0,1.4765625,0.0,1.3046875,0
51830418.0,4032.0,1.0,0.6527099609,0.2425537109,0.7155151367,-0.0563964844
51833386.0,2968.0,0.0,0.015625,0.23828125,1.25390625,0
51840418.0,7032.0,1.0,0.6505126953,0.2396240234,0.71875,-0.0531005859
51843386.0,2968.0,0.0,-0.8046875,0.35546875,0.58984375,0
51849418.0,6032.0,1.0,0.6484985352,0.2370605469,0.7216186523,-0.0500488281
51852386.0,2968.0,0.0,-0.58203125,0.046875,0.90234375,0
51859418.0,7032.0,1.0,0.6462402344,0.2348022461,0.724609375,-0.0469970703
51862386.0,2968.0,0.0,0.21484375,0.23828125,2.0078125,0
51869418.0,7032.0,1.0,0.643737793,0.2331542969,0.7274780273,-0.044128418
51872386.0,2968.0,0.0,0.3125,-0.34375,2.19140625,0
51880418.0,8032.0,1.0,0.6410522461,0.2321777344,0.7304077148,-0.0413818359
51883386.0,2968.0,0.0,0.3359375,-0.85546875,2.0703125,0
51889418.0,6032.0,1.0,0.6383056641,0.2319335938,0.7329711914,-0.0390014648
51892386.0,2968.0,0.0,1.0078125,-1.41015625,0.83984375,0
51899418.0,7032.0,1.0,0.6352539063,0.2323608398,0.7355957031,-0.0366210937
51902386.0,2968.0,0.0,0.6796875,-1.31640625,0.91015625,0
51909418.0,7032.0,1.0,0.6319580078,0.233581543,0.7381591797,-0.0346069336
51912386.0,2968.0,0.0,0.6484375,-1.2734375,0.7734375,0
51920418.0,8032.0,1.0,0.6286010742,0.2353515625,0.7405395508,-0.0328369141
51923386.0,2968.0,0.0,0.8828125,-0.56640625,0.0859375,0
51929418.0,6032.0,1.0,0.625,0.2374267578,0.742980957,-0.0310058594
51932386.0,2968.0,0.0,0.78515625,-0.98828125,1.58984375,0
51939418.0,7032.0,1.0,0.6213989258,0.2396240234,0.7454223633,-0.0291137695
51942386.0,2968.0,0.0,0.984375,-1.01953125,1.4453125,0
51949418.0,7032.0,1.0,0.6177368164,0.2418823242,0.7477416992,-0.0269775391
51952386.0,2968.0,0.0,0.67578125,-0.8671875,1.38671875,0
51960418.0,8032.0,1.0,0.614074707,0.2443237305,0.7500610352,-0.0247192383
51963386.0,2968.0,0.0,0.25390625,-1.05859375,1.2421875,0
51969418.0,6032.0,1.0,0.6102294922,0.2470092773,0.7523803711,-0.0225830078
51972386.0,2968.0,0.0,-0.859375,-2.90625,1.7578125,0
51979418.0,7032.0,1.0,0.6063232422,0.25,0.7546386719,-0.020690918
51982386.0,2968.0,0.0,-1.203125,-2.21875,1.4609375,0
51990418.0,8032.0,1.0,0.6022949219,0.253112793,0.7568359375,-0.0190429688
51993386.0,2968.0,0.0,-1.35546875,-2.05859375,1.24609375,0
51999418.0,6032.0,1.0,0.5982055664,0.2561645508,0.7590942383,-0.0175170898
52002386.0,2968.0,0.0,-1.203125,-2.47265625,0.84375,0
52014418.0,12032.0,1.0,0.5942993164,0.2588500977,0.7612915039,-0.0161743164
52018386.0,3968.0,0.0,-1.13671875,0.33203125,-0.17578125,0
52021418.0,3032.0,1.0,0.5902099609,0.2612304688,0.763671875,-0.0147094727
52024386.0,2968.0,0.0,-1.17578125,0.30859375,-0.08984375,0
52030418.0,6032.0,1.0,0.5861816406,0.2629394531,0.7661743164,-0.0129394531
52033386.0,2968.0,0.0,-0.40234375,0.97265625,0.89453125,0
52039418.0,6032.0,1.0,0.5824584961,0.2639770508,0.768737793,-0.0111083984
52042386.0,2968.0,0.0,1.3984375,0.765625,1.5546875,0
52049418.0,7032.0,1.0,0.5784912109,0.2645263672,0.7715454102,-0.0090332031
52052386.0,2968.0,0.0,1.50390625,1.8515625,1.171875,0
52059418.0,7032.0,1.0,0.5747680664,0.2645263672,0.7743530273,-0.0067749023
52062386.0,2968.0,0.0,1.80859375,1.80859375,0.41015625,0
52069418.0,7032.0,1.0,0.571105957,0.2639770508,0.7772827148,-0.0042724609
52072386.0,2968.0,0.0,1.28125,1.453125,-0.31640625,0
52079418.0,7032.0,1.0,0.5677490234,0.2631225586,0.7800292969,-0.0017700195
52082386.0,2968.0,0.0,-0.98046875,2.2421875,-1.3203125,0
52089418.0,7032.0,1.0,0.5642089844,0.2618408203,0.7830200195,0.0012207031
52092386.0,2968.0,0.0,-1.93359375,2.0078125,-0.8671875,0
52099418.0,7032.0,1.0,0.5609741211,0.2604370117,0.7857666016,0.0040893555
52103386.0,3968.0,0.0,-1.92578125,1.796875,-0.10546875,0
52109418.0,6032.0,1.0,0.5576782227,0.2587890625,0.7886352539,0.0070800781
52112386.0,2968.0,0.0,-1.65625,1.4453125,0.65234375,0
52120418.0,8032.0,1.0,0.5543212891,0.2570800781,0.7915039063,0.0102539063
52123386.0,2968.0,0.0,-0.81640625,-0.25390625,2.29296875,0
52129418.0,6032.0,1.0,0.5509643555,0.2554931641,0.7943115234,0.0134277344
52132386.0,2968.0,0.0,-0.38671875,-0.0390625,2.08984375,0
52140418.0,8032.0,1.0,0.5474853516,0.2540283203,0.7971801758,0.0169067383
52143386.0,2968.0,0.0,-0.39453125,0.01171875,1.4296875,0
52150418.0,7032.0,1.0,0.5440673828,0.252746582,0.7998046875,0.0203857422
52153386.0,2968.0,0.0,-0.51171875,0.02734375,0.6953125,0
52159418.0,6032.0,1.0,0.5405883789,0.251953125,0.8023071289,0.0236816406
52162386.0,2968.0,0.0,-0.21484375,-0.00390625,0.375,0
52169418.0,7032.0,1.0,0.5369262695,0.2516479492,0.8047485352,0.0267333984
52172386.0,2968.0,0.0,0.09375,-0.52734375,0.453125,0
52180418.0,8032.0,1.0,0.5330200195,0.2518920898,0.8071899414,0.029296875
52183386.0,2968.0,0.0,0.3828125,0.484375,0.2578125,0
52189418.0,6032.0,1.0,0.5292358398,0.2524414063,0.8094482422,0.0314941406
52192386.0,2968.0,0.0,0.83203125,0.578125,0.10546875,0
52202418.0,10032.0,1.0,0.5250854492,0.2534179688,0.8117675781,0.0335083008
52205386.0,2968.0,0.0,-0.9765625,0.1328125,0.03125,0
52209418.0,4032.0,1.0,0.5209350586,0.2546386719,0.8139648438,0.0352172852
52212386.0,2968.0,0.0,-2.140625,-0.49609375,-0.24609375,0
52220418.0,8032.0,1.0,0.5167236328,0.2561035156,0.8161010742,0.0366821289
52223386.0,2968.0,0.0,-2.76953125,-0.3671875,-0.234375,0
52229418.0,6032.0,1.0,0.5127563477,0.2575683594,0.8181152344,0.0380249023
52232386.0,2968.0,0.0,-2.08984375,-0.23046875,-0.08984375,0
52240418.0,8032.0,1.0,0.5086669922,0.258972168,0.8201293945,0.0394287109
52243386.0,2968.0,0.0,-1.53125,-0.62890625,1.0234375,0
52249418.0,6032.0,1.0,0.504699707,0.2601928711,0.8221435547,0.0409545898
52252386.0,2968.0,0.0,-1.1953125,-0.71875,1.8984375,0
52260418.0,8032.0,1.0,0.5006713867,0.2611083984,0.82421875,0.0428466797
52263386.0,2968.0,0.0,-1.32421875,-0.359375,2.734375,0
52269418.0,6032.0,1.0,0.4968261719,0.2618408203,0.826171875,0.044921875
52272386.0,2968.0,0.0,-2.90625,0.0,1.9609375,0
52279418.0,7032.0,1.0,0.4926147461,0.2625732422,0.8283081055,0.0475463867
52282386.0,2968.0,0.0,-4.078125,0.51171875,1.421875,0
52289418.0,7032.0,1.0,0.4885253906,0.2634277344,0.8303222656,0.0501098633
52292386.0,2968.0,0.0,-4.82421875,0.328125,1.03125,0
52300418.0,8032.0,1.0,0.4845581055,0.2645874023,0.8321533203,0.0524902344
52303386.0,2968.0,0.0,-4.76953125,0.1796875,0.55859375,0
52310418.0,7032.0,1.0,0.4804077148,0.2662353516,0.8338623047,0.0546264648
52313386.0,2968.0,0.0,-3.875,0.87890625,0.2421875,0
52320418.0,7032.0,1.0,0.4761962891,0.268371582,0.8354492188,0.0564575195
52324386.0,3968.0,0.0,-3.890625,1.078125,0.66015625,0
52329418.0,5032.0,1.0,0.471862793,0.2710571289,0.8369750977,0.0581054687
52332386.0,2968.0,0.0,-4.30078125,0.8984375,1.15234375,0
52340418.0,8032.0,1.0,0.4674072266,0.274230957,0.8383178711,0.059753418
52343386.0,2968.0,0.0,-5.13671875,1.62890625,1.15234375,0
52349418.0,6032.0,1.0,0.4629516602,0.2779541016,0.8394165039,0.0614013672
52352386.0,2968.0,0.0,-7.015625,1.51953125,0.6484375,0
52360418.0,8032.0,1.0,0.4584350586,0.2825317383,0.8402709961,0.0628051758
52364386.0,3968.0,0.0,-7.53515625,1.08984375,0.6015625,0
52370418.0,6032.0,1.0,0.4536743164,0.288269043,0.8408813477,0.0634765625
52373386.0,2968.0,0.0,-7.99609375,1.86328125,-0.046875,0
52380418.0,7032.0,1.0,0.4486083984,0.2952880859,0.8411254883,0.063293457
52383386.0,2968.0,0.0,-9.1875,2.98046875,-1.4921875,0
52395418.0,12032.0,1.0,0.4434204102,0.3036499023,0.841003418,0.0620117187
52400386.0,4968.0,0.0,-11.1015625,5.5625,-3.27734375,0
52403418.0,3032.0,1.0,0.4380493164,0.3135375977,0.8403320313,0.0598754883
52406386.0,2968.0,0.0,-11.95703125,6.16015625,-3.6796875,0
52410418.0,4032.0,1.0,0.432434082,0.3256225586,0.8388671875,0.0571289062
52413386.0,2968.0,0.0,-12.05078125,6.14453125,-3.5859375,0
52420418.0,7032.0,1.0,0.4280395508,0.3368530273,0.8367919922,0.0551757812
52423386.0,2968.0,0.0,-12.73046875,9.859375,-7.1484375,0
52430418.0,7032.0,1.0,0.4245605469,0.348815918,0.8336791992,0.0551147461
52433386.0,2968.0,0.0,-12.42578125,11.16796875,-8.46484375,0
52440418.0,7032.0,1.0,0.4229736328,0.3598632813,0.8295898438,0.0582275391
52443386.0,2968.0,0.0,-12.12109375,13.2578125,-9.21484375,0
52450418.0,7032.0,1.0,0.4235229492,0.3697509766,0.8244018555,0.0650634766
52453386.0,2968.0,0.0,-11.48046875,14.02734375,-9.54296875,0
52459418.0,6032.0,1.0,0.4259643555,0.3782958984,0.8184204102,0.0748291016
52462386.0,2968.0,0.0,-9.64453125,10.17578125,-7.0390625,0
52474418.0,12032.0,1.0,0.4300537109,0.3861694336,0.8112792969,0.0878295898
52477386.0,2968.0,0.0,-8.734375,9.48828125,-6.0703125,0
52481418.0,4032.0,1.0,0.4359741211,0.3934326172,0.8026123047,0.1048583984
52484386.0,2968.0,0.0,-8.23046875,8.0859375,-4.46484375,0
52490418.0,6032.0,1.0,0.442565918,0.3988647461,0.7936401367,0.1232299805
52493386.0,2968.0,0.0,-7.92578125,5.26953125,-2.3125,0
52500418.0,7032.0,1.0,0.4486083984,0.4051513672,0.7842407227,0.1401367188
52503386.0,2968.0,0.0,-6.96875,-11.85546875,2.05859375,0
52510418.0,7032.0,1.0,0.4532470703,0.4141235352,0.7747192383,0.151184082
52513386.0,2968.0,0.0,-5.1328125,0.859375,4.015625,0
52520418.0,7032.0,1.0,0.4609375,0.4224243164,0.7633666992,0.1623535156
52523386.0,2968.0,0.0,-2.8125,19.453125,-3.19921875,0
52530418.0,7032.0,1.0,0.4765625,0.4241333008,0.7483520508,0.1813964844
52533386.0,2968.0,0.0,-1.03125,26.234375,-9.3515625,0
52540418.0,7032.0,1.0,0.5003051758,0.4177856445,0.7294311523,0.2075805664
52543386.0,2968.0,0.0,3.2734375,5.1640625,-17.20703125,0
52553418.0,10032.0,1.0,0.5267944336,0.4066772461,0.708984375,0.233215332
52556386.0,2968.0,0.0,8.43359375,-4.265625,-17.34375,0
52563418.0,7032.0,1.0,0.557434082,0.3915405273,0.6853027344,0.2575073242
52566386.0,2968.0,0.0,7.0390625,-8.75390625,-12.56640625,0
52571418.0,5032.0,1.0,0.583984375,0.378112793,0.6646728516,0.2724609375
52574386.0,2968.0,0.0,0.92578125,-18.6796875,-1.9375,0
52580418.0,6032.0,1.0,0.6079711914,0.3666381836,0.6463012695,0.2797241211
52583386.0,2968.0,0.0,1.56640625,-17.875,-0.359375,0
52593418.0,10032.0,1.0,0.6309204102,0.3555908203,0.6292114258,0.2821655273
52596386.0,2968.0,0.0,3.0390625,-13.9765625,1.23046875,0
52603418.0,7032.0,1.0,0.6558837891,0.3419189453,0.6109008789,0.2823486328
52606386.0,2968.0,0.0,4.61328125,-12.9140625,-0.0234375,0
52611418.0,5032.0,1.0,0.6791992188,0.3276367188,0.5939941406,0.2802124023
52614386.0,2968.0,0.0,8.3984375,-15.6875,-1.0,0
52620418.0,6032.0,1.0,0.7003173828,0.3139038086,0.5788574219,0.2755737305
52623386.0,2968.0,0.0,9.4765625,-15.15234375,-0.296875,0
52633418.0,10032.0,1.0,0.7200927734,0.3005981445,0.5648803711,0.2683105469
52636386.0,2968.0,0.0,9.9140625,-13.81640625,-0.3125,0
52643418.0,7032.0,1.0,0.7400512695,0.2866210938,0.5509033203,0.2583007813
52646386.0,2968.0,0.0,9.83984375,-12.36328125,-0.7578125,0
52651418.0,5032.0,1.0,0.7572631836,0.2739868164,0.5388183594,0.247253418
52654386.0,2968.0,0.0,7.5234375,-11.36328125,-1.5859375,0
52660418.0,6032.0,1.0,0.7721557617,0.2631225586,0.5284423828,0.2351074219
52663386.0,2968.0,0.0,6.61328125,-10.67578125,-1.37890625,0
52670418.0,7032.0,1.0,0.7856445313,0.2535400391,0.5190429688,0.2214355469
52673386.0,2968.0,0.0,6.140625,-9.40625,-1.109375,0
52680418.0,7032.0,1.0,0.7977905273,0.2451782227,0.5104980469,0.2067871094
52683386.0,2968.0,0.0,6.38671875,-7.80859375,-0.90625,0
52695418.0,12032.0,1.0,0.8081054688,0.2378540039,0.5031738281,0.1928100586
52699386.0,3968.0,0.0,6.7421875,-6.30078125,0.30078125,0
52702418.0,3032.0,1.0,0.8179931641,0.2304077148,0.4960327148,0.1782836914
52705386.0,2968.0,0.0,6.8203125,-6.05859375,0.08203125,0
52709418.0,4032.0,1.0,0.8266601563,0.2235107422,0.4895629883,0.1642456055
52712386.0,2968.0,0.0,6.98828125,-5.82421875,0.31640625,0
52720418.0,8032.0,1.0,0.8348999023,0.2166137695,0.4833374023,0.1497802734
52723386.0,2968.0,0.0,7.12109375,-5.49609375,0.51171875,0
52730418.0,7032.0,1.0,0.8421020508,0.2102050781,0.477722168,0.1358032227
52733386.0,2968.0,0.0,7.01171875,-5.30859375,1.03515625,0
52740418.0,7032.0,1.0,0.8482666016,0.2044067383,0.4728393555,0.1228027344
52743386.0,2968.0,0.0,6.9375,-5.328125,0.98046875,0
52750418.0,7032.0,1.0,0.8537597656,0.1990966797,0.4684448242,0.1095581055
52753386.0,2968.0,0.0,6.59375,-5.30859375,1.0,0
52760418.0,7032.0,1.0,0.8583374023,0.1948242188,0.4647216797,0.0966186523
52763386.0,2968.0,0.0,5.8515625,-5.015625,1.01171875,0
52775418.0,12032.0,1.0,0.8619384766,0.1917114258,0.4616699219,0.0844116211
52779386.0,3968.0,0.0,5.23046875,-3.31640625,1.203125,0
52782418.0,3032.0,1.0,0.8650512695,0.1892089844,0.4590454102,0.0718994141
52785386.0,2968.0,0.0,5.25390625,-3.16015625,1.1328125,0
52790418.0,5032.0,1.0,0.8674926758,0.1871337891,0.45703125,0.0602416992
52793386.0,2968.0,0.0,4.89453125,-2.41796875,1.1171875,0
52800418.0,7032.0,1.0,0.8695068359,0.1850585938,0.4553833008,0.0486450195
52803386.0,2968.0,0.0,4.3125,-1.35546875,0.54296875,0
52810418.0,7032.0,1.0,0.8709716797,0.1830444336,0.4543457031,0.0382080078
52813386.0,2968.0,0.0,4.10546875,-1.375,0.34765625,0
52820418.0,7032.0,1.0,0.8720703125,0.1811523438,0.4537963867,0.028503418
52823386.0,2968.0,0.0,3.8984375,-1.7578125,0.2109375,0
52830418.0,7032.0,1.0,0.8726806641,0.1795654297,0.4536743164,0.0192871094
52833386.0,2968.0,0.0,3.77734375,-1.72265625,-0.00390625,0
52840418.0,7032.0,1.0,0.8729248047,0.1784667969,0.4539794922,0.010925293
52843386.0,2968.0,0.0,3.9921875,-1.546875,-0.578125,0
52850418.0,7032.0,1.0,0.8727416992,0.1777954102,0.4547119141,0.0020751953
52853386.0,2968.0,0.0,3.87109375,-1.19140625,-0.9921875,0
52860418.0,7032.0,1.0,0.8721923828,0.1776733398,0.4556884766,-0.0061035156
52863386.0,2968.0,0.0,3.671875,-0.37890625,-1.58984375,0
52872418.0,9032.0,1.0,0.8715209961,0.1776733398,0.4568481445,-0.0134887695
52875386.0,2968.0,0.0,3.58984375,0.57421875,-1.91796875,0
52882418.0,7032.0,1.0,0.8706054688,0.1773681641,0.4584350586,-0.0206298828
52885386.0,2968.0,0.0,3.3125,1.29296875,-2.30859375,0
52890418.0,5032.0,1.0,0.8695678711,0.1765136719,0.4603271484,-0.0274047852
52893386.0,2968.0,0.0,3.23828125,0.99609375,-2.46875,0
52900418.0,7032.0,1.0,0.8685302734,0.1756591797,0.4622802734,-0.0330810547
52903386.0,2968.0,0.0,3.0,0.6171875,-2.4375,0
52910418.0,7032.0,1.0,0.8672485352,0.1749267578,0.4644775391,-0.0385742188
52913386.0,2968.0,0.0,2.6484375,0.48828125,-2.30078125,0
52920418.0,7032.0,1.0,0.8658447266,0.174621582,0.466796875,-0.0436401367
52923386.0,2968.0,0.0,2.11328125,0.12890625,-2.4140625,0
52930418.0,7032.0,1.0,0.8642578125,0.1746826172,0.4692382813,-0.0484008789
52933386.0,2968.0,0.0,2.22265625,0.13671875,-2.4453125,0
52940418.0,7032.0,1.0,0.8625488281,0.1750488281,0.471862793,-0.0528564453
52943386.0,2968.0,0.0,2.3671875,0.4140625,-2.7734375,0
52950418.0,7032.0,1.0,0.8607177734,0.1754150391,0.4744873047,-0.0567016602
52953386.0,2968.0,0.0,2.5234375,0.56640625,-2.7265625,0
52960418.0,7032.0,1.0,0.8588867188,0.17578125,0.4772949219,-0.0601196289
52963386.0,2968.0,0.0,2.5546875,0.60546875,-2.6640625,0
52970418.0,7032.0,1.0,0.8569946289,0.1763305664,0.4801635742,-0.0630493164
52973386.0,2968.0,0.0,2.1171875,0.75390625,-2.9921875,0
52980418.0,7032.0,1.0,0.8551025391,0.1767578125,0.4830322266,-0.0655517578
52983386.0,2968.0,0.0,1.734375,0.96875,-3.08203125,0
52990418.0,7032.0,1.0,0.8532714844,0.1770629883,0.4858398438,-0.0673828125
52993386.0,2968.0,0.0,0.46484375,0.875,-2.72265625,0
53000418.0,7032.0,1.0,0.8514404297,0.1773681641,0.4887695313,-0.0688476563
53003386.0,2968.0,0.0,-0.05859375,0.9375,-3.125,0
53010418.0,7032.0,1.0,0.8495483398,0.177734375,0.4916381836,-0.0699462891
53013386.0,2968.0,0.0,-0.79296875,0.9453125,-3.5625,0
53020418.0,7032.0,1.0,0.8477783203,0.1782226563,0.4945068359,-0.0708618164
53023386.0,2968.0,0.0,-1.3046875,1.07421875,-3.4609375,0
53030418.0,7032.0,1.0,0.8459472656,0.1787719727,0.497253418,-0.0715942383
53033386.0,2968.0,0.0,-2.38671875,1.12109375,-4.05078125,0
53040418.0,7032.0,1.0,0.8440551758,0.1793212891,0.5001831055,-0.072265625
53043386.0,2968.0,0.0,-2.859375,1.328125,-3.91796875,0
53050418.0,7032.0,1.0,0.8422241211,0.1796875,0.503112793,-0.0726928711
53053386.0,2968.0,0.0,-3.3359375,0.9921875,-3.05078125,0
53060418.0,7032.0,1.0,0.8403930664,0.1797485352,0.5061035156,-0.0728759766
53063386.0,2968.0,0.0,-3.33984375,0.6171875,-2.875,0
53075418.0,12032.0,1.0,0.8386230469,0.1795043945,0.5091552734,-0.0726928711
53079386.0,3968.0,0.0,-2.8203125,-1.21484375,-1.5078125,0
53082418.0,3032.0,1.0,0.8366699219,0.1793212891,0.5124511719,-0.0723266602
53085386.0,2968.0,0.0,-2.796875,-1.19140625,-1.4375,0
53090418.0,5032.0,1.0,0.8344116211,0.1793823242,0.5161132813,-0.0720214844
53093386.0,2968.0,0.0,-2.6875,-0.5,-1.3203125,0
53100418.0,7032.0,1.0,0.8321533203,0.1799926758,0.5195922852,-0.0718994141
53103386.0,2968.0,0.0,-2.3125,-0.609375,-0.984375,0
53110418.0,7032.0,1.0,0.8295898438,0.1810913086,0.5232543945,-0.0720214844
53113386.0,2968.0,0.0,-1.3984375,-1.2578125,-1.28125,0
53120418.0,7032.0,1.0,0.8267822266,0.1828613281,0.5270385742,-0.0724487305
53123386.0,2968.0,0.0,-0.83203125,-1.421875,-1.4921875,0
53130418.0,7032.0,1.0,0.8236694336,0.1851806641,0.5309448242,-0.0731201172
53133386.0,2968.0,0.0,-0.6484375,-1.0546875,-1.58203125,0
53140418.0,7032.0,1.0,0.8203735352,0.1881713867,0.5349121094,-0.0739746094
53143386.0,2968.0,0.0,-2.41015625,0.42578125,-3.3203125,0
53150418.0,7032.0,1.0,0.8168334961,0.1917114258,0.5388793945,-0.075012207
53153386.0,2968.0,0.0,-3.0390625,1.58203125,-4.015625,0
53160418.0,7032.0,1.0,0.8133544922,0.1955566406,0.5426025391,-0.0761108398
53163386.0,2968.0,0.0,-3.11328125,2.625,-4.328125,0
53170418.0,7032.0,1.0,0.8098144531,0.1995849609,0.5462646484,-0.0772094727
53173386.0,2968.0,0.0,-2.5546875,2.28515625,-3.7109375,0
53180418.0,7032.0,1.0,0.8062133789,0.2036132813,0.549987793,-0.0781860352
53183386.0,2968.0,0.0,-1.41015625,1.01953125,-2.18359375,0
53190418.0,7032.0,1.0,0.8023681641,0.2076416016,0.553894043,-0.0790405273
53193386.0,2968.0,0.0,-1.83984375,0.57421875,-2.26171875,0
53200418.0,7032.0,1.0,0.7984619141,0.2116699219,0.5579223633,-0.0797729492
53203386.0,2968.0,0.0,-2.66015625,0.84375,-2.75390625,0
53210418.0,7032.0,1.0,0.7946166992,0.2154541016,0.5618896484,-0.0804443359
53213386.0,2968.0,0.0,-3.25,1.1953125,-3.81640625,0
53220418.0,7032.0,1.0,0.7910766602,0.2186889648,0.5654907227,-0.0809326172
53223386.0,2968.0,0.0,-4.44140625,1.44140625,-5.38671875,0
53230418.0,7032.0,1.0,0.7872924805,0.221862793,0.5694580078,-0.0815429688
53233386.0,2968.0,0.0,-4.49609375,2.0,-5.4296875,0
53240418.0,7032.0,1.0,0.7838745117,0.2244873047,0.573059082,-0.0822143555
53244386.0,3968.0,0.0,-4.48046875,2.2890625,-4.9375,0
53250418.0,6032.0,1.0,0.7807006836,0.2265014648,0.5765380859,-0.082824707
53253386.0,2968.0,0.0,-4.15234375,2.25,-5.02734375,0
53263418.0,10032.0,1.0,0.7774658203,0.2280883789,0.5802001953,-0.0833740234
53266386.0,2968.0,0.0,-3.390625,2.17578125,-4.390625,0
53270418.0,4032.0,1.0,0.7742919922,0.2288818359,0.583984375,-0.0836791992
53273386.0,2968.0,0.0,-2.6015625,2.82421875,-4.44140625,0
53280418.0,7032.0,1.0,0.771484375,0.2286376953,0.5878295898,-0.0834960938
53283386.0,2968.0,0.0,-2.6953125,2.50390625,-4.81640625,0
53290418.0,7032.0,1.0,0.7689208984,0.2275390625,0.5916748047,-0.0830078125
53293386.0,2968.0,0.0,-3.28125,2.11328125,-4.73046875,0
53300418.0,7032.0,1.0,0.7667236328,0.2258300781,0.5952758789,-0.0822143555
53303386.0,2968.0,0.0,-3.03125,0.4609375,-4.92578125,0
53310418.0,7032.0,1.0,0.7646484375,0.2240600586,0.5986938477,-0.0814208984
53313386.0,2968.0,0.0,-3.3203125,0.33203125,-4.6953125,0
53320418.0,7032.0,1.0,0.7626953125,0.22265625,0.6018066406,-0.080871582
53323386.0,2968.0,0.0,-3.13671875,1.55078125,-3.74609375,0
53330418.0,7032.0,1.0,0.7607421875,0.2216186523,0.6047363281,-0.0803222656
53333386.0,2968.0,0.0,-2.31640625,-0.6875,-0.6640625,0
53340418.0,7032.0,1.0,0.758605957,0.2210693359,0.6076660156,-0.0798339844
53343386.0,2968.0,0.0,-2.23046875,-0.6015625,-0.43359375,0
53350418.0,7032.0,1.0,0.7562255859,0.2214355469,0.6105957031,-0.0794677734
53353386.0,2968.0,0.0,-2.78125,-0.3671875,-0.546875,0
53361418.0,8032.0,1.0,0.7536010742,0.22265625,0.6133422852,-0.0793457031
53364386.0,2968.0,0.0,-3.6171875,0.1640625,-0.91796875,0
53370418.0,6032.0,1.0,0.7510375977,0.2247314453,0.6157226563,-0.0795288086
53373386.0,2968.0,0.0,-3.640625,-1.37890625,-0.6484375,0
53380418.0,7032.0,1.0,0.7482299805,0.2276000977,0.6180419922,-0.0799560547
53383386.0,2968.0,0.0,-3.36328125,-1.25390625,-0.2578125,0
53390418.0,7032.0,1.0,0.7452392578,0.2311401367,0.620300293,-0.0805664063
53393386.0,2968.0,0.0,-2.78125,-0.93359375,-1.234375,0
53400418.0,7032.0,1.0,0.7421264648,0.2350463867,0.6223754883,-0.0812988281
53403386.0,2968.0,0.0,-1.90234375,-0.54296875,-1.48828125,0
53410418.0,7032.0,1.0,0.7391967773,0.2390136719,0.6243286133,-0.0821533203
53413386.0,2968.0,0.0,0.47265625,-0.56640625,-1.35546875,0
53420418.0,7032.0,1.0,0.7359619141,0.243347168,0.6262817383,-0.0830078125
53423386.0,2968.0,0.0,0.7890625,-0.03125,-1.73046875,0
53430418.0,7032.0,1.0,0.7329101563,0.2471313477,0.6282958984,-0.0836181641
53433386.0,2968.0,0.0,0.671875,0.21484375,-2.09375,0
53441418.0,8032.0,1.0,0.7299804688,0.2503662109,0.6304321289,-0.0839233398
53444386.0,2968.0,0.0,0.2890625,0.15234375,-1.93359375,0
53456418.0,12032.0,1.0,0.7272949219,0.252746582,0.6325683594,-0.0838623047
53461418.0,5000.0,1.0,0.7246704102,0.2545776367,0.6348876953,-0.0835571289
53463386.0,1968.0,0.0,1.25390625,0.15234375,-1.84375,0
53470418.0,7032.0,1.0,0.7222290039,0.2556762695,0.6372070313,-0.0831298828
53473386.0,2968.0,0.0,1.33984375,0.87890625,-2.07421875,0
53481418.0,8032.0,1.0,0.7200317383,0.2560424805,0.6396484375,-0.0825805664
53484386.0,2968.0,0.0,1.53125,0.49609375,-1.734375,0
53490418.0,6032.0,1.0,0.7178344727,0.2557983398,0.6423339844,-0.0818481445
53493386.0,2968.0,0.0,1.26953125,0.39453125,0.13671875,0
53500418.0,7032.0,1.0,0.715637207,0.2551879883,0.6451416016,-0.0810546875
53503386.0,2968.0,0.0,0.58203125,0.17578125,0.12890625,0
53510418.0,7032.0,1.0,0.7133789063,0.2542724609,0.6480712891,-0.0802612305
53513386.0,2968.0,0.0,-0.3203125,0.41796875,0.0,0
53520418.0,7032.0,1.0,0.7111206055,0.2532348633,0.6510009766,-0.0795898438
53523386.0,2968.0,0.0,-1.00390625,0.7890625,-0.92578125,0
53530418.0,7032.0,1.0,0.7091064453,0.2521972656,0.6537475586,-0.0791015625
53533386.0,2968.0,0.0,-0.54296875,1.078125,-1.16796875,0
53540418.0,7032.0,1.0,0.7070922852,0.2510986328,0.6563110352,-0.0787963867
53544386.0,3968.0,0.0,0.421875,0.94921875,-1.59765625,0
53550418.0,6032.0,1.0,0.7050170898,0.2501220703,0.6589355469,-0.0785522461
53553386.0,2968.0,0.0,1.30859375,0.7421875,-0.9296875,0
53560418.0,7032.0,1.0,0.7028808594,0.2492675781,0.6616210938,-0.0783081055
53563386.0,2968.0,0.0,0.93359375,1.109375,0.09765625,0
53570418.0,7032.0,1.0,0.7006835938,0.2484130859,0.6643066406,-0.0778198242
53573386.0,2968.0,0.0,0.515625,0.94140625,0.32421875,0
53580418.0,7032.0,1.0,0.6984863281,0.2476806641,0.6669311523,-0.0772094727
53584386.0,3968.0,0.0,0.16796875,0.60546875,0.84375,0
53590418.0,6032.0,1.0,0.6962280273,0.2471923828,0.6695556641,-0.0764770508
53593386.0,2968.0,0.0,-0.08984375,0.62109375,1.0234375,0
53600418.0,7032.0,1.0,0.6940917969,0.2470092773,0.6719360352,-0.0756225586
53603386.0,2968.0,0.0,0.13671875,-0.05859375,0.51953125,0
53610418.0,7032.0,1.0,0.6917724609,0.2471923828,0.6743774414,-0.0746459961
53613386.0,2968.0,0.0,0.24609375,-0.52734375,0.43359375,0
53620418.0,7032.0,1.0,0.689453125,0.2478027344,0.6766357422,-0.0736694336
53624386.0,3968.0,0.0,0.28515625,-0.7265625,0.26953125,0
53630418.0,6032.0,1.0,0.6870117188,0.2485961914,0.678894043,-0.0725708008
53633386.0,2968.0,0.0,-0.48828125,-0.62109375,0.33984375,0
53640418.0,7032.0,1.0,0.6846923828,0.2494506836,0.6810913086,-0.0713500977
53643386.0,2968.0,0.0,-2.296875,-0.58984375,1.13671875,0
53650418.0,7032.0,1.0,0.6821289063,0.2503051758,0.6834716797,-0.0698852539
53653386.0,2968.0,0.0,-2.0,-0.60546875,0.87109375,0
53660418.0,7032.0,1.0,0.6796875,0.251159668,0.6857299805,-0.068359375
53663386.0,2968.0,0.0,-1.39453125,-0.51171875,0.47265625,0
53670418.0,7032.0,1.0,0.6773681641,0.2518920898,0.6879272461,-0.0669555664
53673386.0,2968.0,0.0,-0.63671875,-0.8359375,0.55078125,0
53680418.0,7032.0,1.0,0.6749267578,0.2526245117,0.6901855469,-0.0654907227
53683386.0,2968.0,0.0,1.1875,-0.765625,1.30078125,0
53690418.0,7032.0,1.0,0.6725463867,0.253112793,0.6924438477,-0.0641479492
53693386.0,2968.0,0.0,0.22265625,-0.890625,1.3359375,0
53701418.0,8032.0,1.0,0.6700439453,0.2534179688,0.6949462891,-0.0627441406
53704386.0,2968.0,0.0,-0.515625,-0.4765625,0.9453125,0
53710418.0,6032.0,1.0,0.6675415039,0.2533569336,0.6974487305,-0.061340332
53713386.0,2968.0,0.0,-1.01953125,-0.1328125,1.09375,0
53720418.0,7032.0,1.0,0.6651611328,0.2529907227,0.700012207,-0.0598754883
53723386.0,2968.0,0.0,-1.5625,0.47265625,0.5859375,0
53733418.0,10032.0,1.0,0.6629638672,0.2521972656,0.7025146484,-0.0583496094
53736386.0,2968.0,0.0,-1.03515625,0.85546875,0.22265625,0
53743418.0,7032.0,1.0,0.6607055664,0.2509765625,0.7051391602,-0.0567016602
53746386.0,2968.0,0.0,-0.125,0.59765625,0.015625,0
53750418.0,4032.0,1.0,0.6585693359,0.2493286133,0.7078857422,-0.0550537109
53753386.0,2968.0,0.0,0.59765625,1.03515625,-0.49609375,0
53760418.0,7032.0,1.0,0.6564331055,0.247253418,0.7106933594,-0.0532836914
53763386.0,2968.0,0.0,0.55859375,1.125,-0.28125,0
53770418.0,7032.0,1.0,0.6543579102,0.2451782227,0.7134399414,-0.0516967773
53773386.0,2968.0,0.0,0.78125,-0.0078125,0.38671875,0
53781418.0,8032.0,1.0,0.6522216797,0.2431640625,0.7162475586,-0.0503540039
53784386.0,2968.0,0.0,0.81640625,0.12109375,0.82421875,0
53790418.0,6032.0,1.0,0.6499633789,0.241394043,0.7189331055,-0.0491333008
53793386.0,2968.0,0.0,-0.796875,1.40234375,0.50390625,0
53800418.0,7032.0,1.0,0.6475830078,0.2395019531,0.7217407227,-0.0477905273
53803386.0,2968.0,0.0,-1.06640625,1.45703125,0.7265625,0
53810418.0,7032.0,1.0,0.6454467773,0.2376098633,0.7244262695,-0.0463256836
53813386.0,2968.0,0.0,-0.921875,0.66796875,0.66796875,0
53821418.0,8032.0,1.0,0.6433105469,0.2357788086,0.7270507813,-0.0445556641
53824386.0,2968.0,0.0,-0.77734375,0.453125,0.33984375,0
53830418.0,6032.0,1.0,0.6412353516,0.2341918945,0.7294921875,-0.0427246094
53833386.0,2968.0,0.0,-0.37109375,-0.3203125,1.16015625,0
53840418.0,7032.0,1.0,0.6389160156,0.2327270508,0.7321166992,-0.0407104492
53843386.0,2968.0,0.0,-0.53125,-0.3203125,1.453125,0
53850418.0,7032.0,1.0,0.6364746094,0.2316894531,0.7346191406,-0.0386962891
53853386.0,2968.0,0.0,-0.34765625,0.17578125,1.3984375,0
53861418.0,8032.0,1.0,0.633972168,0.2310791016,0.737121582,-0.0368652344
53864386.0,2968.0,0.0,-0.1328125,-0.05078125,0.96484375,0
53870418.0,6032.0,1.0,0.6314086914,0.2307739258,0.739440918,-0.0350952148
53873386.0,2968.0,0.0,-0.07421875,0.0546875,0.453125,0
53880418.0,7032.0,1.0,0.6288452148,0.2307739258,0.7417602539,-0.0332641602
53883386.0,2968.0,0.0,0.01953125,-0.265625,0.8671875,0
53891418.0,8032.0,1.0,0.6260986328,0.2310791016,0.7440795898,-0.0314331055
53894386.0,2968.0,0.0,0.109375,-0.8203125,1.19921875,0
53901418.0,7032.0,1.0,0.6232299805,0.231628418,0.7463378906,-0.0296630859
53904386.0,2968.0,0.0,0.09375,-1.2265625,2.1484375,0
53910418.0,6032.0,1.0,0.6202392578,0.2324829102,0.7486572266,-0.0279541016
53913386.0,2968.0,0.0,-0.04296875,-1.36328125,1.65234375,0
53920418.0,7032.0,1.0,0.6171264648,0.2335205078,0.7509765625,-0.0263061523
53924386.0,3968.0,0.0,-0.79296875,-0.99609375,1.15625,0
53931418.0,7032.0,1.0,0.6140136719,0.2345581055,0.7532348633,-0.024597168
53934386.0,2968.0,0.0,-1.46875,-0.8671875,0.1171875,0
53941418.0,7032.0,1.0,0.6110229492,0.235534668,0.7554321289,-0.0228271484
53944386.0,2968.0,0.0,-1.22265625,-0.1640625,-0.12109375,0
53950418.0,6032.0,1.0,0.6080322266,0.2363891602,0.7575683594,-0.0211181641
53953386.0,2968.0,0.0,-0.98828125,-0.109375,-0.08984375,0
53961418.0,8032.0,1.0,0.6050415039,0.237121582,0.7598266602,-0.0194091797
53964386.0,2968.0,0.0,-0.703125,0.14453125,0.5546875,0
53971418.0,7032.0,1.0,0.6021118164,0.2376098633,0.7620239258,-0.0177001953
53974386.0,2968.0,0.0,0.14453125,-0.29296875,1.77734375,0
53984418.0,10032.0,1.0,0.5990600586,0.2377929688,0.764465332,-0.0158691406
53987386.0,2968.0,0.0,1.5703125,-0.68359375,2.265625,0
53991418.0,4032.0,1.0,0.5956420898,0.2376098633,0.7672119141,-0.0136108398
53994386.0,2968.0,0.0,1.73828125,-0.44140625,1.2734375,0
54001418.0,7032.0,1.0,0.5926513672,0.2371826172,0.7696533203,-0.0115356445
54004386.0,2968.0,0.0,0.94921875,-0.67578125,0.453125,0
54011418.0,7032.0,1.0,0.5895996094,0.2365112305,0.7722167969,-0.0093383789
54014386.0,2968.0,0.0,-0.0390625,-0.5703125,-0.546875,0
54020418.0,6032.0,1.0,0.5867919922,0.2357177734,0.7746582031,-0.0072021484
54023386.0,2968.0,0.0,-0.484375,0.49609375,-1.7109375,0
54030418.0,7032.0,1.0,0.5838623047,0.2344360352,0.7772216797,-0.004699707
54033386.0,2968.0,0.0,-0.25,1.16796875,-1.1875,0
54041418.0,8032.0,1.0,0.581237793,0.2329711914,0.7796630859,-0.0020751953
54044386.0,2968.0,0.0,0.234375,1.27734375,0.14453125,0
54051418.0,7032.0,1.0,0.5786132813,0.2313232422,0.7821044922,0.0008544922
54054386.0,2968.0,0.0,0.82421875,0.68359375,1.50390625,0
54061418.0,7032.0,1.0,0.5759277344,0.2295532227,0.7846069336,0.0041503906
54064386.0,2968.0,0.0,1.90234375,0.5546875,2.4765625,0
54070418.0,6032.0,1.0,0.5731201172,0.227722168,0.7871704102,0.0078125
54073386.0,2968.0,0.0,1.796875,0.37890625,2.15625,0
54081418.0,8032.0,1.0,0.5703125,0.2260742188,0.7896118164,0.01171875
54084386.0,2968.0,0.0,1.02734375,0.69140625,1.89453125,0
54091418.0,7032.0,1.0,0.5674438477,0.2246704102,0.7920532227,0.0157470703
54094386.0,2968.0,0.0,0.1171875,0.5,1.421875,0
54101418.0,7032.0,1.0,0.564453125,0.2236938477,0.7943115234,0.0195922852
54104386.0,2968.0,0.0,-1.37890625,-0.06640625,0.25,0
54111418.0,7032.0,1.0,0.5614624023,0.2232055664,0.7965087891,0.0232543945
54114386.0,2968.0,0.0,-2.453125,0.0,0.0078125,0
54121418.0,7032.0,1.0,0.5583496094,0.2230834961,0.7985839844,0.0267333984
54124386.0,2968.0,0.0,-2.68359375,-0.4609375,0.33984375,0
54131418.0,7032.0,1.0,0.5550537109,0.223449707,0.8006591797,0.0300292969
54134386.0,2968.0,0.0,-1.3046875,-1.08203125,2.20703125,0
54141418.0,7032.0,1.0,0.551574707,0.2243041992,0.802734375,0.0333251953
54144386.0,2968.0,0.0,-0.9765625,-0.31640625,2.5390625,0
54151418.0,7032.0,1.0,0.5479125977,0.2256469727,0.8046875,0.0364990234
54154386.0,2968.0,0.0,-0.5625,-0.40234375,2.6484375,0
54161418.0,7032.0,1.0,0.5440673828,0.2275390625,0.806640625,0.0395507813
54164386.0,2968.0,0.0,-0.2734375,-0.2265625,2.41796875,0
54176418.0,12032.0,1.0,0.5402832031,0.2297973633,0.8084106445,0.042175293
54181386.0,4968.0,0.0,-1.859375,-0.3515625,0.26953125,0
54184418.0,3032.0,1.0,0.5361938477,0.2327270508,0.8101196289,0.0446777344
54187386.0,2968.0,0.0,-1.9140625,-0.40625,0.34765625,0
54191418.0,4032.0,1.0,0.5317382813,0.2362060547,0.8118896484,0.0471191406
54194386.0,2968.0,0.0,-3.203125,-0.57421875,0.234375,0
54201418.0,7032.0,1.0,0.5277709961,0.2396850586,0.8133544922,0.0491943359
54204386.0,2968.0,0.0,-4.0703125,-0.8125,-0.109375,0
54210418.0,6032.0,1.0,0.5239257813,0.2432861328,0.8146972656,0.0512695312
54213386.0,2968.0,0.0,-4.77734375,-1.1953125,-0.30859375,0
54220418.0,7032.0,1.0,0.5198364258,0.2473144531,0.8159179688,0.053527832
54223386.0,2968.0,0.0,-5.10546875,-1.06640625,0.296875,0
54231418.0,8032.0,1.0,0.5158081055,0.2514648438,0.8170776367,0.0560302734
54234386.0,2968.0,0.0,-5.7890625,-0.86328125,1.48828125,0
54241418.0,7032.0,1.0,0.5117797852,0.2556762695,0.8180541992,0.0587768555
54244386.0,2968.0,0.0,-6.2421875,-0.6953125,2.09375,0
54251418.0,7032.0,1.0,0.5076904297,0.2601928711,0.8189697266,0.0618896484
54254386.0,2968.0,0.0,-6.23828125,0.23046875,2.1171875,0
54261418.0,7032.0,1.0,0.5038452148,0.2647705078,0.8196411133,0.0649414063
54264386.0,2968.0,0.0,-6.03125,0.3046875,1.7578125,0
54271418.0,7032.0,1.0,0.4998168945,0.2698364258,0.8201904297,0.0679931641
54274386.0,2968.0,0.0,-5.8125,0.04296875,1.4453125,0
54281418.0,7032.0,1.0,0.4957885742,0.2753295898,0.8206176758,0.0708618164
54284386.0,2968.0,0.0,-5.61328125,0.50390625,1.2421875,0
54291418.0,7032.0,1.0,0.4916992188,0.28125,0.8208007813,0.0734863281
54294386.0,2968.0,0.0,-6.37890625,1.49609375,1.12109375,0
54301418.0,7032.0,1.0,0.4875488281,0.287902832,0.8207397461,0.0759887695
54305386.0,3968.0,0.0,-6.96484375,1.7265625,0.69140625,0
54311418.0,6032.0,1.0,0.4834594727,0.2950439453,0.8204345703,0.0781860352
54314386.0,2968.0,0.0,-7.47265625,2.421875,-0.1171875,0
54321418.0,7032.0,1.0,0.479309082,0.3030395508,0.8197631836,0.0802612305
54324386.0,2968.0,0.0,-8.0546875,3.4140625,-2.23828125,0
54336418.0,12032.0,1.0,0.4753417969,0.3115844727,0.8186645508,0.0820922852
54341386.0,4968.0,0.0,-9.40625,6.01171875,-4.09375,0
54344418.0,3032.0,1.0,0.4716186523,0.3210449219,0.8170166016,0.0841064453
54347386.0,2968.0,0.0,-10.52734375,8.25390625,-5.140625,0
54351418.0,4032.0,1.0,0.4680175781,0.3319702148,0.8143920898,0.0868530273
54354386.0,2968.0,0.0,-10.63671875,8.13671875,-5.0859375,0
54360418.0,6032.0,1.0,0.4657592773,0.3416137695,0.8112792969,0.0905761719
54363386.0,2968.0,0.0,-11.9921875,12.140625,-7.46875,0
54371418.0,8032.0,1.0,0.4645996094,0.3518676758,0.8068237305,0.0969238281
54374386.0,2968.0,0.0,-11.7109375,14.453125,-6.55078125,0
54381418.0,7032.0,1.0,0.4650268555,0.3614501953,0.8012084961,0.1058959961
54384386.0,2968.0,0.0,-10.640625,13.57421875,-4.7890625,0
54391418.0,7032.0,1.0,0.4668579102,0.3701171875,0.7945556641,0.1173706055
54394386.0,2968.0,0.0,-8.8828125,9.140625,-3.1875,0
54400418.0,6032.0,1.0,0.4696044922,0.3778686523,0.7871704102,0.1307373047
54403386.0,2968.0,0.0,-9.16015625,6.66796875,3.17578125,0
54411418.0,8032.0,1.0,0.4735717773,0.3848876953,0.7783813477,0.1475219727
54414386.0,2968.0,0.0,-8.234375,3.6484375,1.94140625,0
54421418.0,7032.0,1.0,0.4768066406,0.3922729492,0.7695922852,0.1628417969
54424386.0,2968.0,0.0,-6.59765625,-7.41796875,2.2890625,0
54433418.0,9032.0,1.0,0.4780273438,0.4025878906,0.7615356445,0.1714477539
54436386.0,2968.0,0.0,-4.59375,-12.12109375,3.7421875,0
54443418.0,7032.0,1.0,0.4807739258,0.4146118164,0.7518310547,0.1779174805
54446386.0,2968.0,0.0,-1.2734375,21.42578125,-3.55859375,0
54450418.0,4032.0,1.0,0.4897460938,0.4213867188,0.7391967773,0.1900634766
54453386.0,2968.0,0.0,-0.609375,26.8515625,-9.2109375,0
54461418.0,8032.0,1.0,0.5076904297,0.4202270508,0.7218017578,0.2113037109
54464386.0,2968.0,0.0,0.04296875,23.0625,-14.20703125,0
54471418.0,7032.0,1.0,0.5313110352,0.4119262695,0.7015380859,0.236328125
54474386.0,2968.0,0.0,1.4296875,9.38671875,-18.08984375,0
54481418.0,7032.0,1.0,0.5573120117,0.3991699219,0.6799316406,0.2603759766
54484386.0,2968.0,0.0,7.09765625,-4.9765625,-18.34375,0
54494418.0,10032.0,1.0,0.5827026367,0.3844604492,0.6591186523,0.2797241211
54497386.0,2968.0,0.0,3.6875,-10.64453125,-9.53125,0
54504418.0,7032.0,1.0,0.6083984375,0.3696289063,0.6382446289,0.2930908203
54507386.0,2968.0,0.0,0.46484375,-18.19921875,-4.27734375,0
54512418.0,5032.0,1.0,0.6298217773,0.3588256836,0.6212158203,0.2977905273
54515386.0,2968.0,0.0,1.8671875,-15.76953125,2.0390625,0
54521418.0,6032.0,1.0,0.6502685547,0.3489990234,0.6055297852,0.2978515625
54524386.0,2968.0,0.0,4.23828125,-10.7265625,1.44921875,0
54534418.0,10032.0,1.0,0.6700439453,0.3382568359,0.5907592773,0.296081543
54537386.0,2968.0,0.0,6.0859375,-9.96875,0.2578125,0
54544418.0,7032.0,1.0,0.6920776367,0.3244628906,0.5745239258,0.2926635742
54547386.0,2968.0,0.0,7.03125,-11.7578125,0.05078125,0
54552418.0,5032.0,1.0,0.7119140625,0.3111572266,0.5601806641,0.2872314453
54555386.0,2968.0,0.0,8.12109375,-14.734375,0.8671875,0
54561418.0,6032.0,1.0,0.7294921875,0.2996826172,0.5477905273,0.2792358398
54564386.0,2968.0,0.0,8.33203125,-13.7578125,0.7890625,0
54571418.0,7032.0,1.0,0.7457885742,0.2895507813,0.5364990234,0.2684326172
54574386.0,2968.0,0.0,8.3515625,-12.1796875,0.1640625,0
54581418.0,7032.0,1.0,0.7604370117,0.2810668945,0.5266113281,0.2557983398
54584386.0,2968.0,0.0,7.9296875,-10.3828125,-0.33984375,0
54596418.0,12032.0,1.0,0.7730712891,0.2739868164,0.5181274414,0.2426757813
54600386.0,3968.0,0.0,5.359375,-5.1484375,-1.09765625,0
54603418.0,3032.0,1.0,0.7853393555,0.2667236328,0.5098876953,0.2284545898
54606386.0,2968.0,0.0,5.46875,-4.921875,-1.34765625,0
54610418.0,4032.0,1.0,0.7968139648,0.2587890625,0.5020751953,0.2145385742
54613386.0,2968.0,0.0,5.30078125,-4.40234375,-0.77734375,0
54621418.0,8032.0,1.0,0.807800293,0.2500610352,0.4945068359,0.2008666992
54624386.0,2968.0,0.0,5.39453125,-4.3046875,-0.3671875,0
54631418.0,7032.0,1.0,0.8178100586,0.2412719727,0.4876098633,0.1878051758
54634386.0,2968.0,0.0,5.12890625,-5.3671875,0.21875,0
54641418.0,7032.0,1.0,0.8268432617,0.2327880859,0.4812011719,0.1749267578
54644386.0,2968.0,0.0,4.9609375,-5.96484375,0.23828125,0
54651418.0,7032.0,1.0,0.8350219727,0.2250976563,0.4752197266,0.1619262695
54654386.0,2968.0,0.0,4.9453125,-6.421875,0.25,0
54661418.0,7032.0,1.0,0.8420410156,0.2186889648,0.4699707031,0.1491088867
54664386.0,2968.0,0.0,5.0,-6.43359375,0.3515625,0
54676418.0,12032.0,1.0,0.8480834961,0.2136230469,0.4653930664,0.1362915039
54680386.0,3968.0,0.0,4.62890625,-4.93359375,0.1875,0
54683418.0,3032.0,1.0,0.8533935547,0.2093505859,0.4612426758,0.1232299805
54686386.0,2968.0,0.0,4.66015625,-4.74609375,0.078125,0
54691418.0,5032.0,1.0,0.8583984375,0.2053222656,0.4572143555,0.1091918945
54694386.0,2968.0,0.0,4.54296875,-4.14453125,0.15234375,0
54701418.0,7032.0,1.0,0.8623046875,0.201965332,0.4541015625,0.096862793
54704386.0,2968.0,0.0,5.00390625,-3.859375,0.65234375,0
54711418.0,7032.0,1.0,0.8657836914,0.1987304688,0.4513549805,0.084777832
54714386.0,2968.0,0.0,5.02734375,-3.671875,0.91796875,0
54721418.0,7032.0,1.0,0.8687133789,0.1956176758,0.4490966797,0.0729980469
54724386.0,2968.0,0.0,4.8671875,-3.39453125,0.65625,0
54731418.0,7032.0,1.0,0.87109375,0.1929321289,0.4473266602,0.0618896484
54734386.0,2968.0,0.0,4.66796875,-3.03125,0.37890625,0
54741418.0,7032.0,1.0,0.8729248047,0.1906738281,0.446105957,0.0514526367
54744386.0,2968.0,0.0,4.5859375,-2.59375,0.0234375,0
54756418.0,12032.0,1.0,0.8743286133,0.1888427734,0.4452514648,0.0410766602
54760386.0,3968.0,0.0,4.2265625,-2.08984375,-0.54296875,0
54763418.0,3032.0,1.0,0.8752441406,0.1874389648,0.4448242188,0.0309448242
54766386.0,2968.0,0.0,3.94921875,-1.8203125,-0.86328125,0
54771418.0,5032.0,1.0,0.8757324219,0.1864013672,0.4448242188,0.0208129883
54774386.0,2968.0,0.0,3.98828125,-1.71875,-0.87109375,0
54781418.0,7032.0,1.0,0.8758544922,0.1856689453,0.4451904297,0.0119628906
54784386.0,2968.0,0.0,3.484375,-1.3515625,-1.140625,0
54791418.0,7032.0,1.0,0.8757324219,0.1850585938,0.4459838867,0.0026245117
54794386.0,2968.0,0.0,3.2578125,-0.98828125,-1.29296875,0
54801418.0,7032.0,1.0,0.8753051758,0.1844482422,0.4470214844,-0.0057373047
54804386.0,2968.0,0.0,3.1328125,-0.51953125,-1.66015625,0
54811418.0,7032.0,1.0,0.8746337891,0.1838378906,0.4483642578,-0.0136108398
54814386.0,2968.0,0.0,3.2890625,-0.40234375,-2.09765625,0
54821418.0,7032.0,1.0,0.8737182617,0.1834716797,0.450012207,-0.0211181641
54824386.0,2968.0,0.0,3.55859375,-0.32421875,-2.87109375,0
54831418.0,7032.0,1.0,0.8725585938,0.1833496094,0.451965332,-0.0283813477
54834386.0,2968.0,0.0,3.6328125,0.05859375,-3.0,0
54841418.0,7032.0,1.0,0.8711547852,0.1833496094,0.4541015625,-0.0350952148
54844386.0,2968.0,0.0,3.55859375,0.20703125,-3.0,0
54851418.0,7032.0,1.0,0.8696289063,0.1834106445,0.4565429688,-0.0413208008
54854386.0,2968.0,0.0,3.55859375,0.15625,-3.0,0
54861418.0,7032.0,1.0,0.8678588867,0.1837158203,0.4591674805,-0.0471191406
54864386.0,2968.0,0.0,3.30078125,0.01953125,-3.2109375,0
54874418.0,10032.0,1.0,0.8660888672,0.1840820313,0.4618530273,-0.0520629883
54877386.0,2968.0,0.0,2.95703125,0.79296875,-3.1953125,0
54884418.0,7032.0,1.0,0.864074707,0.1840820313,0.4650878906,-0.0565795898
54887386.0,2968.0,0.0,2.6484375,1.23046875,-3.67578125,0
54891418.0,4032.0,1.0,0.8621826172,0.1836547852,0.4683227539,-0.0601196289
54894386.0,2968.0,0.0,1.890625,1.23828125,-3.8515625,0
54901418.0,7032.0,1.0,0.8602905273,0.1829833984,0.4716796875,-0.0629882813
54904386.0,2968.0,0.0,1.6640625,1.4453125,-3.828125,0
54911418.0,7032.0,1.0,0.8583984375,0.1823730469,0.4749755859,-0.0653076172
54914386.0,2968.0,0.0,1.1640625,1.484375,-4.33984375,0
54921418.0,7032.0,1.0,0.8565673828,0.1817626953,0.4782714844,-0.067199707
54924386.0,2968.0,0.0,0.5078125,1.5703125,-4.2109375,0
54931418.0,7032.0,1.0,0.8548583984,0.1813354492,0.4813232422,-0.0686645508
54934386.0,2968.0,0.0,-1.9140625,1.640625,-3.3125,0
54941418.0,7032.0,1.0,0.8529663086,0.1810302734,0.4844970703,-0.0699462891
54944386.0,2968.0,0.0,-2.6875,1.01171875,-3.44140625,0
54951418.0,7032.0,1.0,0.8511962891,0.1810913086,0.487487793,-0.0708618164
54954386.0,2968.0,0.0,-3.26953125,0.9609375,-3.453125,0
54961418.0,7032.0,1.0,0.8493041992,0.181640625,0.4904174805,-0.0716552734
54964386.0,2968.0,0.0,-3.8125,1.12109375,-2.703125,0
54971418.0,7032.0,1.0,0.8474121094,0.1827392578,0.4931640625,-0.072265625
54974386.0,2968.0,0.0,-4.36328125,-0.18359375,-2.2578125,0
54981418.0,7032.0,1.0,0.8452758789,0.1845092773,0.4961547852,-0.0728149414
54984386.0,2968.0,0.0,-4.0703125,-0.7265625,-0.65625,0
54991418.0,7032.0,1.0,0.8428955078,0.1868286133,0.4992675781,-0.0731811523
54994386.0,2968.0,0.0,-3.609375,-1.01953125,0.19140625,0
55001418.0,7032.0,1.0,0.8403930664,0.1895751953,0.5023193359,-0.0735473633
55004386.0,2968.0,0.0,-2.93359375,-1.31640625,0.07421875,0
55011418.0,7032.0,1.0,0.8376464844,0.1928710938,0.5056152344,-0.0739746094
55014386.0,2968.0,0.0,-2.14453125,-1.5078125,0.40625,0
55021418.0,7032.0,1.0,0.8345336914,0.1966552734,0.5092163086,-0.0745849609
55024386.0,2968.0,0.0,-2.8359375,-2.19140625,-0.11328125,0
55031418.0,7032.0,1.0,0.831237793,0.2006835938,0.512878418,-0.0754394531
55034386.0,2968.0,0.0,-3.0703125,-1.76953125,-1.0078125,0
55041418.0,7032.0,1.0,0.8278198242,0.2050170898,0.5165405273,-0.0765991211
55044386.0,2968.0,0.0,-3.0703125,-0.9375,-2.11328125,0
55051418.0,7032.0,1.0,0.8241577148,0.2095336914,0.5203857422,-0.0780639648
55054386.0,2968.0,0.0,-2.2734375,0.6015625,-3.921875,0
55061418.0,7032.0,1.0,0.8204345703,0.2139892578,0.5241699219,-0.0797729492
55065386.0,3968.0,0.0,-1.8984375,1.4140625,-4.5625,0
55074418.0,9032.0,1.0,0.8167724609,0.217956543,0.5280151367,-0.0813598633
55077386.0,2968.0,0.0,-2.01953125,2.5390625,-4.8359375,0
55084418.0,7032.0,1.0,0.8129882813,0.2213745117,0.5321655273,-0.082824707
55088386.0,3968.0,0.0,-2.171875,3.47265625,-5.4375,0
55092418.0,4032.0,1.0,0.8095703125,0.2237548828,0.5361938477,-0.0838012695
55095386.0,2968.0,0.0,-1.90234375,2.96875,-4.953125,0
55101418.0,6032.0,1.0,0.8062133789,0.2253417969,0.5404663086,-0.0843505859
55104386.0,2968.0,0.0,-1.06640625,2.32421875,-4.0390625,0
55111418.0,7032.0,1.0,0.8031005859,0.2262573242,0.5447387695,-0.0843505859
55114386.0,2968.0,0.0,-0.53125,2.44921875,-4.12890625,0
55121418.0,7032.0,1.0,0.8001708984,0.2267456055,0.5488891602,-0.0840454102
55124386.0,2968.0,0.0,-1.91796875,0.9296875,-3.73046875,0
55131418.0,7032.0,1.0,0.7971191406,0.2270507813,0.5532836914,-0.0835571289
55134386.0,2968.0,0.0,-3.33984375,0.70703125,-3.3125,0
55141418.0,7032.0,1.0,0.794128418,0.227722168,0.5573120117,-0.0831298828
55145386.0,3968.0,0.0,-5.1171875,0.05859375,-3.07421875,0
55151418.0,6032.0,1.0,0.7911376953,0.2290039063,0.5610351563,-0.0830688477
55154386.0,2968.0,0.0,-5.96875,-0.48046875,-3.01171875,0
55161418.0,7032.0,1.0,0.7880859375,0.2310791016,0.5643920898,-0.0833740234
55164386.0,2968.0,0.0,-5.33203125,0.1171875,-3.0625,0
55171418.0,7032.0,1.0,0.7846069336,0.2338256836,0.5679931641,-0.0840454102
55174386.0,2968.0,0.0,-5.18359375,0.484375,-3.49609375,0
55181418.0,7032.0,1.0,0.7813110352,0.2365112305,0.5713500977,-0.0847167969
55184386.0,2968.0,0.0,-4.2421875,0.859375,-3.38671875,0
55191418.0,7032.0,1.0,0.7780761719,0.2389526367,0.5746459961,-0.0853881836
55194386.0,2968.0,0.0,-3.69140625,0.9296875,-3.05859375,0
55201418.0,7032.0,1.0,0.7749023438,0.2411499023,0.5778808594,-0.0858764648
55204386.0,2968.0,0.0,-2.7109375,0.73046875,-3.65234375,0
55211418.0,7032.0,1.0,0.7718505859,0.2432250977,0.5810546875,-0.0863647461
55214386.0,2968.0,0.0,-2.87890625,0.875,-4.125,0
55221418.0,7032.0,1.0,0.7689208984,0.2449951172,0.5841064453,-0.0868530273
55224386.0,2968.0,0.0,-2.74609375,1.796875,-4.5703125,0
55231418.0,7032.0,1.0,0.7662353516,0.2464599609,0.5869750977,-0.0872192383
55234386.0,2968.0,0.0,-3.0,1.6328125,-4.90234375,0
55241418.0,7032.0,1.0,0.763671875,0.2475585938,0.5897827148,-0.0875854492
55244386.0,2968.0,0.0,-3.3203125,1.375,-3.8203125,0
55254418.0,10032.0,1.0,0.7612304688,0.2482910156,0.592590332,-0.087890625
55257386.0,2968.0,0.0,-3.0,1.53515625,-2.75390625,0
55264418.0,7032.0,1.0,0.7587890625,0.248840332,0.5954589844,-0.0881347656
55267386.0,2968.0,0.0,-2.32421875,0.8984375,-2.37109375,0
55271418.0,4032.0,1.0,0.7564086914,0.2493286133,0.5982666016,-0.0884399414
55274386.0,2968.0,0.0,-2.19140625,1.13671875,-2.140625,0
55281418.0,7032.0,1.0,0.7540283203,0.2498168945,0.6009521484,-0.0887451172
55284386.0,2968.0,0.0,-1.87109375,0.69140625,-2.25390625,0
55291418.0,7032.0,1.0,0.7517089844,0.2504272461,0.6035766602,-0.089050293
55294386.0,2968.0,0.0,-1.90234375,1.19921875,-2.6796875,0
55302418.0,8032.0,1.0,0.7495117188,0.2510375977,0.6059570313,-0.0894165039
55305386.0,2968.0,0.0,-1.91796875,2.125,-2.11328125,0
55311418.0,6032.0,1.0,0.7473754883,0.2517700195,0.6082763672,-0.0896606445
55314386.0,2968.0,0.0,-0.03125,0.1328125,-0.51171875,0
55321418.0,7032.0,1.0,0.744934082,0.2528076172,0.6108398438,-0.08984375
55324386.0,2968.0,0.0,0.25390625,0.33203125,0.21875,0
55331418.0,7032.0,1.0,0.7424316406,0.2540893555,0.61328125,-0.0899047852
55334386.0,2968.0,0.0,-0.125,0.1328125,0.06640625,0
55342418.0,8032.0,1.0,0.7399291992,0.2556762695,0.6156616211,-0.0899658203
55345386.0,2968.0,0.0,-0.8359375,0.05859375,-0.88671875,0
55351418.0,6032.0,1.0,0.7375488281,0.2574462891,0.6177978516,-0.0900878906
55354386.0,2968.0,0.0,-1.6015625,0.234375,-1.8828125,0
55361418.0,7032.0,1.0,0.7349853516,0.2595825195,0.6198730469,-0.0902099609
55364386.0,2968.0,0.0,-0.98046875,0.265625,-1.7265625,0
55371418.0,7032.0,1.0,0.7324829102,0.2618408203,0.6219482422,-0.0902709961
55374386.0,2968.0,0.0,-0.3203125,0.28515625,-1.421875,0
55382418.0,8032.0,1.0,0.7299804688,0.2640991211,0.6239013672,-0.0900878906
55385386.0,2968.0,0.0,0.328125,0.1484375,-0.5390625,0
55391418.0,6032.0,1.0,0.7274169922,0.2662963867,0.6259765625,-0.0897827148
55394386.0,2968.0,0.0,1.640625,-0.3671875,0.421875,0
55401418.0,7032.0,1.0,0.7248535156,0.2685546875,0.628112793,-0.0894165039
55404386.0,2968.0,0.0,1.06640625,-0.3046875,0.578125,0
55411418.0,7032.0,1.0,0.7222900391,0.2706298828,0.6302490234,-0.0889282227
55414386.0,2968.0,0.0,0.3359375,-0.48046875,0.203125,0
55422418.0,8032.0,1.0,0.7197265625,0.2725830078,0.6323852539,-0.0883789063
55425386.0,2968.0,0.0,-0.046875,-0.53515625,-0.37890625,0
55431418.0,6032.0,1.0,0.7172851563,0.2742919922,0.6344604492,-0.0878295898
55434386.0,2968.0,0.0,-0.46875,-0.2734375,-2.25390625,0
55441418.0,7032.0,1.0,0.7150268555,0.2756958008,0.6364135742,-0.0872802734
55444386.0,2968.0,0.0,-0.3515625,-0.25390625,-2.13671875,0
55451418.0,7032.0,1.0,0.7128295898,0.2767944336,0.6385498047,-0.0866699219
55454386.0,2968.0,0.0,0.453125,-0.48828125,-1.69140625,0
55461418.0,7032.0,1.0,0.7106323242,0.2775268555,0.6407470703,-0.0859375
55464386.0,2968.0,0.0,2.0625,-0.52734375,1.05859375,0
55471418.0,7032.0,1.0,0.7084350586,0.2778320313,0.6431884766,-0.0850219727
55474386.0,2968.0,0.0,2.09765625,0.046875,1.20703125,0
55481418.0,7032.0,1.0,0.706237793,0.2777099609,0.6457519531,-0.083984375
55485386.0,3968.0,0.0,1.37890625,0.46875,1.19921875,0
55491418.0,6032.0,1.0,0.7041625977,0.2772827148,0.6484375,-0.082824707
55494386.0,2968.0,0.0,0.3359375,0.4375,0.99609375,0
55501418.0,7032.0,1.0,0.7021484375,0.276550293,0.6510009766,-0.0816650391
55504386.0,2968.0,0.0,-0.0859375,0.67578125,-0.703125,0
55511418.0,7032.0,1.0,0.7001342773,0.2754516602,0.6538696289,-0.0803833008
55514386.0,2968.0,0.0,-0.26171875,0.8046875,-1.0625,0
55521418.0,7032.0,1.0,0.6981811523,0.274230957,0.6565551758,-0.0791625977
55525386.0,3968.0,0.0,-0.375,1.39453125,-1.15625,0
55531418.0,6032.0,1.0,0.6964111328,0.2729492188,0.6591186523,-0.0779418945
55534386.0,2968.0,0.0,0.3515625,1.14453125,-0.82421875,0
55544418.0,10032.0,1.0,0.6944580078,0.271484375,0.6619262695,-0.0766601563
55547386.0,2968.0,0.0,0.55078125,1.7734375,0.52734375,0
55551418.0,4032.0,1.0,0.6926269531,0.2700805664,0.6646118164,-0.0752563477
55554386.0,2968.0,0.0,0.515625,1.55859375,0.81640625,0
55561418.0,7032.0,1.0,0.690612793,0.2685546875,0.6674804688,-0.0736083984
55564386.0,2968.0,0.0,0.55078125,0.72265625,0.99609375,0
55571418.0,7032.0,1.0,0.688659668,0.2671508789,0.6702270508,-0.0718994141
55574386.0,2968.0,0.0,0.28515625,0.77734375,1.25,0
55581418.0,7032.0,1.0,0.6866455078,0.2659301758,0.6729125977,-0.0700073242
55584386.0,2968.0,0.0,-0.13671875,-0.07421875,1.12109375,0
55591418.0,7032.0,1.0,0.6846313477,0.2648925781,0.6755981445,-0.0681152344
55594386.0,2968.0,0.0,-0.22265625,-0.41015625,1.18359375,0
55602418.0,8032.0,1.0,0.6824951172,0.2641601563,0.6782836914,-0.0662841797
55605386.0,2968.0,0.0,-0.48828125,-0.5625,0.96875,0
55611418.0,6032.0,1.0,0.6802978516,0.2635498047,0.6809082031,-0.0643920898
55614386.0,2968.0,0.0,-0.34375,-0.44921875,0.97265625,0
55621418.0,7032.0,1.0,0.6780395508,0.2629394531,0.6835327148,-0.0624389648
55624386.0,2968.0,0.0,-0.19921875,-0.5703125,1.29296875,0
55631418.0,7032.0,1.0,0.67578125,0.2624511719,0.6861572266,-0.0604248047
55634386.0,2968.0,0.0,-0.359375,-0.9609375,1.05859375,0
55642418.0,8032.0,1.0,0.6734008789,0.2621459961,0.6887817383,-0.0584716797
55645386.0,2968.0,0.0,-0.8671875,-1.046875,0.78515625,0
55652418.0,7032.0,1.0,0.6709594727,0.2621459961,0.6912841797,-0.0567016602
55655386.0,2968.0,0.0,-1.1796875,-1.20703125,-0.02734375,0
55661418.0,6032.0,1.0,0.6684570313,0.2622070313,0.6937866211,-0.0549926758
55664386.0,2968.0,0.0,-1.234375,-1.59765625,0.04296875,0
55671418.0,7032.0,1.0,0.666015625,0.2622070313,0.6962890625,-0.0532836914
55674386.0,2968.0,0.0,-1.01171875,-1.26171875,0.99609375,0
55682418.0,8032.0,1.0,0.6635742188,0.2619628906,0.6988525391,-0.0513916016
55685386.0,2968.0,0.0,-0.33203125,-1.73046875,1.515625,0
55691418.0,6032.0,1.0,0.6611328125,0.2615966797,0.7014770508,-0.0494384766
55694386.0,2968.0,0.0,-0.109375,-0.359375,1.28125,0
55701418.0,7032.0,1.0,0.6585083008,0.2610473633,0.704284668,-0.0473022461
55704386.0,2968.0,0.0,-0.58203125,0.24609375,0.77734375,0
55711418.0,7032.0,1.0,0.6560668945,0.2603149414,0.7069091797,-0.0452880859
55714386.0,2968.0,0.0,-0.515625,-0.21484375,0.41796875,0
55722418.0,8032.0,1.0,0.6538085938,0.2596435547,0.7094116211,-0.0433959961
55725386.0,2968.0,0.0,0.46484375,-0.3359375,0.52734375,0
55731418.0,6032.0,1.0,0.6514892578,0.2590332031,0.7118530273,-0.0415039062
55734386.0,2968.0,0.0,2.2890625,0.30859375,1.26953125,0
55741418.0,7032.0,1.0,0.6488647461,0.2584838867,0.7145996094,-0.0394897461
55744386.0,2968.0,0.0,2.203125,0.0,1.2265625,0
55751418.0,7032.0,1.0,0.6461181641,0.2579956055,0.7172851563,-0.0375976562
55754386.0,2968.0,0.0,1.23828125,-0.12109375,1.33203125,0
55762418.0,8032.0,1.0,0.643371582,0.2576293945,0.7199707031,-0.0357666016
55765386.0,2968.0,0.0,-0.01171875,-0.16796875,1.2578125,0
55777418.0,12032.0,1.0,0.6408081055,0.2575073242,0.7224121094,-0.0341186523
55782386.0,4968.0,0.0,-1.59765625,-0.05859375,-0.32421875,0
55785418.0,3032.0,1.0,0.6380615234,0.2575073242,0.7249145508,-0.0325317383
55788386.0,2968.0,0.0,-1.421875,-0.18359375,-0.0625,0
55792418.0,4032.0,1.0,0.6350097656,0.2578735352,0.7275390625,-0.0311279297
55795386.0,2968.0,0.0,-1.4375,-0.18359375,0.015625,0
55802418.0,7032.0,1.0,0.6322631836,0.2583618164,0.7297973633,-0.0299072266
55805386.0,2968.0,0.0,-0.12109375,-0.046875,0.4609375,0
55811418.0,6032.0,1.0,0.6293334961,0.2589111328,0.7321777344,-0.0286865234
55814386.0,2968.0,0.0,0.73828125,0.26171875,0.8828125,0
55822418.0,8032.0,1.0,0.6263427734,0.2593994141,0.7346191406,-0.02734375
55825386.0,2968.0,0.0,1.3359375,0.20703125,1.375,0
55832418.0,7032.0,1.0,0.6234130859,0.2596435547,0.7370605469,-0.0256347656
55835386.0,2968.0,0.0,1.55078125,0.0078125,1.94921875,0
55842418.0,7032.0,1.0,0.6205444336,0.2595825195,0.7396240234,-0.0236206055
55845386.0,2968.0,0.0,1.02734375,0.0,1.25390625,0
55852418.0,7032.0,1.0,0.6176147461,0.2592773438,0.7422485352,-0.0213012695
55855386.0,2968.0,0.0,0.4296875,-0.359375,0.40625,0
55862418.0,7032.0,1.0,0.6147460938,0.2587890625,0.7448730469,-0.0187988281
55866386.0,3968.0,0.0,-0.12890625,-0.33984375,0.4375,0
55872418.0,6032.0,1.0,0.6118774414,0.2582397461,0.7474365234,-0.0161743164
55875386.0,2968.0,0.0,-0.3125,-0.390625,0.35546875,0
55881418.0,6032.0,1.0,0.6091308594,0.2576904297,0.7499389648,-0.0136108398
55884386.0,2968.0,0.0,-0.98828125,0.05078125,0.68359375,0
55892418.0,8032.0,1.0,0.6061401367,0.2570800781,0.7525634766,-0.0107421875
55895386.0,2968.0,0.0,-0.59765625,0.11328125,0.71875,0
55902418.0,7032.0,1.0,0.6032104492,0.2565307617,0.7551879883,-0.0079956055
55905386.0,2968.0,0.0,-0.0078125,0.16796875,0.6328125,0
55912418.0,7032.0,1.0,0.6002807617,0.2560424805,0.7576293945,-0.0053710937
55915386.0,2968.0,0.0,-0.22265625,0.45703125,0.96484375,0
55921418.0,6032.0,1.0,0.5974731445,0.2556762695,0.7600097656,-0.0028686523
55924386.0,2968.0,0.0,0.39453125,0.1640625,0.9140625,0
55932418.0,8032.0,1.0,0.5944213867,0.2551269531,0.7625732422,-6.10352e-05
55935386.0,2968.0,0.0,0.74609375,0.1875,0.9453125,0
55942418.0,7032.0,1.0,0.5914916992,0.2545776367,0.7650756836,0.002746582
55945386.0,2968.0,0.0,1.1015625,0.1328125,0.85546875,0
55952418.0,7032.0,1.0,0.5885009766,0.25390625,0.767578125,0.0056762695
55955386.0,2968.0,0.0,0.73046875,-0.578125,0.9609375,0
55962418.0,7032.0,1.0,0.5854492188,0.2531738281,0.7701416016,0.0086669922
55965386.0,2968.0,0.0,-0.2265625,0.125,1.140625,0
55972418.0,7032.0,1.0,0.5823364258,0.2525634766,0.772644043,0.0117797852
55975386.0,2968.0,0.0,-0.71875,0.1796875,0.7109375,0
55982418.0,7032.0,1.0,0.579284668,0.2518920898,0.7750854492,0.014831543
55985386.0,2968.0,0.0,-1.1328125,0.4140625,0.46875,0
55992418.0,7032.0,1.0,0.5764160156,0.2512207031,0.77734375,0.0177612305
55995386.0,2968.0,0.0,-1.36328125,0.9375,0.0703125,0
56005418.0,10032.0,1.0,0.5735473633,0.2504272461,0.7796630859,0.0209960937
56008386.0,2968.0,0.0,-0.859375,0.29296875,-0.2109375,0
56012418.0,4032.0,1.0,0.5706176758,0.2495117188,0.7819824219,0.0246582031
56015386.0,2968.0,0.0,-0.54296875,0.26171875,0.37890625,0
56022418.0,7032.0,1.0,0.5678710938,0.2486572266,0.7841186523,0.0284423828
56025386.0,2968.0,0.0,-0.8515625,-0.0078125,1.0078125,0
56032418.0,7032.0,1.0,0.5650024414,0.2478637695,0.786315918,0.0324707031
56035386.0,2968.0,0.0,-1.578125,-0.125,1.140625,0
56042418.0,7032.0,1.0,0.5620727539,0.2474365234,0.7883911133,0.0366210937
56045386.0,2968.0,0.0,-1.81640625,0.3359375,1.1953125,0
56052418.0,7032.0,1.0,0.5590820313,0.2473754883,0.7903442383,0.0405273437
56055386.0,2968.0,0.0,-1.62890625,-0.02734375,0.98828125,0
56062418.0,7032.0,1.0,0.5559082031,0.2478027344,0.792175293,0.0442504883
56065386.0,2968.0,0.0,-1.0703125,-0.1953125,0.73828125,0
56071418.0,6032.0,1.0,0.552734375,0.2485961914,0.7940063477,0.047668457
56074386.0,2968.0,0.0,-0.76953125,-0.01171875,0.5703125,0
56082418.0,8032.0,1.0,0.5493164063,0.2496948242,0.7957763672,0.0511474609
56085386.0,2968.0,0.0,-1.046875,0.171875,0.328125,0
56092418.0,7032.0,1.0,0.5459594727,0.2509155273,0.7974853516,0.0546264648
56095386.0,2968.0,0.0,-1.484375,0.23046875,0.390625,0
56102418.0,7032.0,1.0,0.5426025391,0.2521362305,0.7991333008,0.0582275391
56105386.0,2968.0,0.0,-2.0390625,-0.0546875,1.09375,0
56111418.0,6032.0,1.0,0.5394287109,0.2535400391,0.8005981445,0.0618896484
56114386.0,2968.0,0.0,-3.80859375,-1.02734375,3.1015625,0
56122418.0,8032.0,1.0,0.5357666016,0.2554321289,0.8021240234,0.0659179688
56125386.0,2968.0,0.0,-4.71484375,-1.51171875,3.203125,0
56132418.0,7032.0,1.0,0.5319824219,0.2578735352,0.803527832,0.0697631836
56135386.0,2968.0,0.0,-5.08984375,-1.3828125,3.03515625,0
56142418.0,7032.0,1.0,0.5278930664,0.2610473633,0.8048706055,0.0732421875
56145386.0,2968.0,0.0,-5.421875,-0.91015625,2.72265625,0
56152418.0,7032.0,1.0,0.5235595703,0.2653198242,0.8060302734,0.0761108398
56155386.0,2968.0,0.0,-5.34765625,-1.015625,1.5390625,0
56162418.0,7032.0,1.0,0.5188598633,0.2706298828,0.8071289063,0.078125
56166386.0,3968.0,0.0,-5.72265625,-0.46875,1.1640625,0
56172418.0,6032.0,1.0,0.513671875,0.2774047852,0.8080444336,0.0791015625
56175386.0,2968.0,0.0,-6.5,0.16796875,1.1875,0
56225418.0,50032.0,1.0,0.6094970703,0.1963500977,0.6538085938,-0.403137207
57730419.0,1505001.0,1.0,0.4098510742,-0.4794921875,0.6176147461,0.4697265625
57735386.0,4967.0,0.0,-0.1875,0.3046875,0.1484375,0
57739418.0,4032.0,1.0,0.4064941406,-0.4803466797,0.6201171875,0.4685058594
57742386.0,2968.0,0.0,-0.82421875,0.57421875,-0.046875,0
57746418.0,4032.0,1.0,0.4032592773,-0.4808349609,0.6228027344,0.4672241211
57749386.0,2968.0,0.0,-0.84765625,0.55078125,0.015625,0
57757418.0,8032.0,1.0,0.3991699219,-0.4822387695,0.6249389648,0.4664306641
57760386.0,2968.0,0.0,-1.90625,0.89453125,-0.296875,0
57767418.0,7032.0,1.0,0.3948974609,-0.4838256836,0.6267700195,0.4659423828
57770386.0,2968.0,0.0,-2.2265625,1.015625,-0.42578125,0
57777418.0,7032.0,1.0,0.3907470703,-0.4855957031,0.6282348633,0.465637207
57780386.0,2968.0,0.0,-1.8671875,0.44921875,-0.82421875,0
57787418.0,7032.0,1.0,0.3866577148,-0.4874267578,0.6296386719,0.4653320313
57790386.0,2968.0,0.0,-1.43359375,0.5703125,-1.15234375,0
57796418.0,6032.0,1.0,0.3826904297,-0.4893188477,0.6307373047,0.4650268555
57799386.0,2968.0,0.0,-0.23046875,1.046875,-0.67578125,0
57807418.0,8032.0,1.0,0.3783569336,-0.4916992188,0.6315917969,0.4649047852
57810386.0,2968.0,0.0,0.015625,1.05859375,-0.15625,0
57817418.0,7032.0,1.0,0.3739624023,-0.4943237305,0.6322021484,0.46484375
57820386.0,2968.0,0.0,-0.19140625,1.2578125,0.328125,0
57827418.0,7032.0,1.0,0.3693847656,-0.497253418,0.6325073242,0.4650878906
57830386.0,2968.0,0.0,-0.18359375,2.33984375,0.5390625,0
57836418.0,6032.0,1.0,0.3648071289,-0.5002441406,0.6324462891,0.4655151367
57839386.0,2968.0,0.0,-1.07421875,2.19921875,0.4296875,0
57847418.0,8032.0,1.0,0.3597412109,-0.5035400391,0.6323242188,0.4660644531
57850386.0,2968.0,0.0,-1.3359375,1.71875,-0.05078125,0
57857418.0,7032.0,1.0,0.3550415039,-0.5065307617,0.6322631836,0.4665527344
57860386.0,2968.0,0.0,-1.16796875,1.609375,-0.53125,0
57867418.0,7032.0,1.0,0.3504638672,-0.5093994141,0.6322631836,0.4668579102
57870386.0,2968.0,0.0,-1.23046875,1.234375,-0.67578125,0
57877418.0,7032.0,1.0,0.3459472656,-0.5119628906,0.6325073242,0.4670410156
57880386.0,2968.0,0.0,-0.5234375,1.77734375,-0.171875,0
57887418.0,7032.0,1.0,0.3413696289,-0.5144042969,0.6329956055,0.4671020508
57890386.0,2968.0,0.0,-0.5390625,1.20703125,0.421875,0
57897418.0,7032.0,1.0,0.3366699219,-0.5165405273,0.6337890625,0.4670410156
57900386.0,2968.0,0.0,-0.83984375,0.71875,1.39453125,0
57907418.0,7032.0,1.0,0.33203125,-0.5183105469,0.6350097656,0.4667358398
57910386.0,2968.0,0.0,-1.0625,0.2578125,1.3046875,0
57917418.0,7032.0,1.0,0.3275756836,-0.5195922852,0.63671875,0.4661254883
57920386.0,2968.0,0.0,-0.375,0.32421875,0.74609375,0
57927418.0,7032.0,1.0,0.3232421875,-0.5205078125,0.6389160156,0.4651489258
57930386.0,2968.0,0.0,-0.13671875,0.625,1.11328125,0
57937418.0,7032.0,1.0,0.3190917969,-0.5211181641,0.641418457,0.4638671875
57940386.0,2968.0,0.0,0.25390625,0.23828125,1.375,0
57947418.0,7032.0,1.0,0.3151855469,-0.5214233398,0.6442260742,0.4623413086
57950386.0,2968.0,0.0,-0.0546875,0.58203125,1.21875,0
57957418.0,7032.0,1.0,0.3111572266,-0.5216064453,0.647277832,0.4606323242
57960386.0,2968.0,0.0,-0.59765625,0.58203125,1.01953125,0
57967418.0,7032.0,1.0,0.3070068359,-0.5217285156,0.6502685547,0.458984375
57970386.0,2968.0,0.0,-1.171875,-0.0390625,0.9765625,0
57977418.0,7032.0,1.0,0.3026733398,-0.5217895508,0.6533813477,0.4573974609
57980386.0,2968.0,0.0,-2.1015625,-0.125,1.19921875,0
57986418.0,6032.0,1.0,0.2983398438,-0.5217895508,0.6563720703,0.4559936523
57989386.0,2968.0,0.0,-3.55859375,-0.25390625,-0.15625,0
57997418.0,8032.0,1.0,0.2933959961,-0.5215454102,0.6597290039,0.4545898438
58000386.0,2968.0,0.0,-3.8046875,-0.234375,-0.61328125,0
58007418.0,7032.0,1.0,0.2888183594,-0.5211181641,0.6630249023,0.4532470703
58010386.0,2968.0,0.0,-3.93359375,-0.171875,-0.70703125,0
58017418.0,7032.0,1.0,0.2842407227,-0.5204467773,0.6665039063,0.4518432617
58020386.0,2968.0,0.0,-3.78125,-0.03515625,-0.64453125,0
58026418.0,6032.0,1.0,0.2799682617,-0.51953125,0.669921875,0.4504394531
58029386.0,2968.0,0.0,-4.10546875,0.20703125,0.03125,0
58037418.0,8032.0,1.0,0.2756347656,-0.5184326172,0.6736450195,0.4487915039
58040386.0,2968.0,0.0,-4.23046875,0.3828125,0.29296875,0
58047418.0,7032.0,1.0,0.2711181641,-0.5172119141,0.6775512695,0.4470825195
58050386.0,2968.0,0.0,-4.29296875,0.75,1.0546875,0
58057418.0,7032.0,1.0,0.2667236328,-0.5158081055,0.6814575195,0.4454345703
58060386.0,2968.0,0.0,-4.453125,0.65625,1.73046875,0
58067418.0,7032.0,1.0,0.2622070313,-0.5140991211,0.6856689453,0.4436035156
58070386.0,2968.0,0.0,-5.12890625,0.74609375,1.234375,0
58077418.0,7032.0,1.0,0.2577514648,-0.5120849609,0.6901855469,0.4415893555
58081386.0,3968.0,0.0,-6.07421875,1.6796875,0.72265625,0
58087418.0,6032.0,1.0,0.2534179688,-0.5094604492,0.6952514648,0.4392089844
58090386.0,2968.0,0.0,-7.359375,2.078125,0.22265625,0
58097418.0,7032.0,1.0,0.2495117188,-0.5061645508,0.7008056641,0.4364013672
58100386.0,2968.0,0.0,-8.84765625,2.98046875,-0.46484375,0
58107418.0,7032.0,1.0,0.24609375,-0.5020751953,0.7069702148,0.4330444336
58110386.0,2968.0,0.0,-9.1796875,3.5390625,-1.0078125,0
58117418.0,7032.0,1.0,0.243347168,-0.4970703125,0.7138671875,0.4290161133
58121386.0,3968.0,0.0,-9.640625,3.5625,-1.1875,0
58128418.0,7032.0,1.0,0.2412719727,-0.491394043,0.7211303711,0.4245605469
58131386.0,2968.0,0.0,-10.31640625,4.39453125,-1.67578125,0
58137418.0,6032.0,1.0,0.239440918,-0.4842529297,0.7295532227,0.4193725586
58140386.0,2968.0,0.0,-12.0703125,6.68359375,-4.72265625,0
58147418.0,7032.0,1.0,0.2377319336,-0.4762573242,0.7381591797,0.4144897461
58150386.0,2968.0,0.0,-13.375,8.8515625,-5.82421875,0
58157418.0,7032.0,1.0,0.2357788086,-0.467590332,0.7463989258,0.4107055664
58160386.0,2968.0,0.0,-14.44921875,10.62890625,-7.3125,0
58167418.0,7032.0,1.0,0.2330932617,-0.4583740234,0.7538452148,0.4090576172
58170386.0,2968.0,0.0,-14.48046875,12.55078125,-8.34375,0
58177418.0,7032.0,1.0,0.2290649414,-0.4492797852,0.7595825195,0.4107055664
58180386.0,2968.0,0.0,-12.28515625,17.12890625,-10.015625,0
58187418.0,7032.0,1.0,0.22265625,-0.439453125,0.7638549805,0.416809082
58190386.0,2968.0,0.0,-11.296875,16.3828125,-8.0546875,0
58197418.0,7032.0,1.0,0.2149658203,-0.4299926758,0.7662353516,0.4263305664
58200386.0,2968.0,0.0,-9.65234375,11.71875,-6.171875,0
58209418.0,9032.0,1.0,0.2061157227,-0.4206542969,0.7672119141,0.4381713867
58212386.0,2968.0,0.0,-7.8984375,8.11328125,-3.8359375,0
58217418.0,5032.0,1.0,0.1956176758,-0.411315918,0.7667236328,0.4525146484
58220386.0,2968.0,0.0,-7.53125,5.578125,1.68359375,0
58227418.0,7032.0,1.0,0.1838378906,-0.401184082,0.7655639648,0.4682006836
58230386.0,2968.0,0.0,-6.625,-3.33984375,2.39453125,0
58237418.0,7032.0,1.0,0.1756591797,-0.389831543,0.7669067383,0.4785766602
58240386.0,2968.0,0.0,-4.2109375,-11.71875,3.12890625,0
58247418.0,7032.0,1.0,0.1712036133,-0.3764648438,0.7699584961,0.4859008789
58250386.0,2968.0,0.0,-1.6328125,3.171875,1.30078125,0
58257418.0,7032.0,1.0,0.1663818359,-0.3630371094,0.7686157227,0.4997558594
58260386.0,2968.0,0.0,1.99609375,26.54296875,-13.96484375,0
58267418.0,7032.0,1.0,0.1590576172,-0.3521118164,0.7581176758,0.525390625
58270386.0,2968.0,0.0,2.69921875,21.9921875,-18.17578125,0
58277418.0,7032.0,1.0,0.1498413086,-0.34375,0.7372436523,0.5619506836
58280386.0,2968.0,0.0,7.15234375,10.5390625,-18.49609375,0
58289418.0,9032.0,1.0,0.1427001953,-0.3373413086,0.7111816406,0.6000366211
58292386.0,2968.0,0.0,7.2890625,2.08203125,-16.71875,0
58297418.0,5032.0,1.0,0.1406860352,-0.3312988281,0.6846923828,0.6337280273
58300386.0,2968.0,0.0,-0.74609375,-17.16796875,-7.6015625,0
58307418.0,7032.0,1.0,0.1450195313,-0.3244628906,0.6606445313,0.6612548828
58310386.0,2968.0,0.0,-0.8203125,-18.28515625,-1.98046875,0
58317418.0,7032.0,1.0,0.1539916992,-0.3177490234,0.6414794922,0.6810302734
58320386.0,2968.0,0.0,1.1015625,-14.5078125,-0.8203125,0
58330418.0,10032.0,1.0,0.1652832031,-0.3118286133,0.6229858398,0.698059082
58333386.0,2968.0,0.0,5.00390625,-8.26953125,-0.8125,0
58337418.0,4032.0,1.0,0.1787719727,-0.3067016602,0.6013183594,0.7158203125
58340386.0,2968.0,0.0,6.46484375,-9.85546875,-1.57421875,0
58347418.0,7032.0,1.0,0.192565918,-0.3029785156,0.5797119141,0.7314453125
58350386.0,2968.0,0.0,7.65234375,-11.828125,-1.5078125,0
58357418.0,7032.0,1.0,0.2081298828,-0.2998657227,0.5581665039,0.7451171875
58360386.0,2968.0,0.0,8.52734375,-12.8359375,-0.64453125,0
58369418.0,9032.0,1.0,0.2239379883,-0.2972412109,0.5393066406,0.7554321289
58372386.0,2968.0,0.0,9.40234375,-11.99609375,0.4140625,0
58377418.0,5032.0,1.0,0.2415771484,-0.2946777344,0.5210571289,0.7637329102
58380386.0,2968.0,0.0,9.54296875,-11.4453125,-0.046875,0
58387418.0,7032.0,1.0,0.2603149414,-0.2922363281,0.5042114258,0.7697753906
58390386.0,2968.0,0.0,9.26171875,-10.68359375,-0.61328125,0
58397418.0,7032.0,1.0,0.2789306641,-0.289855957,0.4898071289,0.7734985352
58400386.0,2968.0,0.0,8.3125,-9.27734375,-0.09765625,0
58407418.0,7032.0,1.0,0.2964477539,-0.2875366211,0.4780273438,0.7752075195
58410386.0,2968.0,0.0,6.69921875,-7.546875,0.015625,0
58417418.0,7032.0,1.0,0.3151855469,-0.28515625,0.4667358398,0.7755737305
58420386.0,2968.0,0.0,6.234375,-6.203125,0.21484375,0
58427418.0,7032.0,1.0,0.3330078125,-0.2830200195,0.4564819336,0.7750244141
58430386.0,2968.0,0.0,6.08984375,-5.1015625,0.328125,0
58437418.0,7032.0,1.0,0.3497314453,-0.2813720703,0.4466552734,0.7739257813
58440386.0,2968.0,0.0,6.05859375,-4.26953125,0.30859375,0
58450418.0,10032.0,1.0,0.3648071289,-0.2802734375,0.4374389648,0.772644043
58453386.0,2968.0,0.0,6.2109375,-4.16796875,0.09765625,0
58457418.0,4032.0,1.0,0.3804931641,-0.2794189453,0.4275512695,0.7709350586
58460386.0,2968.0,0.0,6.13671875,-4.5625,0.1640625,0
58467418.0,7032.0,1.0,0.3947143555,-0.2788085938,0.4186401367,0.7689208984
58470386.0,2968.0,0.0,5.96875,-5.0,0.40625,0
58477418.0,7032.0,1.0,0.4083862305,-0.2782592773,0.4105224609,0.7662963867
58480386.0,2968.0,0.0,5.76171875,-5.34375,0.43359375,0
58487418.0,7032.0,1.0,0.4215698242,-0.2774658203,0.4036865234,0.7631225586
58490386.0,2968.0,0.0,5.203125,-5.5,0.59375,0
58497418.0,7032.0,1.0,0.4343261719,-0.2764892578,0.3980712891,0.7592773438
58500386.0,2968.0,0.0,4.67578125,-4.953125,0.64453125,0
58507418.0,7032.0,1.0,0.4465332031,-0.2752685547,0.3936767578,0.7548828125
58510386.0,2968.0,0.0,4.15234375,-4.19921875,0.64453125,0
58517418.0,7032.0,1.0,0.4582519531,-0.2740478516,0.3901977539,0.7501220703
58520386.0,2968.0,0.0,3.7421875,-2.87890625,0.97265625,0
58532418.0,12032.0,1.0,0.4688720703,-0.2730712891,0.387512207,0.7452392578
58536386.0,3968.0,0.0,3.5546875,-2.078125,0.62109375,0
58539418.0,3032.0,1.0,0.4790649414,-0.2722167969,0.3853759766,0.7401733398
58542386.0,2968.0,0.0,3.5703125,-1.96875,0.57421875,0
58547418.0,5032.0,1.0,0.4893188477,-0.2712402344,0.3833618164,0.7348632813
58550386.0,2968.0,0.0,3.51171875,-1.39453125,0.234375,0
58557418.0,7032.0,1.0,0.4976806641,-0.2709960938,0.3821411133,0.7299804688
58560386.0,2968.0,0.0,3.2578125,-0.3125,-0.171875,0
58567418.0,7032.0,1.0,0.5062866211,-0.2709350586,0.3807983398,0.7247314453
58570386.0,2968.0,0.0,3.2734375,-0.2109375,-0.41015625,0
58577418.0,7032.0,1.0,0.513671875,-0.2716064453,0.3798217773,0.7197875977
58580386.0,2968.0,0.0,3.2578125,-0.5078125,-0.5703125,0
58587418.0,7032.0,1.0,0.5205078125,-0.2723999023,0.3789672852,0.7150268555
58590386.0,2968.0,0.0,3.2890625,-0.84375,-0.76171875,0
58597418.0,7032.0,1.0,0.5266723633,-0.2734375,0.3787841797,0.7102050781
58600386.0,2968.0,0.0,2.88671875,-0.91796875,-1.40625,0
58607418.0,7032.0,1.0,0.5328979492,-0.2744140625,0.3789672852,0.7050170898
58610386.0,2968.0,0.0,2.80078125,-0.578125,-1.65625,0
58617418.0,7032.0,1.0,0.5385131836,-0.2752685547,0.3797607422,0.700012207
58621386.0,3968.0,0.0,2.83203125,-0.171875,-2.01953125,0
58627418.0,6032.0,1.0,0.5437011719,-0.2761230469,0.3810424805,0.6949462891
58630386.0,2968.0,0.0,2.90234375,0.3046875,-2.37890625,0
58640418.0,10032.0,1.0,0.5485229492,-0.2770385742,0.3828125,0.6897583008
58643386.0,2968.0,0.0,2.7421875,0.54296875,-2.60546875,0
58647418.0,4032.0,1.0,0.5532226563,-0.2781982422,0.3850708008,0.6843261719
58650386.0,2968.0,0.0,2.58984375,0.51171875,-2.7109375,0
58657418.0,7032.0,1.0,0.5571289063,-0.2796020508,0.3873291016,0.6792602539
58660386.0,2968.0,0.0,2.51171875,0.8984375,-2.85546875,0
58667418.0,7032.0,1.0,0.5603027344,-0.2814331055,0.3893432617,0.6747436523
58670386.0,2968.0,0.0,2.4765625,1.3203125,-3.078125,0
58677418.0,7032.0,1.0,0.5629272461,-0.2837524414,0.3912353516,0.6705322266
58680386.0,2968.0,0.0,1.98046875,2.015625,-3.828125,0
58687418.0,7032.0,1.0,0.5648803711,-0.2862548828,0.3928833008,0.6667480469
58690386.0,2968.0,0.0,1.6640625,2.25390625,-4.00390625,0
58698418.0,8032.0,1.0,0.5664672852,-0.2889404297,0.3944702148,0.6633300781
58701386.0,2968.0,0.0,1.3984375,2.59375,-4.25390625,0
58707418.0,6032.0,1.0,0.5676269531,-0.2916870117,0.3958740234,0.6603393555
58710386.0,2968.0,0.0,0.6328125,2.79296875,-4.8203125,0
58717418.0,7032.0,1.0,0.5682983398,-0.2946777344,0.3969726563,0.6577148438
58720386.0,2968.0,0.0,-0.171875,2.71875,-4.7265625,0
58727418.0,7032.0,1.0,0.5684814453,-0.298034668,0.3978881836,0.6555175781
58730386.0,2968.0,0.0,-1.10546875,2.640625,-4.60546875,0
58737418.0,7032.0,1.0,0.5682983398,-0.3015136719,0.3984375,0.6537475586
58740386.0,2968.0,0.0,-2.18359375,2.48828125,-4.6640625,0
58747418.0,7032.0,1.0,0.5678100586,-0.3049926758,0.3988647461,0.6522827148
58750386.0,2968.0,0.0,-4.4140625,1.37890625,-3.0546875,0
58757418.0,7032.0,1.0,0.5670166016,-0.30859375,0.3994750977,0.6508789063
58760386.0,2968.0,0.0,-4.453125,0.5,-2.734375,0
58767418.0,7032.0,1.0,0.5662231445,-0.311706543,0.4004516602,0.6495361328
58770386.0,2968.0,0.0,-4.0078125,-0.05078125,-2.6796875,0
58777418.0,7032.0,1.0,0.5653076172,-0.3143920898,0.4021606445,0.6479492188
58780386.0,2968.0,0.0,-3.82421875,-0.4296875,-1.734375,0
58787418.0,7032.0,1.0,0.564453125,-0.3165283203,0.4044799805,0.6462402344
58790386.0,2968.0,0.0,-3.9375,-0.54296875,-0.25390625,0
58797418.0,7032.0,1.0,0.5634155273,-0.3186035156,0.4077758789,0.6439819336
58800386.0,2968.0,0.0,-4.5546875,-0.7421875,0.015625,0
58807418.0,7032.0,1.0,0.5624389648,-0.3203735352,0.4116210938,0.6416015625
58810386.0,2968.0,0.0,-4.78515625,-0.59765625,0.66796875,0
58817418.0,7032.0,1.0,0.5614013672,-0.3219604492,0.4158935547,0.6389160156
58820386.0,2968.0,0.0,-4.67578125,-0.54296875,0.29296875,0
58832418.0,12032.0,1.0,0.5604248047,-0.3233642578,0.4204101563,0.6361694336
58836386.0,3968.0,0.0,-3.94921875,-0.03125,-1.99609375,0
58839418.0,3032.0,1.0,0.559387207,-0.3245849609,0.4256591797,0.6328735352
58842386.0,2968.0,0.0,-3.91015625,-0.0625,-1.89453125,0
58847418.0,5032.0,1.0,0.5584716797,-0.3255004883,0.4315795898,0.6291503906
58850386.0,2968.0,0.0,-3.71875,0.86328125,-3.01953125,0
58857418.0,7032.0,1.0,0.5576782227,-0.326171875,0.4378051758,0.6252441406
58860386.0,2968.0,0.0,-3.74609375,1.28515625,-3.7578125,0
58867418.0,7032.0,1.0,0.5568847656,-0.3265991211,0.4440307617,0.6213378906
58870386.0,2968.0,0.0,-3.5234375,2.77734375,-3.99609375,0
58877418.0,7032.0,1.0,0.5559082031,-0.3270874023,0.4501342773,0.6174926758
58881386.0,3968.0,0.0,-3.140625,3.046875,-4.0390625,0
58887418.0,6032.0,1.0,0.5548095703,-0.3276367188,0.4561157227,0.6138305664
58890386.0,2968.0,0.0,-3.0234375,2.74609375,-4.234375,0
58897418.0,7032.0,1.0,0.5533447266,-0.3283081055,0.4621582031,0.6102294922
58900386.0,2968.0,0.0,-3.29296875,2.23046875,-4.0859375,0
58907418.0,7032.0,1.0,0.5516967773,-0.3289794922,0.4681396484,0.6068115234
58910386.0,2968.0,0.0,-3.4921875,1.54296875,-4.0859375,0
58917418.0,7032.0,1.0,0.5499267578,-0.3297119141,0.4739990234,0.603515625
58920386.0,2968.0,0.0,-3.3828125,1.6953125,-4.62890625,0
58927418.0,7032.0,1.0,0.5480957031,-0.3303833008,0.4794921875,0.600402832
58930386.0,2968.0,0.0,-3.46875,2.12109375,-4.48046875,0
58937418.0,7032.0,1.0,0.5463867188,-0.3309936523,0.4847412109,0.5974731445
58940386.0,2968.0,0.0,-4.046875,1.5078125,-4.37890625,0
58947418.0,7032.0,1.0,0.5446777344,-0.3314819336,0.4902954102,0.5942382813
58950386.0,2968.0,0.0,-4.5625,1.1953125,-3.921875,0
58957418.0,7032.0,1.0,0.54296875,-0.3319091797,0.4957275391,0.591003418
58961386.0,3968.0,0.0,-4.84375,1.890625,-4.80078125,0
58967418.0,6032.0,1.0,0.5413208008,-0.3324584961,0.5008544922,0.5878295898
58970386.0,2968.0,0.0,-5.46484375,2.43359375,-5.0859375,0
58977418.0,7032.0,1.0,0.539855957,-0.333190918,0.5052490234,0.5850219727
58980386.0,2968.0,0.0,-6.015625,1.9140625,-5.56640625,0
58992418.0,12032.0,1.0,0.538269043,-0.3341674805,0.5093994141,0.5823364258
58996386.0,3968.0,0.0,-4.23046875,1.92578125,-5.5859375,0
58999418.0,3032.0,1.0,0.5366821289,-0.3355102539,0.5130004883,0.5798950195
59002386.0,2968.0,0.0,-3.44140625,2.83984375,-4.99609375,0
59007418.0,5032.0,1.0,0.5349731445,-0.3374023438,0.5159912109,0.5776977539
59010386.0,2968.0,0.0,-3.41796875,2.83203125,-4.91015625,0
59017418.0,7032.0,1.0,0.533203125,-0.3396606445,0.5183105469,0.5759277344
59020386.0,2968.0,0.0,-2.3203125,1.98828125,-2.609375,0
59027418.0,7032.0,1.0,0.5314331055,-0.3421630859,0.5205078125,0.5741577148
59030386.0,2968.0,0.0,-1.68359375,0.73046875,-2.53125,0
59037418.0,7032.0,1.0,0.5296630859,-0.3444824219,0.5229492188,0.5721435547
59040386.0,2968.0,0.0,-1.96875,1.57421875,-2.22265625,0
59047418.0,7032.0,1.0,0.528137207,-0.3464355469,0.5255126953,0.5699462891
59050386.0,2968.0,0.0,-2.82421875,1.7734375,-2.40625,0
59057418.0,7032.0,1.0,0.5268554688,-0.3479614258,0.5282592773,0.5676879883
59060386.0,2968.0,0.0,-3.421875,1.453125,-3.4765625,0
59067418.0,7032.0,1.0,0.5257568359,-0.3489990234,0.5311279297,0.5653686523
59070386.0,2968.0,0.0,-3.1015625,0.9140625,-3.85546875,0
59078418.0,8032.0,1.0,0.5247192383,-0.3497924805,0.5341796875,0.5629882813
59081386.0,2968.0,0.0,-2.546875,0.6015625,-3.51171875,0
59087418.0,6032.0,1.0,0.5236206055,-0.350402832,0.5374145508,0.560546875
59090386.0,2968.0,0.0,-1.19140625,0.546875,-1.78515625,0
59097418.0,7032.0,1.0,0.5223999023,-0.3509521484,0.5407714844,0.5581054688
59100386.0,2968.0,0.0,-1.0625,0.00390625,-1.36328125,0
59107418.0,7032.0,1.0,0.5210571289,-0.3515625,0.5441894531,0.5557250977
59110386.0,2968.0,0.0,-1.20703125,0.6328125,-1.359375,0
59118418.0,8032.0,1.0,0.5196533203,-0.3520507813,0.5475463867,0.5533447266
59121386.0,2968.0,0.0,-1.34375,0.46875,-1.3046875,0
59127418.0,6032.0,1.0,0.5183105469,-0.3524780273,0.55078125,0.5511474609
59130386.0,2968.0,0.0,-0.9921875,-0.2734375,-1.3515625,0
59137418.0,7032.0,1.0,0.5168457031,-0.3528442383,0.5540771484,0.5489501953
59140386.0,2968.0,0.0,-1.0625,-0.48828125,-1.80859375,0
59147418.0,7032.0,1.0,0.5153808594,-0.3531494141,0.5573120117,0.546875
59150386.0,2968.0,0.0,-0.81640625,-0.08203125,-2.0,0
59158418.0,8032.0,1.0,0.5139160156,-0.3533325195,0.5606079102,0.5447387695
59161386.0,2968.0,0.0,-0.34765625,-0.48828125,-2.07421875,0
59167418.0,6032.0,1.0,0.512512207,-0.3534545898,0.5638427734,0.5426025391
59170386.0,2968.0,0.0,-0.26171875,0.64453125,-0.43359375,0
59177418.0,7032.0,1.0,0.5108642578,-0.3537597656,0.5673217773,0.5403442383
59180386.0,2968.0,0.0,0.1640625,0.24609375,-0.078125,0
59187418.0,7032.0,1.0,0.5092163086,-0.3541870117,0.5706787109,0.5380859375
59190386.0,2968.0,0.0,0.01171875,0.4609375,0.421875,0
59198418.0,8032.0,1.0,0.5076293945,-0.3548583984,0.5737915039,0.5358886719
59201386.0,2968.0,0.0,-0.5546875,1.33203125,0.0,0
59207418.0,6032.0,1.0,0.5061645508,-0.3557128906,0.5765380859,0.5336914063
59210386.0,2968.0,0.0,-0.43359375,2.21484375,-1.421875,0
59217418.0,7032.0,1.0,0.5047607422,-0.3568725586,0.5789794922,0.5316162109
59220386.0,2968.0,0.0,0.11328125,1.44140625,-1.12109375,0
59227418.0,7032.0,1.0,0.5033569336,-0.3584594727,0.5811157227,0.5296020508
59230386.0,2968.0,0.0,0.42578125,0.796875,-0.35546875,0
59238418.0,8032.0,1.0,0.5017700195,-0.3604736328,0.5830078125,0.5276489258
59241386.0,2968.0,0.0,0.43359375,1.03515625,-0.24609375,0
59253418.0,12032.0,1.0,0.5002441406,-0.3626708984,0.5845336914,0.5258789063
59258418.0,5000.0,1.0,0.4987182617,-0.365234375,0.5858154297,0.5241699219
59260386.0,1968.0,0.0,-0.35546875,1.9375,-1.03125,0
59268418.0,8032.0,1.0,0.4970092773,-0.3681030273,0.5868530273,0.5225830078
59271386.0,2968.0,0.0,-0.484375,2.3828125,-1.23828125,0
59278418.0,7032.0,1.0,0.4954223633,-0.3710327148,0.5875244141,0.5212402344
59281386.0,2968.0,0.0,0.0234375,1.296875,-1.26171875,0
59287418.0,6032.0,1.0,0.4937744141,-0.3741455078,0.5879516602,0.5201416016
59290386.0,2968.0,0.0,0.14453125,0.69921875,-1.3984375,0
59297418.0,7032.0,1.0,0.4919433594,-0.3773803711,0.5882568359,0.5191650391
59301386.0,3968.0,0.0,0.45703125,0.80859375,-0.68359375,0
59308418.0,7032.0,1.0,0.4899902344,-0.3806762695,0.5885009766,0.5183105469
59311386.0,2968.0,0.0,0.54296875,0.8984375,0.21484375,0
59317418.0,6032.0,1.0,0.4879760742,-0.3837280273,0.5889282227,0.5174560547
59320386.0,2968.0,0.0,0.16796875,0.4921875,1.11328125,0
59327418.0,7032.0,1.0,0.4857788086,-0.38671875,0.5895996094,0.5165405273
59330386.0,2968.0,0.0,-0.29296875,0.9609375,1.2109375,0
59338418.0,8032.0,1.0,0.483581543,-0.3894042969,0.5905151367,0.5155639648
59341386.0,2968.0,0.0,-0.62890625,0.9375,0.9296875,0
59348418.0,7032.0,1.0,0.481262207,-0.3917236328,0.5917358398,0.5145263672
59351386.0,2968.0,0.0,-0.8984375,0.31640625,0.83984375,0
59357418.0,6032.0,1.0,0.4791259766,-0.3936767578,0.5931396484,0.5134887695
59360386.0,2968.0,0.0,-1.39453125,0.1640625,0.671875,0
59367418.0,7032.0,1.0,0.4767456055,-0.3954467773,0.5949707031,0.5122070313
59370386.0,2968.0,0.0,-1.82421875,0.00390625,0.703125,0
59378418.0,8032.0,1.0,0.4743652344,-0.3969116211,0.5969848633,0.510925293
59382386.0,3968.0,0.0,-1.74609375,-0.50390625,1.04296875,0
59388418.0,6032.0,1.0,0.471862793,-0.3983154297,0.5992431641,0.5095214844
59391386.0,2968.0,0.0,-1.52734375,-0.5546875,1.265625,0
59398418.0,7032.0,1.0,0.4694824219,-0.3994750977,0.6015014648,0.5081176758
59401386.0,2968.0,0.0,-1.5625,-0.5703125,1.10546875,0
59407418.0,6032.0,1.0,0.4671020508,-0.4005126953,0.6040039063,0.5065307617
59410386.0,2968.0,0.0,-1.6875,-0.42578125,0.37109375,0
59418418.0,8032.0,1.0,0.46484375,-0.4014282227,0.6065063477,0.5048828125
59421386.0,2968.0,0.0,-1.04296875,-0.48828125,-0.27734375,0
59428418.0,7032.0,1.0,0.4625854492,-0.40234375,0.6090087891,0.5032348633
59431386.0,2968.0,0.0,-0.515625,-0.92578125,-0.3984375,0
59438418.0,7032.0,1.0,0.4603881836,-0.4033813477,0.6113891602,0.5015258789
59441386.0,2968.0,0.0,-0.1015625,0.0234375,-1.046875,0
59447418.0,6032.0,1.0,0.4580688477,-0.4047241211,0.6134033203,0.5001220703
59450386.0,2968.0,0.0,-0.17578125,0.66015625,-0.7265625,0
59458418.0,8032.0,1.0,0.4554443359,-0.4066772461,0.6149291992,0.4990234375
59461386.0,2968.0,0.0,-0.22265625,0.390625,0.265625,0
59468418.0,7032.0,1.0,0.4525756836,-0.4092407227,0.6159667969,0.4982910156
59471386.0,2968.0,0.0,-0.69140625,0.26953125,0.984375,0
59478418.0,7032.0,1.0,0.4495239258,-0.4122314453,0.6165771484,0.4978027344
59481386.0,2968.0,0.0,-1.11328125,0.765625,0.78125,0
59488418.0,7032.0,1.0,0.446472168,-0.4154663086,0.6168823242,0.4974975586
59491386.0,2968.0,0.0,-1.6953125,0.66015625,0.796875,0
59498418.0,7032.0,1.0,0.4435424805,-0.418762207,0.6170043945,0.497253418
59501386.0,2968.0,0.0,-1.46484375,0.0,0.8125,0
59513418.0,12032.0,1.0,0.4407958984,-0.4219360352,0.6171264648,0.4968261719
59518386.0,4968.0,0.0,-0.8125,1.578125,0.1015625,0
59521418.0,3032.0,1.0,0.4380493164,-0.4251098633,0.6174316406,0.4961547852
59524386.0,2968.0,0.0,-0.8203125,1.5859375,0.15625,0
59528418.0,4032.0,1.0,0.4351196289,-0.4284667969,0.6177978516,0.4953613281
59531386.0,2968.0,0.0,-0.484375,1.171875,0.41015625,0
59538418.0,7032.0,1.0,0.4324951172,-0.4314575195,0.6181640625,0.4946289063
59541386.0,2968.0,0.0,0.01171875,0.63671875,0.42578125,0
59547418.0,6032.0,1.0,0.4298095703,-0.4344482422,0.6185913086,0.4938964844
59550386.0,2968.0,0.0,0.04296875,1.56640625,0.2578125,0
59557418.0,7032.0,1.0,0.4267578125,-0.4375610352,0.6190185547,0.4931640625
59560386.0,2968.0,0.0,-0.30859375,1.41015625,0.28125,0
59568418.0,8032.0,1.0,0.4236450195,-0.4405517578,0.6195678711,0.4924926758
59571386.0,2968.0,0.0,-0.59375,0.9140625,0.73046875,0
59578418.0,7032.0,1.0,0.4205932617,-0.4432983398,0.6201782227,0.4918823242
59581386.0,2968.0,0.0,-0.59375,0.30078125,0.9453125,0
59588418.0,7032.0,1.0,0.4174194336,-0.4458007813,0.6211547852,0.4910888672
59591386.0,2968.0,0.0,-0.33984375,0.28515625,1.3046875,0
59598418.0,7032.0,1.0,0.4143676758,-0.4478759766,0.6224975586,0.4901123047
59602386.0,3968.0,0.0,0.296875,-0.10546875,1.453125,0
59608418.0,6032.0,1.0,0.4112548828,-0.4495849609,0.624206543,0.4888916016
59611386.0,2968.0,0.0,0.39453125,0.17578125,1.29296875,0
59618418.0,7032.0,1.0,0.408203125,-0.4511108398,0.6262817383,0.4875488281
59621386.0,2968.0,0.0,0.33984375,0.66015625,0.93359375,0
59628418.0,7032.0,1.0,0.4051513672,-0.452331543,0.6284790039,0.4860839844
59631386.0,2968.0,0.0,0.01171875,0.09765625,-0.0234375,0
59638418.0,7032.0,1.0,0.4020996094,-0.4534301758,0.6307983398,0.4845581055
59641386.0,2968.0,0.0,0.21875,0.11328125,0.35546875,0
59648418.0,7032.0,1.0,0.3991088867,-0.4544067383,0.6332397461,0.4829101563
59651386.0,2968.0,0.0,0.1953125,-0.16796875,0.5859375,0
59658418.0,7032.0,1.0,0.3960571289,-0.4554443359,0.6356811523,0.4812011719
59661386.0,2968.0,0.0,0.29296875,-0.8046875,0.80859375,0
59668418.0,7032.0,1.0,0.3929443359,-0.4566650391,0.6380004883,0.4796142578
59671386.0,2968.0,0.0,0.19140625,-0.5234375,0.92578125,0
59678418.0,7032.0,1.0,0.3895263672,-0.4580688477,0.6400756836,0.4782714844
59681386.0,2968.0,0.0,0.16796875,-0.0859375,0.765625,0
59688418.0,7032.0,1.0,0.3859863281,-0.4597167969,0.641784668,0.4772949219
59691386.0,2968.0,0.0,0.3671875,0.203125,0.40625,0
59698418.0,7032.0,1.0,0.3823852539,-0.4615478516,0.6431884766,0.4765625
59701386.0,2968.0,0.0,-0.078125,1.1328125,0.125,0
59708418.0,7032.0,1.0,0.3784790039,-0.4635620117,0.6444702148,0.4759521484
59711386.0,2968.0,0.0,0.16796875,0.80078125,0.1171875,0
59718418.0,7032.0,1.0,0.3745727539,-0.4657592773,0.6455688477,0.475402832
59721386.0,2968.0,0.0,0.375,0.203125,0.44921875,0
59728418.0,7032.0,1.0,0.3704833984,-0.4682006836,0.646484375,0.4749755859
59731386.0,2968.0,0.0,-0.18359375,0.30078125,0.6953125,0
59737418.0,6032.0,1.0,0.3665161133,-0.4706420898,0.6470947266,0.4747924805
59740386.0,2968.0,0.0,-1.16796875,0.76953125,-0.58984375,0
59752418.0,12032.0,1.0,0.3621826172,-0.473449707,0.6474609375,0.4748535156
59755386.0,2968.0,0.0,-1.19921875,0.5546875,-0.375,0
59759418.0,4032.0,1.0,0.3573608398,-0.4766235352,0.6475219727,0.4752197266
59762386.0,2968.0,0.0,-0.1484375,1.671875,-0.2421875,0
59768418.0,6032.0,1.0,0.352722168,-0.4797363281,0.647277832,0.4758911133
59771386.0,2968.0,0.0,-0.1640625,1.640625,-0.1953125,0
59778418.0,7032.0,1.0,0.3478393555,-0.4829711914,0.6469116211,0.4767456055
59781386.0,2968.0,0.0,-0.73046875,1.265625,0.578125,0
59788418.0,7032.0,1.0,0.3428344727,-0.4862060547,0.6464233398,0.477722168
59791386.0,2968.0,0.0,-0.984375,1.38671875,0.93359375,0
59798418.0,7032.0,1.0,0.3377685547,-0.4893188477,0.6459350586,0.4787597656
59801386.0,2968.0,0.0,-0.671875,1.1484375,1.27734375,0
59808418.0,7032.0,1.0,0.3324584961,-0.4923706055,0.6456298828,0.4797973633
59811386.0,2968.0,0.0,-0.16796875,0.6875,1.27734375,0
59818418.0,7032.0,1.0,0.3272705078,-0.4951171875,0.6455688477,0.4806518555
59821386.0,2968.0,0.0,-0.34375,0.5703125,1.05859375,0
59828418.0,7032.0,1.0,0.3220825195,-0.4974365234,0.6459350586,0.481262207
59831386.0,2968.0,0.0,-0.6484375,0.48046875,1.11328125,0
59838418.0,7032.0,1.0,0.3170776367,-0.4993286133,0.6466674805,0.4815673828
59841386.0,2968.0,0.0,-0.87109375,1.0078125,0.890625,0
59848418.0,7032.0,1.0,0.3121337891,-0.500793457,0.6479492188,0.481628418
59851386.0,2968.0,0.0,-1.45703125,0.453125,0.25390625,0
59858418.0,7032.0,1.0,0.307434082,-0.5017089844,0.6496582031,0.4813842773
59861386.0,2968.0,0.0,-2.26171875,-0.015625,0.38671875,0
59868418.0,7032.0,1.0,0.3029174805,-0.5020751953,0.6519165039,0.4807739258
59871386.0,2968.0,0.0,-2.875,-0.10546875,0.71875,0
59878418.0,7032.0,1.0,0.2984619141,-0.5020751953,0.6545410156,0.4800415039
59881386.0,2968.0,0.0,-3.45703125,-0.27734375,1.1171875,0
59888418.0,7032.0,1.0,0.2940673828,-0.5017089844,0.6573486328,0.4792480469
59891386.0,2968.0,0.0,-3.78125,-1.296875,2.0234375,0
59898418.0,7032.0,1.0,0.2893676758,-0.5009765625,0.6607666016,0.4782104492
59901386.0,2968.0,0.0,-3.90625,-1.7421875,2.58203125,0
59908418.0,7032.0,1.0,0.2847900391,-0.4998168945,0.6644287109,0.4770507813
59911386.0,2968.0,0.0,-3.96875,-1.69140625,2.65234375,0
59918418.0,7032.0,1.0,0.2802734375,-0.4982299805,0.6686401367,0.4755249023
59921386.0,2968.0,0.0,-4.0234375,-1.53125,2.76171875,0
59933418.0,12032.0,1.0,0.2760620117,-0.4961547852,0.6732788086,0.4736328125
59937386.0,3968.0,0.0,-3.78515625,-0.55859375,1.4140625,0
59940418.0,3032.0,1.0,0.2720947266,-0.4934082031,0.6786499023,0.4711303711
59943386.0,2968.0,0.0,-3.84765625,-0.62109375,1.5,0
59947418.0,4032.0,1.0,0.2684936523,-0.4899291992,0.684753418,0.4680175781
59950386.0,2968.0,0.0,-4.109375,-0.1484375,1.43359375,0
59958418.0,8032.0,1.0,0.2652587891,-0.4857788086,0.6915283203,0.4641723633
59961386.0,2968.0,0.0,-4.49609375,0.41015625,1.265625,0
59968418.0,7032.0,1.0,0.2623901367,-0.4811401367,0.6986694336,0.4598999023
59971386.0,2968.0,0.0,-5.53125,0.05078125,1.3984375,0
59978418.0,7032.0,1.0,0.2598876953,-0.4760742188,0.7060546875,0.4552612305
59982386.0,3968.0,0.0,-6.14453125,0.15625,1.30859375,0
59988418.0,6032.0,1.0,0.2574462891,-0.4705200195,0.713684082,0.4505004883
59991386.0,2968.0,0.0,-6.72265625,0.8046875,1.11328125,0
59998418.0,7032.0,1.0,0.255065918,-0.4647216797,0.7213134766,0.4458007813
60001386.0,2968.0,0.0,-7.18359375,1.83203125,0.515625,0
60008418.0,7032.0,1.0,0.2524414063,-0.4586181641,0.7287597656,0.4414672852
60011386.0,2968.0,0.0,-7.8046875,3.77734375,-1.18359375,0
60018418.0,7032.0,1.0,0.2495727539,-0.452331543,0.7358398438,0.4378051758
60021386.0,2968.0,0.0,-8.34375,4.94921875,-1.75,0
60028418.0,7032.0,1.0,0.2462768555,-0.4456176758,0.7426757813,0.4349975586
60031386.0,2968.0,0.0,-8.84765625,6.05078125,-2.98046875,0
60038418.0,7032.0,1.0,0.2424316406,-0.4389038086,0.748840332,0.4334716797
60041386.0,2968.0,0.0,-10.69921875,8.4921875,-5.5625,0
60053418.0,12032.0,1.0,0.2380981445,-0.4320068359,0.7541503906,0.43359375
60057386.0,3968.0,0.0,-12.24609375,11.1796875,-7.62890625,0
60060418.0,3032.0,1.0,0.2329101563,-0.4246826172,0.758605957,0.4357299805
60063386.0,2968.0,0.0,-12.32421875,11.03125,-7.62109375,0
60068418.0,5032.0,1.0,0.2262573242,-0.4165039063,0.7623901367,0.4405517578
60071386.0,2968.0,0.0,-12.03515625,11.65625,-9.29296875,0
60078418.0,7032.0,1.0,0.2193603516,-0.4090576172,0.7645263672,0.447265625
60081386.0,2968.0,0.0,-10.3671875,14.43359375,-7.125,0
60088418.0,7032.0,1.0,0.2108764648,-0.4006347656,0.7655639648,0.4570922852
60091386.0,2968.0,0.0,-8.62890625,11.69140625,-5.11328125,0
60098418.0,7032.0,1.0,0.2018432617,-0.3920898438,0.7654418945,0.4686279297
60101386.0,2968.0,0.0,-6.86328125,7.28125,-2.9375,0
60108418.0,7032.0,1.0,0.1918945313,-0.3833007813,0.7643432617,0.4816894531
60111386.0,2968.0,0.0,-7.0546875,5.375,1.45703125,0
60118418.0,7032.0,1.0,0.1831054688,-0.374206543,0.7639160156,0.4927978516
60121386.0,2968.0,0.0,-6.828125,-10.43359375,4.42578125,0
60128418.0,7032.0,1.0,0.1774291992,-0.3622436523,0.7668457031,0.4992675781
60131386.0,2968.0,0.0,-5.23046875,-5.3984375,7.3671875,0
60138418.0,7032.0,1.0,0.1753540039,-0.3486328125,0.7709350586,0.5033569336
60141386.0,2968.0,0.0,-3.4609375,10.078125,3.08984375,0
60150418.0,9032.0,1.0,0.1736450195,-0.3358154297,0.770690918,0.5129394531
60153386.0,2968.0,0.0,-2.15234375,20.37109375,-2.0234375,0
60160418.0,7032.0,1.0,0.1702270508,-0.3239135742,0.7622680664,0.5338745117
60163386.0,2968.0,0.0,-0.015625,24.31640625,-11.76171875,0
60168418.0,5032.0,1.0,0.1656494141,-0.3132324219,0.7442016602,0.5662231445
60171386.0,2968.0,0.0,0.83203125,14.9609375,-15.015625,0
60178418.0,7032.0,1.0,0.1627197266,-0.3045654297,0.7216186523,0.5999755859
60181386.0,2968.0,0.0,7.54296875,-2.10546875,-24.67578125,0
60188418.0,7032.0,1.0,0.1622924805,-0.2969970703,0.6957397461,0.633605957
60191386.0,2968.0,0.0,13.3515625,-3.1875,-18.21484375,0
60198418.0,7032.0,1.0,0.1647949219,-0.2909545898,0.6690063477,0.6637573242
60201386.0,2968.0,0.0,7.8515625,-12.8515625,-11.43359375,0
60213418.0,12032.0,1.0,0.171081543,-0.2858886719,0.6451416016,0.6875610352
60217386.0,3968.0,0.0,3.80078125,-19.5,2.65625,0
60220418.0,3032.0,1.0,0.181640625,-0.2806396484,0.6248779297,0.7055664063
60223386.0,2968.0,0.0,3.17578125,-14.94921875,4.66796875,0
60228418.0,5032.0,1.0,0.1953735352,-0.2755126953,0.6052246094,0.7208251953
60231386.0,2968.0,0.0,4.51953125,-10.640625,4.03125,0
60238418.0,7032.0,1.0,0.2097167969,-0.2716674805,0.5850830078,0.7348022461
60241386.0,2968.0,0.0,7.046875,-10.171875,1.76953125,0
60248418.0,7032.0,1.0,0.2243652344,-0.2691040039,0.5639648438,0.7478027344
60251386.0,2968.0,0.0,8.8515625,-11.453125,0.2421875,0
60258418.0,7032.0,1.0,0.2398681641,-0.267578125,0.5427246094,0.7591552734
60261386.0,2968.0,0.0,9.3515625,-12.66796875,-0.00390625,0
60273418.0,12032.0,1.0,0.2556762695,-0.2666015625,0.5236206055,0.7677612305
60278386.0,4968.0,0.0,7.515625,-13.359375,1.0078125,0
60281418.0,3032.0,1.0,0.2725830078,-0.265625,0.5067138672,0.7735595703
60284386.0,2968.0,0.0,7.625,-13.0859375,0.6640625,0
60288418.0,4032.0,1.0,0.2910766602,-0.2643432617,0.4918823242,0.7767944336
60291386.0,2968.0,0.0,6.77734375,-11.2421875,0.54296875,0
60298418.0,7032.0,1.0,0.3091430664,-0.2626953125,0.4802856445,0.7776489258
60301386.0,2968.0,0.0,6.1328125,-9.55078125,0.34765625,0
60308418.0,7032.0,1.0,0.3264160156,-0.2609863281,0.4709472656,0.7768554688
60311386.0,2968.0,0.0,5.33203125,-6.875,0.12109375,0
60318418.0,7032.0,1.0,0.3441772461,-0.2592163086,0.4623413086,0.7749633789
60321386.0,2968.0,0.0,5.33203125,-5.23046875,0.0546875,0
60328418.0,7032.0,1.0,0.3613891602,-0.2576293945,0.4543457031,0.7723999023
60331386.0,2968.0,0.0,5.7109375,-4.015625,0.16796875,0
60338418.0,7032.0,1.0,0.3771972656,-0.2565307617,0.4465942383,0.7697143555
60341386.0,2968.0,0.0,6.109375,-3.3125,0.2890625,0
60353418.0,12032.0,1.0,0.3912353516,-0.2560424805,0.4389648438,0.7672729492
60357386.0,3968.0,0.0,6.234375,-5.0546875,0.55859375,0
60360418.0,3032.0,1.0,0.4052124023,-0.2559814453,0.430847168,0.7646484375
60363386.0,2968.0,0.0,6.28125,-4.84375,0.43359375,0
60368418.0,5032.0,1.0,0.4188842773,-0.2559814453,0.4229736328,0.7616577148
60371386.0,2968.0,0.0,6.1640625,-5.40234375,0.6015625,0
60378418.0,7032.0,1.0,0.4313354492,-0.2557983398,0.4164428711,0.7583618164
60381386.0,2968.0,0.0,5.99609375,-5.7578125,0.453125,0
60388418.0,7032.0,1.0,0.4434204102,-0.2553710938,0.4110717773,0.7544555664
60391386.0,2968.0,0.0,5.60546875,-5.15625,0.12890625,0
60398418.0,7032.0,1.0,0.4551391602,-0.2547607422,0.4066162109,0.7500610352
60401386.0,2968.0,0.0,5.37109375,-4.625,0.25,0
60408418.0,7032.0,1.0,0.4660644531,-0.2542114258,0.403137207,0.7454223633
60411386.0,2968.0,0.0,5.0390625,-4.1015625,0.33984375,0
60418418.0,7032.0,1.0,0.4766235352,-0.2536621094,0.4003295898,0.7403564453
60421386.0,2968.0,0.0,4.6796875,-3.23828125,0.36328125,0
60433418.0,12032.0,1.0,0.4860839844,-0.2532958984,0.3984375,0.7354125977
60437386.0,3968.0,0.0,4.66015625,-2.59375,0.25390625,0
60440418.0,3032.0,1.0,0.4954833984,-0.253112793,0.3969726563,0.7299804688
60443386.0,2968.0,0.0,4.69140625,-2.484375,0.22265625,0
60448418.0,5032.0,1.0,0.5044555664,-0.2531738281,0.3958740234,0.7243652344
60451386.0,2968.0,0.0,4.67578125,-2.40625,0.1328125,0
60458418.0,7032.0,1.0,0.5121459961,-0.2535400391,0.3952026367,0.7191772461
60461386.0,2968.0,0.0,4.27734375,-2.42578125,-0.10546875,0
60468418.0,7032.0,1.0,0.5196533203,-0.2540893555,0.3949584961,0.7137451172
60471386.0,2968.0,0.0,3.80859375,-1.73046875,-0.41015625,0
60478418.0,7032.0,1.0,0.5262451172,-0.2549438477,0.3950195313,0.7085571289
60482386.0,3968.0,0.0,3.421875,-1.15234375,-0.48046875,0
60488418.0,6032.0,1.0,0.5322265625,-0.2562255859,0.3952636719,0.7034301758
60491386.0,2968.0,0.0,3.296875,-0.796875,-0.80859375,0
60498418.0,7032.0,1.0,0.5373535156,-0.2578735352,0.3955688477,0.6987304688
60501386.0,2968.0,0.0,3.5,-1.09375,-1.4453125,0
60508418.0,7032.0,1.0,0.5423583984,-0.2600097656,0.3961791992,0.6937255859
60511386.0,2968.0,0.0,3.57421875,-1.29296875,-1.8359375,0
60518418.0,7032.0,1.0,0.5467529297,-0.2620849609,0.3972167969,0.6889038086
60521386.0,2968.0,0.0,3.5,-1.33203125,-2.140625,0
60528418.0,7032.0,1.0,0.5508422852,-0.2640380859,0.3989257813,0.6838989258
60531386.0,2968.0,0.0,3.26953125,-1.3515625,-2.62890625,0
60538418.0,7032.0,1.0,0.5546875,-0.2658081055,0.4014282227,0.6786499023
60541386.0,2968.0,0.0,2.93359375,-0.953125,-3.03515625,0
60548418.0,7032.0,1.0,0.5580444336,-0.267578125,0.404296875,0.6734619141
60551386.0,2968.0,0.0,2.98046875,-0.30078125,-3.44140625,0
60558418.0,7032.0,1.0,0.5607910156,-0.2696533203,0.4071655273,0.6685791016
60561386.0,2968.0,0.0,3.09765625,0.84765625,-3.67578125,0
60570418.0,9032.0,1.0,0.5628051758,-0.2723388672,0.409362793,0.6644897461
60573386.0,2968.0,0.0,3.2578125,1.47265625,-3.8828125,0
60581418.0,8032.0,1.0,0.5642700195,-0.2756347656,0.4112548828,0.6607055664
60584386.0,2968.0,0.0,2.5390625,1.71875,-4.47265625,0
60588418.0,4032.0,1.0,0.5653076172,-0.2792358398,0.4128417969,0.6572875977
60591386.0,2968.0,0.0,1.62109375,1.734375,-4.63671875,0
60599418.0,8032.0,1.0,0.5659179688,-0.2828369141,0.4141845703,0.6543579102
60602386.0,2968.0,0.0,0.6640625,1.89453125,-4.1171875,0
60608418.0,6032.0,1.0,0.5661010742,-0.2864990234,0.415222168,0.6519775391
60611386.0,2968.0,0.0,-0.90625,1.328125,-4.25390625,0
60618418.0,7032.0,1.0,0.5660400391,-0.2901611328,0.4160766602,0.6498413086
60621386.0,2968.0,0.0,-1.6796875,1.14453125,-4.50390625,0
60628418.0,7032.0,1.0,0.5656738281,-0.293762207,0.4170532227,0.6478881836
60631386.0,2968.0,0.0,-2.75,1.26171875,-4.40234375,0
60639418.0,8032.0,1.0,0.5651855469,-0.2971191406,0.4182128906,0.6459960938
60642386.0,2968.0,0.0,-3.83203125,1.0390625,-4.15625,0
60648418.0,6032.0,1.0,0.5646972656,-0.3001098633,0.4195556641,0.6442260742
60651386.0,2968.0,0.0,-5.21484375,0.3359375,-2.33984375,0
60658418.0,7032.0,1.0,0.5640869141,-0.3028564453,0.4213867188,0.6422729492
60661386.0,2968.0,0.0,-5.1171875,-0.25390625,-1.78125,0
60668418.0,7032.0,1.0,0.5634765625,-0.3053588867,0.4235839844,0.6401977539
60671386.0,2968.0,0.0,-4.43359375,-0.69921875,-0.0625,0
60679418.0,8032.0,1.0,0.5626831055,-0.3075561523,0.4263305664,0.6380004883
60682386.0,2968.0,0.0,-3.515625,-1.46484375,0.50390625,0
60688418.0,6032.0,1.0,0.5618286133,-0.3095092773,0.4296875,0.635559082
60691386.0,2968.0,0.0,-3.0234375,-1.234375,0.73046875,0
60698418.0,7032.0,1.0,0.5608520508,-0.3112182617,0.4338989258,0.6326904297
60701386.0,2968.0,0.0,-3.25390625,-1.01953125,-0.12890625,0
60708418.0,7032.0,1.0,0.5599365234,-0.3126220703,0.4387207031,0.6294555664
60711386.0,2968.0,0.0,-3.40625,-0.69140625,-1.296875,0
60719418.0,8032.0,1.0,0.5591430664,-0.313659668,0.4439086914,0.6260375977
60722386.0,2968.0,0.0,-2.98828125,-0.140625,-2.1171875,0
60728418.0,6032.0,1.0,0.5584106445,-0.3145751953,0.4495849609,0.6221923828
60731386.0,2968.0,0.0,-2.64453125,0.6328125,-2.88671875,0
60738418.0,7032.0,1.0,0.5576782227,-0.3154907227,0.4553222656,0.6181640625
60741386.0,2968.0,0.0,-3.10546875,1.0703125,-3.23828125,0
60748418.0,7032.0,1.0,0.5568237305,-0.3165893555,0.4609375,0.6142578125
60751386.0,2968.0,0.0,-3.80078125,1.8515625,-3.6640625,0
60759418.0,8032.0,1.0,0.5557861328,-0.3178100586,0.4664306641,0.6104125977
60762386.0,2968.0,0.0,-4.25,2.48046875,-3.80859375,0
60774418.0,12032.0,1.0,0.5546264648,-0.3190917969,0.4713745117,0.6069335938
60779418.0,5000.0,1.0,0.5534057617,-0.3204345703,0.4765625,0.6032714844
60781386.0,1968.0,0.0,-2.37890625,1.94140625,-4.01953125,0
60788418.0,7032.0,1.0,0.5520629883,-0.3216552734,0.4819946289,0.5995483398
60791386.0,2968.0,0.0,-0.94140625,1.3046875,-3.82421875,0
60798418.0,7032.0,1.0,0.5505371094,-0.3229370117,0.4873046875,0.5959472656
60801386.0,2968.0,0.0,-1.24609375,2.0859375,-4.28125,0
60808418.0,7032.0,1.0,0.548828125,-0.3244628906,0.4923095703,0.592590332
60811386.0,2968.0,0.0,-2.70703125,2.21484375,-4.35546875,0
60818418.0,7032.0,1.0,0.5469970703,-0.326171875,0.4969482422,0.5894775391
60822386.0,3968.0,0.0,-4.4765625,1.7421875,-4.4375,0
60828418.0,6032.0,1.0,0.5452270508,-0.3279418945,0.5012817383,0.5864257813
60831386.0,2968.0,0.0,-5.3671875,1.50390625,-4.7421875,0
60838418.0,7032.0,1.0,0.5436401367,-0.3296508789,0.5052490234,0.5835571289
60841386.0,2968.0,0.0,-6.33984375,1.7265625,-4.80078125,0
60848418.0,7032.0,1.0,0.5419311523,-0.3315429688,0.5092163086,0.5806274414
60851386.0,2968.0,0.0,-6.53515625,2.17578125,-5.34375,0
60858418.0,7032.0,1.0,0.5402832031,-0.3334350586,0.5127563477,0.5778808594
60861386.0,2968.0,0.0,-6.09375,2.5234375,-4.859375,0
60868418.0,7032.0,1.0,0.5386962891,-0.3354492188,0.5160522461,0.5753173828
60871386.0,2968.0,0.0,-5.6484375,3.13671875,-4.50390625,0
60878418.0,7032.0,1.0,0.537109375,-0.3374633789,0.518737793,0.5731201172
60881386.0,2968.0,0.0,-3.9765625,1.6796875,-3.3828125,0
60888418.0,7032.0,1.0,0.5352783203,-0.3399658203,0.521484375,0.5709838867
60891386.0,2968.0,0.0,-3.83984375,1.2578125,-3.14453125,0
60898418.0,7032.0,1.0,0.5335083008,-0.3422851563,0.5239257813,0.5689697266
60901386.0,2968.0,0.0,-4.359375,0.65234375,-3.58984375,0
60908418.0,7032.0,1.0,0.5318603516,-0.3443603516,0.5264282227,0.5668945313
60911386.0,2968.0,0.0,-4.02734375,0.66015625,-4.078125,0
60918418.0,7032.0,1.0,0.5303955078,-0.3463745117,0.5289306641,0.5647583008
60921386.0,2968.0,0.0,-3.0078125,0.8515625,-3.73046875,0
60928418.0,7032.0,1.0,0.5290527344,-0.3482055664,0.5313720703,0.5625610352
60931386.0,2968.0,0.0,-3.03125,0.78515625,-3.5,0
60938418.0,7032.0,1.0,0.5278930664,-0.3499145508,0.5338134766,0.5603027344
60941386.0,2968.0,0.0,-3.16015625,0.0546875,-3.26953125,0
60950418.0,9032.0,1.0,0.5269165039,-0.3513183594,0.5361938477,0.5581054688
60953386.0,2968.0,0.0,-2.6484375,0.4453125,-3.6484375,0
60961418.0,8032.0,1.0,0.5259399414,-0.3525390625,0.5387573242,0.5557250977
60964386.0,2968.0,0.0,-2.09765625,0.68359375,-3.6484375,0
60968418.0,4032.0,1.0,0.5250854492,-0.3536376953,0.5412597656,0.5534667969
60971386.0,2968.0,0.0,-1.7734375,0.4921875,-3.80859375,0
60979418.0,8032.0,1.0,0.5241699219,-0.3545532227,0.5439453125,0.5510253906
60982386.0,2968.0,0.0,-1.26171875,0.71484375,-3.30859375,0
60988418.0,6032.0,1.0,0.5231933594,-0.3555297852,0.5465087891,0.548828125
60991386.0,2968.0,0.0,-0.32421875,0.5703125,-1.8203125,0
60998418.0,7032.0,1.0,0.5220336914,-0.356628418,0.5489501953,0.5467529297
61001386.0,2968.0,0.0,-0.08984375,0.22265625,-1.09765625,0
61008418.0,7032.0,1.0,0.5207519531,-0.3578491211,0.5511474609,0.5449829102
61011386.0,2968.0,0.0,-0.30078125,0.1484375,-0.484375,0
61019418.0,8032.0,1.0,0.5193481445,-0.3590698242,0.5534057617,0.5432128906
61022386.0,2968.0,0.0,-0.40234375,0.37109375,-1.1796875,0
61028418.0,6032.0,1.0,0.5179443359,-0.3602294922,0.555480957,0.5416870117
61031386.0,2968.0,0.0,-1.3125,1.05859375,-1.4609375,0
61038418.0,7032.0,1.0,0.5164794922,-0.3613891602,0.5576782227,0.5400390625
61041386.0,2968.0,0.0,-1.53515625,0.41015625,-1.58203125,0
61048418.0,7032.0,1.0,0.5148925781,-0.362487793,0.5598144531,0.5385742188
61051386.0,2968.0,0.0,-1.34375,0.20703125,-0.984375,0
61059418.0,8032.0,1.0,0.5132446289,-0.3636474609,0.5620727539,0.5370483398
61062386.0,2968.0,0.0,-0.8359375,-0.56640625,-0.1484375,0
61068418.0,6032.0,1.0,0.51171875,-0.3646240234,0.5642700195,0.5355224609
61071386.0,2968.0,0.0,-0.29296875,-0.34375,-0.46875,0
61078418.0,7032.0,1.0,0.5101318359,-0.3654785156,0.5668334961,0.5337524414
61081386.0,2968.0,0.0,0.40234375,0.38671875,-0.7734375,0
61088418.0,7032.0,1.0,0.5086669922,-0.3661499023,0.5693969727,0.5319213867
61091386.0,2968.0,0.0,1.37109375,0.140625,-0.625,0
61099418.0,8032.0,1.0,0.5072631836,-0.3667602539,0.5720214844,0.530090332
61102386.0,2968.0,0.0,1.60546875,0.21484375,-0.36328125,0
61109418.0,7032.0,1.0,0.5057373047,-0.3674926758,0.5746459961,0.5281982422
61112386.0,2968.0,0.0,1.1484375,0.4296875,-0.33203125,0
61119418.0,7032.0,1.0,0.5039672852,-0.3684692383,0.5770874023,0.526550293
61123386.0,3968.0,0.0,0.34375,-0.07421875,-0.1875,0
61128418.0,5032.0,1.0,0.5021362305,-0.3695068359,0.5793457031,0.5250244141
61131386.0,2968.0,0.0,-0.30078125,-0.16015625,0.11328125,0
61139418.0,8032.0,1.0,0.5001831055,-0.3706054688,0.5815429688,0.5237426758
61142386.0,2968.0,0.0,-0.26171875,-0.51171875,0.14453125,0
61148418.0,6032.0,1.0,0.4981689453,-0.3717041016,0.5837402344,0.5223999023
61151386.0,2968.0,0.0,0.6171875,-0.52734375,0.59765625,0
61159418.0,8032.0,1.0,0.4961547852,-0.3726806641,0.5860595703,0.5210571289
61162386.0,2968.0,0.0,0.88671875,-0.53515625,0.625,0
61169418.0,7032.0,1.0,0.494140625,-0.3735961914,0.5884399414,0.5195922852
61172386.0,2968.0,0.0,0.7734375,0.09765625,0.08984375,0
61179418.0,7032.0,1.0,0.4921264648,-0.3743896484,0.5908813477,0.5181274414
61182386.0,2968.0,0.0,0.734375,0.12890625,0.2734375,0
61188418.0,6032.0,1.0,0.4900512695,-0.3752441406,0.5933837891,0.5166625977
61191386.0,2968.0,0.0,0.7734375,0.0390625,0.7578125,0
61199418.0,8032.0,1.0,0.4879150391,-0.3760986328,0.5959472656,0.5151367188
61203386.0,3968.0,0.0,0.2734375,0.375,1.2578125,0
61209418.0,6032.0,1.0,0.4857177734,-0.376953125,0.598449707,0.5136108398
61212386.0,2968.0,0.0,0.10546875,0.50390625,1.375,0
61218418.0,6032.0,1.0,0.4834594727,-0.3778686523,0.6008300781,0.5122680664
61221386.0,2968.0,0.0,0.3359375,-0.4296875,0.984375,0
61233418.0,12032.0,1.0,0.4811401367,-0.37890625,0.6032104492,0.5109863281
61236386.0,2968.0,0.0,-0.171875,-0.37109375,0.2890625,0
61240418.0,4032.0,1.0,0.4786987305,-0.3799438477,0.6055908203,0.5096435547
61243386.0,2968.0,0.0,-0.71484375,0.58203125,-0.4453125,0
61249418.0,6032.0,1.0,0.4762573242,-0.3811035156,0.6079101563,0.5083007813
61252386.0,2968.0,0.0,-1.02734375,1.25390625,-0.14453125,0
61258418.0,6032.0,1.0,0.4739379883,-0.3822631836,0.6100463867,0.507019043
61261386.0,2968.0,0.0,0.1953125,0.2421875,0.99609375,0
61269418.0,8032.0,1.0,0.4713745117,-0.3837280273,0.6121826172,0.5057373047
61272386.0,2968.0,0.0,0.9921875,0.3515625,0.1484375,0
61279418.0,7032.0,1.0,0.4688110352,-0.3852539063,0.6141967773,0.5045166016
61282386.0,2968.0,0.0,1.25390625,0.75390625,0.11328125,0
61289418.0,7032.0,1.0,0.4661254883,-0.3869628906,0.6159667969,0.5035400391
61292386.0,2968.0,0.0,1.16796875,0.48046875,0.2578125,0
61299418.0,7032.0,1.0,0.4633178711,-0.3888549805,0.6175537109,0.5028076172
61302386.0,2968.0,0.0,-0.5234375,1.0859375,-0.40625,0
61308418.0,6032.0,1.0,0.4604492188,-0.3909301758,0.6187744141,0.5022583008
61311386.0,2968.0,0.0,-0.9140625,1.3828125,-0.7265625,0
61319418.0,8032.0,1.0,0.4573974609,-0.3932495117,0.6197509766,0.5020141602
61322386.0,2968.0,0.0,-0.53125,0.83203125,-0.203125,0
61329418.0,7032.0,1.0,0.4541625977,-0.3958740234,0.6204223633,0.5020751953
61332386.0,2968.0,0.0,0.41015625,0.40234375,0.1953125,0
61339418.0,7032.0,1.0,0.4507446289,-0.3987426758,0.6209106445,0.5023193359
61342386.0,2968.0,0.0,1.4375,0.5078125,1.12890625,0
61349418.0,7032.0,1.0,0.4470825195,-0.4018554688,0.6211547852,0.502746582
61352386.0,2968.0,0.0,1.19140625,0.04296875,1.796875,0
61359418.0,7032.0,1.0,0.4434204102,-0.4049682617,0.6214599609,0.5031738281
61362386.0,2968.0,0.0,0.72265625,-0.6328125,1.9375,0
61369418.0,7032.0,1.0,0.4397583008,-0.4078369141,0.6220092773,0.5033569336
61372386.0,2968.0,0.0,-1.3515625,-0.02734375,0.98828125,0
61379418.0,7032.0,1.0,0.4362792969,-0.4104003906,0.6227416992,0.5033569336
61382386.0,2968.0,0.0,-1.4375,-0.3125,1.2109375,0
61389418.0,7032.0,1.0,0.4329223633,-0.4127197266,0.623840332,0.5030517578
61392386.0,2968.0,0.0,-1.4140625,-1.015625,1.265625,0
61399418.0,7032.0,1.0,0.4296875,-0.4147949219,0.6251831055,0.5025024414
61402386.0,2968.0,0.0,-1.23828125,-0.6796875,0.6484375,0
61408418.0,6032.0,1.0,0.426574707,-0.4166259766,0.6265869141,0.5018310547
61411386.0,2968.0,0.0,-0.87109375,-0.12109375,0.09765625,0
61419418.0,8032.0,1.0,0.4233398438,-0.4185791016,0.6280517578,0.5010986328
61422386.0,2968.0,0.0,-0.58203125,0.58203125,0.703125,0
61429418.0,7032.0,1.0,0.4201049805,-0.4205932617,0.6293945313,0.5004882813
61432386.0,2968.0,0.0,-0.2421875,0.22265625,1.109375,0
61439418.0,7032.0,1.0,0.4167480469,-0.4227905273,0.6306152344,0.4998779297
61442386.0,2968.0,0.0,-0.14453125,0.20703125,1.05078125,0
61448418.0,6032.0,1.0,0.4135131836,-0.4249267578,0.631652832,0.4995117188
61451386.0,2968.0,0.0,-0.2734375,0.26953125,0.1640625,0
61458418.0,7032.0,1.0,0.4100341797,-0.4271850586,0.6326904297,0.4990844727
61461386.0,2968.0,0.0,-0.328125,-0.28515625,0.79296875,0
61469418.0,8032.0,1.0,0.4066162109,-0.4293212891,0.6338500977,0.4986572266
61472386.0,2968.0,0.0,-0.27734375,-0.52734375,1.16015625,0
61479418.0,7032.0,1.0,0.4031982422,-0.4313354492,0.6351318359,0.4979858398
61482386.0,2968.0,0.0,-0.40625,-0.0859375,1.3828125,0
61494418.0,12032.0,1.0,0.4000244141,-0.4331665039,0.6364746094,0.497253418
61498386.0,3968.0,0.0,0.453125,-0.4140625,2.2421875,0
61501418.0,3032.0,1.0,0.3967285156,-0.4351196289,0.6379394531,0.4962768555
61504386.0,2968.0,0.0,0.4375,-0.4296875,2.3125,0
61508418.0,4032.0,1.0,0.3934936523,-0.4370117188,0.6395263672,0.4951782227
61511386.0,2968.0,0.0,1.0625,-0.40625,1.76171875,0
61519418.0,8032.0,1.0,0.3900756836,-0.4389648438,0.6411132813,0.4940795898
61522386.0,2968.0,0.0,1.00390625,0.0078125,1.2578125,0
61529418.0,7032.0,1.0,0.3866577148,-0.4409179688,0.6427001953,0.492980957
61532386.0,2968.0,0.0,0.44921875,-0.19921875,-0.15625,0
61539418.0,7032.0,1.0,0.3833007813,-0.4428710938,0.6441650391,0.4920043945
61542386.0,2968.0,0.0,0.04296875,0.12890625,-0.66796875,0
61549418.0,7032.0,1.0,0.3797607422,-0.4448242188,0.6456298828,0.4909667969
61552386.0,2968.0,0.0,-0.24609375,0.41796875,-0.0234375,0
61559418.0,7032.0,1.0,0.3762207031,-0.4468383789,0.6469726563,0.4901123047
61562386.0,2968.0,0.0,0.265625,-0.140625,1.109375,0
61569418.0,7032.0,1.0,0.3724975586,-0.4489135742,0.6483154297,0.4893188477
61572386.0,2968.0,0.0,0.1171875,-0.34765625,1.171875,0
61579418.0,7032.0,1.0,0.3685302734,-0.4511108398,0.649597168,0.4886474609
61583386.0,3968.0,0.0,0.1328125,-0.49609375,1.12109375,0
61589418.0,6032.0,1.0,0.3645019531,-0.4531860352,0.6508789063,0.4879760742
61592386.0,2968.0,0.0,-0.05078125,-0.48046875,1.27734375,0
61599418.0,7032.0,1.0,0.3604736328,-0.4552001953,0.65234375,0.4871826172
61602386.0,2968.0,0.0,0.37890625,0.0703125,1.5703125,0
61609418.0,7032.0,1.0,0.3563232422,-0.4570922852,0.6539916992,0.4862060547
61612386.0,2968.0,0.0,0.5390625,0.046875,1.76171875,0
61619418.0,7032.0,1.0,0.352355957,-0.4588623047,0.6558227539,0.4849243164
61622386.0,2968.0,0.0,0.4296875,-0.05078125,1.06640625,0
61629418.0,7032.0,1.0,0.3485717773,-0.4604492188,0.6577758789,0.4835205078
61632386.0,2968.0,0.0,0.24609375,0.0390625,0.25390625,0
61638418.0,6032.0,1.0,0.3449707031,-0.4619140625,0.6597290039,0.4821166992
61641386.0,2968.0,0.0,-0.4765625,-0.08984375,-0.44140625,0
61649418.0,8032.0,1.0,0.3411254883,-0.4635009766,0.6617431641,0.48046875
61652386.0,2968.0,0.0,-0.97265625,0.15234375,-0.515625,0
61659418.0,7032.0,1.0,0.3374023438,-0.4651489258,0.6635742188,0.4790039063
61662386.0,2968.0,0.0,-1.1953125,0.71484375,-0.3671875,0
61669418.0,7032.0,1.0,0.3334960938,-0.4671020508,0.6651611328,0.4776611328
61672386.0,2968.0,0.0,-0.9296875,0.69140625,0.3125,0
61679418.0,7032.0,1.0,0.3293457031,-0.4692993164,0.6665649414,0.4765014648
61682386.0,2968.0,0.0,-0.4609375,0.75,1.49609375,0
61689418.0,7032.0,1.0,0.3252563477,-0.4716186523,0.6676025391,0.4755249023
61692386.0,2968.0,0.0,-0.00390625,1.0703125,1.671875,0
61699418.0,7032.0,1.0,0.3209228516,-0.4740600586,0.6685791016,0.474609375
61702386.0,2968.0,0.0,0.42578125,0.65625,1.66796875,0
61710418.0,8032.0,1.0,0.3167114258,-0.4765014648,0.6694335938,0.4737548828
61713386.0,2968.0,0.0,0.4609375,0.06640625,1.30859375,0
61721418.0,8032.0,1.0,0.3125,-0.4789428711,0.6704101563,0.4727783203
61724386.0,2968.0,0.0,-0.52734375,0.3984375,0.3359375,0
61728418.0,4032.0,1.0,0.3082885742,-0.4813232422,0.6713867188,0.4717407227
61731386.0,2968.0,0.0,-1.67578125,0.640625,-0.67578125,0
61739418.0,8032.0,1.0,0.3039550781,-0.4838256836,0.6723022461,0.4706420898
61742386.0,2968.0,0.0,-2.3671875,1.0,-1.5625,0
61749418.0,7032.0,1.0,0.2997436523,-0.4862060547,0.6730957031,0.4697875977
61752386.0,2968.0,0.0,-2.13671875,1.5234375,-1.69140625,0
61759418.0,7032.0,1.0,0.2955322266,-0.4885864258,0.6737670898,0.4690551758
61762386.0,2968.0,0.0,-1.85546875,1.61328125,-0.44921875,0
61769418.0,7032.0,1.0,0.2912597656,-0.4908447266,0.6743774414,0.4685058594
61772386.0,2968.0,0.0,-1.85546875,1.8125,1.0625,0
61779418.0,7032.0,1.0,0.2867431641,-0.4931030273,0.674987793,0.4680175781
61782386.0,2968.0,0.0,-1.78125,1.4375,2.15234375,0
61789418.0,7032.0,1.0,0.282043457,-0.4952392578,0.6757202148,0.467590332
61792386.0,2968.0,0.0,-2.125,1.09765625,2.84765625,0
61799418.0,7032.0,1.0,0.2770385742,-0.4971923828,0.6766357422,0.4671020508
61802386.0,2968.0,0.0,-2.32421875,0.7890625,2.6796875,0
61809418.0,7032.0,1.0,0.2720336914,-0.4987792969,0.6777954102,0.4666137695
61812386.0,2968.0,0.0,-2.37890625,0.55859375,2.4765625,0
61819418.0,7032.0,1.0,0.2669677734,-0.5,0.6793212891,0.4660644531
61822386.0,2968.0,0.0,-2.34375,0.0390625,2.1796875,0
61828418.0,6032.0,1.0,0.2620849609,-0.500793457,0.6811523438,0.4653320313
61831386.0,2968.0,0.0,-2.97265625,-0.046875,1.62890625,0
61839418.0,8032.0,1.0,0.256652832,-0.5010986328,0.6836547852,0.4643554688
61842386.0,2968.0,0.0,-3.80859375,-0.0234375,1.5,0
61849418.0,7032.0,1.0,0.2514648438,-0.5008544922,0.686706543,0.4630126953
61852386.0,2968.0,0.0,-4.71484375,-0.05078125,1.4609375,0
61859418.0,7032.0,1.0,0.2465209961,-0.4998168945,0.6904907227,0.4611206055
61862386.0,2968.0,0.0,-5.359375,-0.2578125,1.234375,0
61869418.0,7032.0,1.0,0.2420654297,-0.4978637695,0.6952514648,0.4584350586
61872386.0,2968.0,0.0,-6.125,-1.0,1.38671875,0
61879418.0,7032.0,1.0,0.2384643555,-0.494934082,0.7010498047,0.4547119141
61882386.0,2968.0,0.0,-6.51171875,-0.98046875,1.86328125,0
61889418.0,7032.0,1.0,0.2355957031,-0.4907226563,0.708190918,0.4496459961
61892386.0,2968.0,0.0,-6.98046875,-0.4765625,2.1640625,0
61899418.0,7032.0,1.0,0.2335205078,-0.485534668,0.7162475586,0.4435424805
61902386.0,2968.0,0.0,-7.41015625,0.0,2.08984375,0
61914418.0,12032.0,1.0,0.2321166992,-0.4794311523,0.7249145508,0.4367675781
61918386.0,3968.0,0.0,-8.4609375,3.31640625,-0.11328125,0
61921418.0,3032.0,1.0,0.2310180664,-0.4722900391,0.734375,0.4293212891
61924386.0,2968.0,0.0,-8.546875,3.30078125,0.01171875,0
61929418.0,5032.0,1.0,0.2298583984,-0.4638061523,0.7445678711,0.4215698242
61932386.0,2968.0,0.0,-9.1875,4.625,-0.96484375,0
61939418.0,7032.0,1.0,0.2283935547,-0.4553222656,0.7537231445,0.4152832031
61942386.0,2968.0,0.0,-11.05078125,7.19921875,-4.2578125,0
61949418.0,7032.0,1.0,0.2260742188,-0.4463500977,0.7622070313,0.4107055664
61952386.0,2968.0,0.0,-12.29296875,8.83203125,-5.62890625,0
61959418.0,7032.0,1.0,0.2227172852,-0.4371948242,0.7694702148,0.4088134766
61962386.0,2968.0,0.0,-13.046875,10.1484375,-6.796875,0
61969418.0,7032.0,1.0,0.217956543,-0.4281005859,0.7753295898,0.4099731445
61972386.0,2968.0,0.0,-12.9453125,11.578125,-8.30078125,0
61979418.0,7032.0,1.0,0.2118530273,-0.4189453125,0.7796630859,0.4143676758
61982386.0,2968.0,0.0,-11.28515625,12.26171875,-8.97265625,0
61994418.0,12032.0,1.0,0.204284668,-0.4096679688,0.7825317383,0.4219970703
61998386.0,3968.0,0.0,-8.859375,8.609375,-4.9296875,0
62001418.0,3032.0,1.0,0.1958007813,-0.4000854492,0.7841796875,0.4320678711
62004386.0,2968.0,0.0,-7.859375,7.953125,-2.97265625,0
62009418.0,5032.0,1.0,0.1857910156,-0.3897094727,0.7845458984,0.4450683594
62012386.0,2968.0,0.0,-7.984375,7.6328125,-3.11328125,0
62019418.0,7032.0,1.0,0.1754150391,-0.3803100586,0.7833251953,0.4592895508
62022386.0,2968.0,0.0,-8.98828125,4.1328125,1.8125,0
62029418.0,7032.0,1.0,0.1642456055,-0.3695678711,0.7819824219,0.4743041992
62032386.0,2968.0,0.0,-8.33203125,-10.61328125,2.6875,0
62039418.0,7032.0,1.0,0.1569824219,-0.3575439453,0.7832641602,0.4837036133
62042386.0,2968.0,0.0,-6.0546875,-7.796875,3.484375,0
62049418.0,7032.0,1.0,0.1524658203,-0.3439331055,0.7846069336,0.4927368164
62052386.0,2968.0,0.0,-2.68359375,9.40625,-2.1796875,0
62059418.0,7032.0,1.0,0.147277832,-0.3307495117,0.7799072266,0.5104980469
62062386.0,2968.0,0.0,1.62890625,25.6796875,-15.09765625,0
62074418.0,12032.0,1.0,0.1408691406,-0.3201904297,0.766784668,0.538269043
62078386.0,3968.0,0.0,7.3203125,6.92578125,-17.7265625,0
62081418.0,3032.0,1.0,0.1340942383,-0.3112182617,0.744934082,0.5746459961
62084386.0,2968.0,0.0,7.91015625,2.18359375,-16.4921875,0
62089418.0,5032.0,1.0,0.1289672852,-0.3035888672,0.7165527344,0.6146240234
62092386.0,2968.0,0.0,7.93359375,1.87109375,-17.3828125,0
62099418.0,7032.0,1.0,0.1280517578,-0.2974853516,0.6880493164,0.6493530273
62102386.0,2968.0,0.0,0.78515625,-16.453125,-6.94140625,0
62109418.0,7032.0,1.0,0.1325683594,-0.2916870117,0.6637573242,0.6759033203
62112386.0,2968.0,0.0,0.44921875,-19.74609375,-2.3203125,0
62119418.0,7032.0,1.0,0.1420288086,-0.2857055664,0.6436157227,0.6956787109
62122386.0,2968.0,0.0,2.08984375,-17.81640625,0.12109375,0
62131418.0,9032.0,1.0,0.1541748047,-0.2802734375,0.6259155273,0.7112426758
62134386.0,2968.0,0.0,4.515625,-13.40625,0.80078125,0
62141418.0,7032.0,1.0,0.1682739258,-0.2756347656,0.6075439453,0.7257080078
62144386.0,2968.0,0.0,8.01953125,-10.73828125,-0.26953125,0
62149418.0,5032.0,1.0,0.1845703125,-0.2718505859,0.5868530273,0.7399902344
62152386.0,2968.0,0.0,8.6640625,-11.46484375,-0.40625,0
62159418.0,7032.0,1.0,0.2008056641,-0.2692871094,0.5676269531,0.7516479492
62162386.0,2968.0,0.0,9.12109375,-12.00390625,-0.265625,0
62169418.0,7032.0,1.0,0.2176513672,-0.2673950195,0.549621582,0.760925293
62172386.0,2968.0,0.0,9.7578125,-12.52734375,0.203125,0
62179418.0,7032.0,1.0,0.2360229492,-0.2658081055,0.532409668,0.7682495117
62182386.0,2968.0,0.0,9.62109375,-12.03125,-0.03515625,0
62192418.0,10032.0,1.0,0.2540893555,-0.264465332,0.5177001953,0.7729492188
62195386.0,2968.0,0.0,9.2578125,-11.046875,-0.5859375,0
62202418.0,7032.0,1.0,0.2734985352,-0.2630615234,0.5039672852,0.7758789063
62205386.0,2968.0,0.0,8.5703125,-9.61328125,-0.375,0
62210418.0,5032.0,1.0,0.2924804688,-0.2616577148,0.4920654297,0.7770996094
62213386.0,2968.0,0.0,7.22265625,-8.27734375,-0.12890625,0
62219418.0,6032.0,1.0,0.3110961914,-0.2603759766,0.4814453125,0.7769165039
62222386.0,2968.0,0.0,6.78125,-6.87109375,0.3046875,0
62231418.0,9032.0,1.0,0.3284912109,-0.2593383789,0.4719238281,0.7759399414
62234386.0,2968.0,0.0,6.33203125,-5.640625,0.34765625,0
62241418.0,7032.0,1.0,0.3455200195,-0.258605957,0.4625854492,0.7744140625
62244386.0,2968.0,0.0,6.02734375,-5.05859375,0.2734375,0
62249418.0,5032.0,1.0,0.3618774414,-0.2584228516,0.453125,0.772644043
62252386.0,2968.0,0.0,5.7890625,-4.92578125,0.33203125,0
62259418.0,7032.0,1.0,0.3776855469,-0.2586669922,0.4436035156,0.7705078125
62262386.0,2968.0,0.0,6.00390625,-5.01953125,0.390625,0
62269418.0,7032.0,1.0,0.3924560547,-0.2592773438,0.4345092773,0.7681274414
62272386.0,2968.0,0.0,6.2890625,-5.046875,0.34765625,0
62279418.0,7032.0,1.0,0.4060668945,-0.2600708008,0.4261474609,0.7654418945
62282386.0,2968.0,0.0,6.4453125,-5.31640625,0.37109375,0
62289418.0,7032.0,1.0,0.4193725586,-0.2608642578,0.4185180664,0.7622070313
62292386.0,2968.0,0.0,6.03125,-5.828125,0.90234375,0
62299418.0,7032.0,1.0,0.4318847656,-0.2614746094,0.4121704102,0.7584228516
62302386.0,2968.0,0.0,5.6796875,-5.76953125,0.88671875,0
62309418.0,7032.0,1.0,0.4439697266,-0.2618408203,0.4068603516,0.7541503906
62312386.0,2968.0,0.0,5.44140625,-5.3203125,0.76171875,0
62319418.0,7032.0,1.0,0.4555053711,-0.2621459961,0.4026489258,0.7494506836
62322386.0,2968.0,0.0,4.9375,-4.0078125,0.39453125,0
62334418.0,12032.0,1.0,0.4658813477,-0.2624511719,0.3994750977,0.7446289063
62338386.0,3968.0,0.0,4.6640625,-2.86328125,-0.07421875,0
62341418.0,3032.0,1.0,0.4761352539,-0.2630004883,0.3969116211,0.7393188477
62344386.0,2968.0,0.0,4.6875,-2.72265625,-0.10546875,0
62349418.0,5032.0,1.0,0.4859619141,-0.2639160156,0.3947143555,0.7337646484
62352386.0,2968.0,0.0,4.83203125,-2.16015625,0.12890625,0
62359418.0,7032.0,1.0,0.4944458008,-0.2651367188,0.3930664063,0.728515625
62362386.0,2968.0,0.0,4.86328125,-2.11328125,-0.15234375,0
62369418.0,7032.0,1.0,0.5024414063,-0.2668457031,0.3914794922,0.7232666016
62372386.0,2968.0,0.0,4.7421875,-1.8359375,-0.34375,0
62379418.0,7032.0,1.0,0.5094604492,-0.2691040039,0.3900146484,0.7182617188
62382386.0,2968.0,0.0,4.63671875,-1.78515625,-0.734375,0
62389418.0,7032.0,1.0,0.5157470703,-0.2716674805,0.3887939453,0.7135009766
62392386.0,2968.0,0.0,4.58984375,-1.984375,-1.2265625,0
62399418.0,7032.0,1.0,0.5211181641,-0.2742919922,0.3879394531,0.7090454102
62402386.0,2968.0,0.0,4.24609375,-2.140625,-1.96875,0
62409418.0,7032.0,1.0,0.5264282227,-0.2770385742,0.3876342773,0.7041625977
62412386.0,2968.0,0.0,3.96875,-2.1171875,-2.375,0
62419418.0,7032.0,1.0,0.53125,-0.2794799805,0.3881835938,0.6992797852
62423386.0,3968.0,0.0,3.59765625,-2.0625,-2.765625,0
62429418.0,6032.0,1.0,0.5356445313,-0.2815551758,0.389465332,0.6943969727
62432386.0,2968.0,0.0,3.25,-1.73046875,-2.87109375,0
62442418.0,10032.0,1.0,0.5396728516,-0.2835083008,0.3912963867,0.6893920898
62445386.0,2968.0,0.0,2.6015625,-0.671875,-2.78515625,0
62449418.0,4032.0,1.0,0.5433349609,-0.2857055664,0.3935546875,0.6843261719
62452386.0,2968.0,0.0,2.6875,0.1796875,-3.10546875,0
62459418.0,7032.0,1.0,0.5462036133,-0.2883300781,0.3956298828,0.6796875
62462386.0,2968.0,0.0,3.03125,0.9296875,-3.3515625,0
62469418.0,7032.0,1.0,0.5481567383,-0.2915039063,0.3971557617,0.6759033203
62472386.0,2968.0,0.0,3.03125,1.4453125,-3.37109375,0
62479418.0,7032.0,1.0,0.5494995117,-0.2949829102,0.3983764648,0.6725463867
62482386.0,2968.0,0.0,1.6171875,1.0859375,-3.73828125,0
62489418.0,7032.0,1.0,0.5504150391,-0.2983398438,0.3995361328,0.6696166992
62492386.0,2968.0,0.0,0.8125,1.1328125,-3.8984375,0
62500418.0,8032.0,1.0,0.5510253906,-0.3014526367,0.4008178711,0.6669921875
62503386.0,2968.0,0.0,-0.18359375,1.2109375,-4.11328125,0
62509418.0,6032.0,1.0,0.5513916016,-0.3042602539,0.40234375,0.6644287109
62512386.0,2968.0,0.0,-2.07421875,1.5546875,-3.78125,0
62519418.0,7032.0,1.0,0.5516357422,-0.3067016602,0.4041137695,0.6620483398
62522386.0,2968.0,0.0,-2.578125,1.50390625,-3.99609375,0
62529418.0,7032.0,1.0,0.5518188477,-0.3088989258,0.4060668945,0.6596679688
62532386.0,2968.0,0.0,-3.24609375,1.640625,-3.328125,0
62540418.0,8032.0,1.0,0.5518188477,-0.3107910156,0.4083251953,0.657409668
62543386.0,2968.0,0.0,-3.55859375,1.16015625,-3.1796875,0
62549418.0,6032.0,1.0,0.5516967773,-0.3123168945,0.4108886719,0.6551513672
62552386.0,2968.0,0.0,-4.6484375,-0.296875,-1.24609375,0
62559418.0,7032.0,1.0,0.5514526367,-0.3135986328,0.4140014648,0.6528320313
62562386.0,2968.0,0.0,-4.39453125,-0.83203125,-0.52734375,0
62569418.0,7032.0,1.0,0.5510864258,-0.3145141602,0.4177246094,0.6503295898
62572386.0,2968.0,0.0,-4.015625,-0.93359375,0.38671875,0
62580418.0,8032.0,1.0,0.5505371094,-0.3150634766,0.4221191406,0.6477050781
62583386.0,2968.0,0.0,-3.640625,-1.34765625,1.078125,0
62589418.0,6032.0,1.0,0.5498657227,-0.315246582,0.4270019531,0.6449584961
62592386.0,2968.0,0.0,-2.66015625,-1.72265625,-0.0625,0
62599418.0,7032.0,1.0,0.5490722656,-0.3150024414,0.4331054688,0.6416625977
62602386.0,2968.0,0.0,-2.359375,-1.39453125,-0.23046875,0
62612418.0,10032.0,1.0,0.5483398438,-0.3143920898,0.439453125,0.6382446289
62615386.0,2968.0,0.0,-2.13671875,-1.41796875,-0.546875,0
62622418.0,7032.0,1.0,0.5475463867,-0.3134765625,0.4467163086,0.6343383789
62625386.0,2968.0,0.0,-2.0,-1.48046875,-1.28125,0
62629418.0,4032.0,1.0,0.5468139648,-0.3123168945,0.4543457031,0.6301269531
62632386.0,2968.0,0.0,-2.0078125,0.6640625,-3.45703125,0
62639418.0,7032.0,1.0,0.546081543,-0.3110961914,0.4622192383,0.6256103516
62642386.0,2968.0,0.0,-2.12109375,1.82421875,-4.40234375,0
62649418.0,7032.0,1.0,0.5452880859,-0.3101196289,0.4696655273,0.6212158203
62652386.0,2968.0,0.0,-2.16796875,2.7890625,-4.890625,0
62660418.0,8032.0,1.0,0.5443115234,-0.3096313477,0.4766235352,0.6170043945
62663386.0,2968.0,0.0,-1.98828125,3.26953125,-4.6875,0
62669418.0,6032.0,1.0,0.54296875,-0.309753418,0.4830932617,0.6130371094
62672386.0,2968.0,0.0,-1.98828125,2.49609375,-3.69140625,0
62679418.0,7032.0,1.0,0.5414428711,-0.3102416992,0.489074707,0.6094360352
62682386.0,2968.0,0.0,-2.234375,2.7265625,-3.8359375,0
62690418.0,8032.0,1.0,0.5397338867,-0.3108520508,0.4948730469,0.6059570313
62693386.0,2968.0,0.0,-2.66015625,3.0390625,-4.0234375,0
62699418.0,6032.0,1.0,0.5379638672,-0.3115234375,0.5003051758,0.6026611328
62702386.0,2968.0,0.0,-3.48046875,3.19140625,-4.94140625,0
62709418.0,7032.0,1.0,0.5361938477,-0.3123779297,0.5056152344,0.5994262695
62712386.0,2968.0,0.0,-3.3046875,3.08203125,-4.984375,0
62719418.0,7032.0,1.0,0.534362793,-0.3134155273,0.510559082,0.5963134766
62723386.0,3968.0,0.0,-2.8125,2.9765625,-4.1796875,0
62730418.0,7032.0,1.0,0.5324707031,-0.3146972656,0.5150756836,0.5933837891
62733386.0,2968.0,0.0,-2.98046875,2.42578125,-3.80078125,0
62739418.0,6032.0,1.0,0.5307006836,-0.3161621094,0.5192871094,0.5905151367
62742386.0,2968.0,0.0,-3.609375,1.90234375,-4.1953125,0
62754418.0,12032.0,1.0,0.5290527344,-0.3178100586,0.5231323242,0.5877685547
62758386.0,3968.0,0.0,-4.16015625,1.703125,-4.39453125,0
62761418.0,3032.0,1.0,0.52734375,-0.3197631836,0.5266723633,0.5850219727
62764386.0,2968.0,0.0,-4.13671875,1.703125,-4.30078125,0
62769418.0,5032.0,1.0,0.5255737305,-0.3221435547,0.5299072266,0.5824584961
62772386.0,2968.0,0.0,-4.61328125,1.7421875,-4.62109375,0
62779418.0,7032.0,1.0,0.5239868164,-0.3244628906,0.532409668,0.5802612305
62782386.0,2968.0,0.0,-5.1640625,1.48046875,-4.6484375,0
62789418.0,7032.0,1.0,0.5223388672,-0.3270263672,0.5349731445,0.5779418945
62792386.0,2968.0,0.0,-5.140625,1.48828125,-4.484375,0
62799418.0,7032.0,1.0,0.5209350586,-0.3293457031,0.5372314453,0.5758056641
62802386.0,2968.0,0.0,-4.38671875,0.96875,-4.3984375,0
62809418.0,7032.0,1.0,0.5196533203,-0.3316650391,0.5393676758,0.5736694336
62812386.0,2968.0,0.0,-3.3671875,1.21484375,-4.0546875,0
62820418.0,8032.0,1.0,0.5183105469,-0.3341674805,0.5412597656,0.5716552734
62823386.0,2968.0,0.0,-3.3828125,0.00390625,-2.86328125,0
62829418.0,6032.0,1.0,0.5169677734,-0.3365478516,0.5430908203,0.5697021484
62832386.0,2968.0,0.0,-3.29296875,-0.33203125,-2.328125,0
62839418.0,7032.0,1.0,0.5157470703,-0.338684082,0.5449829102,0.5676879883
62842386.0,2968.0,0.0,-3.54296875,-0.28125,-2.44140625,0
62850418.0,8032.0,1.0,0.5146484375,-0.340637207,0.5471191406,0.5654296875
62853386.0,2968.0,0.0,-3.3671875,-0.76953125,-3.3984375,0
62860418.0,7032.0,1.0,0.5137939453,-0.3422241211,0.5493774414,0.5631103516
62863386.0,2968.0,0.0,-2.890625,0.73046875,-3.36328125,0
62869418.0,6032.0,1.0,0.5130615234,-0.3436889648,0.5516967773,0.5606689453
62872386.0,2968.0,0.0,-2.33984375,0.90234375,-2.59765625,0
62880418.0,8032.0,1.0,0.5123291016,-0.3450927734,0.5539550781,0.5581665039
62883386.0,2968.0,0.0,-1.78125,0.6796875,-1.5703125,0
62890418.0,7032.0,1.0,0.5115356445,-0.3464355469,0.5562744141,0.5557250977
62893386.0,2968.0,0.0,-0.5859375,1.22265625,-0.91796875,0
62900418.0,7032.0,1.0,0.5106811523,-0.3477172852,0.55859375,0.5533447266
62903386.0,2968.0,0.0,-0.5,1.8828125,-1.296875,0
62909418.0,6032.0,1.0,0.509765625,-0.3489379883,0.5609741211,0.5510864258
62912386.0,2968.0,0.0,-0.37109375,1.66015625,-2.0703125,0
62920418.0,8032.0,1.0,0.5088500977,-0.3499755859,0.563293457,0.5488891602
62923386.0,2968.0,0.0,-0.1640625,1.5390625,-1.9609375,0
62929418.0,6032.0,1.0,0.5078125,-0.3508911133,0.5656738281,0.546875
62932386.0,2968.0,0.0,-0.00390625,0.39453125,-1.81640625,0
62940418.0,8032.0,1.0,0.5065917969,-0.3518066406,0.5679931641,0.544921875
62943386.0,2968.0,0.0,-0.0703125,0.234375,-2.3203125,0
62949418.0,6032.0,1.0,0.5052490234,-0.352722168,0.5703125,0.5432128906
62952386.0,2968.0,0.0,-0.0234375,0.37890625,-2.01953125,0
62960418.0,8032.0,1.0,0.5037841797,-0.3535766602,0.5725708008,0.5416259766
62963386.0,2968.0,0.0,0.703125,-0.00390625,-1.796875,0
62969418.0,6032.0,1.0,0.5023803711,-0.3543701172,0.5747680664,0.5401000977
62972386.0,2968.0,0.0,0.7890625,0.2890625,-0.890625,0
62979418.0,7032.0,1.0,0.5008544922,-0.3551025391,0.5770874023,0.5385742188
62982386.0,2968.0,0.0,0.94140625,0.203125,-0.3984375,0
62992418.0,10032.0,1.0,0.4993896484,-0.3557128906,0.579284668,0.537109375
62995386.0,2968.0,0.0,1.140625,-0.5703125,-0.640625,0
63002418.0,7032.0,1.0,0.4978027344,-0.3564453125,0.5815429688,0.5357055664
63005386.0,2968.0,0.0,0.56640625,-0.5078125,0.23046875,0
63009418.0,4032.0,1.0,0.4960327148,-0.3572387695,0.5838012695,0.5343017578
63012386.0,2968.0,0.0,-0.1640625,-1.16796875,0.37890625,0
63019418.0,7032.0,1.0,0.494140625,-0.3580322266,0.5861816406,0.5329589844
63022386.0,2968.0,0.0,-0.73828125,-0.5703125,0.7109375,0
63030418.0,8032.0,1.0,0.4921875,-0.3587646484,0.588684082,0.5314941406
63033386.0,2968.0,0.0,-0.8515625,-0.2421875,0.55859375,0
63040418.0,7032.0,1.0,0.4904174805,-0.359375,0.5912475586,0.5299682617
63043386.0,2968.0,0.0,-1.00390625,0.078125,0.55078125,0
63050418.0,7032.0,1.0,0.4887084961,-0.3597412109,0.5938110352,0.5283203125
63053386.0,2968.0,0.0,-0.125,0.03515625,-0.3359375,0
63060418.0,7032.0,1.0,0.4871826172,-0.3601074219,0.5963745117,0.5266113281
63063386.0,2968.0,0.0,0.4140625,0.40234375,-0.37890625,0
63070418.0,7032.0,1.0,0.4855957031,-0.3605957031,0.5988769531,0.5249023438
63073386.0,2968.0,0.0,0.44921875,1.2265625,0.265625,0
63080418.0,7032.0,1.0,0.4839477539,-0.361328125,0.6011352539,0.5233154297
63083386.0,2968.0,0.0,1.09375,0.69140625,0.6796875,0
63090418.0,7032.0,1.0,0.4820556641,-0.3623657227,0.6032714844,0.5218505859
63093386.0,2968.0,0.0,1.09375,0.1796875,1.234375,0
63100418.0,7032.0,1.0,0.4799804688,-0.3637084961,0.6052246094,0.5205688477
63104386.0,3968.0,0.0,0.55859375,0.33203125,1.1875,0
63110418.0,6032.0,1.0,0.4778442383,-0.365234375,0.6069946289,0.5194091797
63113386.0,2968.0,0.0,-0.09375,0.23828125,0.22265625,0
63120418.0,7032.0,1.0,0.4757080078,-0.3668212891,0.6087036133,0.5183105469
63123386.0,2968.0,0.0,0.17578125,0.8515625,-1.5078125,0
63130418.0,7032.0,1.0,0.4736938477,-0.368347168,0.6103515625,0.5171508789
63133386.0,2968.0,0.0,1.046875,0.546875,-1.296875,0
63140418.0,7032.0,1.0,0.471862793,-0.3698120117,0.6118164063,0.5160522461
63143386.0,2968.0,0.0,1.46875,0.4296875,-0.890625,0
63150418.0,7032.0,1.0,0.4700927734,-0.3713989258,0.6131591797,0.5149536133
63153386.0,2968.0,0.0,1.421875,0.66015625,-0.5234375,0
63159418.0,6032.0,1.0,0.4681396484,-0.3731079102,0.6143188477,0.5140380859
63162386.0,2968.0,0.0,0.08203125,0.19921875,0.75,0
63170418.0,8032.0,1.0,0.4658813477,-0.3752441406,0.6153564453,0.5133056641
63173386.0,2968.0,0.0,-0.875,0.23046875,0.96484375,0
63180418.0,7032.0,1.0,0.4635009766,-0.3774414063,0.6162109375,0.512878418
63183386.0,2968.0,0.0,-1.296875,-0.6875,1.14453125,0
63190418.0,7032.0,1.0,0.4609985352,-0.3796386719,0.6170043945,0.512512207
63193386.0,2968.0,0.0,-1.07421875,-0.421875,1.11328125,0
63200418.0,7032.0,1.0,0.4584350586,-0.3817749023,0.6177978516,0.5122680664
63203386.0,2968.0,0.0,-0.39453125,-0.58203125,1.62890625,0
63210418.0,7032.0,1.0,0.455871582,-0.3837890625,0.6187133789,0.5119628906
63213386.0,2968.0,0.0,0.55859375,-0.7421875,1.21484375,0
63220418.0,7032.0,1.0,0.453125,-0.3858032227,0.6196899414,0.5115966797
63223386.0,2968.0,0.0,0.6328125,-0.671875,1.35546875,0
63230418.0,7032.0,1.0,0.4504394531,-0.387878418,0.6207885742,0.5111694336
63233386.0,2968.0,0.0,-0.2265625,-0.6796875,1.71484375,0
63240418.0,7032.0,1.0,0.4476928711,-0.3898925781,0.621887207,0.5106811523
63243386.0,2968.0,0.0,-1.6796875,0.0,1.39453125,0
63250418.0,7032.0,1.0,0.4450073242,-0.3919067383,0.6229858398,0.5101928711
63253386.0,2968.0,0.0,-1.421875,-0.6953125,1.56640625,0
63260418.0,7032.0,1.0,0.4422607422,-0.3939819336,0.6240844727,0.5095825195
63263386.0,2968.0,0.0,-0.69921875,-1.0859375,1.58984375,0
63272418.0,9032.0,1.0,0.4398193359,-0.3958129883,0.6252441406,0.5089111328
63275386.0,2968.0,0.0,-0.40234375,-0.55859375,1.68359375,0
63282418.0,7032.0,1.0,0.4371337891,-0.3978271484,0.6264038086,0.5081787109
63285386.0,2968.0,0.0,0.3203125,-0.875,1.171875,0
63289418.0,4032.0,1.0,0.4345092773,-0.3999023438,0.6275634766,0.5074462891
63292386.0,2968.0,0.0,0.578125,-1.2265625,0.6875,0
63300418.0,8032.0,1.0,0.4317016602,-0.4020996094,0.6287231445,0.506652832
63303386.0,2968.0,0.0,0.44921875,-1.04296875,0.4453125,0
63310418.0,7032.0,1.0,0.428894043,-0.4041748047,0.6298828125,0.5059204102
63313386.0,2968.0,0.0,-0.75390625,-1.1953125,0.58203125,0
63320418.0,7032.0,1.0,0.4262084961,-0.40625,0.6310424805,0.505065918
63323386.0,2968.0,0.0,-0.83984375,-0.8984375,0.76171875,0
63330418.0,7032.0,1.0,0.4236450195,-0.4081420898,0.6323852539,0.5040283203
63333386.0,2968.0,0.0,-0.39453125,-0.93359375,0.31640625,0
63340418.0,7032.0,1.0,0.4212036133,-0.4099731445,0.6336669922,0.5029296875
63343386.0,2968.0,0.0,0.01953125,-0.29296875,0.3515625,0
63349418.0,6032.0,1.0,0.4189453125,-0.4118041992,0.6348266602,0.5018920898
63352386.0,2968.0,0.0,1.0078125,0.24609375,0.86328125,0
63360418.0,8032.0,1.0,0.4163818359,-0.4139404297,0.635925293,0.5009155273
63363386.0,2968.0,0.0,0.875,0.16796875,0.91796875,0
63370418.0,7032.0,1.0,0.4136352539,-0.4164428711,0.6367797852,0.5
63373386.0,2968.0,0.0,0.4453125,0.671875,1.32421875,0
63380418.0,7032.0,1.0,0.4107055664,-0.4191894531,0.6373291016,0.4993896484
63383386.0,2968.0,0.0,0.2109375,0.7890625,1.00390625,0
63390418.0,7032.0,1.0,0.4076538086,-0.4221191406,0.6376342773,0.4990234375
63393386.0,2968.0,0.0,-0.9921875,0.7109375,0.67578125,0
63400418.0,7032.0,1.0,0.4045410156,-0.4251098633,0.6377563477,0.4989013672
63403386.0,2968.0,0.0,-0.88671875,1.01953125,0.109375,0
63410418.0,7032.0,1.0,0.401184082,-0.4283447266,0.6376342773,0.4990234375
63413386.0,2968.0,0.0,-0.625,1.078125,0.5390625,0
63420418.0,7032.0,1.0,0.3977050781,-0.431640625,0.6373901367,0.4992675781
63423386.0,2968.0,0.0,0.19921875,0.6953125,0.89453125,0
63430418.0,7032.0,1.0,0.3941650391,-0.4349975586,0.6371459961,0.4994506836
63433386.0,2968.0,0.0,0.8046875,0.91796875,1.21875,0
63440418.0,7032.0,1.0,0.3907470703,-0.4381713867,0.6370849609,0.4994506836
63443386.0,2968.0,0.0,0.90625,0.7578125,1.41796875,0
63450418.0,7032.0,1.0,0.3873291016,-0.4412231445,0.6372070313,0.499206543
63453386.0,2968.0,0.0,0.92578125,0.44140625,1.51171875,0
63460418.0,7032.0,1.0,0.3840332031,-0.4440307617,0.6376342773,0.4987182617
63463386.0,2968.0,0.0,-0.27734375,0.51953125,0.72265625,0
63470418.0,7032.0,1.0,0.380859375,-0.4466552734,0.6383666992,0.4979248047
63473386.0,2968.0,0.0,-0.484375,0.625,0.1328125,0
63480418.0,7032.0,1.0,0.3778686523,-0.4489135742,0.6393432617,0.4969482422
63483386.0,2968.0,0.0,-0.57421875,0.2421875,0.1875,0
63490418.0,7032.0,1.0,0.3749389648,-0.4509277344,0.6405639648,0.4957885742
63493386.0,2968.0,0.0,-0.63671875,0.15234375,0.6328125,0
63500418.0,7032.0,1.0,0.3719482422,-0.4526977539,0.6419067383,0.4946289063
63503386.0,2968.0,0.0,0.0,0.6015625,1.078125,0
63510418.0,7032.0,1.0,0.3686523438,-0.4545288086,0.6434326172,0.4934082031
63513386.0,2968.0,0.0,0.05078125,0.55078125,1.79296875,0
63520418.0,7032.0,1.0,0.3651733398,-0.456237793,0.6449584961,0.4924316406
63524386.0,3968.0,0.0,0.328125,-0.0390625,1.78515625,0
63530418.0,6032.0,1.0,0.3615722656,-0.4578857422,0.6465454102,0.4914550781
63533386.0,2968.0,0.0,0.265625,-0.33984375,1.3125,0
63540418.0,7032.0,1.0,0.3580932617,-0.4593505859,0.6482543945,0.4904174805
63543386.0,2968.0,0.0,-0.0703125,-0.2109375,1.03125,0
63555418.0,12032.0,1.0,0.3546142578,-0.4606323242,0.6501464844,0.4892578125
63559386.0,3968.0,0.0,0.09765625,-0.34765625,0.52734375,0
63562418.0,3032.0,1.0,0.3510742188,-0.4619140625,0.6520996094,0.4879150391
63565386.0,2968.0,0.0,0.2578125,-0.7265625,0.828125,0
63570418.0,5032.0,1.0,0.3472900391,-0.4633178711,0.6541748047,0.4865722656
63573386.0,2968.0,0.0,0.21875,-0.75,0.8984375,0
63580418.0,7032.0,1.0,0.3434448242,-0.46484375,0.6560668945,0.4853515625
63583386.0,2968.0,0.0,-0.88671875,0.22265625,1.04296875,0
63590418.0,7032.0,1.0,0.3395385742,-0.4664306641,0.6577148438,0.4843139648
63593386.0,2968.0,0.0,-0.91796875,0.0390625,0.5,0
63600418.0,7032.0,1.0,0.3354492188,-0.4680786133,0.659362793,0.4833984375
63603386.0,2968.0,0.0,-0.57421875,-0.0234375,0.45703125,0
63610418.0,7032.0,1.0,0.3314208984,-0.4697265625,0.6608276367,0.4824829102
63613386.0,2968.0,0.0,-0.453125,-0.08984375,0.44140625,0
63620418.0,7032.0,1.0,0.3274536133,-0.4714355469,0.6622924805,0.4815063477
63623386.0,2968.0,0.0,0.3515625,0.3828125,0.12109375,0
63630418.0,7032.0,1.0,0.3236083984,-0.4731445313,0.6636962891,0.4805297852
63633386.0,2968.0,0.0,0.3984375,0.55078125,0.1171875,0
63640418.0,7032.0,1.0,0.3197021484,-0.4750366211,0.6649780273,0.4795532227
63643386.0,2968.0,0.0,-0.0546875,0.671875,0.4453125,0
63650418.0,7032.0,1.0,0.315612793,-0.4769897461,0.666015625,0.4787597656
63653386.0,2968.0,0.0,-0.0546875,0.84765625,1.19921875,0
63660418.0,7032.0,1.0,0.311340332,-0.4791870117,0.6669311523,0.4781494141
63663386.0,2968.0,0.0,-0.0859375,1.0859375,1.7109375,0
63670418.0,7032.0,1.0,0.306640625,-0.4815673828,0.6676635742,0.4777832031
63673386.0,2968.0,0.0,-0.31640625,1.66796875,1.8125,0
63680418.0,7032.0,1.0,0.3018188477,-0.4840087891,0.6682128906,0.477722168
63683386.0,2968.0,0.0,-0.35546875,1.67578125,1.66796875,0
63690418.0,7032.0,1.0,0.2968139648,-0.486328125,0.6687011719,0.477722168
63693386.0,2968.0,0.0,-0.81640625,1.20703125,1.109375,0
63700418.0,7032.0,1.0,0.2917480469,-0.4885864258,0.6693115234,0.477722168
63703386.0,2968.0,0.0,-1.1640625,1.3203125,1.01171875,0
63710418.0,7032.0,1.0,0.2866821289,-0.4906005859,0.6700439453,0.4776611328
63713386.0,2968.0,0.0,-1.31640625,1.1953125,0.9453125,0
63720418.0,7032.0,1.0,0.2816772461,-0.4923095703,0.6710205078,0.4775390625
63723386.0,2968.0,0.0,-1.70703125,1.2734375,1.19140625,0
63730418.0,7032.0,1.0,0.2768554688,-0.4936523438,0.6721191406,0.477355957
63733386.0,2968.0,0.0,-2.94140625,0.8046875,1.16796875,0
63740418.0,7032.0,1.0,0.2713623047,-0.4948120117,0.6736450195,0.4771728516
63743386.0,2968.0,0.0,-3.91796875,0.17578125,1.4921875,0
63750418.0,7032.0,1.0,0.2658081055,-0.4954833984,0.6755371094,0.4769287109
63753386.0,2968.0,0.0,-4.8515625,-0.0078125,2.12109375,0
63760418.0,7032.0,1.0,0.2601318359,-0.4956054688,0.6779174805,0.4765625
63763386.0,2968.0,0.0,-5.3828125,0.03515625,2.375,0
63775418.0,12032.0,1.0,0.2547607422,-0.4949951172,0.6809082031,0.4758300781
63779386.0,3968.0,0.0,-5.0546875,-0.41796875,1.91015625,0
63782418.0,3032.0,1.0,0.2493896484,-0.4934082031,0.6850585938,0.4744262695
63785386.0,2968.0,0.0,-5.1328125,-0.49609375,1.97265625,0
63790418.0,5032.0,1.0,0.2444458008,-0.4905395508,0.6906738281,0.4718017578
63793386.0,2968.0,0.0,-5.33203125,-0.15234375,2.140625,0
63800418.0,7032.0,1.0,0.2404174805,-0.4866333008,0.697265625,0.4682006836
63803386.0,2968.0,0.0,-5.765625,0.625,2.46484375,0
63810418.0,7032.0,1.0,0.2371826172,-0.4815673828,0.7050170898,0.4635009766
63813386.0,2968.0,0.0,-7.015625,1.375,2.58203125,0
63820418.0,7032.0,1.0,0.2346801758,-0.4754638672,0.713684082,0.4577636719
63823386.0,2968.0,0.0,-7.5703125,1.58984375,2.23828125,0
63830418.0,7032.0,1.0,0.2326660156,-0.4685668945,0.7228393555,0.4514770508
63833386.0,2968.0,0.0,-8.08203125,2.31640625,1.90625,0
63840418.0,7032.0,1.0,0.2306518555,-0.4608154297,0.7323608398,0.4450073242
63843386.0,2968.0,0.0,-8.953125,3.3046875,0.0,0
63850418.0,7032.0,1.0,0.2283935547,-0.4523925781,0.7418823242,0.4390258789
63853386.0,2968.0,0.0,-9.4140625,4.90625,-1.30078125,0
63860418.0,7032.0,1.0,0.2255859375,-0.443359375,0.7512207031,0.4338378906
63863386.0,2968.0,0.0,-10.01953125,7.0546875,-3.10546875,0
63872418.0,9032.0,1.0,0.2222290039,-0.4342651367,0.7593994141,0.4305419922
63875386.0,2968.0,0.0,-11.453125,9.61328125,-4.0234375,0
63882418.0,7032.0,1.0,0.2177124023,-0.4243164063,0.7668457031,0.4295043945
63885386.0,2968.0,0.0,-13.49609375,11.51171875,-6.84375,0
63890418.0,5032.0,1.0,0.2115478516,-0.4136352539,0.7730712891,0.4318237305
63893386.0,2968.0,0.0,-13.23046875,12.7421875,-8.4375,0
63900418.0,7032.0,1.0,0.2041625977,-0.4039916992,0.7769775391,0.4375
63903386.0,2968.0,0.0,-12.47265625,13.5546875,-7.74609375,0
63910418.0,7032.0,1.0,0.1948242188,-0.3939819336,0.7789916992,0.4472045898
63913386.0,2968.0,0.0,-10.921875,11.7734375,-6.4609375,0
63920418.0,7032.0,1.0,0.1844482422,-0.3845214844,0.7790527344,0.4595336914
63923386.0,2968.0,0.0,-7.72265625,7.33984375,-1.125,0
63930418.0,7032.0,1.0,0.171875,-0.3744506836,0.7774047852,0.4752807617
63933386.0,2968.0,0.0,-6.7265625,3.37890625,2.9609375,0
63940418.0,7032.0,1.0,0.1602172852,-0.3640136719,0.7762451172,0.4891357422
63943386.0,2968.0,0.0,-5.47265625,-10.1953125,3.55859375,0
63952418.0,9032.0,1.0,0.1525268555,-0.352355957,0.7781982422,0.4969482422
63955386.0,2968.0,0.0,-4.7890625,-11.703125,6.58984375,0
63963418.0,8032.0,1.0,0.1466674805,-0.3387451172,0.7794189453,0.5062255859
63966386.0,2968.0,0.0,-1.2109375,24.41796875,-6.5390625,0
63970418.0,4032.0,1.0,0.139465332,-0.3258666992,0.7728271484,0.5263671875
63973386.0,2968.0,0.0,0.9765625,27.0234375,-14.26953125,0
63980418.0,7032.0,1.0,0.1311035156,-0.3148803711,0.757019043,0.5573120117
63983386.0,2968.0,0.0,1.6953125,17.5625,-18.1640625,0
63990418.0,7032.0,1.0,0.1239013672,-0.3052368164,0.734375,0.5934448242
63993386.0,2968.0,0.0,3.3046875,6.0546875,-18.8984375,0
64000418.0,7032.0,1.0,0.119934082,-0.2970581055,0.7092285156,0.6279907227
64003386.0,2968.0,0.0,3.109375,-6.55078125,-14.53125,0
64015418.0,12032.0,1.0,0.1204223633,-0.2900390625,0.6852416992,0.6571655273
64019386.0,3968.0,0.0,-2.40234375,-16.63671875,-3.55078125,0
64022418.0,3032.0,1.0,0.126159668,-0.2833251953,0.6643066406,0.6800537109
64025386.0,2968.0,0.0,-0.3046875,-14.5546875,-0.69140625,0
64030418.0,5032.0,1.0,0.1365966797,-0.2766723633,0.6449584961,0.6991577148
64033386.0,2968.0,0.0,3.015625,-9.94921875,-0.53515625,0
64040418.0,7032.0,1.0,0.1486206055,-0.2714233398,0.6262207031,0.7155761719
64043386.0,2968.0,0.0,5.515625,-8.93359375,-0.8671875,0
64050418.0,7032.0,1.0,0.1622924805,-0.2674560547,0.6052246094,0.7319946289
64053386.0,2968.0,0.0,7.1875,-11.03125,-1.99609375,0
64061418.0,8032.0,1.0,0.1772460938,-0.2645874023,0.583984375,0.7466430664
64064386.0,2968.0,0.0,8.01953125,-13.78515625,-1.68359375,0
64076418.0,12032.0,1.0,0.1930541992,-0.2623901367,0.5653076172,0.7578125
64081418.0,5000.0,1.0,0.2116088867,-0.2601928711,0.5477294922,0.7664794922
64083386.0,1968.0,0.0,9.15234375,-14.11328125,0.8671875,0
64090418.0,7032.0,1.0,0.2309570313,-0.2581787109,0.5325927734,0.7722167969
64093386.0,2968.0,0.0,8.76171875,-12.5625,0.37109375,0
64100418.0,7032.0,1.0,0.2504272461,-0.2564086914,0.5194091797,0.7757568359
64103386.0,2968.0,0.0,8.4296875,-10.578125,0.1171875,0
64115418.0,12032.0,1.0,0.2688598633,-0.2551269531,0.5076293945,0.7777709961
64120386.0,4968.0,0.0,7.40234375,-7.3125,0.2734375,0
64123418.0,3032.0,1.0,0.2877807617,-0.2544555664,0.4954833984,0.7790527344
64126386.0,2968.0,0.0,7.51953125,-7.046875,0.03125,0
64130418.0,4032.0,1.0,0.3063354492,-0.2543945313,0.4833984375,0.7796020508
64133386.0,2968.0,0.0,7.4375,-7.0390625,0.03515625,0
64140418.0,7032.0,1.0,0.3240356445,-0.2546386719,0.4721069336,0.779296875
64143386.0,2968.0,0.0,7.37890625,-6.69140625,0.12109375,0
64150418.0,7032.0,1.0,0.3414306641,-0.2551269531,0.4614257813,0.778137207
64153386.0,2968.0,0.0,6.70703125,-6.33984375,0.1953125,0
64160418.0,7032.0,1.0,0.3569335938,-0.2556152344,0.4522705078,0.7763671875
64163386.0,2968.0,0.0,6.28125,-6.328125,0.23046875,0
64170418.0,7032.0,1.0,0.372253418,-0.2562255859,0.4436035156,0.7739257813
64173386.0,2968.0,0.0,5.8515625,-6.28515625,0.265625,0
64181418.0,8032.0,1.0,0.3871459961,-0.2567138672,0.4357299805,0.7709350586
64184386.0,2968.0,0.0,5.484375,-6.13671875,0.28515625,0
64196418.0,12032.0,1.0,0.4005737305,-0.2570800781,0.4291992188,0.767578125
64201418.0,5000.0,1.0,0.4144287109,-0.2574462891,0.4232177734,0.7634277344
64203386.0,1968.0,0.0,5.42578125,-5.796875,0.265625,0
64210418.0,7032.0,1.0,0.427734375,-0.2576293945,0.4180908203,0.7588500977
64213386.0,2968.0,0.0,5.578125,-5.15234375,0.06640625,0
64220418.0,7032.0,1.0,0.4400634766,-0.2579345703,0.4138183594,0.7540283203
64223386.0,2968.0,0.0,5.16015625,-3.68359375,-0.04296875,0
64230418.0,7032.0,1.0,0.4518432617,-0.2584228516,0.4100341797,0.7489013672
64233386.0,2968.0,0.0,4.8515625,-3.05078125,-0.13671875,0
64240418.0,7032.0,1.0,0.4627075195,-0.2592773438,0.4066772461,0.7438354492
64243386.0,2968.0,0.0,4.546875,-2.58984375,-0.21875,0
64250418.0,7032.0,1.0,0.4729003906,-0.260559082,0.4034423828,0.7387084961
64253386.0,2968.0,0.0,4.34765625,-2.59375,-0.375,0
64260418.0,7032.0,1.0,0.4819946289,-0.2622070313,0.4006347656,0.7337646484
64263386.0,2968.0,0.0,4.234375,-3.3671875,-0.0625,0
64275418.0,12032.0,1.0,0.4902954102,-0.2639770508,0.3984375,0.7288208008
64279386.0,3968.0,0.0,3.76953125,-3.76171875,-0.14453125,0
64282418.0,3032.0,1.0,0.4983520508,-0.2657470703,0.3969726563,0.7235107422
64285386.0,2968.0,0.0,3.80859375,-3.63671875,-0.16015625,0
64290418.0,5032.0,1.0,0.5061035156,-0.2673950195,0.3963623047,0.7178344727
64293386.0,2968.0,0.0,3.6171875,-3.296875,-0.4609375,0
64300418.0,7032.0,1.0,0.5127563477,-0.2688598633,0.3965454102,0.7124023438
64303386.0,2968.0,0.0,2.92578125,-2.55078125,-1.0859375,0
64310418.0,7032.0,1.0,0.5195922852,-0.2704467773,0.3974609375,0.7063598633
64313386.0,2968.0,0.0,2.97265625,-2.03515625,-1.484375,0
64320418.0,7032.0,1.0,0.5255737305,-0.2720336914,0.3988037109,0.7005615234
64324386.0,3968.0,0.0,3.16796875,-1.5078125,-1.78125,0
64330418.0,6032.0,1.0,0.5309448242,-0.2736816406,0.4005126953,0.6948242188
64333386.0,2968.0,0.0,3.2890625,-1.23828125,-2.1640625,0
64341418.0,8032.0,1.0,0.5360717773,-0.275390625,0.4027099609,0.6889038086
64344386.0,2968.0,0.0,3.0234375,-1.25,-2.6484375,0
64350418.0,6032.0,1.0,0.5404663086,-0.2769775391,0.4052124023,0.6833496094
64353386.0,2968.0,0.0,2.80078125,-1.00390625,-2.859375,0
64360418.0,7032.0,1.0,0.5443725586,-0.2787475586,0.4080200195,0.6778564453
64363386.0,2968.0,0.0,2.6171875,-0.078125,-3.06640625,0
64370418.0,7032.0,1.0,0.5475463867,-0.2809448242,0.4105834961,0.6727905273
64373386.0,2968.0,0.0,2.55078125,0.5078125,-3.00390625,0
64380418.0,7032.0,1.0,0.5501098633,-0.2833251953,0.4129638672,0.6682739258
64383386.0,2968.0,0.0,2.359375,0.3984375,-3.62109375,0
64396418.0,13032.0,1.0,0.5520629883,-0.2855834961,0.4152832031,0.6642456055
64401418.0,5000.0,1.0,0.5537109375,-0.2877807617,0.4178466797,0.6602783203
64403386.0,1968.0,0.0,1.78515625,1.3203125,-4.109375,0
64410418.0,7032.0,1.0,0.5549926758,-0.2900390625,0.4202270508,0.6566772461
64413386.0,2968.0,0.0,0.59375,2.5078125,-4.84375,0
64420418.0,7032.0,1.0,0.555847168,-0.2924194336,0.4223022461,0.6536254883
64423386.0,2968.0,0.0,-0.25,2.5703125,-4.90625,0
64430418.0,7032.0,1.0,0.5562133789,-0.2950439453,0.4240112305,0.6510009766
64433386.0,2968.0,0.0,-1.0234375,2.10546875,-4.71875,0
64441418.0,8032.0,1.0,0.5562133789,-0.2978515625,0.4254150391,0.6487426758
64444386.0,2968.0,0.0,-1.87109375,1.875,-4.12890625,0
64450418.0,6032.0,1.0,0.5559082031,-0.3008422852,0.4266967773,0.6468505859
64453386.0,2968.0,0.0,-2.8828125,0.94140625,-2.7734375,0
64460418.0,7032.0,1.0,0.5553588867,-0.3037719727,0.4279785156,0.6450805664
64463386.0,2968.0,0.0,-3.609375,0.6640625,-0.91015625,0
64470418.0,7032.0,1.0,0.5545654297,-0.306640625,0.4295654297,0.6433105469
64473386.0,2968.0,0.0,-4.0078125,-0.15234375,-0.1953125,0
64481418.0,8032.0,1.0,0.5537109375,-0.3092041016,0.431640625,0.641418457
64484386.0,2968.0,0.0,-4.16796875,-0.29296875,0.375,0
64490418.0,6032.0,1.0,0.5527954102,-0.311340332,0.434387207,0.6393432617
64493386.0,2968.0,0.0,-4.20703125,-0.7890625,1.36328125,0
64500418.0,7032.0,1.0,0.5518188477,-0.3132324219,0.4381103516,0.63671875
64503386.0,2968.0,0.0,-4.05859375,-1.79296875,0.69140625,0
64510418.0,7032.0,1.0,0.5508422852,-0.3146362305,0.4428100586,0.633605957
64513386.0,2968.0,0.0,-3.9140625,-1.39453125,-0.01953125,0
64521418.0,8032.0,1.0,0.5501098633,-0.3154907227,0.4481811523,0.6301269531
64524386.0,2968.0,0.0,-3.0703125,-0.31640625,-1.18359375,0
64531418.0,7032.0,1.0,0.5494995117,-0.3159790039,0.4541625977,0.6260986328
64534386.0,2968.0,0.0,-0.2734375,1.18359375,-3.70703125,0
64540418.0,6032.0,1.0,0.5489501953,-0.3163452148,0.4602050781,0.6219482422
64543386.0,2968.0,0.0,0.29296875,2.03515625,-4.01953125,0
64550418.0,7032.0,1.0,0.5484008789,-0.3168334961,0.4661865234,0.6176757813
64553386.0,2968.0,0.0,0.41015625,2.34765625,-4.1015625,0
64561418.0,8032.0,1.0,0.547668457,-0.3177490234,0.4717407227,0.6136474609
64564386.0,2968.0,0.0,-0.47265625,2.5078125,-3.5625,0
64570418.0,6032.0,1.0,0.5465087891,-0.319152832,0.4770507813,0.6098632813
64573386.0,2968.0,0.0,-2.203125,2.875,-4.13671875,0
64580418.0,7032.0,1.0,0.5451049805,-0.3208007813,0.4818725586,0.6064453125
64583386.0,2968.0,0.0,-2.9296875,2.59375,-4.5546875,0
64591418.0,8032.0,1.0,0.5433959961,-0.3225708008,0.4865722656,0.6032104492
64594386.0,2968.0,0.0,-3.08984375,1.84765625,-5.13671875,0
64601418.0,7032.0,1.0,0.5415649414,-0.3242797852,0.4911499023,0.6002807617
64604386.0,2968.0,0.0,-1.6875,0.67578125,-6.08984375,0
64616418.0,12032.0,1.0,0.5397338867,-0.3256835938,0.4954833984,0.5975952148
64621386.0,4968.0,0.0,-1.5390625,0.65234375,-4.84765625,0
64624418.0,3032.0,1.0,0.5377807617,-0.326965332,0.5001220703,0.5947875977
64627386.0,2968.0,0.0,-2.66796875,0.74609375,-2.9296875,0
64631418.0,4032.0,1.0,0.5356445313,-0.328125,0.5052490234,0.5917358398
64634386.0,2968.0,0.0,-2.64453125,0.71484375,-2.8125,0
64641418.0,7032.0,1.0,0.5336914063,-0.3291015625,0.5098266602,0.5889892578
64644386.0,2968.0,0.0,-7.5234375,-0.8515625,-1.8984375,0
64650418.0,6032.0,1.0,0.5315551758,-0.3300170898,0.5149536133,0.5859985352
64653386.0,2968.0,0.0,-9.94921875,0.54296875,-3.0859375,0
64661418.0,8032.0,1.0,0.5294189453,-0.3308105469,0.5200195313,0.5829467773
64664386.0,2968.0,0.0,-9.92578125,0.24609375,-4.30859375,0
64671418.0,7032.0,1.0,0.5275268555,-0.3313598633,0.5250244141,0.5798950195
64674386.0,2968.0,0.0,-8.90625,0.625,-4.8125,0
64680418.0,6032.0,1.0,0.5258789063,-0.3317260742,0.5295410156,0.5770263672
64683386.0,2968.0,0.0,-5.30078125,1.7890625,-5.1328125,0
64690418.0,7032.0,1.0,0.5242919922,-0.3319702148,0.5342407227,0.5740356445
64693386.0,2968.0,0.0,-3.8671875,1.53125,-4.90625,0
64701418.0,8032.0,1.0,0.5227661133,-0.3323364258,0.5385131836,0.5711669922
64704386.0,2968.0,0.0,-2.84765625,2.921875,-4.5,0
64711418.0,7032.0,1.0,0.5211791992,-0.3329467773,0.5425415039,0.5684814453
64714386.0,2968.0,0.0,-2.75390625,1.55859375,-3.2578125,0
64721418.0,7032.0,1.0,0.51953125,-0.3336791992,0.5465087891,0.5657348633
64724386.0,2968.0,0.0,-3.20703125,-0.02734375,-3.34765625,0
64730418.0,6032.0,1.0,0.5180664063,-0.3342895508,0.5502319336,0.5631713867
64733386.0,2968.0,0.0,-3.3046875,0.109375,-4.44140625,0
64741418.0,8032.0,1.0,0.5166625977,-0.3348388672,0.553894043,0.560546875
64744386.0,2968.0,0.0,-2.8671875,0.36328125,-5.1875,0
64751418.0,7032.0,1.0,0.5154418945,-0.3352050781,0.5573120117,0.5579833984
64754386.0,2968.0,0.0,-2.43359375,0.578125,-5.41015625,0
64761418.0,7032.0,1.0,0.5145263672,-0.3353881836,0.5607299805,0.5552978516
64764386.0,2968.0,0.0,-0.625,0.9921875,-4.55859375,0
64770418.0,6032.0,1.0,0.513671875,-0.3356323242,0.5640869141,0.5525512695
64773386.0,2968.0,0.0,-0.03515625,1.12890625,-2.21875,0
64781418.0,8032.0,1.0,0.5125732422,-0.3361816406,0.5672607422,0.549987793
64784386.0,2968.0,0.0,-0.21875,0.4375,-0.90625,0
64790418.0,6032.0,1.0,0.5113525391,-0.337097168,0.5698852539,0.5478515625
64793386.0,2968.0,0.0,-0.8984375,1.34375,-1.48046875,0
64803418.0,10032.0,1.0,0.5098876953,-0.3383178711,0.5721435547,0.5460205078
64806386.0,2968.0,0.0,-1.3125,0.8046875,-3.546875,0
64810418.0,4032.0,1.0,0.508605957,-0.3394775391,0.5740966797,0.5445556641
64813386.0,2968.0,0.0,-1.21875,0.69140625,-4.51953125,0
64821418.0,8032.0,1.0,0.5073242188,-0.340637207,0.5759277344,0.5430297852
64824386.0,2968.0,0.0,-1.05859375,1.91796875,-4.06640625,0
64831418.0,7032.0,1.0,0.5061035156,-0.3418579102,0.5776977539,0.5415649414
64834386.0,2968.0,0.0,-0.58203125,0.546875,-0.09765625,0
64841418.0,7032.0,1.0,0.5047607422,-0.3430786133,0.5796508789,0.5399169922
64844386.0,2968.0,0.0,-0.9296875,0.921875,0.35546875,0
64851418.0,7032.0,1.0,0.5034179688,-0.3442993164,0.5816650391,0.538269043
64854386.0,2968.0,0.0,-1.2265625,1.16015625,0.34375,0
64861418.0,7032.0,1.0,0.5020141602,-0.3454589844,0.5836791992,0.5366210938
64864386.0,2968.0,0.0,-1.1796875,0.62109375,0.56640625,0
64870418.0,6032.0,1.0,0.5006713867,-0.3464355469,0.5856323242,0.5350952148
64873386.0,2968.0,0.0,0.28125,-0.16015625,-0.90234375,0
64881418.0,8032.0,1.0,0.4992675781,-0.3473510742,0.5877075195,0.5335693359
64884386.0,2968.0,0.0,0.78125,0.33984375,-0.98828125,0
64891418.0,7032.0,1.0,0.4978027344,-0.3482666016,0.5897827148,0.532043457
64894386.0,2968.0,0.0,1.24609375,0.4140625,-0.6171875,0
64901418.0,7032.0,1.0,0.4962158203,-0.3492431641,0.5918579102,0.5305786133
64904386.0,2968.0,0.0,1.09375,0.25390625,-0.59375,0
64911418.0,7032.0,1.0,0.4945068359,-0.350402832,0.5939331055,0.5290527344
64914386.0,2968.0,0.0,-0.359375,1.55859375,0.48046875,0
64921418.0,7032.0,1.0,0.4927978516,-0.3516845703,0.5958862305,0.5276489258
64925386.0,3968.0,0.0,-0.046875,0.4765625,0.4296875,0
64931418.0,6032.0,1.0,0.4910888672,-0.3530883789,0.59765625,0.5263061523
64934386.0,2968.0,0.0,0.60546875,0.546875,0.23046875,0
64941418.0,7032.0,1.0,0.4893798828,-0.3544921875,0.5993652344,0.5250244141
64944386.0,2968.0,0.0,1.33203125,0.69921875,0.59765625,0
64951418.0,7032.0,1.0,0.4876098633,-0.3558349609,0.6011352539,0.5237426758
64954386.0,2968.0,0.0,2.8359375,0.23828125,0.5546875,0
64961418.0,7032.0,1.0,0.4857788086,-0.3572387695,0.6029663086,0.5223388672
64965386.0,3968.0,0.0,2.10546875,1.16015625,0.04296875,0
64971418.0,6032.0,1.0,0.4839477539,-0.3586425781,0.6047973633,0.5209350586
64974386.0,2968.0,0.0,1.03515625,1.3515625,0.15234375,0
64981418.0,7032.0,1.0,0.4820556641,-0.3601074219,0.6065673828,0.5196533203
64984386.0,2968.0,0.0,-0.5078125,0.0703125,0.21484375,0
64991418.0,7032.0,1.0,0.4800415039,-0.3616333008,0.6083374023,0.518371582
64994386.0,2968.0,0.0,-0.69140625,0.1484375,0.32421875,0
65001418.0,7032.0,1.0,0.4779663086,-0.3632202148,0.6099853516,0.5172729492
65004386.0,2968.0,0.0,-0.26953125,0.109375,0.84375,0
65011418.0,7032.0,1.0,0.475769043,-0.3648071289,0.6115722656,0.5162353516
65014386.0,2968.0,0.0,0.48828125,-0.734375,0.76171875,0
65021418.0,7032.0,1.0,0.4735717773,-0.3663330078,0.61328125,0.5151367188
65024386.0,2968.0,0.0,0.3359375,-0.20703125,0.86328125,0
65031418.0,7032.0,1.0,0.4713745117,-0.3677978516,0.6150512695,0.5139770508
65034386.0,2968.0,0.0,0.13671875,-0.296875,0.734375,0
65041418.0,7032.0,1.0,0.4693603516,-0.369140625,0.6168823242,0.5126953125
65045386.0,3968.0,0.0,0.015625,-0.3046875,0.7265625,0
65051418.0,6032.0,1.0,0.4673461914,-0.3704833984,0.6187744141,0.5112915039
65054386.0,2968.0,0.0,-0.4453125,-0.11328125,0.4453125,0
65060418.0,6032.0,1.0,0.4653930664,-0.371887207,0.6205444336,0.5100097656
65063386.0,2968.0,0.0,-0.484375,0.109375,1.3203125,0
65075418.0,12032.0,1.0,0.4632568359,-0.3734741211,0.6221923828,0.5087280273
65078386.0,2968.0,0.0,-0.4921875,0.0390625,1.58203125,0
65082418.0,4032.0,1.0,0.4608154297,-0.3754272461,0.623840332,0.5074462891
65085386.0,2968.0,0.0,-0.34765625,0.3359375,1.30078125,0
65091418.0,6032.0,1.0,0.4584960938,-0.3774414063,0.6251831055,0.5064697266
65094386.0,2968.0,0.0,0.07421875,0.52734375,0.56640625,0
65100418.0,6032.0,1.0,0.4561157227,-0.3796386719,0.6262207031,0.5056762695
65103386.0,2968.0,0.0,-0.58984375,0.3359375,0.0078125,0
65111418.0,8032.0,1.0,0.4534912109,-0.3822021484,0.6270751953,0.5050048828
65114386.0,2968.0,0.0,-1.05078125,0.26171875,-0.19921875,0
65121418.0,7032.0,1.0,0.4509887695,-0.3848266602,0.6276245117,0.5045776367
65124386.0,2968.0,0.0,-1.55078125,0.60546875,-0.06640625,0
65131418.0,7032.0,1.0,0.4483642578,-0.3876342773,0.6280517578,0.5042724609
65134386.0,2968.0,0.0,-1.25,0.34375,0.90625,0
65141418.0,7032.0,1.0,0.4457397461,-0.3905029297,0.6283569336,0.5039672852
65144386.0,2968.0,0.0,0.43359375,-0.18359375,1.22265625,0
65151418.0,7032.0,1.0,0.4429321289,-0.3936157227,0.6286010742,0.5037231445
65154386.0,2968.0,0.0,0.42578125,0.015625,0.94140625,0
65161418.0,7032.0,1.0,0.4401245117,-0.3966674805,0.6287841797,0.5035400391
65164386.0,2968.0,0.0,0.15234375,-0.10546875,0.7578125,0
65171418.0,7032.0,1.0,0.4372558594,-0.3997802734,0.6288452148,0.5034790039
65174386.0,2968.0,0.0,0.19140625,-0.09765625,0.734375,0
65181418.0,7032.0,1.0,0.4343261719,-0.4029541016,0.6289672852,0.5033569336
65184386.0,2968.0,0.0,0.87109375,-0.59765625,0.75,0
65191418.0,7032.0,1.0,0.4313964844,-0.4060058594,0.6291503906,0.5032958984
65194386.0,2968.0,0.0,0.55859375,-0.51953125,0.33984375,0
65201418.0,7032.0,1.0,0.4284057617,-0.4089355469,0.6292724609,0.5032958984
65204386.0,2968.0,0.0,-0.36328125,-0.17578125,0.46875,0
65211418.0,7032.0,1.0,0.4254150391,-0.4118041992,0.6293334961,0.5033569336
65214386.0,2968.0,0.0,-0.8671875,-1.59375,1.4375,0
65221418.0,7032.0,1.0,0.4223022461,-0.4145507813,0.6296386719,0.5033569336
65224386.0,2968.0,0.0,-0.64453125,-1.8671875,1.30078125,0
65231418.0,7032.0,1.0,0.4190673828,-0.417175293,0.6301269531,0.5032958984
65234386.0,2968.0,0.0,-0.69921875,-1.109375,1.390625,0
65241418.0,7032.0,1.0,0.4157714844,-0.4195556641,0.630859375,0.5030517578
65244386.0,2968.0,0.0,-0.29296875,-1.73828125,1.37109375,0
65250418.0,6032.0,1.0,0.4127197266,-0.4216308594,0.6317749023,0.502746582
65253386.0,2968.0,0.0,0.03515625,-0.828125,1.00390625,0
65261418.0,8032.0,1.0,0.4094238281,-0.4237060547,0.6328735352,0.5023803711
65264386.0,2968.0,0.0,0.296875,-0.61328125,1.140625,0
65271418.0,7032.0,1.0,0.4061889648,-0.4255371094,0.6340332031,0.501953125
65274386.0,2968.0,0.0,1.0078125,-1.2890625,0.73828125,0
65281418.0,7032.0,1.0,0.4030151367,-0.4272460938,0.6353759766,0.5013427734
65284386.0,2968.0,0.0,0.484375,-0.69140625,1.296875,0
65290418.0,6032.0,1.0,0.3999023438,-0.428894043,0.6367797852,0.5006713867
65293386.0,2968.0,0.0,-0.41015625,0.51953125,1.4765625,0
65301418.0,8032.0,1.0,0.396484375,-0.4306640625,0.6383056641,0.4998779297
65304386.0,2968.0,0.0,-0.77734375,0.41796875,2.1953125,0
65311418.0,7032.0,1.0,0.3932495117,-0.4322509766,0.6398925781,0.4990234375
65314386.0,2968.0,0.0,-0.83984375,0.09765625,1.64453125,0
65321418.0,7032.0,1.0,0.3900756836,-0.4338378906,0.6414794922,0.4981079102
65324386.0,2968.0,0.0,-0.82421875,0.07421875,0.7890625,0
65336418.0,12032.0,1.0,0.3870849609,-0.4352416992,0.6430664063,0.4971923828
65340386.0,3968.0,0.0,-0.11328125,-0.01953125,-0.640625,0
65343418.0,3032.0,1.0,0.3840332031,-0.436706543,0.6446533203,0.4962158203
65346386.0,2968.0,0.0,-0.12890625,-0.04296875,-0.578125,0
65351418.0,5032.0,1.0,0.380859375,-0.4382324219,0.6463012695,0.4951171875
65354386.0,2968.0,0.0,0.30859375,0.48046875,-0.515625,0
65361418.0,7032.0,1.0,0.3779296875,-0.4397583008,0.6477661133,0.494140625
65364386.0,2968.0,0.0,0.28515625,0.921875,0.3515625,0
65371418.0,7032.0,1.0,0.3749389648,-0.44140625,0.6491699219,0.4931030273
65374386.0,2968.0,0.0,0.26953125,0.80078125,0.71875,0
65381418.0,7032.0,1.0,0.3717651367,-0.4432373047,0.650390625,0.4922485352
65384386.0,2968.0,0.0,0.3203125,1.0546875,1.43359375,0
65391418.0,7032.0,1.0,0.3685913086,-0.4451904297,0.6513671875,0.4916381836
65394386.0,2968.0,0.0,0.4140625,0.34765625,1.5703125,0
65401418.0,7032.0,1.0,0.3651733398,-0.4473876953,0.6522216797,0.491027832
65404386.0,2968.0,0.0,0.734375,0.0625,0.36328125,0
65411418.0,7032.0,1.0,0.3616943359,-0.4495849609,0.6530151367,0.4905395508
65414386.0,2968.0,0.0,0.7109375,0.77734375,0.0703125,0
65421418.0,7032.0,1.0,0.358215332,-0.4517822266,0.6537475586,0.4900512695
65425386.0,3968.0,0.0,0.71875,0.21484375,0.546875,0
65431418.0,6032.0,1.0,0.3546142578,-0.4540405273,0.6544799805,0.4896850586
65434386.0,2968.0,0.0,1.0859375,0.046875,0.91015625,0
65441418.0,7032.0,1.0,0.3510131836,-0.4561767578,0.655090332,0.4893798828
65444386.0,2968.0,0.0,1.13671875,1.59375,1.00390625,0
65451418.0,7032.0,1.0,0.346862793,-0.4586181641,0.6557006836,0.4892578125
65454386.0,2968.0,0.0,0.6484375,0.3828125,0.94140625,0
65461418.0,7032.0,1.0,0.3427124023,-0.4609375,0.6563720703,0.4891967773
65464386.0,2968.0,0.0,-0.3046875,0.0546875,1.07421875,0
65471418.0,7032.0,1.0,0.3386230469,-0.4630126953,0.6571044922,0.489074707
65474386.0,2968.0,0.0,-0.9765625,0.0234375,1.08203125,0
65481418.0,7032.0,1.0,0.3347167969,-0.4647216797,0.6580200195,0.4888916016
65484386.0,2968.0,0.0,-0.58984375,-0.390625,0.5234375,0
65491418.0,7032.0,1.0,0.3306884766,-0.4662475586,0.6593017578,0.4884033203
65494386.0,2968.0,0.0,-0.50390625,-0.84375,0.35546875,0
65501418.0,7032.0,1.0,0.3268432617,-0.4675292969,0.6608276367,0.4876708984
65504386.0,2968.0,0.0,-0.87890625,-0.60546875,1.0625,0
65511418.0,7032.0,1.0,0.3229370117,-0.4686889648,0.6625366211,0.4868774414
65514386.0,2968.0,0.0,-1.07421875,-0.5234375,1.73828125,0
65521418.0,7032.0,1.0,0.3187866211,-0.4697875977,0.6643676758,0.4860229492
65524386.0,2968.0,0.0,-1.07421875,-0.21875,2.0703125,0
65531418.0,7032.0,1.0,0.3145141602,-0.4708862305,0.6661376953,0.4854125977
65534386.0,2968.0,0.0,-1.3046875,0.0859375,2.62890625,0
65541418.0,7032.0,1.0,0.3099365234,-0.4719238281,0.6679077148,0.4849243164
65544386.0,2968.0,0.0,-1.390625,0.00390625,2.76953125,0
65553418.0,9032.0,1.0,0.3054199219,-0.4729614258,0.6695556641,0.4844970703
65556386.0,2968.0,0.0,-1.2734375,0.0703125,2.27734375,0
65564418.0,8032.0,1.0,0.3007202148,-0.4738769531,0.6712646484,0.4840698242
65567386.0,2968.0,0.0,-1.24609375,-0.12890625,0.84765625,0
65571418.0,4032.0,1.0,0.2958984375,-0.4747924805,0.6732177734,0.4835205078
65574386.0,2968.0,0.0,-1.4453125,-0.1015625,0.48828125,0
65582418.0,8032.0,1.0,0.2913818359,-0.4755859375,0.6751098633,0.4828491211
65585386.0,2968.0,0.0,-1.796875,-0.0703125,0.3203125,0
65591418.0,6032.0,1.0,0.2870483398,-0.4762573242,0.6770629883,0.4820556641
65594386.0,2968.0,0.0,-2.11328125,-0.22265625,-0.3046875,0
65601418.0,7032.0,1.0,0.2828369141,-0.4768066406,0.6790771484,0.4812011719
65604386.0,2968.0,0.0,-2.49609375,0.1875,0.25390625,0
65611418.0,7032.0,1.0,0.278503418,-0.4772949219,0.6810302734,0.4804077148
65614386.0,2968.0,0.0,-2.66015625,0.49609375,1.375,0
65621418.0,7032.0,1.0,0.2738647461,-0.4778442383,0.6829223633,0.4798583984
65624386.0,2968.0,0.0,-2.71484375,0.2578125,2.35546875,0
65631418.0,7032.0,1.0,0.2690429688,-0.4783325195,0.684753418,0.4794921875
65634386.0,2968.0,0.0,-2.875,0.26953125,2.83203125,0
65641418.0,7032.0,1.0,0.2636108398,-0.4786987305,0.6868286133,0.4792480469
65644386.0,2968.0,0.0,-2.9375,0.16796875,2.65625,0
65651418.0,7032.0,1.0,0.2581787109,-0.4786987305,0.6890258789,0.4789428711
65654386.0,2968.0,0.0,-2.91796875,-0.3125,2.48046875,0
65661418.0,7032.0,1.0,0.252746582,-0.4783325195,0.6916503906,0.478515625
65664386.0,2968.0,0.0,-3.0625,-0.26953125,2.3515625,0
65671418.0,7032.0,1.0,0.2475585938,-0.4774780273,0.6946411133,0.4776611328
65674386.0,2968.0,0.0,-3.9375,-0.26171875,2.3671875,0
65681418.0,7032.0,1.0,0.2422485352,-0.4759521484,0.6985473633,0.4762573242
65684386.0,2968.0,0.0,-4.58203125,0.5078125,1.91015625,0
65691418.0,7032.0,1.0,0.2374267578,-0.4737548828,0.703125,0.4741210938
65694386.0,2968.0,0.0,-5.2734375,0.75390625,1.67578125,0
65701418.0,7032.0,1.0,0.2329711914,-0.4708251953,0.7084350586,0.4713745117
65704386.0,2968.0,0.0,-6.05078125,0.94921875,2.11328125,0
65711418.0,7032.0,1.0,0.2289428711,-0.4671020508,0.7144775391,0.467956543
65714386.0,2968.0,0.0,-7.70703125,1.77734375,1.73828125,0
