time_us,time_dif_us,data_type,value_1,value_2,value_3,value_4
50200443.0,8016.0,1.0,0.85,-0.39,0.26,-0.26
50203427.0,2984.0,0.0,-0.04,-0.05,-0.04,0
50209443.0,6016.0,1.0,0.85,-0.39,0.26,-0.26
50212427.0,2984.0,0.0,-0.07,0.11,0.04,0
50219443.0,7016.0,1.0,0.85,-0.39,0.26,-0.26
50222427.0,2984.0,0.0,-0.08,0.14,0.07,0
50229443.0,7016.0,1.0,0.85,-0.39,0.26,-0.26
50232427.0,2984.0,0.0,-0.07,0.15,0.11,0
50240443.0,8016.0,1.0,0.85,-0.39,0.26,-0.26
50243427.0,2984.0,0.0,-0.01,0.08,0.07,0
50250443.0,7016.0,1.0,0.85,-0.39,0.25,-0.26
50253427.0,2984.0,0.0,0.11,-0.21,-0.05,0
50259443.0,6016.0,1.0,0.85,-0.39,0.25,-0.26
50262427.0,2984.0,0.0,0.18,-0.36,-0.05,0
50270443.0,8016.0,1.0,0.85,-0.39,0.25,-0.26
50273427.0,2984.0,0.0,0.1,-0.5,-0.09,0
50280443.0,7016.0,1.0,0.85,-0.39,0.25,-0.26
50283427.0,2984.0,0.0,0.09,-0.57,-0.02,0
50289443.0,6016.0,1.0,0.85,-0.39,0.25,-0.26
50292427.0,2984.0,0.0,0.05,-0.36,0.02,0
50299443.0,7016.0,1.0,0.85,-0.39,0.25,-0.26
50303427.0,3984.0,0.0,-0.03,-0.25,0.06,0
50310443.0,7016.0,1.0,0.85,-0.39,0.25,-0.26
50313427.0,2984.0,0.0,-0.15,-0.2,0.13,0
50320443.0,7016.0,1.0,0.85,-0.39,0.25,-0.26
50323427.0,2984.0,0.0,-0.15,-0.08,0.05,0
50329443.0,6016.0,1.0,0.85,-0.39,0.25,-0.26
50332427.0,2984.0,0.0,-0.11,0.12,0.01,0
50339443.0,7016.0,1.0,0.85,-0.39,0.25,-0.26
50343427.0,3984.0,0.0,-0.11,0.16,0.05,0
50350443.0,7016.0,1.0,0.85,-0.39,0.25,-0.26
50353427.0,2984.0,0.0,-0.07,0.1,0.0,0
50359443.0,6016.0,1.0,0.85,-0.39,0.25,-0.26
50362427.0,2984.0,0.0,0.0,-0.2,0.04,0
50369443.0,7016.0,1.0,0.85,-0.39,0.25,-0.26
50372427.0,2984.0,0.0,0.04,-0.3,0.07,0
50379443.0,7016.0,1.0,0.85,-0.39,0.25,-0.26
50383427.0,3984.0,0.0,-0.07,-0.25,0.11,0
50389443.0,6016.0,1.0,0.85,-0.39,0.25,-0.26
50392427.0,2984.0,0.0,-0.04,-0.28,0.1,0
50399443.0,7016.0,1.0,0.85,-0.39,0.25,-0.26
50402427.0,2984.0,0.0,0.01,-0.27,0.1,0
50409443.0,7016.0,1.0,0.85,-0.39,0.25,-0.26
50412427.0,2984.0,0.0,0.05,-0.23,0.03,0
50420443.0,8016.0,1.0,0.85,-0.39,0.25,-0.26
50423427.0,2984.0,0.0,0.09,-0.14,-0.01,0
50429443.0,6016.0,1.0,0.85,-0.39,0.25,-0.26
50432427.0,2984.0,0.0,0.21,-0.14,-0.01,0
50440443.0,8016.0,1.0,0.85,-0.39,0.25,-0.26
50443427.0,2984.0,0.0,0.32,-0.17,0.03,0
50449443.0,6016.0,1.0,0.85,-0.39,0.25,-0.26
50452427.0,2984.0,0.0,0.39,-0.16,0.03,0
50460443.0,8016.0,1.0,0.85,-0.39,0.25,-0.26
50463427.0,2984.0,0.0,0.39,-0.2,0.03,0
50470443.0,7016.0,1.0,0.85,-0.39,0.25,-0.26
50473427.0,2984.0,0.0,0.39,-0.19,0.03,0
50480443.0,7016.0,1.0,0.85,-0.39,0.25,-0.26
50483427.0,2984.0,0.0,0.27,-0.15,0.04,0
50489443.0,6016.0,1.0,0.85,-0.39,0.25,-0.26
50492427.0,2984.0,0.0,0.22,-0.14,-0.0,0
50500443.0,8016.0,1.0,0.85,-0.39,0.25,-0.26
50503427.0,2984.0,0.0,0.13,0.01,-0.04,0
50510443.0,7016.0,1.0,0.85,-0.39,0.25,-0.26
50513427.0,2984.0,0.0,-0.07,0.66,0.04,0
50519443.0,6016.0,1.0,0.85,-0.39,0.25,-0.26
50522427.0,2984.0,0.0,-0.11,0.51,0.04,0
50529443.0,7016.0,1.0,0.85,-0.39,0.25,-0.26
50532427.0,2984.0,0.0,-0.1,0.36,0.08,0
50540443.0,8016.0,1.0,0.85,-0.39,0.25,-0.26
50543427.0,2984.0,0.0,-0.14,0.56,0.11,0
50549443.0,6016.0,1.0,0.85,-0.39,0.25,-0.26
50552427.0,2984.0,0.0,-0.22,0.88,0.23,0
50559443.0,7016.0,1.0,0.85,-0.39,0.25,-0.26
50562427.0,2984.0,0.0,-0.25,0.82,0.23,0
50569443.0,7016.0,1.0,0.85,-0.39,0.25,-0.26
50572427.0,2984.0,0.0,-0.29,0.46,0.22,0
50580443.0,8016.0,1.0,0.85,-0.39,0.25,-0.26
50583427.0,2984.0,0.0,-0.25,-0.01,0.17,0
50589443.0,6016.0,1.0,0.85,-0.39,0.25,-0.26
50592427.0,2984.0,0.0,-0.06,-0.26,0.13,0
50599443.0,7016.0,1.0,0.85,-0.39,0.25,-0.26
50602427.0,2984.0,0.0,0.02,-0.32,0.13,0
50609443.0,7016.0,1.0,0.85,-0.39,0.24,-0.26
50612427.0,2984.0,0.0,0.1,-0.31,0.08,0
50620443.0,8016.0,1.0,0.85,-0.39,0.24,-0.26
50623427.0,2984.0,0.0,0.02,-0.26,0.0,0
50629443.0,6016.0,1.0,0.85,-0.39,0.24,-0.26
50632427.0,2984.0,0.0,-0.17,-0.07,-0.07,0
50639443.0,7016.0,1.0,0.85,-0.39,0.24,-0.26
50642427.0,2984.0,0.0,-0.25,-0.0,-0.04,0
50649443.0,7016.0,1.0,0.85,-0.39,0.25,-0.26
50652427.0,2984.0,0.0,-0.29,0.11,-0.04,0
50660443.0,8016.0,1.0,0.85,-0.39,0.25,-0.26
50663427.0,2984.0,0.0,-0.29,0.34,-0.03,0
50669443.0,6016.0,1.0,0.85,-0.39,0.25,-0.26
50672427.0,2984.0,0.0,-0.06,0.66,-0.19,0
50679443.0,7016.0,1.0,0.85,-0.39,0.25,-0.26
50682427.0,2984.0,0.0,0.03,0.47,-0.27,0
50690443.0,8016.0,1.0,0.85,-0.39,0.25,-0.27
50693427.0,2984.0,0.0,0.07,0.41,-0.3,0
50700443.0,7016.0,1.0,0.85,-0.39,0.24,-0.27
50703427.0,2984.0,0.0,0.11,0.2,-0.39,0
50709443.0,6016.0,1.0,0.85,-0.39,0.24,-0.27
50712427.0,2984.0,0.0,0.07,0.21,-0.39,0
50719443.0,7016.0,1.0,0.85,-0.39,0.24,-0.27
50723427.0,3984.0,0.0,0.11,0.31,-0.39,0
50730443.0,7016.0,1.0,0.85,-0.39,0.24,-0.27
50733427.0,2984.0,0.0,0.11,0.37,-0.44,0
50739443.0,6016.0,1.0,0.85,-0.39,0.24,-0.27
50742427.0,2984.0,0.0,0.22,0.13,-0.34,0
50749443.0,7016.0,1.0,0.85,-0.39,0.24,-0.27
50752427.0,2984.0,0.0,0.37,0.12,-0.23,0
50759443.0,7016.0,1.0,0.85,-0.39,0.24,-0.27
50763427.0,3984.0,0.0,0.46,0.21,-0.12,0
50770443.0,7016.0,1.0,0.85,-0.39,0.24,-0.27
50773427.0,2984.0,0.0,0.49,0.29,-0.05,0
50784443.0,11016.0,1.0,0.85,-0.39,0.24,-0.27
50787427.0,2984.0,0.0,0.49,-0.19,0.09,0
50791443.0,4016.0,1.0,0.85,-0.39,0.23,-0.27
50794427.0,2984.0,0.0,0.45,-0.59,0.13,0
50800443.0,6016.0,1.0,0.85,-0.39,0.23,-0.27
50803427.0,2984.0,0.0,0.37,-0.72,0.19,0
50810443.0,7016.0,1.0,0.85,-0.39,0.23,-0.27
50813427.0,2984.0,0.0,0.3,-0.4,0.18,0
50820443.0,7016.0,1.0,0.85,-0.39,0.23,-0.27
50823427.0,2984.0,0.0,0.22,-0.04,0.03,0
50829443.0,6016.0,1.0,0.85,-0.39,0.23,-0.27
50832427.0,2984.0,0.0,0.33,-0.22,0.02,0
50840443.0,8016.0,1.0,0.85,-0.4,0.23,-0.27
50843427.0,2984.0,0.0,0.37,-0.28,0.02,0
50850443.0,7016.0,1.0,0.85,-0.4,0.23,-0.27
50853427.0,2984.0,0.0,0.3,-0.43,0.06,0
50860443.0,7016.0,1.0,0.85,-0.4,0.23,-0.27
50863427.0,2984.0,0.0,0.25,-0.61,0.06,0
50869443.0,6016.0,1.0,0.85,-0.4,0.23,-0.28
50872427.0,2984.0,0.0,0.21,-0.56,0.06,0
50880443.0,8016.0,1.0,0.85,-0.4,0.23,-0.28
50883427.0,2984.0,0.0,0.22,-0.6,0.06,0
50890443.0,7016.0,1.0,0.85,-0.4,0.23,-0.28
50893427.0,2984.0,0.0,0.11,-0.11,0.14,0
50900443.0,7016.0,1.0,0.85,-0.4,0.23,-0.28
50903427.0,2984.0,0.0,0.11,-0.04,0.15,0
50910443.0,7016.0,1.0,0.85,-0.4,0.23,-0.28
50913427.0,2984.0,0.0,0.14,-0.04,0.15,0
50920443.0,7016.0,1.0,0.85,-0.4,0.23,-0.28
50923427.0,2984.0,0.0,0.23,-0.04,0.11,0
50929443.0,6016.0,1.0,0.85,-0.4,0.23,-0.28
50932427.0,2984.0,0.0,0.3,-0.08,0.08,0
50940443.0,8016.0,1.0,0.85,-0.4,0.23,-0.28
50943427.0,2984.0,0.0,0.33,-0.23,0.19,0
50950443.0,7016.0,1.0,0.85,-0.4,0.23,-0.27
50953427.0,2984.0,0.0,0.38,-0.35,0.19,0
50960443.0,7016.0,1.0,0.85,-0.4,0.23,-0.27
50963427.0,2984.0,0.0,0.41,-0.2,0.35,0
50969443.0,6016.0,1.0,0.85,-0.4,0.23,-0.27
50972427.0,2984.0,0.0,0.52,-0.32,0.32,0
50979443.0,7016.0,1.0,0.85,-0.4,0.23,-0.27
50982427.0,2984.0,0.0,0.57,-0.22,0.39,0
50990443.0,8016.0,1.0,0.84,-0.4,0.23,-0.27
50993427.0,2984.0,0.0,0.57,0.19,0.48,0
51000443.0,7016.0,1.0,0.84,-0.4,0.23,-0.27
51003427.0,2984.0,0.0,0.53,0.6,0.55,0
51010443.0,7016.0,1.0,0.84,-0.4,0.23,-0.27
51013427.0,2984.0,0.0,0.61,1.06,0.56,0
51020443.0,7016.0,1.0,0.84,-0.4,0.23,-0.27
51024427.0,3984.0,0.0,0.69,0.71,0.56,0
51030443.0,6016.0,1.0,0.84,-0.4,0.23,-0.27
51033427.0,2984.0,0.0,0.73,0.19,0.6,0
51040443.0,7016.0,1.0,0.84,-0.4,0.23,-0.27
51043427.0,2984.0,0.0,0.81,-0.11,0.6,0
51050443.0,7016.0,1.0,0.84,-0.4,0.23,-0.27
51053427.0,2984.0,0.0,0.91,-0.03,0.61,0
51060443.0,7016.0,1.0,0.84,-0.4,0.23,-0.27
51064427.0,3984.0,0.0,0.99,0.04,0.68,0
51070443.0,6016.0,1.0,0.84,-0.4,0.23,-0.27
51073427.0,2984.0,0.0,1.11,0.16,0.76,0
51080443.0,7016.0,1.0,0.84,-0.4,0.23,-0.27
51083427.0,2984.0,0.0,1.3,0.08,0.8,0
51090443.0,7016.0,1.0,0.84,-0.4,0.23,-0.27
51093427.0,2984.0,0.0,1.37,0.2,0.8,0
51100443.0,7016.0,1.0,0.84,-0.4,0.23,-0.27
51104427.0,3984.0,0.0,1.45,0.34,0.84,0
51110443.0,6016.0,1.0,0.84,-0.4,0.23,-0.27
51113427.0,2984.0,0.0,1.5,0.3,0.84,0
51120443.0,7016.0,1.0,0.84,-0.4,0.23,-0.27
51123427.0,2984.0,0.0,1.72,0.26,0.88,0
51130443.0,7016.0,1.0,0.84,-0.4,0.23,-0.28
51133427.0,2984.0,0.0,1.88,-0.0,0.96,0
51140443.0,7016.0,1.0,0.84,-0.4,0.23,-0.28
51143427.0,2984.0,0.0,1.96,-0.27,1.08,0
51150443.0,7016.0,1.0,0.84,-0.4,0.23,-0.28
51153427.0,2984.0,0.0,2.12,-0.37,1.16,0
51159443.0,6016.0,1.0,0.84,-0.4,0.23,-0.28
51162427.0,2984.0,0.0,2.34,-0.36,1.07,0
51170443.0,8016.0,1.0,0.84,-0.4,0.23,-0.28
51173427.0,2984.0,0.0,2.34,-0.23,1.09,0
51180443.0,7016.0,1.0,0.84,-0.4,0.23,-0.28
51183427.0,2984.0,0.0,2.46,-0.12,1.06,0
51190443.0,7016.0,1.0,0.84,-0.4,0.23,-0.28
51193427.0,2984.0,0.0,2.62,-0.12,0.99,0
51200443.0,7016.0,1.0,0.84,-0.4,0.23,-0.28
51203427.0,2984.0,0.0,2.86,-0.22,0.77,0
51210443.0,7016.0,1.0,0.84,-0.4,0.23,-0.28
51213427.0,2984.0,0.0,2.98,-0.29,0.63,0
51220443.0,7016.0,1.0,0.84,-0.4,0.23,-0.28
51223427.0,2984.0,0.0,3.03,-0.25,0.56,0
51230443.0,7016.0,1.0,0.84,-0.4,0.23,-0.28
51233427.0,2984.0,0.0,3.04,-0.05,0.47,0
51240443.0,7016.0,1.0,0.84,-0.4,0.23,-0.28
51243427.0,2984.0,0.0,3.12,0.22,0.26,0
51250443.0,7016.0,1.0,0.84,-0.4,0.24,-0.28
51253427.0,2984.0,0.0,3.18,0.34,0.32,0
51260443.0,7016.0,1.0,0.84,-0.41,0.24,-0.28
51263427.0,2984.0,0.0,3.19,0.21,0.3,0
51270443.0,7016.0,1.0,0.84,-0.41,0.24,-0.28
51273427.0,2984.0,0.0,3.28,0.25,0.29,0
51280443.0,7016.0,1.0,0.83,-0.41,0.24,-0.28
51283427.0,2984.0,0.0,3.25,0.36,0.04,0
51290443.0,7016.0,1.0,0.83,-0.41,0.24,-0.28
51293427.0,2984.0,0.0,3.42,0.2,-0.19,0
51300443.0,7016.0,1.0,0.83,-0.41,0.24,-0.28
51303427.0,2984.0,0.0,3.78,0.62,-0.32,0
51310443.0,7016.0,1.0,0.83,-0.41,0.24,-0.28
51313427.0,2984.0,0.0,3.68,1.29,-0.6,0
51320443.0,7016.0,1.0,0.83,-0.41,0.24,-0.28
51323427.0,2984.0,0.0,3.27,1.02,-0.42,0
51330443.0,7016.0,1.0,0.83,-0.42,0.24,-0.28
51333427.0,2984.0,0.0,2.84,0.7,-0.04,0
51340443.0,7016.0,1.0,0.83,-0.42,0.24,-0.28
51343427.0,2984.0,0.0,2.2,0.41,0.21,0
51349443.0,6016.0,1.0,0.83,-0.42,0.24,-0.28
51352427.0,2984.0,0.0,0.65,0.62,0.01,0
51360443.0,8016.0,1.0,0.83,-0.42,0.24,-0.28
51363427.0,2984.0,0.0,0.06,1.15,-0.36,0
51370443.0,7016.0,1.0,0.83,-0.43,0.24,-0.27
51373427.0,2984.0,0.0,-0.3,1.36,-0.67,0
51380443.0,7016.0,1.0,0.83,-0.43,0.23,-0.27
51383427.0,2984.0,0.0,-0.43,1.46,-0.75,0
51390443.0,7016.0,1.0,0.83,-0.44,0.23,-0.27
51393427.0,2984.0,0.0,-0.35,1.34,0.27,0
51400443.0,7016.0,1.0,0.83,-0.44,0.23,-0.27
51403427.0,2984.0,0.0,-0.47,0.48,0.81,0
51410443.0,7016.0,1.0,0.82,-0.44,0.23,-0.27
51413427.0,2984.0,0.0,-0.55,-0.36,1.07,0
51420443.0,7016.0,1.0,0.82,-0.45,0.23,-0.27
51423427.0,2984.0,0.0,-0.66,-0.11,1.05,0
51430443.0,7016.0,1.0,0.82,-0.45,0.23,-0.27
51433427.0,2984.0,0.0,-1.61,-0.83,0.78,0
51440443.0,7016.0,1.0,0.82,-0.46,0.23,-0.26
51443427.0,2984.0,0.0,-1.53,-0.74,0.06,0
51450443.0,7016.0,1.0,0.82,-0.46,0.23,-0.26
51453427.0,2984.0,0.0,-1.26,-0.65,-0.81,0
51460443.0,7016.0,1.0,0.81,-0.47,0.23,-0.26
51463427.0,2984.0,0.0,-1.89,-0.37,-2.34,0
51470443.0,7016.0,1.0,0.81,-0.47,0.23,-0.26
51473427.0,2984.0,0.0,-2.42,-0.66,-2.43,0
51480443.0,7016.0,1.0,0.81,-0.48,0.23,-0.26
51484427.0,3984.0,0.0,-2.76,-0.8,-2.42,0
51490443.0,6016.0,1.0,0.8,-0.48,0.23,-0.26
51493427.0,2984.0,0.0,-3.21,-1.36,-2.32,0
51500443.0,7016.0,1.0,0.8,-0.49,0.23,-0.26
51503427.0,2984.0,0.0,-3.19,-0.75,-2.5,0
51516443.0,13016.0,1.0,0.8,-0.49,0.23,-0.26
51521443.0,5000.0,1.0,0.8,-0.5,0.23,-0.26
51524427.0,2984.0,0.0,-1.42,-3.08,-2.52,0
51530443.0,6016.0,1.0,0.79,-0.5,0.23,-0.26
51533427.0,2984.0,0.0,-0.64,-2.49,-2.95,0
51540443.0,7016.0,1.0,0.79,-0.51,0.24,-0.25
51543427.0,2984.0,0.0,-0.25,-1.0,-4.11,0
51550443.0,7016.0,1.0,0.79,-0.51,0.24,-0.25
51553427.0,2984.0,0.0,-1.2,-0.17,-3.47,0
51560443.0,7016.0,1.0,0.78,-0.52,0.24,-0.25
51563427.0,2984.0,0.0,-2.39,-1.1,-4.04,0
51570443.0,7016.0,1.0,0.78,-0.52,0.24,-0.25
51573427.0,2984.0,0.0,-3.15,-0.35,-3.32,0
51580443.0,7016.0,1.0,0.78,-0.52,0.25,-0.25
51583427.0,2984.0,0.0,-3.85,-0.29,-3.05,0
51590443.0,7016.0,1.0,0.77,-0.53,0.25,-0.25
51593427.0,2984.0,0.0,-3.73,-0.2,-2.5,0
51600443.0,7016.0,1.0,0.77,-0.53,0.25,-0.25
51603427.0,2984.0,0.0,-3.78,-1.53,-3.08,0
51610443.0,7016.0,1.0,0.77,-0.54,0.26,-0.25
51613427.0,2984.0,0.0,-3.52,-0.98,-2.97,0
51620443.0,7016.0,1.0,0.76,-0.54,0.26,-0.24
51623427.0,2984.0,0.0,-3.33,0.79,-3.78,0
51630443.0,7016.0,1.0,0.76,-0.54,0.26,-0.24
51633427.0,2984.0,0.0,-2.93,-0.2,-3.66,0
51640443.0,7016.0,1.0,0.76,-0.55,0.27,-0.24
51643427.0,2984.0,0.0,-2.4,0.28,-3.66,0
51650443.0,7016.0,1.0,0.75,-0.55,0.27,-0.24
51653427.0,2984.0,0.0,-1.72,0.98,-3.14,0
51660443.0,7016.0,1.0,0.75,-0.55,0.27,-0.24
51663427.0,2984.0,0.0,-1.12,0.12,-2.39,0
51673443.0,10016.0,1.0,0.75,-0.56,0.28,-0.24
51676427.0,2984.0,0.0,-0.52,-1.01,-1.82,0
51683443.0,7016.0,1.0,0.74,-0.56,0.28,-0.24
51686427.0,2984.0,0.0,-0.46,-0.99,-1.36,0
51690443.0,4016.0,1.0,0.74,-0.56,0.28,-0.23
51693427.0,2984.0,0.0,-0.97,-2.2,-0.71,0
51700443.0,7016.0,1.0,0.74,-0.57,0.28,-0.23
51703427.0,2984.0,0.0,-1.64,-1.16,-1.29,0
51710443.0,7016.0,1.0,0.73,-0.57,0.29,-0.23
51713427.0,2984.0,0.0,-2.62,-0.67,-1.82,0
51720443.0,7016.0,1.0,0.73,-0.57,0.29,-0.23
51723427.0,2984.0,0.0,-2.91,-0.17,-3.2,0
51730443.0,7016.0,1.0,0.73,-0.58,0.3,-0.23
51733427.0,2984.0,0.0,-3.13,1.25,-6.5,0
51740443.0,7016.0,1.0,0.72,-0.58,0.3,-0.23
51743427.0,2984.0,0.0,-1.85,1.13,-6.5,0
51750443.0,7016.0,1.0,0.72,-0.58,0.31,-0.23
51753427.0,2984.0,0.0,1.37,-1.04,-4.18,0
51760443.0,7016.0,1.0,0.72,-0.58,0.31,-0.23
51763427.0,2984.0,0.0,3.88,-2.31,-2.6,0
51770443.0,7016.0,1.0,0.71,-0.59,0.31,-0.23
51773427.0,2984.0,0.0,3.25,2.16,-2.67,0
51780443.0,7016.0,1.0,0.71,-0.59,0.31,-0.22
51783427.0,2984.0,0.0,1.99,0.52,-2.97,0
51790443.0,7016.0,1.0,0.71,-0.6,0.31,-0.22
51793427.0,2984.0,0.0,0.81,1.8,-2.33,0
51800443.0,7016.0,1.0,0.7,-0.6,0.31,-0.22
51803427.0,2984.0,0.0,-0.36,2.39,-1.95,0
51810443.0,7016.0,1.0,0.7,-0.6,0.31,-0.22
51813427.0,2984.0,0.0,-1.73,0.13,-1.52,0
51820443.0,7016.0,1.0,0.7,-0.61,0.31,-0.22
51823427.0,2984.0,0.0,-2.56,-0.23,-1.48,0
51830443.0,7016.0,1.0,0.7,-0.61,0.31,-0.21
51833427.0,2984.0,0.0,-2.45,-1.43,-1.97,0
51840443.0,7016.0,1.0,0.7,-0.61,0.31,-0.21
51843427.0,2984.0,0.0,-1.79,-2.38,-1.23,0
51855443.0,12016.0,1.0,0.69,-0.62,0.31,-0.21
51859427.0,3984.0,0.0,-1.06,-2.12,-1.0,0
51862443.0,3016.0,1.0,0.69,-0.62,0.31,-0.21
51865427.0,2984.0,0.0,-1.05,-2.12,-0.9,0
51870443.0,5016.0,1.0,0.69,-0.62,0.31,-0.21
51873427.0,2984.0,0.0,-1.59,-1.26,-1.04,0
51880443.0,7016.0,1.0,0.68,-0.62,0.31,-0.2
51883427.0,2984.0,0.0,-2.51,0.11,-0.75,0
51890443.0,7016.0,1.0,0.68,-0.63,0.32,-0.2
51893427.0,2984.0,0.0,-2.93,-0.62,-0.59,0
51900443.0,7016.0,1.0,0.68,-0.63,0.32,-0.2
51903427.0,2984.0,0.0,-3.08,-0.29,-0.54,0
51910443.0,7016.0,1.0,0.68,-0.63,0.32,-0.2
51913427.0,2984.0,0.0,-3.39,0.62,-0.6,0
51920443.0,7016.0,1.0,0.67,-0.64,0.32,-0.2
51923427.0,2984.0,0.0,-2.32,-0.5,-0.47,0
51930443.0,7016.0,1.0,0.67,-0.64,0.32,-0.2
51933427.0,2984.0,0.0,-1.79,-0.12,-0.49,0
51940443.0,7016.0,1.0,0.67,-0.64,0.32,-0.19
51944427.0,3984.0,0.0,-1.33,0.56,-1.14,0
51950443.0,6016.0,1.0,0.67,-0.65,0.32,-0.19
51953427.0,2984.0,0.0,-1.06,0.4,-1.51,0
51960443.0,7016.0,1.0,0.66,-0.65,0.32,-0.19
51963427.0,2984.0,0.0,0.36,-0.4,-0.77,0
51970443.0,7016.0,1.0,0.66,-0.65,0.32,-0.19
51973427.0,2984.0,0.0,0.81,-0.15,-0.68,0
51980443.0,7016.0,1.0,0.66,-0.66,0.32,-0.18
51983427.0,2984.0,0.0,1.3,0.22,-1.26,0
51990443.0,7016.0,1.0,0.65,-0.66,0.32,-0.18
51993427.0,2984.0,0.0,1.56,-0.14,-0.94,0
52000443.0,7016.0,1.0,0.65,-0.66,0.33,-0.18
52003427.0,2984.0,0.0,-0.52,1.83,-2.34,0
52010443.0,7016.0,1.0,0.65,-0.66,0.33,-0.18
52013427.0,2984.0,0.0,-1.63,0.61,-1.8,0
52020443.0,7016.0,1.0,0.65,-0.66,0.33,-0.17
52023427.0,2984.0,0.0,-2.2,0.5,-1.29,0
52030443.0,7016.0,1.0,0.64,-0.67,0.33,-0.17
52033427.0,2984.0,0.0,-2.9,1.07,-0.7,0
52040443.0,7016.0,1.0,0.64,-0.67,0.34,-0.17
52043427.0,2984.0,0.0,-1.09,-1.85,0.8,0
52053443.0,10016.0,1.0,0.64,-0.67,0.34,-0.17
52056427.0,2984.0,0.0,-0.49,-1.13,1.0,0
52063443.0,7016.0,1.0,0.64,-0.67,0.34,-0.16
52066427.0,2984.0,0.0,0.23,-1.52,1.89,0
52070443.0,4016.0,1.0,0.63,-0.67,0.35,-0.16
52073427.0,2984.0,0.0,-0.3,-1.77,1.14,0
52080443.0,7016.0,1.0,0.63,-0.68,0.35,-0.16
52083427.0,2984.0,0.0,-1.9,-0.02,-0.14,0
52090443.0,7016.0,1.0,0.63,-0.68,0.35,-0.16
52093427.0,2984.0,0.0,-2.77,-0.29,-1.96,0
52101443.0,8016.0,1.0,0.62,-0.68,0.36,-0.15
52104427.0,2984.0,0.0,-3.36,0.24,-2.87,0
52110443.0,6016.0,1.0,0.62,-0.68,0.36,-0.15
52113427.0,2984.0,0.0,-1.25,0.43,-3.24,0
52120443.0,7016.0,1.0,0.62,-0.68,0.36,-0.15
52123427.0,2984.0,0.0,0.91,1.42,-2.89,0
52130443.0,7016.0,1.0,0.62,-0.69,0.36,-0.14
52133427.0,2984.0,0.0,2.61,1.57,-1.87,0
52141443.0,8016.0,1.0,0.61,-0.69,0.36,-0.14
52144427.0,2984.0,0.0,3.98,1.47,-1.18,0
52150443.0,6016.0,1.0,0.61,-0.69,0.36,-0.13
52153427.0,2984.0,0.0,3.87,2.05,1.31,0
52160443.0,7016.0,1.0,0.61,-0.69,0.36,-0.13
52163427.0,2984.0,0.0,3.42,1.67,0.93,0
52170443.0,7016.0,1.0,0.61,-0.7,0.36,-0.13
52173427.0,2984.0,0.0,1.75,2.55,1.42,0
52181443.0,8016.0,1.0,0.61,-0.7,0.36,-0.12
52184427.0,2984.0,0.0,1.14,0.71,1.49,0
52190443.0,6016.0,1.0,0.6,-0.7,0.36,-0.12
52193427.0,2984.0,0.0,0.15,-0.18,1.18,0
52200443.0,7016.0,1.0,0.6,-0.7,0.36,-0.11
52203427.0,2984.0,0.0,0.69,-1.36,0.59,0
52210443.0,7016.0,1.0,0.6,-0.7,0.36,-0.11
52213427.0,2984.0,0.0,0.85,-0.53,-0.21,0
52221443.0,8016.0,1.0,0.6,-0.71,0.37,-0.1
52224427.0,2984.0,0.0,0.35,-0.05,-0.6,0
52236443.0,12016.0,1.0,0.59,-0.71,0.37,-0.1
52241443.0,5000.0,1.0,0.59,-0.71,0.37,-0.09
52244427.0,2984.0,0.0,0.98,-4.28,3.02,0
52250443.0,6016.0,1.0,0.59,-0.71,0.37,-0.09
52253427.0,2984.0,0.0,0.66,-2.23,3.08,0
52260443.0,7016.0,1.0,0.58,-0.71,0.38,-0.09
52263427.0,2984.0,0.0,0.64,-4.28,1.64,0
52270443.0,7016.0,1.0,0.58,-0.72,0.38,-0.08
52273427.0,2984.0,0.0,0.89,-2.81,1.0,0
52280443.0,7016.0,1.0,0.58,-0.72,0.38,-0.08
52284427.0,3984.0,0.0,1.11,-3.22,0.05,0
52290443.0,6016.0,1.0,0.57,-0.72,0.38,-0.07
52293427.0,2984.0,0.0,0.63,-3.36,-0.67,0
52300443.0,7016.0,1.0,0.57,-0.72,0.39,-0.07
52303427.0,2984.0,0.0,-2.22,0.16,-1.81,0
52310443.0,7016.0,1.0,0.57,-0.72,0.39,-0.06
52313427.0,2984.0,0.0,-3.39,-1.05,-1.19,0
52320443.0,7016.0,1.0,0.56,-0.72,0.39,-0.06
52323427.0,2984.0,0.0,-4.64,-2.15,1.23,0
52330443.0,7016.0,1.0,0.56,-0.73,0.39,-0.05
52333427.0,2984.0,0.0,-5.07,-1.83,2.02,0
52340443.0,7016.0,1.0,0.56,-0.73,0.39,-0.05
52343427.0,2984.0,0.0,-7.05,-4.09,1.78,0
52350443.0,7016.0,1.0,0.56,-0.73,0.39,-0.04
52353427.0,2984.0,0.0,-7.39,-3.24,1.44,0
52360443.0,7016.0,1.0,0.55,-0.73,0.4,-0.04
52364427.0,3984.0,0.0,-8.8,-1.7,1.21,0
52370443.0,6016.0,1.0,0.55,-0.73,0.4,-0.03
52373427.0,2984.0,0.0,-8.87,-0.21,-0.46,0
52380443.0,7016.0,1.0,0.54,-0.73,0.41,-0.03
52383427.0,2984.0,0.0,-10.84,-0.72,-0.83,0
52396443.0,13016.0,1.0,0.54,-0.73,0.42,-0.02
52401443.0,5000.0,1.0,0.54,-0.73,0.42,-0.02
52404427.0,2984.0,0.0,-12.05,-3.15,-0.32,0
52410443.0,6016.0,1.0,0.53,-0.73,0.43,-0.01
52413427.0,2984.0,0.0,-12.94,-4.7,1.0,0
52420443.0,7016.0,1.0,0.53,-0.72,0.45,-0.01
52423427.0,2984.0,0.0,-14.09,-4.61,2.84,0
52430443.0,7016.0,1.0,0.52,-0.72,0.46,-0.01
52433427.0,2984.0,0.0,-15.23,-4.02,3.28,0
52441443.0,8016.0,1.0,0.51,-0.71,0.48,-0.01
52444427.0,2984.0,0.0,-15.25,-2.33,3.63,0
52450443.0,6016.0,1.0,0.5,-0.71,0.5,-0.01
52453427.0,2984.0,0.0,-15.25,1.29,4.08,0
52460443.0,7016.0,1.0,0.49,-0.7,0.52,-0.02
52463427.0,2984.0,0.0,-15.14,6.85,1.99,0
52473443.0,10016.0,1.0,0.48,-0.69,0.54,-0.02
52476427.0,2984.0,0.0,-14.72,10.84,0.88,0
52483443.0,7016.0,1.0,0.47,-0.68,0.56,-0.02
52486427.0,2984.0,0.0,-14.6,16.62,-1.86,0
52491443.0,5016.0,1.0,0.47,-0.67,0.58,-0.02
52494427.0,2984.0,0.0,-14.56,18.36,-3.43,0
52500443.0,6016.0,1.0,0.47,-0.65,0.59,-0.01
52503427.0,2984.0,0.0,-12.79,12.46,-5.81,0
52510443.0,7016.0,1.0,0.47,-0.64,0.61,-0.01
52513427.0,2984.0,0.0,-11.37,0.03,-5.32,0
52521443.0,8016.0,1.0,0.46,-0.63,0.62,-0.01
52524427.0,2984.0,0.0,-7.56,-8.35,-6.32,0
52536443.0,12016.0,1.0,0.46,-0.62,0.64,-0.01
52541427.0,4984.0,0.0,0.34,25.27,-16.45,0
52544443.0,3016.0,1.0,0.47,-0.6,0.65,-0.01
52547427.0,2984.0,0.0,5.63,14.66,-17.37,0
52551443.0,4016.0,1.0,0.49,-0.59,0.65,0.0
52554427.0,2984.0,0.0,5.61,14.29,-17.7,0
52561443.0,7016.0,1.0,0.51,-0.57,0.65,0.01
52564427.0,2984.0,0.0,10.61,9.11,-17.24,0
52570443.0,6016.0,1.0,0.53,-0.55,0.64,0.02
52573427.0,2984.0,0.0,17.02,7.0,-13.65,0
52580443.0,7016.0,1.0,0.57,-0.53,0.63,0.02
52583427.0,2984.0,0.0,19.54,2.04,-12.35,0
52590443.0,7016.0,1.0,0.6,-0.52,0.61,0.02
52593427.0,2984.0,0.0,21.58,-3.99,-9.15,0
52601443.0,8016.0,1.0,0.63,-0.5,0.6,0.02
52604427.0,2984.0,0.0,23.47,-7.48,-6.22,0
52616443.0,12016.0,1.0,0.65,-0.48,0.58,0.01
52621427.0,4984.0,0.0,23.41,-6.47,-2.51,0
52624443.0,3016.0,1.0,0.68,-0.47,0.57,0.0
52627427.0,2984.0,0.0,21.94,-5.66,-2.98,0
52631443.0,4016.0,1.0,0.7,-0.45,0.55,-0.01
52634427.0,2984.0,0.0,22.08,-5.61,-3.63,0
52641443.0,7016.0,1.0,0.72,-0.44,0.54,-0.02
52644427.0,2984.0,0.0,16.89,-4.67,-4.13,0
52650443.0,6016.0,1.0,0.74,-0.43,0.52,-0.03
52653427.0,2984.0,0.0,13.71,-6.37,-4.33,0
52661443.0,8016.0,1.0,0.76,-0.42,0.5,-0.04
52664427.0,2984.0,0.0,10.86,-9.19,-3.54,0
52673443.0,9016.0,1.0,0.78,-0.41,0.48,-0.06
52676427.0,2984.0,0.0,9.06,-10.78,-2.93,0
52683443.0,7016.0,1.0,0.79,-0.4,0.46,-0.07
52686427.0,2984.0,0.0,5.92,-8.79,-3.19,0
52691443.0,5016.0,1.0,0.8,-0.39,0.44,-0.08
52694427.0,2984.0,0.0,4.18,-7.75,-2.02,0
52700443.0,6016.0,1.0,0.81,-0.39,0.43,-0.09
52703427.0,2984.0,0.0,3.14,-7.8,-1.58,0
52712443.0,9016.0,1.0,0.82,-0.38,0.41,-0.11
52715427.0,2984.0,0.0,2.5,-8.29,-1.2,0
52723443.0,8016.0,1.0,0.83,-0.38,0.4,-0.12
52726427.0,2984.0,0.0,2.59,-7.97,-0.79,0
52730443.0,4016.0,1.0,0.83,-0.37,0.39,-0.13
52733427.0,2984.0,0.0,3.29,-6.43,-0.89,0
52740443.0,7016.0,1.0,0.84,-0.37,0.37,-0.14
52743427.0,2984.0,0.0,4.66,-5.09,-0.39,0
52751443.0,8016.0,1.0,0.84,-0.37,0.36,-0.15
52754427.0,2984.0,0.0,5.68,-4.86,-0.53,0
52761443.0,7016.0,1.0,0.85,-0.37,0.35,-0.16
52764427.0,2984.0,0.0,7.35,-5.7,0.07,0
52771443.0,7016.0,1.0,0.85,-0.37,0.34,-0.17
52774427.0,2984.0,0.0,7.64,-5.9,0.09,0
52781443.0,7016.0,1.0,0.85,-0.36,0.33,-0.18
52784427.0,2984.0,0.0,7.46,-5.81,0.17,0
52790443.0,6016.0,1.0,0.86,-0.36,0.32,-0.18
52793427.0,2984.0,0.0,6.77,-5.45,0.28,0
52803443.0,10016.0,1.0,0.86,-0.36,0.31,-0.19
52806427.0,2984.0,0.0,5.09,-4.17,0.52,0
52810443.0,4016.0,1.0,0.86,-0.36,0.3,-0.2
52813427.0,2984.0,0.0,4.18,-3.75,0.76,0
52821443.0,8016.0,1.0,0.86,-0.36,0.3,-0.2
52824427.0,2984.0,0.0,3.54,-3.32,0.72,0
52831443.0,7016.0,1.0,0.86,-0.36,0.29,-0.21
52834427.0,2984.0,0.0,2.81,-2.91,0.27,0
52841443.0,7016.0,1.0,0.86,-0.36,0.29,-0.22
52844427.0,2984.0,0.0,2.52,-2.66,0.4,0
52851443.0,7016.0,1.0,0.86,-0.36,0.28,-0.22
52854427.0,2984.0,0.0,2.3,-2.75,0.38,0
52861443.0,7016.0,1.0,0.86,-0.36,0.27,-0.23
52864427.0,2984.0,0.0,2.2,-3.16,0.46,0
52870443.0,6016.0,1.0,0.86,-0.36,0.27,-0.23
52873427.0,2984.0,0.0,2.17,-3.09,0.65,0
52881443.0,8016.0,1.0,0.86,-0.37,0.26,-0.23
52884427.0,2984.0,0.0,2.14,-2.25,0.7,0
52891443.0,7016.0,1.0,0.86,-0.37,0.26,-0.24
52894427.0,2984.0,0.0,1.89,-1.5,0.57,0
52901443.0,7016.0,1.0,0.86,-0.37,0.26,-0.24
52904427.0,2984.0,0.0,1.41,-1.09,0.4,0
52910443.0,6016.0,1.0,0.86,-0.37,0.25,-0.24
52913427.0,2984.0,0.0,1.04,-1.0,0.01,0
52920443.0,7016.0,1.0,0.86,-0.37,0.25,-0.25
52923427.0,2984.0,0.0,0.91,-1.11,0.0,0
52933443.0,10016.0,1.0,0.86,-0.37,0.25,-0.25
52936427.0,2984.0,0.0,0.66,-0.72,0.09,0
52943443.0,7016.0,1.0,0.86,-0.37,0.25,-0.25
52946427.0,2984.0,0.0,0.52,-0.32,0.2,0
52950443.0,4016.0,1.0,0.86,-0.38,0.24,-0.26
52953427.0,2984.0,0.0,0.77,-0.48,0.21,0
52961443.0,8016.0,1.0,0.86,-0.38,0.24,-0.26
52964427.0,2984.0,0.0,1.17,-0.73,0.18,0
52971443.0,7016.0,1.0,0.85,-0.38,0.24,-0.26
52974427.0,2984.0,0.0,1.19,-0.67,0.2,0
52981443.0,7016.0,1.0,0.85,-0.38,0.24,-0.26
52984427.0,2984.0,0.0,1.74,-1.17,0.15,0
52991443.0,7016.0,1.0,0.85,-0.38,0.24,-0.26
52994427.0,2984.0,0.0,1.73,-0.6,-0.09,0
53001443.0,7016.0,1.0,0.85,-0.39,0.24,-0.26
53004427.0,2984.0,0.0,1.93,-0.69,-0.22,0
53011443.0,7016.0,1.0,0.85,-0.39,0.24,-0.26
53014427.0,2984.0,0.0,1.88,-0.78,-0.18,0
53021443.0,7016.0,1.0,0.85,-0.39,0.24,-0.26
53024427.0,2984.0,0.0,1.49,0.11,-0.27,0
53031443.0,7016.0,1.0,0.85,-0.39,0.24,-0.26
53034427.0,2984.0,0.0,1.36,0.43,-0.23,0
53041443.0,7016.0,1.0,0.85,-0.4,0.24,-0.27
53045427.0,3984.0,0.0,1.15,0.44,-0.27,0
53051443.0,6016.0,1.0,0.84,-0.4,0.24,-0.26
53054427.0,2984.0,0.0,0.86,-0.12,-0.46,0
53061443.0,7016.0,1.0,0.84,-0.4,0.24,-0.26
53064427.0,2984.0,0.0,0.58,-0.15,-0.31,0
53071443.0,7016.0,1.0,0.84,-0.4,0.24,-0.26
53074427.0,2984.0,0.0,0.64,-0.25,-0.23,0
53081443.0,7016.0,1.0,0.84,-0.4,0.24,-0.26
53084427.0,2984.0,0.0,0.74,-0.36,-0.03,0
53091443.0,7016.0,1.0,0.84,-0.41,0.24,-0.26
53094427.0,2984.0,0.0,0.88,-0.09,0.16,0
53100443.0,6016.0,1.0,0.84,-0.41,0.25,-0.26
53103427.0,2984.0,0.0,0.67,0.32,-0.37,0
53111443.0,8016.0,1.0,0.84,-0.41,0.25,-0.26
53114427.0,2984.0,0.0,0.42,0.73,-0.48,0
53121443.0,7016.0,1.0,0.84,-0.41,0.25,-0.26
53124427.0,2984.0,0.0,0.17,0.95,-0.83,0
53131443.0,7016.0,1.0,0.84,-0.41,0.25,-0.26
53134427.0,2984.0,0.0,-0.23,0.75,-0.89,0
53141443.0,7016.0,1.0,0.83,-0.41,0.25,-0.26
53144427.0,2984.0,0.0,-0.83,0.27,-0.09,0
53151443.0,7016.0,1.0,0.83,-0.42,0.25,-0.27
53154427.0,2984.0,0.0,-0.92,0.61,0.52,0
53161443.0,7016.0,1.0,0.83,-0.42,0.26,-0.27
53164427.0,2984.0,0.0,-0.61,0.36,0.68,0
53171443.0,7016.0,1.0,0.83,-0.42,0.26,-0.27
53174427.0,2984.0,0.0,-0.39,0.57,0.69,0
53181443.0,7016.0,1.0,0.83,-0.42,0.26,-0.27
53184427.0,2984.0,0.0,0.57,-0.13,0.42,0
53191443.0,7016.0,1.0,0.83,-0.42,0.26,-0.27
53194427.0,2984.0,0.0,1.13,0.21,0.31,0
53201443.0,7016.0,1.0,0.83,-0.42,0.26,-0.27
53204427.0,2984.0,0.0,1.61,-0.01,-0.16,0
53211443.0,7016.0,1.0,0.82,-0.43,0.26,-0.27
53214427.0,2984.0,0.0,1.94,-0.34,-0.61,0
53221443.0,7016.0,1.0,0.82,-0.43,0.26,-0.27
53224427.0,2984.0,0.0,2.11,-0.91,-1.05,0
53231443.0,7016.0,1.0,0.82,-0.43,0.26,-0.26
53234427.0,2984.0,0.0,2.17,-1.07,-1.56,0
53241443.0,7016.0,1.0,0.82,-0.43,0.26,-0.26
53244427.0,2984.0,0.0,2.03,-1.5,-1.71,0
53251443.0,7016.0,1.0,0.82,-0.44,0.26,-0.26
53254427.0,2984.0,0.0,1.28,-1.75,-1.96,0
53261443.0,7016.0,1.0,0.82,-0.44,0.26,-0.26
53264427.0,2984.0,0.0,1.0,-1.5,-2.11,0
53271443.0,7016.0,1.0,0.82,-0.44,0.26,-0.26
53274427.0,2984.0,0.0,0.63,-1.39,-2.03,0
53281443.0,7016.0,1.0,0.82,-0.44,0.26,-0.26
53284427.0,2984.0,0.0,0.3,-0.75,-1.49,0
53290443.0,6016.0,1.0,0.82,-0.44,0.26,-0.26
53293427.0,2984.0,0.0,0.16,-0.47,-0.72,0
53301443.0,8016.0,1.0,0.81,-0.44,0.26,-0.27
53304427.0,2984.0,0.0,0.26,-0.09,-0.56,0
53311443.0,7016.0,1.0,0.81,-0.45,0.26,-0.27
53314427.0,2984.0,0.0,0.13,0.34,-0.74,0
53321443.0,7016.0,1.0,0.81,-0.45,0.26,-0.27
53324427.0,2984.0,0.0,-0.16,0.47,-0.93,0
53336443.0,12016.0,1.0,0.81,-0.45,0.26,-0.27
53340427.0,3984.0,0.0,0.05,0.39,-1.66,0
53343443.0,3016.0,1.0,0.81,-0.45,0.26,-0.27
53346427.0,2984.0,0.0,0.07,0.43,-1.63,0
53351443.0,5016.0,1.0,0.81,-0.46,0.26,-0.27
53354427.0,2984.0,0.0,0.4,0.38,-1.37,0
53361443.0,7016.0,1.0,0.81,-0.46,0.25,-0.26
53364427.0,2984.0,0.0,0.42,0.2,-1.22,0
53371443.0,7016.0,1.0,0.81,-0.46,0.25,-0.26
53374427.0,2984.0,0.0,-0.51,-1.84,-1.0,0
53381443.0,7016.0,1.0,0.81,-0.47,0.25,-0.26
53384427.0,2984.0,0.0,-1.83,-1.58,-0.81,0
53391443.0,7016.0,1.0,0.81,-0.47,0.24,-0.26
53394427.0,2984.0,0.0,-3.18,-1.3,-0.65,0
53401443.0,7016.0,1.0,0.81,-0.48,0.24,-0.25
53404427.0,2984.0,0.0,-6.25,-1.52,-0.21,0
53411443.0,7016.0,1.0,0.8,-0.48,0.24,-0.25
53414427.0,2984.0,0.0,-7.13,-0.77,-0.07,0
53421443.0,7016.0,1.0,0.8,-0.48,0.24,-0.25
53425427.0,3984.0,0.0,-7.41,-1.97,1.3,0
53431443.0,6016.0,1.0,0.8,-0.49,0.24,-0.25
53434427.0,2984.0,0.0,-6.14,-3.06,2.72,0
53441443.0,7016.0,1.0,0.8,-0.49,0.24,-0.25
53444427.0,2984.0,0.0,-2.43,-3.45,3.03,0
53451443.0,7016.0,1.0,0.79,-0.5,0.24,-0.25
53454427.0,2984.0,0.0,-2.62,-2.19,2.26,0
53461443.0,7016.0,1.0,0.79,-0.5,0.25,-0.25
53464427.0,2984.0,0.0,-3.54,-1.07,1.34,0
53471443.0,7016.0,1.0,0.79,-0.51,0.25,-0.25
53474427.0,2984.0,0.0,-4.14,-0.84,0.59,0
53481443.0,7016.0,1.0,0.78,-0.51,0.26,-0.25
53484427.0,2984.0,0.0,-2.95,-2.1,-0.97,0
53491443.0,7016.0,1.0,0.78,-0.51,0.26,-0.25
53494427.0,2984.0,0.0,-1.33,-3.3,-2.55,0
53501443.0,7016.0,1.0,0.77,-0.52,0.27,-0.25
53504427.0,2984.0,0.0,0.27,-2.51,-4.69,0
53513443.0,9016.0,1.0,0.77,-0.52,0.28,-0.25
53516427.0,2984.0,0.0,1.69,-0.95,-6.36,0
53524443.0,8016.0,1.0,0.77,-0.52,0.28,-0.25
53527427.0,2984.0,0.0,1.11,3.06,-8.38,0
53531443.0,4016.0,1.0,0.76,-0.53,0.29,-0.25
53534427.0,2984.0,0.0,0.11,4.25,-7.45,0
53541443.0,7016.0,1.0,0.76,-0.53,0.29,-0.25
53544427.0,2984.0,0.0,-0.25,3.42,-6.36,0
53551443.0,7016.0,1.0,0.75,-0.53,0.3,-0.25
53554427.0,2984.0,0.0,-1.09,3.03,-4.13,0
53561443.0,7016.0,1.0,0.75,-0.54,0.3,-0.24
53564427.0,2984.0,0.0,-4.47,1.89,-1.34,0
53571443.0,7016.0,1.0,0.75,-0.54,0.3,-0.24
53574427.0,2984.0,0.0,-4.79,-0.53,-0.27,0
53581443.0,7016.0,1.0,0.74,-0.55,0.3,-0.24
53584427.0,2984.0,0.0,-4.58,-1.58,-0.43,0
53591443.0,7016.0,1.0,0.74,-0.55,0.3,-0.24
53594427.0,2984.0,0.0,-3.56,-1.65,-0.35,0
53601443.0,7016.0,1.0,0.74,-0.56,0.31,-0.23
53604427.0,2984.0,0.0,-3.27,-3.07,-1.3,0
53611443.0,7016.0,1.0,0.73,-0.56,0.31,-0.23
53614427.0,2984.0,0.0,-3.56,-1.18,-2.04,0
53621443.0,7016.0,1.0,0.73,-0.56,0.32,-0.23
53624427.0,2984.0,0.0,-3.51,-1.41,-3.0,0
53631443.0,7016.0,1.0,0.72,-0.56,0.33,-0.23
53634427.0,2984.0,0.0,-1.73,-2.0,-5.5,0
53641443.0,7016.0,1.0,0.72,-0.57,0.33,-0.23
53644427.0,2984.0,0.0,0.04,-0.97,-6.82,0
53654443.0,10016.0,1.0,0.71,-0.57,0.34,-0.23
53657427.0,2984.0,0.0,1.96,-0.74,-6.43,0
53664443.0,7016.0,1.0,0.71,-0.57,0.34,-0.23
53667427.0,2984.0,0.0,3.08,-0.17,-5.04,0
53671443.0,4016.0,1.0,0.71,-0.58,0.34,-0.22
53674427.0,2984.0,0.0,0.79,1.99,-2.84,0
53681443.0,7016.0,1.0,0.7,-0.58,0.35,-0.22
53684427.0,2984.0,0.0,-1.38,1.5,-2.18,0
53691443.0,7016.0,1.0,0.7,-0.58,0.35,-0.22
53694427.0,2984.0,0.0,-3.14,2.22,-2.0,0
53701443.0,7016.0,1.0,0.7,-0.59,0.35,-0.22
53704427.0,2984.0,0.0,-3.43,2.8,-2.11,0
53711443.0,7016.0,1.0,0.69,-0.59,0.35,-0.21
53714427.0,2984.0,0.0,-0.13,0.95,-2.77,0
53721443.0,7016.0,1.0,0.69,-0.6,0.35,-0.21
53724427.0,2984.0,0.0,0.88,2.48,-3.32,0
53731443.0,7016.0,1.0,0.69,-0.6,0.34,-0.21
53734427.0,2984.0,0.0,1.84,2.73,-3.54,0
53741443.0,7016.0,1.0,0.69,-0.61,0.34,-0.2
53744427.0,2984.0,0.0,2.0,0.93,-3.43,0
53751443.0,7016.0,1.0,0.68,-0.61,0.34,-0.2
53754427.0,2984.0,0.0,-1.9,2.08,-3.05,0
53761443.0,7016.0,1.0,0.68,-0.62,0.35,-0.2
53764427.0,2984.0,0.0,-4.09,2.12,-2.26,0
53771443.0,7016.0,1.0,0.68,-0.62,0.35,-0.2
53774427.0,2984.0,0.0,-5.04,2.12,-0.91,0
53781443.0,7016.0,1.0,0.67,-0.62,0.35,-0.19
53784427.0,2984.0,0.0,-4.43,1.43,-0.62,0
53791443.0,7016.0,1.0,0.67,-0.63,0.35,-0.19
53794427.0,2984.0,0.0,-2.68,0.5,-1.71,0
53801443.0,7016.0,1.0,0.67,-0.63,0.35,-0.19
53805427.0,3984.0,0.0,-1.18,1.37,-1.81,0
53811443.0,6016.0,1.0,0.67,-0.64,0.34,-0.18
53814427.0,2984.0,0.0,0.12,1.13,-0.98,0
53821443.0,7016.0,1.0,0.66,-0.64,0.34,-0.18
53824427.0,2984.0,0.0,1.57,0.85,-0.24,0
53834443.0,10016.0,1.0,0.66,-0.64,0.34,-0.18
53837427.0,2984.0,0.0,0.07,2.02,0.35,0
53841443.0,4016.0,1.0,0.66,-0.65,0.34,-0.17
53844427.0,2984.0,0.0,-1.75,1.97,0.76,0
53851443.0,7016.0,1.0,0.66,-0.65,0.34,-0.17
53854427.0,2984.0,0.0,-2.64,0.03,0.9,0
53861443.0,7016.0,1.0,0.65,-0.65,0.34,-0.16
53864427.0,2984.0,0.0,-2.96,-1.41,-0.91,0
53871443.0,7016.0,1.0,0.65,-0.66,0.35,-0.16
53874427.0,2984.0,0.0,-1.67,-2.99,-2.0,0
53881443.0,7016.0,1.0,0.65,-0.66,0.35,-0.16
53885427.0,3984.0,0.0,-0.69,-2.44,-2.86,0
53891443.0,6016.0,1.0,0.64,-0.67,0.35,-0.16
53894427.0,2984.0,0.0,0.71,-1.07,-2.27,0
53902443.0,8016.0,1.0,0.64,-0.67,0.35,-0.15
53905427.0,2984.0,0.0,4.64,0.3,-0.52,0
53911443.0,6016.0,1.0,0.64,-0.67,0.35,-0.15
53914427.0,2984.0,0.0,4.67,2.13,-0.11,0
53921443.0,7016.0,1.0,0.63,-0.68,0.35,-0.14
53924427.0,2984.0,0.0,3.89,1.16,-0.56,0
53931443.0,7016.0,1.0,0.63,-0.68,0.35,-0.14
53934427.0,2984.0,0.0,2.45,2.28,-1.15,0
53941443.0,7016.0,1.0,0.63,-0.68,0.35,-0.14
53944427.0,2984.0,0.0,0.93,-0.82,-0.88,0
53951443.0,7016.0,1.0,0.63,-0.69,0.35,-0.13
53954427.0,2984.0,0.0,-0.29,-2.04,0.46,0
53962443.0,8016.0,1.0,0.62,-0.69,0.35,-0.13
53965427.0,2984.0,0.0,0.06,-3.47,2.62,0
53971443.0,6016.0,1.0,0.62,-0.69,0.35,-0.12
53974427.0,2984.0,0.0,1.68,-5.28,5.7,0
53981443.0,7016.0,1.0,0.62,-0.69,0.35,-0.12
53984427.0,2984.0,0.0,1.6,-4.5,4.7,0
53994443.0,10016.0,1.0,0.61,-0.7,0.35,-0.12
53997427.0,2984.0,0.0,1.68,-4.17,2.93,0
54004443.0,7016.0,1.0,0.61,-0.7,0.36,-0.11
54007427.0,2984.0,0.0,0.9,-2.68,0.04,0
54011443.0,4016.0,1.0,0.61,-0.7,0.36,-0.11
54014427.0,2984.0,0.0,0.33,-2.51,-4.52,0
54021443.0,7016.0,1.0,0.6,-0.7,0.36,-0.11
54024427.0,2984.0,0.0,0.93,-1.79,-4.12,0
54031443.0,7016.0,1.0,0.6,-0.7,0.37,-0.1
54034427.0,2984.0,0.0,2.0,-0.22,-3.41,0
54042443.0,8016.0,1.0,0.6,-0.71,0.37,-0.1
54045427.0,2984.0,0.0,3.49,-1.6,-0.6,0
54051443.0,6016.0,1.0,0.59,-0.71,0.37,-0.1
54054427.0,2984.0,0.0,3.63,-2.59,1.98,0
54061443.0,7016.0,1.0,0.59,-0.71,0.37,-0.09
54064427.0,2984.0,0.0,3.09,-1.73,1.25,0
54071443.0,7016.0,1.0,0.58,-0.72,0.37,-0.09
54074427.0,2984.0,0.0,2.59,-1.77,0.66,0
54082443.0,8016.0,1.0,0.58,-0.72,0.37,-0.08
54085427.0,2984.0,0.0,2.3,-0.07,-0.74,0
54091443.0,6016.0,1.0,0.58,-0.72,0.38,-0.08
54094427.0,2984.0,0.0,3.95,2.8,-1.01,0
54101443.0,7016.0,1.0,0.57,-0.72,0.38,-0.08
54104427.0,2984.0,0.0,2.59,2.43,-0.59,0
54111443.0,7016.0,1.0,0.57,-0.72,0.38,-0.07
54114427.0,2984.0,0.0,-1.3,2.3,-0.89,0
54122443.0,8016.0,1.0,0.57,-0.73,0.38,-0.07
54125427.0,2984.0,0.0,-5.92,3.32,-0.2,0
54131443.0,6016.0,1.0,0.57,-0.73,0.38,-0.06
54134427.0,2984.0,0.0,-11.2,-2.63,0.68,0
54141443.0,7016.0,1.0,0.56,-0.73,0.39,-0.05
54144427.0,2984.0,0.0,-12.96,-2.7,1.08,0
54151443.0,7016.0,1.0,0.56,-0.73,0.39,-0.05
54154427.0,2984.0,0.0,-14.72,-3.05,0.69,0
54161443.0,7016.0,1.0,0.56,-0.73,0.4,-0.04
54164427.0,2984.0,0.0,-14.2,-3.25,1.03,0
54176443.0,12016.0,1.0,0.56,-0.72,0.41,-0.04
54180427.0,3984.0,0.0,-11.84,-2.81,4.33,0
54183443.0,3016.0,1.0,0.55,-0.72,0.42,-0.03
54186427.0,2984.0,0.0,-11.95,-2.95,4.41,0
54192443.0,6016.0,1.0,0.55,-0.72,0.43,-0.03
54195427.0,2984.0,0.0,-12.06,-4.8,6.71,0
54202443.0,7016.0,1.0,0.54,-0.71,0.44,-0.02
54205427.0,2984.0,0.0,-13.38,-7.83,4.84,0
54211443.0,6016.0,1.0,0.54,-0.71,0.46,-0.01
54214427.0,2984.0,0.0,-15.78,-7.66,5.09,0
54221443.0,7016.0,1.0,0.54,-0.7,0.47,-0.01
54224427.0,2984.0,0.0,-18.13,-4.73,3.8,0
54231443.0,7016.0,1.0,0.53,-0.69,0.49,-0.01
54234427.0,2984.0,0.0,-19.18,-1.54,2.61,0
54241443.0,7016.0,1.0,0.52,-0.68,0.51,-0.0
54244427.0,2984.0,0.0,-20.16,6.13,1.98,0
54256443.0,12016.0,1.0,0.52,-0.67,0.52,0.0
54260427.0,3984.0,0.0,-19.66,11.91,-0.05,0
54263443.0,3016.0,1.0,0.52,-0.66,0.54,0.01
54266427.0,2984.0,0.0,-18.64,10.59,-1.43,0
54271443.0,5016.0,1.0,0.52,-0.65,0.56,0.02
54274427.0,2984.0,0.0,-18.86,10.32,-1.43,0
54281443.0,7016.0,1.0,0.52,-0.64,0.57,0.03
54284427.0,2984.0,0.0,-15.31,4.18,-5.35,0
54291443.0,7016.0,1.0,0.51,-0.63,0.59,0.04
54294427.0,2984.0,0.0,-12.93,-14.44,-8.14,0
54301443.0,7016.0,1.0,0.49,-0.61,0.62,0.02
54304427.0,2984.0,0.0,-13.9,-4.2,-3.25,0
54313443.0,9016.0,1.0,0.47,-0.6,0.65,0.01
54316427.0,2984.0,0.0,-10.56,26.46,-4.96,0
54324443.0,8016.0,1.0,0.46,-0.59,0.66,0.0
54327427.0,2984.0,0.0,-6.48,31.98,-18.21,0
54331443.0,4016.0,1.0,0.47,-0.57,0.67,0.01
54334427.0,2984.0,0.0,-1.46,26.37,-18.09,0
54341443.0,7016.0,1.0,0.49,-0.56,0.67,0.02
54344427.0,2984.0,0.0,7.1,15.42,-19.48,0
54351443.0,7016.0,1.0,0.52,-0.54,0.66,0.03
54354427.0,2984.0,0.0,15.06,10.13,-20.54,0
54361443.0,7016.0,1.0,0.55,-0.52,0.65,0.04
54364427.0,2984.0,0.0,18.96,-2.28,-12.07,0
54374443.0,10016.0,1.0,0.58,-0.51,0.63,0.04
54377427.0,2984.0,0.0,21.1,-11.5,-8.87,0
54384443.0,7016.0,1.0,0.61,-0.49,0.62,0.04
54387427.0,2984.0,0.0,23.33,-13.74,-4.32,0
54392443.0,5016.0,1.0,0.64,-0.48,0.6,0.04
54395427.0,2984.0,0.0,25.38,-10.21,-0.78,0
54401443.0,6016.0,1.0,0.66,-0.46,0.59,0.03
54404427.0,2984.0,0.0,25.91,-6.32,1.3,0
54416443.0,12016.0,1.0,0.69,-0.45,0.57,0.02
54419427.0,2984.0,0.0,24.99,-7.04,0.65,0
54423443.0,4016.0,1.0,0.71,-0.43,0.56,0.01
54426427.0,2984.0,0.0,23.25,-6.64,0.01,0
54431443.0,5016.0,1.0,0.72,-0.42,0.55,-0.0
54434427.0,2984.0,0.0,21.75,-5.84,-0.1,0
54441443.0,7016.0,1.0,0.74,-0.41,0.53,-0.02
54444427.0,2984.0,0.0,20.0,-6.52,-1.58,0
54454443.0,10016.0,1.0,0.76,-0.4,0.51,-0.03
54457427.0,2984.0,0.0,17.19,-6.51,-2.05,0
54464443.0,7016.0,1.0,0.77,-0.39,0.5,-0.04
54467427.0,2984.0,0.0,11.61,-6.13,-1.96,0
54472443.0,5016.0,1.0,0.78,-0.38,0.48,-0.06
54475427.0,2984.0,0.0,9.09,-5.78,-2.53,0
54481443.0,6016.0,1.0,0.8,-0.38,0.47,-0.07
54484427.0,2984.0,0.0,6.68,-5.64,-3.04,0
54494443.0,10016.0,1.0,0.81,-0.37,0.45,-0.08
54497427.0,2984.0,0.0,4.07,-5.57,-2.86,0
54504443.0,7016.0,1.0,0.82,-0.37,0.44,-0.09
54507427.0,2984.0,0.0,0.95,-6.45,-2.49,0
54511443.0,4016.0,1.0,0.82,-0.36,0.42,-0.1
54514427.0,2984.0,0.0,1.24,-6.14,-2.45,0
54521443.0,7016.0,1.0,0.83,-0.36,0.41,-0.11
54524427.0,2984.0,0.0,1.71,-6.44,-2.02,0
54531443.0,7016.0,1.0,0.84,-0.36,0.4,-0.12
54534427.0,2984.0,0.0,2.41,-6.9,-1.73,0
54542443.0,8016.0,1.0,0.84,-0.36,0.38,-0.13
54545427.0,2984.0,0.0,3.21,-7.18,-1.6,0
54551443.0,6016.0,1.0,0.85,-0.36,0.37,-0.14
54554427.0,2984.0,0.0,4.7,-6.66,0.02,0
54562443.0,8016.0,1.0,0.85,-0.35,0.36,-0.15
54565427.0,2984.0,0.0,5.07,-5.71,0.32,0
54572443.0,7016.0,1.0,0.85,-0.35,0.35,-0.16
54575427.0,2984.0,0.0,5.56,-5.11,0.41,0
54582443.0,7016.0,1.0,0.85,-0.35,0.35,-0.17
54585427.0,2984.0,0.0,5.96,-4.54,0.79,0
54597443.0,12016.0,1.0,0.85,-0.35,0.34,-0.18
54602427.0,4984.0,0.0,5.77,-4.26,1.3,0
54605443.0,3016.0,1.0,0.86,-0.35,0.33,-0.18
54608427.0,2984.0,0.0,5.51,-4.09,0.93,0
54612443.0,4016.0,1.0,0.86,-0.35,0.32,-0.19
54615427.0,2984.0,0.0,5.54,-3.92,0.82,0
54621443.0,6016.0,1.0,0.86,-0.35,0.32,-0.19
54624427.0,2984.0,0.0,4.71,-3.54,0.64,0
54632443.0,8016.0,1.0,0.86,-0.35,0.31,-0.2
54635427.0,2984.0,0.0,4.46,-3.73,0.53,0
54642443.0,7016.0,1.0,0.86,-0.35,0.3,-0.21
54645427.0,2984.0,0.0,4.06,-3.85,0.47,0
54652443.0,7016.0,1.0,0.86,-0.36,0.3,-0.21
54655427.0,2984.0,0.0,3.39,-3.8,0.15,0
54661443.0,6016.0,1.0,0.86,-0.36,0.29,-0.22
54664427.0,2984.0,0.0,2.23,-3.46,-0.77,0
54672443.0,8016.0,1.0,0.86,-0.36,0.29,-0.22
54675427.0,2984.0,0.0,1.79,-2.91,-0.84,0
54682443.0,7016.0,1.0,0.86,-0.36,0.28,-0.23
54685427.0,2984.0,0.0,1.38,-1.93,-1.02,0
54692443.0,7016.0,1.0,0.86,-0.36,0.28,-0.23
54695427.0,2984.0,0.0,1.29,-0.98,-0.53,0
54702443.0,7016.0,1.0,0.86,-0.36,0.28,-0.23
54705427.0,2984.0,0.0,1.3,-1.06,0.37,0
54712443.0,7016.0,1.0,0.86,-0.37,0.27,-0.24
54715427.0,2984.0,0.0,1.01,-1.83,0.57,0
54722443.0,7016.0,1.0,0.86,-0.37,0.27,-0.24
54725427.0,2984.0,0.0,0.61,-2.37,0.79,0
54731443.0,6016.0,1.0,0.86,-0.37,0.26,-0.24
54734427.0,2984.0,0.0,0.21,-2.47,0.67,0
54744443.0,10016.0,1.0,0.86,-0.37,0.26,-0.24
54747427.0,2984.0,0.0,-0.23,-1.38,-0.02,0
54751443.0,4016.0,1.0,0.86,-0.37,0.26,-0.25
54754427.0,2984.0,0.0,0.02,-0.5,-0.4,0
54762443.0,8016.0,1.0,0.86,-0.38,0.25,-0.25
54765427.0,2984.0,0.0,0.31,0.26,-0.16,0
54772443.0,7016.0,1.0,0.85,-0.38,0.25,-0.25
54775427.0,2984.0,0.0,0.98,-0.04,-0.05,0
54782443.0,7016.0,1.0,0.85,-0.38,0.25,-0.25
54785427.0,2984.0,0.0,1.27,-0.83,-0.01,0
54792443.0,7016.0,1.0,0.85,-0.38,0.24,-0.25
54795427.0,2984.0,0.0,1.36,-1.52,-0.12,0
54802443.0,7016.0,1.0,0.85,-0.39,0.24,-0.26
54805427.0,2984.0,0.0,1.41,-1.48,-0.3,0
54812443.0,7016.0,1.0,0.85,-0.39,0.24,-0.26
54815427.0,2984.0,0.0,1.13,-0.53,-0.52,0
54822443.0,7016.0,1.0,0.85,-0.39,0.24,-0.26
54825427.0,2984.0,0.0,0.69,-0.43,-0.51,0
54832443.0,7016.0,1.0,0.85,-0.39,0.23,-0.26
54835427.0,2984.0,0.0,0.33,-0.41,-0.34,0
54842443.0,7016.0,1.0,0.85,-0.39,0.23,-0.26
54845427.0,2984.0,0.0,-0.0,-0.12,-0.29,0
54851443.0,6016.0,1.0,0.85,-0.4,0.23,-0.26
54854427.0,2984.0,0.0,-0.1,-0.02,-0.04,0
54862443.0,8016.0,1.0,0.85,-0.4,0.23,-0.26
54865427.0,2984.0,0.0,-0.13,-0.11,0.21,0
54872443.0,7016.0,1.0,0.85,-0.4,0.23,-0.26
54875427.0,2984.0,0.0,-0.14,-0.44,0.23,0
54882443.0,7016.0,1.0,0.85,-0.4,0.22,-0.26
54885427.0,2984.0,0.0,-0.23,-0.63,0.4,0
54892443.0,7016.0,1.0,0.85,-0.41,0.22,-0.26
54895427.0,2984.0,0.0,-0.18,-1.01,0.17,0
54902443.0,7016.0,1.0,0.85,-0.41,0.22,-0.26
54906427.0,3984.0,0.0,-0.34,-1.02,0.13,0
54912443.0,6016.0,1.0,0.84,-0.41,0.22,-0.26
54915427.0,2984.0,0.0,-0.37,-0.88,0.04,0
54922443.0,7016.0,1.0,0.84,-0.41,0.22,-0.26
54925427.0,2984.0,0.0,-0.23,-1.14,0.15,0
54932443.0,7016.0,1.0,0.84,-0.42,0.22,-0.26
54935427.0,2984.0,0.0,-0.05,-0.71,-0.04,0
54942443.0,7016.0,1.0,0.84,-0.42,0.22,-0.26
54946427.0,3984.0,0.0,0.09,-0.05,-0.25,0
54952443.0,6016.0,1.0,0.84,-0.42,0.22,-0.26
54955427.0,2984.0,0.0,0.22,0.37,-0.37,0
54962443.0,7016.0,1.0,0.84,-0.42,0.23,-0.26
54965427.0,2984.0,0.0,0.4,0.42,-0.67,0
54972443.0,7016.0,1.0,0.84,-0.42,0.23,-0.26
54975427.0,2984.0,0.0,0.15,0.96,-0.98,0
54982443.0,7016.0,1.0,0.84,-0.43,0.23,-0.26
54986427.0,3984.0,0.0,-0.25,1.29,-1.25,0
54992443.0,6016.0,1.0,0.83,-0.43,0.23,-0.26
54995427.0,2984.0,0.0,-0.61,0.88,-1.29,0
55002443.0,7016.0,1.0,0.83,-0.43,0.22,-0.26
55005427.0,2984.0,0.0,-1.05,0.4,-0.96,0
55012443.0,7016.0,1.0,0.83,-0.43,0.22,-0.26
55015427.0,2984.0,0.0,-1.15,-0.04,-0.62,0
55022443.0,7016.0,1.0,0.83,-0.43,0.22,-0.26
55026427.0,3984.0,0.0,-1.02,0.25,-0.39,0
55033443.0,7016.0,1.0,0.83,-0.44,0.22,-0.26
55036427.0,2984.0,0.0,-0.66,0.18,-0.26,0
55046443.0,10016.0,1.0,0.83,-0.44,0.23,-0.26
55049427.0,2984.0,0.0,0.31,-0.28,0.54,0
55053443.0,4016.0,1.0,0.83,-0.44,0.23,-0.26
55056427.0,2984.0,0.0,0.56,-0.38,0.73,0
55062443.0,6016.0,1.0,0.83,-0.44,0.23,-0.26
55065427.0,2984.0,0.0,0.62,-0.3,0.54,0
55072443.0,7016.0,1.0,0.83,-0.44,0.23,-0.26
55075427.0,2984.0,0.0,0.41,-0.25,0.45,0
55082443.0,7016.0,1.0,0.83,-0.44,0.23,-0.26
55085427.0,2984.0,0.0,0.77,-0.73,-0.13,0
55092443.0,7016.0,1.0,0.82,-0.45,0.23,-0.26
55095427.0,2984.0,0.0,0.56,-0.66,-0.1,0
55102443.0,7016.0,1.0,0.82,-0.45,0.23,-0.26
55105427.0,2984.0,0.0,0.84,-0.65,-0.22,0
55112443.0,7016.0,1.0,0.82,-0.45,0.23,-0.26
55115427.0,2984.0,0.0,1.39,-0.9,-0.37,0
55122443.0,7016.0,1.0,0.82,-0.45,0.23,-0.26
55125427.0,2984.0,0.0,2.18,-1.38,-0.22,0
55132443.0,7016.0,1.0,0.82,-0.45,0.23,-0.26
55135427.0,2984.0,0.0,2.66,-1.21,-0.46,0
55142443.0,7016.0,1.0,0.82,-0.46,0.23,-0.26
55145427.0,2984.0,0.0,2.91,-1.03,-0.73,0
55152443.0,7016.0,1.0,0.82,-0.46,0.23,-0.26
55155427.0,2984.0,0.0,2.46,-0.83,-0.56,0
55162443.0,7016.0,1.0,0.82,-0.46,0.23,-0.26
55165427.0,2984.0,0.0,2.25,-0.76,-0.22,0
55172443.0,7016.0,1.0,0.82,-0.46,0.23,-0.26
55175427.0,2984.0,0.0,2.12,-0.48,0.06,0
55182443.0,7016.0,1.0,0.81,-0.46,0.23,-0.26
55185427.0,2984.0,0.0,1.98,-0.71,-0.16,0
55192443.0,7016.0,1.0,0.81,-0.47,0.23,-0.26
55195427.0,2984.0,0.0,1.7,-0.63,-1.3,0
55202443.0,7016.0,1.0,0.81,-0.47,0.23,-0.26
55205427.0,2984.0,0.0,1.11,0.09,-2.35,0
55212443.0,7016.0,1.0,0.81,-0.47,0.23,-0.26
55215427.0,2984.0,0.0,0.25,0.41,-3.06,0
55222443.0,7016.0,1.0,0.81,-0.47,0.23,-0.26
55225427.0,2984.0,0.0,-0.45,0.6,-3.43,0
55231443.0,6016.0,1.0,0.81,-0.48,0.23,-0.26
55234427.0,2984.0,0.0,-1.57,1.45,-2.48,0
55242443.0,8016.0,1.0,0.8,-0.48,0.23,-0.26
55245427.0,2984.0,0.0,-1.86,0.51,-1.66,0
55252443.0,7016.0,1.0,0.8,-0.48,0.23,-0.26
55255427.0,2984.0,0.0,-1.51,-2.0,-0.32,0
55262443.0,7016.0,1.0,0.8,-0.49,0.23,-0.26
55265427.0,2984.0,0.0,-0.71,-4.13,0.94,0
55272443.0,7016.0,1.0,0.8,-0.49,0.24,-0.25
55275427.0,2984.0,0.0,-0.14,-4.32,1.26,0
55282443.0,7016.0,1.0,0.8,-0.5,0.24,-0.25
55285427.0,2984.0,0.0,-0.53,-3.66,0.71,0
55292443.0,7016.0,1.0,0.79,-0.5,0.24,-0.25
55295427.0,2984.0,0.0,-1.52,-2.43,0.03,0
55302443.0,7016.0,1.0,0.79,-0.51,0.25,-0.25
55305427.0,2984.0,0.0,-3.24,-2.47,-0.93,0
55312443.0,7016.0,1.0,0.79,-0.51,0.25,-0.25
55315427.0,2984.0,0.0,-5.54,-2.26,-2.61,0
55322443.0,7016.0,1.0,0.78,-0.51,0.26,-0.24
55326427.0,3984.0,0.0,-5.5,-1.29,-4.02,0
55335443.0,9016.0,1.0,0.78,-0.52,0.26,-0.24
55338427.0,2984.0,0.0,-4.36,-1.66,-4.59,0
55345443.0,7016.0,1.0,0.77,-0.52,0.27,-0.24
55349427.0,3984.0,0.0,-1.69,-0.23,-5.45,0
55353443.0,4016.0,1.0,0.77,-0.52,0.27,-0.24
55356427.0,2984.0,0.0,-2.49,2.21,-5.89,0
55362443.0,6016.0,1.0,0.77,-0.53,0.28,-0.24
55365427.0,2984.0,0.0,-3.46,2.94,-5.64,0
55372443.0,7016.0,1.0,0.76,-0.53,0.28,-0.24
55375427.0,2984.0,0.0,-3.27,4.08,-4.87,0
55382443.0,7016.0,1.0,0.76,-0.54,0.28,-0.24
55385427.0,2984.0,0.0,-3.82,3.59,-2.12,0
55392443.0,7016.0,1.0,0.76,-0.54,0.28,-0.24
55395427.0,2984.0,0.0,-3.75,3.13,-1.62,0
55402443.0,7016.0,1.0,0.75,-0.55,0.28,-0.23
55405427.0,2984.0,0.0,-3.4,2.64,-0.52,0
55412443.0,7016.0,1.0,0.75,-0.55,0.28,-0.23
55415427.0,2984.0,0.0,-3.32,3.34,-0.76,0
55422443.0,7016.0,1.0,0.75,-0.56,0.28,-0.23
55425427.0,2984.0,0.0,-4.17,4.44,-1.66,0
55432443.0,7016.0,1.0,0.74,-0.56,0.28,-0.23
55435427.0,2984.0,0.0,-4.37,6.42,-1.34,0
55442443.0,7016.0,1.0,0.74,-0.57,0.28,-0.23
55445427.0,2984.0,0.0,-3.89,5.32,-1.42,0
55452443.0,7016.0,1.0,0.74,-0.57,0.28,-0.22
55455427.0,2984.0,0.0,-2.91,2.81,-1.61,0
55462443.0,7016.0,1.0,0.73,-0.58,0.28,-0.22
55465427.0,2984.0,0.0,-2.08,1.98,-1.67,0
55477443.0,12016.0,1.0,0.73,-0.58,0.29,-0.22
55481427.0,3984.0,0.0,-1.76,-2.87,-2.28,0
55484443.0,3016.0,1.0,0.72,-0.58,0.29,-0.22
55487427.0,2984.0,0.0,-1.44,-4.15,-2.48,0
55492443.0,5016.0,1.0,0.72,-0.59,0.3,-0.22
55495427.0,2984.0,0.0,-1.41,-4.19,-2.34,0
55502443.0,7016.0,1.0,0.71,-0.59,0.3,-0.22
55505427.0,2984.0,0.0,-0.14,-3.79,-4.7,0
55512443.0,7016.0,1.0,0.71,-0.59,0.31,-0.22
55515427.0,2984.0,0.0,-0.4,-2.89,-5.18,0
55522443.0,7016.0,1.0,0.71,-0.6,0.31,-0.21
55525427.0,2984.0,0.0,-1.24,-2.06,-5.42,0
55532443.0,7016.0,1.0,0.7,-0.6,0.32,-0.21
55535427.0,2984.0,0.0,-1.08,2.46,-7.29,0
55542443.0,7016.0,1.0,0.7,-0.6,0.32,-0.21
55545427.0,2984.0,0.0,-0.43,3.39,-6.24,0
55552443.0,7016.0,1.0,0.69,-0.61,0.32,-0.21
55555427.0,2984.0,0.0,1.34,2.91,-4.11,0
55563443.0,8016.0,1.0,0.69,-0.61,0.32,-0.21
55566427.0,2984.0,0.0,3.76,2.7,-2.43,0
55572443.0,6016.0,1.0,0.69,-0.62,0.32,-0.2
55575427.0,2984.0,0.0,3.31,4.86,-0.5,0
55582443.0,7016.0,1.0,0.69,-0.62,0.32,-0.2
55585427.0,2984.0,0.0,0.94,5.01,-0.85,0
55592443.0,7016.0,1.0,0.68,-0.63,0.31,-0.19
55595427.0,2984.0,0.0,-1.5,3.79,-1.68,0
55602443.0,7016.0,1.0,0.68,-0.63,0.31,-0.19
55605427.0,2984.0,0.0,-4.52,3.63,-2.36,0
55617443.0,12016.0,1.0,0.68,-0.64,0.3,-0.19
55621427.0,3984.0,0.0,-5.73,-2.56,-0.94,0
55624443.0,3016.0,1.0,0.68,-0.64,0.3,-0.18
55627427.0,2984.0,0.0,-5.73,-2.55,-0.86,0
55632443.0,5016.0,1.0,0.68,-0.65,0.3,-0.18
55635427.0,2984.0,0.0,-5.72,-2.38,-0.68,0
55643443.0,8016.0,1.0,0.67,-0.65,0.29,-0.17
55646427.0,2984.0,0.0,-4.11,-4.2,-0.78,0
55652443.0,6016.0,1.0,0.67,-0.66,0.3,-0.17
55655427.0,2984.0,0.0,0.97,-1.95,1.04,0
55662443.0,7016.0,1.0,0.67,-0.66,0.3,-0.17
55665427.0,2984.0,0.0,2.84,0.2,0.0,0
55672443.0,7016.0,1.0,0.67,-0.66,0.3,-0.16
55675427.0,2984.0,0.0,2.79,0.83,-0.27,0
55683443.0,8016.0,1.0,0.66,-0.67,0.3,-0.16
55686427.0,2984.0,0.0,1.59,-0.03,-0.73,0
55692443.0,6016.0,1.0,0.66,-0.67,0.3,-0.15
55695427.0,2984.0,0.0,-2.41,-2.39,-0.74,0
55702443.0,7016.0,1.0,0.66,-0.67,0.31,-0.15
55705427.0,2984.0,0.0,-3.7,-5.24,-0.48,0
55712443.0,7016.0,1.0,0.65,-0.68,0.31,-0.14
55715427.0,2984.0,0.0,-3.61,-5.27,-1.23,0
55722443.0,7016.0,1.0,0.65,-0.68,0.31,-0.14
55725427.0,2984.0,0.0,-0.57,-5.12,-0.37,0
55732443.0,7016.0,1.0,0.65,-0.68,0.31,-0.13
55735427.0,2984.0,0.0,2.98,-2.77,-1.57,0
55742443.0,7016.0,1.0,0.65,-0.68,0.31,-0.13
55746427.0,3984.0,0.0,4.25,-2.12,-0.32,0
55752443.0,6016.0,1.0,0.64,-0.69,0.31,-0.13
55755427.0,2984.0,0.0,3.89,0.59,0.08,0
55762443.0,7016.0,1.0,0.64,-0.69,0.32,-0.12
55765427.0,2984.0,0.0,-0.24,-2.68,0.02,0
55777443.0,12016.0,1.0,0.64,-0.69,0.32,-0.12
55781427.0,3984.0,0.0,-2.26,-4.99,-0.8,0
55784443.0,3016.0,1.0,0.63,-0.7,0.32,-0.11
55787427.0,2984.0,0.0,-2.3,-5.05,-0.7,0
55792443.0,5016.0,1.0,0.63,-0.7,0.32,-0.11
55795427.0,2984.0,0.0,-2.21,-3.58,-0.99,0
55802443.0,7016.0,1.0,0.63,-0.7,0.32,-0.1
55805427.0,2984.0,0.0,-0.52,-3.36,-3.58,0
55812443.0,7016.0,1.0,0.62,-0.7,0.32,-0.1
55815427.0,2984.0,0.0,0.9,-0.83,-1.77,0
55822443.0,7016.0,1.0,0.62,-0.71,0.32,-0.1
55826427.0,3984.0,0.0,3.21,0.55,1.12,0
55832443.0,6016.0,1.0,0.62,-0.71,0.33,-0.09
55835427.0,2984.0,0.0,4.43,0.0,2.27,0
55843443.0,8016.0,1.0,0.61,-0.71,0.33,-0.09
55846427.0,2984.0,0.0,3.13,-0.24,3.4,0
55852443.0,6016.0,1.0,0.61,-0.71,0.33,-0.08
55855427.0,2984.0,0.0,2.16,-1.6,2.16,0
55862443.0,7016.0,1.0,0.61,-0.72,0.34,-0.08
55865427.0,2984.0,0.0,0.66,-1.32,0.16,0
55872443.0,7016.0,1.0,0.6,-0.72,0.34,-0.08
55875427.0,2984.0,0.0,0.3,-4.91,-2.92,0
55882443.0,7016.0,1.0,0.6,-0.72,0.35,-0.07
55885427.0,2984.0,0.0,0.85,-1.84,-5.39,0
55892443.0,7016.0,1.0,0.59,-0.72,0.35,-0.07
55895427.0,2984.0,0.0,2.25,0.64,-3.64,0
55903443.0,8016.0,1.0,0.59,-0.72,0.36,-0.07
55906427.0,2984.0,0.0,2.38,3.05,-0.9,0
55912443.0,6016.0,1.0,0.59,-0.72,0.36,-0.06
55915427.0,2984.0,0.0,0.22,5.34,0.89,0
55922443.0,7016.0,1.0,0.59,-0.72,0.36,-0.05
55925427.0,2984.0,0.0,-1.57,5.87,2.39,0
55937443.0,12016.0,1.0,0.59,-0.72,0.36,-0.04
55941427.0,3984.0,0.0,-2.55,-7.08,2.7,0
55944443.0,3016.0,1.0,0.59,-0.72,0.36,-0.03
55947427.0,2984.0,0.0,-1.78,-10.02,2.31,0
55952443.0,5016.0,1.0,0.59,-0.72,0.36,-0.01
55955427.0,2984.0,0.0,-3.17,-7.81,2.02,0
55962443.0,7016.0,1.0,0.59,-0.72,0.37,-0.01
55965427.0,2984.0,0.0,-5.79,-9.3,3.09,0
55972443.0,7016.0,1.0,0.58,-0.72,0.38,0.0
55975427.0,2984.0,0.0,-9.67,-12.28,2.35,0
55983443.0,8016.0,1.0,0.58,-0.71,0.4,0.0
55986427.0,2984.0,0.0,-15.38,-9.73,1.92,0
55992443.0,6016.0,1.0,0.57,-0.71,0.42,0.0
55995427.0,2984.0,0.0,-23.34,-3.32,2.09,0
56002443.0,7016.0,1.0,0.56,-0.7,0.44,0.0
56005427.0,2984.0,0.0,-24.52,-1.35,1.91,0
56014443.0,9016.0,1.0,0.55,-0.69,0.47,-0.0
56017427.0,2984.0,0.0,-24.91,-0.43,2.38,0
56024443.0,7016.0,1.0,0.54,-0.68,0.49,-0.01
56027427.0,2984.0,0.0,-25.1,2.34,3.05,0
56032443.0,5016.0,1.0,0.53,-0.67,0.51,-0.01
56035427.0,2984.0,0.0,-25.86,8.62,2.14,0
56042443.0,7016.0,1.0,0.52,-0.66,0.54,-0.01
56045427.0,2984.0,0.0,-24.32,11.6,-0.19,0
56055443.0,10016.0,1.0,0.51,-0.65,0.56,-0.01
56058427.0,2984.0,0.0,-22.82,15.73,-2.26,0
56065443.0,7016.0,1.0,0.51,-0.64,0.57,0.0
56068427.0,2984.0,0.0,-18.75,16.89,-6.09,0
56072443.0,4016.0,1.0,0.51,-0.63,0.59,0.01
56075427.0,2984.0,0.0,-17.14,12.6,-6.44,0
56082443.0,7016.0,1.0,0.51,-0.62,0.6,0.02
56085427.0,2984.0,0.0,-14.73,1.68,-7.26,0
56092443.0,7016.0,1.0,0.5,-0.6,0.62,0.01
56095427.0,2984.0,0.0,-11.09,-13.72,-11.3,0
56103443.0,8016.0,1.0,0.48,-0.59,0.65,0.0
56106427.0,2984.0,0.0,-4.87,31.59,-11.2,0
56112443.0,6016.0,1.0,0.47,-0.57,0.67,-0.01
56115427.0,2984.0,0.0,-1.04,36.6,-22.7,0
56122443.0,7016.0,1.0,0.47,-0.56,0.68,-0.0
56125427.0,2984.0,0.0,-0.78,29.2,-15.22,0
56134443.0,9016.0,1.0,0.5,-0.54,0.68,0.01
56137427.0,2984.0,0.0,5.44,19.23,-18.06,0
56144443.0,7016.0,1.0,0.53,-0.52,0.67,0.03
56147427.0,2984.0,0.0,20.51,1.79,-16.25,0
56152443.0,5016.0,1.0,0.56,-0.5,0.65,0.04
56155427.0,2984.0,0.0,23.84,-3.23,-13.32,0
56162443.0,7016.0,1.0,0.59,-0.49,0.64,0.05
56165427.0,2984.0,0.0,24.17,-9.76,-9.11,0
56173443.0,8016.0,1.0,0.62,-0.47,0.63,0.05
56176427.0,2984.0,0.0,24.64,-12.68,-5.84,0
56182443.0,6016.0,1.0,0.65,-0.45,0.62,0.04
56185427.0,2984.0,0.0,26.12,-8.02,0.09,0
56197443.0,12016.0,1.0,0.67,-0.43,0.6,0.04
56200427.0,2984.0,0.0,25.7,-6.97,1.19,0
56204443.0,4016.0,1.0,0.69,-0.42,0.59,0.03
56207427.0,2984.0,0.0,24.4,-7.1,1.7,0
56213443.0,6016.0,1.0,0.71,-0.4,0.57,0.02
56216427.0,2984.0,0.0,23.23,-8.56,0.32,0
56222443.0,6016.0,1.0,0.73,-0.39,0.56,0.01
56225427.0,2984.0,0.0,20.86,-8.33,-1.89,0
56237443.0,12016.0,1.0,0.75,-0.37,0.54,-0.01
56241427.0,3984.0,0.0,17.34,-7.95,-4.57,0
56244443.0,3016.0,1.0,0.77,-0.36,0.53,-0.02
56247427.0,2984.0,0.0,14.82,-7.32,-4.86,0
56253443.0,6016.0,1.0,0.78,-0.35,0.51,-0.03
56256427.0,2984.0,0.0,14.91,-7.13,-5.37,0
56263443.0,7016.0,1.0,0.8,-0.35,0.49,-0.05
56266427.0,2984.0,0.0,9.41,-6.8,-5.67,0
56276443.0,10016.0,1.0,0.81,-0.34,0.47,-0.06
56279427.0,2984.0,0.0,6.13,-6.86,-4.75,0
56286443.0,7016.0,1.0,0.82,-0.34,0.45,-0.07
56289427.0,2984.0,0.0,1.59,-7.84,-1.65,0
56294443.0,5016.0,1.0,0.83,-0.33,0.43,-0.08
56297427.0,2984.0,0.0,0.89,-8.34,-0.55,0
56303443.0,6016.0,1.0,0.84,-0.33,0.42,-0.1
56306427.0,2984.0,0.0,0.77,-7.56,-0.21,0
56316443.0,10016.0,1.0,0.85,-0.33,0.4,-0.11
56319427.0,2984.0,0.0,1.25,-6.89,0.12,0
56326443.0,7016.0,1.0,0.86,-0.33,0.39,-0.12
56329427.0,2984.0,0.0,2.97,-8.89,0.07,0
56333443.0,4016.0,1.0,0.86,-0.32,0.37,-0.13
56336427.0,2984.0,0.0,4.25,-9.16,0.04,0
56343443.0,7016.0,1.0,0.86,-0.32,0.36,-0.14
56346427.0,2984.0,0.0,5.56,-8.79,-0.17,0
56352443.0,6016.0,1.0,0.87,-0.32,0.35,-0.15
56355427.0,2984.0,0.0,6.57,-8.27,-0.2,0
56363443.0,8016.0,1.0,0.87,-0.32,0.34,-0.16
56366427.0,2984.0,0.0,7.23,-6.94,0.39,0
56372443.0,6016.0,1.0,0.87,-0.32,0.34,-0.17
56375427.0,2984.0,0.0,8.08,-4.48,0.39,0
56383443.0,8016.0,1.0,0.87,-0.33,0.33,-0.18
56386427.0,2984.0,0.0,8.19,-3.8,0.16,0
56393443.0,7016.0,1.0,0.87,-0.33,0.32,-0.18
56396427.0,2984.0,0.0,7.96,-3.6,0.16,0
56403443.0,7016.0,1.0,0.87,-0.33,0.31,-0.19
56406427.0,2984.0,0.0,7.63,-3.5,0.39,0
56418443.0,12016.0,1.0,0.87,-0.33,0.31,-0.2
56423427.0,4984.0,0.0,5.05,-3.41,0.49,0
56426443.0,3016.0,1.0,0.87,-0.33,0.3,-0.2
56429427.0,2984.0,0.0,5.09,-3.25,0.43,0
56433443.0,4016.0,1.0,0.87,-0.33,0.29,-0.21
56436427.0,2984.0,0.0,4.4,-3.0,0.15,0
56443443.0,7016.0,1.0,0.87,-0.34,0.29,-0.21
56446427.0,2984.0,0.0,3.81,-2.79,0.11,0
56453443.0,7016.0,1.0,0.87,-0.34,0.28,-0.22
56456427.0,2984.0,0.0,2.54,-2.37,-0.12,0
56463443.0,7016.0,1.0,0.87,-0.34,0.27,-0.22
56467427.0,3984.0,0.0,1.92,-2.16,-0.45,0
56473443.0,6016.0,1.0,0.87,-0.34,0.27,-0.23
56476427.0,2984.0,0.0,1.45,-2.12,-0.44,0
56483443.0,7016.0,1.0,0.87,-0.35,0.27,-0.23
56486427.0,2984.0,0.0,1.13,-1.7,-0.15,0
56493443.0,7016.0,1.0,0.87,-0.35,0.26,-0.23
56496427.0,2984.0,0.0,0.69,-1.41,0.34,0
56503443.0,7016.0,1.0,0.87,-0.35,0.26,-0.23
56506427.0,2984.0,0.0,0.6,-1.41,0.8,0
56513443.0,7016.0,1.0,0.87,-0.35,0.25,-0.24
56516427.0,2984.0,0.0,0.55,-1.38,1.1,0
56523443.0,7016.0,1.0,0.87,-0.36,0.25,-0.24
56526427.0,2984.0,0.0,0.58,-1.83,0.34,0
56533443.0,7016.0,1.0,0.87,-0.36,0.25,-0.24
56536427.0,2984.0,0.0,0.68,-1.55,0.08,0
56543443.0,7016.0,1.0,0.87,-0.36,0.24,-0.24
56547427.0,3984.0,0.0,0.83,-1.29,-0.06,0
56554443.0,7016.0,1.0,0.86,-0.37,0.24,-0.25
56557427.0,2984.0,0.0,0.78,-0.73,0.04,0
56567443.0,10016.0,1.0,0.86,-0.37,0.24,-0.25
56570427.0,2984.0,0.0,0.62,-0.79,0.21,0
56574443.0,4016.0,1.0,0.86,-0.37,0.24,-0.25
56577427.0,2984.0,0.0,0.45,-0.72,0.52,0
56583443.0,6016.0,1.0,0.86,-0.37,0.24,-0.25
56586427.0,2984.0,0.0,0.37,-0.78,0.72,0
56593443.0,7016.0,1.0,0.86,-0.38,0.24,-0.25
56596427.0,2984.0,0.0,0.17,-0.88,0.48,0
56602443.0,6016.0,1.0,0.86,-0.38,0.23,-0.25
56605427.0,2984.0,0.0,-0.38,0.89,-0.07,0
56613443.0,8016.0,1.0,0.86,-0.38,0.23,-0.26
56616427.0,2984.0,0.0,-0.59,1.06,-0.16,0
56623443.0,7016.0,1.0,0.86,-0.38,0.23,-0.26
56626427.0,2984.0,0.0,-0.68,0.94,-0.11,0
56633443.0,7016.0,1.0,0.86,-0.39,0.23,-0.26
56636427.0,2984.0,0.0,-0.77,0.47,0.14,0
56643443.0,7016.0,1.0,0.86,-0.39,0.22,-0.26
56646427.0,2984.0,0.0,-0.94,-1.03,0.39,0
56653443.0,7016.0,1.0,0.86,-0.39,0.22,-0.26
56656427.0,2984.0,0.0,-0.8,-1.05,0.56,0
56663443.0,7016.0,1.0,0.85,-0.39,0.22,-0.26
56666427.0,2984.0,0.0,-0.62,-0.93,0.43,0
56673443.0,7016.0,1.0,0.85,-0.4,0.22,-0.26
56676427.0,2984.0,0.0,-0.3,-0.93,0.27,0
56683443.0,7016.0,1.0,0.85,-0.4,0.22,-0.26
56686427.0,2984.0,0.0,0.07,-1.29,0.14,0
56693443.0,7016.0,1.0,0.85,-0.4,0.22,-0.26
56696427.0,2984.0,0.0,0.11,-0.88,0.0,0
56703443.0,7016.0,1.0,0.85,-0.4,0.22,-0.26
56706427.0,2984.0,0.0,0.2,-0.47,-0.2,0
56713443.0,7016.0,1.0,0.85,-0.41,0.22,-0.26
56716427.0,2984.0,0.0,0.27,-0.48,-0.32,0
56723443.0,7016.0,1.0,0.85,-0.41,0.22,-0.26
56726427.0,2984.0,0.0,0.41,-0.68,-0.13,0
56733443.0,7016.0,1.0,0.85,-0.41,0.22,-0.26
56736427.0,2984.0,0.0,0.39,-0.66,-0.1,0
56743443.0,7016.0,1.0,0.84,-0.41,0.22,-0.26
56746427.0,2984.0,0.0,0.38,-0.45,-0.14,0
56753443.0,7016.0,1.0,0.84,-0.42,0.22,-0.26
56756427.0,2984.0,0.0,0.4,0.68,-0.26,0
56763443.0,7016.0,1.0,0.84,-0.42,0.22,-0.26
56766427.0,2984.0,0.0,0.42,0.4,-0.06,0
56773443.0,7016.0,1.0,0.84,-0.42,0.22,-0.26
56776427.0,2984.0,0.0,0.3,0.11,0.16,0
56783443.0,7016.0,1.0,0.84,-0.42,0.22,-0.26
56786427.0,2984.0,0.0,0.05,0.02,0.04,0
56792443.0,6016.0,1.0,0.84,-0.43,0.22,-0.26
56795427.0,2984.0,0.0,-0.36,-0.38,-0.35,0
56803443.0,8016.0,1.0,0.84,-0.43,0.21,-0.26
56806427.0,2984.0,0.0,-0.41,-0.36,-0.74,0
56813443.0,7016.0,1.0,0.84,-0.43,0.21,-0.26
56816427.0,2984.0,0.0,-0.59,-0.22,-0.94,0
56823443.0,7016.0,1.0,0.84,-0.43,0.21,-0.26
56826427.0,2984.0,0.0,-0.68,-0.09,-0.87,0
56833443.0,7016.0,1.0,0.84,-0.43,0.21,-0.26
56836427.0,2984.0,0.0,-0.24,0.01,-0.68,0
56843443.0,7016.0,1.0,0.84,-0.44,0.21,-0.26
56847427.0,3984.0,0.0,0.08,-0.09,-0.43,0
56856443.0,9016.0,1.0,0.83,-0.44,0.21,-0.26
56859427.0,2984.0,0.0,0.18,-0.3,-0.28,0
56866443.0,7016.0,1.0,0.83,-0.44,0.21,-0.26
56870427.0,3984.0,0.0,0.36,-0.39,-0.18,0
56874443.0,4016.0,1.0,0.83,-0.44,0.21,-0.26
56877427.0,2984.0,0.0,0.36,-0.35,-0.3,0
56883443.0,6016.0,1.0,0.83,-0.44,0.21,-0.26
56887427.0,3984.0,0.0,0.54,-0.65,-0.27,0
56893443.0,6016.0,1.0,0.83,-0.44,0.21,-0.26
56896427.0,2984.0,0.0,0.62,-0.68,0.18,0
56903443.0,7016.0,1.0,0.83,-0.45,0.21,-0.26
56906427.0,2984.0,0.0,0.64,-1.32,0.56,0
56913443.0,7016.0,1.0,0.83,-0.45,0.21,-0.26
56916427.0,2984.0,0.0,0.89,-1.58,0.83,0
56923443.0,7016.0,1.0,0.83,-0.45,0.21,-0.26
56927427.0,3984.0,0.0,1.29,-1.71,0.98,0
56933443.0,6016.0,1.0,0.83,-0.45,0.22,-0.26
56936427.0,2984.0,0.0,1.47,-1.87,0.76,0
56943443.0,7016.0,1.0,0.82,-0.45,0.22,-0.26
56946427.0,2984.0,0.0,1.06,-0.96,-0.28,0
56953443.0,7016.0,1.0,0.82,-0.45,0.22,-0.26
56956427.0,2984.0,0.0,0.82,-0.48,-0.69,0
56963443.0,7016.0,1.0,0.82,-0.46,0.22,-0.26
56966427.0,2984.0,0.0,0.53,-0.38,-1.21,0
56973443.0,7016.0,1.0,0.82,-0.46,0.23,-0.26
56976427.0,2984.0,0.0,0.4,0.22,-1.48,0
56983443.0,7016.0,1.0,0.82,-0.46,0.23,-0.26
56986427.0,2984.0,0.0,1.11,0.13,-1.42,0
56993443.0,7016.0,1.0,0.82,-0.46,0.23,-0.26
56996427.0,2984.0,0.0,1.59,-0.18,-1.53,0
57003443.0,7016.0,1.0,0.82,-0.46,0.23,-0.26
57006427.0,2984.0,0.0,2.03,-0.07,-1.63,0
57013443.0,7016.0,1.0,0.81,-0.47,0.23,-0.26
57016427.0,2984.0,0.0,2.21,0.05,-2.09,0
57023443.0,7016.0,1.0,0.81,-0.47,0.23,-0.26
57026427.0,2984.0,0.0,1.54,-0.43,-2.84,0
57033443.0,7016.0,1.0,0.81,-0.47,0.23,-0.26
57036427.0,2984.0,0.0,0.64,-0.39,-3.37,0
57043443.0,7016.0,1.0,0.81,-0.47,0.23,-0.26
57046427.0,2984.0,0.0,-0.59,-0.5,-3.74,0
57053443.0,7016.0,1.0,0.81,-0.48,0.23,-0.25
57056427.0,2984.0,0.0,-1.49,-0.38,-2.95,0
57063443.0,7016.0,1.0,0.81,-0.48,0.23,-0.25
57066427.0,2984.0,0.0,-3.65,-0.19,-2.08,0
57073443.0,7016.0,1.0,0.81,-0.48,0.23,-0.25
57076427.0,2984.0,0.0,-4.31,-0.5,-1.4,0
57083443.0,7016.0,1.0,0.8,-0.49,0.24,-0.25
57086427.0,2984.0,0.0,-4.51,-0.02,-0.83,0
57093443.0,7016.0,1.0,0.8,-0.49,0.24,-0.25
57096427.0,2984.0,0.0,-3.9,-2.36,-0.02,0
57103443.0,7016.0,1.0,0.8,-0.49,0.24,-0.25
57106427.0,2984.0,0.0,-2.93,-2.41,0.84,0
57113443.0,7016.0,1.0,0.79,-0.5,0.24,-0.25
57116427.0,2984.0,0.0,-1.86,-2.58,1.64,0
57123443.0,7016.0,1.0,0.79,-0.5,0.25,-0.25
57126427.0,2984.0,0.0,-0.64,-4.35,1.79,0
57138443.0,12016.0,1.0,0.79,-0.51,0.25,-0.25
57143427.0,4984.0,0.0,-1.78,-3.27,-0.33,0
57146443.0,3016.0,1.0,0.78,-0.51,0.25,-0.25
57149427.0,2984.0,0.0,-1.74,-3.3,-0.2,0
57153443.0,4016.0,1.0,0.78,-0.51,0.26,-0.25
57156427.0,2984.0,0.0,-1.85,-4.14,-1.44,0
57163443.0,7016.0,1.0,0.78,-0.52,0.26,-0.25
57166427.0,2984.0,0.0,-1.7,-3.0,-2.77,0
57173443.0,7016.0,1.0,0.77,-0.52,0.27,-0.25
57176427.0,2984.0,0.0,-2.12,0.75,-3.68,0
57183443.0,7016.0,1.0,0.77,-0.53,0.28,-0.25
57186427.0,2984.0,0.0,-2.36,1.36,-3.35,0
57193443.0,7016.0,1.0,0.76,-0.53,0.28,-0.25
57196427.0,2984.0,0.0,-2.88,1.49,-2.98,0
57203443.0,7016.0,1.0,0.76,-0.53,0.28,-0.25
57206427.0,2984.0,0.0,-2.77,0.39,-2.47,0
57213443.0,7016.0,1.0,0.75,-0.54,0.29,-0.24
57216427.0,2984.0,0.0,-2.05,-1.09,-2.91,0
57223443.0,7016.0,1.0,0.75,-0.54,0.29,-0.24
57226427.0,2984.0,0.0,-3.55,-1.26,-2.65,0
57233443.0,7016.0,1.0,0.74,-0.55,0.3,-0.24
57236427.0,2984.0,0.0,-4.63,-0.8,-3.01,0
57243443.0,7016.0,1.0,0.74,-0.55,0.3,-0.24
57246427.0,2984.0,0.0,-4.83,-1.09,-3.52,0
57253443.0,7016.0,1.0,0.74,-0.56,0.3,-0.24
57256427.0,2984.0,0.0,-3.46,1.04,-3.76,0
57263443.0,7016.0,1.0,0.73,-0.56,0.31,-0.24
57267427.0,3984.0,0.0,-1.52,1.21,-3.52,0
57276443.0,9016.0,1.0,0.73,-0.56,0.31,-0.23
57279427.0,2984.0,0.0,-0.05,0.63,-3.53,0
57286443.0,7016.0,1.0,0.72,-0.57,0.31,-0.23
57290427.0,3984.0,0.0,1.43,1.15,-3.17,0
57294443.0,4016.0,1.0,0.72,-0.57,0.32,-0.23
57297427.0,2984.0,0.0,0.76,1.6,-3.8,0
57303443.0,6016.0,1.0,0.72,-0.58,0.32,-0.23
57306427.0,2984.0,0.0,-1.14,1.88,-3.98,0
57313443.0,7016.0,1.0,0.71,-0.58,0.32,-0.23
57316427.0,2984.0,0.0,-3.15,2.66,-4.2,0
57323443.0,7016.0,1.0,0.71,-0.58,0.33,-0.23
57326427.0,2984.0,0.0,-3.98,4.4,-4.52,0
57333443.0,7016.0,1.0,0.7,-0.59,0.33,-0.22
57336427.0,2984.0,0.0,-2.6,4.15,-2.91,0
57343443.0,7016.0,1.0,0.7,-0.59,0.33,-0.22
57347427.0,3984.0,0.0,-0.44,1.91,-2.64,0
57353443.0,6016.0,1.0,0.7,-0.59,0.33,-0.22
57356427.0,2984.0,0.0,-0.05,3.6,-1.64,0
57363443.0,7016.0,1.0,0.69,-0.6,0.34,-0.22
57366427.0,2984.0,0.0,1.11,0.98,-1.87,0
57373443.0,7016.0,1.0,0.69,-0.6,0.34,-0.22
57376427.0,2984.0,0.0,-0.11,1.68,-1.33,0
57383443.0,7016.0,1.0,0.69,-0.61,0.34,-0.21
57386427.0,2984.0,0.0,-1.44,1.29,-1.71,0
57393443.0,7016.0,1.0,0.68,-0.61,0.34,-0.21
57396427.0,2984.0,0.0,-2.02,1.32,-2.45,0
57403443.0,7016.0,1.0,0.68,-0.62,0.34,-0.21
57406427.0,2984.0,0.0,-2.67,0.22,-3.36,0
57413443.0,7016.0,1.0,0.68,-0.62,0.34,-0.2
57416427.0,2984.0,0.0,-2.21,0.23,-3.2,0
57423443.0,7016.0,1.0,0.67,-0.62,0.35,-0.2
57426427.0,2984.0,0.0,-2.06,0.24,-3.66,0
57435443.0,9016.0,1.0,0.67,-0.62,0.35,-0.2
57438427.0,2984.0,0.0,-2.07,0.51,-3.62,0
57446443.0,8016.0,1.0,0.67,-0.63,0.35,-0.2
57449427.0,2984.0,0.0,-2.12,-1.05,-2.68,0
57453443.0,4016.0,1.0,0.66,-0.63,0.35,-0.19
57456427.0,2984.0,0.0,-1.78,-0.31,-1.41,0
57464443.0,8016.0,1.0,0.66,-0.64,0.35,-0.19
57467427.0,2984.0,0.0,-1.95,-0.43,-0.62,0
57473443.0,6016.0,1.0,0.66,-0.64,0.35,-0.18
57476427.0,2984.0,0.0,-2.26,-1.23,0.2,0
57483443.0,7016.0,1.0,0.66,-0.64,0.35,-0.18
57486427.0,2984.0,0.0,-2.16,-1.22,0.11,0
57493443.0,7016.0,1.0,0.65,-0.65,0.35,-0.17
57496427.0,2984.0,0.0,-1.76,-0.2,-0.82,0
57504443.0,8016.0,1.0,0.65,-0.65,0.35,-0.17
57507427.0,2984.0,0.0,-0.55,0.22,-1.14,0
57513443.0,6016.0,1.0,0.65,-0.65,0.36,-0.16
57516427.0,2984.0,0.0,2.42,-0.01,-0.81,0
57523443.0,7016.0,1.0,0.65,-0.65,0.36,-0.16
57526427.0,2984.0,0.0,2.29,-0.51,-1.3,0
57533443.0,7016.0,1.0,0.64,-0.66,0.36,-0.16
57536427.0,2984.0,0.0,1.01,-0.59,-1.84,0
57544443.0,8016.0,1.0,0.64,-0.66,0.36,-0.15
57547427.0,2984.0,0.0,-0.89,-0.43,-1.25,0
57553443.0,6016.0,1.0,0.64,-0.66,0.36,-0.15
57556427.0,2984.0,0.0,-2.11,-1.7,-0.24,0
57563443.0,7016.0,1.0,0.64,-0.67,0.36,-0.14
57566427.0,2984.0,0.0,-2.13,-0.93,-0.29,0
57573443.0,7016.0,1.0,0.63,-0.67,0.36,-0.14
57576427.0,2984.0,0.0,-1.2,-0.93,-0.77,0
57583443.0,7016.0,1.0,0.63,-0.67,0.36,-0.13
57586427.0,2984.0,0.0,-0.68,-1.16,-1.41,0
57598443.0,12016.0,1.0,0.63,-0.68,0.36,-0.13
57602427.0,3984.0,0.0,1.44,-0.9,-1.46,0
57605443.0,3016.0,1.0,0.63,-0.68,0.36,-0.12
57608427.0,2984.0,0.0,1.42,-0.93,-1.38,0
57613443.0,5016.0,1.0,0.62,-0.68,0.36,-0.12
57616427.0,2984.0,0.0,1.92,-0.7,-0.31,0
57624443.0,8016.0,1.0,0.62,-0.68,0.36,-0.12
57627427.0,2984.0,0.0,2.0,-0.52,1.07,0
57633443.0,6016.0,1.0,0.62,-0.69,0.36,-0.11
57636427.0,2984.0,0.0,2.23,-2.55,2.01,0
57643443.0,7016.0,1.0,0.62,-0.69,0.37,-0.11
57646427.0,2984.0,0.0,2.2,-2.45,0.69,0
57653443.0,7016.0,1.0,0.61,-0.69,0.37,-0.1
57656427.0,2984.0,0.0,2.47,-2.5,-1.06,0
57663443.0,7016.0,1.0,0.61,-0.69,0.37,-0.1
57666427.0,2984.0,0.0,2.89,-2.39,-0.08,0
57673443.0,7016.0,1.0,0.61,-0.69,0.38,-0.1
57676427.0,2984.0,0.0,2.28,-3.28,0.51,0
57683443.0,7016.0,1.0,0.6,-0.7,0.38,-0.09
57686427.0,2984.0,0.0,1.31,-1.49,0.11,0
57694443.0,8016.0,1.0,0.6,-0.7,0.38,-0.09
57697427.0,2984.0,0.0,0.7,-0.21,-1.04,0
57703443.0,6016.0,1.0,0.6,-0.7,0.38,-0.09
57706427.0,2984.0,0.0,-0.37,0.77,-2.41,0
57713443.0,7016.0,1.0,0.59,-0.7,0.38,-0.08
57716427.0,2984.0,0.0,-1.83,1.1,-3.11,0
57723443.0,7016.0,1.0,0.59,-0.7,0.38,-0.08
57727427.0,3984.0,0.0,-1.68,0.62,-2.9,0
57733443.0,6016.0,1.0,0.59,-0.71,0.38,-0.07
57736427.0,2984.0,0.0,-0.07,4.23,-1.25,0
57743443.0,7016.0,1.0,0.59,-0.71,0.38,-0.06
57746427.0,2984.0,0.0,-0.66,-2.69,1.96,0
57758443.0,12016.0,1.0,0.59,-0.71,0.38,-0.06
57762427.0,3984.0,0.0,-6.85,-3.57,2.71,0
57765443.0,3016.0,1.0,0.59,-0.71,0.38,-0.05
57768427.0,2984.0,0.0,-10.1,-5.31,1.8,0
57773443.0,5016.0,1.0,0.59,-0.71,0.39,-0.04
57776427.0,2984.0,0.0,-10.18,-5.45,1.84,0
57784443.0,8016.0,1.0,0.59,-0.71,0.4,-0.03
57787427.0,2984.0,0.0,-14.63,-6.04,0.61,0
57793443.0,6016.0,1.0,0.58,-0.7,0.41,-0.03
57796427.0,2984.0,0.0,-15.48,-7.08,-0.65,0
57803443.0,7016.0,1.0,0.58,-0.7,0.42,-0.03
57806427.0,2984.0,0.0,-16.32,-4.89,0.43,0
57813443.0,7016.0,1.0,0.57,-0.7,0.43,-0.03
57816427.0,2984.0,0.0,-16.46,-4.2,2.23,0
57823443.0,7016.0,1.0,0.57,-0.69,0.45,-0.03
57826427.0,2984.0,0.0,-15.04,-3.66,5.71,0
57833443.0,7016.0,1.0,0.56,-0.69,0.47,-0.03
57836427.0,2984.0,0.0,-15.17,-3.01,6.74,0
57844443.0,8016.0,1.0,0.55,-0.68,0.48,-0.03
57847427.0,2984.0,0.0,-16.16,-2.91,6.88,0
57853443.0,6016.0,1.0,0.55,-0.67,0.5,-0.03
57856427.0,2984.0,0.0,-17.21,0.53,5.53,0
57866443.0,10016.0,1.0,0.54,-0.66,0.52,-0.02
57869427.0,2984.0,0.0,-16.79,6.27,2.54,0
57873443.0,4016.0,1.0,0.54,-0.65,0.53,-0.02
57876427.0,2984.0,0.0,-16.91,7.4,1.9,0
57884443.0,8016.0,1.0,0.53,-0.64,0.55,-0.01
57887427.0,2984.0,0.0,-17.35,11.03,1.48,0
57893443.0,6016.0,1.0,0.53,-0.63,0.56,-0.01
57896427.0,2984.0,0.0,-15.76,13.3,-1.2,0
57903443.0,7016.0,1.0,0.53,-0.62,0.57,0.0
57906427.0,2984.0,0.0,-15.18,12.07,-4.68,0
57913443.0,7016.0,1.0,0.53,-0.61,0.59,0.01
57916427.0,2984.0,0.0,-13.72,5.3,-5.26,0
57924443.0,8016.0,1.0,0.52,-0.6,0.61,0.0
57927427.0,2984.0,0.0,-10.8,-8.83,-7.51,0
57939443.0,12016.0,1.0,0.5,-0.59,0.64,-0.01
57944427.0,4984.0,0.0,-5.88,42.39,-19.83,0
57947443.0,3016.0,1.0,0.48,-0.57,0.66,-0.02
57950427.0,2984.0,0.0,-6.02,42.45,-19.56,0
57954443.0,4016.0,1.0,0.49,-0.56,0.67,-0.02
57957427.0,2984.0,0.0,-6.89,38.39,-18.07,0
57964443.0,7016.0,1.0,0.51,-0.54,0.67,-0.01
57967427.0,2984.0,0.0,-2.56,30.26,-20.39,0
57973443.0,6016.0,1.0,0.55,-0.52,0.65,0.01
57976427.0,2984.0,0.0,22.91,6.95,-26.87,0
57983443.0,7016.0,1.0,0.59,-0.5,0.63,0.03
57986427.0,2984.0,0.0,26.4,0.02,-19.82,0
57995443.0,9016.0,1.0,0.63,-0.48,0.6,0.04
57998427.0,2984.0,0.0,25.62,-9.38,-12.49,0
58005443.0,7016.0,1.0,0.67,-0.46,0.58,0.04
58008427.0,2984.0,0.0,27.19,-19.64,-8.05,0
58013443.0,5016.0,1.0,0.69,-0.45,0.56,0.03
58016427.0,2984.0,0.0,31.99,-13.72,1.45,0
58023443.0,7016.0,1.0,0.71,-0.43,0.55,0.02
58026427.0,2984.0,0.0,32.04,-5.86,1.97,0
58034443.0,8016.0,1.0,0.73,-0.41,0.54,0.01
58037427.0,2984.0,0.0,30.52,-4.82,0.37,0
58044443.0,7016.0,1.0,0.75,-0.4,0.52,-0.0
58047427.0,2984.0,0.0,24.94,-6.95,-2.47,0
58059443.0,12016.0,1.0,0.77,-0.39,0.5,-0.02
58064427.0,4984.0,0.0,20.19,-8.31,-4.31,0
58067443.0,3016.0,1.0,0.79,-0.38,0.48,-0.03
58070427.0,2984.0,0.0,17.06,-7.48,-5.19,0
58074443.0,4016.0,1.0,0.81,-0.37,0.46,-0.05
58077427.0,2984.0,0.0,17.13,-7.22,-5.72,0
58084443.0,7016.0,1.0,0.82,-0.36,0.45,-0.06
58087427.0,2984.0,0.0,10.79,-6.2,-5.62,0
58093443.0,6016.0,1.0,0.83,-0.35,0.43,-0.07
58096427.0,2984.0,0.0,7.32,-6.81,-5.27,0
58104443.0,8016.0,1.0,0.84,-0.35,0.4,-0.09
58107427.0,2984.0,0.0,3.01,-7.84,-3.8,0
58114443.0,7016.0,1.0,0.85,-0.34,0.39,-0.1
58117427.0,2984.0,0.0,-0.36,-8.57,-2.55,0
58127443.0,10016.0,1.0,0.86,-0.34,0.37,-0.11
58130427.0,2984.0,0.0,-2.04,-8.46,-2.34,0
58134443.0,4016.0,1.0,0.87,-0.34,0.35,-0.13
58137427.0,2984.0,0.0,-1.2,-7.34,-2.21,0
58144443.0,7016.0,1.0,0.87,-0.33,0.34,-0.14
58147427.0,2984.0,0.0,-0.17,-7.28,-1.68,0
58154443.0,7016.0,1.0,0.88,-0.33,0.32,-0.15
58157427.0,2984.0,0.0,1.16,-7.52,-1.43,0
58164443.0,7016.0,1.0,0.88,-0.33,0.3,-0.15
58167427.0,2984.0,0.0,3.45,-7.99,-1.02,0
58173443.0,6016.0,1.0,0.88,-0.33,0.29,-0.16
58176427.0,2984.0,0.0,4.17,-7.88,-0.56,0
58184443.0,8016.0,1.0,0.88,-0.33,0.28,-0.17
58187427.0,2984.0,0.0,4.68,-7.23,-0.21,0
58193443.0,6016.0,1.0,0.88,-0.33,0.27,-0.18
58196427.0,2984.0,0.0,5.29,-6.52,0.04,0
58206443.0,10016.0,1.0,0.89,-0.33,0.26,-0.19
58209427.0,2984.0,0.0,6.57,-5.57,0.95,0
58213443.0,4016.0,1.0,0.89,-0.33,0.26,-0.2
58216427.0,2984.0,0.0,7.02,-5.55,1.01,0
58224443.0,8016.0,1.0,0.89,-0.34,0.25,-0.2
58227427.0,2984.0,0.0,7.27,-5.79,1.07,0
58234443.0,7016.0,1.0,0.89,-0.34,0.24,-0.21
58237427.0,2984.0,0.0,6.86,-5.25,1.23,0
58244443.0,7016.0,1.0,0.88,-0.34,0.24,-0.22
58247427.0,2984.0,0.0,6.55,-4.16,0.09,0
58254443.0,7016.0,1.0,0.88,-0.34,0.23,-0.22
58257427.0,2984.0,0.0,5.84,-3.12,0.5,0
58264443.0,7016.0,1.0,0.88,-0.34,0.23,-0.23
58267427.0,2984.0,0.0,5.3,-2.01,0.26,0
58274443.0,7016.0,1.0,0.88,-0.35,0.22,-0.23
58277427.0,2984.0,0.0,3.56,-2.48,-0.13,0
58284443.0,7016.0,1.0,0.88,-0.35,0.22,-0.23
58287427.0,2984.0,0.0,2.91,-3.07,-0.18,0
58297443.0,10016.0,1.0,0.88,-0.35,0.21,-0.24
58300427.0,2984.0,0.0,2.19,-3.64,-0.41,0
58307443.0,7016.0,1.0,0.88,-0.35,0.21,-0.24
58310427.0,2984.0,0.0,1.57,-3.94,-0.53,0
58314443.0,4016.0,1.0,0.88,-0.36,0.21,-0.24
58317427.0,2984.0,0.0,0.71,-3.06,0.02,0
58324443.0,7016.0,1.0,0.88,-0.36,0.21,-0.25
58327427.0,2984.0,0.0,0.31,-2.51,-0.15,0
58334443.0,7016.0,1.0,0.88,-0.36,0.21,-0.25
58337427.0,2984.0,0.0,0.22,-2.16,-0.4,0
58344443.0,7016.0,1.0,0.87,-0.36,0.21,-0.25
58347427.0,2984.0,0.0,0.32,-1.55,-0.41,0
58354443.0,7016.0,1.0,0.87,-0.36,0.21,-0.26
58357427.0,2984.0,0.0,0.62,-0.4,-0.56,0
58364443.0,7016.0,1.0,0.87,-0.37,0.21,-0.26
58368427.0,3984.0,0.0,0.94,-0.4,-0.38,0
58374443.0,6016.0,1.0,0.87,-0.37,0.2,-0.26
58377427.0,2984.0,0.0,1.27,-0.85,-0.32,0
58384443.0,7016.0,1.0,0.87,-0.37,0.2,-0.26
58387427.0,2984.0,0.0,1.48,-1.19,0.05,0
58394443.0,7016.0,1.0,0.87,-0.37,0.2,-0.26
58397427.0,2984.0,0.0,1.59,-1.16,-0.34,0
58404443.0,7016.0,1.0,0.87,-0.37,0.2,-0.26
58408427.0,3984.0,0.0,1.72,-1.46,-0.24,0
58414443.0,6016.0,1.0,0.87,-0.38,0.2,-0.26
58417427.0,2984.0,0.0,1.74,-1.37,-0.3,0
58424443.0,7016.0,1.0,0.86,-0.38,0.2,-0.27
58427427.0,2984.0,0.0,1.43,-0.97,-0.81,0
58434443.0,7016.0,1.0,0.86,-0.38,0.19,-0.27
58437427.0,2984.0,0.0,1.3,-1.27,-0.75,0
58444443.0,7016.0,1.0,0.86,-0.38,0.19,-0.27
58448427.0,3984.0,0.0,1.31,-1.54,-0.6,0
58454443.0,6016.0,1.0,0.86,-0.39,0.19,-0.27
58457427.0,2984.0,0.0,1.19,-1.23,-0.15,0
58464443.0,7016.0,1.0,0.86,-0.39,0.19,-0.27
58467427.0,2984.0,0.0,1.05,-1.09,1.19,0
58474443.0,7016.0,1.0,0.86,-0.39,0.19,-0.27
58477427.0,2984.0,0.0,1.15,-1.42,1.16,0
58484443.0,7016.0,1.0,0.86,-0.39,0.19,-0.27
58487427.0,2984.0,0.0,0.99,-1.13,1.0,0
58494443.0,7016.0,1.0,0.86,-0.4,0.19,-0.27
58497427.0,2984.0,0.0,0.75,-0.98,0.9,0
58503443.0,6016.0,1.0,0.85,-0.4,0.19,-0.27
58506427.0,2984.0,0.0,0.2,-1.29,0.18,0
58514443.0,8016.0,1.0,0.85,-0.4,0.2,-0.27
58517427.0,2984.0,0.0,0.04,-0.93,-0.04,0
58524443.0,7016.0,1.0,0.85,-0.4,0.2,-0.27
58527427.0,2984.0,0.0,0.19,-0.75,-0.22,0
58534443.0,7016.0,1.0,0.85,-0.41,0.2,-0.27
58537427.0,2984.0,0.0,0.54,-0.52,-0.35,0
58544443.0,7016.0,1.0,0.85,-0.41,0.2,-0.27
58547427.0,2984.0,0.0,1.14,-0.05,-0.6,0
58554443.0,7016.0,1.0,0.85,-0.41,0.2,-0.27
58557427.0,2984.0,0.0,1.22,0.1,-0.96,0
58564443.0,7016.0,1.0,0.84,-0.42,0.2,-0.27
58567427.0,2984.0,0.0,1.13,0.07,-1.24,0
58576443.0,9016.0,1.0,0.84,-0.42,0.2,-0.27
58579427.0,2984.0,0.0,1.01,-0.53,-1.45,0
58586443.0,7016.0,1.0,0.84,-0.42,0.2,-0.27
58589427.0,2984.0,0.0,0.68,-1.17,-0.82,0
58593443.0,4016.0,1.0,0.84,-0.43,0.21,-0.27
58596427.0,2984.0,0.0,0.61,0.25,-0.93,0
58604443.0,8016.0,1.0,0.84,-0.43,0.21,-0.27
58607427.0,2984.0,0.0,0.72,-0.55,0.14,0
58614443.0,7016.0,1.0,0.83,-0.44,0.21,-0.27
58617427.0,2984.0,0.0,1.07,0.86,-0.35,0
58624443.0,7016.0,1.0,0.83,-0.44,0.21,-0.26
58627427.0,2984.0,0.0,0.79,1.58,-0.55,0
58634443.0,7016.0,1.0,0.83,-0.44,0.21,-0.26
58637427.0,2984.0,0.0,0.77,1.5,-0.45,0
58644443.0,7016.0,1.0,0.83,-0.45,0.21,-0.26
58647427.0,2984.0,0.0,0.56,0.78,-0.5,0
58654443.0,7016.0,1.0,0.83,-0.45,0.21,-0.26
58657427.0,2984.0,0.0,0.05,1.33,-0.52,0
58664443.0,7016.0,1.0,0.83,-0.45,0.21,-0.26
58667427.0,2984.0,0.0,0.31,0.96,-0.77,0
58674443.0,7016.0,1.0,0.83,-0.46,0.21,-0.26
58677427.0,2984.0,0.0,0.57,0.83,-0.82,0
58684443.0,7016.0,1.0,0.82,-0.46,0.21,-0.26
58687427.0,2984.0,0.0,0.68,0.86,-0.7,0
58693443.0,6016.0,1.0,0.82,-0.46,0.21,-0.25
58696427.0,2984.0,0.0,0.7,-0.14,-0.65,0
58704443.0,8016.0,1.0,0.82,-0.47,0.21,-0.25
58707427.0,2984.0,0.0,0.91,-0.72,-0.3,0
58714443.0,7016.0,1.0,0.82,-0.47,0.21,-0.25
58717427.0,2984.0,0.0,1.17,-0.9,-0.1,0
58724443.0,7016.0,1.0,0.82,-0.47,0.2,-0.25
58727427.0,2984.0,0.0,1.16,-0.65,-0.09,0
58733443.0,6016.0,1.0,0.82,-0.47,0.2,-0.25
58736427.0,2984.0,0.0,-0.25,-0.03,-0.5,0
58744443.0,8016.0,1.0,0.82,-0.48,0.2,-0.25
58747427.0,2984.0,0.0,-0.95,0.82,2.12,0
58754443.0,7016.0,1.0,0.82,-0.48,0.2,-0.24
58757427.0,2984.0,0.0,-1.44,-2.4,-1.51,0
58764443.0,7016.0,1.0,0.82,-0.48,0.21,-0.24
58767427.0,2984.0,0.0,-0.71,0.89,0.77,0
58774443.0,7016.0,1.0,0.81,-0.49,0.21,-0.24
58777427.0,2984.0,0.0,-2.26,-0.8,-0.74,0
58784443.0,7016.0,1.0,0.81,-0.49,0.21,-0.24
58788427.0,3984.0,0.0,-2.84,-1.21,-1.79,0
58794443.0,6016.0,1.0,0.81,-0.49,0.21,-0.24
58797427.0,2984.0,0.0,-2.98,-0.7,-1.25,0
58804443.0,7016.0,1.0,0.81,-0.49,0.21,-0.24
58807427.0,2984.0,0.0,-1.88,-0.46,-1.34,0
58814443.0,7016.0,1.0,0.81,-0.5,0.22,-0.24
58817427.0,2984.0,0.0,-0.55,-1.68,-1.91,0
58824443.0,7016.0,1.0,0.8,-0.5,0.22,-0.24
58828427.0,3984.0,0.0,0.63,-2.4,-1.37,0
58835443.0,7016.0,1.0,0.8,-0.5,0.22,-0.24
58838427.0,2984.0,0.0,1.69,-3.95,-0.98,0
58848443.0,10016.0,1.0,0.8,-0.5,0.23,-0.24
58851427.0,2984.0,0.0,2.45,-4.32,-0.34,0
58855443.0,4016.0,1.0,0.79,-0.51,0.24,-0.24
58858427.0,2984.0,0.0,0.41,-2.25,-0.07,0
58864443.0,6016.0,1.0,0.79,-0.51,0.25,-0.24
58867427.0,2984.0,0.0,-1.01,-1.08,-1.4,0
58874443.0,7016.0,1.0,0.79,-0.51,0.25,-0.24
58877427.0,2984.0,0.0,-2.86,-0.09,-2.2,0
58884443.0,7016.0,1.0,0.78,-0.51,0.26,-0.24
58887427.0,2984.0,0.0,-5.86,-0.94,-2.96,0
58894443.0,7016.0,1.0,0.78,-0.52,0.27,-0.24
58897427.0,2984.0,0.0,-5.91,-2.06,-2.82,0
58904443.0,7016.0,1.0,0.77,-0.52,0.28,-0.24
58907427.0,2984.0,0.0,-5.73,-2.02,-2.5,0
58914443.0,7016.0,1.0,0.77,-0.52,0.28,-0.23
58917427.0,2984.0,0.0,-4.5,-1.77,-2.55,0
58924443.0,7016.0,1.0,0.76,-0.53,0.29,-0.23
58927427.0,2984.0,0.0,-2.33,-1.74,-1.31,0
58934443.0,7016.0,1.0,0.76,-0.53,0.29,-0.23
58937427.0,2984.0,0.0,-1.46,-1.28,-1.02,0
58944443.0,7016.0,1.0,0.76,-0.54,0.3,-0.23
58947427.0,2984.0,0.0,-1.12,-1.35,-1.22,0
58956443.0,9016.0,1.0,0.75,-0.54,0.3,-0.23
58959427.0,2984.0,0.0,-1.9,-1.14,-1.66,0
58967443.0,8016.0,1.0,0.75,-0.54,0.31,-0.23
58970427.0,2984.0,0.0,-2.6,-0.66,-3.24,0
58974443.0,4016.0,1.0,0.74,-0.55,0.31,-0.22
58977427.0,2984.0,0.0,-2.64,-0.92,-4.25,0
58984443.0,7016.0,1.0,0.74,-0.55,0.31,-0.22
58987427.0,2984.0,0.0,-2.5,-0.09,-5.64,0
58994443.0,7016.0,1.0,0.73,-0.56,0.32,-0.22
58997427.0,2984.0,0.0,-2.21,0.28,-6.27,0
59004443.0,7016.0,1.0,0.73,-0.56,0.32,-0.22
59007427.0,2984.0,0.0,-1.89,1.53,-7.52,0
59014443.0,7016.0,1.0,0.73,-0.57,0.32,-0.22
59017427.0,2984.0,0.0,-1.06,1.96,-6.17,0
59024443.0,7016.0,1.0,0.72,-0.57,0.32,-0.22
59027427.0,2984.0,0.0,-0.04,1.27,-4.71,0
59034443.0,7016.0,1.0,0.72,-0.58,0.33,-0.22
59037427.0,2984.0,0.0,-0.95,4.23,-3.93,0
59044443.0,7016.0,1.0,0.71,-0.58,0.33,-0.22
59047427.0,2984.0,0.0,-1.54,4.87,-2.86,0
59054443.0,7016.0,1.0,0.71,-0.59,0.33,-0.22
59057427.0,2984.0,0.0,-1.75,3.28,-2.03,0
59064443.0,7016.0,1.0,0.71,-0.59,0.33,-0.21
59067427.0,2984.0,0.0,-2.58,2.68,-1.69,0
59074443.0,7016.0,1.0,0.7,-0.59,0.33,-0.21
59077427.0,2984.0,0.0,-4.75,-0.06,-1.32,0
59084443.0,7016.0,1.0,0.7,-0.6,0.33,-0.21
59087427.0,2984.0,0.0,-5.27,0.03,-1.66,0
59097443.0,10016.0,1.0,0.7,-0.6,0.33,-0.21
59100427.0,2984.0,0.0,-5.19,-0.17,-1.31,0
59107443.0,7016.0,1.0,0.69,-0.61,0.33,-0.21
59110427.0,2984.0,0.0,-3.88,0.13,-1.8,0
59114443.0,4016.0,1.0,0.69,-0.61,0.34,-0.21
59117427.0,2984.0,0.0,-1.5,1.88,-2.86,0
59124443.0,7016.0,1.0,0.68,-0.61,0.34,-0.21
59127427.0,2984.0,0.0,-0.39,1.14,-2.31,0
59134443.0,7016.0,1.0,0.68,-0.62,0.34,-0.2
59137427.0,2984.0,0.0,-0.0,0.06,-1.55,0
59144443.0,7016.0,1.0,0.68,-0.62,0.34,-0.2
59147427.0,2984.0,0.0,0.46,-0.59,-1.41,0
59154443.0,7016.0,1.0,0.67,-0.62,0.35,-0.2
59157427.0,2984.0,0.0,-1.26,0.28,-1.8,0
59164443.0,7016.0,1.0,0.67,-0.63,0.35,-0.2
59167427.0,2984.0,0.0,-1.65,-0.3,-2.48,0
59174443.0,7016.0,1.0,0.66,-0.63,0.35,-0.2
59177427.0,2984.0,0.0,-0.92,1.08,-2.82,0
59184443.0,7016.0,1.0,0.66,-0.64,0.35,-0.19
59187427.0,2984.0,0.0,0.83,0.5,-3.74,0
59194443.0,7016.0,1.0,0.66,-0.64,0.35,-0.19
59197427.0,2984.0,0.0,3.32,2.16,-3.45,0
59204443.0,7016.0,1.0,0.66,-0.65,0.35,-0.19
59207427.0,2984.0,0.0,3.44,0.91,-3.59,0
59214443.0,7016.0,1.0,0.65,-0.65,0.34,-0.18
59217427.0,2984.0,0.0,1.97,0.31,-3.1,0
59224443.0,7016.0,1.0,0.65,-0.65,0.34,-0.18
59227427.0,2984.0,0.0,-0.95,0.16,-1.48,0
59234443.0,7016.0,1.0,0.65,-0.66,0.34,-0.18
59237427.0,2984.0,0.0,-1.95,0.39,-0.77,0
59244443.0,7016.0,1.0,0.64,-0.66,0.34,-0.17
59248427.0,3984.0,0.0,-1.96,0.97,-0.86,0
59254443.0,6016.0,1.0,0.64,-0.67,0.34,-0.17
59257427.0,2984.0,0.0,-2.47,0.72,-0.57,0
59264443.0,7016.0,1.0,0.64,-0.67,0.34,-0.17
59267427.0,2984.0,0.0,-1.72,-1.75,0.71,0
59279443.0,12016.0,1.0,0.64,-0.67,0.34,-0.16
59283427.0,3984.0,0.0,-2.58,-3.84,1.54,0
59286443.0,3016.0,1.0,0.63,-0.68,0.34,-0.16
59289427.0,2984.0,0.0,-2.59,-3.87,1.65,0
59294443.0,5016.0,1.0,0.63,-0.68,0.35,-0.16
59297427.0,2984.0,0.0,-2.13,-3.4,1.65,0
59304443.0,7016.0,1.0,0.62,-0.68,0.35,-0.15
59307427.0,2984.0,0.0,-0.24,0.28,0.16,0
59314443.0,7016.0,1.0,0.62,-0.68,0.35,-0.15
59317427.0,2984.0,0.0,0.34,0.5,-0.19,0
59324443.0,7016.0,1.0,0.62,-0.69,0.36,-0.15
59327427.0,2984.0,0.0,1.07,-0.78,-0.38,0
59334443.0,7016.0,1.0,0.61,-0.69,0.36,-0.14
59337427.0,2984.0,0.0,1.65,0.21,-0.39,0
59344443.0,7016.0,1.0,0.61,-0.69,0.36,-0.14
59347427.0,2984.0,0.0,1.65,-2.84,-0.55,0
59354443.0,7016.0,1.0,0.61,-0.69,0.37,-0.14
59357427.0,2984.0,0.0,1.46,-4.81,-0.83,0
59364443.0,7016.0,1.0,0.6,-0.7,0.37,-0.13
59367427.0,2984.0,0.0,1.84,-4.21,-0.08,0
59374443.0,7016.0,1.0,0.6,-0.7,0.37,-0.13
59377427.0,2984.0,0.0,2.45,-2.5,-0.24,0
59384443.0,7016.0,1.0,0.6,-0.7,0.37,-0.12
59387427.0,2984.0,0.0,1.26,-0.93,-2.06,0
59394443.0,7016.0,1.0,0.59,-0.7,0.37,-0.12
59397427.0,2984.0,0.0,1.34,1.26,-1.98,0
59405443.0,8016.0,1.0,0.59,-0.71,0.37,-0.11
59408427.0,2984.0,0.0,0.76,1.57,-0.45,0
59414443.0,6016.0,1.0,0.59,-0.71,0.37,-0.11
59417427.0,2984.0,0.0,-0.2,1.76,2.25,0
59424443.0,7016.0,1.0,0.58,-0.71,0.37,-0.1
59427427.0,2984.0,0.0,0.03,-0.69,3.71,0
59439443.0,12016.0,1.0,0.58,-0.72,0.37,-0.1
59443427.0,3984.0,0.0,1.48,-2.12,1.88,0
59446443.0,3016.0,1.0,0.58,-0.72,0.37,-0.09
59449427.0,2984.0,0.0,1.28,-2.55,-1.12,0
59454443.0,5016.0,1.0,0.57,-0.72,0.38,-0.09
59457427.0,2984.0,0.0,1.02,-3.37,-3.85,0
59464443.0,7016.0,1.0,0.57,-0.72,0.38,-0.09
59467427.0,2984.0,0.0,1.39,-1.21,-5.63,0
59474443.0,7016.0,1.0,0.57,-0.72,0.39,-0.08
59477427.0,2984.0,0.0,1.91,1.41,-6.31,0
59485443.0,8016.0,1.0,0.56,-0.72,0.39,-0.08
59488427.0,2984.0,0.0,2.46,1.92,-5.29,0
59494443.0,6016.0,1.0,0.56,-0.73,0.39,-0.07
59497427.0,2984.0,0.0,2.41,2.08,2.37,0
59504443.0,7016.0,1.0,0.56,-0.73,0.4,-0.07
59507427.0,2984.0,0.0,0.64,0.79,4.48,0
59514443.0,7016.0,1.0,0.55,-0.73,0.4,-0.06
59517427.0,2984.0,0.0,-3.08,0.38,5.21,0
59525443.0,8016.0,1.0,0.55,-0.73,0.4,-0.05
59528427.0,2984.0,0.0,-6.27,-1.86,4.0,0
59534443.0,6016.0,1.0,0.55,-0.73,0.41,-0.04
59537427.0,2984.0,0.0,-7.25,-10.27,1.08,0
59544443.0,7016.0,1.0,0.55,-0.73,0.41,-0.04
59547427.0,2984.0,0.0,-6.93,-9.19,-0.11,0
59554443.0,7016.0,1.0,0.54,-0.72,0.42,-0.03
59557427.0,2984.0,0.0,-7.54,-6.25,-1.05,0
59565443.0,8016.0,1.0,0.54,-0.72,0.44,-0.03
59568427.0,2984.0,0.0,-8.47,-5.54,-2.08,0
59580443.0,12016.0,1.0,0.53,-0.72,0.45,-0.03
59585443.0,5000.0,1.0,0.53,-0.71,0.46,-0.02
59588427.0,2984.0,0.0,-13.63,-0.77,-1.48,0
59595443.0,7016.0,1.0,0.52,-0.71,0.48,-0.02
59598427.0,2984.0,0.0,-16.93,-1.12,-1.65,0
59604443.0,6016.0,1.0,0.52,-0.7,0.49,-0.01
59607427.0,2984.0,0.0,-21.75,0.16,1.76,0
59614443.0,7016.0,1.0,0.52,-0.69,0.5,-0.0
59617427.0,2984.0,0.0,-23.09,-2.25,4.95,0
59624443.0,7016.0,1.0,0.51,-0.68,0.52,0.0
59627427.0,2984.0,0.0,-25.22,-4.68,7.13,0
59635443.0,8016.0,1.0,0.51,-0.67,0.53,0.01
59638427.0,2984.0,0.0,-26.89,-4.95,6.7,0
59644443.0,6016.0,1.0,0.51,-0.66,0.55,0.01
59647427.0,2984.0,0.0,-25.21,2.43,4.75,0
59674443.0,27016.0,1.0,0.5,-0.65,0.57,0.02
59676607.0,2164.0,0.0,-22.6,16.74,-4.36,0
59679443.0,2836.0,1.0,0.5,-0.62,0.6,0.03
59684427.0,4984.0,0.0,-15.75,7.29,-12.79,0
59687443.0,3016.0,1.0,0.5,-0.61,0.62,0.04
59694443.0,7000.0,1.0,0.49,-0.6,0.64,0.04
59697427.0,2984.0,0.0,-11.61,-4.32,-16.14,0
59704443.0,7016.0,1.0,0.47,-0.58,0.66,0.03
59707427.0,2984.0,0.0,-12.33,12.38,-1.76,0
59716443.0,9016.0,1.0,0.45,-0.57,0.69,0.02
59719427.0,2984.0,0.0,-7.76,35.48,-10.29,0
59727443.0,8016.0,1.0,0.44,-0.56,0.7,0.01
59730427.0,2984.0,0.0,-4.1,39.64,-19.77,0
59734443.0,4016.0,1.0,0.46,-0.54,0.71,0.02
59737427.0,2984.0,0.0,0.49,28.86,-19.74,0
59744443.0,7016.0,1.0,0.49,-0.52,0.7,0.04
59747427.0,2984.0,0.0,10.78,13.69,-22.52,0
59755443.0,8016.0,1.0,0.53,-0.5,0.68,0.05
59758427.0,2984.0,0.0,23.95,8.45,-29.02,0
59765443.0,7016.0,1.0,0.58,-0.48,0.65,0.06
59768427.0,2984.0,0.0,28.05,-11.37,-14.98,0
59775443.0,7016.0,1.0,0.62,-0.47,0.63,0.07
59778427.0,2984.0,0.0,28.91,-20.95,-6.91,0
59784443.0,6016.0,1.0,0.65,-0.45,0.61,0.06
59787427.0,2984.0,0.0,30.06,-23.02,-1.66,0
59806443.0,19016.0,1.0,0.68,-0.43,0.59,0.05
59808607.0,2164.0,0.0,28.59,-10.69,2.3,0
59817443.0,8836.0,1.0,0.72,-0.4,0.56,0.03
59820427.0,2984.0,0.0,27.35,-10.11,1.49,0
59825443.0,5016.0,1.0,0.74,-0.39,0.54,0.01
59828427.0,2984.0,0.0,25.34,-10.36,0.44,0
59834443.0,6016.0,1.0,0.76,-0.38,0.53,-0.0
59837427.0,2984.0,0.0,21.49,-10.67,-0.79,0
59845443.0,8016.0,1.0,0.78,-0.37,0.51,-0.02
59848427.0,2984.0,0.0,19.81,-10.12,-2.37,0
59854443.0,6016.0,1.0,0.79,-0.36,0.49,-0.03
59857427.0,2984.0,0.0,17.66,-9.16,-4.17,0
59865443.0,8016.0,1.0,0.8,-0.35,0.47,-0.05
59868427.0,2984.0,0.0,15.42,-8.27,-5.54,0
59877443.0,9016.0,1.0,0.81,-0.35,0.46,-0.06
59880427.0,2984.0,0.0,9.16,-7.18,-6.16,0
59884443.0,4016.0,1.0,0.82,-0.34,0.44,-0.08
59887427.0,2984.0,0.0,4.92,-7.05,-5.82,0
59894443.0,7016.0,1.0,0.83,-0.34,0.43,-0.09
59897427.0,2984.0,0.0,0.72,-7.89,-4.01,0
59905443.0,8016.0,1.0,0.84,-0.34,0.42,-0.11
59908427.0,2984.0,0.0,-1.46,-8.76,-2.66,0
59915443.0,7016.0,1.0,0.84,-0.34,0.4,-0.12
59918427.0,2984.0,0.0,0.45,-8.57,-1.06,0
59925443.0,7016.0,1.0,0.85,-0.34,0.39,-0.13
59928427.0,2984.0,0.0,1.82,-7.89,-0.95,0
59937443.0,9016.0,1.0,0.85,-0.34,0.38,-0.14
59940427.0,2984.0,0.0,2.52,-7.2,-0.74,0
59945443.0,5016.0,1.0,0.85,-0.34,0.37,-0.15
59948427.0,2984.0,0.0,3.94,-6.6,-1.3,0
59954443.0,6016.0,1.0,0.86,-0.34,0.36,-0.16
59957427.0,2984.0,0.0,4.5,-6.33,-1.21,0
59965443.0,8016.0,1.0,0.86,-0.34,0.35,-0.17
59968427.0,2984.0,0.0,4.96,-5.9,-1.1,0
59975443.0,7016.0,1.0,0.86,-0.34,0.34,-0.18
59978427.0,2984.0,0.0,5.38,-5.23,-0.95,0
59985443.0,7016.0,1.0,0.86,-0.34,0.33,-0.19
59988427.0,2984.0,0.0,5.71,-3.94,0.0,0
59994443.0,6016.0,1.0,0.86,-0.34,0.33,-0.19
59997427.0,2984.0,0.0,5.82,-3.23,0.54,0
60005443.0,8016.0,1.0,0.86,-0.34,0.32,-0.2
60009427.0,3984.0,0.0,5.66,-3.02,1.15,0
60016443.0,7016.0,1.0,0.86,-0.34,0.31,-0.21
60019427.0,2984.0,0.0,5.43,-3.12,1.31,0
60027443.0,8016.0,1.0,0.86,-0.34,0.3,-0.21
60030427.0,2984.0,0.0,4.84,-4.25,1.32,0
60034443.0,4016.0,1.0,0.86,-0.34,0.3,-0.22
60037427.0,2984.0,0.0,4.56,-4.51,0.92,0
60044443.0,7016.0,1.0,0.86,-0.35,0.29,-0.22
60047427.0,2984.0,0.0,4.32,-4.05,0.65,0
60055443.0,8016.0,1.0,0.86,-0.35,0.28,-0.23
60058427.0,2984.0,0.0,3.82,-3.61,0.47,0
60064443.0,6016.0,1.0,0.86,-0.35,0.28,-0.23
60067427.0,2984.0,0.0,2.82,-2.89,-0.19,0
60075443.0,8016.0,1.0,0.86,-0.35,0.28,-0.24
60078427.0,2984.0,0.0,2.35,-2.36,-0.13,0
60085443.0,7016.0,1.0,0.86,-0.36,0.27,-0.24
60088427.0,2984.0,0.0,1.93,-2.07,-0.13,0
60095443.0,7016.0,1.0,0.86,-0.36,0.27,-0.24
60098427.0,2984.0,0.0,1.5,-1.64,-0.11,0
60105443.0,7016.0,1.0,0.86,-0.36,0.27,-0.25
60108427.0,2984.0,0.0,0.7,-1.01,-0.63,0
60115443.0,7016.0,1.0,0.86,-0.37,0.27,-0.25
60118427.0,2984.0,0.0,0.5,-0.65,-0.99,0
60125443.0,7016.0,1.0,0.85,-0.37,0.26,-0.25
60128427.0,2984.0,0.0,0.62,-0.42,-1.21,0
60135443.0,7016.0,1.0,0.85,-0.37,0.26,-0.26
60138427.0,2984.0,0.0,0.57,-0.61,-1.18,0
60145443.0,7016.0,1.0,0.85,-0.37,0.26,-0.26
60148427.0,2984.0,0.0,0.5,-1.02,-0.58,0
60158443.0,10016.0,1.0,0.85,-0.38,0.26,-0.26
60161427.0,2984.0,0.0,0.64,-0.56,-0.21,0
60166443.0,5016.0,1.0,0.85,-0.38,0.26,-0.27
60169427.0,2984.0,0.0,1.02,-0.15,0.07,0
60175443.0,6016.0,1.0,0.85,-0.38,0.25,-0.27
60178427.0,2984.0,0.0,1.27,-0.7,0.48,0
60185443.0,7016.0,1.0,0.85,-0.39,0.25,-0.27
60188427.0,2984.0,0.0,1.34,-0.67,0.28,0
60195443.0,7016.0,1.0,0.84,-0.39,0.25,-0.27
60198427.0,2984.0,0.0,1.09,-0.52,0.03,0
60205443.0,7016.0,1.0,0.84,-0.39,0.25,-0.27
60208427.0,2984.0,0.0,0.8,-0.79,-0.15,0
60215443.0,7016.0,1.0,0.84,-0.39,0.24,-0.27
60218427.0,2984.0,0.0,-0.59,0.04,-0.17,0
60225443.0,7016.0,1.0,0.84,-0.4,0.24,-0.27
60228427.0,2984.0,0.0,-1.19,0.89,-0.3,0
60235443.0,7016.0,1.0,0.84,-0.4,0.24,-0.27
60238427.0,2984.0,0.0,-1.59,0.92,-0.47,0
60245443.0,7016.0,1.0,0.84,-0.4,0.24,-0.27
60248427.0,2984.0,0.0,-1.57,0.37,-0.19,0
60254443.0,6016.0,1.0,0.84,-0.4,0.23,-0.27
60257427.0,2984.0,0.0,-1.14,9.47,4.95,0
60265443.0,8016.0,1.0,0.84,-0.41,0.23,-0.27
60268427.0,2984.0,0.0,-1.36,-2.1,-1.51,0
60275443.0,7016.0,1.0,0.84,-0.41,0.23,-0.27
60278427.0,2984.0,0.0,-0.39,-2.86,-0.26,0
60285443.0,7016.0,1.0,0.84,-0.41,0.23,-0.27
60288427.0,2984.0,0.0,-0.3,-1.02,0.98,0
60294443.0,6016.0,1.0,0.84,-0.41,0.23,-0.27
60297427.0,2984.0,0.0,-0.02,-2.78,0.16,0
60305443.0,8016.0,1.0,0.84,-0.41,0.23,-0.27
60308427.0,2984.0,0.0,-0.11,-1.3,0.8,0
60315443.0,7016.0,1.0,0.84,-0.42,0.23,-0.27
60318427.0,2984.0,0.0,-0.6,0.22,1.14,0
60325443.0,7016.0,1.0,0.84,-0.42,0.23,-0.27
60328427.0,2984.0,0.0,-0.66,1.41,1.98,0
60335443.0,7016.0,1.0,0.84,-0.42,0.23,-0.27
60338427.0,2984.0,0.0,-0.86,-1.14,0.28,0
60345443.0,7016.0,1.0,0.83,-0.42,0.23,-0.27
60349427.0,3984.0,0.0,0.95,3.55,0.35,0
60355443.0,6016.0,1.0,0.83,-0.42,0.23,-0.27
60358427.0,2984.0,0.0,0.51,-2.68,-1.27,0
60365443.0,7016.0,1.0,0.83,-0.43,0.23,-0.27
60368427.0,2984.0,0.0,0.56,-0.88,-0.19,0
60375443.0,7016.0,1.0,0.83,-0.43,0.23,-0.27
60378427.0,2984.0,0.0,0.43,-0.33,-0.82,0
60385443.0,7016.0,1.0,0.83,-0.43,0.23,-0.27
60388427.0,2984.0,0.0,0.64,-0.35,-0.59,0
60395443.0,7016.0,1.0,0.83,-0.43,0.23,-0.27
60398427.0,2984.0,0.0,0.88,1.49,0.25,0
60405443.0,7016.0,1.0,0.83,-0.43,0.23,-0.27
60408427.0,2984.0,0.0,1.41,0.32,-0.7,0
60415443.0,7016.0,1.0,0.83,-0.44,0.23,-0.27
60418427.0,2984.0,0.0,1.77,0.84,-0.39,0
60425443.0,7016.0,1.0,0.83,-0.44,0.23,-0.27
60429427.0,3984.0,0.0,1.98,0.06,-0.55,0
60435443.0,6016.0,1.0,0.82,-0.44,0.23,-0.27
60438427.0,2984.0,0.0,2.16,-0.11,-0.55,0
60445443.0,7016.0,1.0,0.82,-0.44,0.23,-0.27
60448427.0,2984.0,0.0,2.06,-0.5,-0.14,0
60455443.0,7016.0,1.0,0.82,-0.45,0.23,-0.27
60458427.0,2984.0,0.0,2.08,-0.93,-0.21,0
60465443.0,7016.0,1.0,0.82,-0.45,0.23,-0.27
60468427.0,2984.0,0.0,2.1,-0.96,-0.45,0
60475443.0,7016.0,1.0,0.82,-0.45,0.23,-0.27
60478427.0,2984.0,0.0,2.08,-0.98,-0.96,0
60484443.0,6016.0,1.0,0.82,-0.45,0.23,-0.27
60487427.0,2984.0,0.0,1.64,-0.1,-2.0,0
60497443.0,10016.0,1.0,0.82,-0.45,0.23,-0.27
60500427.0,2984.0,0.0,1.59,0.05,-2.27,0
60505443.0,5016.0,1.0,0.82,-0.46,0.23,-0.27
60508427.0,2984.0,0.0,1.45,0.68,-2.23,0
60515443.0,7016.0,1.0,0.81,-0.46,0.23,-0.27
60518427.0,2984.0,0.0,1.05,1.01,-2.21,0
60525443.0,7016.0,1.0,0.81,-0.46,0.23,-0.27
60528427.0,2984.0,0.0,0.15,-0.04,-1.74,0
60535443.0,7016.0,1.0,0.81,-0.47,0.23,-0.27
60538427.0,2984.0,0.0,-0.06,-0.4,-1.47,0
60545443.0,7016.0,1.0,0.81,-0.47,0.22,-0.27
60548427.0,2984.0,0.0,0.01,-0.82,-1.31,0
60555443.0,7016.0,1.0,0.81,-0.47,0.22,-0.27
60558427.0,2984.0,0.0,-0.2,-0.86,-0.34,0
60565443.0,7016.0,1.0,0.81,-0.48,0.22,-0.27
60568427.0,2984.0,0.0,-0.9,-0.93,-0.9,0
60575443.0,7016.0,1.0,0.81,-0.48,0.22,-0.26
60578427.0,2984.0,0.0,-1.94,-1.31,-0.39,0
60585443.0,7016.0,1.0,0.81,-0.48,0.22,-0.26
60588427.0,2984.0,0.0,-2.91,-1.04,0.25,0
60595443.0,7016.0,1.0,0.8,-0.49,0.21,-0.26
60598427.0,2984.0,0.0,-4.41,-2.18,0.93,0
60605443.0,7016.0,1.0,0.8,-0.49,0.21,-0.26
60608427.0,2984.0,0.0,-4.14,-4.11,1.78,0
60615443.0,7016.0,1.0,0.8,-0.5,0.21,-0.26
60618427.0,2984.0,0.0,-3.54,-4.0,1.16,0
60625443.0,7016.0,1.0,0.8,-0.5,0.21,-0.26
60628427.0,2984.0,0.0,-3.11,-2.79,1.03,0
60635443.0,7016.0,1.0,0.79,-0.51,0.22,-0.25
60638427.0,2984.0,0.0,-1.23,-3.43,-0.82,0
60645443.0,7016.0,1.0,0.79,-0.51,0.22,-0.25
60648427.0,2984.0,0.0,-0.96,-2.45,-0.82,0
60655443.0,7016.0,1.0,0.79,-0.51,0.23,-0.26
60658427.0,2984.0,0.0,-1.3,-2.06,-0.28,0
60665443.0,7016.0,1.0,0.78,-0.52,0.24,-0.26
60668427.0,2984.0,0.0,-0.8,-3.2,-0.12,0
60675443.0,7016.0,1.0,0.78,-0.52,0.25,-0.26
60678427.0,2984.0,0.0,-1.76,-0.96,0.04,0
60685443.0,7016.0,1.0,0.77,-0.52,0.25,-0.26
60688427.0,2984.0,0.0,-1.96,-0.49,-0.7,0
60695443.0,7016.0,1.0,0.77,-0.52,0.26,-0.26
60698427.0,2984.0,0.0,-1.54,-2.27,-0.57,0
60705443.0,7016.0,1.0,0.76,-0.53,0.26,-0.26
60708427.0,2984.0,0.0,-1.34,-2.91,-0.79,0
60718443.0,10016.0,1.0,0.76,-0.53,0.27,-0.26
60721427.0,2984.0,0.0,-1.04,-2.94,-1.28,0
60725443.0,4016.0,1.0,0.76,-0.54,0.27,-0.26
60729427.0,3984.0,0.0,-1.85,-2.17,-2.21,0
60735443.0,6016.0,1.0,0.75,-0.54,0.28,-0.26
60738427.0,2984.0,0.0,-2.8,-0.81,-3.11,0
60745443.0,7016.0,1.0,0.75,-0.55,0.28,-0.25
60748427.0,2984.0,0.0,-4.42,0.17,-3.43,0
60755443.0,7016.0,1.0,0.74,-0.55,0.29,-0.25
60758427.0,2984.0,0.0,-5.57,2.04,-5.74,0
60765443.0,7016.0,1.0,0.74,-0.55,0.29,-0.25
60769427.0,3984.0,0.0,-4.43,2.88,-6.11,0
60775443.0,6016.0,1.0,0.73,-0.56,0.29,-0.26
60778427.0,2984.0,0.0,-2.72,4.2,-6.52,0
60785443.0,7016.0,1.0,0.73,-0.56,0.3,-0.26
60788427.0,2984.0,0.0,1.07,3.3,-3.84,0
60795443.0,7016.0,1.0,0.72,-0.57,0.3,-0.26
60798427.0,2984.0,0.0,2.47,1.85,-2.93,0
60805443.0,7016.0,1.0,0.72,-0.57,0.3,-0.25
60808427.0,2984.0,0.0,2.28,3.51,-2.69,0
60815443.0,7016.0,1.0,0.72,-0.58,0.29,-0.25
60818427.0,2984.0,0.0,1.07,3.45,-2.27,0
60825443.0,7016.0,1.0,0.71,-0.59,0.29,-0.25
60828427.0,2984.0,0.0,-1.36,2.43,-1.25,0
60835443.0,7016.0,1.0,0.71,-0.59,0.29,-0.25
60838427.0,2984.0,0.0,-2.56,0.55,-1.37,0
60845443.0,7016.0,1.0,0.71,-0.6,0.29,-0.25
60848427.0,2984.0,0.0,-3.08,-2.83,-1.46,0
60857443.0,9016.0,1.0,0.7,-0.6,0.29,-0.25
60860427.0,2984.0,0.0,-3.6,-4.65,-1.37,0
60866443.0,6016.0,1.0,0.7,-0.6,0.3,-0.25
60869427.0,2984.0,0.0,-3.62,-3.16,-3.18,0
60875443.0,6016.0,1.0,0.69,-0.61,0.3,-0.25
60878427.0,2984.0,0.0,-1.35,-2.66,-4.41,0
60885443.0,7016.0,1.0,0.69,-0.61,0.3,-0.25
60888427.0,2984.0,0.0,0.27,0.05,-4.6,0
60895443.0,7016.0,1.0,0.68,-0.62,0.3,-0.25
60898427.0,2984.0,0.0,0.63,0.75,-4.17,0
60905443.0,7016.0,1.0,0.68,-0.62,0.31,-0.24
60908427.0,2984.0,0.0,0.2,0.05,-2.06,0
60915443.0,7016.0,1.0,0.68,-0.62,0.31,-0.24
60918427.0,2984.0,0.0,-0.52,-0.38,-1.36,0
60925443.0,7016.0,1.0,0.67,-0.63,0.31,-0.24
60928427.0,2984.0,0.0,-1.13,-0.96,-0.43,0
60935443.0,7016.0,1.0,0.67,-0.63,0.31,-0.24
60938427.0,2984.0,0.0,-1.28,-1.82,-0.04,0
60945443.0,7016.0,1.0,0.67,-0.64,0.31,-0.23
60948427.0,2984.0,0.0,-1.59,0.85,-1.02,0
60955443.0,7016.0,1.0,0.66,-0.64,0.32,-0.23
60958427.0,2984.0,0.0,-0.67,0.95,-1.51,0
60966443.0,8016.0,1.0,0.66,-0.64,0.32,-0.23
60969427.0,2984.0,0.0,0.06,1.99,-1.73,0
60975443.0,6016.0,1.0,0.65,-0.65,0.32,-0.22
60978427.0,2984.0,0.0,-1.4,0.82,-2.64,0
60985443.0,7016.0,1.0,0.65,-0.65,0.31,-0.22
60988427.0,2984.0,0.0,-2.86,0.89,-3.45,0
60995443.0,7016.0,1.0,0.65,-0.66,0.31,-0.22
60998427.0,2984.0,0.0,-4.13,0.98,-4.06,0
61005443.0,7016.0,1.0,0.64,-0.66,0.31,-0.21
61008427.0,2984.0,0.0,-4.06,0.14,-3.65,0
61020443.0,12016.0,1.0,0.64,-0.67,0.31,-0.21
61024427.0,3984.0,0.0,0.11,1.6,-1.81,0
61027443.0,3016.0,1.0,0.64,-0.67,0.31,-0.21
61030427.0,2984.0,0.0,0.11,1.6,-1.71,0
61035443.0,5016.0,1.0,0.64,-0.68,0.31,-0.2
61038427.0,2984.0,0.0,1.9,2.52,-1.3,0
61045443.0,7016.0,1.0,0.63,-0.68,0.31,-0.2
61048427.0,2984.0,0.0,3.03,-0.32,-0.66,0
61055443.0,7016.0,1.0,0.63,-0.68,0.31,-0.2
61058427.0,2984.0,0.0,2.59,-1.3,0.67,0
61065443.0,7016.0,1.0,0.63,-0.69,0.31,-0.19
61068427.0,2984.0,0.0,1.47,-2.74,0.51,0
61075443.0,7016.0,1.0,0.62,-0.69,0.32,-0.19
61078427.0,2984.0,0.0,0.22,-3.54,-0.59,0
61085443.0,7016.0,1.0,0.62,-0.69,0.32,-0.19
61088427.0,2984.0,0.0,-1.14,-2.77,-2.46,0
61095443.0,7016.0,1.0,0.61,-0.7,0.32,-0.19
61098427.0,2984.0,0.0,-0.95,-0.63,-5.11,0
61105443.0,7016.0,1.0,0.61,-0.7,0.33,-0.18
61108427.0,2984.0,0.0,-0.16,0.89,-4.77,0
61115443.0,7016.0,1.0,0.61,-0.7,0.33,-0.18
61118427.0,2984.0,0.0,0.65,1.35,-3.06,0
61125443.0,7016.0,1.0,0.6,-0.7,0.33,-0.18
61128427.0,2984.0,0.0,0.36,1.42,-1.31,0
61135443.0,7016.0,1.0,0.6,-0.71,0.33,-0.17
61138427.0,2984.0,0.0,-0.89,0.65,0.32,0
61145443.0,7016.0,1.0,0.6,-0.71,0.33,-0.17
61149427.0,3984.0,0.0,-1.58,0.22,0.5,0
61155443.0,6016.0,1.0,0.6,-0.71,0.33,-0.16
61158427.0,2984.0,0.0,-1.84,-1.74,-0.11,0
61165443.0,7016.0,1.0,0.59,-0.72,0.33,-0.15
61168427.0,2984.0,0.0,-0.72,-1.57,-0.86,0
61180443.0,12016.0,1.0,0.59,-0.72,0.33,-0.15
61184427.0,3984.0,0.0,0.47,-2.45,-0.13,0
61187443.0,3016.0,1.0,0.59,-0.72,0.33,-0.14
61190427.0,2984.0,0.0,0.44,-2.5,-0.03,0
61195443.0,5016.0,1.0,0.59,-0.73,0.33,-0.14
61198427.0,2984.0,0.0,0.57,-2.02,-0.54,0
61205443.0,7016.0,1.0,0.58,-0.73,0.33,-0.14
61208427.0,2984.0,0.0,0.98,0.71,-1.61,0
61215443.0,7016.0,1.0,0.58,-0.73,0.33,-0.13
61218427.0,2984.0,0.0,0.11,1.29,-2.86,0
61225443.0,7016.0,1.0,0.58,-0.74,0.33,-0.13
61229427.0,3984.0,0.0,-0.14,1.71,-4.0,0
61235443.0,6016.0,1.0,0.58,-0.74,0.33,-0.12
61238427.0,2984.0,0.0,0.71,1.49,-3.23,0
61245443.0,7016.0,1.0,0.57,-0.74,0.33,-0.12
61248427.0,2984.0,0.0,2.25,-1.04,1.65,0
61255443.0,7016.0,1.0,0.57,-0.74,0.33,-0.11
61258427.0,2984.0,0.0,0.94,-2.6,3.09,0
61265443.0,7016.0,1.0,0.57,-0.74,0.33,-0.11
61268427.0,2984.0,0.0,-0.41,-2.73,2.15,0
61275443.0,7016.0,1.0,0.56,-0.75,0.34,-0.11
61278427.0,2984.0,0.0,-1.69,-2.26,0.7,0
61285443.0,7016.0,1.0,0.56,-0.75,0.34,-0.1
61288427.0,2984.0,0.0,-2.12,-3.78,-2.62,0
61295443.0,7016.0,1.0,0.56,-0.75,0.34,-0.1
61298427.0,2984.0,0.0,-0.79,-2.87,-3.31,0
61305443.0,7016.0,1.0,0.56,-0.75,0.34,-0.09
61308427.0,2984.0,0.0,1.71,-1.89,-4.08,0
61315443.0,7016.0,1.0,0.55,-0.75,0.35,-0.09
61318427.0,2984.0,0.0,1.96,-0.58,-3.06,0
61325443.0,7016.0,1.0,0.55,-0.75,0.35,-0.08
61328427.0,2984.0,0.0,0.23,-1.07,0.34,0
61340443.0,12016.0,1.0,0.55,-0.76,0.35,-0.08
61344427.0,3984.0,0.0,-4.99,1.54,0.55,0
61347443.0,3016.0,1.0,0.55,-0.76,0.35,-0.07
61350427.0,2984.0,0.0,-6.92,-0.21,-0.7,0
61355443.0,5016.0,1.0,0.55,-0.76,0.35,-0.06
61358427.0,2984.0,0.0,-7.32,-4.55,-0.59,0
61365443.0,7016.0,1.0,0.55,-0.76,0.35,-0.05
61368427.0,2984.0,0.0,-7.8,-5.9,0.27,0
61375443.0,7016.0,1.0,0.55,-0.76,0.35,-0.05
61378427.0,2984.0,0.0,-8.73,-5.97,0.8,0
61386443.0,8016.0,1.0,0.55,-0.76,0.36,-0.04
61389427.0,2984.0,0.0,-9.34,-6.12,0.6,0
61395443.0,6016.0,1.0,0.55,-0.76,0.36,-0.03
61398427.0,2984.0,0.0,-8.61,-4.97,4.43,0
61405443.0,7016.0,1.0,0.54,-0.75,0.37,-0.02
61408427.0,2984.0,0.0,-8.2,-6.51,6.72,0
61415443.0,7016.0,1.0,0.54,-0.75,0.38,-0.01
61418427.0,2984.0,0.0,-9.36,-6.15,7.04,0
61426443.0,8016.0,1.0,0.54,-0.75,0.39,-0.01
61429427.0,2984.0,0.0,-11.16,-6.18,6.02,0
61441443.0,12016.0,1.0,0.54,-0.74,0.4,0.0
61446443.0,5000.0,1.0,0.53,-0.74,0.41,0.01
61449427.0,2984.0,0.0,-14.07,-5.34,2.58,0
61455443.0,6016.0,1.0,0.53,-0.73,0.43,0.01
61458427.0,2984.0,0.0,-15.15,-4.92,1.86,0
61466443.0,8016.0,1.0,0.52,-0.72,0.45,0.02
61469427.0,2984.0,0.0,-16.0,-3.19,2.04,0
61475443.0,6016.0,1.0,0.52,-0.72,0.47,0.02
61478427.0,2984.0,0.0,-17.29,3.25,1.93,0
61485443.0,7016.0,1.0,0.51,-0.71,0.49,0.02
61488427.0,2984.0,0.0,-17.52,6.41,1.44,0
61495443.0,7016.0,1.0,0.5,-0.69,0.51,0.02
61498427.0,2984.0,0.0,-17.13,8.99,0.78,0
61506443.0,8016.0,1.0,0.5,-0.68,0.53,0.03
61509427.0,2984.0,0.0,-16.53,13.0,-1.34,0
61521443.0,12016.0,1.0,0.5,-0.67,0.55,0.03
61526427.0,4984.0,0.0,-12.39,14.96,-6.72,0
61529443.0,3016.0,1.0,0.5,-0.66,0.56,0.05
61532427.0,2984.0,0.0,-10.42,11.64,-11.48,0
61536443.0,4016.0,1.0,0.5,-0.64,0.57,0.06
61539427.0,2984.0,0.0,-10.65,11.34,-11.54,0
61546443.0,7016.0,1.0,0.5,-0.63,0.59,0.06
61549427.0,2984.0,0.0,-8.24,-12.28,-7.59,0
61555443.0,6016.0,1.0,0.48,-0.62,0.62,0.05
61558427.0,2984.0,0.0,-8.91,6.33,0.45,0
61565443.0,7016.0,1.0,0.46,-0.61,0.65,0.03
61568427.0,2984.0,0.0,-4.45,24.29,-10.36,0
61577443.0,9016.0,1.0,0.44,-0.59,0.67,0.02
61580427.0,2984.0,0.0,-3.02,33.11,-15.36,0
61588443.0,8016.0,1.0,0.45,-0.58,0.68,0.03
61591427.0,2984.0,0.0,-1.45,26.76,-13.29,0
61595443.0,4016.0,1.0,0.47,-0.56,0.68,0.04
61598427.0,2984.0,0.0,4.0,15.64,-13.79,0
61605443.0,7016.0,1.0,0.5,-0.55,0.67,0.06
61608427.0,2984.0,0.0,12.4,6.83,-17.26,0
61616443.0,8016.0,1.0,0.54,-0.53,0.65,0.08
61619427.0,2984.0,0.0,15.29,-1.41,-15.64,0
61625443.0,6016.0,1.0,0.57,-0.51,0.63,0.09
61628427.0,2984.0,0.0,15.31,-15.19,-8.0,0
61640443.0,12016.0,1.0,0.61,-0.49,0.62,0.1
61644427.0,3984.0,0.0,16.84,-15.48,-2.79,0
61647443.0,3016.0,1.0,0.63,-0.48,0.6,0.1
61650427.0,2984.0,0.0,17.73,-10.32,-1.09,0
61656443.0,6016.0,1.0,0.66,-0.46,0.59,0.09
61659427.0,2984.0,0.0,17.83,-10.39,-1.71,0
61666443.0,7016.0,1.0,0.68,-0.44,0.58,0.08
61669427.0,2984.0,0.0,18.7,-8.68,-0.97,0
61681443.0,12016.0,1.0,0.7,-0.43,0.56,0.08
61686427.0,4984.0,0.0,18.01,-10.09,-1.06,0
61689443.0,3016.0,1.0,0.73,-0.41,0.55,0.07
61692427.0,2984.0,0.0,17.69,-9.48,-1.5,0
61696443.0,4016.0,1.0,0.75,-0.4,0.53,0.05
61699427.0,2984.0,0.0,17.39,-8.5,-2.21,0
61706443.0,7016.0,1.0,0.76,-0.39,0.52,0.04
61709427.0,2984.0,0.0,17.07,-7.32,-3.2,0
61715443.0,6016.0,1.0,0.78,-0.37,0.5,0.03
61718427.0,2984.0,0.0,16.51,-6.99,-4.09,0
61726443.0,8016.0,1.0,0.8,-0.36,0.48,0.01
61729427.0,2984.0,0.0,15.5,-7.19,-4.55,0
61735443.0,6016.0,1.0,0.81,-0.36,0.47,-0.0
61738427.0,2984.0,0.0,14.21,-7.3,-4.63,0
61748443.0,10016.0,1.0,0.82,-0.35,0.45,-0.02
61751427.0,2984.0,0.0,10.65,-6.96,-4.3,0
61755443.0,4016.0,1.0,0.83,-0.34,0.43,-0.03
61758427.0,2984.0,0.0,8.86,-7.08,-3.87,0
61766443.0,8016.0,1.0,0.84,-0.34,0.41,-0.05
61769427.0,2984.0,0.0,6.93,-7.29,-2.56,0
61775443.0,6016.0,1.0,0.85,-0.34,0.4,-0.06
61778427.0,2984.0,0.0,4.14,-8.79,-0.62,0
61786443.0,8016.0,1.0,0.86,-0.33,0.38,-0.08
61789427.0,2984.0,0.0,3.79,-8.8,-0.55,0
61798443.0,9016.0,1.0,0.86,-0.33,0.37,-0.09
61801427.0,2984.0,0.0,3.5,-8.08,-0.55,0
61808443.0,7016.0,1.0,0.87,-0.33,0.36,-0.1
61811427.0,2984.0,0.0,2.59,-5.68,-0.41,0
61815443.0,4016.0,1.0,0.87,-0.33,0.35,-0.12
61818427.0,2984.0,0.0,2.5,-5.04,-0.67,0
61825443.0,7016.0,1.0,0.88,-0.32,0.33,-0.13
61828427.0,2984.0,0.0,2.54,-4.92,-0.5,0
61835443.0,7016.0,1.0,0.88,-0.32,0.32,-0.14
61838427.0,2984.0,0.0,3.12,-5.04,0.11,0
61846443.0,8016.0,1.0,0.88,-0.32,0.31,-0.15
61849427.0,2984.0,0.0,3.93,-4.95,0.93,0
61856443.0,7016.0,1.0,0.88,-0.32,0.3,-0.16
61859427.0,2984.0,0.0,5.42,-5.82,1.5,0
61866443.0,7016.0,1.0,0.88,-0.32,0.29,-0.17
61869427.0,2984.0,0.0,5.95,-6.18,1.51,0
61878443.0,9016.0,1.0,0.88,-0.33,0.28,-0.18
61881427.0,2984.0,0.0,6.16,-6.14,1.4,0
61888443.0,7016.0,1.0,0.88,-0.33,0.27,-0.19
61891427.0,2984.0,0.0,6.04,-5.96,1.11,0
61895443.0,4016.0,1.0,0.88,-0.33,0.27,-0.2
61898427.0,2984.0,0.0,5.19,-4.7,0.53,0
61905443.0,7016.0,1.0,0.88,-0.33,0.26,-0.2
61908427.0,2984.0,0.0,4.64,-3.86,0.08,0
61916443.0,8016.0,1.0,0.88,-0.33,0.26,-0.21
61919427.0,2984.0,0.0,4.36,-3.38,0.16,0
61926443.0,7016.0,1.0,0.88,-0.33,0.25,-0.22
61929427.0,2984.0,0.0,3.77,-3.25,0.29,0
61936443.0,7016.0,1.0,0.88,-0.33,0.25,-0.22
61939427.0,2984.0,0.0,3.53,-3.66,-0.22,0
61946443.0,7016.0,1.0,0.88,-0.34,0.25,-0.23
61949427.0,2984.0,0.0,2.98,-4.02,-0.93,0
61956443.0,7016.0,1.0,0.88,-0.34,0.24,-0.23
61959427.0,2984.0,0.0,2.17,-3.84,-1.12,0
61966443.0,7016.0,1.0,0.88,-0.34,0.24,-0.24
61969427.0,2984.0,0.0,0.54,-2.26,-1.27,0
61976443.0,7016.0,1.0,0.88,-0.34,0.24,-0.24
61979427.0,2984.0,0.0,-0.2,-1.57,-0.46,0
61986443.0,7016.0,1.0,0.87,-0.34,0.24,-0.25
61990427.0,3984.0,0.0,-0.79,-1.06,0.09,0
61996443.0,6016.0,1.0,0.87,-0.35,0.23,-0.25
61999427.0,2984.0,0.0,-1.19,-0.72,0.18,0
62005443.0,6016.0,1.0,0.87,-0.35,0.23,-0.25
62008427.0,2984.0,0.0,-1.24,-0.37,0.3,0
62021443.0,13016.0,1.0,0.87,-0.35,0.23,-0.25
62025427.0,3984.0,0.0,-0.84,-0.41,0.66,0
62028443.0,3016.0,1.0,0.87,-0.35,0.23,-0.26
62031427.0,2984.0,0.0,-0.58,-0.55,1.02,0
62036443.0,5016.0,1.0,0.87,-0.36,0.22,-0.26
62039427.0,2984.0,0.0,-0.55,-0.48,1.03,0
62046443.0,7016.0,1.0,0.87,-0.36,0.22,-0.26
62049427.0,2984.0,0.0,0.16,-0.88,1.1,0
62056443.0,7016.0,1.0,0.87,-0.36,0.22,-0.26
62059427.0,2984.0,0.0,0.53,-0.84,0.62,0
62066443.0,7016.0,1.0,0.87,-0.36,0.22,-0.26
62069427.0,2984.0,0.0,0.82,-0.21,0.27,0
62076443.0,7016.0,1.0,0.86,-0.37,0.22,-0.26
62079427.0,2984.0,0.0,1.24,0.57,-0.07,0
62086443.0,7016.0,1.0,0.86,-0.37,0.22,-0.27
62089427.0,2984.0,0.0,1.38,1.04,-0.39,0
62096443.0,7016.0,1.0,0.86,-0.37,0.22,-0.27
62099427.0,2984.0,0.0,1.29,0.84,-0.55,0
62106443.0,7016.0,1.0,0.86,-0.37,0.22,-0.27
62109427.0,2984.0,0.0,1.24,0.84,-0.9,0
62116443.0,7016.0,1.0,0.86,-0.38,0.22,-0.27
62119427.0,2984.0,0.0,1.18,0.99,-0.53,0
62126443.0,7016.0,1.0,0.86,-0.38,0.21,-0.27
62129427.0,2984.0,0.0,1.25,0.2,-0.38,0
62136443.0,7016.0,1.0,0.86,-0.38,0.21,-0.27
62139427.0,2984.0,0.0,1.12,-0.45,-0.29,0
62146443.0,7016.0,1.0,0.86,-0.38,0.21,-0.27
62149427.0,2984.0,0.0,1.13,-0.95,-0.22,0
62156443.0,7016.0,1.0,0.86,-0.39,0.21,-0.27
62159427.0,2984.0,0.0,1.36,-1.57,-0.03,0
62166443.0,7016.0,1.0,0.86,-0.39,0.21,-0.27
62169427.0,2984.0,0.0,1.11,-1.17,-0.11,0
62176443.0,7016.0,1.0,0.85,-0.39,0.21,-0.27
62179427.0,2984.0,0.0,0.79,-0.41,-0.14,0
62186443.0,7016.0,1.0,0.85,-0.39,0.21,-0.27
62189427.0,2984.0,0.0,0.66,0.5,-0.36,0
62195443.0,6016.0,1.0,0.85,-0.4,0.22,-0.27
62198427.0,2984.0,0.0,0.54,0.73,-0.47,0
62206443.0,8016.0,1.0,0.85,-0.4,0.22,-0.27
62209427.0,2984.0,0.0,0.53,0.28,-0.65,0
62216443.0,7016.0,1.0,0.85,-0.4,0.22,-0.27
62219427.0,2984.0,0.0,0.45,0.22,-0.76,0
62226443.0,7016.0,1.0,0.85,-0.4,0.22,-0.27
62229427.0,2984.0,0.0,0.24,0.39,-0.68,0
62235443.0,6016.0,1.0,0.85,-0.41,0.22,-0.27
62238427.0,2984.0,0.0,0.31,0.25,-0.77,0
62246443.0,8016.0,1.0,0.84,-0.41,0.22,-0.27
62249427.0,2984.0,0.0,0.54,0.18,-0.54,0
62256443.0,7016.0,1.0,0.84,-0.41,0.22,-0.27
62259427.0,2984.0,0.0,0.73,-0.05,-0.44,0
62266443.0,7016.0,1.0,0.84,-0.42,0.22,-0.27
62269427.0,2984.0,0.0,0.67,0.38,-0.39,0
62276443.0,7016.0,1.0,0.84,-0.42,0.22,-0.27
62279427.0,2984.0,0.0,0.21,0.66,0.01,0
62286443.0,7016.0,1.0,0.84,-0.42,0.22,-0.27
62290427.0,3984.0,0.0,-0.06,1.58,-0.36,0
62299443.0,9016.0,1.0,0.84,-0.42,0.22,-0.27
62302427.0,2984.0,0.0,-0.46,2.05,-0.58,0
62309443.0,7016.0,1.0,0.84,-0.43,0.22,-0.27
62313427.0,3984.0,0.0,-0.64,1.07,-0.66,0
62317443.0,4016.0,1.0,0.84,-0.43,0.22,-0.26
62320427.0,2984.0,0.0,-0.61,0.71,-0.32,0
62326443.0,6016.0,1.0,0.83,-0.43,0.22,-0.26
62330427.0,3984.0,0.0,-0.36,0.38,0.03,0
62336443.0,6016.0,1.0,0.83,-0.43,0.22,-0.26
62339427.0,2984.0,0.0,-0.15,0.16,0.14,0
62346443.0,7016.0,1.0,0.83,-0.44,0.22,-0.26
62349427.0,2984.0,0.0,0.14,0.01,0.25,0
62356443.0,7016.0,1.0,0.83,-0.44,0.22,-0.26
62359427.0,2984.0,0.0,0.23,-0.25,0.13,0
62366443.0,7016.0,1.0,0.83,-0.44,0.22,-0.26
62370427.0,3984.0,0.0,0.36,-0.35,0.13,0
62376443.0,6016.0,1.0,0.83,-0.44,0.22,-0.26
62379427.0,2984.0,0.0,0.22,-0.23,0.31,0
62386443.0,7016.0,1.0,0.83,-0.44,0.22,-0.26
62389427.0,2984.0,0.0,0.39,-1.34,1.18,0
62396443.0,7016.0,1.0,0.83,-0.44,0.22,-0.26
62399427.0,2984.0,0.0,0.75,-1.41,0.68,0
62406443.0,7016.0,1.0,0.83,-0.45,0.22,-0.26
62410427.0,3984.0,0.0,1.14,-1.52,0.18,0
62416443.0,6016.0,1.0,0.83,-0.45,0.22,-0.26
62419427.0,2984.0,0.0,1.29,-1.41,-0.21,0
62426443.0,7016.0,1.0,0.83,-0.45,0.22,-0.26
62429427.0,2984.0,0.0,1.11,-0.92,-0.77,0
62436443.0,7016.0,1.0,0.82,-0.45,0.22,-0.26
62439427.0,2984.0,0.0,0.93,-0.59,-1.11,0
62446443.0,7016.0,1.0,0.82,-0.45,0.23,-0.26
62449427.0,2984.0,0.0,0.85,-0.57,-1.33,0
62456443.0,7016.0,1.0,0.82,-0.46,0.23,-0.26
62459427.0,2984.0,0.0,0.82,0.05,-1.34,0
62466443.0,7016.0,1.0,0.82,-0.46,0.23,-0.26
62469427.0,2984.0,0.0,0.09,0.56,-2.46,0
62476443.0,7016.0,1.0,0.82,-0.46,0.23,-0.25
62479427.0,2984.0,0.0,-0.54,0.77,-2.51,0
62486443.0,7016.0,1.0,0.82,-0.47,0.23,-0.25
62489427.0,2984.0,0.0,-0.93,0.65,-2.33,0
62496443.0,7016.0,1.0,0.82,-0.47,0.22,-0.25
62499427.0,2984.0,0.0,-0.93,1.23,-2.39,0
62506443.0,7016.0,1.0,0.81,-0.48,0.22,-0.25
62509427.0,2984.0,0.0,-0.43,-0.57,-2.1,0
62516443.0,7016.0,1.0,0.81,-0.48,0.22,-0.25
62519427.0,2984.0,0.0,-1.51,-1.15,-1.65,0
62526443.0,7016.0,1.0,0.81,-0.48,0.22,-0.24
62529427.0,2984.0,0.0,-2.12,-1.21,-0.83,0
62536443.0,7016.0,1.0,0.81,-0.49,0.22,-0.24
62539427.0,2984.0,0.0,-2.2,-3.4,0.64,0
62546443.0,7016.0,1.0,0.8,-0.49,0.22,-0.24
62549427.0,2984.0,0.0,-3.41,-1.66,0.25,0
62556443.0,7016.0,1.0,0.8,-0.5,0.23,-0.24
62559427.0,2984.0,0.0,-4.43,-0.05,-1.43,0
62566443.0,7016.0,1.0,0.8,-0.5,0.23,-0.24
62569427.0,2984.0,0.0,-4.24,0.04,-2.95,0
62581443.0,12016.0,1.0,0.79,-0.51,0.24,-0.24
62586427.0,4984.0,0.0,1.09,0.77,-3.64,0
62589443.0,3016.0,1.0,0.79,-0.51,0.24,-0.24
62592427.0,2984.0,0.0,1.13,0.75,-3.52,0
62596443.0,4016.0,1.0,0.79,-0.52,0.24,-0.24
62599427.0,2984.0,0.0,2.56,1.66,-3.14,0
62606443.0,7016.0,1.0,0.78,-0.52,0.24,-0.24
62609427.0,2984.0,0.0,2.71,0.23,-2.05,0
62616443.0,7016.0,1.0,0.78,-0.53,0.25,-0.23
62619427.0,2984.0,0.0,0.81,0.68,-0.94,0
62626443.0,7016.0,1.0,0.77,-0.53,0.25,-0.23
62629427.0,2984.0,0.0,-2.26,0.68,-0.48,0
62636443.0,7016.0,1.0,0.77,-0.54,0.25,-0.23
62639427.0,2984.0,0.0,-5.16,-1.71,-1.3,0
62646443.0,7016.0,1.0,0.77,-0.54,0.25,-0.23
62649427.0,2984.0,0.0,-7.95,-0.8,-1.75,0
62656443.0,7016.0,1.0,0.76,-0.55,0.26,-0.23
62659427.0,2984.0,0.0,-8.23,-2.44,-2.83,0
62666443.0,7016.0,1.0,0.76,-0.55,0.26,-0.22
62669427.0,2984.0,0.0,-6.13,-2.33,-2.86,0
62676443.0,7016.0,1.0,0.75,-0.56,0.27,-0.22
62679427.0,2984.0,0.0,-4.22,-2.11,-2.98,0
62686443.0,7016.0,1.0,0.75,-0.56,0.27,-0.22
62689427.0,2984.0,0.0,-2.58,-1.77,-2.61,0
62696443.0,7016.0,1.0,0.74,-0.56,0.28,-0.22
62699427.0,2984.0,0.0,-1.48,-1.66,-3.07,0
62706443.0,7016.0,1.0,0.74,-0.57,0.28,-0.22
62710427.0,3984.0,0.0,-1.3,0.62,-3.73,0
62719443.0,9016.0,1.0,0.73,-0.57,0.29,-0.22
62722427.0,2984.0,0.0,-1.02,0.65,-3.51,0
62729443.0,7016.0,1.0,0.73,-0.58,0.29,-0.22
62733427.0,3984.0,0.0,-0.84,0.29,-3.72,0
62737443.0,4016.0,1.0,0.73,-0.58,0.29,-0.22
62740427.0,2984.0,0.0,-1.05,-0.1,-3.45,0
62746443.0,6016.0,1.0,0.72,-0.59,0.3,-0.22
62749427.0,2984.0,0.0,-1.25,0.97,-3.08,0
62756443.0,7016.0,1.0,0.72,-0.59,0.3,-0.21
62759427.0,2984.0,0.0,-1.2,-0.11,-4.11,0
62766443.0,7016.0,1.0,0.71,-0.6,0.3,-0.21
62769427.0,2984.0,0.0,-1.72,0.16,-4.06,0
62776443.0,7016.0,1.0,0.71,-0.6,0.3,-0.21
62779427.0,2984.0,0.0,-1.48,-1.12,-3.73,0
62786443.0,7016.0,1.0,0.71,-0.6,0.3,-0.21
62790427.0,3984.0,0.0,-1.3,-0.85,-3.49,0
62796443.0,6016.0,1.0,0.7,-0.61,0.31,-0.21
62799427.0,2984.0,0.0,-1.49,-1.32,-2.84,0
62806443.0,7016.0,1.0,0.7,-0.61,0.31,-0.21
62809427.0,2984.0,0.0,-1.25,-0.33,-2.26,0
62816443.0,7016.0,1.0,0.69,-0.62,0.31,-0.2
62819427.0,2984.0,0.0,-2.47,0.28,-1.04,0
62826443.0,7016.0,1.0,0.69,-0.62,0.31,-0.2
62829427.0,2984.0,0.0,-2.78,-0.76,-1.53,0
62836443.0,7016.0,1.0,0.69,-0.62,0.31,-0.2
62839427.0,2984.0,0.0,-2.88,-1.05,-1.75,0
62846443.0,7016.0,1.0,0.68,-0.63,0.32,-0.2
62849427.0,2984.0,0.0,-3.69,-1.48,-2.71,0
62856443.0,7016.0,1.0,0.68,-0.63,0.32,-0.2
62859427.0,2984.0,0.0,-2.69,0.53,-3.82,0
62866443.0,7016.0,1.0,0.68,-0.63,0.32,-0.19
62869427.0,2984.0,0.0,-1.82,1.17,-3.25,0
62878443.0,9016.0,1.0,0.67,-0.64,0.32,-0.19
62881427.0,2984.0,0.0,-0.71,1.81,-2.72,0
62889443.0,8016.0,1.0,0.67,-0.64,0.33,-0.19
62892427.0,2984.0,0.0,0.36,1.95,-0.88,0
62896443.0,4016.0,1.0,0.66,-0.64,0.33,-0.19
62899427.0,2984.0,0.0,-0.87,2.37,-1.12,0
62907443.0,8016.0,1.0,0.66,-0.65,0.33,-0.19
62910427.0,2984.0,0.0,-2.4,4.78,-1.62,0
62916443.0,6016.0,1.0,0.66,-0.65,0.33,-0.18
62919427.0,2984.0,0.0,-3.74,1.02,-2.11,0
62926443.0,7016.0,1.0,0.66,-0.66,0.33,-0.18
62929427.0,2984.0,0.0,-2.98,1.23,-0.98,0
62936443.0,7016.0,1.0,0.65,-0.66,0.33,-0.18
62939427.0,2984.0,0.0,-1.27,-0.19,0.45,0
62947443.0,8016.0,1.0,0.65,-0.66,0.33,-0.17
62950427.0,2984.0,0.0,-0.36,-1.55,1.27,0
62956443.0,6016.0,1.0,0.65,-0.66,0.33,-0.17
62959427.0,2984.0,0.0,0.09,1.71,0.11,0
62966443.0,7016.0,1.0,0.64,-0.67,0.33,-0.17
62969427.0,2984.0,0.0,-0.66,1.61,-1.46,0
62976443.0,7016.0,1.0,0.64,-0.67,0.34,-0.17
62979427.0,2984.0,0.0,-1.36,1.89,-2.23,0
62987443.0,8016.0,1.0,0.64,-0.67,0.34,-0.17
62990427.0,2984.0,0.0,-1.88,1.62,-3.02,0
62996443.0,6016.0,1.0,0.63,-0.67,0.34,-0.16
62999427.0,2984.0,0.0,-2.36,-0.56,-3.0,0
63006443.0,7016.0,1.0,0.63,-0.68,0.35,-0.16
63009427.0,2984.0,0.0,-2.72,-2.21,-1.58,0
63016443.0,7016.0,1.0,0.63,-0.68,0.35,-0.16
63019427.0,2984.0,0.0,-2.17,-2.3,0.77,0
63027443.0,8016.0,1.0,0.63,-0.68,0.35,-0.15
63030427.0,2984.0,0.0,-0.43,-2.57,1.51,0
63036443.0,6016.0,1.0,0.62,-0.68,0.35,-0.15
63039427.0,2984.0,0.0,3.65,-3.07,2.2,0
63046443.0,7016.0,1.0,0.62,-0.68,0.35,-0.15
63049427.0,2984.0,0.0,3.92,-2.85,2.22,0
63056443.0,7016.0,1.0,0.62,-0.69,0.35,-0.14
63059427.0,2984.0,0.0,3.86,-2.01,0.61,0
63067443.0,8016.0,1.0,0.62,-0.69,0.36,-0.14
63070427.0,2984.0,0.0,2.85,-1.51,-0.22,0
63082443.0,12016.0,1.0,0.61,-0.69,0.36,-0.14
63087443.0,5000.0,1.0,0.61,-0.69,0.36,-0.13
63090427.0,2984.0,0.0,-1.26,-3.36,0.12,0
63096443.0,6016.0,1.0,0.61,-0.7,0.36,-0.13
63099427.0,2984.0,0.0,0.02,-3.46,0.08,0
63106443.0,7016.0,1.0,0.61,-0.7,0.36,-0.13
63109427.0,2984.0,0.0,1.52,1.3,-0.07,0
63116443.0,7016.0,1.0,0.6,-0.7,0.36,-0.12
63119427.0,2984.0,0.0,1.19,1.0,-0.69,0
63126443.0,7016.0,1.0,0.6,-0.7,0.36,-0.12
63129427.0,2984.0,0.0,1.09,0.93,-1.7,0
63137443.0,8016.0,1.0,0.6,-0.71,0.36,-0.12
63140427.0,2984.0,0.0,0.8,1.86,-1.55,0
63146443.0,6016.0,1.0,0.6,-0.71,0.36,-0.11
63149427.0,2984.0,0.0,-1.8,2.52,1.39,0
63156443.0,7016.0,1.0,0.59,-0.71,0.36,-0.11
63159427.0,2984.0,0.0,-1.68,-0.04,2.43,0
63166443.0,7016.0,1.0,0.59,-0.71,0.36,-0.11
63170427.0,3984.0,0.0,-0.14,-0.7,2.66,0
63176443.0,6016.0,1.0,0.59,-0.71,0.36,-0.1
63179427.0,2984.0,0.0,0.54,1.91,2.87,0
63186443.0,7016.0,1.0,0.59,-0.72,0.37,-0.1
63189427.0,2984.0,0.0,1.89,-0.4,0.34,0
63196443.0,7016.0,1.0,0.58,-0.72,0.37,-0.1
63199427.0,2984.0,0.0,2.27,-1.74,-0.88,0
63206443.0,7016.0,1.0,0.58,-0.72,0.37,-0.1
63210427.0,3984.0,0.0,2.07,-1.21,-2.14,0
63216443.0,6016.0,1.0,0.58,-0.72,0.38,-0.09
63219427.0,2984.0,0.0,2.26,-2.6,-1.67,0
63227443.0,8016.0,1.0,0.57,-0.72,0.38,-0.09
63230427.0,2984.0,0.0,0.79,-1.95,-0.52,0
63236443.0,6016.0,1.0,0.57,-0.72,0.38,-0.09
63239427.0,2984.0,0.0,0.13,-1.84,0.06,0
63246443.0,7016.0,1.0,0.57,-0.72,0.38,-0.08
63249427.0,2984.0,0.0,-0.76,-1.96,0.56,0
63256443.0,7016.0,1.0,0.56,-0.73,0.39,-0.08
63259427.0,2984.0,0.0,-1.52,-1.05,-0.12,0
63266443.0,7016.0,1.0,0.56,-0.73,0.39,-0.08
63269427.0,2984.0,0.0,-4.71,-0.45,-0.29,0
63281443.0,12016.0,1.0,0.56,-0.73,0.39,-0.07
63285427.0,3984.0,0.0,-4.37,-0.13,-1.88,0
63288443.0,3016.0,1.0,0.56,-0.73,0.39,-0.07
63291427.0,2984.0,0.0,-4.25,0.37,-1.11,0
63296443.0,5016.0,1.0,0.56,-0.73,0.39,-0.06
63299427.0,2984.0,0.0,-4.49,-1.52,-0.02,0
63306443.0,7016.0,1.0,0.56,-0.73,0.39,-0.05
63309427.0,2984.0,0.0,-6.87,3.7,5.66,0
63316443.0,7016.0,1.0,0.56,-0.73,0.39,-0.04
63319427.0,2984.0,0.0,-6.78,-5.59,0.83,0
63327443.0,8016.0,1.0,0.56,-0.73,0.39,-0.03
63330427.0,2984.0,0.0,-8.63,-4.66,1.28,0
63336443.0,6016.0,1.0,0.56,-0.73,0.39,-0.02
63339427.0,2984.0,0.0,-10.0,-3.26,0.17,0
63346443.0,7016.0,1.0,0.56,-0.73,0.39,-0.01
63349427.0,2984.0,0.0,-10.33,-5.6,2.72,0
63356443.0,7016.0,1.0,0.56,-0.73,0.4,-0.01
63359427.0,2984.0,0.0,-10.57,-6.67,2.43,0
63367443.0,8016.0,1.0,0.55,-0.72,0.42,-0.0
63370427.0,2984.0,0.0,-10.7,-5.85,2.93,0
63376443.0,6016.0,1.0,0.55,-0.72,0.43,-0.0
63379427.0,2984.0,0.0,-12.33,-4.0,3.5,0
63386443.0,7016.0,1.0,0.54,-0.71,0.46,-0.01
63389427.0,2984.0,0.0,-13.82,-1.7,4.1,0
63398443.0,9016.0,1.0,0.52,-0.7,0.48,-0.01
63401427.0,2984.0,0.0,-15.38,2.53,4.26,0
63408443.0,7016.0,1.0,0.51,-0.7,0.5,-0.02
63411427.0,2984.0,0.0,-16.54,4.67,3.94,0
63416443.0,5016.0,1.0,0.5,-0.69,0.53,-0.02
63419427.0,2984.0,0.0,-16.28,9.13,0.61,0
63426443.0,7016.0,1.0,0.49,-0.67,0.55,-0.02
63429427.0,2984.0,0.0,-15.76,11.88,-1.29,0
63438443.0,9016.0,1.0,0.49,-0.66,0.57,-0.02
63441427.0,2984.0,0.0,-15.38,13.53,-2.63,0
63448443.0,7016.0,1.0,0.48,-0.65,0.58,-0.02
63451427.0,2984.0,0.0,-15.57,14.26,-3.51,0
63456443.0,5016.0,1.0,0.48,-0.64,0.6,-0.02
63459427.0,2984.0,0.0,-14.84,12.08,-7.26,0
63466443.0,7016.0,1.0,0.48,-0.63,0.61,-0.01
63469427.0,2984.0,0.0,-14.33,11.79,-8.67,0
63477443.0,8016.0,1.0,0.48,-0.62,0.62,-0.01
63480427.0,2984.0,0.0,-13.21,12.23,-8.96,0
63487443.0,7016.0,1.0,0.48,-0.61,0.64,-0.01
63490427.0,2984.0,0.0,-10.27,6.98,-12.07,0
63496443.0,6016.0,1.0,0.47,-0.59,0.65,-0.0
63499427.0,2984.0,0.0,-8.71,10.28,-11.01,0
63506443.0,7016.0,1.0,0.47,-0.58,0.66,-0.01
63509427.0,2984.0,0.0,-6.82,16.18,-11.3,0
63517443.0,8016.0,1.0,0.47,-0.57,0.67,-0.0
63520427.0,2984.0,0.0,-5.18,18.67,-11.73,0
63527443.0,7016.0,1.0,0.49,-0.56,0.67,0.0
63530427.0,2984.0,0.0,-1.17,14.67,-13.37,0
63542443.0,12016.0,1.0,0.51,-0.54,0.67,0.01
63547427.0,4984.0,0.0,9.59,4.8,-15.9,0
63550443.0,3016.0,1.0,0.54,-0.53,0.65,0.03
63553427.0,2984.0,0.0,13.29,-1.05,-14.83,0
63557443.0,4016.0,1.0,0.58,-0.51,0.64,0.04
63560427.0,2984.0,0.0,13.36,-1.43,-15.62,0
63566443.0,6016.0,1.0,0.61,-0.5,0.62,0.04
63569427.0,2984.0,0.0,18.34,-11.75,-10.03,0
63577443.0,8016.0,1.0,0.64,-0.48,0.6,0.05
63580427.0,2984.0,0.0,21.08,-13.84,-7.32,0
63587443.0,7016.0,1.0,0.66,-0.46,0.58,0.04
63590427.0,2984.0,0.0,23.48,-12.84,-4.31,0
63596443.0,6016.0,1.0,0.69,-0.45,0.57,0.04
63599427.0,2984.0,0.0,25.49,-9.64,-2.09,0
63609443.0,10016.0,1.0,0.71,-0.43,0.55,0.03
63612427.0,2984.0,0.0,27.11,-7.0,-0.17,0
63616443.0,4016.0,1.0,0.73,-0.42,0.54,0.01
63619427.0,2984.0,0.0,26.21,-7.37,-0.59,0
63626443.0,7016.0,1.0,0.75,-0.4,0.52,0.0
63629427.0,2984.0,0.0,24.55,-8.37,-0.8,0
63637443.0,8016.0,1.0,0.77,-0.39,0.5,-0.01
63640427.0,2984.0,0.0,23.05,-9.57,-1.29,0
63647443.0,7016.0,1.0,0.79,-0.38,0.48,-0.03
63650427.0,2984.0,0.0,20.67,-9.61,-1.88,0
63662443.0,12016.0,1.0,0.81,-0.37,0.46,-0.04
63667427.0,4984.0,0.0,17.23,-9.06,-4.79,0
63670443.0,3016.0,1.0,0.82,-0.36,0.44,-0.06
63677443.0,7000.0,1.0,0.83,-0.35,0.42,-0.07
63680427.0,2984.0,0.0,11.26,-8.72,-5.73,0
63687443.0,7016.0,1.0,0.84,-0.34,0.41,-0.09
63690427.0,2984.0,0.0,8.17,-8.0,-5.34,0
63697443.0,7016.0,1.0,0.85,-0.34,0.39,-0.1
63700427.0,2984.0,0.0,4.99,-7.2,-4.1,0
63707443.0,7016.0,1.0,0.86,-0.33,0.37,-0.11
63710427.0,2984.0,0.0,2.16,-7.93,-3.17,0
63722443.0,12016.0,1.0,0.86,-0.33,0.36,-0.13
63726427.0,3984.0,0.0,-0.29,-8.91,1.32,0
63729443.0,3016.0,1.0,0.87,-0.33,0.34,-0.14
63732427.0,2984.0,0.0,-0.27,-8.63,1.1,0
63736443.0,4016.0,1.0,0.87,-0.33,0.33,-0.15
63739427.0,2984.0,0.0,0.6,-7.1,1.24,0
63747443.0,8016.0,1.0,0.88,-0.33,0.32,-0.16
63750427.0,2984.0,0.0,1.16,-6.21,0.98,0
63756443.0,6016.0,1.0,0.88,-0.32,0.3,-0.17
63759427.0,2984.0,0.0,2.02,-6.19,0.63,0
63767443.0,8016.0,1.0,0.88,-0.32,0.29,-0.18
63770427.0,2984.0,0.0,2.53,-6.13,-0.09,0
63777443.0,7016.0,1.0,0.88,-0.32,0.28,-0.19
63780427.0,2984.0,0.0,3.19,-5.61,-0.58,0
63787443.0,7016.0,1.0,0.88,-0.32,0.28,-0.2
63790427.0,2984.0,0.0,3.86,-5.3,-0.36,0
63802443.0,12016.0,1.0,0.88,-0.32,0.27,-0.21
63806427.0,3984.0,0.0,5.32,-3.15,0.45,0
63809443.0,3016.0,1.0,0.88,-0.32,0.26,-0.22
63812427.0,2984.0,0.0,5.34,-2.99,0.41,0
63816443.0,4016.0,1.0,0.88,-0.33,0.26,-0.22
63819427.0,2984.0,0.0,5.54,-2.26,0.58,0
63827443.0,8016.0,1.0,0.88,-0.33,0.25,-0.23
63830427.0,2984.0,0.0,5.28,-1.83,0.76,0
63837443.0,7016.0,1.0,0.88,-0.33,0.24,-0.23
63840427.0,2984.0,0.0,4.45,-1.7,0.94,0
63847443.0,7016.0,1.0,0.88,-0.33,0.23,-0.24
63851427.0,3984.0,0.0,4.0,-2.39,0.7,0
63857443.0,6016.0,1.0,0.88,-0.33,0.22,-0.24
63860427.0,2984.0,0.0,3.63,-2.99,0.43,0
63867443.0,7016.0,1.0,0.88,-0.34,0.22,-0.24
63870427.0,2984.0,0.0,3.14,-2.98,0.13,0
63877443.0,7016.0,1.0,0.88,-0.34,0.21,-0.25
63880427.0,2984.0,0.0,1.94,-1.73,-1.21,0
63887443.0,7016.0,1.0,0.88,-0.34,0.21,-0.25
63890427.0,2984.0,0.0,1.26,-1.03,-1.84,0
63897443.0,7016.0,1.0,0.88,-0.34,0.2,-0.25
63900427.0,2984.0,0.0,0.78,-1.22,-1.8,0
63907443.0,7016.0,1.0,0.88,-0.35,0.2,-0.26
63910427.0,2984.0,0.0,0.57,-1.26,-0.17,0
63917443.0,7016.0,1.0,0.88,-0.35,0.19,-0.26
63920427.0,2984.0,0.0,0.5,-0.7,0.41,0
63927443.0,7016.0,1.0,0.88,-0.35,0.19,-0.26
63930427.0,2984.0,0.0,0.29,-0.75,0.61,0
63939443.0,9016.0,1.0,0.88,-0.35,0.18,-0.26
63942427.0,2984.0,0.0,0.0,-1.61,0.49,0
63949443.0,7016.0,1.0,0.88,-0.36,0.18,-0.26
63952427.0,2984.0,0.0,0.05,-2.67,0.89,0
63956443.0,4016.0,1.0,0.88,-0.36,0.18,-0.27
63959427.0,2984.0,0.0,0.61,-2.38,0.99,0
63967443.0,8016.0,1.0,0.88,-0.36,0.18,-0.27
63970427.0,2984.0,0.0,1.17,-2.29,1.21,0
63977443.0,7016.0,1.0,0.87,-0.36,0.18,-0.27
63980427.0,2984.0,0.0,1.51,-2.04,0.98,0
63986443.0,6016.0,1.0,0.87,-0.36,0.18,-0.27
63989427.0,2984.0,0.0,1.57,-2.19,-0.09,0
63997443.0,8016.0,1.0,0.87,-0.37,0.18,-0.27
64000427.0,2984.0,0.0,0.95,0.84,1.09,0
64007443.0,7016.0,1.0,0.87,-0.37,0.18,-0.28
64010427.0,2984.0,0.0,0.82,1.87,0.9,0
64017443.0,7016.0,1.0,0.87,-0.37,0.18,-0.28
64020427.0,2984.0,0.0,0.43,1.12,-0.06,0
64027443.0,7016.0,1.0,0.87,-0.37,0.18,-0.28
64030427.0,2984.0,0.0,-0.28,0.77,-0.03,0
64037443.0,7016.0,1.0,0.87,-0.37,0.18,-0.28
64040427.0,2984.0,0.0,-0.36,0.37,-0.34,0
64047443.0,7016.0,1.0,0.87,-0.38,0.18,-0.28
64050427.0,2984.0,0.0,-0.23,0.37,-0.04,0
64057443.0,7016.0,1.0,0.86,-0.38,0.18,-0.28
64060427.0,2984.0,0.0,-0.05,0.17,0.05,0
64067443.0,7016.0,1.0,0.86,-0.38,0.18,-0.28
64070427.0,2984.0,0.0,0.35,-0.3,0.02,0
64077443.0,7016.0,1.0,0.86,-0.38,0.18,-0.28
64080427.0,2984.0,0.0,0.44,-0.66,-0.07,0
64087443.0,7016.0,1.0,0.86,-0.39,0.18,-0.28
64090427.0,2984.0,0.0,0.51,-0.87,0.16,0
64097443.0,7016.0,1.0,0.86,-0.39,0.18,-0.27
64100427.0,2984.0,0.0,0.68,-0.89,0.27,0
64107443.0,7016.0,1.0,0.86,-0.39,0.18,-0.27
64110427.0,2984.0,0.0,0.63,-0.59,0.07,0
64117443.0,7016.0,1.0,0.86,-0.39,0.18,-0.27
64120427.0,2984.0,0.0,0.7,-0.59,-0.17,0
64127443.0,7016.0,1.0,0.86,-0.4,0.18,-0.27
64130427.0,2984.0,0.0,0.95,-0.86,-0.25,0
64137443.0,7016.0,1.0,0.86,-0.4,0.18,-0.27
64140427.0,2984.0,0.0,1.43,-1.54,-0.71,0
64147443.0,7016.0,1.0,0.86,-0.4,0.18,-0.27
64150427.0,2984.0,0.0,1.77,-1.53,-0.89,0
64157443.0,7016.0,1.0,0.85,-0.4,0.18,-0.27
64160427.0,2984.0,0.0,2.13,-1.18,-1.09,0
64167443.0,7016.0,1.0,0.85,-0.41,0.18,-0.27
64170427.0,2984.0,0.0,2.32,-0.86,-1.34,0
64176443.0,6016.0,1.0,0.85,-0.41,0.18,-0.27
64179427.0,2984.0,0.0,3.04,-0.32,-1.26,0
64187443.0,8016.0,1.0,0.85,-0.41,0.18,-0.27
64190427.0,2984.0,0.0,3.22,-0.57,-1.41,0
64197443.0,7016.0,1.0,0.85,-0.41,0.18,-0.27
64200427.0,2984.0,0.0,3.18,-1.05,-1.39,0
64207443.0,7016.0,1.0,0.85,-0.42,0.18,-0.27
64210427.0,2984.0,0.0,3.21,-1.64,-1.3,0
64217443.0,7016.0,1.0,0.85,-0.42,0.18,-0.27
64220427.0,2984.0,0.0,3.33,-0.45,-1.86,0
64227443.0,7016.0,1.0,0.84,-0.42,0.18,-0.27
64230427.0,2984.0,0.0,2.91,-1.06,-0.98,0
64237443.0,7016.0,1.0,0.84,-0.43,0.18,-0.27
64240427.0,2984.0,0.0,2.68,0.79,-0.3,0
64247443.0,7016.0,1.0,0.84,-0.43,0.18,-0.27
64250427.0,2984.0,0.0,2.14,0.87,-1.12,0
64262443.0,12016.0,1.0,0.84,-0.44,0.18,-0.27
64266427.0,3984.0,0.0,1.59,0.7,-0.88,0
64269443.0,3016.0,1.0,0.84,-0.44,0.18,-0.27
64272427.0,2984.0,0.0,1.62,0.72,-0.82,0
64277443.0,5016.0,1.0,0.84,-0.44,0.18,-0.27
64280427.0,2984.0,0.0,1.58,0.93,-0.88,0
64287443.0,7016.0,1.0,0.83,-0.45,0.18,-0.27
64290427.0,2984.0,0.0,0.2,-0.08,-1.7,0
64297443.0,7016.0,1.0,0.83,-0.45,0.18,-0.26
64300427.0,2984.0,0.0,-0.85,-0.95,-1.91,0
64307443.0,7016.0,1.0,0.83,-0.45,0.18,-0.26
64310427.0,2984.0,0.0,-2.06,-1.56,-1.37,0
64317443.0,7016.0,1.0,0.83,-0.46,0.18,-0.26
64320427.0,2984.0,0.0,-2.25,-1.65,0.04,0
64327443.0,7016.0,1.0,0.83,-0.46,0.19,-0.26
64330427.0,2984.0,0.0,-0.73,-2.68,0.27,0
64337443.0,7016.0,1.0,0.83,-0.46,0.19,-0.26
64340427.0,2984.0,0.0,-0.34,-1.62,0.48,0
64347443.0,7016.0,1.0,0.82,-0.47,0.2,-0.26
64351427.0,3984.0,0.0,-0.8,-1.88,0.61,0
64357443.0,6016.0,1.0,0.82,-0.47,0.2,-0.26
64360427.0,2984.0,0.0,-1.48,-2.16,0.87,0
64367443.0,7016.0,1.0,0.82,-0.47,0.21,-0.26
64370427.0,2984.0,0.0,-3.35,-0.91,-0.4,0
64377443.0,7016.0,1.0,0.81,-0.48,0.22,-0.25
64380427.0,2984.0,0.0,-2.73,-1.0,-1.19,0
64387443.0,7016.0,1.0,0.81,-0.48,0.22,-0.25
64390427.0,2984.0,0.0,-1.64,-0.36,-2.14,0
64397443.0,7016.0,1.0,0.81,-0.48,0.23,-0.25
64400427.0,2984.0,0.0,-0.29,-0.46,-3.07,0
64407443.0,7016.0,1.0,0.8,-0.49,0.24,-0.25
64410427.0,2984.0,0.0,2.14,0.45,-3.94,0
64422443.0,12016.0,1.0,0.8,-0.49,0.25,-0.25
64426427.0,3984.0,0.0,2.86,-0.73,-2.94,0
64429443.0,3016.0,1.0,0.79,-0.5,0.25,-0.25
64432427.0,2984.0,0.0,2.26,-0.64,-2.0,0
64437443.0,5016.0,1.0,0.79,-0.5,0.26,-0.24
64440427.0,2984.0,0.0,2.3,-0.7,-1.86,0
64447443.0,7016.0,1.0,0.79,-0.51,0.26,-0.24
64450427.0,2984.0,0.0,-1.29,-1.54,-0.99,0
64457443.0,7016.0,1.0,0.78,-0.51,0.26,-0.24
64460427.0,2984.0,0.0,-3.71,-1.29,-1.5,0
64467443.0,7016.0,1.0,0.78,-0.52,0.27,-0.23
64470427.0,2984.0,0.0,-5.77,-0.62,-1.13,0
64477443.0,7016.0,1.0,0.77,-0.52,0.27,-0.23
64480427.0,2984.0,0.0,-6.81,-1.11,-0.69,0
64487443.0,7016.0,1.0,0.77,-0.52,0.28,-0.23
64490427.0,2984.0,0.0,-7.25,-1.98,-1.46,0
64497443.0,7016.0,1.0,0.77,-0.53,0.29,-0.23
64500427.0,2984.0,0.0,-6.55,-2.58,-2.84,0
64507443.0,7016.0,1.0,0.76,-0.53,0.29,-0.22
64510427.0,2984.0,0.0,-5.92,-1.62,-3.64,0
64517443.0,7016.0,1.0,0.76,-0.54,0.3,-0.22
64520427.0,2984.0,0.0,-2.98,0.1,-4.99,0
64527443.0,7016.0,1.0,0.75,-0.54,0.31,-0.22
64530427.0,2984.0,0.0,-1.65,1.91,-5.13,0
64540443.0,10016.0,1.0,0.75,-0.54,0.32,-0.22
64543427.0,2984.0,0.0,-0.48,1.7,-3.95,0
64550443.0,7016.0,1.0,0.74,-0.55,0.32,-0.22
64553427.0,2984.0,0.0,0.07,0.81,-3.02,0
64557443.0,4016.0,1.0,0.74,-0.55,0.33,-0.22
64560427.0,2984.0,0.0,-2.15,2.31,-3.64,0
64567443.0,7016.0,1.0,0.73,-0.56,0.33,-0.22
64570427.0,2984.0,0.0,-3.06,2.08,-4.23,0
64577443.0,7016.0,1.0,0.73,-0.56,0.33,-0.22
64580427.0,2984.0,0.0,-2.64,2.13,-4.25,0
64587443.0,7016.0,1.0,0.72,-0.57,0.33,-0.22
64590427.0,2984.0,0.0,-1.55,2.48,-3.13,0
64597443.0,7016.0,1.0,0.72,-0.57,0.33,-0.22
64600427.0,2984.0,0.0,-1.02,4.08,-1.62,0
64607443.0,7016.0,1.0,0.71,-0.58,0.33,-0.22
64610427.0,2984.0,0.0,-1.95,3.96,-1.93,0
64617443.0,7016.0,1.0,0.71,-0.58,0.34,-0.21
64620427.0,2984.0,0.0,-3.12,4.49,-1.96,0
64627443.0,7016.0,1.0,0.71,-0.59,0.34,-0.21
64630427.0,2984.0,0.0,-3.84,4.14,-3.07,0
64637443.0,7016.0,1.0,0.7,-0.59,0.34,-0.21
64640427.0,2984.0,0.0,-3.51,2.07,-3.79,0
64647443.0,7016.0,1.0,0.7,-0.6,0.33,-0.21
64651427.0,3984.0,0.0,-2.72,1.41,-3.61,0
64657443.0,6016.0,1.0,0.7,-0.6,0.33,-0.21
64660427.0,2984.0,0.0,-2.13,3.38,-3.39,0
64667443.0,7016.0,1.0,0.69,-0.6,0.33,-0.21
64670427.0,2984.0,0.0,0.36,1.08,-4.29,0
64682443.0,12016.0,1.0,0.69,-0.61,0.33,-0.21
64686427.0,3984.0,0.0,0.37,0.81,-4.14,0
64689443.0,3016.0,1.0,0.69,-0.61,0.34,-0.2
64692427.0,2984.0,0.0,0.39,0.82,-4.04,0
64697443.0,5016.0,1.0,0.68,-0.62,0.34,-0.2
64700427.0,2984.0,0.0,0.35,0.66,-3.27,0
64707443.0,7016.0,1.0,0.68,-0.62,0.34,-0.2
64710427.0,2984.0,0.0,-2.1,1.57,-1.94,0
64717443.0,7016.0,1.0,0.68,-0.62,0.34,-0.2
64720427.0,2984.0,0.0,-2.26,0.24,-1.68,0
64727443.0,7016.0,1.0,0.67,-0.63,0.34,-0.2
64731427.0,3984.0,0.0,-2.19,-1.12,-0.92,0
64737443.0,6016.0,1.0,0.67,-0.63,0.35,-0.19
64740427.0,2984.0,0.0,-2.57,-1.3,-0.58,0
64747443.0,7016.0,1.0,0.67,-0.63,0.35,-0.19
64750427.0,2984.0,0.0,-2.86,-1.06,-1.96,0
64757443.0,7016.0,1.0,0.66,-0.63,0.35,-0.19
64760427.0,2984.0,0.0,-2.63,-1.04,-2.2,0
64767443.0,7016.0,1.0,0.66,-0.64,0.35,-0.19
64770427.0,2984.0,0.0,-1.91,-0.57,-1.32,0
64777443.0,7016.0,1.0,0.65,-0.64,0.36,-0.19
64780427.0,2984.0,0.0,-0.96,-0.53,-0.18,0
64787443.0,7016.0,1.0,0.65,-0.64,0.36,-0.19
64790427.0,2984.0,0.0,-0.31,0.36,-0.38,0
64797443.0,7016.0,1.0,0.65,-0.65,0.36,-0.18
64800427.0,2984.0,0.0,-0.51,0.79,-1.09,0
64807443.0,7016.0,1.0,0.65,-0.65,0.36,-0.18
64810427.0,2984.0,0.0,-0.59,1.11,-2.03,0
64817443.0,7016.0,1.0,0.64,-0.66,0.35,-0.18
64820427.0,2984.0,0.0,-1.29,1.39,-2.98,0
64827443.0,7016.0,1.0,0.64,-0.66,0.35,-0.18
64830427.0,2984.0,0.0,-0.95,2.68,-4.46,0
64837443.0,7016.0,1.0,0.64,-0.66,0.35,-0.17
64840427.0,2984.0,0.0,-0.36,1.24,-3.39,0
64847443.0,7016.0,1.0,0.64,-0.67,0.35,-0.17
64850427.0,2984.0,0.0,0.55,1.02,-1.91,0
64859443.0,9016.0,1.0,0.63,-0.67,0.35,-0.17
64862427.0,2984.0,0.0,1.69,-0.16,-0.56,0
64870443.0,8016.0,1.0,0.63,-0.68,0.34,-0.16
64873427.0,2984.0,0.0,1.57,0.2,1.16,0
64877443.0,4016.0,1.0,0.63,-0.68,0.34,-0.16
64880427.0,2984.0,0.0,1.09,-0.27,0.67,0
64888443.0,8016.0,1.0,0.63,-0.68,0.34,-0.16
64891427.0,2984.0,0.0,-0.76,-0.2,-0.36,0
64897443.0,6016.0,1.0,0.62,-0.68,0.34,-0.15
64900427.0,2984.0,0.0,-3.49,-1.02,-2.04,0
64907443.0,7016.0,1.0,0.62,-0.69,0.34,-0.15
64910427.0,2984.0,0.0,-4.12,-1.23,-1.65,0
64917443.0,7016.0,1.0,0.62,-0.69,0.34,-0.15
64920427.0,2984.0,0.0,-3.99,-1.68,-0.5,0
64928443.0,8016.0,1.0,0.62,-0.69,0.34,-0.14
64931427.0,2984.0,0.0,-2.97,-2.79,1.0,0
64937443.0,6016.0,1.0,0.61,-0.7,0.34,-0.14
64940427.0,2984.0,0.0,1.75,-4.04,3.88,0
64947443.0,7016.0,1.0,0.61,-0.7,0.35,-0.14
64950427.0,2984.0,0.0,2.57,-3.52,4.12,0
64957443.0,7016.0,1.0,0.61,-0.7,0.35,-0.14
64960427.0,2984.0,0.0,1.92,-1.29,2.09,0
64968443.0,8016.0,1.0,0.6,-0.7,0.35,-0.13
64971427.0,2984.0,0.0,0.41,0.14,-0.43,0
64978443.0,7016.0,1.0,0.6,-0.71,0.35,-0.13
64981427.0,2984.0,0.0,-2.34,1.38,-3.62,0
64987443.0,6016.0,1.0,0.6,-0.71,0.35,-0.13
64990427.0,2984.0,0.0,-2.4,-0.09,-3.05,0
64997443.0,7016.0,1.0,0.6,-0.71,0.35,-0.12
65000427.0,2984.0,0.0,-0.47,-0.99,-1.25,0
65008443.0,8016.0,1.0,0.59,-0.72,0.35,-0.12
65011427.0,2984.0,0.0,1.61,-1.86,-0.14,0
65017443.0,6016.0,1.0,0.59,-0.72,0.35,-0.12
65020427.0,2984.0,0.0,3.84,-0.6,0.25,0
65027443.0,7016.0,1.0,0.59,-0.72,0.35,-0.11
65030427.0,2984.0,0.0,5.13,0.5,0.8,0
65038443.0,8016.0,1.0,0.59,-0.72,0.34,-0.11
65041427.0,2984.0,0.0,5.79,-0.6,1.07,0
65047443.0,6016.0,1.0,0.58,-0.73,0.34,-0.1
65050427.0,2984.0,0.0,3.61,0.19,2.52,0
65062443.0,12016.0,1.0,0.58,-0.73,0.34,-0.1
65066427.0,3984.0,0.0,1.08,-0.3,-0.26,0
65069443.0,3016.0,1.0,0.58,-0.73,0.35,-0.1
65072427.0,2984.0,0.0,1.04,-0.34,-0.18,0
65078443.0,6016.0,1.0,0.57,-0.74,0.35,-0.09
65081427.0,2984.0,0.0,0.0,-1.53,0.53,0
65087443.0,6016.0,1.0,0.57,-0.74,0.35,-0.09
65090427.0,2984.0,0.0,1.25,-2.73,0.35,0
65097443.0,7016.0,1.0,0.57,-0.74,0.35,-0.09
65100427.0,2984.0,0.0,1.93,-1.98,-0.28,0
65107443.0,7016.0,1.0,0.56,-0.74,0.36,-0.08
65111427.0,3984.0,0.0,3.45,-1.34,-0.69,0
65117443.0,6016.0,1.0,0.56,-0.74,0.36,-0.08
65120427.0,2984.0,0.0,4.27,-0.32,-1.17,0
65127443.0,7016.0,1.0,0.56,-0.74,0.37,-0.08
65130427.0,2984.0,0.0,5.32,1.03,-2.56,0
65137443.0,7016.0,1.0,0.55,-0.74,0.37,-0.07
65140427.0,2984.0,0.0,3.77,2.95,-1.33,0
65147443.0,7016.0,1.0,0.55,-0.74,0.37,-0.07
65150427.0,2984.0,0.0,1.76,1.37,-1.23,0
65157443.0,7016.0,1.0,0.55,-0.74,0.37,-0.06
65160427.0,2984.0,0.0,-0.87,-0.77,-0.41,0
65168443.0,8016.0,1.0,0.55,-0.74,0.38,-0.06
65171427.0,2984.0,0.0,-6.49,-0.39,-0.97,0
65177443.0,6016.0,1.0,0.55,-0.74,0.38,-0.05
65180427.0,2984.0,0.0,-8.54,-3.65,-1.55,0
65187443.0,7016.0,1.0,0.55,-0.74,0.38,-0.04
65191427.0,3984.0,0.0,-9.06,-6.29,-2.24,0
65197443.0,6016.0,1.0,0.55,-0.74,0.38,-0.03
65200427.0,2984.0,0.0,-10.51,-5.59,-1.65,0
65207443.0,7016.0,1.0,0.55,-0.74,0.39,-0.02
65210427.0,2984.0,0.0,-11.39,-5.32,1.59,0
65222443.0,12016.0,1.0,0.55,-0.74,0.4,-0.02
65226427.0,3984.0,0.0,-12.78,-5.06,5.32,0
65229443.0,3016.0,1.0,0.55,-0.74,0.4,-0.01
65232427.0,2984.0,0.0,-14.68,-5.42,6.38,0
65238443.0,6016.0,1.0,0.54,-0.73,0.41,-0.0
65241427.0,2984.0,0.0,-16.4,-5.11,6.57,0
65247443.0,6016.0,1.0,0.54,-0.73,0.42,0.0
65250427.0,2984.0,0.0,-17.97,-4.71,7.31,0
65257443.0,7016.0,1.0,0.54,-0.72,0.44,0.01
65260427.0,2984.0,0.0,-19.08,-6.77,6.8,0
65268443.0,8016.0,1.0,0.53,-0.71,0.45,0.01
65271427.0,2984.0,0.0,-20.04,-7.23,6.34,0
65278443.0,7016.0,1.0,0.53,-0.71,0.47,0.01
65281427.0,2984.0,0.0,-20.82,-2.66,3.71,0
65288443.0,7016.0,1.0,0.52,-0.7,0.5,0.02
65291427.0,2984.0,0.0,-21.05,0.88,2.09,0
65300443.0,9016.0,1.0,0.51,-0.69,0.52,0.02
65303427.0,2984.0,0.0,-20.59,4.15,0.37,0
65310443.0,7016.0,1.0,0.5,-0.68,0.54,0.02
65313427.0,2984.0,0.0,-19.6,6.66,-1.56,0
65318443.0,5016.0,1.0,0.5,-0.67,0.56,0.02
65321427.0,2984.0,0.0,-16.21,10.76,-6.16,0
65327443.0,6016.0,1.0,0.49,-0.65,0.58,0.02
65330427.0,2984.0,0.0,-15.05,13.5,-6.02,0
65339443.0,9016.0,1.0,0.49,-0.64,0.59,0.03
65342427.0,2984.0,0.0,-12.72,12.67,-9.4,0
65349443.0,7016.0,1.0,0.48,-0.63,0.61,0.03
65352427.0,2984.0,0.0,-11.71,11.9,-11.09,0
65357443.0,5016.0,1.0,0.48,-0.61,0.63,0.04
65360427.0,2984.0,0.0,-8.14,11.66,-13.44,0
65368443.0,8016.0,1.0,0.47,-0.6,0.65,0.03
65371427.0,2984.0,0.0,-6.98,11.08,-12.64,0
65377443.0,6016.0,1.0,0.46,-0.59,0.67,0.03
65380427.0,2984.0,0.0,-4.68,15.93,-11.41,0
65388443.0,8016.0,1.0,0.45,-0.57,0.68,0.02
65391427.0,2984.0,0.0,-1.39,20.84,-16.47,0
65403443.0,12016.0,1.0,0.45,-0.56,0.69,0.02
65408427.0,4984.0,0.0,0.82,17.07,-9.5,0
65411443.0,3016.0,1.0,0.46,-0.55,0.7,0.03
65414427.0,2984.0,0.0,3.71,13.67,-10.6,0
65418443.0,4016.0,1.0,0.49,-0.53,0.69,0.05
65421427.0,2984.0,0.0,3.7,13.2,-11.13,0
65428443.0,7016.0,1.0,0.53,-0.52,0.67,0.06
65431427.0,2984.0,0.0,13.48,-1.23,-13.64,0
65438443.0,7016.0,1.0,0.56,-0.5,0.65,0.07
65441427.0,2984.0,0.0,16.25,-8.85,-12.12,0
65448443.0,7016.0,1.0,0.6,-0.48,0.63,0.08
65451427.0,2984.0,0.0,17.11,-16.48,-8.25,0
65460443.0,9016.0,1.0,0.62,-0.47,0.62,0.08
65463427.0,2984.0,0.0,17.87,-19.08,-6.01,0
65470443.0,7016.0,1.0,0.65,-0.45,0.61,0.07
65474427.0,3984.0,0.0,20.1,-10.95,-1.35,0
65478443.0,4016.0,1.0,0.67,-0.44,0.6,0.06
65481427.0,2984.0,0.0,21.39,-8.55,-0.51,0
65488443.0,7016.0,1.0,0.69,-0.43,0.58,0.05
65491427.0,2984.0,0.0,22.02,-8.13,-0.7,0
65500443.0,9016.0,1.0,0.71,-0.42,0.57,0.04
65503427.0,2984.0,0.0,21.65,-8.61,-0.88,0
65510443.0,7016.0,1.0,0.73,-0.4,0.56,0.03
65513427.0,2984.0,0.0,19.6,-9.43,-1.14,0
65518443.0,5016.0,1.0,0.74,-0.39,0.54,0.02
65521427.0,2984.0,0.0,18.1,-9.1,-1.59,0
65527443.0,6016.0,1.0,0.76,-0.38,0.53,0.0
65530427.0,2984.0,0.0,16.7,-8.55,-2.03,0
65539443.0,9016.0,1.0,0.77,-0.37,0.51,-0.01
65542427.0,2984.0,0.0,15.59,-7.91,-2.42,0
65550443.0,8016.0,1.0,0.79,-0.37,0.49,-0.03
65553427.0,2984.0,0.0,14.13,-6.54,-3.39,0
65557443.0,4016.0,1.0,0.8,-0.36,0.48,-0.04
65560427.0,2984.0,0.0,13.25,-6.18,-4.07,0
65567443.0,7016.0,1.0,0.81,-0.36,0.46,-0.06
65570427.0,2984.0,0.0,11.86,-6.41,-4.27,0
65578443.0,8016.0,1.0,0.82,-0.35,0.44,-0.07
65581427.0,2984.0,0.0,10.24,-6.17,-4.45,0
65588443.0,7016.0,1.0,0.83,-0.35,0.43,-0.09
65591427.0,2984.0,0.0,6.54,-6.91,-2.99,0
65603443.0,12016.0,1.0,0.84,-0.35,0.41,-0.1
65608427.0,4984.0,0.0,4.1,-8.13,-1.21,0
65611443.0,3016.0,1.0,0.84,-0.34,0.4,-0.12
65614427.0,2984.0,0.0,3.66,-8.7,-0.15,0
65618443.0,4016.0,1.0,0.85,-0.34,0.38,-0.13
65621427.0,2984.0,0.0,3.7,-8.29,0.29,0
65628443.0,7016.0,1.0,0.85,-0.34,0.37,-0.14
65631427.0,2984.0,0.0,3.87,-7.09,0.37,0
65638443.0,7016.0,1.0,0.86,-0.34,0.36,-0.15
65641427.0,2984.0,0.0,4.0,-6.05,0.32,0
65648443.0,7016.0,1.0,0.86,-0.34,0.35,-0.16
65651427.0,2984.0,0.0,3.93,-4.74,0.12,0
65658443.0,7016.0,1.0,0.86,-0.34,0.34,-0.17
65661427.0,2984.0,0.0,3.92,-3.59,-0.16,0
65668443.0,7016.0,1.0,0.86,-0.34,0.33,-0.18
65671427.0,2984.0,0.0,4.18,-3.64,-0.16,0
65681443.0,10016.0,1.0,0.86,-0.34,0.32,-0.19
65684427.0,2984.0,0.0,4.6,-3.44,0.1,0
65691443.0,7016.0,1.0,0.86,-0.34,0.31,-0.2
65694427.0,2984.0,0.0,5.17,-3.09,0.34,0
65698443.0,4016.0,1.0,0.87,-0.34,0.3,-0.21
65701427.0,2984.0,0.0,5.54,-3.69,0.56,0
65708443.0,7016.0,1.0,0.87,-0.34,0.29,-0.21
65711427.0,2984.0,0.0,5.5,-4.03,0.91,0
65718443.0,7016.0,1.0,0.87,-0.35,0.28,-0.22
65721427.0,2984.0,0.0,5.33,-4.11,0.93,0
65728443.0,7016.0,1.0,0.87,-0.35,0.27,-0.23
65731427.0,2984.0,0.0,5.17,-3.94,0.73,0
65737443.0,6016.0,1.0,0.87,-0.35,0.27,-0.23
65740427.0,2984.0,0.0,5.19,-3.48,0.24,0
65748443.0,8016.0,1.0,0.87,-0.35,0.26,-0.24
65751427.0,2984.0,0.0,5.37,-2.91,-0.32,0
65758443.0,7016.0,1.0,0.87,-0.36,0.26,-0.24
65761427.0,2984.0,0.0,5.52,-2.36,-1.21,0
65768443.0,7016.0,1.0,0.86,-0.36,0.25,-0.24
65771427.0,2984.0,0.0,5.32,-1.82,-1.52,0
65778443.0,7016.0,1.0,0.86,-0.36,0.25,-0.25
65781427.0,2984.0,0.0,4.51,-1.22,-2.14,0
65788443.0,7016.0,1.0,0.86,-0.37,0.24,-0.25
65792427.0,3984.0,0.0,3.89,-0.64,-1.91,0
65801443.0,9016.0,1.0,0.86,-0.37,0.24,-0.26
65804427.0,2984.0,0.0,3.14,-0.09,-0.99,0
65811443.0,7016.0,1.0,0.86,-0.37,0.23,-0.26
65815427.0,3984.0,0.0,1.55,-0.65,-0.07,0
65819443.0,4016.0,1.0,0.86,-0.38,0.23,-0.26
65822427.0,2984.0,0.0,0.9,-1.58,-0.18,0
65828443.0,6016.0,1.0,0.86,-0.38,0.22,-0.26
65831427.0,2984.0,0.0,0.54,-1.86,-0.25,0
65838443.0,7016.0,1.0,0.86,-0.38,0.22,-0.26
65841427.0,2984.0,0.0,0.38,-1.8,-0.45,0
65848443.0,7016.0,1.0,0.86,-0.39,0.22,-0.26
65851427.0,2984.0,0.0,0.75,-0.7,-0.84,0
65858443.0,7016.0,1.0,0.86,-0.39,0.21,-0.27
65861427.0,2984.0,0.0,1.11,0.01,-1.22,0
65868443.0,7016.0,1.0,0.85,-0.39,0.21,-0.27
65872427.0,3984.0,0.0,1.72,0.62,-1.6,0
65878443.0,6016.0,1.0,0.85,-0.4,0.21,-0.27
65881427.0,2984.0,0.0,2.25,1.16,-1.87,0
65888443.0,7016.0,1.0,0.85,-0.4,0.21,-0.27
65891427.0,2984.0,0.0,2.97,0.67,-1.14,0
65898443.0,7016.0,1.0,0.85,-0.4,0.21,-0.27
65901427.0,2984.0,0.0,3.19,0.02,-0.64,0
65908443.0,7016.0,1.0,0.85,-0.41,0.21,-0.27
65911427.0,2984.0,0.0,3.14,-0.74,-0.14,0
65918443.0,7016.0,1.0,0.85,-0.41,0.2,-0.27
65921427.0,2984.0,0.0,2.9,-1.58,0.21,0
65927443.0,6016.0,1.0,0.85,-0.41,0.2,-0.27
65930427.0,2984.0,0.0,1.75,-3.3,0.28,0
65938443.0,8016.0,1.0,0.85,-0.42,0.2,-0.27
65941427.0,2984.0,0.0,1.05,-1.66,1.43,0
65948443.0,7016.0,1.0,0.84,-0.42,0.19,-0.27
65951427.0,2984.0,0.0,0.38,-0.77,0.79,0
65958443.0,7016.0,1.0,0.84,-0.43,0.19,-0.27
65961427.0,2984.0,0.0,-0.21,-0.8,-0.2,0
65968443.0,7016.0,1.0,0.84,-0.43,0.19,-0.26
65971427.0,2984.0,0.0,-1.02,-0.37,-0.46,0
65978443.0,7016.0,1.0,0.84,-0.43,0.19,-0.26
65981427.0,2984.0,0.0,-1.12,-0.0,-0.3,0
65988443.0,7016.0,1.0,0.84,-0.43,0.19,-0.26
65991427.0,2984.0,0.0,-1.29,0.25,-0.03,0
66000443.0,9016.0,1.0,0.84,-0.44,0.19,-0.26
66003427.0,2984.0,0.0,-1.32,0.1,0.16,0
66010443.0,7016.0,1.0,0.84,-0.44,0.19,-0.26
66013427.0,2984.0,0.0,-1.15,-0.34,0.39,0
66018443.0,5016.0,1.0,0.84,-0.44,0.19,-0.26
66021427.0,2984.0,0.0,-1.04,-0.51,0.78,0
66028443.0,7016.0,1.0,0.84,-0.44,0.19,-0.26
66031427.0,2984.0,0.0,-0.99,-0.65,0.97,0
66038443.0,7016.0,1.0,0.83,-0.45,0.19,-0.26
66041427.0,2984.0,0.0,-1.54,-0.64,1.28,0
66048443.0,7016.0,1.0,0.83,-0.45,0.19,-0.26
66051427.0,2984.0,0.0,-0.07,-0.13,-1.02,0
66058443.0,7016.0,1.0,0.83,-0.45,0.19,-0.26
66061427.0,2984.0,0.0,-0.92,-2.37,2.02,0
66068443.0,7016.0,1.0,0.83,-0.45,0.19,-0.26
66071427.0,2984.0,0.0,-0.09,-0.1,-0.23,0
66078443.0,7016.0,1.0,0.83,-0.46,0.19,-0.26
66081427.0,2984.0,0.0,-0.19,-1.7,-0.1,0
66088443.0,7016.0,1.0,0.83,-0.46,0.19,-0.26
66091427.0,2984.0,0.0,0.04,-1.04,0.07,0
66098443.0,7016.0,1.0,0.83,-0.46,0.19,-0.26
66101427.0,2984.0,0.0,0.03,-0.11,0.13,0
66108443.0,7016.0,1.0,0.82,-0.47,0.19,-0.26
66111427.0,2984.0,0.0,-0.32,-0.19,0.42,0
66117443.0,6016.0,1.0,0.82,-0.47,0.19,-0.26
66120427.0,2984.0,0.0,-1.21,-0.23,0.22,0
66128443.0,8016.0,1.0,0.82,-0.47,0.19,-0.25
66131427.0,2984.0,0.0,-1.36,0.53,0.14,0
66138443.0,7016.0,1.0,0.82,-0.48,0.19,-0.25
66141427.0,2984.0,0.0,-1.63,-0.4,0.23,0
66148443.0,7016.0,1.0,0.82,-0.48,0.2,-0.25
66151427.0,2984.0,0.0,-2.2,-1.64,-0.18,0
66158443.0,7016.0,1.0,0.81,-0.49,0.2,-0.25
66161427.0,2984.0,0.0,-4.42,-1.67,0.34,0
66168443.0,7016.0,1.0,0.81,-0.49,0.2,-0.25
66171427.0,2984.0,0.0,-5.26,-2.07,1.02,0
66178443.0,7016.0,1.0,0.81,-0.49,0.21,-0.24
66181427.0,2984.0,0.0,-6.01,-2.89,1.64,0
66188443.0,7016.0,1.0,0.8,-0.5,0.22,-0.24
66191427.0,2984.0,0.0,-5.96,-3.83,2.08,0
66198443.0,7016.0,1.0,0.8,-0.5,0.23,-0.24
66201427.0,2984.0,0.0,-4.34,-2.83,1.07,0
66208443.0,7016.0,1.0,0.79,-0.51,0.23,-0.24
66211427.0,2984.0,0.0,-2.84,-3.08,-0.05,0
66220443.0,9016.0,1.0,0.79,-0.51,0.24,-0.25
66223427.0,2984.0,0.0,-1.33,-2.25,-0.79,0
66230443.0,7016.0,1.0,0.78,-0.51,0.25,-0.25
66233427.0,2984.0,0.0,-0.52,-1.02,-1.5,0
66238443.0,5016.0,1.0,0.78,-0.52,0.26,-0.25
66241427.0,2984.0,0.0,-1.11,-0.02,-4.31,0
66248443.0,7016.0,1.0,0.77,-0.52,0.26,-0.25
66252427.0,3984.0,0.0,-1.56,1.48,-5.14,0
66258443.0,6016.0,1.0,0.77,-0.53,0.27,-0.25
66261427.0,2984.0,0.0,-1.86,2.5,-5.94,0
66268443.0,7016.0,1.0,0.76,-0.53,0.27,-0.25
66271427.0,2984.0,0.0,-2.61,2.55,-5.25,0
66278443.0,7016.0,1.0,0.76,-0.54,0.27,-0.25
66281427.0,2984.0,0.0,-2.53,1.91,-5.02,0
66288443.0,7016.0,1.0,0.75,-0.55,0.27,-0.24
66291427.0,2984.0,0.0,-1.33,0.64,-4.39,0
66298443.0,7016.0,1.0,0.75,-0.55,0.27,-0.24
66301427.0,2984.0,0.0,-0.18,-0.25,-4.14,0
66308443.0,7016.0,1.0,0.74,-0.56,0.28,-0.24
66311427.0,2984.0,0.0,0.73,-0.96,-3.98,0
66318443.0,7016.0,1.0,0.74,-0.56,0.28,-0.24
66321427.0,2984.0,0.0,0.84,-1.68,-4.07,0
66328443.0,7016.0,1.0,0.74,-0.57,0.28,-0.24
66331427.0,2984.0,0.0,0.6,-1.45,-4.28,0
66340443.0,9016.0,1.0,0.73,-0.57,0.28,-0.24
66343427.0,2984.0,0.0,0.66,0.0,-4.0,0
66351443.0,8016.0,1.0,0.73,-0.58,0.28,-0.23
66354427.0,2984.0,0.0,0.23,-0.66,-5.52,0
66358443.0,4016.0,1.0,0.72,-0.58,0.29,-0.23
66361427.0,2984.0,0.0,-1.37,0.14,-5.73,0
66368443.0,7016.0,1.0,0.72,-0.59,0.29,-0.23
66371427.0,2984.0,0.0,-2.91,-0.53,-5.94,0
66378443.0,7016.0,1.0,0.71,-0.59,0.3,-0.23
66381427.0,2984.0,0.0,-4.29,-0.05,-5.2,0
66388443.0,7016.0,1.0,0.71,-0.59,0.3,-0.23
66391427.0,2984.0,0.0,-4.54,0.57,-2.7,0
66398443.0,7016.0,1.0,0.71,-0.6,0.31,-0.23
66401427.0,2984.0,0.0,-2.96,-0.19,-1.54,0
66408443.0,7016.0,1.0,0.7,-0.6,0.31,-0.23
66411427.0,2984.0,0.0,-0.49,0.53,-0.54,0
66418443.0,7016.0,1.0,0.7,-0.6,0.31,-0.23
66421427.0,2984.0,0.0,3.45,-2.09,0.51,0
66428443.0,7016.0,1.0,0.69,-0.61,0.32,-0.22
66431427.0,2984.0,0.0,2.96,-1.25,-0.55,0
66438443.0,7016.0,1.0,0.69,-0.61,0.32,-0.22
66441427.0,2984.0,0.0,0.71,-0.88,-1.33,0
66449443.0,8016.0,1.0,0.69,-0.61,0.32,-0.22
66452427.0,2984.0,0.0,-2.09,-1.18,-3.0,0
66458443.0,6016.0,1.0,0.68,-0.62,0.33,-0.22
66461427.0,2984.0,0.0,-5.69,0.87,-4.39,0
66468443.0,7016.0,1.0,0.68,-0.62,0.33,-0.22
66471427.0,2984.0,0.0,-4.46,2.16,-5.73,0
66478443.0,7016.0,1.0,0.67,-0.62,0.33,-0.22
66481427.0,2984.0,0.0,-2.93,3.11,-5.54,0
66489443.0,8016.0,1.0,0.67,-0.63,0.34,-0.22
66492427.0,2984.0,0.0,-0.94,3.94,-4.19,0
66504443.0,12016.0,1.0,0.66,-0.63,0.34,-0.22
66509443.0,5000.0,1.0,0.66,-0.64,0.34,-0.21
66512427.0,2984.0,0.0,-2.63,2.0,-1.74,0
66518443.0,6016.0,1.0,0.66,-0.64,0.34,-0.21
66521427.0,2984.0,0.0,-4.09,1.51,-2.16,0
66529443.0,8016.0,1.0,0.65,-0.65,0.34,-0.21
66532427.0,2984.0,0.0,-5.16,1.18,-2.59,0
66538443.0,6016.0,1.0,0.65,-0.65,0.33,-0.2
66541427.0,2984.0,0.0,-4.54,-0.07,-2.0,0
66548443.0,7016.0,1.0,0.65,-0.66,0.33,-0.2
66551427.0,2984.0,0.0,-3.2,0.67,-2.41,0
66558443.0,7016.0,1.0,0.65,-0.66,0.33,-0.19
66561427.0,2984.0,0.0,-0.56,2.64,-3.61,0
66569443.0,8016.0,1.0,0.65,-0.66,0.33,-0.19
66572427.0,2984.0,0.0,1.69,3.95,-2.91,0
66578443.0,6016.0,1.0,0.64,-0.67,0.33,-0.19
66581427.0,2984.0,0.0,2.68,2.27,-0.19,0
66588443.0,7016.0,1.0,0.64,-0.67,0.33,-0.19
66591427.0,2984.0,0.0,0.57,0.98,1.18,0
66598443.0,7016.0,1.0,0.64,-0.67,0.33,-0.18
66601427.0,2984.0,0.0,-2.25,-0.39,1.36,0
66608443.0,7016.0,1.0,0.63,-0.68,0.33,-0.18
66611427.0,2984.0,0.0,-6.56,-3.49,0.51,0
66618443.0,7016.0,1.0,0.63,-0.68,0.34,-0.18
66621427.0,2984.0,0.0,-7.16,-3.19,0.59,0
66628443.0,7016.0,1.0,0.62,-0.68,0.34,-0.18
66631427.0,2984.0,0.0,-5.72,-4.1,-0.33,0
66638443.0,7016.0,1.0,0.62,-0.68,0.35,-0.17
66641427.0,2984.0,0.0,-2.31,-3.32,-1.66,0
66648443.0,7016.0,1.0,0.62,-0.68,0.35,-0.17
66651427.0,2984.0,0.0,2.87,-0.99,-1.4,0
66663443.0,12016.0,1.0,0.61,-0.68,0.36,-0.17
66667427.0,3984.0,0.0,4.08,0.15,-2.82,0
66670443.0,3016.0,1.0,0.61,-0.69,0.36,-0.17
66673427.0,2984.0,0.0,4.05,0.11,-2.72,0
66678443.0,5016.0,1.0,0.61,-0.69,0.36,-0.16
66681427.0,2984.0,0.0,2.71,1.38,-2.3,0
66688443.0,7016.0,1.0,0.6,-0.69,0.36,-0.16
66691427.0,2984.0,0.0,0.54,0.59,-1.57,0
66698443.0,7016.0,1.0,0.6,-0.7,0.36,-0.15
66701427.0,2984.0,0.0,0.44,1.29,-0.95,0
66708443.0,7016.0,1.0,0.6,-0.7,0.36,-0.15
66712427.0,3984.0,0.0,1.46,0.46,-1.09,0
66718443.0,6016.0,1.0,0.6,-0.7,0.36,-0.15
66721427.0,2984.0,0.0,2.2,1.28,-1.55,0
66729443.0,8016.0,1.0,0.59,-0.71,0.36,-0.14
66732427.0,2984.0,0.0,2.06,1.23,-3.54,0
66738443.0,6016.0,1.0,0.59,-0.71,0.36,-0.14
66741427.0,2984.0,0.0,1.73,1.64,-1.75,0
66748443.0,7016.0,1.0,0.59,-0.71,0.36,-0.14
66751427.0,2984.0,0.0,1.75,0.9,-0.21,0
66758443.0,7016.0,1.0,0.59,-0.72,0.35,-0.13
66761427.0,2984.0,0.0,2.26,1.19,0.92,0
66768443.0,7016.0,1.0,0.59,-0.72,0.35,-0.13
66771427.0,2984.0,0.0,2.39,2.63,1.0,0
66778443.0,7016.0,1.0,0.58,-0.72,0.35,-0.12
66781427.0,2984.0,0.0,2.59,1.8,0.31,0
66789443.0,8016.0,1.0,0.58,-0.72,0.35,-0.12
66792427.0,2984.0,0.0,3.14,1.39,1.14,0
66798443.0,6016.0,1.0,0.58,-0.73,0.35,-0.12
66801427.0,2984.0,0.0,2.91,-0.4,0.95,0
66808443.0,7016.0,1.0,0.58,-0.73,0.35,-0.11
66811427.0,2984.0,0.0,1.15,-0.62,0.41,0
66818443.0,7016.0,1.0,0.57,-0.73,0.36,-0.11
66821427.0,2984.0,0.0,-0.65,-1.73,-0.92,0
66829443.0,8016.0,1.0,0.57,-0.73,0.36,-0.11
66832427.0,2984.0,0.0,-2.92,-0.82,-0.87,0
66844443.0,12016.0,1.0,0.57,-0.73,0.36,-0.1
66849443.0,5000.0,1.0,0.56,-0.74,0.36,-0.1
66852427.0,2984.0,0.0,-1.13,-0.61,-0.41,0
66858443.0,6016.0,1.0,0.56,-0.74,0.36,-0.1
66861427.0,2984.0,0.0,0.28,-1.02,0.54,0
66869443.0,8016.0,1.0,0.56,-0.74,0.36,-0.09
66872427.0,2984.0,0.0,1.12,-2.46,1.34,0
66878443.0,6016.0,1.0,0.56,-0.74,0.37,-0.09
66881427.0,2984.0,0.0,0.69,-3.55,3.59,0
66888443.0,7016.0,1.0,0.55,-0.74,0.37,-0.08
66891427.0,2984.0,0.0,-0.25,-5.38,3.29,0
66898443.0,7016.0,1.0,0.55,-0.74,0.37,-0.08
66901427.0,2984.0,0.0,-2.27,-3.68,1.81,0
66909443.0,8016.0,1.0,0.55,-0.74,0.38,-0.07
66912427.0,2984.0,0.0,-4.43,-0.98,-0.05,0
66918443.0,6016.0,1.0,0.54,-0.75,0.38,-0.07
66921427.0,2984.0,0.0,-5.82,0.1,-3.17,0
66928443.0,7016.0,1.0,0.54,-0.75,0.38,-0.06
66931427.0,2984.0,0.0,-5.46,-1.16,-3.53,0
66938443.0,7016.0,1.0,0.54,-0.75,0.38,-0.06
66941427.0,2984.0,0.0,-5.06,0.13,-4.14,0
66949443.0,8016.0,1.0,0.54,-0.75,0.38,-0.05
66952427.0,2984.0,0.0,-4.65,2.02,-4.77,0
66958443.0,6016.0,1.0,0.54,-0.75,0.38,-0.04
66961427.0,2984.0,0.0,-4.61,0.21,1.11,0
66968443.0,7016.0,1.0,0.54,-0.75,0.38,-0.03
66971427.0,2984.0,0.0,-5.36,-0.91,2.75,0
66978443.0,7016.0,1.0,0.54,-0.75,0.38,-0.02
66981427.0,2984.0,0.0,-7.07,-2.87,4.55,0
66989443.0,8016.0,1.0,0.54,-0.75,0.38,-0.01
66992427.0,2984.0,0.0,-8.29,-4.02,4.31,0
67004443.0,12016.0,1.0,0.54,-0.75,0.39,-0.0
67009427.0,4984.0,0.0,-10.06,-8.71,5.6,0
67012443.0,3016.0,1.0,0.54,-0.74,0.39,0.01
67015427.0,2984.0,0.0,-10.66,-8.63,5.66,0
67019443.0,4016.0,1.0,0.54,-0.74,0.4,0.02
67022427.0,2984.0,0.0,-10.79,-8.82,5.7,0
67029443.0,7016.0,1.0,0.54,-0.74,0.41,0.02
67032427.0,2984.0,0.0,-11.92,-7.31,4.97,0
67038443.0,6016.0,1.0,0.53,-0.73,0.43,0.03
67041427.0,2984.0,0.0,-12.93,-5.93,4.23,0
67048443.0,7016.0,1.0,0.53,-0.72,0.45,0.03
67051427.0,2984.0,0.0,-13.71,-2.86,2.25,0
67059443.0,8016.0,1.0,0.52,-0.72,0.46,0.03
67062427.0,2984.0,0.0,-14.42,0.71,0.16,0
67068443.0,6016.0,1.0,0.51,-0.71,0.48,0.03
67071427.0,2984.0,0.0,-14.69,4.36,0.83,0
67083443.0,12016.0,1.0,0.5,-0.7,0.5,0.03
67087427.0,3984.0,0.0,-14.22,9.74,-0.57,0
67090443.0,3016.0,1.0,0.5,-0.69,0.52,0.04
67093427.0,2984.0,0.0,-14.42,9.6,-0.46,0
67099443.0,6016.0,1.0,0.49,-0.68,0.54,0.04
67102427.0,2984.0,0.0,-13.82,9.25,-3.01,0
67108443.0,6016.0,1.0,0.49,-0.67,0.56,0.05
67111427.0,2984.0,0.0,-12.32,13.1,-5.14,0
67118443.0,7016.0,1.0,0.49,-0.66,0.57,0.05
67121427.0,2984.0,0.0,-11.53,11.64,-6.8,0
67128443.0,7016.0,1.0,0.48,-0.65,0.59,0.06
67131427.0,2984.0,0.0,-10.11,8.33,-8.72,0
67140443.0,9016.0,1.0,0.48,-0.64,0.6,0.06
67143427.0,2984.0,0.0,-8.41,0.72,-10.0,0
67151443.0,8016.0,1.0,0.46,-0.63,0.63,0.05
67154427.0,2984.0,0.0,-5.47,11.08,-4.54,0
67158443.0,4016.0,1.0,0.44,-0.61,0.65,0.03
67161427.0,2984.0,0.0,-1.98,18.57,-10.7,0
67168443.0,7016.0,1.0,0.43,-0.6,0.67,0.02
67171427.0,2984.0,0.0,-1.62,22.79,-11.55,0
67179443.0,8016.0,1.0,0.42,-0.59,0.69,0.02
67182427.0,2984.0,0.0,-3.33,25.13,-13.71,0
67189443.0,7016.0,1.0,0.43,-0.58,0.69,0.03
67192427.0,2984.0,0.0,-6.0,17.16,-8.32,0
67198443.0,6016.0,1.0,0.46,-0.56,0.68,0.04
67201427.0,2984.0,0.0,0.69,12.15,-11.93,0
67209443.0,8016.0,1.0,0.49,-0.55,0.67,0.06
67212427.0,2984.0,0.0,10.64,4.85,-15.68,0
67218443.0,6016.0,1.0,0.53,-0.54,0.66,0.08
67221427.0,2984.0,0.0,14.07,-3.24,-11.78,0
67231443.0,10016.0,1.0,0.56,-0.52,0.64,0.09
67234427.0,2984.0,0.0,15.21,-14.57,-6.33,0
67238443.0,4016.0,1.0,0.59,-0.5,0.62,0.09
67241427.0,2984.0,0.0,15.47,-16.92,-3.98,0
67249443.0,8016.0,1.0,0.62,-0.49,0.61,0.09
67252427.0,2984.0,0.0,16.38,-15.58,-3.39,0
67263443.0,11016.0,1.0,0.64,-0.48,0.6,0.08
67267427.0,3984.0,0.0,18.34,-5.79,0.19,0
67270443.0,3016.0,1.0,0.66,-0.46,0.59,0.07
67273427.0,2984.0,0.0,18.48,-5.8,-0.28,0
67279443.0,6016.0,1.0,0.68,-0.45,0.58,0.06
67282427.0,2984.0,0.0,18.33,-6.31,-0.7,0
67289443.0,7016.0,1.0,0.7,-0.44,0.57,0.05
67292427.0,2984.0,0.0,17.93,-6.8,-1.43,0
67304443.0,12016.0,1.0,0.71,-0.43,0.55,0.04
67309427.0,4984.0,0.0,15.54,-6.29,-1.7,0
67312443.0,3016.0,1.0,0.73,-0.42,0.54,0.03
67315427.0,2984.0,0.0,15.68,-6.18,-2.17,0
67319443.0,4016.0,1.0,0.75,-0.41,0.52,0.01
67322427.0,2984.0,0.0,14.55,-6.14,-3.05,0
67329443.0,7016.0,1.0,0.76,-0.4,0.51,-0.0
67332427.0,2984.0,0.0,13.33,-5.93,-3.25,0
67339443.0,7016.0,1.0,0.78,-0.39,0.49,-0.02
67342427.0,2984.0,0.0,10.65,-5.53,-3.0,0
67349443.0,7016.0,1.0,0.79,-0.38,0.48,-0.03
67352427.0,2984.0,0.0,9.61,-5.67,-3.4,0
67361443.0,9016.0,1.0,0.8,-0.38,0.46,-0.04
67364427.0,2984.0,0.0,8.45,-5.63,-3.39,0
67371443.0,7016.0,1.0,0.81,-0.37,0.45,-0.06
67374427.0,2984.0,0.0,5.52,-4.7,-2.42,0
67379443.0,5016.0,1.0,0.82,-0.37,0.43,-0.07
67382427.0,2984.0,0.0,3.93,-4.45,-1.97,0
67388443.0,6016.0,1.0,0.83,-0.37,0.42,-0.08
67391427.0,2984.0,0.0,2.62,-4.57,-1.21,0
67399443.0,8016.0,1.0,0.84,-0.36,0.4,-0.09
67402427.0,2984.0,0.0,2.2,-4.76,-0.61,0
67409443.0,7016.0,1.0,0.84,-0.36,0.39,-0.1
67412427.0,2984.0,0.0,1.57,-5.18,1.49,0
67424443.0,12016.0,1.0,0.85,-0.36,0.37,-0.11
67428427.0,3984.0,0.0,2.81,-5.3,1.17,0
67431443.0,3016.0,1.0,0.85,-0.36,0.36,-0.12
67434427.0,2984.0,0.0,2.73,-4.99,1.01,0
67439443.0,5016.0,1.0,0.86,-0.36,0.34,-0.13
67442427.0,2984.0,0.0,2.77,-4.71,0.79,0
67449443.0,7016.0,1.0,0.86,-0.36,0.33,-0.14
67452427.0,2984.0,0.0,2.5,-5.42,0.64,0
67459443.0,7016.0,1.0,0.87,-0.36,0.32,-0.15
67462427.0,2984.0,0.0,2.45,-5.44,0.25,0
67469443.0,7016.0,1.0,0.87,-0.36,0.3,-0.16
67472427.0,2984.0,0.0,2.63,-5.29,-0.07,0
67479443.0,7016.0,1.0,0.87,-0.36,0.3,-0.16
67482427.0,2984.0,0.0,2.84,-4.44,0.32,0
67488443.0,6016.0,1.0,0.87,-0.36,0.29,-0.17
67491427.0,2984.0,0.0,3.48,-2.85,0.46,0
67503443.0,12016.0,1.0,0.87,-0.36,0.28,-0.18
67506427.0,2984.0,0.0,3.73,-2.79,0.73,0
67510443.0,4016.0,1.0,0.87,-0.36,0.27,-0.18
67513427.0,2984.0,0.0,3.68,-3.03,0.93,0
67519443.0,6016.0,1.0,0.87,-0.36,0.26,-0.19
67522427.0,2984.0,0.0,3.44,-3.52,0.71,0
67529443.0,7016.0,1.0,0.88,-0.36,0.26,-0.2
67532427.0,2984.0,0.0,2.84,-3.5,0.2,0
67539443.0,7016.0,1.0,0.88,-0.36,0.25,-0.2
67542427.0,2984.0,0.0,2.55,-3.07,-0.11,0
67549443.0,7016.0,1.0,0.88,-0.36,0.24,-0.21
67552427.0,2984.0,0.0,2.34,-2.75,-0.49,0
67559443.0,7016.0,1.0,0.88,-0.36,0.24,-0.21
67562427.0,2984.0,0.0,2.13,-2.76,-0.6,0
67569443.0,7016.0,1.0,0.87,-0.37,0.23,-0.21
67572427.0,2984.0,0.0,1.84,-2.72,-0.73,0
67579443.0,7016.0,1.0,0.87,-0.37,0.23,-0.22
67582427.0,2984.0,0.0,1.59,-2.33,-0.87,0
67589443.0,7016.0,1.0,0.87,-0.37,0.23,-0.22
67592427.0,2984.0,0.0,1.32,-1.82,-0.69,0
67599443.0,7016.0,1.0,0.87,-0.37,0.22,-0.23
67602427.0,2984.0,0.0,1.07,-1.46,-0.28,0
67609443.0,7016.0,1.0,0.87,-0.37,0.22,-0.23
67612427.0,2984.0,0.0,1.01,-1.22,-0.25,0
67619443.0,7016.0,1.0,0.87,-0.37,0.22,-0.23
67622427.0,2984.0,0.0,0.9,-1.32,0.06,0
67629443.0,7016.0,1.0,0.87,-0.37,0.21,-0.24
67632427.0,2984.0,0.0,0.88,-1.29,0.43,0
67644443.0,12016.0,1.0,0.87,-0.38,0.21,-0.24
67649427.0,4984.0,0.0,1.23,-1.3,0.47,0
67652443.0,3016.0,1.0,0.87,-0.38,0.21,-0.24
67655427.0,2984.0,0.0,1.24,-1.23,0.48,0
67659443.0,4016.0,1.0,0.87,-0.38,0.21,-0.24
67662427.0,2984.0,0.0,1.29,-1.13,0.45,0
67669443.0,7016.0,1.0,0.87,-0.38,0.21,-0.25
67672427.0,2984.0,0.0,1.5,-1.24,0.37,0
67678443.0,6016.0,1.0,0.87,-0.38,0.21,-0.25
67681427.0,2984.0,0.0,1.96,-0.97,0.12,0
67689443.0,8016.0,1.0,0.87,-0.38,0.21,-0.25
67692427.0,2984.0,0.0,2.25,-0.97,-0.02,0
67699443.0,7016.0,1.0,0.87,-0.38,0.2,-0.25
67702427.0,2984.0,0.0,2.48,-0.86,-0.15,0
67709443.0,7016.0,1.0,0.86,-0.38,0.2,-0.25
67712427.0,2984.0,0.0,2.77,-0.75,-0.21,0
67719443.0,7016.0,1.0,0.86,-0.39,0.2,-0.25
67722427.0,2984.0,0.0,3.21,-0.68,-0.35,0
67729443.0,7016.0,1.0,0.86,-0.39,0.2,-0.25
67732427.0,2984.0,0.0,3.3,-0.64,-0.16,0
67739443.0,7016.0,1.0,0.86,-0.39,0.2,-0.25
67742427.0,2984.0,0.0,3.28,-0.76,-0.03,0
67749443.0,7016.0,1.0,0.86,-0.39,0.2,-0.25
67752427.0,2984.0,0.0,3.07,-1.11,-0.05,0
67759443.0,7016.0,1.0,0.86,-0.39,0.2,-0.25
67762427.0,2984.0,0.0,2.55,-2.08,0.71,0
67769443.0,7016.0,1.0,0.86,-0.4,0.2,-0.25
67773427.0,3984.0,0.0,2.34,-2.5,1.13,0
67779443.0,6016.0,1.0,0.86,-0.4,0.2,-0.26
67782427.0,2984.0,0.0,2.18,-2.62,1.25,0
67789443.0,7016.0,1.0,0.86,-0.4,0.2,-0.26
67792427.0,2984.0,0.0,1.97,-1.94,0.96,0
67799443.0,7016.0,1.0,0.85,-0.4,0.2,-0.26
67802427.0,2984.0,0.0,1.96,-1.33,0.79,0
67809443.0,7016.0,1.0,0.85,-0.41,0.21,-0.26
67813427.0,3984.0,0.0,2.0,-0.74,0.46,0
67819443.0,6016.0,1.0,0.85,-0.41,0.21,-0.26
67822427.0,2984.0,0.0,1.97,-0.4,0.02,0
67829443.0,7016.0,1.0,0.85,-0.41,0.21,-0.26
67832427.0,2984.0,0.0,2.24,-0.5,-0.37,0
67839443.0,7016.0,1.0,0.85,-0.42,0.21,-0.26
67842427.0,2984.0,0.0,2.42,-0.77,-0.45,0
67849443.0,7016.0,1.0,0.84,-0.42,0.22,-0.26
67853427.0,3984.0,0.0,2.7,-0.86,-0.52,0
67859443.0,6016.0,1.0,0.84,-0.42,0.22,-0.26
67862427.0,2984.0,0.0,2.74,-0.91,-0.56,0
67869443.0,7016.0,1.0,0.84,-0.42,0.22,-0.26
67872427.0,2984.0,0.0,2.43,1.11,-0.98,0
67879443.0,7016.0,1.0,0.83,-0.43,0.23,-0.26
67882427.0,2984.0,0.0,2.02,1.18,-1.06,0
67889443.0,7016.0,1.0,0.83,-0.43,0.23,-0.26
67892427.0,2984.0,0.0,1.41,0.23,-0.76,0
67899443.0,7016.0,1.0,0.83,-0.44,0.23,-0.26
67902427.0,2984.0,0.0,0.79,1.44,-0.62,0
67909443.0,7016.0,1.0,0.83,-0.44,0.23,-0.26
67912427.0,2984.0,0.0,0.29,2.49,-1.4,0
67924443.0,12016.0,1.0,0.83,-0.44,0.23,-0.26
67928427.0,3984.0,0.0,0.21,2.61,-1.04,0
67931443.0,3016.0,1.0,0.83,-0.45,0.23,-0.26
67934427.0,2984.0,0.0,0.27,2.22,-0.8,0
67939443.0,5016.0,1.0,0.82,-0.45,0.22,-0.26
67942427.0,2984.0,0.0,0.3,2.29,-0.75,0
67949443.0,7016.0,1.0,0.82,-0.45,0.22,-0.26
67952427.0,2984.0,0.0,0.25,1.61,-0.6,0
67959443.0,7016.0,1.0,0.82,-0.46,0.22,-0.26
67962427.0,2984.0,0.0,0.42,0.9,-0.14,0
67969443.0,7016.0,1.0,0.82,-0.46,0.22,-0.26
67972427.0,2984.0,0.0,0.68,0.21,0.16,0
67979443.0,7016.0,1.0,0.82,-0.46,0.22,-0.26
67982427.0,2984.0,0.0,0.27,-0.48,0.39,0
67989443.0,7016.0,1.0,0.82,-0.46,0.22,-0.26
67992427.0,2984.0,0.0,-0.28,-0.24,0.87,0
67999443.0,7016.0,1.0,0.82,-0.47,0.22,-0.26
68002427.0,2984.0,0.0,0.24,2.07,1.56,0
68009443.0,7016.0,1.0,0.82,-0.47,0.22,-0.26
68012427.0,2984.0,0.0,-0.7,-0.75,1.32,0
68019443.0,7016.0,1.0,0.81,-0.47,0.22,-0.26
68022427.0,2984.0,0.0,-0.55,-0.67,-0.8,0
68029443.0,7016.0,1.0,0.81,-0.48,0.22,-0.26
68032427.0,2984.0,0.0,-0.45,-1.39,-0.85,0
68039443.0,7016.0,1.0,0.81,-0.48,0.22,-0.25
68042427.0,2984.0,0.0,-0.64,-0.71,-1.16,0
68049443.0,7016.0,1.0,0.81,-0.48,0.22,-0.25
68052427.0,2984.0,0.0,-0.8,-1.12,-1.3,0
68059443.0,7016.0,1.0,0.8,-0.49,0.23,-0.25
68062427.0,2984.0,0.0,-0.34,-1.8,-2.09,0
68069443.0,7016.0,1.0,0.8,-0.49,0.23,-0.25
68072427.0,2984.0,0.0,0.5,-1.28,-2.18,0
68079443.0,7016.0,1.0,0.8,-0.49,0.24,-0.25
68082427.0,2984.0,0.0,1.3,-1.37,-2.06,0
68089443.0,7016.0,1.0,0.79,-0.5,0.24,-0.25
68092427.0,2984.0,0.0,2.03,-1.34,-1.33,0
68099443.0,7016.0,1.0,0.79,-0.5,0.25,-0.25
68102427.0,2984.0,0.0,2.38,-1.38,-0.73,0
68109443.0,7016.0,1.0,0.78,-0.5,0.26,-0.25
68112427.0,2984.0,0.0,0.35,-0.09,-1.63,0
68119443.0,7016.0,1.0,0.78,-0.51,0.27,-0.25
68122427.0,2984.0,0.0,-2.14,0.19,-1.67,0
68129443.0,7016.0,1.0,0.78,-0.51,0.27,-0.25
68132427.0,2984.0,0.0,-3.82,0.32,-0.88,0
68144443.0,12016.0,1.0,0.77,-0.52,0.28,-0.25
68148427.0,3984.0,0.0,-4.02,-0.57,-1.57,0
68151443.0,3016.0,1.0,0.77,-0.52,0.28,-0.24
68154427.0,2984.0,0.0,-3.99,-0.62,-1.44,0
68159443.0,5016.0,1.0,0.76,-0.53,0.29,-0.24
68162427.0,2984.0,0.0,-4.29,-2.01,-1.71,0
68169443.0,7016.0,1.0,0.76,-0.53,0.29,-0.24
68172427.0,2984.0,0.0,-2.0,-2.77,-4.12,0
68179443.0,7016.0,1.0,0.75,-0.54,0.3,-0.24
68182427.0,2984.0,0.0,-1.58,-3.1,-3.43,0
68189443.0,7016.0,1.0,0.75,-0.54,0.3,-0.23
68193427.0,3984.0,0.0,-2.05,-3.23,-3.91,0
68199443.0,6016.0,1.0,0.74,-0.55,0.31,-0.23
68202427.0,2984.0,0.0,-1.91,-0.9,-4.16,0
68209443.0,7016.0,1.0,0.74,-0.55,0.31,-0.23
68212427.0,2984.0,0.0,-2.11,0.43,-5.07,0
68219443.0,7016.0,1.0,0.73,-0.56,0.32,-0.23
68222427.0,2984.0,0.0,-2.4,-0.67,-4.49,0
68229443.0,7016.0,1.0,0.73,-0.56,0.32,-0.23
68232427.0,2984.0,0.0,-2.82,0.09,-4.45,0
68239443.0,7016.0,1.0,0.72,-0.57,0.33,-0.23
68242427.0,2984.0,0.0,-3.34,0.59,-4.75,0
68249443.0,7016.0,1.0,0.72,-0.57,0.33,-0.23
68252427.0,2984.0,0.0,-3.05,2.93,-6.38,0
68264443.0,12016.0,1.0,0.71,-0.58,0.33,-0.22
68268427.0,3984.0,0.0,-1.92,5.1,-6.58,0
68271443.0,3016.0,1.0,0.71,-0.58,0.33,-0.22
68274427.0,2984.0,0.0,-0.32,4.09,-4.79,0
68279443.0,5016.0,1.0,0.71,-0.59,0.33,-0.22
68282427.0,2984.0,0.0,-0.3,4.11,-4.68,0
68289443.0,7016.0,1.0,0.7,-0.59,0.33,-0.22
68292427.0,2984.0,0.0,-0.4,2.91,-2.02,0
68299443.0,7016.0,1.0,0.7,-0.6,0.33,-0.22
68302427.0,2984.0,0.0,-1.43,2.14,-1.98,0
68309443.0,7016.0,1.0,0.69,-0.6,0.33,-0.22
68312427.0,2984.0,0.0,-2.48,1.38,-2.24,0
68319443.0,7016.0,1.0,0.69,-0.61,0.33,-0.21
68322427.0,2984.0,0.0,-3.31,0.53,-2.39,0
68329443.0,7016.0,1.0,0.69,-0.61,0.33,-0.21
68332427.0,2984.0,0.0,-1.66,-1.31,-4.73,0
68339443.0,7016.0,1.0,0.68,-0.62,0.33,-0.21
68342427.0,2984.0,0.0,-1.16,0.69,-3.8,0
68349443.0,7016.0,1.0,0.68,-0.62,0.33,-0.21
68352427.0,2984.0,0.0,-0.84,-0.04,-4.8,0
68359443.0,7016.0,1.0,0.68,-0.62,0.33,-0.2
68362427.0,2984.0,0.0,-1.81,0.76,-4.52,0
68369443.0,7016.0,1.0,0.67,-0.63,0.34,-0.2
68372427.0,2984.0,0.0,-1.7,-0.79,-3.74,0
68379443.0,7016.0,1.0,0.67,-0.63,0.34,-0.2
68382427.0,2984.0,0.0,-2.32,0.01,-2.92,0
68390443.0,8016.0,1.0,0.66,-0.64,0.34,-0.2
68393427.0,2984.0,0.0,-2.93,2.11,-2.72,0
68399443.0,6016.0,1.0,0.66,-0.64,0.34,-0.2
68402427.0,2984.0,0.0,-1.1,0.96,-2.99,0
68409443.0,7016.0,1.0,0.66,-0.64,0.34,-0.19
68412427.0,2984.0,0.0,0.2,1.3,-2.77,0
68422443.0,10016.0,1.0,0.65,-0.65,0.34,-0.19
68425427.0,2984.0,0.0,0.5,1.07,-2.2,0
68432443.0,7016.0,1.0,0.65,-0.65,0.34,-0.19
68435427.0,2984.0,0.0,0.53,1.64,-1.6,0
68439443.0,4016.0,1.0,0.65,-0.65,0.35,-0.19
68442427.0,2984.0,0.0,-0.66,1.41,0.5,0
68449443.0,7016.0,1.0,0.64,-0.66,0.35,-0.19
68452427.0,2984.0,0.0,-2.25,0.75,0.92,0
68459443.0,7016.0,1.0,0.64,-0.66,0.35,-0.18
68462427.0,2984.0,0.0,-4.1,-0.17,0.96,0
68470443.0,8016.0,1.0,0.63,-0.67,0.35,-0.18
68473427.0,2984.0,0.0,-5.19,-1.18,-0.2,0
68479443.0,6016.0,1.0,0.63,-0.67,0.35,-0.18
68482427.0,2984.0,0.0,-5.05,-1.84,-2.15,0
68489443.0,7016.0,1.0,0.63,-0.67,0.35,-0.18
68492427.0,2984.0,0.0,-3.46,-2.66,-2.5,0
68499443.0,7016.0,1.0,0.62,-0.67,0.35,-0.17
68502427.0,2984.0,0.0,-1.37,-1.21,-2.13,0
68510443.0,8016.0,1.0,0.62,-0.68,0.36,-0.17
68513427.0,2984.0,0.0,1.44,-0.61,-1.59,0
68519443.0,6016.0,1.0,0.61,-0.68,0.36,-0.17
68522427.0,2984.0,0.0,2.77,2.2,-1.79,0
68529443.0,7016.0,1.0,0.61,-0.69,0.36,-0.17
68532427.0,2984.0,0.0,1.79,2.85,-2.79,0
68539443.0,7016.0,1.0,0.61,-0.69,0.36,-0.17
68542427.0,2984.0,0.0,0.9,3.35,-4.14,0
68550443.0,8016.0,1.0,0.61,-0.69,0.36,-0.16
68553427.0,2984.0,0.0,-0.42,2.85,-5.21,0
68559443.0,6016.0,1.0,0.6,-0.7,0.35,-0.16
68562427.0,2984.0,0.0,-1.9,1.31,-4.31,0
68569443.0,7016.0,1.0,0.6,-0.7,0.35,-0.15
68573427.0,3984.0,0.0,-0.19,0.38,-0.6,0
68580443.0,7016.0,1.0,0.6,-0.7,0.35,-0.15
68583427.0,2984.0,0.0,1.7,-0.36,2.43,0
68589443.0,6016.0,1.0,0.6,-0.71,0.35,-0.15
68592427.0,2984.0,0.0,1.95,-0.16,3.93,0
68604443.0,12016.0,1.0,0.59,-0.71,0.35,-0.14
68608427.0,3984.0,0.0,0.58,-0.72,1.83,0
68611443.0,3016.0,1.0,0.59,-0.71,0.35,-0.14
68614427.0,2984.0,0.0,0.55,-0.77,1.93,0
68619443.0,5016.0,1.0,0.59,-0.71,0.36,-0.14
68622427.0,2984.0,0.0,-0.45,-2.3,0.72,0
68629443.0,7016.0,1.0,0.59,-0.71,0.36,-0.13
68632427.0,2984.0,0.0,-3.4,-2.5,-1.23,0
68639443.0,7016.0,1.0,0.58,-0.72,0.36,-0.13
68642427.0,2984.0,0.0,-3.36,-3.2,-1.63,0
68649443.0,7016.0,1.0,0.58,-0.72,0.37,-0.13
68652427.0,2984.0,0.0,-2.32,-3.33,-0.39,0
68659443.0,7016.0,1.0,0.58,-0.72,0.37,-0.13
68662427.0,2984.0,0.0,-1.49,-3.64,0.94,0
68669443.0,7016.0,1.0,0.57,-0.72,0.37,-0.12
68672427.0,2984.0,0.0,0.12,0.71,1.98,0
68679443.0,7016.0,1.0,0.57,-0.72,0.37,-0.12
68682427.0,2984.0,0.0,1.18,-1.03,1.19,0
68689443.0,7016.0,1.0,0.57,-0.73,0.37,-0.11
68692427.0,2984.0,0.0,2.21,-3.05,0.54,0
68699443.0,7016.0,1.0,0.56,-0.73,0.38,-0.11
68702427.0,2984.0,0.0,2.51,-1.76,0.42,0
68709443.0,7016.0,1.0,0.56,-0.73,0.38,-0.1
68712427.0,2984.0,0.0,2.54,-4.84,-0.92,0
68719443.0,7016.0,1.0,0.56,-0.73,0.38,-0.1
68722427.0,2984.0,0.0,1.61,-3.69,-0.7,0
68729443.0,7016.0,1.0,0.56,-0.73,0.38,-0.09
68732427.0,2984.0,0.0,1.42,-2.23,-0.84,0
68739443.0,7016.0,1.0,0.55,-0.74,0.38,-0.09
68742427.0,2984.0,0.0,1.26,-1.46,-0.93,0
68749443.0,7016.0,1.0,0.55,-0.74,0.38,-0.08
68752427.0,2984.0,0.0,1.63,0.59,-1.57,0
68764443.0,12016.0,1.0,0.55,-0.74,0.38,-0.08
68768427.0,3984.0,0.0,2.16,1.25,-3.27,0
68771443.0,3016.0,1.0,0.55,-0.74,0.38,-0.08
68774427.0,2984.0,0.0,1.55,-0.38,-2.35,0
68779443.0,5016.0,1.0,0.55,-0.74,0.38,-0.07
68782427.0,2984.0,0.0,0.5,-0.25,-1.79,0
68789443.0,7016.0,1.0,0.54,-0.75,0.38,-0.07
68792427.0,2984.0,0.0,-0.58,-0.52,-0.55,0
68799443.0,7016.0,1.0,0.54,-0.75,0.38,-0.06
68802427.0,2984.0,0.0,-1.95,-2.25,1.06,0
68810443.0,8016.0,1.0,0.54,-0.75,0.38,-0.05
68813427.0,2984.0,0.0,-4.04,-2.39,1.53,0
68819443.0,6016.0,1.0,0.54,-0.75,0.39,-0.05
68822427.0,2984.0,0.0,-7.09,-2.17,-0.08,0
68829443.0,7016.0,1.0,0.54,-0.75,0.39,-0.04
68832427.0,2984.0,0.0,-7.44,-2.27,0.4,0
68839443.0,7016.0,1.0,0.54,-0.74,0.39,-0.03
68842427.0,2984.0,0.0,-7.9,-2.61,1.51,0
68850443.0,8016.0,1.0,0.54,-0.74,0.4,-0.02
68853427.0,2984.0,0.0,-8.26,-5.14,1.9,0
68859443.0,6016.0,1.0,0.53,-0.74,0.41,-0.02
68862427.0,2984.0,0.0,-9.97,-5.71,2.91,0
68869443.0,7016.0,1.0,0.53,-0.73,0.42,-0.01
68872427.0,2984.0,0.0,-10.56,-5.71,2.56,0
68881443.0,9016.0,1.0,0.53,-0.73,0.44,-0.01
68884427.0,2984.0,0.0,-10.88,-6.1,3.4,0
68891443.0,7016.0,1.0,0.52,-0.72,0.45,-0.0
68894427.0,2984.0,0.0,-11.44,-4.52,6.38,0
68899443.0,5016.0,1.0,0.52,-0.72,0.47,0.0
68902427.0,2984.0,0.0,-12.23,-1.4,5.14,0
68909443.0,7016.0,1.0,0.51,-0.71,0.49,0.01
68912427.0,2984.0,0.0,-12.91,-0.55,4.91,0
68919443.0,7016.0,1.0,0.51,-0.7,0.5,0.01
68922427.0,2984.0,0.0,-14.16,-0.08,4.94,0
68930443.0,8016.0,1.0,0.51,-0.69,0.52,0.02
68933427.0,2984.0,0.0,-15.66,-0.42,5.47,0
68939443.0,6016.0,1.0,0.51,-0.68,0.53,0.03
68942427.0,2984.0,0.0,-18.48,0.99,3.31,0
68950443.0,8016.0,1.0,0.5,-0.67,0.55,0.04
68953427.0,2984.0,0.0,-18.91,1.62,1.5,0
68962443.0,9016.0,1.0,0.5,-0.65,0.57,0.05
68965427.0,2984.0,0.0,-18.53,3.92,-0.96,0
68972443.0,7016.0,1.0,0.5,-0.64,0.58,0.06
68976427.0,3984.0,0.0,-16.95,9.48,-1.3,0
68980443.0,4016.0,1.0,0.49,-0.63,0.6,0.07
68983427.0,2984.0,0.0,-15.86,13.67,-6.14,0
68990443.0,7016.0,1.0,0.49,-0.61,0.62,0.07
68993427.0,2984.0,0.0,-14.97,8.6,-11.89,0
69002443.0,9016.0,1.0,0.47,-0.6,0.64,0.07
69005427.0,2984.0,0.0,-14.45,2.06,-12.29,0
69012443.0,7016.0,1.0,0.45,-0.59,0.67,0.06
69015427.0,2984.0,0.0,-7.73,28.68,-16.83,0
69020443.0,5016.0,1.0,0.43,-0.58,0.7,0.04
69023427.0,2984.0,0.0,-5.05,40.63,-22.05,0
69029443.0,6016.0,1.0,0.42,-0.56,0.71,0.04
69032427.0,2984.0,0.0,-5.3,36.38,-17.12,0
69041443.0,9016.0,1.0,0.44,-0.55,0.71,0.05
69044427.0,2984.0,0.0,-3.13,31.89,-14.5,0
69052443.0,8016.0,1.0,0.47,-0.53,0.7,0.07
69055427.0,2984.0,0.0,7.21,12.7,-19.58,0
69059443.0,4016.0,1.0,0.51,-0.51,0.69,0.09
69062427.0,2984.0,0.0,13.59,2.98,-17.0,0
69069443.0,7016.0,1.0,0.55,-0.5,0.67,0.1
69072427.0,2984.0,0.0,18.0,-9.16,-12.08,0
69080443.0,8016.0,1.0,0.58,-0.48,0.65,0.1
69083427.0,2984.0,0.0,20.36,-16.4,-8.88,0
69090443.0,7016.0,1.0,0.61,-0.46,0.64,0.1
69093427.0,2984.0,0.0,24.12,-8.12,-1.3,0
69105443.0,12016.0,1.0,0.63,-0.45,0.62,0.09
69110427.0,4984.0,0.0,26.2,-7.01,-1.04,0
69113443.0,3016.0,1.0,0.66,-0.43,0.61,0.08
69116427.0,2984.0,0.0,25.78,-7.71,-1.37,0
69120443.0,4016.0,1.0,0.69,-0.42,0.59,0.06
69123427.0,2984.0,0.0,24.87,-8.94,-1.68,0
69130443.0,7016.0,1.0,0.71,-0.41,0.58,0.05
69133427.0,2984.0,0.0,23.61,-9.77,-2.41,0
69140443.0,7016.0,1.0,0.73,-0.4,0.56,0.03
69143427.0,2984.0,0.0,21.81,-9.83,-2.86,0
69150443.0,7016.0,1.0,0.75,-0.39,0.54,0.02
69153427.0,2984.0,0.0,20.05,-9.5,-3.58,0
69159443.0,6016.0,1.0,0.76,-0.38,0.52,0.0
69162427.0,2984.0,0.0,17.8,-9.34,-4.59,0
69172443.0,10016.0,1.0,0.78,-0.37,0.51,-0.02
69175427.0,2984.0,0.0,13.23,-6.73,-3.87,0
69179443.0,4016.0,1.0,0.79,-0.37,0.49,-0.03
69182427.0,2984.0,0.0,11.16,-6.02,-3.57,0
69190443.0,8016.0,1.0,0.81,-0.36,0.47,-0.05
69193427.0,2984.0,0.0,9.36,-5.79,-3.37,0
69200443.0,7016.0,1.0,0.82,-0.36,0.45,-0.06
69203427.0,2984.0,0.0,4.74,-7.66,-3.4,0
69210443.0,7016.0,1.0,0.83,-0.36,0.43,-0.08
69213427.0,2984.0,0.0,2.25,-8.58,-2.2,0
69222443.0,9016.0,1.0,0.84,-0.35,0.41,-0.09
69225427.0,2984.0,0.0,0.59,-9.29,-1.03,0
69232443.0,7016.0,1.0,0.84,-0.35,0.4,-0.1
69235427.0,2984.0,0.0,-0.2,-9.79,0.53,0
69239443.0,4016.0,1.0,0.85,-0.35,0.39,-0.12
69242427.0,2984.0,0.0,1.67,-8.18,1.83,0
69249443.0,7016.0,1.0,0.85,-0.35,0.38,-0.13
69252427.0,2984.0,0.0,3.34,-5.81,1.11,0
69260443.0,8016.0,1.0,0.85,-0.35,0.37,-0.14
69263427.0,2984.0,0.0,4.51,-3.8,0.15,0
69270443.0,7016.0,1.0,0.86,-0.35,0.35,-0.15
69273427.0,2984.0,0.0,5.09,-3.19,-0.55,0
69280443.0,7016.0,1.0,0.86,-0.35,0.34,-0.16
69283427.0,2984.0,0.0,6.09,-4.33,-0.93,0
69290443.0,7016.0,1.0,0.86,-0.35,0.33,-0.17
69293427.0,2984.0,0.0,6.47,-5.0,-0.81,0
69302443.0,9016.0,1.0,0.86,-0.35,0.32,-0.17
69305427.0,2984.0,0.0,6.61,-5.41,-0.66,0
69312443.0,7016.0,1.0,0.86,-0.35,0.31,-0.18
69315427.0,2984.0,0.0,6.64,-5.21,-0.42,0
69319443.0,4016.0,1.0,0.87,-0.35,0.3,-0.19
69322427.0,2984.0,0.0,6.3,-4.75,0.73,0
69330443.0,8016.0,1.0,0.87,-0.35,0.3,-0.19
69334427.0,3984.0,0.0,5.99,-4.43,0.81,0
69340443.0,6016.0,1.0,0.87,-0.35,0.29,-0.2
69343427.0,2984.0,0.0,5.36,-3.95,0.82,0
69350443.0,7016.0,1.0,0.87,-0.36,0.28,-0.2
69353427.0,2984.0,0.0,4.55,-3.22,0.97,0
69360443.0,7016.0,1.0,0.87,-0.36,0.28,-0.21
69363427.0,2984.0,0.0,3.96,-2.8,0.23,0
69370443.0,7016.0,1.0,0.87,-0.36,0.27,-0.21
69373427.0,2984.0,0.0,3.46,-2.65,-0.34,0
69380443.0,7016.0,1.0,0.87,-0.36,0.26,-0.22
69383427.0,2984.0,0.0,3.07,-3.11,-0.83,0
69390443.0,7016.0,1.0,0.87,-0.37,0.26,-0.22
69393427.0,2984.0,0.0,2.45,-3.94,-1.16,0
69405443.0,12016.0,1.0,0.87,-0.37,0.25,-0.23
69409427.0,3984.0,0.0,1.29,-2.8,-0.74,0
69412443.0,3016.0,1.0,0.86,-0.37,0.25,-0.23
69415427.0,2984.0,0.0,1.08,-2.17,-0.93,0
69420443.0,5016.0,1.0,0.86,-0.37,0.25,-0.24
69423427.0,2984.0,0.0,1.11,-2.09,-0.92,0
69429443.0,6016.0,1.0,0.86,-0.37,0.25,-0.24
69432427.0,2984.0,0.0,0.68,-2.12,-0.53,0
69440443.0,8016.0,1.0,0.86,-0.37,0.25,-0.24
69443427.0,2984.0,0.0,0.46,-1.89,-0.02,0
69450443.0,7016.0,1.0,0.86,-0.38,0.24,-0.25
69453427.0,2984.0,0.0,0.22,-1.41,-0.04,0
69460443.0,7016.0,1.0,0.86,-0.38,0.24,-0.25
69463427.0,2984.0,0.0,-0.07,-0.88,-0.26,0
69470443.0,7016.0,1.0,0.86,-0.38,0.24,-0.25
69473427.0,2984.0,0.0,0.27,-0.25,0.05,0
69480443.0,7016.0,1.0,0.86,-0.38,0.24,-0.26
69483427.0,2984.0,0.0,0.62,-0.42,-0.01,0
69490443.0,7016.0,1.0,0.85,-0.38,0.24,-0.26
69493427.0,2984.0,0.0,0.98,-0.55,0.04,0
69500443.0,7016.0,1.0,0.85,-0.38,0.24,-0.26
69503427.0,2984.0,0.0,1.49,-0.6,0.0,0
69510443.0,7016.0,1.0,0.85,-0.39,0.23,-0.26
69513427.0,2984.0,0.0,2.27,-0.74,0.28,0
69520443.0,7016.0,1.0,0.85,-0.39,0.23,-0.26
69523427.0,2984.0,0.0,2.59,-0.49,0.29,0
69530443.0,7016.0,1.0,0.85,-0.39,0.23,-0.26
69533427.0,2984.0,0.0,2.68,-0.73,0.21,0
69540443.0,7016.0,1.0,0.85,-0.39,0.23,-0.26
69543427.0,2984.0,0.0,2.07,-0.55,-0.23,0
69550443.0,7016.0,1.0,0.85,-0.4,0.22,-0.26
69553427.0,2984.0,0.0,1.68,-0.37,-0.64,0
69560443.0,7016.0,1.0,0.85,-0.4,0.22,-0.26
69563427.0,2984.0,0.0,1.65,-0.81,-0.92,0
69570443.0,7016.0,1.0,0.85,-0.4,0.22,-0.26
69573427.0,2984.0,0.0,2.2,-1.02,-1.1,0
69580443.0,7016.0,1.0,0.85,-0.4,0.22,-0.26
69583427.0,2984.0,0.0,3.2,-0.7,-0.76,0
69590443.0,7016.0,1.0,0.85,-0.41,0.22,-0.26
69593427.0,2984.0,0.0,3.42,-0.78,-0.84,0
69600443.0,7016.0,1.0,0.85,-0.41,0.21,-0.27
69603427.0,2984.0,0.0,3.33,-0.77,-0.75,0
69610443.0,7016.0,1.0,0.84,-0.41,0.21,-0.27
69613427.0,2984.0,0.0,3.21,-0.34,-0.58,0
69619443.0,6016.0,1.0,0.84,-0.42,0.21,-0.27
69622427.0,2984.0,0.0,3.02,-0.48,-0.69,0
69630443.0,8016.0,1.0,0.84,-0.42,0.21,-0.27
69633427.0,2984.0,0.0,2.86,-0.43,-0.71,0
69640443.0,7016.0,1.0,0.84,-0.43,0.21,-0.27
69643427.0,2984.0,0.0,2.71,-0.11,-1.18,0
69650443.0,7016.0,1.0,0.84,-0.43,0.21,-0.27
69653427.0,2984.0,0.0,2.34,0.25,-1.65,0
69665443.0,12016.0,1.0,0.83,-0.43,0.21,-0.27
69669427.0,3984.0,0.0,-0.57,2.41,-1.05,0
69672443.0,3016.0,1.0,0.83,-0.44,0.21,-0.27
69675427.0,2984.0,0.0,-0.53,2.47,-0.99,0
69680443.0,5016.0,1.0,0.83,-0.44,0.2,-0.27
69683427.0,2984.0,0.0,0.69,13.82,-1.09,0
69690443.0,7016.0,1.0,0.83,-0.45,0.2,-0.26
69693427.0,2984.0,0.0,-0.05,-5.32,-3.37,0
69700443.0,7016.0,1.0,0.83,-0.45,0.2,-0.26
69703427.0,2984.0,0.0,0.63,5.2,1.05,0
69710443.0,7016.0,1.0,0.83,-0.45,0.2,-0.26
69713427.0,2984.0,0.0,0.27,3.05,-0.16,0
69720443.0,7016.0,1.0,0.83,-0.46,0.2,-0.26
69723427.0,2984.0,0.0,0.25,-2.32,-3.19,0
69730443.0,7016.0,1.0,0.83,-0.46,0.2,-0.26
69733427.0,2984.0,0.0,0.65,-0.37,-0.97,0
69740443.0,7016.0,1.0,0.82,-0.46,0.2,-0.26
69743427.0,2984.0,0.0,-0.24,-0.66,-0.47,0
69750443.0,7016.0,1.0,0.82,-0.46,0.2,-0.26
69754427.0,3984.0,0.0,-0.88,-1.05,-0.09,0
69760443.0,6016.0,1.0,0.82,-0.47,0.2,-0.26
69763427.0,2984.0,0.0,-1.29,-0.07,0.68,0
69770443.0,7016.0,1.0,0.82,-0.47,0.19,-0.26
69773427.0,2984.0,0.0,-1.12,-1.0,-0.54,0
69780443.0,7016.0,1.0,0.82,-0.47,0.19,-0.26
69783427.0,2984.0,0.0,-2.21,-2.32,1.84,0
69790443.0,7016.0,1.0,0.82,-0.47,0.19,-0.26
69793427.0,2984.0,0.0,-1.0,-0.27,0.69,0
69800443.0,7016.0,1.0,0.82,-0.48,0.19,-0.26
69803427.0,2984.0,0.0,-1.17,-2.09,0.67,0
69810443.0,7016.0,1.0,0.82,-0.48,0.19,-0.26
69813427.0,2984.0,0.0,-0.58,-1.21,-0.2,0
69820443.0,7016.0,1.0,0.82,-0.48,0.19,-0.25
69823427.0,2984.0,0.0,-0.52,-0.97,-0.68,0
69830443.0,7016.0,1.0,0.81,-0.48,0.2,-0.25
69834427.0,3984.0,0.0,-0.48,-1.44,-1.02,0
69840443.0,6016.0,1.0,0.81,-0.49,0.2,-0.25
69843427.0,2984.0,0.0,-0.13,-1.48,-1.42,0
69850443.0,7016.0,1.0,0.81,-0.49,0.2,-0.25
69853427.0,2984.0,0.0,0.74,-0.79,-3.36,0
69860443.0,7016.0,1.0,0.81,-0.49,0.2,-0.25
69863427.0,2984.0,0.0,0.77,-0.34,-4.13,0
69870443.0,7016.0,1.0,0.81,-0.49,0.2,-0.25
69873427.0,2984.0,0.0,0.22,0.61,-4.61,0
69880443.0,7016.0,1.0,0.81,-0.5,0.2,-0.25
69883427.0,2984.0,0.0,-0.34,0.98,-4.2,0
69890443.0,7016.0,1.0,0.8,-0.5,0.2,-0.25
69893427.0,2984.0,0.0,-0.73,-0.8,-2.53,0
69900443.0,7016.0,1.0,0.8,-0.5,0.21,-0.25
69903427.0,2984.0,0.0,-0.32,-1.46,-1.5,0
69910443.0,7016.0,1.0,0.8,-0.51,0.21,-0.25
69913427.0,2984.0,0.0,0.19,-2.59,0.1,0
69922443.0,9016.0,1.0,0.8,-0.51,0.21,-0.25
69925427.0,2984.0,0.0,0.45,-4.18,1.14,0
69933443.0,8016.0,1.0,0.8,-0.51,0.21,-0.25
69936427.0,2984.0,0.0,-0.7,-5.29,3.95,0
69940443.0,4016.0,1.0,0.79,-0.52,0.22,-0.24
69943427.0,2984.0,0.0,-1.93,-5.05,5.56,0
69950443.0,7016.0,1.0,0.79,-0.52,0.23,-0.24
69953427.0,2984.0,0.0,-3.64,-6.2,6.26,0
69960443.0,7016.0,1.0,0.78,-0.52,0.23,-0.24
69963427.0,2984.0,0.0,-6.86,-5.96,3.77,0
69970443.0,7016.0,1.0,0.78,-0.53,0.24,-0.24
69973427.0,2984.0,0.0,-7.51,-5.76,1.06,0
69980443.0,7016.0,1.0,0.77,-0.53,0.25,-0.24
69983427.0,2984.0,0.0,-7.32,-4.91,-1.12,0
69990443.0,7016.0,1.0,0.77,-0.53,0.26,-0.24
69993427.0,2984.0,0.0,-5.52,-4.12,-2.61,0
70000443.0,7016.0,1.0,0.76,-0.54,0.27,-0.24
70003427.0,2984.0,0.0,-0.46,-2.67,-3.52,0
70010443.0,7016.0,1.0,0.76,-0.54,0.28,-0.24
70013427.0,2984.0,0.0,0.73,-0.96,-3.7,0
70023443.0,10016.0,1.0,0.75,-0.54,0.29,-0.24
70026427.0,2984.0,0.0,0.61,-0.49,-3.54,0
70033443.0,7016.0,1.0,0.74,-0.55,0.29,-0.24
70036427.0,2984.0,0.0,-0.69,0.93,-4.28,0
70040443.0,4016.0,1.0,0.74,-0.56,0.29,-0.24
70043427.0,2984.0,0.0,-4.55,4.52,-6.3,0
70050443.0,7016.0,1.0,0.73,-0.56,0.29,-0.24
70053427.0,2984.0,0.0,-5.54,4.05,-6.0,0
70060443.0,7016.0,1.0,0.73,-0.57,0.29,-0.24
70063427.0,2984.0,0.0,-5.14,2.56,-5.82,0
70070443.0,7016.0,1.0,0.73,-0.58,0.29,-0.24
70073427.0,2984.0,0.0,-3.92,0.95,-5.51,0
70080443.0,7016.0,1.0,0.72,-0.58,0.29,-0.23
70083427.0,2984.0,0.0,-2.09,0.47,-4.04,0
70090443.0,7016.0,1.0,0.72,-0.59,0.3,-0.23
70093427.0,2984.0,0.0,-0.16,-1.78,-3.27,0
70100443.0,7016.0,1.0,0.71,-0.59,0.3,-0.23
70103427.0,2984.0,0.0,1.44,-0.58,-1.52,0
70110443.0,7016.0,1.0,0.71,-0.6,0.3,-0.23
70113427.0,2984.0,0.0,2.23,-1.96,-0.54,0
70120443.0,7016.0,1.0,0.7,-0.6,0.3,-0.23
70123427.0,2984.0,0.0,2.01,2.35,-2.27,0
70130443.0,7016.0,1.0,0.7,-0.6,0.31,-0.23
70134427.0,3984.0,0.0,1.67,1.84,-3.46,0
70140443.0,6016.0,1.0,0.69,-0.61,0.31,-0.23
70143427.0,2984.0,0.0,1.03,-0.05,-4.36,0
70150443.0,7016.0,1.0,0.69,-0.61,0.32,-0.23
70153427.0,2984.0,0.0,-1.7,-1.51,-2.79,0
70166443.0,13016.0,1.0,0.68,-0.61,0.33,-0.23
70171443.0,5000.0,1.0,0.67,-0.61,0.34,-0.23
70174427.0,2984.0,0.0,-2.77,1.13,-2.39,0
70180443.0,6016.0,1.0,0.67,-0.61,0.35,-0.23
70183427.0,2984.0,0.0,-2.01,0.41,-1.1,0
70190443.0,7016.0,1.0,0.66,-0.62,0.36,-0.23
70193427.0,2984.0,0.0,-0.73,2.66,-3.34,0
70200443.0,7016.0,1.0,0.65,-0.62,0.37,-0.23
70203427.0,2984.0,0.0,0.07,2.53,-4.48,0
70210443.0,7016.0,1.0,0.65,-0.62,0.37,-0.23
70213427.0,2984.0,0.0,1.64,1.14,-6.39,0
70220443.0,7016.0,1.0,0.65,-0.63,0.37,-0.23
70223427.0,2984.0,0.0,2.17,4.34,-8.91,0
70230443.0,7016.0,1.0,0.64,-0.63,0.37,-0.22
70233427.0,2984.0,0.0,3.36,6.66,-10.69,0
70240443.0,7016.0,1.0,0.64,-0.64,0.36,-0.22
70243427.0,2984.0,0.0,5.16,8.96,-7.51,0
70250443.0,7016.0,1.0,0.64,-0.65,0.36,-0.21
70253427.0,2984.0,0.0,9.8,8.08,-6.05,0
70260443.0,7016.0,1.0,0.64,-0.65,0.35,-0.21
70263427.0,2984.0,0.0,5.87,-4.56,-2.68,0
70270443.0,7016.0,1.0,0.64,-0.66,0.35,-0.2
70273427.0,2984.0,0.0,2.19,-7.29,-1.76,0
70285443.0,12016.0,1.0,0.64,-0.66,0.35,-0.2
70289427.0,3984.0,0.0,-6.34,1.5,0.32,0
70292443.0,3016.0,1.0,0.63,-0.66,0.35,-0.19
70295427.0,2984.0,0.0,-6.28,-5.48,2.18,0
70300443.0,5016.0,1.0,0.63,-0.67,0.35,-0.19
70303427.0,2984.0,0.0,-6.29,-5.52,2.29,0
70310443.0,7016.0,1.0,0.63,-0.67,0.35,-0.19
70313427.0,2984.0,0.0,-6.24,-3.23,2.89,0
70320443.0,7016.0,1.0,0.62,-0.67,0.36,-0.18
70323427.0,2984.0,0.0,-5.12,-2.95,3.26,0
70331443.0,8016.0,1.0,0.62,-0.67,0.36,-0.18
70334427.0,2984.0,0.0,-4.58,-4.43,3.05,0
70340443.0,6016.0,1.0,0.62,-0.67,0.37,-0.18
70343427.0,2984.0,0.0,-6.04,-3.82,0.95,0
70350443.0,7016.0,1.0,0.61,-0.67,0.38,-0.18
70353427.0,2984.0,0.0,-6.7,-3.17,-1.1,0
70360443.0,7016.0,1.0,0.61,-0.67,0.39,-0.17
70363427.0,2984.0,0.0,-6.62,-2.43,-3.26,0
70371443.0,8016.0,1.0,0.6,-0.68,0.39,-0.17
70374427.0,2984.0,0.0,-4.82,-0.22,-4.27,0
70380443.0,6016.0,1.0,0.6,-0.68,0.39,-0.17
70383427.0,2984.0,0.0,2.88,-0.62,-3.32,0
70390443.0,7016.0,1.0,0.6,-0.68,0.39,-0.16
70393427.0,2984.0,0.0,4.8,0.26,-2.54,0
70400443.0,7016.0,1.0,0.59,-0.68,0.4,-0.16
70403427.0,2984.0,0.0,4.54,2.06,-2.83,0
70411443.0,8016.0,1.0,0.59,-0.69,0.4,-0.15
70414427.0,2984.0,0.0,2.95,1.96,-3.47,0
70420443.0,6016.0,1.0,0.59,-0.69,0.39,-0.15
70423427.0,2984.0,0.0,-1.37,2.32,-4.97,0
70430443.0,7016.0,1.0,0.59,-0.69,0.39,-0.14
70433427.0,2984.0,0.0,-1.82,2.45,-4.2,0
70443443.0,10016.0,1.0,0.59,-0.7,0.39,-0.14
70446427.0,2984.0,0.0,-0.23,1.72,-1.58,0
70453443.0,7016.0,1.0,0.59,-0.7,0.39,-0.14
70456427.0,2984.0,0.0,2.12,0.4,0.89,0
70460443.0,4016.0,1.0,0.58,-0.7,0.38,-0.13
70463427.0,2984.0,0.0,3.72,4.37,1.59,0
70470443.0,7016.0,1.0,0.58,-0.71,0.38,-0.13
70473427.0,2984.0,0.0,3.27,4.25,0.32,0
70480443.0,7016.0,1.0,0.58,-0.71,0.38,-0.12
70483427.0,2984.0,0.0,1.72,3.61,-0.4,0
70491443.0,8016.0,1.0,0.58,-0.71,0.38,-0.12
70494427.0,2984.0,0.0,0.28,2.87,-1.27,0
70500443.0,6016.0,1.0,0.58,-0.71,0.38,-0.11
70503427.0,2984.0,0.0,-1.67,-0.5,-0.32,0
70510443.0,7016.0,1.0,0.58,-0.72,0.38,-0.11
70513427.0,2984.0,0.0,-2.4,-2.28,0.37,0
70521443.0,8016.0,1.0,0.57,-0.72,0.38,-0.11
70524427.0,2984.0,0.0,-3.12,-4.16,0.38,0
70530443.0,6016.0,1.0,0.57,-0.72,0.39,-0.11
70533427.0,2984.0,0.0,-4.37,-4.52,-0.86,0
70540443.0,7016.0,1.0,0.56,-0.72,0.39,-0.1
70543427.0,2984.0,0.0,-3.12,-2.67,-0.2,0
70550443.0,7016.0,1.0,0.56,-0.72,0.4,-0.1
70553427.0,2984.0,0.0,-1.11,-1.7,0.66,0
70561443.0,8016.0,1.0,0.56,-0.72,0.4,-0.1
70564427.0,2984.0,0.0,1.33,-1.98,1.0,0
70570443.0,6016.0,1.0,0.56,-0.72,0.41,-0.09
70573427.0,2984.0,0.0,2.57,-3.0,3.61,0
70580443.0,7016.0,1.0,0.55,-0.72,0.41,-0.09
70583427.0,2984.0,0.0,1.44,-1.88,2.44,0
70590443.0,7016.0,1.0,0.55,-0.72,0.42,-0.09
70594427.0,3984.0,0.0,-0.65,-1.1,0.6,0
70600443.0,6016.0,1.0,0.55,-0.72,0.42,-0.08
70603427.0,2984.0,0.0,-3.27,-0.86,-1.43,0
70610443.0,7016.0,1.0,0.54,-0.72,0.42,-0.08
70613427.0,2984.0,0.0,-5.39,-3.87,-3.97,0
70625443.0,12016.0,1.0,0.54,-0.72,0.43,-0.08
70629427.0,3984.0,0.0,-4.45,-1.76,-5.11,0
70632443.0,3016.0,1.0,0.54,-0.72,0.43,-0.07
70635427.0,2984.0,0.0,-4.08,-0.75,-4.52,0
70640443.0,5016.0,1.0,0.54,-0.72,0.43,-0.07
70643427.0,2984.0,0.0,-4.12,-0.82,-4.49,0
70651443.0,8016.0,1.0,0.54,-0.72,0.43,-0.06
70654427.0,2984.0,0.0,-2.44,1.07,-0.32,0
70660443.0,6016.0,1.0,0.54,-0.72,0.43,-0.06
70663427.0,2984.0,0.0,-2.7,1.49,0.91,0
70670443.0,7016.0,1.0,0.54,-0.72,0.43,-0.05
70673427.0,2984.0,0.0,-3.36,1.74,1.3,0
70681443.0,8016.0,1.0,0.54,-0.72,0.43,-0.04
70684427.0,2984.0,0.0,-4.2,0.78,1.93,0
70690443.0,6016.0,1.0,0.54,-0.72,0.42,-0.03
70693427.0,2984.0,0.0,-5.9,-1.57,3.21,0
70700443.0,7016.0,1.0,0.55,-0.72,0.42,-0.02
70703427.0,2984.0,0.0,-6.38,-2.68,3.44,0
70711443.0,8016.0,1.0,0.55,-0.72,0.42,-0.01
70714427.0,2984.0,0.0,-6.83,-4.37,4.41,0
70720443.0,6016.0,1.0,0.55,-0.72,0.43,-0.0
70723427.0,2984.0,0.0,-7.15,-5.92,4.84,0
70730443.0,7016.0,1.0,0.55,-0.72,0.43,0.01
70733427.0,2984.0,0.0,-7.87,-6.3,6.09,0
70740443.0,7016.0,1.0,0.54,-0.71,0.44,0.01
70743427.0,2984.0,0.0,-8.3,-5.23,7.42,0
70751443.0,8016.0,1.0,0.54,-0.71,0.46,0.02
70754427.0,2984.0,0.0,-8.29,-6.81,6.0,0
70765443.0,11016.0,1.0,0.53,-0.7,0.47,0.02
70770427.0,4984.0,0.0,-9.47,-0.87,3.0,0
70773443.0,3016.0,1.0,0.52,-0.7,0.49,0.01
70776427.0,2984.0,0.0,-9.63,-0.95,3.19,0
70780443.0,4016.0,1.0,0.51,-0.69,0.52,0.01
70783427.0,2984.0,0.0,-10.15,1.11,2.14,0
70791443.0,8016.0,1.0,0.5,-0.68,0.54,0.01
70794427.0,2984.0,0.0,-10.73,4.51,0.59,0
70800443.0,6016.0,1.0,0.49,-0.67,0.56,0.0
70803427.0,2984.0,0.0,-10.86,9.9,-1.73,0
70810443.0,7016.0,1.0,0.48,-0.66,0.58,0.0
70813427.0,2984.0,0.0,-10.8,10.85,-2.92,0
70822443.0,9016.0,1.0,0.48,-0.65,0.59,0.0
70825427.0,2984.0,0.0,-10.89,10.86,-3.39,0
70832443.0,7016.0,1.0,0.47,-0.64,0.61,0.01
70835427.0,2984.0,0.0,-11.33,10.46,-3.3,0
70840443.0,5016.0,1.0,0.47,-0.63,0.62,0.01
70843427.0,2984.0,0.0,-10.76,9.8,-5.11,0
70851443.0,8016.0,1.0,0.47,-0.62,0.63,0.02
70854427.0,2984.0,0.0,-10.34,9.53,-5.67,0
70860443.0,6016.0,1.0,0.47,-0.6,0.64,0.02
70863427.0,2984.0,0.0,-9.59,8.2,-7.29,0
70871443.0,8016.0,1.0,0.46,-0.59,0.66,0.02
70874427.0,2984.0,0.0,-9.0,5.92,-8.66,0
70880443.0,6016.0,1.0,0.46,-0.58,0.67,0.02
70883427.0,2984.0,0.0,-6.14,9.39,-7.61,0
70891443.0,8016.0,1.0,0.46,-0.57,0.68,0.02
70894427.0,2984.0,0.0,-4.98,13.16,-6.67,0
70903443.0,9016.0,1.0,0.46,-0.56,0.69,0.02
70906427.0,2984.0,0.0,-3.67,17.3,-7.12,0
70913443.0,7016.0,1.0,0.47,-0.55,0.69,0.03
70917427.0,3984.0,0.0,1.58,13.95,-10.52,0
70921443.0,4016.0,1.0,0.49,-0.54,0.69,0.04
70924427.0,2984.0,0.0,4.36,10.58,-9.8,0
70931443.0,7016.0,1.0,0.51,-0.53,0.68,0.04
70934427.0,2984.0,0.0,6.37,6.75,-8.93,0
70941443.0,7016.0,1.0,0.53,-0.52,0.67,0.05
70944427.0,2984.0,0.0,8.11,2.96,-8.57,0
70951443.0,7016.0,1.0,0.56,-0.5,0.66,0.05
70954427.0,2984.0,0.0,11.98,-0.4,-6.53,0
70966443.0,12016.0,1.0,0.58,-0.49,0.65,0.04
70971427.0,4984.0,0.0,15.62,-1.48,-5.24,0
70974443.0,3016.0,1.0,0.61,-0.48,0.63,0.04
70977427.0,2984.0,0.0,16.63,-2.31,-4.91,0
70981443.0,4016.0,1.0,0.63,-0.46,0.62,0.03
70984427.0,2984.0,0.0,16.82,-2.38,-5.52,0
70990443.0,6016.0,1.0,0.66,-0.45,0.6,0.02
70993427.0,2984.0,0.0,17.98,-3.96,-4.47,0
71001443.0,8016.0,1.0,0.68,-0.44,0.59,0.01
71004427.0,2984.0,0.0,18.25,-4.24,-4.24,0
71011443.0,7016.0,1.0,0.7,-0.43,0.57,0.0
71014427.0,2984.0,0.0,18.07,-4.14,-3.92,0
71023443.0,9016.0,1.0,0.72,-0.42,0.55,-0.01
71026427.0,2984.0,0.0,17.65,-4.27,-3.8,0
71033443.0,7016.0,1.0,0.74,-0.41,0.53,-0.02
71036427.0,2984.0,0.0,16.23,-5.55,-3.48,0
71040443.0,4016.0,1.0,0.76,-0.4,0.51,-0.04
71043427.0,2984.0,0.0,15.52,-6.57,-3.45,0
71050443.0,7016.0,1.0,0.78,-0.39,0.49,-0.05
71053427.0,2984.0,0.0,14.81,-6.85,-3.21,0
71062443.0,9016.0,1.0,0.79,-0.38,0.47,-0.06
71065427.0,2984.0,0.0,14.07,-6.88,-3.06,0
71073443.0,8016.0,1.0,0.81,-0.38,0.44,-0.08
71076427.0,2984.0,0.0,10.56,-7.75,-2.55,0
71080443.0,4016.0,1.0,0.82,-0.37,0.42,-0.09
71083427.0,2984.0,0.0,8.41,-8.23,-2.45,0
71091443.0,8016.0,1.0,0.83,-0.37,0.4,-0.1
71094427.0,2984.0,0.0,6.34,-8.79,-1.69,0
71101443.0,7016.0,1.0,0.84,-0.36,0.39,-0.12
71104427.0,2984.0,0.0,3.47,-10.36,-0.24,0
71111443.0,7016.0,1.0,0.85,-0.36,0.37,-0.13
71114427.0,2984.0,0.0,3.17,-9.22,0.4,0
71123443.0,9016.0,1.0,0.85,-0.36,0.36,-0.14
71126427.0,2984.0,0.0,3.23,-7.55,0.93,0
71133443.0,7016.0,1.0,0.86,-0.35,0.34,-0.15
71136427.0,2984.0,0.0,3.34,-5.96,1.34,0
71140443.0,4016.0,1.0,0.86,-0.35,0.33,-0.16
71143427.0,2984.0,0.0,3.46,-5.7,0.94,0
71151443.0,8016.0,1.0,0.86,-0.35,0.32,-0.17
71154427.0,2984.0,0.0,3.7,-6.02,0.82,0
71161443.0,7016.0,1.0,0.87,-0.35,0.31,-0.18
71164427.0,2984.0,0.0,4.29,-6.26,0.57,0
71171443.0,7016.0,1.0,0.87,-0.35,0.29,-0.19
71174427.0,2984.0,0.0,4.83,-6.41,0.51,0
71180443.0,6016.0,1.0,0.87,-0.35,0.29,-0.2
71183427.0,2984.0,0.0,5.64,-6.52,0.93,0
71191443.0,8016.0,1.0,0.87,-0.35,0.28,-0.21
71194427.0,2984.0,0.0,5.64,-6.18,0.99,0
71201443.0,7016.0,1.0,0.87,-0.35,0.27,-0.21
71204427.0,2984.0,0.0,5.46,-5.64,0.84,0
71211443.0,7016.0,1.0,0.87,-0.35,0.26,-0.22
71214427.0,2984.0,0.0,5.15,-4.84,0.82,0
71226443.0,12016.0,1.0,0.87,-0.35,0.26,-0.23
71230427.0,3984.0,0.0,4.28,-3.18,0.13,0
71233443.0,3016.0,1.0,0.87,-0.35,0.25,-0.23
71236427.0,2984.0,0.0,4.28,-3.04,0.07,0
71240443.0,4016.0,1.0,0.87,-0.35,0.25,-0.24
71243427.0,2984.0,0.0,3.95,-2.25,-0.5,0
71251443.0,8016.0,1.0,0.87,-0.35,0.24,-0.24
71254427.0,2984.0,0.0,3.92,-2.51,-0.07,0
71261443.0,7016.0,1.0,0.87,-0.35,0.24,-0.24
71264427.0,2984.0,0.0,3.54,-2.23,-0.91,0
71271443.0,7016.0,1.0,0.87,-0.36,0.23,-0.25
71275427.0,3984.0,0.0,3.09,-2.31,-0.31,0
71281443.0,6016.0,1.0,0.87,-0.36,0.23,-0.25
71284427.0,2984.0,0.0,2.68,-2.25,-0.61,0
71291443.0,7016.0,1.0,0.87,-0.36,0.23,-0.25
71294427.0,2984.0,0.0,2.5,-1.93,-0.56,0
71301443.0,7016.0,1.0,0.87,-0.36,0.22,-0.25
71304427.0,2984.0,0.0,1.59,-1.24,-0.83,0
71311443.0,7016.0,1.0,0.87,-0.36,0.22,-0.26
71314427.0,2984.0,0.0,1.26,-1.24,-0.52,0
71321443.0,7016.0,1.0,0.87,-0.36,0.22,-0.26
71324427.0,2984.0,0.0,1.23,-0.88,0.1,0
71331443.0,7016.0,1.0,0.87,-0.37,0.22,-0.26
71334427.0,2984.0,0.0,1.03,-0.9,-0.19,0
71341443.0,7016.0,1.0,0.87,-0.37,0.22,-0.26
71344427.0,2984.0,0.0,0.93,-0.21,-0.33,0
71351443.0,7016.0,1.0,0.86,-0.37,0.22,-0.26
71355427.0,3984.0,0.0,0.75,0.52,-0.7,0
71361443.0,6016.0,1.0,0.86,-0.37,0.21,-0.27
71364427.0,2984.0,0.0,0.66,0.68,-1.2,0
71371443.0,7016.0,1.0,0.86,-0.37,0.21,-0.27
71374427.0,2984.0,0.0,0.48,-0.01,-1.07,0
71381443.0,7016.0,1.0,0.86,-0.37,0.21,-0.27
71384427.0,2984.0,0.0,0.38,-0.13,-0.97,0
71391443.0,7016.0,1.0,0.86,-0.38,0.21,-0.27
71394427.0,2984.0,0.0,0.32,0.27,-0.83,0
71401443.0,7016.0,1.0,0.86,-0.38,0.21,-0.27
71404427.0,2984.0,0.0,0.42,0.64,-0.59,0
71410443.0,6016.0,1.0,0.86,-0.38,0.21,-0.27
71413427.0,2984.0,0.0,0.52,0.38,-0.52,0
71421443.0,8016.0,1.0,0.86,-0.38,0.21,-0.27
71424427.0,2984.0,0.0,0.53,0.07,-0.42,0
71431443.0,7016.0,1.0,0.86,-0.39,0.2,-0.27
71434427.0,2984.0,0.0,0.47,-0.64,-0.41,0
71441443.0,7016.0,1.0,0.86,-0.39,0.2,-0.27
71444427.0,2984.0,0.0,0.38,-1.21,-0.27,0
71451443.0,7016.0,1.0,0.85,-0.39,0.2,-0.28
71454427.0,2984.0,0.0,-0.49,0.32,0.25,0
71466443.0,12016.0,1.0,0.85,-0.39,0.2,-0.28
71470427.0,3984.0,0.0,-0.96,0.62,0.44,0
71473443.0,3016.0,1.0,0.85,-0.39,0.2,-0.28
71476427.0,2984.0,0.0,-1.25,0.91,0.47,0
71481443.0,5016.0,1.0,0.85,-0.4,0.2,-0.28
71484427.0,2984.0,0.0,-1.23,0.95,0.49,0
71491443.0,7016.0,1.0,0.85,-0.4,0.2,-0.28
71494427.0,2984.0,0.0,-1.33,0.63,0.02,0
71501443.0,7016.0,1.0,0.85,-0.4,0.2,-0.28
71504427.0,2984.0,0.0,-1.19,0.29,-0.14,0
71511443.0,7016.0,1.0,0.85,-0.4,0.2,-0.27
71514427.0,2984.0,0.0,-1.02,-0.41,-0.04,0
71521443.0,7016.0,1.0,0.85,-0.41,0.2,-0.27
71524427.0,2984.0,0.0,-0.92,-0.51,0.27,0
71531443.0,7016.0,1.0,0.85,-0.41,0.2,-0.27
71534427.0,2984.0,0.0,-0.6,-0.12,0.21,0
71541443.0,7016.0,1.0,0.85,-0.41,0.2,-0.27
71544427.0,2984.0,0.0,-0.39,0.2,0.24,0
71551443.0,7016.0,1.0,0.85,-0.41,0.2,-0.27
71554427.0,2984.0,0.0,-0.06,0.43,0.23,0
71561443.0,7016.0,1.0,0.85,-0.41,0.2,-0.27
71564427.0,2984.0,0.0,0.21,0.23,-0.09,0
71571443.0,7016.0,1.0,0.85,-0.41,0.2,-0.27
71574427.0,2984.0,0.0,0.19,-0.25,-0.34,0
71581443.0,7016.0,1.0,0.84,-0.42,0.19,-0.27
71584427.0,2984.0,0.0,0.21,-0.64,-0.58,0
71591443.0,7016.0,1.0,0.84,-0.42,0.19,-0.27
71594427.0,2984.0,0.0,0.38,-0.8,-0.56,0
71601443.0,7016.0,1.0,0.84,-0.42,0.19,-0.27
71604427.0,2984.0,0.0,0.7,-0.93,-0.5,0
71611443.0,7016.0,1.0,0.84,-0.42,0.19,-0.27
71614427.0,2984.0,0.0,0.93,-0.89,-0.29,0
71621443.0,7016.0,1.0,0.84,-0.42,0.19,-0.27
71624427.0,2984.0,0.0,1.27,-0.83,-0.14,0
71631443.0,7016.0,1.0,0.84,-0.42,0.19,-0.27
71634427.0,2984.0,0.0,1.39,-0.77,-0.07,0
71641443.0,7016.0,1.0,0.84,-0.43,0.19,-0.27
71644427.0,2984.0,0.0,1.64,-0.55,-0.21,0
71651443.0,7016.0,1.0,0.84,-0.43,0.19,-0.27
71654427.0,2984.0,0.0,1.65,-0.19,-0.4,0
71661443.0,7016.0,1.0,0.84,-0.43,0.19,-0.27
71664427.0,2984.0,0.0,1.63,0.1,-0.8,0
71671443.0,7016.0,1.0,0.84,-0.43,0.19,-0.27
71674427.0,2984.0,0.0,1.54,0.3,-1.04,0
71681443.0,7016.0,1.0,0.84,-0.43,0.19,-0.27
71684427.0,2984.0,0.0,1.21,0.28,-1.44,0
71691443.0,7016.0,1.0,0.84,-0.44,0.19,-0.27
71694427.0,2984.0,0.0,1.22,0.27,-1.6,0
71701443.0,7016.0,1.0,0.84,-0.44,0.19,-0.27
71704427.0,2984.0,0.0,1.54,0.4,-1.48,0
71711443.0,7016.0,1.0,0.84,-0.44,0.19,-0.27
71714427.0,2984.0,0.0,2.48,0.57,-1.11,0
71721443.0,7016.0,1.0,0.83,-0.44,0.19,-0.27
71724427.0,2984.0,0.0,2.76,0.7,-0.69,0
71731443.0,7016.0,1.0,0.83,-0.44,0.19,-0.27
71735427.0,3984.0,0.0,2.98,0.6,-0.32,0
71741443.0,6016.0,1.0,0.83,-0.45,0.19,-0.27
71744427.0,2984.0,0.0,2.98,0.46,0.02,0
71751443.0,7016.0,1.0,0.83,-0.45,0.19,-0.27
71754427.0,2984.0,0.0,2.08,0.54,0.02,0
71761443.0,7016.0,1.0,0.83,-0.45,0.19,-0.27
71764427.0,2984.0,0.0,1.41,0.47,-0.41,0
71771443.0,7016.0,1.0,0.83,-0.45,0.19,-0.27
71774427.0,2984.0,0.0,0.82,0.32,-0.68,0
71781443.0,7016.0,1.0,0.83,-0.45,0.19,-0.27
71784427.0,2984.0,0.0,0.15,0.43,-1.29,0
71791443.0,7016.0,1.0,0.83,-0.46,0.19,-0.27
71794427.0,2984.0,0.0,-1.48,0.38,-2.39,0
71801443.0,7016.0,1.0,0.83,-0.46,0.19,-0.27
71804427.0,2984.0,0.0,-2.06,0.52,-2.22,0
71811443.0,7016.0,1.0,0.83,-0.46,0.19,-0.26
71814427.0,2984.0,0.0,-2.3,0.5,-1.23,0
71821443.0,7016.0,1.0,0.82,-0.46,0.19,-0.26
71824427.0,2984.0,0.0,-2.04,-0.66,-0.94,0
71831443.0,7016.0,1.0,0.82,-0.47,0.19,-0.26
71834427.0,2984.0,0.0,-0.81,-3.17,-0.29,0
71841443.0,7016.0,1.0,0.82,-0.47,0.19,-0.26
71844427.0,2984.0,0.0,-0.08,-3.23,0.95,0
71851443.0,7016.0,1.0,0.82,-0.48,0.2,-0.26
71854427.0,2984.0,0.0,1.84,-4.35,2.27,0
71863443.0,9016.0,1.0,0.82,-0.48,0.2,-0.25
71866427.0,2984.0,0.0,4.07,-5.35,1.91,0
71874443.0,8016.0,1.0,0.81,-0.48,0.21,-0.25
71877427.0,2984.0,0.0,5.28,-3.68,0.01,0
71881443.0,4016.0,1.0,0.81,-0.49,0.22,-0.25
71884427.0,2984.0,0.0,3.34,-2.47,-1.95,0
71891443.0,7016.0,1.0,0.8,-0.49,0.22,-0.25
71894427.0,2984.0,0.0,0.83,1.12,-4.02,0
71901443.0,7016.0,1.0,0.8,-0.5,0.23,-0.25
71904427.0,2984.0,0.0,-1.46,2.04,-7.03,0
71911443.0,7016.0,1.0,0.8,-0.5,0.23,-0.25
71914427.0,2984.0,0.0,-1.41,3.08,-6.75,0
71921443.0,7016.0,1.0,0.79,-0.51,0.23,-0.24
71924427.0,2984.0,0.0,-1.1,4.04,-5.52,0
71932443.0,8016.0,1.0,0.79,-0.51,0.23,-0.24
71935427.0,2984.0,0.0,-0.43,3.45,-4.01,0
71941443.0,6016.0,1.0,0.79,-0.52,0.23,-0.24
71944427.0,2984.0,0.0,-2.1,2.44,-1.96,0
71951443.0,7016.0,1.0,0.78,-0.53,0.23,-0.24
71954427.0,2984.0,0.0,-4.17,1.18,-0.77,0
71961443.0,7016.0,1.0,0.78,-0.53,0.23,-0.23
71964427.0,2984.0,0.0,-6.27,-0.06,-0.29,0
71971443.0,7016.0,1.0,0.77,-0.54,0.23,-0.23
71974427.0,2984.0,0.0,-7.87,-0.13,-0.23,0
71986443.0,12016.0,1.0,0.77,-0.55,0.23,-0.23
71991427.0,4984.0,0.0,-5.06,-1.43,-2.91,0
71994443.0,3016.0,1.0,0.77,-0.55,0.24,-0.23
71997427.0,2984.0,0.0,-5.03,-1.43,-2.78,0
72001443.0,4016.0,1.0,0.76,-0.56,0.24,-0.23
72004427.0,2984.0,0.0,-3.39,-0.6,-2.73,0
72011443.0,7016.0,1.0,0.76,-0.56,0.24,-0.23
72014427.0,2984.0,0.0,-2.39,-0.45,-2.64,0
72021443.0,7016.0,1.0,0.75,-0.56,0.25,-0.23
72024427.0,2984.0,0.0,-3.09,-2.18,-1.98,0
72031443.0,7016.0,1.0,0.75,-0.57,0.25,-0.23
72034427.0,2984.0,0.0,-3.68,-2.04,-1.66,0
72041443.0,7016.0,1.0,0.75,-0.57,0.25,-0.23
72044427.0,2984.0,0.0,-3.57,-0.67,-2.6,0
72052443.0,8016.0,1.0,0.74,-0.58,0.25,-0.22
72055427.0,2984.0,0.0,-2.89,0.28,-2.48,0
72061443.0,6016.0,1.0,0.74,-0.58,0.26,-0.22
72064427.0,2984.0,0.0,-0.84,-2.71,-0.14,0
72071443.0,7016.0,1.0,0.73,-0.59,0.26,-0.22
72074427.0,2984.0,0.0,0.41,-3.49,-0.1,0
72081443.0,7016.0,1.0,0.73,-0.59,0.26,-0.22
72084427.0,2984.0,0.0,0.4,-3.35,0.7,0
72091443.0,7016.0,1.0,0.73,-0.6,0.26,-0.22
72094427.0,2984.0,0.0,-0.71,-1.99,-0.7,0
72101443.0,7016.0,1.0,0.72,-0.6,0.27,-0.22
72104427.0,2984.0,0.0,-2.21,-2.66,-2.8,0
72111443.0,7016.0,1.0,0.72,-0.6,0.27,-0.21
72115427.0,3984.0,0.0,-0.82,-2.62,-2.75,0
72121443.0,6016.0,1.0,0.72,-0.61,0.27,-0.21
72124427.0,2984.0,0.0,0.57,-4.23,-2.59,0
72131443.0,7016.0,1.0,0.71,-0.61,0.28,-0.21
72134427.0,2984.0,0.0,0.54,-2.05,-2.23,0
72142443.0,8016.0,1.0,0.71,-0.61,0.28,-0.21
72145427.0,2984.0,0.0,0.31,-1.75,-2.8,0
72151443.0,6016.0,1.0,0.7,-0.62,0.29,-0.21
72154427.0,2984.0,0.0,-0.45,-1.19,-2.2,0
72161443.0,7016.0,1.0,0.7,-0.62,0.29,-0.2
72164427.0,2984.0,0.0,-2.25,-2.66,-1.0,0
72171443.0,7016.0,1.0,0.7,-0.62,0.3,-0.2
72174427.0,2984.0,0.0,-4.36,-0.71,-2.14,0
72181443.0,7016.0,1.0,0.69,-0.63,0.3,-0.2
72184427.0,2984.0,0.0,-3.97,-1.18,-2.46,0
72191443.0,7016.0,1.0,0.69,-0.63,0.31,-0.2
72195427.0,3984.0,0.0,-2.48,-0.08,-2.81,0
72201443.0,6016.0,1.0,0.68,-0.63,0.31,-0.2
72204427.0,2984.0,0.0,-0.91,0.53,-2.42,0
72211443.0,7016.0,1.0,0.68,-0.63,0.31,-0.2
72214427.0,2984.0,0.0,0.96,0.68,0.02,0
72221443.0,7016.0,1.0,0.68,-0.64,0.32,-0.19
72224427.0,2984.0,0.0,0.3,-0.27,0.26,0
72231443.0,7016.0,1.0,0.67,-0.64,0.32,-0.19
72234427.0,2984.0,0.0,-1.73,0.77,-0.49,0
72241443.0,7016.0,1.0,0.67,-0.64,0.32,-0.19
72244427.0,2984.0,0.0,-3.23,0.6,-1.48,0
72251443.0,7016.0,1.0,0.66,-0.65,0.33,-0.19
72254427.0,2984.0,0.0,-1.71,1.88,-3.26,0
72261443.0,7016.0,1.0,0.66,-0.65,0.33,-0.19
72264427.0,2984.0,0.0,-0.15,2.14,-3.95,0
72271443.0,7016.0,1.0,0.66,-0.65,0.33,-0.18
72274427.0,2984.0,0.0,1.3,2.51,-3.54,0
72281443.0,7016.0,1.0,0.65,-0.66,0.33,-0.18
72284427.0,2984.0,0.0,2.33,2.41,-3.25,0
72291443.0,7016.0,1.0,0.65,-0.66,0.33,-0.18
72294427.0,2984.0,0.0,1.75,3.75,-2.42,0
72304443.0,10016.0,1.0,0.65,-0.66,0.33,-0.18
72307427.0,2984.0,0.0,0.82,3.09,-2.23,0
72311443.0,4016.0,1.0,0.64,-0.67,0.33,-0.18
72314427.0,2984.0,0.0,0.08,2.68,-2.32,0
72321443.0,7016.0,1.0,0.64,-0.67,0.33,-0.17
72324427.0,2984.0,0.0,-0.65,1.91,-3.18,0
72331443.0,7016.0,1.0,0.64,-0.67,0.33,-0.17
72334427.0,2984.0,0.0,0.17,1.52,-2.21,0
72341443.0,7016.0,1.0,0.64,-0.68,0.33,-0.17
72344427.0,2984.0,0.0,0.35,2.22,-0.25,0
72352443.0,8016.0,1.0,0.63,-0.68,0.33,-0.16
72355427.0,2984.0,0.0,0.64,0.98,1.1,0
72361443.0,6016.0,1.0,0.63,-0.68,0.33,-0.16
72364427.0,2984.0,0.0,0.66,0.52,2.23,0
72371443.0,7016.0,1.0,0.63,-0.69,0.34,-0.16
72374427.0,2984.0,0.0,-0.59,-0.16,2.75,0
72381443.0,7016.0,1.0,0.62,-0.69,0.34,-0.15
72384427.0,2984.0,0.0,-1.89,-0.68,2.24,0
72392443.0,8016.0,1.0,0.62,-0.69,0.34,-0.15
72395427.0,2984.0,0.0,-3.33,-2.09,0.16,0
72401443.0,6016.0,1.0,0.62,-0.69,0.34,-0.15
72404427.0,2984.0,0.0,-3.4,0.62,-3.53,0
72411443.0,7016.0,1.0,0.61,-0.69,0.35,-0.14
72414427.0,2984.0,0.0,-1.63,0.22,-4.58,0
72421443.0,7016.0,1.0,0.61,-0.7,0.35,-0.14
72424427.0,2984.0,0.0,0.34,0.06,-3.73,0
72432443.0,8016.0,1.0,0.61,-0.7,0.35,-0.14
72435427.0,2984.0,0.0,1.65,1.63,-2.38,0
72441443.0,6016.0,1.0,0.61,-0.7,0.35,-0.13
72444427.0,2984.0,0.0,3.0,0.34,1.15,0
72451443.0,7016.0,1.0,0.6,-0.7,0.35,-0.13
72454427.0,2984.0,0.0,2.66,0.57,1.34,0
72461443.0,7016.0,1.0,0.6,-0.71,0.35,-0.12
72464427.0,2984.0,0.0,1.38,0.61,1.3,0
72472443.0,8016.0,1.0,0.6,-0.71,0.35,-0.12
72475427.0,2984.0,0.0,0.27,1.45,0.91,0
72481443.0,6016.0,1.0,0.6,-0.71,0.35,-0.11
72484427.0,2984.0,0.0,-2.09,-1.05,0.1,0
72491443.0,7016.0,1.0,0.6,-0.72,0.35,-0.11
72494427.0,2984.0,0.0,-2.82,-1.44,0.32,0
72502443.0,8016.0,1.0,0.59,-0.72,0.35,-0.1
72505427.0,2984.0,0.0,-1.89,-2.34,0.02,0
72512443.0,7016.0,1.0,0.59,-0.72,0.35,-0.1
72515427.0,2984.0,0.0,-0.17,-1.03,-0.4,0
72525443.0,10016.0,1.0,0.59,-0.72,0.35,-0.1
72528427.0,2984.0,0.0,0.91,-0.3,-1.02,0
72532443.0,4016.0,1.0,0.58,-0.72,0.35,-0.09
72535427.0,2984.0,0.0,1.75,1.23,-0.16,0
72542443.0,7016.0,1.0,0.58,-0.73,0.36,-0.09
72545427.0,2984.0,0.0,2.32,1.61,0.83,0
72551443.0,6016.0,1.0,0.58,-0.73,0.36,-0.09
72554427.0,2984.0,0.0,1.4,-0.08,2.48,0
72561443.0,7016.0,1.0,0.58,-0.73,0.36,-0.08
72564427.0,2984.0,0.0,0.44,-0.29,3.27,0
72572443.0,8016.0,1.0,0.57,-0.73,0.36,-0.08
72575427.0,2984.0,0.0,-0.54,-1.03,3.31,0
72582443.0,7016.0,1.0,0.57,-0.73,0.37,-0.08
72585427.0,2984.0,0.0,-0.86,-1.28,2.22,0
72591443.0,6016.0,1.0,0.56,-0.73,0.37,-0.07
72594427.0,2984.0,0.0,-1.18,-2.37,-0.95,0
72601443.0,7016.0,1.0,0.56,-0.74,0.37,-0.07
72604427.0,2984.0,0.0,-0.82,-3.55,-2.58,0
72612443.0,8016.0,1.0,0.56,-0.74,0.38,-0.07
72615427.0,2984.0,0.0,0.18,-3.57,-2.91,0
72622443.0,7016.0,1.0,0.55,-0.74,0.38,-0.06
72625427.0,2984.0,0.0,1.55,-1.87,-1.92,0
72632443.0,7016.0,1.0,0.55,-0.74,0.38,-0.06
72635427.0,2984.0,0.0,2.99,-0.73,0.12,0
72641443.0,6016.0,1.0,0.55,-0.74,0.39,-0.06
72644427.0,2984.0,0.0,2.05,0.45,-0.41,0
72652443.0,8016.0,1.0,0.54,-0.74,0.39,-0.05
72655427.0,2984.0,0.0,1.08,0.64,-0.57,0
72662443.0,7016.0,1.0,0.54,-0.74,0.39,-0.05
72665427.0,2984.0,0.0,0.22,0.25,0.31,0
72672443.0,7016.0,1.0,0.54,-0.75,0.39,-0.05
72675427.0,2984.0,0.0,-0.59,0.86,-0.47,0
72685443.0,10016.0,1.0,0.53,-0.75,0.39,-0.04
72688427.0,2984.0,0.0,-1.61,0.86,-0.48,0
72693443.0,5016.0,1.0,0.53,-0.75,0.39,-0.04
72696427.0,2984.0,0.0,-2.54,-0.28,-1.04,0
72702443.0,6016.0,1.0,0.53,-0.75,0.39,-0.03
72705427.0,2984.0,0.0,-3.39,1.23,-1.27,0
72712443.0,7016.0,1.0,0.53,-0.75,0.39,-0.03
72715427.0,2984.0,0.0,-3.49,0.41,-0.17,0
72721443.0,6016.0,1.0,0.53,-0.75,0.4,-0.02
72724427.0,2984.0,0.0,-4.05,0.42,1.35,0
72732443.0,8016.0,1.0,0.53,-0.75,0.4,-0.01
72735427.0,2984.0,0.0,-4.97,-0.5,1.79,0
72742443.0,7016.0,1.0,0.53,-0.75,0.4,-0.0
72745427.0,2984.0,0.0,-7.61,-2.18,3.03,0
72752443.0,7016.0,1.0,0.53,-0.75,0.4,0.01
72755427.0,2984.0,0.0,-8.99,-3.57,4.26,0
72762443.0,7016.0,1.0,0.53,-0.75,0.41,0.02
72765427.0,2984.0,0.0,-10.1,-5.0,4.25,0
72772443.0,7016.0,1.0,0.52,-0.74,0.41,0.03
72775427.0,2984.0,0.0,-11.03,-6.78,3.94,0
72781443.0,6016.0,1.0,0.52,-0.74,0.42,0.03
72784427.0,2984.0,0.0,-12.77,-6.47,3.79,0
72791443.0,7016.0,1.0,0.51,-0.74,0.44,0.04
72794427.0,2984.0,0.0,-13.13,-4.96,4.2,0
72803443.0,9016.0,1.0,0.51,-0.73,0.46,0.04
72806427.0,2984.0,0.0,-13.56,-3.19,4.27,0
72812443.0,6016.0,1.0,0.5,-0.72,0.48,0.04
72815427.0,2984.0,0.0,-13.76,-2.34,3.86,0
72822443.0,7016.0,1.0,0.49,-0.72,0.5,0.04
72825427.0,2984.0,0.0,-13.61,1.93,1.55,0
72832443.0,7016.0,1.0,0.48,-0.71,0.52,0.04
72835427.0,2984.0,0.0,-14.19,4.1,1.85,0
72842443.0,7016.0,1.0,0.47,-0.7,0.54,0.04
72845427.0,2984.0,0.0,-14.29,6.5,1.25,0
72852443.0,7016.0,1.0,0.47,-0.69,0.56,0.04
72855427.0,2984.0,0.0,-13.95,7.23,-0.89,0
72865443.0,10016.0,1.0,0.46,-0.67,0.57,0.05
72868427.0,2984.0,0.0,-12.71,6.49,-2.74,0
72872443.0,4016.0,1.0,0.46,-0.66,0.59,0.05
72875427.0,2984.0,0.0,-11.98,6.98,-3.94,0
72882443.0,7016.0,1.0,0.45,-0.65,0.61,0.06
72885427.0,2984.0,0.0,-11.16,7.42,-4.92,0
72892443.0,7016.0,1.0,0.45,-0.64,0.63,0.06
72895427.0,2984.0,0.0,-9.11,7.17,-8.61,0
72905443.0,10016.0,1.0,0.44,-0.63,0.64,0.06
72908427.0,2984.0,0.0,-8.05,5.52,-8.92,0
72912443.0,4016.0,1.0,0.42,-0.61,0.66,0.06
72915427.0,2984.0,0.0,-5.89,7.11,-9.69,0
72922443.0,7016.0,1.0,0.41,-0.6,0.68,0.05
72925427.0,2984.0,0.0,-4.66,14.2,-11.7,0
72932443.0,7016.0,1.0,0.4,-0.59,0.7,0.05
72935427.0,2984.0,0.0,-3.26,23.64,-13.34,0
72945443.0,10016.0,1.0,0.4,-0.58,0.71,0.05
72948427.0,2984.0,0.0,-3.88,22.42,-10.56,0
72952443.0,4016.0,1.0,0.41,-0.56,0.72,0.06
72955427.0,2984.0,0.0,-3.36,17.34,-10.1,0
72962443.0,7016.0,1.0,0.43,-0.55,0.71,0.07
72965427.0,2984.0,0.0,2.29,15.46,-13.93,0
72971443.0,6016.0,1.0,0.46,-0.53,0.7,0.08
72974427.0,2984.0,0.0,10.35,1.6,-14.07,0
72982443.0,8016.0,1.0,0.5,-0.52,0.69,0.1
72985427.0,2984.0,0.0,12.0,-5.03,-12.02,0
72992443.0,7016.0,1.0,0.53,-0.5,0.67,0.1
72995427.0,2984.0,0.0,12.99,-11.45,-7.99,0
73004443.0,9016.0,1.0,0.56,-0.49,0.66,0.1
73007427.0,2984.0,0.0,13.71,-14.04,-6.25,0
73012443.0,5016.0,1.0,0.58,-0.47,0.65,0.1
73015427.0,2984.0,0.0,15.44,-9.07,-3.89,0
73022443.0,7016.0,1.0,0.61,-0.46,0.64,0.09
73025427.0,2984.0,0.0,16.31,-5.82,-3.2,0
73032443.0,7016.0,1.0,0.63,-0.44,0.63,0.08
73035427.0,2984.0,0.0,16.95,-4.48,-3.01,0
73044443.0,9016.0,1.0,0.65,-0.43,0.62,0.07
73047427.0,2984.0,0.0,17.05,-5.08,-3.27,0
73052443.0,5016.0,1.0,0.67,-0.42,0.6,0.06
73055427.0,2984.0,0.0,16.33,-7.04,-3.71,0
73062443.0,7016.0,1.0,0.7,-0.41,0.59,0.04
73065427.0,2984.0,0.0,15.94,-7.31,-4.01,0
73072443.0,7016.0,1.0,0.72,-0.4,0.57,0.03
73075427.0,2984.0,0.0,15.4,-7.16,-4.7,0
73083443.0,8016.0,1.0,0.74,-0.39,0.55,0.02
73086427.0,2984.0,0.0,14.78,-6.99,-5.31,0
73092443.0,6016.0,1.0,0.76,-0.38,0.53,0.01
73095427.0,2984.0,0.0,12.11,-7.48,-5.08,0
73102443.0,7016.0,1.0,0.77,-0.37,0.51,-0.01
73105427.0,2984.0,0.0,10.85,-7.41,-4.62,0
73112443.0,7016.0,1.0,0.79,-0.37,0.49,-0.02
73115427.0,2984.0,0.0,9.45,-7.33,-3.91,0
73122443.0,7016.0,1.0,0.8,-0.36,0.47,-0.03
73125427.0,2984.0,0.0,6.18,-8.29,-1.53,0
73132443.0,7016.0,1.0,0.81,-0.36,0.45,-0.05
73135427.0,2984.0,0.0,4.61,-8.59,-0.21,0
73147443.0,12016.0,1.0,0.82,-0.36,0.44,-0.06
73152427.0,4984.0,0.0,3.39,-8.15,0.14,0
73154443.0,2016.0,1.0,0.83,-0.35,0.42,-0.07
73162443.0,8000.0,1.0,0.84,-0.35,0.41,-0.09
73165427.0,2984.0,0.0,3.06,-7.03,0.27,0
73172443.0,7016.0,1.0,0.84,-0.35,0.4,-0.1
73175427.0,2984.0,0.0,3.17,-6.51,0.52,0
73182443.0,7016.0,1.0,0.85,-0.35,0.38,-0.11
73185427.0,2984.0,0.0,3.35,-5.8,0.71,0
73192443.0,7016.0,1.0,0.85,-0.35,0.37,-0.12
73195427.0,2984.0,0.0,3.45,-5.01,0.41,0
73201443.0,6016.0,1.0,0.86,-0.35,0.36,-0.13
73204427.0,2984.0,0.0,3.26,-4.36,-0.08,0
73212443.0,8016.0,1.0,0.86,-0.35,0.35,-0.14
73215427.0,2984.0,0.0,3.79,-3.84,-0.32,0
73222443.0,7016.0,1.0,0.86,-0.35,0.34,-0.15
73225427.0,2984.0,0.0,4.32,-3.35,-0.19,0
73232443.0,7016.0,1.0,0.86,-0.35,0.33,-0.16
73235427.0,2984.0,0.0,4.98,-3.09,0.11,0
73247443.0,12016.0,1.0,0.87,-0.35,0.32,-0.17
73251427.0,3984.0,0.0,4.94,-3.89,1.13,0
73254443.0,3016.0,1.0,0.87,-0.35,0.31,-0.18
73257427.0,2984.0,0.0,4.97,-3.71,1.05,0
73262443.0,5016.0,1.0,0.87,-0.35,0.3,-0.19
73265427.0,2984.0,0.0,4.59,-3.3,1.09,0
73272443.0,7016.0,1.0,0.87,-0.35,0.3,-0.2
73275427.0,2984.0,0.0,3.13,-2.11,0.3,0
73282443.0,7016.0,1.0,0.87,-0.35,0.29,-0.2
73285427.0,2984.0,0.0,2.38,-1.69,-0.33,0
73292443.0,7016.0,1.0,0.87,-0.35,0.28,-0.21
73296427.0,3984.0,0.0,1.96,-1.82,-0.74,0
73302443.0,6016.0,1.0,0.87,-0.35,0.28,-0.21
73305427.0,2984.0,0.0,1.63,-2.5,-0.75,0
73312443.0,7016.0,1.0,0.87,-0.36,0.27,-0.22
73315427.0,2984.0,0.0,1.38,-4.03,-0.22,0
73322443.0,7016.0,1.0,0.87,-0.36,0.26,-0.22
73325427.0,2984.0,0.0,1.18,-4.42,-0.02,0
73332443.0,7016.0,1.0,0.87,-0.36,0.26,-0.23
73335427.0,2984.0,0.0,0.97,-5.09,0.61,0
73342443.0,7016.0,1.0,0.87,-0.36,0.26,-0.23
73345427.0,2984.0,0.0,1.49,-4.65,0.08,0
73352443.0,7016.0,1.0,0.86,-0.36,0.26,-0.23
73355427.0,2984.0,0.0,1.59,-2.57,0.09,0
73362443.0,7016.0,1.0,0.86,-0.36,0.26,-0.24
73365427.0,2984.0,0.0,1.43,-1.56,0.31,0
73372443.0,7016.0,1.0,0.86,-0.36,0.26,-0.24
73376427.0,3984.0,0.0,1.27,-1.3,0.14,0
73382443.0,6016.0,1.0,0.86,-0.37,0.26,-0.25
73385427.0,2984.0,0.0,1.22,-0.64,-0.14,0
73393443.0,8016.0,1.0,0.86,-0.37,0.26,-0.25
73396427.0,2984.0,0.0,1.09,0.39,-0.15,0
73402443.0,6016.0,1.0,0.86,-0.37,0.26,-0.25
73405427.0,2984.0,0.0,0.88,0.79,-0.29,0
73412443.0,7016.0,1.0,0.86,-0.37,0.26,-0.25
73415427.0,2984.0,0.0,0.71,0.96,-0.23,0
73422443.0,7016.0,1.0,0.85,-0.37,0.25,-0.26
73425427.0,2984.0,0.0,0.66,0.6,-0.07,0
73432443.0,7016.0,1.0,0.85,-0.38,0.25,-0.26
73435427.0,2984.0,0.0,0.33,0.16,-0.02,0
73442443.0,7016.0,1.0,0.85,-0.38,0.25,-0.26
73445427.0,2984.0,0.0,0.35,0.41,-0.0,0
73452443.0,7016.0,1.0,0.85,-0.38,0.25,-0.26
73455427.0,2984.0,0.0,0.44,0.66,-0.1,0
73462443.0,7016.0,1.0,0.85,-0.38,0.24,-0.26
73465427.0,2984.0,0.0,0.54,0.59,-0.32,0
73472443.0,7016.0,1.0,0.85,-0.38,0.24,-0.26
73475427.0,2984.0,0.0,0.55,0.75,-0.62,0
73482443.0,7016.0,1.0,0.85,-0.39,0.24,-0.26
73485427.0,2984.0,0.0,0.61,0.77,-0.79,0
73492443.0,7016.0,1.0,0.85,-0.39,0.24,-0.26
73495427.0,2984.0,0.0,0.54,0.74,-0.61,0
73502443.0,7016.0,1.0,0.85,-0.39,0.24,-0.26
73505427.0,2984.0,0.0,0.39,0.37,-0.14,0
73512443.0,7016.0,1.0,0.85,-0.39,0.23,-0.26
73515427.0,2984.0,0.0,0.48,-0.07,0.09,0
73522443.0,7016.0,1.0,0.85,-0.39,0.23,-0.26
73525427.0,2984.0,0.0,0.45,-0.05,0.05,0
73532443.0,7016.0,1.0,0.85,-0.39,0.23,-0.26
73535427.0,2984.0,0.0,0.61,-0.31,0.37,0
73542443.0,7016.0,1.0,0.85,-0.4,0.23,-0.26
73545427.0,2984.0,0.0,1.16,-0.57,0.6,0
73552443.0,7016.0,1.0,0.85,-0.4,0.22,-0.26
73555427.0,2984.0,0.0,1.25,-0.84,0.57,0
73562443.0,7016.0,1.0,0.85,-0.4,0.22,-0.26
73565427.0,2984.0,0.0,1.18,-0.76,0.62,0
73572443.0,7016.0,1.0,0.85,-0.4,0.22,-0.26
73575427.0,2984.0,0.0,1.26,-0.27,0.54,0
73582443.0,7016.0,1.0,0.85,-0.4,0.22,-0.26
73585427.0,2984.0,0.0,1.59,-0.28,0.36,0
73592443.0,7016.0,1.0,0.85,-0.4,0.22,-0.26
73595427.0,2984.0,0.0,1.68,-0.39,0.15,0
73602443.0,7016.0,1.0,0.85,-0.41,0.22,-0.27
73605427.0,2984.0,0.0,1.82,-0.43,0.06,0
73612443.0,7016.0,1.0,0.85,-0.41,0.22,-0.27
73615427.0,2984.0,0.0,2.03,-0.28,-0.03,0
73622443.0,7016.0,1.0,0.84,-0.41,0.22,-0.27
73625427.0,2984.0,0.0,2.16,-0.31,-0.27,0
73632443.0,7016.0,1.0,0.84,-0.41,0.21,-0.27
73635427.0,2984.0,0.0,1.95,-0.57,-0.54,0
73642443.0,7016.0,1.0,0.84,-0.42,0.21,-0.27
73645427.0,2984.0,0.0,1.63,-0.38,-0.24,0
73652443.0,7016.0,1.0,0.84,-0.42,0.21,-0.27
73655427.0,2984.0,0.0,1.27,0.31,-0.2,0
73662443.0,7016.0,1.0,0.84,-0.42,0.21,-0.27
73665427.0,2984.0,0.0,-0.16,0.88,-0.55,0
73672443.0,7016.0,1.0,0.84,-0.42,0.21,-0.27
73676427.0,3984.0,0.0,-0.7,0.99,-0.55,0
73682443.0,6016.0,1.0,0.84,-0.43,0.21,-0.27
73685427.0,2984.0,0.0,-0.87,0.84,-0.59,0
73692443.0,7016.0,1.0,0.84,-0.43,0.21,-0.27
73695427.0,2984.0,0.0,-0.27,0.68,-0.56,0
73707443.0,12016.0,1.0,0.83,-0.43,0.21,-0.27
73711427.0,3984.0,0.0,1.55,0.22,-0.02,0
73714443.0,3016.0,1.0,0.83,-0.43,0.21,-0.27
73717427.0,2984.0,0.0,1.57,0.24,0.02,0
73722443.0,5016.0,1.0,0.83,-0.44,0.21,-0.27
73725427.0,2984.0,0.0,2.1,0.12,0.13,0
73732443.0,7016.0,1.0,0.83,-0.44,0.21,-0.27
73735427.0,2984.0,0.0,2.3,-0.17,0.29,0
73742443.0,7016.0,1.0,0.83,-0.44,0.21,-0.27
73745427.0,2984.0,0.0,2.03,-0.22,0.36,0
73752443.0,7016.0,1.0,0.83,-0.44,0.21,-0.27
73756427.0,3984.0,0.0,1.59,-0.25,0.37,0
73762443.0,6016.0,1.0,0.83,-0.45,0.21,-0.27
73765427.0,2984.0,0.0,1.26,-0.11,0.26,0
73772443.0,7016.0,1.0,0.82,-0.45,0.21,-0.27
73775427.0,2984.0,0.0,0.83,0.09,0.33,0
73782443.0,7016.0,1.0,0.82,-0.45,0.21,-0.27
73785427.0,2984.0,0.0,0.77,0.18,0.3,0
73792443.0,7016.0,1.0,0.82,-0.45,0.21,-0.27
73796427.0,3984.0,0.0,0.84,0.35,0.21,0
73802443.0,6016.0,1.0,0.82,-0.46,0.21,-0.27
73805427.0,2984.0,0.0,0.93,0.54,-0.1,0
73812443.0,7016.0,1.0,0.82,-0.46,0.21,-0.27
73815427.0,2984.0,0.0,0.61,0.63,-0.85,0
73822443.0,7016.0,1.0,0.82,-0.46,0.21,-0.27
73825427.0,2984.0,0.0,0.1,0.6,-1.12,0
73832443.0,7016.0,1.0,0.82,-0.46,0.21,-0.27
73836427.0,3984.0,0.0,-0.68,0.55,-1.45,0
73842443.0,6016.0,1.0,0.81,-0.46,0.22,-0.27
73845427.0,2984.0,0.0,-1.0,0.32,-1.66,0
73852443.0,7016.0,1.0,0.81,-0.47,0.22,-0.27
73855427.0,2984.0,0.0,-0.47,-0.03,-1.14,0
73862443.0,7016.0,1.0,0.81,-0.47,0.22,-0.27
73865427.0,2984.0,0.0,0.39,-0.92,-0.8,0
73872443.0,7016.0,1.0,0.81,-0.47,0.22,-0.27
73875427.0,2984.0,0.0,1.3,-0.77,-0.06,0
73882443.0,7016.0,1.0,0.81,-0.48,0.22,-0.27
73885427.0,2984.0,0.0,1.57,-2.23,2.51,0
73892443.0,7016.0,1.0,0.8,-0.48,0.22,-0.27
73895427.0,2984.0,0.0,1.18,-3.04,2.59,0
73902443.0,7016.0,1.0,0.8,-0.48,0.23,-0.27
73905427.0,2984.0,0.0,0.54,-2.47,2.88,0
73913443.0,8016.0,1.0,0.8,-0.49,0.23,-0.27
73916427.0,2984.0,0.0,0.66,-2.22,3.17,0
73922443.0,6016.0,1.0,0.79,-0.49,0.23,-0.27
73925427.0,2984.0,0.0,0.97,-3.11,-0.08,0
73932443.0,7016.0,1.0,0.79,-0.5,0.24,-0.27
73935427.0,2984.0,0.0,-0.09,-2.03,-1.75,0
73942443.0,7016.0,1.0,0.79,-0.5,0.24,-0.27
73945427.0,2984.0,0.0,-1.53,-0.32,-3.27,0
73953443.0,8016.0,1.0,0.78,-0.51,0.25,-0.27
73956427.0,2984.0,0.0,-2.6,0.27,-4.73,0
73968443.0,12016.0,1.0,0.78,-0.51,0.25,-0.26
73973443.0,5000.0,1.0,0.77,-0.52,0.26,-0.26
73976427.0,2984.0,0.0,-1.79,-0.95,-4.81,0
73982443.0,6016.0,1.0,0.77,-0.52,0.26,-0.26
73985427.0,2984.0,0.0,-1.62,-1.07,-4.57,0
73993443.0,8016.0,1.0,0.77,-0.53,0.26,-0.26
73996427.0,2984.0,0.0,-1.85,-1.31,-4.55,0
74002443.0,6016.0,1.0,0.76,-0.53,0.26,-0.26
74005427.0,2984.0,0.0,-2.77,-0.32,-3.59,0
74012443.0,7016.0,1.0,0.76,-0.54,0.26,-0.26
74015427.0,2984.0,0.0,-3.11,-0.43,-2.55,0
74022443.0,7016.0,1.0,0.75,-0.54,0.26,-0.26
74025427.0,2984.0,0.0,-3.29,-0.71,-1.77,0
74033443.0,8016.0,1.0,0.75,-0.55,0.26,-0.25
74036427.0,2984.0,0.0,-3.52,-0.88,-0.53,0
74042443.0,6016.0,1.0,0.75,-0.56,0.27,-0.25
74045427.0,2984.0,0.0,-4.95,-2.03,-0.45,0
74052443.0,7016.0,1.0,0.74,-0.56,0.27,-0.25
74055427.0,2984.0,0.0,-4.31,-2.44,-0.39,0
74062443.0,7016.0,1.0,0.74,-0.56,0.28,-0.25
74065427.0,2984.0,0.0,-3.21,-3.7,-1.44,0
74073443.0,8016.0,1.0,0.73,-0.57,0.28,-0.25
74076427.0,2984.0,0.0,-1.92,-3.98,-2.73,0
74082443.0,6016.0,1.0,0.73,-0.57,0.29,-0.25
74085427.0,2984.0,0.0,-0.1,-1.0,-3.57,0
74092443.0,7016.0,1.0,0.72,-0.57,0.3,-0.25
74096427.0,3984.0,0.0,-0.46,-0.86,-4.12,0
74105443.0,9016.0,1.0,0.72,-0.57,0.3,-0.25
74108427.0,2984.0,0.0,-1.47,1.47,-4.1,0
74115443.0,7016.0,1.0,0.71,-0.58,0.31,-0.25
74118427.0,2984.0,0.0,-3.11,0.26,-3.92,0
74122443.0,4016.0,1.0,0.71,-0.58,0.31,-0.25
74125427.0,2984.0,0.0,-3.82,1.08,-4.39,0
74132443.0,7016.0,1.0,0.7,-0.59,0.31,-0.25
74135427.0,2984.0,0.0,-4.22,0.41,-4.7,0
74142443.0,7016.0,1.0,0.7,-0.59,0.32,-0.25
74145427.0,2984.0,0.0,-3.48,-1.28,-5.73,0
74152443.0,7016.0,1.0,0.7,-0.59,0.32,-0.25
74155427.0,2984.0,0.0,0.24,0.02,-3.62,0
74162443.0,7016.0,1.0,0.69,-0.6,0.32,-0.25
74165427.0,2984.0,0.0,2.86,-0.29,-1.89,0
74172443.0,7016.0,1.0,0.69,-0.6,0.32,-0.24
74176427.0,3984.0,0.0,3.49,0.74,-1.39,0
74182443.0,6016.0,1.0,0.68,-0.61,0.33,-0.24
74185427.0,2984.0,0.0,1.97,1.98,-1.19,0
74192443.0,7016.0,1.0,0.68,-0.61,0.33,-0.24
74195427.0,2984.0,0.0,-1.86,3.65,-3.29,0
74202443.0,7016.0,1.0,0.68,-0.61,0.33,-0.24
74205427.0,2984.0,0.0,-2.93,1.76,-4.24,0
74212443.0,7016.0,1.0,0.67,-0.62,0.33,-0.24
74215427.0,2984.0,0.0,-2.92,2.91,-3.94,0
74222443.0,7016.0,1.0,0.67,-0.62,0.33,-0.24
74225427.0,2984.0,0.0,-2.76,1.7,-3.54,0
74232443.0,7016.0,1.0,0.67,-0.63,0.33,-0.24
74235427.0,2984.0,0.0,-0.8,2.69,-2.7,0
74242443.0,7016.0,1.0,0.66,-0.63,0.32,-0.23
74245427.0,2984.0,0.0,0.2,2.94,-1.46,0
74252443.0,7016.0,1.0,0.66,-0.64,0.32,-0.23
74255427.0,2984.0,0.0,0.74,2.47,-1.09,0
74264443.0,9016.0,1.0,0.66,-0.64,0.32,-0.23
74267427.0,2984.0,0.0,-0.1,1.29,-0.84,0
74275443.0,8016.0,1.0,0.65,-0.64,0.32,-0.23
74278427.0,2984.0,0.0,-2.25,-0.23,-2.01,0
74282443.0,4016.0,1.0,0.65,-0.65,0.32,-0.23
74285427.0,2984.0,0.0,-3.48,-0.75,-3.35,0
74293443.0,8016.0,1.0,0.65,-0.65,0.33,-0.22
74296427.0,2984.0,0.0,-3.98,0.62,-3.97,0
74302443.0,6016.0,1.0,0.64,-0.66,0.33,-0.22
74305427.0,2984.0,0.0,-0.5,1.55,-2.5,0
74312443.0,7016.0,1.0,0.64,-0.66,0.33,-0.22
74315427.0,2984.0,0.0,1.98,1.86,-1.07,0
74322443.0,7016.0,1.0,0.64,-0.66,0.33,-0.22
74325427.0,2984.0,0.0,3.66,1.74,-0.74,0
74333443.0,8016.0,1.0,0.63,-0.67,0.33,-0.22
74336427.0,2984.0,0.0,3.31,2.36,-0.8,0
74342443.0,6016.0,1.0,0.63,-0.67,0.33,-0.21
74345427.0,2984.0,0.0,0.5,0.9,-0.28,0
74352443.0,7016.0,1.0,0.63,-0.67,0.33,-0.21
74355427.0,2984.0,0.0,-2.12,0.71,-0.3,0
74362443.0,7016.0,1.0,0.63,-0.68,0.33,-0.21
74365427.0,2984.0,0.0,-4.15,-0.51,-0.59,0
74373443.0,8016.0,1.0,0.62,-0.68,0.32,-0.2
74376427.0,2984.0,0.0,-4.77,-1.31,-0.62,0
74382443.0,6016.0,1.0,0.62,-0.68,0.32,-0.2
74385427.0,2984.0,0.0,-1.37,-0.43,-1.71,0
74392443.0,7016.0,1.0,0.62,-0.69,0.32,-0.2
74395427.0,2984.0,0.0,1.61,0.87,-1.87,0
74402443.0,7016.0,1.0,0.62,-0.69,0.32,-0.2
74405427.0,2984.0,0.0,3.28,2.18,-1.67,0
74413443.0,8016.0,1.0,0.61,-0.69,0.32,-0.19
74416427.0,2984.0,0.0,3.57,1.6,-1.52,0
74423443.0,7016.0,1.0,0.61,-0.7,0.32,-0.19
74426427.0,2984.0,0.0,0.98,0.41,-0.16,0
74433443.0,7016.0,1.0,0.61,-0.7,0.32,-0.19
74437427.0,3984.0,0.0,-0.98,-1.14,0.07,0
74442443.0,5016.0,1.0,0.61,-0.7,0.32,-0.18
74445427.0,2984.0,0.0,-2.2,-2.5,0.44,0
74453443.0,8016.0,1.0,0.6,-0.71,0.32,-0.18
74456427.0,2984.0,0.0,-2.14,-3.59,0.37,0
74468443.0,12016.0,1.0,0.6,-0.71,0.32,-0.18
74473427.0,4984.0,0.0,0.71,-2.74,-1.19,0
74476443.0,3016.0,1.0,0.6,-0.71,0.32,-0.17
74479427.0,2984.0,0.0,1.19,-1.36,-1.5,0
74483443.0,4016.0,1.0,0.6,-0.71,0.32,-0.17
74486427.0,2984.0,0.0,1.17,-1.38,-1.41,0
74493443.0,7016.0,1.0,0.59,-0.72,0.32,-0.17
74496427.0,2984.0,0.0,0.34,-0.49,0.07,0
74502443.0,6016.0,1.0,0.59,-0.72,0.32,-0.16
74505427.0,2984.0,0.0,0.43,-1.79,1.07,0
74513443.0,8016.0,1.0,0.59,-0.72,0.32,-0.16
74516427.0,2984.0,0.0,0.1,-3.23,2.34,0
74523443.0,7016.0,1.0,0.59,-0.73,0.32,-0.15
74526427.0,2984.0,0.0,-0.27,-3.66,3.45,0
74533443.0,7016.0,1.0,0.59,-0.73,0.32,-0.15
74536427.0,2984.0,0.0,0.39,-5.46,1.99,0
74543443.0,7016.0,1.0,0.58,-0.73,0.32,-0.15
74546427.0,2984.0,0.0,0.74,-4.69,0.77,0
74553443.0,7016.0,1.0,0.58,-0.73,0.33,-0.14
74556427.0,2984.0,0.0,1.09,-4.15,-0.18,0
74563443.0,7016.0,1.0,0.58,-0.73,0.33,-0.14
74566427.0,2984.0,0.0,1.67,-2.54,-0.32,0
74572443.0,6016.0,1.0,0.57,-0.74,0.33,-0.14
74575427.0,2984.0,0.0,-0.32,-0.7,-2.28,0
74583443.0,8016.0,1.0,0.57,-0.74,0.33,-0.13
74586427.0,2984.0,0.0,-1.88,0.49,-2.95,0
74593443.0,7016.0,1.0,0.57,-0.74,0.33,-0.13
74596427.0,2984.0,0.0,-2.65,1.36,-2.15,0
74603443.0,7016.0,1.0,0.57,-0.74,0.34,-0.13
74606427.0,2984.0,0.0,-2.27,1.01,-1.69,0
74613443.0,7016.0,1.0,0.56,-0.74,0.34,-0.13
74616427.0,2984.0,0.0,-0.04,0.03,0.79,0
74623443.0,7016.0,1.0,0.56,-0.74,0.34,-0.12
74626427.0,2984.0,0.0,0.84,-1.02,1.93,0
74633443.0,7016.0,1.0,0.56,-0.74,0.35,-0.12
74636427.0,2984.0,0.0,1.3,-0.74,2.62,0
74643443.0,7016.0,1.0,0.56,-0.74,0.35,-0.12
74646427.0,2984.0,0.0,1.63,-0.46,3.39,0
74653443.0,7016.0,1.0,0.55,-0.75,0.35,-0.11
74656427.0,2984.0,0.0,0.89,-1.45,1.95,0
74665443.0,9016.0,1.0,0.55,-0.75,0.36,-0.11
74668427.0,2984.0,0.0,-0.99,-0.21,-0.07,0
74675443.0,7016.0,1.0,0.55,-0.75,0.36,-0.1
74678427.0,2984.0,0.0,-2.84,0.25,-2.46,0
74682443.0,4016.0,1.0,0.55,-0.75,0.36,-0.1
74685427.0,2984.0,0.0,-3.62,0.4,-4.51,0
74693443.0,8016.0,1.0,0.54,-0.75,0.36,-0.09
74696427.0,2984.0,0.0,-4.28,0.5,-4.26,0
74703443.0,7016.0,1.0,0.54,-0.75,0.37,-0.09
74706427.0,2984.0,0.0,-4.82,0.45,-3.26,0
74713443.0,7016.0,1.0,0.54,-0.75,0.37,-0.08
74716427.0,2984.0,0.0,-4.86,0.97,-2.04,0
74723443.0,7016.0,1.0,0.54,-0.75,0.37,-0.08
74726427.0,2984.0,0.0,-3.95,-0.91,2.18,0
74733443.0,7016.0,1.0,0.54,-0.75,0.37,-0.07
74736427.0,2984.0,0.0,-3.43,-0.75,3.74,0
74743443.0,7016.0,1.0,0.54,-0.75,0.38,-0.07
74746427.0,2984.0,0.0,-3.28,-0.74,4.85,0
74753443.0,7016.0,1.0,0.54,-0.75,0.38,-0.06
74756427.0,2984.0,0.0,-3.49,-2.03,4.85,0
74762443.0,6016.0,1.0,0.54,-0.75,0.38,-0.05
74765427.0,2984.0,0.0,-3.93,-2.33,3.99,0
74773443.0,8016.0,1.0,0.54,-0.75,0.39,-0.05
74776427.0,2984.0,0.0,-3.93,-2.52,3.34,0
74783443.0,7016.0,1.0,0.53,-0.75,0.4,-0.04
74786427.0,2984.0,0.0,-4.31,-2.65,2.82,0
74793443.0,7016.0,1.0,0.53,-0.74,0.41,-0.04
74796427.0,2984.0,0.0,-4.78,-2.69,2.25,0
74808443.0,12016.0,1.0,0.53,-0.74,0.41,-0.04
74812427.0,3984.0,0.0,-7.28,-2.59,3.46,0
74815443.0,3016.0,1.0,0.52,-0.74,0.42,-0.03
74818427.0,2984.0,0.0,-7.38,-2.71,3.53,0
74822443.0,4016.0,1.0,0.52,-0.73,0.44,-0.03
74825427.0,2984.0,0.0,-7.53,-3.17,3.8,0
74833443.0,8016.0,1.0,0.51,-0.73,0.45,-0.03
74836427.0,2984.0,0.0,-7.65,-3.25,4.71,0
74843443.0,7016.0,1.0,0.51,-0.72,0.47,-0.03
74846427.0,2984.0,0.0,-7.59,-2.66,4.25,0
74853443.0,7016.0,1.0,0.5,-0.72,0.48,-0.03
74856427.0,2984.0,0.0,-8.21,-2.3,4.45,0
74863443.0,7016.0,1.0,0.49,-0.71,0.5,-0.03
74866427.0,2984.0,0.0,-8.94,-0.28,3.14,0
74873443.0,7016.0,1.0,0.48,-0.7,0.52,-0.03
74876427.0,2984.0,0.0,-9.74,1.44,2.37,0
74888443.0,12016.0,1.0,0.48,-0.69,0.54,-0.03
74892427.0,3984.0,0.0,-11.92,5.7,-1.78,0
74895443.0,3016.0,1.0,0.47,-0.68,0.56,-0.03
74898427.0,2984.0,0.0,-12.09,5.6,-1.65,0
74902443.0,4016.0,1.0,0.46,-0.67,0.58,-0.03
74905427.0,2984.0,0.0,-12.7,6.63,-2.46,0
74913443.0,8016.0,1.0,0.46,-0.66,0.59,-0.03
74916427.0,2984.0,0.0,-12.9,7.34,-6.55,0
74923443.0,7016.0,1.0,0.45,-0.65,0.61,-0.02
74926427.0,2984.0,0.0,-12.8,8.22,-6.87,0
74933443.0,7016.0,1.0,0.45,-0.64,0.62,-0.02
74936427.0,2984.0,0.0,-12.27,7.87,-8.52,0
74943443.0,7016.0,1.0,0.45,-0.63,0.64,-0.01
74946427.0,2984.0,0.0,-11.81,6.67,-9.0,0
74953443.0,7016.0,1.0,0.45,-0.62,0.65,-0.01
74956427.0,2984.0,0.0,-9.71,4.87,-8.82,0
74968443.0,12016.0,1.0,0.45,-0.6,0.66,-0.0
74972427.0,3984.0,0.0,-6.21,1.83,-6.12,0
74975443.0,3016.0,1.0,0.45,-0.59,0.67,-0.0
74978427.0,2984.0,0.0,-3.96,6.49,-6.74,0
74983443.0,5016.0,1.0,0.44,-0.58,0.68,-0.0
74986427.0,2984.0,0.0,-4.07,6.41,-6.69,0
74992443.0,6016.0,1.0,0.44,-0.57,0.69,-0.0
74995427.0,2984.0,0.0,0.32,11.39,-8.17,0
75003443.0,8016.0,1.0,0.45,-0.56,0.69,0.0
75006427.0,2984.0,0.0,2.02,10.18,-8.0,0
75013443.0,7016.0,1.0,0.47,-0.55,0.69,0.01
75016427.0,2984.0,0.0,3.75,7.65,-8.27,0
75023443.0,7016.0,1.0,0.48,-0.54,0.69,0.02
75026427.0,2984.0,0.0,5.25,4.49,-8.36,0
75033443.0,7016.0,1.0,0.5,-0.53,0.68,0.02
75036427.0,2984.0,0.0,8.61,0.91,-6.46,0
75048443.0,12016.0,1.0,0.52,-0.52,0.68,0.03
75052427.0,3984.0,0.0,11.52,-1.79,-3.78,0
75055443.0,3016.0,1.0,0.54,-0.51,0.67,0.03
75058427.0,2984.0,0.0,12.44,-3.29,-2.77,0
75063443.0,5016.0,1.0,0.57,-0.49,0.66,0.03
75066427.0,2984.0,0.0,12.99,-3.79,-2.07,0
75073443.0,7016.0,1.0,0.59,-0.48,0.65,0.03
75076427.0,2984.0,0.0,13.2,-3.55,-1.79,0
75083443.0,7016.0,1.0,0.61,-0.47,0.64,0.03
75086427.0,2984.0,0.0,13.26,-3.28,-1.83,0
75093443.0,7016.0,1.0,0.62,-0.46,0.63,0.02
75096427.0,2984.0,0.0,13.4,-3.28,-2.12,0
75105443.0,9016.0,1.0,0.64,-0.45,0.62,0.01
75108427.0,2984.0,0.0,13.63,-3.41,-2.3,0
75115443.0,7016.0,1.0,0.66,-0.43,0.61,0.01
75118427.0,2984.0,0.0,13.77,-3.8,-2.3,0
75123443.0,5016.0,1.0,0.68,-0.42,0.6,-0.0
75126427.0,2984.0,0.0,13.64,-3.99,-2.34,0
75133443.0,7016.0,1.0,0.69,-0.41,0.59,-0.01
75136427.0,2984.0,0.0,13.52,-3.95,-2.34,0
75148443.0,12016.0,1.0,0.71,-0.4,0.58,-0.02
75153427.0,4984.0,0.0,12.31,-4.05,-1.84,0
75156443.0,3016.0,1.0,0.72,-0.39,0.56,-0.03
75159427.0,2984.0,0.0,12.4,-3.96,-2.27,0
75163443.0,4016.0,1.0,0.74,-0.38,0.55,-0.05
75166427.0,2984.0,0.0,11.45,-4.3,-2.29,0
75173443.0,7016.0,1.0,0.75,-0.38,0.54,-0.06
75176427.0,2984.0,0.0,10.51,-4.38,-2.13,0
75182443.0,6016.0,1.0,0.77,-0.37,0.52,-0.07
75185427.0,2984.0,0.0,8.84,-4.5,-1.34,0
75193443.0,8016.0,1.0,0.78,-0.36,0.51,-0.08
75196427.0,2984.0,0.0,7.92,-4.4,-1.02,0
75203443.0,7016.0,1.0,0.79,-0.36,0.49,-0.09
75206427.0,2984.0,0.0,7.06,-4.33,-0.82,0
75213443.0,7016.0,1.0,0.8,-0.35,0.48,-0.1
75216427.0,2984.0,0.0,6.31,-4.48,-0.81,0
75228443.0,12016.0,1.0,0.81,-0.35,0.46,-0.11
75232427.0,3984.0,0.0,4.64,-5.49,0.82,0
75235443.0,3016.0,1.0,0.82,-0.35,0.45,-0.12
75238427.0,2984.0,0.0,4.68,-5.27,0.49,0
75243443.0,5016.0,1.0,0.83,-0.34,0.43,-0.13
75246427.0,2984.0,0.0,4.53,-5.25,0.21,0
75253443.0,7016.0,1.0,0.83,-0.34,0.42,-0.13
75256427.0,2984.0,0.0,4.49,-5.07,0.25,0
75263443.0,7016.0,1.0,0.84,-0.34,0.4,-0.14
75266427.0,2984.0,0.0,3.67,-4.67,0.63,0
75273443.0,7016.0,1.0,0.84,-0.34,0.39,-0.15
75276427.0,2984.0,0.0,3.24,-4.18,0.53,0
75283443.0,7016.0,1.0,0.85,-0.33,0.38,-0.16
75286427.0,2984.0,0.0,2.73,-3.95,0.72,0
75293443.0,7016.0,1.0,0.85,-0.33,0.37,-0.17
75296427.0,2984.0,0.0,2.48,-3.79,0.71,0
75308443.0,12016.0,1.0,0.85,-0.33,0.36,-0.18
75312427.0,3984.0,0.0,2.66,-2.96,0.8,0
75315443.0,3016.0,1.0,0.86,-0.33,0.35,-0.18
75318427.0,2984.0,0.0,2.66,-2.78,0.66,0
75323443.0,5016.0,1.0,0.86,-0.33,0.34,-0.19
75326427.0,2984.0,0.0,2.99,-2.44,0.73,0
75333443.0,7016.0,1.0,0.86,-0.33,0.33,-0.2
75336427.0,2984.0,0.0,3.36,-2.77,0.43,0
75343443.0,7016.0,1.0,0.86,-0.33,0.32,-0.2
75346427.0,2984.0,0.0,4.18,-3.13,0.93,0
75353443.0,7016.0,1.0,0.86,-0.33,0.32,-0.21
75356427.0,2984.0,0.0,4.3,-3.29,0.01,0
75363443.0,7016.0,1.0,0.86,-0.33,0.31,-0.21
75366427.0,2984.0,0.0,3.89,-3.04,0.63,0
75373443.0,7016.0,1.0,0.87,-0.33,0.3,-0.22
75376427.0,2984.0,0.0,3.79,-1.48,0.46,0
75383443.0,7016.0,1.0,0.87,-0.33,0.3,-0.22
75386427.0,2984.0,0.0,3.61,-1.61,0.16,0
75393443.0,7016.0,1.0,0.87,-0.33,0.29,-0.23
75396427.0,2984.0,0.0,3.28,-2.02,0.29,0
75405443.0,9016.0,1.0,0.87,-0.34,0.29,-0.23
75408427.0,2984.0,0.0,2.87,-2.47,0.25,0
75416443.0,8016.0,1.0,0.87,-0.34,0.28,-0.24
75419427.0,2984.0,0.0,1.96,-2.62,-0.05,0
75423443.0,4016.0,1.0,0.87,-0.34,0.28,-0.24
75426427.0,2984.0,0.0,1.68,-2.19,-0.34,0
75433443.0,7016.0,1.0,0.87,-0.34,0.28,-0.24
75436427.0,2984.0,0.0,1.5,-1.57,-0.38,0
75443443.0,7016.0,1.0,0.86,-0.34,0.27,-0.25
75446427.0,2984.0,0.0,1.63,-1.07,-0.66,0
75453443.0,7016.0,1.0,0.86,-0.34,0.27,-0.25
75456427.0,2984.0,0.0,1.77,-0.28,-0.93,0
75463443.0,7016.0,1.0,0.86,-0.35,0.27,-0.25
75466427.0,2984.0,0.0,1.87,-0.46,-1.01,0
75473443.0,7016.0,1.0,0.86,-0.35,0.26,-0.25
75476427.0,2984.0,0.0,2.05,-1.1,-0.91,0
75483443.0,7016.0,1.0,0.86,-0.35,0.26,-0.26
75486427.0,2984.0,0.0,1.77,-1.88,-0.57,0
75493443.0,7016.0,1.0,0.86,-0.35,0.25,-0.26
75496427.0,2984.0,0.0,1.53,-2.02,-0.41,0
75503443.0,7016.0,1.0,0.86,-0.36,0.25,-0.26
75506427.0,2984.0,0.0,1.39,-1.87,-0.36,0
75514443.0,8016.0,1.0,0.86,-0.36,0.25,-0.26
75517427.0,2984.0,0.0,1.34,-1.83,-0.36,0
75523443.0,6016.0,1.0,0.86,-0.36,0.24,-0.26
75526427.0,2984.0,0.0,1.25,-1.53,-0.15,0
75533443.0,7016.0,1.0,0.86,-0.36,0.24,-0.26
75536427.0,2984.0,0.0,1.16,-1.55,-0.16,0
75543443.0,7016.0,1.0,0.86,-0.37,0.24,-0.26
75546427.0,2984.0,0.0,1.11,-1.43,-0.1,0
75553443.0,7016.0,1.0,0.86,-0.37,0.24,-0.27
75556427.0,2984.0,0.0,1.14,-1.1,0.04,0
75563443.0,7016.0,1.0,0.86,-0.37,0.24,-0.27
75566427.0,2984.0,0.0,1.25,-1.1,0.11,0
75573443.0,7016.0,1.0,0.85,-0.38,0.24,-0.27
75576427.0,2984.0,0.0,1.39,-1.17,0.22,0
75583443.0,7016.0,1.0,0.85,-0.38,0.24,-0.27
75586427.0,2984.0,0.0,1.38,-1.05,0.19,0
75594443.0,8016.0,1.0,0.85,-0.38,0.24,-0.27
75597427.0,2984.0,0.0,1.26,-0.83,0.15,0
75603443.0,6016.0,1.0,0.85,-0.38,0.24,-0.27
75606427.0,2984.0,0.0,1.21,-0.54,0.08,0
75613443.0,7016.0,1.0,0.85,-0.39,0.24,-0.27
75616427.0,2984.0,0.0,1.06,-0.43,0.08,0
75623443.0,7016.0,1.0,0.85,-0.39,0.24,-0.27
75626427.0,2984.0,0.0,0.97,-0.3,-0.06,0
75634443.0,8016.0,1.0,0.85,-0.39,0.24,-0.27
75637427.0,2984.0,0.0,0.97,-0.13,-0.05,0
75649443.0,12016.0,1.0,0.84,-0.4,0.24,-0.27
75654443.0,5000.0,1.0,0.84,-0.4,0.24,-0.27
75657427.0,2984.0,0.0,0.95,-0.89,0.43,0
75663443.0,6016.0,1.0,0.84,-0.4,0.24,-0.27
75666427.0,2984.0,0.0,0.92,-1.23,0.52,0
75673443.0,7016.0,1.0,0.84,-0.4,0.24,-0.27
75676427.0,2984.0,0.0,0.06,-1.07,-0.16,0
75683443.0,7016.0,1.0,0.84,-0.41,0.24,-0.27
75686427.0,2984.0,0.0,-0.63,-1.11,-0.4,0
75693443.0,7016.0,1.0,0.84,-0.41,0.24,-0.27
75697427.0,3984.0,0.0,-1.21,-0.62,-0.49,0
75703443.0,6016.0,1.0,0.83,-0.41,0.25,-0.27
75706427.0,2984.0,0.0,-1.37,1.33,-0.47,0
75713443.0,7016.0,1.0,0.83,-0.41,0.25,-0.27
75716427.0,2984.0,0.0,-1.39,2.17,-0.24,0
75723443.0,7016.0,1.0,0.83,-0.42,0.25,-0.27
75726427.0,2984.0,0.0,-1.24,1.5,0.16,0
75733443.0,7016.0,1.0,0.83,-0.42,0.25,-0.27
75737427.0,3984.0,0.0,-0.98,1.26,0.4,0
75743443.0,6016.0,1.0,0.83,-0.42,0.25,-0.27
75746427.0,2984.0,0.0,-0.8,1.17,0.21,0
75753443.0,7016.0,1.0,0.83,-0.43,0.25,-0.27
75756427.0,2984.0,0.0,-0.39,1.29,-0.25,0
75763443.0,7016.0,1.0,0.83,-0.43,0.25,-0.27
75766427.0,2984.0,0.0,-0.06,1.13,-0.48,0
75773443.0,7016.0,1.0,0.83,-0.43,0.24,-0.27
75777427.0,3984.0,0.0,0.32,0.71,-0.51,0
75783443.0,6016.0,1.0,0.82,-0.44,0.24,-0.27
75786427.0,2984.0,0.0,0.77,0.4,-0.55,0
75793443.0,7016.0,1.0,0.82,-0.44,0.24,-0.27
75796427.0,2984.0,0.0,1.79,2.12,-0.29,0
75803443.0,7016.0,1.0,0.82,-0.44,0.24,-0.27
75806427.0,2984.0,0.0,1.65,-0.46,-0.82,0
75813443.0,7016.0,1.0,0.82,-0.45,0.24,-0.27
75816427.0,2984.0,0.0,2.38,-0.24,-1.12,0
75823443.0,7016.0,1.0,0.82,-0.45,0.24,-0.27
75826427.0,2984.0,0.0,2.32,-0.75,-0.85,0
75833443.0,7016.0,1.0,0.82,-0.45,0.24,-0.27
75836427.0,2984.0,0.0,1.2,-0.31,-1.45,0
75843443.0,7016.0,1.0,0.82,-0.45,0.24,-0.27
75846427.0,2984.0,0.0,0.77,-0.36,-1.74,0
75854443.0,8016.0,1.0,0.81,-0.46,0.24,-0.27
75857427.0,2984.0,0.0,0.57,-0.73,-1.8,0
75863443.0,6016.0,1.0,0.81,-0.46,0.24,-0.27
75866427.0,2984.0,0.0,0.02,-1.1,-2.14,0
75873443.0,7016.0,1.0,0.81,-0.46,0.24,-0.27
75876427.0,2984.0,0.0,-1.48,0.63,-2.73,0
75883443.0,7016.0,1.0,0.81,-0.47,0.24,-0.26
75886427.0,2984.0,0.0,-2.14,0.77,-1.82,0
75894443.0,8016.0,1.0,0.81,-0.47,0.24,-0.26
75897427.0,2984.0,0.0,-2.44,-1.46,-0.14,0
75903443.0,6016.0,1.0,0.81,-0.48,0.23,-0.26
75906427.0,2984.0,0.0,-2.12,-4.92,2.21,0
75916443.0,10016.0,1.0,0.8,-0.48,0.23,-0.26
75919427.0,2984.0,0.0,-0.54,-9.58,5.65,0
75923443.0,4016.0,1.0,0.8,-0.49,0.24,-0.25
75926427.0,2984.0,0.0,-1.91,-8.65,6.04,0
75934443.0,8016.0,1.0,0.8,-0.49,0.24,-0.25
75937427.0,2984.0,0.0,-3.39,-8.71,4.32,0
75943443.0,6016.0,1.0,0.79,-0.5,0.25,-0.25
75946427.0,2984.0,0.0,-1.81,-6.17,-0.81,0
75953443.0,7016.0,1.0,0.79,-0.5,0.26,-0.25
75956427.0,2984.0,0.0,-0.84,-4.89,-3.87,0
75963443.0,7016.0,1.0,0.78,-0.5,0.28,-0.25
75966427.0,2984.0,0.0,-1.27,-2.48,-5.87,0
75974443.0,8016.0,1.0,0.77,-0.51,0.29,-0.25
75977427.0,2984.0,0.0,-1.57,-1.04,-8.0,0
75983443.0,6016.0,1.0,0.77,-0.51,0.3,-0.25
75986427.0,2984.0,0.0,-1.32,3.13,-9.78,0
75993443.0,7016.0,1.0,0.76,-0.51,0.31,-0.25
75996427.0,2984.0,0.0,-1.44,3.99,-9.84,0
76005443.0,9016.0,1.0,0.76,-0.52,0.31,-0.24
76008427.0,2984.0,0.0,-0.95,2.77,-7.93,0
76015443.0,7016.0,1.0,0.76,-0.52,0.32,-0.24
76018427.0,2984.0,0.0,-1.33,3.13,-5.73,0
76023443.0,5016.0,1.0,0.75,-0.53,0.32,-0.24
76026427.0,2984.0,0.0,-2.97,-0.25,-0.76,0
76033443.0,7016.0,1.0,0.75,-0.53,0.32,-0.24
76036427.0,2984.0,0.0,-4.33,-1.11,1.27,0
76043443.0,7016.0,1.0,0.74,-0.54,0.32,-0.23
76046427.0,2984.0,0.0,-5.19,-1.92,1.45,0
76054443.0,8016.0,1.0,0.74,-0.54,0.33,-0.23
76057427.0,2984.0,0.0,-4.93,-2.9,1.07,0
76063443.0,6016.0,1.0,0.73,-0.54,0.34,-0.23
76066427.0,2984.0,0.0,-2.21,-3.13,-1.37,0
76073443.0,7016.0,1.0,0.73,-0.55,0.35,-0.23
76076427.0,2984.0,0.0,-0.63,-1.64,-2.05,0
76084443.0,8016.0,1.0,0.72,-0.55,0.36,-0.23
76087427.0,2984.0,0.0,0.92,-1.2,-2.44,0
76094443.0,7016.0,1.0,0.72,-0.55,0.37,-0.23
76097427.0,2984.0,0.0,0.8,-0.5,-4.03,0
76109443.0,12016.0,1.0,0.71,-0.55,0.37,-0.22
76114427.0,4984.0,0.0,-1.57,2.59,-7.58,0
76117443.0,3016.0,1.0,0.7,-0.56,0.38,-0.22
76120427.0,2984.0,0.0,-2.51,4.32,-8.84,0
76124443.0,4016.0,1.0,0.7,-0.56,0.38,-0.22
76127427.0,2984.0,0.0,-2.5,4.3,-8.68,0
76133443.0,6016.0,1.0,0.69,-0.56,0.39,-0.22
76136427.0,2984.0,0.0,0.11,5.11,-8.75,0
76143443.0,7016.0,1.0,0.69,-0.57,0.39,-0.22
76146427.0,2984.0,0.0,2.22,6.34,-6.91,0
76153443.0,7016.0,1.0,0.69,-0.57,0.39,-0.22
76157427.0,3984.0,0.0,3.5,6.71,-4.3,0
76164443.0,7016.0,1.0,0.68,-0.58,0.39,-0.22
76167427.0,2984.0,0.0,3.94,6.09,-2.91,0
76173443.0,6016.0,1.0,0.68,-0.58,0.39,-0.22
76176427.0,2984.0,0.0,1.41,6.07,-1.58,0
76183443.0,7016.0,1.0,0.68,-0.59,0.39,-0.22
76186427.0,2984.0,0.0,-0.57,4.77,-2.91,0
76193443.0,7016.0,1.0,0.68,-0.59,0.39,-0.21
76196427.0,2984.0,0.0,-1.9,5.23,-3.04,0
76204443.0,8016.0,1.0,0.67,-0.6,0.38,-0.21
76207427.0,2984.0,0.0,-2.46,3.69,-2.34,0
76214443.0,7016.0,1.0,0.67,-0.6,0.38,-0.21
76217427.0,2984.0,0.0,-2.26,2.91,-0.39,0
76223443.0,6016.0,1.0,0.67,-0.6,0.38,-0.21
76226427.0,2984.0,0.0,-2.02,3.11,-0.73,0
76234443.0,8016.0,1.0,0.67,-0.61,0.38,-0.2
76237427.0,2984.0,0.0,-1.63,1.84,-0.88,0
76243443.0,6016.0,1.0,0.66,-0.61,0.38,-0.2
76246427.0,2984.0,0.0,-2.51,3.27,-0.41,0
76256443.0,10016.0,1.0,0.66,-0.62,0.37,-0.2
76259427.0,2984.0,0.0,-3.84,2.0,-1.48,0
76263443.0,4016.0,1.0,0.66,-0.62,0.37,-0.2
76266427.0,2984.0,0.0,-4.04,1.02,-1.32,0
76274443.0,8016.0,1.0,0.66,-0.63,0.37,-0.2
76277427.0,2984.0,0.0,-3.23,0.26,-1.46,0
76284443.0,7016.0,1.0,0.65,-0.63,0.38,-0.19
76287427.0,2984.0,0.0,-1.82,-1.46,-0.98,0
76294443.0,7016.0,1.0,0.65,-0.63,0.38,-0.19
76297427.0,2984.0,0.0,-1.67,-0.62,-1.07,0
76303443.0,6016.0,1.0,0.65,-0.64,0.38,-0.19
76306427.0,2984.0,0.0,-1.02,0.92,-1.63,0
76314443.0,8016.0,1.0,0.64,-0.64,0.38,-0.19
76317427.0,2984.0,0.0,0.46,0.43,-1.41,0
76323443.0,6016.0,1.0,0.64,-0.64,0.38,-0.19
76326427.0,2984.0,0.0,1.83,-0.64,-0.41,0
76334443.0,8016.0,1.0,0.64,-0.65,0.38,-0.18
76337427.0,2984.0,0.0,1.22,-1.47,-0.53,0
76344443.0,7016.0,1.0,0.64,-0.65,0.38,-0.18
76347427.0,2984.0,0.0,-0.7,-1.46,-1.32,0
76354443.0,7016.0,1.0,0.63,-0.65,0.37,-0.18
76357427.0,2984.0,0.0,-2.78,-0.03,-2.11,0
76363443.0,6016.0,1.0,0.63,-0.66,0.37,-0.18
76366427.0,2984.0,0.0,-2.79,-0.87,-2.3,0
76373443.0,7016.0,1.0,0.63,-0.66,0.37,-0.18
76376427.0,2984.0,0.0,-1.45,-0.24,-1.96,0
76384443.0,8016.0,1.0,0.63,-0.66,0.37,-0.17
76387427.0,2984.0,0.0,0.03,-0.05,-1.98,0
76394443.0,7016.0,1.0,0.62,-0.67,0.37,-0.17
76397427.0,2984.0,0.0,1.16,0.04,-1.64,0
76404443.0,7016.0,1.0,0.62,-0.67,0.37,-0.17
76407427.0,2984.0,0.0,2.8,-1.11,0.04,0
76414443.0,7016.0,1.0,0.62,-0.67,0.37,-0.17
76417427.0,2984.0,0.0,1.57,-1.71,1.3,0
76424443.0,7016.0,1.0,0.62,-0.68,0.37,-0.16
76427427.0,2984.0,0.0,-0.12,-2.48,2.14,0
76434443.0,7016.0,1.0,0.61,-0.68,0.37,-0.16
76437427.0,2984.0,0.0,-1.21,-3.16,1.61,0
76444443.0,7016.0,1.0,0.61,-0.68,0.37,-0.16
76447427.0,2984.0,0.0,-3.04,-1.82,-0.04,0
76454443.0,7016.0,1.0,0.61,-0.69,0.37,-0.15
76458427.0,3984.0,0.0,-2.78,-1.72,-0.8,0
76464443.0,6016.0,1.0,0.61,-0.69,0.37,-0.15
76467427.0,2984.0,0.0,-2.07,-1.18,-1.34,0
76474443.0,7016.0,1.0,0.6,-0.69,0.37,-0.15
76477427.0,2984.0,0.0,-0.71,-0.96,-2.34,0
76484443.0,7016.0,1.0,0.6,-0.69,0.37,-0.15
76487427.0,2984.0,0.0,-0.8,-0.12,-3.26,0
76493443.0,6016.0,1.0,0.6,-0.7,0.37,-0.15
76496427.0,2984.0,0.0,-0.59,-0.2,-2.42,0
76504443.0,8016.0,1.0,0.6,-0.7,0.37,-0.14
76507427.0,2984.0,0.0,0.54,-0.88,-0.93,0
76514443.0,7016.0,1.0,0.59,-0.7,0.36,-0.14
76517427.0,2984.0,0.0,0.34,1.26,-0.13,0
76524443.0,7016.0,1.0,0.59,-0.71,0.36,-0.14
76527427.0,2984.0,0.0,0.13,0.65,0.14,0
76534443.0,7016.0,1.0,0.59,-0.71,0.36,-0.13
76538427.0,3984.0,0.0,-0.16,0.4,0.82,0
76544443.0,6016.0,1.0,0.59,-0.71,0.36,-0.13
76547427.0,2984.0,0.0,0.48,0.24,0.9,0
76553443.0,6016.0,1.0,0.59,-0.71,0.36,-0.13
76556427.0,2984.0,0.0,0.39,-0.66,2.64,0
76564443.0,8016.0,1.0,0.59,-0.72,0.35,-0.12
76567427.0,2984.0,0.0,0.02,-0.72,2.09,0
76574443.0,7016.0,1.0,0.59,-0.72,0.35,-0.12
76577427.0,2984.0,0.0,-0.7,-0.44,0.95,0
76584443.0,7016.0,1.0,0.58,-0.72,0.35,-0.11
76587427.0,2984.0,0.0,-1.18,-1.15,-0.52,0
76594443.0,7016.0,1.0,0.58,-0.72,0.35,-0.11
76597427.0,2984.0,0.0,-1.01,-0.61,-1.34,0
76604443.0,7016.0,1.0,0.58,-0.73,0.35,-0.11
76607427.0,2984.0,0.0,-0.27,-1.22,-0.94,0
76614443.0,7016.0,1.0,0.58,-0.73,0.35,-0.1
76617427.0,2984.0,0.0,0.31,-0.87,-0.18,0
76624443.0,7016.0,1.0,0.58,-0.73,0.36,-0.1
76627427.0,2984.0,0.0,0.34,-1.61,0.84,0
76634443.0,7016.0,1.0,0.57,-0.73,0.36,-0.1
76637427.0,2984.0,0.0,-0.69,-1.87,2.18,0
76644443.0,7016.0,1.0,0.57,-0.73,0.36,-0.1
76647427.0,2984.0,0.0,-1.73,-2.24,2.7,0
76654443.0,7016.0,1.0,0.57,-0.73,0.36,-0.09
76657427.0,2984.0,0.0,-2.16,-3.49,2.58,0
76666443.0,9016.0,1.0,0.56,-0.73,0.37,-0.09
76669427.0,2984.0,0.0,-2.92,-3.27,2.23,0
76676443.0,7016.0,1.0,0.56,-0.73,0.37,-0.09
76679427.0,2984.0,0.0,-3.97,-3.77,0.21,0
76683443.0,4016.0,1.0,0.56,-0.73,0.38,-0.08
76686427.0,2984.0,0.0,-4.52,-3.18,0.13,0
76694443.0,8016.0,1.0,0.56,-0.73,0.38,-0.08
76697427.0,2984.0,0.0,-4.16,-3.98,-0.11,0
76704443.0,7016.0,1.0,0.55,-0.73,0.39,-0.08
76707427.0,2984.0,0.0,-3.61,-3.1,-0.68,0
76714443.0,7016.0,1.0,0.55,-0.73,0.39,-0.07
76717427.0,2984.0,0.0,-3.01,-3.57,-0.66,0
76724443.0,7016.0,1.0,0.55,-0.73,0.4,-0.07
76727427.0,2984.0,0.0,-2.69,-3.01,0.36,0
76734443.0,7016.0,1.0,0.55,-0.73,0.4,-0.06
76737427.0,2984.0,0.0,-2.45,-3.95,0.9,0
76743443.0,6016.0,1.0,0.54,-0.73,0.41,-0.06
76746427.0,2984.0,0.0,-3.2,-4.74,2.11,0
76754443.0,8016.0,1.0,0.54,-0.73,0.42,-0.05
76757427.0,2984.0,0.0,-3.01,-5.91,1.09,0
76764443.0,7016.0,1.0,0.54,-0.73,0.42,-0.05
76767427.0,2984.0,0.0,-3.48,-6.56,2.18,0
76774443.0,7016.0,1.0,0.54,-0.72,0.43,-0.04
76777427.0,2984.0,0.0,-4.22,-6.7,3.85,0
76783443.0,6016.0,1.0,0.53,-0.72,0.44,-0.04
76786427.0,2984.0,0.0,-4.13,-5.86,3.27,0
76794443.0,8016.0,1.0,0.53,-0.72,0.45,-0.04
76797427.0,2984.0,0.0,-4.1,-5.1,3.51,0
76804443.0,7016.0,1.0,0.52,-0.71,0.47,-0.03
76807427.0,2984.0,0.0,-4.33,-3.93,3.04,0
76814443.0,7016.0,1.0,0.52,-0.71,0.48,-0.03
76817427.0,2984.0,0.0,-4.62,-1.9,3.57,0
76829443.0,12016.0,1.0,0.51,-0.7,0.5,-0.03
76833427.0,3984.0,0.0,-6.13,-1.2,2.27,0
76836443.0,3016.0,1.0,0.51,-0.69,0.51,-0.03
76839427.0,2984.0,0.0,-6.29,-1.31,2.4,0
76844443.0,5016.0,1.0,0.5,-0.68,0.53,-0.03
76847427.0,2984.0,0.0,-6.43,-0.19,1.4,0
76854443.0,7016.0,1.0,0.49,-0.67,0.55,-0.03
76857427.0,2984.0,0.0,-6.82,2.55,0.31,0
76864443.0,7016.0,1.0,0.48,-0.66,0.57,-0.03
76867427.0,2984.0,0.0,-6.68,3.61,-0.41,0
76874443.0,7016.0,1.0,0.48,-0.65,0.59,-0.02
76877427.0,2984.0,0.0,-6.55,4.21,-0.98,0
76884443.0,7016.0,1.0,0.47,-0.64,0.6,-0.02
76887427.0,2984.0,0.0,-6.41,3.75,-2.27,0
76894443.0,7016.0,1.0,0.47,-0.63,0.62,-0.02
76897427.0,2984.0,0.0,-7.4,5.02,-2.27,0
76909443.0,12016.0,1.0,0.46,-0.62,0.63,-0.01
76913427.0,3984.0,0.0,-7.57,7.77,-4.46,0
76916443.0,3016.0,1.0,0.46,-0.61,0.65,-0.01
76919427.0,2984.0,0.0,-7.75,7.62,-4.4,0
76924443.0,5016.0,1.0,0.46,-0.6,0.66,-0.0
76927427.0,2984.0,0.0,-7.64,9.16,-5.16,0
76934443.0,7016.0,1.0,0.46,-0.59,0.67,0.0
76937427.0,2984.0,0.0,-6.65,9.24,-6.55,0
76944443.0,7016.0,1.0,0.45,-0.57,0.68,0.01
76947427.0,2984.0,0.0,-5.8,6.28,-7.77,0
76954443.0,7016.0,1.0,0.45,-0.56,0.69,0.01
76957427.0,2984.0,0.0,-4.85,4.98,-7.38,0
76964443.0,7016.0,1.0,0.44,-0.55,0.71,0.01
76967427.0,2984.0,0.0,-3.41,5.42,-7.7,0
76974443.0,7016.0,1.0,0.43,-0.54,0.72,0.0
76977427.0,2984.0,0.0,-1.6,13.96,-9.38,0
76989443.0,12016.0,1.0,0.42,-0.53,0.74,0.0
76993427.0,3984.0,0.0,-0.82,18.41,-9.59,0
76996443.0,3016.0,1.0,0.42,-0.52,0.75,0.0
76999427.0,2984.0,0.0,-0.48,17.58,-8.97,0
77004443.0,5016.0,1.0,0.42,-0.5,0.75,0.01
77007427.0,2984.0,0.0,-0.57,17.42,-9.03,0
77014443.0,7016.0,1.0,0.43,-0.49,0.75,0.01
77017427.0,2984.0,0.0,2.12,12.14,-7.3,0
77024443.0,7016.0,1.0,0.45,-0.48,0.75,0.02
77027427.0,2984.0,0.0,4.0,8.32,-6.61,0
77034443.0,7016.0,1.0,0.47,-0.47,0.75,0.02
77037427.0,2984.0,0.0,6.88,4.81,-6.04,0
77046443.0,9016.0,1.0,0.49,-0.46,0.74,0.03
77049427.0,2984.0,0.0,9.52,3.14,-6.51,0
77056443.0,7016.0,1.0,0.51,-0.44,0.73,0.03
77059427.0,2984.0,0.0,10.62,0.15,-5.27,0
77064443.0,5016.0,1.0,0.53,-0.43,0.73,0.03
77067427.0,2984.0,0.0,10.89,-0.95,-4.41,0
77074443.0,7016.0,1.0,0.55,-0.42,0.72,0.03
77077427.0,2984.0,0.0,11.11,-1.86,-4.0,0
77086443.0,9016.0,1.0,0.57,-0.41,0.71,0.02
77089427.0,2984.0,0.0,11.38,-2.18,-3.48,0
77097443.0,8016.0,1.0,0.59,-0.4,0.7,0.01
77100427.0,2984.0,0.0,11.4,-1.83,-2.23,0
77104443.0,4016.0,1.0,0.61,-0.39,0.68,0.01
77107427.0,2984.0,0.0,11.43,-2.47,-2.44,0
77114443.0,7016.0,1.0,0.64,-0.38,0.67,-0.0
77117427.0,2984.0,0.0,11.44,-3.25,-2.61,0
77124443.0,7016.0,1.0,0.66,-0.37,0.65,-0.01
77127427.0,2984.0,0.0,11.36,-5.27,-2.27,0
77134443.0,7016.0,1.0,0.68,-0.37,0.64,-0.02
77137427.0,2984.0,0.0,11.41,-6.02,-2.64,0
77146443.0,9016.0,1.0,0.7,-0.36,0.62,-0.03
77149427.0,2984.0,0.0,11.44,-6.61,-3.45,0
77156443.0,7016.0,1.0,0.72,-0.35,0.6,-0.04
77159427.0,2984.0,0.0,10.71,-7.09,-3.61,0
77164443.0,5016.0,1.0,0.73,-0.35,0.58,-0.05
77167427.0,2984.0,0.0,11.9,-4.98,-4.75,0
77174443.0,7016.0,1.0,0.75,-0.34,0.56,-0.06
77177427.0,2984.0,0.0,11.66,-4.77,-4.61,0
77184443.0,7016.0,1.0,0.77,-0.34,0.54,-0.07
77187427.0,2984.0,0.0,10.61,-4.41,-5.68,0
77194443.0,7016.0,1.0,0.78,-0.33,0.52,-0.09
77197427.0,2984.0,0.0,9.44,-4.45,-4.89,0
77209443.0,12016.0,1.0,0.79,-0.33,0.5,-0.1
77213427.0,3984.0,0.0,6.18,-7.02,-0.27,0
77216443.0,3016.0,1.0,0.81,-0.33,0.48,-0.11
77219427.0,2984.0,0.0,6.28,-6.75,-0.68,0
77224443.0,5016.0,1.0,0.82,-0.33,0.46,-0.12
77227427.0,2984.0,0.0,5.61,-7.13,0.75,0
77234443.0,7016.0,1.0,0.83,-0.33,0.44,-0.13
77237427.0,2984.0,0.0,5.28,-7.31,1.51,0
77244443.0,7016.0,1.0,0.83,-0.33,0.42,-0.14
77247427.0,2984.0,0.0,5.51,-7.48,0.86,0
77254443.0,7016.0,1.0,0.84,-0.33,0.4,-0.15
77257427.0,2984.0,0.0,5.62,-6.73,0.54,0
77264443.0,7016.0,1.0,0.85,-0.33,0.39,-0.16
77267427.0,2984.0,0.0,5.26,-6.53,0.28,0
77274443.0,7016.0,1.0,0.85,-0.33,0.37,-0.17
77277427.0,2984.0,0.0,4.5,-6.55,0.67,0
77289443.0,12016.0,1.0,0.85,-0.33,0.36,-0.18
77293427.0,3984.0,0.0,4.2,-5.32,0.96,0
77296443.0,3016.0,1.0,0.86,-0.33,0.35,-0.18
77299427.0,2984.0,0.0,4.26,-5.08,0.8,0
77304443.0,5016.0,1.0,0.86,-0.33,0.34,-0.19
77307427.0,2984.0,0.0,4.11,-4.89,1.18,0
77314443.0,7016.0,1.0,0.86,-0.33,0.33,-0.2
77317427.0,2984.0,0.0,3.88,-5.3,1.64,0
77324443.0,7016.0,1.0,0.86,-0.33,0.32,-0.21
77327427.0,2984.0,0.0,3.69,-4.93,1.66,0
77334443.0,7016.0,1.0,0.86,-0.34,0.31,-0.21
77337427.0,2984.0,0.0,3.54,-4.78,1.31,0
77344443.0,7016.0,1.0,0.86,-0.34,0.3,-0.22
77347427.0,2984.0,0.0,3.38,-4.86,0.63,0
77354443.0,7016.0,1.0,0.86,-0.34,0.29,-0.23
77357427.0,2984.0,0.0,2.72,-4.06,0.16,0
77364443.0,7016.0,1.0,0.86,-0.34,0.29,-0.23
77367427.0,2984.0,0.0,2.71,-3.69,-0.19,0
77374443.0,7016.0,1.0,0.86,-0.34,0.28,-0.24
77377427.0,2984.0,0.0,2.79,-3.78,-0.45,0
77386443.0,9016.0,1.0,0.86,-0.35,0.28,-0.24
77389427.0,2984.0,0.0,2.77,-3.87,-0.31,0
77397443.0,8016.0,1.0,0.86,-0.35,0.28,-0.25
77400427.0,2984.0,0.0,2.33,-3.56,0.37,0
77404443.0,4016.0,1.0,0.86,-0.35,0.28,-0.25
77407427.0,2984.0,0.0,1.95,-2.71,0.37,0
77414443.0,7016.0,1.0,0.86,-0.35,0.27,-0.26
77417427.0,2984.0,0.0,1.67,-0.99,-0.15,0
77424443.0,7016.0,1.0,0.86,-0.35,0.27,-0.26
77427427.0,2984.0,0.0,1.61,-0.28,-0.61,0
77434443.0,7016.0,1.0,0.86,-0.36,0.27,-0.26
77437427.0,2984.0,0.0,1.68,-1.91,-0.38,0
77444443.0,7016.0,1.0,0.85,-0.36,0.27,-0.27
77447427.0,2984.0,0.0,1.83,-2.32,-0.76,0
77455443.0,8016.0,1.0,0.85,-0.36,0.26,-0.27
77458427.0,2984.0,0.0,2.02,-2.3,-0.86,0
77464443.0,6016.0,1.0,0.85,-0.36,0.26,-0.27
77467427.0,2984.0,0.0,2.04,-1.69,-1.16,0
77474443.0,7016.0,1.0,0.85,-0.37,0.26,-0.27
77477427.0,2984.0,0.0,1.88,-1.15,-1.52,0
77484443.0,7016.0,1.0,0.85,-0.37,0.26,-0.27
77487427.0,2984.0,0.0,1.6,-0.78,-1.43,0
77495443.0,8016.0,1.0,0.85,-0.37,0.25,-0.28
77498427.0,2984.0,0.0,1.39,-0.59,-1.46,0
77504443.0,6016.0,1.0,0.85,-0.38,0.25,-0.28
77507427.0,2984.0,0.0,1.27,-0.89,-1.21,0
77514443.0,7016.0,1.0,0.85,-0.38,0.25,-0.28
77517427.0,2984.0,0.0,1.29,-1.31,-1.01,0
77524443.0,7016.0,1.0,0.85,-0.38,0.24,-0.28
77527427.0,2984.0,0.0,1.23,-1.46,-0.72,0
77534443.0,7016.0,1.0,0.85,-0.38,0.24,-0.28
77537427.0,2984.0,0.0,1.25,-1.51,-0.4,0
77544443.0,7016.0,1.0,0.85,-0.39,0.24,-0.28
77547427.0,2984.0,0.0,0.59,-1.11,-0.38,0
77554443.0,7016.0,1.0,0.84,-0.39,0.24,-0.28
77557427.0,2984.0,0.0,0.39,-0.71,-0.24,0
77564443.0,7016.0,1.0,0.84,-0.39,0.24,-0.28
77567427.0,2984.0,0.0,0.29,-0.62,-0.03,0
77575443.0,8016.0,1.0,0.84,-0.39,0.23,-0.28
77578427.0,2984.0,0.0,0.21,-0.8,0.0,0
77584443.0,6016.0,1.0,0.84,-0.4,0.23,-0.28
77587427.0,2984.0,0.0,-0.01,-0.53,-0.05,0
77594443.0,7016.0,1.0,0.84,-0.4,0.23,-0.28
77597427.0,2984.0,0.0,0.01,-0.11,-0.05,0
77604443.0,7016.0,1.0,0.84,-0.4,0.23,-0.28
77607427.0,2984.0,0.0,-0.07,-0.04,-0.17,0
77615443.0,8016.0,1.0,0.84,-0.41,0.23,-0.28
77618427.0,2984.0,0.0,0.03,-0.23,-0.33,0
77630443.0,12016.0,1.0,0.84,-0.41,0.23,-0.28
77635443.0,5000.0,1.0,0.84,-0.41,0.23,-0.28
77638427.0,2984.0,0.0,0.64,-0.67,-0.56,0
77644443.0,6016.0,1.0,0.84,-0.41,0.23,-0.28
77647427.0,2984.0,0.0,0.98,-0.49,-0.52,0
77654443.0,7016.0,1.0,0.84,-0.42,0.23,-0.28
77657427.0,2984.0,0.0,1.47,0.14,-0.59,0
77664443.0,7016.0,1.0,0.83,-0.42,0.23,-0.28
77667427.0,2984.0,0.0,1.3,-0.18,-0.36,0
77674443.0,7016.0,1.0,0.83,-0.42,0.23,-0.28
77678427.0,3984.0,0.0,1.06,0.07,-0.23,0
77685443.0,7016.0,1.0,0.83,-0.42,0.23,-0.28
77688427.0,2984.0,0.0,0.86,0.37,-0.38,0
77694443.0,6016.0,1.0,0.83,-0.43,0.22,-0.28
77697427.0,2984.0,0.0,0.19,0.32,-0.74,0
77704443.0,7016.0,1.0,0.83,-0.43,0.22,-0.27
77707427.0,2984.0,0.0,-0.21,0.54,-0.77,0
77714443.0,7016.0,1.0,0.83,-0.43,0.22,-0.27
77718427.0,3984.0,0.0,-0.31,0.8,-0.77,0
77724443.0,6016.0,1.0,0.83,-0.44,0.22,-0.27
77727427.0,2984.0,0.0,-0.4,0.71,-0.97,0
77734443.0,7016.0,1.0,0.83,-0.44,0.22,-0.27
77737427.0,2984.0,0.0,0.27,0.84,-1.25,0
77744443.0,7016.0,1.0,0.83,-0.44,0.22,-0.27
77747427.0,2984.0,0.0,0.82,0.83,-1.05,0
77754443.0,7016.0,1.0,0.83,-0.44,0.22,-0.27
77758427.0,3984.0,0.0,1.53,0.93,-0.17,0
77764443.0,6016.0,1.0,0.82,-0.44,0.22,-0.27
77767427.0,2984.0,0.0,2.2,0.83,-0.34,0
77775443.0,8016.0,1.0,0.82,-0.45,0.22,-0.27
77778427.0,2984.0,0.0,2.99,1.47,-0.91,0
77784443.0,6016.0,1.0,0.82,-0.45,0.22,-0.27
77787427.0,2984.0,0.0,2.96,0.75,-0.72,0
77794443.0,7016.0,1.0,0.82,-0.45,0.21,-0.27
77797427.0,2984.0,0.0,2.3,0.12,-1.22,0
77804443.0,7016.0,1.0,0.82,-0.46,0.21,-0.27
77807427.0,2984.0,0.0,0.95,-0.39,-1.19,0
77814443.0,7016.0,1.0,0.82,-0.46,0.21,-0.26
77817427.0,2984.0,0.0,-1.47,-1.71,0.02,0
77824443.0,7016.0,1.0,0.82,-0.47,0.2,-0.26
77827427.0,2984.0,0.0,-2.05,-2.3,-0.49,0
77835443.0,8016.0,1.0,0.82,-0.47,0.2,-0.26
77838427.0,2984.0,0.0,-2.28,-1.02,0.27,0
77844443.0,6016.0,1.0,0.82,-0.48,0.2,-0.25
77847427.0,2984.0,0.0,-0.4,-3.01,1.35,0
77854443.0,7016.0,1.0,0.82,-0.48,0.2,-0.25
77857427.0,2984.0,0.0,0.75,-3.87,1.98,0
77869443.0,12016.0,1.0,0.81,-0.48,0.21,-0.25
77873427.0,3984.0,0.0,1.53,-3.1,0.25,0
77876443.0,3016.0,1.0,0.81,-0.49,0.21,-0.25
77879427.0,2984.0,0.0,1.92,-2.29,-1.66,0
77884443.0,5016.0,1.0,0.8,-0.49,0.22,-0.25
77887427.0,2984.0,0.0,1.98,-1.09,-2.71,0
77894443.0,7016.0,1.0,0.8,-0.5,0.22,-0.25
77897427.0,2984.0,0.0,2.48,-0.95,-2.43,0
77904443.0,7016.0,1.0,0.8,-0.5,0.23,-0.25
77907427.0,2984.0,0.0,4.02,-0.61,-3.29,0
77915443.0,8016.0,1.0,0.79,-0.51,0.24,-0.25
77918427.0,2984.0,0.0,4.16,2.06,-3.44,0
77924443.0,6016.0,1.0,0.79,-0.51,0.24,-0.24
77927427.0,2984.0,0.0,0.1,2.11,-4.07,0
77934443.0,7016.0,1.0,0.78,-0.52,0.24,-0.24
77937427.0,2984.0,0.0,-2.23,2.45,-3.57,0
77944443.0,7016.0,1.0,0.78,-0.52,0.25,-0.24
77947427.0,2984.0,0.0,-4.28,1.57,-2.79,0
77955443.0,8016.0,1.0,0.77,-0.53,0.25,-0.24
77958427.0,2984.0,0.0,-5.5,0.27,-1.64,0
77965443.0,7016.0,1.0,0.77,-0.54,0.25,-0.24
77968427.0,2984.0,0.0,-6.53,-1.57,-0.16,0
77975443.0,7016.0,1.0,0.77,-0.54,0.25,-0.23
77979427.0,3984.0,0.0,-6.29,-2.5,0.02,0
77988443.0,9016.0,1.0,0.76,-0.55,0.26,-0.23
77991427.0,2984.0,0.0,-5.8,-2.89,-0.46,0
77998443.0,7016.0,1.0,0.76,-0.55,0.26,-0.23
78001427.0,2984.0,0.0,-4.3,-3.43,-1.41,0
78005443.0,4016.0,1.0,0.75,-0.56,0.27,-0.23
78008427.0,2984.0,0.0,-3.5,-3.39,-1.95,0
78015443.0,7016.0,1.0,0.75,-0.56,0.27,-0.23
78018427.0,2984.0,0.0,-3.05,-3.15,-3.1,0
78025443.0,7016.0,1.0,0.74,-0.57,0.28,-0.23
78028427.0,2984.0,0.0,-2.36,-3.36,-4.18,0
78035443.0,7016.0,1.0,0.74,-0.57,0.28,-0.23
78038427.0,2984.0,0.0,-0.95,-2.65,-5.75,0
78044443.0,6016.0,1.0,0.73,-0.58,0.28,-0.23
78047427.0,2984.0,0.0,-0.4,-0.52,-5.45,0
78055443.0,8016.0,1.0,0.73,-0.58,0.29,-0.23
78058427.0,2984.0,0.0,-0.95,1.86,-5.07,0
78065443.0,7016.0,1.0,0.72,-0.58,0.29,-0.23
78068427.0,2984.0,0.0,-2.22,1.64,-5.25,0
78075443.0,7016.0,1.0,0.72,-0.59,0.29,-0.23
78078427.0,2984.0,0.0,-3.59,0.89,-3.27,0
78084443.0,6016.0,1.0,0.71,-0.59,0.29,-0.23
78087427.0,2984.0,0.0,-2.72,-0.09,-2.7,0
78095443.0,8016.0,1.0,0.71,-0.6,0.29,-0.23
78098427.0,2984.0,0.0,-1.51,0.48,-1.65,0
78105443.0,7016.0,1.0,0.71,-0.6,0.29,-0.22
78108427.0,2984.0,0.0,-0.08,-0.13,-1.77,0
78114443.0,6016.0,1.0,0.7,-0.61,0.29,-0.22
78117427.0,2984.0,0.0,1.73,1.15,-4.34,0
78129443.0,12016.0,1.0,0.7,-0.61,0.3,-0.22
78132427.0,2984.0,0.0,1.74,1.12,-3.96,0
78136443.0,4016.0,1.0,0.7,-0.62,0.3,-0.22
78139427.0,2984.0,0.0,-0.02,1.27,-3.65,0
78145443.0,6016.0,1.0,0.69,-0.62,0.3,-0.22
78148427.0,2984.0,0.0,-1.96,1.09,-3.37,0
78154443.0,6016.0,1.0,0.69,-0.62,0.3,-0.22
78157427.0,2984.0,0.0,-3.73,-1.07,-1.2,0
78165443.0,8016.0,1.0,0.68,-0.63,0.31,-0.21
78168427.0,2984.0,0.0,-4.69,-0.84,-0.76,0
78175443.0,7016.0,1.0,0.68,-0.63,0.31,-0.21
78178427.0,2984.0,0.0,-4.46,-4.41,0.4,0
78185443.0,7016.0,1.0,0.68,-0.63,0.31,-0.21
78188427.0,2984.0,0.0,-4.0,-4.12,0.91,0
78195443.0,7016.0,1.0,0.67,-0.64,0.32,-0.21
78198427.0,2984.0,0.0,-2.32,-4.44,-1.64,0
78205443.0,7016.0,1.0,0.67,-0.64,0.33,-0.2
78208427.0,2984.0,0.0,-1.65,-3.8,-3.02,0
78215443.0,7016.0,1.0,0.66,-0.64,0.33,-0.2
78218427.0,2984.0,0.0,-1.12,-1.7,-3.43,0
78225443.0,7016.0,1.0,0.66,-0.64,0.34,-0.2
78228427.0,2984.0,0.0,0.05,-0.01,-3.15,0
78235443.0,7016.0,1.0,0.65,-0.64,0.34,-0.2
78238427.0,2984.0,0.0,1.0,-0.11,-1.11,0
78245443.0,7016.0,1.0,0.65,-0.65,0.34,-0.2
78248427.0,2984.0,0.0,1.19,0.65,-1.71,0
78255443.0,7016.0,1.0,0.65,-0.65,0.35,-0.2
78258427.0,2984.0,0.0,0.72,1.27,-2.1,0
78265443.0,7016.0,1.0,0.64,-0.65,0.35,-0.2
78268427.0,2984.0,0.0,0.67,3.06,-3.57,0
78275443.0,7016.0,1.0,0.64,-0.66,0.35,-0.19
78278427.0,2984.0,0.0,0.55,3.68,-3.74,0
78288443.0,10016.0,1.0,0.64,-0.66,0.34,-0.19
78291427.0,2984.0,0.0,1.31,3.95,-3.5,0
78298443.0,7016.0,1.0,0.64,-0.67,0.34,-0.19
78301427.0,2984.0,0.0,1.64,3.0,-1.61,0
78305443.0,4016.0,1.0,0.63,-0.67,0.34,-0.18
78308427.0,2984.0,0.0,-0.01,1.34,-0.53,0
78315443.0,7016.0,1.0,0.63,-0.67,0.34,-0.18
78318427.0,2984.0,0.0,-1.21,1.07,-0.82,0
78325443.0,7016.0,1.0,0.63,-0.68,0.34,-0.18
78328427.0,2984.0,0.0,-2.0,0.56,-1.43,0
78335443.0,7016.0,1.0,0.63,-0.68,0.34,-0.17
78338427.0,2984.0,0.0,-2.09,-0.34,-1.5,0
78344443.0,6016.0,1.0,0.62,-0.68,0.34,-0.17
78347427.0,2984.0,0.0,0.27,0.45,-0.54,0
78355443.0,8016.0,1.0,0.62,-0.68,0.35,-0.17
78358427.0,2984.0,0.0,1.75,0.05,0.78,0
78365443.0,7016.0,1.0,0.62,-0.69,0.35,-0.17
78368427.0,2984.0,0.0,2.14,0.16,2.4,0
78375443.0,7016.0,1.0,0.61,-0.69,0.35,-0.17
78378427.0,2984.0,0.0,0.88,0.7,2.3,0
78385443.0,7016.0,1.0,0.61,-0.69,0.36,-0.16
78388427.0,2984.0,0.0,-1.91,-0.92,0.14,0
78395443.0,7016.0,1.0,0.61,-0.69,0.36,-0.16
78398427.0,2984.0,0.0,-2.89,-0.62,-0.48,0
78405443.0,7016.0,1.0,0.6,-0.69,0.37,-0.16
78408427.0,2984.0,0.0,-3.22,-1.06,-0.84,0
78415443.0,7016.0,1.0,0.6,-0.69,0.37,-0.16
78418427.0,2984.0,0.0,-3.23,-2.27,-1.32,0
78425443.0,7016.0,1.0,0.6,-0.69,0.37,-0.15
78428427.0,2984.0,0.0,-0.85,-2.52,-0.96,0
78435443.0,7016.0,1.0,0.59,-0.69,0.38,-0.15
78439427.0,3984.0,0.0,0.49,-1.0,-0.63,0
78445443.0,6016.0,1.0,0.59,-0.7,0.38,-0.15
78448427.0,2984.0,0.0,1.11,0.56,-0.01,0
78455443.0,7016.0,1.0,0.59,-0.7,0.38,-0.14
78458427.0,2984.0,0.0,1.21,0.78,0.62,0
78470443.0,12016.0,1.0,0.58,-0.7,0.39,-0.14
78474427.0,3984.0,0.0,0.77,0.1,-0.23,0
78477443.0,3016.0,1.0,0.58,-0.7,0.39,-0.14
78480427.0,2984.0,0.0,-0.11,-0.24,-0.27,0
78485443.0,5016.0,1.0,0.58,-0.7,0.39,-0.13
78488427.0,2984.0,0.0,-0.14,-0.28,-0.18,0
78495443.0,7016.0,1.0,0.58,-0.71,0.39,-0.13
78498427.0,2984.0,0.0,-0.59,0.58,-1.07,0
78505443.0,7016.0,1.0,0.58,-0.71,0.39,-0.13
78508427.0,2984.0,0.0,-0.55,1.7,-1.27,0
78515443.0,7016.0,1.0,0.57,-0.71,0.39,-0.12
78518427.0,2984.0,0.0,-0.5,3.21,-1.58,0
78525443.0,7016.0,1.0,0.57,-0.71,0.39,-0.12
78528427.0,2984.0,0.0,0.09,3.7,-1.52,0
78534443.0,6016.0,1.0,0.57,-0.72,0.39,-0.12
78537427.0,2984.0,0.0,1.82,3.14,-0.16,0
78545443.0,8016.0,1.0,0.57,-0.72,0.39,-0.11
78548427.0,2984.0,0.0,2.33,2.19,0.32,0
78555443.0,7016.0,1.0,0.57,-0.72,0.39,-0.11
78558427.0,2984.0,0.0,2.18,1.29,1.57,0
78565443.0,7016.0,1.0,0.56,-0.72,0.39,-0.11
78568427.0,2984.0,0.0,1.8,0.14,2.36,0
78575443.0,7016.0,1.0,0.56,-0.72,0.39,-0.1
78578427.0,2984.0,0.0,1.12,0.04,3.37,0
78585443.0,7016.0,1.0,0.56,-0.73,0.39,-0.1
78588427.0,2984.0,0.0,0.7,-0.23,1.95,0
78595443.0,7016.0,1.0,0.56,-0.73,0.39,-0.1
78598427.0,2984.0,0.0,0.04,0.37,1.07,0
78605443.0,7016.0,1.0,0.55,-0.73,0.39,-0.09
78608427.0,2984.0,0.0,-0.58,1.02,0.18,0
78615443.0,7016.0,1.0,0.55,-0.73,0.4,-0.09
78618427.0,2984.0,0.0,-2.01,2.65,-1.2,0
78625443.0,7016.0,1.0,0.55,-0.73,0.4,-0.09
78628427.0,2984.0,0.0,-1.95,2.71,-1.21,0
78635443.0,7016.0,1.0,0.54,-0.73,0.4,-0.08
78638427.0,2984.0,0.0,-1.39,2.14,-0.76,0
78645443.0,7016.0,1.0,0.54,-0.73,0.41,-0.08
78648427.0,2984.0,0.0,-0.53,-0.62,1.29,0
78655443.0,7016.0,1.0,0.54,-0.73,0.41,-0.08
78658427.0,2984.0,0.0,-1.0,-0.75,1.58,0
78668443.0,10016.0,1.0,0.54,-0.73,0.41,-0.07
78671427.0,2984.0,0.0,-1.71,-1.67,1.14,0
78678443.0,7016.0,1.0,0.54,-0.73,0.42,-0.07
78681427.0,2984.0,0.0,-2.39,-2.07,0.27,0
78685443.0,4016.0,1.0,0.53,-0.73,0.42,-0.06
78688427.0,2984.0,0.0,-3.84,-2.35,-0.06,0
78695443.0,7016.0,1.0,0.53,-0.73,0.43,-0.06
78698427.0,2984.0,0.0,-3.98,-2.02,-0.29,0
78705443.0,7016.0,1.0,0.53,-0.73,0.43,-0.05
78708427.0,2984.0,0.0,-4.09,-1.7,0.37,0
78715443.0,7016.0,1.0,0.53,-0.73,0.43,-0.05
78718427.0,2984.0,0.0,-4.0,-1.0,0.82,0
78724443.0,6016.0,1.0,0.53,-0.73,0.44,-0.04
78727427.0,2984.0,0.0,-4.75,-0.32,0.54,0
78735443.0,8016.0,1.0,0.53,-0.72,0.44,-0.03
78738427.0,2984.0,0.0,-5.67,-0.45,0.41,0
78745443.0,7016.0,1.0,0.53,-0.72,0.44,-0.02
78748427.0,2984.0,0.0,-6.44,-0.56,0.14,0
78755443.0,7016.0,1.0,0.53,-0.72,0.45,-0.01
78758427.0,2984.0,0.0,-7.21,-1.26,0.78,0
78765443.0,7016.0,1.0,0.53,-0.72,0.45,-0.0
78768427.0,2984.0,0.0,-7.56,-3.22,1.8,0
78775443.0,7016.0,1.0,0.53,-0.72,0.45,0.0
78778427.0,2984.0,0.0,-7.58,-3.75,2.09,0
78785443.0,7016.0,1.0,0.53,-0.71,0.46,0.01
78788427.0,2984.0,0.0,-7.47,-4.43,2.58,0
78795443.0,7016.0,1.0,0.53,-0.71,0.47,0.02
78798427.0,2984.0,0.0,-7.65,-4.63,3.05,0
78805443.0,7016.0,1.0,0.53,-0.7,0.48,0.03
78808427.0,2984.0,0.0,-7.98,-3.53,2.65,0
78815443.0,7016.0,1.0,0.53,-0.7,0.49,0.03
78818427.0,2984.0,0.0,-7.96,-3.12,2.11,0
78827443.0,9016.0,1.0,0.53,-0.69,0.5,0.04
78830427.0,2984.0,0.0,-8.15,-2.5,1.58,0
78837443.0,7016.0,1.0,0.52,-0.68,0.51,0.04
78840427.0,2984.0,0.0,-8.04,-1.5,0.99,0
78844443.0,4016.0,1.0,0.52,-0.68,0.52,0.05
78847427.0,2984.0,0.0,-7.29,0.35,-0.25,0
78855443.0,8016.0,1.0,0.51,-0.67,0.54,0.05
78858427.0,2984.0,0.0,-7.08,1.94,-0.71,0
78865443.0,7016.0,1.0,0.51,-0.66,0.55,0.06
78868427.0,2984.0,0.0,-6.89,3.07,-0.6,0
78875443.0,7016.0,1.0,0.51,-0.65,0.56,0.06
78878427.0,2984.0,0.0,-6.29,3.12,-1.33,0
78885443.0,7016.0,1.0,0.5,-0.64,0.58,0.07
78888427.0,2984.0,0.0,-5.87,3.54,-1.95,0
78895443.0,7016.0,1.0,0.5,-0.63,0.59,0.07
78898427.0,2984.0,0.0,-5.45,4.32,-2.97,0
78907443.0,9016.0,1.0,0.49,-0.62,0.6,0.07
78910427.0,2984.0,0.0,-5.29,3.46,-2.84,0
78917443.0,7016.0,1.0,0.48,-0.61,0.62,0.07
78920427.0,2984.0,0.0,-4.63,3.72,-3.4,0
78925443.0,5016.0,1.0,0.47,-0.6,0.64,0.07
78928427.0,2984.0,0.0,-3.67,5.5,-4.19,0
78935443.0,7016.0,1.0,0.46,-0.6,0.65,0.07
78938427.0,2984.0,0.0,-2.57,6.19,-5.7,0
78945443.0,7016.0,1.0,0.46,-0.59,0.67,0.07
78948427.0,2984.0,0.0,-2.36,7.81,-5.88,0
78955443.0,7016.0,1.0,0.45,-0.58,0.68,0.07
78958427.0,2984.0,0.0,-2.31,11.45,-5.45,0
78965443.0,7016.0,1.0,0.45,-0.57,0.69,0.07
78968427.0,2984.0,0.0,-2.29,11.54,-5.25,0
78975443.0,7016.0,1.0,0.45,-0.56,0.7,0.07
78978427.0,2984.0,0.0,-1.68,11.11,-5.5,0
78987443.0,9016.0,1.0,0.45,-0.55,0.7,0.08
78990427.0,2984.0,0.0,-0.84,10.38,-5.84,0
78998443.0,8016.0,1.0,0.46,-0.54,0.7,0.08
79001427.0,2984.0,0.0,0.64,8.73,-5.49,0
79005443.0,4016.0,1.0,0.47,-0.53,0.7,0.09
79008427.0,2984.0,0.0,1.07,7.45,-5.18,0
79015443.0,7016.0,1.0,0.49,-0.52,0.7,0.09
79018427.0,2984.0,0.0,1.46,6.13,-4.7,0
79025443.0,7016.0,1.0,0.5,-0.51,0.69,0.09
79028427.0,2984.0,0.0,2.63,4.12,-3.55,0
79035443.0,7016.0,1.0,0.52,-0.5,0.69,0.1
79038427.0,2984.0,0.0,3.48,3.17,-3.38,0
79045443.0,7016.0,1.0,0.54,-0.49,0.68,0.1
79048427.0,2984.0,0.0,4.35,2.47,-3.16,0
79055443.0,7016.0,1.0,0.56,-0.48,0.67,0.1
79058427.0,2984.0,0.0,5.25,1.82,-3.12,0
79070443.0,12016.0,1.0,0.57,-0.47,0.67,0.09
79075427.0,4984.0,0.0,7.22,0.2,-2.57,0
79078443.0,3016.0,1.0,0.59,-0.46,0.66,0.09
79081427.0,2984.0,0.0,7.34,0.09,-2.99,0
79085443.0,4016.0,1.0,0.61,-0.44,0.65,0.09
79088427.0,2984.0,0.0,7.98,-0.61,-3.3,0
79095443.0,7016.0,1.0,0.63,-0.43,0.63,0.08
79098427.0,2984.0,0.0,8.54,-1.2,-3.57,0
79105443.0,7016.0,1.0,0.65,-0.42,0.62,0.07
79108427.0,2984.0,0.0,9.4,-1.95,-3.56,0
79115443.0,7016.0,1.0,0.67,-0.42,0.61,0.07
79118427.0,2984.0,0.0,9.67,-2.51,-3.85,0
79127443.0,9016.0,1.0,0.69,-0.41,0.6,0.06
79130427.0,2984.0,0.0,9.98,-3.2,-4.28,0
79137443.0,7016.0,1.0,0.71,-0.4,0.58,0.05
79140427.0,2984.0,0.0,10.05,-3.78,-4.46,0
79145443.0,5016.0,1.0,0.72,-0.39,0.57,0.03
79148427.0,2984.0,0.0,9.44,-4.03,-4.48,0
79155443.0,7016.0,1.0,0.74,-0.38,0.55,0.02
79158427.0,2984.0,0.0,9.21,-3.89,-4.48,0
79165443.0,7016.0,1.0,0.75,-0.38,0.54,0.01
79168427.0,2984.0,0.0,9.05,-3.82,-4.35,0
79175443.0,7016.0,1.0,0.77,-0.37,0.53,-0.01
79178427.0,2984.0,0.0,8.86,-3.96,-4.37,0
79190443.0,12016.0,1.0,0.78,-0.36,0.51,-0.02
79194427.0,3984.0,0.0,7.92,-4.39,-3.4,0
79197443.0,3016.0,1.0,0.79,-0.36,0.5,-0.03
79200427.0,2984.0,0.0,8.04,-4.17,-3.79,0
79205443.0,5016.0,1.0,0.8,-0.35,0.48,-0.05
79208427.0,2984.0,0.0,7.95,-4.2,-3.8,0
79215443.0,7016.0,1.0,0.81,-0.35,0.46,-0.06
79218427.0,2984.0,0.0,7.86,-4.25,-2.38,0
79225443.0,7016.0,1.0,0.82,-0.35,0.44,-0.07
79228427.0,2984.0,0.0,7.77,-4.49,-1.66,0
79235443.0,7016.0,1.0,0.83,-0.34,0.42,-0.08
79238427.0,2984.0,0.0,7.59,-5.18,-0.65,0
79247443.0,9016.0,1.0,0.84,-0.34,0.4,-0.1
79250427.0,2984.0,0.0,7.55,-6.24,-0.07,0
79257443.0,7016.0,1.0,0.85,-0.34,0.38,-0.11
79260427.0,2984.0,0.0,7.31,-7.91,1.42,0
79265443.0,5016.0,1.0,0.86,-0.34,0.36,-0.12
79268427.0,2984.0,0.0,7.17,-7.78,1.78,0
79275443.0,7016.0,1.0,0.87,-0.34,0.34,-0.13
79278427.0,2984.0,0.0,6.91,-7.95,1.93,0
79285443.0,7016.0,1.0,0.87,-0.34,0.33,-0.14
79288427.0,2984.0,0.0,6.37,-8.13,1.86,0
79295443.0,7016.0,1.0,0.88,-0.34,0.31,-0.15
79298427.0,2984.0,0.0,4.75,-8.63,1.97,0
79305443.0,7016.0,1.0,0.88,-0.34,0.3,-0.15
79308427.0,2984.0,0.0,4.16,-7.94,1.67,0
79315443.0,7016.0,1.0,0.88,-0.34,0.29,-0.16
79318427.0,2984.0,0.0,3.66,-6.98,1.32,0
79327443.0,9016.0,1.0,0.88,-0.34,0.28,-0.17
79330427.0,2984.0,0.0,3.22,-6.02,1.05,0
79338443.0,8016.0,1.0,0.88,-0.34,0.27,-0.18
79341427.0,2984.0,0.0,2.76,-5.24,0.34,0
79345443.0,4016.0,1.0,0.88,-0.34,0.27,-0.19
79348427.0,2984.0,0.0,2.17,-4.2,0.47,0
79355443.0,7016.0,1.0,0.88,-0.34,0.26,-0.2
79358427.0,2984.0,0.0,2.02,-3.21,-0.17,0
79365443.0,7016.0,1.0,0.88,-0.34,0.26,-0.2
79368427.0,2984.0,0.0,1.88,-2.11,-0.43,0
79375443.0,7016.0,1.0,0.88,-0.34,0.25,-0.21
79378427.0,2984.0,0.0,1.95,-1.68,-0.88,0
79385443.0,7016.0,1.0,0.88,-0.34,0.25,-0.21
79388427.0,2984.0,0.0,2.02,-1.92,-0.71,0
79396443.0,8016.0,1.0,0.88,-0.35,0.24,-0.22
79399427.0,2984.0,0.0,1.89,-1.95,-0.92,0
79405443.0,6016.0,1.0,0.88,-0.35,0.24,-0.22
79408427.0,2984.0,0.0,1.42,-0.8,-1.08,0
79415443.0,7016.0,1.0,0.88,-0.35,0.24,-0.23
79418427.0,2984.0,0.0,1.26,-0.11,-1.09,0
79425443.0,7016.0,1.0,0.88,-0.35,0.23,-0.23
79428427.0,2984.0,0.0,1.02,0.45,-0.89,0
79436443.0,8016.0,1.0,0.87,-0.35,0.23,-0.24
79439427.0,2984.0,0.0,0.92,0.51,-0.9,0
79445443.0,6016.0,1.0,0.87,-0.36,0.23,-0.24
79448427.0,2984.0,0.0,0.91,0.0,-0.51,0
79455443.0,7016.0,1.0,0.87,-0.36,0.22,-0.24
79458427.0,2984.0,0.0,0.85,-0.01,-0.34,0
79468443.0,10016.0,1.0,0.87,-0.36,0.22,-0.25
79471427.0,2984.0,0.0,0.83,0.09,-0.14,0
79478443.0,7016.0,1.0,0.87,-0.36,0.22,-0.25
79481427.0,2984.0,0.0,0.85,0.18,-0.14,0
79485443.0,4016.0,1.0,0.87,-0.36,0.21,-0.25
79488427.0,2984.0,0.0,1.29,0.71,-0.22,0
79495443.0,7016.0,1.0,0.87,-0.37,0.21,-0.26
79498427.0,2984.0,0.0,1.38,0.73,-0.21,0
79505443.0,7016.0,1.0,0.87,-0.37,0.21,-0.26
79508427.0,2984.0,0.0,1.43,0.36,-0.1,0
79516443.0,8016.0,1.0,0.87,-0.37,0.2,-0.26
79519427.0,2984.0,0.0,1.41,0.24,-0.08,0
79526443.0,7016.0,1.0,0.87,-0.37,0.2,-0.26
79529427.0,2984.0,0.0,1.23,0.2,-0.27,0
79535443.0,6016.0,1.0,0.87,-0.37,0.2,-0.26
79538427.0,2984.0,0.0,1.2,0.07,-0.42,0
79545443.0,7016.0,1.0,0.87,-0.38,0.19,-0.26
79548427.0,2984.0,0.0,1.26,-0.36,-0.48,0
79556443.0,8016.0,1.0,0.87,-0.38,0.19,-0.26
79559427.0,2984.0,0.0,1.32,-0.92,-0.35,0
79565443.0,6016.0,1.0,0.87,-0.38,0.19,-0.26
79568427.0,2984.0,0.0,1.37,-1.85,-0.26,0
79575443.0,7016.0,1.0,0.87,-0.38,0.19,-0.26
79578427.0,2984.0,0.0,1.46,-2.16,-0.31,0
79585443.0,7016.0,1.0,0.87,-0.39,0.19,-0.26
79588427.0,2984.0,0.0,1.6,-2.22,-0.32,0
79595443.0,7016.0,1.0,0.86,-0.39,0.19,-0.26
79598427.0,2984.0,0.0,1.43,-1.57,-0.63,0
79605443.0,7016.0,1.0,0.86,-0.39,0.19,-0.26
79608427.0,2984.0,0.0,1.49,-1.41,-0.83,0
79615443.0,7016.0,1.0,0.86,-0.39,0.19,-0.26
79618427.0,2984.0,0.0,1.78,-1.45,-0.79,0
79626443.0,8016.0,1.0,0.86,-0.39,0.19,-0.26
79629427.0,2984.0,0.0,2.11,-1.33,-0.71,0
79635443.0,6016.0,1.0,0.86,-0.4,0.19,-0.26
79638427.0,2984.0,0.0,2.25,-1.67,-0.63,0
79645443.0,7016.0,1.0,0.86,-0.4,0.19,-0.26
79648427.0,2984.0,0.0,2.1,-1.52,-0.5,0
79655443.0,7016.0,1.0,0.86,-0.4,0.2,-0.26
79659427.0,3984.0,0.0,1.89,-1.23,-0.41,0
79665443.0,6016.0,1.0,0.85,-0.4,0.2,-0.26
79668427.0,2984.0,0.0,1.59,-0.9,-0.42,0
79675443.0,7016.0,1.0,0.85,-0.41,0.2,-0.26
79678427.0,2984.0,0.0,1.0,-0.23,-0.56,0
79685443.0,7016.0,1.0,0.85,-0.41,0.2,-0.26
79688427.0,2984.0,0.0,0.74,-0.05,-0.5,0
79695443.0,7016.0,1.0,0.85,-0.41,0.2,-0.26
79699427.0,3984.0,0.0,0.62,-0.14,-0.44,0
79706443.0,7016.0,1.0,0.85,-0.41,0.21,-0.26
79709427.0,2984.0,0.0,0.62,-0.18,-0.45,0
79716443.0,7016.0,1.0,0.85,-0.42,0.21,-0.26
79719427.0,2984.0,0.0,0.38,0.46,-0.92,0
79725443.0,6016.0,1.0,0.84,-0.42,0.21,-0.26
79728427.0,2984.0,0.0,0.28,0.2,-0.48,0
79735443.0,7016.0,1.0,0.84,-0.42,0.21,-0.26
79739427.0,3984.0,0.0,0.3,1.39,-0.81,0
79745443.0,6016.0,1.0,0.84,-0.43,0.21,-0.26
79748427.0,2984.0,0.0,-0.05,1.79,-1.29,0
