time_us,time_dif_us,data_type,value_1,value_2,value_3,value_4
0.685546875,0.2801513672,0.6440429688,0
14000386.0,2968.0,0.0,-0.0234375,-0.171875,-0.10546875,0
14007418.0,7032.0,1.0,0.1918945313,-0.6854858398,0.2801513672,0.6441040039
14010386.0,2968.0,0.0,-0.0234375,-0.09375,0.015625,0
14017418.0,7032.0,1.0,0.1918945313,-0.6854248047,0.280090332,0.6441650391
14020386.0,2968.0,0.0,-0.0234375,-0.125,0.0546875,0
14027418.0,7032.0,1.0,0.1918945313,-0.6853637695,0.280090332,0.6442260742
14030386.0,2968.0,0.0,0.01171875,-0.125,0.1015625,0
14037418.0,7032.0,1.0,0.1918945313,-0.6853027344,0.2801513672,0.6442871094
14040386.0,2968.0,0.0,-0.015625,-0.15625,0.0234375,0
14047418.0,7032.0,1.0,0.1919555664,-0.6852416992,0.2801513672,0.6443481445
14050386.0,2968.0,0.0,-0.015625,-0.1875,0.015625,0
14057418.0,7032.0,1.0,0.1920166016,-0.6851196289,0.2801513672,0.6444091797
14060386.0,2968.0,0.0,0.01953125,-0.109375,0.0546875,0
14067418.0,7032.0,1.0,0.1920776367,-0.6850585938,0.2802124023,0.6444702148
14070386.0,2968.0,0.0,0.01953125,0.01171875,0.09375,0
14077418.0,7032.0,1.0,0.1920776367,-0.6849365234,0.2802734375,0.64453125
14080386.0,2968.0,0.0,-0.015625,0.00390625,0.09375,0
14087418.0,7032.0,1.0,0.1921386719,-0.6848754883,0.2802734375,0.6445922852
14090386.0,2968.0,0.0,0.01953125,0.01171875,0.125,0
14097418.0,7032.0,1.0,0.192199707,-0.6848144531,0.2803344727,0.6445922852
14100386.0,2968.0,0.0,0.01953125,0.05078125,0.1640625,0
14107418.0,7032.0,1.0,0.192199707,-0.684753418,0.2803344727,0.6446533203
14110386.0,2968.0,0.0,0.01953125,0.203125,0.15625,0
14117418.0,7032.0,1.0,0.1922607422,-0.6846923828,0.2803955078,0.6447143555
14120386.0,2968.0,0.0,0.01953125,0.28125,0.23046875,0
14127418.0,7032.0,1.0,0.1923217773,-0.6846313477,0.280456543,0.6447143555
14130386.0,2968.0,0.0,0.01953125,0.2421875,0.33984375,0
14137418.0,7032.0,1.0,0.1924438477,-0.6845703125,0.280456543,0.6447143555
14140386.0,2968.0,0.0,0.01953125,0.2734375,0.40625,0
14146418.0,6032.0,1.0,0.1925048828,-0.6845703125,0.2805175781,0.6447143555
14149386.0,2968.0,0.0,0.01953125,0.265625,0.3984375,0
14157418.0,8032.0,1.0,0.192565918,-0.6845092773,0.2805786133,0.6446533203
14160386.0,2968.0,0.0,0.01953125,0.1875,0.27734375,0
14167418.0,7032.0,1.0,0.1926879883,-0.6845092773,0.2807006836,0.6446533203
14170386.0,2968.0,0.0,0.01953125,0.03515625,0.15234375,0
14177418.0,7032.0,1.0,0.1928100586,-0.6845092773,0.2808227539,0.64453125
14180386.0,2968.0,0.0,0.01953125,0.14453125,0.109375,0
14187418.0,7032.0,1.0,0.1929931641,-0.6844482422,0.2809448242,0.6444702148
14190386.0,2968.0,0.0,0.01953125,0.25,0.109375,0
14197418.0,7032.0,1.0,0.1930541992,-0.6845092773,0.2810058594,0.6443481445
14201386.0,3968.0,0.0,0.01171875,0.2890625,0.1015625,0
14207418.0,6032.0,1.0,0.1930541992,-0.6845703125,0.2810058594,0.6443481445
14210386.0,2968.0,0.0,0.01171875,0.1640625,0.16796875,0
14217418.0,7032.0,1.0,0.1930541992,-0.6846313477,0.2809448242,0.6442871094
14220386.0,2968.0,0.0,0.01171875,0.00390625,0.24609375,0
14227418.0,7032.0,1.0,0.1929931641,-0.6846923828,0.2809448242,0.6442260742
14230386.0,2968.0,0.0,-0.0234375,0.12109375,0.23828125,0
14237418.0,7032.0,1.0,0.1930541992,-0.684753418,0.2810058594,0.6441650391
14241386.0,3968.0,0.0,-0.0234375,-0.03515625,0.15234375,0
14247418.0,6032.0,1.0,0.1930541992,-0.6848144531,0.2810058594,0.6440429688
14250386.0,2968.0,0.0,-0.03125,-0.078125,0.03125,0
14257418.0,7032.0,1.0,0.1931152344,-0.6848754883,0.2810058594,0.6439819336
14260386.0,2968.0,0.0,0.00390625,-0.04296875,-0.0390625,0
14267418.0,7032.0,1.0,0.1931152344,-0.6849365234,0.2810058594,0.6439208984
14270386.0,2968.0,0.0,0.01953125,-0.05078125,-0.0859375,0
14277418.0,7032.0,1.0,0.1930541992,-0.6849975586,0.2810058594,0.6438598633
14281386.0,3968.0,0.0,0.01171875,-0.05078125,-0.0859375,0
14287418.0,6032.0,1.0,0.1930541992,-0.6850585938,0.2809448242,0.6437988281
14290386.0,2968.0,0.0,-0.0234375,-0.04296875,-0.0078125,0
14297418.0,7032.0,1.0,0.1929931641,-0.6851196289,0.2809448242,0.6437988281
14300386.0,2968.0,0.0,0.01171875,0.07421875,0.0625,0
14307418.0,7032.0,1.0,0.1929931641,-0.6851806641,0.2808837891,0.643737793
14310386.0,2968.0,0.0,0.01171875,0.02734375,0.0703125,0
14317418.0,7032.0,1.0,0.1929931641,-0.6852416992,0.2808227539,0.6436767578
14321386.0,3968.0,0.0,-0.0234375,0.02734375,0.03125,0
14327418.0,6032.0,1.0,0.1929931641,-0.6853027344,0.2808837891,0.6436157227
14330386.0,2968.0,0.0,0.01171875,0.06640625,0.03125,0
14337418.0,7032.0,1.0,0.1930541992,-0.6853637695,0.2808837891,0.6434936523
14340386.0,2968.0,0.0,-0.0234375,0.07421875,-0.046875,0
14347418.0,7032.0,1.0,0.1931152344,-0.6854248047,0.2809448242,0.6434326172
14350386.0,2968.0,0.0,0.01171875,0.06640625,-0.0546875,0
14357418.0,7032.0,1.0,0.1931762695,-0.6854858398,0.2809448242,0.6433105469
14361386.0,3968.0,0.0,0.01171875,-0.05078125,-0.046875,0
14367418.0,6032.0,1.0,0.1931762695,-0.685546875,0.2809448242,0.6432495117
14370386.0,2968.0,0.0,0.01171875,-0.01171875,-0.0390625,0
14377418.0,7032.0,1.0,0.1931762695,-0.6856689453,0.2809448242,0.6431274414
14380386.0,2968.0,0.0,-0.0234375,-0.078125,-0.078125,0
14387418.0,7032.0,1.0,0.1931762695,-0.6857299805,0.2809448242,0.6430664063
14390386.0,2968.0,0.0,-0.0234375,-0.234375,-0.078125,0
14397418.0,7032.0,1.0,0.1931762695,-0.6857910156,0.2809448242,0.6430053711
14400386.0,2968.0,0.0,0.01171875,-0.30078125,-0.14453125,0
14407418.0,7032.0,1.0,0.1931762695,-0.6858520508,0.2808837891,0.6429443359
14410386.0,2968.0,0.0,0.01171875,-0.26953125,-0.17578125,0
14417418.0,7032.0,1.0,0.1931152344,-0.6859130859,0.2808837891,0.6428833008
14420386.0,2968.0,0.0,0.01171875,-0.25390625,-0.13671875,0
14427418.0,7032.0,1.0,0.1931152344,-0.6859741211,0.2808837891,0.6428222656
14430386.0,2968.0,0.0,0.00390625,-0.25390625,-0.20703125,0
14437418.0,7032.0,1.0,0.1930541992,-0.6860351563,0.2808837891,0.6428222656
14440386.0,2968.0,0.0,-0.03125,-0.24609375,-0.20703125,0
14447418.0,7032.0,1.0,0.1930541992,-0.6860351563,0.2808837891,0.6427612305
14450386.0,2968.0,0.0,0.00390625,-0.125,-0.0390625,0
14457418.0,7032.0,1.0,0.1930541992,-0.6860961914,0.2809448242,0.6427612305
14460386.0,2968.0,0.0,0.01171875,-0.1171875,-0.07421875,0
14467418.0,7032.0,1.0,0.1929931641,-0.6860961914,0.2809448242,0.6427001953
14470386.0,2968.0,0.0,0.01171875,-0.1484375,-0.07421875,0
14477418.0,7032.0,1.0,0.1929931641,-0.6861572266,0.2809448242,0.6426391602
14480386.0,2968.0,0.0,0.01171875,-0.1953125,-0.10546875,0
14487418.0,7032.0,1.0,0.1929321289,-0.6861572266,0.2810058594,0.6426391602
14490386.0,2968.0,0.0,0.00390625,-0.1484375,-0.21484375,0
14497418.0,7032.0,1.0,0.1929321289,-0.6862182617,0.2810058594,0.642578125
14500386.0,2968.0,0.0,-0.03125,-0.0625,-0.20703125,0
14507418.0,7032.0,1.0,0.1928710938,-0.6862182617,0.2810058594,0.642578125
14510386.0,2968.0,0.0,0.00390625,0.01953125,-0.20703125,0
14517418.0,7032.0,1.0,0.1928100586,-0.6862792969,0.2810058594,0.642578125
14520386.0,2968.0,0.0,0.00390625,0.05078125,-0.15234375,0
14527418.0,7032.0,1.0,0.1927490234,-0.6862792969,0.2810668945,0.642578125
14530386.0,2968.0,0.0,0.00390625,0.01953125,-0.11328125,0
14537418.0,7032.0,1.0,0.1927490234,-0.6862792969,0.2810668945,0.642578125
14540386.0,2968.0,0.0,-0.0234375,0.01953125,-0.14453125,0
14547418.0,7032.0,1.0,0.1927490234,-0.6862792969,0.2811279297,0.6425170898
14550386.0,2968.0,0.0,0.00390625,0.06640625,-0.10546875,0
14557418.0,7032.0,1.0,0.1926879883,-0.6862792969,0.2811279297,0.6425170898
14560386.0,2968.0,0.0,0.00390625,0.06640625,-0.01953125,0
14567418.0,7032.0,1.0,0.1926879883,-0.6862792969,0.2811279297,0.6425170898
14570386.0,2968.0,0.0,-0.03125,0.10546875,0.09375,0
14577418.0,7032.0,1.0,0.1927490234,-0.6862792969,0.2811889648,0.6425170898
14580386.0,2968.0,0.0,-0.03125,0.17578125,0.1015625,0
14587418.0,7032.0,1.0,0.1927490234,-0.6862182617,0.2811889648,0.6425170898
14590386.0,2968.0,0.0,-0.03125,0.05859375,0.0625,0
14597418.0,7032.0,1.0,0.1928100586,-0.6862182617,0.28125,0.6425170898
14600386.0,2968.0,0.0,-0.03125,-0.015625,-0.08984375,0
14607418.0,7032.0,1.0,0.1928100586,-0.6862182617,0.28125,0.6425170898
14610386.0,2968.0,0.0,0.00390625,0.05859375,-0.16015625,0
14617418.0,7032.0,1.0,0.1928710938,-0.6862182617,0.2813110352,0.6425170898
14621386.0,3968.0,0.0,0.00390625,0.17578125,-0.08203125,0
14627418.0,6032.0,1.0,0.1928710938,-0.6861572266,0.2813110352,0.6425170898
14630386.0,2968.0,0.0,0.00390625,0.12890625,0.0703125,0
14637418.0,7032.0,1.0,0.1929321289,-0.6861572266,0.2813110352,0.6425170898
14640386.0,2968.0,0.0,0.00390625,0.234375,0.1015625,0
14647418.0,7032.0,1.0,0.1929321289,-0.6861572266,0.2813720703,0.6425170898
14650386.0,2968.0,0.0,0.00390625,0.1953125,0.109375,0
14657418.0,7032.0,1.0,0.1929321289,-0.6861572266,0.2813720703,0.6425170898
14661386.0,3968.0,0.0,0.00390625,0.1875,0.1484375,0
14667418.0,6032.0,1.0,0.1929931641,-0.6861572266,0.2813720703,0.6424560547
14670386.0,2968.0,0.0,0.00390625,0.2265625,0.109375,0
14677418.0,7032.0,1.0,0.1930541992,-0.6861572266,0.2813720703,0.6424560547
14680386.0,2968.0,0.0,0.01171875,0.14453125,0.109375,0
14687418.0,7032.0,1.0,0.1930541992,-0.6861572266,0.2814331055,0.6423950195
14690386.0,2968.0,0.0,0.01171875,0.10546875,0.1015625,0
14697418.0,7032.0,1.0,0.1931152344,-0.6862182617,0.2814331055,0.6423950195
14701386.0,3968.0,0.0,0.01171875,0.02734375,0.0625,0
14707418.0,6032.0,1.0,0.1931152344,-0.6862182617,0.2813720703,0.6423339844
14710386.0,2968.0,0.0,0.00390625,-0.0546875,0.1015625,0
14717418.0,7032.0,1.0,0.1931152344,-0.6862792969,0.2813720703,0.6423339844
14720386.0,2968.0,0.0,0.00390625,-0.0546875,0.0625,0
14727418.0,7032.0,1.0,0.1931152344,-0.6862792969,0.2813720703,0.6422729492
14730386.0,2968.0,0.0,0.00390625,-0.0625,0.1015625,0
14737418.0,7032.0,1.0,0.1931152344,-0.686340332,0.2813720703,0.6422729492
14740386.0,2968.0,0.0,0.00390625,-0.02734375,0.09375,0
14747418.0,7032.0,1.0,0.1931152344,-0.686340332,0.2813720703,0.6422119141
14750386.0,2968.0,0.0,0.00390625,0.01171875,0.09375,0
14757418.0,7032.0,1.0,0.1931152344,-0.6864013672,0.2813110352,0.6422119141
14760386.0,2968.0,0.0,0.00390625,-0.02734375,0.1328125,0
14767418.0,7032.0,1.0,0.1931152344,-0.6864013672,0.2813720703,0.6421508789
14770386.0,2968.0,0.0,0.00390625,-0.02734375,0.125,0
14777418.0,7032.0,1.0,0.1931152344,-0.6864624023,0.2813720703,0.6421508789
14780386.0,2968.0,0.0,0.00390625,-0.140625,0.0859375,0
14787418.0,7032.0,1.0,0.1931152344,-0.6864624023,0.2813720703,0.6420898438
14790386.0,2968.0,0.0,-0.03125,-0.140625,0.0390625,0
14797418.0,7032.0,1.0,0.1930541992,-0.6864624023,0.2813720703,0.6420898438
14800386.0,2968.0,0.0,-0.03125,-0.1015625,-0.15234375,0
14807418.0,7032.0,1.0,0.1930541992,-0.6865234375,0.2813720703,0.6420898438
14810386.0,2968.0,0.0,-0.03125,-0.01953125,-0.18359375,0
14817418.0,7032.0,1.0,0.1930541992,-0.6865234375,0.2813720703,0.6420898438
14820386.0,2968.0,0.0,-0.03125,-0.0546875,-0.18359375,0
14827418.0,7032.0,1.0,0.1929931641,-0.6865234375,0.2813110352,0.6420898438
14830386.0,2968.0,0.0,0.00390625,-0.01953125,-0.06640625,0
14837418.0,7032.0,1.0,0.1929321289,-0.6865844727,0.2813110352,0.6420898438
14840386.0,2968.0,0.0,0.00390625,0.09765625,0.046875,0
14847418.0,7032.0,1.0,0.1929321289,-0.6865844727,0.2813110352,0.6420898438
14850386.0,2968.0,0.0,-0.03125,0.13671875,0.0859375,0
14858418.0,8032.0,1.0,0.1928710938,-0.6865844727,0.2813110352,0.6420288086
14861386.0,2968.0,0.0,0.00390625,0.09765625,0.0859375,0
14867418.0,6032.0,1.0,0.1929321289,-0.6866455078,0.2813110352,0.6420288086
14870386.0,2968.0,0.0,0.00390625,0.05859375,0.0859375,0
14877418.0,7032.0,1.0,0.1929321289,-0.6866455078,0.2813720703,0.6420288086
14880386.0,2968.0,0.0,-0.03125,0.05859375,0.046875,0
14887418.0,7032.0,1.0,0.1929321289,-0.6866455078,0.2813720703,0.6419677734
14890386.0,2968.0,0.0,0.00390625,0.05078125,0.0078125,0
14898418.0,8032.0,1.0,0.1929931641,-0.6866455078,0.2813720703,0.6419677734
14901386.0,2968.0,0.0,0.00390625,0.01171875,0.046875,0
14907418.0,6032.0,1.0,0.1929931641,-0.6866455078,0.2813720703,0.6419677734
14910386.0,2968.0,0.0,0.00390625,-0.02734375,-0.02734375,0
14917418.0,7032.0,1.0,0.1929931641,-0.6866455078,0.2813720703,0.6419677734
14920386.0,2968.0,0.0,0.00390625,0.01171875,-0.10546875,0
14927418.0,7032.0,1.0,0.1929931641,-0.686706543,0.2813720703,0.6419067383
14930386.0,2968.0,0.0,-0.03125,-0.02734375,-0.14453125,0
14938418.0,8032.0,1.0,0.1929321289,-0.686706543,0.2813720703,0.6419067383
14941386.0,2968.0,0.0,0.00390625,-0.1015625,-0.14453125,0
14948418.0,7032.0,1.0,0.1929321289,-0.686706543,0.2813110352,0.6419067383
14951386.0,2968.0,0.0,0.00390625,-0.02734375,0.046875,0
14957418.0,6032.0,1.0,0.1929321289,-0.686706543,0.2813110352,0.6419067383
14960386.0,2968.0,0.0,0.00390625,0.01171875,0.0859375,0
14968418.0,8032.0,1.0,0.1929321289,-0.686706543,0.28125,0.6419067383
14971386.0,2968.0,0.0,0.00390625,0.08984375,0.0859375,0
14978418.0,7032.0,1.0,0.1929321289,-0.686706543,0.28125,0.6419067383
14981386.0,2968.0,0.0,0.00390625,0.01171875,0.0859375,0
14987418.0,6032.0,1.0,0.1929321289,-0.686706543,0.2813110352,0.6419067383
14990386.0,2968.0,0.0,0.00390625,-0.0625,0.046875,0
14997418.0,7032.0,1.0,0.1929321289,-0.6867675781,0.2813110352,0.6419067383
15001386.0,3968.0,0.0,0.00390625,-0.02734375,0.046875,0
15008418.0,7032.0,1.0,0.1929321289,-0.6867675781,0.28125,0.6419067383
15011386.0,2968.0,0.0,-0.03125,-0.0546875,0.046875,0
15017418.0,6032.0,1.0,0.1929321289,-0.6867675781,0.28125,0.6419067383
15020386.0,2968.0,0.0,-0.03125,0.01953125,0.0,0
15027418.0,7032.0,1.0,0.1929321289,-0.6867675781,0.2811889648,0.6419067383
15030386.0,2968.0,0.0,-0.03125,-0.01953125,0.0,0
15037418.0,7032.0,1.0,0.1929321289,-0.6867675781,0.2811889648,0.6419067383
15041386.0,3968.0,0.0,-0.03125,-0.01953125,0.0,0
15048418.0,7032.0,1.0,0.1928710938,-0.6867675781,0.2811279297,0.6419677734
15051386.0,2968.0,0.0,0.00390625,0.01953125,-0.03515625,0
15057418.0,6032.0,1.0,0.1928710938,-0.6867675781,0.2810668945,0.6419677734
15060386.0,2968.0,0.0,-0.0234375,0.09765625,0.078125,0
15067418.0,7032.0,1.0,0.1928710938,-0.6868286133,0.2810668945,0.6419677734
15070386.0,2968.0,0.0,0.01171875,0.09765625,0.1171875,0
15077418.0,7032.0,1.0,0.1928710938,-0.6868286133,0.2810668945,0.6419677734
15081386.0,3968.0,0.0,-0.0234375,-0.01953125,0.078125,0
15087418.0,6032.0,1.0,0.1928100586,-0.6868286133,0.2810668945,0.6419677734
15090386.0,2968.0,0.0,0.01171875,-0.09375,0.0703125,0
15097418.0,7032.0,1.0,0.1928100586,-0.6868286133,0.2810668945,0.6419067383
15100386.0,2968.0,0.0,-0.0234375,-0.171875,0.0390625,0
15107418.0,7032.0,1.0,0.1928100586,-0.6868896484,0.2810668945,0.6419067383
15110386.0,2968.0,0.0,0.01171875,-0.171875,0.0390625,0
15117418.0,7032.0,1.0,0.1928100586,-0.6868896484,0.2811279297,0.6418457031
15120386.0,2968.0,0.0,0.01171875,-0.171875,-0.03515625,0
15127418.0,7032.0,1.0,0.1928100586,-0.6868896484,0.2811279297,0.6418457031
15130386.0,2968.0,0.0,0.01171875,-0.0546875,-0.0078125,0
15138418.0,8032.0,1.0,0.1927490234,-0.6868896484,0.2811279297,0.6418457031
15141386.0,2968.0,0.0,0.00390625,-0.125,0.03125,0
15147418.0,6032.0,1.0,0.1927490234,-0.6869506836,0.2811279297,0.6418457031
15150386.0,2968.0,0.0,0.00390625,-0.0859375,0.0390625,0
15158418.0,8032.0,1.0,0.1927490234,-0.6869506836,0.2810668945,0.6418457031
15161386.0,2968.0,0.0,0.00390625,-0.0859375,0.0,0
15168418.0,7032.0,1.0,0.1927490234,-0.6869506836,0.2810668945,0.6418457031
15171386.0,2968.0,0.0,0.00390625,-0.00390625,0.0,0
15178418.0,7032.0,1.0,0.1926879883,-0.6869506836,0.2810668945,0.641784668
15181386.0,2968.0,0.0,0.00390625,0.07421875,0.0390625,0
15187418.0,6032.0,1.0,0.1926879883,-0.6870117188,0.2810668945,0.641784668
15190386.0,2968.0,0.0,0.01171875,0.04296875,-0.0078125,0
15198418.0,8032.0,1.0,0.1926879883,-0.6870117188,0.2810668945,0.641784668
15201386.0,2968.0,0.0,0.01171875,0.08203125,-0.0078125,0
15208418.0,7032.0,1.0,0.1926879883,-0.6870117188,0.2810668945,0.641784668
15211386.0,2968.0,0.0,0.01171875,0.03515625,0.03125,0
15218418.0,7032.0,1.0,0.1926879883,-0.6870117188,0.2810668945,0.641784668
15221386.0,2968.0,0.0,0.01171875,0.07421875,0.03125,0
15227418.0,6032.0,1.0,0.1926269531,-0.6870117188,0.2810668945,0.641784668
15230386.0,2968.0,0.0,0.01171875,0.03515625,0.03125,0
15238418.0,8032.0,1.0,0.1926269531,-0.6870117188,0.2810668945,0.641784668
15241386.0,2968.0,0.0,0.01171875,0.03515625,0.0703125,0
15247418.0,6032.0,1.0,0.1926269531,-0.6870117188,0.2810668945,0.641784668
15250386.0,2968.0,0.0,0.01171875,0.07421875,0.0703125,0
15258418.0,8032.0,1.0,0.1926269531,-0.6870727539,0.2810668945,0.641784668
15261386.0,2968.0,0.0,0.00390625,0.10546875,0.0390625,0
15267418.0,6032.0,1.0,0.1926269531,-0.6870727539,0.2810058594,0.6417236328
15270386.0,2968.0,0.0,0.00390625,0.1875,0.0,0
15278418.0,8032.0,1.0,0.1926879883,-0.6870727539,0.2810058594,0.6417236328
15281386.0,2968.0,0.0,-0.03125,0.11328125,-0.03515625,0
15287418.0,6032.0,1.0,0.1926879883,-0.6870727539,0.2810058594,0.6417236328
15290386.0,2968.0,0.0,-0.03125,0.02734375,-0.08203125,0
15297418.0,7032.0,1.0,0.1927490234,-0.6870727539,0.2810058594,0.6417236328
15300386.0,2968.0,0.0,0.00390625,-0.01171875,-0.12109375,0
15307418.0,7032.0,1.0,0.1927490234,-0.6870727539,0.2810058594,0.6417236328
15310386.0,2968.0,0.0,0.00390625,-0.0859375,-0.11328125,0
15318418.0,8032.0,1.0,0.1927490234,-0.6871337891,0.2810058594,0.6417236328
15321386.0,2968.0,0.0,0.00390625,-0.0859375,-0.03515625,0
15327418.0,6032.0,1.0,0.1926879883,-0.6871337891,0.2809448242,0.6416625977
15330386.0,2968.0,0.0,-0.03125,-0.01171875,0.0390625,0
15337418.0,7032.0,1.0,0.1926879883,-0.6871337891,0.2809448242,0.6416625977
15340386.0,2968.0,0.0,0.00390625,-0.0859375,0.078125,0
15347418.0,7032.0,1.0,0.1926879883,-0.6871337891,0.2809448242,0.6416625977
15350386.0,2968.0,0.0,-0.03125,-0.0859375,0.0390625,0
15358418.0,8032.0,1.0,0.1926879883,-0.6871948242,0.2809448242,0.6416625977
15361386.0,2968.0,0.0,-0.03125,-0.0859375,0.0390625,0
15367418.0,6032.0,1.0,0.1926879883,-0.6871948242,0.2809448242,0.6416625977
15370386.0,2968.0,0.0,0.00390625,-0.1171875,-0.19140625,0
15377418.0,7032.0,1.0,0.1926879883,-0.6871948242,0.2809448242,0.6416625977
15380386.0,2968.0,0.0,0.00390625,-0.15625,-0.2265625,0
15388418.0,8032.0,1.0,0.1926879883,-0.6871337891,0.2809448242,0.6416625977
15391386.0,2968.0,0.0,-0.03125,-0.15625,-0.2578125,0
15398418.0,7032.0,1.0,0.1926879883,-0.6871337891,0.2809448242,0.6417236328
15401386.0,2968.0,0.0,-0.03125,-0.1171875,-0.06640625,0
15407418.0,6032.0,1.0,0.1926269531,-0.6871337891,0.2809448242,0.6417236328
15410386.0,2968.0,0.0,-0.03125,-0.1171875,0.0078125,0
15417418.0,7032.0,1.0,0.1926269531,-0.6871337891,0.2808837891,0.641784668
15421386.0,3968.0,0.0,0.01171875,-0.0703125,0.0078125,0
15428418.0,7032.0,1.0,0.192565918,-0.6870727539,0.2808837891,0.641784668
15431386.0,2968.0,0.0,-0.0234375,-0.03125,-0.01953125,0
15437418.0,6032.0,1.0,0.192565918,-0.6870727539,0.2808837891,0.6418457031
15440386.0,2968.0,0.0,0.01171875,-0.0703125,0.09375,0
15447418.0,7032.0,1.0,0.192565918,-0.6870117188,0.2809448242,0.6418457031
15450386.0,2968.0,0.0,0.01171875,-0.0234375,0.0625,0
15457418.0,7032.0,1.0,0.1925048828,-0.6870117188,0.2809448242,0.6419067383
15461386.0,3968.0,0.0,-0.0234375,-0.0234375,0.0546875,0
15468418.0,7032.0,1.0,0.1925048828,-0.6869506836,0.2809448242,0.6419067383
15471386.0,2968.0,0.0,0.01171875,-0.1015625,-0.01953125,0
15477418.0,6032.0,1.0,0.1925048828,-0.6869506836,0.2809448242,0.6419677734
15480386.0,2968.0,0.0,-0.0234375,0.05859375,-0.01953125,0
15487418.0,7032.0,1.0,0.1924438477,-0.6869506836,0.2809448242,0.6419677734
15490386.0,2968.0,0.0,0.01171875,0.05078125,0.0546875,0
15497418.0,7032.0,1.0,0.1924438477,-0.6868896484,0.2809448242,0.6420288086
15501386.0,3968.0,0.0,0.01171875,0.05078125,0.0546875,0
15508418.0,7032.0,1.0,0.1924438477,-0.6868896484,0.2809448242,0.6420288086
15511386.0,2968.0,0.0,-0.0234375,-0.0234375,0.046875,0
15518418.0,7032.0,1.0,0.1923828125,-0.6868286133,0.2810058594,0.6420898438
15521386.0,2968.0,0.0,0.01171875,0.12890625,0.046875,0
15527418.0,6032.0,1.0,0.1923828125,-0.6868286133,0.2810058594,0.6420898438
15530386.0,2968.0,0.0,0.01171875,0.203125,0.046875,0
15538418.0,8032.0,1.0,0.1923828125,-0.6868286133,0.2810058594,0.6420898438
15541386.0,2968.0,0.0,0.01171875,0.16796875,0.0859375,0
15548418.0,7032.0,1.0,0.1923217773,-0.6868286133,0.2810058594,0.6421508789
15551386.0,2968.0,0.0,-0.0234375,0.12109375,0.0859375,0
15557418.0,6032.0,1.0,0.1923217773,-0.6868286133,0.2810058594,0.6421508789
15560386.0,2968.0,0.0,0.00390625,0.00390625,0.0859375,0
15567418.0,7032.0,1.0,0.1923217773,-0.6867675781,0.2810058594,0.6421508789
15570386.0,2968.0,0.0,-0.0234375,-0.0703125,0.046875,0
15578418.0,8032.0,1.0,0.1922607422,-0.6867675781,0.2810058594,0.6421508789
15581386.0,2968.0,0.0,-0.0234375,0.00390625,0.0390625,0
15588418.0,7032.0,1.0,0.1922607422,-0.6867675781,0.2810058594,0.6422119141
15591386.0,2968.0,0.0,0.00390625,0.07421875,-0.0078125,0
15598418.0,7032.0,1.0,0.1922607422,-0.6867675781,0.2810058594,0.6422119141
15601386.0,2968.0,0.0,0.01171875,0.07421875,-0.04296875,0
15608418.0,7032.0,1.0,0.192199707,-0.6867675781,0.2810058594,0.6422119141
15611386.0,2968.0,0.0,0.00390625,0.03515625,0.03125,0
15618418.0,7032.0,1.0,0.192199707,-0.6867675781,0.2809448242,0.6422119141
15621386.0,2968.0,0.0,0.00390625,0.07421875,0.078125,0
15627418.0,6032.0,1.0,0.1921386719,-0.6868286133,0.2808837891,0.6422119141
15630386.0,2968.0,0.0,0.00390625,0.14453125,0.1171875,0
15638418.0,8032.0,1.0,0.1920776367,-0.6868286133,0.2808837891,0.6422729492
15641386.0,2968.0,0.0,0.00390625,0.14453125,0.109375,0
15648418.0,7032.0,1.0,0.1920776367,-0.6868286133,0.2808837891,0.6422119141
15651386.0,2968.0,0.0,0.01171875,0.10546875,0.109375,0
15658418.0,7032.0,1.0,0.1920776367,-0.6868286133,0.2808837891,0.6422119141
15661386.0,2968.0,0.0,0.01171875,0.08984375,0.109375,0
15667418.0,6032.0,1.0,0.1920776367,-0.6868896484,0.2809448242,0.6422119141
15670386.0,2968.0,0.0,-0.0234375,0.08984375,0.0703125,0
15678418.0,8032.0,1.0,0.1920166016,-0.6868896484,0.2809448242,0.6421508789
15681386.0,2968.0,0.0,0.01171875,0.05078125,0.0703125,0
15688418.0,7032.0,1.0,0.1920166016,-0.6868896484,0.2810058594,0.6420898438
15691386.0,2968.0,0.0,0.01171875,0.08984375,-0.05078125,0
15698418.0,7032.0,1.0,0.1920166016,-0.6869506836,0.2810058594,0.6420898438
15701386.0,2968.0,0.0,-0.03125,0.08203125,-0.05078125,0
15708418.0,7032.0,1.0,0.1920166016,-0.6869506836,0.2810058594,0.6420898438
15711386.0,2968.0,0.0,0.00390625,0.00390625,-0.05078125,0
15718418.0,7032.0,1.0,0.1920166016,-0.6870117188,0.2810058594,0.6420288086
15722386.0,3968.0,0.0,0.00390625,-0.0703125,-0.015625,0
15728418.0,6032.0,1.0,0.1920166016,-0.6870117188,0.2810058594,0.6420288086
15731386.0,2968.0,0.0,0.00390625,0.00390625,-0.05078125,0
15738418.0,7032.0,1.0,0.1920166016,-0.6870727539,0.2810058594,0.6419677734
15741386.0,2968.0,0.0,0.00390625,0.03515625,-0.015625,0
15748418.0,7032.0,1.0,0.1919555664,-0.6870727539,0.2810058594,0.6419677734
15751386.0,2968.0,0.0,-0.03125,-0.00390625,0.0703125,0
15758418.0,7032.0,1.0,0.1920166016,-0.6870727539,0.2810058594,0.6419067383
15762386.0,3968.0,0.0,0.00390625,0.07421875,0.0703125,0
15768418.0,6032.0,1.0,0.1920166016,-0.6871337891,0.2810058594,0.6419067383
15771386.0,2968.0,0.0,0.00390625,0.11328125,0.03125,0
15778418.0,7032.0,1.0,0.1920776367,-0.6871337891,0.2810668945,0.6418457031
15781386.0,2968.0,0.0,-0.03125,0.02734375,-0.0078125,0
15788418.0,7032.0,1.0,0.1920776367,-0.6871337891,0.2810668945,0.641784668
15791386.0,2968.0,0.0,-0.03125,-0.01171875,-0.08203125,0
15798418.0,7032.0,1.0,0.1921386719,-0.6871948242,0.2811279297,0.641784668
15802386.0,3968.0,0.0,-0.03125,-0.05078125,-0.19921875,0
15808418.0,6032.0,1.0,0.1921386719,-0.6871948242,0.2811279297,0.641784668
15811386.0,2968.0,0.0,-0.03125,-0.078125,-0.2734375,0
15818418.0,7032.0,1.0,0.1921386719,-0.6871948242,0.2810668945,0.641784668
15821386.0,2968.0,0.0,-0.03125,-0.1640625,-0.15234375,0
15828418.0,7032.0,1.0,0.1920776367,-0.6871948242,0.2810668945,0.6417236328
15831386.0,2968.0,0.0,0.00390625,-0.125,-0.07421875,0
15838418.0,7032.0,1.0,0.1920776367,-0.6871948242,0.2810668945,0.6417236328
15841386.0,2968.0,0.0,0.00390625,-0.078125,0.0078125,0
15848418.0,7032.0,1.0,0.1920776367,-0.6872558594,0.2810668945,0.6417236328
15851386.0,2968.0,0.0,0.00390625,-0.03515625,0.0859375,0
15857418.0,6032.0,1.0,0.1920776367,-0.6872558594,0.2810668945,0.6417236328
15860386.0,2968.0,0.0,0.00390625,0.07421875,0.09375,0
15868418.0,8032.0,1.0,0.1920776367,-0.6872558594,0.2811279297,0.6416625977
15871386.0,2968.0,0.0,0.00390625,0.11328125,0.09375,0
15878418.0,7032.0,1.0,0.1921386719,-0.6873168945,0.2811279297,0.6416015625
15881386.0,2968.0,0.0,0.00390625,0.12109375,0.0546875,0
15888418.0,7032.0,1.0,0.1921386719,-0.6873168945,0.2811279297,0.6416015625
15891386.0,2968.0,0.0,0.00390625,0.08203125,-0.01953125,0
15898418.0,7032.0,1.0,0.192199707,-0.6873168945,0.2811279297,0.6415405273
15901386.0,2968.0,0.0,0.00390625,-0.109375,-0.25,0
15908418.0,7032.0,1.0,0.192199707,-0.6873168945,0.2811279297,0.6415405273
15911386.0,2968.0,0.0,0.00390625,-0.109375,-0.2890625,0
15918418.0,7032.0,1.0,0.192199707,-0.6873779297,0.2811279297,0.6415405273
15921386.0,2968.0,0.0,-0.03125,-0.1875,-0.2421875,0
15928418.0,7032.0,1.0,0.192199707,-0.6873779297,0.2810668945,0.6415405273
15931386.0,2968.0,0.0,0.01171875,-0.140625,-0.1953125,0
15938418.0,7032.0,1.0,0.1921386719,-0.6873779297,0.2810668945,0.6415405273
15941386.0,2968.0,0.0,0.00390625,-0.02734375,0.00390625,0
15948418.0,7032.0,1.0,0.1921386719,-0.6873779297,0.2810668945,0.6415405273
15951386.0,2968.0,0.0,0.00390625,0.01171875,0.078125,0
15958418.0,7032.0,1.0,0.1921386719,-0.6873779297,0.2810668945,0.6415405273
15961386.0,2968.0,0.0,0.00390625,-0.02734375,0.078125,0
15968418.0,7032.0,1.0,0.192199707,-0.6873779297,0.2810668945,0.6415405273
15971386.0,2968.0,0.0,0.01171875,-0.01953125,0.078125,0
15978418.0,7032.0,1.0,0.192199707,-0.6873779297,0.2810668945,0.6415405273
15981386.0,2968.0,0.0,-0.0234375,-0.01953125,0.078125,0
15988418.0,7032.0,1.0,0.1922607422,-0.6873779297,0.2810668945,0.6415405273
15991386.0,2968.0,0.0,0.01171875,-0.0546875,0.0390625,0
15998418.0,7032.0,1.0,0.1922607422,-0.6873779297,0.2810668945,0.6415405273
16001386.0,2968.0,0.0,0.01171875,-0.09375,0.00390625,0
16008418.0,7032.0,1.0,0.1923217773,-0.6873779297,0.2810668945,0.6414794922
16011386.0,2968.0,0.0,0.01171875,-0.09375,-0.07421875,0
16018418.0,7032.0,1.0,0.1923217773,-0.6873779297,0.2810668945,0.6414794922
16021386.0,2968.0,0.0,0.01171875,-0.0859375,-0.03515625,0
16028418.0,7032.0,1.0,0.1923217773,-0.6873779297,0.2810668945,0.6415405273
16031386.0,2968.0,0.0,0.01171875,-0.1640625,-0.06640625,0
16038418.0,7032.0,1.0,0.1923217773,-0.6873779297,0.2810668945,0.6415405273
16041386.0,2968.0,0.0,0.00390625,-0.0859375,-0.02734375,0
16047418.0,6032.0,1.0,0.1923828125,-0.6873779297,0.2810668945,0.6415405273
16050386.0,2968.0,0.0,0.00390625,0.03515625,0.046875,0
16058418.0,8032.0,1.0,0.1923828125,-0.6873779297,0.2810668945,0.6415405273
16061386.0,2968.0,0.0,0.00390625,0.07421875,0.125,0
16068418.0,7032.0,1.0,0.1923828125,-0.6873168945,0.2810668945,0.6415405273
16071386.0,2968.0,0.0,0.00390625,0.07421875,0.125,0
16078418.0,7032.0,1.0,0.1923828125,-0.6873168945,0.2810668945,0.6415405273
16081386.0,2968.0,0.0,0.00390625,-0.00390625,0.078125,0
16088418.0,7032.0,1.0,0.1923828125,-0.6873168945,0.2810668945,0.6415405273
16091386.0,2968.0,0.0,-0.03125,-0.00390625,-0.11328125,0
16098418.0,7032.0,1.0,0.1924438477,-0.6873168945,0.2810668945,0.6415405273
16102386.0,3968.0,0.0,0.00390625,-0.0390625,-0.11328125,0
16108418.0,6032.0,1.0,0.1923828125,-0.6873168945,0.2810668945,0.6415405273
16111386.0,2968.0,0.0,0.00390625,-0.0390625,-0.15234375,0
16118418.0,7032.0,1.0,0.1923828125,-0.6873168945,0.2810668945,0.6416015625
16121386.0,2968.0,0.0,0.00390625,-0.00390625,-0.06640625,0
16128418.0,7032.0,1.0,0.1924438477,-0.6872558594,0.2810058594,0.6416015625
16131386.0,2968.0,0.0,0.00390625,0.04296875,0.01171875,0
16138418.0,7032.0,1.0,0.1923828125,-0.6872558594,0.2809448242,0.6416015625
16142386.0,3968.0,0.0,0.00390625,0.00390625,0.00390625,0
16148418.0,6032.0,1.0,0.1923828125,-0.6872558594,0.2809448242,0.6416625977
16151386.0,2968.0,0.0,0.00390625,0.04296875,0.0390625,0
16158418.0,7032.0,1.0,0.1924438477,-0.6872558594,0.2809448242,0.6416625977
16161386.0,2968.0,0.0,-0.03125,0.12109375,0.1171875,0
16168418.0,7032.0,1.0,0.1924438477,-0.6872558594,0.2809448242,0.6416625977
16171386.0,2968.0,0.0,0.00390625,0.11328125,0.078125,0
16178418.0,7032.0,1.0,0.1924438477,-0.6872558594,0.2808837891,0.6416625977
16182386.0,3968.0,0.0,0.00390625,0.07421875,0.1171875,0
16188418.0,6032.0,1.0,0.1924438477,-0.6872558594,0.2808837891,0.6416625977
16191386.0,2968.0,0.0,0.00390625,-0.00390625,0.078125,0
16198418.0,7032.0,1.0,0.1925048828,-0.6872558594,0.2808837891,0.6416625977
16201386.0,2968.0,0.0,0.00390625,-0.078125,0.03125,0
16208418.0,7032.0,1.0,0.1925048828,-0.6871948242,0.2808837891,0.6417236328
16211386.0,2968.0,0.0,-0.03125,-0.078125,-0.00390625,0
16218418.0,7032.0,1.0,0.192565918,-0.6871948242,0.2808837891,0.6417236328
16221386.0,2968.0,0.0,0.00390625,-0.078125,-0.00390625,0
16228418.0,7032.0,1.0,0.192565918,-0.6871948242,0.2808227539,0.6417236328
16231386.0,2968.0,0.0,0.00390625,-0.078125,-0.00390625,0
16238418.0,7032.0,1.0,0.192565918,-0.6871948242,0.2808227539,0.641784668
16241386.0,2968.0,0.0,-0.03125,-0.00390625,0.0625,0
16248418.0,7032.0,1.0,0.192565918,-0.6871337891,0.2807617188,0.641784668
16251386.0,2968.0,0.0,-0.03125,0.07421875,0.1015625,0
16258418.0,7032.0,1.0,0.192565918,-0.6871337891,0.2807617188,0.6418457031
16261386.0,2968.0,0.0,0.00390625,0.03515625,0.1015625,0
16268418.0,7032.0,1.0,0.1926269531,-0.6871337891,0.2807617188,0.6418457031
16271386.0,2968.0,0.0,0.00390625,-0.00390625,0.1328125,0
16278418.0,7032.0,1.0,0.1926269531,-0.6870727539,0.2807617188,0.6418457031
16281386.0,2968.0,0.0,0.00390625,-0.03125,0.0546875,0
16288418.0,7032.0,1.0,0.1926879883,-0.6870727539,0.2807617188,0.6418457031
16291386.0,2968.0,0.0,0.00390625,-0.03125,-0.01953125,0
16298418.0,7032.0,1.0,0.1926879883,-0.6870727539,0.2808227539,0.6418457031
16301386.0,2968.0,0.0,0.00390625,-0.03125,-0.09765625,0
16308418.0,7032.0,1.0,0.1927490234,-0.6870727539,0.2808227539,0.6418457031
16311386.0,2968.0,0.0,0.00390625,0.00390625,-0.13671875,0
16318418.0,7032.0,1.0,0.1927490234,-0.6870727539,0.2807617188,0.6418457031
16321386.0,2968.0,0.0,0.00390625,-0.03125,-0.05859375,0
16328418.0,7032.0,1.0,0.1926879883,-0.6870727539,0.2807617188,0.6418457031
16331386.0,2968.0,0.0,0.00390625,-0.03125,0.0546875,0
16339418.0,8032.0,1.0,0.1926879883,-0.6870727539,0.2807006836,0.6419067383
16342386.0,2968.0,0.0,0.00390625,-0.03125,0.0859375,0
16348418.0,6032.0,1.0,0.1926879883,-0.6870727539,0.2807006836,0.6419067383
16351386.0,2968.0,0.0,0.00390625,0.00390625,0.125,0
16358418.0,7032.0,1.0,0.1926879883,-0.6870117188,0.2807617188,0.6419067383
16361386.0,2968.0,0.0,0.00390625,-0.03125,0.0859375,0
16368418.0,7032.0,1.0,0.1926879883,-0.6870117188,0.2807617188,0.6419067383
16371386.0,2968.0,0.0,0.00390625,-0.0703125,0.046875,0
16379418.0,8032.0,1.0,0.1926879883,-0.6870117188,0.2807617188,0.6419067383
16382386.0,2968.0,0.0,-0.03125,-0.03125,-0.02734375,0
16388418.0,6032.0,1.0,0.1926879883,-0.6870117188,0.2807617188,0.6419067383
16391386.0,2968.0,0.0,-0.03125,0.12109375,-0.02734375,0
16398418.0,7032.0,1.0,0.1927490234,-0.6870117188,0.2807617188,0.6419067383
16401386.0,2968.0,0.0,0.00390625,0.08203125,0.0,0
16408418.0,7032.0,1.0,0.1927490234,-0.6870117188,0.2807617188,0.6419067383
16411386.0,2968.0,0.0,-0.03125,0.00390625,0.0,0
16418418.0,7032.0,1.0,0.1928100586,-0.6870117188,0.2807617188,0.6419067383
16421386.0,2968.0,0.0,-0.03125,0.04296875,0.0,0
16428418.0,7032.0,1.0,0.1928100586,-0.6869506836,0.2807617188,0.6419067383
16431386.0,2968.0,0.0,0.00390625,-0.0703125,0.0,0
16438418.0,7032.0,1.0,0.1928100586,-0.6869506836,0.2807617188,0.6419677734
16441386.0,2968.0,0.0,0.00390625,0.00390625,0.0,0
16448418.0,7032.0,1.0,0.1928100586,-0.6869506836,0.2807617188,0.6419677734
16451386.0,2968.0,0.0,0.00390625,0.04296875,0.078125,0
16458418.0,7032.0,1.0,0.1928710938,-0.6868896484,0.2807617188,0.6419677734
16461386.0,2968.0,0.0,0.00390625,0.16015625,0.0390625,0
16468418.0,7032.0,1.0,0.1929321289,-0.6868896484,0.2807617188,0.6419677734
16471386.0,2968.0,0.0,0.00390625,0.08203125,0.0390625,0
16478418.0,7032.0,1.0,0.1929321289,-0.6868896484,0.2807617188,0.6419677734
16481386.0,2968.0,0.0,-0.03125,-0.00390625,-0.03515625,0
16488418.0,7032.0,1.0,0.1929931641,-0.6868896484,0.2807617188,0.6419677734
16491386.0,2968.0,0.0,-0.03125,-0.00390625,-0.11328125,0
16499418.0,8032.0,1.0,0.1929931641,-0.6868896484,0.2807617188,0.6419677734
16502386.0,2968.0,0.0,0.00390625,-0.00390625,-0.15234375,0
16508418.0,6032.0,1.0,0.1929931641,-0.6868896484,0.2807617188,0.6419677734
16511386.0,2968.0,0.0,0.00390625,-0.00390625,-0.11328125,0
16518418.0,7032.0,1.0,0.1929931641,-0.6868286133,0.2807006836,0.6420288086
16522386.0,3968.0,0.0,0.00390625,-0.00390625,-0.03515625,0
16528418.0,6032.0,1.0,0.1929931641,-0.6868286133,0.2807006836,0.6420288086
16531386.0,2968.0,0.0,-0.03125,-0.078125,0.046875,0
16538418.0,7032.0,1.0,0.1929931641,-0.6868286133,0.2807006836,0.6420288086
16541386.0,2968.0,0.0,0.00390625,-0.078125,0.0859375,0
16548418.0,7032.0,1.0,0.1930541992,-0.6868286133,0.2807006836,0.6420898438
16551386.0,2968.0,0.0,0.00390625,-0.00390625,0.078125,0
16558418.0,7032.0,1.0,0.1930541992,-0.6868286133,0.2806396484,0.6420898438
16562386.0,3968.0,0.0,0.00390625,0.07421875,0.0703125,0
16568418.0,6032.0,1.0,0.1930541992,-0.6867675781,0.2806396484,0.6420898438
16571386.0,2968.0,0.0,0.00390625,0.11328125,0.0703125,0
16578418.0,7032.0,1.0,0.1931152344,-0.6867675781,0.2806396484,0.6420898438
16581386.0,2968.0,0.0,0.00390625,0.2265625,0.0703125,0
16588418.0,7032.0,1.0,0.1931152344,-0.6867675781,0.2806396484,0.6420898438
16591386.0,2968.0,0.0,0.00390625,0.1796875,0.0703125,0
16598418.0,7032.0,1.0,0.1931762695,-0.6868286133,0.2806396484,0.6420288086
16602386.0,3968.0,0.0,0.00390625,0.07421875,0.078125,0
16608418.0,6032.0,1.0,0.1931762695,-0.6868286133,0.2806396484,0.6420288086
16611386.0,2968.0,0.0,-0.0234375,0.01953125,0.03125,0
16618418.0,7032.0,1.0,0.1932373047,-0.6868286133,0.2805786133,0.6420288086
16621386.0,2968.0,0.0,0.01171875,-0.0859375,-0.08203125,0
16628418.0,7032.0,1.0,0.1932373047,-0.6868286133,0.2805786133,0.6420288086
16631386.0,2968.0,0.0,-0.0234375,-0.0859375,-0.16015625,0
16638418.0,7032.0,1.0,0.1932983398,-0.6868286133,0.2805786133,0.6420288086
16642386.0,3968.0,0.0,-0.0234375,-0.0859375,-0.12109375,0
16648418.0,6032.0,1.0,0.1932983398,-0.6868286133,0.2805786133,0.6420288086
16651386.0,2968.0,0.0,0.01171875,-0.046875,-0.04296875,0
16658418.0,7032.0,1.0,0.1932983398,-0.6868286133,0.2805175781,0.6420288086
16661386.0,2968.0,0.0,0.01171875,0.02734375,0.03125,0
16668418.0,7032.0,1.0,0.193359375,-0.6868286133,0.2805175781,0.6420288086
16671386.0,2968.0,0.0,0.01171875,-0.01171875,0.0703125,0
16679418.0,8032.0,1.0,0.193359375,-0.6868286133,0.2805175781,0.6420288086
16682386.0,2968.0,0.0,0.01171875,-0.0859375,0.0703125,0
16688418.0,6032.0,1.0,0.193359375,-0.6868286133,0.2805175781,0.6419677734
16691386.0,2968.0,0.0,-0.0234375,-0.046875,0.078125,0
16698418.0,7032.0,1.0,0.193359375,-0.6868286133,0.2805175781,0.6419677734
16701386.0,2968.0,0.0,0.01171875,-0.0859375,0.0390625,0
16708418.0,7032.0,1.0,0.193359375,-0.6868896484,0.2805175781,0.6419677734
16711386.0,2968.0,0.0,-0.0234375,-0.046875,0.0,0
16719418.0,8032.0,1.0,0.193359375,-0.6868896484,0.2805175781,0.6419677734
16722386.0,2968.0,0.0,-0.0234375,-0.0859375,0.0390625,0
16728418.0,6032.0,1.0,0.1934204102,-0.6868896484,0.2805175781,0.6419677734
16731386.0,2968.0,0.0,0.01171875,0.04296875,0.03125,0
16738418.0,7032.0,1.0,0.1934204102,-0.6868896484,0.2805175781,0.6419677734
16741386.0,2968.0,0.0,0.01171875,0.04296875,-0.0078125,0
16748418.0,7032.0,1.0,0.1934814453,-0.6868896484,0.2805175781,0.6419677734
16751386.0,2968.0,0.0,0.01171875,0.00390625,-0.04296875,0
16759418.0,8032.0,1.0,0.1934814453,-0.6868896484,0.2805175781,0.6419067383
16762386.0,2968.0,0.0,0.01171875,-0.03125,-0.04296875,0
16768418.0,6032.0,1.0,0.1935424805,-0.6868896484,0.2805175781,0.6419067383
16771386.0,2968.0,0.0,-0.0234375,-0.0703125,-0.08203125,0
16778418.0,7032.0,1.0,0.1935424805,-0.6868896484,0.2805175781,0.6419067383
16781386.0,2968.0,0.0,0.01171875,-0.03125,-0.04296875,0
16788418.0,7032.0,1.0,0.1935424805,-0.6868896484,0.2805175781,0.6419067383
16791386.0,2968.0,0.0,-0.0234375,0.00390625,0.03125,0
16799418.0,8032.0,1.0,0.1936035156,-0.6868896484,0.2805175781,0.6419067383
16802386.0,2968.0,0.0,0.01171875,0.12109375,0.03125,0
16808418.0,6032.0,1.0,0.1936035156,-0.6868896484,0.2805175781,0.6419067383
16811386.0,2968.0,0.0,0.01171875,-0.03125,0.03125,0
16818418.0,7032.0,1.0,0.1936035156,-0.6868896484,0.2805175781,0.6419067383
16821386.0,2968.0,0.0,0.01171875,-0.0703125,-0.0078125,0
16828418.0,7032.0,1.0,0.1936035156,-0.6868896484,0.2805175781,0.6419067383
16831386.0,2968.0,0.0,0.00390625,-0.03125,-0.04296875,0
16839418.0,8032.0,1.0,0.1936035156,-0.6868896484,0.280456543,0.6419067383
16842386.0,2968.0,0.0,0.00390625,0.00390625,-0.0078125,0
16849418.0,7032.0,1.0,0.1936035156,-0.6868896484,0.280456543,0.6419067383
16852386.0,2968.0,0.0,0.00390625,0.00390625,0.03125,0
16858418.0,6032.0,1.0,0.1936035156,-0.6868896484,0.280456543,0.6419067383
16861386.0,2968.0,0.0,0.00390625,-0.03125,0.0390625,0
16869418.0,8032.0,1.0,0.1936645508,-0.6868896484,0.280456543,0.6419067383
16872386.0,2968.0,0.0,0.00390625,-0.0703125,-0.03515625,0
16879418.0,7032.0,1.0,0.1936645508,-0.6868896484,0.280456543,0.6419067383
16882386.0,2968.0,0.0,0.00390625,-0.0234375,0.0,0
16888418.0,6032.0,1.0,0.1936645508,-0.6868896484,0.280456543,0.6418457031
16891386.0,2968.0,0.0,0.00390625,-0.0625,0.0,0
16898418.0,7032.0,1.0,0.1936645508,-0.6868896484,0.280456543,0.6418457031
16902386.0,3968.0,0.0,0.00390625,-0.0625,-0.07421875,0
16909418.0,7032.0,1.0,0.1936645508,-0.6868896484,0.2805175781,0.6418457031
16912386.0,2968.0,0.0,0.00390625,-0.0234375,0.0,0
16919418.0,7032.0,1.0,0.1937255859,-0.6868896484,0.2805175781,0.6418457031
16922386.0,2968.0,0.0,0.00390625,0.01171875,0.0390625,0
16928418.0,6032.0,1.0,0.1937255859,-0.6868896484,0.2805175781,0.6418457031
16931386.0,2968.0,0.0,0.00390625,-0.0234375,0.0,0
16938418.0,7032.0,1.0,0.1937255859,-0.6868896484,0.2805175781,0.6418457031
16942386.0,3968.0,0.0,0.00390625,-0.0234375,0.0,0
16949418.0,7032.0,1.0,0.1937255859,-0.6868896484,0.2805786133,0.641784668
16952386.0,2968.0,0.0,0.00390625,-0.0625,0.0,0
16958418.0,6032.0,1.0,0.1937255859,-0.6868896484,0.2805786133,0.641784668
16961386.0,2968.0,0.0,-0.0234375,-0.09375,-0.07421875,0
16968418.0,7032.0,1.0,0.1937255859,-0.6868896484,0.2805786133,0.641784668
16971386.0,2968.0,0.0,0.05078125,-0.015625,-0.19140625,0
16978418.0,7032.0,1.0,0.1937255859,-0.6868896484,0.2805786133,0.641784668
16982386.0,3968.0,0.0,-0.03125,-0.0546875,-0.11328125,0
16989418.0,7032.0,1.0,0.1937255859,-0.6868896484,0.2805786133,0.6418457031
16992386.0,2968.0,0.0,-0.03125,-0.1328125,-0.06640625,0
16998418.0,6032.0,1.0,0.1937255859,-0.6868896484,0.2805786133,0.6418457031
17001386.0,2968.0,0.0,0.00390625,0.05859375,0.046875,0
17008418.0,7032.0,1.0,0.1937255859,-0.6868896484,0.2805786133,0.6418457031
17011386.0,2968.0,0.0,0.00390625,0.17578125,0.0859375,0
17019418.0,8032.0,1.0,0.1937255859,-0.6868896484,0.2805786133,0.6418457031
17022386.0,2968.0,0.0,0.00390625,0.2109375,0.0859375,0
17029418.0,7032.0,1.0,0.1937255859,-0.6868896484,0.2805786133,0.6418457031
17032386.0,2968.0,0.0,0.04296875,0.2109375,0.0859375,0
17039418.0,7032.0,1.0,0.1937255859,-0.6868896484,0.2805786133,0.6418457031
17042386.0,2968.0,0.0,-0.00390625,-0.015625,0.046875,0
17048418.0,6032.0,1.0,0.1937866211,-0.6868896484,0.2805786133,0.6418457031
17051386.0,2968.0,0.0,-0.0390625,-0.0546875,0.046875,0
17059418.0,8032.0,1.0,0.1937866211,-0.6868896484,0.2805786133,0.6418457031
17062386.0,2968.0,0.0,-0.00390625,-0.0546875,-0.06640625,0
17069418.0,7032.0,1.0,0.1937866211,-0.6868896484,0.2805786133,0.641784668
17072386.0,2968.0,0.0,-0.00390625,-0.0546875,-0.02734375,0
17079418.0,7032.0,1.0,0.1937866211,-0.6868896484,0.2805786133,0.641784668
17082386.0,2968.0,0.0,-0.00390625,-0.015625,0.0078125,0
17088418.0,6032.0,1.0,0.1937866211,-0.6868896484,0.2805175781,0.641784668
17091386.0,2968.0,0.0,-0.0390625,0.01171875,0.046875,0
17099418.0,8032.0,1.0,0.1937866211,-0.6868896484,0.2805175781,0.641784668
17102386.0,2968.0,0.0,-0.00390625,0.05078125,0.046875,0
17109418.0,7032.0,1.0,0.1937866211,-0.6868896484,0.2805175781,0.641784668
17112386.0,2968.0,0.0,-0.0390625,-0.0234375,0.046875,0
17119418.0,7032.0,1.0,0.1937866211,-0.6868896484,0.2805175781,0.641784668
17122386.0,2968.0,0.0,0.00390625,0.01171875,-0.02734375,0
17129418.0,7032.0,1.0,0.1937866211,-0.6868896484,0.2805175781,0.641784668
17132386.0,2968.0,0.0,0.00390625,0.01171875,-0.14453125,0
17139418.0,7032.0,1.0,0.1937866211,-0.6868896484,0.2805175781,0.6418457031
17142386.0,2968.0,0.0,0.00390625,0.05078125,-0.18359375,0
17148418.0,6032.0,1.0,0.1937866211,-0.6868896484,0.280456543,0.6418457031
17151386.0,2968.0,0.0,0.00390625,0.12890625,-0.296875,0
17159418.0,8032.0,1.0,0.1937866211,-0.6868896484,0.280456543,0.6418457031
17162386.0,2968.0,0.0,0.00390625,0.12890625,-0.25,0
17169418.0,7032.0,1.0,0.1938476563,-0.6868286133,0.2803955078,0.6419067383
17172386.0,2968.0,0.0,-0.03125,0.12890625,-0.2890625,0
17179418.0,7032.0,1.0,0.1937866211,-0.6868286133,0.2802734375,0.6419677734
17182386.0,2968.0,0.0,-0.03125,0.01171875,-0.28125,0
17188418.0,6032.0,1.0,0.1937866211,-0.6868286133,0.2802124023,0.6420288086
17191386.0,2968.0,0.0,-0.03125,-0.21484375,-0.234375,0
17199418.0,8032.0,1.0,0.1938476563,-0.6867675781,0.2802124023,0.6420288086
17203386.0,3968.0,0.0,-0.03125,-0.25390625,-0.1875,0
17209418.0,6032.0,1.0,0.1939697266,-0.686706543,0.2802734375,0.6420898438
17212386.0,2968.0,0.0,0.00390625,-0.24609375,-0.08203125,0
17219418.0,7032.0,1.0,0.194152832,-0.6866455078,0.280456543,0.6420288086
17222386.0,2968.0,0.0,0.00390625,-0.20703125,0.078125,0
17229418.0,7032.0,1.0,0.1943969727,-0.6865234375,0.2807006836,0.6419677734
17232386.0,2968.0,0.0,-0.0234375,-0.0546875,0.15625,0
17239418.0,7032.0,1.0,0.1946411133,-0.6864624023,0.2808227539,0.6419067383
17243386.0,3968.0,0.0,0.16015625,2.04296875,1.265625,0
17249418.0,6032.0,1.0,0.1946411133,-0.6864624023,0.2807617188,0.6419067383
17252386.0,2968.0,0.0,-0.26171875,0.1953125,0.109375,0
17259418.0,7032.0,1.0,0.1944580078,-0.6864624023,0.2806396484,0.6420288086
17262386.0,2968.0,0.0,0.00390625,-0.875,-0.390625,0
17268418.0,6032.0,1.0,0.194519043,-0.6864013672,0.2806396484,0.6420288086
17271386.0,2968.0,0.0,-0.1484375,0.7734375,-1.35546875,0
17278418.0,7032.0,1.0,0.1945800781,-0.686340332,0.2805786133,0.6421508789
17281386.0,2968.0,0.0,-0.0234375,0.12109375,-0.625,0
17289418.0,8032.0,1.0,0.1945800781,-0.6862792969,0.280456543,0.6422729492
17292386.0,2968.0,0.0,0.12890625,-0.22265625,-0.203125,0
17299418.0,7032.0,1.0,0.1946411133,-0.6862182617,0.280456543,0.6423339844
17302386.0,2968.0,0.0,-0.0234375,-0.109375,-0.2890625,0
17308418.0,6032.0,1.0,0.1947021484,-0.6860961914,0.2803955078,0.6424560547
17311386.0,2968.0,0.0,0.05078125,-0.4140625,-0.13671875,0
17319418.0,8032.0,1.0,0.1947021484,-0.6859741211,0.280456543,0.6425170898
17322386.0,2968.0,0.0,-0.0625,-0.34765625,-0.18359375,0
17329418.0,7032.0,1.0,0.1947631836,-0.6858520508,0.280456543,0.6426391602
17332386.0,2968.0,0.0,0.01171875,0.2265625,-0.21875,0
17338418.0,6032.0,1.0,0.1947631836,-0.6857299805,0.2803955078,0.6427612305
17341386.0,2968.0,0.0,-0.0234375,-0.00390625,-0.11328125,0
17348418.0,7032.0,1.0,0.1948242188,-0.6856079102,0.2803955078,0.6429443359
17351386.0,2968.0,0.0,0.01171875,0.15234375,0.0390625,0
17359418.0,8032.0,1.0,0.1948242188,-0.6854858398,0.2803344727,0.6430664063
17362386.0,2968.0,0.0,-0.0234375,-0.26953125,0.0703125,0
17369418.0,7032.0,1.0,0.1948852539,-0.6853637695,0.2803344727,0.6432495117
17372386.0,2968.0,0.0,-0.0234375,-0.078125,0.109375,0
17378418.0,6032.0,1.0,0.1948852539,-0.6852416992,0.2803344727,0.643371582
17381386.0,2968.0,0.0,0.01171875,-0.15625,0.140625,0
17388418.0,7032.0,1.0,0.1949462891,-0.6850585938,0.2803344727,0.6434936523
17391386.0,2968.0,0.0,0.01171875,0.11328125,0.17578125,0
17399418.0,8032.0,1.0,0.1949462891,-0.6849975586,0.2803344727,0.6436157227
17402386.0,2968.0,0.0,0.01171875,0.11328125,0.16796875,0
17409418.0,7032.0,1.0,0.1949462891,-0.6848754883,0.2803344727,0.6436767578
17412386.0,2968.0,0.0,0.01171875,0.07421875,0.20703125,0
17419418.0,7032.0,1.0,0.1950073242,-0.684753418,0.2803344727,0.6437988281
17422386.0,2968.0,0.0,-0.0234375,0.09765625,0.19921875,0
17428418.0,6032.0,1.0,0.1950683594,-0.6846923828,0.2803344727,0.6438598633
17431386.0,2968.0,0.0,0.01171875,0.10546875,0.23828125,0
17439418.0,8032.0,1.0,0.1950683594,-0.6846313477,0.2803344727,0.6439819336
17442386.0,2968.0,0.0,-0.0234375,0.09765625,0.23828125,0
17449418.0,7032.0,1.0,0.1950683594,-0.6845703125,0.2803344727,0.6440429688
17452386.0,2968.0,0.0,-0.0234375,0.06640625,0.19921875,0
17459418.0,7032.0,1.0,0.1950683594,-0.6845092773,0.2802734375,0.6440429688
17462386.0,2968.0,0.0,-0.0234375,0.02734375,0.1171875,0
17469418.0,7032.0,1.0,0.1950683594,-0.6845092773,0.2802124023,0.6441040039
17472386.0,2968.0,0.0,-0.0234375,-0.01171875,0.078125,0
17479418.0,7032.0,1.0,0.1950683594,-0.6844482422,0.2802124023,0.6441650391
17482386.0,2968.0,0.0,0.01171875,-0.046875,0.0390625,0
17489418.0,7032.0,1.0,0.1951293945,-0.6844482422,0.2802124023,0.6441650391
17492386.0,2968.0,0.0,-0.0234375,-0.01171875,0.0390625,0
17499418.0,7032.0,1.0,0.1951293945,-0.684387207,0.2802124023,0.6442260742
17502386.0,2968.0,0.0,-0.0234375,-0.046875,0.0390625,0
17509418.0,7032.0,1.0,0.1951293945,-0.684387207,0.2802124023,0.6442260742
17512386.0,2968.0,0.0,-0.0234375,-0.125,0.0390625,0
17519418.0,7032.0,1.0,0.1951293945,-0.6843261719,0.2802124023,0.6442871094
17522386.0,2968.0,0.0,0.01171875,-0.203125,0.078125,0
17528418.0,6032.0,1.0,0.1951293945,-0.6843261719,0.2802124023,0.6442871094
17531386.0,2968.0,0.0,0.01953125,-0.203125,0.0390625,0
17539418.0,8032.0,1.0,0.1951293945,-0.6842651367,0.2802124023,0.6443481445
17542386.0,2968.0,0.0,-0.015625,-0.1640625,0.0703125,0
17549418.0,7032.0,1.0,0.1951293945,-0.6842651367,0.2802124023,0.6443481445
17552386.0,2968.0,0.0,-0.0234375,-0.24609375,0.03125,0
17559418.0,7032.0,1.0,0.1951293945,-0.6842041016,0.2802734375,0.6444091797
17562386.0,2968.0,0.0,0.01171875,-0.24609375,0.03125,0
17568418.0,6032.0,1.0,0.1950683594,-0.6842041016,0.2802734375,0.6444091797
17571386.0,2968.0,0.0,-0.0234375,-0.28515625,0.03125,0
17579418.0,8032.0,1.0,0.1950683594,-0.6841430664,0.2802734375,0.6444091797
17582386.0,2968.0,0.0,0.01171875,-0.28515625,0.03125,0
17589418.0,7032.0,1.0,0.1950073242,-0.6841430664,0.2803344727,0.6444702148
17592386.0,2968.0,0.0,-0.0234375,-0.33203125,0.03125,0
17599418.0,7032.0,1.0,0.1949462891,-0.6840820313,0.2803955078,0.6444702148
17602386.0,2968.0,0.0,-0.0234375,-0.33203125,0.0703125,0
17609418.0,7032.0,1.0,0.1948852539,-0.6840820313,0.280456543,0.6444702148
17612386.0,2968.0,0.0,-0.0234375,-0.33203125,0.4921875,0
17619418.0,7032.0,1.0,0.1948852539,-0.6840209961,0.2805786133,0.64453125
17623386.0,3968.0,0.0,-0.0234375,-0.63671875,1.01953125,0
17629418.0,6032.0,1.0,0.1948852539,-0.6839599609,0.2807617188,0.6444702148
17632386.0,2968.0,0.0,0.01171875,-0.83203125,1.48828125,0
17639418.0,7032.0,1.0,0.1950073242,-0.6839599609,0.2811889648,0.6442871094
17642386.0,2968.0,0.0,-0.0234375,-1.06640625,1.640625,0
17649418.0,7032.0,1.0,0.1954956055,-0.6837768555,0.282043457,0.6439208984
17652386.0,2968.0,0.0,-0.0234375,-1.44921875,1.609375,0
17659418.0,7032.0,1.0,0.1965332031,-0.6835327148,0.2834472656,0.6433105469
17663386.0,3968.0,0.0,-0.0234375,-1.10546875,1.3125,0
17669418.0,6032.0,1.0,0.1979370117,-0.6831054688,0.2853393555,0.6424560547
17672386.0,2968.0,0.0,-0.0234375,-0.83984375,0.96484375,0
17679418.0,7032.0,1.0,0.1996459961,-0.6826171875,0.2874755859,0.6415405273
17682386.0,2968.0,0.0,0.00390625,-0.72265625,0.140625,0
17689418.0,7032.0,1.0,0.2014770508,-0.6820678711,0.2897949219,0.6404418945
17692386.0,2968.0,0.0,-0.03125,-0.37890625,-0.08203125,0
17699418.0,7032.0,1.0,0.2033691406,-0.6815185547,0.292175293,0.6394042969
17703386.0,3968.0,0.0,0.05078125,-0.453125,-0.375,0
17709418.0,6032.0,1.0,0.2050170898,-0.6809692383,0.2943725586,0.6384277344
17712386.0,2968.0,0.0,0.00390625,-0.609375,-0.671875,0
17719418.0,7032.0,1.0,0.206237793,-0.6805419922,0.2961425781,0.6376953125
17722386.0,2968.0,0.0,-0.8359375,-0.9609375,-1.0078125,0
17729418.0,7032.0,1.0,0.2069702148,-0.6801757813,0.2976074219,0.6371459961
17732386.0,2968.0,0.0,-1.06640625,-0.9296875,-1.4609375,0
17739418.0,7032.0,1.0,0.2071533203,-0.6798095703,0.2987060547,0.6369628906
17742386.0,2968.0,0.0,-1.17578125,-1.08984375,-1.69140625,0
17749418.0,7032.0,1.0,0.20703125,-0.6795043945,0.2995605469,0.6369018555
17752386.0,2968.0,0.0,-1.40234375,-1.25390625,-1.76171875,0
17758418.0,6032.0,1.0,0.2066650391,-0.6791381836,0.3002929688,0.6370849609
17761386.0,2968.0,0.0,-2.1015625,-1.26953125,-2.21875,0
17769418.0,8032.0,1.0,0.2059326172,-0.6787719727,0.3010253906,0.6373901367
17772386.0,2968.0,0.0,-2.37109375,-1.328125,-2.41015625,0
17779418.0,7032.0,1.0,0.2049560547,-0.6783447266,0.301574707,0.637878418
17782386.0,2968.0,0.0,-2.484375,-1.5078125,-2.5703125,0
17789418.0,7032.0,1.0,0.2039794922,-0.6777954102,0.3021850586,0.6384887695
17792386.0,2968.0,0.0,-2.4453125,-1.7578125,-2.65625,0
17799418.0,7032.0,1.0,0.2031860352,-0.6770629883,0.3031616211,0.6390380859
17802386.0,2968.0,0.0,-2.25390625,-2.08984375,-2.6640625,0
17809418.0,7032.0,1.0,0.2028808594,-0.6760253906,0.3046875,0.6395263672
17812386.0,2968.0,0.0,-2.109375,-2.12109375,-2.671875,0
17819418.0,7032.0,1.0,0.2030639648,-0.6746826172,0.3067016602,0.6399536133
17822386.0,2968.0,0.0,-1.99609375,-2.06640625,-2.6796875,0
17829418.0,7032.0,1.0,0.2036132813,-0.673034668,0.3092041016,0.6402587891
17832386.0,2968.0,0.0,-1.7578125,-1.9921875,-2.6171875,0
17839418.0,7032.0,1.0,0.2044067383,-0.6712036133,0.3118896484,0.640625
17842386.0,2968.0,0.0,-1.34375,-1.2890625,-2.55859375,0
17849418.0,7032.0,1.0,0.2051391602,-0.6691894531,0.3146362305,0.6411743164
17852386.0,2968.0,0.0,-1.11328125,-1.08984375,-2.48828125,0
17859418.0,7032.0,1.0,0.2056274414,-0.667175293,0.3171386719,0.6419067383
17862386.0,2968.0,0.0,-0.84375,-1.12109375,-2.47265625,0
17869418.0,7032.0,1.0,0.2059936523,-0.6649780273,0.3195800781,0.6428222656
17872386.0,2968.0,0.0,-0.35546875,-1.3515625,-2.26953125,0
17879418.0,7032.0,1.0,0.2065429688,-0.6625976563,0.3222045898,0.6437988281
17882386.0,2968.0,0.0,-0.1171875,-1.20703125,-2.18359375,0
17889418.0,7032.0,1.0,0.2072143555,-0.6599731445,0.3249511719,0.6448974609
17892386.0,2968.0,0.0,0.03515625,-0.9375,-2.09375,0
17899418.0,7032.0,1.0,0.207824707,-0.6571655273,0.3276977539,0.6461181641
17902386.0,2968.0,0.0,0.10546875,-0.78515625,-1.90234375,0
17909418.0,7032.0,1.0,0.208190918,-0.6544189453,0.3301391602,0.647644043
17912386.0,2968.0,0.0,0.2578125,-0.6328125,-1.7890625,0
17919418.0,7032.0,1.0,0.208190918,-0.6514282227,0.3323364258,0.6495361328
17922386.0,2968.0,0.0,0.37109375,-0.7265625,-1.7890625,0
17931418.0,9032.0,1.0,0.2077636719,-0.6485595703,0.3340454102,0.6516113281
17934386.0,2968.0,0.0,0.52734375,-0.66796875,-1.94921875,0
17939418.0,5032.0,1.0,0.2069702148,-0.6456298828,0.3353271484,0.6541137695
17942386.0,2968.0,0.0,0.6796875,-0.75,-2.16796875,0
17948418.0,6032.0,1.0,0.2059936523,-0.6425170898,0.3364868164,0.6569213867
17951386.0,2968.0,0.0,0.86328125,-1.265625,-2.17578125,0
17959418.0,8032.0,1.0,0.205078125,-0.6391601563,0.3376464844,0.6598510742
17962386.0,2968.0,0.0,1.0859375,-1.47265625,-2.20703125,0
17969418.0,7032.0,1.0,0.2044677734,-0.6354980469,0.3391723633,0.6627807617
17972386.0,2968.0,0.0,1.0,-1.65234375,-2.0390625,0
17979418.0,7032.0,1.0,0.204284668,-0.6315917969,0.3411254883,0.6655883789
17982386.0,2968.0,0.0,0.91796875,-1.62890625,-1.95703125,0
17989418.0,7032.0,1.0,0.204284668,-0.6274414063,0.3432617188,0.6683349609
17992386.0,2968.0,0.0,0.9453125,-0.88671875,-1.90234375,0
17999418.0,7032.0,1.0,0.204284668,-0.6231689453,0.3453979492,0.6713256836
18003386.0,3968.0,0.0,0.82421875,-0.55859375,-1.8671875,0
18009418.0,6032.0,1.0,0.2038574219,-0.6188354492,0.3471679688,0.6745605469
18012386.0,2968.0,0.0,0.80859375,-0.4765625,-1.90625,0
18019418.0,7032.0,1.0,0.2030639648,-0.6145019531,0.3485107422,0.6780395508
18022386.0,2968.0,0.0,0.87890625,-0.76953125,-1.87109375,0
18029418.0,7032.0,1.0,0.2022094727,-0.6099853516,0.3498535156,0.6817016602
18032386.0,2968.0,0.0,1.359375,-1.26171875,-1.83984375,0
18039418.0,7032.0,1.0,0.2014770508,-0.6051635742,0.3513793945,0.6853637695
18042386.0,2968.0,0.0,1.60546875,-1.0625,-1.8203125,0
18049418.0,7032.0,1.0,0.2009277344,-0.6001586914,0.3530273438,0.6890258789
18052386.0,2968.0,0.0,1.63671875,-0.93359375,-1.75390625,0
18059418.0,7032.0,1.0,0.2004394531,-0.594909668,0.3548583984,0.6928100586
18062386.0,2968.0,0.0,1.83984375,-0.703125,-1.30859375,0
18069418.0,7032.0,1.0,0.1999511719,-0.5895385742,0.3566894531,0.6965942383
18072386.0,2968.0,0.0,1.97265625,-0.5078125,-1.2890625,0
18079418.0,7032.0,1.0,0.1993408203,-0.583984375,0.3584594727,0.7005615234
18083386.0,3968.0,0.0,2.140625,-0.36328125,-1.390625,0
18089418.0,6032.0,1.0,0.1986083984,-0.5783081055,0.3599853516,0.7045898438
18092386.0,2968.0,0.0,2.25390625,-0.48046875,-1.4453125,0
18099418.0,7032.0,1.0,0.1979370117,-0.5727539063,0.3615722656,0.7085571289
18102386.0,2968.0,0.0,2.53515625,-1.1640625,-1.48046875,0
18112418.0,10032.0,1.0,0.1976318359,-0.5667114258,0.3635864258,0.7124023438
18115386.0,2968.0,0.0,2.6953125,-1.05078125,-1.41796875,0
18119418.0,4032.0,1.0,0.1976928711,-0.5599975586,0.3662719727,0.7163085938
18123386.0,3968.0,0.0,2.6953125,-0.453125,-1.26171875,0
18129418.0,6032.0,1.0,0.1976318359,-0.5534057617,0.3688964844,0.7200927734
18132386.0,2968.0,0.0,2.58203125,0.08203125,-0.89453125,0
18139418.0,7032.0,1.0,0.1971435547,-0.5472412109,0.3707885742,0.7239990234
18142386.0,2968.0,0.0,2.49609375,0.5703125,-0.46875,0
18149418.0,7032.0,1.0,0.1959838867,-0.5405883789,0.372253418,0.728515625
18152386.0,2968.0,0.0,2.37109375,0.359375,-0.39453125,0
18159418.0,7032.0,1.0,0.1947021484,-0.5341796875,0.3734130859,0.7330322266
18162386.0,2968.0,0.0,2.36328125,0.25390625,-0.34765625,0
18169418.0,7032.0,1.0,0.1932983398,-0.5276489258,0.3745727539,0.737487793
18172386.0,2968.0,0.0,2.546875,0.234375,-0.58203125,0
18179418.0,7032.0,1.0,0.1920166016,-0.5208740234,0.3759765625,0.7419433594
18182386.0,2968.0,0.0,2.98828125,0.48828125,-0.546875,0
18189418.0,7032.0,1.0,0.1907348633,-0.5141601563,0.3774414063,0.7461547852
18192386.0,2968.0,0.0,2.96484375,0.70703125,-0.76171875,0
18199418.0,7032.0,1.0,0.1893920898,-0.5073242188,0.3789672852,0.7504272461
18202386.0,2968.0,0.0,2.98046875,0.61328125,-0.53515625,0
18209418.0,7032.0,1.0,0.1879882813,-0.5003662109,0.3804931641,0.754699707
18212386.0,2968.0,0.0,2.953125,0.2578125,0.015625,0
18219418.0,7032.0,1.0,0.1864624023,-0.493347168,0.3819580078,0.7589111328
18222386.0,2968.0,0.0,3.046875,0.9375,0.16796875,0
18232418.0,10032.0,1.0,0.1848144531,-0.4865722656,0.3831176758,0.7631225586
18235386.0,2968.0,0.0,2.78515625,0.96875,0.21875,0
18240418.0,5032.0,1.0,0.1826171875,-0.4795532227,0.3837890625,0.7677001953
18243386.0,2968.0,0.0,2.4765625,0.875,-0.0234375,0
18249418.0,6032.0,1.0,0.1802978516,-0.47265625,0.3842773438,0.772277832
18252386.0,2968.0,0.0,2.3203125,0.09765625,-0.25390625,0
18259418.0,7032.0,1.0,0.1781005859,-0.4658203125,0.3850097656,0.776550293
18262386.0,2968.0,0.0,2.40234375,-0.0234375,-0.515625,0
18269418.0,7032.0,1.0,0.1762695313,-0.4586181641,0.3865356445,0.7805175781
18272386.0,2968.0,0.0,2.5078125,0.15625,-0.92578125,0
18279418.0,7032.0,1.0,0.1748657227,-0.4512329102,0.3888549805,0.783996582
18282386.0,2968.0,0.0,2.5859375,0.171875,-1.05859375,0
18289418.0,7032.0,1.0,0.1737670898,-0.4439697266,0.3917236328,0.7869262695
18292386.0,2968.0,0.0,2.98828125,0.98828125,-0.75390625,0
18299418.0,7032.0,1.0,0.172668457,-0.4360351563,0.3951416016,0.7899169922
18302386.0,2968.0,0.0,3.0859375,1.953125,-0.37109375,0
18309418.0,7032.0,1.0,0.1711425781,-0.428527832,0.3977050781,0.7930297852
18312386.0,2968.0,0.0,3.0390625,2.9609375,-0.1875,0
18319418.0,7032.0,1.0,0.1685791016,-0.4213867188,0.3986816406,0.796875
18322386.0,2968.0,0.0,2.82421875,3.2578125,-0.0234375,0
18329418.0,7032.0,1.0,0.165222168,-0.4151611328,0.3977661133,0.8013305664
18332386.0,2968.0,0.0,2.8515625,2.23046875,-0.0546875,0
18339418.0,7032.0,1.0,0.1610107422,-0.4086303711,0.3957519531,0.8065185547
18342386.0,2968.0,0.0,2.75,1.41015625,-0.30078125,0
18349418.0,7032.0,1.0,0.1567382813,-0.4020996094,0.3936157227,0.8116455078
18352386.0,2968.0,0.0,2.6484375,0.95703125,-0.47265625,0
18359418.0,7032.0,1.0,0.1528930664,-0.3956298828,0.3921508789,0.8162841797
18362386.0,2968.0,0.0,2.69921875,0.89453125,-0.70703125,0
18372418.0,10032.0,1.0,0.1494750977,-0.3890991211,0.3913574219,0.8204345703
18375386.0,2968.0,0.0,2.515625,1.48828125,-0.8515625,0
18379418.0,4032.0,1.0,0.1460571289,-0.3820800781,0.3908691406,0.8245849609
18382386.0,2968.0,0.0,2.48828125,1.71875,-0.578125,0
18389418.0,7032.0,1.0,0.1427001953,-0.3752441406,0.3903808594,0.8284912109
18392386.0,2968.0,0.0,2.53125,1.9609375,-0.44140625,0
18399418.0,7032.0,1.0,0.1392211914,-0.3684692383,0.3895263672,0.8325195313
18402386.0,2968.0,0.0,2.4921875,2.08203125,-0.4453125,0
18409418.0,7032.0,1.0,0.1352539063,-0.362487793,0.3876342773,0.8366699219
18412386.0,2968.0,0.0,7.29296875,13.65234375,18.25390625,0
18419418.0,7032.0,1.0,0.12890625,-0.3588867188,0.3813476563,0.8421020508
18423386.0,3968.0,0.0,0.765625,25.87109375,46.453125,0
18429418.0,6032.0,1.0,0.1213378906,-0.3583984375,0.3724365234,0.8474121094
18432386.0,2968.0,0.0,8.33984375,13.8828125,7.0546875,0
18439418.0,7032.0,1.0,0.1149902344,-0.3591308594,0.3671875,0.8502807617
18442386.0,2968.0,0.0,3.859375,2.55859375,7.12890625,0
18449418.0,7032.0,1.0,0.1105957031,-0.3596801758,0.3668823242,0.850769043
18452386.0,2968.0,0.0,1.65234375,2.18359375,2.3515625,0
18459418.0,7032.0,1.0,0.1069335938,-0.360534668,0.3682861328,0.8502807617
18462386.0,2968.0,0.0,3.08984375,3.24609375,3.9453125,0
18469418.0,7032.0,1.0,0.1032714844,-0.3616943359,0.3696289063,0.849609375
18472386.0,2968.0,0.0,2.65625,1.62890625,1.25390625,0
18479418.0,7032.0,1.0,0.0999755859,-0.3627929688,0.3712768555,0.848815918
18482386.0,2968.0,0.0,3.3671875,-1.828125,-4.0390625,0
18489418.0,7032.0,1.0,0.096862793,-0.3637084961,0.3735961914,0.8477783203
18492386.0,2968.0,0.0,4.23046875,-0.1953125,-2.07421875,0
18499418.0,7032.0,1.0,0.0936279297,-0.3645629883,0.3750610352,0.8471069336
18503386.0,3968.0,0.0,3.671875,0.75390625,-0.59765625,0
18509418.0,6032.0,1.0,0.0899658203,-0.3656005859,0.3753662109,0.8469848633
18512386.0,2968.0,0.0,3.46484375,1.41015625,0.4921875,0
18519418.0,7032.0,1.0,0.0862426758,-0.3666992188,0.3754272461,0.846862793
18522386.0,2968.0,0.0,3.21875,0.0859375,0.27734375,0
18534418.0,12032.0,1.0,0.0827636719,-0.3677368164,0.3762817383,0.8463745117
18538386.0,3968.0,0.0,1.93359375,-1.37109375,-0.3203125,0
18541418.0,3032.0,1.0,0.0797729492,-0.3687133789,0.3782348633,0.8453369141
18544386.0,2968.0,0.0,1.34375,-1.265625,-0.80859375,0
18549418.0,5032.0,1.0,0.0773925781,-0.3694458008,0.382019043,0.8435668945
18552386.0,2968.0,0.0,1.3203125,-1.328125,-0.75390625,0
18559418.0,7032.0,1.0,0.0759887695,-0.369934082,0.3873291016,0.8410644531
18562386.0,2968.0,0.0,0.1171875,1.53515625,-1.6640625,0
18569418.0,7032.0,1.0,0.075012207,-0.3702392578,0.3932495117,0.8381958008
18572386.0,2968.0,0.0,-0.17578125,3.55859375,-1.88671875,0
18579418.0,7032.0,1.0,0.0734863281,-0.3707885742,0.3975830078,0.8360595703
18582386.0,2968.0,0.0,-0.3828125,4.68359375,-1.69921875,0
18589418.0,7032.0,1.0,0.0708007813,-0.3716430664,0.3986816406,0.8353881836
18592386.0,2968.0,0.0,-0.0546875,4.8046875,-1.37109375,0
18599418.0,7032.0,1.0,0.0665893555,-0.3729248047,0.3961791992,0.8364257813
18602386.0,2968.0,0.0,0.12109375,4.23046875,-0.703125,0
18609418.0,7032.0,1.0,0.0610351562,-0.3744506836,0.3903198242,0.8388671875
18612386.0,2968.0,0.0,0.13671875,3.33984375,-0.9296875,0
18620418.0,8032.0,1.0,0.0545654297,-0.3760375977,0.3820800781,0.8424072266
18623386.0,2968.0,0.0,0.3203125,1.17578125,-0.64453125,0
18629418.0,6032.0,1.0,0.0477905273,-0.3774414063,0.3729248047,0.8463134766
18632386.0,2968.0,0.0,-0.19140625,1.20703125,4.1015625,0
18639418.0,7032.0,1.0,0.0416870117,-0.3786010742,0.3646850586,0.8496704102
18642386.0,2968.0,0.0,-0.4296875,1.56640625,6.0625,0
18649418.0,7032.0,1.0,0.0371704102,-0.379699707,0.3592529297,0.8516845703
18652386.0,2968.0,0.0,-0.1328125,1.98828125,5.30859375,0
18660418.0,8032.0,1.0,0.0343017578,-0.3806152344,0.3567504883,0.8524780273
18663386.0,2968.0,0.0,-0.67578125,1.890625,2.06640625,0
18669418.0,6032.0,1.0,0.0325317383,-0.3814697266,0.3559570313,0.8524780273
18672386.0,2968.0,0.0,-1.44140625,1.30859375,-0.27734375,0
18679418.0,7032.0,1.0,0.0309448242,-0.3823852539,0.3554077148,0.852355957
18682386.0,2968.0,0.0,-1.55859375,1.68359375,0.23046875,0
18689418.0,7032.0,1.0,0.0292358398,-0.3832397461,0.3544921875,0.8524169922
18692386.0,2968.0,0.0,-1.296875,1.19140625,-0.125,0
18700418.0,8032.0,1.0,0.0277099609,-0.3840942383,0.3536376953,0.8524780273
18703386.0,2968.0,0.0,-1.02734375,0.45703125,-0.78125,0
18709418.0,6032.0,1.0,0.0264282227,-0.3848876953,0.3529052734,0.8524169922
18712386.0,2968.0,0.0,-1.296875,2.80078125,1.20703125,0
18719418.0,7032.0,1.0,0.0249633789,-0.3858642578,0.3513183594,0.8526611328
18722386.0,2968.0,0.0,-2.25390625,2.234375,2.1953125,0
18729418.0,7032.0,1.0,0.022644043,-0.3870239258,0.3472290039,0.8538818359
18732386.0,2968.0,0.0,-2.125,2.765625,1.65234375,0
18740418.0,8032.0,1.0,0.0193481445,-0.3882446289,0.3403320313,0.8562011719
18743386.0,2968.0,0.0,-1.42578125,2.078125,1.99609375,0
18749418.0,6032.0,1.0,0.0153808594,-0.389465332,0.3314819336,0.8591918945
18752386.0,2968.0,0.0,0.46484375,-1.28515625,1.05078125,0
18759418.0,7032.0,1.0,0.0115966797,-0.3905639648,0.3226928711,0.862121582
18762386.0,2968.0,0.0,0.3203125,-2.109375,1.33203125,0
18769418.0,7032.0,1.0,0.0084228516,-0.3913574219,0.3148803711,0.8646240234
18772386.0,2968.0,0.0,-0.1328125,-2.8671875,0.81640625,0
18780418.0,8032.0,1.0,0.0061645508,-0.3919677734,0.3092651367,0.8664550781
18783386.0,2968.0,0.0,-0.0078125,-3.9921875,-1.08203125,0
18793418.0,10032.0,1.0,0.0053100586,-0.3922729492,0.3062744141,0.8673706055
18796386.0,2968.0,0.0,-0.1171875,-3.68359375,1.22265625,0
18800418.0,4032.0,1.0,0.0053710937,-0.3925170898,0.3051757813,0.8676147461
18803386.0,2968.0,0.0,0.07421875,-2.4453125,1.58203125,0
18810418.0,7032.0,1.0,0.0059204102,-0.3927612305,0.3046264648,0.8677368164
18813386.0,2968.0,0.0,-0.5,-2.08984375,1.8125,0
18819418.0,6032.0,1.0,0.0064697266,-0.3930053711,0.3038330078,0.8678588867
18822386.0,2968.0,0.0,0.20703125,-2.61328125,0.875,0
18829418.0,7032.0,1.0,0.0071411133,-0.3932495117,0.3029785156,0.8680419922
18832386.0,2968.0,0.0,0.16796875,-2.55859375,1.40625,0
18839418.0,7032.0,1.0,0.0083618164,-0.3934936523,0.3026123047,0.8680419922
18843386.0,3968.0,0.0,-0.359375,-2.08203125,1.86328125,0
18849418.0,6032.0,1.0,0.0102539063,-0.3938598633,0.3031616211,0.8676757813
18852386.0,2968.0,0.0,-0.91015625,-1.96875,1.94140625,0
18859418.0,7032.0,1.0,0.0126342773,-0.3944091797,0.3043212891,0.8670043945
18862386.0,2968.0,0.0,-1.1328125,-1.6171875,1.53515625,0
18869418.0,7032.0,1.0,0.0155029297,-0.3952636719,0.3056030273,0.8660888672
18872386.0,2968.0,0.0,-0.49609375,-1.00390625,1.60546875,0
18879418.0,7032.0,1.0,0.0184936523,-0.3961791992,0.3065185547,0.8652954102
18883386.0,3968.0,0.0,0.4140625,-0.56640625,0.74609375,0
18889418.0,6032.0,1.0,0.0215454102,-0.397277832,0.3068237305,0.8646240234
18892386.0,2968.0,0.0,0.37109375,-1.078125,0.9453125,0
18899418.0,7032.0,1.0,0.0242919922,-0.3983764648,0.3062133789,0.8642578125
18902386.0,2968.0,0.0,0.78515625,-0.43359375,1.0703125,0
18909418.0,7032.0,1.0,0.02734375,-0.3996582031,0.3049316406,0.8640136719
18912386.0,2968.0,0.0,1.0078125,-0.2421875,0.83984375,0
18919418.0,7032.0,1.0,0.0303344727,-0.4009399414,0.3032836914,0.8639526367
18922386.0,2968.0,0.0,1.09375,-0.80859375,0.53125,0
18929418.0,7032.0,1.0,0.0333251953,-0.4022216797,0.3012084961,0.8639526367
18932386.0,2968.0,0.0,1.3515625,-0.8203125,1.20703125,0
18939418.0,7032.0,1.0,0.0363769531,-0.4036865234,0.2985839844,0.8640136719
18942386.0,2968.0,0.0,1.7734375,-0.375,0.9296875,0
18949418.0,7032.0,1.0,0.0391845703,-0.4052124023,0.2954711914,0.8642578125
18952386.0,2968.0,0.0,1.921875,-0.421875,0.87890625,0
18960418.0,8032.0,1.0,0.0421142578,-0.4067993164,0.2920532227,0.8645629883
18963386.0,2968.0,0.0,2.2421875,-1.37890625,1.23046875,0
18969418.0,6032.0,1.0,0.0452880859,-0.4082641602,0.2891845703,0.8646240234
18972386.0,2968.0,0.0,2.51171875,-2.140625,1.375,0
18979418.0,7032.0,1.0,0.0490112305,-0.4096679688,0.2871704102,0.864440918
18982386.0,2968.0,0.0,3.1171875,-1.55078125,1.2578125,0
18989418.0,7032.0,1.0,0.0529785156,-0.4110107422,0.2855224609,0.8641357422
18992386.0,2968.0,0.0,3.34765625,-1.13671875,1.03125,0
19000418.0,8032.0,1.0,0.0569458008,-0.4122314453,0.2839355469,0.8638305664
19003386.0,2968.0,0.0,3.38671875,-1.234375,0.76171875,0
19009418.0,6032.0,1.0,0.0610961914,-0.4134521484,0.2824707031,0.8634643555
19012386.0,2968.0,0.0,3.16015625,-1.4765625,1.09765625,0
19019418.0,7032.0,1.0,0.0653076172,-0.4145507813,0.2808227539,0.8631591797
19022386.0,2968.0,0.0,2.921875,-1.1484375,0.9453125,0
19029418.0,7032.0,1.0,0.0693359375,-0.4157714844,0.2786865234,0.8629150391
19032386.0,2968.0,0.0,2.9609375,-1.19140625,0.5078125,0
19040418.0,8032.0,1.0,0.0729370117,-0.4169921875,0.2758789063,0.8629760742
19043386.0,2968.0,0.0,3.03125,-1.54296875,0.30859375,0
19049418.0,6032.0,1.0,0.076171875,-0.4182739258,0.2727661133,0.8630371094
19052386.0,2968.0,0.0,2.87109375,-2.9609375,1.7109375,0
19059418.0,7032.0,1.0,0.0797729492,-0.4196777344,0.2699584961,0.8629150391
19062386.0,2968.0,0.0,3.1328125,-3.07421875,1.46484375,0
19072418.0,10032.0,1.0,0.0833740234,-0.421081543,0.2681884766,0.8624267578
19075386.0,2968.0,0.0,3.36328125,-3.125,1.3515625,0
19080418.0,5032.0,1.0,0.0871582031,-0.4226074219,0.2670288086,0.8616943359
19083386.0,2968.0,0.0,3.39453125,-3.18359375,1.3203125,0
19089418.0,6032.0,1.0,0.0910644531,-0.4243774414,0.2664794922,0.8605957031
19092386.0,2968.0,0.0,3.43359375,-3.55859375,1.14453125,0
19099418.0,7032.0,1.0,0.0952148438,-0.4263305664,0.2667236328,0.8590698242
19102386.0,2968.0,0.0,3.42578125,-3.62890625,0.79296875,0
19109418.0,7032.0,1.0,0.0994262695,-0.4284057617,0.2677612305,0.8572998047
19112386.0,2968.0,0.0,3.3515625,-3.55859375,0.21875,0
19120418.0,8032.0,1.0,0.103515625,-0.4306030273,0.2691650391,0.8552246094
19123386.0,2968.0,0.0,3.05078125,-3.07421875,-0.5390625,0
19129418.0,6032.0,1.0,0.1074829102,-0.4331054688,0.2705688477,0.8530273438
19132386.0,2968.0,0.0,2.203125,-2.9375,-1.25,0
19140418.0,8032.0,1.0,0.1110839844,-0.4359130859,0.2717285156,0.850769043
19144386.0,3968.0,0.0,2.2890625,-3.09765625,-1.12109375,0
19150418.0,6032.0,1.0,0.1143188477,-0.4392089844,0.2727050781,0.8483276367
19153386.0,2968.0,0.0,2.640625,-3.21875,-1.890625,0
19160418.0,7032.0,1.0,0.1172485352,-0.4429321289,0.2738037109,0.8455810547
19163386.0,2968.0,0.0,2.97265625,-3.37890625,-1.74609375,0
19169418.0,6032.0,1.0,0.1198730469,-0.4471435547,0.2750244141,0.8426513672
19172386.0,2968.0,0.0,3.2109375,-2.0546875,-2.125,0
19180418.0,8032.0,1.0,0.1217041016,-0.4520263672,0.2756347656,0.8395385742
19183386.0,2968.0,0.0,2.62109375,-0.828125,-2.26953125,0
19190418.0,7032.0,1.0,0.1228637695,-0.4574584961,0.2756958008,0.8364257813
19193386.0,2968.0,0.0,1.6484375,-1.5546875,-3.5625,0
19200418.0,7032.0,1.0,0.1234741211,-0.4630126953,0.2754516602,0.8333740234
19203386.0,2968.0,0.0,-1.27734375,0.09375,-4.85546875,0
19209418.0,6032.0,1.0,0.1235961914,-0.46875,0.2747802734,0.8303222656
19212386.0,2968.0,0.0,-2.44140625,1.05859375,-5.3359375,0
19220418.0,8032.0,1.0,0.1229858398,-0.4747924805,0.2730102539,0.8275756836
19224386.0,3968.0,0.0,-3.2109375,1.23046875,-5.3671875,0
19230418.0,6032.0,1.0,0.1215209961,-0.4810791016,0.2700195313,0.8251342773
19233386.0,2968.0,0.0,-3.5390625,0.87890625,-5.3671875,0
19239418.0,6032.0,1.0,0.1195068359,-0.4876098633,0.2659912109,0.8229370117
19242386.0,2968.0,0.0,-3.24609375,0.64453125,-4.63671875,0
19252418.0,10032.0,1.0,0.1171875,-0.4943237305,0.2614746094,0.8207397461
19255386.0,2968.0,0.0,-2.6484375,-0.421875,-3.1796875,0
19259418.0,4032.0,1.0,0.1148681641,-0.5012207031,0.2569580078,0.8182373047
19262386.0,2968.0,0.0,-1.66796875,-0.65625,-2.21875,0
19270418.0,8032.0,1.0,0.1125488281,-0.5085449219,0.252746582,0.8153686523
19273386.0,2968.0,0.0,-0.44921875,-0.921875,-1.66015625,0
19279418.0,6032.0,1.0,0.1105957031,-0.5154418945,0.2494506836,0.8123168945
19282386.0,2968.0,0.0,0.57421875,-1.0078125,-1.37109375,0
19290418.0,8032.0,1.0,0.108581543,-0.5230712891,0.2467041016,0.8085327148
19293386.0,2968.0,0.0,0.8359375,-0.4140625,-2.05078125,0
19300418.0,7032.0,1.0,0.1067504883,-0.530456543,0.2445678711,0.8046264648
19303386.0,2968.0,0.0,0.7734375,1.01953125,-3.4609375,0
19310418.0,7032.0,1.0,0.1047973633,-0.5377197266,0.2424926758,0.8006591797
19313386.0,2968.0,0.0,0.3828125,2.25390625,-5.05078125,0
19320418.0,7032.0,1.0,0.1026611328,-0.5447998047,0.2399902344,0.796875
19323386.0,2968.0,0.0,-1.33203125,1.6484375,-7.64453125,0
19330418.0,7032.0,1.0,0.1000366211,-0.5521240234,0.2368774414,0.7931518555
19333386.0,2968.0,0.0,-2.953125,0.9765625,-7.48828125,0
19340418.0,7032.0,1.0,0.0969848633,-0.5593261719,0.2332763672,0.7895507813
19343386.0,2968.0,0.0,-4.96875,0.1171875,-6.0625,0
19350418.0,7032.0,1.0,0.0936889648,-0.5663452148,0.2298583984,0.7858886719
19353386.0,2968.0,0.0,-6.64453125,0.01171875,-4.91015625,0
19360418.0,7032.0,1.0,0.0905761719,-0.5729370117,0.227355957,0.7822265625
19363386.0,2968.0,0.0,-8.94140625,-1.83203125,-3.98828125,0
19373418.0,10032.0,1.0,0.0879516602,-0.578918457,0.2263793945,0.7783813477
19376386.0,2968.0,0.0,-9.70703125,-1.00390625,-5.2421875,0
19381418.0,5032.0,1.0,0.0855712891,-0.5848999023,0.2268676758,0.7739868164
19384386.0,2968.0,0.0,-9.8984375,-0.74609375,-6.015625,0
19390418.0,6032.0,1.0,0.0836181641,-0.5900878906,0.2286376953,0.7697753906
19393386.0,2968.0,0.0,-9.1015625,-0.73046875,-5.19921875,0
19400418.0,7032.0,1.0,0.0819702148,-0.5949707031,0.2315673828,0.7652587891
19403386.0,2968.0,0.0,-7.546875,-0.30078125,-4.859375,0
19410418.0,7032.0,1.0,0.0806884766,-0.599609375,0.2354125977,0.7606201172
19413386.0,2968.0,0.0,-7.40625,-1.60546875,-4.796875,0
19420418.0,7032.0,1.0,0.0794677734,-0.6040649414,0.2395019531,0.7559204102
19423386.0,2968.0,0.0,-6.81640625,0.68359375,-4.87890625,0
19429418.0,6032.0,1.0,0.078125,-0.6081542969,0.2432250977,0.7515869141
19432386.0,2968.0,0.0,-7.18359375,-0.00390625,-8.22265625,0
19440418.0,8032.0,1.0,0.0765991211,-0.6121826172,0.2468261719,0.747253418
19443386.0,2968.0,0.0,-6.984375,0.56640625,-9.9375,0
19450418.0,7032.0,1.0,0.0750732422,-0.6157836914,0.2499389648,0.7434082031
19453386.0,2968.0,0.0,-6.2890625,1.10546875,-7.78125,0
19460418.0,7032.0,1.0,0.0734863281,-0.6192016602,0.2528076172,0.7398071289
19463386.0,2968.0,0.0,-5.703125,0.0,-6.4765625,0
19469418.0,6032.0,1.0,0.0718994141,-0.6223144531,0.2555541992,0.7363891602
19472386.0,2968.0,0.0,-4.34765625,-1.83984375,-2.4609375,0
19480418.0,8032.0,1.0,0.0704345703,-0.6254882813,0.2589111328,0.7326049805
19483386.0,2968.0,0.0,-4.00390625,-1.03515625,-2.2265625,0
19490418.0,7032.0,1.0,0.0692138672,-0.6286010742,0.2625732422,0.7287597656
19493386.0,2968.0,0.0,-3.8125,-0.1171875,-2.33984375,0
19500418.0,7032.0,1.0,0.0679321289,-0.6315307617,0.2661132813,0.7250976563
19503386.0,2968.0,0.0,-3.26953125,-0.921875,-2.53125,0
19512418.0,9032.0,1.0,0.0667114258,-0.6343383789,0.2693481445,0.7215576172
19515386.0,2968.0,0.0,-2.9609375,-1.34375,-4.4140625,0
19520418.0,5032.0,1.0,0.0657958984,-0.6370239258,0.272644043,0.7180175781
19523386.0,2968.0,0.0,-3.11328125,-1.52734375,-5.03125,0
19530418.0,7032.0,1.0,0.0650634766,-0.6396484375,0.2760009766,0.7144775391
19533386.0,2968.0,0.0,-2.08203125,0.046875,-5.91796875,0
19540418.0,7032.0,1.0,0.064453125,-0.6421508789,0.2786254883,0.7112426758
19543386.0,2968.0,0.0,-1.46875,0.53125,-5.01171875,0
19550418.0,7032.0,1.0,0.0638427734,-0.6448364258,0.2808227539,0.7080078125
19553386.0,2968.0,0.0,0.07421875,-0.90234375,-1.4609375,0
19560418.0,7032.0,1.0,0.0631713867,-0.6477661133,0.2825317383,0.7047119141
19564386.0,3968.0,0.0,-0.578125,-0.2578125,-1.24609375,0
19570418.0,6032.0,1.0,0.0623168945,-0.6508178711,0.2838134766,0.7014770508
19573386.0,2968.0,0.0,-1.4921875,0.0,-1.265625,0
19580418.0,7032.0,1.0,0.0615844727,-0.6537475586,0.2848510742,0.6983642578
19583386.0,2968.0,0.0,-2.02734375,0.19140625,-2.62890625,0
19590418.0,7032.0,1.0,0.0610351562,-0.6564941406,0.2857666016,0.6954345703
19593386.0,2968.0,0.0,-0.9375,1.07421875,-3.609375,0
19600418.0,7032.0,1.0,0.0604248047,-0.6591186523,0.2864379883,0.6927490234
19604386.0,3968.0,0.0,0.6328125,0.078125,-3.25390625,0
19610418.0,6032.0,1.0,0.0596923828,-0.6618652344,0.2869873047,0.6899414063
19613386.0,2968.0,0.0,1.28515625,0.19921875,-0.83203125,0
19620418.0,7032.0,1.0,0.0589599609,-0.6646118164,0.2875366211,0.6870727539
19623386.0,2968.0,0.0,0.78515625,-1.140625,0.55859375,0
19630418.0,7032.0,1.0,0.0581054687,-0.6676025391,0.2882080078,0.6839599609
19633386.0,2968.0,0.0,-0.2109375,0.859375,0.61328125,0
19640418.0,7032.0,1.0,0.0570068359,-0.6704101563,0.2886962891,0.6811523438
19643386.0,2968.0,0.0,-0.6328125,-0.2890625,-0.06640625,0
19650418.0,7032.0,1.0,0.055847168,-0.6731567383,0.2890625,0.6783447266
19653386.0,2968.0,0.0,-0.2109375,-1.66796875,-0.90234375,0
19659418.0,6032.0,1.0,0.0546875,-0.67578125,0.2895507813,0.6755981445
19662386.0,2968.0,0.0,-0.6328125,-0.328125,-1.390625,0
19670418.0,8032.0,1.0,0.0534057617,-0.6786499023,0.2901000977,0.6726074219
19673386.0,2968.0,0.0,-0.44921875,0.0546875,-2.29296875,0
19680418.0,7032.0,1.0,0.0520019531,-0.6812744141,0.2905273438,0.6698608398
19683386.0,2968.0,0.0,-0.2578125,1.01171875,-1.0625,0
19690418.0,7032.0,1.0,0.0504760742,-0.6837768555,0.2909545898,0.6672363281
19693386.0,2968.0,0.0,0.04296875,0.8828125,-0.21875,0
19700418.0,7032.0,1.0,0.0486450195,-0.6862182617,0.2913818359,0.6647338867
19703386.0,2968.0,0.0,1.51953125,1.37109375,0.81640625,0
19710418.0,7032.0,1.0,0.0463256836,-0.6887207031,0.2914428711,0.6622314453
19713386.0,2968.0,0.0,1.8203125,0.4375,1.8125,0
19720418.0,7032.0,1.0,0.0433959961,-0.69140625,0.2911987305,0.6597290039
19723386.0,2968.0,0.0,1.88671875,-1.1875,2.12109375,0
19732418.0,9032.0,1.0,0.0402832031,-0.6940307617,0.2908935547,0.6572875977
19735386.0,2968.0,0.0,1.4140625,-1.70703125,1.04296875,0
19742418.0,7032.0,1.0,0.0369262695,-0.6967773438,0.2905883789,0.6547851563
19745386.0,2968.0,0.0,0.01171875,-0.84375,-0.91796875,0
19750418.0,5032.0,1.0,0.033203125,-0.6995239258,0.2901000977,0.6522216797
19753386.0,2968.0,0.0,-0.6484375,0.8125,-2.5234375,0
19760418.0,7032.0,1.0,0.0296020508,-0.7017822266,0.2894897461,0.6502075195
19763386.0,2968.0,0.0,-0.671875,-0.16796875,-2.42578125,0
19770418.0,7032.0,1.0,0.0255126953,-0.7041015625,0.2887573242,0.6482543945
19773386.0,2968.0,0.0,0.3828125,-0.046875,3.0,0
19780418.0,7032.0,1.0,0.0212402344,-0.7064208984,0.2881469727,0.6461181641
19783386.0,2968.0,0.0,0.20703125,-1.04296875,4.56640625,0
19790418.0,7032.0,1.0,0.0166015625,-0.7088012695,0.287902832,0.643737793
19793386.0,2968.0,0.0,-0.12109375,-0.2578125,4.58984375,0
19800418.0,7032.0,1.0,0.01171875,-0.7111206055,0.2881469727,0.6412353516
19803386.0,2968.0,0.0,-0.4609375,-0.9921875,4.35546875,0
19810418.0,7032.0,1.0,0.0071411133,-0.7130737305,0.2891235352,0.6386108398
19813386.0,2968.0,0.0,-1.33984375,-2.6171875,2.546875,0
19820418.0,7032.0,1.0,0.0022583008,-0.7150268555,0.291015625,0.6356201172
19823386.0,2968.0,0.0,-1.92578125,-2.83984375,1.20703125,0
19830418.0,7032.0,1.0,0.0025634766,0.7166748047,-0.2936401367,-0.6325683594
19833386.0,2968.0,0.0,-3.390625,-2.91796875,0.71875,0
19840418.0,7032.0,1.0,0.0072021484,0.7178955078,-0.2969970703,-0.6295776367
19843386.0,2968.0,0.0,-5.23828125,-2.40234375,-0.58984375,0
19849418.0,6032.0,1.0,0.0114746094,0.71875,-0.3012695313,-0.6265258789
19852386.0,2968.0,0.0,-7.3984375,-2.9453125,2.74609375,0
19860418.0,8032.0,1.0,0.0154418945,0.7192993164,-0.307434082,-0.6228027344
19863386.0,2968.0,0.0,-7.0859375,-2.93359375,4.82421875,0
19870418.0,7032.0,1.0,0.0185546875,0.719543457,-0.3154907227,-0.6184082031
19873386.0,2968.0,0.0,-6.58203125,-1.81640625,5.0859375,0
19880418.0,7032.0,1.0,0.020690918,0.7192993164,-0.3252563477,-0.6135253906
19883386.0,2968.0,0.0,-6.58984375,-0.9375,5.05078125,0
19894418.0,11032.0,1.0,0.0218505859,0.7185058594,-0.3366088867,-0.608215332
19897386.0,2968.0,0.0,-7.01953125,-0.703125,4.75390625,0
19901418.0,4032.0,1.0,0.0225830078,0.7172241211,-0.3501586914,-0.6020507813
19904386.0,2968.0,0.0,-8.5859375,-1.2421875,5.390625,0
19910418.0,6032.0,1.0,0.0232543945,0.7153930664,-0.3643798828,-0.595703125
19913386.0,2968.0,0.0,-10.2265625,-0.90625,4.3203125,0
19920418.0,7032.0,1.0,0.0242919922,0.712890625,-0.3792724609,-0.5893554688
19923386.0,2968.0,0.0,-13.02734375,0.0625,4.30078125,0
19930418.0,7032.0,1.0,0.0260620117,0.7095947266,-0.3941650391,-0.5834960938
19933386.0,2968.0,0.0,-18.140625,4.8671875,0.6796875,0
19940418.0,7032.0,1.0,0.0289306641,0.7051391602,-0.4088745117,-0.5786132813
19943386.0,2968.0,0.0,-19.0703125,8.34765625,-2.4375,0
19950418.0,7032.0,1.0,0.0335693359,0.6995239258,-0.4229736328,-0.575012207
19953386.0,2968.0,0.0,-19.25390625,10.65234375,-4.3515625,0
19960418.0,7032.0,1.0,0.0405883789,0.6925048828,-0.4360961914,-0.5731811523
19963386.0,2968.0,0.0,-16.1171875,17.203125,-7.7578125,0
19975418.0,12032.0,1.0,0.0505371094,0.6844482422,-0.4468383789,-0.5738525391
19979386.0,3968.0,0.0,-8.3359375,28.4765625,-9.55859375,0
19982418.0,3032.0,1.0,0.0665893555,0.6741943359,-0.4541625977,-0.5786132813
19985386.0,2968.0,0.0,-8.5234375,28.140625,-9.69921875,0
19990418.0,5032.0,1.0,0.08984375,0.6618041992,-0.4561157227,-0.5880737305
19993386.0,2968.0,0.0,-3.671875,29.765625,-13.65234375,0
20000418.0,7032.0,1.0,0.1089477539,0.6497192383,-0.4592285156,-0.5959472656
20003386.0,2968.0,0.0,1.6796875,-29.45703125,10.15625,0
20010418.0,7032.0,1.0,0.119140625,0.6363525391,-0.4710083008,-0.5991210938
20013386.0,2968.0,0.0,0.046875,8.578125,9.234375,0
20020418.0,7032.0,1.0,0.1293334961,0.6216430664,-0.4799194336,-0.6054077148
20023386.0,2968.0,0.0,13.1796875,35.1953125,-13.06640625,0
20030418.0,7032.0,1.0,0.1504516602,0.6030273438,-0.4719238281,-0.6253051758
20033386.0,2968.0,0.0,9.9375,45.90625,-5.921875,0
20040418.0,7032.0,1.0,0.1734008789,0.5821533203,-0.4518432617,-0.6533203125
20043386.0,2968.0,0.0,15.84375,-14.125,-16.640625,0
20055418.0,12032.0,1.0,0.1887817383,0.5603027344,-0.4300537109,-0.6822509766
20059386.0,3968.0,0.0,5.15625,-11.828125,-5.37109375,0
20062418.0,3032.0,1.0,0.1953735352,0.5404663086,-0.4092407227,-0.7086791992
20065386.0,2968.0,0.0,8.53515625,-13.234375,-1.69921875,0
20070418.0,5032.0,1.0,0.1976928711,0.5220947266,-0.3845825195,-0.7351074219
20073386.0,2968.0,0.0,8.63671875,-13.0546875,-2.47265625,0
20080418.0,7032.0,1.0,0.1956787109,0.505859375,-0.3578491211,-0.7600708008
20083386.0,2968.0,0.0,15.2890625,-28.22265625,-0.51953125,0
20090418.0,7032.0,1.0,0.1881713867,0.4924316406,-0.3332519531,-0.7816772461
20093386.0,2968.0,0.0,16.2890625,-26.875,1.828125,0
20100418.0,7032.0,1.0,0.1758422852,0.4815063477,-0.3110351563,-0.8002929688
20103386.0,2968.0,0.0,16.57421875,-23.01171875,3.92578125,0
20112418.0,9032.0,1.0,0.1611328125,0.4735107422,-0.2924194336,-0.8150634766
20115386.0,2968.0,0.0,16.73046875,-21.71875,5.7734375,0
20123418.0,8032.0,1.0,0.1431274414,0.4674072266,-0.2760620117,-0.8275756836
20126386.0,2968.0,0.0,14.453125,-18.8359375,6.00390625,0
20130418.0,4032.0,1.0,0.1232299805,0.4631958008,-0.2627563477,-0.8374023438
20133386.0,2968.0,0.0,12.69140625,-12.65625,4.28515625,0
20140418.0,7032.0,1.0,0.1037597656,0.4603881836,-0.2512207031,-0.8450927734
20143386.0,2968.0,0.0,11.69140625,-8.2578125,2.1953125,0
20150418.0,7032.0,1.0,0.0852050781,0.4586791992,-0.2403564453,-0.8512573242
20153386.0,2968.0,0.0,12.8203125,-6.3046875,0.859375,0
20160418.0,7032.0,1.0,0.0678710938,0.457824707,-0.23046875,-0.8559570313
20163386.0,2968.0,0.0,13.3203125,-5.16796875,0.60546875,0
20170418.0,7032.0,1.0,0.0516967773,0.4576416016,-0.221496582,-0.8595581055
20173386.0,2968.0,0.0,13.73046875,-4.2265625,0.05078125,0
20180418.0,7032.0,1.0,0.0370483398,0.4580078125,-0.2130126953,-0.8622436523
20183386.0,2968.0,0.0,13.41015625,-5.33203125,0.2890625,0
20195418.0,12032.0,1.0,0.0239257812,0.4588623047,-0.2053833008,-0.8641357422
20200386.0,4968.0,0.0,10.33984375,-10.53125,2.875,0
20203418.0,3032.0,1.0,0.0112304688,0.4602050781,-0.1994628906,-0.8650512695
20206386.0,2968.0,0.0,10.41796875,-10.3125,2.8515625,0
20210418.0,4032.0,1.0,0.0015258789,-0.4621582031,0.1954956055,0.8649902344
20213386.0,2968.0,0.0,8.21875,-8.359375,2.078125,0
20220418.0,7032.0,1.0,0.0133666992,-0.4646606445,0.1927490234,0.8641357422
20223386.0,2968.0,0.0,6.02734375,-6.08984375,0.9921875,0
20230418.0,7032.0,1.0,0.0233154297,-0.4675292969,0.1905517578,0.8628540039
20233386.0,2968.0,0.0,4.25390625,-5.98828125,-1.57421875,0
20240418.0,7032.0,1.0,0.0328979492,-0.4713134766,0.1885375977,0.8609619141
20243386.0,2968.0,0.0,3.703125,-5.203125,-2.4453125,0
20250418.0,7032.0,1.0,0.0411376953,-0.4755859375,0.1867675781,0.8586425781
20253386.0,2968.0,0.0,2.203125,-3.34765625,-2.078125,0
20260418.0,7032.0,1.0,0.0482177734,-0.4802246094,0.185546875,0.8559570313
20263386.0,2968.0,0.0,1.23046875,-3.8984375,-2.91796875,0
20270418.0,7032.0,1.0,0.0546264648,-0.4849243164,0.1853637695,0.8529052734
20273386.0,2968.0,0.0,-0.890625,-0.44921875,-2.91015625,0
20280418.0,7032.0,1.0,0.0601806641,-0.4895019531,0.1860351563,0.8497924805
20283386.0,2968.0,0.0,-1.5625,0.80078125,-3.3984375,0
20290418.0,7032.0,1.0,0.0648193359,-0.4939575195,0.1871337891,0.8466186523
20293386.0,2968.0,0.0,-2.16796875,2.2734375,-4.22265625,0
20300418.0,7032.0,1.0,0.0682983398,-0.4984130859,0.1881103516,0.8435058594
20303386.0,2968.0,0.0,-3.42578125,3.1875,-4.8203125,0
20315418.0,12032.0,1.0,0.0703735352,-0.5028686523,0.188293457,0.8406982422
20319386.0,3968.0,0.0,-4.87109375,0.4296875,-2.97265625,0
20322418.0,3032.0,1.0,0.0711669922,-0.5076904297,0.1876220703,0.8378295898
20325386.0,2968.0,0.0,-4.82421875,0.46875,-2.88671875,0
20330418.0,5032.0,1.0,0.0709838867,-0.5131835938,0.1864624023,0.834777832
20333386.0,2968.0,0.0,-4.2109375,-0.44921875,-1.48046875,0
20340418.0,7032.0,1.0,0.0704345703,-0.5186157227,0.1858520508,0.8316040039
20343386.0,2968.0,0.0,-2.40234375,-3.90625,-0.34375,0
20350418.0,7032.0,1.0,0.0700073242,-0.5241699219,0.1866455078,0.8279418945
20353386.0,2968.0,0.0,-0.9375,-4.51171875,0.078125,0
20360418.0,7032.0,1.0,0.0700073242,-0.5297851563,0.189453125,0.8237304688
20364386.0,3968.0,0.0,-0.35546875,-4.1875,-0.82421875,0
20370418.0,6032.0,1.0,0.0704956055,-0.5353393555,0.1942138672,0.8189697266
20373386.0,2968.0,0.0,-0.58203125,-3.73046875,-1.85546875,0
20380418.0,7032.0,1.0,0.0715942383,-0.5406494141,0.2008056641,0.8137817383
20383386.0,2968.0,0.0,-1.15625,-3.640625,-2.65625,0
20390418.0,7032.0,1.0,0.0731201172,-0.5464477539,0.2091674805,0.8076782227
20393386.0,2968.0,0.0,-0.27734375,-0.8046875,-3.1953125,0
20400418.0,7032.0,1.0,0.0742797852,-0.5523681641,0.2171630859,0.8013916016
20403386.0,2968.0,0.0,-0.3515625,-0.00390625,-3.46875,0
20410418.0,7032.0,1.0,0.0746459961,-0.5585327148,0.2239990234,0.7951660156
20413386.0,2968.0,0.0,-1.23046875,1.7734375,-3.43359375,0
20420418.0,7032.0,1.0,0.0739746094,-0.5646362305,0.2289428711,0.7894897461
20423386.0,2968.0,0.0,-3.73046875,4.8671875,-5.5546875,0
20435418.0,12032.0,1.0,0.0721435547,-0.5710449219,0.2325439453,0.783996582
20439386.0,3968.0,0.0,-2.40234375,0.30859375,-7.48828125,0
20442418.0,3032.0,1.0,0.0699462891,-0.5771484375,0.2357788086,0.7787475586
20445386.0,2968.0,0.0,-1.64453125,0.23046875,-7.9765625,0
20450418.0,5032.0,1.0,0.0680541992,-0.5833129883,0.2401123047,0.7729492188
20453386.0,2968.0,0.0,-1.62890625,0.18359375,-7.7890625,0
20460418.0,7032.0,1.0,0.0668334961,-0.5888671875,0.2453613281,0.7672119141
20463386.0,2968.0,0.0,-1.296875,1.578125,-6.3125,0
20470418.0,7032.0,1.0,0.0660400391,-0.5942993164,0.2513427734,0.7611083984
20473386.0,2968.0,0.0,-1.7890625,2.43359375,-7.046875,0
20481418.0,8032.0,1.0,0.0654907227,-0.5994873047,0.2570800781,0.7551879883
20484386.0,2968.0,0.0,-2.625,2.53125,-7.44140625,0
20490418.0,6032.0,1.0,0.0648803711,-0.6044921875,0.2623901367,0.7493286133
20493386.0,2968.0,0.0,-4.30078125,4.02734375,-8.72265625,0
20500418.0,7032.0,1.0,0.0642089844,-0.6091918945,0.2667236328,0.7440185547
20503386.0,2968.0,0.0,-5.13671875,3.44921875,-8.98828125,0
20510418.0,7032.0,1.0,0.0631103516,-0.6137084961,0.2701416016,0.7391967773
20513386.0,2968.0,0.0,-4.59765625,2.421875,-8.95703125,0
20521418.0,8032.0,1.0,0.0616455078,-0.6180419922,0.2729492188,0.7346801758
20524386.0,2968.0,0.0,-4.171875,1.5859375,-7.09765625,0
20530418.0,6032.0,1.0,0.0598754883,-0.6221923828,0.2754516602,0.7303466797
20533386.0,2968.0,0.0,-3.98046875,1.21875,-4.31640625,0
20540418.0,7032.0,1.0,0.0582275391,-0.6260986328,0.2781982422,0.7260742188
20543386.0,2968.0,0.0,-4.515625,-0.0390625,-3.1875,0
20553418.0,10032.0,1.0,0.0570068359,-0.6296386719,0.2817993164,0.7217407227
20556386.0,2968.0,0.0,-4.453125,-1.9140625,-2.90625,0
20563418.0,7032.0,1.0,0.0563354492,-0.6329956055,0.2866210938,0.7169189453
20566386.0,2968.0,0.0,-4.34765625,-1.45703125,-2.9140625,0
20570418.0,4032.0,1.0,0.0559692383,-0.6361083984,0.2919921875,0.7120361328
20573386.0,2968.0,0.0,-5.04296875,-1.08984375,-5.109375,0
20580418.0,7032.0,1.0,0.0557250977,-0.6390991211,0.2979736328,0.7068481445
20583386.0,2968.0,0.0,-4.875,-0.1015625,-4.81640625,0
20590418.0,7032.0,1.0,0.0554199219,-0.641784668,0.3033447266,0.7022094727
20593386.0,2968.0,0.0,-4.66015625,0.1171875,-3.83203125,0
20601418.0,8032.0,1.0,0.0551147461,-0.6443481445,0.3084106445,0.6975708008
20604386.0,2968.0,0.0,-4.1796875,-1.14453125,-1.59375,0
20610418.0,6032.0,1.0,0.0548095703,-0.6469726563,0.3130493164,0.6931152344
20613386.0,2968.0,0.0,-1.8984375,-0.87109375,-1.6953125,0
20620418.0,7032.0,1.0,0.0546264648,-0.6497192383,0.3178100586,0.6884155273
20623386.0,2968.0,0.0,-1.796875,-1.859375,-1.71875,0
20630418.0,7032.0,1.0,0.0549926758,-0.6524658203,0.3228759766,0.6834106445
20633386.0,2968.0,0.0,-1.31640625,-1.0859375,-3.1484375,0
20641418.0,8032.0,1.0,0.0557250977,-0.6549682617,0.3279418945,0.678527832
20644386.0,2968.0,0.0,-0.83203125,-0.53515625,-4.1640625,0
20650418.0,6032.0,1.0,0.0565185547,-0.6573486328,0.3324584961,0.6738891602
20653386.0,2968.0,0.0,-0.46484375,3.35546875,-5.76953125,0
20660418.0,7032.0,1.0,0.0573120117,-0.6598510742,0.3360595703,0.6695556641
20663386.0,2968.0,0.0,0.09375,3.2421875,-4.265625,0
20670418.0,7032.0,1.0,0.0579833984,-0.6626586914,0.3386230469,0.6654663086
20673386.0,2968.0,0.0,0.4296875,1.7109375,-2.39453125,0
20681418.0,8032.0,1.0,0.0583496094,-0.6658935547,0.3400878906,0.6614379883
20684386.0,2968.0,0.0,-1.72265625,4.71875,-1.98046875,0
20696418.0,12032.0,1.0,0.0582885742,-0.6693115234,0.3402099609,0.6579589844
20701418.0,5000.0,1.0,0.0575561523,-0.6728515625,0.3392333984,0.6549072266
20703386.0,1968.0,0.0,-1.4921875,4.8515625,-3.24609375,0
20711418.0,8032.0,1.0,0.0565795898,-0.6763916016,0.3374023438,0.6522827148
20714386.0,2968.0,0.0,-0.34375,5.02734375,-3.515625,0
20720418.0,6032.0,1.0,0.0553588867,-0.6796875,0.3353271484,0.6499633789
20723386.0,2968.0,0.0,1.80078125,4.37109375,-1.57421875,0
20730418.0,7032.0,1.0,0.0540161133,-0.6829833984,0.3333740234,0.6477050781
20733386.0,2968.0,0.0,2.33984375,2.8984375,0.79296875,0
20740418.0,7032.0,1.0,0.0523681641,-0.686340332,0.3316650391,0.6451416016
20743386.0,2968.0,0.0,1.6015625,2.30078125,1.4765625,0
20751418.0,8032.0,1.0,0.0505981445,-0.6896362305,0.3305664063,0.6423339844
20754386.0,2968.0,0.0,0.4375,1.69921875,1.33203125,0
20760418.0,6032.0,1.0,0.048828125,-0.6927490234,0.3299560547,0.6394042969
20763386.0,2968.0,0.0,-1.40234375,1.859375,-0.265625,0
20770418.0,7032.0,1.0,0.046875,-0.6959228516,0.3298339844,0.6361694336
20773386.0,2968.0,0.0,-0.88671875,1.5078125,-1.09765625,0
20781418.0,8032.0,1.0,0.0447998047,-0.6987304688,0.3299560547,0.6331787109
20784386.0,2968.0,0.0,0.20703125,1.0,-1.203125,0
20791418.0,7032.0,1.0,0.0425415039,-0.7014160156,0.3303833008,0.6301269531
20794386.0,2968.0,0.0,1.40234375,-0.39453125,-0.28515625,0
20800418.0,6032.0,1.0,0.0401611328,-0.7040405273,0.331237793,0.6268920898
20803386.0,2968.0,0.0,1.609375,-1.4921875,3.83203125,0
20810418.0,7032.0,1.0,0.0373535156,-0.7069702148,0.3328857422,0.6229248047
20813386.0,2968.0,0.0,0.765625,-1.859375,4.171875,0
20821418.0,8032.0,1.0,0.0346069336,-0.7095947266,0.3349609375,0.6188964844
20824386.0,2968.0,0.0,0.15234375,-2.43359375,3.61328125,0
20831418.0,7032.0,1.0,0.0317382812,-0.7121582031,0.3374023438,0.6148681641
20834386.0,2968.0,0.0,-0.31640625,-2.48046875,2.84375,0
20841418.0,7032.0,1.0,0.0286254883,-0.7145385742,0.33984375,0.6108398438
20844386.0,2968.0,0.0,-0.05859375,-2.17578125,-0.92578125,0
20850418.0,6032.0,1.0,0.0251464844,-0.716796875,0.3418579102,0.6071777344
20853386.0,2968.0,0.0,0.81640625,-2.4609375,-2.1015625,0
20861418.0,8032.0,1.0,0.0208740234,-0.7191162109,0.3430175781,0.6039428711
20864386.0,2968.0,0.0,0.921875,-1.6171875,-1.703125,0
20870418.0,6032.0,1.0,0.0158691406,-0.7214355469,0.3430786133,0.6013183594
20873386.0,2968.0,0.0,0.18359375,-1.02734375,0.7421875,0
20883418.0,10032.0,1.0,0.0096435547,-0.7240600586,0.3423461914,0.5986938477
20886386.0,2968.0,0.0,-1.1640625,-0.77734375,2.375,0
20890418.0,4032.0,1.0,0.0030517578,-0.7266235352,0.3414306641,0.5961914063
20893386.0,2968.0,0.0,-2.8671875,-1.8046875,2.4375,0
20901418.0,8032.0,1.0,0.0037841797,0.7291259766,-0.3408203125,-0.5935058594
20904386.0,2968.0,0.0,-4.64453125,-1.875,2.23046875,0
20911418.0,7032.0,1.0,0.0100097656,0.731262207,-0.3410644531,-0.590637207
20914386.0,2968.0,0.0,-6.80859375,-2.0625,2.2265625,0
20921418.0,7032.0,1.0,0.0155639648,0.7330932617,-0.3423461914,-0.5874633789
20924386.0,2968.0,0.0,-7.63671875,-1.6796875,2.10546875,0
20930418.0,6032.0,1.0,0.020324707,0.7346191406,-0.3449707031,-0.5839233398
20933386.0,2968.0,0.0,-8.6171875,-1.86328125,1.72265625,0
20941418.0,8032.0,1.0,0.024230957,0.7358398438,-0.3489990234,-0.5797729492
20944386.0,2968.0,0.0,-9.72265625,-1.13671875,1.9296875,0
20950418.0,6032.0,1.0,0.0275878906,0.7368164063,-0.3541870117,-0.5751953125
20953386.0,2968.0,0.0,-12.21484375,-1.66796875,4.1796875,0
20960418.0,7032.0,1.0,0.0308837891,0.7376098633,-0.3612670898,-0.5695800781
20963386.0,2968.0,0.0,-13.72265625,-2.17578125,4.5625,0
20970418.0,7032.0,1.0,0.0338134766,0.7379150391,-0.369934082,-0.5634765625
20973386.0,2968.0,0.0,-14.9296875,-1.6953125,4.34375,0
20981418.0,8032.0,1.0,0.0361328125,0.737487793,-0.3803710938,-0.5568847656
20984386.0,2968.0,0.0,-16.77734375,-1.17578125,3.13671875,0
20990418.0,6032.0,1.0,0.0375366211,0.7362670898,-0.3921508789,-0.5502319336
20993386.0,2968.0,0.0,-18.80859375,4.5546875,-0.23828125,0
21000418.0,7032.0,1.0,0.0386352539,0.7338867188,-0.4065551758,-0.5428466797
21003386.0,2968.0,0.0,-16.4921875,8.97265625,-2.390625,0
21013418.0,10032.0,1.0,0.0404052734,0.73046875,-0.4206542969,-0.5364379883
21016386.0,2968.0,0.0,-15.62890625,14.75390625,-4.9375,0
21023418.0,7032.0,1.0,0.0453491211,0.7255249023,-0.4342041016,-0.5319824219
21026386.0,2968.0,0.0,-12.03125,26.6875,-9.80078125,0
21030418.0,4032.0,1.0,0.0564575195,0.7188110352,-0.4440917969,-0.5318603516
21033386.0,2968.0,0.0,-7.8984375,30.67578125,-13.5625,0
21040418.0,7032.0,1.0,0.0754394531,0.7102050781,-0.4490356445,-0.5369873047
21043386.0,2968.0,0.0,-3.89453125,24.828125,-10.5703125,0
21051418.0,8032.0,1.0,0.0966796875,0.7000732422,-0.4522705078,-0.5440673828
21054386.0,2968.0,0.0,0.171875,9.31640625,-0.59375,0
21061418.0,7032.0,1.0,0.1094360352,0.6895751953,-0.4622192383,-0.5466918945
21064386.0,2968.0,0.0,-0.4453125,-17.26171875,5.46484375,0
21071418.0,7032.0,1.0,0.12109375,0.6768798828,-0.4723510742,-0.5514526367
21074386.0,2968.0,0.0,-2.625,62.84765625,6.11328125,0
21081418.0,7032.0,1.0,0.1423339844,0.6596679688,-0.4711914063,-0.5679321289
21084386.0,2968.0,0.0,11.40234375,34.83203125,-28.96875,0
21093418.0,9032.0,1.0,0.1705322266,0.638671875,-0.4570922852,-0.5950317383
21096386.0,2968.0,0.0,10.5390625,30.1171875,-15.8203125,0
21103418.0,7032.0,1.0,0.1976928711,0.6141967773,-0.4351196289,-0.6279907227
21107386.0,3968.0,0.0,19.234375,-18.58203125,-21.96875,0
21112418.0,5032.0,1.0,0.2167358398,0.5877685547,-0.4112548828,-0.662109375
21115386.0,2968.0,0.0,23.42578125,-12.05859375,-12.265625,0
21121418.0,6032.0,1.0,0.2272338867,0.565246582,-0.3879394531,-0.6916503906
21125386.0,3968.0,0.0,13.60546875,-11.34765625,-5.3359375,0
21132418.0,7032.0,1.0,0.2334594727,0.5442504883,-0.3607788086,-0.7204589844
21135386.0,2968.0,0.0,6.59765625,-20.90234375,-5.12890625,0
21145418.0,10032.0,1.0,0.2349243164,0.5239868164,-0.3293457031,-0.7495117188
21148386.0,2968.0,0.0,8.69921875,-34.046875,-2.25,0
21152418.0,4032.0,1.0,0.2297363281,0.5069580078,-0.3003540039,-0.774597168
21155386.0,2968.0,0.0,10.796875,-35.5625,1.21484375,0
21161418.0,6032.0,1.0,0.2172241211,0.4926147461,-0.2738647461,-0.7969360352
21164386.0,2968.0,0.0,13.43359375,-33.5234375,3.1015625,0
21171418.0,7032.0,1.0,0.2005615234,0.4827880859,-0.2539672852,-0.8137207031
21174386.0,2968.0,0.0,14.88671875,-32.328125,5.796875,0
21180418.0,6032.0,1.0,0.1809082031,0.4762573242,-0.2391357422,-0.8265991211
21183386.0,2968.0,0.0,12.453125,-22.8203125,6.13671875,0
21195418.0,12032.0,1.0,0.1583862305,0.4716796875,-0.2271118164,-0.8371582031
21198386.0,2968.0,0.0,11.4375,-17.12109375,3.98046875,0
21202418.0,4032.0,1.0,0.1342773438,0.4686279297,-0.2163085938,-0.8458862305
21205386.0,2968.0,0.0,11.90625,-10.21484375,0.33984375,0
21211418.0,6032.0,1.0,0.1127319336,0.4671020508,-0.2073364258,-0.8521728516
21214386.0,2968.0,0.0,12.046875,-9.88671875,0.23046875,0
21221418.0,7032.0,1.0,0.0915527344,0.4663696289,-0.1990966797,-0.8569946289
21224386.0,2968.0,0.0,12.296875,-7.4921875,-1.50390625,0
21234418.0,10032.0,1.0,0.0719604492,0.4663085938,-0.192199707,-0.8604736328
21237386.0,2968.0,0.0,12.71875,-5.48046875,-1.64453125,0
21244418.0,7032.0,1.0,0.0520019531,0.4666748047,-0.1851806641,-0.86328125
21247386.0,2968.0,0.0,12.5234375,-3.83984375,-1.84375,0
21251418.0,4032.0,1.0,0.0347900391,0.4674072266,-0.1784667969,-0.8651123047
21254386.0,2968.0,0.0,10.234375,-7.13671875,-0.734375,0
21261418.0,7032.0,1.0,0.0195922852,0.4685668945,-0.1723632813,-0.8662109375
21264386.0,2968.0,0.0,9.046875,-9.0703125,-0.02734375,0
21271418.0,7032.0,1.0,0.005065918,0.4702148438,-0.1678466797,-0.8664550781
21274386.0,2968.0,0.0,8.0078125,-9.19921875,0.203125,0
21281418.0,7032.0,1.0,0.0090942383,-0.4724121094,0.1651611328,0.8657226563
21284386.0,2968.0,0.0,6.84375,-7.515625,-0.05078125,0
21291418.0,7032.0,1.0,0.0219116211,-0.4751586914,0.1636352539,0.8642578125
21294386.0,2968.0,0.0,5.71875,-4.87890625,-0.546875,0
21301418.0,7032.0,1.0,0.033203125,-0.478515625,0.1622924805,0.8623046875
21304386.0,2968.0,0.0,5.015625,-4.03125,-0.72265625,0
21314418.0,10032.0,1.0,0.0424194336,-0.4824829102,0.1607666016,0.8599853516
21317386.0,2968.0,0.0,4.00390625,-3.41015625,-1.3125,0
21324418.0,7032.0,1.0,0.05078125,-0.4872436523,0.1592407227,0.8571166992
21327386.0,2968.0,0.0,2.49609375,-2.48046875,-1.38671875,0
21331418.0,4032.0,1.0,0.057434082,-0.4918212891,0.1586914063,0.8541870117
21334386.0,2968.0,0.0,-0.62109375,0.44921875,-3.75390625,0
21341418.0,7032.0,1.0,0.0629882813,-0.4962768555,0.1588134766,0.8511962891
21344386.0,2968.0,0.0,-1.76171875,2.16015625,-4.5859375,0
21351418.0,7032.0,1.0,0.0673828125,-0.5007324219,0.1591186523,0.8482055664
21354386.0,2968.0,0.0,-2.671875,2.6796875,-4.38671875,0
21361418.0,7032.0,1.0,0.0702514648,-0.5052490234,0.1589355469,0.8453369141
21364386.0,2968.0,0.0,-4.05078125,2.0078125,-3.44921875,0
21370418.0,6032.0,1.0,0.0717163086,-0.5096435547,0.1583251953,0.8426513672
21373386.0,2968.0,0.0,-6.26953125,1.34765625,-2.0234375,0
21381418.0,8032.0,1.0,0.072265625,-0.5146484375,0.1576538086,0.8397216797
21384386.0,2968.0,0.0,-5.80078125,0.0078125,-1.8515625,0
21391418.0,7032.0,1.0,0.0723266602,-0.5196533203,0.1576538086,0.8366088867
21394386.0,2968.0,0.0,-5.45703125,-1.390625,-0.30078125,0
21401418.0,7032.0,1.0,0.0723266602,-0.5246582031,0.158996582,0.833190918
21404386.0,2968.0,0.0,-5.140625,-2.6171875,0.16015625,0
21411418.0,7032.0,1.0,0.0725708008,-0.5297851563,0.1618652344,0.8293457031
21414386.0,2968.0,0.0,-4.18359375,-3.9375,0.3984375,0
21421418.0,7032.0,1.0,0.073059082,-0.5350952148,0.1665649414,0.8249511719
21425386.0,3968.0,0.0,-4.21484375,-4.75,-0.2734375,0
21431418.0,6032.0,1.0,0.0740966797,-0.540222168,0.1731567383,0.8201904297
21434386.0,2968.0,0.0,-3.984375,-4.66796875,-0.8828125,0
21441418.0,7032.0,1.0,0.0756225586,-0.5454101563,0.1813354492,0.8148193359
21444386.0,2968.0,0.0,-1.68359375,-1.91015625,-3.74609375,0
21456418.0,12032.0,1.0,0.0771484375,-0.55078125,0.1897583008,0.8091430664
21460386.0,3968.0,0.0,0.8359375,2.671875,-5.671875,0
21463418.0,3032.0,1.0,0.0781860352,-0.5565795898,0.1978149414,0.8031005859
21466386.0,2968.0,0.0,0.875,2.6015625,-5.4921875,0
21470418.0,4032.0,1.0,0.0785522461,-0.5626220703,0.2047729492,0.7971191406
21473386.0,2968.0,0.0,0.33203125,2.98046875,-4.8828125,0
21481418.0,8032.0,1.0,0.0782470703,-0.5687255859,0.2106933594,0.7912597656
21484386.0,2968.0,0.0,-1.703125,5.140625,-5.62109375,0
21491418.0,7032.0,1.0,0.077331543,-0.5747070313,0.2157592773,0.7855834961
21494386.0,2968.0,0.0,-2.015625,4.2421875,-5.44140625,0
21501418.0,7032.0,1.0,0.0759277344,-0.5805664063,0.2206420898,0.7800292969
21505386.0,3968.0,0.0,-1.49609375,2.88671875,-4.6953125,0
21511418.0,6032.0,1.0,0.0744628906,-0.5863037109,0.2258300781,0.7744140625
21514386.0,2968.0,0.0,-1.3671875,2.140625,-4.05859375,0
21521418.0,7032.0,1.0,0.0729980469,-0.5916137695,0.2309570313,0.7689819336
21524386.0,2968.0,0.0,-1.53515625,2.9609375,-5.04296875,0
21531418.0,7032.0,1.0,0.0712280273,-0.5973510742,0.2364501953,0.7630004883
21534386.0,2968.0,0.0,-1.5546875,2.09375,-5.54296875,0
21541418.0,7032.0,1.0,0.0695800781,-0.6025390625,0.2414550781,0.7575073242
21544386.0,2968.0,0.0,-2.70703125,1.83984375,-6.63671875,0
21553418.0,9032.0,1.0,0.0679931641,-0.607421875,0.2460327148,0.7522583008
21556386.0,2968.0,0.0,-3.46484375,1.59375,-7.96484375,0
21563418.0,7032.0,1.0,0.06640625,-0.6120605469,0.2503662109,0.7471923828
21566386.0,2968.0,0.0,-4.99609375,-0.0625,-9.2265625,0
21571418.0,5032.0,1.0,0.0647583008,-0.6168823242,0.2548217773,0.7418823242
21574386.0,2968.0,0.0,-5.6015625,-0.80859375,-8.91796875,0
21581418.0,7032.0,1.0,0.0633544922,-0.6208496094,0.2588500977,0.7372436523
21584386.0,2968.0,0.0,-5.80078125,-0.47265625,-7.3515625,0
21591418.0,7032.0,1.0,0.0621337891,-0.6246337891,0.2632446289,0.7325439453
21594386.0,2968.0,0.0,-5.30078125,-0.59375,-5.41015625,0
21601418.0,7032.0,1.0,0.0612182617,-0.6281738281,0.2680664063,0.7278442383
21604386.0,2968.0,0.0,-4.62109375,-1.98046875,-3.5859375,0
21611418.0,7032.0,1.0,0.0609130859,-0.6314697266,0.2737426758,0.7229614258
21614386.0,2968.0,0.0,-4.78125,-2.49609375,-3.3203125,0
21621418.0,7032.0,1.0,0.0610351562,-0.6343383789,0.2797241211,0.7180786133
21624386.0,2968.0,0.0,-4.4921875,-2.24609375,-4.40625,0
21631418.0,7032.0,1.0,0.0612792969,-0.6370849609,0.2858886719,0.7131347656
21634386.0,2968.0,0.0,-4.46875,-1.83203125,-5.68359375,0
21641418.0,7032.0,1.0,0.0615844727,-0.6395874023,0.2916259766,0.7085571289
21644386.0,2968.0,0.0,-4.359375,1.26953125,-6.39453125,0
21651418.0,7032.0,1.0,0.0618286133,-0.6420288086,0.296875,0.7041625977
21654386.0,2968.0,0.0,-3.34375,1.078125,-3.84765625,0
21661418.0,7032.0,1.0,0.0621337891,-0.64453125,0.3016357422,0.6998291016
21664386.0,2968.0,0.0,-1.98046875,0.6953125,-2.265625,0
21673418.0,9032.0,1.0,0.0623168945,-0.6470336914,0.3056030273,0.6957397461
21676386.0,2968.0,0.0,-1.56640625,1.40625,-1.16015625,0
21684418.0,8032.0,1.0,0.0623779297,-0.6497192383,0.3092041016,0.6916503906
21687386.0,2968.0,0.0,-2.41796875,1.57421875,-3.609375,0
21691418.0,4032.0,1.0,0.0623779297,-0.65234375,0.3123779297,0.6876831055
21694386.0,2968.0,0.0,-1.84765625,1.68359375,-5.1015625,0
21701418.0,7032.0,1.0,0.0625610352,-0.6547851563,0.3151245117,0.6841430664
21704386.0,2968.0,0.0,-1.703125,1.0546875,-5.0390625,0
21711418.0,7032.0,1.0,0.0629272461,-0.6569824219,0.3174438477,0.6809082031
21714386.0,2968.0,0.0,-0.79296875,3.08203125,-5.05859375,0
21721418.0,7032.0,1.0,0.063293457,-0.659362793,0.319519043,0.6776123047
21724386.0,2968.0,0.0,-0.2265625,1.359375,-2.015625,0
21731418.0,7032.0,1.0,0.0635986328,-0.6618041992,0.3213500977,0.6743164063
21734386.0,2968.0,0.0,-0.30859375,1.40625,-0.58203125,0
21741418.0,7032.0,1.0,0.0637207031,-0.6643676758,0.3228149414,0.671081543
21744386.0,2968.0,0.0,-0.69140625,2.71484375,0.15625,0
21751418.0,7032.0,1.0,0.0634765625,-0.6668701172,0.3237915039,0.6681518555
21754386.0,2968.0,0.0,-1.23046875,2.609375,-0.1796875,0
21761418.0,7032.0,1.0,0.0628662109,-0.6694335938,0.3245849609,0.6652832031
21764386.0,2968.0,0.0,-0.8984375,2.41796875,-0.9765625,0
21771418.0,7032.0,1.0,0.0620117187,-0.6719360352,0.3252563477,0.6624755859
21774386.0,2968.0,0.0,-0.02734375,1.19921875,-1.93359375,0
21781418.0,7032.0,1.0,0.0610351562,-0.6743164063,0.3262329102,0.6596679688
21784386.0,2968.0,0.0,0.37890625,0.73046875,-0.7734375,0
21791418.0,7032.0,1.0,0.0599365234,-0.6766357422,0.3274536133,0.6567382813
21794386.0,2968.0,0.0,-0.13671875,1.26171875,1.14453125,0
21801418.0,7032.0,1.0,0.0585327148,-0.6790161133,0.3287963867,0.6538085938
21804386.0,2968.0,0.0,-0.44921875,1.12890625,1.19140625,0
21811418.0,7032.0,1.0,0.0570068359,-0.6813354492,0.3302001953,0.6508178711
21814386.0,2968.0,0.0,-0.625,1.6875,0.7421875,0
21821418.0,7032.0,1.0,0.0554199219,-0.68359375,0.3316040039,0.6478881836
21824386.0,2968.0,0.0,-0.2265625,1.2421875,0.0234375,0
21831418.0,7032.0,1.0,0.0535888672,-0.6858520508,0.3328857422,0.6448974609
21834386.0,2968.0,0.0,2.046875,0.76953125,0.3671875,0
21841418.0,7032.0,1.0,0.0514526367,-0.6881713867,0.3338623047,0.6420898438
21844386.0,2968.0,0.0,2.1484375,0.67578125,0.5234375,0
21851418.0,7032.0,1.0,0.048828125,-0.6906738281,0.3344726563,0.6393432617
21854386.0,2968.0,0.0,1.9375,-0.19921875,0.6796875,0
21861418.0,7032.0,1.0,0.045715332,-0.6931762695,0.334777832,0.6366577148
21864386.0,2968.0,0.0,0.453125,0.62109375,0.296875,0
21871418.0,7032.0,1.0,0.0423583984,-0.6957397461,0.3348388672,0.6340942383
21874386.0,2968.0,0.0,0.12109375,0.7421875,0.14453125,0
21881418.0,7032.0,1.0,0.0388183594,-0.6982421875,0.3348999023,0.6315307617
21885386.0,3968.0,0.0,0.55078125,0.68359375,0.9140625,0
21891418.0,6032.0,1.0,0.0352172852,-0.7006835938,0.3348388672,0.6290283203
21894386.0,2968.0,0.0,1.32421875,0.57421875,1.47265625,0
21901418.0,7032.0,1.0,0.0316772461,-0.7030639648,0.3346557617,0.6266479492
21904386.0,2968.0,0.0,0.06640625,-0.5,1.390625,0
21916418.0,12032.0,1.0,0.0275268555,-0.7056274414,0.3342895508,0.624206543
21920386.0,3968.0,0.0,-1.41796875,1.0,2.07421875,0
21923418.0,3032.0,1.0,0.0230102539,-0.7080688477,0.3336791992,0.6219482422
21926386.0,2968.0,0.0,-1.94921875,0.42578125,2.16796875,0
21931418.0,5032.0,1.0,0.0178222656,-0.7105712891,0.332824707,0.6196899414
21934386.0,2968.0,0.0,-1.98046875,0.37109375,2.23046875,0
21941418.0,7032.0,1.0,0.0125732422,-0.7128295898,0.33203125,0.6176757813
21944386.0,2968.0,0.0,-4.35546875,0.2109375,1.01953125,0
21951418.0,7032.0,1.0,0.0065917969,-0.7149658203,0.3312988281,0.6156616211
21954386.0,2968.0,0.0,-5.890625,-0.57421875,0.4609375,0
21961418.0,7032.0,1.0,0.0006713867,-0.7166748047,0.3311767578,0.6137695313
21964386.0,2968.0,0.0,-6.9765625,-0.8046875,-0.2578125,0
21971418.0,7032.0,1.0,0.0052490234,0.7180175781,-0.3316650391,-0.6118774414
21974386.0,2968.0,0.0,-8.47265625,-0.69140625,-0.13671875,0
21981418.0,7032.0,1.0,0.0111083984,0.7190551758,-0.3331298828,-0.6098022461
21984386.0,2968.0,0.0,-10.0234375,-1.88671875,4.2421875,0
21991418.0,7032.0,1.0,0.0166625977,0.7198486328,-0.3358764648,-0.6072387695
21994386.0,2968.0,0.0,-10.58203125,-1.63671875,5.91015625,0
22001418.0,7032.0,1.0,0.0217285156,0.7203369141,-0.3403320313,-0.6040039063
22004386.0,2968.0,0.0,-11.6484375,-1.46875,6.05859375,0
22011418.0,7032.0,1.0,0.0259399414,0.7203979492,-0.3469238281,-0.5999755859
22014386.0,2968.0,0.0,-12.22265625,-2.7734375,5.68359375,0
22021418.0,7032.0,1.0,0.0290527344,0.7199707031,-0.3558349609,-0.5951538086
22024386.0,2968.0,0.0,-12.578125,-2.64453125,5.83203125,0
22031418.0,7032.0,1.0,0.0310058594,0.7188110352,-0.3674316406,-0.5893554688
22034386.0,2968.0,0.0,-13.69140625,-1.19140625,6.1875,0
22042418.0,8032.0,1.0,0.0321655273,0.7169799805,-0.3807983398,-0.5830688477
22045386.0,2968.0,0.0,-15.37890625,1.41015625,5.9140625,0
22057418.0,12032.0,1.0,0.0331420898,0.7143554688,-0.3947143555,-0.5769042969
22062418.0,5000.0,1.0,0.0353393555,0.7103881836,-0.4100341797,-0.5709228516
22064386.0,1968.0,0.0,-13.1953125,15.38671875,-2.24609375,0
22071418.0,7032.0,1.0,0.0395507813,0.7052001953,-0.4246826172,-0.5663452148
22074386.0,2968.0,0.0,-12.73046875,18.875,-2.91796875,0
22081418.0,7032.0,1.0,0.046875,0.6984863281,-0.4376831055,-0.5642700195
22084386.0,2968.0,0.0,-10.703125,21.0625,-3.921875,0
22091418.0,7032.0,1.0,0.0588989258,0.6904907227,-0.4465942383,-0.5659179688
22094386.0,2968.0,0.0,-2.3984375,24.046875,0.0,0
22101418.0,7032.0,1.0,0.0776367188,0.6803588867,-0.4517211914,-0.5718994141
22104386.0,2968.0,0.0,1.42578125,12.68359375,3.3359375,0
22111418.0,7032.0,1.0,0.0930786133,0.669921875,-0.4592285156,-0.5759277344
22114386.0,2968.0,0.0,2.87109375,-18.05078125,2.4375,0
22121418.0,7032.0,1.0,0.1032714844,0.6591796875,-0.4702758789,-0.5776367188
22124386.0,2968.0,0.0,1.09765625,0.8828125,7.28515625,0
22136418.0,12032.0,1.0,0.1206054688,0.6461181641,-0.4710693359,-0.5883178711
22140386.0,3968.0,0.0,14.80859375,22.0078125,-23.8671875,0
22143418.0,3032.0,1.0,0.1512451172,0.6273803711,-0.4536132813,-0.6146240234
22146386.0,2968.0,0.0,14.69140625,21.6171875,-24.65625,0
22151418.0,5032.0,1.0,0.1810302734,0.6048583984,-0.4267578125,-0.6474609375
22154386.0,2968.0,0.0,13.50390625,-10.60546875,-19.80859375,0
22162418.0,8032.0,1.0,0.1981201172,0.5829467773,-0.4030761719,-0.6770629883
22165386.0,2968.0,0.0,11.95703125,-24.0546875,-16.109375,0
22171418.0,6032.0,1.0,0.2060546875,0.5626220703,-0.3810424805,-0.7041015625
22174386.0,2968.0,0.0,7.8359375,-13.76171875,-7.33984375,0
22181418.0,7032.0,1.0,0.2100219727,0.5433349609,-0.3552246094,-0.7310791016
22184386.0,2968.0,0.0,10.234375,-17.98046875,-3.046875,0
22191418.0,7032.0,1.0,0.2098999023,0.5251464844,-0.3263549805,-0.7573852539
22194386.0,2968.0,0.0,10.99609375,-25.3984375,-1.5703125,0
22201418.0,7032.0,1.0,0.2040405273,0.5097045898,-0.2995605469,-0.7802734375
22204386.0,2968.0,0.0,11.98046875,-30.38671875,5.25390625,0
22216418.0,12032.0,1.0,0.1934814453,0.4976196289,-0.2772216797,-0.798828125
22220386.0,3968.0,0.0,13.5546875,-26.5,9.5390625,0
22223418.0,3032.0,1.0,0.1784057617,0.4876708984,-0.2572631836,-0.8149414063
22226386.0,2968.0,0.0,13.7109375,-26.078125,9.1171875,0
22231418.0,5032.0,1.0,0.1598510742,0.4800415039,-0.2406005859,-0.8283081055
22234386.0,2968.0,0.0,12.59375,-23.60546875,9.87890625,0
22241418.0,7032.0,1.0,0.1405639648,0.4750366211,-0.2288818359,-0.8379516602
22244386.0,2968.0,0.0,11.1171875,-16.04296875,5.30078125,0
22251418.0,7032.0,1.0,0.1201171875,0.4716186523,-0.2197875977,-0.8455200195
22254386.0,2968.0,0.0,10.1796875,-12.34375,3.58203125,0
22261418.0,7032.0,1.0,0.1000976563,0.4694824219,-0.2126464844,-0.8510742188
22264386.0,2968.0,0.0,10.05859375,-10.62890625,1.56640625,0
22273418.0,9032.0,1.0,0.0816040039,0.4684448242,-0.2073364258,-0.8549194336
22276386.0,2968.0,0.0,10.3515625,-9.0703125,0.16015625,0
22284418.0,8032.0,1.0,0.0628662109,0.4681396484,-0.2028198242,-0.8577880859
22287386.0,2968.0,0.0,10.484375,-5.48828125,-1.9140625,0
22291418.0,4032.0,1.0,0.0453491211,0.4683837891,-0.1987304688,-0.8596801758
22294386.0,2968.0,0.0,10.4140625,-5.26171875,-2.4453125,0
22301418.0,7032.0,1.0,0.0288696289,0.4691162109,-0.1945800781,-0.8609619141
22304386.0,2968.0,0.0,9.62109375,-6.10546875,-1.88671875,0
22311418.0,7032.0,1.0,0.0142211914,0.4703979492,-0.1910400391,-0.8614501953
22314386.0,2968.0,0.0,8.41796875,-6.9375,-1.35546875,0
22321418.0,7032.0,1.0,0.000793457,0.4721679688,-0.1888427734,-0.8610229492
22324386.0,2968.0,0.0,5.04296875,-6.8359375,-1.46484375,0
22331418.0,7032.0,1.0,0.0126342773,-0.4748535156,0.1880493164,0.8596191406
22334386.0,2968.0,0.0,4.0703125,-6.265625,-1.1484375,0
22341418.0,7032.0,1.0,0.024230957,-0.4783935547,0.1879882813,0.857421875
22344386.0,2968.0,0.0,4.0234375,-3.44921875,-0.96484375,0
22353418.0,9032.0,1.0,0.033203125,-0.4828491211,0.1871337891,0.8548583984
22356386.0,2968.0,0.0,4.40234375,-1.21875,-1.16015625,0
22364418.0,8032.0,1.0,0.0404052734,-0.4884033203,0.1851806641,0.8518066406
22367386.0,2968.0,0.0,2.2109375,0.0859375,-2.6015625,0
22371418.0,4032.0,1.0,0.0460205078,-0.4943847656,0.1832275391,0.848449707
22374386.0,2968.0,0.0,0.17578125,1.8046875,-5.21875,0
22381418.0,7032.0,1.0,0.0504760742,-0.5005493164,0.1812744141,0.8450317383
22384386.0,2968.0,0.0,-2.51171875,3.46875,-6.15234375,0
22391418.0,7032.0,1.0,0.0535888672,-0.5064086914,0.1793212891,0.8417358398
22394386.0,2968.0,0.0,-5.62890625,0.57421875,-5.5078125,0
22401418.0,7032.0,1.0,0.0556640625,-0.5122680664,0.1772460938,0.8385009766
22404386.0,2968.0,0.0,-4.49609375,-0.11328125,-4.30078125,0
22411418.0,7032.0,1.0,0.0570068359,-0.5181884766,0.1755981445,0.8350830078
22414386.0,2968.0,0.0,-2.9921875,-1.5390625,-1.3203125,0
22422418.0,8032.0,1.0,0.0579223633,-0.5241699219,0.1751098633,0.8314208984
22425386.0,2968.0,0.0,-1.86328125,-3.64453125,0.53125,0
22431418.0,6032.0,1.0,0.0588378906,-0.5302124023,0.1764526367,0.8272094727
22434386.0,2968.0,0.0,-1.78125,-4.47265625,0.73828125,0
22441418.0,7032.0,1.0,0.0602416992,-0.536315918,0.1804199219,0.8223266602
22444386.0,2968.0,0.0,-1.92578125,-4.2265625,0.88671875,0
22451418.0,7032.0,1.0,0.0622558594,-0.5422973633,0.1870117188,0.8167114258
22454386.0,2968.0,0.0,-1.9140625,-4.04296875,0.33203125,0
22462418.0,8032.0,1.0,0.0648193359,-0.5482177734,0.1958007813,0.8104858398
22465386.0,2968.0,0.0,-1.42578125,-1.9375,-0.8203125,0
22477418.0,12032.0,1.0,0.0674438477,-0.553894043,0.2053222656,0.8040771484
22482418.0,5000.0,1.0,0.0700683594,-0.5599365234,0.216003418,0.7968139648
22484386.0,1968.0,0.0,-1.31640625,1.4453125,-3.3203125,0
22491418.0,7032.0,1.0,0.0725708008,-0.5659790039,0.2272338867,0.7891845703
22494386.0,2968.0,0.0,-1.36328125,1.07421875,-3.62890625,0
22502418.0,8032.0,1.0,0.0747680664,-0.5716552734,0.2384643555,0.7814941406
22505386.0,2968.0,0.0,-0.84765625,1.2109375,-3.79296875,0
22511418.0,6032.0,1.0,0.0765991211,-0.5770874023,0.248840332,0.7740478516
22514386.0,2968.0,0.0,0.546875,0.96484375,-4.21875,0
22521418.0,7032.0,1.0,0.0778198242,-0.5831298828,0.2586669922,0.7661743164
22524386.0,2968.0,0.0,1.0234375,4.41015625,-5.22265625,0
22531418.0,7032.0,1.0,0.0778198242,-0.5895385742,0.2661743164,0.7586669922
22534386.0,2968.0,0.0,0.76953125,6.6171875,-6.5703125,0
22542418.0,8032.0,1.0,0.0764770508,-0.5960083008,0.2706298828,0.7521362305
22545386.0,2968.0,0.0,0.73828125,6.73046875,-8.40234375,0
22557418.0,12032.0,1.0,0.0745239258,-0.6024780273,0.2731323242,0.7462768555
22562386.0,4968.0,0.0,-1.19921875,3.57421875,-13.2109375,0
22565418.0,3032.0,1.0,0.0723876953,-0.6088867188,0.274597168,0.7406616211
22568386.0,2968.0,0.0,-2.15625,3.0390625,-12.96484375,0
22572418.0,4032.0,1.0,0.0701293945,-0.6156005859,0.2752685547,0.7351074219
22575386.0,2968.0,0.0,-2.140625,3.0390625,-12.80078125,0
22582418.0,7032.0,1.0,0.068359375,-0.6209716797,0.2751464844,0.7307128906
22585386.0,2968.0,0.0,-2.1328125,3.703125,-8.4921875,0
22591418.0,6032.0,1.0,0.0665893555,-0.6265869141,0.2746582031,0.7263183594
22594386.0,2968.0,0.0,-2.046875,1.95703125,-4.94140625,0
22602418.0,8032.0,1.0,0.0650024414,-0.632019043,0.2741088867,0.7219238281
22606386.0,3968.0,0.0,-3.41796875,3.3984375,-3.93359375,0
22612418.0,6032.0,1.0,0.0635375977,-0.6373901367,0.2739257813,0.7174072266
22615386.0,2968.0,0.0,-5.44140625,2.6484375,-4.22265625,0
22622418.0,7032.0,1.0,0.0623168945,-0.6419677734,0.2742919922,0.7132568359
22625386.0,2968.0,0.0,-8.0,1.23828125,-4.375,0
22631418.0,6032.0,1.0,0.061340332,-0.6461181641,0.2756347656,0.7091064453
22634386.0,2968.0,0.0,-7.5859375,-1.71875,-3.67578125,0
22642418.0,8032.0,1.0,0.0606689453,-0.6497802734,0.278137207,0.7047729492
22645386.0,2968.0,0.0,-7.25,-1.61328125,-1.81640625,0
22652418.0,7032.0,1.0,0.0601806641,-0.6531982422,0.2817993164,0.7001953125
22655386.0,2968.0,0.0,-7.41015625,-1.7578125,-0.6953125,0
22661418.0,6032.0,1.0,0.0598754883,-0.6563110352,0.2861938477,0.6955566406
22664386.0,2968.0,0.0,-7.390625,-1.21484375,-1.22265625,0
22671418.0,7032.0,1.0,0.0596923828,-0.6595458984,0.291809082,0.6901855469
22674386.0,2968.0,0.0,-6.0703125,-1.90625,-2.0703125,0
22682418.0,8032.0,1.0,0.0599975586,-0.6622924805,0.298034668,0.684753418
22685386.0,2968.0,0.0,-5.7109375,-2.55859375,-3.30078125,0
22691418.0,6032.0,1.0,0.0608520508,-0.6646118164,0.3043823242,0.6796264648
22694386.0,2968.0,0.0,-4.625,-0.796875,-5.7265625,0
22704418.0,10032.0,1.0,0.0618896484,-0.6667480469,0.3108520508,0.6744995117
22707386.0,2968.0,0.0,-2.46484375,1.5,-8.27734375,0
22711418.0,4032.0,1.0,0.0628662109,-0.6687011719,0.3164672852,0.6698608398
22714386.0,2968.0,0.0,-1.72265625,1.32421875,-7.5390625,0
22721418.0,7032.0,1.0,0.0637207031,-0.6708374023,0.3213500977,0.6652832031
22724386.0,2968.0,0.0,-1.4375,1.875,-3.4375,0
22732418.0,8032.0,1.0,0.0641479492,-0.6732788086,0.3251342773,0.660949707
22735386.0,2968.0,0.0,-0.3828125,2.671875,-1.94140625,0
22742418.0,7032.0,1.0,0.0639648438,-0.6759643555,0.3277587891,0.6569213867
22745386.0,2968.0,0.0,-1.27734375,2.08984375,-0.796875,0
22752418.0,7032.0,1.0,0.063293457,-0.6787719727,0.3293457031,0.6532592773
22755386.0,2968.0,0.0,-1.70703125,1.8984375,-2.03515625,0
22762418.0,7032.0,1.0,0.0623168945,-0.681640625,0.3301391602,0.6499633789
22765386.0,2968.0,0.0,-2.14453125,0.13671875,-2.90625,0
22772418.0,7032.0,1.0,0.0614624023,-0.6844482422,0.3305053711,0.6469116211
22775386.0,2968.0,0.0,-1.5078125,1.83984375,-4.546875,0
22782418.0,7032.0,1.0,0.0607910156,-0.6873168945,0.3305053711,0.6439819336
22785386.0,2968.0,0.0,-0.328125,2.95703125,-2.23828125,0
22792418.0,7032.0,1.0,0.0601806641,-0.690246582,0.3302001953,0.6410522461
22795386.0,2968.0,0.0,1.08203125,2.58984375,-0.0546875,0
22802418.0,7032.0,1.0,0.0595092773,-0.6932983398,0.3296508789,0.6380004883
22805386.0,2968.0,0.0,1.953125,3.37890625,1.14453125,0
22812418.0,7032.0,1.0,0.05859375,-0.6964111328,0.3289794922,0.6351318359
22815386.0,2968.0,0.0,1.484375,2.24609375,0.41796875,0
22822418.0,7032.0,1.0,0.0573730469,-0.6995239258,0.328125,0.6322021484
22825386.0,2968.0,0.0,0.98046875,1.5703125,-0.421875,0
22832418.0,7032.0,1.0,0.0557250977,-0.7024536133,0.327331543,0.6295166016
22835386.0,2968.0,0.0,-0.0703125,1.6171875,-1.6484375,0
22842418.0,7032.0,1.0,0.0536499023,-0.7052612305,0.3266601563,0.626953125
22845386.0,2968.0,0.0,-0.5078125,1.46484375,-3.0703125,0
22851418.0,6032.0,1.0,0.0513916016,-0.7077636719,0.326171875,0.6245727539
22854386.0,2968.0,0.0,-0.26171875,0.7578125,-1.19921875,0
22862418.0,8032.0,1.0,0.0487060547,-0.7103271484,0.3258666992,0.6219482422
22865386.0,2968.0,0.0,0.44921875,0.66796875,-0.02734375,0
22872418.0,7032.0,1.0,0.0458984375,-0.7127685547,0.3258056641,0.6194458008
22875386.0,2968.0,0.0,0.50390625,0.421875,1.58203125,0
22882418.0,7032.0,1.0,0.0427856445,-0.7151489258,0.3259277344,0.6168823242
22885386.0,2968.0,0.0,0.3203125,-0.453125,3.8359375,0
22897418.0,12032.0,1.0,0.0393066406,-0.7174682617,0.3262329102,0.6141967773
22902386.0,4968.0,0.0,-1.08984375,-2.16796875,3.984375,0
22905418.0,3032.0,1.0,0.0354003906,-0.7197875977,0.3268432617,0.6113891602
22908386.0,2968.0,0.0,-1.51171875,-2.59765625,2.98828125,0
22912418.0,4032.0,1.0,0.0306396484,-0.7221679688,0.3278198242,0.6083374023
22915386.0,2968.0,0.0,-1.55078125,-2.64453125,3.06640625,0
22922418.0,7032.0,1.0,0.0262451172,-0.7240600586,0.3291015625,0.6055908203
22925386.0,2968.0,0.0,-2.2578125,-2.44140625,1.91796875,0
22932418.0,7032.0,1.0,0.0215454102,-0.7257080078,0.3311157227,0.602722168
22935386.0,2968.0,0.0,-3.2265625,-1.859375,-1.2265625,0
22942418.0,7032.0,1.0,0.0172119141,-0.7269897461,0.3338012695,0.5997924805
22946386.0,3968.0,0.0,-3.01171875,-0.28125,-0.125,0
22952418.0,6032.0,1.0,0.0127563477,-0.7280273438,0.3370361328,0.596862793
22955386.0,2968.0,0.0,-3.2578125,0.98046875,0.828125,0
22962418.0,7032.0,1.0,0.0080566406,-0.7288818359,0.3403930664,0.5939331055
22965386.0,2968.0,0.0,-4.84375,1.0078125,2.74609375,0
22972418.0,7032.0,1.0,0.0029907227,-0.7295532227,0.3436279297,0.5913085938
22975386.0,2968.0,0.0,-6.8984375,0.72265625,3.421875,0
22982418.0,7032.0,1.0,0.0028076172,0.7299804688,-0.346862793,-0.5889282227
22985386.0,2968.0,0.0,-8.578125,0.19921875,3.23828125,0
22992418.0,7032.0,1.0,0.008972168,0.7299804688,-0.3500976563,-0.5869140625
22995386.0,2968.0,0.0,-10.09765625,-1.28125,3.24609375,0
23002418.0,7032.0,1.0,0.0154418945,0.7296142578,-0.3540649414,-0.5848388672
23005386.0,2968.0,0.0,-12.84765625,-1.7109375,3.40625,0
23012418.0,7032.0,1.0,0.0220947266,0.7290039063,-0.3588256836,-0.5825195313
23015386.0,2968.0,0.0,-14.53515625,-2.7265625,3.9921875,0
23022418.0,7032.0,1.0,0.0288696289,0.7279663086,-0.3647460938,-0.5798339844
23026386.0,3968.0,0.0,-15.25,-2.75,3.890625,0
23033418.0,7032.0,1.0,0.03515625,0.7264404297,-0.3716430664,-0.5770263672
23036386.0,2968.0,0.0,-15.53515625,-2.43359375,3.79296875,0
23046418.0,10032.0,1.0,0.0415039062,0.7241210938,-0.3803100586,-0.5738525391
23049386.0,2968.0,0.0,-16.10546875,-0.25,3.08203125,0
23053418.0,4032.0,1.0,0.048034668,0.7209472656,-0.390625,-0.5703735352
23056386.0,2968.0,0.0,-16.12109375,2.87109375,2.34765625,0
23062418.0,6032.0,1.0,0.0545654297,0.7172241211,-0.4008178711,-0.5673828125
23065386.0,2968.0,0.0,-13.90234375,6.40625,-0.625,0
23072418.0,7032.0,1.0,0.0626220703,0.7126464844,-0.4110107422,-0.5650634766
23075386.0,2968.0,0.0,-10.87109375,10.73046875,-3.734375,0
23082418.0,7032.0,1.0,0.0737915039,0.7066650391,-0.4202880859,-0.564453125
23085386.0,2968.0,0.0,-6.62109375,20.59375,-3.328125,0
23092418.0,7032.0,1.0,0.0883178711,0.6995239258,-0.4266967773,-0.5663452148
23095386.0,2968.0,0.0,-2.57421875,21.69140625,-6.31640625,0
23102418.0,7032.0,1.0,0.1058349609,0.6909179688,-0.4320068359,-0.5699462891
23105386.0,2968.0,0.0,1.5234375,9.92578125,2.8828125,0
23114418.0,9032.0,1.0,0.116027832,0.6825561523,-0.4426879883,-0.5698242188
23117386.0,2968.0,0.0,0.9609375,-10.97265625,12.265625,0
23124418.0,7032.0,1.0,0.1173706055,0.6734008789,-0.4617919922,-0.5653076172
23127386.0,2968.0,0.0,-5.87109375,26.3203125,12.421875,0
23131418.0,4032.0,1.0,0.1224365234,0.6607055664,-0.4758911133,-0.5674438477
23134386.0,2968.0,0.0,-5.12109375,50.15234375,13.5859375,0
23142418.0,8032.0,1.0,0.1390380859,0.6433105469,-0.4769287109,-0.5825805664
23145386.0,2968.0,0.0,4.47265625,33.14453125,-27.21484375,0
23152418.0,7032.0,1.0,0.1658935547,0.6215209961,-0.4626464844,-0.6099853516
23155386.0,2968.0,0.0,9.18359375,8.4375,-23.3671875,0
23162418.0,7032.0,1.0,0.1926879883,0.5970458984,-0.4392700195,-0.6430053711
23165386.0,2968.0,0.0,28.63671875,-20.4140625,-31.74609375,0
23175418.0,10032.0,1.0,0.2083129883,0.5743408203,-0.4186401367,-0.6719360352
23178386.0,2968.0,0.0,20.78125,-12.1953125,-9.20703125,0
23185418.0,7032.0,1.0,0.2144775391,0.5532226563,-0.4000244141,-0.6985473633
23188386.0,2968.0,0.0,24.546875,-25.21875,-21.6875,0
23193418.0,5032.0,1.0,0.215637207,0.5348510742,-0.380065918,-0.7231445313
23196386.0,2968.0,0.0,4.81640625,-15.8828125,-3.3828125,0
23202418.0,6032.0,1.0,0.2145385742,0.5179443359,-0.3562011719,-0.7475585938
23205386.0,2968.0,0.0,6.19921875,-24.19140625,3.890625,0
23215418.0,10032.0,1.0,0.2097167969,0.5035400391,-0.3318481445,-0.7696533203
23218386.0,2968.0,0.0,11.51953125,-26.71484375,2.0390625,0
23225418.0,7032.0,1.0,0.1984863281,0.4904785156,-0.3081054688,-0.7906494141
23228386.0,2968.0,0.0,11.72265625,-27.7421875,4.3671875,0
23233418.0,5032.0,1.0,0.1831054688,0.4815673828,-0.2907714844,-0.8062133789
23236386.0,2968.0,0.0,12.0859375,-22.9375,6.89453125,0
23242418.0,6032.0,1.0,0.1643676758,0.4751586914,-0.2770996094,-0.8187866211
23245386.0,2968.0,0.0,11.484375,-15.8125,6.23828125,0
23252418.0,7032.0,1.0,0.1445922852,0.470703125,-0.2654418945,-0.828918457
23255386.0,2968.0,0.0,10.22265625,-12.10546875,3.8125,0
23262418.0,7032.0,1.0,0.1245117188,0.4675292969,-0.2540893555,-0.8374633789
23265386.0,2968.0,0.0,8.9921875,-8.9375,2.9453125,0
23277418.0,12032.0,1.0,0.1058959961,0.4656982422,-0.2439575195,-0.8440551758
23281386.0,3968.0,0.0,9.9375,-6.39453125,0.24609375,0
23284418.0,3032.0,1.0,0.0864868164,0.4647216797,-0.2345581055,-0.8494262695
23287386.0,2968.0,0.0,10.078125,-6.08984375,0.13671875,0
23292418.0,5032.0,1.0,0.0665283203,0.4644165039,-0.2263183594,-0.8536376953
23295386.0,2968.0,0.0,10.31640625,-4.7890625,-0.1796875,0
23302418.0,7032.0,1.0,0.0491333008,0.4645996094,-0.2194824219,-0.8564453125
23305386.0,2968.0,0.0,10.11328125,-3.03125,-0.3046875,0
23312418.0,7032.0,1.0,0.0327148437,0.4652709961,-0.2123413086,-0.8587036133
23315386.0,2968.0,0.0,8.94140625,-4.06640625,0.90625,0
23322418.0,7032.0,1.0,0.0178222656,0.4663696289,-0.2051391602,-0.8602905273
23325386.0,2968.0,0.0,8.60546875,-5.84765625,1.90234375,0
23332418.0,7032.0,1.0,0.0040893555,0.467956543,-0.1990356445,-0.8610229492
23335386.0,2968.0,0.0,7.99609375,-7.23046875,2.4140625,0
23342418.0,7032.0,1.0,0.0093994141,-0.4700927734,0.1947021484,0.8608398438
23345386.0,2968.0,0.0,6.6875,-8.25,2.54296875,0
23357418.0,12032.0,1.0,0.0218505859,-0.4725341797,0.1927490234,0.8596801758
23361386.0,3968.0,0.0,5.68359375,-5.03125,1.5703125,0
23364418.0,3032.0,1.0,0.0346069336,-0.4756469727,0.1926269531,0.8575439453
23367386.0,2968.0,0.0,5.73828125,-4.8984375,1.625,0
23372418.0,5032.0,1.0,0.046875,-0.4796142578,0.1929931641,0.8547363281
23375386.0,2968.0,0.0,5.51171875,-2.23828125,0.671875,0
23382418.0,7032.0,1.0,0.0562133789,-0.4837646484,0.1926879883,0.8518676758
23385386.0,2968.0,0.0,4.0390625,-0.2109375,-1.4140625,0
23392418.0,7032.0,1.0,0.0645751953,-0.4884643555,0.1918945313,0.8487548828
23395386.0,2968.0,0.0,1.8046875,0.81640625,-3.51171875,0
23402418.0,7032.0,1.0,0.071472168,-0.4932250977,0.1909790039,0.8456420898
23405386.0,2968.0,0.0,-0.24609375,3.09375,-5.26953125,0
23412418.0,7032.0,1.0,0.0772094727,-0.4979858398,0.1898803711,0.8426513672
23415386.0,2968.0,0.0,-2.0625,5.1875,-6.5625,0
23422418.0,7032.0,1.0,0.0815429688,-0.5025024414,0.1882324219,0.8399047852
23425386.0,2968.0,0.0,-5.35546875,4.8515625,-7.2890625,0
23432418.0,7032.0,1.0,0.0849609375,-0.5073852539,0.1857910156,0.8371582031
23435386.0,2968.0,0.0,-7.53125,4.21875,-5.640625,0
23442418.0,7032.0,1.0,0.0872192383,-0.5121459961,0.182800293,0.8346557617
23445386.0,2968.0,0.0,-8.2890625,3.0390625,-3.6953125,0
23454418.0,9032.0,1.0,0.0885009766,-0.5169067383,0.1798095703,0.8322753906
23457386.0,2968.0,0.0,-8.2109375,0.3984375,-2.16015625,0
23464418.0,7032.0,1.0,0.0892944336,-0.5220947266,0.1771240234,0.8295288086
23467386.0,2968.0,0.0,-5.13671875,-2.6328125,0.33984375,0
23472418.0,5032.0,1.0,0.0899658203,-0.5277099609,0.1755371094,0.826171875
23475386.0,2968.0,0.0,-3.671875,-4.80078125,0.546875,0
23482418.0,7032.0,1.0,0.0908203125,-0.5330200195,0.1759643555,0.8225708008
23485386.0,2968.0,0.0,-3.89453125,-6.38671875,-0.1015625,0
23492418.0,7032.0,1.0,0.0921630859,-0.5385131836,0.1786499023,0.8182983398
23495386.0,2968.0,0.0,-4.1171875,-5.12109375,-0.58203125,0
23502418.0,7032.0,1.0,0.0939331055,-0.5440063477,0.1833496094,0.8134155273
23505386.0,2968.0,0.0,-4.23046875,-4.07421875,-2.73046875,0
23512418.0,7032.0,1.0,0.0962524414,-0.5492553711,0.1899414063,0.8081054688
23515386.0,2968.0,0.0,-2.50390625,-2.55078125,-4.68359375,0
23522418.0,7032.0,1.0,0.0986938477,-0.5545043945,0.1975708008,0.8023681641
23525386.0,2968.0,0.0,-0.97265625,-0.66015625,-5.0859375,0
23532418.0,7032.0,1.0,0.1008300781,-0.559753418,0.2053222656,0.7964477539
23535386.0,2968.0,0.0,-1.28515625,2.91796875,-6.21484375,0
23542418.0,7032.0,1.0,0.1022338867,-0.5651245117,0.2124633789,0.7905883789
23545386.0,2968.0,0.0,-1.8671875,5.58203125,-6.00390625,0
23552418.0,7032.0,1.0,0.1024780273,-0.5704345703,0.2182617188,0.78515625
23555386.0,2968.0,0.0,-1.33984375,4.5,-5.7578125,0
23562418.0,7032.0,1.0,0.1017456055,-0.5759277344,0.2230834961,0.7798461914
23565386.0,2968.0,0.0,-0.43359375,3.48828125,-3.6484375,0
23572418.0,7032.0,1.0,0.100402832,-0.5814819336,0.227722168,0.774597168
23575386.0,2968.0,0.0,-0.87109375,1.52734375,-3.7109375,0
23582418.0,7032.0,1.0,0.0986938477,-0.5869750977,0.2326660156,0.7691650391
23585386.0,2968.0,0.0,-1.4296875,3.12109375,-3.9609375,0
23595418.0,10032.0,1.0,0.0967407227,-0.5919189453,0.2371826172,0.7641601563
23598386.0,2968.0,0.0,-2.109375,2.91015625,-4.46484375,0
23605418.0,7032.0,1.0,0.0944213867,-0.5971679688,0.2421875,0.7588500977
23608386.0,2968.0,0.0,-2.48046875,1.46875,-4.7890625,0
23612418.0,4032.0,1.0,0.0925292969,-0.6019287109,0.2473144531,0.7536621094
23615386.0,2968.0,0.0,-3.3984375,1.1015625,-5.1328125,0
23622418.0,7032.0,1.0,0.0909423828,-0.6065063477,0.2528686523,0.7482910156
23625386.0,2968.0,0.0,-3.92578125,0.65625,-6.4609375,0
23632418.0,7032.0,1.0,0.0895996094,-0.6109008789,0.2581787109,0.7430419922
23635386.0,2968.0,0.0,-4.5,1.58984375,-6.6875,0
23642418.0,7032.0,1.0,0.0881958008,-0.6149902344,0.2627563477,0.7382202148
23645386.0,2968.0,0.0,-4.5078125,0.8125,-6.5390625,0
23652418.0,7032.0,1.0,0.0863647461,-0.6192016602,0.266784668,0.7334594727
23655386.0,2968.0,0.0,-5.0,-0.23046875,-5.625,0
23662418.0,7032.0,1.0,0.0844116211,-0.623046875,0.2702026367,0.7291870117
23665386.0,2968.0,0.0,-5.3984375,-2.22265625,-4.390625,0
23672418.0,7032.0,1.0,0.0825195313,-0.6267089844,0.2738647461,0.7248535156
23675386.0,2968.0,0.0,-5.859375,-3.37890625,-2.83984375,0
23682418.0,7032.0,1.0,0.0809326172,-0.6301879883,0.2784423828,0.7202758789
23685386.0,2968.0,0.0,-6.1796875,-4.0390625,-2.546875,0
23692418.0,7032.0,1.0,0.0800170898,-0.6332397461,0.2838745117,0.7155151367
23695386.0,2968.0,0.0,-5.61328125,-3.39453125,-3.29296875,0
23702418.0,7032.0,1.0,0.0797119141,-0.6360473633,0.2901000977,0.7105712891
23706386.0,3968.0,0.0,-4.70703125,-1.84375,-4.80078125,0
23715418.0,9032.0,1.0,0.0798339844,-0.6384277344,0.296081543,0.7059326172
23718386.0,2968.0,0.0,-3.921875,-0.25,-5.671875,0
23725418.0,7032.0,1.0,0.0803833008,-0.6407470703,0.3023071289,0.701171875
23728386.0,2968.0,0.0,-1.32421875,-0.44140625,-5.8359375,0
23732418.0,4032.0,1.0,0.0811157227,-0.6428833008,0.3079833984,0.6965942383
23735386.0,2968.0,0.0,-0.734375,-0.12890625,-4.33203125,0
23742418.0,7032.0,1.0,0.0816040039,-0.6452026367,0.3130493164,0.6921386719
23745386.0,2968.0,0.0,-0.703125,0.30078125,-3.2890625,0
23752418.0,7032.0,1.0,0.0816650391,-0.647644043,0.3170776367,0.6879882813
23755386.0,2968.0,0.0,-1.21484375,1.703125,-2.4921875,0
23762418.0,7032.0,1.0,0.0814208984,-0.6500854492,0.3203125,0.6842041016
23765386.0,2968.0,0.0,-1.26171875,0.0703125,-0.54296875,0
23772418.0,7032.0,1.0,0.0811157227,-0.6526489258,0.3232421875,0.680480957
23775386.0,2968.0,0.0,-1.80859375,-0.359375,-0.6640625,0
23782418.0,7032.0,1.0,0.0809326172,-0.6552124023,0.3260498047,0.6766357422
23786386.0,3968.0,0.0,-2.05078125,0.8203125,-0.9140625,0
23792418.0,6032.0,1.0,0.080871582,-0.6578369141,0.3286132813,0.6728515625
23795386.0,2968.0,0.0,-1.90625,1.5078125,-2.03125,0
23802418.0,7032.0,1.0,0.0809936523,-0.6602783203,0.3307495117,0.6693725586
23805386.0,2968.0,0.0,-0.87890625,2.91796875,-4.54296875,0
23812418.0,7032.0,1.0,0.0811767578,-0.6628417969,0.3325805664,0.6658935547
23815386.0,2968.0,0.0,-0.23828125,5.234375,-5.40625,0
23822418.0,7032.0,1.0,0.0811157227,-0.6653442383,0.3335571289,0.662902832
23826386.0,3968.0,0.0,0.3359375,5.078125,-3.2578125,0
23832418.0,6032.0,1.0,0.0805053711,-0.66796875,0.3336791992,0.6602783203
23835386.0,2968.0,0.0,0.90234375,3.87109375,-0.22265625,0
23842418.0,7032.0,1.0,0.0792236328,-0.671081543,0.3329467773,0.6576538086
23845386.0,2968.0,0.0,0.58984375,3.08203125,1.1953125,0
23852418.0,7032.0,1.0,0.0774536133,-0.6741943359,0.3316040039,0.6553955078
23855386.0,2968.0,0.0,-0.30078125,2.78125,1.18359375,0
23862418.0,7032.0,1.0,0.0751342773,-0.6773681641,0.3297729492,0.6532592773
23865386.0,2968.0,0.0,-0.56640625,1.5625,0.44140625,0
23872418.0,7032.0,1.0,0.0725708008,-0.680480957,0.3278198242,0.6513061523
23875386.0,2968.0,0.0,-0.8046875,1.41796875,-0.37890625,0
23882418.0,7032.0,1.0,0.0698852539,-0.6834106445,0.3258666992,0.6495361328
23885386.0,2968.0,0.0,-0.734375,1.65625,-2.34765625,0
23892418.0,7032.0,1.0,0.0670776367,-0.6862182617,0.3241577148,0.6477050781
23895386.0,2968.0,0.0,-0.40625,1.87890625,-1.87109375,0
23903418.0,8032.0,1.0,0.0640869141,-0.6888427734,0.3226318359,0.6459960938
23906386.0,2968.0,0.0,-0.18359375,2.59765625,-0.09375,0
23912418.0,6032.0,1.0,0.0606079102,-0.6914672852,0.321105957,0.6442871094
23915386.0,2968.0,0.0,0.14453125,2.734375,2.29296875,0
23925418.0,10032.0,1.0,0.0563354492,-0.6940917969,0.3196411133,0.642578125
23928386.0,2968.0,0.0,0.6328125,1.6796875,3.2734375,0
23932418.0,4032.0,1.0,0.0512695312,-0.6967163086,0.318359375,0.6407470703
23935386.0,2968.0,0.0,-0.0859375,0.453125,3.09765625,0
23943418.0,8032.0,1.0,0.0457763672,-0.6991577148,0.3176879883,0.6388549805
23946386.0,2968.0,0.0,-1.2265625,-0.9453125,2.625,0
23952418.0,6032.0,1.0,0.040222168,-0.7012939453,0.3178710938,0.6368408203
23955386.0,2968.0,0.0,-2.9453125,-2.46875,2.07421875,0
23962418.0,7032.0,1.0,0.0344238281,-0.703125,0.3189697266,0.6345825195
23965386.0,2968.0,0.0,-4.67578125,-4.04296875,2.0234375,0
23972418.0,7032.0,1.0,0.0287475586,-0.7045898438,0.3212280273,0.6320800781
23975386.0,2968.0,0.0,-6.33984375,-4.43359375,2.55078125,0
23983418.0,8032.0,1.0,0.0234375,-0.7056884766,0.325012207,0.6291503906
23986386.0,2968.0,0.0,-6.92578125,-4.2578125,3.82421875,0
23992418.0,6032.0,1.0,0.0188598633,-0.7064819336,0.3299560547,0.6258544922
23995386.0,2968.0,0.0,-7.6015625,-3.44140625,5.7421875,0
24002418.0,7032.0,1.0,0.0144042969,-0.7069091797,0.3364257813,0.6220092773
24005386.0,2968.0,0.0,-8.359375,-2.59375,5.94921875,0
24012418.0,7032.0,1.0,0.0102539063,-0.7069702148,0.3438110352,0.617980957
24015386.0,2968.0,0.0,-9.04296875,-2.625,6.3125,0
24023418.0,8032.0,1.0,0.0061645508,-0.7067871094,0.3518066406,0.6137084961
24026386.0,2968.0,0.0,-9.28125,-1.74609375,6.4921875,0
24032418.0,6032.0,1.0,0.0018310547,-0.7064208984,0.3603515625,0.6091918945
24035386.0,2968.0,0.0,-10.06640625,-1.8046875,5.25,0
24042418.0,7032.0,1.0,0.0025634766,0.705871582,-0.3690185547,-0.6046142578
24045386.0,2968.0,0.0,-11.72265625,-1.9609375,5.16796875,0
24052418.0,7032.0,1.0,0.0072631836,0.7050170898,-0.3785400391,-0.5997314453
24055386.0,2968.0,0.0,-13.6328125,-1.32421875,5.0859375,0
24063418.0,8032.0,1.0,0.0119628906,0.7037353516,-0.3886108398,-0.5946655273
24066386.0,2968.0,0.0,-15.1953125,-1.50390625,4.73828125,0
24078418.0,12032.0,1.0,0.0159912109,0.7018432617,-0.3992919922,-0.5896606445
24083418.0,5000.0,1.0,0.0198364258,0.6989746094,-0.4118041992,-0.5843505859
24085386.0,1968.0,0.0,-14.08984375,5.5,2.0078125,0
24092418.0,7032.0,1.0,0.0242919922,0.6950683594,-0.4253540039,-0.5791015625
24095386.0,2968.0,0.0,-12.58203125,12.33984375,1.3203125,0
24102418.0,7032.0,1.0,0.030090332,0.6901855469,-0.4381713867,-0.5750732422
24105386.0,2968.0,0.0,-5.98828125,15.72265625,2.078125,0
24112418.0,7032.0,1.0,0.038269043,0.6840820313,-0.4499511719,-0.5728149414
24115386.0,2968.0,0.0,-2.046875,17.609375,3.57421875,0
24122418.0,7032.0,1.0,0.0487670898,0.6768798828,-0.4603881836,-0.572265625
24125386.0,2968.0,0.0,2.22265625,13.03125,5.2890625,0
24133418.0,8032.0,1.0,0.0568237305,0.6688232422,-0.4733886719,-0.5703735352
24136386.0,2968.0,0.0,4.640625,-1.90625,4.9609375,0
24142418.0,6032.0,1.0,0.0624389648,0.659362793,-0.4884643555,-0.5680541992
24145386.0,2968.0,0.0,2.1171875,48.21875,-4.234375,0
24157418.0,12032.0,1.0,0.0723876953,0.6474609375,-0.4970092773,-0.5731811523
24161386.0,3968.0,0.0,9.28515625,29.55859375,-26.8203125,0
24164418.0,3032.0,1.0,0.0902099609,0.6325683594,-0.4944458008,-0.5892333984
24167386.0,2968.0,0.0,9.16015625,29.21484375,-27.234375,0
24173418.0,6032.0,1.0,0.1197509766,0.6130371094,-0.4750976563,-0.6198120117
24176386.0,2968.0,0.0,16.19140625,36.921875,-26.1875,0
24182418.0,6032.0,1.0,0.1462402344,0.59375,-0.4481201172,-0.6521606445
24185386.0,2968.0,0.0,21.00390625,-18.109375,-25.0,0
24197418.0,12032.0,1.0,0.1649780273,0.5726318359,-0.4191894531,-0.6849365234
24201386.0,3968.0,0.0,10.1953125,-22.63671875,-5.61328125,0
24204418.0,3032.0,1.0,0.1732177734,0.5532226563,-0.3939819336,-0.7132568359
24207386.0,2968.0,0.0,10.2578125,-22.56640625,-6.44140625,0
24212418.0,5032.0,1.0,0.1751708984,0.5347900391,-0.3682861328,-0.7401123047
24215386.0,2968.0,0.0,10.7421875,-20.73046875,-2.3515625,0
24223418.0,8032.0,1.0,0.1732788086,0.5180053711,-0.3409423828,-0.7651367188
24226386.0,2968.0,0.0,11.90625,-22.78125,0.67578125,0
24232418.0,6032.0,1.0,0.1678466797,0.5038452148,-0.3146362305,-0.7867431641
24235386.0,2968.0,0.0,11.94921875,-25.578125,2.40625,0
24242418.0,7032.0,1.0,0.1582641602,0.4915771484,-0.2891845703,-0.8060302734
24245386.0,2968.0,0.0,13.0859375,-25.125,5.3125,0
24254418.0,9032.0,1.0,0.1463012695,0.4823608398,-0.267578125,-0.8211669922
24257386.0,2968.0,0.0,13.74609375,-22.47265625,7.42578125,0
24264418.0,7032.0,1.0,0.1314086914,0.4750976563,-0.2475585938,-0.8341064453
24267386.0,2968.0,0.0,11.015625,-20.375,8.5390625,0
24272418.0,5032.0,1.0,0.1141357422,0.4700317383,-0.2305908203,-0.8443603516
24275386.0,2968.0,0.0,9.109375,-18.93359375,8.43359375,0
24283418.0,8032.0,1.0,0.0963134766,0.4671630859,-0.2185058594,-0.8513183594
24286386.0,2968.0,0.0,8.15234375,-16.40625,7.7421875,0
24293418.0,7032.0,1.0,0.0778808594,0.4658813477,-0.2095336914,-0.8561401367
24296386.0,2968.0,0.0,8.9140625,-11.92578125,5.07421875,0
24302418.0,6032.0,1.0,0.0595092773,0.4657592773,-0.2030639648,-0.8592529297
24305386.0,2968.0,0.0,9.23828125,-10.05078125,3.90234375,0
24312418.0,7032.0,1.0,0.0417480469,0.4665527344,-0.1988525391,-0.8608398438
24315386.0,2968.0,0.0,9.33984375,-7.48046875,2.4296875,0
24323418.0,8032.0,1.0,0.0251464844,0.467956543,-0.1957397461,-0.8613891602
24326386.0,2968.0,0.0,9.08203125,-5.1015625,1.51171875,0
24337418.0,11032.0,1.0,0.0104370117,0.469909668,-0.1928100586,-0.861328125
24342386.0,4968.0,0.0,8.0390625,-4.9140625,-0.8203125,0
24345418.0,3032.0,1.0,0.0030517578,-0.4723510742,0.1898803711,0.8607177734
24348386.0,2968.0,0.0,8.1171875,-4.7265625,-0.8046875,0
24352418.0,4032.0,1.0,0.015625,-0.4751586914,0.1874389648,0.8595581055
24355386.0,2968.0,0.0,7.69140625,-5.0546875,-1.38671875,0
24363418.0,8032.0,1.0,0.02734375,-0.4783325195,0.1856689453,0.8579101563
24366386.0,2968.0,0.0,7.4453125,-5.6015625,-1.4140625,0
24372418.0,6032.0,1.0,0.0375976562,-0.481628418,0.1848754883,0.8558349609
24375386.0,2968.0,0.0,5.9375,-4.93359375,-0.9453125,0
24382418.0,7032.0,1.0,0.0471801758,-0.4854736328,0.1846923828,0.8532104492
24385386.0,2968.0,0.0,5.33984375,-3.4453125,-1.3359375,0
24392418.0,7032.0,1.0,0.0552978516,-0.4897460938,0.1842651367,0.8503417969
24395386.0,2968.0,0.0,4.75390625,-1.3984375,-1.80078125,0
24403418.0,8032.0,1.0,0.0614624023,-0.4943847656,0.1833496094,0.8474731445
24406386.0,2968.0,0.0,3.19140625,-0.55859375,-2.64453125,0
24413418.0,7032.0,1.0,0.06640625,-0.4993286133,0.182434082,0.8443603516
24416386.0,2968.0,0.0,-2.04296875,0.859375,-5.125,0
24423418.0,7032.0,1.0,0.0701904297,-0.5039672852,0.1819458008,0.8414306641
24427386.0,3968.0,0.0,-4.63671875,2.26953125,-5.60546875,0
24436418.0,9032.0,1.0,0.0732421875,-0.5084838867,0.1817626953,0.8385009766
24439386.0,2968.0,0.0,-6.4765625,3.390625,-6.59765625,0
24446418.0,7032.0,1.0,0.0756835938,-0.5133056641,0.1813964844,0.8353881836
24449386.0,2968.0,0.0,-8.34375,1.71875,-4.55078125,0
24453418.0,4032.0,1.0,0.0772705078,-0.5177612305,0.1806640625,0.8326416016
24456386.0,2968.0,0.0,-7.1953125,0.34765625,-3.2109375,0
24463418.0,7032.0,1.0,0.0780639648,-0.5222167969,0.1796264648,0.8300170898
24466386.0,2968.0,0.0,-4.89453125,-1.6015625,-1.1328125,0
24473418.0,7032.0,1.0,0.0784912109,-0.52734375,0.1787109375,0.8269042969
24476386.0,2968.0,0.0,-2.671875,-4.28515625,0.609375,0
24483418.0,7032.0,1.0,0.078918457,-0.5327148438,0.1790161133,0.8233642578
24486386.0,2968.0,0.0,-2.25,-5.9375,0.7890625,0
24492418.0,6032.0,1.0,0.0798950195,-0.5382080078,0.1812133789,0.8192138672
24495386.0,2968.0,0.0,-3.89453125,-5.21875,-0.8125,0
24503418.0,8032.0,1.0,0.0816040039,-0.5435180664,0.1856689453,0.8145141602
24506386.0,2968.0,0.0,-4.8515625,-3.47265625,-3.08203125,0
24513418.0,7032.0,1.0,0.0838623047,-0.5485839844,0.1918334961,0.8094482422
24516386.0,2968.0,0.0,-5.80859375,-1.71875,-4.078125,0
24523418.0,7032.0,1.0,0.0862426758,-0.5535888672,0.1989746094,0.8040771484
24526386.0,2968.0,0.0,-4.0078125,-2.02734375,-5.109375,0
24533418.0,7032.0,1.0,0.0885620117,-0.5588378906,0.2066040039,0.7982177734
24536386.0,2968.0,0.0,-2.29296875,0.9375,-4.015625,0
24543418.0,7032.0,1.0,0.0903320313,-0.5643920898,0.2138671875,0.792175293
24546386.0,2968.0,0.0,-1.37890625,2.6171875,-4.45703125,0
24553418.0,7032.0,1.0,0.0912475586,-0.5700073242,0.2199707031,0.7863769531
24556386.0,2968.0,0.0,-0.3515625,3.48828125,-5.12890625,0
24562418.0,6032.0,1.0,0.0914916992,-0.575378418,0.2250976563,0.7809448242
24565386.0,2968.0,0.0,1.203125,3.10546875,-5.1640625,0
24577418.0,12032.0,1.0,0.0914916992,-0.5809936523,0.2304077148,0.7752075195
24580386.0,2968.0,0.0,0.69140625,4.48046875,-4.03515625,0
24584418.0,4032.0,1.0,0.0911865234,-0.5867919922,0.2360839844,0.7691650391
24587386.0,2968.0,0.0,-0.20703125,5.1640625,-4.890625,0
24593418.0,6032.0,1.0,0.0905761719,-0.5920410156,0.2412109375,0.7636108398
24596386.0,2968.0,0.0,-1.453125,4.3125,-5.60546875,0
24603418.0,7032.0,1.0,0.0895385742,-0.5972290039,0.2459716797,0.7581176758
24606386.0,2968.0,0.0,-3.8515625,4.83984375,-5.640625,0
24613418.0,7032.0,1.0,0.0881347656,-0.6022949219,0.2499389648,0.7529907227
24616386.0,2968.0,0.0,-4.53515625,3.62109375,-4.6796875,0
24623418.0,7032.0,1.0,0.0864868164,-0.607421875,0.2533569336,0.7479248047
24626386.0,2968.0,0.0,-5.40625,2.81640625,-4.33984375,0
24633418.0,7032.0,1.0,0.084777832,-0.6124267578,0.2562255859,0.7430419922
24636386.0,2968.0,0.0,-6.35546875,1.40625,-5.3046875,0
24643418.0,7032.0,1.0,0.0830688477,-0.6173095703,0.2586669922,0.7383422852
24646386.0,2968.0,0.0,-7.61328125,0.8515625,-7.078125,0
24653418.0,7032.0,1.0,0.0815429688,-0.621887207,0.2608032227,0.7338867188
24656386.0,2968.0,0.0,-7.109375,-0.88671875,-7.94140625,0
24663418.0,7032.0,1.0,0.0805053711,-0.6260986328,0.2630615234,0.7296142578
24666386.0,2968.0,0.0,-7.18359375,-0.6328125,-7.30859375,0
24673418.0,7032.0,1.0,0.080078125,-0.630065918,0.2658081055,0.7252807617
24676386.0,2968.0,0.0,-5.60546875,-1.33984375,-5.546875,0
24683418.0,7032.0,1.0,0.0802612305,-0.633605957,0.2690429688,0.7208862305
24686386.0,2968.0,0.0,-5.484375,-0.80859375,-3.7734375,0
24693418.0,7032.0,1.0,0.080871582,-0.6370239258,0.2727661133,0.7164306641
24696386.0,2968.0,0.0,-5.51953125,-0.25,-3.2265625,0
24703418.0,7032.0,1.0,0.0816650391,-0.6401977539,0.2766723633,0.7119750977
24706386.0,2968.0,0.0,-4.91796875,-0.6484375,-3.453125,0
24717418.0,11032.0,1.0,0.0823364258,-0.6430664063,0.2803344727,0.7078857422
24721386.0,3968.0,0.0,-3.61328125,-0.2734375,-6.86328125,0
24724418.0,3032.0,1.0,0.0828857422,-0.6457519531,0.2836303711,0.7040405273
24727386.0,2968.0,0.0,-3.61328125,-0.2890625,-6.75390625,0
24733418.0,6032.0,1.0,0.0833740234,-0.6484375,0.2867431641,0.7002563477
24736386.0,2968.0,0.0,-2.6953125,1.50390625,-6.18359375,0
24743418.0,7032.0,1.0,0.0833129883,-0.6510009766,0.2890014648,0.6969604492
24746386.0,2968.0,0.0,-2.08984375,0.95703125,-3.8671875,0
24752418.0,6032.0,1.0,0.082824707,-0.6535644531,0.2907104492,0.6939086914
24755386.0,2968.0,0.0,-1.4765625,0.14453125,-0.5625,0
24763418.0,8032.0,1.0,0.0821533203,-0.65625,0.2926635742,0.690612793
24766386.0,2968.0,0.0,-1.70703125,-0.3203125,0.06640625,0
24773418.0,7032.0,1.0,0.0817260742,-0.6586303711,0.2950439453,0.6873779297
24776386.0,2968.0,0.0,-1.9453125,-0.875,-0.68359375,0
24783418.0,7032.0,1.0,0.0816650391,-0.6607666016,0.2980957031,0.6839599609
24786386.0,2968.0,0.0,-1.68359375,-1.921875,-1.2421875,0
24793418.0,7032.0,1.0,0.0819702148,-0.6628417969,0.3016967773,0.6803588867
24796386.0,2968.0,0.0,-1.046875,0.20703125,-3.3671875,0
24803418.0,7032.0,1.0,0.0822753906,-0.6647338867,0.3052978516,0.6768798828
24807386.0,3968.0,0.0,-1.20703125,1.8359375,-3.15234375,0
24813418.0,6032.0,1.0,0.0825195313,-0.6666259766,0.3088989258,0.6733398438
24816386.0,2968.0,0.0,-0.23046875,0.16796875,-2.0703125,0
24823418.0,7032.0,1.0,0.0827026367,-0.6685180664,0.3122558594,0.669921875
24826386.0,2968.0,0.0,-0.0078125,1.00390625,-0.40625,0
24833418.0,7032.0,1.0,0.0825805664,-0.6704711914,0.3151245117,0.6665649414
24836386.0,2968.0,0.0,1.08984375,0.52734375,0.4921875,0
24843418.0,7032.0,1.0,0.0822143555,-0.6726074219,0.3176269531,0.663269043
24847386.0,3968.0,0.0,0.62890625,-0.0625,0.5859375,0
24853418.0,6032.0,1.0,0.0817871094,-0.6749267578,0.3198852539,0.6599121094
24856386.0,2968.0,0.0,0.3359375,0.08203125,0.09765625,0
24863418.0,7032.0,1.0,0.0814819336,-0.6771240234,0.3220214844,0.6566162109
24866386.0,2968.0,0.0,1.5546875,0.7265625,-0.7265625,0
24873418.0,7032.0,1.0,0.0811157227,-0.6793823242,0.3240966797,0.6533203125
24876386.0,2968.0,0.0,1.34765625,1.0703125,-0.6875,0
24883418.0,7032.0,1.0,0.0806274414,-0.6817626953,0.3258666992,0.6500244141
24887386.0,3968.0,0.0,1.5703125,0.91796875,-0.13671875,0
24893418.0,6032.0,1.0,0.0798950195,-0.6842651367,0.3273925781,0.6467285156
24896386.0,2968.0,0.0,1.01953125,1.140625,0.953125,0
24903418.0,7032.0,1.0,0.0788574219,-0.6867675781,0.3286132813,0.6435546875
24906386.0,2968.0,0.0,0.3515625,1.25390625,1.4609375,0
24918418.0,12032.0,1.0,0.0775146484,-0.6893310547,0.3295898438,0.6404418945
24922386.0,3968.0,0.0,-0.23828125,1.015625,1.65625,0
24925418.0,3032.0,1.0,0.0758056641,-0.6920166016,0.3302001953,0.6373901367
24928386.0,2968.0,0.0,0.3984375,0.93359375,2.23046875,0
24933418.0,5032.0,1.0,0.0734863281,-0.6950073242,0.3304443359,0.6343383789
24936386.0,2968.0,0.0,0.375,0.91796875,2.31640625,0
24942418.0,6032.0,1.0,0.0708618164,-0.6977539063,0.3302612305,0.6317138672
24945386.0,2968.0,0.0,1.9296875,-1.08203125,2.50390625,0
24953418.0,8032.0,1.0,0.0678100586,-0.7008056641,0.3301391602,0.6287231445
24956386.0,2968.0,0.0,2.09765625,-0.2578125,1.62890625,0
24963418.0,7032.0,1.0,0.0648803711,-0.7036743164,0.3302612305,0.6256713867
24966386.0,2968.0,0.0,1.375,1.0234375,1.02734375,0
24973418.0,7032.0,1.0,0.0618896484,-0.7065429688,0.3306274414,0.6226196289
24976386.0,2968.0,0.0,0.38671875,2.04296875,0.8359375,0
24983418.0,7032.0,1.0,0.0585327148,-0.7094116211,0.3309326172,0.6195068359
24986386.0,2968.0,0.0,-0.48828125,1.59765625,1.49609375,0
24993418.0,7032.0,1.0,0.0549316406,-0.712097168,0.331237793,0.6166381836
24996386.0,2968.0,0.0,-1.515625,1.52734375,1.57421875,0
25003418.0,7032.0,1.0,0.0508422852,-0.7147216797,0.3314819336,0.6137695313
25006386.0,2968.0,0.0,-2.6953125,1.7578125,1.4609375,0
25013418.0,7032.0,1.0,0.046081543,-0.7172241211,0.3317260742,0.6110229492
25016386.0,2968.0,0.0,-4.18359375,1.35546875,2.03125,0
25023418.0,7032.0,1.0,0.0406494141,-0.7196044922,0.3322143555,0.6083984375
25026386.0,2968.0,0.0,-7.484375,-0.0390625,4.0078125,0
25033418.0,7032.0,1.0,0.0347900391,-0.7216796875,0.333190918,0.6057128906
25036386.0,2968.0,0.0,-8.03125,-0.69140625,4.39453125,0
25043418.0,7032.0,1.0,0.0289306641,-0.7233276367,0.3352661133,0.6029052734
25046386.0,2968.0,0.0,-8.7734375,-1.57421875,4.80859375,0
25053418.0,7032.0,1.0,0.0233154297,-0.7245483398,0.3389892578,0.5996704102
25056386.0,2968.0,0.0,-9.6796875,-2.09765625,5.23046875,0
25063418.0,7032.0,1.0,0.0184326172,-0.7252807617,0.344543457,0.5957641602
25066386.0,2968.0,0.0,-10.515625,-1.77734375,5.515625,0
25073418.0,7032.0,1.0,0.0144042969,-0.7254638672,0.3522338867,0.5911254883
25076386.0,2968.0,0.0,-11.4765625,-1.55078125,5.234375,0
25083418.0,7032.0,1.0,0.0111694336,-0.7251586914,0.3620605469,0.5856323242
25086386.0,2968.0,0.0,-12.14453125,-1.15234375,5.12109375,0
25098418.0,12032.0,1.0,0.0084228516,-0.7241821289,0.3727416992,0.5801391602
25103386.0,4968.0,0.0,-14.19140625,1.6796875,6.05078125,0
25106418.0,3032.0,1.0,0.0053710937,-0.7224731445,0.3849487305,0.5742797852
25109386.0,2968.0,0.0,-14.30078125,1.5390625,6.16796875,0
25113418.0,4032.0,1.0,0.0017089844,-0.7198486328,0.3981933594,0.5685424805
25116386.0,2968.0,0.0,-15.0390625,1.78125,6.484375,0
25123418.0,7032.0,1.0,0.0026245117,0.7164916992,-0.410949707,-0.5637207031
25126386.0,2968.0,0.0,-14.78125,5.1015625,5.32421875,0
25132418.0,6032.0,1.0,0.0084838867,0.7122802734,-0.4231567383,-0.5599365234
25135386.0,2968.0,0.0,-12.98828125,14.30859375,0.0703125,0
25143418.0,8032.0,1.0,0.0171508789,0.7066040039,-0.4357299805,-0.5572509766
25146386.0,2968.0,0.0,-12.37890625,15.84375,-0.23046875,0
25153418.0,7032.0,1.0,0.028503418,0.6998291016,-0.4467773438,-0.556640625
25156386.0,2968.0,0.0,-10.58984375,19.1015625,-1.984375,0
25163418.0,7032.0,1.0,0.0445556641,0.6916503906,-0.4548339844,-0.5592651367
25166386.0,2968.0,0.0,-7.015625,20.421875,-1.609375,0
25178418.0,12032.0,1.0,0.0638427734,0.682800293,-0.4594116211,-0.5645141602
25182386.0,3968.0,0.0,0.19921875,-21.109375,2.83984375,0
25185418.0,3032.0,1.0,0.0798339844,0.6729736328,-0.4682617188,-0.5670166016
25188386.0,2968.0,0.0,-0.00390625,-21.421875,2.73828125,0
25193418.0,5032.0,1.0,0.0908813477,0.6614990234,-0.4822387695,-0.5670776367
25196386.0,2968.0,0.0,-1.38671875,14.18359375,1.96875,0
25203418.0,7032.0,1.0,0.1055908203,0.6479492188,-0.4887695313,-0.5745849609
25206386.0,2968.0,0.0,-1.27734375,48.33984375,-6.484375,0
25213418.0,7032.0,1.0,0.1321411133,0.6304321289,-0.4791870117,-0.5962524414
25216386.0,2968.0,0.0,12.984375,33.62109375,-24.66796875,0
25223418.0,7032.0,1.0,0.1647338867,0.6091918945,-0.4548950195,-0.6283569336
25226386.0,2968.0,0.0,14.36328125,8.62109375,-23.5,0
25235418.0,9032.0,1.0,0.188293457,0.587890625,-0.4295043945,-0.6591186523
25238386.0,2968.0,0.0,11.40625,-17.5234375,-21.84765625,0
25245418.0,7032.0,1.0,0.2005004883,0.5679321289,-0.4073486328,-0.6865234375
25248386.0,2968.0,0.0,6.91015625,-18.83984375,-8.48046875,0
25253418.0,5032.0,1.0,0.205078125,0.5494384766,-0.3857421875,-0.7122192383
25256386.0,2968.0,0.0,10.86328125,-15.94140625,-4.41015625,0
25263418.0,7032.0,1.0,0.2052612305,0.5317382813,-0.3612670898,-0.7379760742
25266386.0,2968.0,0.0,11.140625,-16.49609375,-2.1484375,0
25275418.0,9032.0,1.0,0.2012329102,0.5163574219,-0.3363647461,-0.7614135742
25278386.0,2968.0,0.0,11.015625,-23.671875,-2.06640625,0
25285418.0,7032.0,1.0,0.1916503906,0.5028076172,-0.3123779297,-0.7828369141
25288386.0,2968.0,0.0,12.52734375,-27.640625,3.98828125,0
25293418.0,5032.0,1.0,0.1761474609,0.4913330078,-0.2909545898,-0.8018188477
25296386.0,2968.0,0.0,13.609375,-23.6015625,5.04296875,0
25303418.0,7032.0,1.0,0.1582641602,0.4829101563,-0.2741699219,-0.81640625
25306386.0,2968.0,0.0,13.8515625,-18.421875,5.12109375,0
25313418.0,7032.0,1.0,0.1388549805,0.4763793945,-0.258605957,-0.8287963867
25316386.0,2968.0,0.0,13.5,-14.09375,5.03125,0
25323418.0,7032.0,1.0,0.1195678711,0.4715576172,-0.2438964844,-0.8389282227
25326386.0,2968.0,0.0,13.06640625,-11.98828125,3.2578125,0
25338418.0,12032.0,1.0,0.0993652344,0.4680786133,-0.2295532227,-0.8475341797
25342386.0,3968.0,0.0,12.3671875,-12.71484375,3.68359375,0
25345418.0,3032.0,1.0,0.0792236328,0.466003418,-0.2176513672,-0.8539428711
25348386.0,2968.0,0.0,12.10546875,-12.09765625,3.53515625,0
25353418.0,5032.0,1.0,0.0578613281,0.4649047852,-0.2078857422,-0.8586425781
25356386.0,2968.0,0.0,12.22265625,-11.74609375,3.43359375,0
25363418.0,7032.0,1.0,0.0371704102,0.4647216797,-0.201171875,-0.8615112305
25366386.0,2968.0,0.0,10.83203125,-8.31640625,2.10546875,0
25373418.0,7032.0,1.0,0.0175170898,0.4651489258,-0.1963500977,-0.8630371094
25376386.0,2968.0,0.0,10.390625,-6.6015625,0.96484375,0
25383418.0,7032.0,1.0,0.0009765625,-0.4660644531,0.1922607422,0.8635864258
25386386.0,2968.0,0.0,9.65625,-5.44921875,-0.0859375,0
25393418.0,7032.0,1.0,0.0183105469,-0.4674682617,0.1881713867,0.8635253906
25396386.0,2968.0,0.0,8.84375,-5.02734375,-0.5546875,0
25403418.0,7032.0,1.0,0.0338134766,-0.4692993164,0.1840209961,0.8630371094
25406386.0,2968.0,0.0,7.15234375,-3.73828125,-1.77734375,0
25418418.0,12032.0,1.0,0.0473632812,-0.4714355469,0.1797485352,0.862121582
25422386.0,3968.0,0.0,6.2890625,-3.11328125,-1.734375,0
25425418.0,3032.0,1.0,0.0596313477,-0.4740600586,0.1751708984,0.8608398438
25428386.0,2968.0,0.0,5.96875,-3.21484375,-1.37890625,0
25433418.0,5032.0,1.0,0.0709228516,-0.477355957,0.1704711914,0.8590698242
25436386.0,2968.0,0.0,5.32421875,-3.56640625,-0.69921875,0
25443418.0,7032.0,1.0,0.080078125,-0.4811401367,0.1663208008,0.8569946289
25446386.0,2968.0,0.0,4.26953125,-2.25390625,-0.66015625,0
25453418.0,7032.0,1.0,0.0875854492,-0.4857788086,0.1622314453,0.8544311523
25456386.0,2968.0,0.0,2.78515625,-0.82421875,-1.015625,0
25463418.0,7032.0,1.0,0.0934448242,-0.4909667969,0.1585083008,0.8515625
25466386.0,2968.0,0.0,0.73828125,-1.57421875,-1.29296875,0
25473418.0,7032.0,1.0,0.0982666016,-0.4963378906,0.1560058594,0.8483276367
25476386.0,2968.0,0.0,-3.2734375,-0.46875,-4.1484375,0
25483418.0,7032.0,1.0,0.1026611328,-0.5018310547,0.1547851563,0.8447875977
25486386.0,2968.0,0.0,-5.44140625,0.30859375,-4.484375,0
25493418.0,7032.0,1.0,0.1062011719,-0.5068969727,0.1545410156,0.8413696289
25496386.0,2968.0,0.0,-7.1484375,1.2890625,-5.0703125,0
25503418.0,7032.0,1.0,0.1090087891,-0.5120849609,0.1544189453,0.837890625
25506386.0,2968.0,0.0,-7.83203125,0.234375,-2.83203125,0
25518418.0,12032.0,1.0,0.1106567383,-0.5172729492,0.1539306641,0.8345336914
25523386.0,4968.0,0.0,-2.0546875,-4.5546875,2.36328125,0
25526418.0,3032.0,1.0,0.1116333008,-0.5231323242,0.1536865234,0.8308105469
25529386.0,2968.0,0.0,-2.0,-4.515625,2.47265625,0
25533418.0,4032.0,1.0,0.1126098633,-0.5292358398,0.1549072266,0.8265991211
25536386.0,2968.0,0.0,-1.22265625,-6.4453125,0.453125,0
25543418.0,7032.0,1.0,0.1138916016,-0.5354003906,0.1581420898,0.8217773438
25546386.0,2968.0,0.0,-1.359375,-4.9140625,-0.59375,0
25553418.0,7032.0,1.0,0.1155395508,-0.5414428711,0.1632080078,0.8166503906
25556386.0,2968.0,0.0,-3.87890625,-2.5703125,-3.6171875,0
25563418.0,7032.0,1.0,0.1173095703,-0.5472412109,0.1693725586,0.8112182617
25566386.0,2968.0,0.0,-4.74609375,-0.0859375,-5.21484375,0
25573418.0,7032.0,1.0,0.1189575195,-0.5529174805,0.1758422852,0.8057250977
25576386.0,2968.0,0.0,-4.62890625,0.5546875,-6.58984375,0
25584418.0,8032.0,1.0,0.1201782227,-0.5587158203,0.1820068359,0.8001708984
25587386.0,2968.0,0.0,-4.24609375,1.7734375,-6.08984375,0
25593418.0,6032.0,1.0,0.1207885742,-0.5645751953,0.1873168945,0.7947387695
25596386.0,2968.0,0.0,-3.25,3.6484375,-4.625,0
25603418.0,7032.0,1.0,0.1206665039,-0.5705566406,0.1920776367,0.7893066406
25606386.0,2968.0,0.0,-2.2890625,2.95703125,-3.625,0
25613418.0,7032.0,1.0,0.1200561523,-0.5765380859,0.1966552734,0.7839355469
25616386.0,2968.0,0.0,-1.76171875,4.14453125,-3.26171875,0
25623418.0,7032.0,1.0,0.1190795898,-0.5823364258,0.2014160156,0.7785644531
25626386.0,2968.0,0.0,-1.53125,4.17578125,-4.71484375,0
25633418.0,7032.0,1.0,0.1180419922,-0.5878295898,0.2067260742,0.7731933594
25636386.0,2968.0,0.0,-1.27734375,4.58203125,-5.30859375,0
25643418.0,7032.0,1.0,0.1169433594,-0.592956543,0.2124633789,0.7678222656
25647386.0,3968.0,0.0,-1.22265625,4.5546875,-4.9609375,0
25654418.0,7032.0,1.0,0.1156616211,-0.5977172852,0.217956543,0.7628173828
25657386.0,2968.0,0.0,-1.8203125,4.00390625,-5.26953125,0
25667418.0,10032.0,1.0,0.1140136719,-0.602722168,0.223449707,0.7575073242
25670386.0,2968.0,0.0,-4.41015625,4.31640625,-5.10546875,0
25674418.0,4032.0,1.0,0.1119995117,-0.6076049805,0.2282714844,0.7524414063
25677386.0,2968.0,0.0,-5.97265625,3.640625,-4.94921875,0
25683418.0,6032.0,1.0,0.1096191406,-0.6125488281,0.232421875,0.7474975586
25686386.0,2968.0,0.0,-7.640625,2.24609375,-5.60546875,0
25693418.0,7032.0,1.0,0.1071777344,-0.6170043945,0.2357788086,0.7431030273
25696386.0,2968.0,0.0,-8.515625,1.125,-6.5859375,0
25703418.0,7032.0,1.0,0.1047363281,-0.6211547852,0.2387695313,0.739074707
25706386.0,2968.0,0.0,-8.5078125,-2.32421875,-6.22265625,0
25713418.0,7032.0,1.0,0.1024780273,-0.6252441406,0.2422485352,0.7348022461
25716386.0,2968.0,0.0,-8.0078125,-2.1328125,-6.77734375,0
25723418.0,7032.0,1.0,0.1009521484,-0.6287231445,0.2462158203,0.7307128906
25726386.0,2968.0,0.0,-6.9765625,-2.1484375,-6.76953125,0
25733418.0,7032.0,1.0,0.0999755859,-0.6318359375,0.2506103516,0.7266235352
25736386.0,2968.0,0.0,-5.90234375,-2.65625,-5.6171875,0
25743418.0,7032.0,1.0,0.0994262695,-0.6348266602,0.2554321289,0.7224121094
25746386.0,2968.0,0.0,-5.94140625,-2.2734375,-3.5,0
25753418.0,7032.0,1.0,0.0991210938,-0.6375732422,0.2601928711,0.7183227539
25756386.0,2968.0,0.0,-6.0546875,-1.63671875,-4.265625,0
25763418.0,7032.0,1.0,0.0990600586,-0.6401367188,0.2651367188,0.7142333984
25766386.0,2968.0,0.0,-6.1015625,-1.32421875,-4.68359375,0
25773418.0,7032.0,1.0,0.0993041992,-0.6422729492,0.2700805664,0.7103881836
25776386.0,2968.0,0.0,-6.29296875,-2.703125,-4.26953125,0
25783418.0,7032.0,1.0,0.1000976563,-0.6441650391,0.2756958008,0.7064208984
25786386.0,2968.0,0.0,-4.9609375,-0.68359375,-2.203125,0
25798418.0,12032.0,1.0,0.1012573242,-0.6458740234,0.28125,0.7025146484
25802386.0,3968.0,0.0,-1.66796875,0.05859375,-0.29296875,0
25805418.0,3032.0,1.0,0.1025390625,-0.6477661133,0.2868652344,0.6982421875
25808386.0,2968.0,0.0,-1.0234375,1.29296875,-0.8359375,0
25813418.0,5032.0,1.0,0.1035766602,-0.6499023438,0.2921142578,0.6939697266
25816386.0,2968.0,0.0,-0.53125,2.14453125,-2.10546875,0
25823418.0,7032.0,1.0,0.1044921875,-0.6519775391,0.2965698242,0.6899414063
25826386.0,2968.0,0.0,-0.53125,0.93359375,-2.02734375,0
25833418.0,7032.0,1.0,0.10546875,-0.6539916992,0.3005981445,0.6861572266
25836386.0,2968.0,0.0,-0.76953125,1.765625,-2.74609375,0
25844418.0,8032.0,1.0,0.1063232422,-0.6560668945,0.3041381836,0.6824951172
25847386.0,2968.0,0.0,-0.50390625,1.98828125,-3.140625,0
25853418.0,6032.0,1.0,0.1070556641,-0.658203125,0.3069458008,0.6790771484
25856386.0,2968.0,0.0,-0.2421875,2.06640625,-3.31640625,0
25863418.0,7032.0,1.0,0.1074829102,-0.6605224609,0.3091430664,0.6757202148
25866386.0,2968.0,0.0,0.140625,2.02734375,-3.30078125,0
25873418.0,7032.0,1.0,0.1074829102,-0.6629638672,0.3103637695,0.6727905273
25876386.0,2968.0,0.0,0.90625,2.7265625,-2.484375,0
25884418.0,8032.0,1.0,0.1069335938,-0.6656494141,0.310546875,0.6701660156
25887386.0,2968.0,0.0,1.48046875,2.578125,-1.57421875,0
25893418.0,6032.0,1.0,0.1058349609,-0.6684570313,0.3098754883,0.6677856445
25896386.0,2968.0,0.0,0.1796875,2.25,0.6796875,0
25903418.0,7032.0,1.0,0.104309082,-0.6716308594,0.3086547852,0.6654052734
25906386.0,2968.0,0.0,0.1796875,1.65234375,0.30078125,0
25913418.0,7032.0,1.0,0.1026000977,-0.6748046875,0.3070678711,0.6631469727
25916386.0,2968.0,0.0,0.484375,2.89453125,-0.87109375,0
25924418.0,8032.0,1.0,0.1005859375,-0.677734375,0.3053588867,0.661315918
25927386.0,2968.0,0.0,0.66796875,3.0234375,-2.10546875,0
25933418.0,6032.0,1.0,0.0983886719,-0.6805419922,0.303527832,0.6596069336
25936386.0,2968.0,0.0,2.8984375,1.30078125,-1.015625,0
25943418.0,7032.0,1.0,0.0960083008,-0.6832275391,0.3020629883,0.6578369141
25946386.0,2968.0,0.0,2.43359375,1.109375,0.54296875,0
25953418.0,7032.0,1.0,0.0933227539,-0.6859130859,0.3009643555,0.6558837891
25956386.0,2968.0,0.0,1.54296875,1.29296875,2.55859375,0
25964418.0,8032.0,1.0,0.0901489258,-0.6885986328,0.3002929688,0.6538696289
25967386.0,2968.0,0.0,0.8359375,0.85546875,3.73828125,0
25973418.0,6032.0,1.0,0.0865478516,-0.6911010742,0.299987793,0.6518554688
25976386.0,2968.0,0.0,-0.3671875,0.06640625,3.609375,0
25983418.0,7032.0,1.0,0.0826416016,-0.6934204102,0.3004150391,0.6496582031
25986386.0,2968.0,0.0,-0.57421875,-1.08984375,3.375,0
25994418.0,8032.0,1.0,0.0786743164,-0.6955566406,0.3017578125,0.6472167969
25997386.0,2968.0,0.0,-0.4140625,-1.56640625,1.99609375,0
26004418.0,7032.0,1.0,0.0747070313,-0.6974487305,0.3039550781,0.6446533203
26007386.0,2968.0,0.0,-0.48046875,-2.234375,0.91796875,0
26019418.0,12032.0,1.0,0.0708007813,-0.6989746094,0.3065185547,0.6422119141
26024418.0,5000.0,1.0,0.0662841797,-0.7003173828,0.3095703125,0.6397705078
26026386.0,1968.0,0.0,-0.93359375,-2.61328125,1.1796875,0
26034418.0,8032.0,1.0,0.0610351562,-0.7017211914,0.3128051758,0.6372070313
26037386.0,2968.0,0.0,-1.47265625,-2.20703125,3.6796875,0
26043418.0,6032.0,1.0,0.0556640625,-0.7030029297,0.3161010742,0.6346435547
26046386.0,2968.0,0.0,-3.7421875,-2.6484375,5.19921875,0
26053418.0,7032.0,1.0,0.049621582,-0.7041625977,0.3198242188,0.632019043
26056386.0,2968.0,0.0,-4.63671875,-2.328125,4.9296875,0
26063418.0,7032.0,1.0,0.0433349609,-0.705078125,0.3237915039,0.6293945313
26067386.0,3968.0,0.0,-5.87890625,-2.484375,4.05859375,0
26074418.0,7032.0,1.0,0.0370483398,-0.7056884766,0.3283081055,0.6267700195
26077386.0,2968.0,0.0,-7.12890625,-2.4921875,4.27734375,0
26083418.0,6032.0,1.0,0.0311279297,-0.7059326172,0.333190918,0.624206543
26086386.0,2968.0,0.0,-9.40625,-2.52734375,2.9375,0
26093418.0,7032.0,1.0,0.0247192383,-0.7059936523,0.3392333984,0.6212158203
26096386.0,2968.0,0.0,-10.6328125,-1.515625,3.390625,0
26103418.0,7032.0,1.0,0.0186157227,-0.7057495117,0.3457641602,0.6181030273
26106386.0,2968.0,0.0,-11.2421875,-2.30078125,4.6171875,0
26114418.0,8032.0,1.0,0.0128173828,-0.7052001953,0.3532104492,0.6146240234
26117386.0,2968.0,0.0,-12.24609375,-2.25,5.3828125,0
26124418.0,7032.0,1.0,0.0072021484,-0.704284668,0.3619995117,0.6106567383
26127386.0,2968.0,0.0,-12.4921875,-1.6328125,4.94921875,0
26133418.0,6032.0,1.0,0.001953125,-0.7030029297,0.3715209961,0.6063842773
26136386.0,2968.0,0.0,-12.625,-1.0234375,4.8125,0
26144418.0,8032.0,1.0,0.0034179687,0.7013549805,-0.381652832,-0.6020507813
26147386.0,2968.0,0.0,-12.3828125,-0.7890625,5.21484375,0
26153418.0,6032.0,1.0,0.0090942383,0.6992797852,-0.391418457,-0.5981445313
26156386.0,2968.0,0.0,-12.90625,1.4375,4.6015625,0
26166418.0,10032.0,1.0,0.0158081055,0.696472168,-0.4016113281,-0.5944213867
26169386.0,2968.0,0.0,-13.03125,5.85546875,2.0078125,0
26173418.0,4032.0,1.0,0.0233154297,0.6930541992,-0.4117431641,-0.5912475586
26176386.0,2968.0,0.0,-10.40625,9.30078125,0.453125,0
26184418.0,8032.0,1.0,0.0322875977,0.6884765625,-0.4224853516,-0.5886230469
26187386.0,2968.0,0.0,-8.09375,13.5703125,-0.2578125,0
26194418.0,7032.0,1.0,0.0428466797,0.682800293,-0.4323730469,-0.5873413086
26197386.0,2968.0,0.0,-0.328125,14.6328125,1.55078125,0
26204418.0,7032.0,1.0,0.0545043945,0.6761474609,-0.4414672852,-0.5873413086
26207386.0,2968.0,0.0,3.30859375,9.171875,7.703125,0
26213418.0,6032.0,1.0,0.0639648438,0.6687011719,-0.4525146484,-0.5864868164
26216386.0,2968.0,0.0,4.0078125,-1.4140625,12.0546875,0
26224418.0,8032.0,1.0,0.0661621094,0.6605834961,-0.4699707031,-0.5817260742
26227386.0,2968.0,0.0,2.34375,-15.421875,13.48828125,0
26239418.0,12032.0,1.0,0.0695800781,0.6505737305,-0.4838867188,-0.5811767578
26244386.0,4968.0,0.0,8.9296875,21.77734375,-17.3125,0
26247418.0,3032.0,1.0,0.0809326172,0.6371459961,-0.4885253906,-0.590637207
26250386.0,2968.0,0.0,8.796875,21.50390625,-17.5546875,0
26254418.0,4032.0,1.0,0.100769043,0.6198730469,-0.481628418,-0.6112670898
26257386.0,2968.0,0.0,8.94921875,38.13671875,-19.48046875,0
26264418.0,7032.0,1.0,0.1245117188,0.6015014648,-0.4621582031,-0.6396484375
26267386.0,2968.0,0.0,19.2734375,23.5703125,-22.78125,0
26273418.0,6032.0,1.0,0.1447753906,0.5819091797,-0.4373779297,-0.6701660156
26276386.0,2968.0,0.0,22.7890625,-9.33203125,-15.23046875,0
26283418.0,7032.0,1.0,0.1573486328,0.561706543,-0.4117431641,-0.7001342773
26286386.0,2968.0,0.0,15.8203125,-15.35546875,-10.44921875,0
26295418.0,9032.0,1.0,0.1625366211,0.5438842773,-0.387512207,-0.7263793945
26298386.0,2968.0,0.0,11.09375,-15.3125,-3.61328125,0
26305418.0,7032.0,1.0,0.1636352539,0.5276489258,-0.361328125,-0.751159668
26308386.0,2968.0,0.0,9.42578125,-16.24609375,-0.00390625,0
26313418.0,5032.0,1.0,0.1610107422,0.5128173828,-0.333190918,-0.7746582031
26316386.0,2968.0,0.0,8.09375,-23.1953125,2.88671875,0
26323418.0,7032.0,1.0,0.1536865234,0.5001220703,-0.3062133789,-0.7952880859
26326386.0,2968.0,0.0,9.0625,-27.484375,2.65234375,0
26336418.0,10032.0,1.0,0.1420898438,0.4908447266,-0.2849121094,-0.8109741211
26339386.0,2968.0,0.0,9.8828125,-26.91796875,5.75390625,0
26346418.0,7032.0,1.0,0.1267700195,0.4838256836,-0.2668457031,-0.8237915039
26349386.0,2968.0,0.0,9.2109375,-16.27734375,8.109375,0
26354418.0,5032.0,1.0,0.1104125977,0.4790039063,-0.2512817383,-0.8338012695
26357386.0,2968.0,0.0,8.07421875,-14.33984375,6.59375,0
26363418.0,6032.0,1.0,0.092956543,0.475769043,-0.2366333008,-0.8420410156
26366386.0,2968.0,0.0,7.125,-12.82421875,6.31640625,0
26374418.0,8032.0,1.0,0.0751342773,0.4739990234,-0.2242431641,-0.8481445313
26377386.0,2968.0,0.0,6.9453125,-12.01953125,5.40625,0
26384418.0,7032.0,1.0,0.0574951172,0.4735107422,-0.21484375,-0.8522338867
26387386.0,2968.0,0.0,7.7734375,-8.8515625,2.36328125,0
26399418.0,12032.0,1.0,0.0408325195,0.4738769531,-0.2080078125,-0.854675293
26404386.0,4968.0,0.0,8.703125,-4.76171875,0.6640625,0
26407418.0,3032.0,1.0,0.0240478516,0.4748535156,-0.2020263672,-0.8562011719
26410386.0,2968.0,0.0,8.765625,-4.43359375,0.01953125,0
26414418.0,4032.0,1.0,0.0076904297,0.4765014648,-0.196105957,-0.8569946289
26417386.0,2968.0,0.0,8.84375,-4.19140625,0.00390625,0
26424418.0,7032.0,1.0,0.005859375,-0.478515625,0.1912841797,0.8569946289
26427386.0,2968.0,0.0,8.1484375,-5.21484375,0.0703125,0
26434418.0,7032.0,1.0,0.0192260742,-0.4809570313,0.1871337891,0.8563232422
26437386.0,2968.0,0.0,7.56640625,-5.51171875,-0.41796875,0
26444418.0,7032.0,1.0,0.0317382812,-0.4838256836,0.1842651367,0.8549804688
26447386.0,2968.0,0.0,6.78515625,-5.30078125,-0.46484375,0
26454418.0,7032.0,1.0,0.0433349609,-0.4869995117,0.182800293,0.8529663086
26457386.0,2968.0,0.0,6.2734375,-4.546875,-0.9140625,0
26463418.0,6032.0,1.0,0.0532836914,-0.4906616211,0.1813964844,0.8505859375
26466386.0,2968.0,0.0,5.2890625,-0.27734375,-1.28125,0
26478418.0,12032.0,1.0,0.0615844727,-0.4951171875,0.178894043,0.8479614258
26481386.0,2968.0,0.0,5.46484375,-0.44921875,-1.10546875,0
26485418.0,4032.0,1.0,0.0682983398,-0.5001220703,0.1755981445,0.8452148438
26488386.0,2968.0,0.0,2.1640625,-1.2734375,-1.9921875,0
26494418.0,6032.0,1.0,0.0735473633,-0.5051269531,0.1728515625,0.8423461914
26497386.0,2968.0,0.0,2.21875,-1.1640625,-1.9140625,0
26504418.0,7032.0,1.0,0.0778198242,-0.5101318359,0.170715332,0.8393554688
26507386.0,2968.0,0.0,-2.875,1.04296875,-4.44921875,0
26514418.0,7032.0,1.0,0.0810546875,-0.5148925781,0.169128418,0.8364868164
26517386.0,2968.0,0.0,-5.43359375,1.08203125,-4.5234375,0
26524418.0,7032.0,1.0,0.0835571289,-0.5196533203,0.1676635742,0.8336181641
26527386.0,2968.0,0.0,-6.88671875,0.72265625,-5.3203125,0
26534418.0,7032.0,1.0,0.085144043,-0.5243530273,0.1664428711,0.8307495117
26537386.0,2968.0,0.0,-7.4921875,-0.25390625,-3.39453125,0
26544418.0,7032.0,1.0,0.0862426758,-0.5291137695,0.1656494141,0.8276977539
26547386.0,2968.0,0.0,-4.50390625,-5.00390625,0.140625,0
26554418.0,7032.0,1.0,0.0872192383,-0.5341186523,0.1660766602,0.8243408203
26557386.0,2968.0,0.0,-3.62890625,-5.7109375,1.23828125,0
26564418.0,7032.0,1.0,0.0885620117,-0.5391845703,0.1684570313,0.8203735352
26567386.0,2968.0,0.0,-2.39453125,-5.546875,0.12890625,0
26574418.0,7032.0,1.0,0.0902709961,-0.5441894531,0.1728515625,0.8159790039
26577386.0,2968.0,0.0,-1.8203125,-5.00390625,-1.42578125,0
26584418.0,7032.0,1.0,0.0924682617,-0.5493164063,0.1790771484,0.8109741211
26587386.0,2968.0,0.0,-2.66015625,-3.97265625,-2.546875,0
26594418.0,7032.0,1.0,0.0947875977,-0.5542602539,0.186706543,0.8055419922
26597386.0,2968.0,0.0,-3.53515625,-4.07421875,-3.1953125,0
26604418.0,7032.0,1.0,0.0971679688,-0.5592041016,0.1951904297,0.7998046875
26607386.0,2968.0,0.0,-3.12109375,-3.30078125,-5.63671875,0
26618418.0,11032.0,1.0,0.0992431641,-0.5639038086,0.2034301758,0.7941894531
26621386.0,2968.0,0.0,-2.17578125,0.69140625,-7.5859375,0
26625418.0,4032.0,1.0,0.1010131836,-0.5687866211,0.2118530273,0.788269043
26628386.0,2968.0,0.0,-0.99609375,1.1484375,-6.6875,0
26634418.0,6032.0,1.0,0.1020507813,-0.5739135742,0.2197265625,0.7822875977
26637386.0,2968.0,0.0,0.0625,3.19140625,-5.328125,0
26644418.0,7032.0,1.0,0.1019897461,-0.5791015625,0.2260131836,0.7766723633
26647386.0,2968.0,0.0,0.734375,4.08984375,-3.890625,0
26653418.0,6032.0,1.0,0.1011352539,-0.5842895508,0.2312011719,0.7713012695
26656386.0,2968.0,0.0,0.60546875,2.85546875,-2.81640625,0
26664418.0,8032.0,1.0,0.0999145508,-0.5897216797,0.2366333008,0.765625
26667386.0,2968.0,0.0,-0.86328125,2.828125,-3.3359375,0
26674418.0,7032.0,1.0,0.0988769531,-0.594909668,0.2427368164,0.7598266602
26677386.0,2968.0,0.0,-2.54296875,3.04296875,-4.234375,0
26684418.0,7032.0,1.0,0.0979614258,-0.5996704102,0.2489013672,0.7542114258
26687386.0,2968.0,0.0,-3.60546875,4.4375,-3.80078125,0
26694418.0,7032.0,1.0,0.096862793,-0.6044921875,0.2550048828,0.7484741211
26697386.0,2968.0,0.0,-2.94921875,2.03515625,-2.86328125,0
26704418.0,7032.0,1.0,0.095703125,-0.6091308594,0.260559082,0.7428588867
26708386.0,3968.0,0.0,-3.5546875,1.71484375,-3.16796875,0
26717418.0,9032.0,1.0,0.0947265625,-0.6137695313,0.2659912109,0.7373046875
26720386.0,2968.0,0.0,-5.23828125,0.671875,-4.27734375,0
26727418.0,7032.0,1.0,0.0939331055,-0.6184692383,0.2715454102,0.7313842773
26730386.0,2968.0,0.0,-7.18359375,0.8828125,-7.4375,0
26734418.0,4032.0,1.0,0.0935668945,-0.6226806641,0.2766723633,0.7259521484
26737386.0,2968.0,0.0,-6.80078125,-0.296875,-9.3125,0
26744418.0,7032.0,1.0,0.0936279297,-0.6264038086,0.2814941406,0.7208251953
26747386.0,2968.0,0.0,-5.9609375,0.0546875,-9.74609375,0
26754418.0,7032.0,1.0,0.0939941406,-0.6298828125,0.2860717773,0.7159423828
26757386.0,2968.0,0.0,-5.0,0.828125,-8.69140625,0
26764418.0,7032.0,1.0,0.0947265625,-0.6331787109,0.2907104492,0.7109985352
26767386.0,2968.0,0.0,-3.8984375,0.23046875,-4.95703125,0
26774418.0,7032.0,1.0,0.095703125,-0.6364135742,0.2952880859,0.7061157227
26777386.0,2968.0,0.0,-3.859375,1.1796875,-3.33203125,0
26784418.0,7032.0,1.0,0.096496582,-0.6397094727,0.2994384766,0.7012939453
26787386.0,2968.0,0.0,-4.359375,0.7421875,-3.19921875,0
26794418.0,7032.0,1.0,0.096862793,-0.6429443359,0.3029174805,0.6967773438
26797386.0,2968.0,0.0,-4.703125,1.15625,-4.26953125,0
26804418.0,7032.0,1.0,0.0970458984,-0.6459350586,0.3057861328,0.6926879883
26807386.0,2968.0,0.0,-4.47265625,1.2265625,-6.44921875,0
26814418.0,7032.0,1.0,0.0973510742,-0.6486816406,0.30859375,0.6888427734
26817386.0,2968.0,0.0,-3.20703125,0.9140625,-7.03125,0
26824418.0,7032.0,1.0,0.0979003906,-0.6512451172,0.3114013672,0.6850585938
26828386.0,3968.0,0.0,-2.06640625,2.17578125,-6.27734375,0
26834418.0,6032.0,1.0,0.0985107422,-0.6536865234,0.3140258789,0.6814575195
26837386.0,2968.0,0.0,-1.37890625,3.171875,-3.89453125,0
26844418.0,7032.0,1.0,0.098815918,-0.6561279297,0.3161621094,0.6780395508
26847386.0,2968.0,0.0,-1.30859375,2.67578125,-1.33984375,0
26859418.0,12032.0,1.0,0.0989379883,-0.6586914063,0.3180541992,0.674621582
26863386.0,3968.0,0.0,-1.15625,2.68359375,-2.43359375,0
26866418.0,3032.0,1.0,0.098815918,-0.661315918,0.3197021484,0.6713256836
26869386.0,2968.0,0.0,-1.203125,1.9140625,-3.49609375,0
26874418.0,5032.0,1.0,0.0985717773,-0.6638183594,0.3212890625,0.6680908203
26877386.0,2968.0,0.0,-1.203125,1.90625,-3.40234375,0
26884418.0,7032.0,1.0,0.0982055664,-0.6661987305,0.3228759766,0.6650390625
26887386.0,2968.0,0.0,-0.86328125,2.7578125,-2.16796875,0
26894418.0,7032.0,1.0,0.0975952148,-0.6685180664,0.3244018555,0.6620483398
26897386.0,2968.0,0.0,-1.1875,2.1015625,0.5234375,0
26904418.0,7032.0,1.0,0.0966796875,-0.6709594727,0.3258666992,0.6589355469
26907386.0,2968.0,0.0,-1.76171875,1.8984375,1.2890625,0
26914418.0,7032.0,1.0,0.095703125,-0.6734008789,0.3275146484,0.6558227539
26917386.0,2968.0,0.0,-2.15234375,1.5,1.34375,0
26924418.0,7032.0,1.0,0.0948486328,-0.6757202148,0.3294067383,0.6525878906
26927386.0,2968.0,0.0,-0.51953125,0.046875,-0.63671875,0
26934418.0,7032.0,1.0,0.0942382813,-0.6779174805,0.3316040039,0.6492919922
26937386.0,2968.0,0.0,-0.078125,-0.4296875,-1.078125,0
26944418.0,7032.0,1.0,0.0936889648,-0.6801147461,0.333984375,0.6458129883
26947386.0,2968.0,0.0,0.91015625,0.28125,-0.984375,0
26954418.0,7032.0,1.0,0.0931396484,-0.682434082,0.3361816406,0.6423339844
26957386.0,2968.0,0.0,0.3515625,1.1953125,-0.35546875,0
26964418.0,7032.0,1.0,0.092590332,-0.6848144531,0.3383178711,0.6387329102
26967386.0,2968.0,0.0,-0.046875,1.1875,0.07421875,0
26974418.0,7032.0,1.0,0.0920410156,-0.6872558594,0.3402099609,0.6351928711
26977386.0,2968.0,0.0,-0.21484375,2.22265625,-0.63671875,0
26984418.0,7032.0,1.0,0.0912475586,-0.6896972656,0.3416137695,0.6318359375
26987386.0,2968.0,0.0,-0.4609375,1.68359375,-0.8203125,0
26994418.0,7032.0,1.0,0.0902099609,-0.6921386719,0.3424682617,0.6288452148
26997386.0,2968.0,0.0,0.98828125,1.1015625,-0.578125,0
27004418.0,7032.0,1.0,0.0887451172,-0.6948242188,0.3428344727,0.6259155273
27007386.0,2968.0,0.0,1.4609375,0.48828125,0.10546875,0
27014418.0,7032.0,1.0,0.0869750977,-0.6976318359,0.3427124023,0.6231079102
27017386.0,2968.0,0.0,1.72265625,0.06640625,0.41015625,0
27024418.0,7032.0,1.0,0.0850830078,-0.7005615234,0.3422851563,0.6203613281
27027386.0,2968.0,0.0,1.8515625,0.22265625,0.7578125,0
27034418.0,7032.0,1.0,0.0831298828,-0.7033081055,0.3416137695,0.6178588867
27037386.0,2968.0,0.0,0.76171875,1.8671875,1.01953125,0
27044418.0,7032.0,1.0,0.0806884766,-0.7064208984,0.3403930664,0.6152954102
27047386.0,2968.0,0.0,0.44140625,1.90625,0.32421875,0
27054418.0,7032.0,1.0,0.0776367188,-0.7094726563,0.338684082,0.6130981445
27057386.0,2968.0,0.0,0.43359375,1.74609375,-0.33984375,0
27064418.0,7032.0,1.0,0.0739135742,-0.7125854492,0.3364257813,0.6112060547
27067386.0,2968.0,0.0,-0.1640625,1.203125,0.06640625,0
27079418.0,12032.0,1.0,0.0697021484,-0.7154541016,0.3340454102,0.6096191406
27083386.0,3968.0,0.0,-0.1796875,-0.34765625,2.41015625,0
27086418.0,3032.0,1.0,0.0646972656,-0.7183837891,0.3316650391,0.6080322266
27089386.0,2968.0,0.0,-0.203125,-0.37890625,2.46484375,0
27094418.0,5032.0,1.0,0.059387207,-0.7213134766,0.3297729492,0.6062011719
27097386.0,2968.0,0.0,-0.50390625,-0.72265625,3.90625,0
27104418.0,7032.0,1.0,0.0543823242,-0.7238769531,0.328918457,0.6040649414
27107386.0,2968.0,0.0,-1.33984375,-0.6484375,4.23828125,0
27114418.0,7032.0,1.0,0.0495605469,-0.7262573242,0.3291015625,0.6015014648
27117386.0,2968.0,0.0,-3.02734375,-0.55078125,4.1171875,0
27124418.0,7032.0,1.0,0.0451660156,-0.7283325195,0.3303222656,0.5986328125
27128386.0,3968.0,0.0,-3.5546875,-1.1796875,3.49609375,0
27134418.0,6032.0,1.0,0.0408935547,-0.7302246094,0.3323364258,0.5955200195
27137386.0,2968.0,0.0,-4.3359375,-1.05078125,3.0390625,0
27144418.0,7032.0,1.0,0.0364990234,-0.7318725586,0.3350219727,0.5922851563
27147386.0,2968.0,0.0,-6.68359375,-0.390625,1.39453125,0
27154418.0,7032.0,1.0,0.032043457,-0.733215332,0.3380737305,0.5891113281
27157386.0,2968.0,0.0,-7.6953125,-0.46875,1.3203125,0
27164418.0,7032.0,1.0,0.02734375,-0.7343139648,0.3417358398,0.5859375
27167386.0,2968.0,0.0,-8.74609375,0.02734375,1.7421875,0
27174418.0,7032.0,1.0,0.0227050781,-0.7351074219,0.3458862305,0.5827026367
27177386.0,2968.0,0.0,-9.4609375,-0.2890625,2.43359375,0
27184418.0,7032.0,1.0,0.018371582,-0.735534668,0.3507080078,0.5794067383
27187386.0,2968.0,0.0,-9.25390625,-0.421875,2.43359375,0
27194418.0,7032.0,1.0,0.0139770508,-0.735534668,0.3566894531,0.5758056641
27197386.0,2968.0,0.0,-9.32421875,-0.25390625,2.703125,0
27204418.0,7032.0,1.0,0.0099487305,-0.7352294922,0.3631591797,0.5722045898
27208386.0,3968.0,0.0,-9.96875,-0.31640625,2.97265625,0
27214418.0,6032.0,1.0,0.005859375,-0.7346801758,0.370300293,0.568359375
27217386.0,2968.0,0.0,-10.9375,-0.234375,3.08984375,0
27224418.0,7032.0,1.0,0.0017700195,-0.7338256836,0.3776245117,0.5646972656
27227386.0,2968.0,0.0,-12.66015625,1.65625,4.77734375,0
27239418.0,12032.0,1.0,0.0029296875,0.7325439453,-0.3854370117,-0.5610961914
27243386.0,3968.0,0.0,-15.4375,2.87109375,5.8125,0
27246418.0,3032.0,1.0,0.0080566406,0.7306518555,-0.3938598633,-0.5576171875
27249386.0,2968.0,0.0,-16.328125,4.33984375,5.53125,0
27254418.0,5032.0,1.0,0.0135498047,0.7279052734,-0.403503418,-0.5541992188
27257386.0,2968.0,0.0,-16.4375,4.19140625,5.6015625,0
27264418.0,7032.0,1.0,0.0191650391,0.7243652344,-0.4136352539,-0.5512084961
27267386.0,2968.0,0.0,-12.71484375,10.38671875,0.22265625,0
27274418.0,7032.0,1.0,0.0256958008,0.7199707031,-0.4241333008,-0.5487060547
27277386.0,2968.0,0.0,-11.421875,13.76171875,0.1171875,0
27284418.0,7032.0,1.0,0.0345458984,0.7143554688,-0.4341430664,-0.5477294922
27287386.0,2968.0,0.0,-10.98046875,17.2578125,-0.91796875,0
27294418.0,7032.0,1.0,0.0474853516,0.7073974609,-0.4418945313,-0.5495605469
27297386.0,2968.0,0.0,-8.37109375,19.28125,-2.234375,0
27304418.0,7032.0,1.0,0.0650024414,0.6993408203,-0.4466552734,-0.5543212891
27307386.0,2968.0,0.0,-1.2890625,8.99609375,3.1875,0
27319418.0,12032.0,1.0,0.0796508789,0.6909790039,-0.4529418945,-0.5577392578
27323386.0,3968.0,0.0,0.42578125,-22.4765625,4.41015625,0
27326418.0,3032.0,1.0,0.0850219727,0.6817016602,-0.467956543,-0.5559692383
27329386.0,2968.0,0.0,-1.01953125,42.39453125,1.28515625,0
27334418.0,5032.0,1.0,0.0889892578,0.6697387695,-0.4830932617,-0.5568847656
27337386.0,2968.0,0.0,7.51171875,28.01171875,-6.2265625,0
27344418.0,7032.0,1.0,0.102355957,0.6550292969,-0.4864501953,-0.5690307617
27347386.0,2968.0,0.0,6.23828125,33.34765625,-24.765625,0
27354418.0,7032.0,1.0,0.1285400391,0.6371459961,-0.4729614258,-0.5948486328
27357386.0,2968.0,0.0,13.32421875,38.01171875,-26.0625,0
27365418.0,8032.0,1.0,0.1594238281,0.6157836914,-0.4458007813,-0.6298217773
27368386.0,2968.0,0.0,14.265625,9.6796875,-21.83984375,0
27380418.0,12032.0,1.0,0.1793823242,0.5949707031,-0.4192504883,-0.6618652344
27385418.0,5000.0,1.0,0.1887207031,0.5750732422,-0.3952026367,-0.6909790039
27387386.0,1968.0,0.0,6.6171875,-15.1953125,-5.9296875,0
27394418.0,7032.0,1.0,0.1921386719,0.5562133789,-0.3697509766,-0.7189941406
27397386.0,2968.0,0.0,9.26171875,-15.2265625,-5.30078125,0
27405418.0,8032.0,1.0,0.1921386719,0.5387573242,-0.3409423828,-0.7460327148
27408386.0,2968.0,0.0,10.55859375,-17.51953125,-1.73828125,0
27420418.0,12032.0,1.0,0.1881103516,0.5239868164,-0.3129272461,-0.76953125
27425418.0,5000.0,1.0,0.1777954102,0.5108642578,-0.286315918,-0.7908325195
27427386.0,1968.0,0.0,12.37109375,-28.84765625,5.04296875,0
27434418.0,7032.0,1.0,0.1621704102,0.5006713867,-0.2652587891,-0.8078613281
27437386.0,2968.0,0.0,12.8046875,-25.01953125,6.91015625,0
27445418.0,8032.0,1.0,0.1438598633,0.4931030273,-0.2487182617,-0.8211669922
27448386.0,2968.0,0.0,12.41796875,-19.90625,6.75,0
27454418.0,6032.0,1.0,0.1242675781,0.4873046875,-0.2338256836,-0.8321533203
27457386.0,2968.0,0.0,10.6796875,-12.0078125,4.5078125,0
27464418.0,7032.0,1.0,0.1044311523,0.4829101563,-0.2197265625,-0.8411865234
27467386.0,2968.0,0.0,10.99609375,-10.9765625,3.6875,0
27474418.0,7032.0,1.0,0.0850830078,0.4799194336,-0.2072753906,-0.8482055664
27477386.0,2968.0,0.0,12.109375,-10.2265625,2.44921875,0
27485418.0,8032.0,1.0,0.0656738281,0.4779052734,-0.196472168,-0.8536376953
27488386.0,2968.0,0.0,13.125,-9.66015625,1.60546875,0
27500418.0,12032.0,1.0,0.0478515625,0.4769287109,-0.1883544922,-0.8571777344
27505418.0,5000.0,1.0,0.0296630859,0.4765625,-0.1815185547,-0.8596801758
27507386.0,1968.0,0.0,11.83203125,-6.140625,0.27734375,0
27514418.0,7032.0,1.0,0.0122070313,0.4768676758,-0.1758422852,-0.8610839844
27517386.0,2968.0,0.0,11.328125,-5.7265625,-0.40625,0
27524418.0,7032.0,1.0,0.0034790039,-0.4778442383,0.1711425781,0.8616333008
27527386.0,2968.0,0.0,9.8203125,-6.7734375,-0.57421875,0
27534418.0,7032.0,1.0,0.017578125,-0.4794311523,0.1671142578,0.861328125
27537386.0,2968.0,0.0,9.33984375,-7.375,-1.08203125,0
27544418.0,7032.0,1.0,0.0302124023,-0.481628418,0.1638183594,0.8604125977
27547386.0,2968.0,0.0,8.90234375,-7.921875,-1.09765625,0
27554418.0,7032.0,1.0,0.0418701172,-0.4844360352,0.1619873047,0.8586425781
27557386.0,2968.0,0.0,8.26171875,-8.34765625,-1.6328125,0
27564418.0,7032.0,1.0,0.0523071289,-0.4877929688,0.1619873047,0.8562011719
27567386.0,2968.0,0.0,6.54296875,-4.70703125,-2.91796875,0
27579418.0,12032.0,1.0,0.0614013672,-0.4920043945,0.1625366211,0.8530883789
27583386.0,3968.0,0.0,3.3046875,-1.6640625,-3.55859375,0
27586418.0,3032.0,1.0,0.0684814453,-0.4970703125,0.1625976563,0.8495483398
27589386.0,2968.0,0.0,3.3671875,-1.578125,-3.45703125,0
27594418.0,5032.0,1.0,0.0744018555,-0.5030517578,0.162902832,0.8455200195
27597386.0,2968.0,0.0,0.78515625,-1.1953125,-3.38671875,0
27604418.0,7032.0,1.0,0.0787353516,-0.5084228516,0.1638793945,0.8416748047
27607386.0,2968.0,0.0,-4.59765625,1.16015625,-6.3046875,0
27614418.0,7032.0,1.0,0.0825805664,-0.5142822266,0.1652832031,0.8375244141
27617386.0,2968.0,0.0,-6.84375,1.16015625,-6.90625,0
27624418.0,7032.0,1.0,0.0852661133,-0.5197753906,0.1664428711,0.8336181641
27628386.0,3968.0,0.0,-6.52734375,0.73046875,-7.21875,0
27634418.0,6032.0,1.0,0.0871582031,-0.5252075195,0.1676635742,0.8297119141
27637386.0,2968.0,0.0,-5.0546875,-1.3125,-4.91796875,0
27644418.0,7032.0,1.0,0.0887451172,-0.5309448242,0.1696166992,0.8255004883
27647386.0,2968.0,0.0,-1.0703125,-3.6328125,-1.4921875,0
27654418.0,7032.0,1.0,0.0902709961,-0.5367431641,0.172668457,0.8209228516
27657386.0,2968.0,0.0,-0.140625,-3.71875,-0.859375,0
27664418.0,7032.0,1.0,0.091796875,-0.5426635742,0.1770629883,0.8159179688
27667386.0,2968.0,0.0,-0.70703125,-3.046875,-0.98046875,0
27674418.0,7032.0,1.0,0.0935058594,-0.5486450195,0.1826171875,0.8104858398
27677386.0,2968.0,0.0,-1.97265625,-2.08203125,-1.27734375,0
27684418.0,7032.0,1.0,0.0952758789,-0.5545043945,0.1889648438,0.8048706055
27687386.0,2968.0,0.0,-5.3359375,0.046875,-3.74609375,0
27699418.0,12032.0,1.0,0.0968017578,-0.5600585938,0.1953125,0.7992553711
27703386.0,3968.0,0.0,-6.17578125,1.65625,-6.265625,0
27706418.0,3032.0,1.0,0.0982666016,-0.5659790039,0.201965332,0.7932739258
27709386.0,2968.0,0.0,-4.65234375,2.98046875,-7.01953125,0
27714418.0,5032.0,1.0,0.0995483398,-0.5718383789,0.2086791992,0.787109375
27717386.0,2968.0,0.0,-2.96484375,3.43359375,-7.13671875,0
27724418.0,7032.0,1.0,0.1005859375,-0.577331543,0.21484375,0.7813110352
27727386.0,2968.0,0.0,-1.66796875,4.3828125,-6.58203125,0
27734418.0,7032.0,1.0,0.1011352539,-0.5827026367,0.2205200195,0.7756347656
27737386.0,2968.0,0.0,-0.8046875,4.953125,-6.0,0
27745418.0,8032.0,1.0,0.1011352539,-0.5880737305,0.225769043,0.7700195313
27748386.0,2968.0,0.0,-0.7421875,5.453125,-4.875,0
27754418.0,6032.0,1.0,0.1004638672,-0.5933227539,0.2302246094,0.7647705078
27757386.0,2968.0,0.0,-1.30078125,4.30078125,-2.078125,0
27764418.0,7032.0,1.0,0.0991210938,-0.5989379883,0.2344970703,0.7592163086
27767386.0,2968.0,0.0,-2.703125,4.03515625,-1.60546875,0
27774418.0,7032.0,1.0,0.0973510742,-0.604309082,0.2383422852,0.7539672852
27777386.0,2968.0,0.0,-4.41015625,3.11328125,-1.94140625,0
27785418.0,8032.0,1.0,0.0955200195,-0.6094360352,0.2423095703,0.748840332
27788386.0,2968.0,0.0,-5.62890625,1.6484375,-2.8203125,0
27794418.0,6032.0,1.0,0.0940551758,-0.6140136719,0.2466430664,0.7438354492
27797386.0,2968.0,0.0,-6.80859375,0.60546875,-7.03515625,0
27804418.0,7032.0,1.0,0.0930175781,-0.6184082031,0.2517089844,0.7386474609
27807386.0,2968.0,0.0,-6.578125,1.1640625,-8.421875,0
27817418.0,10032.0,1.0,0.0923461914,-0.622253418,0.2564697266,0.7338256836
27820386.0,2968.0,0.0,-6.578125,1.01953125,-7.8203125,0
27827418.0,7032.0,1.0,0.0917358398,-0.626159668,0.2610473633,0.7289428711
27830386.0,2968.0,0.0,-6.45703125,0.625,-4.453125,0
27834418.0,4032.0,1.0,0.0908203125,-0.6300048828,0.2650146484,0.7243041992
27837386.0,2968.0,0.0,-6.76171875,-0.4765625,-4.55078125,0
27844418.0,7032.0,1.0,0.08984375,-0.6337890625,0.2689208984,0.7196655273
27847386.0,2968.0,0.0,-6.69140625,-1.28125,-4.87890625,0
27854418.0,7032.0,1.0,0.0891113281,-0.6370239258,0.2731933594,0.7152709961
27857386.0,2968.0,0.0,-7.3046875,-1.27734375,-5.13671875,0
27865418.0,8032.0,1.0,0.0888671875,-0.6397705078,0.2780761719,0.7109985352
27868386.0,2968.0,0.0,-6.39453125,-1.78125,-5.125,0
27874418.0,6032.0,1.0,0.0891113281,-0.6421508789,0.2837524414,0.7065429688
27877386.0,2968.0,0.0,-4.6015625,-1.70703125,-3.0546875,0
27885418.0,8032.0,1.0,0.0897216797,-0.6443481445,0.289855957,0.701965332
27888386.0,2968.0,0.0,-3.73828125,-0.6796875,-2.921875,0
27895418.0,7032.0,1.0,0.0903320313,-0.6465454102,0.2962036133,0.6972045898
27898386.0,2968.0,0.0,-4.05078125,1.50390625,-2.55859375,0
27905418.0,7032.0,1.0,0.0911254883,-0.6484985352,0.3023071289,0.6926269531
27908386.0,2968.0,0.0,-3.1015625,0.62109375,-4.54296875,0
27914418.0,6032.0,1.0,0.0921020508,-0.650390625,0.3081665039,0.6881713867
27917386.0,2968.0,0.0,-2.65625,1.15625,-5.88671875,0
27925418.0,8032.0,1.0,0.0930786133,-0.6520996094,0.3134765625,0.6839599609
27929386.0,3968.0,0.0,-2.28125,1.0546875,-5.3125,0
27936418.0,7032.0,1.0,0.0941162109,-0.6537475586,0.3179321289,0.6801757813
27939386.0,2968.0,0.0,-1.22265625,0.91796875,-3.8671875,0
27949418.0,10032.0,1.0,0.0949707031,-0.6558227539,0.3220825195,0.6760864258
27952386.0,2968.0,0.0,-0.46484375,2.13671875,-0.38671875,0
27956418.0,4032.0,1.0,0.0956420898,-0.658203125,0.3256225586,0.6719970703
27959386.0,2968.0,0.0,-0.62890625,1.5078125,-0.36328125,0
27965418.0,6032.0,1.0,0.0963745117,-0.6607666016,0.3289794922,0.6677856445
27968386.0,2968.0,0.0,-0.0234375,1.859375,-0.70703125,0
27975418.0,7032.0,1.0,0.0969238281,-0.6630859375,0.3317871094,0.6640014648
27978386.0,2968.0,0.0,-0.296875,3.046875,-2.22265625,0
27984418.0,6032.0,1.0,0.0973510742,-0.665222168,0.333984375,0.6606445313
27987386.0,2968.0,0.0,1.37890625,1.20703125,-5.15234375,0
27995418.0,8032.0,1.0,0.09765625,-0.6675415039,0.3359375,0.6572875977
27998386.0,2968.0,0.0,1.10546875,3.4375,-5.06640625,0
28005418.0,7032.0,1.0,0.0975341797,-0.669921875,0.3371582031,0.6542358398
28008386.0,2968.0,0.0,1.78515625,3.29296875,-3.1796875,0
28015418.0,7032.0,1.0,0.0969848633,-0.6724243164,0.3377685547,0.6514282227
28018386.0,2968.0,0.0,2.0859375,2.3046875,-0.15234375,0
28025418.0,7032.0,1.0,0.0960083008,-0.6751098633,0.337890625,0.6487426758
28028386.0,2968.0,0.0,0.66015625,2.65625,0.5,0
28035418.0,7032.0,1.0,0.094543457,-0.6778564453,0.3375244141,0.6462402344
28038386.0,2968.0,0.0,0.23828125,0.85546875,0.76171875,0
28045418.0,7032.0,1.0,0.092956543,-0.680480957,0.3371582031,0.6439208984
28048386.0,2968.0,0.0,-1.109375,-0.3984375,2.36328125,0
28055418.0,7032.0,1.0,0.0913696289,-0.6831054688,0.3371582031,0.6413574219
28058386.0,2968.0,0.0,-1.2421875,-1.28125,0.90234375,0
28065418.0,7032.0,1.0,0.08984375,-0.6857299805,0.3375244141,0.6385498047
28068386.0,2968.0,0.0,-0.03125,0.97265625,0.48828125,0
28075418.0,7032.0,1.0,0.0883789063,-0.6883544922,0.3381958008,0.6356201172
28078386.0,2968.0,0.0,0.4140625,0.7734375,1.5625,0
28085418.0,7032.0,1.0,0.0869140625,-0.6909179688,0.3391113281,0.6325073242
28088386.0,2968.0,0.0,1.01171875,0.93359375,2.75390625,0
28095418.0,7032.0,1.0,0.0853271484,-0.6934814453,0.3400268555,0.6293945313
28098386.0,2968.0,0.0,0.45703125,3.140625,1.61328125,0
28105418.0,7032.0,1.0,0.0832519531,-0.6960449219,0.3408203125,0.6264648438
28108386.0,2968.0,0.0,0.39453125,1.62890625,1.390625,0
28115418.0,7032.0,1.0,0.0807495117,-0.6986083984,0.3414306641,0.6235351563
28118386.0,2968.0,0.0,0.7109375,0.50390625,0.55078125,0
28125418.0,7032.0,1.0,0.0779418945,-0.701171875,0.3421630859,0.6206665039
28128386.0,2968.0,0.0,0.91796875,0.05859375,-0.59765625,0
28134418.0,6032.0,1.0,0.0750732422,-0.7034301758,0.3430175781,0.617980957
28137386.0,2968.0,0.0,0.6640625,-0.546875,-0.6328125,0
28145418.0,8032.0,1.0,0.0718383789,-0.7057495117,0.3440551758,0.6151123047
28148386.0,2968.0,0.0,0.5859375,0.21875,1.55078125,0
28155418.0,7032.0,1.0,0.068359375,-0.7080688477,0.3450317383,0.6123046875
28158386.0,2968.0,0.0,0.4765625,-0.15625,3.421875,0
28165418.0,7032.0,1.0,0.0642089844,-0.7106323242,0.345703125,0.6094360352
28168386.0,2968.0,0.0,-0.04296875,0.25390625,3.9765625,0
28180418.0,12032.0,1.0,0.0594482422,-0.7130737305,0.3459472656,0.6068725586
28185386.0,4968.0,0.0,-3.76171875,0.0234375,1.77734375,0
28188418.0,3032.0,1.0,0.0534667969,-0.715637207,0.345703125,0.6045532227
28191386.0,2968.0,0.0,-3.80859375,-0.0390625,1.84765625,0
28195418.0,4032.0,1.0,0.0463256836,-0.7182006836,0.3452758789,0.6022949219
28198386.0,2968.0,0.0,-5.04296875,0.0,0.72265625,0
28205418.0,7032.0,1.0,0.0393066406,-0.7202758789,0.3451538086,0.6004638672
28208386.0,2968.0,0.0,-5.77734375,-0.31640625,0.59375,0
28215418.0,7032.0,1.0,0.0317382812,-0.7220458984,0.3456420898,0.5985107422
28218386.0,2968.0,0.0,-7.6796875,-1.98046875,3.59765625,0
28225418.0,7032.0,1.0,0.0244140625,-0.723449707,0.3472900391,0.5961914063
28229386.0,3968.0,0.0,-8.76953125,-3.01171875,4.83984375,0
28235418.0,6032.0,1.0,0.0175170898,-0.7244873047,0.350769043,0.5931396484
28238386.0,2968.0,0.0,-9.6796875,-2.9296875,4.99609375,0
28245418.0,7032.0,1.0,0.0115966797,-0.7249755859,0.3561401367,0.5894165039
28248386.0,2968.0,0.0,-10.79296875,-2.6171875,5.38671875,0
28255418.0,7032.0,1.0,0.0065307617,-0.7249755859,0.3635253906,0.5850219727
28258386.0,2968.0,0.0,-12.6875,-2.58984375,5.17578125,0
28265418.0,7032.0,1.0,0.0025024414,-0.7243652344,0.3728027344,0.5798950195
28268386.0,2968.0,0.0,-13.35546875,-1.6015625,4.91015625,0
28275418.0,7032.0,1.0,0.0009155273,0.7233276367,-0.3833007813,-0.5743408203
28278386.0,2968.0,0.0,-13.3828125,-0.5625,4.03125,0
28285418.0,7032.0,1.0,0.0043945312,0.7219238281,-0.39453125,-0.5684814453
28288386.0,2968.0,0.0,-14.41015625,2.1796875,2.8515625,0
28300418.0,12032.0,1.0,0.0083007813,0.7200927734,-0.405090332,-0.5633544922
28304386.0,3968.0,0.0,-16.28125,5.66015625,1.8125,0
28307418.0,3032.0,1.0,0.0135498047,0.7175292969,-0.4155883789,-0.5588378906
28310386.0,2968.0,0.0,-15.9375,8.42578125,0.22265625,0
28315418.0,5032.0,1.0,0.0209960937,0.7139892578,-0.4255371094,-0.5556030273
28318386.0,2968.0,0.0,-16.0703125,8.24609375,0.27734375,0
28325418.0,7032.0,1.0,0.0299682617,0.7100830078,-0.4329833984,-0.5544433594
28328386.0,2968.0,0.0,-9.90625,19.234375,-4.765625,0
28335418.0,7032.0,1.0,0.0432739258,0.7047729492,-0.4392700195,-0.5553588867
28338386.0,2968.0,0.0,-6.21484375,19.015625,-3.38671875,0
28345418.0,7032.0,1.0,0.0590820312,0.6986083984,-0.4434204102,-0.5584106445
28348386.0,2968.0,0.0,-2.53515625,20.02734375,-2.828125,0
28355418.0,7032.0,1.0,0.0776367188,0.6911010742,-0.446105957,-0.5633544922
28358386.0,2968.0,0.0,1.8203125,15.15625,1.50390625,0
28364418.0,6032.0,1.0,0.0936889648,0.6832885742,-0.4497680664,-0.5674438477
28367386.0,2968.0,0.0,6.4921875,-14.85546875,13.078125,0
28379418.0,12032.0,1.0,0.0987548828,0.6758422852,-0.4626464844,-0.5651855469
28382386.0,2968.0,0.0,0.34375,-23.7265625,13.37109375,0
28386418.0,4032.0,1.0,0.0985717773,0.6661987305,-0.479675293,-0.5624389648
28389386.0,2968.0,0.0,-3.59765625,33.5859375,12.78125,0
28395418.0,6032.0,1.0,0.1029052734,0.6539306641,-0.4890136719,-0.5679931641
28398386.0,2968.0,0.0,0.76953125,39.4375,6.359375,0
28405418.0,7032.0,1.0,0.1156616211,0.638671875,-0.4872436523,-0.5842285156
28408386.0,2968.0,0.0,6.7578125,48.1953125,-18.45703125,0
28415418.0,7032.0,1.0,0.1406860352,0.6194458008,-0.4676513672,-0.6146240234
28418386.0,2968.0,0.0,14.3515625,26.53125,-24.6796875,0
28425418.0,7032.0,1.0,0.1658935547,0.5980834961,-0.4384155273,-0.6500854492
28428386.0,2968.0,0.0,22.11328125,-3.4140625,-30.62890625,0
28437418.0,9032.0,1.0,0.1801147461,0.5786132813,-0.412109375,-0.6804199219
28440386.0,2968.0,0.0,18.92578125,-17.7734375,-21.6953125,0
28447418.0,7032.0,1.0,0.1852416992,0.5602416992,-0.3881835938,-0.7079467773
28450386.0,2968.0,0.0,9.44140625,-19.01171875,-4.0078125,0
28455418.0,5032.0,1.0,0.1851806641,0.5438232422,-0.3643798828,-0.7329101563
28458386.0,2968.0,0.0,10.83203125,-16.5625,-1.17578125,0
28465418.0,7032.0,1.0,0.1826171875,0.5278930664,-0.3364868164,-0.7581176758
28468386.0,2968.0,0.0,11.59375,-17.28515625,1.25390625,0
28477418.0,9032.0,1.0,0.1766967773,0.5146484375,-0.3100585938,-0.7796020508
28480386.0,2968.0,0.0,11.20703125,-23.5625,1.46484375,0
28487418.0,7032.0,1.0,0.1655883789,0.5037231445,-0.2864379883,-0.7979736328
28490386.0,2968.0,0.0,9.63671875,-25.8828125,3.921875,0
28495418.0,5032.0,1.0,0.1508178711,0.4953613281,-0.2670288086,-0.8127441406
28498386.0,2968.0,0.0,9.55859375,-19.1796875,4.6171875,0
28505418.0,7032.0,1.0,0.1340942383,0.489074707,-0.2498779297,-0.8248901367
28508386.0,2968.0,0.0,9.19921875,-15.578125,4.51953125,0
28515418.0,7032.0,1.0,0.1173706055,0.4846801758,-0.235168457,-0.8342895508
28518386.0,2968.0,0.0,9.1015625,-13.80078125,2.72265625,0
28525418.0,7032.0,1.0,0.0989990234,0.4814453125,-0.2216186523,-0.8421630859
28528386.0,2968.0,0.0,9.578125,-12.0546875,2.23046875,0
28535418.0,7032.0,1.0,0.0807495117,0.4794921875,-0.2104492188,-0.8480834961
28538386.0,2968.0,0.0,9.95703125,-11.3828125,2.14453125,0
28545418.0,7032.0,1.0,0.063293457,0.4785766602,-0.2017822266,-0.8522338867
28548386.0,2968.0,0.0,9.58984375,-10.25,2.96875,0
28554418.0,6032.0,1.0,0.0466918945,0.4783935547,-0.1955566406,-0.8547973633
28557386.0,2968.0,0.0,8.8046875,-7.54296875,1.83984375,0
28565418.0,8032.0,1.0,0.0294799805,0.4789428711,-0.1901855469,-0.8565063477
28568386.0,2968.0,0.0,8.5,-5.61328125,1.19921875,0
28575418.0,7032.0,1.0,0.0140380859,0.4799804688,-0.1853637695,-0.8573608398
28578386.0,2968.0,0.0,8.42578125,-4.4375,0.37109375,0
28585418.0,7032.0,1.0,6.10352e-05,0.4815673828,-0.1806030273,-0.8576049805
28588386.0,2968.0,0.0,8.53125,-4.34765625,-0.20703125,0
28597418.0,9032.0,1.0,0.0118408203,-0.4835205078,0.1763305664,0.8572998047
28600386.0,2968.0,0.0,7.5234375,-5.35546875,-0.625,0
28605418.0,5032.0,1.0,0.0233764648,-0.4860229492,0.1725463867,0.8564453125
28608386.0,2968.0,0.0,6.85546875,-6.36328125,-0.6015625,0
28615418.0,7032.0,1.0,0.0343017578,-0.4890136719,0.1701660156,0.8548583984
28618386.0,2968.0,0.0,6.03125,-6.9375,-0.1875,0
28625418.0,7032.0,1.0,0.0444335937,-0.4923095703,0.1694946289,0.8526000977
28628386.0,2968.0,0.0,5.38671875,-6.47265625,-0.203125,0
28635418.0,7032.0,1.0,0.0531005859,-0.4959716797,0.1694335938,0.8499755859
28638386.0,2968.0,0.0,3.60546875,-1.8203125,-1.40625,0
28645418.0,7032.0,1.0,0.0602416992,-0.5000610352,0.1692504883,0.8471679688
28648386.0,2968.0,0.0,2.31640625,-0.38671875,-2.0546875,0
28655418.0,7032.0,1.0,0.0660400391,-0.5044555664,0.1690063477,0.8441772461
28658386.0,2968.0,0.0,0.79296875,0.265625,-3.1640625,0
28665418.0,7032.0,1.0,0.0704956055,-0.5087890625,0.1688842773,0.8412475586
28668386.0,2968.0,0.0,-2.26171875,2.578125,-5.4609375,0
28675418.0,7032.0,1.0,0.0739135742,-0.5131225586,0.168762207,0.8383178711
28678386.0,2968.0,0.0,-3.75390625,3.1015625,-6.32421875,0
28685418.0,7032.0,1.0,0.0762939453,-0.5174560547,0.1683959961,0.8355102539
28689386.0,3968.0,0.0,-5.36328125,2.3359375,-6.359375,0
28696418.0,7032.0,1.0,0.0776977539,-0.521484375,0.1679077148,0.8329467773
28699386.0,2968.0,0.0,-7.0078125,1.734375,-5.6328125,0
28707418.0,8032.0,1.0,0.0784912109,-0.5258178711,0.1673583984,0.8302612305
28710386.0,2968.0,0.0,-5.7890625,-1.15625,-2.796875,0
28715418.0,5032.0,1.0,0.0788574219,-0.5301513672,0.1673583984,0.8274536133
28718386.0,2968.0,0.0,-4.1796875,-3.27734375,-0.25,0
28725418.0,7032.0,1.0,0.0793457031,-0.5347290039,0.1686401367,0.82421875
28729386.0,3968.0,0.0,-1.58203125,-4.7265625,0.2734375,0
28735418.0,6032.0,1.0,0.0802001953,-0.5394897461,0.1719360352,0.8203125
28738386.0,2968.0,0.0,-0.28125,-4.78515625,-0.30078125,0
28745418.0,7032.0,1.0,0.0814208984,-0.5440063477,0.1768798828,0.8161621094
28748386.0,2968.0,0.0,-2.04296875,-1.53125,-3.58984375,0
28755418.0,7032.0,1.0,0.0832519531,-0.5487670898,0.1838989258,0.8112182617
28758386.0,2968.0,0.0,-4.84375,-1.640625,-3.015625,0
28765418.0,7032.0,1.0,0.0853881836,-0.5532226563,0.1918945313,0.8060913086
28768386.0,2968.0,0.0,-4.31640625,-1.328125,-4.62890625,0
28775418.0,7032.0,1.0,0.0874633789,-0.557800293,0.200378418,0.8006591797
28778386.0,2968.0,0.0,-3.36328125,-0.484375,-3.92578125,0
28785418.0,7032.0,1.0,0.0889892578,-0.5625610352,0.2085571289,0.7950439453
28788386.0,2968.0,0.0,-2.95703125,0.6328125,-3.7265625,0
28795418.0,7032.0,1.0,0.0899658203,-0.5675048828,0.2163085938,0.7893676758
28798386.0,2968.0,0.0,-3.04296875,2.359375,-4.25,0
28805418.0,7032.0,1.0,0.0900268555,-0.5724487305,0.2229614258,0.7838745117
28808386.0,2968.0,0.0,-2.51953125,4.3203125,-5.0,0
28815418.0,7032.0,1.0,0.0893554688,-0.5773925781,0.2288208008,0.7786865234
28818386.0,2968.0,0.0,-1.546875,2.61328125,-5.76171875,0
28825418.0,7032.0,1.0,0.0882568359,-0.5821533203,0.2342529297,0.7735595703
28828386.0,2968.0,0.0,-0.6875,3.74609375,-6.1796875,0
28838418.0,10032.0,1.0,0.087097168,-0.5865478516,0.2393188477,0.7688598633
28841386.0,2968.0,0.0,-0.828125,2.609375,-4.84375,0
28846418.0,5032.0,1.0,0.0857543945,-0.5912475586,0.2447509766,0.763671875
28849386.0,2968.0,0.0,-2.0078125,2.2109375,-3.578125,0
28855418.0,6032.0,1.0,0.0841674805,-0.5958251953,0.2495117188,0.7587280273
28858386.0,2968.0,0.0,-4.44140625,0.5390625,-2.05078125,0
28865418.0,7032.0,1.0,0.0825195313,-0.6005249023,0.2541503906,0.7536621094
28868386.0,2968.0,0.0,-5.9375,0.4921875,-2.23828125,0
28875418.0,7032.0,1.0,0.0811767578,-0.6049804688,0.2589111328,0.7485961914
28878386.0,2968.0,0.0,-7.109375,0.28515625,-4.34765625,0
28885418.0,7032.0,1.0,0.0803833008,-0.6089477539,0.2640991211,0.7435913086
28888386.0,2968.0,0.0,-8.11328125,-0.56640625,-6.61328125,0
28895418.0,7032.0,1.0,0.0802001953,-0.6124267578,0.2694702148,0.7388305664
28898386.0,2968.0,0.0,-6.34375,0.41796875,-8.96484375,0
28905418.0,7032.0,1.0,0.0805053711,-0.6157226563,0.2752075195,0.7339477539
28908386.0,2968.0,0.0,-5.61328125,0.6484375,-8.66796875,0
28915418.0,7032.0,1.0,0.0810546875,-0.6185302734,0.2802734375,0.7295532227
28918386.0,2968.0,0.0,-4.92578125,1.75,-7.39453125,0
28925418.0,7032.0,1.0,0.0816040039,-0.6213378906,0.2849731445,0.7252807617
28928386.0,2968.0,0.0,-3.859375,0.6171875,-4.62890625,0
28935418.0,7032.0,1.0,0.0822753906,-0.6240234375,0.2893676758,0.7211914063
28938386.0,2968.0,0.0,-2.85546875,-0.82421875,-2.13671875,0
28945418.0,7032.0,1.0,0.0830688477,-0.6268310547,0.2941894531,0.7166748047
28948386.0,2968.0,0.0,-2.98046875,-0.01171875,-3.234375,0
28955418.0,7032.0,1.0,0.0837402344,-0.6294555664,0.2988891602,0.7123413086
28958386.0,2968.0,0.0,-3.515625,-0.41015625,-3.83984375,0
28965418.0,7032.0,1.0,0.0841674805,-0.6317749023,0.3031616211,0.7084350586
28968386.0,2968.0,0.0,-3.63671875,0.32421875,-5.22265625,0
28978418.0,10032.0,1.0,0.0844116211,-0.6336669922,0.3070068359,0.705078125
28981386.0,2968.0,0.0,-3.5625,0.59765625,-6.31640625,0
28985418.0,4032.0,1.0,0.0847167969,-0.6354370117,0.3107910156,0.7017822266
28988386.0,2968.0,0.0,-2.99609375,1.34765625,-5.06640625,0
28995418.0,7032.0,1.0,0.0850830078,-0.6370849609,0.314453125,0.6985473633
28998386.0,2968.0,0.0,-2.04296875,0.75,-2.3828125,0
29005418.0,7032.0,1.0,0.0853881836,-0.6387939453,0.3180541992,0.6953735352
29008386.0,2968.0,0.0,-1.66796875,1.00390625,-0.296875,0
29015418.0,7032.0,1.0,0.0855712891,-0.6405639648,0.321472168,0.6920776367
29018386.0,2968.0,0.0,-1.71484375,0.484375,-0.28125,0
29025418.0,7032.0,1.0,0.0856323242,-0.6423950195,0.3248901367,0.6888427734
29028386.0,2968.0,0.0,-1.03515625,-0.26171875,-1.18359375,0
29035418.0,7032.0,1.0,0.0855712891,-0.6440429688,0.3283081055,0.6856079102
29038386.0,2968.0,0.0,-1.00390625,-0.40625,-1.73828125,0
29045418.0,7032.0,1.0,0.0855712891,-0.6456298828,0.3318481445,0.6824951172
29048386.0,2968.0,0.0,-1.1640625,1.5703125,-2.2578125,0
29055418.0,7032.0,1.0,0.0857543945,-0.6470336914,0.3354492188,0.6793212891
29058386.0,2968.0,0.0,-0.8359375,0.703125,-0.5625,0
29065418.0,7032.0,1.0,0.0861206055,-0.6484985352,0.3393554688,0.6759033203
29069386.0,3968.0,0.0,-0.57421875,1.0703125,0.6796875,0
29075418.0,6032.0,1.0,0.0866088867,-0.6500244141,0.3432006836,0.6724243164
29078386.0,2968.0,0.0,-0.4375,0.96875,0.88671875,0
29085418.0,7032.0,1.0,0.0868530273,-0.6516113281,0.3466186523,0.6690673828
29088386.0,2968.0,0.0,-0.3671875,1.23046875,1.1640625,0
29095418.0,7032.0,1.0,0.0868530273,-0.6534423828,0.3497314453,0.6656494141
29098386.0,2968.0,0.0,-0.26171875,0.3359375,0.5703125,0
29105418.0,7032.0,1.0,0.0866699219,-0.6553344727,0.3522949219,0.6624755859
29109386.0,3968.0,0.0,0.2578125,0.77734375,-0.53125,0
29115418.0,6032.0,1.0,0.0863647461,-0.6573486328,0.3546142578,0.6593017578
29118386.0,2968.0,0.0,0.17578125,0.08984375,-1.05859375,0
29125418.0,7032.0,1.0,0.0861206055,-0.6591796875,0.3566894531,0.6563720703
29128386.0,2968.0,0.0,0.42578125,1.91796875,-1.1640625,0
29135418.0,7032.0,1.0,0.0858764648,-0.6612548828,0.3587646484,0.6531982422
29138386.0,2968.0,0.0,0.6796875,2.83984375,-0.75,0
29145418.0,7032.0,1.0,0.0855102539,-0.6632080078,0.3604125977,0.6503295898
29148386.0,2968.0,0.0,1.4375,2.9921875,-0.55078125,0
29155418.0,7032.0,1.0,0.0849609375,-0.6653442383,0.3616943359,0.6475219727
29158386.0,2968.0,0.0,1.7734375,2.30078125,0.02734375,0
29165418.0,7032.0,1.0,0.0842285156,-0.6676025391,0.3626098633,0.6447753906
29168386.0,2968.0,0.0,2.15234375,1.796875,0.671875,0
29175418.0,7032.0,1.0,0.0831298828,-0.6699829102,0.3629760742,0.6422119141
29178386.0,2968.0,0.0,1.4140625,1.65234375,1.203125,0
29186418.0,8032.0,1.0,0.0816040039,-0.672668457,0.3628540039,0.6397094727
29189386.0,2968.0,0.0,0.78515625,1.421875,1.80859375,0
29195418.0,6032.0,1.0,0.0797729492,-0.6752319336,0.3624267578,0.6374511719
29198386.0,2968.0,0.0,0.2734375,1.26953125,1.80078125,0
29206418.0,8032.0,1.0,0.0776367188,-0.6779785156,0.3619384766,0.6350708008
29209386.0,2968.0,0.0,-0.5390625,1.7734375,1.328125,0
29215418.0,6032.0,1.0,0.0753173828,-0.6807861328,0.3615722656,0.6325683594
29218386.0,2968.0,0.0,-0.515625,0.73046875,1.78125,0
29226418.0,8032.0,1.0,0.0731811523,-0.6832885742,0.3616333008,0.630065918
29229386.0,2968.0,0.0,-0.234375,1.14453125,1.390625,0
29235418.0,6032.0,1.0,0.071105957,-0.6856689453,0.3621826172,0.6273803711
29238386.0,2968.0,0.0,-0.125,-0.25,0.8125,0
29245418.0,7032.0,1.0,0.0690917969,-0.6879882813,0.3630371094,0.6246337891
29248386.0,2968.0,0.0,0.38671875,-0.11328125,0.8515625,0
29255418.0,7032.0,1.0,0.0668945313,-0.6901855469,0.3639526367,0.6218261719
29258386.0,2968.0,0.0,0.4375,0.140625,1.57421875,0
29266418.0,8032.0,1.0,0.0643310547,-0.6925048828,0.3648681641,0.6190185547
29269386.0,2968.0,0.0,0.1015625,0.00390625,1.6796875,0
29275418.0,6032.0,1.0,0.0614013672,-0.6947631836,0.3655395508,0.616394043
29278386.0,2968.0,0.0,-0.92578125,-0.52734375,1.59765625,0
29285418.0,7032.0,1.0,0.0579833984,-0.6970214844,0.3662109375,0.6137695313
29288386.0,2968.0,0.0,-1.80078125,-0.75,1.29296875,0
29295418.0,7032.0,1.0,0.0541381836,-0.69921875,0.3667602539,0.6112670898
29298386.0,2968.0,0.0,-2.0625,-0.328125,0.7421875,0
29306418.0,8032.0,1.0,0.0501098633,-0.7012329102,0.3673095703,0.6090087891
29309386.0,2968.0,0.0,-2.28515625,-0.64453125,0.34765625,0
29315418.0,6032.0,1.0,0.0459594727,-0.7030029297,0.3680419922,0.6068115234
29318386.0,2968.0,0.0,-2.32421875,-2.14453125,0.8984375,0
29325418.0,7032.0,1.0,0.0416870117,-0.7046508789,0.3693237305,0.6044311523
29328386.0,2968.0,0.0,-3.2421875,-2.0859375,1.421875,0
29335418.0,7032.0,1.0,0.0373535156,-0.7061767578,0.3709716797,0.6018676758
29338386.0,2968.0,0.0,-3.94921875,-1.71875,1.26171875,0
29346418.0,8032.0,1.0,0.0330810547,-0.7074584961,0.3729858398,0.5994262695
29349386.0,2968.0,0.0,-4.25390625,-1.92578125,1.5546875,0
29355418.0,6032.0,1.0,0.0286865234,-0.7084960938,0.3754272461,0.596862793
29358386.0,2968.0,0.0,-4.33984375,-1.8828125,2.265625,0
29365418.0,7032.0,1.0,0.0244140625,-0.7094116211,0.3782958984,0.5942382813
29368386.0,2968.0,0.0,-4.05078125,-2.0390625,3.1328125,0
29375418.0,7032.0,1.0,0.0202636719,-0.7100830078,0.3818359375,0.5912475586
29378386.0,2968.0,0.0,-4.2265625,-2.14453125,3.51171875,0
29386418.0,8032.0,1.0,0.0163574219,-0.7105712891,0.3861083984,0.5880126953
29389386.0,2968.0,0.0,-4.93359375,-0.80078125,3.16796875,0
29399418.0,10032.0,1.0,0.0126342773,-0.7106933594,0.3909301758,0.584777832
29402386.0,2968.0,0.0,-5.34765625,0.08203125,2.203125,0
29406418.0,4032.0,1.0,0.0088500977,-0.7104492188,0.3966064453,0.5812988281
29409386.0,2968.0,0.0,-5.42578125,-0.85546875,2.3984375,0
29416418.0,7032.0,1.0,0.0048217773,-0.7097167969,0.4036865234,0.5772705078
29419386.0,2968.0,0.0,-6.00390625,-0.3359375,3.01953125,0
29425418.0,6032.0,1.0,0.0012817383,-0.7084960938,0.4117431641,0.5731811523
29428386.0,2968.0,0.0,-6.48828125,-0.015625,4.60546875,0
29435418.0,7032.0,1.0,0.0018920898,0.7064208984,-0.4212646484,-0.5687255859
29438386.0,2968.0,0.0,-6.046875,-0.2109375,6.37890625,0
29445418.0,7032.0,1.0,0.0050048828,0.7035522461,-0.4323730469,-0.5639038086
29448386.0,2968.0,0.0,-5.51171875,1.25,6.296875,0
29455418.0,7032.0,1.0,0.0083007813,0.6998901367,-0.4446411133,-0.5588989258
29458386.0,2968.0,0.0,-5.21484375,1.80859375,6.4296875,0
29465418.0,7032.0,1.0,0.0123291016,0.6954345703,-0.4573364258,-0.5541381836
29468386.0,2968.0,0.0,-2.40625,5.14453125,4.26953125,0
29475418.0,7032.0,1.0,0.0185546875,0.6896362305,-0.470703125,-0.549987793
29478386.0,2968.0,0.0,-0.89453125,6.8359375,4.453125,0
29485418.0,7032.0,1.0,0.0279541016,0.6828613281,-0.4825439453,-0.5477905273
29488386.0,2968.0,0.0,0.57421875,8.30078125,3.8046875,0
29496418.0,8032.0,1.0,0.0408935547,0.6756591797,-0.4912719727,-0.5481567383
29499386.0,2968.0,0.0,1.8046875,8.53515625,0.90625,0
29505418.0,6032.0,1.0,0.0596313477,0.6672973633,-0.4970092773,-0.5514526367
29508386.0,2968.0,0.0,2.92578125,6.58984375,1.59375,0
29515418.0,7032.0,1.0,0.0823364258,0.6578979492,-0.5004272461,-0.5567016602
29518386.0,2968.0,0.0,3.2421875,-1.96875,3.109375,0
29525418.0,7032.0,1.0,0.1047973633,0.6484985352,-0.5028686523,-0.5617675781
29528386.0,2968.0,0.0,1.61328125,-8.13671875,4.109375,0
29536418.0,8032.0,1.0,0.1263427734,0.6387939453,-0.505859375,-0.5657348633
29539386.0,2968.0,0.0,1.88671875,-11.47265625,4.03515625,0
29546418.0,7032.0,1.0,0.1456298828,0.6292114258,-0.5093994141,-0.5686645508
29549386.0,2968.0,0.0,5.45703125,-7.47265625,1.87109375,0
29561418.0,12032.0,1.0,0.1625976563,0.6198120117,-0.5120239258,-0.5720825195
29566386.0,4968.0,0.0,2.74609375,-5.734375,1.4296875,0
29568418.0,2032.0,1.0,0.1780395508,0.6098022461,-0.5147705078,-0.5757446289
29576418.0,8000.0,1.0,0.1901855469,0.6000366211,-0.5190429688,-0.5782470703
29579386.0,2968.0,0.0,-0.03125,-7.5234375,-1.0859375,0
29585418.0,6032.0,1.0,0.1984863281,0.5916748047,-0.5241699219,-0.5794677734
29588386.0,2968.0,0.0,-1.1328125,-5.203125,-0.9140625,0
29595418.0,7032.0,1.0,0.2047729492,0.5838012695,-0.5297851563,-0.5801391602
29598386.0,2968.0,0.0,-0.72265625,-3.66796875,-0.90625,0
29606418.0,8032.0,1.0,0.2098999023,0.5763549805,-0.5352172852,-0.5808105469
29609386.0,2968.0,0.0,-0.5234375,-2.609375,-1.765625,0
29616418.0,7032.0,1.0,0.2144165039,0.5693359375,-0.5397949219,-0.5818481445
29619386.0,2968.0,0.0,0.26953125,-1.546875,-1.4921875,0
29626418.0,7032.0,1.0,0.2185668945,0.5626831055,-0.5435180664,-0.5833129883
29629386.0,2968.0,0.0,0.3046875,-1.578125,-1.59375,0
29635418.0,6032.0,1.0,0.2224121094,0.5562744141,-0.5465698242,-0.585144043
29638386.0,2968.0,0.0,0.2109375,-1.57421875,-1.40234375,0
29646418.0,8032.0,1.0,0.2258300781,0.5501708984,-0.5491333008,-0.5871582031
29649386.0,2968.0,0.0,0.15625,-1.7421875,-1.2890625,0
29661418.0,12032.0,1.0,0.2286376953,0.5446166992,-0.5514526367,-0.5891113281
