time_us,time_dif_us,data_type,value_1,value_2,value_3,value_4
39971429.0,6032.0,1.0,0.4909057617,-0.465637207,0.5310058594,0.5101318359
39974397.0,2968.0,0.0,-0.0234375,-0.51953125,-0.18359375,0
39981429.0,7032.0,1.0,0.4901123047,-0.4663085938,0.5305786133,0.5107421875
39984397.0,2968.0,0.0,-0.0234375,-0.52734375,-0.03125,0
39992429.0,8032.0,1.0,0.4892578125,-0.4669799805,0.530090332,0.5114135742
39995397.0,2968.0,0.0,-0.0234375,-0.875,-0.4921875,0
40001429.0,6032.0,1.0,0.4885253906,-0.467590332,0.5296020508,0.5120849609
40004397.0,2968.0,0.0,-0.0234375,-0.73046875,-0.1484375,0
40011429.0,7032.0,1.0,0.4877929688,-0.4680786133,0.529296875,0.5126953125
40014397.0,2968.0,0.0,0.015625,-0.421875,-0.17578125,0
40021429.0,7032.0,1.0,0.4872436523,-0.4683837891,0.5291137695,0.5131225586
40024397.0,2968.0,0.0,0.015625,-0.3828125,-0.17578125,0
40032429.0,8032.0,1.0,0.4867553711,-0.4685668945,0.5289916992,0.5134887695
40035397.0,2968.0,0.0,0.05078125,-0.0078125,-0.0546875,0
40041429.0,6032.0,1.0,0.4862060547,-0.4688110352,0.5289306641,0.5137939453
40044397.0,2968.0,0.0,-0.0234375,0.17578125,0.2890625,0
40051429.0,7032.0,1.0,0.4855957031,-0.4691772461,0.5288085938,0.5142211914
40054397.0,2968.0,0.0,0.015625,-0.1328125,0.3359375,0
40062429.0,8032.0,1.0,0.4849853516,-0.4694824219,0.5286865234,0.5146484375
40065397.0,2968.0,0.0,0.015625,-0.25390625,0.2578125,0
40072429.0,7032.0,1.0,0.4844360352,-0.4697875977,0.5286254883,0.5149536133
40075397.0,2968.0,0.0,0.05078125,-0.1484375,0.3046875,0
40082429.0,7032.0,1.0,0.4837646484,-0.4701538086,0.528503418,0.5153808594
40085397.0,2968.0,0.0,0.015625,0.42578125,0.49609375,0
40092429.0,7032.0,1.0,0.4830932617,-0.4705200195,0.5283203125,0.5158691406
40096397.0,3968.0,0.0,-0.0234375,0.19140625,0.421875,0
40101429.0,5032.0,1.0,0.4822998047,-0.4710083008,0.528137207,0.5163574219
40104397.0,2968.0,0.0,0.0078125,0.10546875,0.3125,0
40112429.0,8032.0,1.0,0.4815673828,-0.4714355469,0.5278930664,0.5168457031
40115397.0,2968.0,0.0,0.04296875,0.01953125,0.3515625,0
40122429.0,7032.0,1.0,0.4808349609,-0.471862793,0.5277709961,0.5172729492
40125397.0,2968.0,0.0,0.04296875,0.17578125,0.20703125,0
40132429.0,7032.0,1.0,0.4802246094,-0.4722290039,0.5277099609,0.5176391602
40136397.0,3968.0,0.0,0.0078125,0.08984375,-0.17578125,0
40142429.0,6032.0,1.0,0.4796142578,-0.4725952148,0.5276489258,0.5179443359
40145397.0,2968.0,0.0,0.04296875,0.05078125,-0.16796875,0
40152429.0,7032.0,1.0,0.4791870117,-0.4727172852,0.5277099609,0.5180664063
40155397.0,2968.0,0.0,-0.03125,-0.63671875,-0.24609375,0
40161429.0,6032.0,1.0,0.4790649414,-0.4725952148,0.5281982422,0.5178833008
40164397.0,2968.0,0.0,0.0078125,-0.1875,-0.4296875,0
40172429.0,8032.0,1.0,0.479309082,-0.4720458984,0.5289916992,0.5173339844
40176397.0,3968.0,0.0,0.0078125,0.2734375,-0.30859375,0
40182429.0,6032.0,1.0,0.4797363281,-0.4713745117,0.5299682617,0.5165405273
40185397.0,2968.0,0.0,0.0078125,0.265625,-0.03125,0
40191429.0,6032.0,1.0,0.4802246094,-0.4706420898,0.5309448242,0.5156860352
40194397.0,2968.0,0.0,0.0078125,3.63671875,-0.0234375,0
40202429.0,8032.0,1.0,0.4802856445,-0.4703979492,0.5314941406,0.5153808594
40205397.0,2968.0,0.0,0.0078125,1.0625,0.25390625,0
40212429.0,7032.0,1.0,0.4800415039,-0.4704589844,0.5316162109,0.5153808594
40215397.0,2968.0,0.0,0.08203125,0.52734375,0.17578125,0
40222429.0,7032.0,1.0,0.4798583984,-0.4705200195,0.5319213867,0.5151977539
40225397.0,2968.0,0.0,0.03515625,1.09375,0.18359375,0
40231429.0,6032.0,1.0,0.4797363281,-0.4706420898,0.532043457,0.5150756836
40234397.0,2968.0,0.0,0.04296875,0.82421875,0.1171875,0
40242429.0,8032.0,1.0,0.4795532227,-0.4707641602,0.5322265625,0.5148925781
40245397.0,2968.0,0.0,0.04296875,0.36328125,0.125,0
40252429.0,7032.0,1.0,0.4794311523,-0.4709472656,0.532409668,0.5146484375
40255397.0,2968.0,0.0,0.0078125,0.55859375,0.16796875,0
40262429.0,7032.0,1.0,0.4792480469,-0.4711914063,0.5325927734,0.514465332
40265397.0,2968.0,0.0,0.0078125,0.13671875,0.09375,0
40272429.0,7032.0,1.0,0.4791259766,-0.4713745117,0.5327148438,0.5142211914
40275397.0,2968.0,0.0,-0.03125,0.09765625,-0.05078125,0
40282429.0,7032.0,1.0,0.4789428711,-0.4716186523,0.5328979492,0.5140380859
40285397.0,2968.0,0.0,0.0078125,0.05859375,0.03125,0
40292429.0,7032.0,1.0,0.4788818359,-0.4718017578,0.5331420898,0.5137329102
40295397.0,2968.0,0.0,0.0078125,-0.171875,0.34765625,0
40302429.0,7032.0,1.0,0.4788208008,-0.471862793,0.5333862305,0.5133666992
40305397.0,2968.0,0.0,0.0078125,0.13671875,0.1640625,0
40312429.0,7032.0,1.0,0.4788208008,-0.4719238281,0.5336914063,0.5130004883
40315397.0,2968.0,0.0,-0.0390625,-0.0546875,-0.625,0
40322429.0,7032.0,1.0,0.4788818359,-0.4719238281,0.533996582,0.5126953125
40325397.0,2968.0,0.0,0.0,-0.0859375,-0.43359375,0
40332429.0,7032.0,1.0,0.4788818359,-0.4719238281,0.5342407227,0.5123291016
40335397.0,2968.0,0.0,0.0,0.06640625,-0.234375,0
40342429.0,7032.0,1.0,0.4789428711,-0.4719848633,0.5344848633,0.5120849609
40345397.0,2968.0,0.0,0.0,-0.203125,-0.08203125,0
40352429.0,7032.0,1.0,0.4788818359,-0.4720458984,0.5346679688,0.5118408203
40355397.0,2968.0,0.0,0.0,-0.546875,0.078125,0
40362429.0,7032.0,1.0,0.4787597656,-0.4722290039,0.5347900391,0.5116577148
40365397.0,2968.0,0.0,0.0,-0.23828125,0.125,0
40372429.0,7032.0,1.0,0.4785766602,-0.4724121094,0.5349731445,0.5115356445
40375397.0,2968.0,0.0,0.0,-0.546875,0.0859375,0
40382429.0,7032.0,1.0,0.4783935547,-0.4725341797,0.5350952148,0.5113525391
40385397.0,2968.0,0.0,-0.0390625,-0.046875,-0.3671875,0
40392429.0,7032.0,1.0,0.4782714844,-0.47265625,0.5352783203,0.5112304688
40395397.0,2968.0,0.0,0.0,0.10546875,-0.3203125,0
40402429.0,7032.0,1.0,0.4780883789,-0.4727783203,0.5354614258,0.5111083984
40405397.0,2968.0,0.0,0.0,0.14453125,-0.28125,0
40412429.0,7032.0,1.0,0.4779052734,-0.4729003906,0.5355834961,0.5109863281
40415397.0,2968.0,0.0,0.0,0.1796875,-0.1953125,0
40421429.0,6032.0,1.0,0.4777832031,-0.4730224609,0.5357055664,0.5108642578
40424397.0,2968.0,0.0,0.0,0.21875,0.1953125,0
40432429.0,8032.0,1.0,0.4776611328,-0.4731445313,0.5358276367,0.5107421875
40435397.0,2968.0,0.0,0.0,0.296875,0.30859375,0
40442429.0,7032.0,1.0,0.4775390625,-0.4732666016,0.535949707,0.510559082
40445397.0,2968.0,0.0,0.0,0.296875,0.1640625,0
40452429.0,7032.0,1.0,0.4774780273,-0.473449707,0.5360717773,0.5103759766
40455397.0,2968.0,0.0,0.0,0.265625,-0.05859375,0
40462429.0,7032.0,1.0,0.4774169922,-0.4735107422,0.5362548828,0.5101318359
40465397.0,2968.0,0.0,0.0,0.06640625,0.01953125,0
40472429.0,7032.0,1.0,0.4774169922,-0.4735717773,0.5364990234,0.5098876953
40476397.0,3968.0,0.0,0.03515625,0.02734375,0.02734375,0
40482429.0,6032.0,1.0,0.4774169922,-0.4735717773,0.5367431641,0.5095825195
40485397.0,2968.0,0.0,0.03515625,-0.23828125,-0.04296875,0
40492429.0,7032.0,1.0,0.4774780273,-0.4735107422,0.5371704102,0.5091552734
40495397.0,2968.0,0.0,0.0,-0.62109375,-0.00390625,0
40502429.0,7032.0,1.0,0.4779663086,-0.4730224609,0.5379638672,0.5083007813
40505397.0,2968.0,0.0,-0.078125,-4.03125,0.28125,0
40512429.0,7032.0,1.0,0.4795532227,-0.4713134766,0.5399780273,0.5062255859
40516397.0,3968.0,0.0,-0.0390625,-1.7734375,0.05859375,0
40522429.0,6032.0,1.0,0.481628418,-0.4691772461,0.5424804688,0.5036621094
40525397.0,2968.0,0.0,-0.0390625,1.75390625,-0.05078125,0
40532429.0,7032.0,1.0,0.4826660156,-0.4680175781,0.5438842773,0.5021972656
40535397.0,2968.0,0.0,0.03515625,2.40234375,0.08203125,0
40542429.0,7032.0,1.0,0.4826049805,-0.4680175781,0.5441894531,0.5018920898
40545397.0,2968.0,0.0,0.03515625,-0.31640625,0.43359375,0
40552429.0,7032.0,1.0,0.482421875,-0.4682006836,0.5444335938,0.5017089844
40556397.0,3968.0,0.0,0.0,-1.42578125,0.6640625,0
40562429.0,6032.0,1.0,0.4824829102,-0.4680786133,0.544921875,0.501159668
40565397.0,2968.0,0.0,0.03515625,-0.1171875,0.59375,0
40572429.0,7032.0,1.0,0.4825439453,-0.4680786133,0.5453491211,0.5006713867
40575397.0,2968.0,0.0,0.03515625,0.41796875,-0.04296875,0
40582429.0,7032.0,1.0,0.4823608398,-0.4682006836,0.5456542969,0.5003662109
40585397.0,2968.0,0.0,0.03515625,-0.0390625,0.08203125,0
40592429.0,7032.0,1.0,0.4821166992,-0.4684448242,0.5458984375,0.5001831055
40596397.0,3968.0,0.0,0.0,-0.1484375,0.08984375,0
40602429.0,6032.0,1.0,0.4818725586,-0.4686889648,0.546081543,0.4999389648
40605397.0,2968.0,0.0,-0.0390625,0.08203125,-0.01953125,0
40611429.0,6032.0,1.0,0.481628418,-0.4688720703,0.5462646484,0.4996948242
40614397.0,2968.0,0.0,-0.0078125,-0.00390625,0.14453125,0
40622429.0,8032.0,1.0,0.4814453125,-0.4691162109,0.5465087891,0.4995117188
40625397.0,2968.0,0.0,-0.046875,-0.109375,0.15234375,0
40632429.0,7032.0,1.0,0.481262207,-0.4692993164,0.5466918945,0.4992675781
40635397.0,2968.0,0.0,-0.0078125,-0.0703125,0.234375,0
40642429.0,7032.0,1.0,0.4810180664,-0.469543457,0.5468139648,0.4991455078
40645397.0,2968.0,0.0,-0.0078125,-0.03125,0.2421875,0
40652429.0,7032.0,1.0,0.4807739258,-0.4697875977,0.5469970703,0.4989624023
40655397.0,2968.0,0.0,0.02734375,-0.0703125,0.12890625,0
40662429.0,7032.0,1.0,0.4805297852,-0.4700317383,0.5471801758,0.4987792969
40665397.0,2968.0,0.0,0.02734375,0.08203125,0.02734375,0
40672429.0,7032.0,1.0,0.4802246094,-0.4702758789,0.5473632813,0.4985961914
40675397.0,2968.0,0.0,0.02734375,0.08203125,0.07421875,0
40682429.0,7032.0,1.0,0.4799804688,-0.4705200195,0.5476074219,0.4983520508
40685397.0,2968.0,0.0,-0.0078125,0.3125,-0.30078125,0
40692429.0,7032.0,1.0,0.4797973633,-0.4707641602,0.5478515625,0.498046875
40695397.0,2968.0,0.0,0.02734375,0.54296875,-0.3671875,0
40702429.0,7032.0,1.0,0.4796142578,-0.4708862305,0.5481567383,0.4977416992
40705397.0,2968.0,0.0,-0.0078125,0.50390625,-0.20703125,0
40712429.0,7032.0,1.0,0.4794921875,-0.4710693359,0.5484619141,0.4973754883
40715397.0,2968.0,0.0,-0.0078125,0.42578125,-0.16015625,0
40722429.0,7032.0,1.0,0.479309082,-0.4712524414,0.5487670898,0.4970092773
40725397.0,2968.0,0.0,-0.0078125,-0.03125,-0.34375,0
40732429.0,7032.0,1.0,0.4791870117,-0.4714355469,0.5490112305,0.4967041016
40735397.0,2968.0,0.0,0.06640625,0.16796875,-0.328125,0
40742429.0,7032.0,1.0,0.4790649414,-0.4715576172,0.5493164063,0.4963378906
40745397.0,2968.0,0.0,-0.0859375,-0.484375,-0.015625,0
40752429.0,7032.0,1.0,0.4791259766,-0.4716186523,0.5496826172,0.4958496094
40755397.0,2968.0,0.0,0.06640625,-0.1796875,-0.0078125,0
40762429.0,7032.0,1.0,0.4792480469,-0.471496582,0.5501708984,0.495300293
40765397.0,2968.0,0.0,-0.0078125,-0.29296875,-0.421875,0
40772429.0,7032.0,1.0,0.4795532227,-0.4712524414,0.5508422852,0.4945068359
40775397.0,2968.0,0.0,-0.0078125,-0.1328125,-0.375,0
40782429.0,7032.0,1.0,0.4798583984,-0.4709472656,0.5514526367,0.4937744141
40785397.0,2968.0,0.0,-0.0078125,-0.1328125,-0.2890625,0
40792429.0,7032.0,1.0,0.4801635742,-0.4706420898,0.5521240234,0.4930419922
40795397.0,2968.0,0.0,-0.0078125,-0.09375,-0.4375,0
40802429.0,7032.0,1.0,0.4803466797,-0.4704589844,0.5526123047,0.4924926758
40805397.0,2968.0,0.0,0.02734375,-0.1328125,-0.3515625,0
40812429.0,7032.0,1.0,0.48046875,-0.4703369141,0.5530395508,0.4920043945
40815397.0,2968.0,0.0,-0.0078125,-0.28515625,-0.34375,0
40822429.0,7032.0,1.0,0.48046875,-0.4703369141,0.5533447266,0.4916992188
40825397.0,2968.0,0.0,0.02734375,-0.36328125,-0.52734375,0
40832429.0,7032.0,1.0,0.4803466797,-0.4704589844,0.553527832,0.4915161133
40835397.0,2968.0,0.0,-0.046875,-0.23828125,-0.4140625,0
40842429.0,7032.0,1.0,0.4801025391,-0.4706420898,0.5536499023,0.4914550781
40845397.0,2968.0,0.0,0.02734375,-0.36328125,-0.17578125,0
40852429.0,7032.0,1.0,0.4798583984,-0.4707641602,0.5537109375,0.4914550781
40855397.0,2968.0,0.0,-0.046875,-0.4375,-0.328125,0
40862429.0,7032.0,1.0,0.4795532227,-0.4710083008,0.5537109375,0.4915161133
40865397.0,2968.0,0.0,0.02734375,-0.1328125,-0.51171875,0
40872429.0,7032.0,1.0,0.4792480469,-0.4712524414,0.5537109375,0.4915771484
40875397.0,2968.0,0.0,-0.0078125,0.13671875,-0.50390625,0
40882429.0,7032.0,1.0,0.4789428711,-0.4714355469,0.5537109375,0.4916992188
40885397.0,2968.0,0.0,-0.0546875,-0.28515625,-0.234375,0
40892429.0,7032.0,1.0,0.4786987305,-0.4715576172,0.5537719727,0.4917602539
40896397.0,3968.0,0.0,0.01953125,-0.4453125,-0.12109375,0
40902429.0,6032.0,1.0,0.4783935547,-0.4716796875,0.5537719727,0.4918823242
40905397.0,2968.0,0.0,-0.046875,-0.71484375,-0.3359375,0
40912429.0,7032.0,1.0,0.4780883789,-0.4718017578,0.5537719727,0.4920654297
40915397.0,2968.0,0.0,-0.0078125,-0.1796875,-0.18359375,0
40922429.0,7032.0,1.0,0.4776611328,-0.4720458984,0.5537109375,0.4923095703
40925397.0,2968.0,0.0,-0.0078125,0.12109375,-0.14453125,0
40932429.0,7032.0,1.0,0.4771728516,-0.4723510742,0.553527832,0.4927368164
40936397.0,3968.0,0.0,0.01953125,0.58203125,-0.05859375,0
40942429.0,6032.0,1.0,0.4764404297,-0.4729003906,0.5531616211,0.4932861328
40945397.0,2968.0,0.0,0.02734375,0.765625,-0.05859375,0
40952429.0,7032.0,1.0,0.4756469727,-0.4735107422,0.552734375,0.4939575195
40955397.0,2968.0,0.0,0.02734375,0.57421875,0.0546875,0
40962429.0,7032.0,1.0,0.4749755859,-0.4741210938,0.5523681641,0.4945068359
40965397.0,2968.0,0.0,-0.0546875,-0.46875,0.0546875,0
40972429.0,7032.0,1.0,0.4747314453,-0.4742431641,0.5523071289,0.4946289063
40976397.0,3968.0,0.0,-0.015625,0.37109375,0.5625,0
40982429.0,6032.0,1.0,0.4746704102,-0.4742431641,0.5524902344,0.4945068359
40985397.0,2968.0,0.0,0.09765625,1.25390625,0.21484375,0
40992429.0,7032.0,1.0,0.4745483398,-0.4742431641,0.5526733398,0.4943847656
40995397.0,2968.0,0.0,0.05859375,0.83203125,-0.16796875,0
41002429.0,7032.0,1.0,0.4744873047,-0.4743652344,0.552734375,0.4943237305
41005397.0,2968.0,0.0,0.01953125,0.296875,-0.04296875,0
41012429.0,7032.0,1.0,0.4743652344,-0.4744262695,0.5528564453,0.4942016602
41016397.0,3968.0,0.0,0.01953125,0.41015625,0.109375,0
41022429.0,6032.0,1.0,0.4743041992,-0.4745483398,0.5529785156,0.4940185547
41025397.0,2968.0,0.0,0.01171875,0.21875,0.1953125,0
41032429.0,7032.0,1.0,0.4741821289,-0.4746704102,0.5531005859,0.4938964844
41035397.0,2968.0,0.0,-0.0234375,0.06640625,-0.06640625,0
41042429.0,7032.0,1.0,0.4740600586,-0.4747924805,0.5531616211,0.4937744141
41045397.0,2968.0,0.0,-0.0234375,0.10546875,-0.06640625,0
41052429.0,7032.0,1.0,0.4740600586,-0.4749145508,0.5532836914,0.4935913086
41055397.0,2968.0,0.0,-0.0234375,0.06640625,-0.05859375,0
41062429.0,7032.0,1.0,0.4740600586,-0.4749145508,0.5534667969,0.493347168
41065397.0,2968.0,0.0,-0.0234375,0.14453125,-0.01953125,0
41072429.0,7032.0,1.0,0.4741210938,-0.4749145508,0.5537109375,0.4930419922
41075397.0,2968.0,0.0,-0.0234375,0.2578125,-0.08984375,0
41082429.0,7032.0,1.0,0.4741210938,-0.4749755859,0.5538330078,0.4928588867
41085397.0,2968.0,0.0,0.01171875,0.03515625,-0.12890625,0
41092429.0,7032.0,1.0,0.4741210938,-0.4750366211,0.5539550781,0.4926147461
41095397.0,2968.0,0.0,-0.0234375,-0.1640625,-0.12109375,0
41102429.0,7032.0,1.0,0.4741821289,-0.4750366211,0.5541381836,0.4923706055
41105397.0,2968.0,0.0,0.01171875,-0.31640625,-0.04296875,0
41112429.0,7032.0,1.0,0.4741210938,-0.4750976563,0.5543212891,0.4921875
41115397.0,2968.0,0.0,-0.0234375,-0.546875,-0.1484375,0
41122429.0,7032.0,1.0,0.4740600586,-0.4751586914,0.5544433594,0.4920043945
41125397.0,2968.0,0.0,-0.0625,-0.5859375,-0.2265625,0
41133429.0,8032.0,1.0,0.4739990234,-0.4752197266,0.5546264648,0.4918823242
41136397.0,2968.0,0.0,-0.0234375,-0.46875,-0.21875,0
41142429.0,6032.0,1.0,0.4739379883,-0.4752197266,0.5548095703,0.4916992188
41145397.0,2968.0,0.0,-0.0546875,-0.39453125,-0.2109375,0
41152429.0,7032.0,1.0,0.4738769531,-0.4751586914,0.5549926758,0.4915771484
41155397.0,2968.0,0.0,-0.0234375,-0.27734375,-0.203125,0
41162429.0,7032.0,1.0,0.473815918,-0.4751586914,0.5551757813,0.4914550781
41165397.0,2968.0,0.0,-0.0234375,-0.1640625,-0.2421875,0
41172429.0,7032.0,1.0,0.4736938477,-0.4751586914,0.5552978516,0.491394043
41175397.0,2968.0,0.0,-0.0234375,-0.01171875,-0.203125,0
41182429.0,7032.0,1.0,0.4735717773,-0.4751586914,0.5553588867,0.4914550781
41185397.0,2968.0,0.0,-0.0234375,-0.23828125,-0.15625,0
41192429.0,7032.0,1.0,0.473449707,-0.4752197266,0.5554199219,0.4914550781
41195397.0,2968.0,0.0,0.01171875,-0.1328125,-0.15625,0
41202429.0,7032.0,1.0,0.4733276367,-0.4752197266,0.5555419922,0.4914550781
41205397.0,2968.0,0.0,0.01171875,-0.09375,-0.15625,0
41212429.0,7032.0,1.0,0.4732666016,-0.4751586914,0.5556030273,0.4914550781
41215397.0,2968.0,0.0,-0.0234375,0.13671875,-0.1171875,0
41222429.0,7032.0,1.0,0.4732055664,-0.4751586914,0.5557250977,0.491394043
41225397.0,2968.0,0.0,0.01171875,0.44140625,-0.00390625,0
41232429.0,7032.0,1.0,0.4731445313,-0.4750976563,0.555847168,0.4913330078
41235397.0,2968.0,0.0,0.01171875,0.55859375,-0.03515625,0
41242429.0,7032.0,1.0,0.4730834961,-0.4750976563,0.5559692383,0.4912719727
41245397.0,2968.0,0.0,-0.0234375,0.6328125,-0.03515625,0
41253429.0,8032.0,1.0,0.4730224609,-0.4751586914,0.5560913086,0.4912109375
41256397.0,2968.0,0.0,0.01171875,0.55859375,0.234375,0
41262429.0,6032.0,1.0,0.4729614258,-0.4752197266,0.5561523438,0.4911499023
41265397.0,2968.0,0.0,0.01171875,0.328125,0.125,0
41272429.0,7032.0,1.0,0.4728393555,-0.4752807617,0.5562133789,0.491027832
41275397.0,2968.0,0.0,0.01171875,0.36328125,0.08984375,0
41282429.0,7032.0,1.0,0.4727783203,-0.475402832,0.5562744141,0.4909057617
41285397.0,2968.0,0.0,-0.0234375,0.36328125,0.125,0
41293429.0,8032.0,1.0,0.4727783203,-0.4755249023,0.5563354492,0.4907836914
41296397.0,2968.0,0.0,-0.0234375,0.2890625,0.09765625,0
41302429.0,6032.0,1.0,0.4727172852,-0.4756469727,0.5563964844,0.4906616211
41305397.0,2968.0,0.0,-0.0234375,0.05859375,0.05859375,0
41312429.0,7032.0,1.0,0.4727172852,-0.4756469727,0.5565185547,0.4904785156
41316397.0,3968.0,0.0,-0.0234375,-0.2109375,0.140625,0
41322429.0,6032.0,1.0,0.4727783203,-0.4757080078,0.556640625,0.490234375
41325397.0,2968.0,0.0,0.01171875,0.25,0.02734375,0
41332429.0,7032.0,1.0,0.4727783203,-0.475769043,0.5567626953,0.4900512695
41335397.0,2968.0,0.0,-0.0234375,-0.0859375,-0.125,0
41348429.0,13032.0,1.0,0.4727172852,-0.4758911133,0.5568237305,0.4899291992
41353429.0,5000.0,1.0,0.4727172852,-0.4759521484,0.5569458008,0.4897460938
41355397.0,1968.0,0.0,0.01171875,-0.046875,-0.078125,0
41362429.0,7032.0,1.0,0.47265625,-0.4760131836,0.5570678711,0.4895629883
41365397.0,2968.0,0.0,-0.0234375,0.10546875,-0.109375,0
41372429.0,7032.0,1.0,0.47265625,-0.4760742188,0.5571289063,0.4893798828
41375397.0,2968.0,0.0,0.01171875,0.06640625,-0.03515625,0
41382429.0,7032.0,1.0,0.4725952148,-0.4761962891,0.5572509766,0.4892578125
41385397.0,2968.0,0.0,-0.0234375,0.06640625,0.05078125,0
41392429.0,7032.0,1.0,0.4725952148,-0.4762573242,0.5573730469,0.489074707
41396397.0,3968.0,0.0,0.01171875,0.11328125,0.08984375,0
41402429.0,6032.0,1.0,0.4725952148,-0.4763183594,0.5574951172,0.4888305664
41405397.0,2968.0,0.0,-0.0234375,0.11328125,0.171875,0
41412429.0,7032.0,1.0,0.4725952148,-0.4763793945,0.5576171875,0.4886474609
41415397.0,2968.0,0.0,-0.0234375,0.03515625,0.02734375,0
41422429.0,7032.0,1.0,0.4725952148,-0.4764404297,0.5577392578,0.4884643555
41425397.0,2968.0,0.0,0.01171875,0.00390625,-0.0390625,0
41432429.0,7032.0,1.0,0.4725341797,-0.4765625,0.5578613281,0.48828125
41435397.0,2968.0,0.0,0.01171875,-0.0703125,-0.078125,0
41442429.0,7032.0,1.0,0.4724731445,-0.4766845703,0.5579223633,0.4881591797
41445397.0,2968.0,0.0,-0.0234375,-0.22265625,-0.078125,0
41452429.0,7032.0,1.0,0.4724121094,-0.4768066406,0.5579833984,0.4879760742
41455397.0,2968.0,0.0,0.01171875,-0.30078125,0.00390625,0
41462429.0,7032.0,1.0,0.4723510742,-0.4768676758,0.5581054688,0.4878540039
41465397.0,2968.0,0.0,-0.0234375,-0.22265625,0.04296875,0
41473429.0,8032.0,1.0,0.4722900391,-0.4769897461,0.5582275391,0.4876708984
41476397.0,2968.0,0.0,-0.0234375,-0.109375,0.05078125,0
41482429.0,6032.0,1.0,0.4721679688,-0.4770507813,0.5583496094,0.4875488281
41485397.0,2968.0,0.0,0.01171875,-0.1015625,0.05078125,0
41492429.0,7032.0,1.0,0.4721069336,-0.4771728516,0.5584716797,0.4873657227
41495397.0,2968.0,0.0,0.01171875,-0.0625,0.09765625,0
41502429.0,7032.0,1.0,0.4720458984,-0.4772338867,0.55859375,0.4872436523
41505397.0,2968.0,0.0,0.01171875,0.01171875,0.13671875,0
41513429.0,8032.0,1.0,0.4719238281,-0.4772949219,0.5587768555,0.4870605469
41516397.0,2968.0,0.0,0.05078125,-0.109375,0.06640625,0
41522429.0,6032.0,1.0,0.4718017578,-0.4774169922,0.5588989258,0.4869384766
41525397.0,2968.0,0.0,-0.0234375,-0.0234375,0.0,0
41532429.0,7032.0,1.0,0.4716796875,-0.4775390625,0.5590820313,0.4867553711
41535397.0,2968.0,0.0,0.01171875,0.01171875,-0.0390625,0
41542429.0,7032.0,1.0,0.4715576172,-0.4776611328,0.5592041016,0.4866333008
41545397.0,2968.0,0.0,0.01171875,0.01171875,-0.0703125,0
41553429.0,8032.0,1.0,0.4713745117,-0.4777832031,0.5593261719,0.4865112305
41556397.0,2968.0,0.0,0.01171875,0.05078125,-0.03125,0
41562429.0,6032.0,1.0,0.4712524414,-0.4778442383,0.559387207,0.4864501953
41565397.0,2968.0,0.0,-0.0234375,0.08984375,-0.0234375,0
41572429.0,7032.0,1.0,0.4711303711,-0.4779663086,0.5595703125,0.4862670898
41575397.0,2968.0,0.0,0.00390625,0.12109375,-0.015625,0
41582429.0,7032.0,1.0,0.4710083008,-0.4780273438,0.5596923828,0.4861450195
41585397.0,2968.0,0.0,0.00390625,0.04296875,-0.015625,0
41593429.0,8032.0,1.0,0.4709472656,-0.4781494141,0.5598144531,0.4860229492
41596397.0,2968.0,0.0,0.00390625,0.00390625,-0.0078125,0
41602429.0,6032.0,1.0,0.4707641602,-0.4782714844,0.5599365234,0.4859008789
41605397.0,2968.0,0.0,-0.03125,-0.0234375,-0.0078125,0
41612429.0,7032.0,1.0,0.4706420898,-0.4783935547,0.5599975586,0.4857788086
41615397.0,2968.0,0.0,-0.00390625,0.05078125,-0.0390625,0
41622429.0,7032.0,1.0,0.4705200195,-0.478515625,0.5601196289,0.4856567383
41625397.0,2968.0,0.0,-0.00390625,0.203125,-0.15234375,0
41633429.0,8032.0,1.0,0.4703979492,-0.4786376953,0.5602416992,0.485534668
41636397.0,2968.0,0.0,-0.0390625,0.2421875,-0.30078125,0
41642429.0,6032.0,1.0,0.4703369141,-0.4786987305,0.5603027344,0.4854736328
41645397.0,2968.0,0.0,-0.03125,0.04296875,-0.5234375,0
41652429.0,7032.0,1.0,0.4702758789,-0.4788208008,0.5603637695,0.4853515625
41655397.0,2968.0,0.0,0.00390625,0.08203125,-0.484375,0
41662429.0,7032.0,1.0,0.4702148438,-0.4788818359,0.5604248047,0.4852905273
41665397.0,2968.0,0.0,-0.03125,0.12109375,-0.3671875,0
41673429.0,8032.0,1.0,0.4701538086,-0.4789428711,0.5604858398,0.4852294922
41676397.0,2968.0,0.0,-0.03125,0.16015625,-0.29296875,0
41682429.0,6032.0,1.0,0.4700927734,-0.4790039063,0.560546875,0.4851074219
41685397.0,2968.0,0.0,0.00390625,0.50390625,-0.09375,0
41692429.0,7032.0,1.0,0.4700927734,-0.4790649414,0.560546875,0.4850463867
41696397.0,3968.0,0.0,0.00390625,0.50390625,-0.0546875,0
41703429.0,7032.0,1.0,0.4700927734,-0.4791259766,0.5606079102,0.4849853516
41706397.0,2968.0,0.0,0.00390625,0.3515625,-0.015625,0
41713429.0,7032.0,1.0,0.4700927734,-0.4792480469,0.5606079102,0.4848632813
41716397.0,2968.0,0.0,-0.03125,0.1953125,-0.015625,0
41722429.0,6032.0,1.0,0.4700927734,-0.479309082,0.5606689453,0.4847412109
41725397.0,2968.0,0.0,0.00390625,0.12890625,-0.0078125,0
41732429.0,7032.0,1.0,0.4700927734,-0.4793701172,0.5607299805,0.4845581055
41736397.0,3968.0,0.0,0.00390625,0.12890625,-0.0078125,0
41743429.0,7032.0,1.0,0.4702148438,-0.4793701172,0.5608520508,0.4843139648
41746397.0,2968.0,0.0,0.00390625,0.05078125,-0.0078125,0
41752429.0,6032.0,1.0,0.4703979492,-0.479309082,0.5610351563,0.4840087891
41755397.0,2968.0,0.0,0.00390625,-0.0546875,0.0,0
41762429.0,7032.0,1.0,0.4705810547,-0.4792480469,0.5612182617,0.4837036133
41765397.0,2968.0,0.0,0.00390625,-0.1328125,0.0,0
41773429.0,8032.0,1.0,0.4707641602,-0.4790649414,0.5614624023,0.4833374023
41777397.0,3968.0,0.0,0.00390625,-0.171875,0.0,0
41783429.0,6032.0,1.0,0.4710083008,-0.4789428711,0.561706543,0.4829711914
41786397.0,2968.0,0.0,0.01171875,-0.2421875,0.0234375,0
41792429.0,6032.0,1.0,0.4711914063,-0.4788208008,0.5619506836,0.4826049805
41795397.0,2968.0,0.0,0.01171875,-0.31640625,0.0703125,0
41803429.0,8032.0,1.0,0.4714355469,-0.4785766602,0.5622558594,0.4822387695
41806397.0,2968.0,0.0,-0.0234375,-0.2265625,0.0703125,0
41813429.0,7032.0,1.0,0.4716186523,-0.4783935547,0.5625610352,0.4818725586
41817397.0,3968.0,0.0,-0.0234375,-0.1875,0.0703125,0
41823429.0,6032.0,1.0,0.4718017578,-0.4782714844,0.5628051758,0.4815673828
41826397.0,2968.0,0.0,-0.015625,-0.2109375,0.03125,0
41833429.0,7032.0,1.0,0.4719238281,-0.4781494141,0.5629882813,0.4813842773
41836397.0,2968.0,0.0,0.01171875,-0.24609375,-0.12109375,0
41843429.0,7032.0,1.0,0.4720458984,-0.4780273438,0.5631713867,0.4811401367
41846397.0,2968.0,0.0,-0.0234375,-0.27734375,-0.19921875,0
41853429.0,7032.0,1.0,0.4721679688,-0.4779052734,0.5633544922,0.4809570313
41856397.0,2968.0,0.0,0.01171875,-0.34765625,-0.19140625,0
41863429.0,7032.0,1.0,0.4722900391,-0.4777832031,0.5635375977,0.4807739258
41866397.0,2968.0,0.0,-0.0234375,-0.37890625,-0.2578125,0
41873429.0,7032.0,1.0,0.4723510742,-0.4776611328,0.563659668,0.4806518555
41876397.0,2968.0,0.0,-0.0234375,-0.25390625,-0.375,0
41883429.0,7032.0,1.0,0.4724121094,-0.4775390625,0.5637817383,0.4805297852
41886397.0,2968.0,0.0,-0.0234375,-0.20703125,-0.40625,0
41893429.0,7032.0,1.0,0.4724731445,-0.4774780273,0.5638427734,0.4805297852
41896397.0,2968.0,0.0,-0.0234375,-0.27734375,-0.2734375,0
41903429.0,7032.0,1.0,0.4724731445,-0.4774169922,0.5638427734,0.4805908203
41906397.0,2968.0,0.0,0.01171875,-0.34765625,0.0703125,0
41913429.0,7032.0,1.0,0.4724731445,-0.477355957,0.5638427734,0.4805908203
41916397.0,2968.0,0.0,-0.0234375,-0.18359375,0.0703125,0
41923429.0,7032.0,1.0,0.4724121094,-0.4772949219,0.5638427734,0.4806518555
41926397.0,2968.0,0.0,-0.015625,0.015625,0.0703125,0
41933429.0,7032.0,1.0,0.4724121094,-0.4772338867,0.5639038086,0.4807128906
41936397.0,2968.0,0.0,0.01953125,0.09765625,0.1484375,0
41942429.0,6032.0,1.0,0.4724121094,-0.4771728516,0.5639038086,0.4807128906
41945397.0,2968.0,0.0,0.01953125,0.09765625,0.22265625,0
41953429.0,8032.0,1.0,0.4724731445,-0.4771118164,0.5639648438,0.4807128906
41956397.0,2968.0,0.0,0.01171875,0.14453125,0.18359375,0
41963429.0,7032.0,1.0,0.4724731445,-0.4770507813,0.5640258789,0.4806518555
41966397.0,2968.0,0.0,0.01953125,0.18359375,0.22265625,0
41973429.0,7032.0,1.0,0.4724731445,-0.4769897461,0.5640869141,0.4806518555
41976397.0,2968.0,0.0,0.01171875,0.18359375,0.25390625,0
41982429.0,6032.0,1.0,0.4724121094,-0.4769897461,0.5641479492,0.4806518555
41985397.0,2968.0,0.0,0.01171875,0.14453125,0.17578125,0
41993429.0,8032.0,1.0,0.4724121094,-0.4769897461,0.5642089844,0.4805908203
41996397.0,2968.0,0.0,-0.0234375,0.17578125,0.1328125,0
42003429.0,7032.0,1.0,0.4724121094,-0.4769897461,0.5642700195,0.4805908203
42006397.0,2968.0,0.0,0.01171875,0.21484375,0.1328125,0
42013429.0,7032.0,1.0,0.4723510742,-0.4769897461,0.5643310547,0.4805297852
42016397.0,2968.0,0.0,0.01171875,0.13671875,0.0859375,0
42023429.0,7032.0,1.0,0.4723510742,-0.4769287109,0.564453125,0.4804077148
42026397.0,2968.0,0.0,-0.015625,0.05078125,0.19921875,0
42033429.0,7032.0,1.0,0.4723510742,-0.4769287109,0.5645141602,0.4803466797
42037397.0,3968.0,0.0,0.01953125,-0.03125,0.19140625,0
42043429.0,6032.0,1.0,0.4724121094,-0.4768676758,0.5646362305,0.4802246094
42046397.0,2968.0,0.0,0.01171875,-0.0703125,0.078125,0
42053429.0,7032.0,1.0,0.4724121094,-0.4767456055,0.5647583008,0.4801635742
42056397.0,2968.0,0.0,0.01171875,-0.109375,0.078125,0
42063429.0,7032.0,1.0,0.4724121094,-0.4766845703,0.5648803711,0.4800415039
42066397.0,2968.0,0.0,0.01171875,0.04296875,0.26171875,0
42073429.0,7032.0,1.0,0.4724121094,-0.4766845703,0.5650024414,0.4799804688
42077397.0,3968.0,0.0,0.01171875,0.15234375,0.21484375,0
42083429.0,6032.0,1.0,0.4723510742,-0.4766845703,0.5650634766,0.4799194336
42086397.0,2968.0,0.0,0.01171875,0.2265625,0.14453125,0
42093429.0,7032.0,1.0,0.4722900391,-0.4766845703,0.5651245117,0.4798583984
42096397.0,2968.0,0.0,0.01171875,0.3828125,0.0546875,0
42103429.0,7032.0,1.0,0.4722900391,-0.4767456055,0.5651855469,0.4798583984
42106397.0,2968.0,0.0,0.01171875,0.3359375,0.0546875,0
42113429.0,7032.0,1.0,0.4722900391,-0.4767456055,0.565246582,0.4797973633
42117397.0,3968.0,0.0,0.00390625,0.328125,0.0078125,0
42123429.0,6032.0,1.0,0.4722900391,-0.4767456055,0.5653076172,0.479675293
42126397.0,2968.0,0.0,0.00390625,0.25,0.015625,0
42133429.0,7032.0,1.0,0.4723510742,-0.4766845703,0.5654296875,0.4795532227
42136397.0,2968.0,0.0,0.01171875,0.08203125,-0.03125,0
42143429.0,7032.0,1.0,0.4724121094,-0.4766235352,0.5655517578,0.4794311523
42146397.0,2968.0,0.0,0.00390625,-0.0234375,-0.0703125,0
42153429.0,7032.0,1.0,0.4725341797,-0.4765014648,0.5656738281,0.4792480469
42156397.0,2968.0,0.0,0.00390625,-0.1171875,-0.03125,0
42163429.0,7032.0,1.0,0.47265625,-0.4763793945,0.5657958984,0.4790649414
42166397.0,2968.0,0.0,0.00390625,-0.109375,-0.03125,0
42173429.0,7032.0,1.0,0.4727783203,-0.4763183594,0.5659790039,0.4788818359
42176397.0,2968.0,0.0,0.00390625,0.12109375,0.0078125,0
42183429.0,7032.0,1.0,0.4728393555,-0.4761962891,0.5661010742,0.4786987305
42186397.0,2968.0,0.0,-0.03125,0.15234375,0.0078125,0
42193429.0,7032.0,1.0,0.4729003906,-0.4761352539,0.5661621094,0.4786376953
42196397.0,2968.0,0.0,0.00390625,0.03515625,0.0078125,0
42203429.0,7032.0,1.0,0.4729614258,-0.4761352539,0.5662841797,0.478515625
42206397.0,2968.0,0.0,-0.03125,-0.1171875,-0.0703125,0
42213429.0,7032.0,1.0,0.4730224609,-0.4760742188,0.5663452148,0.4784545898
42216397.0,2968.0,0.0,0.00390625,-0.23828125,-0.0703125,0
42223429.0,7032.0,1.0,0.4730224609,-0.4759521484,0.5664672852,0.4783325195
42226397.0,2968.0,0.0,0.00390625,-0.1953125,-0.03125,0
42233429.0,7032.0,1.0,0.4730834961,-0.4758911133,0.5665893555,0.4782104492
42236397.0,2968.0,0.0,0.00390625,-0.1171875,-0.0234375,0
42243429.0,7032.0,1.0,0.4731445313,-0.4758300781,0.5666503906,0.4782104492
42246397.0,2968.0,0.0,-0.03125,-0.00390625,-0.03125,0
42253429.0,7032.0,1.0,0.4731445313,-0.475769043,0.5667114258,0.4781494141
42256397.0,2968.0,0.0,-0.03125,-0.15625,0.0078125,0
42263429.0,7032.0,1.0,0.4732055664,-0.4757080078,0.5667724609,0.4780883789
42266397.0,2968.0,0.0,-0.03125,-0.15625,-0.0234375,0
42273429.0,7032.0,1.0,0.4732666016,-0.4755859375,0.5668945313,0.4779663086
42276397.0,2968.0,0.0,0.00390625,-0.1484375,-0.0625,0
42283429.0,7032.0,1.0,0.4733276367,-0.4754638672,0.5670166016,0.4779052734
42286397.0,2968.0,0.0,0.00390625,-0.109375,-0.12890625,0
42293429.0,7032.0,1.0,0.4733886719,-0.4753417969,0.5670776367,0.4778442383
42296397.0,2968.0,0.0,0.00390625,-0.1484375,-0.12890625,0
42303429.0,7032.0,1.0,0.4733886719,-0.4753417969,0.5670776367,0.4779052734
42306397.0,2968.0,0.0,-0.03125,-0.1796875,-0.12109375,0
42313429.0,7032.0,1.0,0.4733276367,-0.4753417969,0.5670776367,0.4779663086
42316397.0,2968.0,0.0,-0.03125,-0.1796875,-0.08984375,0
42323429.0,7032.0,1.0,0.4732666016,-0.4753417969,0.5670166016,0.4780883789
42326397.0,2968.0,0.0,0.00390625,-0.1328125,-0.0078125,0
42333429.0,7032.0,1.0,0.4732055664,-0.4753417969,0.5670166016,0.4781494141
42336397.0,2968.0,0.0,-0.03125,-0.1328125,0.03125,0
42343429.0,7032.0,1.0,0.4732055664,-0.4752807617,0.5669555664,0.4782104492
42346397.0,2968.0,0.0,-0.03125,0.06640625,0.0234375,0
42353429.0,7032.0,1.0,0.4732055664,-0.4752197266,0.5669555664,0.4782714844
42356397.0,2968.0,0.0,0.00390625,0.18359375,0.0234375,0
42363429.0,7032.0,1.0,0.4732055664,-0.4751586914,0.5669555664,0.4783325195
42366397.0,2968.0,0.0,0.00390625,0.02734375,-0.0078125,0
42373429.0,7032.0,1.0,0.4732055664,-0.4751586914,0.5669555664,0.4783935547
42376397.0,2968.0,0.0,0.00390625,-0.0078125,-0.0078125,0
42383429.0,7032.0,1.0,0.4732055664,-0.4750976563,0.5669555664,0.4784545898
42386397.0,2968.0,0.0,0.00390625,-0.015625,0.03125,0
42393429.0,7032.0,1.0,0.4732055664,-0.4750366211,0.5670166016,0.4784545898
42396397.0,2968.0,0.0,0.01171875,-0.0078125,0.03125,0
42403429.0,7032.0,1.0,0.4732666016,-0.4749145508,0.5670166016,0.4784545898
42406397.0,2968.0,0.0,0.01171875,-0.0078125,0.0625,0
42413429.0,7032.0,1.0,0.4732055664,-0.4748535156,0.5670776367,0.478515625
42417397.0,3968.0,0.0,0.01171875,0.02734375,0.1015625,0
42423429.0,6032.0,1.0,0.4732666016,-0.4747924805,0.5671386719,0.478515625
42426397.0,2968.0,0.0,-0.0234375,0.06640625,0.21484375,0
42433429.0,7032.0,1.0,0.4732666016,-0.4747314453,0.567199707,0.478515625
42436397.0,2968.0,0.0,0.00390625,0.10546875,0.12890625,0
42443429.0,7032.0,1.0,0.4732666016,-0.4746704102,0.567199707,0.4784545898
42446397.0,2968.0,0.0,0.00390625,0.09765625,0.09375,0
42453429.0,7032.0,1.0,0.4733276367,-0.474609375,0.5672607422,0.4784545898
42457397.0,3968.0,0.0,0.00390625,0.01953125,0.09375,0
42463429.0,6032.0,1.0,0.4733276367,-0.4745483398,0.5673217773,0.4784545898
42466397.0,2968.0,0.0,0.00390625,0.01953125,0.0078125,0
42473429.0,7032.0,1.0,0.4733276367,-0.4745483398,0.5673217773,0.478515625
42476397.0,2968.0,0.0,0.00390625,0.09765625,0.0078125,0
42483429.0,7032.0,1.0,0.4733276367,-0.4744873047,0.5673217773,0.478515625
42486397.0,2968.0,0.0,-0.03125,0.16796875,0.0078125,0
42493429.0,7032.0,1.0,0.4733276367,-0.4744873047,0.5673217773,0.478515625
42497397.0,3968.0,0.0,0.00390625,0.2421875,0.0078125,0
42503429.0,6032.0,1.0,0.4733276367,-0.4744262695,0.5673217773,0.4785766602
42506397.0,2968.0,0.0,0.00390625,0.16015625,0.046875,0
42513429.0,7032.0,1.0,0.4733276367,-0.4744262695,0.5673217773,0.4785766602
42516397.0,2968.0,0.0,0.00390625,0.08203125,0.0078125,0
42523429.0,7032.0,1.0,0.4733276367,-0.4743652344,0.5673217773,0.4786376953
42526397.0,2968.0,0.0,0.00390625,0.08203125,0.0078125,0
42533429.0,7032.0,1.0,0.4733276367,-0.4743652344,0.5673217773,0.4786376953
42537397.0,3968.0,0.0,0.00390625,0.03515625,0.0,0
42543429.0,6032.0,1.0,0.4733276367,-0.4743041992,0.5673217773,0.4786376953
42546397.0,2968.0,0.0,0.04296875,-0.01171875,0.0,0
42553429.0,7032.0,1.0,0.4733276367,-0.4743041992,0.5673828125,0.4786376953
42556397.0,2968.0,0.0,0.00390625,0.02734375,0.0390625,0
42563429.0,7032.0,1.0,0.4733276367,-0.4742431641,0.5673828125,0.4786376953
42566397.0,2968.0,0.0,0.00390625,0.06640625,0.0390625,0
42573429.0,7032.0,1.0,0.4733276367,-0.4741821289,0.5674438477,0.4786376953
42576397.0,2968.0,0.0,0.00390625,0.09765625,0.0390625,0
42583429.0,7032.0,1.0,0.4733276367,-0.4741821289,0.5675048828,0.4786376953
42586397.0,2968.0,0.0,-0.00390625,0.08984375,0.0390625,0
42593429.0,7032.0,1.0,0.4733276367,-0.4741821289,0.5675048828,0.4786376953
42596397.0,2968.0,0.0,-0.00390625,0.08984375,0.0,0
42603429.0,7032.0,1.0,0.4732666016,-0.4741821289,0.5675048828,0.4786376953
42606397.0,2968.0,0.0,0.00390625,0.08203125,0.0,0
42613429.0,7032.0,1.0,0.4732666016,-0.4741210938,0.5675048828,0.4786987305
42616397.0,2968.0,0.0,-0.03125,0.04296875,0.0,0
42623429.0,7032.0,1.0,0.4732666016,-0.4741210938,0.5675048828,0.4786987305
42626397.0,2968.0,0.0,-0.00390625,0.00390625,-0.0078125,0
42633429.0,7032.0,1.0,0.4732666016,-0.4741210938,0.5675048828,0.4787597656
42636397.0,2968.0,0.0,-0.0390625,-0.0703125,-0.046875,0
42643429.0,7032.0,1.0,0.4732666016,-0.4741210938,0.5675048828,0.4787597656
42646397.0,2968.0,0.0,0.00390625,-0.04296875,-0.0078125,0
42654429.0,8032.0,1.0,0.4732666016,-0.4740600586,0.5675048828,0.4787597656
42657397.0,2968.0,0.0,0.00390625,-0.04296875,-0.0078125,0
42663429.0,6032.0,1.0,0.4732666016,-0.4740600586,0.5675048828,0.4787597656
42666397.0,2968.0,0.0,0.00390625,-0.00390625,0.03125,0
42673429.0,7032.0,1.0,0.4732666016,-0.4739990234,0.567565918,0.4787597656
42676397.0,2968.0,0.0,0.00390625,0.03515625,0.03125,0
42683429.0,7032.0,1.0,0.4732666016,-0.4739379883,0.567565918,0.4787597656
42686397.0,2968.0,0.0,0.00390625,0.07421875,0.03125,0
42694429.0,8032.0,1.0,0.4732666016,-0.4739379883,0.567565918,0.4787597656
42697397.0,2968.0,0.0,0.00390625,-0.00390625,0.03125,0
42703429.0,6032.0,1.0,0.4733276367,-0.4738769531,0.5676269531,0.4787597656
42706397.0,2968.0,0.0,0.00390625,-0.0703125,-0.0078125,0
42713429.0,7032.0,1.0,0.4733276367,-0.473815918,0.5676269531,0.4787597656
42716397.0,2968.0,0.0,0.00390625,-0.109375,-0.0078125,0
42723429.0,7032.0,1.0,0.4733276367,-0.473815918,0.5676879883,0.4787597656
42726397.0,2968.0,0.0,-0.03125,-0.1875,-0.0078125,0
42733429.0,7032.0,1.0,0.4733276367,-0.473815918,0.5676879883,0.4787597656
42736397.0,2968.0,0.0,0.00390625,-0.1484375,-0.0078125,0
42743429.0,7032.0,1.0,0.4733276367,-0.473815918,0.5676879883,0.4788208008
42746397.0,2968.0,0.0,-0.0390625,-0.03515625,-0.0078125,0
42753429.0,7032.0,1.0,0.4732666016,-0.4737548828,0.5676879883,0.4788208008
42756397.0,2968.0,0.0,-0.00390625,0.00390625,0.03125,0
42763429.0,7032.0,1.0,0.4732666016,-0.4737548828,0.5676879883,0.4788818359
42766397.0,2968.0,0.0,-0.00390625,-0.03515625,0.03125,0
42773429.0,7032.0,1.0,0.4732666016,-0.4737548828,0.5676879883,0.4788208008
42776397.0,2968.0,0.0,-0.00390625,0.01171875,0.03125,0
42783429.0,7032.0,1.0,0.4733276367,-0.4736938477,0.5677490234,0.4788208008
42786397.0,2968.0,0.0,-0.00390625,0.08984375,0.0,0
42793429.0,7032.0,1.0,0.4733886719,-0.4735717773,0.5678100586,0.4787597656
42796397.0,2968.0,0.0,-0.00390625,0.00390625,-0.046875,0
42803429.0,7032.0,1.0,0.4733886719,-0.4735107422,0.5678710938,0.4786987305
42806397.0,2968.0,0.0,-0.00390625,0.04296875,-0.0859375,0
42814429.0,8032.0,1.0,0.473449707,-0.4735107422,0.5678710938,0.4786987305
42817397.0,2968.0,0.0,-0.00390625,0.00390625,-0.0859375,0
42823429.0,6032.0,1.0,0.4733886719,-0.4735107422,0.5678710938,0.4787597656
42826397.0,2968.0,0.0,-0.0390625,0.00390625,-0.046875,0
42833429.0,7032.0,1.0,0.4733886719,-0.4735107422,0.5678710938,0.4787597656
42837397.0,3968.0,0.0,-0.0390625,0.04296875,-0.0078125,0
42843429.0,6032.0,1.0,0.4733886719,-0.473449707,0.5678710938,0.4787597656
42846397.0,2968.0,0.0,0.00390625,0.05078125,-0.0078125,0
42853429.0,7032.0,1.0,0.473449707,-0.473449707,0.5678710938,0.4787597656
42856397.0,2968.0,0.0,-0.0390625,-0.1015625,-0.0078125,0
42863429.0,7032.0,1.0,0.4735107422,-0.4733886719,0.5679321289,0.4787597656
42866397.0,2968.0,0.0,-0.00390625,-0.140625,-0.0078125,0
42873429.0,7032.0,1.0,0.4735717773,-0.4733276367,0.5679321289,0.4786987305
42877397.0,3968.0,0.0,-0.0390625,-0.1484375,0.0,0
42883429.0,6032.0,1.0,0.4736328125,-0.4732055664,0.5679931641,0.4786376953
42886397.0,2968.0,0.0,-0.03125,-0.0625,0.0,0
42893429.0,7032.0,1.0,0.4736938477,-0.4731445313,0.5680541992,0.4786376953
42896397.0,2968.0,0.0,0.00390625,0.01171875,0.0,0
42903429.0,7032.0,1.0,0.4736938477,-0.4731445313,0.5679931641,0.4786987305
42906397.0,2968.0,0.0,0.00390625,0.01953125,0.0,0
42913429.0,7032.0,1.0,0.4736328125,-0.4731445313,0.5679931641,0.4786987305
42917397.0,3968.0,0.0,0.00390625,0.05859375,0.0,0
42923429.0,6032.0,1.0,0.4736938477,-0.4731445313,0.5679931641,0.4786987305
42926397.0,2968.0,0.0,0.00390625,0.05859375,0.0,0
42933429.0,7032.0,1.0,0.4736938477,-0.4730834961,0.5679931641,0.4786987305
42936397.0,2968.0,0.0,0.00390625,0.09765625,0.0,0
42943429.0,7032.0,1.0,0.473815918,-0.4730224609,0.5679931641,0.4786987305
42946397.0,2968.0,0.0,0.00390625,-0.0546875,-0.046875,0
42953429.0,7032.0,1.0,0.4738769531,-0.4729614258,0.5680541992,0.4786376953
42957397.0,3968.0,0.0,-0.03125,-0.1328125,-0.0390625,0
42963429.0,6032.0,1.0,0.4739379883,-0.4729003906,0.5681152344,0.4785766602
42966397.0,2968.0,0.0,0.00390625,-0.1328125,0.0,0
42974429.0,8032.0,1.0,0.4740600586,-0.4727783203,0.5681152344,0.478515625
42977397.0,2968.0,0.0,0.00390625,-0.01953125,-0.0078125,0
42983429.0,6032.0,1.0,0.4741210938,-0.47265625,0.5681762695,0.4784545898
42986397.0,2968.0,0.0,0.00390625,0.10546875,-0.0078125,0
42993429.0,7032.0,1.0,0.4742431641,-0.4725952148,0.5682373047,0.4783935547
42996397.0,2968.0,0.0,0.00390625,0.13671875,0.10546875,0
43003429.0,7032.0,1.0,0.4742431641,-0.4725341797,0.5682373047,0.4783935547
43006397.0,2968.0,0.0,-0.03125,0.06640625,0.10546875,0
43013429.0,7032.0,1.0,0.4743041992,-0.4725341797,0.5682373047,0.4783935547
43016397.0,2968.0,0.0,-0.03125,-0.125,0.0703125,0
43023429.0,7032.0,1.0,0.4743652344,-0.4724731445,0.5682373047,0.4783935547
43026397.0,2968.0,0.0,0.00390625,-0.0859375,0.0703125,0
43034429.0,8032.0,1.0,0.4744262695,-0.4724121094,0.5682373047,0.4783935547
43037397.0,2968.0,0.0,-0.03125,-0.046875,0.03125,0
43043429.0,6032.0,1.0,0.4744873047,-0.4724121094,0.5682373047,0.4783935547
43046397.0,2968.0,0.0,0.00390625,-0.203125,-0.046875,0
43053429.0,7032.0,1.0,0.4744873047,-0.4723510742,0.5682373047,0.4783325195
43056397.0,2968.0,0.0,0.00390625,-0.078125,-0.046875,0
43063429.0,7032.0,1.0,0.4745483398,-0.4722900391,0.5682983398,0.4783325195
43066397.0,2968.0,0.0,0.00390625,-0.078125,-0.046875,0
43074429.0,8032.0,1.0,0.474609375,-0.4722290039,0.568359375,0.4782714844
43077397.0,2968.0,0.0,-0.03125,0.03515625,-0.046875,0
43083429.0,6032.0,1.0,0.4746704102,-0.4721679688,0.568359375,0.4782714844
43086397.0,2968.0,0.0,0.00390625,0.1796875,0.03125,0
43093429.0,7032.0,1.0,0.4746704102,-0.4721069336,0.5684204102,0.4782104492
43096397.0,2968.0,0.0,0.00390625,0.15234375,0.0703125,0
43103429.0,7032.0,1.0,0.4747314453,-0.4720458984,0.5684204102,0.4782104492
43106397.0,2968.0,0.0,0.00390625,0.07421875,0.0703125,0
43114429.0,8032.0,1.0,0.4747924805,-0.4720458984,0.5684814453,0.4781494141
43117397.0,2968.0,0.0,0.00390625,0.07421875,0.10546875,0
43123429.0,6032.0,1.0,0.4747924805,-0.4719848633,0.5684814453,0.4780883789
43126397.0,2968.0,0.0,0.00390625,-0.00390625,0.03125,0
43133429.0,7032.0,1.0,0.4749145508,-0.4719238281,0.5686035156,0.4780273438
43136397.0,2968.0,0.0,0.00390625,-0.0390625,0.0625,0
43143429.0,7032.0,1.0,0.4749755859,-0.4718017578,0.5686645508,0.4778442383
43146397.0,2968.0,0.0,0.00390625,-0.046875,0.09765625,0
43154429.0,8032.0,1.0,0.4750976563,-0.4717407227,0.5687866211,0.477722168
43157397.0,2968.0,0.0,0.00390625,0.06640625,-0.015625,0
43164429.0,7032.0,1.0,0.4752197266,-0.4716186523,0.5689086914,0.4776000977
43167397.0,2968.0,0.0,0.00390625,-0.0390625,-0.015625,0
43173429.0,6032.0,1.0,0.4752807617,-0.4715576172,0.5690307617,0.4774780273
43176397.0,2968.0,0.0,0.00390625,-0.15625,-0.015625,0
43183429.0,7032.0,1.0,0.475402832,-0.4714355469,0.5690917969,0.477355957
43186397.0,2968.0,0.0,-0.0234375,-0.23046875,-0.015625,0
43194429.0,8032.0,1.0,0.4754638672,-0.4713745117,0.569152832,0.4772949219
43197397.0,2968.0,0.0,0.00390625,-0.22265625,-0.0546875,0
43203429.0,6032.0,1.0,0.4755859375,-0.4712524414,0.5692749023,0.4771728516
43206397.0,2968.0,0.0,0.01171875,-0.1484375,-0.015625,0
43213429.0,7032.0,1.0,0.4756469727,-0.4711303711,0.5693359375,0.4771728516
43216397.0,2968.0,0.0,0.01171875,0.04296875,-0.015625,0
43224429.0,8032.0,1.0,0.4756469727,-0.4711303711,0.5693359375,0.4771728516
43227397.0,2968.0,0.0,0.01171875,0.16015625,0.0234375,0
43234429.0,7032.0,1.0,0.4756469727,-0.4711303711,0.5692749023,0.4772338867
43237397.0,2968.0,0.0,0.00390625,0.12890625,0.0234375,0
43243429.0,6032.0,1.0,0.4756469727,-0.4711303711,0.5692749023,0.4772338867
43246397.0,2968.0,0.0,0.00390625,0.16796875,0.0234375,0
43253429.0,7032.0,1.0,0.4756469727,-0.4711303711,0.5692749023,0.4772338867
43257397.0,3968.0,0.0,-0.0234375,0.1953125,0.0234375,0
43264429.0,7032.0,1.0,0.4756469727,-0.4711303711,0.5692749023,0.4772338867
43267397.0,2968.0,0.0,0.01171875,0.16015625,-0.015625,0
43273429.0,6032.0,1.0,0.4757080078,-0.4710693359,0.5692749023,0.4772338867
43276397.0,2968.0,0.0,0.01171875,0.00390625,-0.20703125,0
43283429.0,7032.0,1.0,0.4757080078,-0.4710693359,0.5692749023,0.4771728516
43286397.0,2968.0,0.0,-0.03125,0.12109375,-0.16796875,0
43294429.0,8032.0,1.0,0.475769043,-0.4710693359,0.5692749023,0.4771728516
43297397.0,2968.0,0.0,0.00390625,0.15234375,-0.0546875,0
43304429.0,7032.0,1.0,0.475769043,-0.4710083008,0.5692749023,0.4771728516
43307397.0,2968.0,0.0,0.00390625,0.07421875,-0.0078125,0
43313429.0,6032.0,1.0,0.4758300781,-0.4710083008,0.5692749023,0.4771118164
43316397.0,2968.0,0.0,0.00390625,0.02734375,-0.0078125,0
43323429.0,7032.0,1.0,0.4759521484,-0.4708862305,0.5693359375,0.4770507813
43326397.0,2968.0,0.0,0.00390625,0.02734375,0.03125,0
43334429.0,8032.0,1.0,0.4760131836,-0.4708251953,0.5693969727,0.4769897461
43337397.0,2968.0,0.0,0.00390625,-0.046875,0.09765625,0
43344429.0,7032.0,1.0,0.4761352539,-0.470703125,0.5694580078,0.4768676758
43347397.0,2968.0,0.0,0.00390625,-0.0859375,0.0703125,0
43354429.0,7032.0,1.0,0.4762573242,-0.4705810547,0.5695800781,0.4767456055
43357397.0,2968.0,0.0,0.00390625,0.02734375,0.0625,0
43363429.0,6032.0,1.0,0.4763183594,-0.4705200195,0.5696411133,0.4766845703
43366397.0,2968.0,0.0,-0.03125,-0.01171875,0.0625,0
43374429.0,8032.0,1.0,0.4763793945,-0.4705200195,0.5696411133,0.4766235352
43378397.0,3968.0,0.0,0.00390625,-0.046875,0.03125,0
43384429.0,6032.0,1.0,0.4764404297,-0.4705200195,0.5696411133,0.4766235352
43387397.0,2968.0,0.0,-0.03125,-0.01171875,0.03125,0
43394429.0,7032.0,1.0,0.4764404297,-0.4704589844,0.5697021484,0.4765625
43397397.0,2968.0,0.0,0.00390625,-0.046875,-0.0078125,0
43404429.0,7032.0,1.0,0.4765014648,-0.4704589844,0.5697631836,0.4765014648
43407397.0,2968.0,0.0,0.00390625,-0.125,-0.0078125,0
43414429.0,7032.0,1.0,0.4765014648,-0.4703979492,0.5698242188,0.4763793945
43417397.0,2968.0,0.0,0.00390625,-0.203125,-0.0078125,0
43424429.0,7032.0,1.0,0.4765625,-0.4702758789,0.5698852539,0.4763183594
43427397.0,2968.0,0.0,-0.03125,-0.27734375,-0.0078125,0
43434429.0,7032.0,1.0,0.4766845703,-0.4702148438,0.5700073242,0.4761962891
43437397.0,2968.0,0.0,0.00390625,-0.26953125,-0.0078125,0
43444429.0,7032.0,1.0,0.4766845703,-0.4700927734,0.5701293945,0.4761352539
43447397.0,2968.0,0.0,-0.03125,-0.1875,-0.046875,0
43454429.0,7032.0,1.0,0.4767456055,-0.4700317383,0.5701904297,0.4760742188
43457397.0,2968.0,0.0,-0.0234375,-0.0703125,-0.09375,0
43464429.0,7032.0,1.0,0.4767456055,-0.4700317383,0.5701904297,0.4761352539
43467397.0,2968.0,0.0,0.01171875,-0.109375,-0.0078125,0
43474429.0,7032.0,1.0,0.4766845703,-0.4699707031,0.5701904297,0.4761962891
43477397.0,2968.0,0.0,0.00390625,-0.0546875,-0.046875,0
43484429.0,7032.0,1.0,0.4766235352,-0.4700317383,0.5701293945,0.4762573242
43487397.0,2968.0,0.0,-0.0234375,-0.0234375,-0.0859375,0
43494429.0,7032.0,1.0,0.4766235352,-0.4699707031,0.5701293945,0.4763793945
43497397.0,2968.0,0.0,0.00390625,0.01171875,-0.0859375,0
43503429.0,6032.0,1.0,0.4766235352,-0.4699707031,0.5700683594,0.4763793945
43506397.0,2968.0,0.0,-0.03125,0.09765625,-0.11328125,0
43514429.0,8032.0,1.0,0.4766235352,-0.469909668,0.5700683594,0.4764404297
43517397.0,2968.0,0.0,0.01171875,0.2109375,-0.0859375,0
43524429.0,7032.0,1.0,0.4766235352,-0.469909668,0.5700683594,0.4765014648
43527397.0,2968.0,0.0,0.01171875,0.2421875,0.0,0
43534429.0,7032.0,1.0,0.4766235352,-0.469909668,0.5700073242,0.4765625
43537397.0,2968.0,0.0,-0.0234375,0.28125,0.0703125,0
43543429.0,6032.0,1.0,0.4766235352,-0.469909668,0.5700073242,0.4765625
43546397.0,2968.0,0.0,0.01171875,0.47265625,0.22265625,0
43553429.0,7032.0,1.0,0.4766845703,-0.469909668,0.5699462891,0.4765625
43556397.0,2968.0,0.0,0.00390625,0.46484375,0.26953125,0
43564429.0,8032.0,1.0,0.4767456055,-0.469909668,0.5699462891,0.4765625
43567397.0,2968.0,0.0,0.04296875,0.49609375,0.14453125,0
43574429.0,7032.0,1.0,0.4768066406,-0.4698486328,0.5699462891,0.4765014648
43577397.0,2968.0,0.0,0.00390625,0.3359375,0.0234375,0
43584429.0,7032.0,1.0,0.4768676758,-0.4698486328,0.5699462891,0.4764404297
43587397.0,2968.0,0.0,0.01171875,0.171875,-0.015625,0
43594429.0,7032.0,1.0,0.4768676758,-0.469909668,0.5699462891,0.4764404297
43598397.0,3968.0,0.0,0.01171875,0.12890625,-0.015625,0
43604429.0,6032.0,1.0,0.4768676758,-0.4699707031,0.5698852539,0.4764404297
43607397.0,2968.0,0.0,0.01171875,0.15625,0.0234375,0
43614429.0,7032.0,1.0,0.4769287109,-0.4699707031,0.5698852539,0.4763793945
43617397.0,2968.0,0.0,0.00390625,0.1875,0.0234375,0
43624429.0,7032.0,1.0,0.4769287109,-0.4700317383,0.5698242188,0.4763183594
43627397.0,2968.0,0.0,0.00390625,0.10546875,0.09765625,0
43634429.0,7032.0,1.0,0.4769897461,-0.4700317383,0.5698242188,0.4762573242
43638397.0,3968.0,0.0,-0.03125,-0.01171875,0.16796875,0
43644429.0,6032.0,1.0,0.4770507813,-0.4700317383,0.5698852539,0.4761962891
43647397.0,2968.0,0.0,0.00390625,-0.01953125,0.09765625,0
43654429.0,7032.0,1.0,0.4771118164,-0.4699707031,0.5700073242,0.4760131836
43657397.0,2968.0,0.0,-0.03125,-0.31640625,0.09765625,0
43664429.0,7032.0,1.0,0.4772949219,-0.4698486328,0.5701293945,0.475769043
43667397.0,2968.0,0.0,0.00390625,-0.28515625,0.16796875,0
43674429.0,7032.0,1.0,0.4775390625,-0.4696655273,0.5703735352,0.4754638672
43678397.0,3968.0,0.0,0.00390625,-0.2421875,0.12890625,0
43684429.0,6032.0,1.0,0.4776611328,-0.469543457,0.5705566406,0.4751586914
43687397.0,2968.0,0.0,0.01171875,-0.1640625,0.08203125,0
43694429.0,7032.0,1.0,0.477722168,-0.469543457,0.5706787109,0.4750366211
43697397.0,2968.0,0.0,0.01171875,-0.34765625,0.0078125,0
43704429.0,7032.0,1.0,0.477722168,-0.469543457,0.5707397461,0.4749755859
43707397.0,2968.0,0.0,0.01171875,-0.41796875,-0.0234375,0
43714429.0,7032.0,1.0,0.4777832031,-0.4694824219,0.5708007813,0.4748535156
43718397.0,3968.0,0.0,-0.03125,-0.37109375,-0.03125,0
43724429.0,6032.0,1.0,0.4777832031,-0.4694824219,0.5708618164,0.4747924805
43727397.0,2968.0,0.0,0.01171875,-0.171875,-0.109375,0
43733429.0,6032.0,1.0,0.4778442383,-0.4694824219,0.5709228516,0.4747314453
43736397.0,2968.0,0.0,0.00390625,-0.046875,-0.03125,0
43744429.0,8032.0,1.0,0.4777832031,-0.4694824219,0.5709228516,0.4747314453
43747397.0,2968.0,0.0,-0.03125,-0.01171875,-0.03125,0
43754429.0,7032.0,1.0,0.4777832031,-0.469543457,0.5709228516,0.4747314453
43758397.0,3968.0,0.0,-0.03125,-0.1171875,-0.0703125,0
43764429.0,6032.0,1.0,0.477722168,-0.469543457,0.5709228516,0.4746704102
43767397.0,2968.0,0.0,0.00390625,-0.1953125,-0.015625,0
43774429.0,7032.0,1.0,0.4777832031,-0.4694824219,0.5710449219,0.474609375
43777397.0,2968.0,0.0,0.00390625,-0.0703125,-0.0234375,0
43784429.0,7032.0,1.0,0.4777832031,-0.4694824219,0.5710449219,0.4745483398
43787397.0,2968.0,0.0,0.01171875,-0.1015625,-0.0625,0
43794429.0,7032.0,1.0,0.477722168,-0.4694824219,0.571105957,0.4745483398
43797397.0,2968.0,0.0,0.01171875,-0.1015625,-0.1015625,0
43804429.0,7032.0,1.0,0.477722168,-0.469543457,0.571105957,0.4744873047
43807397.0,2968.0,0.0,0.01171875,-0.125,-0.09375,0
43814429.0,7032.0,1.0,0.477722168,-0.469543457,0.5711669922,0.4744262695
43817397.0,2968.0,0.0,-0.0234375,-0.0859375,-0.0546875,0
43824429.0,7032.0,1.0,0.477722168,-0.469543457,0.5711669922,0.4744262695
43827397.0,2968.0,0.0,0.00390625,-0.0390625,-0.09375,0
43834429.0,7032.0,1.0,0.4776611328,-0.469543457,0.5711669922,0.4744873047
43837397.0,2968.0,0.0,0.00390625,-0.0078125,-0.0859375,0
43844429.0,7032.0,1.0,0.4776000977,-0.4696044922,0.5711669922,0.4744873047
43847397.0,2968.0,0.0,0.01171875,-0.046875,0.03125,0
43854429.0,7032.0,1.0,0.4776000977,-0.4696044922,0.5711669922,0.4744873047
43857397.0,2968.0,0.0,-0.03125,0.07421875,0.03125,0
43864429.0,7032.0,1.0,0.4775390625,-0.4696044922,0.5711669922,0.4744873047
43867397.0,2968.0,0.0,-0.03125,0.11328125,-0.0078125,0
43874429.0,7032.0,1.0,0.4774780273,-0.4696655273,0.5711669922,0.4745483398
43877397.0,2968.0,0.0,0.00390625,0.12109375,-0.0390625,0
43884429.0,7032.0,1.0,0.4774169922,-0.4697875977,0.5710449219,0.4746704102
43887397.0,2968.0,0.0,-0.03125,0.0078125,-0.078125,0
43894429.0,7032.0,1.0,0.4772338867,-0.469909668,0.5709838867,0.4747924805
43897397.0,2968.0,0.0,0.01171875,-0.078125,-0.0390625,0
43904429.0,7032.0,1.0,0.4771118164,-0.4700317383,0.5708618164,0.4749145508
43907397.0,2968.0,0.0,-0.03125,0.0,-0.0390625,0
43914429.0,7032.0,1.0,0.4769287109,-0.4702148438,0.5706787109,0.4750976563
43917397.0,2968.0,0.0,0.01171875,0.11328125,-0.0390625,0
43923429.0,6032.0,1.0,0.4768066406,-0.4703369141,0.5705566406,0.4752197266
43926397.0,2968.0,0.0,0.00390625,0.19140625,0.0,0
43934429.0,8032.0,1.0,0.4766845703,-0.4704589844,0.5704956055,0.4753417969
43937397.0,2968.0,0.0,0.00390625,0.11328125,0.0,0
43944429.0,7032.0,1.0,0.4766235352,-0.4705810547,0.5704345703,0.475402832
43947397.0,2968.0,0.0,0.01171875,0.14453125,0.0078125,0
43954429.0,7032.0,1.0,0.4766235352,-0.4705810547,0.5703735352,0.475402832
43957397.0,2968.0,0.0,-0.0234375,0.21875,0.0078125,0
43964429.0,7032.0,1.0,0.4766235352,-0.4705810547,0.5704345703,0.475402832
43967397.0,2968.0,0.0,-0.03125,-0.0078125,0.0078125,0
43974429.0,7032.0,1.0,0.4766235352,-0.4705810547,0.5704345703,0.4753417969
43978397.0,3968.0,0.0,0.00390625,0.13671875,0.015625,0
43984429.0,6032.0,1.0,0.4766235352,-0.4706420898,0.5704345703,0.4753417969
43987397.0,2968.0,0.0,0.00390625,-0.015625,-0.0234375,0
43994429.0,7032.0,1.0,0.4765625,-0.470703125,0.5703735352,0.4753417969
43997397.0,2968.0,0.0,0.00390625,-0.1328125,0.0078125,0
44004429.0,7032.0,1.0,0.4765625,-0.470703125,0.5703735352,0.4753417969
44007397.0,2968.0,0.0,-0.03125,-0.0546875,0.015625,0
44014429.0,7032.0,1.0,0.4765625,-0.4707641602,0.5703735352,0.4753417969
44018397.0,3968.0,0.0,0.00390625,-0.0234375,0.015625,0
44024429.0,6032.0,1.0,0.4765014648,-0.4707641602,0.5703735352,0.4753417969
44027397.0,2968.0,0.0,0.00390625,0.01171875,0.015625,0
44034429.0,7032.0,1.0,0.4765014648,-0.4708251953,0.5703125,0.475402832
44037397.0,2968.0,0.0,-0.03125,-0.0625,0.015625,0
44044429.0,7032.0,1.0,0.4763793945,-0.4709472656,0.5703125,0.4754638672
44047397.0,2968.0,0.0,0.00390625,-0.1328125,-0.0234375,0
44054429.0,7032.0,1.0,0.4763183594,-0.4710083008,0.5702514648,0.4755249023
44058397.0,3968.0,0.0,0.00390625,-0.171875,0.015625,0
44064429.0,6032.0,1.0,0.4762573242,-0.4710693359,0.5701904297,0.4755249023
44067397.0,2968.0,0.0,-0.03125,-0.24609375,0.015625,0
44074429.0,7032.0,1.0,0.4761962891,-0.4710693359,0.5701904297,0.4755859375
44077397.0,2968.0,0.0,0.01171875,-0.24609375,-0.0234375,0
44084429.0,7032.0,1.0,0.4761962891,-0.4710693359,0.5702514648,0.4755249023
44087397.0,2968.0,0.0,-0.0234375,0.02734375,0.0234375,0
44094429.0,7032.0,1.0,0.4761962891,-0.4710693359,0.5702514648,0.4755249023
44097397.0,2968.0,0.0,0.01171875,0.02734375,0.0234375,0
44104429.0,7032.0,1.0,0.4761352539,-0.4710693359,0.5702514648,0.4755859375
44107397.0,2968.0,0.0,-0.0234375,0.02734375,0.0234375,0
44113429.0,6032.0,1.0,0.4761352539,-0.4710693359,0.5703125,0.4755249023
44116397.0,2968.0,0.0,0.01171875,0.10546875,0.0234375,0
44124429.0,8032.0,1.0,0.4761352539,-0.4710693359,0.5703735352,0.4755249023
44127397.0,2968.0,0.0,0.01171875,0.14453125,-0.015625,0
44134429.0,7032.0,1.0,0.4761352539,-0.4710083008,0.5704345703,0.4754638672
44137397.0,2968.0,0.0,-0.0234375,0.02734375,0.0234375,0
44144429.0,7032.0,1.0,0.4761962891,-0.4709472656,0.5704956055,0.475402832
44147397.0,2968.0,0.0,-0.0234375,0.02734375,0.0234375,0
44154429.0,7032.0,1.0,0.4761962891,-0.4709472656,0.5704956055,0.475402832
44157397.0,2968.0,0.0,0.01171875,-0.046875,0.0234375,0
44164429.0,7032.0,1.0,0.4761352539,-0.4709472656,0.5705566406,0.4753417969
44167397.0,2968.0,0.0,0.01171875,0.02734375,0.015625,0
44174429.0,7032.0,1.0,0.4761352539,-0.4709472656,0.5705566406,0.475402832
44177397.0,2968.0,0.0,-0.0234375,0.06640625,0.015625,0
44184429.0,7032.0,1.0,0.4761352539,-0.4709472656,0.5705566406,0.475402832
44187397.0,2968.0,0.0,0.01171875,0.02734375,0.015625,0
44194429.0,7032.0,1.0,0.4760742188,-0.4710083008,0.5704956055,0.475402832
44197397.0,2968.0,0.0,-0.0234375,0.10546875,0.015625,0
44204429.0,7032.0,1.0,0.4760742188,-0.4710083008,0.5704956055,0.4754638672
44207397.0,2968.0,0.0,0.00390625,0.06640625,-0.0234375,0
44214429.0,7032.0,1.0,0.4760131836,-0.4710693359,0.5704345703,0.4755249023
44217397.0,2968.0,0.0,0.00390625,-0.0859375,0.015625,0
44224429.0,7032.0,1.0,0.4759521484,-0.4711303711,0.5703735352,0.4755859375
44227397.0,2968.0,0.0,0.00390625,0.01953125,0.015625,0
44234429.0,7032.0,1.0,0.4759521484,-0.4711303711,0.5703735352,0.4755859375
44237397.0,2968.0,0.0,-0.0234375,0.08984375,0.0625,0
44244429.0,7032.0,1.0,0.4758911133,-0.4711303711,0.5703735352,0.4755859375
44247397.0,2968.0,0.0,0.01171875,0.16796875,0.1015625,0
44254429.0,7032.0,1.0,0.4758911133,-0.4711303711,0.5704345703,0.4755859375
44257397.0,2968.0,0.0,0.00390625,0.12890625,0.09375,0
44264429.0,7032.0,1.0,0.4758911133,-0.4711303711,0.5704956055,0.4755249023
44267397.0,2968.0,0.0,0.00390625,0.08984375,0.0546875,0
44274429.0,7032.0,1.0,0.4759521484,-0.4710693359,0.5704956055,0.4754638672
44277397.0,2968.0,0.0,0.00390625,0.05078125,0.015625,0
44284429.0,7032.0,1.0,0.4759521484,-0.4710693359,0.5705566406,0.4754638672
44287397.0,2968.0,0.0,-0.0234375,0.00390625,-0.0234375,0
44294429.0,7032.0,1.0,0.4759521484,-0.4710693359,0.5705566406,0.475402832
44297397.0,2968.0,0.0,-0.03125,-0.0703125,-0.0234375,0
44303429.0,6032.0,1.0,0.4758911133,-0.4710693359,0.5705566406,0.475402832
44306397.0,2968.0,0.0,0.00390625,-0.1484375,-0.0234375,0
44314429.0,8032.0,1.0,0.4758911133,-0.4710693359,0.5705566406,0.4754638672
44317397.0,2968.0,0.0,0.00390625,-0.1875,-0.0234375,0
44324429.0,7032.0,1.0,0.4758911133,-0.4710693359,0.5705566406,0.4754638672
44327397.0,2968.0,0.0,0.00390625,-0.03125,0.015625,0
44334429.0,7032.0,1.0,0.4758911133,-0.4711303711,0.5705566406,0.4754638672
44337397.0,2968.0,0.0,0.00390625,-0.03125,0.015625,0
44344429.0,7032.0,1.0,0.4758300781,-0.4710693359,0.5706176758,0.475402832
44347397.0,2968.0,0.0,0.00390625,0.16015625,0.015625,0
44354429.0,7032.0,1.0,0.4758911133,-0.4710693359,0.5706787109,0.475402832
44357397.0,2968.0,0.0,0.00390625,0.1953125,0.015625,0
44364429.0,7032.0,1.0,0.4758911133,-0.4710083008,0.5707397461,0.4753417969
44367397.0,2968.0,0.0,-0.03125,0.04296875,0.015625,0
44374429.0,7032.0,1.0,0.4758911133,-0.4710083008,0.5707397461,0.4752807617
44377397.0,2968.0,0.0,0.00390625,0.04296875,-0.0234375,0
44384429.0,7032.0,1.0,0.4758300781,-0.4710083008,0.5707397461,0.4752807617
44387397.0,2968.0,0.0,0.00390625,0.08203125,-0.13671875,0
44394429.0,7032.0,1.0,0.4758300781,-0.4710693359,0.5707397461,0.4753417969
44398397.0,3968.0,0.0,-0.0234375,-0.0703125,-0.0625,0
44404429.0,6032.0,1.0,0.4758300781,-0.4711303711,0.5706787109,0.4753417969
44407397.0,2968.0,0.0,0.01171875,-0.1484375,-0.0234375,0
44414429.0,7032.0,1.0,0.475769043,-0.4711303711,0.5706787109,0.475402832
44417397.0,2968.0,0.0,0.01171875,-0.03125,-0.09765625,0
44424429.0,7032.0,1.0,0.475769043,-0.4711303711,0.5706176758,0.4754638672
44427397.0,2968.0,0.0,0.01171875,0.04296875,-0.12890625,0
44434429.0,7032.0,1.0,0.475769043,-0.4711303711,0.5706176758,0.4754638672
44438397.0,3968.0,0.0,0.01171875,0.00390625,-0.0546875,0
44444429.0,6032.0,1.0,0.475769043,-0.4711303711,0.5706176758,0.4754638672
44447397.0,2968.0,0.0,0.01171875,-0.00390625,0.0234375,0
44454429.0,7032.0,1.0,0.475769043,-0.4711303711,0.5706176758,0.4755249023
44457397.0,2968.0,0.0,0.01171875,0.03515625,-0.015625,0
44464429.0,7032.0,1.0,0.475769043,-0.4711303711,0.5705566406,0.4755249023
44467397.0,2968.0,0.0,0.00390625,0.03515625,0.03125,0
44474429.0,7032.0,1.0,0.4757080078,-0.4711303711,0.5705566406,0.4755859375
44478397.0,3968.0,0.0,0.00390625,0.03515625,-0.0078125,0
44484429.0,6032.0,1.0,0.4757080078,-0.4711914063,0.5704956055,0.4755859375
44487397.0,2968.0,0.0,0.00390625,0.07421875,-0.0078125,0
44494429.0,7032.0,1.0,0.4757080078,-0.4711303711,0.5704956055,0.4756469727
44497397.0,2968.0,0.0,0.00390625,-0.0390625,0.03125,0
44504429.0,7032.0,1.0,0.4757080078,-0.4711303711,0.5705566406,0.4756469727
44507397.0,2968.0,0.0,0.00390625,-0.1171875,-0.0078125,0
44514429.0,7032.0,1.0,0.4757080078,-0.4711303711,0.5705566406,0.4756469727
44517397.0,2968.0,0.0,-0.03125,-0.1171875,0.0703125,0
44524429.0,7032.0,1.0,0.4757080078,-0.4711303711,0.5705566406,0.4756469727
44527397.0,2968.0,0.0,0.00390625,-0.00390625,0.03125,0
44534429.0,7032.0,1.0,0.4757080078,-0.4711303711,0.5705566406,0.4756469727
44537397.0,2968.0,0.0,0.00390625,-0.1171875,-0.0078125,0
44544429.0,7032.0,1.0,0.4757080078,-0.4711303711,0.5705566406,0.4756469727
44547397.0,2968.0,0.0,0.00390625,-0.0390625,0.0234375,0
44555429.0,8032.0,1.0,0.4757080078,-0.4710693359,0.5705566406,0.4756469727
44558397.0,2968.0,0.0,0.00390625,-0.00390625,0.1015625,0
44564429.0,6032.0,1.0,0.4757080078,-0.4710693359,0.5705566406,0.4756469727
44567397.0,2968.0,0.0,0.00390625,-0.0390625,0.1015625,0
44574429.0,7032.0,1.0,0.4757080078,-0.4710693359,0.5705566406,0.4756469727
44577397.0,2968.0,0.0,0.00390625,0.03515625,0.0625,0
44584429.0,7032.0,1.0,0.475769043,-0.4710083008,0.5705566406,0.4756469727
44587397.0,2968.0,0.0,0.00390625,0.11328125,0.0625,0
44595429.0,8032.0,1.0,0.4757080078,-0.4710083008,0.5706176758,0.4756469727
44598397.0,2968.0,0.0,0.00390625,-0.00390625,0.0234375,0
44604429.0,6032.0,1.0,0.4757080078,-0.4710083008,0.5706176758,0.4756469727
44607397.0,2968.0,0.0,-0.03125,-0.00390625,0.0234375,0
44614429.0,7032.0,1.0,0.4757080078,-0.4710083008,0.5706176758,0.4756469727
44617397.0,2968.0,0.0,0.00390625,0.07421875,0.015625,0
44624429.0,7032.0,1.0,0.4757080078,-0.4710083008,0.5706176758,0.4756469727
44627397.0,2968.0,0.0,0.00390625,0.03515625,-0.0234375,0
44635429.0,8032.0,1.0,0.4756469727,-0.4710083008,0.5706787109,0.4756469727
44638397.0,2968.0,0.0,0.00390625,-0.00390625,-0.0234375,0
44644429.0,6032.0,1.0,0.4756469727,-0.4710693359,0.5706787109,0.4756469727
44647397.0,2968.0,0.0,0.00390625,-0.00390625,-0.0234375,0
44654429.0,7032.0,1.0,0.4756469727,-0.4710693359,0.5706787109,0.4756469727
44657397.0,2968.0,0.0,0.00390625,-0.00390625,0.015625,0
44664429.0,7032.0,1.0,0.4756469727,-0.4710693359,0.5706176758,0.4756469727
44667397.0,2968.0,0.0,0.00390625,0.07421875,0.0546875,0
44675429.0,8032.0,1.0,0.4755859375,-0.4710693359,0.5706176758,0.4757080078
44678397.0,2968.0,0.0,-0.03125,-0.00390625,0.015625,0
44684429.0,6032.0,1.0,0.4755859375,-0.4710693359,0.5706176758,0.4757080078
44687397.0,2968.0,0.0,0.00390625,0.11328125,-0.0234375,0
44694429.0,7032.0,1.0,0.4755859375,-0.4710693359,0.5706176758,0.4757080078
44697397.0,2968.0,0.0,0.01171875,0.02734375,-0.015625,0
44704429.0,7032.0,1.0,0.4755859375,-0.4710693359,0.5706176758,0.4757080078
44707397.0,2968.0,0.0,0.00390625,-0.01171875,-0.0234375,0
44715429.0,8032.0,1.0,0.4755859375,-0.4710693359,0.5706176758,0.4757080078
44718397.0,2968.0,0.0,-0.00390625,-0.01171875,0.015625,0
44725429.0,7032.0,1.0,0.4756469727,-0.4710083008,0.5706176758,0.4757080078
44728397.0,2968.0,0.0,-0.00390625,0.1796875,0.015625,0
44734429.0,6032.0,1.0,0.4756469727,-0.4710083008,0.5706787109,0.4756469727
44737397.0,2968.0,0.0,-0.00390625,0.1796875,0.015625,0
44744429.0,7032.0,1.0,0.4757080078,-0.4710083008,0.5706787109,0.4755859375
44747397.0,2968.0,0.0,0.00390625,0.09765625,-0.0234375,0
44755429.0,8032.0,1.0,0.4757080078,-0.4709472656,0.5707397461,0.4755249023
44758397.0,2968.0,0.0,-0.03125,0.01953125,0.015625,0
44764429.0,6032.0,1.0,0.475769043,-0.4708862305,0.5707397461,0.4755249023
44767397.0,2968.0,0.0,0.00390625,-0.1328125,-0.015625,0
44774429.0,7032.0,1.0,0.475769043,-0.4708862305,0.5707397461,0.4755249023
44777397.0,2968.0,0.0,0.00390625,-0.171875,0.0234375,0
44785429.0,8032.0,1.0,0.475769043,-0.4709472656,0.5706787109,0.4755249023
44788397.0,2968.0,0.0,0.00390625,-0.1328125,0.015625,0
44794429.0,6032.0,1.0,0.4758300781,-0.4709472656,0.5706787109,0.4755859375
44797397.0,2968.0,0.0,0.00390625,-0.1640625,0.015625,0
44804429.0,7032.0,1.0,0.4758300781,-0.4709472656,0.5706176758,0.4755859375
44807397.0,2968.0,0.0,0.00390625,-0.0859375,0.015625,0
44814429.0,7032.0,1.0,0.4758300781,-0.4708862305,0.5706787109,0.4755859375
44818397.0,3968.0,0.0,0.00390625,-0.0390625,0.015625,0
44825429.0,7032.0,1.0,0.4758300781,-0.4708862305,0.5706787109,0.4755859375
44828397.0,2968.0,0.0,0.00390625,-0.078125,-0.0234375,0
44834429.0,6032.0,1.0,0.4758300781,-0.4708862305,0.5706787109,0.4755859375
44837397.0,2968.0,0.0,0.00390625,0.03515625,-0.0234375,0
44844429.0,7032.0,1.0,0.4758911133,-0.4708251953,0.5707397461,0.4755249023
44847397.0,2968.0,0.0,0.00390625,0.10546875,-0.0234375,0
44854429.0,7032.0,1.0,0.4758911133,-0.4708251953,0.5707397461,0.4755249023
44858397.0,3968.0,0.0,-0.03125,0.10546875,-0.0234375,0
44864429.0,6032.0,1.0,0.4758911133,-0.4708251953,0.5707397461,0.4755249023
44867397.0,2968.0,0.0,0.00390625,0.06640625,-0.0234375,0
44874429.0,7032.0,1.0,0.4758911133,-0.4708251953,0.5707397461,0.4755249023
44877397.0,2968.0,0.0,-0.00390625,-0.15625,0.015625,0
44884429.0,7032.0,1.0,0.4758911133,-0.4708251953,0.5707397461,0.4755249023
44887397.0,2968.0,0.0,-0.0390625,-0.203125,-0.0234375,0
44894429.0,7032.0,1.0,0.4758911133,-0.4707641602,0.5707397461,0.4755249023
44898397.0,3968.0,0.0,-0.03125,-0.1171875,-0.0234375,0
44904429.0,6032.0,1.0,0.4758911133,-0.4707641602,0.5707397461,0.4755249023
44907397.0,2968.0,0.0,0.00390625,0.04296875,0.015625,0
44915429.0,8032.0,1.0,0.4759521484,-0.470703125,0.5707397461,0.4755249023
44918397.0,2968.0,0.0,0.00390625,0.234375,0.015625,0
44924429.0,6032.0,1.0,0.4759521484,-0.470703125,0.5708007813,0.4755249023
44927397.0,2968.0,0.0,0.00390625,0.265625,0.015625,0
44935429.0,8032.0,1.0,0.4760131836,-0.470703125,0.5708007813,0.4754638672
44938397.0,2968.0,0.0,0.00390625,0.1875,0.015625,0
44945429.0,7032.0,1.0,0.4760742188,-0.4706420898,0.5708618164,0.475402832
44948397.0,2968.0,0.0,0.00390625,0.15234375,0.015625,0
44955429.0,7032.0,1.0,0.4761962891,-0.4705810547,0.5709228516,0.4752197266
44958397.0,2968.0,0.0,0.00390625,-0.1171875,-0.0234375,0
44964429.0,6032.0,1.0,0.4763793945,-0.4704589844,0.5710449219,0.4750976563
44967397.0,2968.0,0.0,0.00390625,-0.23046875,-0.015625,0
44975429.0,8032.0,1.0,0.4765014648,-0.4702758789,0.5711669922,0.4749145508
44978397.0,2968.0,0.0,-0.03125,-0.30859375,0.015625,0
44985429.0,7032.0,1.0,0.4766845703,-0.4701538086,0.5712890625,0.4747314453
44988397.0,2968.0,0.0,0.01171875,-0.078125,-0.0625,0
44994429.0,6032.0,1.0,0.4767456055,-0.4700927734,0.5713500977,0.4746704102
44997397.0,2968.0,0.0,0.04296875,-0.15625,-0.0234375,0
45004429.0,7032.0,1.0,0.4768066406,-0.4700317383,0.5713500977,0.4746704102
45007397.0,2968.0,0.0,0.00390625,-0.26171875,0.015625,0
45015429.0,8032.0,1.0,0.4768066406,-0.4700317383,0.5713500977,0.4746704102
45018397.0,2968.0,0.0,-0.03125,-0.21484375,0.0234375,0
45024429.0,6032.0,1.0,0.4767456055,-0.4700317383,0.5712890625,0.4747314453
45027397.0,2968.0,0.0,0.00390625,-0.140625,0.0234375,0
45035429.0,8032.0,1.0,0.4766845703,-0.4700317383,0.5712890625,0.4747924805
45038397.0,2968.0,0.0,0.00390625,-0.015625,0.0625,0
45044429.0,6032.0,1.0,0.4766845703,-0.4700927734,0.5712890625,0.4748535156
45047397.0,2968.0,0.0,0.00390625,0.01953125,0.015625,0
45055429.0,8032.0,1.0,0.4766235352,-0.4700927734,0.5712890625,0.4748535156
45058397.0,2968.0,0.0,0.00390625,0.05859375,0.0234375,0
45064429.0,6032.0,1.0,0.4766235352,-0.4700927734,0.5712890625,0.4748535156
45067397.0,2968.0,0.0,0.00390625,0.17578125,0.0234375,0
45074429.0,7032.0,1.0,0.4766235352,-0.4700317383,0.5713500977,0.4747924805
45077397.0,2968.0,0.0,0.00390625,0.13671875,-0.015625,0
45084429.0,7032.0,1.0,0.4766845703,-0.4699707031,0.5714111328,0.4747924805
45087397.0,2968.0,0.0,0.00390625,0.01953125,0.0234375,0
45095429.0,8032.0,1.0,0.4766845703,-0.4699707031,0.5714111328,0.4747924805
45098397.0,2968.0,0.0,0.00390625,0.01953125,0.0234375,0
45105429.0,7032.0,1.0,0.4766235352,-0.4699707031,0.5714111328,0.4747924805
45108397.0,2968.0,0.0,0.00390625,0.09765625,-0.12890625,0
45115429.0,7032.0,1.0,0.4766235352,-0.4700317383,0.5713500977,0.4747924805
45119397.0,3968.0,0.0,0.00390625,0.01953125,-0.08984375,0
45125429.0,6032.0,1.0,0.4766235352,-0.4700317383,0.5713500977,0.4748535156
45128397.0,2968.0,0.0,0.00390625,0.05859375,-0.08984375,0
45135429.0,7032.0,1.0,0.4766845703,-0.4699707031,0.5713500977,0.4747924805
45138397.0,2968.0,0.0,0.00390625,0.13671875,-0.0546875,0
45145429.0,7032.0,1.0,0.4767456055,-0.469909668,0.5714111328,0.4747924805
45148397.0,2968.0,0.0,0.00390625,-0.015625,-0.09765625,0
45155429.0,7032.0,1.0,0.4768066406,-0.4697875977,0.5714111328,0.4747314453
45159397.0,3968.0,0.0,0.00390625,-0.1015625,-0.16796875,0
45165429.0,6032.0,1.0,0.4769897461,-0.4696655273,0.5715332031,0.474609375
45168397.0,2968.0,0.0,-0.00390625,-0.21484375,-0.23828125,0
45175429.0,7032.0,1.0,0.4771728516,-0.4694824219,0.5716552734,0.4744873047
45178397.0,2968.0,0.0,-0.0390625,-0.0234375,-0.2734375,0
45185429.0,7032.0,1.0,0.4774169922,-0.4692382813,0.5718383789,0.4743041992
45188397.0,2968.0,0.0,0.00390625,0.01171875,-0.2734375,0
45195429.0,7032.0,1.0,0.4776000977,-0.4689941406,0.5718994141,0.4741821289
45199397.0,3968.0,0.0,0.00390625,-0.0546875,-0.265625,0
45205429.0,6032.0,1.0,0.477722168,-0.4688720703,0.5718994141,0.4741821289
45208397.0,2968.0,0.0,-0.03125,-0.1328125,-0.2578125,0
45215429.0,7032.0,1.0,0.477722168,-0.4688110352,0.5718994141,0.4743041992
45218397.0,2968.0,0.0,0.00390625,-0.36328125,-0.25,0
45225429.0,7032.0,1.0,0.4777832031,-0.4686889648,0.5718383789,0.4743041992
45228397.0,2968.0,0.0,0.00390625,-0.31640625,-0.21484375,0
45235429.0,7032.0,1.0,0.4780273438,-0.4684448242,0.5719604492,0.4742431641
45238397.0,2968.0,0.0,0.00390625,-0.58203125,0.24609375,0
45245429.0,7032.0,1.0,0.4783935547,-0.4680175781,0.572265625,0.4739379883
45248397.0,2968.0,0.0,-0.0390625,-0.76171875,0.1328125,0
45254429.0,6032.0,1.0,0.4789428711,-0.4674072266,0.5726928711,0.4735107422
45257397.0,2968.0,0.0,-0.0390625,-0.25390625,-0.703125,0
45264429.0,7032.0,1.0,0.4794921875,-0.4666748047,0.5731811523,0.4730224609
45267397.0,2968.0,0.0,0.00390625,0.28125,-0.97265625,0
45274429.0,7032.0,1.0,0.4798583984,-0.4662475586,0.5733642578,0.4728393555
45278397.0,3968.0,0.0,0.00390625,1.0546875,-0.6640625,0
45285429.0,7032.0,1.0,0.4800415039,-0.4660644531,0.5732421875,0.4730224609
45288397.0,2968.0,0.0,-0.0703125,0.703125,-0.98046875,0
45295429.0,7032.0,1.0,0.4800415039,-0.466003418,0.5729980469,0.4733276367
45298397.0,2968.0,0.0,0.00390625,-0.90625,-0.18359375,0
45304429.0,6032.0,1.0,0.4801025391,-0.4658813477,0.5728149414,0.4736328125
45307397.0,2968.0,0.0,0.00390625,-0.98828125,0.0390625,0
45315429.0,8032.0,1.0,0.4802246094,-0.465637207,0.5728149414,0.4737548828
45319397.0,3968.0,0.0,0.04296875,-0.796875,0.453125,0
45325429.0,6032.0,1.0,0.4803466797,-0.4653930664,0.5728149414,0.4739379883
45328397.0,2968.0,0.0,0.00390625,-0.72265625,0.8359375,0
45335429.0,7032.0,1.0,0.4804077148,-0.4650878906,0.5728759766,0.4740600586
45338397.0,2968.0,0.0,-0.03125,-0.109375,0.26171875,0
45344429.0,6032.0,1.0,0.4805297852,-0.4647216797,0.5729980469,0.4740600586
45347397.0,2968.0,0.0,0.00390625,0.2734375,0.0625,0
45355429.0,8032.0,1.0,0.4807128906,-0.4644165039,0.573059082,0.4741821289
45358397.0,2968.0,0.0,-0.03125,0.3046875,0.015625,0
45365429.0,7032.0,1.0,0.4807739258,-0.4641113281,0.5731201172,0.4743041992
45368397.0,2968.0,0.0,0.04296875,0.2265625,0.4375,0
45375429.0,7032.0,1.0,0.4808959961,-0.4638671875,0.5731811523,0.4743652344
45378397.0,2968.0,0.0,0.00390625,0.296875,0.66015625,0
45385429.0,7032.0,1.0,0.4812011719,-0.4634399414,0.573425293,0.4742431641
45388397.0,2968.0,0.0,0.00390625,0.60546875,0.50390625,0
45395429.0,7032.0,1.0,0.4815673828,-0.462890625,0.5737304688,0.4739379883
45398397.0,2968.0,0.0,0.00390625,0.98828125,0.390625,0
45405429.0,7032.0,1.0,0.4819946289,-0.4624023438,0.5740966797,0.4735717773
45408397.0,2968.0,0.0,0.00390625,1.71484375,0.46875,0
45415429.0,7032.0,1.0,0.4822998047,-0.4621582031,0.5742797852,0.4733276367
45418397.0,2968.0,0.0,0.00390625,1.5625,0.58203125,0
45424429.0,6032.0,1.0,0.4823608398,-0.4620361328,0.5742797852,0.4733276367
45427397.0,2968.0,0.0,0.00390625,1.21484375,0.390625,0
45435429.0,8032.0,1.0,0.4823608398,-0.4621582031,0.5741577148,0.4733886719
45438397.0,2968.0,0.0,0.00390625,0.52734375,0.27734375,0
45444429.0,6032.0,1.0,0.4822998047,-0.4622802734,0.5739746094,0.4735107422
45447397.0,2968.0,0.0,0.00390625,-0.1640625,0.23046875,0
45454429.0,7032.0,1.0,0.4823608398,-0.4623413086,0.5739135742,0.473449707
45457397.0,2968.0,0.0,-0.03125,-0.23828125,0.26953125,0
45465429.0,8032.0,1.0,0.482421875,-0.4623413086,0.5739135742,0.4733886719
45468397.0,2968.0,0.0,0.00390625,-0.1640625,0.49609375,0
45475429.0,7032.0,1.0,0.482421875,-0.4624023438,0.5739135742,0.4733276367
45478397.0,2968.0,0.0,0.00390625,-0.125,0.69140625,0
45484429.0,6032.0,1.0,0.482421875,-0.4624633789,0.5739746094,0.4732666016
45487397.0,2968.0,0.0,0.00390625,0.41796875,0.19140625,0
45494429.0,7032.0,1.0,0.482421875,-0.4625244141,0.5739746094,0.4731445313
45497397.0,2968.0,0.0,0.00390625,0.2265625,0.3125,0
45505429.0,8032.0,1.0,0.482421875,-0.4626464844,0.5739746094,0.4730834961
45508397.0,2968.0,0.0,-0.03125,0.07421875,0.19921875,0
45515429.0,7032.0,1.0,0.482421875,-0.4627075195,0.5739135742,0.4730224609
45518397.0,2968.0,0.0,-0.03125,-0.03125,0.0078125,0
45525429.0,7032.0,1.0,0.482421875,-0.4628295898,0.5739135742,0.4730224609
45528397.0,2968.0,0.0,0.00390625,-0.60546875,0.0859375,0
45535429.0,7032.0,1.0,0.482421875,-0.4628295898,0.5738525391,0.4729614258
45539397.0,3968.0,0.0,0.00390625,-0.72265625,0.0859375,0
45545429.0,6032.0,1.0,0.482421875,-0.462890625,0.5739135742,0.4729003906
45548397.0,2968.0,0.0,0.00390625,-0.64453125,0.0,0
45555429.0,7032.0,1.0,0.482421875,-0.4628295898,0.5740356445,0.4727783203
45558397.0,2968.0,0.0,-0.03125,-0.875,0.0078125,0
45565429.0,7032.0,1.0,0.4825439453,-0.4626464844,0.57421875,0.4725952148
45568397.0,2968.0,0.0,-0.03125,-0.921875,0.0078125,0
45575429.0,7032.0,1.0,0.4827270508,-0.4622802734,0.5746459961,0.4722290039
45579397.0,3968.0,0.0,-0.03125,-1.34375,0.0078125,0
45585429.0,6032.0,1.0,0.4832763672,-0.4615478516,0.5754394531,0.4715576172
45588397.0,2968.0,0.0,-0.0703125,-1.53515625,-0.22265625,0
45595429.0,7032.0,1.0,0.4835205078,-0.4609985352,0.5759277344,0.4711914063
45598397.0,2968.0,0.0,-0.1875,0.91015625,-1.70703125,0
45605429.0,7032.0,1.0,0.4836425781,-0.4606933594,0.576171875,0.4711303711
45608397.0,2968.0,0.0,0.00390625,-1.00390625,-2.20703125,0
45615429.0,7032.0,1.0,0.4843139648,-0.459777832,0.5767211914,0.4705200195
45619397.0,3968.0,0.0,-0.22265625,-0.23828125,-2.98046875,0
45625429.0,6032.0,1.0,0.485534668,-0.4583740234,0.5776367188,0.4696044922
45628397.0,2968.0,0.0,-0.109375,-0.62109375,-2.98046875,0
45634429.0,6032.0,1.0,0.4870605469,-0.4566040039,0.5786132813,0.4685058594
45637397.0,2968.0,0.0,-0.1875,-1.2734375,-2.52734375,0
45645429.0,8032.0,1.0,0.4889526367,-0.4544067383,0.5797729492,0.4672241211
45648397.0,2968.0,0.0,-0.22265625,-1.265625,-1.73828125,0
45655429.0,7032.0,1.0,0.4906616211,-0.452331543,0.5807495117,0.4661865234
45658397.0,2968.0,0.0,-0.33203125,-1.34375,-1.75390625,0
45665429.0,7032.0,1.0,0.4921875,-0.450378418,0.5815429688,0.4655151367
45668397.0,2968.0,0.0,-0.30078125,-1.50390625,-1.6171875,0
45674429.0,6032.0,1.0,0.4934082031,-0.4486083984,0.5821533203,0.4651489258
45677397.0,2968.0,0.0,-0.59765625,-1.16796875,-1.546875,0
45685429.0,8032.0,1.0,0.4945678711,-0.4467773438,0.5826416016,0.4651489258
45688397.0,2968.0,0.0,-0.71484375,-1.25,-1.53515625,0
45695429.0,7032.0,1.0,0.4955444336,-0.4450073242,0.5829467773,0.4653320313
45699397.0,3968.0,0.0,-0.9453125,-1.19140625,-1.3671875,0
45705429.0,6032.0,1.0,0.4963989258,-0.4432983398,0.583190918,0.4657592773
45708397.0,2968.0,0.0,-1.01953125,-1.16796875,-1.2734375,0
45715429.0,7032.0,1.0,0.4971923828,-0.4415283203,0.5833740234,0.4663696289
45718397.0,2968.0,0.0,-1.13671875,-1.19140625,-0.9921875,0
45725429.0,7032.0,1.0,0.4979248047,-0.4396972656,0.5835571289,0.4671630859
45728397.0,2968.0,0.0,-1.09765625,-1.08984375,-0.90625,0
45735429.0,7032.0,1.0,0.4986572266,-0.4378051758,0.5836181641,0.4680175781
45738397.0,2968.0,0.0,-1.05859375,-0.9921875,-1.046875,0
45745429.0,7032.0,1.0,0.4992675781,-0.4359130859,0.5836791992,0.4690551758
45748397.0,2968.0,0.0,-1.13671875,-1.09375,-1.078125,0
45755429.0,7032.0,1.0,0.4998779297,-0.4339599609,0.5837402344,0.4701538086
45758397.0,2968.0,0.0,-1.16796875,-1.3515625,-0.765625,0
45765429.0,7032.0,1.0,0.5005493164,-0.4318237305,0.5838623047,0.4712524414
45768397.0,2968.0,0.0,-1.05078125,-1.30078125,-0.7578125,0
45775429.0,7032.0,1.0,0.5012817383,-0.4295043945,0.5840454102,0.4723510742
45778397.0,2968.0,0.0,-1.01171875,-1.1015625,-0.7890625,0
45785429.0,7032.0,1.0,0.5020141602,-0.4271850586,0.5841674805,0.4735717773
45788397.0,2968.0,0.0,-0.78515625,-0.59765625,-0.55078125,0
45795429.0,7032.0,1.0,0.5025634766,-0.4249267578,0.5841674805,0.4749755859
45798397.0,2968.0,0.0,-0.58984375,-0.47265625,-0.55078125,0
45805429.0,7032.0,1.0,0.503112793,-0.4226074219,0.5841064453,0.4765625
45808397.0,2968.0,0.0,-0.36328125,-0.53515625,-0.46875,0
45815429.0,7032.0,1.0,0.5036621094,-0.4202270508,0.5841064453,0.4780883789
45818397.0,2968.0,0.0,-0.24609375,-0.57421875,-0.28515625,0
45824429.0,6032.0,1.0,0.5043945313,-0.4177246094,0.5842285156,0.4793701172
45827397.0,2968.0,0.0,0.16796875,-0.26171875,0.06640625,0
45835429.0,8032.0,1.0,0.5053100586,-0.4147949219,0.5844726563,0.4805908203
45838397.0,2968.0,0.0,0.359375,0.00390625,0.1796875,0
45845429.0,7032.0,1.0,0.5062255859,-0.4118652344,0.5848388672,0.4817504883
45848397.0,2968.0,0.0,0.359375,0.2734375,0.1796875,0
45855429.0,7032.0,1.0,0.5069580078,-0.4090576172,0.5850219727,0.4830932617
45858397.0,2968.0,0.0,0.3515625,0.47265625,0.2265625,0
45870429.0,12032.0,1.0,0.5075073242,-0.4066772461,0.5849609375,0.4846191406
45874397.0,3968.0,0.0,0.234375,0.6640625,0.41796875,0
45877429.0,3032.0,1.0,0.5077514648,-0.4043579102,0.5847167969,0.4865722656
45880397.0,2968.0,0.0,0.2265625,0.6328125,0.37109375,0
45884429.0,4032.0,1.0,0.5078125,-0.4024047852,0.5842285156,0.4887695313
45887397.0,2968.0,0.0,0.296875,0.5546875,0.25390625,0
45895429.0,8032.0,1.0,0.5076904297,-0.4004516602,0.5836181641,0.4912109375
45898397.0,2968.0,0.0,0.2578125,0.390625,0.0625,0
45905429.0,7032.0,1.0,0.5075683594,-0.3985595703,0.5829467773,0.4936523438
45908397.0,2968.0,0.0,0.25,0.15234375,-0.0625,0
45915429.0,7032.0,1.0,0.5074462891,-0.3966064453,0.5823974609,0.4960327148
45919397.0,3968.0,0.0,0.203125,0.0390625,-0.0703125,0
45925429.0,6032.0,1.0,0.5073852539,-0.39453125,0.5819702148,0.4982299805
45928397.0,2968.0,0.0,0.1953125,0.0,-0.0625,0
45935429.0,7032.0,1.0,0.5075073242,-0.3922729492,0.5816650391,0.5003051758
45938397.0,2968.0,0.0,0.08203125,0.03515625,-0.2265625,0
45945429.0,7032.0,1.0,0.5075073242,-0.3899536133,0.5813598633,0.5023803711
45948397.0,2968.0,0.0,-0.1953125,0.21875,-0.2734375,0
45955429.0,7032.0,1.0,0.5074462891,-0.3877563477,0.580871582,0.504699707
45959397.0,3968.0,0.0,-0.1953125,0.21875,-0.41796875,0
45965429.0,6032.0,1.0,0.5072021484,-0.3856811523,0.5803222656,0.5072021484
45968397.0,2968.0,0.0,-0.171875,0.01953125,-0.38671875,0
45975429.0,7032.0,1.0,0.5069580078,-0.3835449219,0.5796508789,0.5098266602
45978397.0,2968.0,0.0,-0.02734375,1.58984375,-0.05078125,0
45985429.0,7032.0,1.0,0.5065917969,-0.381652832,0.5787963867,0.512512207
45988397.0,2968.0,0.0,0.1953125,2.765625,0.4375,0
45995429.0,7032.0,1.0,0.5063476563,-0.380065918,0.5778198242,0.5150756836
45999397.0,3968.0,0.0,0.1875,1.85546875,0.359375,0
46005429.0,6032.0,1.0,0.5067138672,-0.3781738281,0.5772094727,0.516784668
46008397.0,2968.0,0.0,0.37109375,1.09765625,0.2734375,0
46015429.0,7032.0,1.0,0.5076904297,-0.3756713867,0.5772094727,0.5176391602
46018397.0,2968.0,0.0,0.28515625,0.3359375,-0.21484375,0
46025429.0,7032.0,1.0,0.5087280273,-0.3729248047,0.5772094727,0.5186157227
46028397.0,2968.0,0.0,0.35546875,2.0390625,0.42578125,0
46035429.0,7032.0,1.0,0.5093994141,-0.3707275391,0.5766601563,0.5201416016
46038397.0,2968.0,0.0,0.30859375,0.51171875,0.47265625,0
46045429.0,7032.0,1.0,0.5098876953,-0.3687744141,0.5759887695,0.5217285156
46048397.0,2968.0,0.0,0.53125,0.25,-0.265625,0
46055429.0,7032.0,1.0,0.5104370117,-0.3666381836,0.5754394531,0.5233764648
46058397.0,2968.0,0.0,0.25390625,0.1796875,0.0390625,0
46065429.0,7032.0,1.0,0.5108642578,-0.3643188477,0.5747070313,0.5253295898
46068397.0,2968.0,0.0,0.32421875,0.140625,-0.12890625,0
46075429.0,7032.0,1.0,0.5110473633,-0.3622436523,0.5737915039,0.5275878906
46078397.0,2968.0,0.0,0.23046875,0.265625,-0.09765625,0
46085429.0,7032.0,1.0,0.510925293,-0.3603515625,0.5725708008,0.5303344727
46088397.0,2968.0,0.0,-0.01171875,-0.12109375,-0.23046875,0
46095429.0,7032.0,1.0,0.5106201172,-0.358581543,0.5711669922,0.5333251953
46098397.0,2968.0,0.0,-0.13671875,-0.84765625,-0.28515625,0
46105429.0,7032.0,1.0,0.5103149414,-0.3566894531,0.5698852539,0.536315918
46108397.0,2968.0,0.0,0.0,-1.15625,-0.33984375,0
46115429.0,7032.0,1.0,0.5101318359,-0.3543701172,0.5688476563,0.5391235352
46118397.0,2968.0,0.0,0.0234375,-1.43359375,-0.35546875,0
46125429.0,7032.0,1.0,0.5101318359,-0.3515625,0.5682983398,0.5415039063
46128397.0,2968.0,0.0,0.046875,-1.5234375,-0.2109375,0
46135429.0,7032.0,1.0,0.5102539063,-0.3482666016,0.5681152344,0.5437011719
46138397.0,2968.0,0.0,0.1015625,-0.99609375,-0.15234375,0
46148429.0,10032.0,1.0,0.5103759766,-0.3450317383,0.5679931641,0.545715332
46151397.0,2968.0,0.0,0.16015625,-0.70703125,-0.0078125,0
46158429.0,7032.0,1.0,0.5101928711,-0.3416748047,0.5677490234,0.5483398438
46161397.0,2968.0,0.0,0.30078125,-0.5390625,-0.046875,0
46165429.0,4032.0,1.0,0.5096435547,-0.3386230469,0.567199707,0.5512695313
46168397.0,2968.0,0.0,0.53515625,-1.015625,-0.18359375,0
46175429.0,7032.0,1.0,0.508972168,-0.3356933594,0.5665283203,0.5543212891
46178397.0,2968.0,0.0,0.55078125,-1.30078125,-0.26953125,0
46185429.0,7032.0,1.0,0.5083007813,-0.3325195313,0.5659790039,0.5573730469
46188397.0,2968.0,0.0,0.6328125,-1.2109375,-0.32421875,0
46195429.0,7032.0,1.0,0.5076293945,-0.3291625977,0.565612793,0.5604248047
46198397.0,2968.0,0.0,0.6015625,-0.8984375,-0.37109375,0
46205429.0,7032.0,1.0,0.5067749023,-0.3258666992,0.5651245117,0.5635375977
46208397.0,2968.0,0.0,0.734375,-0.4609375,-0.33984375,0
46215429.0,7032.0,1.0,0.5057373047,-0.3224487305,0.5645141602,0.5671386719
46218397.0,2968.0,0.0,0.85546875,-0.5390625,-0.328125,0
46225429.0,7032.0,1.0,0.5045166016,-0.3190917969,0.5637817383,0.5708007813
46228397.0,2968.0,0.0,1.0546875,-0.609375,-0.3828125,0
46235429.0,7032.0,1.0,0.5032348633,-0.315612793,0.5630493164,0.5745239258
46238397.0,2968.0,0.0,1.28125,-0.6875,-0.40625,0
46245429.0,7032.0,1.0,0.5020141602,-0.3121337891,0.5624389648,0.578125
46248397.0,2968.0,0.0,1.82421875,-0.65234375,-0.19140625,0
46255429.0,7032.0,1.0,0.5006103516,-0.3081054688,0.5618896484,0.5819702148
46258397.0,2968.0,0.0,2.0546875,-0.421875,-0.24609375,0
46265429.0,7032.0,1.0,0.4991455078,-0.3040161133,0.5614013672,0.5858764648
46268397.0,2968.0,0.0,2.16015625,-0.26953125,-0.35546875,0
46275429.0,7032.0,1.0,0.4974975586,-0.3000488281,0.5607299805,0.5899658203
46278397.0,2968.0,0.0,2.11328125,0.02734375,-0.41796875,0
46285429.0,7032.0,1.0,0.4956665039,-0.2962036133,0.559753418,0.5943603516
46288397.0,2968.0,0.0,2.2578125,0.171875,-0.55078125,0
46295429.0,7032.0,1.0,0.4935302734,-0.2924804688,0.5585327148,0.5991210938
46298397.0,2968.0,0.0,2.2890625,-0.03125,-0.65234375,0
46305429.0,7032.0,1.0,0.4913330078,-0.2887573242,0.5571899414,0.6039428711
46308397.0,2968.0,0.0,2.38671875,-0.1953125,-0.8359375,0
46315429.0,7032.0,1.0,0.489074707,-0.2847900391,0.5559692383,0.6087646484
46318397.0,2968.0,0.0,2.44921875,-0.28125,-0.9140625,0
46330429.0,12032.0,1.0,0.4869384766,-0.2807006836,0.5549926758,0.61328125
46334397.0,3968.0,0.0,2.77734375,0.2109375,-0.81640625,0
46337429.0,3032.0,1.0,0.4846191406,-0.2762451172,0.5539550781,0.6180419922
46340397.0,2968.0,0.0,2.71484375,0.1171875,-0.88671875,0
46345429.0,5032.0,1.0,0.4821166992,-0.2716064453,0.552734375,0.6231079102
46348397.0,2968.0,0.0,2.8359375,0.2890625,-0.92578125,0
46355429.0,7032.0,1.0,0.4795532227,-0.2672729492,0.5513916016,0.6281738281
46358397.0,2968.0,0.0,2.49609375,0.38671875,-1.2265625,0
46365429.0,7032.0,1.0,0.4767456055,-0.2629394531,0.5497436523,0.6335449219
46368397.0,2968.0,0.0,2.34765625,0.1796875,-1.3046875,0
46375429.0,7032.0,1.0,0.4739379883,-0.258605957,0.548034668,0.6388549805
46379397.0,3968.0,0.0,2.2421875,0.015625,-1.34375,0
46385429.0,6032.0,1.0,0.4711303711,-0.2540283203,0.5464477539,0.6441040039
46388397.0,2968.0,0.0,2.1640625,0.0,-1.61328125,0
46395429.0,7032.0,1.0,0.4684448242,-0.2494506836,0.5449829102,0.6491088867
46398397.0,2968.0,0.0,2.23828125,-0.01953125,-1.5703125,0
46405429.0,7032.0,1.0,0.4655151367,-0.2442626953,0.5436401367,0.654296875
46408397.0,2968.0,0.0,2.3828125,-0.1484375,-1.234375,0
46415429.0,7032.0,1.0,0.4627685547,-0.2390136719,0.5424194336,0.6591796875
46418397.0,2968.0,0.0,2.640625,-0.0234375,-0.8359375,0
46425429.0,7032.0,1.0,0.4598999023,-0.2335205078,0.5412597656,0.6641235352
46428397.0,2968.0,0.0,2.73828125,0.3828125,-0.953125,0
46435429.0,7032.0,1.0,0.45703125,-0.2283935547,0.539855957,0.6689453125
46438397.0,2968.0,0.0,2.765625,0.86328125,-1.03125,0
46451429.0,13032.0,1.0,0.453918457,-0.2233276367,0.5380249023,0.6742553711
46456429.0,5000.0,1.0,0.4505615234,-0.2180786133,0.5357055664,0.6800537109
46458397.0,1968.0,0.0,2.49609375,0.53125,-0.92578125,0
46465429.0,7032.0,1.0,0.4472045898,-0.2130737305,0.5333251953,0.6856689453
46468397.0,2968.0,0.0,2.2109375,0.18359375,-0.828125,0
46475429.0,7032.0,1.0,0.4438476563,-0.2078857422,0.5310058594,0.6912231445
46478397.0,2968.0,0.0,2.25390625,-0.16796875,-0.875,0
46485429.0,7032.0,1.0,0.440612793,-0.2024536133,0.5289916992,0.696472168
46488397.0,2968.0,0.0,1.84765625,-0.25390625,-0.953125,0
46495429.0,7032.0,1.0,0.4373779297,-0.1968383789,0.5272216797,0.7014160156
46498397.0,2968.0,0.0,1.62890625,-0.1484375,-1.0703125,0
46505429.0,7032.0,1.0,0.4340820313,-0.1911621094,0.5255737305,0.7062988281
46508397.0,2968.0,0.0,1.671875,0.03125,-1.1796875,0
46515429.0,7032.0,1.0,0.4307250977,-0.1854858398,0.5238037109,0.7111206055
46518397.0,2968.0,0.0,1.7109375,-0.16796875,-0.37890625,0
46525429.0,7032.0,1.0,0.4273071289,-0.1798706055,0.5220947266,0.7158813477
46528397.0,2968.0,0.0,2.01953125,-0.3984375,-0.1015625,0
46536429.0,8032.0,1.0,0.4238891602,-0.1740722656,0.5205688477,0.7204589844
46539397.0,2968.0,0.0,2.40234375,-0.41015625,0.32421875,0
46545429.0,6032.0,1.0,0.4204101563,-0.1680908203,0.5191650391,0.7249145508
46548397.0,2968.0,0.0,2.4765625,0.00390625,0.30078125,0
46555429.0,7032.0,1.0,0.4169311523,-0.1622314453,0.5177001953,0.7292480469
46558397.0,2968.0,0.0,2.24609375,0.078125,0.23828125,0
46568429.0,10032.0,1.0,0.4135742188,-0.1567382813,0.5162353516,0.7333984375
46571397.0,2968.0,0.0,1.97265625,0.12109375,0.13671875,0
46578429.0,7032.0,1.0,0.4097290039,-0.1508789063,0.5145874023,0.7379150391
46581397.0,2968.0,0.0,1.54296875,0.12109375,0.15234375,0
46585429.0,4032.0,1.0,0.4060058594,-0.1453857422,0.5127563477,0.7423706055
46588397.0,2968.0,0.0,1.31640625,0.12890625,0.1953125,0
46595429.0,7032.0,1.0,0.4019165039,-0.139831543,0.5107421875,0.7470092773
46598397.0,2968.0,0.0,1.03125,-0.01953125,0.2109375,0
46605429.0,7032.0,1.0,0.3979492188,-0.1344604492,0.5087280273,0.7514648438
46608397.0,2968.0,0.0,1.2890625,-0.2734375,0.37890625,0
46616429.0,8032.0,1.0,0.3936767578,-0.1299438477,0.5062255859,0.7562255859
46619397.0,2968.0,0.0,2.4453125,4.84375,6.16015625,0
46625429.0,6032.0,1.0,0.3894042969,-0.1265258789,0.5035400391,0.7608032227
46628397.0,2968.0,0.0,2.05859375,4.99609375,9.31640625,0
46635429.0,7032.0,1.0,0.3848876953,-0.1229858398,0.5025634766,0.7642822266
46638397.0,2968.0,0.0,1.3984375,5.8984375,8.3203125,0
46645429.0,7032.0,1.0,0.3805541992,-0.1196289063,0.5032348633,0.7665405273
46648397.0,2968.0,0.0,1.57421875,6.31640625,9.19140625,0
46656429.0,8032.0,1.0,0.3762207031,-0.1173706055,0.5039672852,0.7685546875
46659397.0,2968.0,0.0,1.65625,5.23828125,6.6328125,0
46665429.0,6032.0,1.0,0.3716430664,-0.1159667969,0.5044555664,0.770690918
46668397.0,2968.0,0.0,1.515625,3.4296875,6.2890625,0
46675429.0,7032.0,1.0,0.3670043945,-0.1154174805,0.5049438477,0.772644043
46678397.0,2968.0,0.0,1.1640625,3.34375,5.0703125,0
46685429.0,7032.0,1.0,0.3623046875,-0.1152954102,0.505859375,0.7742919922
46688397.0,2968.0,0.0,1.26953125,3.03515625,2.89453125,0
46696429.0,8032.0,1.0,0.3579101563,-0.115234375,0.5073242188,0.775390625
46699397.0,2968.0,0.0,1.0078125,1.45703125,0.859375,0
46705429.0,6032.0,1.0,0.3536376953,-0.1151733398,0.5092773438,0.7760620117
46708397.0,2968.0,0.0,1.0546875,-1.03515625,1.1171875,0
46715429.0,7032.0,1.0,0.3493041992,-0.1151733398,0.5115966797,0.776550293
46719397.0,3968.0,0.0,0.59375,-3.1171875,3.53125,0
46728429.0,9032.0,1.0,0.3450317383,-0.1152954102,0.5137939453,0.7769775391
46731397.0,2968.0,0.0,1.18359375,-3.08984375,2.73046875,0
46738429.0,7032.0,1.0,0.3402709961,-0.1152954102,0.5165405273,0.7772216797
46742397.0,3968.0,0.0,1.49609375,-2.80078125,-0.08984375,0
46746429.0,4032.0,1.0,0.3355712891,-0.1149291992,0.5199584961,0.7770385742
46749397.0,2968.0,0.0,1.6484375,-1.8671875,0.01171875,0
46755429.0,6032.0,1.0,0.3306274414,-0.114440918,0.5239257813,0.776550293
46758397.0,2968.0,0.0,1.87890625,-0.47265625,0.265625,0
46765429.0,7032.0,1.0,0.3258056641,-0.1141357422,0.5275268555,0.7762451172
46768397.0,2968.0,0.0,1.88671875,1.265625,0.15234375,0
46775429.0,7032.0,1.0,0.321105957,-0.114440918,0.5299072266,0.7764892578
46778397.0,2968.0,0.0,1.34765625,4.0546875,-0.53515625,0
46785429.0,7032.0,1.0,0.3159790039,-0.1155395508,0.5311889648,0.7775878906
46788397.0,2968.0,0.0,0.66796875,3.29296875,-0.3984375,0
46795429.0,7032.0,1.0,0.3110961914,-0.1169433594,0.5317993164,0.7789306641
46799397.0,3968.0,0.0,0.87109375,2.3828125,-0.91015625,0
46805429.0,6032.0,1.0,0.3065795898,-0.1184082031,0.532409668,0.780090332
46808397.0,2968.0,0.0,0.84765625,2.09765625,-1.09375,0
46815429.0,7032.0,1.0,0.3023681641,-0.1198120117,0.5330810547,0.7810668945
46818397.0,2968.0,0.0,0.375,2.375,0.3828125,0
46825429.0,7032.0,1.0,0.2981567383,-0.1212768555,0.5339355469,0.7818603516
46828397.0,2968.0,0.0,0.1953125,2.203125,1.3203125,0
46835429.0,7032.0,1.0,0.2943115234,-0.1225585938,0.5354614258,0.782043457
46838397.0,2968.0,0.0,0.1796875,1.8671875,1.6171875,0
46845429.0,7032.0,1.0,0.2909545898,-0.1234741211,0.5380249023,0.7813720703
46848397.0,2968.0,0.0,0.40234375,1.14453125,0.83203125,0
46855429.0,7032.0,1.0,0.2881469727,-0.1239013672,0.5419311523,0.7797241211
46858397.0,2968.0,0.0,0.2734375,0.640625,-1.8125,0
46865429.0,7032.0,1.0,0.2858276367,-0.1237182617,0.5470581055,0.7770385742
46868397.0,2968.0,0.0,-0.00390625,1.0078125,-2.24609375,0
46876429.0,8032.0,1.0,0.283996582,-0.1231079102,0.5527954102,0.7736816406
46879397.0,2968.0,0.0,-0.2421875,1.40234375,-1.70703125,0
46885429.0,6032.0,1.0,0.2824707031,-0.1224975586,0.5585327148,0.7702636719
46888397.0,2968.0,0.0,-0.0859375,1.5,-1.015625,0
46895429.0,7032.0,1.0,0.2811279297,-0.121887207,0.5637817383,0.7669677734
46898397.0,2968.0,0.0,-0.71484375,0.53515625,0.04296875,0
46905429.0,7032.0,1.0,0.2800292969,-0.12109375,0.569152832,0.7635498047
46908397.0,2968.0,0.0,-0.75390625,0.2578125,0.11328125,0
46916429.0,8032.0,1.0,0.2794189453,-0.1198730469,0.5752563477,0.7593383789
46919397.0,2968.0,0.0,-0.109375,1.19140625,-0.5546875,0
46925429.0,6032.0,1.0,0.279296875,-0.1180419922,0.5821533203,0.7544555664
46928397.0,2968.0,0.0,-0.68359375,0.83984375,-0.15625,0
46938429.0,10032.0,1.0,0.2796630859,-0.1154174805,0.5906982422,0.748046875
46941397.0,2968.0,0.0,-1.26953125,0.5390625,0.4140625,0
46945429.0,4032.0,1.0,0.2805175781,-0.112121582,0.6000976563,0.7407226563
46948397.0,2968.0,0.0,-0.85546875,2.58203125,0.79296875,0
46956429.0,8032.0,1.0,0.2814941406,-0.1088256836,0.6094360352,0.7331542969
46959397.0,2968.0,0.0,-0.96875,4.6640625,2.30078125,0
46965429.0,6032.0,1.0,0.2821655273,-0.1067504883,0.6159667969,0.727722168
46968397.0,2968.0,0.0,-0.35546875,8.03515625,2.21875,0
46975429.0,7032.0,1.0,0.2822875977,-0.1064453125,0.6187744141,0.7253417969
46978397.0,2968.0,0.0,-0.15625,7.1328125,0.01171875,0
46985429.0,7032.0,1.0,0.2819213867,-0.1079101563,0.6176757813,0.7261962891
46988397.0,2968.0,0.0,-1.18359375,5.37890625,-1.3125,0
46996429.0,8032.0,1.0,0.28125,-0.1106567383,0.6138916016,0.7292480469
46999397.0,2968.0,0.0,-1.28125,4.796875,-0.85546875,0
47005429.0,6032.0,1.0,0.2805175781,-0.1140136719,0.6087646484,0.7332763672
47008397.0,2968.0,0.0,-3.02734375,2.7578125,-0.7265625,0
47015429.0,7032.0,1.0,0.2799682617,-0.1175537109,0.6032104492,0.737487793
47018397.0,2968.0,0.0,-3.87890625,1.41796875,-0.4609375,0
47025429.0,7032.0,1.0,0.2799072266,-0.1206665039,0.5986328125,0.7407836914
47028397.0,2968.0,0.0,-3.703125,0.46875,-0.24609375,0
47036429.0,8032.0,1.0,0.2803955078,-0.1229248047,0.5955200195,0.7427368164
47039397.0,2968.0,0.0,-3.02734375,0.1953125,-0.30859375,0
47045429.0,6032.0,1.0,0.2815551758,-0.1245727539,0.5934448242,0.7436523438
47048397.0,2968.0,0.0,-1.84765625,1.2421875,-0.65625,0
47056429.0,8032.0,1.0,0.2831420898,-0.1258544922,0.5919799805,0.7440185547
47060397.0,3968.0,0.0,-1.81640625,2.1171875,-0.7265625,0
47065429.0,5032.0,1.0,0.28515625,-0.1271972656,0.5904541016,0.7442016602
47068397.0,2968.0,0.0,-1.70703125,2.5625,-0.44921875,0
47076429.0,8032.0,1.0,0.2874145508,-0.1288452148,0.5881347656,0.744934082
47079397.0,2968.0,0.0,-1.59375,2.90234375,-0.0390625,0
47085429.0,6032.0,1.0,0.2897338867,-0.1310424805,0.5846557617,0.7463378906
47088397.0,2968.0,0.0,-1.69140625,2.52734375,-0.0625,0
47096429.0,8032.0,1.0,0.2920532227,-0.1337890625,0.580078125,0.7485351563
47099397.0,2968.0,0.0,-2.11328125,2.2734375,-0.1875,0
47106429.0,7032.0,1.0,0.2944946289,-0.1370239258,0.5744628906,0.7513427734
47109397.0,2968.0,0.0,-2.33203125,1.921875,0.0859375,0
47116429.0,7032.0,1.0,0.2969360352,-0.1405639648,0.5682983398,0.7543945313
47119397.0,2968.0,0.0,-1.97265625,1.12109375,-1.02734375,0
47132429.0,13032.0,1.0,0.2994995117,-0.1440429688,0.5623168945,0.7572021484
47137397.0,4968.0,0.0,-1.49609375,-1.68359375,-0.21484375,0
47140429.0,3032.0,1.0,0.3028564453,-0.1477050781,0.5560302734,0.759765625
47144397.0,3968.0,0.0,-1.125,-1.7421875,-0.30078125,0
47147429.0,3032.0,1.0,0.3059692383,-0.1503295898,0.5517578125,0.7611694336
47150397.0,2968.0,0.0,-0.765625,-0.98046875,0.26953125,0
47155429.0,5032.0,1.0,0.3098144531,-0.1526489258,0.5479736328,0.7618408203
47158397.0,2968.0,0.0,-0.7890625,-1.06640625,0.32421875,0
47165429.0,7032.0,1.0,0.3139038086,-0.1546630859,0.5447998047,0.7620239258
47168397.0,2968.0,0.0,-0.41796875,-0.62890625,0.26953125,0
47176429.0,8032.0,1.0,0.3180541992,-0.1566162109,0.5418701172,0.7620239258
47179397.0,2968.0,0.0,-0.5546875,-0.375,1.09375,0
47186429.0,7032.0,1.0,0.3222045898,-0.1585083008,0.5388793945,0.7620239258
47189397.0,2968.0,0.0,-0.6171875,-0.1953125,0.81640625,0
47195429.0,6032.0,1.0,0.3261108398,-0.1604003906,0.5358276367,0.7620849609
47198397.0,2968.0,0.0,-0.24609375,0.51953125,0.41796875,0
47205429.0,7032.0,1.0,0.3303833008,-0.1628417969,0.5317382813,0.7626342773
47208397.0,2968.0,0.0,-0.27734375,0.328125,0.34765625,0
47216429.0,8032.0,1.0,0.3342895508,-0.1654663086,0.5271606445,0.7635498047
47219397.0,2968.0,0.0,-0.48828125,-0.3515625,0.0390625,0
47226429.0,7032.0,1.0,0.3380737305,-0.1680908203,0.5225830078,0.764465332
47229397.0,2968.0,0.0,-0.7421875,-1.22265625,0.23046875,0
47236429.0,7032.0,1.0,0.3420410156,-0.1704711914,0.5184936523,0.7648925781
47239397.0,2968.0,0.0,-1.1484375,-1.22265625,0.46484375,0
47246429.0,7032.0,1.0,0.3461914063,-0.1724853516,0.5152587891,0.764831543
47249397.0,2968.0,0.0,-1.0078125,-0.578125,0.3828125,0
47256429.0,7032.0,1.0,0.3502807617,-0.1744384766,0.5122680664,0.7645263672
47259397.0,2968.0,0.0,-0.76953125,0.41015625,0.44921875,0
47266429.0,7032.0,1.0,0.3542480469,-0.1765136719,0.508972168,0.7643432617
47269397.0,2968.0,0.0,-0.9453125,0.75,0.31640625,0
47276429.0,7032.0,1.0,0.3580932617,-0.178894043,0.5053100586,0.7645263672
47279397.0,2968.0,0.0,-0.3984375,0.03125,-0.00390625,0
47289429.0,10032.0,1.0,0.3616943359,-0.1813964844,0.5013427734,0.7647705078
47292397.0,2968.0,0.0,-0.421875,-0.46484375,0.4609375,0
47299429.0,7032.0,1.0,0.3656616211,-0.1840209961,0.4973144531,0.7649536133
47302397.0,2968.0,0.0,-0.44921875,-1.22265625,0.63671875,0
47306429.0,4032.0,1.0,0.3695678711,-0.1860961914,0.4942016602,0.7645263672
47309397.0,2968.0,0.0,0.20703125,-1.1796875,0.4765625,0
47316429.0,7032.0,1.0,0.3734130859,-0.1877441406,0.4918212891,0.7637939453
47319397.0,2968.0,0.0,0.75390625,-0.34375,0.51171875,0
47326429.0,7032.0,1.0,0.3771972656,-0.1895751953,0.4892578125,0.7631835938
47329397.0,2968.0,0.0,0.87109375,0.140625,0.75,0
47336429.0,7032.0,1.0,0.3806762695,-0.1917724609,0.4859619141,0.7629394531
47339397.0,2968.0,0.0,0.92578125,0.33203125,1.16015625,0
47345429.0,6032.0,1.0,0.3837890625,-0.1944580078,0.4819335938,0.7633056641
47348397.0,2968.0,0.0,1.15625,-0.38671875,1.68359375,0
47356429.0,8032.0,1.0,0.3869018555,-0.1975097656,0.4772949219,0.7638549805
47359397.0,2968.0,0.0,1.24609375,-1.3671875,1.87890625,0
47366429.0,7032.0,1.0,0.3899536133,-0.2002563477,0.4731445313,0.7642211914
47369397.0,2968.0,0.0,1.6328125,-2.3125,1.93359375,0
47376429.0,7032.0,1.0,0.3931274414,-0.2025146484,0.4697875977,0.7640380859
47379397.0,2968.0,0.0,2.0859375,-2.65625,1.73046875,0
47385429.0,6032.0,1.0,0.3963012695,-0.204284668,0.4671020508,0.7635498047
47388397.0,2968.0,0.0,2.390625,-1.1328125,1.6171875,0
47396429.0,8032.0,1.0,0.3996582031,-0.2060546875,0.4644775391,0.7629394531
47399397.0,2968.0,0.0,2.4609375,-0.90625,1.5859375,0
47406429.0,7032.0,1.0,0.4030151367,-0.2077026367,0.4619750977,0.7622680664
47409397.0,2968.0,0.0,2.5390625,-1.06640625,2.20703125,0
47416429.0,7032.0,1.0,0.4064941406,-0.2091674805,0.459777832,0.7612915039
47419397.0,2968.0,0.0,2.42578125,-1.6953125,2.3671875,0
47426429.0,7032.0,1.0,0.41015625,-0.2103881836,0.457824707,0.7601928711
47429397.0,2968.0,0.0,2.90625,-1.01953125,1.65234375,0
47436429.0,7032.0,1.0,0.4137573242,-0.2117919922,0.4556274414,0.7591552734
47439397.0,2968.0,0.0,2.515625,0.5,1.890625,0
47446429.0,7032.0,1.0,0.4172973633,-0.2137451172,0.4525146484,0.758605957
47449397.0,2968.0,0.0,2.2109375,-0.91015625,0.6171875,0
47456429.0,7032.0,1.0,0.4205322266,-0.2161254883,0.4487304688,0.7583007813
47459397.0,2968.0,0.0,1.9375,-1.3203125,0.72265625,0
47466429.0,7032.0,1.0,0.423828125,-0.2186279297,0.4448852539,0.7580566406
47469397.0,2968.0,0.0,2.2734375,-2.29296875,1.97265625,0
47476429.0,7032.0,1.0,0.4272460938,-0.2208862305,0.4413452148,0.7575683594
47480397.0,3968.0,0.0,2.57421875,-2.05078125,1.43359375,0
47487429.0,7032.0,1.0,0.4307250977,-0.2228393555,0.4382324219,0.7567749023
47490397.0,2968.0,0.0,2.48828125,-1.8125,1.76953125,0
47497429.0,7032.0,1.0,0.434387207,-0.2248535156,0.4350585938,0.7559814453
47500397.0,2968.0,0.0,2.63671875,-1.53515625,1.625,0
47507429.0,7032.0,1.0,0.4381103516,-0.2268676758,0.4317626953,0.7551269531
47510397.0,2968.0,0.0,2.54296875,-2.0703125,1.8828125,0
47516429.0,6032.0,1.0,0.4419555664,-0.2288208008,0.4286499023,0.7540283203
47520397.0,3968.0,0.0,2.4609375,-2.93359375,1.921875,0
47526429.0,6032.0,1.0,0.4460449219,-0.2304077148,0.4260864258,0.7525634766
47529397.0,2968.0,0.0,2.5703125,-3.0859375,2.38671875,0
47536429.0,7032.0,1.0,0.4499511719,-0.2318115234,0.4239501953,0.7510375977
47539397.0,2968.0,0.0,3.39453125,-1.8203125,2.2890625,0
47546429.0,7032.0,1.0,0.4541015625,-0.2335205078,0.4215698242,0.7493896484
47549397.0,2968.0,0.0,3.42578125,-1.8515625,2.21875,0
47556429.0,7032.0,1.0,0.4579467773,-0.2353515625,0.4190673828,0.7478637695
47559397.0,2968.0,0.0,3.18359375,-2.76171875,1.6875,0
47566429.0,7032.0,1.0,0.4617919922,-0.2370605469,0.4168701172,0.7461547852
47569397.0,2968.0,0.0,3.703125,-2.56640625,2.203125,0
47575429.0,6032.0,1.0,0.4655151367,-0.2384643555,0.4151000977,0.7443847656
47578397.0,2968.0,0.0,3.92578125,-2.265625,1.92578125,0
47586429.0,8032.0,1.0,0.4694824219,-0.2400512695,0.4134521484,0.7423095703
47589397.0,2968.0,0.0,3.69140625,-1.99609375,1.6328125,0
47596429.0,7032.0,1.0,0.4732055664,-0.2416381836,0.4119873047,0.740234375
47599397.0,2968.0,0.0,3.828125,-2.47265625,1.47265625,0
47606429.0,7032.0,1.0,0.4768676758,-0.2431640625,0.4108886719,0.7380371094
47609397.0,2968.0,0.0,3.96875,-2.70703125,1.3515625,0
47616429.0,7032.0,1.0,0.48046875,-0.2446289063,0.41015625,0.735534668
47619397.0,2968.0,0.0,3.84375,-2.078125,1.34375,0
47626429.0,7032.0,1.0,0.4839477539,-0.2461547852,0.4096069336,0.7330932617
47629397.0,2968.0,0.0,3.9453125,-1.73828125,1.2734375,0
47636429.0,7032.0,1.0,0.4871826172,-0.248046875,0.408996582,0.7306518555
47639397.0,2968.0,0.0,3.9375,-1.79296875,1.16796875,0
47646429.0,7032.0,1.0,0.4901733398,-0.2500610352,0.4083251953,0.7282714844
47649397.0,2968.0,0.0,3.96875,-2.11328125,1.28125,0
47656429.0,7032.0,1.0,0.4930419922,-0.2521972656,0.4079589844,0.7258911133
47659397.0,2968.0,0.0,3.43359375,-2.48046875,0.5625,0
47666429.0,7032.0,1.0,0.4958496094,-0.2542724609,0.4078979492,0.7232666016
47669397.0,2968.0,0.0,3.04296875,-2.37890625,0.30859375,0
47676429.0,7032.0,1.0,0.4984741211,-0.2564086914,0.408203125,0.7205200195
47679397.0,2968.0,0.0,3.07421875,-1.78515625,-0.08984375,0
47688429.0,9032.0,1.0,0.5007324219,-0.2587280273,0.4083862305,0.7180175781
47691397.0,2968.0,0.0,3.49609375,-1.2421875,-0.21875,0
47698429.0,7032.0,1.0,0.5028076172,-0.2615966797,0.4085693359,0.7153930664
47701397.0,2968.0,0.0,4.1875,-2.24609375,0.04296875,0
47706429.0,5032.0,1.0,0.5047607422,-0.2647705078,0.408996582,0.7125854492
47709397.0,2968.0,0.0,4.03515625,-2.87890625,-0.1953125,0
47716429.0,7032.0,1.0,0.5064086914,-0.2676391602,0.4099731445,0.709777832
47719397.0,2968.0,0.0,3.73828125,-2.91796875,-0.38671875,0
47726429.0,7032.0,1.0,0.5079345703,-0.2704467773,0.4115600586,0.7067260742
47729397.0,2968.0,0.0,3.125,-2.06640625,-1.52734375,0
47736429.0,7032.0,1.0,0.5092773438,-0.2734375,0.4136352539,0.7034301758
47739397.0,2968.0,0.0,3.28515625,-1.91796875,-1.9921875,0
47746429.0,7032.0,1.0,0.5103149414,-0.2764892578,0.4158325195,0.7001953125
47749397.0,2968.0,0.0,3.6484375,-1.99609375,-2.19921875,0
47756429.0,7032.0,1.0,0.5110473633,-0.2799072266,0.4182128906,0.6968383789
47759397.0,2968.0,0.0,3.96875,-2.5,-2.203125,0
47765429.0,6032.0,1.0,0.5114135742,-0.283203125,0.4209594727,0.6935424805
47768397.0,2968.0,0.0,3.71875,-2.84375,-2.35546875,0
47776429.0,8032.0,1.0,0.5114746094,-0.2869873047,0.4240112305,0.6901245117
47779397.0,2968.0,0.0,3.34375,-0.98828125,-2.69921875,0
47786429.0,7032.0,1.0,0.5109863281,-0.2914428711,0.4268798828,0.6868286133
47789397.0,2968.0,0.0,2.5625,-0.53125,-3.5625,0
47796429.0,7032.0,1.0,0.5101928711,-0.2959594727,0.4293212891,0.6839599609
47799397.0,2968.0,0.0,1.31640625,-0.5,-4.3125,0
47806429.0,7032.0,1.0,0.5090332031,-0.3009643555,0.4312133789,0.6814575195
47809397.0,2968.0,0.0,-0.8515625,2.1171875,-5.10546875,0
47816429.0,7032.0,1.0,0.5075073242,-0.3062744141,0.4323120117,0.6795043945
47819397.0,2968.0,0.0,-1.484375,1.88671875,-4.76171875,0
47826429.0,7032.0,1.0,0.5056152344,-0.3121948242,0.4326782227,0.6779785156
47829397.0,2968.0,0.0,-2.04296875,1.71875,-3.9453125,0
47836429.0,7032.0,1.0,0.5034790039,-0.3182983398,0.4326171875,0.6767578125
47839397.0,2968.0,0.0,-2.3046875,1.4765625,-3.33984375,0
47846429.0,7032.0,1.0,0.5010986328,-0.3245849609,0.4322509766,0.67578125
47849397.0,2968.0,0.0,-3.7109375,1.73046875,-4.2265625,0
47856429.0,7032.0,1.0,0.4985961914,-0.3309326172,0.4315795898,0.674987793
47860397.0,3968.0,0.0,-4.5859375,1.71484375,-4.28125,0
47866429.0,6032.0,1.0,0.4958496094,-0.3374633789,0.4306640625,0.6743774414
47869397.0,2968.0,0.0,-5.2578125,2.08203125,-3.3671875,0
47876429.0,7032.0,1.0,0.4929199219,-0.3439941406,0.4295654297,0.6739501953
47879397.0,2968.0,0.0,-4.33984375,-0.44921875,-2.421875,0
47892429.0,13032.0,1.0,0.4899291992,-0.3500976563,0.4285888672,0.6735839844
47897429.0,5000.0,1.0,0.4865722656,-0.3565063477,0.4281616211,0.6729125977
47899397.0,1968.0,0.0,-3.640625,-1.8359375,-1.8828125,0
47906429.0,7032.0,1.0,0.4835205078,-0.3619384766,0.4285888672,0.6719360352
47909397.0,2968.0,0.0,-3.859375,-2.21875,-2.609375,0
47916429.0,7032.0,1.0,0.4806518555,-0.3666381836,0.4298706055,0.6705932617
47919397.0,2968.0,0.0,-4.85546875,-2.77734375,-2.41015625,0
47926429.0,7032.0,1.0,0.4777832031,-0.3709716797,0.4321899414,0.6688232422
47929397.0,2968.0,0.0,-4.35546875,-1.47265625,-2.1171875,0
47936429.0,7032.0,1.0,0.4748535156,-0.3747558594,0.4349975586,0.6669311523
47940397.0,3968.0,0.0,-4.203125,-0.27734375,-2.47265625,0
47946429.0,6032.0,1.0,0.471862793,-0.3782958984,0.4382324219,0.6649780273
47949397.0,2968.0,0.0,-3.7421875,-2.05859375,-2.01953125,0
47956429.0,7032.0,1.0,0.4689331055,-0.3810424805,0.4425048828,0.6626586914
47959397.0,2968.0,0.0,-3.98046875,-2.00390625,-1.87109375,0
47966429.0,7032.0,1.0,0.4660644531,-0.3832397461,0.4481811523,0.6595458984
47969397.0,2968.0,0.0,-4.66796875,-1.24609375,-3.234375,0
47976429.0,7032.0,1.0,0.4634399414,-0.3848876953,0.454284668,0.65625
47979397.0,2968.0,0.0,-5.51953125,-1.4140625,-4.06640625,0
47986429.0,7032.0,1.0,0.4608764648,-0.3863525391,0.4605102539,0.6528930664
47989397.0,2968.0,0.0,-6.3359375,-1.15625,-4.5703125,0
47996429.0,7032.0,1.0,0.4584350586,-0.3877563477,0.4664916992,0.6494750977
47999397.0,2968.0,0.0,-6.27734375,-0.0625,-5.78515625,0
48006429.0,7032.0,1.0,0.4561767578,-0.3893432617,0.4721679688,0.6460571289
48009397.0,2968.0,0.0,-5.82421875,1.28515625,-5.66015625,0
48016429.0,7032.0,1.0,0.4539794922,-0.3911743164,0.4774780273,0.642578125
48019397.0,2968.0,0.0,-5.0625,1.70703125,-5.2578125,0
48028429.0,9032.0,1.0,0.4520263672,-0.3933105469,0.4819335938,0.6392822266
48031397.0,2968.0,0.0,-4.6875,2.1796875,-4.59765625,0
48039429.0,8032.0,1.0,0.4498901367,-0.3961791992,0.4859008789,0.6360473633
48042397.0,2968.0,0.0,-4.51171875,4.35546875,-5.171875,0
48046429.0,4032.0,1.0,0.4475708008,-0.3997192383,0.4888305664,0.6332397461
48049397.0,2968.0,0.0,-4.9765625,4.78515625,-6.25,0
48056429.0,7032.0,1.0,0.4451904297,-0.4036254883,0.4906005859,0.6309814453
48059397.0,2968.0,0.0,-4.71484375,5.8359375,-8.0234375,0
48066429.0,7032.0,1.0,0.4428710938,-0.4078979492,0.4914550781,0.6292724609
48069397.0,2968.0,0.0,-2.921875,6.6640625,-8.12109375,0
48076429.0,7032.0,1.0,0.4405517578,-0.4122924805,0.4915161133,0.6279296875
48079397.0,2968.0,0.0,-1.94140625,5.8515625,-7.046875,0
48086429.0,7032.0,1.0,0.4381103516,-0.4169921875,0.4911499023,0.6268310547
48089397.0,2968.0,0.0,-0.875,3.86328125,-5.29296875,0
48096429.0,7032.0,1.0,0.4356689453,-0.4216308594,0.4907836914,0.6257324219
48099397.0,2968.0,0.0,-1.19921875,3.234375,-3.796875,0
48106429.0,7032.0,1.0,0.4330444336,-0.4259643555,0.4906005859,0.6247558594
48109397.0,2968.0,0.0,-3.7109375,0.890625,-2.5703125,0
48116429.0,7032.0,1.0,0.4303588867,-0.4298095703,0.4909057617,0.6237182617
48119397.0,2968.0,0.0,-4.56640625,-1.35546875,-1.83984375,0
48126429.0,7032.0,1.0,0.427734375,-0.432800293,0.4921264648,0.6224975586
48129397.0,2968.0,0.0,-4.4765625,-1.77734375,-1.33984375,0
48136429.0,7032.0,1.0,0.4251708984,-0.434753418,0.4945678711,0.6209716797
48139397.0,2968.0,0.0,-4.23828125,-3.71484375,-0.671875,0
48146429.0,7032.0,1.0,0.4228515625,-0.4356079102,0.4979858398,0.6192016602
48149397.0,2968.0,0.0,-2.35546875,-2.7890625,-1.62109375,0
48156429.0,7032.0,1.0,0.4205322266,-0.4356079102,0.502746582,0.6169433594
48159397.0,2968.0,0.0,-1.9609375,-3.6484375,-1.55859375,0
48166429.0,7032.0,1.0,0.4182739258,-0.4348754883,0.5084228516,0.6143798828
48169397.0,2968.0,0.0,-2.0,-3.41015625,-1.72265625,0
48176429.0,7032.0,1.0,0.4160766602,-0.43359375,0.514465332,0.6117553711
48179397.0,2968.0,0.0,-2.46875,-3.94140625,-1.58203125,0
48186429.0,7032.0,1.0,0.4138793945,-0.4320068359,0.5208129883,0.6089477539
48189397.0,2968.0,0.0,-3.39453125,-2.75390625,-1.89453125,0
48196429.0,7032.0,1.0,0.4117431641,-0.430480957,0.5267944336,0.6063232422
48199397.0,2968.0,0.0,-3.75,-1.609375,-2.3671875,0
48206429.0,7032.0,1.0,0.4094848633,-0.4292602539,0.5322265625,0.6040039063
48209397.0,2968.0,0.0,-3.2578125,-0.67578125,-1.578125,0
48216429.0,7032.0,1.0,0.407043457,-0.4287109375,0.5368041992,0.6019897461
48219397.0,2968.0,0.0,-1.734375,0.3828125,-1.1015625,0
48231429.0,12032.0,1.0,0.4044189453,-0.4290771484,0.5402832031,0.6003417969
48235397.0,3968.0,0.0,0.14453125,0.91796875,-1.015625,0
48238429.0,3032.0,1.0,0.4016113281,-0.4302368164,0.5430297852,0.5989379883
48241397.0,2968.0,0.0,0.14453125,0.89453125,-0.9296875,0
48246429.0,5032.0,1.0,0.3988647461,-0.4318847656,0.5452270508,0.5975952148
48249397.0,2968.0,0.0,0.2578125,0.296875,-2.078125,0
48256429.0,7032.0,1.0,0.3965454102,-0.4337768555,0.5466918945,0.5964355469
48259397.0,2968.0,0.0,2.2109375,2.203125,-3.578125,0
48266429.0,7032.0,1.0,0.3944702148,-0.4360351563,0.5476074219,0.5953369141
48269397.0,2968.0,0.0,3.17578125,0.75,-1.25390625,0
48276429.0,7032.0,1.0,0.3924560547,-0.438659668,0.5482177734,0.5941772461
48279397.0,2968.0,0.0,3.796875,0.94921875,0.08203125,0
48286429.0,7032.0,1.0,0.3902587891,-0.4415893555,0.5487670898,0.5928955078
48289397.0,2968.0,0.0,3.26953125,0.83984375,0.80078125,0
48296429.0,7032.0,1.0,0.3880615234,-0.4445800781,0.5493774414,0.5916137695
48299397.0,2968.0,0.0,-0.09375,0.65625,-0.125,0
48306429.0,7032.0,1.0,0.3857421875,-0.4473876953,0.5502319336,0.5901489258
48309397.0,2968.0,0.0,-1.2421875,-0.0625,-1.1171875,0
48316429.0,7032.0,1.0,0.383605957,-0.4495239258,0.5515136719,0.5887451172
48320397.0,3968.0,0.0,-1.77734375,-0.6015625,-1.40234375,0
48326429.0,6032.0,1.0,0.3815917969,-0.4511108398,0.5532836914,0.5871582031
48329397.0,2968.0,0.0,-1.5859375,-0.03125,-2.203125,0
48336429.0,7032.0,1.0,0.3795776367,-0.4522705078,0.555480957,0.5855102539
48339397.0,2968.0,0.0,0.21484375,-0.625,-0.02734375,0
48346429.0,7032.0,1.0,0.3771362305,-0.4534301758,0.5580444336,0.5837402344
48349397.0,2968.0,0.0,1.0859375,-0.53125,1.66015625,0
48356429.0,7032.0,1.0,0.3743286133,-0.4545898438,0.5607299805,0.5820922852
48359397.0,2968.0,0.0,1.33984375,-0.90625,2.359375,0
48366429.0,7032.0,1.0,0.3712768555,-0.4557495117,0.5634765625,0.5805053711
48369397.0,2968.0,0.0,0.3359375,-0.82421875,3.328125,0
48376429.0,7032.0,1.0,0.3679199219,-0.4566650391,0.5664672852,0.5789794922
48379397.0,2968.0,0.0,-0.29296875,-2.5859375,2.5703125,0
48386429.0,7032.0,1.0,0.3645019531,-0.4572143555,0.5698242188,0.5773925781
48389397.0,2968.0,0.0,-0.1640625,-2.94140625,2.12890625,0
48396429.0,7032.0,1.0,0.3611450195,-0.4573974609,0.5736694336,0.5755615234
48399397.0,2968.0,0.0,0.50390625,-3.24609375,2.22265625,0
48406429.0,7032.0,1.0,0.3577270508,-0.4574584961,0.5779418945,0.5733642578
48409397.0,2968.0,0.0,0.9375,-2.61328125,2.3515625,0
48416429.0,7032.0,1.0,0.3542480469,-0.4576416016,0.5821533203,0.571105957
48419397.0,2968.0,0.0,0.484375,-1.48046875,1.61328125,0
48426429.0,7032.0,1.0,0.3505859375,-0.4579467773,0.5863037109,0.5688476563
48429397.0,2968.0,0.0,-0.11328125,-0.26171875,1.1484375,0
48437429.0,8032.0,1.0,0.3470458984,-0.4585571289,0.5899047852,0.5668334961
48440397.0,2968.0,0.0,0.125,0.37890625,0.4296875,0
48446429.0,6032.0,1.0,0.3435058594,-0.4595336914,0.5927734375,0.5651855469
48449397.0,2968.0,0.0,1.17578125,-0.21875,0.21484375,0
48459429.0,10032.0,1.0,0.3397216797,-0.4610595703,0.5951538086,0.563659668
48462397.0,2968.0,0.0,3.140625,0.09375,0.53125,0
48466429.0,4032.0,1.0,0.3358154297,-0.4630737305,0.5972290039,0.5621948242
48469397.0,2968.0,0.0,2.92578125,0.484375,0.46484375,0
48477429.0,8032.0,1.0,0.3318481445,-0.4654541016,0.5991210938,0.5606079102
48480397.0,2968.0,0.0,1.48828125,1.3828125,0.01171875,0
48486429.0,6032.0,1.0,0.328125,-0.4677124023,0.6007080078,0.5592041016
48489397.0,2968.0,0.0,-1.28515625,1.51953125,-0.29296875,0
48496429.0,7032.0,1.0,0.3244018555,-0.4700927734,0.6022949219,0.5576782227
48499397.0,2968.0,0.0,-1.84765625,1.1875,-0.12890625,0
48506429.0,7032.0,1.0,0.3207397461,-0.4722900391,0.6039428711,0.5561523438
48509397.0,2968.0,0.0,-1.75390625,0.72265625,0.8671875,0
48517429.0,8032.0,1.0,0.3171386719,-0.4743652344,0.6057128906,0.5545654297
48520397.0,2968.0,0.0,-1.05859375,-0.06640625,1.109375,0
48526429.0,6032.0,1.0,0.313659668,-0.4761352539,0.6076660156,0.5528564453
48529397.0,2968.0,0.0,-0.27734375,0.8671875,0.95703125,0
48536429.0,7032.0,1.0,0.3098144531,-0.4779052734,0.6099853516,0.5509643555
48539397.0,2968.0,0.0,0.38671875,0.19140625,0.703125,0
48546429.0,7032.0,1.0,0.3059692383,-0.4794921875,0.612487793,0.5489501953
48549397.0,2968.0,0.0,1.1171875,0.0859375,0.8671875,0
48557429.0,8032.0,1.0,0.3022460938,-0.4808349609,0.6151733398,0.5468139648
48560397.0,2968.0,0.0,1.46875,-0.25390625,0.73046875,0
48566429.0,6032.0,1.0,0.2985839844,-0.4821166992,0.6180419922,0.5444946289
48569397.0,2968.0,0.0,0.5859375,0.98828125,0.25,0
48576429.0,7032.0,1.0,0.2950439453,-0.4833984375,0.6207275391,0.542175293
48579397.0,2968.0,0.0,-0.2890625,0.7265625,0.95703125,0
48586429.0,7032.0,1.0,0.2913818359,-0.4849243164,0.6232299805,0.5399780273
48589397.0,2968.0,0.0,-1.09375,0.77734375,0.96484375,0
48597429.0,8032.0,1.0,0.2874755859,-0.4866943359,0.6254272461,0.537902832
48600397.0,2968.0,0.0,-2.16015625,-0.01171875,1.28125,0
48606429.0,6032.0,1.0,0.2833862305,-0.4887084961,0.6273803711,0.535949707
48609397.0,2968.0,0.0,-2.96484375,-1.10546875,1.18359375,0
48616429.0,7032.0,1.0,0.2794189453,-0.4907836914,0.6292724609,0.5339355469
48619397.0,2968.0,0.0,-2.19921875,-0.890625,1.0703125,0
48627429.0,8032.0,1.0,0.2755737305,-0.4927978516,0.6310424805,0.5319213867
48630397.0,2968.0,0.0,-0.69921875,-0.75390625,0.26953125,0
48637429.0,7032.0,1.0,0.2719116211,-0.494934082,0.6327514648,0.5298461914
48640397.0,2968.0,0.0,1.4921875,0.06640625,-0.98046875,0
48653429.0,13032.0,1.0,0.2685546875,-0.4971313477,0.6342773438,0.5276489258
48658397.0,4968.0,0.0,0.734375,2.39453125,-1.55078125,0
48661429.0,3032.0,1.0,0.2652587891,-0.4996948242,0.6353759766,0.5255737305
48665397.0,3968.0,0.0,0.12890625,1.93359375,-1.2890625,0
48668429.0,3032.0,1.0,0.2617797852,-0.5029296875,0.6358032227,0.5237426758
48671397.0,2968.0,0.0,-0.890625,2.046875,-1.01953125,0
48676429.0,5032.0,1.0,0.2579345703,-0.5067138672,0.6353759766,0.5224609375
48679397.0,2968.0,0.0,-1.71875,2.43359375,-0.4140625,0
48686429.0,7032.0,1.0,0.2537841797,-0.5109863281,0.6341552734,0.5218505859
48689397.0,2968.0,0.0,-1.828125,2.34765625,0.20703125,0
48697429.0,8032.0,1.0,0.2492675781,-0.5155639648,0.6321411133,0.5219726563
48700397.0,2968.0,0.0,-1.078125,1.92578125,1.01953125,0
48706429.0,6032.0,1.0,0.2444458008,-0.5201416016,0.629699707,0.5227050781
48709397.0,2968.0,0.0,0.1328125,1.60546875,1.7109375,0
48716429.0,7032.0,1.0,0.2396240234,-0.5245361328,0.6270751953,0.5236206055
48719397.0,2968.0,0.0,2.64453125,1.015625,2.078125,0
48726429.0,7032.0,1.0,0.2340087891,-0.5293579102,0.6242675781,0.5247192383
48729397.0,2968.0,0.0,2.66015625,0.71484375,1.95703125,0
48736429.0,7032.0,1.0,0.2286376953,-0.5335693359,0.6219482422,0.5255737305
48739397.0,2968.0,0.0,2.4453125,0.5,1.64453125,0
48747429.0,8032.0,1.0,0.2232055664,-0.5374145508,0.6201782227,0.5260620117
48750397.0,2968.0,0.0,1.6484375,-0.10546875,1.03125,0
48757429.0,7032.0,1.0,0.2178344727,-0.5408325195,0.6189575195,0.5262451172
48760397.0,2968.0,0.0,-2.60546875,0.3984375,0.3046875,0
48766429.0,6032.0,1.0,0.2125244141,-0.5435180664,0.6184082031,0.5263061523
48769397.0,2968.0,0.0,-3.75390625,-0.0234375,0.6953125,0
48776429.0,7032.0,1.0,0.2072753906,-0.5455932617,0.618347168,0.5263061523
48779397.0,2968.0,0.0,-4.29296875,-1.2578125,1.00390625,0
48787429.0,8032.0,1.0,0.2017822266,-0.5471191406,0.6190185547,0.5261230469
48790397.0,2968.0,0.0,-4.64453125,-1.92578125,2.0546875,0
48796429.0,6032.0,1.0,0.1964111328,-0.5479736328,0.6204833984,0.5255737305
48799397.0,2968.0,0.0,-5.50390625,-3.52734375,3.328125,0
48812429.0,13032.0,1.0,0.1912841797,-0.5479736328,0.6229858398,0.5243530273
48817397.0,4968.0,0.0,-4.6875,-3.39453125,5.34375,0
48819429.0,2032.0,1.0,0.1864624023,-0.5471191406,0.626953125,0.5223388672
48827429.0,8000.0,1.0,0.1820068359,-0.5451049805,0.6328125,0.5189819336
48830397.0,2968.0,0.0,-4.3046875,-4.15234375,4.7421875,0
48837429.0,7032.0,1.0,0.1785888672,-0.5419921875,0.6401367188,0.5144042969
48840397.0,2968.0,0.0,-4.4453125,-4.0234375,3.74609375,0
48846429.0,6032.0,1.0,0.1760253906,-0.5377197266,0.6491088867,0.5084838867
48849397.0,2968.0,0.0,-5.11328125,-3.3046875,2.30859375,0
48857429.0,8032.0,1.0,0.1740722656,-0.5325317383,0.6591186523,0.5016479492
48860397.0,2968.0,0.0,-6.52734375,-1.3203125,0.95703125,0
48866429.0,6032.0,1.0,0.1721191406,-0.5267333984,0.6693725586,0.4948730469
48869397.0,2968.0,0.0,-9.8515625,2.546875,-0.7421875,0
48877429.0,8032.0,1.0,0.1696777344,-0.5202026367,0.6795654297,0.4887084961
48880397.0,2968.0,0.0,-11.35546875,3.94140625,-1.765625,0
48886429.0,6032.0,1.0,0.1665649414,-0.5131835938,0.6890869141,0.4838256836
48889397.0,2968.0,0.0,-12.6171875,5.6640625,-3.11328125,0
48897429.0,8032.0,1.0,0.1625366211,-0.5056762695,0.6978149414,0.4805297852
48900397.0,2968.0,0.0,-14.15625,7.32421875,-4.25390625,0
48912429.0,12032.0,1.0,0.1576538086,-0.4979858398,0.7053222656,0.4792480469
48917397.0,4968.0,0.0,-17.5625,14.9765625,-9.1015625,0
48920429.0,3032.0,1.0,0.1508789063,-0.4891357422,0.7120361328,0.4805908203
48923397.0,2968.0,0.0,-17.6953125,14.8046875,-9.078125,0
48927429.0,4032.0,1.0,0.1412353516,-0.4790039063,0.7172241211,0.4859619141
48930397.0,2968.0,0.0,-17.23046875,17.03515625,-9.39453125,0
48937429.0,7032.0,1.0,0.1302490234,-0.4697265625,0.7194213867,0.4948120117
48940397.0,2968.0,0.0,-16.3671875,18.02734375,-8.92578125,0
48947429.0,7032.0,1.0,0.1163330078,-0.4591674805,0.7196044922,0.5077514648
48950397.0,2968.0,0.0,-11.8203125,8.25,-4.89453125,0
48957429.0,7032.0,1.0,0.1036987305,-0.4479370117,0.7203979492,0.5192871094
48960397.0,2968.0,0.0,-8.11328125,-1.609375,-3.3046875,0
48966429.0,6032.0,1.0,0.0952148438,-0.4338989258,0.7258911133,0.5251464844
48969397.0,2968.0,0.0,-5.12109375,-8.0625,-1.08984375,0
48977429.0,8032.0,1.0,0.0880126953,-0.4182739258,0.7302246094,0.5329589844
48980397.0,2968.0,0.0,-5.63671875,24.77734375,-0.1875,0
48992429.0,12032.0,1.0,0.0789794922,-0.4030151367,0.7265014648,0.5509643555
48997397.0,4968.0,0.0,2.77734375,13.56640625,-15.2890625,0
49000429.0,3032.0,1.0,0.0689086914,-0.3871459961,0.7145996094,0.5786132813
49003397.0,2968.0,0.0,6.65234375,9.8515625,-15.0546875,0
49007429.0,4032.0,1.0,0.0599365234,-0.3704833984,0.6955566406,0.6126098633
49010397.0,2968.0,0.0,6.58203125,9.4921875,-15.8203125,0
49017429.0,7032.0,1.0,0.0559692383,-0.3561401367,0.6762695313,0.6423950195
49020397.0,2968.0,0.0,2.5390625,-8.40234375,-9.91796875,0
49027429.0,7032.0,1.0,0.0567626953,-0.3421630859,0.6553955078,0.6709594727
49030397.0,2968.0,0.0,2.32421875,-10.87890625,-4.1875,0
49037429.0,7032.0,1.0,0.0619506836,-0.3295288086,0.6334838867,0.6973266602
49040397.0,2968.0,0.0,2.68359375,-14.36328125,-4.72265625,0
49049429.0,9032.0,1.0,0.0704345703,-0.3193359375,0.6109619141,0.7209472656
49052397.0,2968.0,0.0,3.859375,-16.38671875,-3.79296875,0
49059429.0,7032.0,1.0,0.0827636719,-0.310546875,0.5862426758,0.7436523438
49062397.0,2968.0,0.0,8.625,-23.140625,-3.05078125,0
49066429.0,4032.0,1.0,0.0983276367,-0.3037719727,0.5631103516,0.7622680664
49069397.0,2968.0,0.0,10.7734375,-24.04296875,-1.58984375,0
49076429.0,7032.0,1.0,0.1179199219,-0.2981567383,0.5418701172,0.7769165039
49079397.0,2968.0,0.0,13.17578125,-23.0859375,-1.2109375,0
49088429.0,9032.0,1.0,0.1387329102,-0.2940063477,0.5249023438,0.7866210938
49091397.0,2968.0,0.0,14.2734375,-20.24609375,-0.51171875,0
49099429.0,8032.0,1.0,0.1618041992,-0.2907104492,0.5093994141,0.7936401367
49102397.0,2968.0,0.0,13.66015625,-14.35546875,0.046875,0
49106429.0,4032.0,1.0,0.1854248047,-0.2883300781,0.4952392578,0.7982177734
49109397.0,2968.0,0.0,12.8046875,-12.51171875,0.03515625,0
49116429.0,7032.0,1.0,0.2091674805,-0.2867431641,0.4821777344,0.8009643555
49119397.0,2968.0,0.0,11.58984375,-10.0546875,-0.40234375,0
49127429.0,8032.0,1.0,0.232421875,-0.2857666016,0.4697265625,0.8022460938
49130397.0,2968.0,0.0,10.17578125,-7.6171875,-0.7265625,0
49137429.0,7032.0,1.0,0.2545166016,-0.2855834961,0.4575195313,0.802734375
49140397.0,2968.0,0.0,8.62890625,-5.99609375,-0.34765625,0
49152429.0,12032.0,1.0,0.2739257813,-0.2858886719,0.4464111328,0.8024902344
49156397.0,3968.0,0.0,8.2109375,-6.2734375,0.91015625,0
49159429.0,3032.0,1.0,0.2929077148,-0.2865600586,0.4357910156,0.8013305664
49162397.0,2968.0,0.0,8.625,-6.58984375,0.953125,0
49167429.0,5032.0,1.0,0.3124389648,-0.2873535156,0.4257202148,0.7991333008
49170397.0,2968.0,0.0,9.140625,-6.24609375,1.31640625,0
49177429.0,7032.0,1.0,0.3288574219,-0.2880859375,0.4179077148,0.7963867188
49180397.0,2968.0,0.0,9.44140625,-5.64453125,1.35546875,0
49187429.0,7032.0,1.0,0.3448486328,-0.2890625,0.4107055664,0.7930297852
49190397.0,2968.0,0.0,9.3203125,-5.25,1.4296875,0
49197429.0,7032.0,1.0,0.3599243164,-0.2902832031,0.4041748047,0.7891845703
49200397.0,2968.0,0.0,9.23828125,-5.3125,1.5625,0
49207429.0,7032.0,1.0,0.3737792969,-0.2915649414,0.3987426758,0.7850341797
49210397.0,2968.0,0.0,8.2578125,-5.4453125,2.296875,0
49217429.0,7032.0,1.0,0.3869628906,-0.2928466797,0.3943481445,0.7803955078
49220397.0,2968.0,0.0,7.1171875,-5.0234375,2.08984375,0
49229429.0,9032.0,1.0,0.3987426758,-0.2939453125,0.3913574219,0.7755737305
49232397.0,2968.0,0.0,5.81640625,-3.96875,1.890625,0
49239429.0,7032.0,1.0,0.4103393555,-0.2950439453,0.3890991211,0.7702026367
49242397.0,2968.0,0.0,4.60546875,-2.1640625,1.40625,0
49246429.0,4032.0,1.0,0.4208984375,-0.2963256836,0.3873291016,0.7648925781
49249397.0,2968.0,0.0,3.80078125,-0.37109375,0.51953125,0
49257429.0,8032.0,1.0,0.4305419922,-0.2979125977,0.3854980469,0.7598266602
49260397.0,2968.0,0.0,3.99609375,-0.07421875,0.1875,0
49267429.0,7032.0,1.0,0.4392700195,-0.2999267578,0.3835449219,0.7549438477
49270397.0,2968.0,0.0,4.1484375,-0.28125,-0.04296875,0
49277429.0,7032.0,1.0,0.4467773438,-0.3020629883,0.3817749023,0.7505493164
49280397.0,2968.0,0.0,4.06640625,-0.19140625,0.1328125,0
49286429.0,6032.0,1.0,0.4533691406,-0.3041992188,0.3803710938,0.7464599609
49289397.0,2968.0,0.0,3.484375,0.0703125,0.2578125,0
49297429.0,8032.0,1.0,0.4595947266,-0.3065795898,0.3792724609,0.7422485352
49300397.0,2968.0,0.0,2.79296875,-0.16015625,0.38671875,0
49307429.0,7032.0,1.0,0.4650878906,-0.3089599609,0.3786010742,0.7381591797
49310397.0,2968.0,0.0,2.16796875,-0.33203125,0.2109375,0
49317429.0,7032.0,1.0,0.469909668,-0.3112792969,0.3786621094,0.7341308594
49320397.0,2968.0,0.0,1.66015625,-0.62890625,-0.25390625,0
49332429.0,12032.0,1.0,0.4740600586,-0.313293457,0.3794555664,0.7301635742
49336397.0,3968.0,0.0,1.578125,0.92578125,-1.41796875,0
49339429.0,3032.0,1.0,0.4777832031,-0.3154296875,0.3807373047,0.7261352539
49342397.0,2968.0,0.0,1.609375,0.98046875,-1.37109375,0
49346429.0,4032.0,1.0,0.4808959961,-0.3178100586,0.3821411133,0.7222900391
49349397.0,2968.0,0.0,1.80078125,1.45703125,-1.31640625,0
49357429.0,8032.0,1.0,0.4832763672,-0.3206176758,0.3833618164,0.7188110352
49360397.0,2968.0,0.0,1.83203125,1.62890625,-1.26953125,0
49367429.0,7032.0,1.0,0.4851074219,-0.3234863281,0.3846435547,0.7155761719
49370397.0,2968.0,0.0,0.80078125,1.0546875,-2.328125,0
49377429.0,7032.0,1.0,0.4865112305,-0.3261108398,0.3861694336,0.7126464844
49381397.0,3968.0,0.0,0.29296875,1.0859375,-2.87890625,0
49387429.0,6032.0,1.0,0.487487793,-0.3284912109,0.3878173828,0.7099609375
49390397.0,2968.0,0.0,0.09375,0.84765625,-3.3671875,0
49397429.0,7032.0,1.0,0.4881591797,-0.3306884766,0.3896484375,0.7074584961
49400397.0,2968.0,0.0,-0.07421875,0.48828125,-3.91796875,0
49407429.0,7032.0,1.0,0.4885253906,-0.3327636719,0.3916015625,0.7052001953
49410397.0,2968.0,0.0,-0.26953125,0.3125,-3.6640625,0
49417429.0,7032.0,1.0,0.4885253906,-0.334777832,0.3935546875,0.703125
49421397.0,3968.0,0.0,-0.79296875,0.7421875,-3.30078125,0
49427429.0,6032.0,1.0,0.4882202148,-0.3367919922,0.3955688477,0.7012329102
49430397.0,2968.0,0.0,-1.14453125,1.0859375,-2.86328125,0
49437429.0,7032.0,1.0,0.4876098633,-0.3388671875,0.3975219727,0.6995849609
49440397.0,2968.0,0.0,-0.8984375,-0.20703125,-1.31640625,0
49447429.0,7032.0,1.0,0.4865722656,-0.341003418,0.3995361328,0.6981201172
49450397.0,2968.0,0.0,-1.10546875,-1.09765625,-0.44921875,0
49457429.0,7032.0,1.0,0.4851074219,-0.3432006836,0.4017944336,0.6967163086
49461397.0,3968.0,0.0,-1.2734375,-1.79296875,-0.30078125,0
49467429.0,6032.0,1.0,0.4833374023,-0.3452758789,0.4045410156,0.6953735352
49470397.0,2968.0,0.0,-1.515625,-2.34765625,-0.9296875,0
49477429.0,7032.0,1.0,0.4815063477,-0.3469238281,0.4078369141,0.6938476563
49480397.0,2968.0,0.0,-1.609375,-1.53515625,-2.3046875,0
49487429.0,7032.0,1.0,0.4794921875,-0.3485107422,0.412109375,0.6919555664
49490397.0,2968.0,0.0,-1.73828125,-0.9609375,-3.4765625,0
49497429.0,7032.0,1.0,0.4776611328,-0.3500366211,0.4165649414,0.6897583008
49500397.0,2968.0,0.0,-1.24609375,-0.15625,-3.62109375,0
49507429.0,7032.0,1.0,0.4757080078,-0.3519287109,0.4211425781,0.6873779297
49510397.0,2968.0,0.0,-1.109375,0.078125,-2.59765625,0
49517429.0,7032.0,1.0,0.4737548828,-0.3542480469,0.4254760742,0.6848754883
49520397.0,2968.0,0.0,-1.0,1.34375,-2.64453125,0
49532429.0,12032.0,1.0,0.471862793,-0.3567504883,0.4289550781,0.6826782227
49536397.0,3968.0,0.0,-2.08203125,1.375,-3.4765625,0
49539429.0,3032.0,1.0,0.4697265625,-0.3598632813,0.4322509766,0.6804199219
49542397.0,2968.0,0.0,-2.234375,1.12890625,-3.3671875,0
49547429.0,5032.0,1.0,0.4671020508,-0.3638305664,0.4354248047,0.6781616211
49550397.0,2968.0,0.0,-2.1953125,1.12109375,-3.25,0
49557429.0,7032.0,1.0,0.4641723633,-0.3679199219,0.4384155273,0.6759643555
49560397.0,2968.0,0.0,-2.69921875,-0.640625,-2.265625,0
49567429.0,7032.0,1.0,0.4610595703,-0.3721313477,0.4415893555,0.6737670898
49570397.0,2968.0,0.0,-2.1640625,-0.0390625,-2.76171875,0
49577429.0,7032.0,1.0,0.4580688477,-0.3760986328,0.4450683594,0.6713256836
49580397.0,2968.0,0.0,-0.8203125,0.4453125,-3.671875,0
49587429.0,7032.0,1.0,0.4552612305,-0.379699707,0.4489746094,0.6685180664
49590397.0,2968.0,0.0,0.703125,1.43359375,-3.6796875,0
49597429.0,7032.0,1.0,0.4526977539,-0.3831176758,0.453125,0.6655273438
49600397.0,2968.0,0.0,-0.22265625,1.33984375,-3.66015625,0
49607429.0,7032.0,1.0,0.4501953125,-0.3865356445,0.4575805664,0.6622314453
49610397.0,2968.0,0.0,-1.37890625,0.90234375,-3.94921875,0
49617429.0,7032.0,1.0,0.4475097656,-0.3900756836,0.4619750977,0.6588745117
49620397.0,2968.0,0.0,-2.56640625,3.30078125,-4.16015625,0
49627429.0,7032.0,1.0,0.4448242188,-0.3936157227,0.4660644531,0.6557617188
49630397.0,2968.0,0.0,-4.83984375,0.4140625,-4.75390625,0
49637429.0,7032.0,1.0,0.442199707,-0.3967895508,0.4705200195,0.6524047852
49640397.0,2968.0,0.0,-5.0078125,0.85546875,-5.42578125,0
49647429.0,7032.0,1.0,0.4398803711,-0.3992919922,0.4755249023,0.6488037109
49650397.0,2968.0,0.0,-5.0625,1.36328125,-4.8828125,0
49657429.0,7032.0,1.0,0.4376220703,-0.4014892578,0.48046875,0.645324707
49660397.0,2968.0,0.0,-5.0390625,1.8671875,-5.24609375,0
49667429.0,7032.0,1.0,0.4353637695,-0.4036254883,0.4847412109,0.6423950195
49670397.0,2968.0,0.0,-4.515625,1.62109375,-6.35546875,0
49677429.0,7032.0,1.0,0.4326171875,-0.4060668945,0.489074707,0.6393432617
49680397.0,2968.0,0.0,-3.92578125,-0.01953125,-4.61328125,0
49689429.0,9032.0,1.0,0.4301757813,-0.4082641602,0.4932861328,0.6363525391
49692397.0,2968.0,0.0,-4.02734375,-1.0390625,-3.9296875,0
49699429.0,7032.0,1.0,0.4278564453,-0.41015625,0.4978027344,0.6331787109
49702397.0,2968.0,0.0,-4.62890625,-0.9140625,-3.6796875,0
49706429.0,4032.0,1.0,0.4258422852,-0.4116821289,0.5025024414,0.6298217773
49709397.0,2968.0,0.0,-5.2265625,-0.71875,-4.0703125,0
49717429.0,8032.0,1.0,0.4240722656,-0.412902832,0.5072631836,0.6263427734
49720397.0,2968.0,0.0,-4.80078125,0.1328125,-5.015625,0
49727429.0,7032.0,1.0,0.4227294922,-0.4138793945,0.5119018555,0.6228637695
49730397.0,2968.0,0.0,-4.3984375,0.4140625,-5.4453125,0
49737429.0,7032.0,1.0,0.4216308594,-0.4147338867,0.516418457,0.6192626953
49740397.0,2968.0,0.0,-3.671875,1.93359375,-5.82421875,0
49747429.0,7032.0,1.0,0.4205932617,-0.4158935547,0.5205688477,0.6157836914
49750397.0,2968.0,0.0,-0.8984375,1.15234375,-2.27734375,0
49757429.0,7032.0,1.0,0.4193725586,-0.4175415039,0.5242919922,0.6123046875
49761397.0,3968.0,0.0,-0.35546875,1.953125,-1.90625,0
49767429.0,6032.0,1.0,0.4180297852,-0.4196166992,0.5274047852,0.6090698242
49770397.0,2968.0,0.0,-0.5,1.76171875,-2.2578125,0
49777429.0,7032.0,1.0,0.4165039063,-0.4222412109,0.5298461914,0.606262207
49780397.0,2968.0,0.0,-1.90234375,1.92578125,-3.49609375,0
49787429.0,7032.0,1.0,0.4149780273,-0.4251098633,0.5316162109,0.6037597656
49790397.0,2968.0,0.0,-1.92578125,2.0078125,-4.3671875,0
49797429.0,7032.0,1.0,0.4134521484,-0.4281005859,0.5329589844,0.6014404297
49801397.0,3968.0,0.0,-1.87890625,2.72265625,-4.734375,0
49807429.0,6032.0,1.0,0.4119873047,-0.4312744141,0.533996582,0.5992431641
49810397.0,2968.0,0.0,-1.51953125,1.94140625,-3.58203125,0
49817429.0,7032.0,1.0,0.4104614258,-0.434387207,0.5350341797,0.5971069336
49820397.0,2968.0,0.0,-1.43359375,0.890625,-1.015625,0
49827429.0,7032.0,1.0,0.4088745117,-0.4375,0.5361938477,0.594909668
49830397.0,2968.0,0.0,-1.578125,0.06640625,-0.23828125,0
49837429.0,7032.0,1.0,0.4071655273,-0.4404296875,0.5374755859,0.5927124023
49841397.0,3968.0,0.0,-1.11328125,-0.1484375,-0.19140625,0
49847429.0,6032.0,1.0,0.405456543,-0.4431762695,0.5389404297,0.5905761719
49850397.0,2968.0,0.0,-0.484375,-0.37109375,-0.765625,0
49857429.0,7032.0,1.0,0.4038696289,-0.4454956055,0.5405883789,0.5884399414
49860397.0,2968.0,0.0,0.0078125,-1.09765625,-0.33203125,0
49867429.0,7032.0,1.0,0.4020385742,-0.4478149414,0.5427856445,0.5858764648
49870397.0,2968.0,0.0,-0.484375,-1.66796875,-0.5546875,0
49877429.0,7032.0,1.0,0.4003295898,-0.4496459961,0.5454101563,0.5831298828
49881397.0,3968.0,0.0,-1.44140625,-1.55078125,-0.1171875,0
49887429.0,6032.0,1.0,0.3987426758,-0.451171875,0.5482788086,0.5803833008
49890397.0,2968.0,0.0,-2.24609375,-1.13671875,0.0625,0
49900429.0,10032.0,1.0,0.3970947266,-0.4523925781,0.551574707,0.5774536133
49903397.0,2968.0,0.0,-1.6015625,-0.83984375,-0.265625,0
49907429.0,4032.0,1.0,0.3955688477,-0.4533081055,0.5551757813,0.5743408203
49910397.0,2968.0,0.0,-1.10546875,-0.51171875,-0.69921875,0
49917429.0,7032.0,1.0,0.3941650391,-0.4540405273,0.5587768555,0.5711669922
49920397.0,2968.0,0.0,0.19140625,-0.6328125,-1.3359375,0
49927429.0,7032.0,1.0,0.3928222656,-0.4548339844,0.5621948242,0.5680541992
49930397.0,2968.0,0.0,1.03515625,-0.53515625,-0.78125,0
49937429.0,7032.0,1.0,0.3913574219,-0.4560546875,0.565246582,0.5651245117
49940397.0,2968.0,0.0,1.484375,-0.76171875,-0.87890625,0
49947429.0,7032.0,1.0,0.3895874023,-0.4577636719,0.5678710938,0.5623168945
49950397.0,2968.0,0.0,0.3671875,-0.03515625,-0.171875,0
49957429.0,7032.0,1.0,0.3875732422,-0.4599609375,0.5700073242,0.559753418
49960397.0,2968.0,0.0,-0.484375,0.04296875,0.0,0
49967429.0,7032.0,1.0,0.3854370117,-0.4624633789,0.5715942383,0.5574951172
49970397.0,2968.0,0.0,-0.56640625,1.96484375,-0.4609375,0
49977429.0,7032.0,1.0,0.3833007813,-0.4651489258,0.5727539063,0.5555419922
49980397.0,2968.0,0.0,0.23828125,2.01171875,-1.26171875,0
49987429.0,7032.0,1.0,0.3812866211,-0.467956543,0.5736083984,0.5537109375
49990397.0,2968.0,0.0,1.41796875,2.1015625,-2.140625,0
49998429.0,8032.0,1.0,0.3792724609,-0.4708251953,0.57421875,0.5520019531
50001397.0,2968.0,0.0,2.2578125,1.50390625,-1.19140625,0
50007429.0,6032.0,1.0,0.376953125,-0.4739990234,0.5747680664,0.5503540039
50010397.0,2968.0,0.0,1.76171875,-0.08984375,2.21875,0
50017429.0,7032.0,1.0,0.3743286133,-0.4772338867,0.575378418,0.5487060547
50020397.0,2968.0,0.0,0.71875,-0.234375,2.375,0
50027429.0,7032.0,1.0,0.3715209961,-0.4802856445,0.5762329102,0.5469970703
50030397.0,2968.0,0.0,-0.1015625,0.3046875,2.18359375,0
50038429.0,8032.0,1.0,0.3687744141,-0.4829711914,0.5775146484,0.5451660156
50041397.0,2968.0,0.0,-0.109375,0.15625,1.88671875,0
50047429.0,6032.0,1.0,0.366394043,-0.4850463867,0.5791625977,0.5432128906
50050397.0,2968.0,0.0,0.02734375,-0.5390625,0.39453125,0
50057429.0,7032.0,1.0,0.3638916016,-0.4868774414,0.5814208984,0.5407714844
50060397.0,2968.0,0.0,0.12890625,-1.0078125,0.44140625,0
50067429.0,7032.0,1.0,0.3616333008,-0.48828125,0.5840454102,0.538269043
50070397.0,2968.0,0.0,0.2578125,-1.93359375,0.61328125,0
50078429.0,8032.0,1.0,0.3592529297,-0.489440918,0.5870361328,0.5355224609
50081397.0,2968.0,0.0,-0.06640625,-1.375,1.47265625,0
50087429.0,6032.0,1.0,0.3568725586,-0.4904785156,0.5900878906,0.5327758789
50090397.0,2968.0,0.0,0.48828125,-1.54296875,3.4375,0
50097429.0,7032.0,1.0,0.3542480469,-0.4915161133,0.5935668945,0.5297241211
50100397.0,2968.0,0.0,0.5,-0.91015625,3.15625,0
50107429.0,7032.0,1.0,0.3516235352,-0.4924316406,0.5971679688,0.526550293
50110397.0,2968.0,0.0,0.125,-0.46484375,2.0625,0
50118429.0,8032.0,1.0,0.3492431641,-0.493347168,0.6005249023,0.5234375
50121397.0,2968.0,0.0,-0.40234375,-0.51953125,0.8515625,0
50133429.0,12032.0,1.0,0.3470458984,-0.4943847656,0.6036376953,0.5203857422
50138429.0,5000.0,1.0,0.3447265625,-0.4956665039,0.6065673828,0.5172729492
50140397.0,1968.0,0.0,-1.41015625,0.1953125,-0.5234375,0
50147429.0,7032.0,1.0,0.3422851563,-0.4973754883,0.6090087891,0.5143432617
50150397.0,2968.0,0.0,-1.046875,1.0,-0.0078125,0
50158429.0,8032.0,1.0,0.3396606445,-0.4996948242,0.6106567383,0.5119018555
50161397.0,2968.0,0.0,-0.11328125,1.6953125,0.8359375,0
50167429.0,6032.0,1.0,0.3365478516,-0.5026245117,0.6116333008,0.5099487305
50170397.0,2968.0,0.0,2.16015625,0.46875,3.375,0
50177429.0,7032.0,1.0,0.3331298828,-0.5061035156,0.6120605469,0.5082397461
50180397.0,2968.0,0.0,1.67578125,0.59375,2.79296875,0
50188429.0,8032.0,1.0,0.329284668,-0.5099487305,0.612121582,0.5067138672
50191397.0,2968.0,0.0,0.3984375,1.7421875,1.53125,0
50197429.0,6032.0,1.0,0.3254394531,-0.5139770508,0.6119384766,0.5054931641
50200397.0,2968.0,0.0,-0.66796875,1.625,-1.50390625,0
50207429.0,7032.0,1.0,0.3216552734,-0.5178222656,0.6115112305,0.5043945313
50210397.0,2968.0,0.0,-0.421875,1.85546875,-2.0390625,0
50217429.0,7032.0,1.0,0.3179931641,-0.5215454102,0.6109619141,0.5035400391
50220397.0,2968.0,0.0,0.55078125,1.3203125,-1.5546875,0
50227429.0,7032.0,1.0,0.3143310547,-0.5252075195,0.6104125977,0.5026855469
50230397.0,2968.0,0.0,0.91796875,0.4296875,-0.46484375,0
50237429.0,7032.0,1.0,0.3103637695,-0.5288696289,0.6098632813,0.5020751953
50240397.0,2968.0,0.0,0.73828125,0.546875,2.48046875,0
50247429.0,7032.0,1.0,0.3055419922,-0.5328979492,0.6091308594,0.5016479492
50250397.0,2968.0,0.0,0.6015625,-0.19921875,3.61328125,0
50257429.0,7032.0,1.0,0.3004760742,-0.5366821289,0.6085205078,0.5014038086
50260397.0,2968.0,0.0,0.33203125,0.125,4.09765625,0
50267429.0,7032.0,1.0,0.2951049805,-0.5402832031,0.608215332,0.501159668
50270397.0,2968.0,0.0,-0.42578125,0.16015625,3.1640625,0
50277429.0,7032.0,1.0,0.2899169922,-0.5432739258,0.608215332,0.5008544922
50280397.0,2968.0,0.0,-1.57421875,-0.4453125,1.04296875,0
50287429.0,7032.0,1.0,0.2843017578,-0.546081543,0.6087646484,0.5003662109
50290397.0,2968.0,0.0,-1.65234375,-1.21875,0.1171875,0
50297429.0,7032.0,1.0,0.2791748047,-0.5482788086,0.6097412109,0.4996337891
50301397.0,3968.0,0.0,-2.08203125,-0.98828125,-0.5390625,0
50307429.0,6032.0,1.0,0.2743530273,-0.5500488281,0.6112060547,0.4985961914
50310397.0,2968.0,0.0,-2.50390625,-0.578125,-0.69921875,0
50320429.0,10032.0,1.0,0.2694091797,-0.5516357422,0.6129150391,0.4974365234
50323397.0,2968.0,0.0,-1.171875,-1.2734375,2.015625,0
50327429.0,4032.0,1.0,0.2642211914,-0.5531005859,0.6148681641,0.4961547852
50330397.0,2968.0,0.0,-0.4609375,-0.140625,3.28125,0
50337429.0,7032.0,1.0,0.2587890625,-0.5545043945,0.6169433594,0.4948730469
50340397.0,2968.0,0.0,-0.44140625,0.03125,3.3125,0
50347429.0,7032.0,1.0,0.2531738281,-0.5559082031,0.6188964844,0.4937744141
50350397.0,2968.0,0.0,-0.53125,-0.328125,3.08203125,0
50357429.0,7032.0,1.0,0.2475585938,-0.5571899414,0.6207885742,0.4928588867
50360397.0,2968.0,0.0,-1.125,-1.38671875,1.73828125,0
50367429.0,7032.0,1.0,0.2418212891,-0.5583496094,0.6226806641,0.4920043945
50370397.0,2968.0,0.0,-1.953125,-1.37109375,1.30859375,0
50378429.0,8032.0,1.0,0.2360839844,-0.5592651367,0.6246948242,0.4911499023
50381397.0,2968.0,0.0,-3.05078125,-1.328125,0.3359375,0
50387429.0,6032.0,1.0,0.2305908203,-0.5598754883,0.6270141602,0.4901123047
50390397.0,2968.0,0.0,-5.9375,-0.05078125,-1.4765625,0
50397429.0,7032.0,1.0,0.2252197266,-0.5601806641,0.6295776367,0.4890136719
50400397.0,2968.0,0.0,-7.65625,0.41796875,1.0078125,0
50407429.0,7032.0,1.0,0.2197265625,-0.5600585938,0.6325683594,0.4877929688
50410397.0,2968.0,0.0,-8.24609375,-1.0703125,2.1328125,0
50418429.0,8032.0,1.0,0.2144775391,-0.5594482422,0.6361694336,0.4861450195
50421397.0,2968.0,0.0,-8.1640625,-0.796875,2.13671875,0
50427429.0,6032.0,1.0,0.2096557617,-0.5580444336,0.640625,0.4840087891
50430397.0,2968.0,0.0,-8.42578125,-0.30078125,1.75390625,0
50437429.0,7032.0,1.0,0.2051391602,-0.555480957,0.6467285156,0.4807128906
50440397.0,2968.0,0.0,-8.7890625,-1.25390625,1.80859375,0
50447429.0,7032.0,1.0,0.2018432617,-0.5516967773,0.6544189453,0.4760742188
50450397.0,2968.0,0.0,-9.984375,-0.39453125,1.95703125,0
50458429.0,8032.0,1.0,0.1996459961,-0.5465698242,0.6635742188,0.4702148438
50461397.0,2968.0,0.0,-11.6875,0.8203125,1.98828125,0
50473429.0,12032.0,1.0,0.1986083984,-0.5401000977,0.6738891602,0.4633789063
50478397.0,4968.0,0.0,-15.53515625,7.1796875,-3.01171875,0
50481429.0,3032.0,1.0,0.1983032227,-0.532043457,0.6854248047,0.455871582
50484397.0,2968.0,0.0,-16.89453125,10.98046875,-5.55859375,0
50488429.0,4032.0,1.0,0.1979980469,-0.5215454102,0.6987304688,0.4478149414
50491397.0,2968.0,0.0,-17.01171875,10.93359375,-5.42578125,0
50498429.0,7032.0,1.0,0.1968994141,-0.5114135742,0.7098999023,0.4423828125
50501397.0,2968.0,0.0,-18.33984375,14.6953125,-8.23828125,0
50507429.0,6032.0,1.0,0.194152832,-0.4997558594,0.7205810547,0.4396972656
50510397.0,2968.0,0.0,-19.015625,20.65234375,-10.55078125,0
50517429.0,7032.0,1.0,0.1889648438,-0.4872436523,0.7292480469,0.4416503906
50520397.0,2968.0,0.0,-16.82421875,19.7890625,-11.61328125,0
50527429.0,7032.0,1.0,0.1804199219,-0.4750976563,0.7346801758,0.4494628906
50530397.0,2968.0,0.0,-13.83984375,20.91796875,-11.25390625,0
50538429.0,8032.0,1.0,0.1677246094,-0.4633178711,0.7362670898,0.4638061523
50541397.0,2968.0,0.0,-9.91015625,19.8359375,-10.1953125,0
50553429.0,12032.0,1.0,0.1526489258,-0.4526977539,0.7342529297,0.4822998047
50558397.0,4968.0,0.0,-4.078125,-6.7109375,-2.890625,0
50561429.0,3032.0,1.0,0.1370239258,-0.4405517578,0.7317504883,0.5016479492
50564397.0,2968.0,0.0,-2.30859375,18.7421875,-8.1875,0
50568429.0,4032.0,1.0,0.1209716797,-0.4265136719,0.7261962891,0.525390625
50571397.0,2968.0,0.0,-2.48046875,18.2734375,-8.578125,0
50578429.0,7032.0,1.0,0.1052246094,-0.4143676758,0.7114868164,0.5576782227
50581397.0,2968.0,0.0,9.72265625,13.46484375,-13.625,0
50587429.0,6032.0,1.0,0.0907592773,-0.401550293,0.6880493164,0.5975341797
50590397.0,2968.0,0.0,5.56640625,-1.0078125,-14.26953125,0
50598429.0,8032.0,1.0,0.0828857422,-0.3882446289,0.6627807617,0.6349487305
50601397.0,2968.0,0.0,0.625,-8.7734375,-6.953125,0
50610429.0,9032.0,1.0,0.0813598633,-0.376159668,0.6379394531,0.6669921875
50613397.0,2968.0,0.0,1.23828125,-9.99609375,-5.8125,0
50620429.0,7032.0,1.0,0.0845336914,-0.3645629883,0.6099243164,0.6985473633
50623397.0,2968.0,0.0,6.3359375,-18.4453125,-3.0703125,0
50628429.0,5032.0,1.0,0.0923461914,-0.3543701172,0.5817260742,0.7262573242
50631397.0,2968.0,0.0,7.203125,-22.94140625,-3.41796875,0
50637429.0,6032.0,1.0,0.1051635742,-0.3451538086,0.5534667969,0.7506713867
50640397.0,2968.0,0.0,8.6484375,-24.8515625,-3.72265625,0
50649429.0,9032.0,1.0,0.1215209961,-0.3375854492,0.5282592773,0.76953125
50652397.0,2968.0,0.0,11.046875,-25.0859375,-3.2578125,0
50660429.0,8032.0,1.0,0.1410522461,-0.3313598633,0.5054931641,0.7840576172
50663397.0,2968.0,0.0,12.765625,-21.78515625,-0.16796875,0
50667429.0,4032.0,1.0,0.1631469727,-0.3262939453,0.485168457,0.7946777344
50670397.0,2968.0,0.0,12.6484375,-20.875,0.859375,0
50677429.0,7032.0,1.0,0.1871337891,-0.3221435547,0.4671630859,0.8018188477
50680397.0,2968.0,0.0,12.55859375,-18.4765625,0.98828125,0
50688429.0,8032.0,1.0,0.2112426758,-0.3189086914,0.4519042969,0.8059082031
50691397.0,2968.0,0.0,12.19921875,-14.640625,1.328125,0
50698429.0,7032.0,1.0,0.2351074219,-0.3165283203,0.4381713867,0.807800293
50701397.0,2968.0,0.0,9.8359375,-10.76953125,0.04296875,0
50713429.0,12032.0,1.0,0.257019043,-0.3148803711,0.4262695313,0.8081665039
50718397.0,4968.0,0.0,9.01953125,-8.52734375,-0.57421875,0
50721429.0,3032.0,1.0,0.2793579102,-0.3135375977,0.4147949219,0.8071899414
50724397.0,2968.0,0.0,8.95703125,-7.39453125,-1.16015625,0
50728429.0,4032.0,1.0,0.3022460938,-0.3125610352,0.4036865234,0.8049926758
50731397.0,2968.0,0.0,9.16796875,-6.71484375,-0.9375,0
50738429.0,7032.0,1.0,0.3215332031,-0.3120117188,0.3946533203,0.8021850586
50741397.0,2968.0,0.0,9.7265625,-6.73046875,-0.59375,0
50748429.0,7032.0,1.0,0.3402099609,-0.3118286133,0.3862915039,0.7986450195
50751397.0,2968.0,0.0,10.36328125,-7.40234375,0.0,0
50758429.0,7032.0,1.0,0.3578491211,-0.3118896484,0.37890625,0.7944335938
50761397.0,2968.0,0.0,10.48046875,-7.984375,0.41796875,0
50768429.0,7032.0,1.0,0.3744506836,-0.3117675781,0.3733520508,0.7894287109
50771397.0,2968.0,0.0,9.1015625,-7.94140625,1.29296875,0
50778429.0,7032.0,1.0,0.3904418945,-0.3112792969,0.3698730469,0.7835083008
50781397.0,2968.0,0.0,8.60546875,-6.09375,1.0390625,0
50791429.0,10032.0,1.0,0.4044189453,-0.3108520508,0.3676757813,0.7775878906
50794397.0,2968.0,0.0,8.3203125,-3.8515625,0.578125,0
50801429.0,7032.0,1.0,0.4187011719,-0.3108520508,0.3656005859,0.7709960938
50804397.0,2968.0,0.0,7.93359375,-2.9609375,0.26953125,0
50808429.0,4032.0,1.0,0.430480957,-0.311340332,0.3639526367,0.7650146484
50811397.0,2968.0,0.0,6.77734375,-2.87890625,0.0703125,0
50818429.0,7032.0,1.0,0.4411010742,-0.3120727539,0.3629760742,0.7590942383
50821397.0,2968.0,0.0,5.734375,-1.98046875,-0.17578125,0
50828429.0,7032.0,1.0,0.4509277344,-0.3129882813,0.3626098633,0.7531738281
50831397.0,2968.0,0.0,4.4921875,-0.5546875,-0.3984375,0
50838429.0,7032.0,1.0,0.4595336914,-0.3145141602,0.3620605469,0.7474975586
50841397.0,2968.0,0.0,3.34375,0.68359375,-0.6953125,0
50847429.0,6032.0,1.0,0.4665527344,-0.3168334961,0.3611450195,0.7426757813
50850397.0,2968.0,0.0,2.48828125,-1.046875,-0.98828125,0
50857429.0,7032.0,1.0,0.4730834961,-0.3197021484,0.3604125977,0.7376098633
50860397.0,2968.0,0.0,2.57421875,-2.04296875,-1.1171875,0
50868429.0,8032.0,1.0,0.4789428711,-0.3221435547,0.3608398438,0.7325439453
50871397.0,2968.0,0.0,2.51953125,-1.91015625,-1.0078125,0
50878429.0,7032.0,1.0,0.4843139648,-0.3241577148,0.362487793,0.7272949219
50881397.0,2968.0,0.0,2.63671875,-1.1875,-1.26171875,0
50888429.0,7032.0,1.0,0.4891967773,-0.3259277344,0.3650512695,0.7219848633
50891397.0,2968.0,0.0,3.01953125,-0.16796875,-2.70703125,0
50898429.0,7032.0,1.0,0.493347168,-0.3275756836,0.3679199219,0.7168579102
50902397.0,3968.0,0.0,2.97265625,0.8671875,-3.74609375,0
50911429.0,9032.0,1.0,0.4967041016,-0.3294677734,0.3707275391,0.7122802734
50914397.0,2968.0,0.0,2.62890625,2.1640625,-3.76953125,0
50921429.0,7032.0,1.0,0.4992675781,-0.3321533203,0.3731079102,0.7079467773
50925397.0,3968.0,0.0,2.09375,1.3203125,-3.65234375,0
50929429.0,4032.0,1.0,0.500793457,-0.3349609375,0.375,0.7045898438
50932397.0,2968.0,0.0,1.3984375,0.9453125,-3.63671875,0
50938429.0,6032.0,1.0,0.5017700195,-0.3374633789,0.3771362305,0.7015380859
50941397.0,2968.0,0.0,0.625,1.125,-3.94921875,0
50948429.0,7032.0,1.0,0.5023803711,-0.3395996094,0.3798217773,0.6986083984
50951397.0,2968.0,0.0,-0.03515625,1.32421875,-4.078125,0
50958429.0,7032.0,1.0,0.5026245117,-0.3413696289,0.3828125,0.6959228516
50961397.0,2968.0,0.0,-1.23828125,2.01171875,-3.1640625,0
50968429.0,7032.0,1.0,0.5023803711,-0.3430786133,0.3860473633,0.6934814453
50971397.0,2968.0,0.0,-1.671875,1.54296875,-2.25390625,0
50978429.0,7032.0,1.0,0.5015869141,-0.344909668,0.3893432617,0.6912841797
50982397.0,3968.0,0.0,-1.7578125,1.453125,-1.828125,0
50988429.0,6032.0,1.0,0.5002441406,-0.346862793,0.3927001953,0.6893310547
50991397.0,2968.0,0.0,-1.80859375,1.24609375,-2.171875,0
50998429.0,7032.0,1.0,0.4985351563,-0.3489379883,0.3959350586,0.6876831055
51001397.0,2968.0,0.0,-1.78515625,-0.1953125,-2.4765625,0
51008429.0,7032.0,1.0,0.4963989258,-0.3511962891,0.3996582031,0.6859741211
51011397.0,2968.0,0.0,-1.83203125,-0.21875,-2.66015625,0
51018429.0,7032.0,1.0,0.4940795898,-0.3533325195,0.4035644531,0.6842041016
51021397.0,2968.0,0.0,-1.9921875,-0.01953125,-2.64453125,0
51028429.0,7032.0,1.0,0.4916992188,-0.3553466797,0.4081420898,0.6821899414
51031397.0,2968.0,0.0,-2.49609375,-0.2578125,-1.9296875,0
51037429.0,6032.0,1.0,0.4893798828,-0.3571166992,0.413269043,0.6798095703
51040397.0,2968.0,0.0,-3.69140625,-0.10546875,-2.43359375,0
51048429.0,8032.0,1.0,0.487121582,-0.358581543,0.4195556641,0.6768188477
51051397.0,2968.0,0.0,-3.73828125,0.59765625,-2.95703125,0
51058429.0,7032.0,1.0,0.485168457,-0.3597412109,0.4262695313,0.6734619141
51062397.0,3968.0,0.0,-3.27734375,1.1875,-3.9140625,0
51068429.0,6032.0,1.0,0.4833374023,-0.3605957031,0.4334716797,0.6697387695
51071397.0,2968.0,0.0,-2.9375,2.03515625,-4.234375,0
51078429.0,7032.0,1.0,0.481628418,-0.3612060547,0.4413452148,0.6654663086
51081397.0,2968.0,0.0,-2.484375,2.43359375,-3.44140625,0
51093429.0,12032.0,1.0,0.4801025391,-0.3619384766,0.4484863281,0.661315918
51097397.0,3968.0,0.0,-1.0,5.625,-4.37890625,0
51100429.0,3032.0,1.0,0.4780883789,-0.3637084961,0.4553833008,0.6571655273
51103397.0,2968.0,0.0,-0.8828125,5.49609375,-5.58203125,0
51108429.0,5032.0,1.0,0.4752197266,-0.3670654297,0.4608764648,0.653503418
51111397.0,2968.0,0.0,-0.8515625,5.47265625,-5.44140625,0
51118429.0,7032.0,1.0,0.4719848633,-0.3713378906,0.4642333984,0.6509399414
51121397.0,2968.0,0.0,-4.60546875,5.73828125,-5.921875,0
51128429.0,7032.0,1.0,0.4683837891,-0.3764648438,0.4665527344,0.6489868164
51131397.0,2968.0,0.0,-5.33984375,3.06640625,-6.875,0
51138429.0,7032.0,1.0,0.4645996094,-0.381652832,0.4686279297,0.6471557617
51141397.0,2968.0,0.0,-5.9609375,0.4609375,-6.0625,0
51148429.0,7032.0,1.0,0.4609985352,-0.3864746094,0.4711914063,0.6450805664
51151397.0,2968.0,0.0,-6.49609375,1.88671875,-5.1875,0
51158429.0,7032.0,1.0,0.4575195313,-0.3906860352,0.4743041992,0.6427001953
51161397.0,2968.0,0.0,-6.01171875,1.34375,-4.90625,0
51168429.0,7032.0,1.0,0.4544677734,-0.3942260742,0.4779663086,0.6399536133
51171397.0,2968.0,0.0,-5.75,2.3984375,-5.12109375,0
51178429.0,7032.0,1.0,0.4517211914,-0.3970947266,0.4821777344,0.6369628906
51181397.0,2968.0,0.0,-5.0390625,2.64453125,-5.37890625,0
51188429.0,7032.0,1.0,0.4492797852,-0.3993530273,0.4865112305,0.6340332031
51191397.0,2968.0,0.0,-3.71484375,0.89453125,-5.0234375,0
51198429.0,7032.0,1.0,0.4467773438,-0.4011230469,0.4912719727,0.6309814453
51201397.0,2968.0,0.0,-3.23828125,-0.66796875,-5.51953125,0
51208429.0,7032.0,1.0,0.4443359375,-0.4024047852,0.4962768555,0.6279907227
51211397.0,2968.0,0.0,-3.53515625,-1.01953125,-5.27734375,0
51218429.0,7032.0,1.0,0.4418334961,-0.4032592773,0.5016479492,0.6249389648
51221397.0,2968.0,0.0,-4.90625,-0.5703125,-4.84765625,0
51227429.0,6032.0,1.0,0.4395751953,-0.4035644531,0.5070800781,0.6219482422
51230397.0,2968.0,0.0,-5.78125,-1.19921875,-2.9765625,0
51238429.0,8032.0,1.0,0.4373168945,-0.4033203125,0.5133666992,0.6184692383
51241397.0,2968.0,0.0,-5.08984375,-1.13671875,-2.7734375,0
51248429.0,7032.0,1.0,0.4353637695,-0.4027099609,0.5197753906,0.6149291992
51251397.0,2968.0,0.0,-4.2421875,-0.05859375,-3.22265625,0
51258429.0,7032.0,1.0,0.4334716797,-0.4019775391,0.5260620117,0.6113891602
51261397.0,2968.0,0.0,-3.703125,-0.6875,-3.21484375,0
51273429.0,12032.0,1.0,0.4317626953,-0.4013671875,0.5317993164,0.6080322266
51277397.0,3968.0,0.0,-3.09765625,-0.859375,-3.01953125,0
51280429.0,3032.0,1.0,0.4299316406,-0.4009399414,0.5374755859,0.6046142578
51283397.0,2968.0,0.0,-3.09765625,-0.90625,-2.91015625,0
51288429.0,5032.0,1.0,0.4280395508,-0.4007568359,0.5430908203,0.6010131836
51291397.0,2968.0,0.0,-3.20703125,-0.37109375,-2.5546875,0
51298429.0,7032.0,1.0,0.4265136719,-0.4010009766,0.547668457,0.5977172852
51301397.0,2968.0,0.0,-2.41015625,1.55078125,-3.328125,0
51308429.0,7032.0,1.0,0.4252319336,-0.4017333984,0.5518188477,0.5943603516
51311397.0,2968.0,0.0,-1.4453125,1.26171875,-2.15234375,0
51318429.0,7032.0,1.0,0.4242553711,-0.4028320313,0.5553588867,0.591003418
51322397.0,3968.0,0.0,-0.9375,2.75390625,-3.1640625,0
51328429.0,6032.0,1.0,0.4234008789,-0.4046020508,0.5582275391,0.5877075195
51331397.0,2968.0,0.0,-1.27734375,4.1796875,-4.01953125,0
51338429.0,7032.0,1.0,0.4227294922,-0.4069824219,0.5601196289,0.5847167969
51341397.0,2968.0,0.0,-0.609375,3.8671875,-5.1640625,0
51348429.0,7032.0,1.0,0.4221191406,-0.4099121094,0.5612182617,0.5820922852
51351397.0,2968.0,0.0,0.13671875,2.671875,-3.09765625,0
51358429.0,7032.0,1.0,0.4213867188,-0.4133911133,0.5617675781,0.5795898438
51361397.0,2968.0,0.0,0.03515625,2.48046875,-1.41015625,0
51368429.0,7032.0,1.0,0.4205932617,-0.417175293,0.5620117188,0.5772705078
51371397.0,2968.0,0.0,0.203125,2.0234375,-0.83984375,0
51378429.0,7032.0,1.0,0.4197387695,-0.4209594727,0.5621337891,0.575012207
51381397.0,2968.0,0.0,-0.66015625,2.1171875,-0.73046875,0
51388429.0,7032.0,1.0,0.418762207,-0.4248046875,0.5621948242,0.5728149414
51391397.0,2968.0,0.0,-0.53125,2.23046875,-1.04296875,0
51398429.0,7032.0,1.0,0.4176635742,-0.4283447266,0.5623168945,0.5708007813
51401397.0,2968.0,0.0,-0.28515625,1.734375,-1.12890625,0
51408429.0,7032.0,1.0,0.4165039063,-0.431640625,0.5626831055,0.5689086914
51411397.0,2968.0,0.0,-0.0078125,1.45703125,-1.09375,0
51418429.0,7032.0,1.0,0.4151000977,-0.4345092773,0.563293457,0.5670776367
51421397.0,2968.0,0.0,-0.4609375,0.5625,0.19921875,0
51428429.0,7032.0,1.0,0.413269043,-0.4373168945,0.5642700195,0.5653076172
51431397.0,2968.0,0.0,-0.65234375,1.0703125,1.88671875,0
51438429.0,7032.0,1.0,0.4110717773,-0.4399414063,0.5654907227,0.563659668
51441397.0,2968.0,0.0,-0.18359375,-0.72265625,1.8828125,0
51448429.0,7032.0,1.0,0.4086914063,-0.4422607422,0.567199707,0.5618286133
51451397.0,2968.0,0.0,0.3515625,-0.9921875,2.58203125,0
51458429.0,7032.0,1.0,0.4061889648,-0.4444580078,0.5693969727,0.559753418
51461397.0,2968.0,0.0,0.10546875,-0.47265625,1.87109375,0
51473429.0,12032.0,1.0,0.4038085938,-0.4461669922,0.5716552734,0.5577392578
51477397.0,3968.0,0.0,-0.35546875,-0.36328125,0.0390625,0
51480429.0,3032.0,1.0,0.4013061523,-0.4479370117,0.5741577148,0.5556030273
51483397.0,2968.0,0.0,-0.171875,-1.17578125,-0.74609375,0
51488429.0,5032.0,1.0,0.3984985352,-0.4497070313,0.5767822266,0.5534667969
51491397.0,2968.0,0.0,-0.1796875,-1.19140625,-0.66015625,0
51498429.0,7032.0,1.0,0.395690918,-0.4515380859,0.5790405273,0.551574707
51501397.0,2968.0,0.0,0.234375,-0.94921875,-0.078125,0
51508429.0,7032.0,1.0,0.3927001953,-0.4535522461,0.5811157227,0.5498657227
51511397.0,2968.0,0.0,0.7109375,-1.76171875,0.58984375,0
51518429.0,7032.0,1.0,0.389465332,-0.455871582,0.5829467773,0.5482788086
51521397.0,2968.0,0.0,0.96875,-1.46875,1.17578125,0
51528429.0,7032.0,1.0,0.3861083984,-0.4584960938,0.5845947266,0.5467529297
51531397.0,2968.0,0.0,1.14453125,-1.859375,0.9453125,0
51538429.0,7032.0,1.0,0.3826904297,-0.4612426758,0.5859985352,0.5454101563
51541397.0,2968.0,0.0,1.55859375,-1.29296875,0.2265625,0
51548429.0,7032.0,1.0,0.3794555664,-0.4639892578,0.5871582031,0.5440673828
51551397.0,2968.0,0.0,2.08203125,-0.87890625,-0.71875,0
51558429.0,7032.0,1.0,0.3762207031,-0.4668579102,0.5881958008,0.5427246094
51561397.0,2968.0,0.0,2.44921875,-0.12109375,-0.6484375,0
51568429.0,7032.0,1.0,0.3729858398,-0.4697265625,0.5891723633,0.5413818359
51571397.0,2968.0,0.0,2.09375,-0.2734375,1.11328125,0
51578429.0,7032.0,1.0,0.3695678711,-0.47265625,0.5902709961,0.5399169922
51581397.0,2968.0,0.0,1.12109375,-0.2890625,1.66796875,0
51588429.0,7032.0,1.0,0.3661499023,-0.475402832,0.5916748047,0.5383300781
51591397.0,2968.0,0.0,0.1484375,-0.4140625,2.2421875,0
51598429.0,7032.0,1.0,0.3628540039,-0.4778442383,0.5933837891,0.5365600586
51601397.0,2968.0,0.0,-0.82421875,-0.15234375,1.9453125,0
51608429.0,7032.0,1.0,0.3596801758,-0.4799804688,0.5953369141,0.5346679688
51611397.0,2968.0,0.0,-0.6171875,-0.97265625,1.6484375,0
51618429.0,7032.0,1.0,0.356262207,-0.4821166992,0.59765625,0.5324707031
51621397.0,2968.0,0.0,-0.34375,-0.94921875,1.62890625,0
51628429.0,7032.0,1.0,0.3529663086,-0.4840698242,0.6000366211,0.5301513672
51631397.0,2968.0,0.0,0.171875,-1.76171875,0.87109375,0
51638429.0,7032.0,1.0,0.3497924805,-0.4859008789,0.6025390625,0.5277099609
51641397.0,2968.0,0.0,0.375,-1.5859375,0.16796875,0
51648429.0,7032.0,1.0,0.3465576172,-0.4877319336,0.6051635742,0.5251464844
51651397.0,2968.0,0.0,1.08203125,-0.875,1.21875,0
51658429.0,7032.0,1.0,0.3433837891,-0.4895629883,0.6076049805,0.522644043
51661397.0,2968.0,0.0,0.7109375,0.03125,1.421875,0
51668429.0,7032.0,1.0,0.3399658203,-0.4915771484,0.610168457,0.5200805664
51671397.0,2968.0,0.0,0.75,0.16796875,1.484375,0
51678429.0,7032.0,1.0,0.3365478516,-0.4935302734,0.6126098633,0.517578125
51681397.0,2968.0,0.0,0.99609375,-0.34765625,1.26953125,0
51693429.0,12032.0,1.0,0.3332519531,-0.4954833984,0.6147460938,0.5153808594
51697397.0,3968.0,0.0,-0.22265625,-0.546875,-0.86328125,0
51700429.0,3032.0,1.0,0.3296508789,-0.4976806641,0.6166381836,0.5132446289
51703397.0,2968.0,0.0,-0.25390625,-0.5625,-0.76953125,0
51708429.0,5032.0,1.0,0.3257446289,-0.5002441406,0.6181640625,0.5113525391
51711397.0,2968.0,0.0,-0.90625,0.3046875,-0.578125,0
51718429.0,7032.0,1.0,0.3218383789,-0.5029296875,0.6193237305,0.5098876953
51721397.0,2968.0,0.0,-0.35546875,0.05859375,-0.73046875,0
51728429.0,7032.0,1.0,0.3176879883,-0.5057983398,0.6200561523,0.5087280273
51731397.0,2968.0,0.0,0.265625,-0.0703125,0.99609375,0
51738429.0,7032.0,1.0,0.3132324219,-0.5089111328,0.6204223633,0.5078735352
51741397.0,2968.0,0.0,0.77734375,0.9375,1.87109375,0
51748429.0,7032.0,1.0,0.3084716797,-0.5122070313,0.6205444336,0.5073852539
51751397.0,2968.0,0.0,1.390625,0.38671875,3.3515625,0
51758429.0,7032.0,1.0,0.3034667969,-0.5155029297,0.6204833984,0.5070800781
51761397.0,2968.0,0.0,1.89453125,0.85546875,1.4296875,0
51768429.0,7032.0,1.0,0.298034668,-0.5189819336,0.6204833984,0.5068359375
51771397.0,2968.0,0.0,-0.17578125,1.93359375,0.41796875,0
51778429.0,7032.0,1.0,0.2926025391,-0.5222167969,0.6204223633,0.506652832
51782397.0,3968.0,0.0,-2.12109375,1.86328125,-0.24609375,0
51788429.0,6032.0,1.0,0.2873535156,-0.5251464844,0.6204223633,0.506652832
51791397.0,2968.0,0.0,-3.46484375,1.59375,-0.921875,0
51798429.0,7032.0,1.0,0.2823486328,-0.5277099609,0.6204833984,0.5067138672
51801397.0,2968.0,0.0,-4.4140625,-0.55078125,-0.4453125,0
51808429.0,7032.0,1.0,0.2769775391,-0.5302124023,0.6207885742,0.5067749023
51811397.0,2968.0,0.0,-3.54296875,0.62890625,0.078125,0
51818429.0,7032.0,1.0,0.2717285156,-0.532409668,0.6212768555,0.5067138672
51821397.0,2968.0,0.0,-2.046875,-0.17578125,2.5078125,0
51828429.0,7032.0,1.0,0.2666625977,-0.534362793,0.6221313477,0.5062866211
51831397.0,2968.0,0.0,-0.28515625,-0.921875,4.01953125,0
51838429.0,7032.0,1.0,0.2619018555,-0.5360107422,0.6232299805,0.5056152344
51841397.0,2968.0,0.0,1.62109375,-0.578125,3.046875,0
51848429.0,7032.0,1.0,0.2569580078,-0.5375976563,0.6246948242,0.5046386719
51851397.0,2968.0,0.0,0.76953125,0.1015625,2.3828125,0
51858429.0,7032.0,1.0,0.2524414063,-0.5388793945,0.6262817383,0.5036621094
51861397.0,2968.0,0.0,-0.3125,-0.39453125,1.1796875,0
51868429.0,7032.0,1.0,0.2479248047,-0.5399780273,0.628112793,0.5024414063
51871397.0,2968.0,0.0,-1.69921875,-1.28515625,0.58984375,0
51878429.0,7032.0,1.0,0.2436523438,-0.5407714844,0.6301269531,0.501159668
51881397.0,2968.0,0.0,-4.734375,-1.67578125,-0.87890625,0
51893429.0,12032.0,1.0,0.2395629883,-0.5411987305,0.6322631836,0.4999389648
51897397.0,3968.0,0.0,-4.93359375,-1.5625,0.515625,0
51900429.0,3032.0,1.0,0.2351074219,-0.5413818359,0.6348266602,0.4985961914
51903397.0,2968.0,0.0,-4.21484375,-1.15625,1.62109375,0
51908429.0,5032.0,1.0,0.2304077148,-0.5413208008,0.6378173828,0.4970703125
51911397.0,2968.0,0.0,-4.27734375,-1.21875,1.69140625,0
51918429.0,7032.0,1.0,0.2258911133,-0.5407714844,0.6409912109,0.4956054688
51921397.0,2968.0,0.0,-4.03515625,0.1796875,2.40625,0
51928429.0,7032.0,1.0,0.2212524414,-0.539855957,0.64453125,0.494140625
51931397.0,2968.0,0.0,-3.55859375,-0.80859375,2.54296875,0
51939429.0,8032.0,1.0,0.2164916992,-0.5385742188,0.6483154297,0.4927368164
51942397.0,2968.0,0.0,-3.46875,-0.83984375,2.765625,0
51948429.0,6032.0,1.0,0.2116699219,-0.5369873047,0.6522827148,0.4912719727
51951397.0,2968.0,0.0,-4.26953125,-1.80078125,3.05859375,0
51958429.0,7032.0,1.0,0.2069091797,-0.5349731445,0.6566772461,0.4896850586
51961397.0,2968.0,0.0,-4.61328125,-2.71484375,2.5078125,0
51968429.0,7032.0,1.0,0.2023925781,-0.5323486328,0.6617431641,0.4875488281
51971397.0,2968.0,0.0,-5.03515625,-2.0234375,2.16015625,0
51979429.0,8032.0,1.0,0.1981811523,-0.5290527344,0.6676635742,0.4848022461
51982397.0,2968.0,0.0,-5.96484375,-0.74609375,2.3515625,0
51988429.0,6032.0,1.0,0.1946411133,-0.5253295898,0.6740112305,0.4815063477
51991397.0,2968.0,0.0,-8.3515625,0.5625,1.6328125,0
51998429.0,7032.0,1.0,0.1914672852,-0.520324707,0.6817626953,0.4772338867
52001397.0,2968.0,0.0,-8.55859375,1.6484375,1.23828125,0
52008429.0,7032.0,1.0,0.1890869141,-0.5145263672,0.6901245117,0.4724731445
52011397.0,2968.0,0.0,-8.33984375,3.05078125,0.6015625,0
52019429.0,8032.0,1.0,0.1871337891,-0.5079345703,0.6990966797,0.4672241211
52022397.0,2968.0,0.0,-8.1328125,4.03125,0.0234375,0
52034429.0,12032.0,1.0,0.1854858398,-0.5008544922,0.7079467773,0.462097168
52039429.0,5000.0,1.0,0.1834106445,-0.4926757813,0.7173461914,0.4572143555
52041397.0,1968.0,0.0,-7.9453125,11.11328125,-3.65234375,0
52048429.0,7032.0,1.0,0.1804199219,-0.4834594727,0.7265014648,0.4537353516
52051397.0,2968.0,0.0,-9.51171875,15.1640625,-5.13671875,0
52059429.0,8032.0,1.0,0.1759033203,-0.4739379883,0.7341308594,0.4533081055
52062397.0,2968.0,0.0,-11.390625,18.77734375,-6.859375,0
52068429.0,6032.0,1.0,0.168762207,-0.4639282227,0.7395019531,0.4576416016
52071397.0,2968.0,0.0,-13.0,21.89453125,-6.20703125,0
52078429.0,7032.0,1.0,0.1580810547,-0.4541015625,0.7415161133,0.4678955078
52081397.0,2968.0,0.0,-12.4375,19.94140625,-5.015625,0
52088429.0,7032.0,1.0,0.1447753906,-0.444152832,0.7412719727,0.4819946289
52091397.0,2968.0,0.0,-11.28125,10.1640625,-1.47265625,0
52099429.0,8032.0,1.0,0.1337280273,-0.4322509766,0.7437133789,0.4921264648
52102397.0,2968.0,0.0,-8.95703125,-4.84765625,1.99609375,0
52114429.0,12032.0,1.0,0.1267700195,-0.4183959961,0.7489624023,0.4979858398
52119429.0,5000.0,1.0,0.1190795898,-0.4028320313,0.7500610352,0.5108032227
52121397.0,1968.0,0.0,-1.25390625,32.94140625,-5.42578125,0
52129429.0,8032.0,1.0,0.1082763672,-0.3875732422,0.7420043945,0.5361328125
52132397.0,2968.0,0.0,0.48828125,33.66796875,-16.99609375,0
52138429.0,6032.0,1.0,0.0958862305,-0.3743286133,0.7244873047,0.5707397461
52141397.0,2968.0,0.0,4.43359375,12.4609375,-15.9609375,0
52148429.0,7032.0,1.0,0.0850830078,-0.362121582,0.7001342773,0.6094360352
52151397.0,2968.0,0.0,5.390625,-1.0234375,-13.28515625,0
52158429.0,7032.0,1.0,0.0783691406,-0.350402832,0.6721801758,0.6475219727
52161397.0,2968.0,0.0,2.42578125,-4.27734375,-9.01953125,0
52170429.0,9032.0,1.0,0.0762939453,-0.3403930664,0.6441650391,0.6806640625
52173397.0,2968.0,0.0,-1.97265625,-10.3984375,-3.56640625,0
52181429.0,8032.0,1.0,0.0791015625,-0.3311157227,0.614440918,0.711730957
52184397.0,2968.0,0.0,0.47265625,-21.00390625,-4.7265625,0
52188429.0,4032.0,1.0,0.0869750977,-0.323059082,0.5873413086,0.7369384766
52191397.0,2968.0,0.0,2.4921875,-21.8828125,-4.36328125,0
52198429.0,7032.0,1.0,0.0998535156,-0.3157958984,0.5623168945,0.7576904297
52201397.0,2968.0,0.0,3.92578125,-21.578125,-3.49609375,0
52210429.0,9032.0,1.0,0.1155395508,-0.3100585938,0.5409545898,0.7732543945
52213397.0,2968.0,0.0,6.05859375,-20.88671875,-3.0,0
52221429.0,8032.0,1.0,0.1335449219,-0.3056030273,0.5219726563,0.7850952148
52224397.0,2968.0,0.0,8.96484375,-18.0625,-0.7734375,0
52228429.0,4032.0,1.0,0.1535644531,-0.301940918,0.5052490234,0.7937011719
52231397.0,2968.0,0.0,9.3125,-16.4765625,-0.55078125,0
52238429.0,7032.0,1.0,0.174987793,-0.2990722656,0.4907836914,0.7994384766
52241397.0,2968.0,0.0,9.23828125,-14.546875,-0.87109375,0
52249429.0,8032.0,1.0,0.1970825195,-0.2966918945,0.4781494141,0.8027954102
52252397.0,2968.0,0.0,8.91796875,-12.19140625,-1.375,0
52258429.0,6032.0,1.0,0.2184448242,-0.2948608398,0.4672851563,0.8043212891
52261397.0,2968.0,0.0,7.4140625,-9.2734375,-1.71484375,0
52273429.0,12032.0,1.0,0.2385864258,-0.2934570313,0.4580688477,0.8044433594
52277397.0,3968.0,0.0,5.8828125,-5.9140625,-1.56640625,0
52280429.0,3032.0,1.0,0.2592163086,-0.2922363281,0.4491577148,0.803527832
52283397.0,2968.0,0.0,5.578125,-4.99609375,-1.69921875,0
52289429.0,6032.0,1.0,0.2797241211,-0.2913208008,0.4401855469,0.801940918
52292397.0,2968.0,0.0,5.6875,-4.73046875,-1.87109375,0
52298429.0,6032.0,1.0,0.2981567383,-0.2908935547,0.4314575195,0.8001708984
52301397.0,2968.0,0.0,6.5859375,-5.26171875,-0.390625,0
52308429.0,7032.0,1.0,0.3155517578,-0.2908935547,0.4227905273,0.7981567383
52311397.0,2968.0,0.0,7.19921875,-5.703125,0.265625,0
52319429.0,8032.0,1.0,0.3320922852,-0.2911376953,0.4146118164,0.7956542969
52322397.0,2968.0,0.0,7.6171875,-6.29296875,0.82421875,0
52328429.0,6032.0,1.0,0.346862793,-0.2913818359,0.4080810547,0.7926635742
52331397.0,2968.0,0.0,7.78515625,-6.390625,0.9921875,0
52341429.0,10032.0,1.0,0.3618164063,-0.2913818359,0.4025878906,0.7887573242
52344397.0,2968.0,0.0,7.15234375,-5.3046875,1.5859375,0
52348429.0,4032.0,1.0,0.3756713867,-0.2911987305,0.3985595703,0.784362793
52351397.0,2968.0,0.0,6.625,-4.3515625,1.75390625,0
52359429.0,8032.0,1.0,0.3894042969,-0.2908935547,0.395324707,0.7793579102
52362397.0,2968.0,0.0,6.546875,-3.8046875,1.578125,0
52368429.0,6032.0,1.0,0.4013671875,-0.2907104492,0.3928833008,0.774597168
52371397.0,2968.0,0.0,6.6953125,-3.39453125,1.375,0
52379429.0,8032.0,1.0,0.4131469727,-0.2905883789,0.3909301758,0.7694702148
52382397.0,2968.0,0.0,6.46484375,-3.32421875,0.9609375,0
52388429.0,6032.0,1.0,0.4237670898,-0.2903442383,0.3897094727,0.7643432617
52391397.0,2968.0,0.0,6.07421875,-3.16796875,0.6328125,0
52399429.0,8032.0,1.0,0.4336547852,-0.2901000977,0.3892822266,0.7590942383
52402397.0,2968.0,0.0,5.828125,-2.5703125,0.00390625,0
52414429.0,12032.0,1.0,0.4423217773,-0.2899169922,0.3894042969,0.7540893555
52419397.0,4968.0,0.0,4.7890625,-0.0625,-1.7578125,0
52422429.0,3032.0,1.0,0.4506225586,-0.2901611328,0.3895263672,0.7490234375
52425397.0,2968.0,0.0,4.8125,0.015625,-1.7578125,0
52429429.0,4032.0,1.0,0.4584960938,-0.2910766602,0.3894042969,0.7438964844
52432397.0,2968.0,0.0,4.19921875,0.34765625,-2.09765625,0
52439429.0,7032.0,1.0,0.4646606445,-0.2924804688,0.3889770508,0.7397460938
52442397.0,2968.0,0.0,3.578125,0.6640625,-2.00390625,0
52449429.0,7032.0,1.0,0.4704589844,-0.2945556641,0.3883666992,0.7355957031
52452397.0,2968.0,0.0,2.26953125,0.6796875,-2.1875,0
52459429.0,7032.0,1.0,0.4754638672,-0.2970581055,0.3876342773,0.7317504883
52463397.0,3968.0,0.0,2.0390625,0.50390625,-2.4765625,0
52469429.0,6032.0,1.0,0.4799804688,-0.2998046875,0.3870849609,0.7279663086
52472397.0,2968.0,0.0,2.078125,0.140625,-2.76171875,0
52479429.0,7032.0,1.0,0.4839477539,-0.3026733398,0.3869018555,0.7242431641
52482397.0,2968.0,0.0,2.109375,-0.05078125,-2.921875,0
52489429.0,7032.0,1.0,0.4876708984,-0.3053588867,0.3874511719,0.7202758789
52492397.0,2968.0,0.0,2.87890625,-0.43359375,-3.53515625,0
52499429.0,7032.0,1.0,0.491027832,-0.307800293,0.3887329102,0.7163085938
52502397.0,2968.0,0.0,3.0703125,0.08203125,-3.44921875,0
52509429.0,7032.0,1.0,0.4938354492,-0.3103027344,0.3902587891,0.7124023438
52512397.0,2968.0,0.0,3.1484375,1.0859375,-3.546875,0
52519429.0,7032.0,1.0,0.4959106445,-0.3132324219,0.3915405273,0.708984375
52522397.0,2968.0,0.0,2.84375,1.70703125,-3.29296875,0
52529429.0,7032.0,1.0,0.4971923828,-0.3165893555,0.3923950195,0.7061157227
52532397.0,2968.0,0.0,2.4140625,0.95703125,-3.046875,0
52539429.0,7032.0,1.0,0.4979858398,-0.3198852539,0.3933105469,0.7035522461
52543397.0,3968.0,0.0,2.14453125,0.5390625,-3.453125,0
52549429.0,6032.0,1.0,0.4984130859,-0.3229370117,0.3944091797,0.7012329102
52552397.0,2968.0,0.0,1.6875,0.66015625,-3.6328125,0
52559429.0,7032.0,1.0,0.4984741211,-0.3256835938,0.3956298828,0.69921875
52562397.0,2968.0,0.0,0.4453125,1.18359375,-3.88671875,0
52574429.0,12032.0,1.0,0.4981689453,-0.3283691406,0.3968505859,0.6975097656
52579397.0,4968.0,0.0,-2.05078125,1.58203125,-3.6015625,0
52582429.0,3032.0,1.0,0.4974975586,-0.3311767578,0.3980102539,0.6959838867
52585397.0,2968.0,0.0,-3.29296875,1.4140625,-3.578125,0
52589429.0,4032.0,1.0,0.4963378906,-0.3343505859,0.3991088867,0.6947021484
52592397.0,2968.0,0.0,-3.26953125,1.4375,-3.515625,0
52598429.0,6032.0,1.0,0.4951171875,-0.3370361328,0.4000854492,0.6936645508
52601397.0,2968.0,0.0,-6.109375,0.52734375,-2.54296875,0
52609429.0,8032.0,1.0,0.4935913086,-0.3399047852,0.401550293,0.692565918
52612397.0,2968.0,0.0,-6.73828125,-0.65234375,-1.98046875,0
52619429.0,7032.0,1.0,0.4921264648,-0.3421630859,0.4036254883,0.6912231445
52622397.0,2968.0,0.0,-6.4453125,-1.65625,-1.61328125,0
52629429.0,7032.0,1.0,0.4907836914,-0.3438110352,0.4067382813,0.6895751953
52632397.0,2968.0,0.0,-5.6171875,-1.86328125,-2.0390625,0
52639429.0,7032.0,1.0,0.4896240234,-0.344909668,0.4108276367,0.6873779297
52642397.0,2968.0,0.0,-4.4765625,-1.40625,-2.14453125,0
52649429.0,7032.0,1.0,0.4886474609,-0.3456420898,0.4155883789,0.6848144531
52652397.0,2968.0,0.0,-3.953125,-1.67578125,-1.40625,0
52659429.0,7032.0,1.0,0.4877319336,-0.3463134766,0.4210205078,0.6818847656
52662397.0,2968.0,0.0,-3.6171875,-1.53125,-1.15234375,0
52669429.0,7032.0,1.0,0.4868774414,-0.3469848633,0.4265136719,0.6787109375
52672397.0,2968.0,0.0,-3.2421875,-0.65625,-1.51171875,0
52679429.0,7032.0,1.0,0.4860839844,-0.3479614258,0.4320678711,0.6752929688
52682397.0,2968.0,0.0,-1.79296875,0.796875,-3.6328125,0
52689429.0,7032.0,1.0,0.4852294922,-0.3491821289,0.4373168945,0.6718139648
52692397.0,2968.0,0.0,-1.453125,1.609375,-4.6328125,0
52699429.0,7032.0,1.0,0.4843139648,-0.3508300781,0.442199707,0.6684570313
52702397.0,2968.0,0.0,-1.3828125,1.76953125,-4.63671875,0
52709429.0,7032.0,1.0,0.4831542969,-0.3529052734,0.4467163086,0.665222168
52712397.0,2968.0,0.0,-1.65234375,1.4921875,-3.6875,0
52719429.0,7032.0,1.0,0.4816894531,-0.3552246094,0.4509277344,0.6621704102
52722397.0,2968.0,0.0,-1.390625,0.98046875,-3.5,0
52729429.0,7032.0,1.0,0.4799804688,-0.3576660156,0.4551391602,0.6592407227
52732397.0,2968.0,0.0,-0.96875,1.109375,-3.0859375,0
52739429.0,7032.0,1.0,0.4781494141,-0.3599853516,0.4593505859,0.6563720703
52742397.0,2968.0,0.0,-0.78515625,0.94140625,-2.5546875,0
52749429.0,7032.0,1.0,0.4763183594,-0.3620605469,0.4638061523,0.6533813477
52752397.0,2968.0,0.0,-0.9140625,1.7890625,-1.9765625,0
52759429.0,7032.0,1.0,0.4744873047,-0.3641357422,0.4686279297,0.6501464844
52762397.0,2968.0,0.0,-1.6875,2.49609375,-2.16796875,0
52771429.0,9032.0,1.0,0.4727172852,-0.3662109375,0.4731445313,0.6469726563
52774397.0,2968.0,0.0,-2.8046875,2.82421875,-2.65234375,0
52781429.0,7032.0,1.0,0.4710693359,-0.367980957,0.4780883789,0.6434936523
52784397.0,2968.0,0.0,-4.4296875,-0.3046875,-3.609375,0
52788429.0,4032.0,1.0,0.4696655273,-0.3695068359,0.4833984375,0.6396484375
52791397.0,2968.0,0.0,-7.2421875,3.11328125,-5.0625,0
52799429.0,8032.0,1.0,0.4681396484,-0.3712768555,0.4881591797,0.6361694336
52802397.0,2968.0,0.0,-6.7578125,2.21875,-4.9375,0
52809429.0,7032.0,1.0,0.4663696289,-0.3735351563,0.4921264648,0.6331176758
52812397.0,2968.0,0.0,-5.8046875,2.23828125,-4.21484375,0
52819429.0,7032.0,1.0,0.4644775391,-0.3759765625,0.4955444336,0.6303710938
52822397.0,2968.0,0.0,-4.5859375,0.9609375,-4.56640625,0
52829429.0,7032.0,1.0,0.4625854492,-0.3784790039,0.4989013672,0.6275634766
52832397.0,2968.0,0.0,-2.96484375,1.3359375,-4.5390625,0
52839429.0,7032.0,1.0,0.4609375,-0.3807373047,0.5020751953,0.6248779297
52843397.0,3968.0,0.0,-2.77734375,1.7578125,-3.90234375,0
52849429.0,6032.0,1.0,0.4592285156,-0.3829345703,0.5053710938,0.6221923828
52852397.0,2968.0,0.0,-2.76171875,0.33203125,-3.37109375,0
52859429.0,7032.0,1.0,0.4576416016,-0.3848876953,0.5087280273,0.6193847656
52862397.0,2968.0,0.0,-2.6328125,0.0546875,-3.35546875,0
52869429.0,7032.0,1.0,0.4560546875,-0.38671875,0.5122070313,0.6165771484
52872397.0,2968.0,0.0,-3.15234375,0.46875,-4.5546875,0
52879429.0,7032.0,1.0,0.4545898438,-0.3881225586,0.5155029297,0.6139526367
52883397.0,3968.0,0.0,-2.79296875,1.37890625,-4.8828125,0
52889429.0,6032.0,1.0,0.4533081055,-0.3894042969,0.5189208984,0.6112670898
52892397.0,2968.0,0.0,-1.859375,0.9453125,-4.0625,0
52899429.0,7032.0,1.0,0.4520263672,-0.3905029297,0.5223388672,0.608581543
52902397.0,2968.0,0.0,-1.3515625,0.84375,-1.5078125,0
52909429.0,7032.0,1.0,0.4506835938,-0.3915405273,0.5258789063,0.6058349609
52912397.0,2968.0,0.0,-1.48828125,0.453125,-1.18359375,0
52919429.0,7032.0,1.0,0.4493408203,-0.392578125,0.5294799805,0.6030273438
52923397.0,3968.0,0.0,-2.0859375,-0.0625,-0.78515625,0
52929429.0,6032.0,1.0,0.4478149414,-0.3936157227,0.5330810547,0.6002807617
52932397.0,2968.0,0.0,-2.01171875,0.421875,-1.80078125,0
52939429.0,7032.0,1.0,0.4463500977,-0.3945922852,0.5365600586,0.59765625
52942397.0,2968.0,0.0,-1.6953125,0.328125,-2.7421875,0
52954429.0,12032.0,1.0,0.4449462891,-0.3953857422,0.5399780273,0.5950317383
52958397.0,3968.0,0.0,-0.42578125,1.04296875,-2.42578125,0
52961429.0,3032.0,1.0,0.4436035156,-0.3963012695,0.5433959961,0.5923461914
52964397.0,2968.0,0.0,-0.42578125,1.01953125,-2.33203125,0
52969429.0,5032.0,1.0,0.4422607422,-0.3973999023,0.5466918945,0.5895996094
52972397.0,2968.0,0.0,-0.41015625,1.01171875,-2.23828125,0
52979429.0,7032.0,1.0,0.4409790039,-0.3986206055,0.5494384766,0.587097168
52982397.0,2968.0,0.0,-0.78515625,0.51171875,-0.4296875,0
52989429.0,7032.0,1.0,0.4395141602,-0.4003295898,0.5522460938,0.5844726563
52992397.0,2968.0,0.0,-1.2421875,0.625,-0.94921875,0
52999429.0,7032.0,1.0,0.4381103516,-0.4020996094,0.5546264648,0.58203125
53002397.0,2968.0,0.0,-1.03515625,1.69921875,-1.70703125,0
53009429.0,7032.0,1.0,0.4365844727,-0.4041748047,0.5565795898,0.5798950195
53012397.0,2968.0,0.0,-0.26171875,1.59375,-2.2421875,0
53019429.0,7032.0,1.0,0.4349975586,-0.4064941406,0.5581665039,0.5779418945
53022397.0,2968.0,0.0,1.421875,0.91015625,-1.81640625,0
53029429.0,7032.0,1.0,0.4334716797,-0.4088134766,0.559387207,0.5762329102
53032397.0,2968.0,0.0,1.5078125,0.88671875,-1.5546875,0
53039429.0,7032.0,1.0,0.4317016602,-0.4114990234,0.560546875,0.5745239258
53042397.0,2968.0,0.0,0.796875,0.89453125,-0.86328125,0
53049429.0,7032.0,1.0,0.4298095703,-0.4142456055,0.5615844727,0.5729370117
53052397.0,2968.0,0.0,-0.0078125,0.796875,0.4375,0
53059429.0,7032.0,1.0,0.4277954102,-0.4171142578,0.5626831055,0.5713500977
53062397.0,2968.0,0.0,0.0,0.8046875,0.9296875,0
53069429.0,7032.0,1.0,0.4256591797,-0.4198608398,0.5637207031,0.5698852539
53072397.0,2968.0,0.0,0.54296875,0.3515625,1.23046875,0
53079429.0,7032.0,1.0,0.4234619141,-0.4224243164,0.5648803711,0.5684814453
53082397.0,2968.0,0.0,1.03125,-0.75,0.57421875,0
53089429.0,7032.0,1.0,0.4212036133,-0.4248046875,0.5662231445,0.5670166016
53092397.0,2968.0,0.0,0.3125,-1.6328125,0.23046875,0
53099429.0,7032.0,1.0,0.4188842773,-0.4270019531,0.5678710938,0.5654907227
53102397.0,2968.0,0.0,0.0078125,-1.59375,-0.16015625,0
53109429.0,7032.0,1.0,0.4166259766,-0.4288330078,0.5697021484,0.5638427734
53112397.0,2968.0,0.0,-0.15625,-0.99609375,0.34765625,0
53119429.0,7032.0,1.0,0.4143676758,-0.430480957,0.5718994141,0.5620727539
53122397.0,2968.0,0.0,0.15234375,-0.69921875,1.73046875,0
53129429.0,7032.0,1.0,0.412109375,-0.4318237305,0.5744018555,0.5600585938
53132397.0,2968.0,0.0,0.71875,-0.8984375,2.07421875,0
53139429.0,7032.0,1.0,0.4097290039,-0.4331665039,0.577331543,0.5578613281
53142397.0,2968.0,0.0,0.55859375,-1.02734375,1.5546875,0
53149429.0,7032.0,1.0,0.407409668,-0.4343261719,0.5802612305,0.5556030273
53152397.0,2968.0,0.0,0.00390625,-1.38671875,1.2265625,0
53159429.0,7032.0,1.0,0.405090332,-0.4354248047,0.5832519531,0.5532836914
53162397.0,2968.0,0.0,-0.8046875,-1.59375,0.6171875,0
53169429.0,7032.0,1.0,0.4029541016,-0.4364624023,0.5859985352,0.5511474609
53172397.0,2968.0,0.0,-1.2734375,-0.38671875,0.3203125,0
53179429.0,7032.0,1.0,0.4005737305,-0.4377441406,0.5888671875,0.5487670898
53182397.0,2968.0,0.0,-1.3671875,-0.24609375,0.75,0
53189429.0,7032.0,1.0,0.3982543945,-0.4392089844,0.5914916992,0.5464477539
53192397.0,2968.0,0.0,-0.80078125,-0.37109375,0.60546875,0
53199429.0,7032.0,1.0,0.3959350586,-0.4408569336,0.5939941406,0.544128418
53202397.0,2968.0,0.0,-0.078125,-0.109375,0.77734375,0
53214429.0,12032.0,1.0,0.393737793,-0.4426879883,0.5960693359,0.5419311523
53218397.0,3968.0,0.0,-0.05859375,0.234375,0.28125,0
53221429.0,3032.0,1.0,0.391418457,-0.4448242188,0.5979614258,0.539855957
53224397.0,2968.0,0.0,-0.05859375,0.234375,0.3671875,0
53229429.0,5032.0,1.0,0.3889160156,-0.4473266602,0.5994873047,0.5378417969
53232397.0,2968.0,0.0,-0.07421875,0.01171875,0.12890625,0
53239429.0,7032.0,1.0,0.3865356445,-0.4499511719,0.6005859375,0.5361328125
53242397.0,2968.0,0.0,0.04296875,0.90234375,0.09375,0
53249429.0,7032.0,1.0,0.383972168,-0.4529418945,0.6014404297,0.5344848633
53252397.0,2968.0,0.0,0.83203125,0.18359375,0.77734375,0
53259429.0,7032.0,1.0,0.3813476563,-0.4561157227,0.6021728516,0.5328979492
53262397.0,2968.0,0.0,0.48046875,0.96484375,0.86328125,0
53269429.0,7032.0,1.0,0.3786621094,-0.4593505859,0.602722168,0.5313110352
53272397.0,2968.0,0.0,0.05078125,1.66015625,0.6171875,0
53279429.0,7032.0,1.0,0.3759765625,-0.4625854492,0.6032714844,0.5298461914
53282397.0,2968.0,0.0,0.5390625,1.62890625,0.49609375,0
53289429.0,7032.0,1.0,0.3733520508,-0.4655761719,0.6039428711,0.5283203125
53292397.0,2968.0,0.0,1.296875,1.71484375,0.5390625,0
53299429.0,7032.0,1.0,0.3707275391,-0.4685058594,0.6047363281,0.5266113281
53303397.0,3968.0,0.0,1.51953125,1.453125,0.79296875,0
53309429.0,6032.0,1.0,0.3681640625,-0.4711914063,0.6057739258,0.5249023438
53312397.0,2968.0,0.0,0.77734375,1.578125,1.0703125,0
53319429.0,7032.0,1.0,0.3655395508,-0.4736938477,0.6069335938,0.5230712891
53322397.0,2968.0,0.0,-0.77734375,0.8203125,1.40625,0
53329429.0,7032.0,1.0,0.3627929688,-0.4760131836,0.6083984375,0.5212402344
53332397.0,2968.0,0.0,-1.0234375,0.3515625,1.36328125,0
53339429.0,7032.0,1.0,0.3600463867,-0.4780273438,0.6101074219,0.5192871094
53342397.0,2968.0,0.0,-0.6953125,-0.19140625,1.40234375,0
53349429.0,7032.0,1.0,0.3572998047,-0.4796142578,0.6121826172,0.5172119141
53352397.0,2968.0,0.0,-0.18359375,-0.23828125,1.44140625,0
53359429.0,7032.0,1.0,0.354675293,-0.4808959961,0.6145019531,0.5150756836
53362397.0,2968.0,0.0,0.56640625,-0.0625,1.75,0
53369429.0,7032.0,1.0,0.3518066406,-0.4821777344,0.6171875,0.5126342773
53372397.0,2968.0,0.0,0.5,0.0,1.8359375,0
53379429.0,7032.0,1.0,0.3489379883,-0.4835205078,0.6197509766,0.5102539063
53382397.0,2968.0,0.0,0.3203125,-0.27734375,1.73046875,0
53389429.0,7032.0,1.0,0.3460083008,-0.4849853516,0.6220703125,0.5080566406
53392397.0,2968.0,0.0,-0.4453125,-0.4453125,1.6640625,0
53399429.0,7032.0,1.0,0.342590332,-0.4868164063,0.6242675781,0.505859375
53402397.0,2968.0,0.0,-1.15625,-0.69921875,0.71484375,0
53409429.0,7032.0,1.0,0.3392333984,-0.4887695313,0.6259765625,0.5042114258
53412397.0,2968.0,0.0,-1.45703125,-0.984375,0.21875,0
53419429.0,7032.0,1.0,0.3356323242,-0.4910888672,0.6271972656,0.5028076172
53422397.0,2968.0,0.0,-1.17578125,-0.42578125,-0.36328125,0
53431429.0,9032.0,1.0,0.33203125,-0.4936523438,0.6278686523,0.5018920898
53434397.0,2968.0,0.0,-0.66015625,-0.625,-0.1484375,0
53442429.0,8032.0,1.0,0.328125,-0.4966430664,0.6282348633,0.5010375977
53445397.0,2968.0,0.0,0.84765625,-0.79296875,1.2578125,0
53449429.0,4032.0,1.0,0.3239746094,-0.5001220703,0.6281738281,0.5003051758
53452397.0,2968.0,0.0,1.62109375,-0.1875,0.859375,0
53459429.0,7032.0,1.0,0.3197021484,-0.5040283203,0.6276245117,0.4998779297
53462397.0,2968.0,0.0,1.0234375,0.83984375,0.890625,0
53469429.0,7032.0,1.0,0.3151245117,-0.5083618164,0.6262817383,0.5000610352
53472397.0,2968.0,0.0,0.125,2.1328125,-0.40234375,0
53479429.0,7032.0,1.0,0.3099975586,-0.5131835938,0.6241455078,0.5009765625
53482397.0,2968.0,0.0,-0.65625,1.65625,-0.09375,0
53489429.0,7032.0,1.0,0.3043212891,-0.5184326172,0.6211547852,0.502746582
53492397.0,2968.0,0.0,-1.17578125,2.28515625,0.01171875,0
53500429.0,8032.0,1.0,0.298034668,-0.5239257813,0.6175537109,0.5052490234
53503397.0,2968.0,0.0,-0.6953125,2.5703125,0.2265625,0
53509429.0,6032.0,1.0,0.2913208008,-0.529296875,0.6138305664,0.5081176758
53512397.0,2968.0,0.0,-0.01953125,0.84375,0.97265625,0
53519429.0,7032.0,1.0,0.2845458984,-0.5343017578,0.6103515625,0.510925293
53522397.0,2968.0,0.0,-0.12109375,0.7578125,1.25390625,0
53529429.0,7032.0,1.0,0.2779541016,-0.5386352539,0.6076049805,0.5132446289
53532397.0,2968.0,0.0,0.078125,0.59765625,1.73828125,0
53539429.0,7032.0,1.0,0.2717895508,-0.542175293,0.6058349609,0.5149536133
53542397.0,2968.0,0.0,-0.18359375,0.16015625,2.3828125,0
53549429.0,7032.0,1.0,0.2663574219,-0.5447387695,0.6052856445,0.5156860352
53552397.0,2968.0,0.0,-0.71484375,-0.4609375,2.453125,0
53559429.0,7032.0,1.0,0.2611083984,-0.5465698242,0.6060180664,0.5155639648
53562397.0,2968.0,0.0,-1.6796875,-0.96875,2.54296875,0
53572429.0,10032.0,1.0,0.2567138672,-0.5475463867,0.6078491211,0.5146484375
53575397.0,2968.0,0.0,-3.2109375,-0.9375,2.26171875,0
53582429.0,7032.0,1.0,0.2525024414,-0.5477294922,0.6107177734,0.5130615234
53585397.0,2968.0,0.0,-4.5625,-1.22265625,2.1015625,0
53589429.0,4032.0,1.0,0.2484741211,-0.5473022461,0.614440918,0.5110473633
53592397.0,2968.0,0.0,-4.609375,-1.27734375,2.640625,0
53599429.0,7032.0,1.0,0.2445068359,-0.5462646484,0.6189575195,0.508605957
53602397.0,2968.0,0.0,-3.67578125,-1.5703125,2.640625,0
53609429.0,7032.0,1.0,0.2406616211,-0.5446166992,0.6240844727,0.5059204102
53612397.0,2968.0,0.0,-2.75,-2.12890625,2.10546875,0
53620429.0,8032.0,1.0,0.237121582,-0.5424804688,0.6297607422,0.5029296875
53623397.0,2968.0,0.0,-3.125,-2.27734375,1.80859375,0
53629429.0,6032.0,1.0,0.2338867188,-0.5396728516,0.6360473633,0.4995117188
53632397.0,2968.0,0.0,-4.453125,-1.49609375,1.10546875,0
53639429.0,7032.0,1.0,0.2308349609,-0.5363769531,0.6427001953,0.4959106445
53642397.0,2968.0,0.0,-4.875,-0.91015625,0.85546875,0
53649429.0,7032.0,1.0,0.2278442383,-0.5328979492,0.6493530273,0.4923706055
53652397.0,2968.0,0.0,-5.375,-1.0859375,1.203125,0
53659429.0,7032.0,1.0,0.2246704102,-0.5290527344,0.65625,0.4888305664
53662397.0,2968.0,0.0,-7.359375,-0.65234375,2.21484375,0
53669429.0,7032.0,1.0,0.2213745117,-0.5251464844,0.6629638672,0.4854125977
53672397.0,2968.0,0.0,-8.671875,0.19921875,2.30859375,0
53679429.0,7032.0,1.0,0.2178955078,-0.5209350586,0.669921875,0.4820556641
53682397.0,2968.0,0.0,-9.5546875,-0.21484375,1.78125,0
53689429.0,7032.0,1.0,0.2145385742,-0.5162963867,0.676940918,0.4786987305
53692397.0,2968.0,0.0,-10.0625,0.171875,1.33203125,0
53699429.0,7032.0,1.0,0.2113037109,-0.5109863281,0.6844482422,0.4751586914
53702397.0,2968.0,0.0,-10.68359375,1.78125,-0.56640625,0
53709429.0,7032.0,1.0,0.208190918,-0.5050048828,0.6922607422,0.4715576172
53712397.0,2968.0,0.0,-11.4296875,3.80859375,-1.74609375,0
53719429.0,7032.0,1.0,0.205078125,-0.4981079102,0.7005615234,0.4680786133
53722397.0,2968.0,0.0,-13.0234375,5.41796875,-2.84765625,0
53731429.0,9032.0,1.0,0.2018432617,-0.4903564453,0.7088012695,0.4652099609
53734397.0,2968.0,0.0,-14.0,7.69140625,-5.5625,0
53742429.0,8032.0,1.0,0.1979370117,-0.4813842773,0.7171020508,0.4635620117
53745397.0,2968.0,0.0,-15.40234375,12.16796875,-5.546875,0
53749429.0,4032.0,1.0,0.1929321289,-0.4712524414,0.7247314453,0.4641723633
53752397.0,2968.0,0.0,-14.10546875,13.26171875,-6.0234375,0
53759429.0,7032.0,1.0,0.1860961914,-0.460144043,0.7311401367,0.4680175781
53762397.0,2968.0,0.0,-11.69140625,13.05078125,-3.6640625,0
53769429.0,7032.0,1.0,0.1773071289,-0.4487915039,0.7357177734,0.4752197266
53772397.0,2968.0,0.0,-9.11328125,10.671875,-2.9609375,0
53779429.0,7032.0,1.0,0.167175293,-0.4378662109,0.7384033203,0.4848022461
53782397.0,2968.0,0.0,-6.91796875,7.23046875,2.41015625,0
53789429.0,7032.0,1.0,0.1557617188,-0.4252929688,0.741027832,0.4957885742
53792397.0,2968.0,0.0,-4.484375,-1.859375,1.45703125,0
53799429.0,7032.0,1.0,0.1473999023,-0.411315918,0.7456054688,0.5031738281
53802397.0,2968.0,0.0,-4.3125,-3.51171875,3.8515625,0
53811429.0,9032.0,1.0,0.1400756836,-0.3965454102,0.7482299805,0.5131225586
53814397.0,2968.0,0.0,-2.7734375,20.1953125,-1.0859375,0
53822429.0,8032.0,1.0,0.1293334961,-0.3825683594,0.741394043,0.535949707
53825397.0,2968.0,0.0,2.1015625,31.86328125,-16.9375,0
53829429.0,4032.0,1.0,0.116027832,-0.3700561523,0.7230224609,0.5717163086
53832397.0,2968.0,0.0,8.484375,12.9453125,-19.33203125,0
53839429.0,7032.0,1.0,0.1038208008,-0.358581543,0.6962890625,0.6130981445
53842397.0,2968.0,0.0,11.609375,4.921875,-18.75390625,0
53849429.0,7032.0,1.0,0.0963134766,-0.3479614258,0.6667480469,0.6519775391
53852397.0,2968.0,0.0,6.3515625,-4.05078125,-12.13671875,0
53859429.0,7032.0,1.0,0.0950317383,-0.3382568359,0.6390380859,0.6842041016
53862397.0,2968.0,0.0,-0.2421875,-19.27734375,-2.67578125,0
53874429.0,12032.0,1.0,0.0993652344,-0.3296508789,0.6154174805,0.708984375
53878397.0,3968.0,0.0,5.3359375,-19.37109375,0.7578125,0
53881429.0,3032.0,1.0,0.1090698242,-0.3212280273,0.5935058594,0.7298583984
53884397.0,2968.0,0.0,8.1015625,-17.6953125,0.5546875,0
53889429.0,5032.0,1.0,0.1227416992,-0.3134765625,0.5725097656,0.7475585938
53892397.0,2968.0,0.0,10.01953125,-16.23046875,0.66015625,0
53899429.0,7032.0,1.0,0.1381835938,-0.3073730469,0.5529785156,0.7620239258
53902397.0,2968.0,0.0,11.1328125,-16.5625,0.80078125,0
53914429.0,12032.0,1.0,0.1546020508,-0.3027954102,0.5352172852,0.7732543945
53918397.0,3968.0,0.0,11.53515625,-16.4921875,2.38671875,0
53921429.0,3032.0,1.0,0.1735229492,-0.298828125,0.5185546875,0.7821044922
53924397.0,2968.0,0.0,11.4765625,-15.07421875,2.11328125,0
53929429.0,5032.0,1.0,0.1932983398,-0.2954711914,0.5046386719,0.7878417969
53932397.0,2968.0,0.0,10.84375,-13.19921875,1.4375,0
53939429.0,7032.0,1.0,0.2145996094,-0.2923583984,0.4921875,0.7913818359
53942397.0,2968.0,0.0,9.82421875,-10.859375,0.96484375,0
53951429.0,9032.0,1.0,0.234375,-0.2899169922,0.4818115234,0.79296875
53954397.0,2968.0,0.0,8.75390625,-8.42578125,0.1171875,0
53961429.0,7032.0,1.0,0.2544555664,-0.2879638672,0.471862793,0.7935180664
53964397.0,2968.0,0.0,7.37109375,-6.48046875,-0.8671875,0
53969429.0,5032.0,1.0,0.2733764648,-0.2867431641,0.4624633789,0.7932128906
53972397.0,2968.0,0.0,5.3671875,-5.6953125,-1.6953125,0
53979429.0,7032.0,1.0,0.2919921875,-0.2860107422,0.4529418945,0.7922973633
53982397.0,2968.0,0.0,5.34375,-5.890625,-1.42578125,0
53989429.0,7032.0,1.0,0.3096923828,-0.2857055664,0.4439086914,0.7908325195
53992397.0,2968.0,0.0,5.62890625,-6.58984375,-0.859375,0
54000429.0,8032.0,1.0,0.3262939453,-0.2856445313,0.4356079102,0.7887573242
54003397.0,2968.0,0.0,5.73046875,-7.03515625,-0.12890625,0
54015429.0,12032.0,1.0,0.3413085938,-0.2855834961,0.4286499023,0.7862548828
54020397.0,4968.0,0.0,5.06640625,-6.93359375,1.28515625,0
54023429.0,3032.0,1.0,0.3563842773,-0.2855834961,0.4223022461,0.7829589844
54026397.0,2968.0,0.0,5.55078125,-6.5625,1.21484375,0
54030429.0,4032.0,1.0,0.371887207,-0.2855834961,0.416809082,0.7787475586
54033397.0,2968.0,0.0,5.60546875,-6.3515625,1.12109375,0
54040429.0,7032.0,1.0,0.3848876953,-0.2854614258,0.4130859375,0.7744140625
54043397.0,2968.0,0.0,6.37890625,-5.06640625,0.9453125,0
54049429.0,6032.0,1.0,0.3980102539,-0.2853393555,0.41015625,0.7694091797
54052397.0,2968.0,0.0,6.5390625,-3.953125,0.8984375,0
54060429.0,8032.0,1.0,0.4100952148,-0.2853393555,0.4078979492,0.7642211914
54063397.0,2968.0,0.0,6.50390625,-2.88671875,0.3203125,0
54070429.0,7032.0,1.0,0.4213867188,-0.2858276367,0.4058227539,0.758972168
54073397.0,2968.0,0.0,6.16796875,-2.1640625,-0.12890625,0
54080429.0,7032.0,1.0,0.4315185547,-0.2868652344,0.4036865234,0.7540283203
54083397.0,2968.0,0.0,5.2109375,-2.21484375,-0.69140625,0
54095429.0,12032.0,1.0,0.4403076172,-0.2883300781,0.4016113281,0.7494506836
54100397.0,4968.0,0.0,4.4453125,-3.0859375,-1.2421875,0
54103429.0,3032.0,1.0,0.4489135742,-0.2901611328,0.4000244141,0.7445068359
54106397.0,2968.0,0.0,3.9453125,-2.33984375,-1.48046875,0
54110429.0,4032.0,1.0,0.4576416016,-0.2920532227,0.399230957,0.7388305664
54113397.0,2968.0,0.0,3.9921875,-2.20703125,-1.47265625,0
54119429.0,6032.0,1.0,0.4645385742,-0.2935180664,0.3992919922,0.7338867188
54122397.0,2968.0,0.0,3.3828125,-0.39453125,-2.21484375,0
54129429.0,7032.0,1.0,0.4718017578,-0.2953491211,0.3999023438,0.7281494141
54132397.0,2968.0,0.0,3.265625,0.203125,-2.4140625,0
54140429.0,8032.0,1.0,0.4781494141,-0.2973632813,0.4008789063,0.72265625
54143397.0,2968.0,0.0,3.46875,0.21875,-2.34375,0
54150429.0,7032.0,1.0,0.4838256836,-0.2996826172,0.4019165039,0.7172851563
54153397.0,2968.0,0.0,3.63671875,0.296875,-2.3359375,0
54159429.0,6032.0,1.0,0.4885253906,-0.3025512695,0.4027709961,0.7124633789
54162397.0,2968.0,0.0,3.40625,0.66015625,-2.74609375,0
54170429.0,8032.0,1.0,0.4925537109,-0.3062744141,0.4034423828,0.7077026367
54173397.0,2968.0,0.0,2.95703125,0.66015625,-3.11328125,0
54180429.0,7032.0,1.0,0.4957275391,-0.3099365234,0.4040527344,0.7034912109
54183397.0,2968.0,0.0,2.24609375,0.9375,-3.59765625,0
54190429.0,7032.0,1.0,0.4984130859,-0.3135986328,0.4047851563,0.6995239258
54193397.0,2968.0,0.0,1.6015625,1.5078125,-4.34765625,0
54200429.0,7032.0,1.0,0.5004882813,-0.3171386719,0.4055786133,0.6959838867
54203397.0,2968.0,0.0,0.30078125,2.421875,-5.28125,0
54210429.0,7032.0,1.0,0.5020751953,-0.3206787109,0.4061279297,0.6929321289
54213397.0,2968.0,0.0,-0.42578125,2.56640625,-5.1875,0
54220429.0,7032.0,1.0,0.5030517578,-0.3243408203,0.4064331055,0.6903076172
54223397.0,2968.0,0.0,-1.3125,2.23828125,-4.7109375,0
54229429.0,6032.0,1.0,0.5034790039,-0.3279418945,0.4065551758,0.6882324219
54232397.0,2968.0,0.0,-2.39453125,2.171875,-4.28125,0
54242429.0,10032.0,1.0,0.5035400391,-0.3317260742,0.4066162109,0.686340332
54245397.0,2968.0,0.0,-4.125,1.0078125,-3.84375,0
54249429.0,4032.0,1.0,0.5032348633,-0.3353271484,0.4069824219,0.6846313477
54252397.0,2968.0,0.0,-3.86328125,0.5859375,-3.44140625,0
54260429.0,8032.0,1.0,0.5026855469,-0.3388061523,0.4077148438,0.6828613281
54263397.0,2968.0,0.0,-4.22265625,0.05078125,-2.5390625,0
54270429.0,7032.0,1.0,0.501953125,-0.3420410156,0.408996582,0.6810302734
54273397.0,2968.0,0.0,-3.609375,-0.15625,-1.6640625,0
54280429.0,7032.0,1.0,0.5010375977,-0.3449707031,0.4107666016,0.6790771484
54283397.0,2968.0,0.0,-2.78125,-0.5234375,-0.10546875,0
54290429.0,7032.0,1.0,0.5000610352,-0.3477783203,0.4130859375,0.6770019531
54293397.0,2968.0,0.0,-2.48046875,-1.625,0.125,0
54300429.0,7032.0,1.0,0.4989624023,-0.3504638672,0.4160766602,0.674621582
54303397.0,2968.0,0.0,-2.90234375,-1.625,-0.74609375,0
54309429.0,6032.0,1.0,0.4978637695,-0.3530273438,0.4194946289,0.6719360352
54312397.0,2968.0,0.0,-4.90234375,0.16796875,-2.76171875,0
54320429.0,8032.0,1.0,0.4968261719,-0.3556518555,0.4235839844,0.6688232422
54323397.0,2968.0,0.0,-5.24609375,0.16015625,-3.9921875,0
54330429.0,7032.0,1.0,0.4959716797,-0.3579711914,0.427734375,0.6655273438
54333397.0,2968.0,0.0,-4.5546875,0.765625,-4.3203125,0
54340429.0,7032.0,1.0,0.4951782227,-0.3601074219,0.4320068359,0.6621704102
54343397.0,2968.0,0.0,-3.3671875,0.94140625,-3.55859375,0
54349429.0,6032.0,1.0,0.4943847656,-0.362121582,0.4362182617,0.6588745117
54352397.0,2968.0,0.0,-2.26171875,0.55078125,-2.921875,0
54359429.0,7032.0,1.0,0.493347168,-0.364440918,0.4410400391,0.6552124023
54362397.0,2968.0,0.0,-1.6484375,0.45703125,-2.8046875,0
54370429.0,8032.0,1.0,0.4920654297,-0.3665771484,0.4460449219,0.651550293
54373397.0,2968.0,0.0,-1.3515625,0.85546875,-2.2578125,0
54380429.0,7032.0,1.0,0.4906616211,-0.3686523438,0.4512939453,0.6478271484
54383397.0,2968.0,0.0,-1.6171875,1.4921875,-2.4375,0
54390429.0,7032.0,1.0,0.4893188477,-0.3704833984,0.4567260742,0.6439819336
54393397.0,2968.0,0.0,-2.7734375,1.390625,-3.5859375,0
54400429.0,7032.0,1.0,0.4879760742,-0.3721313477,0.4622192383,0.6401367188
54404397.0,3968.0,0.0,-2.89453125,1.6953125,-4.7265625,0
54410429.0,6032.0,1.0,0.4866333008,-0.3737182617,0.4675292969,0.6363525391
54413397.0,2968.0,0.0,-3.28515625,2.82421875,-5.25,0
54420429.0,7032.0,1.0,0.4852294922,-0.3753662109,0.47265625,0.6326904297
54423397.0,2968.0,0.0,-3.9921875,2.609375,-5.40234375,0
54435429.0,12032.0,1.0,0.4838256836,-0.3770141602,0.4772338867,0.6292724609
54439397.0,3968.0,0.0,-5.03125,3.16015625,-4.55859375,0
54442429.0,3032.0,1.0,0.4822387695,-0.3791503906,0.4814453125,0.6260375977
54445397.0,2968.0,0.0,-5.0078125,3.14453125,-4.44140625,0
54449429.0,4032.0,1.0,0.48046875,-0.3817138672,0.4850463867,0.6231079102
54452397.0,2968.0,0.0,-5.55859375,1.34375,-4.33203125,0
54460429.0,8032.0,1.0,0.4784545898,-0.384765625,0.4880981445,0.620300293
54463397.0,2968.0,0.0,-6.109375,1.95703125,-4.71875,0
54470429.0,7032.0,1.0,0.4763183594,-0.3881835938,0.4902954102,0.6181030273
54473397.0,2968.0,0.0,-5.88671875,1.7421875,-5.4609375,0
54480429.0,7032.0,1.0,0.4741821289,-0.3917236328,0.4919433594,0.6162109375
54484397.0,3968.0,0.0,-5.21484375,1.2109375,-5.44921875,0
54490429.0,6032.0,1.0,0.4722900391,-0.3948364258,0.4937133789,0.6141967773
54493397.0,2968.0,0.0,-4.00390625,0.078125,-5.2109375,0
54500429.0,7032.0,1.0,0.4708251953,-0.3973388672,0.4959716797,0.6119384766
54503397.0,2968.0,0.0,-2.26171875,-0.15234375,-3.125,0
54510429.0,7032.0,1.0,0.4694213867,-0.3994140625,0.4987792969,0.6093139648
54513397.0,2968.0,0.0,-1.703125,-0.6015625,-2.45703125,0
54520429.0,7032.0,1.0,0.4682006836,-0.4010620117,0.501953125,0.606628418
54523397.0,2968.0,0.0,-1.9921875,0.00390625,-2.37109375,0
54530429.0,7032.0,1.0,0.4668579102,-0.4024658203,0.5052490234,0.6039428711
54533397.0,2968.0,0.0,-2.75390625,0.0703125,-2.34765625,0
54539429.0,6032.0,1.0,0.4655761719,-0.4035644531,0.5085449219,0.6014404297
54542397.0,2968.0,0.0,-2.9296875,-0.40234375,-3.33203125,0
54550429.0,8032.0,1.0,0.4642944336,-0.4043579102,0.5123901367,0.5986328125
54553397.0,2968.0,0.0,-2.61328125,0.5,-2.97265625,0
54560429.0,7032.0,1.0,0.4631347656,-0.4048461914,0.5161743164,0.5959472656
54563397.0,2968.0,0.0,-1.44921875,0.58203125,-2.609375,0
54570429.0,7032.0,1.0,0.4619750977,-0.4052124023,0.5201416016,0.5931396484
54573397.0,2968.0,0.0,-0.67578125,0.4453125,-1.25,0
54580429.0,7032.0,1.0,0.4606933594,-0.4057006836,0.5240478516,0.5903930664
54583397.0,2968.0,0.0,-1.09765625,0.30859375,-0.58203125,0
54590429.0,7032.0,1.0,0.4592895508,-0.4061889648,0.5278320313,0.5877075195
54593397.0,2968.0,0.0,-2.046875,0.3984375,-1.1484375,0
54600429.0,7032.0,1.0,0.4579467773,-0.4066772461,0.5314941406,0.585144043
54603397.0,2968.0,0.0,-2.69140625,0.0390625,-1.32421875,0
54610429.0,7032.0,1.0,0.4567260742,-0.407043457,0.5349731445,0.5826416016
54613397.0,2968.0,0.0,-1.65625,0.015625,-1.96484375,0
54620429.0,7032.0,1.0,0.4555053711,-0.4074707031,0.5383911133,0.5802001953
54623397.0,2968.0,0.0,0.53515625,-0.30859375,-1.91796875,0
54633429.0,10032.0,1.0,0.4542236328,-0.4080810547,0.5415039063,0.5778808594
54636397.0,2968.0,0.0,0.27734375,-0.4453125,-1.76171875,0
54643429.0,7032.0,1.0,0.4527587891,-0.4089355469,0.5447387695,0.575378418
54646397.0,2968.0,0.0,-0.453125,-0.9140625,-0.7890625,0
54650429.0,4032.0,1.0,0.4512939453,-0.4099731445,0.5476074219,0.5729980469
54653397.0,2968.0,0.0,-1.5546875,-0.8046875,-0.25,0
54660429.0,7032.0,1.0,0.4498901367,-0.4111328125,0.5502319336,0.5708007813
54663397.0,2968.0,0.0,-1.32421875,-0.77734375,-0.4765625,0
54670429.0,7032.0,1.0,0.4484863281,-0.4123535156,0.5525512695,0.5687866211
54673397.0,2968.0,0.0,-0.28515625,-0.66015625,-0.5546875,0
54680429.0,7032.0,1.0,0.4471435547,-0.4137573242,0.5546875,0.5667724609
54683397.0,2968.0,0.0,1.01953125,-0.73828125,-0.98046875,0
54690429.0,7032.0,1.0,0.4459228516,-0.4151000977,0.5567626953,0.5646362305
54693397.0,2968.0,0.0,1.5625,1.37109375,0.09375,0
54700429.0,7032.0,1.0,0.4446411133,-0.4166870117,0.5588989258,0.5623779297
54703397.0,2968.0,0.0,1.41015625,0.609375,0.35546875,0
54710429.0,7032.0,1.0,0.4432373047,-0.4185180664,0.5609130859,0.5601806641
54713397.0,2968.0,0.0,0.68359375,0.84765625,0.39453125,0
54720429.0,7032.0,1.0,0.4416503906,-0.4204711914,0.5626831055,0.5581665039
54723397.0,2968.0,0.0,-0.4609375,1.27734375,0.3203125,0
54729429.0,6032.0,1.0,0.4399414063,-0.4224243164,0.5642089844,0.5565185547
54732397.0,2968.0,0.0,0.11328125,0.3984375,-0.56640625,0
54740429.0,8032.0,1.0,0.4380493164,-0.4243774414,0.5655517578,0.5550537109
54743397.0,2968.0,0.0,1.1171875,-0.1796875,-0.66015625,0
54750429.0,7032.0,1.0,0.4360351563,-0.4263305664,0.5670166016,0.5537109375
54753397.0,2968.0,0.0,1.41796875,0.20703125,-0.12109375,0
54760429.0,7032.0,1.0,0.4339599609,-0.4281616211,0.5684814453,0.5524902344
54763397.0,2968.0,0.0,1.2265625,0.08984375,0.5546875,0
54770429.0,7032.0,1.0,0.431640625,-0.4299926758,0.5701293945,0.5511474609
54773397.0,2968.0,0.0,-0.15234375,-0.1484375,0.73828125,0
54780429.0,7032.0,1.0,0.4292602539,-0.4317016602,0.5718383789,0.5498657227
54783397.0,2968.0,0.0,-1.00390625,-0.1953125,0.80859375,0
54790429.0,7032.0,1.0,0.4266967773,-0.4333496094,0.5736694336,0.5486450195
54793397.0,2968.0,0.0,-1.125,-0.59375,1.04296875,0
54800429.0,7032.0,1.0,0.4241333008,-0.4349365234,0.575378418,0.5476074219
54803397.0,2968.0,0.0,-0.7890625,-0.72265625,1.44140625,0
54810429.0,7032.0,1.0,0.4213256836,-0.4365234375,0.5771484375,0.5466308594
54813397.0,2968.0,0.0,0.0078125,-0.77734375,2.1328125,0
54820429.0,7032.0,1.0,0.4183959961,-0.4381713867,0.578918457,0.545715332
54823397.0,2968.0,0.0,0.3125,0.12890625,2.43359375,0
54830429.0,7032.0,1.0,0.4152832031,-0.4400024414,0.5806884766,0.5447387695
54833397.0,2968.0,0.0,0.671875,-0.625,3.23046875,0
54840429.0,7032.0,1.0,0.4121704102,-0.4418334961,0.5824584961,0.5437011719
54843397.0,2968.0,0.0,-0.140625,-0.79296875,2.3515625,0
54850429.0,7032.0,1.0,0.4089355469,-0.4436645508,0.5843505859,0.5426635742
54853397.0,2968.0,0.0,-0.4609375,-0.921875,1.1171875,0
54860429.0,7032.0,1.0,0.4058837891,-0.4454345703,0.5861816406,0.5415039063
54864397.0,3968.0,0.0,-0.31640625,-1.29296875,0.0390625,0
54870429.0,6032.0,1.0,0.4029541016,-0.4470825195,0.5880737305,0.5402832031
54873397.0,2968.0,0.0,-0.24609375,-0.92578125,-0.15625,0
54880429.0,7032.0,1.0,0.4002685547,-0.4486694336,0.5899047852,0.5389404297
54883397.0,2968.0,0.0,0.3515625,-1.0546875,1.0703125,0
54890429.0,7032.0,1.0,0.397644043,-0.4503173828,0.5917358398,0.5374755859
54893397.0,2968.0,0.0,0.10546875,-0.44921875,1.71484375,0
54900429.0,7032.0,1.0,0.3947753906,-0.452331543,0.5936279297,0.5358886719
54903397.0,2968.0,0.0,0.01171875,-0.2734375,1.36328125,0
54910429.0,7032.0,1.0,0.391784668,-0.4544677734,0.5952148438,0.5344848633
54913397.0,2968.0,0.0,0.46484375,-0.3203125,0.72265625,0
54920429.0,7032.0,1.0,0.3889160156,-0.4566040039,0.596496582,0.5333251953
54923397.0,2968.0,0.0,-0.9296875,1.01171875,-0.51953125,0
54930429.0,7032.0,1.0,0.3856811523,-0.458984375,0.5977172852,0.5322875977
54933397.0,2968.0,0.0,-0.59375,1.04296875,-0.48828125,0
54940429.0,7032.0,1.0,0.3827514648,-0.4613037109,0.5986328125,0.5313720703
54943397.0,2968.0,0.0,0.2734375,0.99609375,0.41796875,0
54950429.0,7032.0,1.0,0.379699707,-0.4637451172,0.5994873047,0.530456543
54953397.0,2968.0,0.0,0.953125,1.10546875,1.5546875,0
54960429.0,7032.0,1.0,0.3763427734,-0.4664916992,0.6002197266,0.5296020508
54963397.0,2968.0,0.0,0.8984375,1.43359375,1.546875,0
54970429.0,7032.0,1.0,0.3729858398,-0.4692382813,0.6008300781,0.5289306641
54973397.0,2968.0,0.0,0.07421875,1.234375,1.41796875,0
54980429.0,7032.0,1.0,0.3693847656,-0.4719848633,0.6013183594,0.5283813477
54983397.0,2968.0,0.0,-1.015625,1.265625,1.05078125,0
54990429.0,7032.0,1.0,0.3657836914,-0.4745483398,0.6019897461,0.5278320313
54993397.0,2968.0,0.0,-1.796875,1.39453125,0.46875,0
55000429.0,7032.0,1.0,0.3622436523,-0.4769287109,0.6027832031,0.5272216797
55003397.0,2968.0,0.0,-0.96875,1.72265625,0.91796875,0
55010429.0,7032.0,1.0,0.3586425781,-0.4790649414,0.6038208008,0.526550293
55013397.0,2968.0,0.0,0.5078125,0.859375,2.3515625,0
55020429.0,7032.0,1.0,0.3550415039,-0.4811401367,0.6050415039,0.5257568359
55023397.0,2968.0,0.0,1.671875,0.2578125,2.53515625,0
55030429.0,7032.0,1.0,0.3512573242,-0.4830322266,0.6065063477,0.5247802734
55033397.0,2968.0,0.0,0.84375,0.234375,1.41796875,0
55040429.0,7032.0,1.0,0.3473510742,-0.4849243164,0.6081542969,0.5238037109
55043397.0,2968.0,0.0,-0.21484375,-0.5234375,1.09765625,0
55050429.0,7032.0,1.0,0.3434448242,-0.4865112305,0.6100463867,0.5227050781
55053397.0,2968.0,0.0,-1.31640625,-0.5859375,1.03125,0
55060429.0,7032.0,1.0,0.3396606445,-0.4877929688,0.612121582,0.521484375
55063397.0,2968.0,0.0,-1.84765625,0.48828125,1.0234375,0
55070429.0,7032.0,1.0,0.3359375,-0.4889526367,0.6143798828,0.5202026367
55073397.0,2968.0,0.0,0.3046875,-0.84765625,1.24609375,0
55080429.0,7032.0,1.0,0.3322143555,-0.4900512695,0.6167602539,0.5186767578
55083397.0,2968.0,0.0,0.7734375,-0.76953125,1.40234375,0
55090429.0,7032.0,1.0,0.3283081055,-0.4913330078,0.6190795898,0.5172119141
55093397.0,2968.0,0.0,0.5859375,0.00390625,1.6640625,0
55100429.0,7032.0,1.0,0.32421875,-0.4928588867,0.6210327148,0.5159912109
55103397.0,2968.0,0.0,0.51953125,0.0078125,1.55078125,0
55111429.0,8032.0,1.0,0.3200683594,-0.4945678711,0.6226806641,0.5149536133
55114397.0,2968.0,0.0,0.6328125,-1.41015625,1.0859375,0
55120429.0,6032.0,1.0,0.3157348633,-0.4964599609,0.6243286133,0.5138549805
55123397.0,2968.0,0.0,0.29296875,-0.59765625,1.1171875,0
55130429.0,7032.0,1.0,0.311340332,-0.4984741211,0.625793457,0.512878418
55133397.0,2968.0,0.0,0.21875,-0.4765625,0.99609375,0
55140429.0,7032.0,1.0,0.3069458008,-0.5004882813,0.6270751953,0.5119018555
55143397.0,2968.0,0.0,0.30078125,-0.8125,0.60546875,0
55150429.0,7032.0,1.0,0.3026123047,-0.5025024414,0.6284179688,0.5108642578
55153397.0,2968.0,0.0,0.453125,0.15234375,0.78515625,0
55160429.0,7032.0,1.0,0.2986450195,-0.5043945313,0.629699707,0.509765625
55163397.0,2968.0,0.0,0.72265625,-0.1015625,1.12109375,0
55170429.0,7032.0,1.0,0.2946166992,-0.5065307617,0.630859375,0.508605957
55173397.0,2968.0,0.0,0.8046875,0.1796875,1.94921875,0
55180429.0,7032.0,1.0,0.2903442383,-0.508972168,0.6317749023,0.5074462891
55183397.0,2968.0,0.0,0.53515625,-0.30078125,2.25,0
55190429.0,7032.0,1.0,0.2858276367,-0.5115966797,0.6325073242,0.5064086914
55193397.0,2968.0,0.0,0.3515625,-0.41015625,2.0546875,0
55200429.0,7032.0,1.0,0.2813110352,-0.5142211914,0.6331787109,0.5054931641
55203397.0,2968.0,0.0,0.46484375,0.1015625,1.45703125,0
55210429.0,7032.0,1.0,0.2767944336,-0.516784668,0.6338500977,0.5045776367
55213397.0,2968.0,0.0,0.3125,0.34765625,1.296875,0
55220429.0,7032.0,1.0,0.2723999023,-0.5191040039,0.6347045898,0.5034790039
55223397.0,2968.0,0.0,-0.2578125,0.77734375,0.6328125,0
55230429.0,7032.0,1.0,0.2681274414,-0.5211791992,0.6358642578,0.5021362305
55233397.0,2968.0,0.0,-0.02734375,0.29296875,0.73046875,0
55240429.0,7032.0,1.0,0.2639770508,-0.5230712891,0.6372680664,0.5006103516
55243397.0,2968.0,0.0,-0.296875,-0.2265625,1.26171875,0
55250429.0,7032.0,1.0,0.259765625,-0.5247192383,0.6389160156,0.4990234375
55253397.0,2968.0,0.0,-1.26171875,-0.10546875,1.83203125,0
55260429.0,7032.0,1.0,0.2554321289,-0.526184082,0.6406860352,0.4974365234
55263397.0,2968.0,0.0,-3.8359375,-0.17578125,3.00390625,0
55270429.0,7032.0,1.0,0.250793457,-0.5274047852,0.6427001953,0.4959106445
55273397.0,2968.0,0.0,-4.54296875,-0.60546875,2.9296875,0
55280429.0,7032.0,1.0,0.2459106445,-0.5283203125,0.6450195313,0.4943237305
55283397.0,2968.0,0.0,-4.59765625,-0.5,2.9609375,0
55290429.0,7032.0,1.0,0.2408447266,-0.5288696289,0.6477661133,0.4926757813
55293397.0,2968.0,0.0,-4.546875,-0.46875,3.078125,0
55300429.0,7032.0,1.0,0.2360839844,-0.5289306641,0.6508178711,0.4909057617
55303397.0,2968.0,0.0,-3.3828125,-0.67578125,1.65234375,0
55310429.0,7032.0,1.0,0.2310180664,-0.5284423828,0.6547241211,0.4885864258
55313397.0,2968.0,0.0,-3.14453125,-0.05078125,1.05078125,0
55320429.0,7032.0,1.0,0.2263793945,-0.5274047852,0.6592407227,0.4858398438
55324397.0,3968.0,0.0,-3.4921875,0.23828125,0.9140625,0
55330429.0,6032.0,1.0,0.2224121094,-0.5258789063,0.6641235352,0.4826660156
55333397.0,2968.0,0.0,-3.984375,0.109375,1.453125,0
55341429.0,8032.0,1.0,0.2188110352,-0.5236816406,0.6700439453,0.478515625
55344397.0,2968.0,0.0,-5.7109375,0.0625,2.13671875,0
55350429.0,6032.0,1.0,0.215637207,-0.520690918,0.6768798828,0.4735107422
55353397.0,2968.0,0.0,-7.25,0.671875,2.09375,0
55360429.0,7032.0,1.0,0.212890625,-0.5173339844,0.6840820313,0.4680786133
55363397.0,2968.0,0.0,-8.44921875,0.671875,1.86328125,0
55370429.0,7032.0,1.0,0.2105102539,-0.5133056641,0.6918334961,0.4621582031
55373397.0,2968.0,0.0,-9.3828125,1.37890625,1.33203125,0
55380429.0,7032.0,1.0,0.2084350586,-0.5087280273,0.6997680664,0.4561767578
55383397.0,2968.0,0.0,-10.19921875,3.375,0.03125,0
55390429.0,7032.0,1.0,0.2063598633,-0.5036621094,0.7078857422,0.4501953125
55393397.0,2968.0,0.0,-10.62890625,4.265625,-0.54296875,0
55401429.0,8032.0,1.0,0.2041015625,-0.4979858398,0.7160644531,0.4445800781
55404397.0,2968.0,0.0,-10.953125,5.34375,-1.65234375,0
55410429.0,6032.0,1.0,0.2015380859,-0.4918212891,0.7238769531,0.4398193359
55413397.0,2968.0,0.0,-10.1640625,9.578125,-5.15625,0
55420429.0,7032.0,1.0,0.1983642578,-0.485168457,0.7313232422,0.436340332
55423397.0,2968.0,0.0,-10.91796875,13.609375,-6.91796875,0
55433429.0,10032.0,1.0,0.1943969727,-0.4782104492,0.7377929688,0.4349365234
55436397.0,2968.0,0.0,-12.49609375,15.421875,-8.39453125,0
55440429.0,4032.0,1.0,0.1887207031,-0.4699707031,0.7436523438,0.4364624023
55443397.0,2968.0,0.0,-13.25,15.10546875,-8.87890625,0
55450429.0,7032.0,1.0,0.180847168,-0.4612426758,0.7477416992,0.4421386719
55453397.0,2968.0,0.0,-12.2109375,17.1015625,-7.00390625,0
55460429.0,7032.0,1.0,0.1704101563,-0.4526367188,0.7491455078,0.4526367188
55463397.0,2968.0,0.0,-10.87109375,14.8125,-3.77734375,0
55470429.0,7032.0,1.0,0.1577758789,-0.4436035156,0.748840332,0.4663696289
55473397.0,2968.0,0.0,-9.28125,5.50390625,-0.15234375,0
55481429.0,8032.0,1.0,0.1475830078,-0.432800293,0.7510986328,0.4761962891
55484397.0,2968.0,0.0,-7.19140625,-8.35546875,2.60546875,0
55490429.0,6032.0,1.0,0.1411132813,-0.4196777344,0.7561645508,0.4818725586
55493397.0,2968.0,0.0,-2.8203125,24.2109375,-1.6328125,0
55500429.0,7032.0,1.0,0.1328735352,-0.4051513672,0.7567138672,0.4955444336
55503397.0,2968.0,0.0,0.6875,31.8125,-9.703125,0
55513429.0,10032.0,1.0,0.1223144531,-0.3923339844,0.7495117188,0.5189819336
55516397.0,2968.0,0.0,5.90234375,24.85546875,-17.92578125,0
55521429.0,5032.0,1.0,0.1099243164,-0.3801269531,0.7339477539,0.5520019531
55524397.0,2968.0,0.0,4.828125,18.38671875,-14.49609375,0
55530429.0,6032.0,1.0,0.0980834961,-0.3694458008,0.7107543945,0.5904541016
55533397.0,2968.0,0.0,5.39453125,-0.328125,-12.3203125,0
55540429.0,7032.0,1.0,0.0892944336,-0.3591918945,0.6824951172,0.6301879883
55543397.0,2968.0,0.0,2.3671875,-9.22265625,-9.93359375,0
55552429.0,9032.0,1.0,0.0863647461,-0.3502197266,0.6558837891,0.6630859375
55555397.0,2968.0,0.0,0.51953125,-14.45703125,-4.6015625,0
55560429.0,5032.0,1.0,0.0891113281,-0.3415527344,0.6301269531,0.6916503906
55563397.0,2968.0,0.0,0.29296875,-18.51171875,-4.140625,0
55570429.0,7032.0,1.0,0.0974731445,-0.333190918,0.6062011719,0.7155151367
55573397.0,2968.0,0.0,4.453125,-19.359375,-0.70703125,0
55580429.0,7032.0,1.0,0.1097412109,-0.3258056641,0.5856933594,0.7340087891
55583397.0,2968.0,0.0,6.1953125,-17.83984375,-1.24609375,0
55590429.0,7032.0,1.0,0.1249389648,-0.3193969727,0.5662231445,0.7495117188
55593397.0,2968.0,0.0,7.515625,-16.015625,-0.4375,0
55601429.0,8032.0,1.0,0.1420288086,-0.3141479492,0.5474853516,0.762512207
55604397.0,2968.0,0.0,8.73046875,-14.72265625,-0.07421875,0
55613429.0,9032.0,1.0,0.1597900391,-0.3101196289,0.5299072266,0.7729492188
55616397.0,2968.0,0.0,9.68359375,-13.546875,0.41796875,0
55620429.0,4032.0,1.0,0.1784667969,-0.3070678711,0.5126342773,0.7816772461
55623397.0,2968.0,0.0,9.546875,-12.69921875,-0.1640625,0
55631429.0,8032.0,1.0,0.1983032227,-0.3049316406,0.494934082,0.7891235352
55634397.0,2968.0,0.0,9.359375,-11.80859375,-0.47265625,0
55640429.0,6032.0,1.0,0.2172241211,-0.303527832,0.4791870117,0.7943725586
55643397.0,2968.0,0.0,8.328125,-11.46875,-0.1875,0
55655429.0,12032.0,1.0,0.2351074219,-0.3026123047,0.4661254883,0.7974243164
55659397.0,3968.0,0.0,5.83984375,-10.95703125,-0.0234375,0
55662429.0,3032.0,1.0,0.2539672852,-0.3016967773,0.4547119141,0.7985839844
55665397.0,2968.0,0.0,5.94921875,-10.68359375,-0.2421875,0
55670429.0,5032.0,1.0,0.2731323242,-0.3006591797,0.4452514648,0.7979736328
55673397.0,2968.0,0.0,5.390625,-9.64453125,-0.27734375,0
55680429.0,7032.0,1.0,0.2906494141,-0.2995605469,0.4383544922,0.7960205078
55683397.0,2968.0,0.0,5.35546875,-7.890625,-0.609375,0
55690429.0,7032.0,1.0,0.3088989258,-0.2983398438,0.4323730469,0.7929077148
55693397.0,2968.0,0.0,5.890625,-6.9765625,-0.87890625,0
55700429.0,7032.0,1.0,0.3255004883,-0.2973022461,0.4273681641,0.7893066406
55703397.0,2968.0,0.0,6.58203125,-6.08984375,-1.0859375,0
55711429.0,8032.0,1.0,0.3415527344,-0.2965087891,0.4226074219,0.7853393555
55714397.0,2968.0,0.0,6.9921875,-5.3125,-0.98828125,0
55720429.0,6032.0,1.0,0.3558349609,-0.2961425781,0.4182128906,0.7814941406
55723397.0,2968.0,0.0,6.890625,-5.1640625,-0.64453125,0
55735429.0,12032.0,1.0,0.3697509766,-0.296081543,0.4138183594,0.7774047852
55739397.0,3968.0,0.0,6.2578125,-5.09765625,-0.109375,0
55742429.0,3032.0,1.0,0.3830566406,-0.2962036133,0.4098510742,0.7730102539
55745397.0,2968.0,0.0,5.98828125,-4.8359375,0.171875,0
55751429.0,6032.0,1.0,0.3962402344,-0.2962646484,0.4066772461,0.7680053711
55754397.0,2968.0,0.0,6.03515625,-4.671875,0.1171875,0
55760429.0,6032.0,1.0,0.4080200195,-0.2962646484,0.4046020508,0.762878418
55763397.0,2968.0,0.0,5.46875,-3.71875,-0.22265625,0
55770429.0,7032.0,1.0,0.4192504883,-0.2962646484,0.4033813477,0.7574462891
55773397.0,2968.0,0.0,5.01171875,-2.90234375,-0.4296875,0
55781429.0,8032.0,1.0,0.4297485352,-0.2964477539,0.4025268555,0.751953125
55784397.0,2968.0,0.0,4.5546875,-1.97265625,-0.40625,0
55791429.0,7032.0,1.0,0.4391479492,-0.2970581055,0.4018554688,0.7465820313
55794397.0,2968.0,0.0,4.24609375,-1.0625,-0.60546875,0
55800429.0,6032.0,1.0,0.4475097656,-0.2982788086,0.4011230469,0.7415161133
55803397.0,2968.0,0.0,2.9375,-0.484375,-0.59765625,0
55815429.0,12032.0,1.0,0.4546508789,-0.2998046875,0.4006958008,0.7367553711
55819397.0,3968.0,0.0,2.5234375,-2.48828125,-0.58984375,0
55822429.0,3032.0,1.0,0.4616699219,-0.3013305664,0.4013671875,0.7314453125
55825397.0,2968.0,0.0,2.44921875,-2.08984375,-1.01953125,0
55831429.0,6032.0,1.0,0.4683837891,-0.3026123047,0.4031982422,0.7255859375
55834397.0,2968.0,0.0,2.57421875,-1.09765625,-1.484375,0
55841429.0,7032.0,1.0,0.4741821289,-0.3039550781,0.405456543,0.719909668
55844397.0,2968.0,0.0,2.91796875,-0.15625,-1.921875,0
55850429.0,6032.0,1.0,0.4792480469,-0.305847168,0.4077148438,0.7145385742
55853397.0,2968.0,0.0,3.01171875,0.640625,-2.8984375,0
55861429.0,8032.0,1.0,0.4834594727,-0.3082885742,0.4095458984,0.7095947266
55864397.0,2968.0,0.0,2.94140625,1.46484375,-3.296875,0
55870429.0,6032.0,1.0,0.4868164063,-0.3110351563,0.4108886719,0.7052612305
55873397.0,2968.0,0.0,2.0234375,1.53515625,-4.23828125,0
55881429.0,8032.0,1.0,0.4898071289,-0.3142700195,0.412109375,0.7010498047
55884397.0,2968.0,0.0,2.109375,1.7109375,-4.6875,0
55890429.0,6032.0,1.0,0.4921875,-0.317565918,0.4130249023,0.6973876953
55893397.0,2968.0,0.0,2.0703125,1.66796875,-5.1640625,0
55901429.0,8032.0,1.0,0.4940185547,-0.3208618164,0.4138183594,0.6940917969
55904397.0,2968.0,0.0,1.34375,1.109375,-5.453125,0
55910429.0,6032.0,1.0,0.4952392578,-0.3240356445,0.4144897461,0.6913452148
55913397.0,2968.0,0.0,-0.4609375,1.69921875,-5.015625,0
55920429.0,7032.0,1.0,0.4961547852,-0.3272705078,0.4153442383,0.688659668
55923397.0,2968.0,0.0,-1.3046875,1.67578125,-5.48828125,0
55931429.0,8032.0,1.0,0.4968261719,-0.3302001953,0.4164428711,0.6860351563
55934397.0,2968.0,0.0,-2.421875,1.2109375,-5.2734375,0
55941429.0,7032.0,1.0,0.4973754883,-0.3328857422,0.41796875,0.6834716797
55944397.0,2968.0,0.0,-3.578125,0.8671875,-4.375,0
55951429.0,7032.0,1.0,0.4976806641,-0.3353881836,0.4197387695,0.6809082031
55954397.0,2968.0,0.0,-3.6640625,-1.41015625,-2.3203125,0
55961429.0,7032.0,1.0,0.4978027344,-0.3379516602,0.4217529297,0.6782836914
55965397.0,3968.0,0.0,-3.515625,-1.1640625,-2.17578125,0
55974429.0,9032.0,1.0,0.4976806641,-0.3405761719,0.4240112305,0.6756591797
55977397.0,2968.0,0.0,-3.37109375,-0.41796875,-1.30078125,0
55984429.0,7032.0,1.0,0.4973144531,-0.3436889648,0.4267578125,0.672668457
55988397.0,3968.0,0.0,-3.90625,-1.27734375,-0.28515625,0
55992429.0,4032.0,1.0,0.4967651367,-0.3466796875,0.4296264648,0.6696777344
55995397.0,2968.0,0.0,-3.93359375,-1.5,-0.23046875,0
56001429.0,6032.0,1.0,0.4960327148,-0.3494873047,0.4331054688,0.6664428711
56005397.0,3968.0,0.0,-3.59765625,-1.1015625,-0.75,0
56011429.0,6032.0,1.0,0.495300293,-0.3521118164,0.4376220703,0.6627197266
56014397.0,2968.0,0.0,-3.51171875,-0.65625,-1.4765625,0
56021429.0,7032.0,1.0,0.4945678711,-0.3541870117,0.4429931641,0.6585693359
56024397.0,2968.0,0.0,-3.359375,1.97265625,-3.83984375,0
56031429.0,7032.0,1.0,0.4940185547,-0.3555908203,0.4490356445,0.6541137695
56034397.0,2968.0,0.0,-2.79296875,2.859375,-4.21484375,0
56041429.0,7032.0,1.0,0.4934082031,-0.3567504883,0.4554443359,0.6495361328
56045397.0,3968.0,0.0,-2.28515625,2.3671875,-4.203125,0
56051429.0,6032.0,1.0,0.4924926758,-0.3580322266,0.4619750977,0.6448974609
56054397.0,2968.0,0.0,-2.25390625,2.59765625,-3.87109375,0
56060429.0,6032.0,1.0,0.4912719727,-0.3596191406,0.4678955078,0.640625
56063397.0,2968.0,0.0,-3.21875,0.46875,-3.546875,0
56071429.0,8032.0,1.0,0.4898071289,-0.3618164063,0.4740600586,0.6359863281
56074397.0,2968.0,0.0,-3.21875,1.5546875,-4.625,0
56081429.0,7032.0,1.0,0.48828125,-0.3643188477,0.4793701172,0.6317138672
56084397.0,2968.0,0.0,-3.37109375,3.03125,-5.3359375,0
56091429.0,7032.0,1.0,0.4866943359,-0.3671875,0.4840087891,0.627746582
56094397.0,2968.0,0.0,-4.09765625,3.1484375,-6.07421875,0
56100429.0,6032.0,1.0,0.4851074219,-0.3701782227,0.4877929688,0.6242675781
56103397.0,2968.0,0.0,-5.63671875,4.296875,-6.80078125,0
56115429.0,12032.0,1.0,0.4833374023,-0.3737182617,0.4911499023,0.6209106445
56118397.0,2968.0,0.0,-6.29296875,3.69140625,-6.72265625,0
56122429.0,4032.0,1.0,0.4813842773,-0.3775634766,0.4940795898,0.6177368164
56125397.0,2968.0,0.0,-5.56640625,3.33203125,-5.9140625,0
56131429.0,6032.0,1.0,0.4793701172,-0.3811645508,0.4963989258,0.615234375
56134397.0,2968.0,0.0,-5.54296875,3.34765625,-5.8125,0
56141429.0,7032.0,1.0,0.4772338867,-0.3849487305,0.4984130859,0.6129150391
56144397.0,2968.0,0.0,-4.0546875,1.44921875,-6.125,0
56151429.0,7032.0,1.0,0.4751586914,-0.3884277344,0.5004272461,0.6107177734
56154397.0,2968.0,0.0,-3.84765625,0.8515625,-5.640625,0
56161429.0,7032.0,1.0,0.4732055664,-0.391418457,0.5025634766,0.6085205078
56164397.0,2968.0,0.0,-3.89453125,0.8515625,-5.31640625,0
56171429.0,7032.0,1.0,0.4713134766,-0.3939819336,0.5050048828,0.6063232422
56174397.0,2968.0,0.0,-3.6875,2.0,-3.8828125,0
56181429.0,7032.0,1.0,0.4696655273,-0.3958129883,0.5080566406,0.6038208008
56184397.0,2968.0,0.0,-2.90625,-1.02734375,-2.5234375,0
56191429.0,7032.0,1.0,0.4683227539,-0.3968505859,0.5117797852,0.6010742188
56194397.0,2968.0,0.0,-2.78125,0.0234375,-2.0859375,0
56201429.0,7032.0,1.0,0.4671020508,-0.3972167969,0.5161132813,0.5980224609
56204397.0,2968.0,0.0,-2.65234375,-0.65234375,-2.4453125,0
56211429.0,7032.0,1.0,0.4659423828,-0.3970336914,0.5208129883,0.5949707031
56214397.0,2968.0,0.0,-2.15234375,0.6484375,-2.53515625,0
56221429.0,7032.0,1.0,0.4647216797,-0.3966064453,0.5256958008,0.5919189453
56224397.0,2968.0,0.0,-2.71875,-0.1953125,-1.66796875,0
56231429.0,7032.0,1.0,0.4633789063,-0.3961181641,0.5306396484,0.5889282227
56234397.0,2968.0,0.0,-2.8671875,-0.9609375,-1.21875,0
56241429.0,7032.0,1.0,0.4619140625,-0.3955078125,0.5355224609,0.5860595703
56244397.0,2968.0,0.0,-3.05859375,-0.9296875,-0.19921875,0
56250429.0,6032.0,1.0,0.4603881836,-0.3948974609,0.540222168,0.5833129883
56253397.0,2968.0,0.0,-1.87109375,-1.0859375,-1.33203125,0
56261429.0,8032.0,1.0,0.4586791992,-0.3944702148,0.544921875,0.5805664063
56264397.0,2968.0,0.0,-1.01953125,-1.28515625,-1.26953125,0
56271429.0,7032.0,1.0,0.4571533203,-0.3941040039,0.5491943359,0.5780639648
56274397.0,2968.0,0.0,0.015625,-0.625,-2.37109375,0
56281429.0,7032.0,1.0,0.4557495117,-0.3938598633,0.5532226563,0.575378418
56284397.0,2968.0,0.0,0.6953125,-0.6953125,-2.27734375,0
56296429.0,12032.0,1.0,0.4544677734,-0.3940429688,0.5567626953,0.5728759766
56300397.0,3968.0,0.0,1.43359375,-0.59765625,0.4140625,0
56303429.0,3032.0,1.0,0.4530639648,-0.3947753906,0.5601196289,0.5702514648
56306397.0,2968.0,0.0,1.44140625,-0.61328125,0.5078125,0
56310429.0,4032.0,1.0,0.4515991211,-0.3958129883,0.5631103516,0.5676879883
56313397.0,2968.0,0.0,1.0859375,0.4609375,-0.546875,0
56321429.0,8032.0,1.0,0.4501342773,-0.3972167969,0.5658569336,0.5651245117
56324397.0,2968.0,0.0,0.7890625,0.69140625,-0.99609375,0
56331429.0,7032.0,1.0,0.4487915039,-0.3988647461,0.5681762695,0.5628051758
56334397.0,2968.0,0.0,0.453125,0.64453125,-1.87890625,0
56341429.0,7032.0,1.0,0.4474487305,-0.4007568359,0.5700073242,0.5606689453
56344397.0,2968.0,0.0,0.60546875,1.04296875,-1.26171875,0
56351429.0,7032.0,1.0,0.4459838867,-0.403137207,0.5714111328,0.5586547852
56354397.0,2968.0,0.0,0.96484375,0.5234375,-0.6875,0
56361429.0,7032.0,1.0,0.4444580078,-0.4058837891,0.5725097656,0.5567016602
56364397.0,2968.0,0.0,0.515625,0.27734375,0.49609375,0
56371429.0,7032.0,1.0,0.4429321289,-0.4088134766,0.5734863281,0.5548095703
56374397.0,2968.0,0.0,-0.63671875,0.1875,1.37890625,0
56381429.0,7032.0,1.0,0.44140625,-0.4116821289,0.5744628906,0.5528564453
56385397.0,3968.0,0.0,-0.97265625,0.37109375,1.21875,0
56391429.0,6032.0,1.0,0.4398803711,-0.4143066406,0.5755615234,0.5510253906
56394397.0,2968.0,0.0,-0.265625,0.68359375,1.05859375,0
56401429.0,7032.0,1.0,0.438293457,-0.4165649414,0.5770263672,0.5490722656
56404397.0,2968.0,0.0,1.79296875,-0.6796875,1.59765625,0
56411429.0,7032.0,1.0,0.4366455078,-0.4183959961,0.5789794922,0.546875
56414397.0,2968.0,0.0,1.83984375,-0.51953125,1.55859375,0
56421429.0,7032.0,1.0,0.4349975586,-0.4199829102,0.581237793,0.5445556641
56424397.0,2968.0,0.0,1.41796875,-0.44140625,1.1015625,0
56431429.0,7032.0,1.0,0.4332885742,-0.4213256836,0.5838623047,0.5421142578
56434397.0,2968.0,0.0,0.40625,-1.4765625,0.8046875,0
56441429.0,7032.0,1.0,0.4315185547,-0.422668457,0.5864257813,0.5397338867
56444397.0,2968.0,0.0,-0.89453125,-0.90234375,-0.14453125,0
56451429.0,7032.0,1.0,0.4293823242,-0.4241333008,0.5889892578,0.5374145508
56454397.0,2968.0,0.0,-0.40625,-0.37109375,-0.02734375,0
56461429.0,7032.0,1.0,0.4271850586,-0.42578125,0.5911865234,0.5354614258
56464397.0,2968.0,0.0,0.31640625,-0.10546875,0.2109375,0
56471429.0,7032.0,1.0,0.4248046875,-0.4276123047,0.5930175781,0.5338134766
56474397.0,2968.0,0.0,1.1953125,-0.06640625,1.0546875,0
56480429.0,6032.0,1.0,0.4221801758,-0.4298095703,0.594543457,0.5324707031
56483397.0,2968.0,0.0,1.1484375,0.5390625,2.19921875,0
56491429.0,8032.0,1.0,0.4189453125,-0.4326171875,0.5957641602,0.5313720703
56494397.0,2968.0,0.0,0.10546875,0.04296875,1.89453125,0
56501429.0,7032.0,1.0,0.4155883789,-0.4356689453,0.5966796875,0.530456543
56504397.0,2968.0,0.0,-1.5546875,-0.08203125,1.16796875,0
56511429.0,7032.0,1.0,0.4123535156,-0.4387207031,0.5974731445,0.5296020508
56514397.0,2968.0,0.0,-2.21484375,0.30078125,0.86328125,0
56521429.0,7032.0,1.0,0.4091796875,-0.4417724609,0.5981445313,0.5288085938
56524397.0,2968.0,0.0,-1.609375,0.25390625,0.00390625,0
56534429.0,10032.0,1.0,0.4063110352,-0.4446411133,0.5986938477,0.5280151367
56537397.0,2968.0,0.0,-1.234375,0.76171875,-0.0390625,0
56544429.0,7032.0,1.0,0.4031982422,-0.4478149414,0.5992431641,0.5270385742
56547397.0,2968.0,0.0,-0.27734375,0.8359375,0.3671875,0
56551429.0,4032.0,1.0,0.4001464844,-0.4511108398,0.5996704102,0.5261230469
56554397.0,2968.0,0.0,0.28125,0.9609375,1.55078125,0
56561429.0,7032.0,1.0,0.3969116211,-0.4546508789,0.5998535156,0.5252685547
56564397.0,2968.0,0.0,0.4296875,0.9296875,2.23046875,0
56571429.0,7032.0,1.0,0.3934936523,-0.4584350586,0.5999145508,0.5244750977
56574397.0,2968.0,0.0,-0.35546875,0.74609375,2.21875,0
56581429.0,7032.0,1.0,0.3899536133,-0.4621582031,0.5999145508,0.5238647461
56584397.0,2968.0,0.0,-0.58203125,0.2109375,1.8671875,0
56591429.0,7032.0,1.0,0.3863525391,-0.465637207,0.6000976563,0.5232543945
56594397.0,2968.0,0.0,0.3203125,-1.20703125,0.51171875,0
56601429.0,7032.0,1.0,0.3829956055,-0.4686889648,0.6005859375,0.5223999023
56604397.0,2968.0,0.0,0.08203125,-0.44140625,-0.296875,0
56611429.0,7032.0,1.0,0.3798828125,-0.4713134766,0.6015625,0.5212402344
56614397.0,2968.0,0.0,0.14453125,0.5078125,-0.83984375,0
56621429.0,7032.0,1.0,0.376953125,-0.4735717773,0.6028442383,0.5198364258
56624397.0,2968.0,0.0,0.43359375,1.52734375,0.1953125,0
56631429.0,7032.0,1.0,0.3740234375,-0.4756469727,0.6042480469,0.518371582
56634397.0,2968.0,0.0,1.25390625,1.21484375,1.26171875,0
56641429.0,7032.0,1.0,0.3706665039,-0.4779052734,0.6057128906,0.5170288086
56644397.0,2968.0,0.0,1.4296875,1.08203125,1.4453125,0
56651429.0,7032.0,1.0,0.3670654297,-0.4801635742,0.6070556641,0.5159912109
56654397.0,2968.0,0.0,1.40625,-0.16015625,1.33203125,0
56661429.0,7032.0,1.0,0.3631591797,-0.4822387695,0.6084594727,0.5151367188
56664397.0,2968.0,0.0,0.76953125,-1.37109375,1.25,0
56670429.0,6032.0,1.0,0.3593139648,-0.4839477539,0.6100463867,0.5142822266
56673397.0,2968.0,0.0,-0.5546875,-1.59375,0.8125,0
56681429.0,8032.0,1.0,0.3553466797,-0.4854125977,0.6121826172,0.5131225586
56684397.0,2968.0,0.0,-1.125,-1.625,1.23828125,0
56691429.0,7032.0,1.0,0.3516235352,-0.4865112305,0.6147460938,0.5115966797
56694397.0,2968.0,0.0,-1.23046875,-1.578125,2.12109375,0
56701429.0,7032.0,1.0,0.3481445313,-0.4874267578,0.6176147461,0.5097045898
56704397.0,2968.0,0.0,-0.96484375,-1.91796875,2.24609375,0
56711429.0,7032.0,1.0,0.3447265625,-0.4882202148,0.6206054688,0.5075683594
56714397.0,2968.0,0.0,-1.41796875,-1.41015625,1.953125,0
56721429.0,7032.0,1.0,0.3414306641,-0.4889526367,0.6237182617,0.5053710938
56724397.0,2968.0,0.0,-1.30078125,-1.48046875,2.1171875,0
56731429.0,7032.0,1.0,0.3380737305,-0.4896850586,0.6267089844,0.503112793
56734397.0,2968.0,0.0,-0.375,-0.6328125,1.28515625,0
56741429.0,7032.0,1.0,0.3345336914,-0.4906616211,0.6294555664,0.5010986328
56744397.0,2968.0,0.0,0.50390625,-0.26953125,0.48046875,0
56755429.0,11032.0,1.0,0.3309936523,-0.4918212891,0.6318359375,0.4993896484
56758397.0,2968.0,0.0,1.0859375,-0.49609375,-0.16796875,0
56762429.0,4032.0,1.0,0.326965332,-0.4932861328,0.6340332031,0.4977416992
56765397.0,2968.0,0.0,0.73828125,-0.87109375,-0.28125,0
56771429.0,6032.0,1.0,0.3229980469,-0.4950561523,0.635925293,0.4962158203
56774397.0,2968.0,0.0,0.48046875,-0.6640625,-0.546875,0
56781429.0,7032.0,1.0,0.3190307617,-0.4969482422,0.6375732422,0.4947509766
56784397.0,2968.0,0.0,-1.16796875,-0.07421875,-0.1640625,0
56791429.0,7032.0,1.0,0.3151245117,-0.4991455078,0.6388549805,0.493347168
56794397.0,2968.0,0.0,-0.6640625,0.1015625,-0.1328125,0
56801429.0,7032.0,1.0,0.3111572266,-0.5015869141,0.639831543,0.4921264648
56804397.0,2968.0,0.0,0.0703125,0.69140625,0.47265625,0
56811429.0,7032.0,1.0,0.3070678711,-0.5042724609,0.6403808594,0.4912719727
56814397.0,2968.0,0.0,0.5,1.1796875,0.921875,0
56821429.0,7032.0,1.0,0.302734375,-0.5072631836,0.6405029297,0.4907226563
56824397.0,2968.0,0.0,0.58203125,2.5078125,0.32421875,0
56831429.0,7032.0,1.0,0.2978515625,-0.510559082,0.6403198242,0.4904785156
56834397.0,2968.0,0.0,0.58984375,1.9765625,0.65234375,0
56841429.0,7032.0,1.0,0.2927856445,-0.5137939453,0.6400756836,0.4904785156
56845397.0,3968.0,0.0,0.28125,0.765625,1.015625,0
56851429.0,6032.0,1.0,0.2877197266,-0.5167236328,0.6400756836,0.4903564453
56854397.0,2968.0,0.0,-0.359375,0.3828125,0.92578125,0
56861429.0,7032.0,1.0,0.2830810547,-0.5191040039,0.6405029297,0.4900512695
56864397.0,2968.0,0.0,-0.78515625,0.53515625,-0.171875,0
56871429.0,7032.0,1.0,0.278503418,-0.5209960938,0.6416015625,0.4891967773
56874397.0,2968.0,0.0,-1.015625,1.0390625,0.27734375,0
56881429.0,7032.0,1.0,0.2744140625,-0.5224609375,0.6431884766,0.4879760742
56884397.0,2968.0,0.0,-1.24609375,0.6640625,0.375,0
56891429.0,7032.0,1.0,0.2706298828,-0.5234375,0.6451416016,0.4863891602
56894397.0,2968.0,0.0,-1.59765625,0.73828125,0.5234375,0
56901429.0,7032.0,1.0,0.266784668,-0.5242919922,0.6473388672,0.4847412109
56904397.0,2968.0,0.0,-2.91015625,0.74609375,0.40234375,0
56911429.0,7032.0,1.0,0.2627563477,-0.5249023438,0.6495361328,0.4832763672
56914397.0,2968.0,0.0,-3.03125,0.2109375,0.80859375,0
56921429.0,7032.0,1.0,0.2583618164,-0.525390625,0.6517944336,0.4819946289
56924397.0,2968.0,0.0,-3.203125,-0.83203125,1.875,0
56931429.0,7032.0,1.0,0.2536010742,-0.5257568359,0.6541748047,0.4808959961
56934397.0,2968.0,0.0,-3.5625,-0.88671875,3.203125,0
56941429.0,7032.0,1.0,0.2484741211,-0.5258789063,0.6568603516,0.4797973633
56944397.0,2968.0,0.0,-2.859375,-1.140625,3.00390625,0
56956429.0,12032.0,1.0,0.2437744141,-0.5255737305,0.6597900391,0.478515625
56960397.0,3968.0,0.0,-1.83984375,-1.88671875,1.87890625,0
56963429.0,3032.0,1.0,0.2391967773,-0.5247802734,0.6634521484,0.4766845703
56966397.0,2968.0,0.0,-2.37109375,-1.87109375,1.99609375,0
56971429.0,5032.0,1.0,0.2349853516,-0.5234985352,0.6677246094,0.4741821289
56974397.0,2968.0,0.0,-2.671875,-1.4296875,1.8046875,0
56981429.0,7032.0,1.0,0.2311401367,-0.5218505859,0.6723632813,0.4713745117
56984397.0,2968.0,0.0,-2.85546875,-0.9375,1.69140625,0
56991429.0,7032.0,1.0,0.227355957,-0.5200195313,0.6771240234,0.4684448242
56994397.0,2968.0,0.0,-3.65625,-0.609375,1.5859375,0
57001429.0,7032.0,1.0,0.2232666016,-0.5180053711,0.6819458008,0.4655761719
57004397.0,2968.0,0.0,-5.11328125,0.17578125,0.9453125,0
57011429.0,7032.0,1.0,0.2190551758,-0.5157470703,0.686706543,0.4630737305
57014397.0,2968.0,0.0,-8.4453125,0.50390625,0.5625,0
57021429.0,7032.0,1.0,0.2145385742,-0.5129394531,0.6919555664,0.4605712891
57024397.0,2968.0,0.0,-9.328125,0.359375,0.6015625,0
57031429.0,7032.0,1.0,0.210144043,-0.5093383789,0.6976318359,0.4580078125
57034397.0,2968.0,0.0,-9.68359375,0.78515625,0.375,0
57041429.0,7032.0,1.0,0.2059936523,-0.5048217773,0.7039794922,0.4551391602
57044397.0,2968.0,0.0,-9.66015625,1.63671875,-0.421875,0
57051429.0,7032.0,1.0,0.2022705078,-0.4994506836,0.7108154297,0.4520874023
57054397.0,2968.0,0.0,-11.87109375,5.50390625,-1.5,0
57061429.0,7032.0,1.0,0.1986083984,-0.4923706055,0.7189941406,0.4485473633
57064397.0,2968.0,0.0,-13.6484375,7.1796875,-2.66796875,0
57071429.0,7032.0,1.0,0.1950073242,-0.4838256836,0.7277832031,0.4451904297
57074397.0,2968.0,0.0,-14.953125,9.4921875,-4.65234375,0
57081429.0,7032.0,1.0,0.1909179688,-0.4743041992,0.7362670898,0.4432983398
57084397.0,2968.0,0.0,-15.5703125,12.515625,-5.40234375,0
57096429.0,12032.0,1.0,0.1854248047,-0.4645996094,0.7430419922,0.4445800781
57100397.0,3968.0,0.0,-11.2734375,16.94921875,-4.6875,0
57103429.0,3032.0,1.0,0.1768188477,-0.4541625977,0.7476806641,0.4510498047
57106397.0,2968.0,0.0,-11.3984375,16.69140625,-4.734375,0
57111429.0,5032.0,1.0,0.1638183594,-0.4439086914,0.7484741211,0.4646606445
57114397.0,2968.0,0.0,-8.7890625,17.78515625,-4.2421875,0
57122429.0,8032.0,1.0,0.1478881836,-0.434753418,0.7457275391,0.4827270508
57125397.0,2968.0,0.0,-7.10546875,9.671875,-3.35546875,0
57131429.0,6032.0,1.0,0.1337280273,-0.4240722656,0.7448120117,0.4975585938
57134397.0,2968.0,0.0,-7.8515625,-18.61328125,6.61328125,0
57141429.0,7032.0,1.0,0.1257324219,-0.4100952148,0.7490234375,0.5048828125
57144397.0,2968.0,0.0,-7.05859375,1.69140625,6.703125,0
57151429.0,7032.0,1.0,0.1208496094,-0.3942871094,0.7526855469,0.5132446289
57154397.0,2968.0,0.0,-3.37890625,23.31640625,0.08984375,0
57161429.0,7032.0,1.0,0.1150512695,-0.378112793,0.7506713867,0.5294799805
57164397.0,2968.0,0.0,2.40625,28.3359375,-13.0078125,0
57176429.0,12032.0,1.0,0.1072998047,-0.3643188477,0.7401733398,0.5549316406
57180397.0,3968.0,0.0,12.625,11.53515625,-20.4140625,0
57183429.0,3032.0,1.0,0.0971069336,-0.3520507813,0.7186889648,0.5917358398
57186397.0,2968.0,0.0,12.5625,11.13671875,-21.1953125,0
57191429.0,5032.0,1.0,0.0883789063,-0.3415527344,0.6901855469,0.6317749023
57194397.0,2968.0,0.0,9.328125,1.28515625,-13.703125,0
57201429.0,7032.0,1.0,0.0845947266,-0.3327026367,0.6622314453,0.666015625
57204397.0,2968.0,0.0,-0.75390625,-19.40234375,0.67578125,0
57211429.0,7032.0,1.0,0.0869140625,-0.3241577148,0.6372070313,0.6937866211
57214397.0,2968.0,0.0,1.40625,-22.3828125,0.69140625,0
57221429.0,7032.0,1.0,0.0947875977,-0.3158569336,0.6166381836,0.71484375
57224397.0,2968.0,0.0,4.05859375,-18.65234375,1.8671875,0
57233429.0,9032.0,1.0,0.1062011719,-0.3084106445,0.5988769531,0.7313842773
57236397.0,2968.0,0.0,5.41796875,-14.8359375,1.421875,0
57244429.0,8032.0,1.0,0.120300293,-0.3017578125,0.5814819336,0.7458496094
57247397.0,2968.0,0.0,6.64453125,-14.41796875,0.0859375,0
57251429.0,4032.0,1.0,0.1364746094,-0.2961425781,0.564453125,0.7583007813
57254397.0,2968.0,0.0,7.36328125,-14.65234375,-0.4921875,0
57261429.0,7032.0,1.0,0.1546630859,-0.2913818359,0.5484619141,0.768371582
57264397.0,2968.0,0.0,8.46875,-14.2734375,-0.32421875,0
57271429.0,7032.0,1.0,0.1737670898,-0.2874145508,0.534362793,0.7756958008
57274397.0,2968.0,0.0,8.67578125,-12.55078125,-1.25,0
57281429.0,7032.0,1.0,0.1931152344,-0.2841796875,0.5215454102,0.7810058594
57284397.0,2968.0,0.0,7.32421875,-8.74609375,-1.63671875,0
57296429.0,12032.0,1.0,0.2113647461,-0.2818603516,0.5100708008,0.7846679688
57300397.0,3968.0,0.0,6.26171875,-7.59375,-0.82421875,0
57303429.0,3032.0,1.0,0.2300415039,-0.2800292969,0.4989013672,0.7872314453
57306397.0,2968.0,0.0,6.30859375,-7.234375,-0.3515625,0
57311429.0,5032.0,1.0,0.2495117188,-0.278503418,0.4880371094,0.7886962891
57314397.0,2968.0,0.0,6.42578125,-6.96875,-0.578125,0
57321429.0,7032.0,1.0,0.2675170898,-0.2772827148,0.4786987305,0.7889404297
