time_us,time_dif_us,data_type,value_1,value_2,value_3,value_4
16738443.0,7016.0,1.0,0.89,-0.44,0.09,0.05
16741427.0,2984.0,0.0,0.1,0.14,0.02,0
16748443.0,7016.0,1.0,0.89,-0.44,0.09,0.05
16751427.0,2984.0,0.0,0.06,0.2,-0.06,0
16758443.0,7016.0,1.0,0.89,-0.44,0.09,0.05
16761427.0,2984.0,0.0,-0.02,0.2,-0.1,0
16768443.0,7016.0,1.0,0.89,-0.44,0.09,0.05
16771427.0,2984.0,0.0,-0.05,0.07,-0.14,0
16778443.0,7016.0,1.0,0.89,-0.44,0.09,0.05
16781427.0,2984.0,0.0,-0.02,0.06,-0.06,0
16788443.0,7016.0,1.0,0.89,-0.44,0.09,0.05
16791427.0,2984.0,0.0,-0.14,0.1,-0.02,0
16798443.0,7016.0,1.0,0.89,-0.44,0.09,0.05
16801427.0,2984.0,0.0,-0.18,0.2,-0.02,0
16808443.0,7016.0,1.0,0.89,-0.44,0.09,0.05
16811427.0,2984.0,0.0,-0.18,0.12,0.02,0
16818443.0,7016.0,1.0,0.89,-0.44,0.09,0.05
16821427.0,2984.0,0.0,-0.09,0.0,-0.02,0
16828443.0,7016.0,1.0,0.89,-0.44,0.09,0.05
16831427.0,2984.0,0.0,-0.09,-0.15,0.02,0
16838443.0,7016.0,1.0,0.89,-0.44,0.09,0.05
16841427.0,2984.0,0.0,-0.09,-0.07,0.06,0
16848443.0,7016.0,1.0,0.89,-0.44,0.09,0.05
16851427.0,2984.0,0.0,-0.09,0.04,0.06,0
16858443.0,7016.0,1.0,0.89,-0.44,0.09,0.05
16861427.0,2984.0,0.0,-0.09,-0.0,0.06,0
16867443.0,6016.0,1.0,0.89,-0.44,0.09,0.05
16870427.0,2984.0,0.0,-0.05,-0.12,0.02,0
16878443.0,8016.0,1.0,0.89,-0.44,0.09,0.05
16881427.0,2984.0,0.0,0.03,-0.12,0.02,0
16888443.0,7016.0,1.0,0.89,-0.44,0.09,0.05
16891427.0,2984.0,0.0,0.03,-0.12,0.02,0
16898443.0,7016.0,1.0,0.89,-0.44,0.09,0.05
16901427.0,2984.0,0.0,0.07,-0.17,-0.02,0
16908443.0,7016.0,1.0,0.89,-0.44,0.09,0.05
16911427.0,2984.0,0.0,-0.12,-0.16,-0.02,0
16918443.0,7016.0,1.0,0.89,-0.44,0.09,0.05
16922427.0,3984.0,0.0,-0.15,-0.12,-0.02,0
16928443.0,6016.0,1.0,0.89,-0.44,0.09,0.05
16931427.0,2984.0,0.0,-0.19,-0.16,0.02,0
16938443.0,7016.0,1.0,0.89,-0.44,0.1,0.05
16941427.0,2984.0,0.0,-0.22,-0.23,-0.02,0
16948443.0,7016.0,1.0,0.89,-0.44,0.1,0.05
16951427.0,2984.0,0.0,-0.11,-0.23,-0.02,0
16958443.0,7016.0,1.0,0.89,-0.44,0.1,0.05
16961427.0,2984.0,0.0,-0.03,-0.07,-0.1,0
16968443.0,7016.0,1.0,0.89,-0.44,0.1,0.05
16971427.0,2984.0,0.0,-0.03,0.0,-0.06,0
16978443.0,7016.0,1.0,0.89,-0.44,0.1,0.05
16981427.0,2984.0,0.0,-0.02,0.0,-0.06,0
16988443.0,7016.0,1.0,0.89,-0.44,0.1,0.05
16991427.0,2984.0,0.0,-0.1,-0.07,-0.02,0
16998443.0,7016.0,1.0,0.89,-0.44,0.1,0.05
17002427.0,3984.0,0.0,-0.17,-0.14,-0.02,0
17008443.0,6016.0,1.0,0.89,-0.44,0.1,0.05
17011427.0,2984.0,0.0,-0.21,-0.14,-0.02,0
17018443.0,7016.0,1.0,0.89,-0.44,0.1,0.05
17021427.0,2984.0,0.0,-0.05,-0.02,-0.09,0
17028443.0,7016.0,1.0,0.89,-0.44,0.1,0.05
17031427.0,2984.0,0.0,0.03,-0.07,-0.05,0
17038443.0,7016.0,1.0,0.89,-0.44,0.1,0.05
17042427.0,3984.0,0.0,0.11,-0.06,-0.05,0
17048443.0,6016.0,1.0,0.89,-0.44,0.1,0.05
17051427.0,2984.0,0.0,0.11,0.02,-0.09,0
17058443.0,7016.0,1.0,0.89,-0.44,0.1,0.05
17061427.0,2984.0,0.0,0.03,0.21,-0.01,0
17068443.0,7016.0,1.0,0.89,-0.44,0.1,0.05
17071427.0,2984.0,0.0,0.07,0.13,0.03,0
17078443.0,7016.0,1.0,0.89,-0.44,0.1,0.05
17081427.0,2984.0,0.0,0.11,-0.02,0.04,0
17088443.0,7016.0,1.0,0.89,-0.44,0.1,0.05
17091427.0,2984.0,0.0,0.07,-0.1,0.04,0
17098443.0,7016.0,1.0,0.89,-0.44,0.1,0.05
17101427.0,2984.0,0.0,-0.01,0.09,-0.01,0
17108443.0,7016.0,1.0,0.89,-0.44,0.1,0.05
17111427.0,2984.0,0.0,-0.04,0.25,-0.04,0
17118443.0,7016.0,1.0,0.89,-0.44,0.1,0.05
17121427.0,2984.0,0.0,-0.08,0.17,-0.05,0
17128443.0,7016.0,1.0,0.89,-0.44,0.1,0.05
17131427.0,2984.0,0.0,-0.01,-0.14,-0.12,0
17138443.0,7016.0,1.0,0.89,-0.44,0.1,0.05
17141427.0,2984.0,0.0,0.15,-0.14,-0.09,0
17148443.0,7016.0,1.0,0.89,-0.44,0.1,0.05
17151427.0,2984.0,0.0,0.07,0.13,-0.04,0
17159443.0,8016.0,1.0,0.89,-0.44,0.1,0.05
17162427.0,2984.0,0.0,-0.02,0.31,0.04,0
17168443.0,6016.0,1.0,0.89,-0.44,0.1,0.05
17171427.0,2984.0,0.0,0.02,0.05,0.08,0
17178443.0,7016.0,1.0,0.89,-0.44,0.1,0.05
17181427.0,2984.0,0.0,-0.02,-0.14,0.0,0
17188443.0,7016.0,1.0,0.89,-0.44,0.1,0.05
17191427.0,2984.0,0.0,-0.02,-0.22,0.04,0
17198443.0,7016.0,1.0,0.89,-0.44,0.1,0.05
17201427.0,2984.0,0.0,-0.05,-0.07,0.04,0
17208443.0,7016.0,1.0,0.89,-0.44,0.1,0.05
17211427.0,2984.0,0.0,-0.09,0.16,0.04,0
17218443.0,7016.0,1.0,0.89,-0.44,0.1,0.05
17221427.0,2984.0,0.0,0.02,0.01,0.03,0
17228443.0,7016.0,1.0,0.89,-0.44,0.1,0.05
17231427.0,2984.0,0.0,0.06,-0.18,0.03,0
17238443.0,7016.0,1.0,0.89,-0.44,0.1,0.05
17241427.0,2984.0,0.0,0.1,-0.26,0.04,0
17248443.0,7016.0,1.0,0.89,-0.44,0.1,0.05
17251427.0,2984.0,0.0,0.02,0.12,-0.05,0
17258443.0,7016.0,1.0,0.89,-0.44,0.1,0.05
17261427.0,2984.0,0.0,-0.02,0.12,-0.09,0
17268443.0,7016.0,1.0,0.89,-0.44,0.1,0.05
17271427.0,2984.0,0.0,-0.02,-0.03,-0.04,0
17279443.0,8016.0,1.0,0.89,-0.44,0.1,0.05
17282427.0,2984.0,0.0,0.06,-0.26,0.0,0
17288443.0,6016.0,1.0,0.89,-0.44,0.1,0.05
17291427.0,2984.0,0.0,0.05,0.16,0.0,0
17298443.0,7016.0,1.0,0.89,-0.44,0.1,0.05
17301427.0,2984.0,0.0,0.02,0.27,0.04,0
17308443.0,7016.0,1.0,0.89,-0.44,0.1,0.05
17311427.0,2984.0,0.0,0.02,0.22,0.11,0
17318443.0,7016.0,1.0,0.89,-0.44,0.1,0.05
17321427.0,2984.0,0.0,0.06,0.04,0.11,0
17328443.0,7016.0,1.0,0.89,-0.44,0.1,0.05
17331427.0,2984.0,0.0,0.06,-0.34,0.15,0
17338443.0,7016.0,1.0,0.89,-0.44,0.1,0.05
17342427.0,3984.0,0.0,0.06,-0.12,0.11,0
17348443.0,6016.0,1.0,0.89,-0.44,0.1,0.05
17351427.0,2984.0,0.0,0.05,0.15,0.15,0
17358443.0,7016.0,1.0,0.89,-0.44,0.1,0.05
17361427.0,2984.0,0.0,0.06,0.03,0.19,0
17368443.0,7016.0,1.0,0.89,-0.44,0.1,0.05
17371427.0,2984.0,0.0,0.14,-0.2,0.12,0
17378443.0,7016.0,1.0,0.89,-0.44,0.1,0.05
17382427.0,3984.0,0.0,0.21,-0.32,-0.03,0
17388443.0,6016.0,1.0,0.89,-0.44,0.1,0.05
17391427.0,2984.0,0.0,0.21,-0.1,-0.03,0
17398443.0,7016.0,1.0,0.89,-0.44,0.1,0.05
17401427.0,2984.0,0.0,0.06,0.43,-0.06,0
17408443.0,7016.0,1.0,0.89,-0.44,0.1,0.05
17411427.0,2984.0,0.0,-0.02,0.39,-0.1,0
17418443.0,7016.0,1.0,0.89,-0.44,0.1,0.05
17422427.0,3984.0,0.0,0.02,0.24,-0.1,0
17428443.0,6016.0,1.0,0.89,-0.44,0.1,0.05
17431427.0,2984.0,0.0,0.05,-0.04,-0.1,0
17438443.0,7016.0,1.0,0.89,-0.44,0.1,0.05
17441427.0,2984.0,0.0,0.05,-0.04,-0.09,0
17448443.0,7016.0,1.0,0.89,-0.44,0.1,0.05
17451427.0,2984.0,0.0,0.02,0.34,-0.02,0
17458443.0,7016.0,1.0,0.89,-0.44,0.1,0.05
17461427.0,2984.0,0.0,-0.06,0.53,0.02,0
17468443.0,7016.0,1.0,0.89,-0.44,0.1,0.05
17471427.0,2984.0,0.0,-0.06,0.45,0.06,0
17478443.0,7016.0,1.0,0.89,-0.44,0.1,0.05
17481427.0,2984.0,0.0,-0.02,0.07,0.1,0
17488443.0,7016.0,1.0,0.89,-0.44,0.1,0.05
17491427.0,2984.0,0.0,-0.02,-0.04,0.02,0
17498443.0,7016.0,1.0,0.89,-0.44,0.1,0.05
17501427.0,2984.0,0.0,-0.06,-0.08,0.05,0
17508443.0,7016.0,1.0,0.89,-0.44,0.1,0.05
17511427.0,2984.0,0.0,-0.1,-0.08,-0.02,0
17518443.0,7016.0,1.0,0.89,-0.44,0.1,0.05
17521427.0,2984.0,0.0,0.02,0.26,0.05,0
17528443.0,7016.0,1.0,0.89,-0.44,0.1,0.05
17531427.0,2984.0,0.0,0.02,0.26,0.02,0
17538443.0,7016.0,1.0,0.89,-0.44,0.1,0.05
17541427.0,2984.0,0.0,0.05,0.16,0.02,0
17548443.0,7016.0,1.0,0.89,-0.44,0.1,0.05
17551427.0,2984.0,0.0,0.09,-0.07,0.17,0
17558443.0,7016.0,1.0,0.89,-0.44,0.1,0.05
17561427.0,2984.0,0.0,0.21,-0.11,0.17,0
17568443.0,7016.0,1.0,0.89,-0.44,0.1,0.05
17571427.0,2984.0,0.0,0.36,-0.18,0.2,0
17579443.0,8016.0,1.0,0.89,-0.44,0.1,0.05
17582427.0,2984.0,0.0,0.52,-0.18,0.24,0
17588443.0,6016.0,1.0,0.89,-0.44,0.1,0.05
17591427.0,2984.0,0.0,0.71,-0.2,0.39,0
17598443.0,7016.0,1.0,0.89,-0.44,0.1,0.05
17601427.0,2984.0,0.0,0.86,-0.09,0.54,0
17608443.0,7016.0,1.0,0.89,-0.44,0.1,0.05
17611427.0,2984.0,0.0,0.9,-0.0,0.69,0
17619443.0,8016.0,1.0,0.89,-0.44,0.1,0.05
17622427.0,2984.0,0.0,0.94,-0.04,0.84,0
17628443.0,6016.0,1.0,0.89,-0.44,0.1,0.05
17631427.0,2984.0,0.0,0.97,-0.07,1.14,0
17638443.0,7016.0,1.0,0.89,-0.44,0.1,0.05
17641427.0,2984.0,0.0,1.05,-0.03,1.29,0
17648443.0,7016.0,1.0,0.89,-0.44,0.1,0.05
17651427.0,2984.0,0.0,1.05,0.05,1.26,0
17659443.0,8016.0,1.0,0.89,-0.44,0.1,0.05
17662427.0,2984.0,0.0,1.16,0.09,1.29,0
17668443.0,6016.0,1.0,0.89,-0.44,0.1,0.05
17671427.0,2984.0,0.0,1.32,0.25,1.26,0
17678443.0,7016.0,1.0,0.89,-0.44,0.1,0.05
17681427.0,2984.0,0.0,1.44,0.1,1.23,0
17688443.0,7016.0,1.0,0.89,-0.44,0.1,0.05
17691427.0,2984.0,0.0,1.56,0.18,1.23,0
17699443.0,8016.0,1.0,0.89,-0.44,0.1,0.05
17702427.0,2984.0,0.0,1.73,0.25,1.16,0
17708443.0,6016.0,1.0,0.89,-0.44,0.1,0.05
17711427.0,2984.0,0.0,1.77,0.37,0.91,0
17718443.0,7016.0,1.0,0.89,-0.45,0.1,0.05
17721427.0,2984.0,0.0,1.81,0.48,0.76,0
17728443.0,7016.0,1.0,0.89,-0.45,0.1,0.05
17731427.0,2984.0,0.0,1.9,0.64,0.55,0
17738443.0,7016.0,1.0,0.89,-0.45,0.1,0.05
17741427.0,2984.0,0.0,2.06,0.84,0.33,0
17748443.0,7016.0,1.0,0.89,-0.45,0.1,0.05
17751427.0,2984.0,0.0,2.2,0.84,0.31,0
17758443.0,7016.0,1.0,0.89,-0.45,0.1,0.05
17762427.0,3984.0,0.0,2.28,0.73,0.25,0
17768443.0,6016.0,1.0,0.89,-0.45,0.1,0.05
17771427.0,2984.0,0.0,2.45,0.55,0.19,0
17778443.0,7016.0,1.0,0.89,-0.45,0.1,0.05
17781427.0,2984.0,0.0,2.61,0.37,0.2,0
17788443.0,7016.0,1.0,0.89,-0.45,0.1,0.04
17791427.0,2984.0,0.0,2.58,0.23,0.25,0
17798443.0,7016.0,1.0,0.89,-0.45,0.09,0.04
17802427.0,3984.0,0.0,2.75,0.11,0.19,0
17808443.0,6016.0,1.0,0.89,-0.45,0.09,0.04
17811427.0,2984.0,0.0,2.84,0.04,0.16,0
17818443.0,7016.0,1.0,0.88,-0.45,0.09,0.04
17821427.0,2984.0,0.0,2.89,-0.05,0.18,0
17828443.0,7016.0,1.0,0.88,-0.46,0.09,0.04
17831427.0,2984.0,0.0,2.86,-0.12,0.31,0
17838443.0,7016.0,1.0,0.88,-0.46,0.09,0.04
17842427.0,3984.0,0.0,2.8,-0.17,0.36,0
17848443.0,6016.0,1.0,0.88,-0.46,0.09,0.04
17851427.0,2984.0,0.0,2.7,-0.38,0.34,0
17859443.0,8016.0,1.0,0.88,-0.46,0.09,0.04
17862427.0,2984.0,0.0,2.45,-0.55,0.39,0
17868443.0,6016.0,1.0,0.88,-0.46,0.09,0.04
17871427.0,2984.0,0.0,2.43,-0.54,0.27,0
17878443.0,7016.0,1.0,0.88,-0.46,0.09,0.04
17881427.0,2984.0,0.0,2.33,-0.29,0.14,0
17888443.0,7016.0,1.0,0.88,-0.46,0.09,0.04
17891427.0,2984.0,0.0,2.27,-0.17,0.09,0
17898443.0,7016.0,1.0,0.88,-0.47,0.09,0.04
17901427.0,2984.0,0.0,2.24,-0.04,0.08,0
17908443.0,7016.0,1.0,0.88,-0.47,0.09,0.04
17911427.0,2984.0,0.0,2.27,-0.06,0.07,0
17919443.0,8016.0,1.0,0.88,-0.47,0.09,0.04
17922427.0,2984.0,0.0,2.37,-0.09,-0.13,0
17928443.0,6016.0,1.0,0.88,-0.47,0.08,0.04
17931427.0,2984.0,0.0,2.41,0.15,-0.45,0
17938443.0,7016.0,1.0,0.88,-0.47,0.08,0.04
17941427.0,2984.0,0.0,2.32,0.36,-0.69,0
17948443.0,7016.0,1.0,0.88,-0.47,0.08,0.04
17951427.0,2984.0,0.0,2.22,0.5,-0.82,0
17959443.0,8016.0,1.0,0.87,-0.48,0.08,0.04
17962427.0,2984.0,0.0,2.21,0.57,-0.79,0
17968443.0,6016.0,1.0,0.87,-0.48,0.08,0.04
17971427.0,2984.0,0.0,1.73,0.67,-0.84,0
17978443.0,7016.0,1.0,0.87,-0.48,0.08,0.04
17981427.0,2984.0,0.0,1.37,0.67,-1.11,0
17988443.0,7016.0,1.0,0.87,-0.48,0.07,0.04
17991427.0,2984.0,0.0,1.0,0.67,-1.12,0
17999443.0,8016.0,1.0,0.87,-0.48,0.07,0.04
18002427.0,2984.0,0.0,0.87,0.82,-1.25,0
18014443.0,12016.0,1.0,0.87,-0.49,0.07,0.04
18019443.0,5000.0,1.0,0.87,-0.49,0.06,0.04
18022427.0,2984.0,0.0,0.23,1.27,-1.11,0
18028443.0,6016.0,1.0,0.87,-0.49,0.06,0.04
18031427.0,2984.0,0.0,-0.24,1.22,-1.0,0
18039443.0,8016.0,1.0,0.87,-0.49,0.06,0.04
18042427.0,2984.0,0.0,-0.02,1.55,-1.08,0
18049443.0,7016.0,1.0,0.87,-0.5,0.05,0.04
18052427.0,2984.0,0.0,0.01,1.07,-1.08,0
18059443.0,7016.0,1.0,0.86,-0.5,0.05,0.05
18062427.0,2984.0,0.0,-0.22,0.72,-0.5,0
18068443.0,6016.0,1.0,0.86,-0.5,0.04,0.05
18071427.0,2984.0,0.0,-0.77,0.52,-0.14,0
18079443.0,8016.0,1.0,0.86,-0.51,0.04,0.05
18082427.0,2984.0,0.0,-1.42,-0.31,0.37,0
18088443.0,6016.0,1.0,0.86,-0.51,0.03,0.05
18091427.0,2984.0,0.0,-2.27,-1.64,0.62,0
18098443.0,7016.0,1.0,0.86,-0.51,0.03,0.05
18101427.0,2984.0,0.0,-2.38,-1.98,0.88,0
18109443.0,8016.0,1.0,0.85,-0.52,0.03,0.05
18112427.0,2984.0,0.0,-2.38,-2.66,0.72,0
18119443.0,7016.0,1.0,0.85,-0.52,0.02,0.06
18122427.0,2984.0,0.0,-1.8,-2.3,0.3,0
18128443.0,6016.0,1.0,0.85,-0.52,0.02,0.06
18131427.0,2984.0,0.0,-1.73,-2.43,0.35,0
18138443.0,7016.0,1.0,0.85,-0.53,0.03,0.06
18141427.0,2984.0,0.0,-1.84,-1.77,-0.06,0
18149443.0,8016.0,1.0,0.84,-0.53,0.03,0.06
18152427.0,2984.0,0.0,-1.95,-2.54,-0.37,0
18159443.0,7016.0,1.0,0.84,-0.54,0.03,0.06
18162427.0,2984.0,0.0,-3.02,-1.38,-1.0,0
18168443.0,6016.0,1.0,0.84,-0.54,0.04,0.06
18171427.0,2984.0,0.0,-3.71,-1.02,-1.96,0
18179443.0,8016.0,1.0,0.83,-0.55,0.04,0.06
18182427.0,2984.0,0.0,-4.02,-0.67,-2.51,0
18189443.0,7016.0,1.0,0.83,-0.55,0.05,0.06
18192427.0,2984.0,0.0,-3.75,-0.59,-2.86,0
18202443.0,10016.0,1.0,0.83,-0.56,0.05,0.06
18205427.0,2984.0,0.0,-2.34,-1.0,-3.4,0
18209443.0,4016.0,1.0,0.82,-0.56,0.05,0.06
18212427.0,2984.0,0.0,-1.61,-1.45,-3.25,0
18219443.0,7016.0,1.0,0.82,-0.57,0.06,0.05
18222427.0,2984.0,0.0,-0.81,-2.01,-3.44,0
18229443.0,7016.0,1.0,0.81,-0.57,0.06,0.05
18232427.0,2984.0,0.0,-0.7,-1.25,-3.75,0
18238443.0,6016.0,1.0,0.81,-0.58,0.07,0.05
18241427.0,2984.0,0.0,-1.93,0.43,-3.68,0
18248443.0,7016.0,1.0,0.81,-0.58,0.07,0.05
18251427.0,2984.0,0.0,-2.94,0.12,-3.0,0
18259443.0,8016.0,1.0,0.8,-0.59,0.07,0.05
18262427.0,2984.0,0.0,-3.3,-0.53,-2.85,0
18269443.0,7016.0,1.0,0.8,-0.59,0.07,0.05
18272427.0,2984.0,0.0,-3.69,-0.44,-2.14,0
18279443.0,7016.0,1.0,0.8,-0.6,0.08,0.05
18282427.0,2984.0,0.0,-3.0,-0.64,-2.61,0
18289443.0,7016.0,1.0,0.79,-0.6,0.08,0.05
18292427.0,2984.0,0.0,-2.56,-0.36,-2.28,0
18299443.0,7016.0,1.0,0.79,-0.6,0.08,0.05
18302427.0,2984.0,0.0,-1.93,-1.12,-2.48,0
18309443.0,7016.0,1.0,0.79,-0.61,0.08,0.05
18312427.0,2984.0,0.0,-1.4,-0.61,-2.53,0
18319443.0,7016.0,1.0,0.78,-0.61,0.08,0.05
18322427.0,2984.0,0.0,-1.35,-0.41,-2.91,0
18328443.0,6016.0,1.0,0.78,-0.62,0.09,0.05
18331427.0,2984.0,0.0,-1.48,1.24,-3.04,0
18339443.0,8016.0,1.0,0.78,-0.62,0.09,0.05
18342427.0,2984.0,0.0,-1.42,0.91,-3.01,0
18348443.0,6016.0,1.0,0.77,-0.62,0.09,0.05
18351427.0,2984.0,0.0,-1.63,0.89,-2.81,0
18361443.0,10016.0,1.0,0.77,-0.63,0.09,0.05
18364427.0,2984.0,0.0,-1.84,0.85,-2.98,0
18368443.0,4016.0,1.0,0.77,-0.63,0.09,0.05
18371427.0,2984.0,0.0,-1.98,0.34,-2.74,0
18379443.0,8016.0,1.0,0.77,-0.63,0.09,0.05
18382427.0,2984.0,0.0,-1.8,-0.55,-2.57,0
18388443.0,6016.0,1.0,0.76,-0.64,0.09,0.06
18391427.0,2984.0,0.0,-0.8,0.1,-2.83,0
18399443.0,8016.0,1.0,0.76,-0.64,0.09,0.06
18402427.0,2984.0,0.0,-0.51,0.24,-2.54,0
18409443.0,7016.0,1.0,0.76,-0.65,0.09,0.06
18412427.0,2984.0,0.0,-0.34,0.53,-2.65,0
18419443.0,7016.0,1.0,0.75,-0.65,0.09,0.06
18422427.0,2984.0,0.0,-0.3,0.86,-2.59,0
18428443.0,6016.0,1.0,0.75,-0.65,0.09,0.06
18431427.0,2984.0,0.0,-0.86,1.19,-2.7,0
18438443.0,7016.0,1.0,0.75,-0.66,0.09,0.06
18441427.0,2984.0,0.0,-0.93,1.18,-2.84,0
18449443.0,8016.0,1.0,0.74,-0.66,0.09,0.06
18452427.0,2984.0,0.0,-1.07,0.51,-2.61,0
18459443.0,7016.0,1.0,0.74,-0.66,0.09,0.06
18462427.0,2984.0,0.0,-1.14,0.39,-2.42,0
18469443.0,7016.0,1.0,0.74,-0.66,0.09,0.06
18472427.0,2984.0,0.0,-0.91,-0.09,-1.84,0
18479443.0,7016.0,1.0,0.74,-0.67,0.09,0.06
18483427.0,3984.0,0.0,-0.44,-0.67,-1.76,0
18489443.0,6016.0,1.0,0.73,-0.67,0.09,0.07
18492427.0,2984.0,0.0,-0.36,-0.57,-1.97,0
18499443.0,7016.0,1.0,0.73,-0.67,0.09,0.07
18502427.0,2984.0,0.0,-0.47,-0.7,-2.11,0
18509443.0,7016.0,1.0,0.73,-0.68,0.09,0.07
18512427.0,2984.0,0.0,-1.38,0.32,-2.16,0
18519443.0,7016.0,1.0,0.73,-0.68,0.09,0.07
18523427.0,3984.0,0.0,-1.09,0.11,-1.81,0
18529443.0,6016.0,1.0,0.72,-0.68,0.09,0.07
18532427.0,2984.0,0.0,-0.58,-0.08,-1.32,0
18539443.0,7016.0,1.0,0.72,-0.68,0.1,0.07
18542427.0,2984.0,0.0,0.42,0.11,-0.86,0
18549443.0,7016.0,1.0,0.72,-0.69,0.1,0.07
18552427.0,2984.0,0.0,0.34,0.01,-0.49,0
18559443.0,7016.0,1.0,0.72,-0.69,0.1,0.07
18563427.0,3984.0,0.0,0.19,-0.32,-0.45,0
18570443.0,7016.0,1.0,0.71,-0.69,0.1,0.07
18573427.0,2984.0,0.0,-0.23,-0.18,-0.43,0
18583443.0,10016.0,1.0,0.71,-0.69,0.1,0.08
18586427.0,2984.0,0.0,-0.82,0.37,-0.84,0
18590443.0,4016.0,1.0,0.71,-0.7,0.1,0.08
18593427.0,2984.0,0.0,-0.86,-0.37,-0.81,0
18599443.0,6016.0,1.0,0.71,-0.7,0.1,0.08
18602427.0,2984.0,0.0,-0.67,-0.17,-0.32,0
18609443.0,7016.0,1.0,0.7,-0.7,0.1,0.08
18612427.0,2984.0,0.0,-0.32,-0.31,-0.1,0
18618443.0,6016.0,1.0,0.7,-0.7,0.1,0.08
18621427.0,2984.0,0.0,0.39,-1.21,-0.29,0
18629443.0,8016.0,1.0,0.7,-0.7,0.1,0.08
18632427.0,2984.0,0.0,0.54,-1.17,-0.29,0
18639443.0,7016.0,1.0,0.69,-0.71,0.1,0.08
18642427.0,2984.0,0.0,0.52,-1.09,-0.03,0
18649443.0,7016.0,1.0,0.69,-0.71,0.11,0.08
18652427.0,2984.0,0.0,0.59,-0.44,0.15,0
18659443.0,7016.0,1.0,0.69,-0.71,0.11,0.09
18662427.0,2984.0,0.0,0.5,-1.01,-0.04,0
18669443.0,7016.0,1.0,0.69,-0.71,0.11,0.09
18672427.0,2984.0,0.0,0.07,-1.01,0.22,0
18679443.0,7016.0,1.0,0.68,-0.72,0.11,0.09
18682427.0,2984.0,0.0,-0.29,-0.86,0.25,0
18689443.0,7016.0,1.0,0.68,-0.72,0.11,0.09
18692427.0,2984.0,0.0,-0.38,-0.7,0.21,0
18699443.0,7016.0,1.0,0.68,-0.72,0.11,0.09
18702427.0,2984.0,0.0,-0.62,0.26,-0.06,0
18709443.0,7016.0,1.0,0.67,-0.72,0.12,0.09
18712427.0,2984.0,0.0,-0.18,0.18,-0.14,0
18719443.0,7016.0,1.0,0.67,-0.73,0.12,0.09
18722427.0,2984.0,0.0,0.18,0.53,0.16,0
18729443.0,7016.0,1.0,0.67,-0.73,0.12,0.09
18732427.0,2984.0,0.0,-0.02,0.57,-0.15,0
18739443.0,7016.0,1.0,0.67,-0.73,0.12,0.1
18742427.0,2984.0,0.0,-0.58,0.49,0.14,0
18749443.0,7016.0,1.0,0.66,-0.73,0.12,0.1
18752427.0,2984.0,0.0,-1.06,0.43,0.21,0
18759443.0,7016.0,1.0,0.66,-0.73,0.12,0.1
18762427.0,2984.0,0.0,-1.23,-0.11,0.35,0
18769443.0,7016.0,1.0,0.66,-0.74,0.12,0.1
18772427.0,2984.0,0.0,-0.44,-0.67,0.19,0
18779443.0,7016.0,1.0,0.65,-0.74,0.12,0.1
18782427.0,2984.0,0.0,0.04,-0.66,0.04,0
18789443.0,7016.0,1.0,0.65,-0.74,0.12,0.1
18792427.0,2984.0,0.0,0.64,-0.21,0.14,0
18799443.0,7016.0,1.0,0.65,-0.74,0.12,0.11
18802427.0,2984.0,0.0,1.12,0.11,0.14,0
18814443.0,12016.0,1.0,0.65,-0.75,0.12,0.11
18818427.0,3984.0,0.0,-0.32,-0.34,0.05,0
18821443.0,3016.0,1.0,0.64,-0.75,0.13,0.11
18824427.0,2984.0,0.0,-0.34,-0.36,0.12,0
18829443.0,5016.0,1.0,0.64,-0.75,0.13,0.11
18832427.0,2984.0,0.0,-1.17,-0.43,0.55,0
18839443.0,7016.0,1.0,0.64,-0.75,0.13,0.11
18842427.0,2984.0,0.0,-1.46,-0.8,0.72,0
18849443.0,7016.0,1.0,0.63,-0.75,0.13,0.11
18852427.0,2984.0,0.0,-0.22,-1.49,1.21,0
18859443.0,7016.0,1.0,0.63,-0.76,0.13,0.11
18862427.0,2984.0,0.0,0.87,-1.86,0.87,0
18869443.0,7016.0,1.0,0.63,-0.76,0.13,0.12
18872427.0,2984.0,0.0,1.0,-1.41,0.37,0
18879443.0,7016.0,1.0,0.62,-0.76,0.13,0.12
18882427.0,2984.0,0.0,0.69,-1.17,-0.28,0
18889443.0,7016.0,1.0,0.62,-0.76,0.13,0.12
18892427.0,2984.0,0.0,0.13,-0.9,0.07,0
18899443.0,7016.0,1.0,0.62,-0.77,0.14,0.12
18903427.0,3984.0,0.0,-0.25,-1.16,0.73,0
18909443.0,6016.0,1.0,0.61,-0.77,0.14,0.12
18912427.0,2984.0,0.0,-0.25,-1.16,1.04,0
18919443.0,7016.0,1.0,0.61,-0.77,0.14,0.12
18922427.0,2984.0,0.0,-0.17,-0.11,0.64,0
18929443.0,7016.0,1.0,0.6,-0.77,0.15,0.12
18932427.0,2984.0,0.0,-0.02,0.16,-0.2,0
18939443.0,7016.0,1.0,0.6,-0.78,0.15,0.12
18943427.0,3984.0,0.0,0.25,0.97,-0.95,0
18949443.0,6016.0,1.0,0.6,-0.78,0.15,0.12
18952427.0,2984.0,0.0,0.64,-0.05,-0.95,0
18959443.0,7016.0,1.0,0.59,-0.78,0.15,0.12
18962427.0,2984.0,0.0,1.07,-0.84,0.4,0
18969443.0,7016.0,1.0,0.59,-0.78,0.16,0.12
18972427.0,2984.0,0.0,0.87,0.77,0.64,0
18979443.0,7016.0,1.0,0.58,-0.79,0.16,0.12
18983427.0,3984.0,0.0,0.56,0.83,0.3,0
18989443.0,6016.0,1.0,0.58,-0.79,0.16,0.12
18992427.0,2984.0,0.0,0.02,1.5,-0.23,0
18999443.0,7016.0,1.0,0.58,-0.79,0.16,0.12
19002427.0,2984.0,0.0,-0.5,2.43,-1.92,0
19014443.0,12016.0,1.0,0.57,-0.79,0.16,0.13
19018427.0,3984.0,0.0,0.68,-0.0,0.03,0
19021443.0,3016.0,1.0,0.57,-0.79,0.16,0.13
19024427.0,2984.0,0.0,1.98,-0.44,0.94,0
19029443.0,5016.0,1.0,0.57,-0.8,0.17,0.13
19032427.0,2984.0,0.0,1.95,-0.46,1.02,0
19039443.0,7016.0,1.0,0.56,-0.8,0.17,0.13
19042427.0,2984.0,0.0,1.57,0.68,1.17,0
19049443.0,7016.0,1.0,0.56,-0.8,0.17,0.13
19052427.0,2984.0,0.0,1.27,0.01,0.82,0
19059443.0,7016.0,1.0,0.56,-0.8,0.17,0.13
19062427.0,2984.0,0.0,0.73,0.61,0.21,0
19069443.0,7016.0,1.0,0.55,-0.81,0.17,0.13
19072427.0,2984.0,0.0,-0.23,1.0,-0.61,0
19079443.0,7016.0,1.0,0.55,-0.81,0.17,0.13
19082427.0,2984.0,0.0,-1.38,1.14,-2.21,0
19089443.0,7016.0,1.0,0.54,-0.81,0.17,0.13
19092427.0,2984.0,0.0,-1.84,1.55,-2.46,0
19099443.0,7016.0,1.0,0.54,-0.81,0.17,0.13
19102427.0,2984.0,0.0,-1.58,1.5,-1.89,0
19109443.0,7016.0,1.0,0.54,-0.81,0.17,0.13
19112427.0,2984.0,0.0,-0.09,0.25,0.5,0
19119443.0,7016.0,1.0,0.53,-0.82,0.17,0.14
19122427.0,2984.0,0.0,0.25,0.57,0.7,0
19129443.0,7016.0,1.0,0.53,-0.82,0.17,0.14
19132427.0,2984.0,0.0,0.14,1.15,0.52,0
19139443.0,7016.0,1.0,0.53,-0.82,0.17,0.14
19142427.0,2984.0,0.0,-0.18,1.16,0.2,0
19149443.0,7016.0,1.0,0.52,-0.82,0.18,0.14
19152427.0,2984.0,0.0,0.39,1.24,-0.55,0
19159443.0,7016.0,1.0,0.52,-0.82,0.18,0.14
19162427.0,2984.0,0.0,0.92,1.36,-0.46,0
19169443.0,7016.0,1.0,0.52,-0.82,0.18,0.15
19172427.0,2984.0,0.0,1.37,0.83,-0.71,0
19179443.0,7016.0,1.0,0.51,-0.83,0.18,0.15
19182427.0,2984.0,0.0,1.06,0.3,-0.5,0
19189443.0,7016.0,1.0,0.51,-0.83,0.18,0.15
19192427.0,2984.0,0.0,-0.41,0.61,0.2,0
19199443.0,7016.0,1.0,0.51,-0.83,0.18,0.15
19202427.0,2984.0,0.0,-1.25,0.26,0.32,0
19209443.0,7016.0,1.0,0.5,-0.83,0.18,0.15
19212427.0,2984.0,0.0,-2.27,0.21,0.52,0
19219443.0,7016.0,1.0,0.5,-0.83,0.18,0.16
19222427.0,2984.0,0.0,-2.81,-0.6,0.91,0
19229443.0,7016.0,1.0,0.5,-0.83,0.18,0.16
19232427.0,2984.0,0.0,-2.19,-1.73,2.37,0
19239443.0,7016.0,1.0,0.49,-0.83,0.18,0.16
19242427.0,2984.0,0.0,-1.44,-1.56,2.79,0
19249443.0,7016.0,1.0,0.49,-0.83,0.18,0.17
19252427.0,2984.0,0.0,-1.27,-1.3,2.99,0
19259443.0,7016.0,1.0,0.49,-0.84,0.19,0.17
19262427.0,2984.0,0.0,-1.3,-1.41,2.59,0
19274443.0,12016.0,1.0,0.48,-0.84,0.19,0.17
19278427.0,3984.0,0.0,-2.98,-1.12,0.49,0
19281443.0,3016.0,1.0,0.48,-0.84,0.19,0.18
19284427.0,2984.0,0.0,-3.05,-1.17,0.54,0
19289443.0,5016.0,1.0,0.48,-0.84,0.2,0.18
19292427.0,2984.0,0.0,-4.39,-1.47,-0.27,0
19299443.0,7016.0,1.0,0.47,-0.84,0.2,0.18
19302427.0,2984.0,0.0,-7.93,-2.45,-0.14,0
19309443.0,7016.0,1.0,0.47,-0.84,0.21,0.18
19312427.0,2984.0,0.0,-9.18,-2.37,0.16,0
19319443.0,7016.0,1.0,0.46,-0.84,0.22,0.18
19323427.0,3984.0,0.0,-10.01,-2.67,1.07,0
19329443.0,6016.0,1.0,0.46,-0.84,0.23,0.18
19332427.0,2984.0,0.0,-11.0,-2.91,2.43,0
19339443.0,7016.0,1.0,0.45,-0.84,0.24,0.18
19342427.0,2984.0,0.0,-13.41,-2.84,4.54,0
19349443.0,7016.0,1.0,0.44,-0.84,0.25,0.18
19352427.0,2984.0,0.0,-14.93,-2.82,4.46,0
19359443.0,7016.0,1.0,0.43,-0.84,0.27,0.17
19362427.0,2984.0,0.0,-16.45,-1.65,3.57,0
19369443.0,7016.0,1.0,0.42,-0.84,0.29,0.16
19372427.0,2984.0,0.0,-17.97,0.23,1.96,0
19379443.0,7016.0,1.0,0.42,-0.84,0.31,0.15
19382427.0,2984.0,0.0,-20.69,6.12,-2.4,0
19395443.0,13016.0,1.0,0.41,-0.84,0.33,0.15
19400443.0,5000.0,1.0,0.4,-0.84,0.35,0.14
19403427.0,2984.0,0.0,-22.15,12.0,-5.48,0
19409443.0,6016.0,1.0,0.39,-0.83,0.36,0.14
19412427.0,2984.0,0.0,-22.32,13.77,-6.86,0
19419443.0,7016.0,1.0,0.39,-0.83,0.38,0.14
19422427.0,2984.0,0.0,-21.55,17.77,-11.09,0
19429443.0,7016.0,1.0,0.39,-0.82,0.39,0.14
19432427.0,2984.0,0.0,-21.14,18.54,-12.95,0
19439443.0,7016.0,1.0,0.39,-0.82,0.4,0.14
19442427.0,2984.0,0.0,-20.54,15.84,-14.49,0
19449443.0,7016.0,1.0,0.38,-0.81,0.42,0.14
19452427.0,2984.0,0.0,-18.8,8.06,-15.73,0
19459443.0,7016.0,1.0,0.38,-0.81,0.43,0.13
19462427.0,2984.0,0.0,-15.2,15.78,-14.91,0
19472443.0,10016.0,1.0,0.38,-0.8,0.44,0.13
19475427.0,2984.0,0.0,-12.8,23.07,-19.91,0
19482443.0,7016.0,1.0,0.39,-0.79,0.45,0.14
19485427.0,2984.0,0.0,-9.75,21.89,-23.18,0
19489443.0,4016.0,1.0,0.41,-0.78,0.45,0.15
19492427.0,2984.0,0.0,-6.11,16.7,-23.36,0
19499443.0,7016.0,1.0,0.43,-0.77,0.44,0.17
19502427.0,2984.0,0.0,5.57,2.72,-24.55,0
19509443.0,7016.0,1.0,0.46,-0.75,0.44,0.19
19512427.0,2984.0,0.0,11.77,-1.85,-22.23,0
19520443.0,8016.0,1.0,0.48,-0.74,0.43,0.2
19523427.0,2984.0,0.0,17.79,-5.01,-19.72,0
19535443.0,12016.0,1.0,0.51,-0.72,0.42,0.21
19540443.0,5000.0,1.0,0.54,-0.7,0.42,0.22
19543427.0,2984.0,0.0,29.89,-9.18,-6.43,0
19549443.0,6016.0,1.0,0.57,-0.68,0.41,0.22
19552427.0,2984.0,0.0,31.74,-8.61,-4.23,0
19560443.0,8016.0,1.0,0.6,-0.66,0.4,0.22
19563427.0,2984.0,0.0,32.11,-7.7,-3.51,0
19575443.0,12016.0,1.0,0.62,-0.64,0.39,0.22
19580443.0,5000.0,1.0,0.65,-0.62,0.38,0.21
19583427.0,2984.0,0.0,26.2,-7.59,-5.43,0
19589443.0,6016.0,1.0,0.67,-0.61,0.37,0.21
19592427.0,2984.0,0.0,24.2,-7.05,-6.13,0
19600443.0,8016.0,1.0,0.7,-0.59,0.36,0.2
19603427.0,2984.0,0.0,21.88,-6.24,-6.19,0
19609443.0,6016.0,1.0,0.72,-0.57,0.35,0.2
19612427.0,2984.0,0.0,16.4,-9.83,-2.65,0
19619443.0,7016.0,1.0,0.74,-0.56,0.33,0.19
19622427.0,2984.0,0.0,13.16,-11.52,-1.07,0
19629443.0,7016.0,1.0,0.76,-0.54,0.32,0.18
19632427.0,2984.0,0.0,10.37,-12.0,-0.38,0
19640443.0,8016.0,1.0,0.77,-0.53,0.31,0.17
19643427.0,2984.0,0.0,8.37,-11.45,-0.5,0
19655443.0,12016.0,1.0,0.79,-0.52,0.3,0.16
19659443.0,4000.0,1.0,0.8,-0.51,0.29,0.16
19662427.0,2984.0,0.0,6.88,-9.46,0.07,0
19669443.0,7016.0,1.0,0.81,-0.5,0.27,0.15
19672427.0,2984.0,0.0,7.05,-9.83,0.38,0
19679443.0,7016.0,1.0,0.82,-0.49,0.26,0.14
19682427.0,2984.0,0.0,7.96,-9.82,0.46,0
19689443.0,7016.0,1.0,0.83,-0.48,0.26,0.13
19692427.0,2984.0,0.0,8.27,-8.45,0.34,0
19699443.0,7016.0,1.0,0.84,-0.47,0.25,0.12
19702427.0,2984.0,0.0,8.14,-6.67,0.41,0
19711443.0,9016.0,1.0,0.84,-0.46,0.25,0.11
19714427.0,2984.0,0.0,7.4,-5.3,0.79,0
19721443.0,7016.0,1.0,0.85,-0.46,0.24,0.1
19724427.0,2984.0,0.0,6.3,-2.93,1.01,0
19729443.0,5016.0,1.0,0.86,-0.45,0.23,0.1
19732427.0,2984.0,0.0,5.98,-2.76,0.84,0
19739443.0,7016.0,1.0,0.86,-0.45,0.23,0.09
19742427.0,2984.0,0.0,5.79,-3.36,0.64,0
19749443.0,7016.0,1.0,0.87,-0.44,0.22,0.08
19752427.0,2984.0,0.0,5.5,-4.43,0.83,0
19759443.0,7016.0,1.0,0.87,-0.44,0.21,0.08
19762427.0,2984.0,0.0,4.84,-5.92,1.27,0
19769443.0,7016.0,1.0,0.87,-0.43,0.2,0.07
19772427.0,2984.0,0.0,4.6,-5.28,1.46,0
19779443.0,7016.0,1.0,0.88,-0.43,0.2,0.07
19783427.0,3984.0,0.0,4.21,-4.46,1.37,0
19789443.0,6016.0,1.0,0.88,-0.43,0.19,0.06
19792427.0,2984.0,0.0,3.94,-3.97,1.14,0
19799443.0,7016.0,1.0,0.88,-0.43,0.19,0.06
19802427.0,2984.0,0.0,4.09,-3.76,0.78,0
19815443.0,13016.0,1.0,0.88,-0.43,0.19,0.06
19819443.0,4000.0,1.0,0.88,-0.42,0.18,0.05
19822427.0,2984.0,0.0,3.71,-2.9,0.46,0
19829443.0,7016.0,1.0,0.89,-0.42,0.18,0.05
19832427.0,2984.0,0.0,3.21,-2.36,0.12,0
19839443.0,7016.0,1.0,0.89,-0.42,0.18,0.04
19842427.0,2984.0,0.0,2.3,-1.53,-0.13,0
19849443.0,7016.0,1.0,0.89,-0.42,0.18,0.04
19852427.0,2984.0,0.0,2.11,-0.81,-0.53,0
19860443.0,8016.0,1.0,0.89,-0.42,0.18,0.04
19863427.0,2984.0,0.0,1.93,-0.51,-0.43,0
19869443.0,6016.0,1.0,0.89,-0.42,0.17,0.03
19872427.0,2984.0,0.0,2.02,-0.45,-0.79,0
19879443.0,7016.0,1.0,0.89,-0.42,0.17,0.03
19882427.0,2984.0,0.0,2.06,-0.27,-0.85,0
19889443.0,7016.0,1.0,0.89,-0.42,0.17,0.03
19892427.0,2984.0,0.0,2.0,-0.02,-0.98,0
19900443.0,8016.0,1.0,0.89,-0.42,0.17,0.03
19903427.0,2984.0,0.0,1.97,0.42,-1.18,0
19910443.0,7016.0,1.0,0.89,-0.42,0.16,0.02
19913427.0,2984.0,0.0,1.98,0.56,-1.41,0
19919443.0,6016.0,1.0,0.89,-0.42,0.16,0.02
19922427.0,2984.0,0.0,1.9,0.63,-1.73,0
19929443.0,7016.0,1.0,0.89,-0.42,0.16,0.02
19932427.0,2984.0,0.0,1.6,0.96,-1.86,0
19940443.0,8016.0,1.0,0.89,-0.42,0.15,0.02
19943427.0,2984.0,0.0,1.38,1.35,-1.92,0
19949443.0,6016.0,1.0,0.89,-0.42,0.15,0.02
19952427.0,2984.0,0.0,1.5,0.54,-0.7,0
19959443.0,7016.0,1.0,0.89,-0.43,0.14,0.02
19962427.0,2984.0,0.0,1.59,0.08,-0.34,0
19969443.0,7016.0,1.0,0.89,-0.43,0.14,0.02
19972427.0,2984.0,0.0,1.63,-0.26,-0.2,0
19980443.0,8016.0,1.0,0.89,-0.43,0.14,0.02
19983427.0,2984.0,0.0,1.6,-0.54,-0.28,0
19989443.0,6016.0,1.0,0.89,-0.43,0.13,0.02
19992427.0,2984.0,0.0,1.45,0.01,-0.62,0
19999443.0,7016.0,1.0,0.89,-0.43,0.13,0.02
20002427.0,2984.0,0.0,1.54,0.09,-1.31,0
20009443.0,7016.0,1.0,0.89,-0.43,0.13,0.02
20012427.0,2984.0,0.0,1.33,0.52,-1.91,0
20020443.0,8016.0,1.0,0.89,-0.43,0.12,0.02
20023427.0,2984.0,0.0,1.49,0.91,-2.14,0
20029443.0,6016.0,1.0,0.89,-0.43,0.12,0.02
20032427.0,2984.0,0.0,1.85,-0.32,-2.05,0
20040443.0,8016.0,1.0,0.89,-0.43,0.12,0.02
20044427.0,3984.0,0.0,2.17,-0.84,-1.51,0
20051443.0,7016.0,1.0,0.89,-0.44,0.11,0.02
20054427.0,2984.0,0.0,2.3,-0.71,-1.23,0
20061443.0,7016.0,1.0,0.89,-0.44,0.11,0.02
20064427.0,2984.0,0.0,2.2,-0.86,-1.01,0
20071443.0,7016.0,1.0,0.89,-0.44,0.11,0.02
20074427.0,2984.0,0.0,1.95,-0.97,-0.15,0
20079443.0,5016.0,1.0,0.89,-0.44,0.11,0.02
20082427.0,2984.0,0.0,1.71,-0.97,0.08,0
20090443.0,8016.0,1.0,0.89,-0.44,0.11,0.02
20093427.0,2984.0,0.0,1.31,-1.21,-0.16,0
20100443.0,7016.0,1.0,0.89,-0.45,0.1,0.02
20103427.0,2984.0,0.0,0.35,-2.7,-0.61,0
20109443.0,6016.0,1.0,0.89,-0.45,0.1,0.02
20112427.0,2984.0,0.0,-0.5,1.04,-0.03,0
20120443.0,8016.0,1.0,0.89,-0.45,0.1,0.02
20123427.0,2984.0,0.0,-0.66,-0.23,-0.06,0
20130443.0,7016.0,1.0,0.88,-0.46,0.1,0.02
20133427.0,2984.0,0.0,-1.12,-2.2,-1.39,0
20139443.0,6016.0,1.0,0.88,-0.46,0.1,0.02
20142427.0,2984.0,0.0,-3.26,6.59,-1.7,0
20149443.0,7016.0,1.0,0.88,-0.46,0.1,0.02
20152427.0,2984.0,0.0,-0.19,-3.27,5.11,0
20160443.0,8016.0,1.0,0.88,-0.47,0.1,0.02
20163427.0,2984.0,0.0,-1.72,-8.2,-0.04,0
20170443.0,7016.0,1.0,0.88,-0.47,0.1,0.02
20173427.0,2984.0,0.0,-1.21,-3.88,-1.64,0
20179443.0,6016.0,1.0,0.87,-0.48,0.1,0.02
20182427.0,2984.0,0.0,0.48,0.13,0.47,0
20190443.0,8016.0,1.0,0.87,-0.48,0.09,0.02
20193427.0,2984.0,0.0,-0.08,-2.35,-0.57,0
20200443.0,7016.0,1.0,0.87,-0.48,0.09,0.02
20203427.0,2984.0,0.0,-0.81,-1.09,-0.59,0
20210443.0,7016.0,1.0,0.87,-0.49,0.09,0.02
20213427.0,2984.0,0.0,-0.88,-0.05,-1.03,0
20220443.0,7016.0,1.0,0.87,-0.49,0.08,0.02
20223427.0,2984.0,0.0,-0.81,0.07,-1.47,0
20230443.0,7016.0,1.0,0.87,-0.49,0.08,0.03
20233427.0,2984.0,0.0,-0.73,-0.4,-1.39,0
20240443.0,7016.0,1.0,0.86,-0.5,0.08,0.03
20243427.0,2984.0,0.0,-0.56,-0.77,-1.23,0
20250443.0,7016.0,1.0,0.86,-0.5,0.07,0.03
20253427.0,2984.0,0.0,-0.95,-0.33,-2.07,0
20260443.0,7016.0,1.0,0.86,-0.5,0.07,0.03
20263427.0,2984.0,0.0,-0.88,0.07,-1.95,0
20270443.0,7016.0,1.0,0.86,-0.5,0.07,0.03
20273427.0,2984.0,0.0,-0.43,-0.38,-1.45,0
20280443.0,7016.0,1.0,0.86,-0.51,0.06,0.03
20283427.0,2984.0,0.0,-0.72,-0.92,-1.99,0
20289443.0,6016.0,1.0,0.86,-0.51,0.06,0.03
20292427.0,2984.0,0.0,-0.47,-1.31,-1.65,0
20302443.0,10016.0,1.0,0.86,-0.51,0.06,0.03
20305427.0,2984.0,0.0,-1.14,-0.23,-1.12,0
20309443.0,4016.0,1.0,0.86,-0.51,0.06,0.03
20312427.0,2984.0,0.0,-0.66,-0.07,-0.08,0
20320443.0,8016.0,1.0,0.86,-0.51,0.06,0.03
20323427.0,2984.0,0.0,-0.53,0.3,-0.05,0
20329443.0,6016.0,1.0,0.85,-0.52,0.05,0.03
20332427.0,2984.0,0.0,-0.4,-0.07,-2.73,0
20340443.0,8016.0,1.0,0.85,-0.52,0.05,0.03
20343427.0,2984.0,0.0,-1.61,-0.03,1.71,0
20350443.0,7016.0,1.0,0.85,-0.52,0.05,0.04
20353427.0,2984.0,0.0,-1.85,0.47,0.3,0
20360443.0,7016.0,1.0,0.85,-0.52,0.04,0.04
20363427.0,2984.0,0.0,-1.93,-1.53,0.51,0
20369443.0,6016.0,1.0,0.85,-0.53,0.04,0.04
20372427.0,2984.0,0.0,-1.45,-1.2,-0.79,0
20380443.0,8016.0,1.0,0.85,-0.53,0.04,0.04
20383427.0,2984.0,0.0,-0.74,-2.24,-0.89,0
20390443.0,7016.0,1.0,0.85,-0.53,0.04,0.05
20393427.0,2984.0,0.0,-0.41,-2.8,-1.63,0
20400443.0,7016.0,1.0,0.84,-0.53,0.04,0.05
20403427.0,2984.0,0.0,-0.03,-0.98,-1.3,0
20410443.0,7016.0,1.0,0.84,-0.54,0.04,0.05
20413427.0,2984.0,0.0,0.84,-1.63,-1.77,0
20420443.0,7016.0,1.0,0.84,-0.54,0.04,0.05
20423427.0,2984.0,0.0,0.36,-1.16,-1.23,0
20430443.0,7016.0,1.0,0.84,-0.54,0.04,0.05
20433427.0,2984.0,0.0,-0.25,-1.34,-1.59,0
20440443.0,7016.0,1.0,0.83,-0.55,0.04,0.05
20443427.0,2984.0,0.0,-1.56,-1.5,-1.32,0
20450443.0,7016.0,1.0,0.83,-0.55,0.04,0.05
20453427.0,2984.0,0.0,-3.18,-0.91,-2.07,0
20460443.0,7016.0,1.0,0.83,-0.55,0.04,0.05
20463427.0,2984.0,0.0,-2.89,-0.48,-1.87,0
20470443.0,7016.0,1.0,0.83,-0.56,0.05,0.05
20473427.0,2984.0,0.0,-2.36,-0.5,-1.98,0
20480443.0,7016.0,1.0,0.82,-0.56,0.05,0.05
20483427.0,2984.0,0.0,-2.33,1.34,-1.89,0
20490443.0,7016.0,1.0,0.82,-0.57,0.05,0.05
20493427.0,2984.0,0.0,-2.26,1.04,-1.64,0
20500443.0,7016.0,1.0,0.82,-0.57,0.05,0.05
20504427.0,3984.0,0.0,-1.89,1.09,-1.36,0
20511443.0,7016.0,1.0,0.82,-0.57,0.05,0.05
20514427.0,2984.0,0.0,-1.45,1.32,-1.12,0
20524443.0,10016.0,1.0,0.81,-0.58,0.06,0.05
20527427.0,2984.0,0.0,-0.61,0.53,-1.68,0
20531443.0,4016.0,1.0,0.81,-0.58,0.06,0.05
20534427.0,2984.0,0.0,-0.09,0.62,-2.04,0
20540443.0,6016.0,1.0,0.81,-0.59,0.06,0.05
20544427.0,3984.0,0.0,0.02,-0.67,-1.84,0
20550443.0,6016.0,1.0,0.8,-0.59,0.06,0.05
20553427.0,2984.0,0.0,-0.45,0.15,-3.04,0
20559443.0,6016.0,1.0,0.8,-0.59,0.06,0.05
20562427.0,2984.0,0.0,-0.77,0.28,-2.1,0
20570443.0,8016.0,1.0,0.8,-0.6,0.06,0.05
20573427.0,2984.0,0.0,-1.25,0.95,-2.68,0
20580443.0,7016.0,1.0,0.79,-0.6,0.06,0.05
20583427.0,2984.0,0.0,-1.72,0.17,-2.82,0
20590443.0,7016.0,1.0,0.79,-0.61,0.07,0.05
20593427.0,2984.0,0.0,-2.27,0.74,-2.99,0
20600443.0,7016.0,1.0,0.79,-0.61,0.06,0.05
20603427.0,2984.0,0.0,-1.95,0.57,-2.52,0
20610443.0,7016.0,1.0,0.79,-0.61,0.06,0.05
20613427.0,2984.0,0.0,-1.38,0.34,-2.23,0
20620443.0,7016.0,1.0,0.78,-0.62,0.06,0.05
20623427.0,2984.0,0.0,-1.02,0.5,-2.11,0
20630443.0,7016.0,1.0,0.78,-0.62,0.06,0.05
20633427.0,2984.0,0.0,-1.08,-0.53,-1.95,0
20640443.0,7016.0,1.0,0.78,-0.62,0.06,0.05
20643427.0,2984.0,0.0,-2.28,-0.07,-1.75,0
20650443.0,7016.0,1.0,0.77,-0.63,0.06,0.05
20653427.0,2984.0,0.0,-2.56,-1.18,-1.92,0
20660443.0,7016.0,1.0,0.77,-0.63,0.06,0.05
20663427.0,2984.0,0.0,-2.43,-0.92,-1.53,0
20670443.0,7016.0,1.0,0.77,-0.63,0.06,0.05
20673427.0,2984.0,0.0,-1.65,-0.89,-1.47,0
20680443.0,7016.0,1.0,0.77,-0.64,0.07,0.05
20683427.0,2984.0,0.0,-0.98,-1.47,-1.32,0
20690443.0,7016.0,1.0,0.76,-0.64,0.07,0.05
20693427.0,2984.0,0.0,-0.36,-2.29,-1.42,0
20700443.0,7016.0,1.0,0.76,-0.65,0.07,0.05
20703427.0,2984.0,0.0,0.11,-1.77,-1.05,0
20715443.0,12016.0,1.0,0.76,-0.65,0.07,0.05
20719427.0,3984.0,0.0,-1.03,-2.02,-1.93,0
20722443.0,3016.0,1.0,0.75,-0.65,0.07,0.05
20725427.0,2984.0,0.0,-1.01,-2.04,-1.83,0
20730443.0,5016.0,1.0,0.75,-0.66,0.07,0.05
20733427.0,2984.0,0.0,-1.43,-0.34,-2.54,0
20740443.0,7016.0,1.0,0.75,-0.66,0.07,0.05
20743427.0,2984.0,0.0,-2.14,0.99,-2.07,0
20749443.0,6016.0,1.0,0.74,-0.66,0.07,0.05
20752427.0,2984.0,0.0,-1.26,-0.45,-1.6,0
20760443.0,8016.0,1.0,0.74,-0.66,0.08,0.05
20763427.0,2984.0,0.0,-1.25,-0.35,-1.77,0
20770443.0,7016.0,1.0,0.74,-0.67,0.08,0.05
20773427.0,2984.0,0.0,-1.02,0.39,-1.92,0
20780443.0,7016.0,1.0,0.74,-0.67,0.08,0.05
20783427.0,2984.0,0.0,-0.44,0.49,-2.06,0
20790443.0,7016.0,1.0,0.73,-0.67,0.08,0.05
20793427.0,2984.0,0.0,-0.66,0.48,-1.33,0
20800443.0,7016.0,1.0,0.73,-0.68,0.08,0.05
20803427.0,2984.0,0.0,-0.54,0.28,-0.82,0
20810443.0,7016.0,1.0,0.73,-0.68,0.08,0.05
20813427.0,2984.0,0.0,-0.12,0.16,-0.48,0
20820443.0,7016.0,1.0,0.72,-0.68,0.08,0.05
20823427.0,2984.0,0.0,-0.04,-0.12,0.03,0
20830443.0,7016.0,1.0,0.72,-0.69,0.08,0.05
20833427.0,2984.0,0.0,-0.31,-0.51,-0.13,0
20840443.0,7016.0,1.0,0.72,-0.69,0.08,0.06
20843427.0,2984.0,0.0,-0.73,-0.3,-0.57,0
20850443.0,7016.0,1.0,0.72,-0.69,0.08,0.06
20853427.0,2984.0,0.0,-0.96,-0.4,-0.76,0
20860443.0,7016.0,1.0,0.71,-0.69,0.08,0.06
20863427.0,2984.0,0.0,-1.0,-0.26,-0.9,0
20870443.0,7016.0,1.0,0.71,-0.7,0.08,0.06
20873427.0,2984.0,0.0,-1.43,-0.63,-0.44,0
20880443.0,7016.0,1.0,0.71,-0.7,0.08,0.06
20883427.0,2984.0,0.0,-1.61,-1.0,-0.2,0
20890443.0,7016.0,1.0,0.7,-0.7,0.08,0.06
20893427.0,2984.0,0.0,-1.59,-0.75,-0.38,0
20900443.0,7016.0,1.0,0.7,-0.71,0.08,0.06
20903427.0,2984.0,0.0,-0.67,-0.9,-0.41,0
20910443.0,7016.0,1.0,0.7,-0.71,0.09,0.06
20913427.0,2984.0,0.0,-0.33,-1.01,-0.28,0
20920443.0,7016.0,1.0,0.69,-0.71,0.09,0.06
20924427.0,3984.0,0.0,-0.27,-0.58,-0.34,0
20931443.0,7016.0,1.0,0.69,-0.72,0.09,0.06
20934427.0,2984.0,0.0,-0.16,0.16,-0.34,0
20944443.0,10016.0,1.0,0.69,-0.72,0.09,0.06
20947427.0,2984.0,0.0,0.67,0.01,-0.71,0
20951443.0,4016.0,1.0,0.68,-0.72,0.09,0.06
20954427.0,2984.0,0.0,1.05,0.29,-0.89,0
20960443.0,6016.0,1.0,0.68,-0.72,0.1,0.07
20963427.0,2984.0,0.0,1.07,0.45,-1.04,0
20970443.0,7016.0,1.0,0.68,-0.73,0.1,0.07
20973427.0,2984.0,0.0,1.17,0.51,-1.02,0
20980443.0,7016.0,1.0,0.67,-0.73,0.1,0.07
20983427.0,2984.0,0.0,1.05,0.48,-1.3,0
20990443.0,7016.0,1.0,0.67,-0.73,0.1,0.07
20993427.0,2984.0,0.0,0.95,0.21,-0.48,0
21000443.0,7016.0,1.0,0.67,-0.73,0.1,0.07
21003427.0,2984.0,0.0,0.9,0.46,-0.26,0
21010443.0,7016.0,1.0,0.66,-0.74,0.1,0.07
21013427.0,2984.0,0.0,0.85,0.12,-0.33,0
21020443.0,7016.0,1.0,0.66,-0.74,0.1,0.07
21023427.0,2984.0,0.0,0.45,0.48,-1.03,0
21030443.0,7016.0,1.0,0.66,-0.74,0.1,0.07
21033427.0,2984.0,0.0,0.5,0.54,-0.83,0
21040443.0,7016.0,1.0,0.66,-0.74,0.1,0.08
21043427.0,2984.0,0.0,0.34,0.35,-0.64,0
21050443.0,7016.0,1.0,0.65,-0.75,0.1,0.08
21053427.0,2984.0,0.0,-0.03,0.33,-1.18,0
21060443.0,7016.0,1.0,0.65,-0.75,0.1,0.08
21063427.0,2984.0,0.0,-0.2,0.33,-0.83,0
21070443.0,7016.0,1.0,0.65,-0.75,0.11,0.08
21073427.0,2984.0,0.0,-0.25,-0.34,-0.46,0
21081443.0,8016.0,1.0,0.64,-0.75,0.11,0.08
21084427.0,2984.0,0.0,-0.2,-0.26,-0.15,0
21090443.0,6016.0,1.0,0.64,-0.76,0.11,0.08
21093427.0,2984.0,0.0,-0.3,-0.43,0.57,0
21100443.0,7016.0,1.0,0.64,-0.76,0.11,0.08
21103427.0,2984.0,0.0,-0.45,-1.04,0.73,0
21110443.0,7016.0,1.0,0.63,-0.76,0.11,0.09
21113427.0,2984.0,0.0,-0.8,-1.04,0.77,0
21120443.0,7016.0,1.0,0.63,-0.76,0.11,0.09
21123427.0,2984.0,0.0,-0.76,-0.7,0.53,0
21130443.0,7016.0,1.0,0.63,-0.77,0.12,0.09
21133427.0,2984.0,0.0,-0.02,-0.58,0.65,0
21140443.0,7016.0,1.0,0.62,-0.77,0.12,0.09
21143427.0,2984.0,0.0,-0.36,-1.05,0.73,0
21153443.0,10016.0,1.0,0.62,-0.77,0.12,0.09
21156427.0,2984.0,0.0,-0.69,-1.05,0.66,0
21163443.0,7016.0,1.0,0.62,-0.77,0.12,0.09
21166427.0,2984.0,0.0,-0.54,-1.14,0.21,0
21170443.0,4016.0,1.0,0.61,-0.77,0.13,0.09
21173427.0,2984.0,0.0,0.39,-0.98,0.14,0
21180443.0,7016.0,1.0,0.61,-0.78,0.13,0.09
21183427.0,2984.0,0.0,0.77,-0.25,-0.16,0
21190443.0,7016.0,1.0,0.61,-0.78,0.13,0.09
21193427.0,2984.0,0.0,0.78,0.41,-0.64,0
21200443.0,7016.0,1.0,0.6,-0.78,0.14,0.09
21203427.0,2984.0,0.0,0.85,0.71,-0.49,0
21210443.0,7016.0,1.0,0.6,-0.78,0.14,0.1
21213427.0,2984.0,0.0,1.17,0.25,-0.42,0
21220443.0,7016.0,1.0,0.59,-0.79,0.14,0.1
21223427.0,2984.0,0.0,1.21,-0.04,0.18,0
21230443.0,7016.0,1.0,0.59,-0.79,0.14,0.1
21233427.0,2984.0,0.0,0.87,-0.05,0.61,0
21240443.0,7016.0,1.0,0.59,-0.79,0.14,0.1
21243427.0,2984.0,0.0,0.67,-0.38,0.45,0
21250443.0,7016.0,1.0,0.58,-0.79,0.14,0.1
21253427.0,2984.0,0.0,0.11,0.28,0.33,0
21260443.0,7016.0,1.0,0.58,-0.8,0.14,0.1
21263427.0,2984.0,0.0,-0.51,0.46,-0.32,0
21270443.0,7016.0,1.0,0.58,-0.8,0.14,0.1
21273427.0,2984.0,0.0,-0.81,1.05,-0.7,0
21280443.0,7016.0,1.0,0.57,-0.8,0.14,0.1
21283427.0,2984.0,0.0,-1.0,1.61,-1.01,0
21290443.0,7016.0,1.0,0.57,-0.8,0.15,0.11
21293427.0,2984.0,0.0,-0.54,0.7,-0.82,0
21300443.0,7016.0,1.0,0.57,-0.8,0.15,0.11
21303427.0,2984.0,0.0,-0.35,0.94,-0.02,0
21310443.0,7016.0,1.0,0.56,-0.81,0.15,0.11
21313427.0,2984.0,0.0,0.07,0.34,0.7,0
21320443.0,7016.0,1.0,0.56,-0.81,0.15,0.11
21323427.0,2984.0,0.0,1.0,0.09,1.46,0
21330443.0,7016.0,1.0,0.55,-0.81,0.15,0.11
21333427.0,2984.0,0.0,1.13,0.22,1.08,0
21340443.0,7016.0,1.0,0.55,-0.81,0.15,0.11
21344427.0,3984.0,0.0,0.98,0.31,0.32,0
21350443.0,6016.0,1.0,0.55,-0.82,0.15,0.11
21353427.0,2984.0,0.0,0.67,0.25,0.1,0
21363443.0,10016.0,1.0,0.54,-0.82,0.15,0.12
21366427.0,2984.0,0.0,0.17,0.41,-0.48,0
21370443.0,4016.0,1.0,0.54,-0.82,0.15,0.12
21373427.0,2984.0,0.0,-0.16,0.32,-0.83,0
21380443.0,7016.0,1.0,0.53,-0.82,0.16,0.12
21383427.0,2984.0,0.0,-0.43,0.29,-0.79,0
21390443.0,7016.0,1.0,0.53,-0.82,0.16,0.12
21393427.0,2984.0,0.0,-0.33,0.38,-0.26,0
21400443.0,7016.0,1.0,0.53,-0.83,0.16,0.12
21403427.0,2984.0,0.0,-0.26,-1.12,0.67,0
21410443.0,7016.0,1.0,0.52,-0.83,0.16,0.12
21413427.0,2984.0,0.0,-0.61,-0.46,0.67,0
21421443.0,8016.0,1.0,0.52,-0.83,0.16,0.12
21424427.0,2984.0,0.0,-0.51,0.14,0.83,0
21430443.0,6016.0,1.0,0.51,-0.83,0.16,0.12
21433427.0,2984.0,0.0,0.55,0.6,0.68,0
21440443.0,7016.0,1.0,0.51,-0.84,0.16,0.12
21443427.0,2984.0,0.0,0.73,0.81,0.14,0
21450443.0,7016.0,1.0,0.51,-0.84,0.16,0.12
21453427.0,2984.0,0.0,0.42,1.16,-0.24,0
21461443.0,8016.0,1.0,0.5,-0.84,0.16,0.12
21464427.0,2984.0,0.0,-0.24,0.65,-0.23,0
21470443.0,6016.0,1.0,0.5,-0.84,0.16,0.12
21473427.0,2984.0,0.0,-1.18,-0.23,0.15,0
21480443.0,7016.0,1.0,0.49,-0.85,0.16,0.13
21483427.0,2984.0,0.0,-1.15,-1.11,0.35,0
21490443.0,7016.0,1.0,0.49,-0.85,0.16,0.13
21493427.0,2984.0,0.0,-0.43,-0.53,0.43,0
21501443.0,8016.0,1.0,0.48,-0.85,0.16,0.13
21504427.0,2984.0,0.0,0.21,0.51,0.16,0
21510443.0,6016.0,1.0,0.48,-0.85,0.16,0.12
21513427.0,2984.0,0.0,0.01,-0.2,-1.53,0
21520443.0,7016.0,1.0,0.47,-0.86,0.16,0.12
21523427.0,2984.0,0.0,-0.92,1.31,-2.48,0
21530443.0,7016.0,1.0,0.47,-0.86,0.16,0.12
21533427.0,2984.0,0.0,-1.93,0.68,-2.04,0
21541443.0,8016.0,1.0,0.47,-0.86,0.16,0.12
21544427.0,2984.0,0.0,-2.17,-0.96,-0.36,0
21556443.0,12016.0,1.0,0.46,-0.86,0.16,0.12
21561443.0,5000.0,1.0,0.46,-0.87,0.16,0.13
21564427.0,2984.0,0.0,-0.75,1.33,2.65,0
21570443.0,6016.0,1.0,0.45,-0.87,0.16,0.13
21573427.0,2984.0,0.0,-0.88,1.4,2.99,0
21581443.0,8016.0,1.0,0.45,-0.87,0.16,0.13
21584427.0,2984.0,0.0,-1.17,2.11,2.29,0
21590443.0,6016.0,1.0,0.44,-0.87,0.16,0.13
21593427.0,2984.0,0.0,-1.61,1.91,-0.93,0
21600443.0,7016.0,1.0,0.44,-0.88,0.16,0.13
21603427.0,2984.0,0.0,-2.17,1.25,-2.05,0
21610443.0,7016.0,1.0,0.43,-0.88,0.16,0.13
21613427.0,2984.0,0.0,-2.35,-0.22,-2.52,0
21621443.0,8016.0,1.0,0.43,-0.88,0.16,0.13
21624427.0,2984.0,0.0,-2.23,-0.58,-2.75,0
21630443.0,6016.0,1.0,0.42,-0.88,0.16,0.13
21633427.0,2984.0,0.0,-1.95,1.59,-0.46,0
21640443.0,7016.0,1.0,0.42,-0.88,0.16,0.13
21643427.0,2984.0,0.0,-1.98,0.46,0.8,0
21651443.0,8016.0,1.0,0.41,-0.89,0.16,0.13
21654427.0,2984.0,0.0,-3.05,0.41,1.69,0
21661443.0,7016.0,1.0,0.41,-0.89,0.17,0.14
21664427.0,2984.0,0.0,-5.93,2.21,2.91,0
21670443.0,6016.0,1.0,0.4,-0.89,0.17,0.14
21673427.0,2984.0,0.0,-7.05,1.5,3.47,0
21681443.0,8016.0,1.0,0.4,-0.89,0.17,0.14
21684427.0,2984.0,0.0,-7.18,-0.61,2.55,0
21690443.0,6016.0,1.0,0.39,-0.89,0.18,0.15
21693427.0,2984.0,0.0,-7.05,-5.0,1.98,0
21700443.0,7016.0,1.0,0.39,-0.89,0.18,0.15
21703427.0,2984.0,0.0,-9.41,-5.81,2.57,0
21710443.0,7016.0,1.0,0.38,-0.89,0.19,0.15
21713427.0,2984.0,0.0,-11.63,-3.78,2.48,0
21720443.0,7016.0,1.0,0.38,-0.89,0.2,0.15
21724427.0,3984.0,0.0,-14.03,-3.8,1.62,0
21730443.0,6016.0,1.0,0.37,-0.89,0.21,0.15
21733427.0,2984.0,0.0,-16.72,-2.41,0.91,0
21743443.0,10016.0,1.0,0.36,-0.89,0.23,0.15
21746427.0,2984.0,0.0,-20.87,0.96,-0.85,0
21750443.0,4016.0,1.0,0.36,-0.89,0.24,0.14
21753427.0,2984.0,0.0,-22.11,2.5,-1.99,0
21760443.0,7016.0,1.0,0.35,-0.89,0.26,0.14
21763427.0,2984.0,0.0,-22.66,4.52,-3.55,0
21771443.0,8016.0,1.0,0.34,-0.89,0.28,0.13
21774427.0,2984.0,0.0,-22.65,5.29,-5.89,0
21780443.0,6016.0,1.0,0.34,-0.89,0.29,0.13
21783427.0,2984.0,0.0,-21.65,8.48,-8.39,0
21790443.0,7016.0,1.0,0.33,-0.88,0.31,0.12
21793427.0,2984.0,0.0,-21.33,11.21,-9.89,0
21801443.0,8016.0,1.0,0.33,-0.88,0.32,0.12
21804427.0,2984.0,0.0,-21.25,11.9,-10.63,0
21810443.0,6016.0,1.0,0.33,-0.87,0.34,0.12
21813427.0,2984.0,0.0,-21.71,13.63,-10.99,0
21823443.0,10016.0,1.0,0.33,-0.87,0.35,0.12
21826427.0,2984.0,0.0,-20.2,5.61,-13.78,0
21830443.0,4016.0,1.0,0.33,-0.86,0.37,0.12
21833427.0,2984.0,0.0,-18.06,11.55,-14.94,0
21841443.0,8016.0,1.0,0.33,-0.85,0.38,0.12
21844427.0,2984.0,0.0,-15.14,19.46,-18.64,0
21851443.0,7016.0,1.0,0.34,-0.84,0.39,0.13
21854427.0,2984.0,0.0,-9.5,20.43,-25.24,0
21861443.0,7016.0,1.0,0.35,-0.83,0.4,0.15
21864427.0,2984.0,0.0,-5.99,15.38,-26.67,0
21870443.0,6016.0,1.0,0.37,-0.82,0.4,0.17
21873427.0,2984.0,0.0,-1.79,9.64,-27.13,0
21881443.0,8016.0,1.0,0.4,-0.8,0.4,0.19
21884427.0,2984.0,0.0,3.13,3.03,-26.79,0
21896443.0,12016.0,1.0,0.43,-0.78,0.4,0.21
21901427.0,4984.0,0.0,18.89,-10.14,-17.2,0
21904443.0,3016.0,1.0,0.46,-0.76,0.39,0.23
21907427.0,2984.0,0.0,19.09,-10.53,-17.88,0
21911443.0,4016.0,1.0,0.49,-0.74,0.38,0.24
21914427.0,2984.0,0.0,23.03,-10.08,-14.15,0
21921443.0,7016.0,1.0,0.52,-0.72,0.38,0.25
21924427.0,2984.0,0.0,26.15,-9.86,-8.63,0
21930443.0,6016.0,1.0,0.55,-0.7,0.37,0.26
21933427.0,2984.0,0.0,31.1,-10.68,0.13,0
21940443.0,7016.0,1.0,0.58,-0.68,0.36,0.26
21943427.0,2984.0,0.0,31.21,-10.7,0.18,0
21952443.0,9016.0,1.0,0.61,-0.66,0.36,0.26
21955427.0,2984.0,0.0,30.08,-10.12,-0.15,0
21962443.0,7016.0,1.0,0.64,-0.64,0.35,0.25
21965427.0,2984.0,0.0,28.71,-8.98,-1.08,0
21970443.0,5016.0,1.0,0.66,-0.62,0.34,0.25
21973427.0,2984.0,0.0,26.25,-6.87,-3.63,0
21980443.0,7016.0,1.0,0.69,-0.6,0.33,0.24
21983427.0,2984.0,0.0,24.9,-6.73,-5.16,0
21992443.0,9016.0,1.0,0.71,-0.58,0.32,0.23
21995427.0,2984.0,0.0,22.88,-7.44,-5.22,0
22002443.0,7016.0,1.0,0.73,-0.57,0.31,0.22
22005427.0,2984.0,0.0,20.53,-7.55,-4.99,0
22010443.0,5016.0,1.0,0.75,-0.55,0.3,0.22
22013427.0,2984.0,0.0,15.62,-8.3,-2.37,0
22020443.0,7016.0,1.0,0.77,-0.54,0.28,0.21
22023427.0,2984.0,0.0,13.0,-8.53,-2.04,0
22031443.0,8016.0,1.0,0.78,-0.52,0.27,0.2
22034427.0,2984.0,0.0,10.36,-8.59,-1.77,0
22041443.0,7016.0,1.0,0.8,-0.51,0.26,0.19
22044427.0,2984.0,0.0,6.54,-9.15,-1.18,0
22057443.0,13016.0,1.0,0.81,-0.5,0.25,0.18
22062443.0,5000.0,1.0,0.82,-0.49,0.24,0.17
22065427.0,2984.0,0.0,4.74,-9.17,-0.97,0
22071443.0,6016.0,1.0,0.83,-0.48,0.23,0.16
22074427.0,2984.0,0.0,5.1,-8.38,-0.92,0
22080443.0,6016.0,1.0,0.84,-0.47,0.22,0.15
22083427.0,2984.0,0.0,6.14,-7.51,0.47,0
22091443.0,8016.0,1.0,0.85,-0.46,0.21,0.14
22094427.0,2984.0,0.0,6.51,-6.81,1.39,0
22101443.0,7016.0,1.0,0.85,-0.46,0.21,0.13
22104427.0,2984.0,0.0,6.55,-6.28,2.17,0
22111443.0,7016.0,1.0,0.86,-0.45,0.2,0.13
22114427.0,2984.0,0.0,6.23,-5.87,2.33,0
22120443.0,6016.0,1.0,0.86,-0.45,0.2,0.12
22123427.0,2984.0,0.0,5.69,-4.36,1.9,0
22136443.0,13016.0,1.0,0.87,-0.44,0.19,0.11
22141427.0,4984.0,0.0,5.07,-3.49,1.4,0
22144443.0,3016.0,1.0,0.87,-0.44,0.18,0.11
22147427.0,2984.0,0.0,4.75,-3.38,1.14,0
22151443.0,4016.0,1.0,0.88,-0.44,0.18,0.1
22154427.0,2984.0,0.0,4.75,-3.23,1.04,0
22161443.0,7016.0,1.0,0.88,-0.43,0.17,0.09
22164427.0,2984.0,0.0,4.29,-3.67,0.65,0
22171443.0,7016.0,1.0,0.88,-0.43,0.17,0.09
22174427.0,2984.0,0.0,4.14,-3.63,0.47,0
22181443.0,7016.0,1.0,0.88,-0.43,0.16,0.08
22184427.0,2984.0,0.0,3.91,-3.25,0.49,0
22191443.0,7016.0,1.0,0.89,-0.43,0.16,0.08
22194427.0,2984.0,0.0,3.72,-3.02,0.25,0
22201443.0,7016.0,1.0,0.89,-0.43,0.16,0.08
22204427.0,2984.0,0.0,3.42,-2.8,-0.37,0
22211443.0,7016.0,1.0,0.89,-0.43,0.15,0.07
22214427.0,2984.0,0.0,3.16,-2.63,-0.19,0
22221443.0,7016.0,1.0,0.89,-0.43,0.15,0.07
22224427.0,2984.0,0.0,2.87,-2.12,-0.4,0
22231443.0,7016.0,1.0,0.89,-0.43,0.15,0.07
22234427.0,2984.0,0.0,2.17,-1.79,-1.02,0
22241443.0,7016.0,1.0,0.89,-0.43,0.14,0.06
22244427.0,2984.0,0.0,1.76,-1.91,-1.63,0
22251443.0,7016.0,1.0,0.89,-0.43,0.14,0.06
22254427.0,2984.0,0.0,1.85,-0.74,-1.32,0
22261443.0,7016.0,1.0,0.89,-0.43,0.14,0.06
22264427.0,2984.0,0.0,1.48,-0.54,-1.65,0
22271443.0,7016.0,1.0,0.89,-0.43,0.14,0.06
22274427.0,2984.0,0.0,1.12,0.02,-0.6,0
22281443.0,7016.0,1.0,0.89,-0.43,0.14,0.05
22284427.0,2984.0,0.0,1.07,-0.08,-0.05,0
22291443.0,7016.0,1.0,0.89,-0.43,0.13,0.05
22294427.0,2984.0,0.0,1.0,-0.5,0.15,0
22301443.0,7016.0,1.0,0.89,-0.43,0.13,0.05
22304427.0,2984.0,0.0,0.99,-0.94,0.05,0
22316443.0,12016.0,1.0,0.89,-0.44,0.13,0.05
22320427.0,3984.0,0.0,0.63,-0.13,-0.85,0
22323443.0,3016.0,1.0,0.89,-0.44,0.13,0.05
22326427.0,2984.0,0.0,0.65,-0.09,-0.82,0
22330443.0,4016.0,1.0,0.89,-0.44,0.13,0.05
22333427.0,2984.0,0.0,0.71,0.21,-1.26,0
22341443.0,8016.0,1.0,0.89,-0.44,0.12,0.05
22344427.0,2984.0,0.0,0.85,0.45,-1.46,0
22351443.0,7016.0,1.0,0.89,-0.44,0.12,0.04
22354427.0,2984.0,0.0,0.79,0.25,-1.96,0
22361443.0,7016.0,1.0,0.89,-0.45,0.12,0.04
22365427.0,3984.0,0.0,0.78,0.33,-2.21,0
22371443.0,6016.0,1.0,0.89,-0.45,0.12,0.04
22374427.0,2984.0,0.0,0.72,0.48,-2.07,0
22381443.0,7016.0,1.0,0.88,-0.45,0.12,0.04
22384427.0,2984.0,0.0,0.67,0.63,-1.51,0
22391443.0,7016.0,1.0,0.88,-0.45,0.11,0.04
22394427.0,2984.0,0.0,0.84,-0.46,-0.23,0
22401443.0,7016.0,1.0,0.88,-0.45,0.11,0.04
22405427.0,3984.0,0.0,1.01,-0.81,0.07,0
22411443.0,6016.0,1.0,0.88,-0.45,0.11,0.04
22414427.0,2984.0,0.0,1.03,-0.9,0.21,0
22421443.0,7016.0,1.0,0.88,-0.46,0.11,0.04
22424427.0,2984.0,0.0,0.9,-0.76,-0.11,0
22431443.0,7016.0,1.0,0.88,-0.46,0.11,0.04
22434427.0,2984.0,0.0,0.96,-0.74,-0.57,0
22441443.0,7016.0,1.0,0.88,-0.46,0.11,0.04
22445427.0,3984.0,0.0,1.06,-0.6,-0.95,0
22451443.0,6016.0,1.0,0.88,-0.46,0.11,0.04
22454427.0,2984.0,0.0,1.16,-0.66,-1.09,0
22461443.0,7016.0,1.0,0.88,-0.47,0.11,0.04
22464427.0,2984.0,0.0,1.27,-1.29,-0.48,0
22471443.0,7016.0,1.0,0.88,-0.47,0.1,0.04
22474427.0,2984.0,0.0,1.34,-1.46,0.02,0
22481443.0,7016.0,1.0,0.88,-0.47,0.1,0.04
22485427.0,3984.0,0.0,1.43,-1.86,0.34,0
22491443.0,6016.0,1.0,0.87,-0.47,0.1,0.04
22494427.0,2984.0,0.0,1.66,-2.54,0.55,0
22501443.0,7016.0,1.0,0.87,-0.48,0.1,0.04
22504427.0,2984.0,0.0,2.27,-2.66,0.04,0
22511443.0,7016.0,1.0,0.87,-0.48,0.11,0.04
22514427.0,2984.0,0.0,2.54,-0.87,-0.22,0
22521443.0,7016.0,1.0,0.87,-0.49,0.11,0.04
22524427.0,2984.0,0.0,2.57,0.2,-0.52,0
22531443.0,7016.0,1.0,0.86,-0.49,0.11,0.04
22534427.0,2984.0,0.0,2.39,0.09,-0.91,0
22541443.0,7016.0,1.0,0.86,-0.49,0.11,0.04
22544427.0,2984.0,0.0,1.69,1.2,-1.36,0
22551443.0,7016.0,1.0,0.86,-0.5,0.11,0.04
22554427.0,2984.0,0.0,1.16,1.32,-1.71,0
22561443.0,7016.0,1.0,0.86,-0.5,0.11,0.04
22564427.0,2984.0,0.0,0.57,0.77,-1.78,0
22571443.0,7016.0,1.0,0.86,-0.5,0.1,0.04
22574427.0,2984.0,0.0,0.5,0.02,-1.48,0
22581443.0,7016.0,1.0,0.85,-0.51,0.1,0.04
22584427.0,2984.0,0.0,-0.2,-1.06,-2.07,0
22591443.0,7016.0,1.0,0.85,-0.51,0.1,0.04
22594427.0,2984.0,0.0,-0.25,-0.15,-0.66,0
22601443.0,7016.0,1.0,0.85,-0.51,0.1,0.04
22604427.0,2984.0,0.0,-1.21,-0.23,-0.79,0
22614443.0,10016.0,1.0,0.85,-0.52,0.09,0.04
22617427.0,2984.0,0.0,-1.75,-1.09,-0.23,0
22624443.0,7016.0,1.0,0.85,-0.52,0.09,0.05
22627427.0,2984.0,0.0,-1.14,-0.84,0.41,0
22631443.0,4016.0,1.0,0.84,-0.53,0.09,0.05
22634427.0,2984.0,0.0,-1.49,-0.62,-1.16,0
22641443.0,7016.0,1.0,0.84,-0.53,0.09,0.05
22644427.0,2984.0,0.0,-2.26,-0.45,-1.35,0
22651443.0,7016.0,1.0,0.84,-0.53,0.09,0.05
22654427.0,2984.0,0.0,-3.3,-0.36,-2.31,0
22661443.0,7016.0,1.0,0.84,-0.54,0.09,0.05
22664427.0,2984.0,0.0,-2.87,-0.05,-1.91,0
22671443.0,7016.0,1.0,0.83,-0.54,0.09,0.05
22674427.0,2984.0,0.0,-1.95,-0.53,-1.63,0
22681443.0,7016.0,1.0,0.83,-0.55,0.08,0.05
22684427.0,2984.0,0.0,-1.08,-1.18,-1.66,0
22690443.0,6016.0,1.0,0.83,-0.55,0.08,0.05
22693427.0,2984.0,0.0,-0.5,-0.36,-1.45,0
22701443.0,8016.0,1.0,0.83,-0.56,0.08,0.05
22704427.0,2984.0,0.0,-0.23,-0.03,-1.66,0
22711443.0,7016.0,1.0,0.82,-0.56,0.08,0.05
22714427.0,2984.0,0.0,-0.16,0.07,-2.26,0
22721443.0,7016.0,1.0,0.82,-0.56,0.08,0.05
22724427.0,2984.0,0.0,-0.12,1.16,-2.75,0
22731443.0,7016.0,1.0,0.82,-0.57,0.08,0.05
22734427.0,2984.0,0.0,-0.24,1.15,-3.3,0
22741443.0,7016.0,1.0,0.81,-0.57,0.08,0.05
22744427.0,2984.0,0.0,-0.05,1.93,-3.33,0
22751443.0,7016.0,1.0,0.81,-0.58,0.08,0.05
22754427.0,2984.0,0.0,-1.59,1.22,-3.34,0
22761443.0,7016.0,1.0,0.81,-0.58,0.07,0.05
22764427.0,2984.0,0.0,-2.6,3.2,-4.66,0
22771443.0,7016.0,1.0,0.81,-0.59,0.07,0.05
22774427.0,2984.0,0.0,-4.71,2.45,-4.43,0
22781443.0,7016.0,1.0,0.8,-0.59,0.07,0.05
22784427.0,2984.0,0.0,-4.49,2.96,-3.61,0
22791443.0,7016.0,1.0,0.8,-0.59,0.07,0.05
22794427.0,2984.0,0.0,-4.69,1.79,-3.27,0
22801443.0,7016.0,1.0,0.8,-0.6,0.07,0.05
22804427.0,2984.0,0.0,-3.02,-0.45,-2.0,0
22811443.0,7016.0,1.0,0.79,-0.6,0.07,0.05
22814427.0,2984.0,0.0,-2.77,-0.83,-1.49,0
22821443.0,7016.0,1.0,0.79,-0.6,0.07,0.06
22825427.0,3984.0,0.0,-2.83,-1.6,-0.99,0
22832443.0,7016.0,1.0,0.79,-0.61,0.07,0.06
22835427.0,2984.0,0.0,-2.69,-2.73,-0.97,0
22846443.0,11016.0,1.0,0.79,-0.61,0.07,0.06
22850427.0,3984.0,0.0,-3.32,-2.91,-1.2,0
22853443.0,3016.0,1.0,0.78,-0.61,0.07,0.06
22856427.0,2984.0,0.0,-3.31,-2.95,-1.09,0
22861443.0,5016.0,1.0,0.78,-0.62,0.07,0.06
22865427.0,3984.0,0.0,-3.11,-3.19,-1.11,0
22871443.0,6016.0,1.0,0.78,-0.62,0.08,0.06
22874427.0,2984.0,0.0,-3.02,-2.55,-1.93,0
22881443.0,7016.0,1.0,0.77,-0.63,0.08,0.06
22884427.0,2984.0,0.0,-3.51,-2.02,-1.44,0
22891443.0,7016.0,1.0,0.77,-0.63,0.09,0.06
22894427.0,2984.0,0.0,-2.92,-1.68,-2.33,0
22901443.0,7016.0,1.0,0.77,-0.63,0.09,0.05
22905427.0,3984.0,0.0,-2.33,-0.72,-2.15,0
22911443.0,6016.0,1.0,0.76,-0.64,0.09,0.05
22914427.0,2984.0,0.0,-2.24,-0.69,-1.74,0
22921443.0,7016.0,1.0,0.76,-0.64,0.09,0.05
22924427.0,2984.0,0.0,-0.5,1.62,-1.63,0
22931443.0,7016.0,1.0,0.76,-0.64,0.1,0.05
22934427.0,2984.0,0.0,0.0,0.22,-1.93,0
22941443.0,7016.0,1.0,0.75,-0.65,0.1,0.05
22944427.0,2984.0,0.0,0.78,0.67,-2.02,0
22951443.0,7016.0,1.0,0.75,-0.65,0.1,0.05
22954427.0,2984.0,0.0,0.71,1.2,-2.24,0
22961443.0,7016.0,1.0,0.75,-0.65,0.1,0.05
22964427.0,2984.0,0.0,-0.73,0.39,-2.41,0
22971443.0,7016.0,1.0,0.74,-0.66,0.1,0.05
22974427.0,2984.0,0.0,-0.63,1.36,-2.47,0
22981443.0,7016.0,1.0,0.74,-0.66,0.1,0.05
22984427.0,2984.0,0.0,-0.39,0.91,-2.08,0
22991443.0,7016.0,1.0,0.74,-0.66,0.1,0.05
22994427.0,2984.0,0.0,0.38,0.28,-2.41,0
23001443.0,7016.0,1.0,0.74,-0.67,0.1,0.05
23004427.0,2984.0,0.0,0.39,-0.39,-2.14,0
23015443.0,11016.0,1.0,0.73,-0.67,0.09,0.05
23018427.0,2984.0,0.0,0.37,-0.56,-1.87,0
23025443.0,7016.0,1.0,0.73,-0.67,0.09,0.05
23028427.0,2984.0,0.0,0.04,1.07,-1.22,0
23032443.0,4016.0,1.0,0.73,-0.68,0.09,0.06
23035427.0,2984.0,0.0,-0.72,0.7,-1.41,0
23041443.0,6016.0,1.0,0.73,-0.68,0.09,0.06
23044427.0,2984.0,0.0,-1.21,0.27,-1.47,0
23051443.0,7016.0,1.0,0.72,-0.68,0.09,0.06
23054427.0,2984.0,0.0,-1.89,0.82,-1.17,0
23062443.0,8016.0,1.0,0.72,-0.69,0.08,0.06
23065427.0,2984.0,0.0,-1.86,0.95,-1.29,0
23071443.0,6016.0,1.0,0.72,-0.69,0.08,0.06
23074427.0,2984.0,0.0,-1.73,0.34,-0.64,0
23081443.0,7016.0,1.0,0.71,-0.69,0.08,0.06
23084427.0,2984.0,0.0,-1.12,0.15,-0.79,0
23091443.0,7016.0,1.0,0.71,-0.69,0.08,0.06
23094427.0,2984.0,0.0,-0.61,0.29,-0.55,0
23102443.0,8016.0,1.0,0.71,-0.7,0.08,0.06
23105427.0,2984.0,0.0,0.04,-0.06,-0.9,0
23111443.0,6016.0,1.0,0.71,-0.7,0.08,0.06
23114427.0,2984.0,0.0,-0.28,-0.16,-0.43,0
23121443.0,7016.0,1.0,0.7,-0.7,0.08,0.06
23124427.0,2984.0,0.0,-0.58,-0.52,-0.31,0
23131443.0,7016.0,1.0,0.7,-0.71,0.09,0.06
23134427.0,2984.0,0.0,-0.98,-1.47,-0.6,0
23142443.0,8016.0,1.0,0.7,-0.71,0.09,0.06
23145427.0,2984.0,0.0,-1.1,-1.07,-0.75,0
23151443.0,6016.0,1.0,0.69,-0.71,0.09,0.06
23154427.0,2984.0,0.0,-0.45,0.02,-1.39,0
23161443.0,7016.0,1.0,0.69,-0.71,0.09,0.06
23164427.0,2984.0,0.0,-0.08,-0.32,-1.16,0
23171443.0,7016.0,1.0,0.69,-0.72,0.09,0.06
23174427.0,2984.0,0.0,0.11,0.05,-0.95,0
23181443.0,7016.0,1.0,0.68,-0.72,0.09,0.06
23184427.0,2984.0,0.0,-0.4,0.25,-0.76,0
23191443.0,7016.0,1.0,0.68,-0.72,0.09,0.07
23194427.0,2984.0,0.0,-0.6,-0.22,-0.75,0
23201443.0,7016.0,1.0,0.68,-0.73,0.09,0.07
23204427.0,2984.0,0.0,-0.88,0.08,-0.41,0
23211443.0,7016.0,1.0,0.68,-0.73,0.09,0.07
23214427.0,2984.0,0.0,-1.42,-0.08,-0.37,0
23221443.0,7016.0,1.0,0.67,-0.73,0.09,0.07
23224427.0,2984.0,0.0,-1.43,-0.56,-0.35,0
23231443.0,7016.0,1.0,0.67,-0.73,0.09,0.07
23234427.0,2984.0,0.0,-1.32,-0.76,-0.16,0
23241443.0,7016.0,1.0,0.67,-0.74,0.09,0.07
23245427.0,3984.0,0.0,-0.99,-0.8,-0.32,0
23251443.0,6016.0,1.0,0.66,-0.74,0.09,0.07
23254427.0,2984.0,0.0,-0.04,-0.74,-0.83,0
23261443.0,7016.0,1.0,0.66,-0.74,0.09,0.07
23264427.0,2984.0,0.0,0.83,-0.6,-0.41,0
23277443.0,13016.0,1.0,0.66,-0.74,0.09,0.08
23282443.0,5000.0,1.0,0.66,-0.74,0.09,0.08
23285427.0,2984.0,0.0,0.16,0.27,0.35,0
23291443.0,6016.0,1.0,0.65,-0.75,0.09,0.08
23294427.0,2984.0,0.0,-0.43,-0.89,0.69,0
23301443.0,7016.0,1.0,0.65,-0.75,0.09,0.08
23304427.0,2984.0,0.0,-0.79,-1.48,0.71,0
23311443.0,7016.0,1.0,0.65,-0.75,0.09,0.08
23314427.0,2984.0,0.0,-0.42,-1.27,0.68,0
23321443.0,7016.0,1.0,0.64,-0.75,0.09,0.08
23324427.0,2984.0,0.0,0.06,-1.22,0.71,0
23331443.0,7016.0,1.0,0.64,-0.76,0.09,0.08
23334427.0,2984.0,0.0,0.47,-0.71,0.52,0
23341443.0,7016.0,1.0,0.64,-0.76,0.09,0.08
23344427.0,2984.0,0.0,0.37,-0.31,0.36,0
23351443.0,7016.0,1.0,0.64,-0.76,0.09,0.09
23354427.0,2984.0,0.0,0.0,0.43,0.59,0
23362443.0,8016.0,1.0,0.63,-0.76,0.1,0.09
23365427.0,2984.0,0.0,-0.02,0.43,0.12,0
23371443.0,6016.0,1.0,0.63,-0.77,0.1,0.09
23374427.0,2984.0,0.0,-0.01,1.21,-0.88,0
23381443.0,7016.0,1.0,0.63,-0.77,0.1,0.09
23384427.0,2984.0,0.0,0.44,0.95,-0.7,0
23391443.0,7016.0,1.0,0.62,-0.77,0.1,0.09
23394427.0,2984.0,0.0,0.94,0.03,-0.1,0
23402443.0,8016.0,1.0,0.62,-0.77,0.1,0.1
23405427.0,2984.0,0.0,1.07,0.23,-0.19,0
23411443.0,6016.0,1.0,0.62,-0.77,0.1,0.1
23414427.0,2984.0,0.0,0.36,1.15,-0.36,0
23421443.0,7016.0,1.0,0.61,-0.78,0.1,0.1
23424427.0,2984.0,0.0,-0.09,0.28,-0.18,0
23431443.0,7016.0,1.0,0.61,-0.78,0.1,0.1
23434427.0,2984.0,0.0,-0.84,-0.21,0.14,0
23442443.0,8016.0,1.0,0.61,-0.78,0.1,0.1
23445427.0,2984.0,0.0,-1.66,0.14,0.58,0
23451443.0,6016.0,1.0,0.61,-0.78,0.1,0.11
23454427.0,2984.0,0.0,-1.34,-0.55,1.1,0
23461443.0,7016.0,1.0,0.6,-0.78,0.1,0.11
23464427.0,2984.0,0.0,-0.23,-1.19,1.81,0
23471443.0,7016.0,1.0,0.6,-0.79,0.1,0.11
23474427.0,2984.0,0.0,0.75,-0.84,1.62,0
23482443.0,8016.0,1.0,0.6,-0.79,0.1,0.11
23485427.0,2984.0,0.0,0.9,-0.56,1.2,0
23491443.0,6016.0,1.0,0.59,-0.79,0.1,0.11
23494427.0,2984.0,0.0,0.71,0.06,0.37,0
23501443.0,7016.0,1.0,0.59,-0.79,0.1,0.11
23504427.0,2984.0,0.0,0.5,0.6,-0.09,0
23514443.0,10016.0,1.0,0.59,-0.79,0.11,0.11
23517427.0,2984.0,0.0,-0.26,1.3,-0.47,0
23524443.0,7016.0,1.0,0.58,-0.8,0.11,0.11
23527427.0,2984.0,0.0,-0.41,0.6,0.16,0
23531443.0,4016.0,1.0,0.58,-0.8,0.11,0.11
23534427.0,2984.0,0.0,0.28,-0.3,0.89,0
23541443.0,7016.0,1.0,0.58,-0.8,0.11,0.12
23544427.0,2984.0,0.0,0.83,-1.18,1.18,0
23551443.0,7016.0,1.0,0.57,-0.8,0.11,0.12
23554427.0,2984.0,0.0,0.83,-0.78,0.68,0
23562443.0,8016.0,1.0,0.57,-0.81,0.11,0.12
23565427.0,2984.0,0.0,0.42,-0.39,0.21,0
23571443.0,6016.0,1.0,0.57,-0.81,0.11,0.12
23574427.0,2984.0,0.0,0.38,-1.38,-0.18,0
23581443.0,7016.0,1.0,0.56,-0.81,0.11,0.12
23584427.0,2984.0,0.0,-0.23,-0.95,-0.38,0
23592443.0,8016.0,1.0,0.56,-0.81,0.12,0.12
23595427.0,2984.0,0.0,-1.0,-0.24,-0.74,0
23602443.0,7016.0,1.0,0.56,-0.81,0.12,0.12
23605427.0,2984.0,0.0,-0.96,-1.42,0.51,0
23611443.0,6016.0,1.0,0.55,-0.82,0.12,0.12
23614427.0,2984.0,0.0,-0.65,-2.03,1.47,0
23622443.0,8016.0,1.0,0.55,-0.82,0.12,0.13
23625427.0,2984.0,0.0,-0.46,-1.1,1.8,0
23632443.0,7016.0,1.0,0.55,-0.82,0.12,0.13
23635427.0,2984.0,0.0,-0.12,-0.74,1.91,0
23641443.0,6016.0,1.0,0.54,-0.82,0.12,0.13
23644427.0,2984.0,0.0,0.14,-0.89,1.6,0
23651443.0,7016.0,1.0,0.54,-0.82,0.13,0.13
23654427.0,2984.0,0.0,-0.02,0.2,0.75,0
23662443.0,8016.0,1.0,0.53,-0.83,0.13,0.13
23665427.0,2984.0,0.0,-0.42,-0.08,-0.09,0
23672443.0,7016.0,1.0,0.53,-0.83,0.13,0.13
23675427.0,2984.0,0.0,-0.73,-0.14,-0.55,0
23681443.0,6016.0,1.0,0.53,-0.83,0.13,0.13
23684427.0,2984.0,0.0,-0.81,-0.39,-0.21,0
23691443.0,7016.0,1.0,0.52,-0.83,0.13,0.13
23694427.0,2984.0,0.0,-0.82,-0.24,-0.05,0
23702443.0,8016.0,1.0,0.52,-0.83,0.13,0.13
23705427.0,2984.0,0.0,-0.71,0.24,0.26,0
23712443.0,7016.0,1.0,0.51,-0.84,0.14,0.13
23715427.0,2984.0,0.0,-0.33,0.61,0.33,0
23722443.0,7016.0,1.0,0.51,-0.84,0.14,0.13
23725427.0,2984.0,0.0,0.34,1.71,-0.7,0
23735443.0,10016.0,1.0,0.51,-0.84,0.14,0.13
23738427.0,2984.0,0.0,0.23,1.78,-1.4,0
23745443.0,7016.0,1.0,0.5,-0.84,0.14,0.13
23748427.0,2984.0,0.0,-0.09,1.69,-1.68,0
23752443.0,4016.0,1.0,0.5,-0.84,0.14,0.13
23755427.0,2984.0,0.0,0.37,1.34,-1.04,0
23762443.0,7016.0,1.0,0.5,-0.85,0.14,0.13
23765427.0,2984.0,0.0,0.91,0.61,-0.1,0
23772443.0,7016.0,1.0,0.49,-0.85,0.14,0.13
23775427.0,2984.0,0.0,1.14,1.36,0.58,0
23782443.0,7016.0,1.0,0.49,-0.85,0.14,0.13
23785427.0,2984.0,0.0,0.9,0.8,0.75,0
23792443.0,7016.0,1.0,0.49,-0.85,0.14,0.14
23795427.0,2984.0,0.0,-0.37,1.47,0.27,0
23802443.0,7016.0,1.0,0.48,-0.85,0.14,0.14
23805427.0,2984.0,0.0,-1.12,1.34,-0.51,0
23812443.0,7016.0,1.0,0.48,-0.86,0.14,0.14
23815427.0,2984.0,0.0,-1.89,1.41,-1.0,0
23822443.0,7016.0,1.0,0.47,-0.86,0.14,0.14
23825427.0,2984.0,0.0,-2.32,1.0,-1.41,0
23831443.0,6016.0,1.0,0.47,-0.86,0.14,0.14
23834427.0,2984.0,0.0,-3.18,0.09,-1.43,0
23842443.0,8016.0,1.0,0.47,-0.86,0.14,0.14
23845427.0,2984.0,0.0,-3.54,-0.17,-0.53,0
23852443.0,7016.0,1.0,0.46,-0.86,0.15,0.15
23855427.0,2984.0,0.0,-4.16,-0.9,-0.14,0
23862443.0,7016.0,1.0,0.46,-0.86,0.15,0.15
23865427.0,2984.0,0.0,-4.75,-0.57,0.18,0
23871443.0,6016.0,1.0,0.46,-0.86,0.15,0.15
23874427.0,2984.0,0.0,-5.81,-0.65,1.11,0
23881443.0,7016.0,1.0,0.45,-0.86,0.15,0.15
23884427.0,2984.0,0.0,-6.77,-1.68,1.58,0
23892443.0,8016.0,1.0,0.45,-0.87,0.16,0.16
23895427.0,2984.0,0.0,-7.52,-2.6,2.01,0
23902443.0,7016.0,1.0,0.45,-0.87,0.16,0.16
23905427.0,2984.0,0.0,-8.15,-4.02,2.79,0
23912443.0,7016.0,1.0,0.44,-0.87,0.17,0.16
23915427.0,2984.0,0.0,-10.08,-4.91,4.42,0
23922443.0,7016.0,1.0,0.44,-0.87,0.18,0.16
23926427.0,3984.0,0.0,-11.23,-4.91,5.58,0
23935443.0,9016.0,1.0,0.43,-0.87,0.19,0.16
23938427.0,2984.0,0.0,-11.19,-5.57,5.99,0
23945443.0,7016.0,1.0,0.42,-0.87,0.21,0.16
23949427.0,3984.0,0.0,-15.12,-3.11,4.98,0
23953443.0,4016.0,1.0,0.41,-0.87,0.23,0.15
23956427.0,2984.0,0.0,-16.52,-0.24,1.57,0
23962443.0,6016.0,1.0,0.41,-0.87,0.25,0.14
23965427.0,2984.0,0.0,-19.11,0.84,3.14,0
23972443.0,7016.0,1.0,0.4,-0.87,0.27,0.13
23975427.0,2984.0,0.0,-20.45,7.0,-0.79,0
23982443.0,7016.0,1.0,0.39,-0.87,0.29,0.13
23985427.0,2984.0,0.0,-19.15,12.15,-5.45,0
23992443.0,7016.0,1.0,0.39,-0.86,0.3,0.13
23995427.0,2984.0,0.0,-17.23,10.16,-5.44,0
24002443.0,7016.0,1.0,0.38,-0.86,0.32,0.13
24005427.0,2984.0,0.0,-15.24,9.27,-6.45,0
24014443.0,9016.0,1.0,0.38,-0.85,0.34,0.13
24017427.0,2984.0,0.0,-13.97,8.84,-9.23,0
24024443.0,7016.0,1.0,0.37,-0.85,0.35,0.13
24027427.0,2984.0,0.0,-12.02,11.49,-13.74,0
24031443.0,4016.0,1.0,0.37,-0.84,0.37,0.13
24034427.0,2984.0,0.0,-10.96,10.72,-14.89,0
24042443.0,8016.0,1.0,0.37,-0.84,0.38,0.13
24045427.0,2984.0,0.0,-9.58,8.86,-15.3,0
24052443.0,7016.0,1.0,0.37,-0.83,0.4,0.12
24055427.0,2984.0,0.0,-8.11,9.0,-14.67,0
24061443.0,6016.0,1.0,0.37,-0.83,0.41,0.12
24064427.0,2984.0,0.0,-5.15,14.25,-13.83,0
24072443.0,8016.0,1.0,0.37,-0.82,0.42,0.12
24075427.0,2984.0,0.0,-4.04,13.59,-11.75,0
24082443.0,7016.0,1.0,0.38,-0.81,0.43,0.13
24085427.0,2984.0,0.0,-1.66,11.46,-10.54,0
24094443.0,9016.0,1.0,0.4,-0.8,0.43,0.14
24097427.0,2984.0,0.0,0.32,7.76,-10.71,0
24104443.0,7016.0,1.0,0.42,-0.78,0.43,0.15
24107427.0,2984.0,0.0,7.62,-0.69,-11.68,0
24112443.0,5016.0,1.0,0.44,-0.77,0.43,0.17
24115427.0,2984.0,0.0,12.04,-3.03,-11.2,0
24122443.0,7016.0,1.0,0.47,-0.75,0.43,0.18
24125427.0,2984.0,0.0,15.48,-4.24,-10.32,0
24134443.0,9016.0,1.0,0.49,-0.74,0.42,0.19
24137427.0,2984.0,0.0,17.97,-5.03,-9.35,0
24144443.0,7016.0,1.0,0.52,-0.72,0.42,0.2
24147427.0,2984.0,0.0,20.36,-6.15,-6.96,0
24152443.0,5016.0,1.0,0.54,-0.7,0.41,0.21
24155427.0,2984.0,0.0,20.78,-6.63,-5.26,0
24162443.0,7016.0,1.0,0.57,-0.68,0.4,0.21
24165427.0,2984.0,0.0,20.37,-7.09,-3.84,0
24174443.0,9016.0,1.0,0.59,-0.67,0.39,0.21
24177427.0,2984.0,0.0,19.15,-7.87,-4.24,0
24184443.0,7016.0,1.0,0.62,-0.65,0.39,0.21
24187427.0,2984.0,0.0,15.5,-7.93,-2.68,0
24192443.0,5016.0,1.0,0.64,-0.64,0.38,0.21
24195427.0,2984.0,0.0,14.73,-7.09,-2.79,0
24202443.0,7016.0,1.0,0.66,-0.62,0.37,0.2
24205427.0,2984.0,0.0,14.13,-6.45,-3.03,0
24217443.0,12016.0,1.0,0.68,-0.61,0.36,0.2
24221427.0,3984.0,0.0,11.37,-5.59,-1.37,0
24224443.0,3016.0,1.0,0.7,-0.59,0.35,0.19
24227427.0,2984.0,0.0,11.47,-5.47,-1.86,0
24232443.0,5016.0,1.0,0.72,-0.58,0.34,0.19
24235427.0,2984.0,0.0,10.7,-5.71,-1.65,0
24242443.0,7016.0,1.0,0.74,-0.56,0.32,0.18
24245427.0,2984.0,0.0,9.63,-6.15,-0.96,0
24251443.0,6016.0,1.0,0.75,-0.55,0.31,0.18
24254427.0,2984.0,0.0,7.35,-7.15,-0.63,0
24262443.0,8016.0,1.0,0.77,-0.54,0.3,0.17
24265427.0,2984.0,0.0,6.46,-7.17,-0.21,0
24272443.0,7016.0,1.0,0.78,-0.53,0.29,0.16
24275427.0,2984.0,0.0,5.73,-6.33,-0.8,0
24282443.0,7016.0,1.0,0.8,-0.52,0.27,0.16
24285427.0,2984.0,0.0,5.2,-6.25,-0.25,0
24297443.0,12016.0,1.0,0.81,-0.51,0.26,0.15
24301427.0,3984.0,0.0,5.42,-7.1,2.49,0
24304443.0,3016.0,1.0,0.82,-0.5,0.25,0.15
24307427.0,2984.0,0.0,5.43,-6.88,2.2,0
24312443.0,5016.0,1.0,0.83,-0.49,0.24,0.14
24315427.0,2984.0,0.0,5.79,-6.27,2.07,0
24322443.0,7016.0,1.0,0.84,-0.48,0.23,0.13
24325427.0,2984.0,0.0,6.13,-5.57,1.77,0
24332443.0,7016.0,1.0,0.84,-0.47,0.22,0.12
24335427.0,2984.0,0.0,6.29,-4.35,1.07,0
24342443.0,7016.0,1.0,0.85,-0.47,0.21,0.12
24345427.0,2984.0,0.0,6.17,-4.18,0.78,0
24352443.0,7016.0,1.0,0.86,-0.46,0.2,0.11
24355427.0,2984.0,0.0,6.12,-3.89,0.58,0
24362443.0,7016.0,1.0,0.86,-0.46,0.2,0.11
24365427.0,2984.0,0.0,6.27,-3.31,0.93,0
24378443.0,13016.0,1.0,0.87,-0.45,0.19,0.1
24383443.0,5000.0,1.0,0.87,-0.45,0.18,0.1
24386427.0,2984.0,0.0,5.98,-3.68,1.12,0
24392443.0,6016.0,1.0,0.87,-0.44,0.18,0.09
24395427.0,2984.0,0.0,5.59,-4.29,0.81,0
24402443.0,7016.0,1.0,0.88,-0.44,0.17,0.09
24405427.0,2984.0,0.0,4.55,-4.57,0.02,0
24412443.0,7016.0,1.0,0.88,-0.44,0.16,0.08
24415427.0,2984.0,0.0,4.11,-3.98,0.01,0
24422443.0,7016.0,1.0,0.88,-0.44,0.16,0.08
24426427.0,3984.0,0.0,3.84,-3.25,-0.62,0
24432443.0,6016.0,1.0,0.88,-0.43,0.16,0.07
24435427.0,2984.0,0.0,3.0,-3.15,0.01,0
24442443.0,7016.0,1.0,0.89,-0.43,0.15,0.07
24445427.0,2984.0,0.0,2.54,-1.64,-0.45,0
24452443.0,7016.0,1.0,0.89,-0.43,0.15,0.06
24455427.0,2984.0,0.0,2.54,-1.93,-0.41,0
24462443.0,7016.0,1.0,0.89,-0.43,0.15,0.06
24465427.0,2984.0,0.0,2.54,-1.87,-0.55,0
24472443.0,7016.0,1.0,0.89,-0.43,0.14,0.06
24475427.0,2984.0,0.0,2.32,-1.86,-0.58,0
24482443.0,7016.0,1.0,0.89,-0.43,0.14,0.05
24485427.0,2984.0,0.0,2.03,-1.45,-0.37,0
24492443.0,7016.0,1.0,0.89,-0.43,0.14,0.05
24495427.0,2984.0,0.0,1.68,-1.06,-0.53,0
24502443.0,7016.0,1.0,0.89,-0.43,0.14,0.05
24505427.0,2984.0,0.0,1.54,-0.81,-0.57,0
24512443.0,7016.0,1.0,0.89,-0.43,0.13,0.04
24515427.0,2984.0,0.0,1.4,-0.9,-0.77,0
24522443.0,7016.0,1.0,0.89,-0.43,0.13,0.04
24525427.0,2984.0,0.0,1.46,-0.84,-0.62,0
24535443.0,10016.0,1.0,0.89,-0.43,0.13,0.04
24538427.0,2984.0,0.0,1.43,-0.68,-0.96,0
24545443.0,7016.0,1.0,0.89,-0.43,0.13,0.04
24548427.0,2984.0,0.0,1.37,-0.89,-0.91,0
24552443.0,4016.0,1.0,0.89,-0.43,0.13,0.03
24555427.0,2984.0,0.0,1.35,-0.57,-0.89,0
24562443.0,7016.0,1.0,0.89,-0.43,0.13,0.03
24565427.0,2984.0,0.0,1.52,-0.22,-0.61,0
24572443.0,7016.0,1.0,0.89,-0.44,0.12,0.03
24575427.0,2984.0,0.0,1.68,-0.37,-0.48,0
24582443.0,7016.0,1.0,0.89,-0.44,0.12,0.03
24585427.0,2984.0,0.0,1.62,-0.67,-0.43,0
24592443.0,7016.0,1.0,0.89,-0.44,0.12,0.02
24595427.0,2984.0,0.0,1.11,-0.89,-0.3,0
24602443.0,7016.0,1.0,0.89,-0.44,0.12,0.02
24605427.0,2984.0,0.0,0.74,-1.04,-0.27,0
24612443.0,7016.0,1.0,0.89,-0.44,0.12,0.02
24615427.0,2984.0,0.0,0.49,-0.62,-0.25,0
24622443.0,7016.0,1.0,0.89,-0.44,0.12,0.02
24625427.0,2984.0,0.0,0.32,-0.1,-0.25,0
24632443.0,7016.0,1.0,0.89,-0.45,0.12,0.02
24635427.0,2984.0,0.0,0.31,0.26,-0.76,0
24642443.0,7016.0,1.0,0.89,-0.45,0.12,0.02
24645427.0,2984.0,0.0,0.37,0.62,-0.88,0
24652443.0,7016.0,1.0,0.89,-0.45,0.12,0.01
24655427.0,2984.0,0.0,0.5,0.77,-1.14,0
24662443.0,7016.0,1.0,0.88,-0.45,0.12,0.01
24665427.0,2984.0,0.0,0.6,0.74,-1.38,0
24672443.0,7016.0,1.0,0.88,-0.45,0.12,0.01
24675427.0,2984.0,0.0,0.86,0.28,-0.7,0
24682443.0,7016.0,1.0,0.88,-0.45,0.11,0.01
24685427.0,2984.0,0.0,1.1,-0.34,-0.22,0
24692443.0,7016.0,1.0,0.88,-0.46,0.11,0.01
24695427.0,2984.0,0.0,0.93,-1.05,0.19,0
24702443.0,7016.0,1.0,0.88,-0.46,0.11,0.01
24705427.0,2984.0,0.0,0.61,-1.45,0.21,0
24712443.0,7016.0,1.0,0.88,-0.46,0.11,0.01
24715427.0,2984.0,0.0,0.44,-1.69,0.25,0
24722443.0,7016.0,1.0,0.88,-0.46,0.11,0.01
24725427.0,2984.0,0.0,0.54,-1.37,0.21,0
24732443.0,7016.0,1.0,0.88,-0.46,0.11,0.01
24735427.0,2984.0,0.0,0.98,-1.25,-0.06,0
24742443.0,7016.0,1.0,0.88,-0.47,0.11,0.0
24745427.0,2984.0,0.0,1.73,-0.05,-0.42,0
24752443.0,7016.0,1.0,0.88,-0.47,0.11,0.0
24755427.0,2984.0,0.0,1.61,0.27,-0.22,0
24762443.0,7016.0,1.0,0.87,-0.47,0.11,0.0
24766427.0,3984.0,0.0,1.33,0.55,-0.26,0
24772443.0,6016.0,1.0,0.87,-0.47,0.11,0.0
24775427.0,2984.0,0.0,1.08,0.81,-0.41,0
24782443.0,7016.0,1.0,0.87,-0.48,0.11,0.0
24785427.0,2984.0,0.0,0.95,1.1,-0.68,0
24792443.0,7016.0,1.0,0.87,-0.48,0.11,0.0
24795427.0,2984.0,0.0,0.82,1.0,-0.73,0
24802443.0,7016.0,1.0,0.87,-0.48,0.1,0.0
24806427.0,3984.0,0.0,0.76,0.73,-0.59,0
24812443.0,6016.0,1.0,0.87,-0.48,0.1,0.0
24815427.0,2984.0,0.0,0.67,0.36,-0.68,0
24822443.0,7016.0,1.0,0.87,-0.48,0.1,0.0
24825427.0,2984.0,0.0,0.76,0.33,-0.77,0
24832443.0,7016.0,1.0,0.87,-0.49,0.09,0.0
24835427.0,2984.0,0.0,1.12,0.27,-0.82,0
24842443.0,7016.0,1.0,0.87,-0.49,0.09,0.0
24846427.0,3984.0,0.0,1.57,0.51,-0.83,0
24852443.0,6016.0,1.0,0.87,-0.49,0.09,0.0
24855427.0,2984.0,0.0,1.63,0.14,-1.45,0
24862443.0,7016.0,1.0,0.87,-0.49,0.09,0.0
24865427.0,2984.0,0.0,2.64,0.62,-1.77,0
24878443.0,13016.0,1.0,0.87,-0.49,0.08,0.0
24883443.0,5000.0,1.0,0.86,-0.5,0.08,0.0
24886427.0,2984.0,0.0,2.34,0.46,-1.94,0
24892443.0,6016.0,1.0,0.86,-0.5,0.07,0.0
24895427.0,2984.0,0.0,1.52,0.37,-1.44,0
24902443.0,7016.0,1.0,0.86,-0.5,0.07,0.0
24905427.0,2984.0,0.0,0.73,1.61,-1.1,0
24912443.0,7016.0,1.0,0.86,-0.5,0.06,0.01
24915427.0,2984.0,0.0,0.53,0.52,-0.65,0
24922443.0,7016.0,1.0,0.86,-0.51,0.05,0.01
24925427.0,2984.0,0.0,-0.02,0.94,-0.54,0
24932443.0,7016.0,1.0,0.86,-0.51,0.04,0.01
24935427.0,2984.0,0.0,-1.25,0.95,-0.12,0
24942443.0,7016.0,1.0,0.86,-0.51,0.03,0.02
24945427.0,2984.0,0.0,-1.6,0.39,0.04,0
24952443.0,7016.0,1.0,0.86,-0.51,0.02,0.02
24955427.0,2984.0,0.0,-1.91,1.27,1.25,0
24963443.0,8016.0,1.0,0.85,-0.52,0.02,0.03
24966427.0,2984.0,0.0,-2.07,1.6,-0.74,0
24972443.0,6016.0,1.0,0.85,-0.52,0.01,0.03
24975427.0,2984.0,0.0,-2.38,-0.89,0.4,0
24982443.0,7016.0,1.0,0.85,-0.53,0.0,0.03
24985427.0,2984.0,0.0,-2.5,-1.74,0.08,0
24992443.0,7016.0,1.0,0.85,-0.53,-0.0,0.03
24995427.0,2984.0,0.0,-1.7,-2.9,-0.02,0
25003443.0,8016.0,1.0,0.85,-0.53,-0.0,0.04
25006427.0,2984.0,0.0,-1.01,-2.36,0.44,0
25018443.0,12016.0,1.0,0.84,-0.54,-0.0,0.04
25023443.0,5000.0,1.0,0.84,-0.54,0.0,0.04
25026427.0,2984.0,0.0,-1.59,-0.83,-0.68,0
25032443.0,6016.0,1.0,0.84,-0.55,0.01,0.04
25035427.0,2984.0,0.0,-2.93,-1.15,-2.65,0
25043443.0,8016.0,1.0,0.83,-0.55,0.01,0.04
25046427.0,2984.0,0.0,-4.69,-0.77,-2.86,0
25052443.0,6016.0,1.0,0.83,-0.56,0.02,0.04
25055427.0,2984.0,0.0,-6.03,1.25,-2.86,0
25062443.0,7016.0,1.0,0.83,-0.56,0.02,0.03
25065427.0,2984.0,0.0,-5.27,1.89,-2.87,0
25072443.0,7016.0,1.0,0.82,-0.57,0.03,0.03
25075427.0,2984.0,0.0,-4.51,1.3,-2.88,0
25083443.0,8016.0,1.0,0.82,-0.57,0.03,0.03
25086427.0,2984.0,0.0,-3.44,1.3,-3.31,0
25092443.0,6016.0,1.0,0.82,-0.57,0.03,0.04
25095427.0,2984.0,0.0,-2.75,0.8,-3.1,0
25102443.0,7016.0,1.0,0.81,-0.58,0.03,0.04
25105427.0,2984.0,0.0,-2.83,0.25,-3.84,0
25113443.0,8016.0,1.0,0.81,-0.58,0.03,0.04
25116427.0,2984.0,0.0,-3.41,-0.02,-3.66,0
25122443.0,6016.0,1.0,0.81,-0.59,0.03,0.04
25125427.0,2984.0,0.0,-3.52,0.7,-4.36,0
25132443.0,7016.0,1.0,0.8,-0.59,0.03,0.04
25135427.0,2984.0,0.0,-2.73,1.31,-4.0,0
25142443.0,7016.0,1.0,0.8,-0.6,0.03,0.04
25146427.0,3984.0,0.0,-1.54,0.21,-3.98,0
25153443.0,7016.0,1.0,0.8,-0.6,0.03,0.04
25156427.0,2984.0,0.0,-0.33,0.07,-3.64,0
25162443.0,6016.0,1.0,0.79,-0.6,0.03,0.04
25165427.0,2984.0,0.0,-1.02,0.78,-2.9,0
25178443.0,13016.0,1.0,0.79,-0.61,0.03,0.04
25183443.0,5000.0,1.0,0.79,-0.61,0.02,0.04
25186427.0,2984.0,0.0,-2.46,0.06,-2.13,0
25192443.0,6016.0,1.0,0.79,-0.62,0.02,0.04
25195427.0,2984.0,0.0,-3.05,-0.3,-1.5,0
25202443.0,7016.0,1.0,0.78,-0.62,0.02,0.04
25205427.0,2984.0,0.0,-3.71,-1.47,-1.48,0
25212443.0,7016.0,1.0,0.78,-0.63,0.02,0.04
25215427.0,2984.0,0.0,-3.46,-2.16,-1.14,0
25222443.0,7016.0,1.0,0.78,-0.63,0.02,0.04
25225427.0,2984.0,0.0,-2.21,-2.22,-1.01,0
25232443.0,7016.0,1.0,0.77,-0.63,0.02,0.04
25235427.0,2984.0,0.0,-1.38,-1.75,-0.99,0
25242443.0,7016.0,1.0,0.77,-0.64,0.02,0.04
25245427.0,2984.0,0.0,-1.57,-3.14,-0.97,0
25252443.0,7016.0,1.0,0.77,-0.64,0.03,0.04
25255427.0,2984.0,0.0,-1.77,-3.31,-1.12,0
25262443.0,7016.0,1.0,0.76,-0.64,0.03,0.04
25265427.0,2984.0,0.0,-1.76,-3.6,-1.75,0
25272443.0,7016.0,1.0,0.76,-0.65,0.04,0.04
25275427.0,2984.0,0.0,-1.55,-3.55,-2.14,0
25282443.0,7016.0,1.0,0.76,-0.65,0.04,0.04
25285427.0,2984.0,0.0,-1.66,-2.05,-2.3,0
25292443.0,7016.0,1.0,0.75,-0.66,0.04,0.04
25295427.0,2984.0,0.0,-1.72,-1.91,-1.66,0
25303443.0,8016.0,1.0,0.75,-0.66,0.05,0.04
25306427.0,2984.0,0.0,-1.5,-2.04,-1.55,0
25313443.0,7016.0,1.0,0.74,-0.66,0.05,0.04
25316427.0,2984.0,0.0,-1.71,-1.74,-0.98,0
25322443.0,6016.0,1.0,0.74,-0.67,0.05,0.04
25325427.0,2984.0,0.0,-0.51,-1.65,-1.26,0
25332443.0,7016.0,1.0,0.74,-0.67,0.06,0.04
25335427.0,2984.0,0.0,0.22,-0.53,-1.39,0
25343443.0,8016.0,1.0,0.73,-0.68,0.06,0.04
25346427.0,2984.0,0.0,0.77,0.08,-1.47,0
25358443.0,12016.0,1.0,0.73,-0.68,0.06,0.04
25363427.0,4984.0,0.0,1.43,1.5,-2.11,0
25366443.0,3016.0,1.0,0.73,-0.68,0.06,0.04
25369427.0,2984.0,0.0,1.43,1.5,-2.02,0
25373443.0,4016.0,1.0,0.72,-0.69,0.06,0.04
25376427.0,2984.0,0.0,1.02,1.55,-1.87,0
25383443.0,7016.0,1.0,0.72,-0.69,0.05,0.04
25386427.0,2984.0,0.0,0.14,1.73,-2.06,0
25392443.0,6016.0,1.0,0.72,-0.69,0.05,0.05
25395427.0,2984.0,0.0,-0.68,1.82,-2.09,0
25402443.0,7016.0,1.0,0.72,-0.7,0.05,0.05
25405427.0,2984.0,0.0,-0.83,1.58,-2.31,0
25412443.0,7016.0,1.0,0.71,-0.7,0.05,0.05
25415427.0,2984.0,0.0,-0.94,1.67,-1.66,0
25423443.0,8016.0,1.0,0.71,-0.7,0.04,0.05
25426427.0,2984.0,0.0,-0.78,1.26,-1.05,0
25432443.0,6016.0,1.0,0.71,-0.7,0.04,0.05
25435427.0,2984.0,0.0,-0.9,-0.51,1.05,0
25442443.0,7016.0,1.0,0.7,-0.71,0.04,0.05
25445427.0,2984.0,0.0,-0.83,-1.67,0.9,0
25452443.0,7016.0,1.0,0.7,-0.71,0.04,0.05
25455427.0,2984.0,0.0,-0.63,-1.43,0.87,0
25463443.0,8016.0,1.0,0.7,-0.71,0.05,0.06
25466427.0,2984.0,0.0,-0.61,-2.21,0.61,0
25472443.0,6016.0,1.0,0.7,-0.72,0.05,0.06
25475427.0,2984.0,0.0,-1.04,-1.37,-0.41,0
25483443.0,8016.0,1.0,0.69,-0.72,0.05,0.06
25487427.0,3984.0,0.0,-0.74,-1.85,-0.7,0
25493443.0,6016.0,1.0,0.69,-0.72,0.06,0.06
25496427.0,2984.0,0.0,-0.52,-1.18,-0.79,0
25503443.0,7016.0,1.0,0.68,-0.72,0.06,0.06
25506427.0,2984.0,0.0,-0.49,-0.85,-0.58,0
25512443.0,6016.0,1.0,0.68,-0.73,0.06,0.06
25515427.0,2984.0,0.0,-1.0,0.59,0.01,0
25523443.0,8016.0,1.0,0.68,-0.73,0.07,0.06
25527427.0,3984.0,0.0,-1.06,-0.11,0.22,0
25534443.0,7016.0,1.0,0.67,-0.73,0.07,0.06
25537427.0,2984.0,0.0,-0.5,-0.45,0.22,0
25544443.0,7016.0,1.0,0.67,-0.74,0.07,0.06
25547427.0,2984.0,0.0,0.07,-0.22,1.46,0
25554443.0,7016.0,1.0,0.67,-0.74,0.07,0.06
25557427.0,2984.0,0.0,0.58,-1.22,0.78,0
25562443.0,5016.0,1.0,0.66,-0.74,0.08,0.06
25566427.0,3984.0,0.0,-0.01,-0.32,-0.13,0
25573443.0,7016.0,1.0,0.66,-0.74,0.08,0.06
25576427.0,2984.0,0.0,0.21,-1.12,-0.38,0
25582443.0,6016.0,1.0,0.66,-0.75,0.08,0.06
25585427.0,2984.0,0.0,1.77,1.42,-1.93,0
25593443.0,8016.0,1.0,0.65,-0.75,0.08,0.07
25596427.0,2984.0,0.0,1.78,2.09,-1.55,0
25603443.0,7016.0,1.0,0.65,-0.75,0.08,0.07
25606427.0,2984.0,0.0,2.23,1.61,-1.12,0
25613443.0,7016.0,1.0,0.65,-0.76,0.08,0.07
25616427.0,2984.0,0.0,2.75,2.2,-0.58,0
25622443.0,6016.0,1.0,0.64,-0.76,0.08,0.07
25625427.0,2984.0,0.0,3.39,0.45,-0.66,0
25633443.0,8016.0,1.0,0.64,-0.76,0.08,0.07
25636427.0,2984.0,0.0,2.67,0.28,-0.78,0
25643443.0,7016.0,1.0,0.64,-0.76,0.08,0.08
25646427.0,2984.0,0.0,1.73,0.62,-1.28,0
25653443.0,7016.0,1.0,0.64,-0.76,0.08,0.08
25656427.0,2984.0,0.0,1.25,1.08,-1.53,0
25663443.0,7016.0,1.0,0.63,-0.77,0.08,0.08
25666427.0,2984.0,0.0,-0.07,1.0,-1.85,0
25673443.0,7016.0,1.0,0.63,-0.77,0.08,0.08
25676427.0,2984.0,0.0,-0.37,0.74,-1.2,0
25683443.0,7016.0,1.0,0.63,-0.77,0.08,0.09
25686427.0,2984.0,0.0,-0.43,0.5,-0.37,0
25693443.0,7016.0,1.0,0.62,-0.77,0.08,0.09
25696427.0,2984.0,0.0,-0.68,0.69,0.14,0
25703443.0,7016.0,1.0,0.62,-0.77,0.08,0.09
25706427.0,2984.0,0.0,-0.09,0.14,1.97,0
25713443.0,7016.0,1.0,0.62,-0.78,0.08,0.09
25716427.0,2984.0,0.0,0.22,-0.03,2.42,0
25723443.0,7016.0,1.0,0.61,-0.78,0.08,0.1
25726427.0,2984.0,0.0,-0.24,0.07,2.3,0
25733443.0,7016.0,1.0,0.61,-0.78,0.09,0.1
25736427.0,2984.0,0.0,-0.37,-0.44,2.03,0
25747443.0,11016.0,1.0,0.61,-0.78,0.09,0.1
25750427.0,2984.0,0.0,-2.6,-0.84,2.45,0
25754443.0,4016.0,1.0,0.6,-0.79,0.09,0.1
25757427.0,2984.0,0.0,-3.57,-0.94,1.73,0
25763443.0,6016.0,1.0,0.6,-0.79,0.09,0.1
25766427.0,2984.0,0.0,-4.18,-1.04,1.2,0
25772443.0,6016.0,1.0,0.6,-0.79,0.1,0.11
25775427.0,2984.0,0.0,-3.45,-2.4,-0.21,0
25783443.0,8016.0,1.0,0.59,-0.79,0.1,0.11
25786427.0,2984.0,0.0,-2.16,-1.66,-0.21,0
25793443.0,7016.0,1.0,0.59,-0.79,0.1,0.11
25796427.0,2984.0,0.0,-0.25,-1.15,-0.29,0
25803443.0,7016.0,1.0,0.58,-0.8,0.11,0.11
25806427.0,2984.0,0.0,1.67,-1.05,0.56,0
25812443.0,6016.0,1.0,0.58,-0.8,0.11,0.11
25815427.0,2984.0,0.0,3.8,-2.21,1.6,0
25823443.0,8016.0,1.0,0.58,-0.8,0.11,0.12
25826427.0,2984.0,0.0,3.37,-1.15,1.23,0
25833443.0,7016.0,1.0,0.57,-0.8,0.11,0.12
25836427.0,2984.0,0.0,1.95,0.03,0.77,0
25843443.0,7016.0,1.0,0.57,-0.81,0.12,0.12
25846427.0,2984.0,0.0,0.55,-0.09,-0.28,0
25853443.0,7016.0,1.0,0.56,-0.81,0.12,0.12
25856427.0,2984.0,0.0,-0.36,0.22,-1.62,0
25863443.0,7016.0,1.0,0.56,-0.81,0.12,0.12
25867427.0,3984.0,0.0,0.12,-0.55,-1.62,0
25873443.0,6016.0,1.0,0.56,-0.81,0.12,0.12
25876427.0,2984.0,0.0,0.88,0.33,-1.63,0
25883443.0,7016.0,1.0,0.55,-0.81,0.12,0.12
25886427.0,2984.0,0.0,1.87,-0.39,-0.8,0
25893443.0,7016.0,1.0,0.55,-0.82,0.13,0.13
25896427.0,2984.0,0.0,2.55,-0.52,1.39,0
25903443.0,7016.0,1.0,0.54,-0.82,0.13,0.13
25907427.0,3984.0,0.0,1.96,-0.1,1.39,0
25914443.0,7016.0,1.0,0.54,-0.82,0.13,0.13
25917427.0,2984.0,0.0,1.3,0.52,1.84,0
25924443.0,7016.0,1.0,0.54,-0.82,0.13,0.13
25927427.0,2984.0,0.0,0.86,0.44,1.53,0
25934443.0,7016.0,1.0,0.53,-0.83,0.13,0.14
25937427.0,2984.0,0.0,-0.49,0.39,0.68,0
25943443.0,6016.0,1.0,0.53,-0.83,0.13,0.14
25947427.0,3984.0,0.0,-1.21,0.73,-0.04,0
25953443.0,6016.0,1.0,0.52,-0.83,0.14,0.14
25956427.0,2984.0,0.0,-1.87,0.92,-0.36,0
25963443.0,7016.0,1.0,0.52,-0.83,0.14,0.14
25966427.0,2984.0,0.0,-1.2,-0.12,1.32,0
25973443.0,7016.0,1.0,0.51,-0.83,0.14,0.14
25976427.0,2984.0,0.0,-0.53,-1.23,1.77,0
25983443.0,7016.0,1.0,0.51,-0.84,0.14,0.14
25986427.0,2984.0,0.0,-0.21,-0.81,1.9,0
25993443.0,7016.0,1.0,0.51,-0.84,0.15,0.14
25996427.0,2984.0,0.0,-0.25,0.84,1.18,0
26002443.0,6016.0,1.0,0.5,-0.84,0.15,0.15
26005427.0,2984.0,0.0,-0.62,0.64,0.42,0
26013443.0,8016.0,1.0,0.5,-0.84,0.15,0.15
26016427.0,2984.0,0.0,-0.83,1.35,-0.3,0
26023443.0,7016.0,1.0,0.49,-0.84,0.15,0.15
26026427.0,2984.0,0.0,-1.13,1.92,-1.25,0
26033443.0,7016.0,1.0,0.49,-0.85,0.16,0.15
26036427.0,2984.0,0.0,-1.39,2.27,-1.87,0
26043443.0,7016.0,1.0,0.48,-0.85,0.16,0.15
26046427.0,2984.0,0.0,-1.72,1.29,-1.8,0
26053443.0,7016.0,1.0,0.48,-0.85,0.16,0.15
26056427.0,2984.0,0.0,-2.01,1.17,-1.12,0
26063443.0,7016.0,1.0,0.47,-0.85,0.16,0.15
26066427.0,2984.0,0.0,-2.19,1.48,-0.52,0
26073443.0,7016.0,1.0,0.47,-0.85,0.16,0.16
26076427.0,2984.0,0.0,-2.17,1.39,-0.28,0
26083443.0,7016.0,1.0,0.47,-0.85,0.16,0.16
26086427.0,2984.0,0.0,-2.93,1.26,-0.2,0
26093443.0,7016.0,1.0,0.46,-0.86,0.17,0.16
26096427.0,2984.0,0.0,-2.8,-0.03,-0.23,0
26103443.0,7016.0,1.0,0.46,-0.86,0.17,0.17
26106427.0,2984.0,0.0,-2.78,-1.22,-0.23,0
26114443.0,8016.0,1.0,0.46,-0.86,0.17,0.17
26117427.0,2984.0,0.0,-3.12,-1.26,-0.44,0
26125443.0,8016.0,1.0,0.45,-0.86,0.17,0.18
26128427.0,2984.0,0.0,-5.84,-1.54,-0.07,0
26133443.0,5016.0,1.0,0.45,-0.86,0.17,0.18
26136427.0,2984.0,0.0,-7.77,-1.57,1.15,0
26143443.0,7016.0,1.0,0.44,-0.86,0.18,0.19
26146427.0,2984.0,0.0,-9.32,-1.89,2.92,0
26153443.0,7016.0,1.0,0.44,-0.86,0.18,0.19
26156427.0,2984.0,0.0,-9.64,-3.32,3.7,0
26163443.0,7016.0,1.0,0.43,-0.86,0.19,0.19
26166427.0,2984.0,0.0,-10.6,-4.16,5.24,0
26173443.0,7016.0,1.0,0.43,-0.86,0.21,0.19
26176427.0,2984.0,0.0,-11.03,-4.32,5.62,0
26183443.0,7016.0,1.0,0.42,-0.86,0.22,0.18
26186427.0,2984.0,0.0,-11.79,-4.63,6.05,0
26192443.0,6016.0,1.0,0.41,-0.86,0.24,0.18
26195427.0,2984.0,0.0,-13.63,-2.53,3.13,0
26203443.0,8016.0,1.0,0.4,-0.86,0.26,0.17
26206427.0,2984.0,0.0,-15.67,0.29,1.14,0
26213443.0,7016.0,1.0,0.39,-0.86,0.28,0.15
26216427.0,2984.0,0.0,-17.21,2.55,-0.06,0
26223443.0,7016.0,1.0,0.38,-0.86,0.3,0.14
26226427.0,2984.0,0.0,-17.98,6.65,-3.08,0
26238443.0,12016.0,1.0,0.37,-0.86,0.32,0.14
26242427.0,3984.0,0.0,-17.02,18.04,-6.77,0
26245443.0,3016.0,1.0,0.36,-0.86,0.34,0.13
26248427.0,2984.0,0.0,-17.16,18.05,-6.64,0
26253443.0,5016.0,1.0,0.36,-0.85,0.36,0.13
26256427.0,2984.0,0.0,-16.34,18.69,-8.39,0
26263443.0,7016.0,1.0,0.35,-0.85,0.38,0.13
26266427.0,2984.0,0.0,-17.57,13.92,-10.25,0
26273443.0,7016.0,1.0,0.35,-0.84,0.4,0.12
26276427.0,2984.0,0.0,-17.37,7.17,-13.7,0
26283443.0,7016.0,1.0,0.34,-0.83,0.41,0.12
26286427.0,2984.0,0.0,-15.7,6.35,-13.91,0
26293443.0,7016.0,1.0,0.34,-0.83,0.43,0.11
26296427.0,2984.0,0.0,-13.19,9.06,-16.29,0
26303443.0,7016.0,1.0,0.33,-0.82,0.45,0.1
26306427.0,2984.0,0.0,-9.56,15.89,-20.71,0
26318443.0,12016.0,1.0,0.33,-0.82,0.46,0.09
26322427.0,3984.0,0.0,-4.01,12.6,-21.43,0
26325443.0,3016.0,1.0,0.34,-0.81,0.47,0.1
26328427.0,2984.0,0.0,-3.97,12.39,-21.54,0
26333443.0,5016.0,1.0,0.36,-0.79,0.48,0.11
26336427.0,2984.0,0.0,0.78,7.63,-21.51,0
26343443.0,7016.0,1.0,0.38,-0.78,0.48,0.13
26346427.0,2984.0,0.0,9.08,-0.88,-20.64,0
26353443.0,7016.0,1.0,0.41,-0.76,0.47,0.15
26356427.0,2984.0,0.0,14.52,-2.54,-20.42,0
26363443.0,7016.0,1.0,0.45,-0.74,0.47,0.17
26366427.0,2984.0,0.0,16.79,-6.7,-19.87,0
26375443.0,9016.0,1.0,0.49,-0.72,0.45,0.2
26378427.0,2984.0,0.0,19.18,-10.73,-17.77,0
26385443.0,7016.0,1.0,0.52,-0.7,0.44,0.22
26388427.0,2984.0,0.0,24.26,-17.04,-7.76,0
26393443.0,5016.0,1.0,0.56,-0.68,0.42,0.23
26396427.0,2984.0,0.0,25.34,-17.74,-4.57,0
26403443.0,7016.0,1.0,0.59,-0.65,0.41,0.24
26406427.0,2984.0,0.0,25.35,-15.8,-2.54,0
26415443.0,9016.0,1.0,0.62,-0.63,0.4,0.24
26418427.0,2984.0,0.0,24.47,-12.21,-0.31,0
26426443.0,8016.0,1.0,0.64,-0.61,0.39,0.24
26429427.0,2984.0,0.0,22.45,-8.9,1.41,0
26433443.0,4016.0,1.0,0.67,-0.59,0.38,0.24
26436427.0,2984.0,0.0,21.3,-8.72,1.47,0
26443443.0,7016.0,1.0,0.69,-0.58,0.37,0.23
26446427.0,2984.0,0.0,19.85,-9.36,1.09,0
26453443.0,7016.0,1.0,0.71,-0.56,0.36,0.23
26456427.0,2984.0,0.0,18.25,-9.93,1.04,0
26463443.0,7016.0,1.0,0.73,-0.54,0.35,0.23
26466427.0,2984.0,0.0,14.45,-10.51,1.16,0
26476443.0,10016.0,1.0,0.75,-0.53,0.34,0.22
26479427.0,2984.0,0.0,12.79,-10.5,1.09,0
26486443.0,7016.0,1.0,0.76,-0.52,0.33,0.21
26489427.0,2984.0,0.0,11.18,-10.42,1.02,0
26494443.0,5016.0,1.0,0.78,-0.5,0.32,0.2
26497427.0,2984.0,0.0,7.86,-10.04,1.32,0
26503443.0,6016.0,1.0,0.79,-0.49,0.31,0.2
26506427.0,2984.0,0.0,6.33,-9.43,1.22,0
26516443.0,10016.0,1.0,0.8,-0.48,0.3,0.19
26519427.0,2984.0,0.0,5.18,-8.7,1.37,0
26526443.0,7016.0,1.0,0.81,-0.48,0.29,0.18
26529427.0,2984.0,0.0,4.53,-7.89,1.18,0
26533443.0,4016.0,1.0,0.82,-0.47,0.28,0.17
26536427.0,2984.0,0.0,3.95,-6.67,0.39,0
26543443.0,7016.0,1.0,0.83,-0.46,0.27,0.16
26546427.0,2984.0,0.0,4.09,-5.93,-0.28,0
26553443.0,7016.0,1.0,0.84,-0.46,0.27,0.15
26556427.0,2984.0,0.0,4.04,-5.98,0.07,0
26563443.0,7016.0,1.0,0.84,-0.45,0.26,0.15
26566427.0,2984.0,0.0,3.64,-5.26,-0.14,0
26573443.0,7016.0,1.0,0.85,-0.45,0.25,0.14
26576427.0,2984.0,0.0,3.5,-4.38,-0.14,0
26583443.0,7016.0,1.0,0.85,-0.44,0.24,0.13
26586427.0,2984.0,0.0,3.48,-3.84,0.22,0
26597443.0,11016.0,1.0,0.86,-0.44,0.24,0.13
26600427.0,2984.0,0.0,3.53,-3.85,0.48,0
26607443.0,7016.0,1.0,0.86,-0.43,0.23,0.12
26611427.0,3984.0,0.0,3.12,-3.79,0.8,0
26615443.0,4016.0,1.0,0.87,-0.43,0.23,0.11
26618427.0,2984.0,0.0,3.51,-2.73,0.33,0
26623443.0,5016.0,1.0,0.87,-0.43,0.23,0.11
26626427.0,2984.0,0.0,3.41,-2.85,0.98,0
26633443.0,7016.0,1.0,0.87,-0.43,0.22,0.1
26636427.0,2984.0,0.0,3.3,-2.7,0.3,0
26643443.0,7016.0,1.0,0.87,-0.42,0.22,0.1
26646427.0,2984.0,0.0,3.16,-2.68,-0.22,0
26653443.0,7016.0,1.0,0.88,-0.42,0.21,0.09
26656427.0,2984.0,0.0,3.14,-3.04,-0.26,0
26663443.0,7016.0,1.0,0.88,-0.42,0.21,0.09
26666427.0,2984.0,0.0,3.22,-3.03,-0.49,0
26673443.0,7016.0,1.0,0.88,-0.42,0.21,0.08
26676427.0,2984.0,0.0,2.93,-2.5,-0.39,0
26683443.0,7016.0,1.0,0.88,-0.42,0.21,0.08
26686427.0,2984.0,0.0,3.38,-1.35,-0.57,0
26693443.0,7016.0,1.0,0.88,-0.42,0.21,0.07
26696427.0,2984.0,0.0,3.16,-0.74,-0.59,0
26703443.0,7016.0,1.0,0.88,-0.42,0.2,0.07
26707427.0,3984.0,0.0,2.87,-0.33,-0.56,0
26713443.0,6016.0,1.0,0.88,-0.42,0.2,0.07
26716427.0,2984.0,0.0,2.67,-0.36,-0.73,0
26723443.0,7016.0,1.0,0.88,-0.42,0.2,0.06
26726427.0,2984.0,0.0,2.18,-1.01,-0.8,0
26733443.0,7016.0,1.0,0.88,-0.42,0.19,0.06
26736427.0,2984.0,0.0,1.98,-1.0,-0.54,0
26743443.0,7016.0,1.0,0.88,-0.42,0.19,0.06
26747427.0,3984.0,0.0,1.8,-0.93,-0.55,0
26754443.0,7016.0,1.0,0.88,-0.42,0.19,0.05
26757427.0,2984.0,0.0,1.59,-0.64,-0.5,0
26768443.0,11016.0,1.0,0.88,-0.42,0.19,0.05
26771427.0,2984.0,0.0,1.31,0.21,-0.54,0
26774443.0,3016.0,1.0,0.88,-0.42,0.18,0.05
26777427.0,2984.0,0.0,1.29,0.58,-0.43,0
26783443.0,6016.0,1.0,0.88,-0.43,0.18,0.05
26787427.0,3984.0,0.0,1.27,0.67,-0.18,0
26793443.0,6016.0,1.0,0.89,-0.43,0.18,0.04
26796427.0,2984.0,0.0,1.25,0.61,-0.18,0
26803443.0,7016.0,1.0,0.89,-0.43,0.18,0.04
26806427.0,2984.0,0.0,1.38,0.06,-0.06,0
26813443.0,7016.0,1.0,0.89,-0.43,0.18,0.04
26816427.0,2984.0,0.0,1.29,-0.08,-0.18,0
26823443.0,7016.0,1.0,0.89,-0.43,0.17,0.04
26826427.0,2984.0,0.0,1.16,0.24,-0.17,0
26833443.0,7016.0,1.0,0.88,-0.43,0.17,0.04
26836427.0,2984.0,0.0,1.21,0.58,0.08,0
26843443.0,7016.0,1.0,0.88,-0.43,0.17,0.04
26846427.0,2984.0,0.0,1.23,0.74,0.25,0
26853443.0,7016.0,1.0,0.88,-0.43,0.17,0.03
26856427.0,2984.0,0.0,1.25,0.59,0.34,0
26864443.0,8016.0,1.0,0.88,-0.44,0.17,0.03
26867427.0,2984.0,0.0,1.23,0.65,0.44,0
26873443.0,6016.0,1.0,0.88,-0.44,0.17,0.03
26876427.0,2984.0,0.0,1.09,0.88,0.34,0
26883443.0,7016.0,1.0,0.88,-0.44,0.16,0.03
26886427.0,2984.0,0.0,0.51,0.69,0.02,0
26893443.0,7016.0,1.0,0.88,-0.44,0.16,0.03
26896427.0,2984.0,0.0,0.53,0.87,0.05,0
26904443.0,8016.0,1.0,0.88,-0.44,0.16,0.03
26907427.0,2984.0,0.0,0.44,0.86,-0.16,0
26913443.0,6016.0,1.0,0.88,-0.45,0.16,0.03
26916427.0,2984.0,0.0,0.93,1.26,-0.93,0
26923443.0,7016.0,1.0,0.88,-0.45,0.16,0.03
26926427.0,2984.0,0.0,1.6,1.0,-1.02,0
26933443.0,7016.0,1.0,0.88,-0.45,0.15,0.03
26936427.0,2984.0,0.0,2.13,0.33,-1.07,0
26944443.0,8016.0,1.0,0.88,-0.45,0.15,0.03
26947427.0,2984.0,0.0,2.36,-0.11,-1.18,0
26953443.0,6016.0,1.0,0.88,-0.45,0.15,0.03
26956427.0,2984.0,0.0,2.69,0.15,-0.88,0
26963443.0,7016.0,1.0,0.88,-0.46,0.14,0.03
26966427.0,2984.0,0.0,3.04,0.04,-0.7,0
26973443.0,7016.0,1.0,0.88,-0.46,0.14,0.03
26976427.0,2984.0,0.0,3.3,-0.53,-0.68,0
26984443.0,8016.0,1.0,0.88,-0.46,0.13,0.03
26987427.0,2984.0,0.0,3.53,-0.88,-0.64,0
26993443.0,6016.0,1.0,0.87,-0.47,0.13,0.03
26996427.0,2984.0,0.0,3.3,-0.42,-1.21,0
27003443.0,7016.0,1.0,0.87,-0.47,0.12,0.03
27006427.0,2984.0,0.0,2.97,0.09,-1.75,0
27017443.0,11016.0,1.0,0.87,-0.47,0.12,0.03
27020427.0,2984.0,0.0,2.48,-0.9,-2.46,0
27027443.0,7016.0,1.0,0.87,-0.48,0.11,0.03
27031427.0,3984.0,0.0,1.37,0.53,-3.07,0
27035443.0,4016.0,1.0,0.87,-0.48,0.11,0.03
27038427.0,2984.0,0.0,1.0,1.15,-3.78,0
27043443.0,5016.0,1.0,0.87,-0.49,0.1,0.03
27046427.0,2984.0,0.0,0.16,0.93,-4.61,0
27053443.0,7016.0,1.0,0.87,-0.49,0.09,0.03
27056427.0,2984.0,0.0,-0.03,1.56,-4.18,0
27064443.0,8016.0,1.0,0.86,-0.49,0.09,0.03
27067427.0,2984.0,0.0,-0.45,2.08,-3.61,0
27073443.0,6016.0,1.0,0.86,-0.5,0.08,0.03
27076427.0,2984.0,0.0,-0.56,0.54,-2.16,0
27083443.0,7016.0,1.0,0.86,-0.5,0.07,0.03
27087427.0,3984.0,0.0,-0.41,-0.02,-1.29,0
27094443.0,7016.0,1.0,0.86,-0.5,0.06,0.04
27097427.0,2984.0,0.0,-0.38,-0.52,-0.57,0
27104443.0,7016.0,1.0,0.86,-0.5,0.06,0.04
27107427.0,2984.0,0.0,0.11,-1.17,0.23,0
27113443.0,6016.0,1.0,0.86,-0.51,0.05,0.04
27116427.0,2984.0,0.0,-0.82,-1.48,0.65,0
27123443.0,7016.0,1.0,0.86,-0.51,0.04,0.04
27126427.0,2984.0,0.0,-1.52,-1.76,0.32,0
27133443.0,7016.0,1.0,0.86,-0.51,0.03,0.04
27136427.0,2984.0,0.0,-2.44,-1.82,0.75,0
27143443.0,7016.0,1.0,0.85,-0.52,0.03,0.05
27146427.0,2984.0,0.0,-4.1,-2.05,-0.54,0
27159443.0,13016.0,1.0,0.85,-0.52,0.02,0.05
27164427.0,4984.0,0.0,-5.83,-2.02,0.82,0
27167443.0,3016.0,1.0,0.85,-0.52,0.02,0.05
27170427.0,2984.0,0.0,-6.13,-2.43,0.81,0
27174443.0,4016.0,1.0,0.85,-0.53,0.01,0.05
27177427.0,2984.0,0.0,-6.09,-2.39,0.88,0
27183443.0,6016.0,1.0,0.85,-0.53,0.01,0.05
27186427.0,2984.0,0.0,-5.68,-1.66,1.21,0
27193443.0,7016.0,1.0,0.84,-0.53,0.01,0.05
27196427.0,2984.0,0.0,-4.66,-2.97,2.06,0
27203443.0,7016.0,1.0,0.84,-0.54,0.01,0.05
27207427.0,3984.0,0.0,-3.39,-4.48,2.1,0
27213443.0,6016.0,1.0,0.84,-0.54,0.01,0.05
27216427.0,2984.0,0.0,-2.51,-3.95,1.91,0
27223443.0,7016.0,1.0,0.84,-0.55,0.01,0.05
27226427.0,2984.0,0.0,-2.05,-2.68,0.32,0
27233443.0,7016.0,1.0,0.83,-0.55,0.01,0.05
27236427.0,2984.0,0.0,-2.16,-1.42,-0.42,0
27244443.0,8016.0,1.0,0.83,-0.56,0.02,0.05
27247427.0,2984.0,0.0,-2.12,-1.05,-1.58,0
27254443.0,7016.0,1.0,0.83,-0.56,0.02,0.05
27257427.0,2984.0,0.0,-1.9,-0.37,-2.13,0
27264443.0,7016.0,1.0,0.82,-0.56,0.03,0.05
27267427.0,2984.0,0.0,-1.75,0.29,-2.83,0
27273443.0,6016.0,1.0,0.82,-0.57,0.03,0.05
27276427.0,2984.0,0.0,-0.64,0.5,-3.27,0
27284443.0,8016.0,1.0,0.82,-0.57,0.03,0.04
27287427.0,2984.0,0.0,0.53,-0.01,-3.47,0
27294443.0,7016.0,1.0,0.81,-0.58,0.04,0.04
27297427.0,2984.0,0.0,1.29,-0.04,-3.54,0
27304443.0,7016.0,1.0,0.81,-0.58,0.04,0.04
27307427.0,2984.0,0.0,1.04,-0.35,-3.37,0
27313443.0,6016.0,1.0,0.81,-0.59,0.04,0.04
27316427.0,2984.0,0.0,0.42,-0.8,-3.2,0
27324443.0,8016.0,1.0,0.81,-0.59,0.04,0.04
27327427.0,2984.0,0.0,-0.36,-0.63,-3.15,0
27340443.0,13016.0,1.0,0.8,-0.59,0.04,0.04
27345427.0,4984.0,0.0,-2.99,0.2,-3.37,0
27348443.0,3016.0,1.0,0.8,-0.6,0.04,0.04
27352427.0,3984.0,0.0,-3.54,0.21,-3.16,0
27355443.0,3016.0,1.0,0.8,-0.6,0.05,0.04
27358427.0,2984.0,0.0,-3.51,0.21,-3.09,0
27364443.0,6016.0,1.0,0.8,-0.6,0.05,0.04
27367427.0,2984.0,0.0,-3.69,0.84,-2.78,0
27373443.0,6016.0,1.0,0.79,-0.61,0.05,0.04
27376427.0,2984.0,0.0,-2.59,-0.23,-1.33,0
27383443.0,7016.0,1.0,0.79,-0.61,0.05,0.04
27386427.0,2984.0,0.0,-2.19,-1.77,-1.13,0
27394443.0,8016.0,1.0,0.79,-0.61,0.05,0.04
27397427.0,2984.0,0.0,-1.55,-0.32,-1.4,0
27404443.0,7016.0,1.0,0.79,-0.62,0.05,0.05
27407427.0,2984.0,0.0,-1.12,-0.26,-1.24,0
27414443.0,7016.0,1.0,0.78,-0.62,0.05,0.05
27417427.0,2984.0,0.0,-2.43,-0.01,-1.5,0
27424443.0,7016.0,1.0,0.78,-0.62,0.05,0.05
27428427.0,3984.0,0.0,-2.7,-0.9,-2.57,0
27434443.0,6016.0,1.0,0.78,-0.63,0.05,0.04
27437427.0,2984.0,0.0,-2.34,-0.38,-2.41,0
27444443.0,7016.0,1.0,0.77,-0.63,0.05,0.04
27447427.0,2984.0,0.0,-2.46,0.6,-1.57,0
27454443.0,7016.0,1.0,0.77,-0.63,0.05,0.04
27457427.0,2984.0,0.0,-2.34,0.86,-1.8,0
27464443.0,7016.0,1.0,0.77,-0.63,0.05,0.04
27467427.0,2984.0,0.0,-2.33,-0.22,-2.07,0
27474443.0,7016.0,1.0,0.77,-0.64,0.05,0.04
27477427.0,2984.0,0.0,-1.35,-0.83,-2.11,0
27484443.0,7016.0,1.0,0.77,-0.64,0.06,0.04
27487427.0,2984.0,0.0,-2.07,-0.14,-1.66,0
27494443.0,7016.0,1.0,0.76,-0.64,0.05,0.04
27497427.0,2984.0,0.0,-2.74,0.21,-1.54,0
27504443.0,7016.0,1.0,0.76,-0.65,0.05,0.04
27507427.0,2984.0,0.0,-3.15,0.07,-1.48,0
27514443.0,7016.0,1.0,0.76,-0.65,0.05,0.04
27517427.0,2984.0,0.0,-3.29,-0.09,-1.4,0
27524443.0,7016.0,1.0,0.76,-0.65,0.05,0.04
27527427.0,2984.0,0.0,-2.2,-0.42,-1.41,0
27534443.0,7016.0,1.0,0.75,-0.65,0.05,0.04
27537427.0,2984.0,0.0,-1.5,-0.61,-0.74,0
27544443.0,7016.0,1.0,0.75,-0.66,0.05,0.04
27547427.0,2984.0,0.0,-1.14,-0.49,-0.59,0
27554443.0,7016.0,1.0,0.75,-0.66,0.05,0.04
27557427.0,2984.0,0.0,-0.95,-0.84,-0.64,0
27563443.0,6016.0,1.0,0.75,-0.66,0.05,0.04
27566427.0,2984.0,0.0,-0.98,-1.07,-0.72,0
27574443.0,8016.0,1.0,0.74,-0.66,0.05,0.04
27577427.0,2984.0,0.0,-1.07,0.16,-0.38,0
27584443.0,7016.0,1.0,0.74,-0.67,0.05,0.04
27587427.0,2984.0,0.0,-1.07,-0.34,-0.36,0
27597443.0,10016.0,1.0,0.74,-0.67,0.05,0.04
27600427.0,2984.0,0.0,-0.75,-1.26,-0.24,0
27607443.0,7016.0,1.0,0.74,-0.67,0.05,0.04
27611427.0,3984.0,0.0,-1.05,-0.08,-0.25,0
27615443.0,4016.0,1.0,0.74,-0.67,0.06,0.04
27618427.0,2984.0,0.0,-0.85,0.23,-0.06,0
27624443.0,6016.0,1.0,0.73,-0.68,0.06,0.04
27627427.0,2984.0,0.0,-0.61,0.77,0.21,0
27634443.0,7016.0,1.0,0.73,-0.68,0.06,0.04
27637427.0,2984.0,0.0,-0.49,0.84,0.82,0
27644443.0,7016.0,1.0,0.73,-0.68,0.06,0.04
27647427.0,2984.0,0.0,0.28,0.95,0.55,0
27654443.0,7016.0,1.0,0.72,-0.69,0.06,0.04
27657427.0,2984.0,0.0,0.21,0.45,0.63,0
27664443.0,7016.0,1.0,0.72,-0.69,0.06,0.04
27667427.0,2984.0,0.0,0.33,0.75,0.52,0
27674443.0,7016.0,1.0,0.72,-0.69,0.06,0.04
27677427.0,2984.0,0.0,0.07,0.71,0.51,0
27684443.0,7016.0,1.0,0.72,-0.69,0.06,0.04
27687427.0,2984.0,0.0,0.11,0.26,0.32,0
27694443.0,7016.0,1.0,0.71,-0.7,0.06,0.05
27697427.0,2984.0,0.0,-0.04,0.22,0.09,0
27704443.0,7016.0,1.0,0.71,-0.7,0.06,0.05
27707427.0,2984.0,0.0,-0.8,0.3,-0.13,0
27714443.0,7016.0,1.0,0.71,-0.7,0.05,0.05
27717427.0,2984.0,0.0,-1.72,-0.77,-0.94,0
27724443.0,7016.0,1.0,0.71,-0.7,0.05,0.05
27727427.0,2984.0,0.0,-1.49,-0.67,-0.63,0
27734443.0,7016.0,1.0,0.7,-0.71,0.05,0.05
27737427.0,2984.0,0.0,-0.41,-0.56,-0.71,0
27744443.0,7016.0,1.0,0.7,-0.71,0.05,0.05
27747427.0,2984.0,0.0,1.11,-0.92,-0.71,0
27753443.0,6016.0,1.0,0.7,-0.71,0.05,0.05
27756427.0,2984.0,0.0,2.72,-0.4,-0.68,0
27764443.0,8016.0,1.0,0.69,-0.72,0.06,0.05
27767427.0,2984.0,0.0,2.33,-0.35,-0.45,0
27774443.0,7016.0,1.0,0.69,-0.72,0.06,0.05
27777427.0,2984.0,0.0,1.41,-0.14,-0.18,0
27784443.0,7016.0,1.0,0.69,-0.72,0.06,0.05
27787427.0,2984.0,0.0,0.37,-0.78,-0.28,0
27794443.0,7016.0,1.0,0.69,-0.72,0.06,0.06
27797427.0,2984.0,0.0,-0.95,-1.11,-0.02,0
27804443.0,7016.0,1.0,0.68,-0.73,0.06,0.06
27808427.0,3984.0,0.0,-1.26,-1.44,-0.02,0
27814443.0,6016.0,1.0,0.68,-0.73,0.06,0.06
27817427.0,2984.0,0.0,-0.96,-1.54,0.13,0
27824443.0,7016.0,1.0,0.68,-0.73,0.06,0.06
27827427.0,2984.0,0.0,-0.02,-1.65,0.32,0
27840443.0,13016.0,1.0,0.67,-0.73,0.06,0.06
27845443.0,5000.0,1.0,0.67,-0.74,0.06,0.06
27848427.0,2984.0,0.0,1.64,-0.51,-0.52,0
27854443.0,6016.0,1.0,0.67,-0.74,0.06,0.06
27857427.0,2984.0,0.0,1.48,-0.43,-0.89,0
27864443.0,7016.0,1.0,0.66,-0.74,0.06,0.06
27867427.0,2984.0,0.0,1.19,0.11,-0.73,0
27874443.0,7016.0,1.0,0.66,-0.75,0.07,0.07
27877427.0,2984.0,0.0,0.91,-0.08,-0.84,0
27884443.0,7016.0,1.0,0.66,-0.75,0.07,0.07
27887427.0,2984.0,0.0,0.32,-0.19,-0.79,0
27894443.0,7016.0,1.0,0.65,-0.75,0.07,0.07
27897427.0,2984.0,0.0,-0.27,-0.32,-0.53,0
27904443.0,7016.0,1.0,0.65,-0.75,0.07,0.07
27907427.0,2984.0,0.0,0.31,-1.23,-0.3,0
27914443.0,7016.0,1.0,0.65,-0.76,0.07,0.07
27917427.0,2984.0,0.0,0.6,-1.59,0.05,0
27924443.0,7016.0,1.0,0.64,-0.76,0.07,0.08
27928427.0,3984.0,0.0,0.96,-2.18,0.65,0
27934443.0,6016.0,1.0,0.64,-0.76,0.08,0.08
27937427.0,2984.0,0.0,1.08,-2.62,1.04,0
27943443.0,6016.0,1.0,0.64,-0.76,0.08,0.08
27946427.0,2984.0,0.0,0.21,-2.49,1.16,0
27954443.0,8016.0,1.0,0.63,-0.77,0.08,0.08
27957427.0,2984.0,0.0,-0.21,-2.24,1.25,0
27964443.0,7016.0,1.0,0.63,-0.77,0.09,0.08
27967427.0,2984.0,0.0,-0.47,-2.11,1.0,0
27974443.0,7016.0,1.0,0.62,-0.77,0.09,0.09
27977427.0,2984.0,0.0,-0.46,-1.79,0.05,0
27984443.0,7016.0,1.0,0.62,-0.77,0.09,0.09
27987427.0,2984.0,0.0,-0.24,-0.31,-1.39,0
27994443.0,7016.0,1.0,0.62,-0.78,0.1,0.09
27997427.0,2984.0,0.0,0.19,-0.83,-0.97,0
28004443.0,7016.0,1.0,0.61,-0.78,0.1,0.09
28007427.0,2984.0,0.0,0.76,-1.46,-0.08,0
28017443.0,10016.0,1.0,0.61,-0.78,0.11,0.09
28020427.0,2984.0,0.0,0.96,-1.43,0.43,0
28027443.0,7016.0,1.0,0.61,-0.78,0.11,0.09
28031427.0,3984.0,0.0,0.76,0.16,0.14,0
28035443.0,4016.0,1.0,0.6,-0.79,0.11,0.09
28038427.0,2984.0,0.0,0.23,0.48,0.19,0
28044443.0,6016.0,1.0,0.6,-0.79,0.11,0.1
28047427.0,2984.0,0.0,-0.17,0.09,0.61,0
28054443.0,7016.0,1.0,0.59,-0.79,0.12,0.1
28057427.0,2984.0,0.0,0.22,0.62,-0.07,0
28064443.0,7016.0,1.0,0.59,-0.79,0.12,0.1
28067427.0,2984.0,0.0,0.02,0.91,-0.42,0
28074443.0,7016.0,1.0,0.59,-0.8,0.12,0.1
28077427.0,2984.0,0.0,-0.02,0.26,-0.34,0
28084443.0,7016.0,1.0,0.58,-0.8,0.12,0.1
28087427.0,2984.0,0.0,-0.37,0.33,0.23,0
28094443.0,7016.0,1.0,0.58,-0.8,0.12,0.1
28097427.0,2984.0,0.0,-0.36,1.03,1.39,0
28104443.0,7016.0,1.0,0.57,-0.8,0.13,0.11
28107427.0,2984.0,0.0,-0.25,1.41,1.44,0
28114443.0,7016.0,1.0,0.57,-0.8,0.13,0.11
28117427.0,2984.0,0.0,-0.04,0.91,1.68,0
28124443.0,7016.0,1.0,0.57,-0.81,0.13,0.11
28127427.0,2984.0,0.0,0.34,0.65,0.96,0
28133443.0,6016.0,1.0,0.56,-0.81,0.14,0.11
28136427.0,2984.0,0.0,0.13,1.75,-0.79,0
28144443.0,8016.0,1.0,0.56,-0.81,0.14,0.11
28147427.0,2984.0,0.0,0.0,1.37,-1.28,0
28154443.0,7016.0,1.0,0.55,-0.81,0.14,0.11
28157427.0,2984.0,0.0,-0.12,0.49,-1.61,0
28164443.0,7016.0,1.0,0.55,-0.82,0.14,0.11
28167427.0,2984.0,0.0,0.02,0.76,-1.41,0
28180443.0,13016.0,1.0,0.54,-0.82,0.15,0.11
28185443.0,5000.0,1.0,0.54,-0.82,0.15,0.11
28188427.0,2984.0,0.0,-0.0,0.25,1.02,0
28194443.0,6016.0,1.0,0.53,-0.82,0.15,0.11
28197427.0,2984.0,0.0,-0.6,0.88,1.71,0
28204443.0,7016.0,1.0,0.53,-0.83,0.15,0.11
28207427.0,2984.0,0.0,-0.92,0.9,1.77,0
28214443.0,7016.0,1.0,0.53,-0.83,0.16,0.11
28217427.0,2984.0,0.0,-1.12,2.22,0.21,0
28224443.0,7016.0,1.0,0.52,-0.83,0.16,0.11
28228427.0,3984.0,0.0,-0.9,2.58,-0.7,0
28234443.0,6016.0,1.0,0.52,-0.83,0.16,0.11
28237427.0,2984.0,0.0,-0.65,2.8,-1.58,0
28244443.0,7016.0,1.0,0.51,-0.84,0.16,0.12
28247427.0,2984.0,0.0,-0.36,0.67,-0.39,0
28254443.0,7016.0,1.0,0.51,-0.84,0.16,0.12
28257427.0,2984.0,0.0,-0.18,0.26,0.64,0
28264443.0,7016.0,1.0,0.5,-0.84,0.16,0.12
28268427.0,3984.0,0.0,-0.39,1.2,0.75,0
28274443.0,6016.0,1.0,0.5,-0.84,0.16,0.12
28277427.0,2984.0,0.0,-0.82,1.25,0.33,0
28284443.0,7016.0,1.0,0.5,-0.84,0.16,0.12
28287427.0,2984.0,0.0,-0.61,0.57,-0.57,0
28294443.0,7016.0,1.0,0.49,-0.85,0.16,0.12
28297427.0,2984.0,0.0,-0.62,1.84,-1.07,0
28304443.0,7016.0,1.0,0.49,-0.85,0.16,0.13
28308427.0,3984.0,0.0,-0.78,0.71,-1.47,0
28314443.0,6016.0,1.0,0.48,-0.85,0.16,0.13
28317427.0,2984.0,0.0,-0.95,0.57,-1.49,0
28324443.0,7016.0,1.0,0.48,-0.85,0.16,0.13
28327427.0,2984.0,0.0,-1.45,0.42,-0.86,0
28334443.0,7016.0,1.0,0.48,-0.85,0.16,0.13
28337427.0,2984.0,0.0,-1.31,0.31,0.3,0
28344443.0,7016.0,1.0,0.47,-0.86,0.16,0.14
28347427.0,2984.0,0.0,-1.29,0.51,1.04,0
28354443.0,7016.0,1.0,0.47,-0.86,0.16,0.14
28357427.0,2984.0,0.0,-1.07,0.7,1.18,0
28364443.0,7016.0,1.0,0.47,-0.86,0.16,0.14
28367427.0,2984.0,0.0,-1.36,1.58,0.61,0
28378443.0,11016.0,1.0,0.46,-0.86,0.16,0.15
28381427.0,2984.0,0.0,-1.53,1.3,0.2,0
28388443.0,7016.0,1.0,0.46,-0.86,0.16,0.15
28391427.0,2984.0,0.0,-2.05,1.75,-0.03,0
28395443.0,4016.0,1.0,0.45,-0.86,0.16,0.15
28398427.0,2984.0,0.0,-2.79,1.83,-0.35,0
28404443.0,6016.0,1.0,0.45,-0.86,0.16,0.16
28407427.0,2984.0,0.0,-3.58,0.6,-1.09,0
28414443.0,7016.0,1.0,0.45,-0.86,0.16,0.17
28417427.0,2984.0,0.0,-3.68,0.16,-1.8,0
28424443.0,7016.0,1.0,0.45,-0.86,0.16,0.17
28427427.0,2984.0,0.0,-3.98,-0.72,-2.1,0
28434443.0,7016.0,1.0,0.44,-0.86,0.16,0.18
28437427.0,2984.0,0.0,-5.01,-2.52,-0.38,0
28444443.0,7016.0,1.0,0.44,-0.86,0.16,0.19
28447427.0,2984.0,0.0,-5.78,-3.57,0.77,0
28454443.0,7016.0,1.0,0.44,-0.86,0.17,0.19
28457427.0,2984.0,0.0,-6.71,-4.15,1.7,0
28465443.0,8016.0,1.0,0.43,-0.86,0.17,0.2
28468427.0,2984.0,0.0,-7.61,-4.84,3.18,0
28474443.0,6016.0,1.0,0.43,-0.86,0.18,0.2
28477427.0,2984.0,0.0,-8.41,-6.43,4.99,0
28484443.0,7016.0,1.0,0.42,-0.86,0.19,0.2
28487427.0,2984.0,0.0,-9.15,-5.79,3.73,0
28494443.0,7016.0,1.0,0.41,-0.86,0.2,0.2
28497427.0,2984.0,0.0,-11.35,-5.53,5.07,0
28504443.0,7016.0,1.0,0.41,-0.86,0.22,0.2
28507427.0,2984.0,0.0,-12.5,-3.42,4.09,0
28519443.0,12016.0,1.0,0.4,-0.86,0.23,0.2
28523427.0,3984.0,0.0,-21.73,3.7,0.49,0
28526443.0,3016.0,1.0,0.39,-0.86,0.25,0.19
28529427.0,2984.0,0.0,-21.89,3.68,0.64,0
28534443.0,5016.0,1.0,0.38,-0.86,0.27,0.18
28537427.0,2984.0,0.0,-23.21,5.32,1.37,0
28544443.0,7016.0,1.0,0.38,-0.86,0.29,0.18
28547427.0,2984.0,0.0,-23.95,8.22,-0.17,0
28554443.0,7016.0,1.0,0.37,-0.86,0.31,0.18
28557427.0,2984.0,0.0,-24.68,13.02,-4.34,0
28564443.0,7016.0,1.0,0.36,-0.86,0.33,0.17
28567427.0,2984.0,0.0,-24.7,14.53,-5.07,0
28574443.0,7016.0,1.0,0.36,-0.85,0.34,0.17
28577427.0,2984.0,0.0,-23.61,14.3,-5.74,0
28584443.0,7016.0,1.0,0.35,-0.85,0.36,0.16
28587427.0,2984.0,0.0,-22.81,11.75,-6.86,0
28599443.0,12016.0,1.0,0.34,-0.84,0.38,0.15
28603427.0,3984.0,0.0,-18.75,20.34,-13.14,0
28606443.0,3016.0,1.0,0.34,-0.84,0.4,0.14
28609427.0,2984.0,0.0,-18.82,20.51,-12.96,0
28614443.0,5016.0,1.0,0.33,-0.83,0.42,0.13
28617427.0,2984.0,0.0,-17.13,26.77,-15.29,0
28624443.0,7016.0,1.0,0.34,-0.83,0.43,0.13
28627427.0,2984.0,0.0,-11.14,25.77,-21.39,0
28634443.0,7016.0,1.0,0.35,-0.82,0.44,0.14
28637427.0,2984.0,0.0,-5.87,20.67,-26.54,0
28644443.0,7016.0,1.0,0.38,-0.8,0.44,0.16
28647427.0,2984.0,0.0,1.4,11.71,-31.25,0
28656443.0,9016.0,1.0,0.41,-0.78,0.43,0.19
28659427.0,2984.0,0.0,8.77,3.08,-33.41,0
28667443.0,8016.0,1.0,0.44,-0.76,0.42,0.21
28670427.0,2984.0,0.0,18.93,-9.78,-25.61,0
28674443.0,4016.0,1.0,0.48,-0.74,0.41,0.23
28677427.0,2984.0,0.0,23.35,-13.5,-23.43,0
28684443.0,7016.0,1.0,0.51,-0.72,0.4,0.25
28687427.0,2984.0,0.0,28.07,-15.71,-19.14,0
28694443.0,7016.0,1.0,0.55,-0.69,0.39,0.26
28697427.0,2984.0,0.0,32.56,-15.7,-13.23,0
28704443.0,7016.0,1.0,0.58,-0.67,0.38,0.26
28707427.0,2984.0,0.0,37.52,-12.51,-5.94,0
28719443.0,12016.0,1.0,0.61,-0.65,0.37,0.26
28723427.0,3984.0,0.0,34.93,-6.65,-4.98,0
28726443.0,3016.0,1.0,0.64,-0.63,0.36,0.26
28729427.0,2984.0,0.0,31.89,-6.43,-5.8,0
28734443.0,5016.0,1.0,0.68,-0.6,0.34,0.25
28737427.0,2984.0,0.0,32.05,-6.29,-6.57,0
28745443.0,8016.0,1.0,0.71,-0.58,0.32,0.25
28748427.0,2984.0,0.0,23.98,-11.18,-6.18,0
28754443.0,6016.0,1.0,0.73,-0.56,0.31,0.24
28757427.0,2984.0,0.0,20.11,-12.48,-6.65,0
28764443.0,7016.0,1.0,0.75,-0.54,0.29,0.23
28767427.0,2984.0,0.0,15.75,-12.46,-6.67,0
28776443.0,9016.0,1.0,0.77,-0.52,0.27,0.23
28779427.0,2984.0,0.0,10.53,-11.64,-4.8,0
28787443.0,8016.0,1.0,0.79,-0.51,0.26,0.22
28790427.0,2984.0,0.0,2.7,-13.71,-0.13,0
28794443.0,4016.0,1.0,0.81,-0.5,0.25,0.21
28797427.0,2984.0,0.0,0.4,-12.78,1.75,0
28804443.0,7016.0,1.0,0.82,-0.49,0.23,0.2
28807427.0,2984.0,0.0,-0.56,-10.48,2.35,0
28814443.0,7016.0,1.0,0.83,-0.48,0.22,0.19
28817427.0,2984.0,0.0,0.77,-9.8,1.1,0
28824443.0,7016.0,1.0,0.84,-0.47,0.21,0.18
28827427.0,2984.0,0.0,2.84,-10.55,0.51,0
28834443.0,7016.0,1.0,0.85,-0.46,0.2,0.17
28837427.0,2984.0,0.0,5.66,-10.47,-0.12,0
28845443.0,8016.0,1.0,0.86,-0.45,0.2,0.16
28848427.0,2984.0,0.0,7.97,-10.13,-0.81,0
28861443.0,13016.0,1.0,0.86,-0.45,0.19,0.15
28866427.0,4984.0,0.0,11.47,-6.41,-1.23,0
28869443.0,3016.0,1.0,0.86,-0.44,0.19,0.14
28873427.0,3984.0,0.0,11.36,-5.72,-1.45,0
28876443.0,3016.0,1.0,0.87,-0.44,0.18,0.13
28879427.0,2984.0,0.0,11.39,-5.57,-1.54,0
28884443.0,5016.0,1.0,0.87,-0.44,0.18,0.12
28887427.0,2984.0,0.0,10.52,-4.58,-1.77,0
28894443.0,7016.0,1.0,0.88,-0.44,0.17,0.11
28897427.0,2984.0,0.0,7.66,-2.68,-1.46,0
28904443.0,7016.0,1.0,0.88,-0.43,0.17,0.11
28907427.0,2984.0,0.0,6.36,-2.34,-1.23,0
28914443.0,7016.0,1.0,0.88,-0.43,0.16,0.1
28917427.0,2984.0,0.0,5.19,-2.73,-0.91,0
28925443.0,8016.0,1.0,0.88,-0.43,0.16,0.1
28928427.0,2984.0,0.0,4.15,-2.86,-0.44,0
28935443.0,7016.0,1.0,0.89,-0.43,0.15,0.09
28938427.0,2984.0,0.0,2.67,-2.28,0.2,0
28944443.0,6016.0,1.0,0.89,-0.43,0.15,0.09
28947427.0,2984.0,0.0,2.37,-2.18,0.32,0
28958443.0,11016.0,1.0,0.89,-0.43,0.14,0.08
28961427.0,2984.0,0.0,2.34,-2.23,0.41,0
28968443.0,7016.0,1.0,0.89,-0.43,0.14,0.08
28971427.0,2984.0,0.0,2.47,-1.61,0.24,0
28975443.0,4016.0,1.0,0.89,-0.43,0.14,0.07
28978427.0,2984.0,0.0,2.56,-0.96,0.08,0
28984443.0,6016.0,1.0,0.89,-0.43,0.14,0.07
28987427.0,2984.0,0.0,2.27,-0.86,0.12,0
28994443.0,7016.0,1.0,0.89,-0.43,0.13,0.07
28997427.0,2984.0,0.0,2.06,-0.7,0.27,0
29005443.0,8016.0,1.0,0.89,-0.43,0.13,0.06
29008427.0,2984.0,0.0,1.85,-0.53,0.24,0
29014443.0,6016.0,1.0,0.89,-0.43,0.13,0.06
29017427.0,2984.0,0.0,1.84,-0.27,0.07,0
29024443.0,7016.0,1.0,0.89,-0.43,0.13,0.06
29028427.0,3984.0,0.0,1.79,0.0,-0.07,0
29035443.0,7016.0,1.0,0.89,-0.43,0.13,0.06
29038427.0,2984.0,0.0,1.62,0.21,-0.38,0
29045443.0,7016.0,1.0,0.89,-0.43,0.12,0.05
29048427.0,2984.0,0.0,1.37,0.2,-0.71,0
29054443.0,6016.0,1.0,0.89,-0.44,0.12,0.05
29057427.0,2984.0,0.0,1.25,0.17,-1.03,0
29064443.0,7016.0,1.0,0.89,-0.44,0.12,0.05
29068427.0,3984.0,0.0,1.2,0.59,-1.23,0
29075443.0,7016.0,1.0,0.89,-0.44,0.12,0.05
29078427.0,2984.0,0.0,1.37,1.32,-1.05,0
29084443.0,6016.0,1.0,0.89,-0.44,0.12,0.04
29087427.0,2984.0,0.0,1.6,1.6,-1.37,0
29094443.0,7016.0,1.0,0.89,-0.44,0.12,0.04
29097427.0,2984.0,0.0,1.5,1.65,-1.46,0
29105443.0,8016.0,1.0,0.89,-0.44,0.11,0.04
29108427.0,2984.0,0.0,1.21,1.18,-1.54,0
29115443.0,7016.0,1.0,0.89,-0.45,0.11,0.04
29118427.0,2984.0,0.0,0.92,0.6,-1.32,0
29124443.0,6016.0,1.0,0.89,-0.45,0.11,0.04
29127427.0,2984.0,0.0,0.63,-0.26,-0.77,0
29134443.0,7016.0,1.0,0.89,-0.45,0.1,0.04
29137427.0,2984.0,0.0,0.57,0.11,-0.22,0
29145443.0,8016.0,1.0,0.89,-0.45,0.1,0.04
29148427.0,2984.0,0.0,0.48,0.2,0.29,0
29155443.0,7016.0,1.0,0.89,-0.45,0.1,0.04
29158427.0,2984.0,0.0,0.54,0.1,0.58,0
29165443.0,7016.0,1.0,0.89,-0.45,0.09,0.04
29168427.0,2984.0,0.0,0.52,-0.69,0.94,0
29174443.0,6016.0,1.0,0.88,-0.46,0.09,0.04
29177427.0,2984.0,0.0,0.61,-0.76,0.96,0
29185443.0,8016.0,1.0,0.88,-0.46,0.09,0.04
29188427.0,2984.0,0.0,0.75,-0.77,0.81,0
29195443.0,7016.0,1.0,0.88,-0.46,0.09,0.04
29198427.0,2984.0,0.0,1.09,-0.73,0.51,0
29205443.0,7016.0,1.0,0.88,-0.46,0.09,0.04
29208427.0,2984.0,0.0,1.46,-1.23,0.28,0
29219443.0,11016.0,1.0,0.88,-0.47,0.08,0.03
29222427.0,2984.0,0.0,1.95,-1.82,0.41,0
29228443.0,6016.0,1.0,0.88,-0.47,0.08,0.03
29231427.0,2984.0,0.0,2.52,-1.25,-0.45,0
29235443.0,4016.0,1.0,0.88,-0.47,0.08,0.03
29238427.0,2984.0,0.0,2.34,-1.33,-0.97,0
29245443.0,7016.0,1.0,0.88,-0.48,0.08,0.03
29248427.0,2984.0,0.0,1.94,-1.31,-1.32,0
29255443.0,7016.0,1.0,0.87,-0.48,0.08,0.03
29258427.0,2984.0,0.0,1.41,0.25,-1.34,0
29265443.0,7016.0,1.0,0.87,-0.48,0.08,0.03
29268427.0,2984.0,0.0,1.02,0.52,-2.09,0
29274443.0,6016.0,1.0,0.87,-0.49,0.07,0.03
29277427.0,2984.0,0.0,0.21,0.37,-2.56,0
29285443.0,8016.0,1.0,0.87,-0.49,0.07,0.03
29288427.0,2984.0,0.0,0.06,0.84,-2.48,0
29295443.0,7016.0,1.0,0.87,-0.49,0.07,0.03
29298427.0,2984.0,0.0,-0.21,1.08,-2.38,0
29305443.0,7016.0,1.0,0.87,-0.5,0.07,0.03
29308427.0,2984.0,0.0,-0.29,0.98,-2.25,0
29315443.0,7016.0,1.0,0.86,-0.5,0.06,0.03
29318427.0,2984.0,0.0,-0.8,0.19,-0.79,0
29325443.0,7016.0,1.0,0.86,-0.5,0.06,0.03
29329427.0,3984.0,0.0,-1.65,-0.02,-0.67,0
29335443.0,6016.0,1.0,0.86,-0.5,0.05,0.03
29338427.0,2984.0,0.0,-2.01,-0.24,0.36,0
29345443.0,7016.0,1.0,0.86,-0.51,0.05,0.03
29348427.0,2984.0,0.0,-2.05,-0.46,0.75,0
29355443.0,7016.0,1.0,0.86,-0.51,0.05,0.03
29358427.0,2984.0,0.0,-1.06,-1.18,0.3,0
29365443.0,7016.0,1.0,0.86,-0.51,0.05,0.03
29369427.0,3984.0,0.0,-0.46,-1.39,0.25,0
29375443.0,6016.0,1.0,0.85,-0.52,0.05,0.04
29378427.0,2984.0,0.0,-0.2,-1.25,0.12,0
29385443.0,7016.0,1.0,0.85,-0.52,0.04,0.04
29388427.0,2984.0,0.0,-0.7,-0.44,-0.69,0
29395443.0,7016.0,1.0,0.85,-0.52,0.04,0.04
29398427.0,2984.0,0.0,-0.97,-0.15,-0.97,0
29405443.0,7016.0,1.0,0.85,-0.53,0.04,0.04
29409427.0,3984.0,0.0,-1.86,-1.32,-1.29,0
29415443.0,6016.0,1.0,0.85,-0.53,0.04,0.04
29418427.0,2984.0,0.0,-2.55,-1.75,-1.36,0
29425443.0,7016.0,1.0,0.84,-0.53,0.04,0.04
29428427.0,2984.0,0.0,-2.95,-2.46,-1.67,0
29441443.0,13016.0,1.0,0.84,-0.54,0.04,0.04
29446443.0,5000.0,1.0,0.84,-0.54,0.04,0.04
29449427.0,2984.0,0.0,-2.04,-3.65,0.29,0
29455443.0,6016.0,1.0,0.84,-0.55,0.04,0.04
29458427.0,2984.0,0.0,-0.81,-3.16,1.07,0
29464443.0,6016.0,1.0,0.83,-0.55,0.04,0.04
29467427.0,2984.0,0.0,0.1,-1.61,0.85,0
29475443.0,8016.0,1.0,0.83,-0.55,0.04,0.04
29478427.0,2984.0,0.0,0.25,-1.61,0.34,0
29485443.0,7016.0,1.0,0.83,-0.56,0.04,0.04
29488427.0,2984.0,0.0,-0.37,-0.75,-0.02,0
29495443.0,7016.0,1.0,0.82,-0.56,0.05,0.04
29498427.0,2984.0,0.0,-1.18,-0.04,-0.77,0
29504443.0,6016.0,1.0,0.82,-0.57,0.05,0.04
29507427.0,2984.0,0.0,-1.84,-0.39,-2.16,0
29515443.0,8016.0,1.0,0.82,-0.57,0.05,0.04
29518427.0,2984.0,0.0,-2.38,-0.62,-2.58,0
29525443.0,7016.0,1.0,0.81,-0.58,0.06,0.04
29528427.0,2984.0,0.0,-2.73,-0.21,-2.48,0
29535443.0,7016.0,1.0,0.81,-0.58,0.06,0.04
29538427.0,2984.0,0.0,-2.9,0.35,-2.3,0
29545443.0,7016.0,1.0,0.81,-0.59,0.06,0.04
29548427.0,2984.0,0.0,-2.6,-0.18,-2.3,0
29555443.0,7016.0,1.0,0.8,-0.59,0.07,0.04
29558427.0,2984.0,0.0,-2.08,0.62,-2.43,0
29565443.0,7016.0,1.0,0.8,-0.59,0.07,0.04
29568427.0,2984.0,0.0,-2.02,0.77,-2.29,0
29575443.0,7016.0,1.0,0.8,-0.6,0.07,0.04
29578427.0,2984.0,0.0,-1.8,-0.03,-2.3,0
29585443.0,7016.0,1.0,0.79,-0.6,0.07,0.03
29588427.0,2984.0,0.0,-1.86,1.83,-3.23,0
29595443.0,7016.0,1.0,0.79,-0.61,0.08,0.03
29598427.0,2984.0,0.0,-1.83,2.31,-3.04,0
29605443.0,7016.0,1.0,0.79,-0.61,0.08,0.03
29608427.0,2984.0,0.0,-1.45,2.27,-2.76,0
29621443.0,13016.0,1.0,0.78,-0.61,0.08,0.03
29626443.0,5000.0,1.0,0.78,-0.62,0.08,0.03
29629427.0,2984.0,0.0,0.09,2.0,-1.65,0
29635443.0,6016.0,1.0,0.78,-0.62,0.08,0.03
29638427.0,2984.0,0.0,-0.05,1.41,-1.95,0
29645443.0,7016.0,1.0,0.78,-0.63,0.08,0.03
29648427.0,2984.0,0.0,-0.49,0.81,-2.02,0
29654443.0,6016.0,1.0,0.77,-0.63,0.08,0.03
29657427.0,2984.0,0.0,-2.85,0.86,-3.12,0
29665443.0,8016.0,1.0,0.77,-0.63,0.07,0.03
29668427.0,2984.0,0.0,-3.9,0.75,-2.8,0
29675443.0,7016.0,1.0,0.77,-0.64,0.07,0.03
29678427.0,2984.0,0.0,-4.3,0.64,-3.37,0
29685443.0,7016.0,1.0,0.76,-0.64,0.07,0.03
29688427.0,2984.0,0.0,-3.83,0.18,-2.71,0
29694443.0,6016.0,1.0,0.76,-0.64,0.07,0.03
29697427.0,2984.0,0.0,0.06,-0.55,-2.21,0
29705443.0,8016.0,1.0,0.76,-0.65,0.08,0.03
29708427.0,2984.0,0.0,1.18,-0.38,-1.63,0
29715443.0,7016.0,1.0,0.76,-0.65,0.08,0.03
29718427.0,2984.0,0.0,1.72,-1.01,-1.73,0
29725443.0,7016.0,1.0,0.75,-0.65,0.08,0.03
29728427.0,2984.0,0.0,1.54,-0.95,-2.02,0
29735443.0,7016.0,1.0,0.75,-0.66,0.08,0.03
29738427.0,2984.0,0.0,-1.25,-0.47,-1.1,0
29745443.0,7016.0,1.0,0.75,-0.66,0.08,0.03
29748427.0,2984.0,0.0,-2.25,-1.0,-0.67,0
29755443.0,7016.0,1.0,0.74,-0.66,0.09,0.03
29758427.0,2984.0,0.0,-2.42,-0.02,-0.47,0
29765443.0,7016.0,1.0,0.74,-0.66,0.09,0.03
29768427.0,2984.0,0.0,-2.39,-0.55,-0.55,0
29775443.0,7016.0,1.0,0.74,-0.67,0.09,0.03
29778427.0,2984.0,0.0,-2.49,-0.54,-0.46,0
29785443.0,7016.0,1.0,0.74,-0.67,0.09,0.03
29788427.0,2984.0,0.0,-2.11,-0.41,-0.49,0
29795443.0,7016.0,1.0,0.73,-0.67,0.09,0.03
29798427.0,2984.0,0.0,-2.11,-0.02,-0.49,0
29805443.0,7016.0,1.0,0.73,-0.68,0.09,0.04
29808427.0,2984.0,0.0,-1.8,0.1,-0.67,0
29815443.0,7016.0,1.0,0.73,-0.68,0.1,0.04
29818427.0,2984.0,0.0,-1.92,0.27,-0.09,0
29825443.0,7016.0,1.0,0.72,-0.68,0.1,0.04
29829427.0,3984.0,0.0,-1.6,-0.22,-0.32,0
29836443.0,7016.0,1.0,0.72,-0.68,0.1,0.04
29839427.0,2984.0,0.0,-1.57,0.21,0.18,0
29850443.0,11016.0,1.0,0.72,-0.69,0.1,0.04
29854427.0,3984.0,0.0,-0.3,-0.92,-1.08,0
29857443.0,3016.0,1.0,0.72,-0.69,0.1,0.04
29860427.0,2984.0,0.0,-0.31,-0.95,-0.99,0
29865443.0,5016.0,1.0,0.71,-0.69,0.1,0.04
29868427.0,2984.0,0.0,-0.38,-0.69,-1.49,0
29875443.0,7016.0,1.0,0.71,-0.7,0.1,0.04
29878427.0,2984.0,0.0,-0.58,-0.18,-1.91,0
29885443.0,7016.0,1.0,0.71,-0.7,0.1,0.04
29888427.0,2984.0,0.0,-0.08,0.11,-1.87,0
29895443.0,7016.0,1.0,0.7,-0.7,0.1,0.05
29898427.0,2984.0,0.0,0.07,0.25,-1.45,0
29905443.0,7016.0,1.0,0.7,-0.7,0.1,0.05
29908427.0,2984.0,0.0,0.3,0.36,-1.11,0
29915443.0,7016.0,1.0,0.7,-0.71,0.1,0.05
29918427.0,2984.0,0.0,0.53,-0.16,-0.88,0
29925443.0,7016.0,1.0,0.7,-0.71,0.1,0.05
29928427.0,2984.0,0.0,0.57,0.07,-0.17,0
29935443.0,7016.0,1.0,0.69,-0.71,0.1,0.05
29938427.0,2984.0,0.0,0.82,-0.33,-0.25,0
29945443.0,7016.0,1.0,0.69,-0.71,0.1,0.05
29948427.0,2984.0,0.0,0.48,0.32,0.29,0
29955443.0,7016.0,1.0,0.69,-0.72,0.1,0.06
29958427.0,2984.0,0.0,0.09,0.35,0.39,0
29965443.0,7016.0,1.0,0.69,-0.72,0.1,0.06
29968427.0,2984.0,0.0,-0.23,-0.74,-0.04,0
29975443.0,7016.0,1.0,0.68,-0.72,0.1,0.06
29978427.0,2984.0,0.0,-0.0,-0.03,-0.43,0
29985443.0,7016.0,1.0,0.68,-0.72,0.1,0.06
29988427.0,2984.0,0.0,0.3,-0.28,-0.4,0
29995443.0,7016.0,1.0,0.68,-0.73,0.1,0.06
29998427.0,2984.0,0.0,1.13,-1.21,0.75,0
30005443.0,7016.0,1.0,0.68,-0.73,0.1,0.06
30008427.0,2984.0,0.0,1.54,-0.86,1.17,0
30015443.0,7016.0,1.0,0.67,-0.73,0.1,0.06
30018427.0,2984.0,0.0,1.49,-0.89,1.25,0
30025443.0,7016.0,1.0,0.67,-0.73,0.1,0.06
30028427.0,2984.0,0.0,0.9,-1.0,0.98,0
30035443.0,7016.0,1.0,0.67,-0.74,0.1,0.07
30038427.0,2984.0,0.0,-0.8,0.63,-0.62,0
30045443.0,7016.0,1.0,0.66,-0.74,0.1,0.07
30048427.0,2984.0,0.0,-1.47,0.94,-1.35,0
30055443.0,7016.0,1.0,0.66,-0.74,0.11,0.07
30058427.0,2984.0,0.0,-1.48,0.99,-1.42,0
30065443.0,7016.0,1.0,0.66,-0.74,0.11,0.07
30068427.0,2984.0,0.0,-0.66,0.68,-1.17,0
30080443.0,12016.0,1.0,0.65,-0.75,0.11,0.07
30084427.0,3984.0,0.0,1.08,-0.77,1.01,0
30087443.0,3016.0,1.0,0.65,-0.75,0.11,0.07
30090427.0,2984.0,0.0,1.07,-0.8,1.08,0
30095443.0,5016.0,1.0,0.65,-0.75,0.11,0.08
30098427.0,2984.0,0.0,1.04,-0.84,1.27,0
30105443.0,7016.0,1.0,0.64,-0.75,0.11,0.08
30108427.0,2984.0,0.0,0.64,-0.53,0.96,0
30115443.0,7016.0,1.0,0.64,-0.76,0.11,0.08
30118427.0,2984.0,0.0,-1.0,0.12,-0.26,0
30125443.0,7016.0,1.0,0.64,-0.76,0.11,0.08
30128427.0,2984.0,0.0,-1.45,0.13,-0.53,0
30135443.0,7016.0,1.0,0.63,-0.76,0.11,0.08
30138427.0,2984.0,0.0,-1.28,0.38,-0.92,0
30145443.0,7016.0,1.0,0.63,-0.76,0.12,0.09
30148427.0,2984.0,0.0,-0.92,0.34,-1.35,0
30155443.0,7016.0,1.0,0.63,-0.76,0.12,0.09
30158427.0,2984.0,0.0,0.7,-1.76,-0.31,0
30165443.0,7016.0,1.0,0.62,-0.77,0.12,0.09
30169427.0,3984.0,0.0,0.82,-1.69,0.4,0
30175443.0,6016.0,1.0,0.62,-0.77,0.12,0.09
30178427.0,2984.0,0.0,0.68,-1.19,0.78,0
30185443.0,7016.0,1.0,0.62,-0.77,0.12,0.09
30188427.0,2984.0,0.0,0.31,-0.32,0.25,0
30195443.0,7016.0,1.0,0.61,-0.77,0.12,0.09
30198427.0,2984.0,0.0,0.04,-0.2,-0.02,0
30205443.0,7016.0,1.0,0.61,-0.78,0.13,0.1
30209427.0,3984.0,0.0,0.09,-0.01,-0.56,0
30215443.0,6016.0,1.0,0.61,-0.78,0.13,0.1
30218427.0,2984.0,0.0,-0.21,-0.32,-0.49,0
30225443.0,7016.0,1.0,0.6,-0.78,0.13,0.1
30228427.0,2984.0,0.0,-0.23,-0.35,-0.69,0
30235443.0,7016.0,1.0,0.6,-0.78,0.13,0.1
30238427.0,2984.0,0.0,-0.12,-0.92,0.0,0
30245443.0,7016.0,1.0,0.6,-0.78,0.13,0.1
30249427.0,3984.0,0.0,-0.05,-1.26,0.57,0
30255443.0,6016.0,1.0,0.59,-0.79,0.13,0.1
30258427.0,2984.0,0.0,-0.15,-1.03,0.72,0
30265443.0,7016.0,1.0,0.59,-0.79,0.14,0.11
30268427.0,2984.0,0.0,-0.18,-0.05,0.02,0
30281443.0,13016.0,1.0,0.59,-0.79,0.14,0.11
30286443.0,5000.0,1.0,0.58,-0.79,0.14,0.11
30289427.0,2984.0,0.0,0.28,0.14,-0.54,0
30295443.0,6016.0,1.0,0.58,-0.79,0.14,0.11
30298427.0,2984.0,0.0,0.67,0.07,-0.36,0
30305443.0,7016.0,1.0,0.58,-0.8,0.14,0.11
30308427.0,2984.0,0.0,1.02,-0.5,1.09,0
30315443.0,7016.0,1.0,0.57,-0.8,0.14,0.11
30318427.0,2984.0,0.0,0.83,-0.72,1.89,0
30325443.0,7016.0,1.0,0.57,-0.8,0.14,0.12
30328427.0,2984.0,0.0,0.52,-1.09,2.08,0
30335443.0,7016.0,1.0,0.57,-0.8,0.14,0.12
30338427.0,2984.0,0.0,0.21,-0.46,1.88,0
30345443.0,7016.0,1.0,0.56,-0.8,0.14,0.12
30348427.0,2984.0,0.0,-0.18,0.08,1.11,0
30355443.0,7016.0,1.0,0.56,-0.81,0.15,0.12
30358427.0,2984.0,0.0,-0.18,0.08,0.57,0
30366443.0,8016.0,1.0,0.56,-0.81,0.15,0.12
30369427.0,2984.0,0.0,0.01,0.62,-0.13,0
30375443.0,6016.0,1.0,0.55,-0.81,0.15,0.12
30378427.0,2984.0,0.0,0.11,0.67,-0.62,0
30385443.0,7016.0,1.0,0.55,-0.81,0.15,0.12
30388427.0,2984.0,0.0,-0.2,0.22,-0.04,0
30395443.0,7016.0,1.0,0.54,-0.82,0.15,0.13
30398427.0,2984.0,0.0,-0.44,-0.42,0.46,0
30406443.0,8016.0,1.0,0.54,-0.82,0.15,0.13
30409427.0,2984.0,0.0,-0.61,-0.52,1.08,0
30415443.0,6016.0,1.0,0.54,-0.82,0.16,0.13
30418427.0,2984.0,0.0,-0.89,1.13,0.34,0
30425443.0,7016.0,1.0,0.53,-0.82,0.16,0.13
30428427.0,2984.0,0.0,-0.67,1.21,0.2,0
30435443.0,7016.0,1.0,0.53,-0.82,0.16,0.13
30438427.0,2984.0,0.0,-0.23,1.14,-0.15,0
30446443.0,8016.0,1.0,0.52,-0.83,0.16,0.13
30449427.0,2984.0,0.0,0.06,1.04,0.04,0
30455443.0,6016.0,1.0,0.52,-0.83,0.16,0.13
30458427.0,2984.0,0.0,0.62,0.78,-0.82,0
30465443.0,7016.0,1.0,0.51,-0.83,0.17,0.13
30468427.0,2984.0,0.0,0.46,0.98,-0.55,0
30478443.0,10016.0,1.0,0.51,-0.83,0.17,0.14
30481427.0,2984.0,0.0,0.2,0.64,0.29,0
30488443.0,7016.0,1.0,0.51,-0.83,0.17,0.14
30491427.0,2984.0,0.0,0.15,-0.38,0.88,0
30495443.0,4016.0,1.0,0.5,-0.84,0.17,0.14
30498427.0,2984.0,0.0,-0.18,0.43,1.14,0
30505443.0,7016.0,1.0,0.5,-0.84,0.17,0.14
30508427.0,2984.0,0.0,-0.4,0.55,0.95,0
30515443.0,7016.0,1.0,0.49,-0.84,0.17,0.14
30518427.0,2984.0,0.0,-0.07,0.37,0.37,0
30526443.0,8016.0,1.0,0.49,-0.84,0.18,0.14
30529427.0,2984.0,0.0,0.02,-0.09,0.17,0
30535443.0,6016.0,1.0,0.48,-0.84,0.18,0.14
30538427.0,2984.0,0.0,-0.38,0.19,-0.57,0
30545443.0,7016.0,1.0,0.48,-0.85,0.18,0.15
30549427.0,3984.0,0.0,-0.75,0.43,-1.35,0
30555443.0,6016.0,1.0,0.48,-0.85,0.18,0.15
30558427.0,2984.0,0.0,-0.96,0.91,-2.04,0
30565443.0,7016.0,1.0,0.47,-0.85,0.18,0.15
30568427.0,2984.0,0.0,-0.57,-0.0,-0.52,0
30575443.0,7016.0,1.0,0.47,-0.85,0.18,0.15
30578427.0,2984.0,0.0,-0.74,0.16,0.13,0
30585443.0,7016.0,1.0,0.46,-0.85,0.19,0.15
30588427.0,2984.0,0.0,-1.19,0.41,0.3,0
30595443.0,7016.0,1.0,0.46,-0.86,0.19,0.15
30598427.0,2984.0,0.0,-1.61,0.25,0.25,0
30605443.0,7016.0,1.0,0.45,-0.86,0.19,0.16
30608427.0,2984.0,0.0,-1.97,0.26,-0.41,0
30615443.0,7016.0,1.0,0.45,-0.86,0.19,0.16
30618427.0,2984.0,0.0,-2.12,0.49,-0.54,0
30625443.0,7016.0,1.0,0.45,-0.86,0.19,0.16
30628427.0,2984.0,0.0,-2.18,0.56,-0.68,0
30635443.0,7016.0,1.0,0.44,-0.86,0.19,0.16
30638427.0,2984.0,0.0,-2.33,0.32,-1.06,0
30645443.0,7016.0,1.0,0.44,-0.86,0.19,0.17
30648427.0,2984.0,0.0,-2.94,0.38,-1.66,0
30655443.0,7016.0,1.0,0.43,-0.86,0.19,0.17
30658427.0,2984.0,0.0,-3.51,0.13,-1.82,0
30665443.0,7016.0,1.0,0.43,-0.86,0.2,0.18
30669427.0,3984.0,0.0,-4.46,-0.22,-1.55,0
30675443.0,6016.0,1.0,0.43,-0.86,0.2,0.18
30678427.0,2984.0,0.0,-5.31,-0.3,-1.3,0
30688443.0,10016.0,1.0,0.42,-0.86,0.2,0.18
30691427.0,2984.0,0.0,-7.27,-2.8,-0.48,0
30695443.0,4016.0,1.0,0.42,-0.86,0.21,0.19
30698427.0,2984.0,0.0,-7.94,-2.82,0.09,0
30705443.0,7016.0,1.0,0.41,-0.86,0.21,0.19
30708427.0,2984.0,0.0,-8.3,-3.89,0.64,0
30715443.0,7016.0,1.0,0.41,-0.86,0.22,0.19
30718427.0,2984.0,0.0,-8.49,-4.11,0.97,0
30725443.0,7016.0,1.0,0.4,-0.86,0.23,0.19
30728427.0,2984.0,0.0,-8.64,-4.12,2.06,0
30735443.0,7016.0,1.0,0.4,-0.86,0.24,0.19
30738427.0,2984.0,0.0,-9.14,-3.55,2.37,0
30746443.0,8016.0,1.0,0.39,-0.87,0.25,0.18
30749427.0,2984.0,0.0,-9.69,-2.95,2.51,0
30755443.0,6016.0,1.0,0.38,-0.87,0.27,0.18
30758427.0,2984.0,0.0,-11.58,-0.17,2.49,0
30765443.0,7016.0,1.0,0.37,-0.87,0.28,0.17
30768427.0,2984.0,0.0,-12.83,2.32,2.55,0
30775443.0,7016.0,1.0,0.37,-0.87,0.3,0.16
30778427.0,2984.0,0.0,-13.68,5.12,2.22,0
30786443.0,8016.0,1.0,0.36,-0.87,0.32,0.15
30789427.0,2984.0,0.0,-14.38,7.28,0.86,0
30795443.0,6016.0,1.0,0.35,-0.86,0.33,0.14
30798427.0,2984.0,0.0,-15.84,10.06,-1.57,0
30805443.0,7016.0,1.0,0.34,-0.86,0.35,0.14
30808427.0,2984.0,0.0,-16.22,11.49,-3.14,0
30815443.0,7016.0,1.0,0.34,-0.86,0.36,0.13
30818427.0,2984.0,0.0,-16.81,12.92,-5.12,0
30826443.0,8016.0,1.0,0.33,-0.86,0.37,0.13
30829427.0,2984.0,0.0,-17.57,13.63,-6.41,0
30835443.0,6016.0,1.0,0.33,-0.85,0.38,0.13
30838427.0,2984.0,0.0,-17.72,13.63,-9.52,0
30845443.0,7016.0,1.0,0.33,-0.85,0.4,0.13
30848427.0,2984.0,0.0,-17.91,11.37,-11.21,0
30857443.0,9016.0,1.0,0.33,-0.84,0.41,0.12
30860427.0,2984.0,0.0,-17.75,10.37,-13.29,0
30865443.0,5016.0,1.0,0.33,-0.84,0.42,0.11
30868427.0,2984.0,0.0,-16.86,15.68,-15.26,0
30876443.0,8016.0,1.0,0.33,-0.83,0.43,0.11
30879427.0,2984.0,0.0,-12.91,28.18,-20.82,0
30885443.0,6016.0,1.0,0.34,-0.83,0.43,0.12
30888427.0,2984.0,0.0,-10.76,26.06,-22.65,0
30895443.0,7016.0,1.0,0.36,-0.82,0.43,0.13
30898427.0,2984.0,0.0,-8.26,20.19,-23.33,0
30906443.0,8016.0,1.0,0.38,-0.81,0.43,0.15
30909427.0,2984.0,0.0,-4.57,13.21,-23.82,0
30915443.0,6016.0,1.0,0.41,-0.79,0.43,0.16
30918427.0,2984.0,0.0,7.89,2.41,-23.57,0
30926443.0,8016.0,1.0,0.44,-0.77,0.42,0.18
30929427.0,2984.0,0.0,15.15,-1.27,-22.32,0
30938443.0,9016.0,1.0,0.47,-0.75,0.41,0.2
30941427.0,2984.0,0.0,21.0,-4.7,-20.8,0
30946443.0,5016.0,1.0,0.51,-0.73,0.4,0.22
30949427.0,2984.0,0.0,26.7,-8.85,-12.53,0
30955443.0,6016.0,1.0,0.54,-0.71,0.39,0.23
30958427.0,2984.0,0.0,28.8,-9.68,-8.88,0
30966443.0,8016.0,1.0,0.57,-0.69,0.38,0.23
30969427.0,2984.0,0.0,30.49,-9.46,-6.12,0
30978443.0,9016.0,1.0,0.6,-0.67,0.37,0.24
30981427.0,2984.0,0.0,30.56,-9.27,-4.49,0
30986443.0,5016.0,1.0,0.63,-0.64,0.36,0.24
30989427.0,2984.0,0.0,27.27,-9.79,-3.92,0
30995443.0,6016.0,1.0,0.66,-0.62,0.34,0.24
30998427.0,2984.0,0.0,24.96,-11.09,-3.86,0
31006443.0,8016.0,1.0,0.69,-0.6,0.33,0.24
31009427.0,2984.0,0.0,22.4,-12.07,-4.03,0
31016443.0,7016.0,1.0,0.71,-0.58,0.32,0.23
31019427.0,2984.0,0.0,19.75,-12.06,-4.42,0
31027443.0,8016.0,1.0,0.73,-0.57,0.3,0.23
31030427.0,2984.0,0.0,14.39,-11.74,-5.05,0
31035443.0,5016.0,1.0,0.75,-0.55,0.29,0.22
31038427.0,2984.0,0.0,11.32,-11.52,-4.98,0
31046443.0,8016.0,1.0,0.77,-0.54,0.28,0.21
31049427.0,2984.0,0.0,8.21,-12.12,-4.62,0
31056443.0,7016.0,1.0,0.78,-0.52,0.26,0.2
31059427.0,2984.0,0.0,5.7,-12.18,-3.13,0
31066443.0,7016.0,1.0,0.8,-0.51,0.25,0.19
31069427.0,2984.0,0.0,3.75,-11.18,-0.41,0
31079443.0,10016.0,1.0,0.81,-0.5,0.24,0.18
31082427.0,2984.0,0.0,3.67,-10.14,0.43,0
31086443.0,4016.0,1.0,0.82,-0.49,0.23,0.17
31089427.0,2984.0,0.0,3.7,-8.95,0.5,0
31096443.0,7016.0,1.0,0.83,-0.49,0.23,0.17
31099427.0,2984.0,0.0,4.21,-7.79,0.51,0
31106443.0,7016.0,1.0,0.83,-0.48,0.22,0.16
31109427.0,2984.0,0.0,5.75,-7.43,0.29,0
31116443.0,7016.0,1.0,0.84,-0.47,0.21,0.15
31119427.0,2984.0,0.0,6.34,-8.04,0.29,0
31126443.0,7016.0,1.0,0.85,-0.47,0.2,0.15
31129427.0,2984.0,0.0,7.03,-7.99,0.31,0
31136443.0,7016.0,1.0,0.85,-0.46,0.2,0.14
31139427.0,2984.0,0.0,8.04,-6.27,0.34,0
31146443.0,7016.0,1.0,0.86,-0.46,0.19,0.13
31149427.0,2984.0,0.0,8.23,-5.48,-0.12,0
31159443.0,10016.0,1.0,0.86,-0.45,0.19,0.12
31162427.0,2984.0,0.0,8.04,-4.85,-0.48,0
31167443.0,5016.0,1.0,0.87,-0.45,0.18,0.12
31170427.0,2984.0,0.0,7.62,-4.41,-0.61,0
31176443.0,6016.0,1.0,0.87,-0.45,0.18,0.11
31179427.0,2984.0,0.0,6.36,-3.68,-0.83,0
31186443.0,7016.0,1.0,0.87,-0.45,0.17,0.11
31189427.0,2984.0,0.0,5.98,-3.41,-0.32,0
31196443.0,7016.0,1.0,0.87,-0.45,0.17,0.1
31199427.0,2984.0,0.0,5.57,-3.45,-0.11,0
31206443.0,7016.0,1.0,0.88,-0.44,0.17,0.1
31209427.0,2984.0,0.0,5.16,-3.49,0.07,0
31215443.0,6016.0,1.0,0.88,-0.44,0.16,0.09
31218427.0,2984.0,0.0,4.37,-3.35,-0.2,0
31226443.0,8016.0,1.0,0.88,-0.44,0.16,0.09
31229427.0,2984.0,0.0,3.81,-2.75,-0.19,0
31236443.0,7016.0,1.0,0.88,-0.44,0.16,0.08
31239427.0,2984.0,0.0,3.11,-2.36,-0.17,0
31246443.0,7016.0,1.0,0.88,-0.44,0.15,0.08
31249427.0,2984.0,0.0,2.42,-2.2,-0.29,0
31256443.0,7016.0,1.0,0.88,-0.44,0.15,0.08
31259427.0,2984.0,0.0,1.3,-1.12,-0.61,0
31266443.0,7016.0,1.0,0.88,-0.44,0.15,0.07
31270427.0,3984.0,0.0,1.31,-1.34,-0.47,0
31276443.0,6016.0,1.0,0.88,-0.44,0.14,0.07
31279427.0,2984.0,0.0,1.34,-1.69,-0.28,0
31286443.0,7016.0,1.0,0.88,-0.44,0.14,0.07
31289427.0,2984.0,0.0,1.46,-1.95,-0.09,0
31296443.0,7016.0,1.0,0.88,-0.45,0.14,0.06
31299427.0,2984.0,0.0,1.8,-1.55,0.11,0
31306443.0,7016.0,1.0,0.88,-0.45,0.14,0.06
31310427.0,3984.0,0.0,1.85,-1.11,0.01,0
31317443.0,7016.0,1.0,0.88,-0.45,0.14,0.06
31320427.0,2984.0,0.0,2.03,-1.02,-0.25,0
31327443.0,7016.0,1.0,0.88,-0.45,0.13,0.05
31330427.0,2984.0,0.0,1.93,-0.52,-0.03,0
31336443.0,6016.0,1.0,0.88,-0.45,0.13,0.05
31339427.0,2984.0,0.0,2.37,0.0,-0.64,0
31346443.0,7016.0,1.0,0.88,-0.45,0.13,0.05
31350427.0,3984.0,0.0,2.39,0.2,-0.84,0
31356443.0,6016.0,1.0,0.88,-0.45,0.13,0.05
31359427.0,2984.0,0.0,2.34,0.25,-0.91,0
31366443.0,7016.0,1.0,0.88,-0.45,0.13,0.04
31369427.0,2984.0,0.0,2.23,-0.41,-0.82,0
31376443.0,7016.0,1.0,0.88,-0.45,0.13,0.04
31379427.0,2984.0,0.0,2.29,-0.37,-0.31,0
31386443.0,7016.0,1.0,0.88,-0.46,0.12,0.04
31389427.0,2984.0,0.0,2.38,-0.58,0.05,0
31396443.0,7016.0,1.0,0.88,-0.46,0.12,0.04
31399427.0,2984.0,0.0,2.4,-0.68,0.21,0
31405443.0,6016.0,1.0,0.88,-0.46,0.12,0.04
31408427.0,2984.0,0.0,2.61,-0.98,0.12,0
31416443.0,8016.0,1.0,0.88,-0.46,0.12,0.04
31419427.0,2984.0,0.0,2.63,-0.8,0.11,0
31426443.0,7016.0,1.0,0.88,-0.46,0.12,0.04
31429427.0,2984.0,0.0,2.64,-0.45,0.18,0
31436443.0,7016.0,1.0,0.88,-0.46,0.12,0.03
31439427.0,2984.0,0.0,2.59,-0.36,0.11,0
31446443.0,7016.0,1.0,0.88,-0.47,0.11,0.03
31449427.0,2984.0,0.0,2.54,-0.17,0.19,0
31456443.0,7016.0,1.0,0.87,-0.47,0.11,0.03
31459427.0,2984.0,0.0,2.69,0.24,-0.06,0
31466443.0,7016.0,1.0,0.87,-0.47,0.11,0.03
31469427.0,2984.0,0.0,2.61,0.34,-0.17,0
31476443.0,7016.0,1.0,0.87,-0.48,0.11,0.03
31479427.0,2984.0,0.0,2.29,-0.09,-0.27,0
31486443.0,7016.0,1.0,0.87,-0.48,0.11,0.03
31489427.0,2984.0,0.0,1.53,1.04,-0.63,0
31496443.0,7016.0,1.0,0.87,-0.48,0.11,0.03
31499427.0,2984.0,0.0,0.52,0.67,-0.19,0
31506443.0,7016.0,1.0,0.87,-0.49,0.11,0.03
31510427.0,3984.0,0.0,-0.04,11.44,0.25,0
31516443.0,6016.0,1.0,0.86,-0.49,0.11,0.03
31519427.0,2984.0,0.0,-0.39,4.68,-0.55,0
31526443.0,7016.0,1.0,0.86,-0.49,0.11,0.03
31529427.0,2984.0,0.0,-1.7,2.09,-0.73,0
31536443.0,7016.0,1.0,0.86,-0.49,0.1,0.04
31539427.0,2984.0,0.0,-1.64,-1.21,-1.95,0
31546443.0,7016.0,1.0,0.86,-0.5,0.1,0.04
31549427.0,2984.0,0.0,-1.7,0.68,-0.91,0
31556443.0,7016.0,1.0,0.86,-0.5,0.1,0.04
31559427.0,2984.0,0.0,-1.55,-0.54,-1.17,0
31566443.0,7016.0,1.0,0.86,-0.5,0.1,0.04
31569427.0,2984.0,0.0,-1.14,-0.39,-0.23,0
31576443.0,7016.0,1.0,0.86,-0.51,0.1,0.04
31579427.0,2984.0,0.0,-1.35,0.13,0.23,0
31586443.0,7016.0,1.0,0.86,-0.51,0.1,0.04
31589427.0,2984.0,0.0,-1.16,-2.58,0.05,0
31596443.0,7016.0,1.0,0.85,-0.51,0.09,0.04
31599427.0,2984.0,0.0,-1.71,1.42,1.25,0
31606443.0,7016.0,1.0,0.85,-0.51,0.09,0.04
31609427.0,2984.0,0.0,-1.69,-0.16,0.5,0
31616443.0,7016.0,1.0,0.85,-0.52,0.09,0.04
31619427.0,2984.0,0.0,-1.36,0.62,1.79,0
31626443.0,7016.0,1.0,0.85,-0.52,0.09,0.04
31629427.0,2984.0,0.0,-2.08,-0.27,-0.84,0
31639443.0,10016.0,1.0,0.85,-0.52,0.09,0.04
31642427.0,2984.0,0.0,-3.89,-1.7,0.07,0
31646443.0,4016.0,1.0,0.84,-0.53,0.08,0.04
31649427.0,2984.0,0.0,-4.2,0.66,-1.2,0
31656443.0,7016.0,1.0,0.84,-0.53,0.08,0.04
31659427.0,2984.0,0.0,-4.53,2.88,-1.55,0
31666443.0,7016.0,1.0,0.84,-0.54,0.08,0.04
31669427.0,2984.0,0.0,-3.73,-0.27,-1.17,0
31676443.0,7016.0,1.0,0.84,-0.54,0.08,0.04
31679427.0,2984.0,0.0,-0.86,-0.59,-1.75,0
31686443.0,7016.0,1.0,0.83,-0.54,0.08,0.05
31689427.0,2984.0,0.0,0.36,0.07,-1.44,0
31696443.0,7016.0,1.0,0.83,-0.55,0.08,0.05
31699427.0,2984.0,0.0,0.86,-0.5,-1.55,0
31706443.0,7016.0,1.0,0.83,-0.55,0.08,0.05
31709427.0,2984.0,0.0,0.96,1.02,-1.61,0
31716443.0,7016.0,1.0,0.83,-0.56,0.08,0.05
31719427.0,2984.0,0.0,-0.07,0.9,-2.16,0
31726443.0,7016.0,1.0,0.82,-0.56,0.08,0.05
31730427.0,3984.0,0.0,-0.89,-0.05,-1.68,0
31736443.0,6016.0,1.0,0.82,-0.57,0.08,0.05
31739427.0,2984.0,0.0,-1.54,-0.11,-1.81,0
31746443.0,7016.0,1.0,0.82,-0.57,0.08,0.05
31749427.0,2984.0,0.0,-2.27,-0.86,-1.6,0
31756443.0,7016.0,1.0,0.81,-0.57,0.08,0.05
31759427.0,2984.0,0.0,-2.24,-1.37,-1.19,0
31766443.0,7016.0,1.0,0.81,-0.58,0.08,0.05
31769427.0,2984.0,0.0,-2.21,-1.54,-1.2,0
31776443.0,7016.0,1.0,0.81,-0.58,0.08,0.05
31779427.0,2984.0,0.0,-2.25,-1.52,-1.48,0
31786443.0,7016.0,1.0,0.8,-0.59,0.08,0.05
31789427.0,2984.0,0.0,-2.49,-1.76,-2.42,0
31796443.0,7016.0,1.0,0.8,-0.59,0.08,0.05
31799427.0,2984.0,0.0,-2.61,-1.81,-2.35,0
31806443.0,7016.0,1.0,0.8,-0.6,0.08,0.05
31809427.0,2984.0,0.0,-2.89,-2.39,-3.05,0
31818443.0,9016.0,1.0,0.79,-0.6,0.08,0.05
31821427.0,2984.0,0.0,-3.55,-1.48,-3.52,0
31826443.0,5016.0,1.0,0.79,-0.61,0.08,0.05
31829427.0,2984.0,0.0,-4.52,-1.27,-2.72,0
31836443.0,7016.0,1.0,0.79,-0.61,0.08,0.05
31839427.0,2984.0,0.0,-3.92,-1.12,-3.0,0
31846443.0,7016.0,1.0,0.78,-0.61,0.09,0.05
31849427.0,2984.0,0.0,-2.17,-1.55,-3.08,0
31856443.0,7016.0,1.0,0.78,-0.62,0.09,0.05
31859427.0,2984.0,0.0,-1.0,-0.83,-2.26,0
31866443.0,7016.0,1.0,0.78,-0.62,0.09,0.05
31869427.0,2984.0,0.0,-1.02,-1.02,-2.23,0
31876443.0,7016.0,1.0,0.77,-0.63,0.09,0.05
31879427.0,2984.0,0.0,-0.84,-0.83,-2.13,0
31886443.0,7016.0,1.0,0.77,-0.63,0.09,0.05
31889427.0,2984.0,0.0,-0.62,0.36,-1.88,0
31896443.0,7016.0,1.0,0.77,-0.63,0.09,0.05
31899427.0,2984.0,0.0,-0.79,0.45,-1.78,0
31906443.0,7016.0,1.0,0.76,-0.64,0.09,0.05
31909427.0,2984.0,0.0,-1.5,0.68,-2.45,0
31916443.0,7016.0,1.0,0.76,-0.64,0.09,0.05
31919427.0,2984.0,0.0,-1.41,1.41,-2.25,0
31926443.0,7016.0,1.0,0.76,-0.65,0.09,0.05
31929427.0,2984.0,0.0,-1.4,1.29,-2.73,0
31936443.0,7016.0,1.0,0.75,-0.65,0.09,0.05
31939427.0,2984.0,0.0,-1.11,1.68,-2.66,0
31946443.0,7016.0,1.0,0.75,-0.65,0.09,0.05
31949427.0,2984.0,0.0,-0.6,1.52,-2.64,0
31956443.0,7016.0,1.0,0.75,-0.66,0.09,0.05
31959427.0,2984.0,0.0,-0.59,1.36,-2.63,0
31966443.0,7016.0,1.0,0.74,-0.66,0.09,0.05
31969427.0,2984.0,0.0,-0.84,0.93,-2.8,0
31976443.0,7016.0,1.0,0.74,-0.66,0.09,0.05
31979427.0,2984.0,0.0,-1.1,1.07,-2.41,0
31986443.0,7016.0,1.0,0.74,-0.67,0.09,0.05
31989427.0,2984.0,0.0,-1.39,1.14,-1.96,0
31996443.0,7016.0,1.0,0.74,-0.67,0.09,0.05
31999427.0,2984.0,0.0,-1.47,0.82,-1.54,0
32006443.0,7016.0,1.0,0.73,-0.67,0.09,0.05
32009427.0,2984.0,0.0,-1.51,-0.32,-1.32,0
32019443.0,10016.0,1.0,0.73,-0.68,0.09,0.05
32022427.0,2984.0,0.0,-1.39,-0.8,-0.97,0
32026443.0,4016.0,1.0,0.73,-0.68,0.1,0.05
32029427.0,2984.0,0.0,-1.39,-0.79,-0.91,0
32036443.0,7016.0,1.0,0.72,-0.68,0.1,0.05
32039427.0,2984.0,0.0,-1.27,-1.32,-1.09,0
32046443.0,7016.0,1.0,0.72,-0.69,0.1,0.06
32049427.0,2984.0,0.0,-1.23,-1.2,-1.42,0
32056443.0,7016.0,1.0,0.72,-0.69,0.1,0.06
32059427.0,2984.0,0.0,-2.0,-0.38,-1.94,0
32066443.0,7016.0,1.0,0.71,-0.69,0.1,0.06
32069427.0,2984.0,0.0,-2.05,-0.38,-2.04,0
32076443.0,7016.0,1.0,0.71,-0.69,0.1,0.06
32079427.0,2984.0,0.0,-1.74,0.84,-1.8,0
32086443.0,7016.0,1.0,0.71,-0.7,0.11,0.06
32089427.0,2984.0,0.0,-1.33,0.89,-1.89,0
32096443.0,7016.0,1.0,0.7,-0.7,0.11,0.06
32099427.0,2984.0,0.0,-0.87,1.79,-2.09,0
32106443.0,7016.0,1.0,0.7,-0.7,0.11,0.06
32110427.0,3984.0,0.0,-0.45,1.12,-2.04,0
32116443.0,6016.0,1.0,0.7,-0.71,0.11,0.06
32119427.0,2984.0,0.0,0.39,0.84,-1.35,0
32126443.0,7016.0,1.0,0.7,-0.71,0.11,0.07
32129427.0,2984.0,0.0,1.8,0.71,0.1,0
32136443.0,7016.0,1.0,0.69,-0.71,0.1,0.07
32139427.0,2984.0,0.0,2.33,0.27,0.23,0
32146443.0,7016.0,1.0,0.69,-0.71,0.1,0.07
32150427.0,3984.0,0.0,2.4,0.19,0.43,0
32156443.0,6016.0,1.0,0.69,-0.72,0.1,0.07
32159427.0,2984.0,0.0,1.67,-0.6,0.26,0
32166443.0,7016.0,1.0,0.68,-0.72,0.1,0.08
32169427.0,2984.0,0.0,-0.82,0.07,-0.43,0
32176443.0,7016.0,1.0,0.68,-0.72,0.1,0.08
32179427.0,2984.0,0.0,-1.73,-0.2,-0.85,0
32186443.0,7016.0,1.0,0.68,-0.72,0.1,0.08
32190427.0,3984.0,0.0,-2.31,-0.87,-1.0,0
32196443.0,6016.0,1.0,0.68,-0.73,0.1,0.08
32199427.0,2984.0,0.0,-2.09,-0.87,-1.32,0
32206443.0,7016.0,1.0,0.67,-0.73,0.1,0.08
32209427.0,2984.0,0.0,0.0,-2.21,0.25,0
32216443.0,7016.0,1.0,0.67,-0.73,0.1,0.09
32219427.0,2984.0,0.0,0.75,-2.25,0.83,0
32226443.0,7016.0,1.0,0.67,-0.73,0.11,0.09
32229427.0,2984.0,0.0,1.31,-1.82,1.34,0
32238443.0,9016.0,1.0,0.66,-0.74,0.11,0.09
32241427.0,2984.0,0.0,1.67,-2.12,1.14,0
32247443.0,6016.0,1.0,0.66,-0.74,0.11,0.09
32250427.0,2984.0,0.0,1.69,-1.55,0.93,0
32256443.0,6016.0,1.0,0.66,-0.74,0.11,0.09
32259427.0,2984.0,0.0,1.37,-1.51,0.93,0
32266443.0,7016.0,1.0,0.65,-0.74,0.12,0.09
32269427.0,2984.0,0.0,0.49,-0.82,0.67,0
32276443.0,7016.0,1.0,0.65,-0.75,0.12,0.09
32279427.0,2984.0,0.0,-0.44,-0.28,0.68,0
32286443.0,7016.0,1.0,0.65,-0.75,0.12,0.09
32289427.0,2984.0,0.0,-0.31,-1.53,0.37,0
32296443.0,7016.0,1.0,0.64,-0.75,0.12,0.09
32299427.0,2984.0,0.0,0.16,-1.25,0.54,0
32307443.0,8016.0,1.0,0.64,-0.75,0.12,0.09
32310427.0,2984.0,0.0,0.34,-0.61,0.04,0
32316443.0,6016.0,1.0,0.64,-0.76,0.12,0.09
32319427.0,2984.0,0.0,0.66,0.71,-1.45,0
32326443.0,7016.0,1.0,0.63,-0.76,0.12,0.1
32329427.0,2984.0,0.0,0.45,1.65,-2.03,0
32336443.0,7016.0,1.0,0.63,-0.76,0.12,0.1
32339427.0,2984.0,0.0,0.31,2.18,-2.57,0
32347443.0,8016.0,1.0,0.63,-0.76,0.12,0.1
32350427.0,2984.0,0.0,0.02,2.36,-2.5,0
32356443.0,6016.0,1.0,0.63,-0.76,0.12,0.1
32359427.0,2984.0,0.0,-0.21,1.89,-1.72,0
32366443.0,7016.0,1.0,0.62,-0.77,0.12,0.1
32369427.0,2984.0,0.0,0.43,0.84,-0.41,0
32376443.0,7016.0,1.0,0.62,-0.77,0.12,0.1
32379427.0,2984.0,0.0,1.21,-0.89,1.28,0
32387443.0,8016.0,1.0,0.62,-0.77,0.11,0.11
32390427.0,2984.0,0.0,1.7,-1.55,2.4,0
32396443.0,6016.0,1.0,0.62,-0.77,0.11,0.11
32399427.0,2984.0,0.0,1.26,0.4,1.89,0
32406443.0,7016.0,1.0,0.61,-0.77,0.11,0.11
32409427.0,2984.0,0.0,0.32,0.62,1.26,0
32416443.0,7016.0,1.0,0.61,-0.78,0.11,0.11
32419427.0,2984.0,0.0,-0.55,1.56,0.45,0
32427443.0,8016.0,1.0,0.61,-0.78,0.11,0.11
32430427.0,2984.0,0.0,-0.8,1.55,-0.37,0
32436443.0,6016.0,1.0,0.6,-0.78,0.11,0.11
32439427.0,2984.0,0.0,0.02,0.3,-0.14,0
32446443.0,7016.0,1.0,0.6,-0.78,0.11,0.11
32449427.0,2984.0,0.0,-0.2,0.09,-0.08,0
32456443.0,7016.0,1.0,0.6,-0.79,0.11,0.12
32459427.0,2984.0,0.0,-0.5,0.07,0.11,0
32467443.0,8016.0,1.0,0.59,-0.79,0.12,0.12
32470427.0,2984.0,0.0,-0.64,-0.03,0.18,0
32480443.0,10016.0,1.0,0.59,-0.79,0.12,0.12
32483427.0,2984.0,0.0,-1.48,-0.26,0.12,0
32487443.0,4016.0,1.0,0.59,-0.79,0.12,0.12
32490427.0,2984.0,0.0,-1.74,-0.48,-0.18,0
32497443.0,7016.0,1.0,0.58,-0.79,0.12,0.12
32500427.0,2984.0,0.0,-1.93,-0.63,-0.04,0
32507443.0,7016.0,1.0,0.58,-0.8,0.12,0.12
32510427.0,2984.0,0.0,-1.39,-0.63,0.22,0
32516443.0,6016.0,1.0,0.58,-0.8,0.12,0.12
32519427.0,2984.0,0.0,-1.08,-0.59,0.82,0
32526443.0,7016.0,1.0,0.57,-0.8,0.12,0.13
32529427.0,2984.0,0.0,-0.5,-1.08,1.43,0
32537443.0,8016.0,1.0,0.57,-0.8,0.12,0.13
32540427.0,2984.0,0.0,0.04,-1.07,1.46,0
32546443.0,6016.0,1.0,0.57,-0.8,0.13,0.13
32549427.0,2984.0,0.0,-0.31,-0.91,2.07,0
32556443.0,7016.0,1.0,0.56,-0.81,0.13,0.13
32559427.0,2984.0,0.0,-0.47,-1.59,2.0,0
32566443.0,7016.0,1.0,0.56,-0.81,0.13,0.13
32570427.0,3984.0,0.0,-0.59,-1.43,1.77,0
32576443.0,6016.0,1.0,0.56,-0.81,0.13,0.13
32579427.0,2984.0,0.0,-0.5,-1.24,1.08,0
32586443.0,7016.0,1.0,0.55,-0.81,0.14,0.13
32589427.0,2984.0,0.0,0.46,-0.58,-0.14,0
32596443.0,7016.0,1.0,0.55,-0.81,0.14,0.13
32599427.0,2984.0,0.0,0.67,-0.55,-0.48,0
32606443.0,7016.0,1.0,0.54,-0.82,0.14,0.13
32610427.0,3984.0,0.0,0.78,-0.43,-0.82,0
32616443.0,6016.0,1.0,0.54,-0.82,0.14,0.13
32619427.0,2984.0,0.0,0.39,-0.27,-0.82,0
32627443.0,8016.0,1.0,0.54,-0.82,0.15,0.13
32630427.0,2984.0,0.0,-0.35,-0.75,0.02,0
32636443.0,6016.0,1.0,0.53,-0.82,0.15,0.13
32639427.0,2984.0,0.0,-0.1,-1.09,0.63,0
32646443.0,7016.0,1.0,0.53,-0.83,0.15,0.14
32649427.0,2984.0,0.0,-0.07,-0.61,1.09,0
32657443.0,8016.0,1.0,0.52,-0.83,0.15,0.14
32660427.0,2984.0,0.0,-0.3,0.59,0.79,0
32666443.0,6016.0,1.0,0.52,-0.83,0.16,0.14
32669427.0,2984.0,0.0,0.36,-0.34,0.16,0
32679443.0,10016.0,1.0,0.52,-0.83,0.16,0.14
32682427.0,2984.0,0.0,0.43,-0.83,0.11,0
32687443.0,5016.0,1.0,0.51,-0.83,0.16,0.14
32690427.0,2984.0,0.0,0.34,-0.9,-0.44,0
32697443.0,7016.0,1.0,0.51,-0.83,0.16,0.14
32700427.0,2984.0,0.0,-0.52,-0.09,-1.09,0
32706443.0,6016.0,1.0,0.5,-0.84,0.16,0.14
32709427.0,2984.0,0.0,-1.23,-0.16,-0.8,0
32716443.0,7016.0,1.0,0.5,-0.84,0.17,0.14
32719427.0,2984.0,0.0,-1.66,-0.41,-0.23,0
32727443.0,8016.0,1.0,0.5,-0.84,0.17,0.15
32730427.0,2984.0,0.0,-1.75,-0.16,0.4,0
32736443.0,6016.0,1.0,0.49,-0.84,0.17,0.15
32739427.0,2984.0,0.0,-1.2,-0.2,0.66,0
32746443.0,7016.0,1.0,0.49,-0.84,0.17,0.15
32749427.0,2984.0,0.0,-1.01,-0.53,0.3,0
32756443.0,7016.0,1.0,0.49,-0.84,0.17,0.15
32759427.0,2984.0,0.0,-1.26,-0.87,0.2,0
32767443.0,8016.0,1.0,0.48,-0.85,0.17,0.15
32770427.0,2984.0,0.0,-1.54,-1.13,-0.02,0
32776443.0,6016.0,1.0,0.48,-0.85,0.17,0.15
32779427.0,2984.0,0.0,-2.21,-0.82,-0.69,0
32786443.0,7016.0,1.0,0.47,-0.85,0.17,0.16
32789427.0,2984.0,0.0,-2.41,-0.11,-1.24,0
32796443.0,7016.0,1.0,0.47,-0.85,0.18,0.16
32799427.0,2984.0,0.0,-2.35,0.52,-1.3,0
32807443.0,8016.0,1.0,0.47,-0.85,0.18,0.16
32810427.0,2984.0,0.0,-2.21,0.73,-0.85,0
32817443.0,7016.0,1.0,0.46,-0.85,0.18,0.16
32820427.0,2984.0,0.0,-2.15,1.12,-0.26,0
32827443.0,7016.0,1.0,0.46,-0.85,0.18,0.16
32830427.0,2984.0,0.0,-2.36,0.93,-0.41,0
32837443.0,7016.0,1.0,0.46,-0.85,0.18,0.16
32840427.0,2984.0,0.0,-2.49,0.3,-0.71,0
32847443.0,7016.0,1.0,0.45,-0.86,0.18,0.17
32850427.0,2984.0,0.0,-2.74,0.02,-0.71,0
32857443.0,7016.0,1.0,0.45,-0.86,0.19,0.17
32860427.0,2984.0,0.0,-3.72,-0.62,-0.23,0
32867443.0,7016.0,1.0,0.45,-0.86,0.19,0.18
32871427.0,3984.0,0.0,-4.33,-1.12,0.39,0
32878443.0,7016.0,1.0,0.45,-0.86,0.19,0.18
32881427.0,2984.0,0.0,-4.73,-1.32,0.6,0
32888443.0,7016.0,1.0,0.44,-0.86,0.19,0.19
32891427.0,2984.0,0.0,-5.31,-1.66,1.28,0
32898443.0,7016.0,1.0,0.44,-0.86,0.2,0.19
32901427.0,2984.0,0.0,-8.16,-1.71,2.3,0
32906443.0,5016.0,1.0,0.43,-0.86,0.21,0.19
32909427.0,2984.0,0.0,-9.99,-2.53,4.04,0
32917443.0,8016.0,1.0,0.43,-0.86,0.22,0.19
32920427.0,2984.0,0.0,-11.45,-2.73,3.88,0
32927443.0,7016.0,1.0,0.42,-0.86,0.23,0.19
32930427.0,2984.0,0.0,-14.87,-1.82,4.07,0
32937443.0,7016.0,1.0,0.41,-0.86,0.24,0.19
32940427.0,2984.0,0.0,-16.17,-1.52,3.61,0
32947443.0,7016.0,1.0,0.41,-0.86,0.26,0.18
32950427.0,2984.0,0.0,-17.29,1.58,2.78,0
32957443.0,7016.0,1.0,0.4,-0.86,0.28,0.17
32960427.0,2984.0,0.0,-18.14,4.82,1.32,0
32966443.0,6016.0,1.0,0.39,-0.86,0.31,0.16
32969427.0,2984.0,0.0,-19.37,10.19,-2.92,0
32981443.0,12016.0,1.0,0.38,-0.85,0.33,0.15
32984427.0,2984.0,0.0,-19.39,12.94,-4.88,0
32988443.0,4016.0,1.0,0.37,-0.85,0.35,0.14
32991427.0,2984.0,0.0,-19.17,15.18,-7.58,0
32997443.0,6016.0,1.0,0.36,-0.85,0.37,0.13
33000427.0,2984.0,0.0,-18.95,15.91,-10.3,0
33007443.0,7016.0,1.0,0.35,-0.84,0.39,0.12
33010427.0,2984.0,0.0,-17.16,13.85,-13.46,0
33020443.0,10016.0,1.0,0.35,-0.84,0.41,0.11
33023427.0,2984.0,0.0,-16.39,13.66,-14.56,0
33027443.0,4016.0,1.0,0.34,-0.83,0.43,0.1
33030427.0,2984.0,0.0,-14.5,15.95,-16.62,0
33037443.0,7016.0,1.0,0.34,-0.82,0.45,0.1
33040427.0,2984.0,0.0,-12.46,20.89,-19.26,0
33047443.0,7016.0,1.0,0.35,-0.81,0.46,0.1
33050427.0,2984.0,0.0,-7.81,19.93,-16.95,0
33057443.0,7016.0,1.0,0.36,-0.8,0.46,0.11
33060427.0,2984.0,0.0,-5.15,15.27,-16.2,0
33067443.0,7016.0,1.0,0.38,-0.79,0.47,0.13
33070427.0,2984.0,0.0,-1.68,9.65,-17.88,0
33076443.0,6016.0,1.0,0.41,-0.77,0.46,0.15
33079427.0,2984.0,0.0,3.97,3.39,-19.81,0
33087443.0,8016.0,1.0,0.44,-0.75,0.46,0.17
33090427.0,2984.0,0.0,17.24,-4.66,-21.29,0
33097443.0,7016.0,1.0,0.48,-0.73,0.45,0.19
33100427.0,2984.0,0.0,21.66,-7.48,-18.14,0
33107443.0,7016.0,1.0,0.52,-0.71,0.43,0.21
33110427.0,2984.0,0.0,24.93,-9.09,-14.66,0
33119443.0,9016.0,1.0,0.55,-0.69,0.42,0.22
33122427.0,2984.0,0.0,27.94,-16.6,-9.24,0
33126443.0,4016.0,1.0,0.58,-0.67,0.41,0.23
33129427.0,2984.0,0.0,28.05,-16.11,-8.52,0
33137443.0,8016.0,1.0,0.61,-0.64,0.4,0.23
33140427.0,2984.0,0.0,26.8,-12.09,-8.61,0
33147443.0,7016.0,1.0,0.64,-0.62,0.39,0.23
33150427.0,2984.0,0.0,24.74,-8.06,-9.14,0
33160443.0,10016.0,1.0,0.66,-0.61,0.38,0.23
33163427.0,2984.0,0.0,19.32,-7.05,-9.5,0
33167443.0,4016.0,1.0,0.69,-0.58,0.36,0.23
33170427.0,2984.0,0.0,16.96,-8.68,-8.79,0
33177443.0,7016.0,1.0,0.72,-0.56,0.34,0.23
33180427.0,2984.0,0.0,14.81,-11.17,-7.35,0
33187443.0,7016.0,1.0,0.74,-0.55,0.32,0.22
33190427.0,2984.0,0.0,12.64,-13.11,-5.46,0
33196443.0,6016.0,1.0,0.76,-0.53,0.3,0.22
33199427.0,2984.0,0.0,9.42,-14.78,-1.84,0
33207443.0,8016.0,1.0,0.78,-0.51,0.28,0.21
33210427.0,2984.0,0.0,7.91,-13.84,0.67,0
33217443.0,7016.0,1.0,0.8,-0.5,0.27,0.21
33220427.0,2984.0,0.0,7.38,-11.93,1.55,0
33227443.0,7016.0,1.0,0.81,-0.49,0.25,0.2
33230427.0,2984.0,0.0,6.51,-10.23,2.12,0
33242443.0,12016.0,1.0,0.82,-0.48,0.24,0.19
33246427.0,3984.0,0.0,5.39,-10.83,1.7,0
33249443.0,3016.0,1.0,0.83,-0.47,0.22,0.18
33252427.0,2984.0,0.0,5.42,-10.55,1.41,0
33256443.0,4016.0,1.0,0.84,-0.46,0.21,0.18
33259427.0,2984.0,0.0,6.19,-10.82,1.06,0
33267443.0,8016.0,1.0,0.85,-0.45,0.2,0.17
33270427.0,2984.0,0.0,7.43,-9.9,0.47,0
33277443.0,7016.0,1.0,0.86,-0.45,0.19,0.16
33280427.0,2984.0,0.0,8.56,-7.24,1.03,0
33287443.0,7016.0,1.0,0.86,-0.44,0.19,0.15
33290427.0,2984.0,0.0,8.48,-6.14,1.24,0
33297443.0,7016.0,1.0,0.87,-0.44,0.18,0.14
33300427.0,2984.0,0.0,8.04,-6.01,1.11,0
33307443.0,7016.0,1.0,0.87,-0.43,0.17,0.14
33310427.0,2984.0,0.0,6.63,-5.59,0.78,0
33322443.0,12016.0,1.0,0.88,-0.43,0.17,0.13
33326427.0,3984.0,0.0,5.68,-3.76,0.4,0
33329443.0,3016.0,1.0,0.88,-0.43,0.17,0.13
33332427.0,2984.0,0.0,5.69,-3.63,0.34,0
33337443.0,5016.0,1.0,0.88,-0.43,0.16,0.12
33340427.0,2984.0,0.0,5.35,-3.09,-0.1,0
33347443.0,7016.0,1.0,0.88,-0.43,0.16,0.11
33350427.0,2984.0,0.0,4.95,-2.98,0.01,0
33357443.0,7016.0,1.0,0.89,-0.42,0.15,0.11
33360427.0,2984.0,0.0,4.88,-3.33,-0.18,0
33367443.0,7016.0,1.0,0.89,-0.42,0.15,0.11
33370427.0,2984.0,0.0,4.75,-3.62,-0.16,0
33377443.0,7016.0,1.0,0.89,-0.42,0.15,0.1
33380427.0,2984.0,0.0,4.39,-3.57,-0.33,0
33386443.0,6016.0,1.0,0.89,-0.42,0.15,0.1
33389427.0,2984.0,0.0,3.8,-3.23,-0.75,0
33397443.0,8016.0,1.0,0.89,-0.43,0.14,0.09
33400427.0,2984.0,0.0,3.7,-2.99,-0.93,0
33407443.0,7016.0,1.0,0.89,-0.43,0.14,0.09
33411427.0,3984.0,0.0,3.26,-2.61,-0.82,0
33417443.0,6016.0,1.0,0.89,-0.43,0.14,0.08
33420427.0,2984.0,0.0,2.98,-2.04,-0.53,0
33427443.0,7016.0,1.0,0.89,-0.43,0.15,0.08
33430427.0,2984.0,0.0,2.36,-0.37,-0.38,0
33437443.0,7016.0,1.0,0.89,-0.43,0.15,0.07
33440427.0,2984.0,0.0,2.3,-0.04,-0.45,0
33447443.0,7016.0,1.0,0.89,-0.43,0.15,0.07
33450427.0,2984.0,0.0,2.41,-0.09,-0.56,0
33457443.0,7016.0,1.0,0.89,-0.44,0.15,0.07
33460427.0,2984.0,0.0,2.45,-0.23,-0.49,0
33467443.0,7016.0,1.0,0.88,-0.44,0.15,0.06
33470427.0,2984.0,0.0,2.13,0.34,-0.64,0
33477443.0,7016.0,1.0,0.88,-0.44,0.15,0.06
33480427.0,2984.0,0.0,2.09,0.29,-0.83,0
33487443.0,7016.0,1.0,0.88,-0.44,0.15,0.06
33490427.0,2984.0,0.0,2.16,0.39,-1.09,0
33499443.0,9016.0,1.0,0.88,-0.45,0.15,0.06
33502427.0,2984.0,0.0,2.16,0.8,-1.12,0
33509443.0,7016.0,1.0,0.88,-0.45,0.15,0.06
33512427.0,2984.0,0.0,1.83,1.52,-1.11,0
33517443.0,5016.0,1.0,0.88,-0.45,0.15,0.05
33520427.0,2984.0,0.0,1.84,1.51,-0.65,0
33527443.0,7016.0,1.0,0.88,-0.45,0.14,0.05
33530427.0,2984.0,0.0,1.98,1.09,-0.3,0
33537443.0,7016.0,1.0,0.88,-0.46,0.14,0.05
33540427.0,2984.0,0.0,2.2,0.32,0.04,0
33547443.0,7016.0,1.0,0.88,-0.46,0.14,0.05
33550427.0,2984.0,0.0,2.11,0.28,0.08,0
33557443.0,7016.0,1.0,0.88,-0.46,0.14,0.05
33560427.0,2984.0,0.0,1.91,0.12,-0.03,0
33567443.0,7016.0,1.0,0.87,-0.46,0.14,0.05
33570427.0,2984.0,0.0,1.59,0.19,-0.1,0
33576443.0,6016.0,1.0,0.87,-0.47,0.14,0.05
33579427.0,2984.0,0.0,0.93,0.18,-0.29,0
33587443.0,8016.0,1.0,0.87,-0.47,0.14,0.05
33590427.0,2984.0,0.0,0.58,0.14,-0.29,0
33597443.0,7016.0,1.0,0.87,-0.47,0.13,0.05
33600427.0,2984.0,0.0,0.27,0.59,-0.18,0
33607443.0,7016.0,1.0,0.87,-0.47,0.13,0.05
33610427.0,2984.0,0.0,-0.09,0.4,-0.05,0
33617443.0,7016.0,1.0,0.87,-0.48,0.13,0.05
33620427.0,2984.0,0.0,-0.86,-0.05,-0.09,0
33627443.0,7016.0,1.0,0.87,-0.48,0.13,0.05
33630427.0,2984.0,0.0,-0.98,-0.16,-0.39,0
33637443.0,7016.0,1.0,0.87,-0.48,0.12,0.04
33640427.0,2984.0,0.0,-0.92,0.26,-0.5,0
33647443.0,7016.0,1.0,0.86,-0.48,0.12,0.04
33650427.0,2984.0,0.0,-0.62,0.61,-0.62,0
33657443.0,7016.0,1.0,0.86,-0.49,0.12,0.04
33660427.0,2984.0,0.0,-0.32,0.47,-0.67,0
33667443.0,7016.0,1.0,0.86,-0.49,0.12,0.04
33670427.0,2984.0,0.0,-0.07,0.46,-0.56,0
33677443.0,7016.0,1.0,0.86,-0.49,0.11,0.04
33680427.0,2984.0,0.0,0.07,0.16,-0.37,0
33687443.0,7016.0,1.0,0.86,-0.49,0.11,0.04
33690427.0,2984.0,0.0,0.29,-0.36,0.39,0
33697443.0,7016.0,1.0,0.86,-0.5,0.11,0.04
33700427.0,2984.0,0.0,0.24,-0.81,0.61,0
33707443.0,7016.0,1.0,0.86,-0.5,0.11,0.04
33710427.0,2984.0,0.0,0.2,-0.18,0.64,0
33717443.0,7016.0,1.0,0.86,-0.5,0.1,0.04
33720427.0,2984.0,0.0,0.14,0.83,1.27,0
33727443.0,7016.0,1.0,0.86,-0.5,0.1,0.04
33730427.0,2984.0,0.0,0.25,-0.34,-0.46,0
33737443.0,7016.0,1.0,0.86,-0.51,0.1,0.04
33740427.0,2984.0,0.0,-0.34,-0.2,0.03,0
33747443.0,7016.0,1.0,0.86,-0.51,0.09,0.04
33751427.0,3984.0,0.0,-0.54,-0.32,0.1,0
33757443.0,6016.0,1.0,0.85,-0.51,0.09,0.04
33760427.0,2984.0,0.0,-0.46,-0.88,0.07,0
33767443.0,7016.0,1.0,0.85,-0.51,0.09,0.04
33770427.0,2984.0,0.0,-0.18,-1.39,-0.39,0
33782443.0,12016.0,1.0,0.85,-0.52,0.08,0.04
33786427.0,3984.0,0.0,0.09,-1.42,-1.72,0
33789443.0,3016.0,1.0,0.85,-0.52,0.08,0.04
33792427.0,2984.0,0.0,0.02,-0.91,-1.43,0
33797443.0,5016.0,1.0,0.85,-0.52,0.07,0.04
33800427.0,2984.0,0.0,0.04,-0.86,-1.37,0
33807443.0,7016.0,1.0,0.85,-0.53,0.07,0.04
33810427.0,2984.0,0.0,-0.16,-1.47,-1.38,0
33817443.0,7016.0,1.0,0.84,-0.53,0.07,0.04
33820427.0,2984.0,0.0,-0.23,-1.89,-0.98,0
33827443.0,7016.0,1.0,0.84,-0.53,0.07,0.04
33830427.0,2984.0,0.0,-0.35,-1.7,-0.72,0
33837443.0,7016.0,1.0,0.84,-0.54,0.06,0.04
33840427.0,2984.0,0.0,-0.74,-2.01,-0.76,0
33847443.0,7016.0,1.0,0.84,-0.54,0.06,0.05
33850427.0,2984.0,0.0,-1.78,-1.22,-0.88,0
33857443.0,7016.0,1.0,0.83,-0.55,0.06,0.05
33860427.0,2984.0,0.0,-2.12,-0.82,-1.25,0
33868443.0,8016.0,1.0,0.83,-0.55,0.06,0.05
33871427.0,2984.0,0.0,-2.17,-0.58,-1.97,0
33877443.0,6016.0,1.0,0.83,-0.55,0.06,0.05
33880427.0,2984.0,0.0,-1.91,-0.71,-2.34,0
33887443.0,7016.0,1.0,0.83,-0.56,0.06,0.05
33890427.0,2984.0,0.0,-1.68,-0.88,-2.6,0
33897443.0,7016.0,1.0,0.82,-0.56,0.06,0.05
33900427.0,2984.0,0.0,-2.23,-0.72,-2.43,0
33907443.0,7016.0,1.0,0.82,-0.57,0.06,0.05
33910427.0,2984.0,0.0,-2.89,-0.09,-2.82,0
33917443.0,7016.0,1.0,0.82,-0.57,0.07,0.05
33920427.0,2984.0,0.0,-3.82,-0.01,-2.27,0
33927443.0,7016.0,1.0,0.81,-0.58,0.07,0.05
33930427.0,2984.0,0.0,-3.48,-0.51,-1.67,0
33937443.0,7016.0,1.0,0.81,-0.58,0.07,0.05
33940427.0,2984.0,0.0,-2.41,-0.77,-0.89,0
33947443.0,7016.0,1.0,0.81,-0.58,0.07,0.05
33950427.0,2984.0,0.0,-1.4,-2.07,-0.28,0
33962443.0,12016.0,1.0,0.8,-0.59,0.07,0.05
33967427.0,4984.0,0.0,-1.83,-0.15,-1.94,0
33970443.0,3016.0,1.0,0.8,-0.59,0.08,0.05
33973427.0,2984.0,0.0,-1.81,-0.21,-1.83,0
33977443.0,4016.0,1.0,0.8,-0.6,0.08,0.05
33980427.0,2984.0,0.0,-2.63,0.81,-2.86,0
33987443.0,7016.0,1.0,0.79,-0.6,0.08,0.05
33990427.0,2984.0,0.0,-3.03,1.27,-4.12,0
33997443.0,7016.0,1.0,0.79,-0.61,0.09,0.05
34000427.0,2984.0,0.0,-3.39,3.44,-4.97,0
34007443.0,7016.0,1.0,0.79,-0.61,0.09,0.05
34010427.0,2984.0,0.0,-3.41,3.21,-4.86,0
34017443.0,7016.0,1.0,0.78,-0.61,0.09,0.05
34020427.0,2984.0,0.0,-3.82,3.68,-4.5,0
34028443.0,8016.0,1.0,0.78,-0.62,0.09,0.05
34031427.0,2984.0,0.0,-3.87,3.21,-4.44,0
34037443.0,6016.0,1.0,0.78,-0.62,0.09,0.05
34040427.0,2984.0,0.0,-2.93,0.98,-3.4,0
34047443.0,7016.0,1.0,0.77,-0.63,0.09,0.05
34050427.0,2984.0,0.0,-2.53,0.87,-2.7,0
34057443.0,7016.0,1.0,0.77,-0.63,0.09,0.05
34060427.0,2984.0,0.0,-2.2,0.53,-2.66,0
34067443.0,7016.0,1.0,0.77,-0.63,0.09,0.05
34070427.0,2984.0,0.0,-2.11,0.4,-1.84,0
34077443.0,7016.0,1.0,0.77,-0.64,0.09,0.05
34080427.0,2984.0,0.0,-1.93,0.53,-2.04,0
34087443.0,7016.0,1.0,0.76,-0.64,0.09,0.05
34090427.0,2984.0,0.0,-1.76,0.5,-2.14,0
34097443.0,7016.0,1.0,0.76,-0.64,0.09,0.06
34100427.0,2984.0,0.0,-1.58,-0.06,-2.29,0
34107443.0,7016.0,1.0,0.76,-0.65,0.09,0.06
34110427.0,2984.0,0.0,-1.5,0.17,-2.29,0
34117443.0,7016.0,1.0,0.75,-0.65,0.09,0.06
34120427.0,2984.0,0.0,-1.63,-0.09,-2.39,0
34127443.0,7016.0,1.0,0.75,-0.65,0.08,0.06
34131427.0,3984.0,0.0,-1.89,0.49,-2.24,0
34138443.0,7016.0,1.0,0.75,-0.65,0.08,0.06
34141427.0,2984.0,0.0,-1.95,0.29,-2.31,0
34151443.0,10016.0,1.0,0.75,-0.66,0.08,0.06
34154427.0,2984.0,0.0,-1.26,0.09,-2.65,0
34158443.0,4016.0,1.0,0.74,-0.66,0.09,0.06
34161427.0,2984.0,0.0,-0.9,0.0,-2.46,0
34167443.0,6016.0,1.0,0.74,-0.66,0.09,0.06
34171427.0,3984.0,0.0,-0.74,-0.5,-2.07,0
34177443.0,6016.0,1.0,0.74,-0.67,0.09,0.06
34180427.0,2984.0,0.0,-1.0,-0.47,-1.8,0
34188443.0,8016.0,1.0,0.74,-0.67,0.09,0.06
34191427.0,2984.0,0.0,-2.14,-0.18,-0.68,0
34197443.0,6016.0,1.0,0.73,-0.67,0.09,0.06
34200427.0,2984.0,0.0,-2.32,-0.24,-0.47,0
34207443.0,7016.0,1.0,0.73,-0.67,0.09,0.06
34210427.0,2984.0,0.0,-2.63,-0.26,-0.23,0
34217443.0,7016.0,1.0,0.73,-0.68,0.09,0.06
34220427.0,2984.0,0.0,-2.63,-0.32,0.03,0
34227443.0,7016.0,1.0,0.73,-0.68,0.09,0.06
34230427.0,2984.0,0.0,-1.63,-0.5,-0.5,0
34237443.0,7016.0,1.0,0.72,-0.68,0.09,0.06
34240427.0,2984.0,0.0,-1.05,-0.6,-0.51,0
34248443.0,8016.0,1.0,0.72,-0.68,0.09,0.07
34251427.0,2984.0,0.0,-0.41,-0.7,-0.61,0
34257443.0,6016.0,1.0,0.72,-0.69,0.09,0.07
34260427.0,2984.0,0.0,0.09,-0.51,-0.73,0
34267443.0,7016.0,1.0,0.71,-0.69,0.1,0.07
34270427.0,2984.0,0.0,0.17,-0.39,-0.8,0
34277443.0,7016.0,1.0,0.71,-0.69,0.1,0.07
34280427.0,2984.0,0.0,0.08,-0.5,-0.53,0
34288443.0,8016.0,1.0,0.71,-0.69,0.1,0.07
34291427.0,2984.0,0.0,0.12,-0.91,-0.49,0
34297443.0,6016.0,1.0,0.71,-0.7,0.1,0.07
34300427.0,2984.0,0.0,0.23,-0.75,-0.88,0
34307443.0,7016.0,1.0,0.7,-0.7,0.1,0.07
34310427.0,2984.0,0.0,0.22,-0.82,-1.0,0
34317443.0,7016.0,1.0,0.7,-0.7,0.1,0.07
34320427.0,2984.0,0.0,0.29,-0.46,-1.09,0
34328443.0,8016.0,1.0,0.7,-0.7,0.1,0.08
34331427.0,2984.0,0.0,0.01,0.0,-1.14,0
34337443.0,6016.0,1.0,0.7,-0.71,0.1,0.08
34340427.0,2984.0,0.0,-0.87,0.28,-1.5,0
34347443.0,7016.0,1.0,0.69,-0.71,0.1,0.08
34350427.0,2984.0,0.0,-0.92,0.44,-0.94,0
34357443.0,7016.0,1.0,0.69,-0.71,0.1,0.08
34360427.0,2984.0,0.0,-0.2,-0.2,-0.49,0
34368443.0,8016.0,1.0,0.69,-0.71,0.1,0.08
34371427.0,2984.0,0.0,1.1,-0.77,0.03,0
34383443.0,12016.0,1.0,0.69,-0.71,0.1,0.09
34388443.0,5000.0,1.0,0.68,-0.72,0.1,0.09
34391427.0,2984.0,0.0,3.61,-1.36,0.1,0
34397443.0,6016.0,1.0,0.68,-0.72,0.1,0.09
34400427.0,2984.0,0.0,2.86,-0.55,-0.06,0
34408443.0,8016.0,1.0,0.68,-0.72,0.11,0.09
34411427.0,2984.0,0.0,1.4,-0.48,-0.34,0
34417443.0,6016.0,1.0,0.68,-0.72,0.11,0.09
34420427.0,2984.0,0.0,-1.34,-0.09,-0.32,0
34427443.0,7016.0,1.0,0.67,-0.72,0.11,0.1
34430427.0,2984.0,0.0,-1.73,0.06,0.15,0
34438443.0,8016.0,1.0,0.67,-0.73,0.11,0.1
34441427.0,2984.0,0.0,-1.33,-1.23,0.48,0
34448443.0,7016.0,1.0,0.67,-0.73,0.11,0.1
34451427.0,2984.0,0.0,-0.32,-1.42,0.69,0
34457443.0,6016.0,1.0,0.67,-0.73,0.11,0.1
34460427.0,2984.0,0.0,0.36,-1.43,0.91,0
34467443.0,7016.0,1.0,0.66,-0.73,0.11,0.1
34471427.0,3984.0,0.0,0.98,-1.7,0.9,0
34478443.0,7016.0,1.0,0.66,-0.73,0.11,0.1
34481427.0,2984.0,0.0,0.86,-1.55,0.7,0
34488443.0,7016.0,1.0,0.66,-0.74,0.12,0.11
34491427.0,2984.0,0.0,-0.4,-0.41,0.73,0
34497443.0,6016.0,1.0,0.66,-0.74,0.12,0.11
34500427.0,2984.0,0.0,-0.92,0.04,0.03,0
34507443.0,7016.0,1.0,0.65,-0.74,0.12,0.11
34510427.0,2984.0,0.0,-1.97,0.61,-0.02,0
34518443.0,8016.0,1.0,0.65,-0.74,0.12,0.11
34521427.0,2984.0,0.0,-1.84,-0.39,0.11,0
34527443.0,6016.0,1.0,0.65,-0.74,0.12,0.11
34530427.0,2984.0,0.0,0.73,-2.77,0.97,0
34537443.0,7016.0,1.0,0.65,-0.74,0.12,0.12
34540427.0,2984.0,0.0,1.79,-1.3,0.96,0
34548443.0,8016.0,1.0,0.64,-0.75,0.12,0.12
34551427.0,2984.0,0.0,2.07,0.04,0.68,0
34558443.0,7016.0,1.0,0.64,-0.75,0.13,0.12
34561427.0,2984.0,0.0,1.74,0.04,0.51,0
34567443.0,6016.0,1.0,0.64,-0.75,0.13,0.12
34570427.0,2984.0,0.0,-0.43,1.07,-0.73,0
34577443.0,7016.0,1.0,0.63,-0.75,0.13,0.12
34580427.0,2984.0,0.0,-1.18,1.42,-1.29,0
34588443.0,8016.0,1.0,0.63,-0.75,0.13,0.13
34591427.0,2984.0,0.0,-1.48,1.27,-1.42,0
34598443.0,7016.0,1.0,0.63,-0.76,0.13,0.13
34601427.0,2984.0,0.0,-1.49,0.09,0.24,0
34608443.0,7016.0,1.0,0.63,-0.76,0.13,0.13
34611427.0,2984.0,0.0,0.32,-2.31,2.67,0
34621443.0,10016.0,1.0,0.62,-0.76,0.13,0.13
34624427.0,2984.0,0.0,0.3,-1.11,2.61,0
34631443.0,7016.0,1.0,0.62,-0.76,0.13,0.13
34634427.0,2984.0,0.0,-0.42,-0.45,1.5,0
34638443.0,4016.0,1.0,0.62,-0.76,0.13,0.13
34641427.0,2984.0,0.0,-0.26,0.33,1.17,0
34648443.0,7016.0,1.0,0.61,-0.77,0.14,0.13
34651427.0,2984.0,0.0,0.13,0.57,0.43,0
34657443.0,6016.0,1.0,0.61,-0.77,0.14,0.13
34660427.0,2984.0,0.0,0.45,0.19,-0.19,0
34668443.0,8016.0,1.0,0.61,-0.77,0.14,0.13
34671427.0,2984.0,0.0,0.77,-0.07,-0.96,0
34678443.0,7016.0,1.0,0.6,-0.77,0.14,0.14
34681427.0,2984.0,0.0,1.04,-0.1,-0.24,0
34688443.0,7016.0,1.0,0.6,-0.77,0.14,0.14
34691427.0,2984.0,0.0,1.4,-0.54,0.8,0
34698443.0,7016.0,1.0,0.6,-0.78,0.14,0.14
34701427.0,2984.0,0.0,1.59,-0.75,1.29,0
34708443.0,7016.0,1.0,0.59,-0.78,0.15,0.14
34711427.0,2984.0,0.0,1.14,-1.01,1.25,0
34717443.0,6016.0,1.0,0.59,-0.78,0.15,0.14
34720427.0,2984.0,0.0,0.22,-0.96,0.93,0
34728443.0,8016.0,1.0,0.59,-0.78,0.15,0.14
34731427.0,2984.0,0.0,0.38,-1.18,0.82,0
34738443.0,7016.0,1.0,0.58,-0.79,0.15,0.14
34741427.0,2984.0,0.0,0.72,-0.66,0.36,0
34748443.0,7016.0,1.0,0.58,-0.79,0.15,0.14
34751427.0,2984.0,0.0,0.64,-0.11,-0.52,0
34757443.0,6016.0,1.0,0.58,-0.79,0.15,0.14
34760427.0,2984.0,0.0,0.26,0.83,-1.25,0
34768443.0,8016.0,1.0,0.57,-0.79,0.16,0.14
34771427.0,2984.0,0.0,0.64,0.22,-0.72,0
34778443.0,7016.0,1.0,0.57,-0.79,0.16,0.14
34781427.0,2984.0,0.0,1.1,-0.84,0.42,0
34788443.0,7016.0,1.0,0.57,-0.8,0.16,0.14
34791427.0,2984.0,0.0,1.14,-1.21,1.64,0
34798443.0,7016.0,1.0,0.56,-0.8,0.16,0.15
34801427.0,2984.0,0.0,1.36,-0.86,1.9,0
34808443.0,7016.0,1.0,0.56,-0.8,0.16,0.15
34811427.0,2984.0,0.0,0.97,-1.5,1.74,0
34818443.0,7016.0,1.0,0.55,-0.8,0.17,0.15
34821427.0,2984.0,0.0,0.7,-1.3,1.52,0
34828443.0,7016.0,1.0,0.55,-0.8,0.17,0.15
34831427.0,2984.0,0.0,0.1,-0.46,1.05,0
34838443.0,7016.0,1.0,0.55,-0.81,0.17,0.15
34841427.0,2984.0,0.0,-0.68,0.16,-0.31,0
34848443.0,7016.0,1.0,0.54,-0.81,0.17,0.15
34851427.0,2984.0,0.0,-1.16,0.74,-0.3,0
34860443.0,9016.0,1.0,0.54,-0.81,0.18,0.15
34863427.0,2984.0,0.0,-1.33,1.66,0.21,0
34870443.0,7016.0,1.0,0.53,-0.81,0.18,0.15
34874427.0,3984.0,0.0,-1.98,1.06,-0.01,0
34878443.0,4016.0,1.0,0.53,-0.82,0.19,0.15
34881427.0,2984.0,0.0,-1.73,0.56,-0.08,0
34888443.0,7016.0,1.0,0.52,-0.82,0.19,0.15
34891427.0,2984.0,0.0,-0.41,0.59,0.45,0
34898443.0,7016.0,1.0,0.52,-0.82,0.19,0.16
34901427.0,2984.0,0.0,0.71,0.24,0.4,0
34907443.0,6016.0,1.0,0.52,-0.82,0.19,0.16
34910427.0,2984.0,0.0,0.19,0.23,-0.23,0
34918443.0,8016.0,1.0,0.51,-0.82,0.2,0.16
34921427.0,2984.0,0.0,-0.83,0.7,-1.0,0
34928443.0,7016.0,1.0,0.51,-0.82,0.2,0.16
34931427.0,2984.0,0.0,-1.77,1.04,-1.27,0
34938443.0,7016.0,1.0,0.5,-0.82,0.2,0.16
34941427.0,2984.0,0.0,-2.44,1.8,-1.13,0
34947443.0,6016.0,1.0,0.5,-0.83,0.2,0.17
34950427.0,2984.0,0.0,-2.49,2.35,-0.89,0
34958443.0,8016.0,1.0,0.5,-0.83,0.2,0.17
34961427.0,2984.0,0.0,-2.21,2.91,-0.92,0
34968443.0,7016.0,1.0,0.49,-0.83,0.2,0.17
34971427.0,2984.0,0.0,-1.84,2.25,-0.77,0
34978443.0,7016.0,1.0,0.49,-0.83,0.2,0.17
34981427.0,2984.0,0.0,-1.39,1.39,-0.82,0
34988443.0,7016.0,1.0,0.49,-0.83,0.2,0.18
34991427.0,2984.0,0.0,-2.36,1.75,-0.57,0
34998443.0,7016.0,1.0,0.49,-0.83,0.2,0.18
35001427.0,2984.0,0.0,-3.3,1.48,-0.59,0
35008443.0,7016.0,1.0,0.48,-0.83,0.21,0.19
35011427.0,2984.0,0.0,-4.58,0.76,-0.36,0
35018443.0,7016.0,1.0,0.48,-0.83,0.21,0.19
35021427.0,2984.0,0.0,-5.95,0.48,0.0,0
35028443.0,7016.0,1.0,0.48,-0.83,0.21,0.2
35031427.0,2984.0,0.0,-8.4,-0.57,0.93,0
35041443.0,10016.0,1.0,0.47,-0.83,0.21,0.21
35044427.0,2984.0,0.0,-9.58,-1.41,1.67,0
35051443.0,7016.0,1.0,0.47,-0.83,0.22,0.21
35054427.0,2984.0,0.0,-10.65,-1.74,1.84,0
35058443.0,4016.0,1.0,0.47,-0.83,0.22,0.21
35061427.0,2984.0,0.0,-14.05,-1.76,4.16,0
35068443.0,7016.0,1.0,0.46,-0.83,0.23,0.21
35071427.0,2984.0,0.0,-15.58,-2.18,4.81,0
35078443.0,7016.0,1.0,0.45,-0.83,0.25,0.21
35081427.0,2984.0,0.0,-18.59,-0.44,3.94,0
35088443.0,7016.0,1.0,0.45,-0.83,0.26,0.21
35091427.0,2984.0,0.0,-21.41,2.02,2.91,0
35098443.0,7016.0,1.0,0.44,-0.83,0.28,0.2
35101427.0,2984.0,0.0,-26.34,9.77,0.15,0
35108443.0,7016.0,1.0,0.43,-0.83,0.29,0.2
35111427.0,2984.0,0.0,-26.95,12.21,-3.11,0
35118443.0,7016.0,1.0,0.42,-0.83,0.31,0.19
35121427.0,2984.0,0.0,-26.98,16.36,-5.91,0
35128443.0,7016.0,1.0,0.42,-0.83,0.33,0.19
35131427.0,2984.0,0.0,-26.26,20.39,-6.24,0
35143443.0,12016.0,1.0,0.41,-0.82,0.34,0.19
35147427.0,3984.0,0.0,-19.67,11.19,-13.2,0
35150443.0,3016.0,1.0,0.41,-0.82,0.36,0.18
35153427.0,2984.0,0.0,-19.76,11.24,-13.05,0
35157443.0,4016.0,1.0,0.4,-0.82,0.38,0.16
35160427.0,2984.0,0.0,-17.83,12.93,-9.99,0
35168443.0,8016.0,1.0,0.39,-0.82,0.4,0.14
35171427.0,2984.0,0.0,-15.49,20.41,-12.93,0
35178443.0,7016.0,1.0,0.39,-0.81,0.41,0.14
35181427.0,2984.0,0.0,-13.14,24.65,-19.61,0
35188443.0,7016.0,1.0,0.4,-0.8,0.42,0.15
35191427.0,2984.0,0.0,-9.26,20.31,-20.74,0
35198443.0,7016.0,1.0,0.43,-0.79,0.41,0.17
35201427.0,2984.0,0.0,-1.69,9.3,-21.42,0
35208443.0,7016.0,1.0,0.45,-0.77,0.41,0.19
35211427.0,2984.0,0.0,6.66,-1.39,-23.09,0
35223443.0,12016.0,1.0,0.48,-0.75,0.4,0.2
35227427.0,3984.0,0.0,28.93,-11.03,-13.47,0
35230443.0,3016.0,1.0,0.51,-0.73,0.39,0.22
35233427.0,2984.0,0.0,29.11,-11.35,-14.2,0
35238443.0,5016.0,1.0,0.55,-0.71,0.38,0.23
35241427.0,2984.0,0.0,32.34,-12.04,-9.21,0
35248443.0,7016.0,1.0,0.57,-0.69,0.37,0.24
35251427.0,2984.0,0.0,35.53,-12.15,-2.52,0
35258443.0,7016.0,1.0,0.6,-0.67,0.37,0.24
35261427.0,2984.0,0.0,34.82,-9.89,-3.04,0
35268443.0,7016.0,1.0,0.63,-0.65,0.36,0.23
35271427.0,2984.0,0.0,32.7,-6.44,-3.11,0
35280443.0,9016.0,1.0,0.65,-0.63,0.36,0.23
35283427.0,2984.0,0.0,30.95,-4.4,-4.27,0
35290443.0,7016.0,1.0,0.68,-0.61,0.35,0.22
35293427.0,2984.0,0.0,27.16,-4.5,-6.85,0
35297443.0,4016.0,1.0,0.7,-0.59,0.33,0.22
35300427.0,2984.0,0.0,23.7,-6.12,-6.11,0
35308443.0,8016.0,1.0,0.73,-0.57,0.31,0.22
35311427.0,2984.0,0.0,19.65,-9.02,-5.03,0
35318443.0,7016.0,1.0,0.75,-0.55,0.29,0.22
35321427.0,2984.0,0.0,15.63,-12.24,-3.52,0
35328443.0,7016.0,1.0,0.77,-0.53,0.27,0.21
35331427.0,2984.0,0.0,9.66,-14.69,-0.67,0
35343443.0,12016.0,1.0,0.79,-0.52,0.26,0.21
35347427.0,3984.0,0.0,3.76,-12.74,0.85,0
35350443.0,3016.0,1.0,0.8,-0.5,0.24,0.2
35353427.0,2984.0,0.0,2.0,-10.59,1.0,0
35358443.0,5016.0,1.0,0.82,-0.49,0.23,0.19
35361427.0,2984.0,0.0,2.02,-10.32,0.62,0
35368443.0,7016.0,1.0,0.83,-0.48,0.22,0.18
35371427.0,2984.0,0.0,1.7,-10.02,0.72,0
35378443.0,7016.0,1.0,0.84,-0.47,0.21,0.18
35381427.0,2984.0,0.0,3.27,-9.45,1.14,0
35388443.0,7016.0,1.0,0.85,-0.46,0.2,0.17
35391427.0,2984.0,0.0,4.98,-9.12,1.41,0
35398443.0,7016.0,1.0,0.85,-0.45,0.19,0.16
35401427.0,2984.0,0.0,6.16,-8.68,1.79,0
35408443.0,7016.0,1.0,0.86,-0.45,0.18,0.15
35411427.0,2984.0,0.0,6.65,-7.45,2.2,0
35423443.0,12016.0,1.0,0.87,-0.44,0.18,0.15
35427427.0,3984.0,0.0,6.45,-5.27,1.7,0
35430443.0,3016.0,1.0,0.87,-0.44,0.17,0.14
35433427.0,2984.0,0.0,6.52,-4.44,1.17,0
35438443.0,5016.0,1.0,0.87,-0.44,0.17,0.13
35441427.0,2984.0,0.0,6.59,-4.22,0.89,0
35448443.0,7016.0,1.0,0.88,-0.43,0.16,0.13
35451427.0,2984.0,0.0,6.67,-4.32,0.96,0
35458443.0,7016.0,1.0,0.88,-0.43,0.16,0.12
35461427.0,2984.0,0.0,6.52,-4.33,0.84,0
35468443.0,7016.0,1.0,0.88,-0.43,0.15,0.12
35471427.0,2984.0,0.0,6.15,-4.47,0.55,0
35478443.0,7016.0,1.0,0.88,-0.43,0.15,0.11
35481427.0,2984.0,0.0,5.11,-3.83,0.19,0
35488443.0,7016.0,1.0,0.89,-0.43,0.14,0.11
35491427.0,2984.0,0.0,4.81,-3.73,0.35,0
35498443.0,7016.0,1.0,0.89,-0.43,0.14,0.11
35501427.0,2984.0,0.0,4.56,-4.21,0.29,0
35508443.0,7016.0,1.0,0.89,-0.43,0.14,0.1
35511427.0,2984.0,0.0,4.08,-3.71,0.43,0
35518443.0,7016.0,1.0,0.89,-0.43,0.14,0.1
35521427.0,2984.0,0.0,3.26,-2.3,-0.21,0
35528443.0,7016.0,1.0,0.89,-0.43,0.14,0.09
35531427.0,2984.0,0.0,2.71,-1.48,-0.51,0
35538443.0,7016.0,1.0,0.89,-0.43,0.13,0.09
35541427.0,2984.0,0.0,2.27,-0.98,-0.5,0
35548443.0,7016.0,1.0,0.89,-0.43,0.13,0.09
35551427.0,2984.0,0.0,1.92,-1.04,-0.79,0
35558443.0,7016.0,1.0,0.89,-0.43,0.13,0.08
35561427.0,2984.0,0.0,1.96,-0.83,-0.89,0
35568443.0,7016.0,1.0,0.89,-0.43,0.13,0.08
35571427.0,2984.0,0.0,1.91,-0.54,-0.7,0
35578443.0,7016.0,1.0,0.89,-0.44,0.13,0.07
35581427.0,2984.0,0.0,1.71,0.09,-0.45,0
35588443.0,7016.0,1.0,0.89,-0.44,0.13,0.07
35591427.0,2984.0,0.0,1.4,0.32,-0.17,0
35603443.0,12016.0,1.0,0.89,-0.44,0.13,0.07
35607427.0,3984.0,0.0,1.16,0.11,-0.52,0
35610443.0,3016.0,1.0,0.89,-0.44,0.12,0.06
35613427.0,2984.0,0.0,1.2,0.15,-0.49,0
35618443.0,5016.0,1.0,0.88,-0.45,0.12,0.06
35621427.0,2984.0,0.0,1.46,0.65,-0.6,0
35628443.0,7016.0,1.0,0.88,-0.45,0.12,0.06
35631427.0,2984.0,0.0,1.57,1.11,-0.83,0
35638443.0,7016.0,1.0,0.88,-0.45,0.12,0.06
35641427.0,2984.0,0.0,1.5,1.16,-0.26,0
35648443.0,7016.0,1.0,0.88,-0.45,0.12,0.05
35651427.0,2984.0,0.0,1.46,0.79,0.09,0
35658443.0,7016.0,1.0,0.88,-0.46,0.12,0.05
35661427.0,2984.0,0.0,1.41,0.23,0.16,0
35668443.0,7016.0,1.0,0.88,-0.46,0.11,0.05
35671427.0,2984.0,0.0,0.68,-0.83,-0.45,0
35678443.0,7016.0,1.0,0.88,-0.46,0.11,0.05
35681427.0,2984.0,0.0,0.33,-0.63,-0.86,0
35688443.0,7016.0,1.0,0.88,-0.46,0.11,0.05
35692427.0,3984.0,0.0,0.25,-0.21,-1.29,0
35698443.0,6016.0,1.0,0.88,-0.47,0.11,0.05
35701427.0,2984.0,0.0,0.29,0.05,-1.5,0
35708443.0,7016.0,1.0,0.87,-0.47,0.11,0.05
35711427.0,2984.0,0.0,0.25,0.54,-1.5,0
35718443.0,7016.0,1.0,0.87,-0.47,0.11,0.04
35721427.0,2984.0,0.0,0.09,0.86,-1.55,0
35728443.0,7016.0,1.0,0.87,-0.48,0.1,0.04
35731427.0,2984.0,0.0,0.01,0.84,-1.43,0
35738443.0,7016.0,1.0,0.87,-0.48,0.1,0.04
35741427.0,2984.0,0.0,-0.11,0.28,-1.54,0
35748443.0,7016.0,1.0,0.87,-0.48,0.1,0.04
35751427.0,2984.0,0.0,-0.04,0.87,-1.5,0
35758443.0,7016.0,1.0,0.87,-0.48,0.1,0.04
35761427.0,2984.0,0.0,0.15,1.3,-1.57,0
35768443.0,7016.0,1.0,0.87,-0.49,0.09,0.04
35771427.0,2984.0,0.0,0.41,1.14,-1.5,0
35778443.0,7016.0,1.0,0.87,-0.49,0.09,0.04
35781427.0,2984.0,0.0,0.67,0.57,-1.38,0
35788443.0,7016.0,1.0,0.87,-0.49,0.09,0.04
35791427.0,2984.0,0.0,0.27,0.29,-1.28,0
35798443.0,7016.0,1.0,0.87,-0.49,0.08,0.04
35801427.0,2984.0,0.0,0.07,0.86,-1.02,0
35808443.0,7016.0,1.0,0.86,-0.5,0.08,0.03
35811427.0,2984.0,0.0,-0.05,0.62,-0.95,0
35818443.0,7016.0,1.0,0.86,-0.5,0.07,0.03
35821427.0,2984.0,0.0,-0.37,0.23,-0.69,0
35828443.0,7016.0,1.0,0.86,-0.5,0.07,0.03
35831427.0,2984.0,0.0,-0.16,-0.08,-0.69,0
35841443.0,10016.0,1.0,0.86,-0.5,0.07,0.03
35844427.0,2984.0,0.0,-0.1,-0.63,-0.43,0
35851443.0,7016.0,1.0,0.86,-0.5,0.06,0.03
35854427.0,2984.0,0.0,-0.18,0.18,-0.09,0
35858443.0,4016.0,1.0,0.86,-0.51,0.06,0.03
35861427.0,2984.0,0.0,0.57,-1.96,-0.28,0
35868443.0,7016.0,1.0,0.86,-0.51,0.05,0.03
35871427.0,2984.0,0.0,0.56,-2.83,-0.43,0
35878443.0,7016.0,1.0,0.86,-0.51,0.05,0.03
35881427.0,2984.0,0.0,0.55,-2.64,-0.08,0
35889443.0,8016.0,1.0,0.86,-0.52,0.04,0.03
35892427.0,2984.0,0.0,0.43,-2.75,-0.03,0
35898443.0,6016.0,1.0,0.85,-0.52,0.04,0.03
35901427.0,2984.0,0.0,-0.46,-2.84,-0.66,0
35908443.0,7016.0,1.0,0.85,-0.52,0.04,0.04
35911427.0,2984.0,0.0,-1.12,-2.21,-0.61,0
35918443.0,7016.0,1.0,0.85,-0.52,0.03,0.04
35921427.0,2984.0,0.0,-1.58,-2.62,-1.19,0
35929443.0,8016.0,1.0,0.85,-0.53,0.03,0.04
35932427.0,2984.0,0.0,-1.82,-2.09,-1.04,0
35938443.0,6016.0,1.0,0.85,-0.53,0.03,0.04
35941427.0,2984.0,0.0,-1.55,-2.47,-1.74,0
35948443.0,7016.0,1.0,0.84,-0.54,0.03,0.04
35951427.0,2984.0,0.0,-2.17,-2.36,-1.93,0
35958443.0,7016.0,1.0,0.84,-0.54,0.02,0.04
35961427.0,2984.0,0.0,-2.86,-1.49,-2.2,0
35969443.0,8016.0,1.0,0.84,-0.54,0.02,0.04
35972427.0,2984.0,0.0,-3.36,-0.65,-3.0,0
35978443.0,6016.0,1.0,0.84,-0.55,0.02,0.04
35981427.0,2984.0,0.0,-3.43,-0.93,-2.42,0
35988443.0,7016.0,1.0,0.83,-0.55,0.02,0.04
35991427.0,2984.0,0.0,-3.18,-0.95,-2.03,0
35998443.0,7016.0,1.0,0.83,-0.56,0.02,0.04
36001427.0,2984.0,0.0,-2.75,-1.27,-2.1,0
36008443.0,7016.0,1.0,0.83,-0.56,0.02,0.04
36011427.0,2984.0,0.0,-2.41,-1.46,-0.87,0
36018443.0,7016.0,1.0,0.83,-0.56,0.02,0.04
36021427.0,2984.0,0.0,-2.38,-1.08,-0.29,0
36028443.0,7016.0,1.0,0.82,-0.57,0.02,0.04
36032427.0,3984.0,0.0,-2.62,-1.93,0.31,0
36041443.0,9016.0,1.0,0.82,-0.57,0.02,0.04
36044427.0,2984.0,0.0,-2.36,-1.18,-0.02,0
36051443.0,7016.0,1.0,0.82,-0.58,0.02,0.04
36055427.0,3984.0,0.0,-3.05,-1.09,-0.8,0
36059443.0,4016.0,1.0,0.81,-0.58,0.02,0.04
36062427.0,2984.0,0.0,-3.02,-0.59,-0.89,0
36068443.0,6016.0,1.0,0.81,-0.59,0.02,0.04
36071427.0,2984.0,0.0,-2.79,-0.25,-1.81,0
36078443.0,7016.0,1.0,0.81,-0.59,0.03,0.04
36081427.0,2984.0,0.0,-2.41,0.13,-2.32,0
36088443.0,7016.0,1.0,0.8,-0.59,0.03,0.04
36091427.0,2984.0,0.0,-2.62,0.1,-2.91,0
36098443.0,7016.0,1.0,0.8,-0.6,0.04,0.04
36101427.0,2984.0,0.0,-2.44,0.5,-3.33,0
36108443.0,7016.0,1.0,0.8,-0.6,0.04,0.04
36112427.0,3984.0,0.0,-2.98,0.09,-2.0,0
36118443.0,6016.0,1.0,0.79,-0.61,0.05,0.04
36121427.0,2984.0,0.0,-3.61,-0.09,-2.15,0
36128443.0,7016.0,1.0,0.79,-0.61,0.05,0.04
36131427.0,2984.0,0.0,-3.36,0.72,-2.96,0
36138443.0,7016.0,1.0,0.79,-0.62,0.05,0.04
36141427.0,2984.0,0.0,-3.26,1.06,-3.77,0
36148443.0,7016.0,1.0,0.78,-0.62,0.06,0.03
36151427.0,2984.0,0.0,-2.71,1.73,-3.88,0
36158443.0,7016.0,1.0,0.78,-0.62,0.06,0.03
36161427.0,2984.0,0.0,-2.11,2.77,-4.12,0
36168443.0,7016.0,1.0,0.77,-0.63,0.06,0.03
36171427.0,2984.0,0.0,-0.91,1.58,-3.14,0
36178443.0,7016.0,1.0,0.77,-0.63,0.07,0.03
36181427.0,2984.0,0.0,-0.08,1.32,-3.0,0
36189443.0,8016.0,1.0,0.77,-0.64,0.07,0.04
36192427.0,2984.0,0.0,0.47,1.16,-2.79,0
36199443.0,7016.0,1.0,0.76,-0.64,0.07,0.04
36202427.0,2984.0,0.0,0.61,0.98,-2.83,0
36212443.0,10016.0,1.0,0.76,-0.64,0.07,0.04
36215427.0,2984.0,0.0,-0.41,1.54,-3.74,0
36219443.0,4016.0,1.0,0.76,-0.65,0.07,0.04
36222427.0,2984.0,0.0,-1.28,1.7,-3.82,0
36229443.0,7016.0,1.0,0.76,-0.65,0.07,0.04
36232427.0,2984.0,0.0,-1.76,1.45,-3.77,0
36239443.0,7016.0,1.0,0.75,-0.65,0.07,0.04
36242427.0,2984.0,0.0,-2.52,2.66,-3.22,0
36248443.0,6016.0,1.0,0.75,-0.66,0.07,0.04
36251427.0,2984.0,0.0,-1.9,2.15,-2.9,0
36258443.0,7016.0,1.0,0.75,-0.66,0.07,0.04
36261427.0,2984.0,0.0,-1.0,1.22,-2.63,0
36269443.0,8016.0,1.0,0.74,-0.66,0.07,0.04
36272427.0,2984.0,0.0,-1.23,1.17,-1.78,0
36278443.0,6016.0,1.0,0.74,-0.67,0.07,0.04
36281427.0,2984.0,0.0,-1.26,-0.04,-0.56,0
36288443.0,7016.0,1.0,0.74,-0.67,0.07,0.05
36291427.0,2984.0,0.0,-1.07,-1.51,0.43,0
36298443.0,7016.0,1.0,0.74,-0.67,0.07,0.05
36301427.0,2984.0,0.0,-1.17,-1.38,0.66,0
36309443.0,8016.0,1.0,0.73,-0.67,0.07,0.05
36312427.0,2984.0,0.0,-1.4,-1.22,0.32,0
36318443.0,6016.0,1.0,0.73,-0.68,0.07,0.05
36321427.0,2984.0,0.0,-0.7,-1.25,-0.37,0
36328443.0,7016.0,1.0,0.73,-0.68,0.08,0.05
36331427.0,2984.0,0.0,-0.02,-1.17,-0.87,0
36338443.0,7016.0,1.0,0.73,-0.68,0.08,0.05
36341427.0,2984.0,0.0,-0.05,-0.63,-1.48,0
36349443.0,8016.0,1.0,0.72,-0.68,0.08,0.05
36352427.0,2984.0,0.0,-1.12,-0.19,-1.86,0
36358443.0,6016.0,1.0,0.72,-0.69,0.08,0.05
36361427.0,2984.0,0.0,-2.77,0.5,-1.56,0
36368443.0,7016.0,1.0,0.72,-0.69,0.08,0.05
36371427.0,2984.0,0.0,-2.39,0.06,-1.22,0
36379443.0,8016.0,1.0,0.72,-0.69,0.08,0.05
36382427.0,2984.0,0.0,-1.86,-0.34,0.13,0
36389443.0,7016.0,1.0,0.71,-0.69,0.08,0.05
36392427.0,2984.0,0.0,-0.83,-0.28,0.9,0
36398443.0,6016.0,1.0,0.71,-0.7,0.08,0.06
36401427.0,2984.0,0.0,0.29,-0.06,0.62,0
36409443.0,8016.0,1.0,0.71,-0.7,0.08,0.06
36413427.0,3984.0,0.0,0.44,0.11,0.5,0
36420443.0,7016.0,1.0,0.71,-0.7,0.08,0.06
36423427.0,2984.0,0.0,0.83,-0.37,0.11,0
36430443.0,7016.0,1.0,0.7,-0.7,0.08,0.06
36433427.0,2984.0,0.0,1.06,0.5,0.29,0
36440443.0,7016.0,1.0,0.7,-0.7,0.08,0.06
36443427.0,2984.0,0.0,1.39,-0.28,1.31,0
36448443.0,5016.0,1.0,0.7,-0.71,0.08,0.06
36452427.0,3984.0,0.0,1.43,0.17,1.37,0
36459443.0,7016.0,1.0,0.7,-0.71,0.08,0.06
36462427.0,2984.0,0.0,1.36,0.13,1.63,0
36468443.0,6016.0,1.0,0.7,-0.71,0.08,0.06
36471427.0,2984.0,0.0,1.04,-1.15,0.31,0
36478443.0,7016.0,1.0,0.69,-0.71,0.08,0.07
36481427.0,2984.0,0.0,0.27,-0.55,-0.42,0
36489443.0,8016.0,1.0,0.69,-0.72,0.08,0.07
36492427.0,2984.0,0.0,-0.42,-0.88,-0.78,0
36499443.0,7016.0,1.0,0.69,-0.72,0.08,0.07
36502427.0,2984.0,0.0,-1.08,-0.9,-1.14,0
36508443.0,6016.0,1.0,0.69,-0.72,0.08,0.07
36511427.0,2984.0,0.0,-1.13,-0.2,0.19,0
36518443.0,7016.0,1.0,0.68,-0.72,0.08,0.07
36521427.0,2984.0,0.0,-0.79,-0.45,0.52,0
36529443.0,8016.0,1.0,0.68,-0.72,0.08,0.07
36532427.0,2984.0,0.0,-0.68,-0.59,0.59,0
36539443.0,7016.0,1.0,0.68,-0.73,0.08,0.07
36542427.0,2984.0,0.0,-0.51,-0.27,0.26,0
36549443.0,7016.0,1.0,0.68,-0.73,0.08,0.08
36552427.0,2984.0,0.0,0.1,-0.11,-0.14,0
36558443.0,6016.0,1.0,0.67,-0.73,0.08,0.08
36561427.0,2984.0,0.0,0.62,-0.51,-0.16,0
36569443.0,8016.0,1.0,0.67,-0.73,0.08,0.08
36572427.0,2984.0,0.0,0.8,-0.85,0.7,0
36579443.0,7016.0,1.0,0.67,-0.73,0.08,0.08
36582427.0,2984.0,0.0,0.87,-0.95,0.79,0
36589443.0,7016.0,1.0,0.67,-0.74,0.08,0.08
36592427.0,2984.0,0.0,0.06,-0.82,0.89,0
36599443.0,7016.0,1.0,0.66,-0.74,0.08,0.09
36602427.0,2984.0,0.0,-0.3,-0.45,1.07,0
36609443.0,7016.0,1.0,0.66,-0.74,0.08,0.09
36612427.0,2984.0,0.0,-0.73,-0.59,1.12,0
36619443.0,7016.0,1.0,0.66,-0.74,0.08,0.09
36622427.0,2984.0,0.0,-0.55,-0.26,-0.38,0
36629443.0,7016.0,1.0,0.66,-0.74,0.08,0.09
36632427.0,2984.0,0.0,-0.46,-0.48,-0.68,0
36639443.0,7016.0,1.0,0.65,-0.75,0.08,0.09
36642427.0,2984.0,0.0,-0.39,-0.49,-0.77,0
36649443.0,7016.0,1.0,0.65,-0.75,0.08,0.09
36652427.0,2984.0,0.0,-0.2,-0.55,-0.68,0
36658443.0,6016.0,1.0,0.65,-0.75,0.08,0.09
36661427.0,2984.0,0.0,0.36,-0.48,0.67,0
36669443.0,8016.0,1.0,0.65,-0.75,0.08,0.1
36672427.0,2984.0,0.0,0.65,-1.3,1.41,0
36679443.0,7016.0,1.0,0.64,-0.75,0.08,0.1
36682427.0,2984.0,0.0,0.88,-1.7,1.98,0
36689443.0,7016.0,1.0,0.64,-0.76,0.08,0.1
36692427.0,2984.0,0.0,0.79,-1.46,2.11,0
36704443.0,12016.0,1.0,0.64,-0.76,0.08,0.1
36708427.0,3984.0,0.0,0.26,-0.18,0.64,0
36711443.0,3016.0,1.0,0.64,-0.76,0.09,0.1
36714427.0,2984.0,0.0,0.24,-0.2,0.7,0
36718443.0,4016.0,1.0,0.63,-0.76,0.09,0.1
36721427.0,2984.0,0.0,0.49,-0.34,0.11,0
36729443.0,8016.0,1.0,0.63,-0.76,0.09,0.1
36732427.0,2984.0,0.0,0.9,-0.02,-0.36,0
36739443.0,7016.0,1.0,0.63,-0.77,0.09,0.1
36742427.0,2984.0,0.0,0.8,-0.45,-0.18,0
36749443.0,7016.0,1.0,0.63,-0.77,0.09,0.1
36752427.0,2984.0,0.0,0.58,-0.55,0.12,0
36759443.0,7016.0,1.0,0.62,-0.77,0.09,0.11
36762427.0,2984.0,0.0,0.29,-0.52,0.64,0
36769443.0,7016.0,1.0,0.62,-0.77,0.09,0.11
36772427.0,2984.0,0.0,0.02,-0.36,0.82,0
36779443.0,7016.0,1.0,0.62,-0.77,0.1,0.11
36782427.0,2984.0,0.0,0.07,-0.32,0.39,0
36789443.0,7016.0,1.0,0.61,-0.78,0.1,0.11
36793427.0,3984.0,0.0,0.05,-0.48,0.5,0
36799443.0,6016.0,1.0,0.61,-0.78,0.1,0.11
36802427.0,2984.0,0.0,-0.05,-0.6,0.48,0
36809443.0,7016.0,1.0,0.61,-0.78,0.1,0.11
36812427.0,2984.0,0.0,0.02,-0.23,0.32,0
36819443.0,7016.0,1.0,0.6,-0.78,0.11,0.12
36822427.0,2984.0,0.0,0.14,-0.23,0.65,0
36829443.0,7016.0,1.0,0.6,-0.78,0.11,0.12
36832427.0,2984.0,0.0,0.22,-0.47,0.99,0
36839443.0,7016.0,1.0,0.6,-0.79,0.11,0.12
36842427.0,2984.0,0.0,0.26,-0.51,1.13,0
36849443.0,7016.0,1.0,0.59,-0.79,0.11,0.12
36852427.0,2984.0,0.0,0.3,-0.48,0.78,0
36859443.0,7016.0,1.0,0.59,-0.79,0.12,0.12
36862427.0,2984.0,0.0,0.3,-0.56,0.05,0
36869443.0,7016.0,1.0,0.59,-0.79,0.12,0.12
36872427.0,2984.0,0.0,0.31,-0.19,-0.65,0
36879443.0,7016.0,1.0,0.58,-0.79,0.12,0.12
36882427.0,2984.0,0.0,0.11,0.32,-0.77,0
36888443.0,6016.0,1.0,0.58,-0.8,0.12,0.12
36891427.0,2984.0,0.0,-0.03,0.25,-0.97,0
36899443.0,8016.0,1.0,0.58,-0.8,0.12,0.12
36902427.0,2984.0,0.0,-0.03,0.83,-1.08,0
36909443.0,7016.0,1.0,0.57,-0.8,0.13,0.13
36912427.0,2984.0,0.0,0.04,1.34,-0.71,0
36921443.0,9016.0,1.0,0.57,-0.8,0.13,0.13
36924427.0,2984.0,0.0,0.35,1.3,-0.22,0
36931443.0,7016.0,1.0,0.57,-0.8,0.13,0.13
36934427.0,2984.0,0.0,0.59,1.13,0.8,0
36938443.0,4016.0,1.0,0.56,-0.81,0.13,0.13
36941427.0,2984.0,0.0,0.55,0.87,0.75,0
36949443.0,8016.0,1.0,0.56,-0.81,0.13,0.13
36952427.0,2984.0,0.0,0.36,0.91,0.69,0
36959443.0,7016.0,1.0,0.56,-0.81,0.13,0.13
36962427.0,2984.0,0.0,-0.03,0.73,0.59,0
36969443.0,7016.0,1.0,0.55,-0.81,0.13,0.14
36972427.0,2984.0,0.0,-0.29,0.27,0.0,0
36979443.0,7016.0,1.0,0.55,-0.81,0.13,0.14
36982427.0,2984.0,0.0,-0.25,0.34,-0.29,0
36989443.0,7016.0,1.0,0.55,-0.82,0.13,0.14
36992427.0,2984.0,0.0,-0.17,0.34,-0.45,0
36999443.0,7016.0,1.0,0.54,-0.82,0.13,0.14
37002427.0,2984.0,0.0,0.86,1.12,-0.46,0
37009443.0,7016.0,1.0,0.54,-0.82,0.13,0.14
37012427.0,2984.0,0.0,1.43,0.87,-0.0,0
37019443.0,7016.0,1.0,0.54,-0.82,0.13,0.14
37022427.0,2984.0,0.0,1.74,0.99,0.59,0
37029443.0,7016.0,1.0,0.53,-0.82,0.13,0.14
37032427.0,2984.0,0.0,1.61,0.66,0.92,0
37039443.0,7016.0,1.0,0.53,-0.82,0.13,0.15
37042427.0,2984.0,0.0,0.96,-0.07,0.4,0
37049443.0,7016.0,1.0,0.53,-0.83,0.13,0.15
37052427.0,2984.0,0.0,0.3,-0.07,0.14,0
37059443.0,7016.0,1.0,0.52,-0.83,0.13,0.15
37062427.0,2984.0,0.0,-0.17,-0.7,0.05,0
37069443.0,7016.0,1.0,0.52,-0.83,0.13,0.16
37072427.0,2984.0,0.0,-0.41,-0.93,0.1,0
37078443.0,6016.0,1.0,0.52,-0.83,0.14,0.16
37081427.0,2984.0,0.0,-0.96,-1.23,-0.23,0
37089443.0,8016.0,1.0,0.51,-0.83,0.14,0.16
37092427.0,2984.0,0.0,-1.28,-1.01,-0.25,0
37099443.0,7016.0,1.0,0.51,-0.83,0.14,0.16
37102427.0,2984.0,0.0,-1.45,-0.75,0.0,0
37109443.0,7016.0,1.0,0.5,-0.84,0.14,0.16
37112427.0,2984.0,0.0,-1.62,-0.6,0.14,0
37119443.0,7016.0,1.0,0.5,-0.84,0.14,0.17
37122427.0,2984.0,0.0,-2.44,0.15,0.73,0
37129443.0,7016.0,1.0,0.5,-0.84,0.14,0.17
37132427.0,2984.0,0.0,-3.04,-0.41,0.73,0
37139443.0,7016.0,1.0,0.49,-0.84,0.14,0.17
37142427.0,2984.0,0.0,-3.95,-1.06,0.54,0
37149443.0,7016.0,1.0,0.49,-0.84,0.15,0.18
37152427.0,2984.0,0.0,-5.16,-1.3,0.16,0
37164443.0,12016.0,1.0,0.49,-0.84,0.15,0.18
37168427.0,3984.0,0.0,-7.18,-1.96,-0.13,0
37171443.0,3016.0,1.0,0.48,-0.84,0.15,0.19
37174427.0,2984.0,0.0,-7.25,-2.06,-0.11,0
37179443.0,5016.0,1.0,0.48,-0.84,0.16,0.19
37182427.0,2984.0,0.0,-8.04,-2.89,1.59,0
37189443.0,7016.0,1.0,0.47,-0.84,0.16,0.2
37192427.0,2984.0,0.0,-12.04,-2.41,2.14,0
37199443.0,7016.0,1.0,0.47,-0.84,0.17,0.2
37202427.0,2984.0,0.0,-13.98,-1.31,1.65,0
37209443.0,7016.0,1.0,0.46,-0.84,0.18,0.2
37212427.0,2984.0,0.0,-15.2,-1.44,2.64,0
37219443.0,7016.0,1.0,0.46,-0.85,0.2,0.19
37222427.0,2984.0,0.0,-16.29,0.24,2.8,0
37229443.0,7016.0,1.0,0.45,-0.85,0.22,0.18
37232427.0,2984.0,0.0,-20.07,3.28,1.27,0
37239443.0,7016.0,1.0,0.44,-0.85,0.24,0.17
37242427.0,2984.0,0.0,-20.94,5.45,0.26,0
37249443.0,7016.0,1.0,0.43,-0.85,0.26,0.16
37252427.0,2984.0,0.0,-21.35,9.65,-0.5,0
37261443.0,9016.0,1.0,0.42,-0.85,0.28,0.15
37264427.0,2984.0,0.0,-20.64,12.95,-1.24,0
37271443.0,7016.0,1.0,0.42,-0.85,0.3,0.15
37274427.0,2984.0,0.0,-19.51,17.98,-3.36,0
37279443.0,5016.0,1.0,0.41,-0.84,0.32,0.15
37282427.0,2984.0,0.0,-19.18,14.35,-4.66,0
37289443.0,7016.0,1.0,0.41,-0.84,0.33,0.15
37292427.0,2984.0,0.0,-19.22,14.04,-4.86,0
37299443.0,7016.0,1.0,0.4,-0.83,0.35,0.15
37302427.0,2984.0,0.0,-18.08,10.53,-6.85,0
37309443.0,7016.0,1.0,0.4,-0.83,0.36,0.14
37312427.0,2984.0,0.0,-15.88,0.34,-8.79,0
37324443.0,12016.0,1.0,0.39,-0.83,0.38,0.13
37328427.0,3984.0,0.0,-11.96,9.71,-8.69,0
37331443.0,3016.0,1.0,0.38,-0.82,0.41,0.11
37334427.0,2984.0,0.0,-9.71,18.12,-13.87,0
37339443.0,5016.0,1.0,0.38,-0.82,0.43,0.09
37342427.0,2984.0,0.0,-9.71,18.31,-13.71,0
37349443.0,7016.0,1.0,0.38,-0.81,0.44,0.09
37352427.0,2984.0,0.0,-4.85,20.95,-18.41,0
37359443.0,7016.0,1.0,0.4,-0.8,0.45,0.1
37362427.0,2984.0,0.0,-0.91,15.05,-18.64,0
37369443.0,7016.0,1.0,0.42,-0.78,0.44,0.12
37372427.0,2984.0,0.0,4.57,6.11,-19.37,0
37381443.0,9016.0,1.0,0.45,-0.77,0.44,0.14
37384427.0,2984.0,0.0,12.64,-3.69,-21.28,0
37392443.0,8016.0,1.0,0.48,-0.75,0.43,0.16
37395427.0,2984.0,0.0,29.11,-11.0,-20.09,0
37399443.0,4016.0,1.0,0.52,-0.72,0.42,0.18
37402427.0,2984.0,0.0,30.08,-13.57,-16.66,0
37409443.0,7016.0,1.0,0.55,-0.7,0.41,0.19
37412427.0,2984.0,0.0,28.86,-15.83,-10.83,0
37419443.0,7016.0,1.0,0.58,-0.68,0.4,0.2
37422427.0,2984.0,0.0,26.46,-17.3,-3.39,0
37429443.0,7016.0,1.0,0.6,-0.66,0.39,0.2
37432427.0,2984.0,0.0,24.69,-14.23,-3.57,0
37441443.0,9016.0,1.0,0.63,-0.65,0.38,0.2
37444427.0,2984.0,0.0,22.55,-9.87,-3.12,0
37451443.0,7016.0,1.0,0.65,-0.63,0.37,0.2
37454427.0,2984.0,0.0,20.57,-6.86,-2.29,0
37459443.0,5016.0,1.0,0.67,-0.61,0.36,0.2
37462427.0,2984.0,0.0,16.88,-7.48,-1.06,0
37469443.0,7016.0,1.0,0.7,-0.59,0.35,0.2
37472427.0,2984.0,0.0,14.86,-9.1,-1.55,0
37481443.0,9016.0,1.0,0.72,-0.58,0.33,0.2
37484427.0,2984.0,0.0,12.87,-10.06,-2.11,0
37491443.0,7016.0,1.0,0.74,-0.56,0.31,0.2
37494427.0,2984.0,0.0,10.75,-10.38,-1.84,0
37499443.0,5016.0,1.0,0.76,-0.55,0.3,0.2
37502427.0,2984.0,0.0,7.59,-9.93,-1.46,0
37509443.0,7016.0,1.0,0.77,-0.53,0.28,0.19
37512427.0,2984.0,0.0,6.29,-9.59,-1.57,0
37519443.0,7016.0,1.0,0.79,-0.52,0.27,0.18
37522427.0,2984.0,0.0,5.95,-9.02,-1.49,0
37529443.0,7016.0,1.0,0.8,-0.51,0.26,0.18
37532427.0,2984.0,0.0,6.39,-7.81,-1.18,0
37544443.0,12016.0,1.0,0.81,-0.5,0.25,0.17
37548427.0,3984.0,0.0,9.12,-5.61,0.11,0
37551443.0,3016.0,1.0,0.82,-0.49,0.24,0.16
37554427.0,2984.0,0.0,9.13,-5.39,-0.18,0
37559443.0,5016.0,1.0,0.83,-0.48,0.23,0.16
37562427.0,2984.0,0.0,9.18,-4.86,0.24,0
37569443.0,7016.0,1.0,0.84,-0.47,0.22,0.15
37572427.0,2984.0,0.0,8.55,-4.07,0.79,0
37579443.0,7016.0,1.0,0.85,-0.47,0.2,0.15
37582427.0,2984.0,0.0,6.47,-5.14,2.14,0
37589443.0,7016.0,1.0,0.85,-0.46,0.19,0.15
37592427.0,2984.0,0.0,5.19,-6.63,2.3,0
37599443.0,7016.0,1.0,0.86,-0.45,0.18,0.14
37602427.0,2984.0,0.0,4.26,-7.34,2.45,0
37609443.0,7016.0,1.0,0.87,-0.45,0.17,0.14
37612427.0,2984.0,0.0,2.59,-5.44,2.49,0
37624443.0,12016.0,1.0,0.87,-0.44,0.17,0.13
37628427.0,3984.0,0.0,1.96,-3.62,2.41,0
37631443.0,3016.0,1.0,0.87,-0.44,0.16,0.13
37634427.0,2984.0,0.0,1.95,-3.48,2.32,0
37639443.0,5016.0,1.0,0.88,-0.44,0.16,0.12
37642427.0,2984.0,0.0,1.98,-2.97,2.0,0
37649443.0,7016.0,1.0,0.88,-0.43,0.15,0.12
37652427.0,2984.0,0.0,3.21,-3.49,2.04,0
37659443.0,7016.0,1.0,0.88,-0.43,0.15,0.11
37662427.0,2984.0,0.0,3.32,-3.82,1.33,0
37669443.0,7016.0,1.0,0.89,-0.43,0.14,0.11
37673427.0,3984.0,0.0,3.1,-3.82,1.24,0
37679443.0,6016.0,1.0,0.89,-0.43,0.14,0.1
37682427.0,2984.0,0.0,3.18,-3.5,0.75,0
37689443.0,7016.0,1.0,0.89,-0.43,0.14,0.09
37692427.0,2984.0,0.0,3.28,-2.84,-0.5,0
37699443.0,7016.0,1.0,0.89,-0.43,0.14,0.09
37702427.0,2984.0,0.0,2.82,-2.11,-0.36,0
37709443.0,7016.0,1.0,0.89,-0.43,0.13,0.08
37712427.0,2984.0,0.0,3.07,-1.98,-0.45,0
37719443.0,7016.0,1.0,0.89,-0.43,0.13,0.08
37722427.0,2984.0,0.0,3.44,-2.11,-0.86,0
37729443.0,7016.0,1.0,0.89,-0.43,0.13,0.07
37732427.0,2984.0,0.0,3.46,-0.9,-1.43,0
37739443.0,7016.0,1.0,0.89,-0.43,0.13,0.07
37742427.0,2984.0,0.0,3.18,-0.41,-1.53,0
37749443.0,7016.0,1.0,0.89,-0.43,0.13,0.06
37752427.0,2984.0,0.0,3.2,-0.85,-1.87,0
37761443.0,9016.0,1.0,0.89,-0.43,0.13,0.06
37764427.0,2984.0,0.0,3.07,-1.25,-1.47,0
37772443.0,8016.0,1.0,0.89,-0.43,0.13,0.06
37775427.0,2984.0,0.0,3.14,-1.98,-0.71,0
37779443.0,4016.0,1.0,0.89,-0.44,0.12,0.05
37782427.0,2984.0,0.0,3.29,-2.12,-0.84,0
37790443.0,8016.0,1.0,0.89,-0.44,0.12,0.05
37793427.0,2984.0,0.0,3.29,-1.47,-0.95,0
37799443.0,6016.0,1.0,0.89,-0.44,0.12,0.05
37802427.0,2984.0,0.0,3.28,-0.25,-1.75,0
37809443.0,7016.0,1.0,0.89,-0.44,0.12,0.04
37812427.0,2984.0,0.0,3.05,0.06,-1.86,0
37819443.0,7016.0,1.0,0.89,-0.45,0.12,0.04
37822427.0,2984.0,0.0,2.75,0.07,-1.73,0
37830443.0,8016.0,1.0,0.88,-0.45,0.12,0.04
37833427.0,2984.0,0.0,2.09,-0.62,-1.38,0
37839443.0,6016.0,1.0,0.88,-0.45,0.12,0.04
37842427.0,2984.0,0.0,0.34,-1.62,-0.63,0
37849443.0,7016.0,1.0,0.88,-0.46,0.12,0.03
37852427.0,2984.0,0.0,-0.16,-1.59,-0.59,0
37859443.0,7016.0,1.0,0.88,-0.46,0.12,0.03
37862427.0,2984.0,0.0,-0.18,-0.89,-0.87,0
37870443.0,8016.0,1.0,0.88,-0.46,0.12,0.03
37873427.0,2984.0,0.0,-0.1,-0.19,-1.13,0
37879443.0,6016.0,1.0,0.87,-0.47,0.12,0.03
37882427.0,2984.0,0.0,0.13,0.73,-1.59,0
37889443.0,7016.0,1.0,0.87,-0.47,0.12,0.02
37892427.0,2984.0,0.0,0.61,1.29,-1.92,0
37899443.0,7016.0,1.0,0.87,-0.48,0.12,0.02
37902427.0,2984.0,0.0,0.97,0.72,-1.92,0
37910443.0,8016.0,1.0,0.87,-0.48,0.12,0.02
37913427.0,2984.0,0.0,1.05,-0.19,-2.12,0
37919443.0,6016.0,1.0,0.87,-0.49,0.12,0.02
37922427.0,2984.0,0.0,1.41,-0.3,-2.36,0
37929443.0,7016.0,1.0,0.86,-0.49,0.11,0.02
37932427.0,2984.0,0.0,1.56,0.37,-3.54,0
37939443.0,7016.0,1.0,0.86,-0.49,0.11,0.02
37942427.0,2984.0,0.0,1.02,0.5,-3.52,0
37950443.0,8016.0,1.0,0.86,-0.5,0.11,0.02
37953427.0,2984.0,0.0,0.83,1.56,-3.71,0
37959443.0,6016.0,1.0,0.86,-0.5,0.1,0.02
37962427.0,2984.0,0.0,-0.14,1.91,-3.29,0
37969443.0,7016.0,1.0,0.86,-0.5,0.1,0.02
37972427.0,2984.0,0.0,-0.46,2.07,-2.76,0
37980443.0,8016.0,1.0,0.86,-0.5,0.09,0.03
37983427.0,2984.0,0.0,-0.63,1.81,-2.07,0
37989443.0,6016.0,1.0,0.86,-0.51,0.08,0.03
37992427.0,2984.0,0.0,-1.06,1.13,-1.25,0
38004443.0,12016.0,1.0,0.86,-0.51,0.08,0.03
38008427.0,3984.0,0.0,-1.74,0.56,-0.34,0
38011443.0,3016.0,1.0,0.86,-0.51,0.07,0.03
38014427.0,2984.0,0.0,-1.71,0.63,-0.32,0
38020443.0,6016.0,1.0,0.86,-0.51,0.07,0.03
38023427.0,2984.0,0.0,-2.5,0.25,0.44,0
38029443.0,6016.0,1.0,0.85,-0.51,0.06,0.03
38032427.0,2984.0,0.0,-4.28,0.57,1.25,0
38039443.0,7016.0,1.0,0.85,-0.52,0.06,0.04
38042427.0,2984.0,0.0,-4.75,0.95,1.91,0
38049443.0,7016.0,1.0,0.85,-0.52,0.06,0.04
38053427.0,3984.0,0.0,-4.77,2.78,3.06,0
38059443.0,6016.0,1.0,0.85,-0.52,0.05,0.04
38062427.0,2984.0,0.0,-3.18,-0.54,0.54,0
38069443.0,7016.0,1.0,0.85,-0.52,0.05,0.04
38072427.0,2984.0,0.0,-2.45,-2.43,2.14,0
38079443.0,7016.0,1.0,0.85,-0.53,0.05,0.04
38082427.0,2984.0,0.0,-2.49,-2.6,2.55,0
38089443.0,7016.0,1.0,0.84,-0.53,0.05,0.04
38093427.0,3984.0,0.0,-3.07,-1.33,1.82,0
38099443.0,6016.0,1.0,0.84,-0.54,0.05,0.05
38102427.0,2984.0,0.0,-3.61,-1.56,1.97,0
38110443.0,8016.0,1.0,0.84,-0.54,0.05,0.05
38113427.0,2984.0,0.0,-2.92,-2.75,0.85,0
38119443.0,6016.0,1.0,0.84,-0.55,0.05,0.05
38122427.0,2984.0,0.0,-2.12,-2.55,0.36,0
38129443.0,7016.0,1.0,0.83,-0.55,0.05,0.05
38132427.0,2984.0,0.0,-1.66,-2.66,-0.69,0
38140443.0,8016.0,1.0,0.83,-0.55,0.05,0.05
38143427.0,2984.0,0.0,-0.7,-2.52,-1.57,0
38149443.0,6016.0,1.0,0.83,-0.56,0.06,0.05
38152427.0,2984.0,0.0,0.48,0.68,-2.8,0
38159443.0,7016.0,1.0,0.82,-0.56,0.06,0.04
38162427.0,2984.0,0.0,0.17,-0.19,-3.68,0
38170443.0,8016.0,1.0,0.82,-0.57,0.06,0.04
38173427.0,2984.0,0.0,0.39,0.16,-3.76,0
38179443.0,6016.0,1.0,0.82,-0.57,0.07,0.04
38182427.0,2984.0,0.0,0.16,-0.46,-2.5,0
38192443.0,10016.0,1.0,0.81,-0.58,0.07,0.05
38195427.0,2984.0,0.0,-1.62,-0.16,-2.42,0
38199443.0,4016.0,1.0,0.81,-0.58,0.07,0.05
38202427.0,2984.0,0.0,-2.05,-0.34,-2.7,0
38210443.0,8016.0,1.0,0.8,-0.59,0.08,0.05
38213427.0,2984.0,0.0,-2.33,-1.23,-2.81,0
38219443.0,6016.0,1.0,0.8,-0.59,0.08,0.05
38222427.0,2984.0,0.0,-2.0,-2.02,-3.23,0
38230443.0,8016.0,1.0,0.8,-0.6,0.08,0.05
38233427.0,2984.0,0.0,-1.55,-1.91,-2.73,0
38239443.0,6016.0,1.0,0.79,-0.6,0.09,0.05
38242427.0,2984.0,0.0,-1.07,-1.79,-1.93,0
38250443.0,8016.0,1.0,0.79,-0.61,0.09,0.05
38253427.0,2984.0,0.0,-0.7,-2.21,-1.85,0
38259443.0,6016.0,1.0,0.79,-0.61,0.09,0.05
38262427.0,2984.0,0.0,-0.86,-2.23,-1.82,0
38269443.0,7016.0,1.0,0.78,-0.61,0.09,0.04
38272427.0,2984.0,0.0,-1.2,-1.1,-2.81,0
38279443.0,7016.0,1.0,0.78,-0.62,0.1,0.04
38282427.0,2984.0,0.0,-1.78,-0.3,-3.11,0
38290443.0,8016.0,1.0,0.77,-0.62,0.1,0.04
38293427.0,2984.0,0.0,-2.34,0.08,-3.61,0
38300443.0,7016.0,1.0,0.77,-0.63,0.1,0.04
38303427.0,2984.0,0.0,-3.18,2.31,-3.69,0
38310443.0,7016.0,1.0,0.77,-0.63,0.1,0.04
38314427.0,3984.0,0.0,-2.97,2.59,-3.77,0
38319443.0,5016.0,1.0,0.76,-0.64,0.1,0.04
38322427.0,2984.0,0.0,-2.6,3.23,-3.45,0
38330443.0,8016.0,1.0,0.76,-0.64,0.1,0.04
38333427.0,2984.0,0.0,-1.77,2.11,-3.31,0
38345443.0,12016.0,1.0,0.76,-0.64,0.09,0.04
38350427.0,4984.0,0.0,0.13,2.67,-3.41,0
38353443.0,3016.0,1.0,0.76,-0.65,0.09,0.04
38356427.0,2984.0,0.0,0.11,2.35,-3.05,0
38360443.0,4016.0,1.0,0.75,-0.65,0.09,0.04
38363427.0,2984.0,0.0,0.12,2.38,-2.95,0
38370443.0,7016.0,1.0,0.75,-0.66,0.09,0.04
38373427.0,2984.0,0.0,-0.05,1.87,-2.41,0
38380443.0,7016.0,1.0,0.75,-0.66,0.09,0.04
38383427.0,2984.0,0.0,-0.35,1.54,-1.63,0
38390443.0,7016.0,1.0,0.74,-0.66,0.09,0.04
38393427.0,2984.0,0.0,-0.48,1.43,-1.42,0
38400443.0,7016.0,1.0,0.74,-0.67,0.09,0.04
38403427.0,2984.0,0.0,-1.09,0.67,-1.41,0
38410443.0,7016.0,1.0,0.74,-0.67,0.09,0.04
38413427.0,2984.0,0.0,-3.23,0.58,-1.35,0
38420443.0,7016.0,1.0,0.73,-0.67,0.09,0.04
38423427.0,2984.0,0.0,-3.22,-0.62,-1.75,0
38430443.0,7016.0,1.0,0.73,-0.68,0.09,0.04
38433427.0,2984.0,0.0,-2.64,-0.42,-1.38,0
38440443.0,7016.0,1.0,0.73,-0.68,0.09,0.04
38443427.0,2984.0,0.0,-1.68,-0.76,-1.9,0
38449443.0,6016.0,1.0,0.72,-0.68,0.1,0.04
38452427.0,2984.0,0.0,-0.38,-0.71,-1.19,0
38460443.0,8016.0,1.0,0.72,-0.69,0.1,0.04
38463427.0,2984.0,0.0,-0.72,-1.09,-0.66,0
38470443.0,7016.0,1.0,0.72,-0.69,0.1,0.04
38473427.0,2984.0,0.0,-0.69,-0.16,-0.75,0
38480443.0,7016.0,1.0,0.71,-0.69,0.11,0.04
38483427.0,2984.0,0.0,-0.5,0.5,-0.3,0
38490443.0,7016.0,1.0,0.71,-0.7,0.11,0.04
38493427.0,2984.0,0.0,-0.24,0.25,0.21,0
38500443.0,7016.0,1.0,0.71,-0.7,0.11,0.04
38503427.0,2984.0,0.0,0.37,-0.15,0.46,0
38510443.0,7016.0,1.0,0.7,-0.7,0.11,0.04
38513427.0,2984.0,0.0,0.8,-0.58,0.75,0
38520443.0,7016.0,1.0,0.7,-0.71,0.11,0.04
38523427.0,2984.0,0.0,0.72,-0.43,0.68,0
38530443.0,7016.0,1.0,0.7,-0.71,0.11,0.04
38533427.0,2984.0,0.0,1.55,0.46,-0.63,0
38543443.0,10016.0,1.0,0.69,-0.71,0.11,0.04
38546427.0,2984.0,0.0,1.21,0.04,-0.82,0
38553443.0,7016.0,1.0,0.69,-0.72,0.11,0.04
38556427.0,2984.0,0.0,1.09,0.94,-0.76,0
38560443.0,4016.0,1.0,0.69,-0.72,0.11,0.04
38563427.0,2984.0,0.0,0.48,2.18,-1.44,0
38570443.0,7016.0,1.0,0.68,-0.72,0.11,0.04
38573427.0,2984.0,0.0,-0.67,1.97,-1.85,0
38580443.0,7016.0,1.0,0.68,-0.72,0.11,0.04
38583427.0,2984.0,0.0,-1.09,2.5,-1.86,0
38590443.0,7016.0,1.0,0.68,-0.73,0.1,0.04
38593427.0,2984.0,0.0,-0.55,1.08,-1.7,0
38600443.0,7016.0,1.0,0.67,-0.73,0.1,0.04
38603427.0,2984.0,0.0,0.9,-0.16,-1.06,0
38610443.0,7016.0,1.0,0.67,-0.73,0.1,0.04
38613427.0,2984.0,0.0,1.09,0.46,-0.11,0
38620443.0,7016.0,1.0,0.67,-0.74,0.09,0.04
38623427.0,2984.0,0.0,1.05,0.23,0.23,0
38630443.0,7016.0,1.0,0.67,-0.74,0.09,0.04
38633427.0,2984.0,0.0,0.33,0.02,0.07,0
38639443.0,6016.0,1.0,0.66,-0.74,0.09,0.04
38642427.0,2984.0,0.0,-1.78,1.7,0.18,0
38650443.0,8016.0,1.0,0.66,-0.74,0.09,0.04
38653427.0,2984.0,0.0,-2.17,0.1,0.02,0
38660443.0,7016.0,1.0,0.66,-0.75,0.08,0.04
38663427.0,2984.0,0.0,-1.82,-1.41,0.5,0
38670443.0,7016.0,1.0,0.66,-0.75,0.08,0.05
38673427.0,2984.0,0.0,-1.5,-1.68,1.07,0
38680443.0,7016.0,1.0,0.65,-0.75,0.08,0.05
38683427.0,2984.0,0.0,-1.31,-2.37,0.52,0
38690443.0,7016.0,1.0,0.65,-0.75,0.08,0.05
38693427.0,2984.0,0.0,-1.43,-2.06,0.18,0
38700443.0,7016.0,1.0,0.65,-0.76,0.08,0.05
38703427.0,2984.0,0.0,-0.91,-2.25,-0.14,0
38710443.0,7016.0,1.0,0.64,-0.76,0.08,0.05
38713427.0,2984.0,0.0,-0.66,-1.11,-0.52,0
38720443.0,7016.0,1.0,0.64,-0.76,0.08,0.05
38723427.0,2984.0,0.0,0.21,-0.5,-0.55,0
38730443.0,7016.0,1.0,0.64,-0.76,0.08,0.05
38734427.0,3984.0,0.0,0.61,-0.1,-0.52,0
38740443.0,6016.0,1.0,0.64,-0.77,0.08,0.05
38743427.0,2984.0,0.0,0.55,-0.03,-1.16,0
38750443.0,7016.0,1.0,0.63,-0.77,0.08,0.05
38753427.0,2984.0,0.0,-0.07,0.18,-2.12,0
38765443.0,12016.0,1.0,0.63,-0.77,0.08,0.05
38769427.0,3984.0,0.0,-0.52,-0.65,-0.37,0
38772443.0,3016.0,1.0,0.63,-0.77,0.08,0.05
38775427.0,2984.0,0.0,-0.54,-0.67,-0.3,0
38779443.0,4016.0,1.0,0.62,-0.78,0.08,0.06
38782427.0,2984.0,0.0,-0.36,-0.95,0.42,0
38790443.0,8016.0,1.0,0.62,-0.78,0.08,0.06
38793427.0,2984.0,0.0,-0.23,-1.02,0.57,0
38800443.0,7016.0,1.0,0.62,-0.78,0.08,0.06
38803427.0,2984.0,0.0,0.13,-1.34,0.48,0
38810443.0,7016.0,1.0,0.61,-0.78,0.08,0.06
38813427.0,2984.0,0.0,0.46,-1.28,0.25,0
38820443.0,7016.0,1.0,0.61,-0.78,0.08,0.06
38823427.0,2984.0,0.0,0.68,-0.95,0.43,0
38830443.0,7016.0,1.0,0.61,-0.79,0.08,0.06
38833427.0,2984.0,0.0,-0.04,-0.18,-0.04,0
38840443.0,7016.0,1.0,0.61,-0.79,0.08,0.06
38843427.0,2984.0,0.0,-0.87,0.85,-0.23,0
38850443.0,7016.0,1.0,0.6,-0.79,0.08,0.07
38853427.0,2984.0,0.0,-1.53,0.89,-0.28,0
38860443.0,7016.0,1.0,0.6,-0.79,0.07,0.07
38863427.0,2984.0,0.0,-1.94,0.6,-0.41,0
38870443.0,7016.0,1.0,0.6,-0.8,0.07,0.07
38873427.0,2984.0,0.0,-1.0,-0.09,-0.11,0
38880443.0,7016.0,1.0,0.59,-0.8,0.07,0.07
38883427.0,2984.0,0.0,-0.79,-0.22,-0.12,0
38890443.0,7016.0,1.0,0.59,-0.8,0.07,0.07
38893427.0,2984.0,0.0,-0.13,0.2,-1.01,0
38900443.0,7016.0,1.0,0.59,-0.8,0.07,0.07
38903427.0,2984.0,0.0,0.58,0.38,-0.6,0
38910443.0,7016.0,1.0,0.58,-0.8,0.07,0.07
38913427.0,2984.0,0.0,1.54,0.26,0.16,0
38920443.0,7016.0,1.0,0.58,-0.81,0.07,0.07
38923427.0,2984.0,0.0,1.48,-0.26,0.41,0
38930443.0,7016.0,1.0,0.58,-0.81,0.07,0.07
38933427.0,2984.0,0.0,0.88,-0.69,0.87,0
38940443.0,7016.0,1.0,0.57,-0.81,0.07,0.08
38943427.0,2984.0,0.0,-0.03,-0.26,1.43,0
38950443.0,7016.0,1.0,0.57,-0.81,0.07,0.08
38953427.0,2984.0,0.0,-0.63,-1.73,0.85,0
38960443.0,7016.0,1.0,0.57,-0.82,0.08,0.08
38963427.0,2984.0,0.0,-0.86,-0.89,1.04,0
38970443.0,7016.0,1.0,0.56,-0.82,0.08,0.08
38973427.0,2984.0,0.0,-0.58,-0.64,0.73,0
38980443.0,7016.0,1.0,0.56,-0.82,0.08,0.08
38983427.0,2984.0,0.0,0.26,-0.66,-0.47,0
38990443.0,7016.0,1.0,0.56,-0.82,0.08,0.08
38993427.0,2984.0,0.0,0.23,0.08,-0.7,0
39003443.0,10016.0,1.0,0.55,-0.82,0.08,0.08
39006427.0,2984.0,0.0,0.34,-0.61,-0.02,0
39013443.0,7016.0,1.0,0.55,-0.83,0.08,0.08
39016427.0,2984.0,0.0,0.54,-1.16,0.63,0
39020443.0,4016.0,1.0,0.55,-0.83,0.08,0.09
39023427.0,2984.0,0.0,1.21,-0.97,0.74,0
39030443.0,7016.0,1.0,0.54,-0.83,0.08,0.09
39033427.0,2984.0,0.0,0.98,-0.9,0.73,0
39040443.0,7016.0,1.0,0.54,-0.83,0.08,0.09
39043427.0,2984.0,0.0,0.82,-0.32,-0.27,0
39050443.0,7016.0,1.0,0.54,-0.84,0.09,0.09
39053427.0,2984.0,0.0,0.32,-0.4,-0.36,0
39059443.0,6016.0,1.0,0.53,-0.84,0.09,0.09
39062427.0,2984.0,0.0,-1.17,-0.86,-0.9,0
39070443.0,8016.0,1.0,0.53,-0.84,0.09,0.1
39073427.0,2984.0,0.0,-1.91,-0.36,-0.79,0
39080443.0,7016.0,1.0,0.52,-0.84,0.09,0.1
39083427.0,2984.0,0.0,-2.11,-1.64,0.46,0
39090443.0,7016.0,1.0,0.52,-0.84,0.09,0.1
39093427.0,2984.0,0.0,-1.89,-2.44,1.68,0
39100443.0,7016.0,1.0,0.52,-0.85,0.09,0.1
39103427.0,2984.0,0.0,-0.98,-1.32,1.95,0
39110443.0,7016.0,1.0,0.51,-0.85,0.09,0.1
39113427.0,2984.0,0.0,-0.79,-0.73,1.57,0
39120443.0,7016.0,1.0,0.51,-0.85,0.09,0.1
39123427.0,2984.0,0.0,-0.35,-0.94,0.73,0
39130443.0,7016.0,1.0,0.5,-0.85,0.09,0.1
39133427.0,2984.0,0.0,0.29,-0.27,0.04,0
39140443.0,7016.0,1.0,0.5,-0.86,0.09,0.1
39143427.0,2984.0,0.0,0.47,0.58,-1.58,0
39150443.0,7016.0,1.0,0.49,-0.86,0.09,0.11
39153427.0,2984.0,0.0,0.46,0.25,-1.09,0
39160443.0,7016.0,1.0,0.49,-0.86,0.09,0.11
39163427.0,2984.0,0.0,0.53,0.15,-0.02,0
39170443.0,7016.0,1.0,0.49,-0.86,0.1,0.11
39173427.0,2984.0,0.0,0.47,-0.26,1.31,0
39180443.0,7016.0,1.0,0.48,-0.86,0.1,0.11
39183427.0,2984.0,0.0,0.49,-0.64,1.38,0
39190443.0,7016.0,1.0,0.48,-0.87,0.1,0.11
39194427.0,3984.0,0.0,0.24,-1.5,0.96,0
39201443.0,7016.0,1.0,0.47,-0.87,0.1,0.12
39204427.0,2984.0,0.0,-0.36,-1.5,1.15,0
39214443.0,10016.0,1.0,0.47,-0.87,0.1,0.12
39217427.0,2984.0,0.0,-0.81,-1.23,0.8,0
39221443.0,4016.0,1.0,0.46,-0.87,0.11,0.12
39224427.0,2984.0,0.0,-1.2,-0.39,0.92,0
39230443.0,6016.0,1.0,0.46,-0.87,0.11,0.12
39233427.0,2984.0,0.0,-1.42,0.33,0.24,0
39240443.0,7016.0,1.0,0.45,-0.88,0.11,0.12
39243427.0,2984.0,0.0,-1.77,0.77,0.28,0
39250443.0,7016.0,1.0,0.45,-0.88,0.12,0.12
39253427.0,2984.0,0.0,-2.42,0.26,-0.91,0
39260443.0,7016.0,1.0,0.44,-0.88,0.12,0.13
39263427.0,2984.0,0.0,-2.51,0.13,-1.6,0
39270443.0,7016.0,1.0,0.44,-0.88,0.12,0.13
39273427.0,2984.0,0.0,-2.97,0.54,-1.68,0
39280443.0,7016.0,1.0,0.43,-0.88,0.13,0.13
39283427.0,2984.0,0.0,-3.21,0.29,-2.03,0
39290443.0,7016.0,1.0,0.43,-0.88,0.13,0.13
39293427.0,2984.0,0.0,-3.53,-0.5,-1.34,0
39300443.0,7016.0,1.0,0.42,-0.89,0.14,0.13
39303427.0,2984.0,0.0,-4.04,-0.64,-0.77,0
39310443.0,7016.0,1.0,0.42,-0.89,0.14,0.13
39313427.0,2984.0,0.0,-4.5,-0.47,-0.9,0
39320443.0,7016.0,1.0,0.41,-0.89,0.15,0.14
39323427.0,2984.0,0.0,-5.39,-0.46,-0.54,0
39330443.0,7016.0,1.0,0.41,-0.89,0.16,0.14
39333427.0,2984.0,0.0,-6.09,-0.14,0.95,0
39345443.0,12016.0,1.0,0.41,-0.89,0.16,0.14
39349427.0,3984.0,0.0,-7.06,-1.29,2.61,0
39352443.0,3016.0,1.0,0.4,-0.89,0.17,0.14
39355427.0,2984.0,0.0,-7.62,-1.74,2.62,0
39360443.0,5016.0,1.0,0.4,-0.89,0.18,0.14
39363427.0,2984.0,0.0,-8.64,-2.27,2.85,0
39370443.0,7016.0,1.0,0.39,-0.89,0.19,0.14
39373427.0,2984.0,0.0,-10.36,-2.34,3.14,0
39380443.0,7016.0,1.0,0.39,-0.89,0.2,0.14
39383427.0,2984.0,0.0,-12.31,-1.1,2.66,0
39390443.0,7016.0,1.0,0.38,-0.89,0.21,0.14
39393427.0,2984.0,0.0,-14.2,-0.67,1.3,0
39400443.0,7016.0,1.0,0.37,-0.89,0.23,0.14
39403427.0,2984.0,0.0,-19.21,2.83,-2.05,0
39410443.0,7016.0,1.0,0.37,-0.89,0.25,0.13
39413427.0,2984.0,0.0,-22.18,4.64,-3.65,0
39420443.0,7016.0,1.0,0.36,-0.89,0.26,0.13
39423427.0,2984.0,0.0,-23.71,8.64,-5.87,0
39430443.0,7016.0,1.0,0.35,-0.88,0.28,0.12
39433427.0,2984.0,0.0,-24.86,15.11,-8.95,0
39445443.0,12016.0,1.0,0.35,-0.88,0.3,0.12
39450427.0,4984.0,0.0,-26.09,18.45,-16.31,0
39453443.0,3016.0,1.0,0.35,-0.88,0.31,0.12
39456427.0,2984.0,0.0,-26.17,18.38,-16.27,0
39460443.0,4016.0,1.0,0.35,-0.87,0.33,0.12
39463427.0,2984.0,0.0,-25.1,16.38,-18.62,0
39470443.0,7016.0,1.0,0.35,-0.87,0.34,0.12
39473427.0,2984.0,0.0,-24.53,13.12,-16.7,0
39480443.0,7016.0,1.0,0.35,-0.86,0.36,0.11
39483427.0,2984.0,0.0,-18.98,5.68,-17.41,0
39490443.0,7016.0,1.0,0.35,-0.85,0.37,0.11
39493427.0,2984.0,0.0,-15.6,17.36,-14.81,0
39500443.0,7016.0,1.0,0.36,-0.84,0.38,0.11
39503427.0,2984.0,0.0,-11.34,22.77,-18.31,0
39510443.0,7016.0,1.0,0.38,-0.83,0.39,0.13
39513427.0,2984.0,0.0,-8.48,17.98,-20.05,0
39525443.0,12016.0,1.0,0.4,-0.82,0.38,0.15
39529427.0,3984.0,0.0,12.7,-8.37,-18.5,0
39532443.0,3016.0,1.0,0.43,-0.8,0.38,0.18
39535427.0,2984.0,0.0,12.88,-8.9,-19.14,0
39540443.0,5016.0,1.0,0.46,-0.78,0.38,0.2
39543427.0,2984.0,0.0,19.25,-9.72,-19.2,0
39550443.0,7016.0,1.0,0.5,-0.75,0.37,0.22
39553427.0,2984.0,0.0,33.08,-10.48,-10.2,0
39560443.0,7016.0,1.0,0.53,-0.73,0.36,0.23
39563427.0,2984.0,0.0,35.89,-12.93,-7.5,0
39570443.0,7016.0,1.0,0.56,-0.71,0.35,0.24
39573427.0,2984.0,0.0,35.22,-11.76,-4.58,0
39582443.0,9016.0,1.0,0.59,-0.69,0.35,0.24
39585427.0,2984.0,0.0,33.13,-9.96,-3.43,0
39592443.0,7016.0,1.0,0.62,-0.67,0.34,0.24
39595427.0,2984.0,0.0,28.61,-5.6,-2.4,0
39600443.0,5016.0,1.0,0.65,-0.64,0.33,0.24
39603427.0,2984.0,0.0,26.94,-4.63,-2.74,0
39610443.0,7016.0,1.0,0.68,-0.62,0.32,0.24
39613427.0,2984.0,0.0,25.33,-5.31,-3.59,0
39620443.0,7016.0,1.0,0.7,-0.6,0.3,0.24
39623427.0,2984.0,0.0,23.61,-7.82,-4.82,0
39630443.0,7016.0,1.0,0.72,-0.58,0.29,0.24
39633427.0,2984.0,0.0,17.96,-11.05,-3.59,0
39645443.0,12016.0,1.0,0.75,-0.56,0.28,0.23
39649427.0,3984.0,0.0,11.5,-11.48,-1.14,0
39652443.0,3016.0,1.0,0.76,-0.54,0.26,0.23
39655427.0,2984.0,0.0,8.88,-10.61,-0.46,0
39660443.0,5016.0,1.0,0.78,-0.53,0.25,0.22
39663427.0,2984.0,0.0,8.91,-10.37,-0.94,0
39670443.0,7016.0,1.0,0.8,-0.51,0.24,0.21
39673427.0,2984.0,0.0,4.69,-10.5,0.93,0
39680443.0,7016.0,1.0,0.81,-0.5,0.23,0.21
39683427.0,2984.0,0.0,3.7,-10.37,-0.12,0
39690443.0,7016.0,1.0,0.82,-0.49,0.21,0.2
39693427.0,2984.0,0.0,3.15,-9.9,-1.0,0
39702443.0,9016.0,1.0,0.83,-0.48,0.2,0.19
39705427.0,2984.0,0.0,2.9,-9.29,-1.66,0
39713443.0,8016.0,1.0,0.84,-0.47,0.19,0.19
39716427.0,2984.0,0.0,3.42,-8.11,-1.23,0
39720443.0,4016.0,1.0,0.85,-0.46,0.19,0.18
39723427.0,2984.0,0.0,4.13,-7.02,-1.07,0
39730443.0,7016.0,1.0,0.86,-0.45,0.18,0.17
39733427.0,2984.0,0.0,4.61,-5.71,-0.68,0
39740443.0,7016.0,1.0,0.86,-0.44,0.17,0.17
39743427.0,2984.0,0.0,4.66,-4.62,-0.74,0
39750443.0,7016.0,1.0,0.87,-0.44,0.16,0.16
39753427.0,2984.0,0.0,4.45,-4.44,-0.82,0
39760443.0,7016.0,1.0,0.87,-0.43,0.16,0.16
39763427.0,2984.0,0.0,4.32,-3.5,-1.33,0
39771443.0,8016.0,1.0,0.88,-0.43,0.15,0.15
39774427.0,2984.0,0.0,4.11,-3.15,-1.41,0
39786443.0,12016.0,1.0,0.88,-0.42,0.14,0.15
39791443.0,5000.0,1.0,0.89,-0.42,0.14,0.14
39794427.0,2984.0,0.0,3.31,-2.95,-1.3,0
39800443.0,6016.0,1.0,0.89,-0.42,0.13,0.13
39803427.0,2984.0,0.0,2.84,-2.28,-0.42,0
39811443.0,8016.0,1.0,0.89,-0.41,0.13,0.13
39814427.0,2984.0,0.0,2.56,-1.91,-0.19,0
39820443.0,6016.0,1.0,0.89,-0.41,0.12,0.13
39823427.0,2984.0,0.0,2.18,-3.47,1.09,0
39830443.0,7016.0,1.0,0.9,-0.41,0.12,0.12
39833427.0,2984.0,0.0,1.87,-4.6,1.12,0
39840443.0,7016.0,1.0,0.9,-0.41,0.11,0.12
39843427.0,2984.0,0.0,1.65,-4.67,0.81,0
39851443.0,8016.0,1.0,0.9,-0.41,0.11,0.11
39854427.0,2984.0,0.0,1.2,-3.29,0.41,0
39861443.0,7016.0,1.0,0.9,-0.41,0.11,0.11
39864427.0,2984.0,0.0,0.29,-1.02,-0.53,0
39870443.0,6016.0,1.0,0.9,-0.41,0.11,0.1
39873427.0,2984.0,0.0,0.34,-0.75,-0.8,0
39880443.0,7016.0,1.0,0.9,-0.41,0.1,0.1
39883427.0,2984.0,0.0,0.21,-0.48,-0.89,0
39891443.0,8016.0,1.0,0.9,-0.41,0.1,0.09
39894427.0,2984.0,0.0,0.06,-0.28,-0.9,0
39900443.0,6016.0,1.0,0.9,-0.41,0.1,0.09
39903427.0,2984.0,0.0,-0.23,0.25,-0.52,0
39910443.0,7016.0,1.0,0.9,-0.41,0.1,0.09
39913427.0,2984.0,0.0,-0.38,0.09,-0.1,0
39921443.0,8016.0,1.0,0.9,-0.41,0.09,0.08
39924427.0,2984.0,0.0,-0.34,-0.25,0.04,0
39931443.0,7016.0,1.0,0.91,-0.41,0.09,0.08
39934427.0,2984.0,0.0,-0.02,-0.32,0.11,0
39946443.0,12016.0,1.0,0.91,-0.41,0.09,0.08
39951427.0,4984.0,0.0,0.3,0.16,-0.57,0
39954443.0,3016.0,1.0,0.91,-0.41,0.09,0.07
39957427.0,2984.0,0.0,0.47,-0.02,-0.71,0
39961443.0,4016.0,1.0,0.91,-0.41,0.09,0.07
39964427.0,2984.0,0.0,0.48,0.04,-0.71,0
39970443.0,6016.0,1.0,0.91,-0.41,0.09,0.07
39973427.0,2984.0,0.0,0.25,-0.65,-0.97,0
39980443.0,7016.0,1.0,0.91,-0.41,0.08,0.07
39983427.0,2984.0,0.0,0.19,-0.3,-0.94,0
39991443.0,8016.0,1.0,0.91,-0.41,0.08,0.06
39995427.0,3984.0,0.0,0.05,0.04,-0.92,0
40001443.0,6016.0,1.0,0.91,-0.41,0.08,0.06
40004427.0,2984.0,0.0,-0.21,0.31,-0.95,0
40010443.0,6016.0,1.0,0.91,-0.41,0.08,0.06
40013427.0,2984.0,0.0,-0.78,0.07,-1.36,0
40020443.0,7016.0,1.0,0.91,-0.41,0.08,0.06
40023427.0,2984.0,0.0,-0.91,-0.4,-1.36,0
40030443.0,7016.0,1.0,0.91,-0.41,0.08,0.06
40033427.0,2984.0,0.0,-0.83,-0.54,-1.18,0
40041443.0,8016.0,1.0,0.9,-0.41,0.08,0.06
40044427.0,2984.0,0.0,-0.71,-0.22,-1.09,0
40051443.0,7016.0,1.0,0.9,-0.42,0.08,0.06
40054427.0,2984.0,0.0,-0.39,0.18,-0.73,0
40060443.0,6016.0,1.0,0.9,-0.42,0.08,0.06
40063427.0,2984.0,0.0,-0.26,-0.05,-0.55,0
40071443.0,8016.0,1.0,0.9,-0.42,0.08,0.06
40075427.0,3984.0,0.0,-0.23,-0.32,-0.61,0
40081443.0,6016.0,1.0,0.9,-0.42,0.08,0.06
40084427.0,2984.0,0.0,-0.28,-0.44,-0.71,0
40091443.0,7016.0,1.0,0.9,-0.42,0.08,0.06
40094427.0,2984.0,0.0,-0.39,0.02,-0.99,0
40100443.0,6016.0,1.0,0.9,-0.42,0.08,0.05
40103427.0,2984.0,0.0,-0.33,0.25,-1.09,0
40111443.0,8016.0,1.0,0.9,-0.42,0.08,0.05
40114427.0,2984.0,0.0,-0.29,0.21,-1.07,0
40121443.0,7016.0,1.0,0.9,-0.42,0.08,0.05
40124427.0,2984.0,0.0,-0.19,-0.4,-1.12,0
40131443.0,7016.0,1.0,0.9,-0.42,0.08,0.05
40134427.0,2984.0,0.0,-0.11,-0.59,-1.11,0
40140443.0,6016.0,1.0,0.9,-0.42,0.08,0.05
40143427.0,2984.0,0.0,0.02,-0.67,-0.86,0
40151443.0,8016.0,1.0,0.9,-0.43,0.08,0.05
40154427.0,2984.0,0.0,0.03,-0.71,-0.63,0
40161443.0,7016.0,1.0,0.9,-0.43,0.08,0.05
40164427.0,2984.0,0.0,-0.11,-0.26,-0.3,0
