time_us,time_dif_us,data_type,value_1,value_2,value_3,value_4
10076419.0,7032.0,1.0,0.7474975586,0.0844116211,0.6586914063,-0.01629610079387,2968.0,0.0,0.01953125,0.1328125,0.3359375
10086419.0,7032.0,1.0,0.7473754883,0.0844116211,0.6588134766,-0.0162963867
10089387.0,2968.0,0.0,0.01953125,-0.09765625,0.3359375,0
10096419.0,7032.0,1.0,0.7471923828,0.0844116211,0.658996582,-0.0163574219
10100387.0,3968.0,0.0,-0.01953125,-0.2109375,0.328125,0
10106419.0,6032.0,1.0,0.7470703125,0.0844116211,0.6591796875,-0.0163574219
10109387.0,2968.0,0.0,-0.01953125,-0.25,0.3671875,0
10116419.0,7032.0,1.0,0.7469482422,0.0844116211,0.6593017578,-0.0163574219
10119387.0,2968.0,0.0,0.01953125,-0.171875,0.48046875,0
10126419.0,7032.0,1.0,0.7467651367,0.0844116211,0.6595458984,-0.0162963867
10129387.0,2968.0,0.0,0.01953125,-0.09765625,0.46484375,0
10136419.0,7032.0,1.0,0.7465820313,0.0844116211,0.6597290039,-0.0162963867
10140387.0,3968.0,0.0,-0.01953125,-0.01953125,0.50390625,0
10146419.0,6032.0,1.0,0.7463378906,0.0844116211,0.6599731445,-0.0162963867
10149387.0,2968.0,0.0,0.01953125,0.1328125,0.609375,0
10155419.0,6032.0,1.0,0.7461547852,0.0844116211,0.6602172852,-0.0162963867
10158387.0,2968.0,0.0,0.05859375,0.1328125,0.91015625,0
10165419.0,7032.0,1.0,0.7458496094,0.0844726563,0.6605224609,-0.0162963867
10168387.0,2968.0,0.0,0.01953125,0.1015625,0.6015625,0
10176419.0,8032.0,1.0,0.7455444336,0.0844726563,0.6608886719,-0.0162963867
10180387.0,3968.0,0.0,-0.01171875,0.1015625,0.234375,0
10186419.0,6032.0,1.0,0.7451782227,0.0845336914,0.6612548828,-0.0162963867
10189387.0,2968.0,0.0,0.02734375,0.02734375,0.08984375,0
10196419.0,7032.0,1.0,0.7448730469,0.0845336914,0.6616210938,-0.0162963867
10199387.0,2968.0,0.0,0.02734375,0.2578125,0.2109375,0
10206419.0,7032.0,1.0,0.7445678711,0.0844726563,0.6619873047,-0.0162963867
10209387.0,2968.0,0.0,0.02734375,0.21875,0.21875,0
10216419.0,7032.0,1.0,0.7442016602,0.0844116211,0.6624145508,-0.0162353516
10220387.0,3968.0,0.0,0.02734375,0.06640625,0.34375,0
10226419.0,6032.0,1.0,0.7438354492,0.0843505859,0.6628417969,-0.0162353516
10229387.0,2968.0,0.0,0.07421875,-0.125,0.43359375,0
10236419.0,7032.0,1.0,0.7434692383,0.0843505859,0.663269043,-0.0162353516
10239387.0,2968.0,0.0,-0.04296875,-0.35546875,0.08984375,0
10246419.0,7032.0,1.0,0.7430419922,0.0843505859,0.6636962891,-0.0161743164
10249387.0,2968.0,0.0,0.03515625,-0.28125,0.10546875,0
10256419.0,7032.0,1.0,0.7426147461,0.0844116211,0.6641845703,-0.0161743164
10259387.0,2968.0,0.0,0.03515625,-0.1640625,0.3046875,0
10266419.0,7032.0,1.0,0.7421875,0.0844116211,0.6646118164,-0.0161132813
10269387.0,2968.0,0.0,0.00390625,0.06640625,0.28125,0
10276419.0,7032.0,1.0,0.7417602539,0.0844726563,0.6651000977,-0.0161132813
10279387.0,2968.0,0.0,0.04296875,0.2578125,0.25390625,0
10286419.0,7032.0,1.0,0.7412719727,0.0845336914,0.6656494141,-0.0161132813
10289387.0,2968.0,0.0,0.04296875,0.33203125,0.11328125,0
10296419.0,7032.0,1.0,0.7408447266,0.0845336914,0.6661987305,-0.0160522461
10299387.0,2968.0,0.0,0.04296875,0.41015625,-0.10546875,0
10306419.0,7032.0,1.0,0.7403564453,0.0845336914,0.6666870117,-0.0160522461
10309387.0,2968.0,0.0,0.00390625,0.1484375,-0.4375,0
10316419.0,7032.0,1.0,0.7398681641,0.0844726563,0.6672363281,-0.0161132813
10319387.0,2968.0,0.0,0.01171875,0.1015625,-0.50390625,0
10326419.0,7032.0,1.0,0.7393798828,0.0844726563,0.6677246094,-0.0161132813
10329387.0,2968.0,0.0,0.01171875,-0.04296875,-0.453125,0
10336419.0,7032.0,1.0,0.7389526367,0.0844726563,0.6682739258,-0.0161132813
10339387.0,2968.0,0.0,0.00390625,-0.234375,-0.3984375,0
10345419.0,6032.0,1.0,0.7385253906,0.0844116211,0.6687011719,-0.0161132813
10348387.0,2968.0,0.0,0.00390625,-0.34765625,-0.07421875,0
10356419.0,8032.0,1.0,0.7380371094,0.0844116211,0.6692504883,-0.0161132813
10359387.0,2968.0,0.0,0.00390625,-0.2734375,0.0859375,0
10366419.0,7032.0,1.0,0.7376098633,0.0844726563,0.6697387695,-0.0161132813
10369387.0,2968.0,0.0,0.05078125,-0.234375,0.20703125,0
10376419.0,7032.0,1.0,0.737121582,0.0844726563,0.6702880859,-0.0160522461
10379387.0,2968.0,0.0,0.01171875,-0.08203125,0.33984375,0
10386419.0,7032.0,1.0,0.7366333008,0.0845336914,0.6708374023,-0.0160522461
10389387.0,2968.0,0.0,0.01171875,0.30078125,0.01171875,0
10396419.0,7032.0,1.0,0.7361450195,0.0845336914,0.6713256836,-0.0160522461
10400387.0,3968.0,0.0,0.01171875,0.2265625,0.1796875,0
10406419.0,6032.0,1.0,0.7355957031,0.0845336914,0.6719360352,-0.0160522461
10409387.0,2968.0,0.0,0.13671875,0.41796875,-0.07421875,0
10416419.0,7032.0,1.0,0.7350463867,0.0845336914,0.6725463867,-0.0160522461
10419387.0,2968.0,0.0,-0.1328125,0.00390625,-0.36328125,0
10426419.0,7032.0,1.0,0.7345581055,0.0845336914,0.6730957031,-0.0160522461
10429387.0,2968.0,0.0,0.01953125,-0.109375,-0.39453125,0
10436419.0,7032.0,1.0,0.7340087891,0.0845336914,0.6736450195,-0.0160522461
10440387.0,3968.0,0.0,-0.09375,-0.2265625,-0.49609375,0
10446419.0,6032.0,1.0,0.7335205078,0.0844726563,0.6741943359,-0.0160522461
10449387.0,2968.0,0.0,0.05859375,-0.1875,-0.40234375,0
10456419.0,7032.0,1.0,0.7330322266,0.0844726563,0.6747436523,-0.0160522461
10459387.0,2968.0,0.0,-0.01171875,-0.109375,-0.5,0
10466419.0,7032.0,1.0,0.7325439453,0.0845336914,0.6752929688,-0.0159912109
10469387.0,2968.0,0.0,0.02734375,-0.07421875,-0.29296875,0
10476419.0,7032.0,1.0,0.7320556641,0.0845336914,0.67578125,-0.0159912109
10480387.0,3968.0,0.0,0.02734375,0.1953125,-0.125,0
10486419.0,6032.0,1.0,0.7315063477,0.0845336914,0.6763305664,-0.0159912109
10489387.0,2968.0,0.0,0.02734375,0.28125,0.03515625,0
10496419.0,7032.0,1.0,0.7310180664,0.0845336914,0.6768798828,-0.0159301758
10499387.0,2968.0,0.0,0.07421875,0.2734375,0.05078125,0
10506419.0,7032.0,1.0,0.73046875,0.0845336914,0.6774902344,-0.0159912109
10509387.0,2968.0,0.0,0.03515625,0.125,-0.203125,0
10516419.0,7032.0,1.0,0.7299804688,0.0844726563,0.6780395508,-0.0159912109
10520387.0,3968.0,0.0,-0.00390625,-0.140625,-0.4921875,0
10526419.0,6032.0,1.0,0.7294311523,0.0844726563,0.6786499023,-0.0159912109
10529387.0,2968.0,0.0,-0.00390625,-0.29296875,-0.74609375,0
10535419.0,6032.0,1.0,0.7289428711,0.0844726563,0.6791381836,-0.0159912109
10538387.0,2968.0,0.0,-0.00390625,-0.41015625,-1.00390625,0
10546419.0,8032.0,1.0,0.7284545898,0.0844726563,0.6796875,-0.0159912109
10549387.0,2968.0,0.0,0.00390625,-0.29296875,-0.94140625,0
10556419.0,7032.0,1.0,0.7280273438,0.0845336914,0.6801147461,-0.0159912109
10560387.0,3968.0,0.0,0.03515625,-0.140625,-0.7421875,0
10566419.0,6032.0,1.0,0.7276000977,0.0845947266,0.6806030273,-0.0159301758
10569387.0,2968.0,0.0,0.04296875,0.05078125,-0.61328125,0
10576419.0,7032.0,1.0,0.7271728516,0.0845947266,0.6810302734,-0.0159301758
10579387.0,2968.0,0.0,0.04296875,0.2421875,-0.4453125,0
10586419.0,7032.0,1.0,0.7267456055,0.0845947266,0.6815185547,-0.0158691406
10589387.0,2968.0,0.0,0.00390625,0.2109375,-0.3984375,0
10596419.0,7032.0,1.0,0.7263183594,0.0845947266,0.6819458008,-0.0158691406
10600387.0,3968.0,0.0,0.04296875,0.09765625,-0.421875,0
10606419.0,6032.0,1.0,0.7258911133,0.0845947266,0.6823730469,-0.0159301758
10609387.0,2968.0,0.0,0.04296875,0.01953125,-0.453125,0
10616419.0,7032.0,1.0,0.7254638672,0.0845947266,0.6828613281,-0.0159301758
10619387.0,2968.0,0.0,0.00390625,-0.66796875,-0.78125,0
10626419.0,7032.0,1.0,0.7250976563,0.0845947266,0.6832275391,-0.0159301758
10629387.0,2968.0,0.0,-0.03125,-0.59375,-1.03515625,0
10636419.0,7032.0,1.0,0.7247314453,0.0846557617,0.6836547852,-0.0158691406
10639387.0,2968.0,0.0,0.01171875,-0.36328125,-1.1015625,0
10646419.0,7032.0,1.0,0.7243652344,0.0846557617,0.6840209961,-0.0158081055
10649387.0,2968.0,0.0,-0.140625,-0.28515625,-1.59375,0
10656419.0,7032.0,1.0,0.7241210938,0.0846557617,0.6842651367,-0.0156860352
10659387.0,2968.0,0.0,0.01171875,-0.171875,-0.3515625,0
10666419.0,7032.0,1.0,0.7238769531,0.0847167969,0.6845092773,-0.0156860352
10669387.0,2968.0,0.0,0.203125,-0.66796875,0.15625,0
10676419.0,7032.0,1.0,0.7236328125,0.0848388672,0.684753418,-0.0157470703
10679387.0,2968.0,0.0,-0.21484375,0.31640625,-0.296875,0
10686419.0,7032.0,1.0,0.7233886719,0.0849609375,0.6850585938,-0.0156860352
10689387.0,2968.0,0.0,-0.0234375,-1.0234375,0.8203125,0
10696419.0,7032.0,1.0,0.7230834961,0.0850219727,0.6853637695,-0.0155029297
10699387.0,2968.0,0.0,-0.140625,-0.5625,0.37109375,0
10706419.0,7032.0,1.0,0.7227172852,0.0849609375,0.6857299805,-0.0151367188
10709387.0,2968.0,0.0,0.203125,-0.71484375,1.19140625,0
10716419.0,7032.0,1.0,0.7223510742,0.0848999023,0.6861572266,-0.0147094727
10719387.0,2968.0,0.0,0.05078125,0.6953125,1.78125,0
10725419.0,6032.0,1.0,0.7219238281,0.0846557617,0.6866455078,-0.0142211914
10728387.0,2968.0,0.0,0.2421875,1.65234375,-0.546875,0
10736419.0,8032.0,1.0,0.7214355469,0.0842285156,0.6871948242,-0.0136108398
10739387.0,2968.0,0.0,0.08984375,3.03125,-0.91796875,0
10746419.0,7032.0,1.0,0.7210693359,0.0836181641,0.6876831055,-0.0130615234
10749387.0,2968.0,0.0,0.28125,2.30078125,-1.24609375,0
10756419.0,7032.0,1.0,0.720703125,0.0831298828,0.6881713867,-0.0128173828
10759387.0,2968.0,0.0,0.17578125,2.578125,-1.62109375,0
10766419.0,7032.0,1.0,0.7203369141,0.0827026367,0.6885375977,-0.0128173828
10769387.0,2968.0,0.0,-0.24609375,-0.02734375,-1.26171875,0
10776419.0,7032.0,1.0,0.7200927734,0.0826416016,0.6887817383,-0.0131225586
10779387.0,2968.0,0.0,-0.015625,-1.62890625,0.35546875,0
10786419.0,7032.0,1.0,0.7197875977,0.0827026367,0.6890869141,-0.0135498047
10789387.0,2968.0,0.0,0.01953125,-1.16015625,0.59375,0
10796419.0,7032.0,1.0,0.7194213867,0.0830078125,0.689453125,-0.0140991211
10799387.0,2968.0,0.0,-0.0546875,-1.3515625,0.80078125,0
10806419.0,7032.0,1.0,0.7189941406,0.0836791992,0.6898193359,-0.0149536133
10809387.0,2968.0,0.0,0.05859375,0.41796875,-0.0703125,0
10816419.0,7032.0,1.0,0.7185668945,0.0841064453,0.6901855469,-0.0155029297
10820387.0,3968.0,0.0,0.01953125,0.6875,-0.62890625,0
10826419.0,6032.0,1.0,0.7182006836,0.0841064453,0.6905517578,-0.015625
10829387.0,2968.0,0.0,-0.0546875,-1.265625,-1.12109375,0
10836419.0,7032.0,1.0,0.7178344727,0.0844116211,0.6909179688,-0.0159912109
10839387.0,2968.0,0.0,0.01953125,0.953125,-1.375,0
10846419.0,7032.0,1.0,0.7175292969,0.0848999023,0.6911621094,-0.0164794922
10849387.0,2968.0,0.0,0.09765625,1.18359375,-1.2890625,0
10856419.0,7032.0,1.0,0.7172241211,0.0854492188,0.69140625,-0.0172119141
10860387.0,3968.0,0.0,-0.0078125,0.6171875,-1.05078125,0
10866419.0,6032.0,1.0,0.7168579102,0.0864257813,0.6915893555,-0.0184936523
10869387.0,2968.0,0.0,0.05859375,0.42578125,-0.546875,0
10876419.0,7032.0,1.0,0.7165527344,0.0876464844,0.6917114258,-0.0198974609
10879387.0,2968.0,0.0,-0.0078125,0.50390625,0.08203125,0
10886419.0,7032.0,1.0,0.7161865234,0.0881958008,0.6919555664,-0.0207519531
10889387.0,2968.0,0.0,0.06640625,0.92578125,0.13671875,0
10896419.0,7032.0,1.0,0.7159423828,0.087890625,0.6922607422,-0.0207519531
10900387.0,3968.0,0.0,-0.0078125,-0.5703125,-0.046875,0
10906419.0,6032.0,1.0,0.7156982422,0.0875854492,0.6926269531,-0.020690918
10909387.0,2968.0,0.0,-0.046875,-2.171875,-0.1171875,0
10916419.0,7032.0,1.0,0.7153930664,0.0875854492,0.6928710938,-0.0208129883
10919387.0,2968.0,0.0,-0.0078125,-0.9453125,0.046875,0
10926419.0,7032.0,1.0,0.7151489258,0.0875244141,0.6931762695,-0.0208129883
10929387.0,2968.0,0.0,0.02734375,-1.51171875,0.3671875,0
10936419.0,7032.0,1.0,0.71484375,0.0875854492,0.6934814453,-0.0208740234
10940387.0,3968.0,0.0,0.02734375,-0.62890625,0.453125,0
10946419.0,6032.0,1.0,0.7145385742,0.0876464844,0.6937866211,-0.0208740234
10949387.0,2968.0,0.0,0.02734375,0.25,0.26953125,0
10956419.0,7032.0,1.0,0.7142333984,0.0875854492,0.6940917969,-0.0206298828
10959387.0,2968.0,0.0,-0.0078125,-2.171875,-1.90625,0
10966419.0,7032.0,1.0,0.7139892578,0.0876464844,0.6943969727,-0.0205078125
10969387.0,2968.0,0.0,0.14453125,-0.5234375,-1.171875,0
10976419.0,7032.0,1.0,0.713684082,0.0877685547,0.6946411133,-0.0203857422
10980387.0,3968.0,0.0,-0.0859375,0.55078125,-1.30859375,0
10986419.0,6032.0,1.0,0.7135009766,0.0875854492,0.6948852539,-0.0200805664
10989387.0,2968.0,0.0,0.02734375,1.3515625,-1.69140625,0
10996419.0,7032.0,1.0,0.7133789063,0.0872192383,0.6950683594,-0.0195922852
10999387.0,2968.0,0.0,-0.0078125,1.62109375,-3.1328125,0
11006419.0,7032.0,1.0,0.7133178711,0.0866088867,0.6951904297,-0.0190429688
11009387.0,2968.0,0.0,-0.046875,0.93359375,-2.17578125,0
11016419.0,7032.0,1.0,0.7133789063,0.0857543945,0.6952514648,-0.0183105469
11019387.0,2968.0,0.0,-0.046875,-0.1015625,-0.87109375,0
11026419.0,7032.0,1.0,0.7134399414,0.0850219727,0.6953125,-0.017578125
11029387.0,2968.0,0.0,0.02734375,-2.2109375,0.890625,0
11036419.0,7032.0,1.0,0.7135009766,0.0847167969,0.6953125,-0.0172729492
11039387.0,2968.0,0.0,0.02734375,-1.7109375,0.8203125,0
11046419.0,7032.0,1.0,0.7133789063,0.0848999023,0.6953735352,-0.0172119141
11049387.0,2968.0,0.0,0.02734375,-0.140625,0.75390625,0
11056419.0,7032.0,1.0,0.7133178711,0.0848388672,0.6954956055,-0.0170288086
11059387.0,2968.0,0.0,-0.046875,0.84765625,0.17578125,0
11066419.0,7032.0,1.0,0.7133178711,0.0842285156,0.6955566406,-0.0162963867
11069387.0,2968.0,0.0,0.02734375,0.01171875,-1.1953125,0
11076419.0,7032.0,1.0,0.7133789063,0.0832519531,0.6956787109,-0.0151367188
11079387.0,2968.0,0.0,-0.0078125,-0.83203125,-1.125,0
11086419.0,7032.0,1.0,0.7134399414,0.0822753906,0.6957397461,-0.0140380859
11089387.0,2968.0,0.0,-0.0078125,-1.2890625,-0.703125,0
11096419.0,7032.0,1.0,0.7135009766,0.0815429688,0.6957397461,-0.0131225586
11099387.0,2968.0,0.0,-0.046875,-1.2890625,-0.359375,0
11106419.0,7032.0,1.0,0.7135009766,0.0815429688,0.6958007813,-0.0127563477
11109387.0,2968.0,0.0,-0.046875,0.38671875,0.18359375,0
11116419.0,7032.0,1.0,0.7135009766,0.0816650391,0.6958007813,-0.0125732422
11119387.0,2968.0,0.0,-0.125,1.1171875,-0.03515625,0
11126419.0,7032.0,1.0,0.7135009766,0.0814208984,0.6958618164,-0.0120239258
11129387.0,2968.0,0.0,0.14453125,0.6484375,0.078125,0
11136419.0,7032.0,1.0,0.7134399414,0.0809936523,0.6959228516,-0.0113525391
11139387.0,2968.0,0.0,0.10546875,0.41796875,0.1171875,0
11146419.0,7032.0,1.0,0.7133789063,0.0806884766,0.6960449219,-0.0108032227
11149387.0,2968.0,0.0,0.02734375,0.33984375,-0.91796875,0
11156419.0,7032.0,1.0,0.7132568359,0.0806274414,0.6961669922,-0.010559082
11159387.0,2968.0,0.0,0.06640625,0.71875,-0.83203125,0
11166419.0,7032.0,1.0,0.7131958008,0.0806274414,0.6962280273,-0.0103759766
11169387.0,2968.0,0.0,0.05859375,1.1015625,-0.17578125,0
11176419.0,7032.0,1.0,0.7131347656,0.0804443359,0.6962890625,-0.0100708008
11179387.0,2968.0,0.0,0.14453125,0.71875,0.21484375,0
11186419.0,7032.0,1.0,0.7131347656,0.0798339844,0.6964111328,-0.0093994141
11189387.0,2968.0,0.0,0.02734375,0.87109375,-0.203125,0
11196419.0,7032.0,1.0,0.7130737305,0.0789794922,0.6965942383,-0.0085449219
11200387.0,3968.0,0.0,0.01953125,0.09765625,0.140625,0
11206419.0,6032.0,1.0,0.7130126953,0.0780639648,0.6967773438,-0.0075683594
11209387.0,2968.0,0.0,0.09765625,0.2578125,-0.2734375,0
11216419.0,7032.0,1.0,0.7129516602,0.0770263672,0.6969604492,-0.0065307617
11219387.0,2968.0,0.0,0.06640625,-0.05078125,0.1875,0
11226419.0,7032.0,1.0,0.7128295898,0.0758056641,0.6972045898,-0.0054321289
11229387.0,2968.0,0.0,-0.09375,-0.0859375,0.5390625,0
11236419.0,7032.0,1.0,0.7127075195,0.0747070313,0.6974487305,-0.0043334961
11240387.0,3968.0,0.0,-0.0546875,-0.203125,0.4609375,0
11246419.0,6032.0,1.0,0.7125854492,0.0736694336,0.6976928711,-0.0033569336
11249387.0,2968.0,0.0,0.21875,0.1796875,-0.21875,0
11256419.0,7032.0,1.0,0.7124633789,0.0728759766,0.6979370117,-0.0026245117
11259387.0,2968.0,0.0,0.01953125,0.37109375,-0.2109375,0
11266419.0,7032.0,1.0,0.7123413086,0.0719604492,0.6981201172,-0.0018310547
11269387.0,2968.0,0.0,-0.046875,0.6484375,-0.82421875,0
11276419.0,7032.0,1.0,0.7122192383,0.0714111328,0.6983032227,-0.0015258789
11279387.0,2968.0,0.0,0.14453125,-0.921875,-0.12890625,0
11286419.0,7032.0,1.0,0.712097168,0.0713500977,0.6984863281,-0.0016479492
11289387.0,2968.0,0.0,-0.046875,1.26953125,0.1015625,0
11296419.0,7032.0,1.0,0.7119750977,0.0712890625,0.6986083984,-0.0017700195
11299387.0,2968.0,0.0,0.02734375,-0.04296875,-0.5703125,0
11306419.0,7032.0,1.0,0.7117919922,0.0711669922,0.6987304688,-0.0020141602
11309387.0,2968.0,0.0,-0.125,0.1875,0.1953125,0
11316419.0,7032.0,1.0,0.7116699219,0.0712890625,0.6989135742,-0.0024414063
11319387.0,2968.0,0.0,0.02734375,-0.1875,0.05078125,0
11326419.0,7032.0,1.0,0.7114868164,0.0717163086,0.6990356445,-0.0030517578
11329387.0,2968.0,0.0,0.06640625,0.34765625,-0.78515625,0
11336419.0,7032.0,1.0,0.7113037109,0.0720214844,0.6991577148,-0.0036010742
11339387.0,2968.0,0.0,-0.0078125,0.5859375,-0.59375,0
11346419.0,7032.0,1.0,0.7111816406,0.0720214844,0.6993408203,-0.00390625
11349387.0,2968.0,0.0,-0.0859375,-0.29296875,-0.6640625,0
11356419.0,7032.0,1.0,0.7110595703,0.0718383789,0.6994628906,-0.0040283203
11360387.0,3968.0,0.0,0.02734375,-0.4765625,-0.04296875,0
11366419.0,6032.0,1.0,0.7109375,0.0715942383,0.6996459961,-0.0040283203
11369387.0,2968.0,0.0,-0.046875,-0.73828125,0.33984375,0
11376419.0,7032.0,1.0,0.7108154297,0.0713500977,0.6997680664,-0.0040283203
11379387.0,2968.0,0.0,0.06640625,-0.73828125,-0.2265625,0
11386419.0,7032.0,1.0,0.7106323242,0.0712280273,0.6998901367,-0.0040893555
11389387.0,2968.0,0.0,-0.0078125,-0.69921875,-0.76171875,0
11396419.0,7032.0,1.0,0.7105712891,0.0712280273,0.700012207,-0.0041503906
11399387.0,2968.0,0.0,0.02734375,-0.39453125,-1.13671875,0
11406419.0,7032.0,1.0,0.7104492188,0.0712280273,0.7001342773,-0.0042724609
11409387.0,2968.0,0.0,0.02734375,-0.4296875,-1.40625,0
11416419.0,7032.0,1.0,0.7103881836,0.0711669922,0.7001953125,-0.0042724609
11419387.0,2968.0,0.0,0.02734375,-0.5859375,-1.2734375,0
11426419.0,7032.0,1.0,0.7103271484,0.0711669922,0.7002563477,-0.0043334961
11429387.0,2968.0,0.0,-0.0859375,-0.39453125,-0.43359375,0
11437419.0,8032.0,1.0,0.7103271484,0.0711669922,0.7002563477,-0.0043945312
11440387.0,2968.0,0.0,0.07421875,-0.80859375,0.48828125,0
11446419.0,6032.0,1.0,0.7102661133,0.0712280273,0.7003173828,-0.0043945312
11449387.0,2968.0,0.0,0.03515625,-0.30859375,-0.5078125,0
11456419.0,7032.0,1.0,0.7102661133,0.0712280273,0.7003173828,-0.0043334961
11459387.0,2968.0,0.0,0.03515625,-0.23828125,-0.546875,0
11466419.0,7032.0,1.0,0.7102661133,0.0712280273,0.7003173828,-0.0042114258
11469387.0,2968.0,0.0,0.03515625,-0.31640625,-0.125,0
11477419.0,8032.0,1.0,0.7102661133,0.0711669922,0.7003173828,-0.0040283203
11480387.0,2968.0,0.0,0.03515625,-0.23828125,0.11328125,0
11486419.0,6032.0,1.0,0.7102050781,0.0709838867,0.700378418,-0.0037841797
11489387.0,2968.0,0.0,-0.0390625,-0.26953125,-0.04296875,0
11496419.0,7032.0,1.0,0.7102050781,0.0708007813,0.7004394531,-0.0034179687
11499387.0,2968.0,0.0,0.03515625,-0.30859375,0.33984375,0
11506419.0,7032.0,1.0,0.710144043,0.0705566406,0.7005004883,-0.0030517578
11509387.0,2968.0,0.0,0.03515625,-0.0390625,-0.1484375,0
11517419.0,8032.0,1.0,0.710144043,0.0701293945,0.7005615234,-0.0025634766
11520387.0,2968.0,0.0,-0.0390625,0.45703125,-0.53125,0
11526419.0,6032.0,1.0,0.710144043,0.0695800781,0.7006225586,-0.001953125
11529387.0,2968.0,0.0,-0.046875,0.45703125,-0.1796875,0
11536419.0,7032.0,1.0,0.710144043,0.0689086914,0.7006835938,-0.001159668
11539387.0,2968.0,0.0,0.02734375,0.7578125,0.625,0
11546419.0,7032.0,1.0,0.7102050781,0.0676879883,0.7007446289,6.10352e-05
11549387.0,2968.0,0.0,-0.0078125,0.79296875,-0.1484375,0
11557419.0,8032.0,1.0,0.7102661133,0.0659179688,0.7008666992,0.0017700195
11560387.0,2968.0,0.0,0.14453125,1.21484375,0.15625,0
11566419.0,6032.0,1.0,0.7103271484,0.0631103516,0.7009887695,0.0045776367
11569387.0,2968.0,0.0,-0.125,1.75390625,0.34765625,0
11576419.0,7032.0,1.0,0.7105102539,0.0592651367,0.7011108398,0.0083007813
11579387.0,2968.0,0.0,0.21875,0.45703125,-0.5390625,0
11587419.0,8032.0,1.0,0.7106933594,0.0554199219,0.7012329102,0.0119628906
11590387.0,2968.0,0.0,-0.23828125,-1.41796875,0.10546875,0
11596419.0,6032.0,1.0,0.7107543945,0.0526733398,0.7012939453,0.0145874023
11599387.0,2968.0,0.0,0.2578125,-2.453125,1.18359375,0
11607419.0,8032.0,1.0,0.7106323242,0.051574707,0.7014770508,0.0156860352
11610387.0,2968.0,0.0,-0.046875,-2.828125,1.18359375,0
11616419.0,6032.0,1.0,0.7103881836,0.0518798828,0.7017822266,0.0155639648
11620387.0,3968.0,0.0,0.10546875,0.11328125,-0.03515625,0
11627419.0,7032.0,1.0,0.7100219727,0.0522460937,0.7020874023,0.0153198242
11630387.0,2968.0,0.0,-0.0078125,0.95703125,0.08984375,0
11636419.0,6032.0,1.0,0.7097167969,0.0524291992,0.702331543,0.0152587891
11639387.0,2968.0,0.0,0.02734375,0.3046875,-0.171875,0
11646419.0,7032.0,1.0,0.7094116211,0.0526123047,0.7026367188,0.0151977539
11649387.0,2968.0,0.0,0.02734375,-0.31640625,-0.203125,0
11656419.0,7032.0,1.0,0.7091674805,0.0528564453,0.7028808594,0.0150146484
11660387.0,3968.0,0.0,-0.046875,-0.31640625,-0.38671875,0
11666419.0,6032.0,1.0,0.7088623047,0.0531616211,0.703125,0.0148925781
11669387.0,2968.0,0.0,0.02734375,0.10546875,-0.8359375,0
11676419.0,7032.0,1.0,0.7086791992,0.0532836914,0.7033691406,0.0148925781
11679387.0,2968.0,0.0,-0.0859375,-0.4296875,-0.984375,0
11686419.0,7032.0,1.0,0.7084960938,0.0533447266,0.7035522461,0.0149536133
11689387.0,2968.0,0.0,0.06640625,-0.36328125,-0.73828125,0
11696419.0,7032.0,1.0,0.7082519531,0.0534667969,0.7037353516,0.0150146484
11700387.0,3968.0,0.0,0.02734375,-0.74609375,-0.66015625,0
11706419.0,6032.0,1.0,0.7080688477,0.0537109375,0.703918457,0.0149536133
11709387.0,2968.0,0.0,-0.0859375,-1.015625,-0.76953125,0
11717419.0,8032.0,1.0,0.7079467773,0.0540771484,0.7040405273,0.0148925781
11720387.0,2968.0,0.0,-0.046875,0.01171875,-0.84375,0
11726419.0,6032.0,1.0,0.7077636719,0.0543212891,0.7041625977,0.0148925781
11729387.0,2968.0,0.0,0.02734375,0.6640625,-0.796875,0
11737419.0,8032.0,1.0,0.7076416016,0.0544433594,0.7043457031,0.0150146484
11740387.0,2968.0,0.0,0.02734375,0.77734375,-0.953125,0
11746419.0,6032.0,1.0,0.7075195313,0.0544433594,0.7044067383,0.0151367188
11749387.0,2968.0,0.0,-0.0859375,1.57421875,-0.64453125,0
11756419.0,7032.0,1.0,0.7074584961,0.0543823242,0.7045288086,0.0152587891
11759387.0,2968.0,0.0,0.10546875,1.078125,0.25,0
11766419.0,7032.0,1.0,0.7073364258,0.0542602539,0.7046508789,0.0153808594
11769387.0,2968.0,0.0,-0.0078125,-0.1484375,0.86328125,0
11777419.0,8032.0,1.0,0.7072143555,0.0542602539,0.7047729492,0.0153808594
11780387.0,2968.0,0.0,0.02734375,-0.875,0.7109375,0
11786419.0,6032.0,1.0,0.70703125,0.0543212891,0.7049560547,0.0153198242
11789387.0,2968.0,0.0,-0.0078125,0.08203125,-0.390625,0
11797419.0,8032.0,1.0,0.7068481445,0.0543823242,0.705078125,0.0153198242
11800387.0,2968.0,0.0,0.02734375,0.3125,-0.5,0
11806419.0,6032.0,1.0,0.7066650391,0.0543212891,0.7052612305,0.0153808594
11809387.0,2968.0,0.0,0.02734375,0.01171875,-0.3828125,0
11817419.0,8032.0,1.0,0.7064819336,0.0543212891,0.7054443359,0.0153808594
11820387.0,2968.0,0.0,-0.0078125,-0.29296875,-0.25390625,0
11826419.0,6032.0,1.0,0.7063598633,0.0543212891,0.7056274414,0.0153808594
11829387.0,2968.0,0.0,-0.046875,-0.02734375,0.12890625,0
11836419.0,7032.0,1.0,0.7061767578,0.0543212891,0.7058105469,0.0154418945
11839387.0,2968.0,0.0,0.14453125,0.43359375,0.25390625,0
11846419.0,7032.0,1.0,0.7059936523,0.0543212891,0.7059936523,0.0154418945
11849387.0,2968.0,0.0,-0.0078125,0.1640625,-0.0546875,0
11857419.0,8032.0,1.0,0.7058105469,0.0542602539,0.7061767578,0.0155029297
11860387.0,2968.0,0.0,0.01953125,0.39453125,0.03125,0
11866419.0,6032.0,1.0,0.7055664063,0.0542602539,0.7063598633,0.0155029297
11869387.0,2968.0,0.0,0.02734375,-0.1796875,1.07421875,0
11876419.0,7032.0,1.0,0.7053222656,0.0542602539,0.7066040039,0.0154418945
11879387.0,2968.0,0.0,-0.0078125,0.6640625,0.53515625,0
11886419.0,7032.0,1.0,0.705078125,0.0542602539,0.7068481445,0.0154418945
11889387.0,2968.0,0.0,0.06640625,0.5859375,0.19921875,0
11897419.0,8032.0,1.0,0.7048339844,0.0541992187,0.7070922852,0.0153808594
11900387.0,2968.0,0.0,-0.0078125,-0.02734375,0.0234375,0
11907419.0,7032.0,1.0,0.7045898438,0.0541381836,0.7073974609,0.0153198242
11910387.0,2968.0,0.0,0.01953125,-0.09375,-0.16015625,0
11917419.0,7032.0,1.0,0.7043457031,0.0541381836,0.7076416016,0.0153198242
11921387.0,3968.0,0.0,0.01953125,0.171875,-0.49609375,0
11927419.0,6032.0,1.0,0.7040405273,0.0540771484,0.7079467773,0.0152587891
11930387.0,2968.0,0.0,-0.015625,0.05859375,-0.7578125,0
11937419.0,7032.0,1.0,0.7037963867,0.0540771484,0.708190918,0.0151977539
11940387.0,2968.0,0.0,0.01953125,0.01953125,-0.75,0
11947419.0,7032.0,1.0,0.7036132813,0.0540161133,0.7083740234,0.0151367188
11950387.0,2968.0,0.0,0.01953125,0.09765625,-0.828125,0
11957419.0,7032.0,1.0,0.7034301758,0.053894043,0.7085571289,0.0151367188
11961387.0,3968.0,0.0,0.01953125,0.13671875,-0.703125,0
11967419.0,6032.0,1.0,0.7032470703,0.0538330078,0.7087402344,0.0150756836
11970387.0,2968.0,0.0,-0.015625,0.13671875,-0.6640625,0
11977419.0,7032.0,1.0,0.7030639648,0.0537719727,0.7089233398,0.0150756836
11980387.0,2968.0,0.0,0.01953125,-0.125,-0.265625,0
11987419.0,7032.0,1.0,0.7028808594,0.0536499023,0.7091064453,0.0151367188
11990387.0,2968.0,0.0,0.01953125,-0.046875,-0.03515625,0
11997419.0,7032.0,1.0,0.7026977539,0.053527832,0.7092895508,0.0150756836
12001387.0,3968.0,0.0,0.01953125,-0.1640625,-0.02734375,0
12007419.0,6032.0,1.0,0.7025146484,0.053527832,0.7094726563,0.0150146484
12010387.0,2968.0,0.0,0.01953125,0.56640625,-0.22265625,0
12016419.0,6032.0,1.0,0.7023925781,0.0534667969,0.7096557617,0.0150146484
12019387.0,2968.0,0.0,0.01953125,0.37109375,-0.55859375,0
12027419.0,8032.0,1.0,0.7022094727,0.0532836914,0.7098388672,0.0150146484
12030387.0,2968.0,0.0,-0.0078125,0.11328125,-0.3984375,0
12037419.0,7032.0,1.0,0.7020874023,0.0531616211,0.7099609375,0.0150146484
12040387.0,2968.0,0.0,-0.015625,-0.1171875,-0.2421875,0
12047419.0,7032.0,1.0,0.7019042969,0.0530395508,0.710144043,0.0149536133
12050387.0,2968.0,0.0,0.05859375,-0.0390625,-0.2734375,0
12056419.0,6032.0,1.0,0.7017822266,0.0529785156,0.7102661133,0.014831543
12059387.0,2968.0,0.0,0.01953125,-0.078125,-0.2265625,0
12067419.0,8032.0,1.0,0.7015991211,0.0529785156,0.7104492188,0.0147705078
12070387.0,2968.0,0.0,-0.015625,-0.23046875,-0.3046875,0
12077419.0,7032.0,1.0,0.7014160156,0.0529174805,0.7106323242,0.0147094727
12080387.0,2968.0,0.0,-0.015625,-0.33984375,0.046875,0
12087419.0,7032.0,1.0,0.7012939453,0.0529174805,0.7107543945,0.0146484375
12090387.0,2968.0,0.0,0.01953125,-0.33984375,0.203125,0
12097419.0,7032.0,1.0,0.7010498047,0.0529174805,0.7109985352,0.0146484375
12100387.0,2968.0,0.0,0.01953125,0.04296875,-0.01953125,0
12107419.0,7032.0,1.0,0.7008666992,0.0528564453,0.7111816406,0.0146484375
12110387.0,2968.0,0.0,0.01953125,-0.03125,-0.09765625,0
12117419.0,7032.0,1.0,0.7006835938,0.0527954102,0.7113647461,0.0146484375
12120387.0,2968.0,0.0,0.01953125,-0.1875,-0.3125,0
12127419.0,7032.0,1.0,0.7005004883,0.0527954102,0.7115478516,0.0145874023
12130387.0,2968.0,0.0,-0.015625,0.08203125,-0.1875,0
12137419.0,7032.0,1.0,0.7003173828,0.052734375,0.711730957,0.0145874023
12140387.0,2968.0,0.0,-0.015625,0.08984375,-0.07421875,0
12147419.0,7032.0,1.0,0.7001342773,0.0526733398,0.7119140625,0.0145263672
12150387.0,2968.0,0.0,0.01953125,-0.0234375,0.1640625,0
12157419.0,7032.0,1.0,0.6999511719,0.0526733398,0.712097168,0.0145263672
12160387.0,2968.0,0.0,0.01953125,-0.29296875,0.31640625,0
12167419.0,7032.0,1.0,0.6997680664,0.0526733398,0.7122802734,0.014465332
12170387.0,2968.0,0.0,-0.0546875,-0.0625,0.44140625,0
12177419.0,7032.0,1.0,0.6995849609,0.0526733398,0.7124633789,0.0144042969
12180387.0,2968.0,0.0,0.09765625,0.12890625,0.32421875,0
12187419.0,7032.0,1.0,0.6993408203,0.0526123047,0.7127075195,0.0144042969
12190387.0,2968.0,0.0,-0.015625,-0.37109375,-0.28125,0
12197419.0,7032.0,1.0,0.6990966797,0.0526123047,0.7129516602,0.0144042969
12200387.0,2968.0,0.0,-0.015625,0.01171875,-0.5390625,0
12207419.0,7032.0,1.0,0.6989135742,0.0525512695,0.7131347656,0.0144042969
12210387.0,2968.0,0.0,-0.015625,-0.0625,-0.6484375,0
12217419.0,7032.0,1.0,0.6986694336,0.0524902344,0.7133789063,0.0143432617
12220387.0,2968.0,0.0,0.01953125,0.28125,-0.640625,0
12227419.0,7032.0,1.0,0.6984863281,0.0524902344,0.7135620117,0.0143432617
12230387.0,2968.0,0.0,-0.015625,-0.0234375,-0.5234375,0
12237419.0,7032.0,1.0,0.6983032227,0.0524902344,0.713684082,0.0142822266
12240387.0,2968.0,0.0,-0.015625,0.12890625,-0.48046875,0
12246419.0,6032.0,1.0,0.6981811523,0.0524902344,0.7138671875,0.0142211914
12249387.0,2968.0,0.0,0.01953125,0.25,0.02734375,0
12257419.0,8032.0,1.0,0.6979370117,0.0524902344,0.714050293,0.0141601563
12260387.0,2968.0,0.0,-0.0546875,0.05859375,-0.35546875,0
12267419.0,7032.0,1.0,0.6977539063,0.0524902344,0.7142333984,0.0140380859
12270387.0,2968.0,0.0,0.01953125,0.48046875,-0.578125,0
12277419.0,7032.0,1.0,0.6976318359,0.0524902344,0.7144165039,0.0139770508
12280387.0,2968.0,0.0,-0.015625,0.17578125,-0.609375,0
12287419.0,7032.0,1.0,0.6975097656,0.0524291992,0.7145385742,0.0138549805
12290387.0,2968.0,0.0,0.01953125,0.2890625,-0.75390625,0
12297419.0,7032.0,1.0,0.6973876953,0.0523681641,0.7145996094,0.0137939453
12301387.0,3968.0,0.0,-0.015625,-0.1640625,-0.5234375,0
12307419.0,6032.0,1.0,0.6973266602,0.0522460937,0.7147216797,0.013671875
12310387.0,2968.0,0.0,0.01953125,0.02734375,-0.33203125,0
12317419.0,7032.0,1.0,0.6972045898,0.0521850586,0.71484375,0.013671875
12320387.0,2968.0,0.0,-0.015625,-0.46875,-0.02734375,0
12327419.0,7032.0,1.0,0.6970825195,0.0521850586,0.7149658203,0.0136108398
12330387.0,2968.0,0.0,0.01953125,-0.5078125,0.2109375,0
12337419.0,7032.0,1.0,0.6969604492,0.0521850586,0.7150878906,0.0135498047
12341387.0,3968.0,0.0,-0.015625,-0.4296875,0.01953125,0
12347419.0,6032.0,1.0,0.6968383789,0.0521850586,0.7152099609,0.0134887695
12350387.0,2968.0,0.0,-0.015625,-0.31640625,-0.38671875,0
12357419.0,7032.0,1.0,0.6967163086,0.0521850586,0.7153320313,0.0134887695
12360387.0,2968.0,0.0,0.05859375,0.06640625,-0.42578125,0
12367419.0,7032.0,1.0,0.6965942383,0.0522460937,0.7154541016,0.0134887695
12370387.0,2968.0,0.0,-0.0546875,-0.0859375,-0.69140625,0
12377419.0,7032.0,1.0,0.6965332031,0.0523071289,0.7155151367,0.0133666992
12381387.0,3968.0,0.0,0.05078125,0.60546875,-0.6171875,0
12387419.0,6032.0,1.0,0.696472168,0.0522460937,0.7155761719,0.0133666992
12390387.0,2968.0,0.0,0.01171875,-0.046875,-0.30859375,0
12397419.0,7032.0,1.0,0.6964111328,0.0521850586,0.715637207,0.0133666992
12400387.0,2968.0,0.0,-0.09375,-0.1640625,-0.1953125,0
12407419.0,7032.0,1.0,0.6963500977,0.0521240234,0.7156982422,0.0133666992
12410387.0,2968.0,0.0,0.05859375,0.06640625,0.11328125,0
12417419.0,7032.0,1.0,0.6962280273,0.0521850586,0.7157592773,0.0133666992
12421387.0,3968.0,0.0,-0.0234375,-0.390625,-0.1015625,0
12427419.0,6032.0,1.0,0.6961669922,0.0521850586,0.7158813477,0.0133056641
12430387.0,2968.0,0.0,0.01953125,0.265625,-0.0625,0
12436419.0,6032.0,1.0,0.696105957,0.0521850586,0.7159423828,0.0132446289
12439387.0,2968.0,0.0,-0.015625,-0.1171875,-0.0625,0
12447419.0,8032.0,1.0,0.6959838867,0.0521850586,0.716003418,0.0132446289
12450387.0,2968.0,0.0,0.01953125,-0.1171875,-0.1328125,0
12457419.0,7032.0,1.0,0.6959228516,0.0521850586,0.7161254883,0.0132446289
12461387.0,3968.0,0.0,0.01953125,-0.23046875,-0.0546875,0
12467419.0,6032.0,1.0,0.6958618164,0.0521850586,0.7161865234,0.0132446289
12470387.0,2968.0,0.0,-0.015625,-0.30859375,-0.2109375,0
12477419.0,7032.0,1.0,0.6957397461,0.0521850586,0.7162475586,0.0132446289
12480387.0,2968.0,0.0,-0.015625,-0.1171875,-0.4375,0
12487419.0,7032.0,1.0,0.6956787109,0.0521850586,0.7163085938,0.0132446289
12490387.0,2968.0,0.0,-0.015625,-0.078125,-0.5078125,0
12497419.0,7032.0,1.0,0.6956176758,0.0521240234,0.7163696289,0.0133056641
12501387.0,3968.0,0.0,-0.015625,-0.0390625,-0.5859375,0
12507419.0,6032.0,1.0,0.6956176758,0.0521240234,0.7164306641,0.0133666992
12510387.0,2968.0,0.0,-0.015625,0.0,-0.5078125,0
12517419.0,7032.0,1.0,0.6955566406,0.0521240234,0.7164306641,0.0133666992
12520387.0,2968.0,0.0,-0.015625,0.03515625,-0.1640625,0
12527419.0,7032.0,1.0,0.6955566406,0.0521240234,0.7164916992,0.0134277344
12530387.0,2968.0,0.0,-0.015625,-0.1171875,-0.0859375,0
12537419.0,7032.0,1.0,0.6954956055,0.0521240234,0.7164916992,0.0134887695
12540387.0,2968.0,0.0,0.01953125,-0.1640625,-0.01171875,0
12547419.0,7032.0,1.0,0.6954345703,0.0521240234,0.7165527344,0.0134887695
12550387.0,2968.0,0.0,-0.015625,0.02734375,-0.203125,0
12557419.0,7032.0,1.0,0.6954345703,0.0521240234,0.7165527344,0.0134887695
12560387.0,2968.0,0.0,-0.015625,0.18359375,-0.26953125,0
12567419.0,7032.0,1.0,0.6954345703,0.0521240234,0.7166137695,0.0135498047
12570387.0,2968.0,0.0,-0.015625,0.14453125,-0.23046875,0
12577419.0,7032.0,1.0,0.6953735352,0.0520629883,0.7166137695,0.0136108398
12580387.0,2968.0,0.0,-0.015625,0.06640625,-0.1953125,0
12587419.0,7032.0,1.0,0.6953735352,0.0520629883,0.7166137695,0.013671875
12590387.0,2968.0,0.0,0.01953125,0.2578125,-0.0390625,0
12597419.0,7032.0,1.0,0.6953735352,0.0520629883,0.7166748047,0.013671875
12600387.0,2968.0,0.0,0.01953125,0.14453125,-0.0390625,0
12607419.0,7032.0,1.0,0.6953125,0.0520629883,0.7166748047,0.013671875
12610387.0,2968.0,0.0,0.01953125,0.18359375,-0.23046875,0
12617419.0,7032.0,1.0,0.6953125,0.0520019531,0.7167358398,0.013671875
12620387.0,2968.0,0.0,-0.015625,0.06640625,-0.1484375,0
12626419.0,6032.0,1.0,0.6952514648,0.0520019531,0.7167358398,0.013671875
12629387.0,2968.0,0.0,-0.015625,0.10546875,-0.109375,0
12637419.0,8032.0,1.0,0.6951904297,0.051940918,0.716796875,0.013671875
12640387.0,2968.0,0.0,-0.015625,-0.0078125,-0.109375,0
12647419.0,7032.0,1.0,0.6951904297,0.051940918,0.7168579102,0.0136108398
12650387.0,2968.0,0.0,0.01953125,0.0,-0.03125,0
12657419.0,7032.0,1.0,0.6951293945,0.051940918,0.7168579102,0.0136108398
12660387.0,2968.0,0.0,0.01953125,0.03515625,0.04296875,0
12667419.0,7032.0,1.0,0.6950683594,0.051940918,0.7169189453,0.0135498047
12670387.0,2968.0,0.0,0.01953125,0.0,-0.03125,0
12677419.0,7032.0,1.0,0.6950073242,0.0518798828,0.7169799805,0.0135498047
12680387.0,2968.0,0.0,0.01953125,0.0,-0.03125,0
12687419.0,7032.0,1.0,0.6950073242,0.0518188477,0.7170410156,0.0135498047
12690387.0,2968.0,0.0,0.01953125,0.03515625,-0.0703125,0
12697419.0,7032.0,1.0,0.6949462891,0.0518188477,0.7171020508,0.0134887695
12700387.0,2968.0,0.0,-0.015625,0.0,-0.171875,0
12707419.0,7032.0,1.0,0.6948852539,0.0517578125,0.7171630859,0.0134887695
12710387.0,2968.0,0.0,0.01953125,-0.1171875,-0.1328125,0
12717419.0,7032.0,1.0,0.6948242188,0.0517578125,0.7172241211,0.0134277344
12721387.0,3968.0,0.0,-0.015625,-0.26953125,-0.171875,0
12727419.0,6032.0,1.0,0.6947631836,0.0516967773,0.7172851563,0.0134277344
12730387.0,2968.0,0.0,0.01953125,-0.26953125,-0.20703125,0
12737419.0,7032.0,1.0,0.6947021484,0.0516967773,0.7173461914,0.0134277344
12740387.0,2968.0,0.0,-0.015625,-0.30859375,-0.20703125,0
12747419.0,7032.0,1.0,0.6946411133,0.0517578125,0.7173461914,0.0134277344
12750387.0,2968.0,0.0,-0.015625,-0.19140625,-0.171875,0
12757419.0,7032.0,1.0,0.6945800781,0.0517578125,0.7174072266,0.0134277344
12761387.0,3968.0,0.0,-0.0234375,-0.1328125,-0.03125,0
12767419.0,6032.0,1.0,0.6942138672,0.0518188477,0.7177734375,0.0133666992
12770387.0,2968.0,0.0,0.01171875,-0.16796875,0.046875,0
12777419.0,7032.0,1.0,0.6938476563,0.0518188477,0.7181396484,0.0133666992
12780387.0,2968.0,0.0,0.01171875,-0.16796875,0.0078125,0
12787419.0,7032.0,1.0,0.6935424805,0.0518798828,0.7184448242,0.0133666992
12790387.0,2968.0,0.0,0.01171875,-0.125,0.0078125,0
12797419.0,7032.0,1.0,0.6932373047,0.0518798828,0.7186889648,0.0133056641
12801387.0,3968.0,0.0,0.01171875,-0.16015625,-0.03125,0
12807419.0,6032.0,1.0,0.6929931641,0.051940918,0.7189331055,0.0133056641
12810387.0,2968.0,0.0,0.00390625,-0.23828125,-0.03125,0
12817419.0,7032.0,1.0,0.6927490234,0.0520019531,0.7191772461,0.0133056641
12820387.0,2968.0,0.0,-0.03125,-0.078125,-0.13671875,0
12827419.0,7032.0,1.0,0.6925048828,0.0520019531,0.7194213867,0.0133056641
12830387.0,2968.0,0.0,-0.03125,0.10546875,-0.05859375,0
12837419.0,7032.0,1.0,0.6924438477,0.0520629883,0.7194824219,0.0133056641
12841387.0,3968.0,0.0,0.00390625,0.14453125,-0.0234375,0
12847419.0,6032.0,1.0,0.6923828125,0.0521240234,0.719543457,0.0133666992
12850387.0,2968.0,0.0,-0.03125,0.07421875,-0.0234375,0
12857419.0,7032.0,1.0,0.6923217773,0.0521850586,0.7196044922,0.0133056641
12860387.0,2968.0,0.0,-0.03125,0.22265625,-0.0234375,0
12867419.0,7032.0,1.0,0.6922607422,0.0521850586,0.7196655273,0.0133056641
12870387.0,2968.0,0.0,0.00390625,0.3359375,0.0546875,0
12877419.0,7032.0,1.0,0.692199707,0.0522460937,0.7197265625,0.0133056641
12880387.0,2968.0,0.0,0.00390625,0.22265625,0.1328125,0
12887419.0,7032.0,1.0,0.6921386719,0.0522460937,0.7197875977,0.0133666992
12890387.0,2968.0,0.0,0.00390625,0.09765625,0.16015625,0
12897419.0,7032.0,1.0,0.6920166016,0.0523071289,0.7198486328,0.0133666992
12900387.0,2968.0,0.0,0.00390625,0.05859375,0.0078125,0
12907419.0,7032.0,1.0,0.6919555664,0.0523071289,0.719909668,0.0133056641
12910387.0,2968.0,0.0,-0.03125,0.08203125,-0.14453125,0
12918419.0,8032.0,1.0,0.6918945313,0.0523681641,0.7199707031,0.0133056641
12921387.0,2968.0,0.0,0.00390625,0.04296875,-0.14453125,0
12927419.0,6032.0,1.0,0.6918334961,0.0524291992,0.7200317383,0.0133056641
12930387.0,2968.0,0.0,0.00390625,-0.18359375,0.16015625,0
12937419.0,7032.0,1.0,0.6917724609,0.0524902344,0.7200927734,0.0132446289
12940387.0,2968.0,0.0,0.00390625,-0.30078125,0.16015625,0
12947419.0,7032.0,1.0,0.6916503906,0.0525512695,0.7201538086,0.0132446289
12950387.0,2968.0,0.0,0.00390625,-0.26171875,0.23828125,0
12958419.0,8032.0,1.0,0.6915893555,0.0526123047,0.7202148438,0.0132446289
12961387.0,2968.0,0.0,0.00390625,-0.1484375,0.23828125,0
12967419.0,6032.0,1.0,0.6915283203,0.0526733398,0.7203369141,0.0133056641
12970387.0,2968.0,0.0,0.00390625,0.04296875,0.046875,0
12977419.0,7032.0,1.0,0.6914672852,0.052734375,0.7203979492,0.0133056641
12980387.0,2968.0,0.0,-0.03125,-0.0234375,-0.10546875,0
12987419.0,7032.0,1.0,0.69140625,0.0527954102,0.7204589844,0.0133056641
12990387.0,2968.0,0.0,-0.03125,0.05078125,-0.2578125,0
12998419.0,8032.0,1.0,0.6913452148,0.0528564453,0.7204589844,0.0132446289
13001387.0,2968.0,0.0,-0.03125,0.20703125,-0.375,0
13007419.0,6032.0,1.0,0.6913452148,0.0529174805,0.7205200195,0.0132446289
13010387.0,2968.0,0.0,-0.03125,0.54296875,-0.49609375,0
13017419.0,7032.0,1.0,0.6912841797,0.0529785156,0.7204589844,0.0131225586
13020387.0,2968.0,0.0,0.00390625,0.7265625,-0.375,0
13027419.0,7032.0,1.0,0.6912841797,0.0529785156,0.7204589844,0.0130615234
13030387.0,2968.0,0.0,0.00390625,0.83203125,-0.13671875,0
13038419.0,8032.0,1.0,0.6912841797,0.0529785156,0.7205200195,0.0130615234
13041387.0,2968.0,0.0,0.00390625,0.6328125,0.140625,0
13048419.0,7032.0,1.0,0.6912841797,0.0529174805,0.7205200195,0.0130615234
13051387.0,2968.0,0.0,-0.03125,0.00390625,0.4375,0
13057419.0,6032.0,1.0,0.6912231445,0.0528564453,0.7205810547,0.0130615234
13060387.0,2968.0,0.0,-0.0234375,-0.421875,0.3984375,0
13067419.0,7032.0,1.0,0.6911621094,0.0528564453,0.7206420898,0.0130615234
13070387.0,2968.0,0.0,0.00390625,-1.2578125,0.58203125,0
13078419.0,8032.0,1.0,0.6910400391,0.0529785156,0.720703125,0.0131225586
13081387.0,2968.0,0.0,0.00390625,-2.1328125,0.8125,0
13087419.0,6032.0,1.0,0.6909790039,0.0532226562,0.7207641602,0.0131225586
13090387.0,2968.0,0.0,-0.0703125,-0.0625,-2.17578125,0
13097419.0,7032.0,1.0,0.6910400391,0.0534667969,0.7207641602,0.0130615234
13101387.0,3968.0,0.0,-0.03125,0.234375,-1.72265625,0
13107419.0,6032.0,1.0,0.6911010742,0.053527832,0.7206420898,0.0131225586
13110387.0,2968.0,0.0,0.00390625,-0.0625,-0.61328125,0
13117419.0,7032.0,1.0,0.6912231445,0.0537109375,0.7205200195,0.0131835938
13120387.0,2968.0,0.0,-0.0703125,-0.984375,0.19140625,0
13127419.0,7032.0,1.0,0.6912841797,0.0539550781,0.7204589844,0.0131835938
13130387.0,2968.0,0.0,0.04296875,-0.72265625,0.18359375,0
13137419.0,7032.0,1.0,0.6913452148,0.0543823242,0.7203369141,0.0130615234
13141387.0,3968.0,0.0,-0.03125,-0.9140625,0.26171875,0
13147419.0,6032.0,1.0,0.69140625,0.0548706055,0.7202758789,0.0129394531
13150387.0,2968.0,0.0,0.00390625,-0.30859375,0.109375,0
13157419.0,7032.0,1.0,0.6914672852,0.0552368164,0.7202148438,0.0130004883
13160387.0,2968.0,0.0,-0.0703125,0.53515625,-0.21484375,0
13167419.0,7032.0,1.0,0.6915283203,0.0555419922,0.7200927734,0.0131225586
13170387.0,2968.0,0.0,0.00390625,1.64453125,-0.17578125,0
13177419.0,7032.0,1.0,0.6915893555,0.0557250977,0.7199707031,0.0131835938
13181387.0,3968.0,0.0,0.08203125,2.13671875,0.09375,0
13187419.0,6032.0,1.0,0.6917114258,0.0557861328,0.719909668,0.0131835938
13190387.0,2968.0,0.0,0.08203125,1.9453125,0.3515625,0
13197419.0,7032.0,1.0,0.6917724609,0.0557250977,0.7198486328,0.0131835938
13200387.0,2968.0,0.0,0.04296875,1.140625,0.66015625,0
13207419.0,7032.0,1.0,0.6918334961,0.0556030273,0.7198486328,0.0131225586
13210387.0,2968.0,0.0,0.00390625,0.48828125,0.62109375,0
13217419.0,7032.0,1.0,0.6917724609,0.055480957,0.7198486328,0.0130615234
13221387.0,3968.0,0.0,-0.03125,-0.1953125,0.390625,0
13227419.0,6032.0,1.0,0.6917724609,0.0554199219,0.7198486328,0.0130004883
13230387.0,2968.0,0.0,-0.0234375,-0.30859375,0.046875,0
13237419.0,7032.0,1.0,0.6917724609,0.0553588867,0.7198486328,0.012878418
13240387.0,2968.0,0.0,-0.03125,-0.1171875,-0.34375,0
13247419.0,7032.0,1.0,0.6918334961,0.0553588867,0.7198486328,0.0128173828
13250387.0,2968.0,0.0,-0.03125,-0.25390625,-0.3828125,0
13257419.0,7032.0,1.0,0.6918334961,0.0552978516,0.7197875977,0.0127563477
13260387.0,2968.0,0.0,-0.03125,-0.40625,-0.34375,0
13267419.0,7032.0,1.0,0.6918945313,0.0552978516,0.7197875977,0.0126953125
13270387.0,2968.0,0.0,-0.03125,-0.37109375,-0.26953125,0
13277419.0,7032.0,1.0,0.6919555664,0.0552978516,0.7197265625,0.0126342773
13280387.0,2968.0,0.0,-0.0234375,-0.37109375,-0.28515625,0
13287419.0,7032.0,1.0,0.6920166016,0.0552368164,0.7196655273,0.0126342773
13290387.0,2968.0,0.0,-0.0234375,-0.29296875,-0.16796875,0
13298419.0,8032.0,1.0,0.6920776367,0.0552978516,0.7196044922,0.0126342773
13301387.0,2968.0,0.0,-0.0234375,-0.29296875,-0.12890625,0
13307419.0,6032.0,1.0,0.692199707,0.0552978516,0.7194824219,0.0126342773
13310387.0,2968.0,0.0,0.01171875,-0.21484375,-0.0234375,0
13317419.0,7032.0,1.0,0.6922607422,0.0553588867,0.7194213867,0.0126342773
13320387.0,2968.0,0.0,0.01171875,-0.21484375,-0.0234375,0
13327419.0,7032.0,1.0,0.6923217773,0.0553588867,0.7193603516,0.0126342773
13330387.0,2968.0,0.0,-0.0234375,-0.21484375,-0.0703125,0
13338419.0,8032.0,1.0,0.6924438477,0.0553588867,0.7192382813,0.0126953125
13341387.0,2968.0,0.0,0.01171875,-0.1796875,-0.14453125,0
13347419.0,6032.0,1.0,0.6925048828,0.0553588867,0.7191772461,0.0127563477
13350387.0,2968.0,0.0,0.01171875,-0.28515625,-0.109375,0
13357419.0,7032.0,1.0,0.6926269531,0.0554199219,0.7190551758,0.0128173828
13360387.0,2968.0,0.0,0.01171875,-0.37109375,-0.078125,0
13367419.0,7032.0,1.0,0.6926879883,0.055480957,0.7189331055,0.012878418
13370387.0,2968.0,0.0,-0.0234375,-0.33203125,0.0,0
13378419.0,8032.0,1.0,0.6928100586,0.0555419922,0.7188720703,0.0130004883
13381387.0,2968.0,0.0,0.01171875,0.01171875,0.06640625,0
13387419.0,6032.0,1.0,0.6929321289,0.0556030273,0.71875,0.0130615234
13390387.0,2968.0,0.0,0.01171875,0.6171875,0.03125,0
13397419.0,7032.0,1.0,0.6929931641,0.0556640625,0.7186279297,0.0131225586
13400387.0,2968.0,0.0,0.01171875,1.0390625,0.0234375,0
13407419.0,7032.0,1.0,0.6931152344,0.0556640625,0.7185058594,0.0131225586
13410387.0,2968.0,0.0,0.01171875,1.0,0.21484375,0
13418419.0,8032.0,1.0,0.6932373047,0.0555419922,0.7184448242,0.0131835938
13421387.0,2968.0,0.0,0.05078125,0.80859375,0.85546875,0
13427419.0,6032.0,1.0,0.6932983398,0.0553588867,0.7183837891,0.0133056641
13430387.0,2968.0,0.0,-0.0234375,0.50390625,0.24609375,0
13437419.0,7032.0,1.0,0.6932983398,0.0552978516,0.7183837891,0.0133056641
13440387.0,2968.0,0.0,-0.140625,-0.76171875,-0.21484375,0
13447419.0,7032.0,1.0,0.693359375,0.0552978516,0.7183227539,0.0133056641
13450387.0,2968.0,0.0,0.01171875,-0.26171875,-0.0625,0
13458419.0,8032.0,1.0,0.6934204102,0.0552978516,0.7182617188,0.0133056641
13461387.0,2968.0,0.0,-0.0625,0.00390625,0.58984375,0
13467419.0,6032.0,1.0,0.6934204102,0.0553588867,0.7182617188,0.0132446289
13470387.0,2968.0,0.0,0.08984375,0.234375,0.6953125,0
13477419.0,7032.0,1.0,0.6934204102,0.0554199219,0.7183227539,0.0132446289
13480387.0,2968.0,0.0,-0.0234375,0.7421875,-0.109375,0
13488419.0,8032.0,1.0,0.693359375,0.0553588867,0.7183227539,0.0133056641
13491387.0,2968.0,0.0,-0.0234375,0.39453125,-0.5390625,0
13498419.0,7032.0,1.0,0.6934204102,0.0552978516,0.7182617188,0.0132446289
13501387.0,2968.0,0.0,0.05078125,0.39453125,-0.30859375,0
13507419.0,6032.0,1.0,0.6934814453,0.0552368164,0.7182006836,0.0132446289
13510387.0,2968.0,0.0,-0.0234375,0.203125,0.03515625,0
13518419.0,8032.0,1.0,0.6935424805,0.0548706055,0.7182006836,0.0135498047
13522387.0,3968.0,0.0,0.05078125,0.2109375,0.07421875,0
13528419.0,6032.0,1.0,0.6936035156,0.0540771484,0.7182006836,0.0142211914
13531387.0,2968.0,0.0,0.05078125,0.05859375,-0.35546875,0
13537419.0,6032.0,1.0,0.6936645508,0.0532226562,0.7181396484,0.0150756836
13540387.0,2968.0,0.0,-0.0625,-1.203125,-1.80859375,0
13547419.0,7032.0,1.0,0.6937866211,0.0528564453,0.7180786133,0.0154418945
13550387.0,2968.0,0.0,-0.0625,-1.25,-2.0859375,0
13557419.0,7032.0,1.0,0.6940307617,0.0529174805,0.7178344727,0.0153808594
13561387.0,3968.0,0.0,-0.0625,0.08984375,-1.85546875,0
13568419.0,7032.0,1.0,0.6942749023,0.0529785156,0.717590332,0.0153198242
13571387.0,2968.0,0.0,0.01171875,-1.17578125,-1.05859375,0
13577419.0,6032.0,1.0,0.6945800781,0.0530395508,0.7173461914,0.0153808594
13580387.0,2968.0,0.0,-0.1015625,-0.8671875,-1.3359375,0
13587419.0,7032.0,1.0,0.6948852539,0.0531616211,0.7169799805,0.0155029297
13590387.0,2968.0,0.0,-0.1015625,-0.63671875,-1.91796875,0
13598419.0,8032.0,1.0,0.6953125,0.0532226562,0.7165527344,0.015625
13601387.0,2968.0,0.0,-0.1796875,-0.453125,-1.81640625,0
13608419.0,7032.0,1.0,0.6958007813,0.0532836914,0.7160644531,0.0158691406
13611387.0,2968.0,0.0,-0.1796875,-0.953125,-0.63671875,0
13618419.0,7032.0,1.0,0.6962890625,0.0535888672,0.7155761719,0.0158691406
13621387.0,2968.0,0.0,-0.1015625,-2.8359375,1.68359375,0
13627419.0,6032.0,1.0,0.6967163086,0.0546264648,0.7150878906,0.0153198242
13630387.0,2968.0,0.0,-0.1796875,-2.9140625,1.0625,0
13638419.0,8032.0,1.0,0.6971435547,0.0565795898,0.7145996094,0.0139770508
13641387.0,2968.0,0.0,-0.21484375,-2.34765625,-0.1328125,0
13648419.0,7032.0,1.0,0.6975097656,0.0592041016,0.7139892578,0.0120849609
13651387.0,2968.0,0.0,-0.21484375,-2.01171875,-0.80078125,0
13658419.0,7032.0,1.0,0.6979980469,0.0625610352,0.7132568359,0.0095825195
13661387.0,2968.0,0.0,-0.25390625,-1.94921875,-0.9296875,0
13667419.0,6032.0,1.0,0.6985473633,0.06640625,0.7124023438,0.006652832
13670387.0,2968.0,0.0,-0.33203125,-1.4140625,-1.29296875,0
13678419.0,8032.0,1.0,0.6991577148,0.0702514648,0.7114868164,0.0037841797
13681387.0,2968.0,0.0,-0.140625,-1.62109375,-1.65234375,0
13688419.0,7032.0,1.0,0.6997680664,0.0737915039,0.7105712891,0.0014648437
13691387.0,2968.0,0.0,-0.828125,-1.671875,-0.85546875,0
13698419.0,7032.0,1.0,0.7004394531,0.0767211914,0.7095947266,-0.0001220703
13701387.0,2968.0,0.0,-1.18359375,-1.421875,-1.72265625,0
13707419.0,6032.0,1.0,0.7012329102,0.0790405273,0.7085571289,-0.0007324219
13710387.0,2968.0,0.0,-1.44921875,-1.93359375,-1.5546875,0
13718419.0,8032.0,1.0,0.7021484375,0.0810546875,0.7073974609,-0.0008544922
13721387.0,2968.0,0.0,-1.6015625,-2.1953125,-1.4921875,0
13727419.0,6032.0,1.0,0.7030639648,0.083190918,0.7062988281,-0.0009155273
13730387.0,2968.0,0.0,-1.52734375,-2.75390625,-0.86328125,0
13738419.0,8032.0,1.0,0.7040405273,0.0859375,0.7048950195,-0.0012207031
13741387.0,2968.0,0.0,-1.52734375,-2.48046875,-1.125,0
13747419.0,6032.0,1.0,0.705078125,0.0889892578,0.7035522461,-0.0016479492
13750387.0,2968.0,0.0,-1.6875,-2.328125,-0.95703125,0
13758419.0,8032.0,1.0,0.7061157227,0.0921020508,0.7020263672,-0.001953125
13761387.0,2968.0,0.0,-1.609375,-2.08984375,-0.94921875,0
13767419.0,6032.0,1.0,0.7072143555,0.0950927734,0.7005615234,-0.0020141602
13770387.0,2968.0,0.0,-1.2734375,-2.08984375,-0.98046875,0
13777419.0,7032.0,1.0,0.7084350586,0.098449707,0.6988525391,-0.001953125
13780387.0,2968.0,0.0,-1.12890625,-2.29296875,-0.9296875,0
13788419.0,8032.0,1.0,0.7096557617,0.1019897461,0.6971435547,-0.0020141602
13791387.0,2968.0,0.0,-0.9375,-2.4140625,-0.9609375,0
13798419.0,7032.0,1.0,0.7108154297,0.1060180664,0.6953125,-0.0024414063
13801387.0,2968.0,0.0,-0.66796875,-2.5390625,-0.9609375,0
13808419.0,7032.0,1.0,0.7120361328,0.1107788086,0.693359375,-0.0032958984
13811387.0,2968.0,0.0,-0.26171875,-2.01953125,-0.953125,0
13818419.0,7032.0,1.0,0.7131958008,0.1159057617,0.6912841797,-0.0043945312
13822387.0,3968.0,0.0,-0.00390625,-1.4921875,-0.90625,0
13828419.0,6032.0,1.0,0.7143554688,0.12109375,0.6892089844,-0.0053710937
13831387.0,2968.0,0.0,0.11328125,-1.171875,-0.86328125,0
13838419.0,7032.0,1.0,0.715637207,0.1262207031,0.6869506836,-0.0061035156
13841387.0,2968.0,0.0,0.1796875,-1.109375,-0.85546875,0
13848419.0,7032.0,1.0,0.7169189453,0.1313476563,0.6846313477,-0.006652832
13851387.0,2968.0,0.0,0.1640625,-1.02734375,-0.97265625,0
13858419.0,7032.0,1.0,0.7182006836,0.1365966797,0.6822509766,-0.0071411133
13862387.0,3968.0,0.0,0.1484375,-0.859375,-1.046875,0
13868419.0,6032.0,1.0,0.7196044922,0.141784668,0.6796875,-0.0073852539
13871387.0,2968.0,0.0,-0.05859375,-0.77734375,-0.96484375,0
13878419.0,7032.0,1.0,0.7210083008,0.1467895508,0.6771240234,-0.0072631836
13881387.0,2968.0,0.0,-0.2578125,-1.0,-0.92578125,0
13891419.0,10032.0,1.0,0.7223510742,0.1516113281,0.674621582,-0.007019043
13894387.0,2968.0,0.0,-0.1484375,-0.99609375,-0.96484375,0
13898419.0,4032.0,1.0,0.7238769531,0.1573486328,0.6716918945,-0.0067749023
13902387.0,3968.0,0.0,0.09375,-0.8125,-1.05078125,0
13908419.0,6032.0,1.0,0.7252197266,0.1624755859,0.6690063477,-0.0064086914
13911387.0,2968.0,0.0,0.33984375,-0.390625,-1.12109375,0
13917419.0,6032.0,1.0,0.7267456055,0.1672973633,0.6661987305,-0.0055541992
13920387.0,2968.0,0.0,0.59375,-0.01171875,-0.890625,0
13928419.0,8032.0,1.0,0.7284545898,0.1719360352,0.6632080078,-0.0039672852
13931387.0,2968.0,0.0,0.60546875,-0.40234375,-0.74609375,0
13938419.0,7032.0,1.0,0.7301635742,0.1760253906,0.66015625,-0.001953125
13941387.0,2968.0,0.0,0.62109375,-0.796875,-0.75390625,0
13948419.0,7032.0,1.0,0.7319946289,0.1802368164,0.657043457,6.10352e-05
13951387.0,2968.0,0.0,0.66796875,-0.99609375,-1.00390625,0
13957419.0,6032.0,1.0,0.7336425781,0.1846313477,0.6539306641,0.0017700195
13960387.0,2968.0,0.0,0.84375,-1.01171875,-1.203125,0
13968419.0,8032.0,1.0,0.7354736328,0.1897583008,0.6504516602,0.0034179687
13971387.0,2968.0,0.0,0.88671875,-0.83984375,-1.33203125,0
13978419.0,7032.0,1.0,0.737121582,0.1951293945,0.6469116211,0.0048217773
13981387.0,2968.0,0.0,1.046875,-0.328125,-1.41015625,0
13988419.0,7032.0,1.0,0.7388916016,0.2002563477,0.643371582,0.0064086914
13991387.0,2968.0,0.0,1.171875,0.046875,-1.50390625,0
13998419.0,7032.0,1.0,0.7407836914,0.2051391602,0.6396484375,0.0084838867
14001387.0,2968.0,0.0,1.58984375,0.2421875,-1.6640625,0
14008419.0,7032.0,1.0,0.7427368164,0.2094726563,0.6358642578,0.0110473633
14011387.0,2968.0,0.0,1.78125,0.1484375,-1.61328125,0
14018419.0,7032.0,1.0,0.7448730469,0.213684082,0.6318969727,0.0139160156
14021387.0,2968.0,0.0,2.05078125,-0.18359375,-1.4453125,0
14028419.0,7032.0,1.0,0.7470092773,0.217956543,0.6278686523,0.0167236328
14031387.0,2968.0,0.0,2.30859375,-0.359375,-1.42578125,0
14038419.0,7032.0,1.0,0.7490844727,0.22265625,0.6236572266,0.0192260742
14041387.0,2968.0,0.0,2.69140625,-0.078125,-1.2578125,0
14051419.0,10032.0,1.0,0.7509765625,0.2276611328,0.6194458008,0.021484375
14054387.0,2968.0,0.0,2.71484375,0.43359375,-1.1484375,0
14059419.0,5032.0,1.0,0.753112793,0.2331542969,0.6146850586,0.0239868164
14062387.0,2968.0,0.0,2.78125,0.7734375,-1.21875,0
14068419.0,6032.0,1.0,0.7551879883,0.2378540039,0.6102905273,0.0266113281
14071387.0,2968.0,0.0,2.71875,1.32421875,-1.3203125,0
14078419.0,7032.0,1.0,0.7573852539,0.2423706055,0.6055908203,0.0297241211
14081387.0,2968.0,0.0,2.703125,1.40625,-1.26953125,0
14088419.0,7032.0,1.0,0.759765625,0.2463989258,0.6008300781,0.0332641602
14091387.0,2968.0,0.0,2.6015625,1.328125,-1.1484375,0
14098419.0,7032.0,1.0,0.7622070313,0.2502441406,0.5958251953,0.0371704102
14101387.0,2968.0,0.0,2.6171875,1.11328125,-1.109375,0
14108419.0,7032.0,1.0,0.7645263672,0.25390625,0.5910644531,0.041015625
14111387.0,2968.0,0.0,2.96875,1.125,-0.9609375,0
14118419.0,7032.0,1.0,0.7669677734,0.2578735352,0.5858154297,0.0451049805
14121387.0,2968.0,0.0,3.203125,1.23828125,-0.73046875,0
14128419.0,7032.0,1.0,0.7693481445,0.26171875,0.5806884766,0.0491943359
14131387.0,2968.0,0.0,3.32421875,1.39453125,-0.6875,0
14138419.0,7032.0,1.0,0.7717285156,0.2653198242,0.5755004883,0.053527832
14141387.0,2968.0,0.0,3.29296875,1.44140625,-0.765625,0
14147419.0,6032.0,1.0,0.7739868164,0.2684326172,0.5705566406,0.057800293
14150387.0,2968.0,0.0,3.015625,1.26171875,-0.56640625,0
14158419.0,8032.0,1.0,0.7764892578,0.2716674805,0.5650634766,0.0627441406
14161387.0,2968.0,0.0,2.8984375,1.265625,-0.65234375,0
14168419.0,7032.0,1.0,0.7789916992,0.2746582031,0.5595703125,0.0678100586
14171387.0,2968.0,0.0,2.69140625,1.234375,-0.8515625,0
14178419.0,7032.0,1.0,0.7814331055,0.2774658203,0.5541381836,0.0728149414
14181387.0,2968.0,0.0,2.53515625,0.90234375,-0.81640625,0
14191419.0,10032.0,1.0,0.7835693359,0.2805175781,0.5489501953,0.0774536133
14194387.0,2968.0,0.0,2.75390625,0.80078125,-0.7421875,0
14198419.0,4032.0,1.0,0.7855834961,0.2844238281,0.5433349609,0.08203125
14202387.0,3968.0,0.0,2.81640625,1.12109375,-0.55078125,0
14208419.0,6032.0,1.0,0.7873535156,0.2883911133,0.5380249023,0.0861816406
14211387.0,2968.0,0.0,2.8359375,1.546875,-0.19140625,0
14218419.0,7032.0,1.0,0.7890625,0.2922363281,0.5327758789,0.0905151367
14221387.0,2968.0,0.0,2.85546875,1.984375,-0.1015625,0
14228419.0,7032.0,1.0,0.7908325195,0.2954101563,0.5274658203,0.0952148438
14231387.0,2968.0,0.0,2.80078125,2.234375,0.2890625,0
14238419.0,7032.0,1.0,0.7927856445,0.2979125977,0.5221557617,0.1003417969
14242387.0,3968.0,0.0,2.5859375,2.171875,0.37109375,0
14248419.0,6032.0,1.0,0.7948608398,0.2998046875,0.516784668,0.1058959961
14251387.0,2968.0,0.0,2.33984375,2.0078125,0.20703125,0
14258419.0,7032.0,1.0,0.7969970703,0.3013916016,0.5114135742,0.1115722656
14261387.0,2968.0,0.0,2.046875,1.625,0.34375,0
14268419.0,7032.0,1.0,0.7989501953,0.3029174805,0.5061035156,0.1171875
14271387.0,2968.0,0.0,2.01953125,1.5390625,0.3046875,0
14278419.0,7032.0,1.0,0.80078125,0.3046875,0.5008544922,0.1226806641
14281387.0,2968.0,0.0,1.95703125,1.69140625,0.33984375,0
14288419.0,7032.0,1.0,0.8024902344,0.3065185547,0.4956665039,0.1279907227
14291387.0,2968.0,0.0,2.0078125,1.99609375,0.23046875,0
14298419.0,7032.0,1.0,0.8040161133,0.3081054688,0.4907836914,0.1331176758
14301387.0,2968.0,0.0,1.9453125,2.19140625,0.26953125,0
14311419.0,10032.0,1.0,0.805847168,0.3084106445,0.4859619141,0.1390380859
14314387.0,2968.0,0.0,2.42578125,7.9140625,11.29296875,0
14318419.0,4032.0,1.0,0.8080444336,0.3070068359,0.4810791016,0.1462402344
14321387.0,2968.0,0.0,4.01953125,3.9140625,2.45703125,0
14328419.0,7032.0,1.0,0.8096313477,0.3056640625,0.4772338867,0.1525878906
14331387.0,2968.0,0.0,1.86328125,4.03515625,11.83203125,0
14338419.0,7032.0,1.0,0.8103027344,0.3051147461,0.4747314453,0.1578979492
14341387.0,2968.0,0.0,0.71875,10.203125,12.69921875,0
14348419.0,7032.0,1.0,0.8104248047,0.3041992188,0.4733886719,0.1631469727
14351387.0,2968.0,0.0,0.94140625,9.17578125,11.43359375,0
14358419.0,7032.0,1.0,0.8101196289,0.302734375,0.4730834961,0.1680297852
14361387.0,2968.0,0.0,1.171875,6.73046875,8.296875,0
14368419.0,7032.0,1.0,0.8095092773,0.3008422852,0.4736328125,0.1727294922
14371387.0,2968.0,0.0,1.796875,5.48828125,4.8828125,0
14378419.0,7032.0,1.0,0.8087158203,0.2987670898,0.4747314453,0.1771240234
14381387.0,2968.0,0.0,3.35546875,4.1015625,3.33203125,0
14388419.0,7032.0,1.0,0.8077392578,0.2966918945,0.4761962891,0.1811523438
14391387.0,2968.0,0.0,3.765625,2.2109375,2.453125,0
14398419.0,7032.0,1.0,0.8065185547,0.2946777344,0.4779663086,0.1850585938
14401387.0,2968.0,0.0,3.921875,-0.25,0.62109375,0
14408419.0,7032.0,1.0,0.8051757813,0.2932128906,0.4797973633,0.1884765625
14411387.0,2968.0,0.0,3.72265625,-1.64453125,-1.203125,0
14418419.0,7032.0,1.0,0.803527832,0.2924804688,0.4817504883,0.1916503906
14421387.0,2968.0,0.0,2.48828125,-2.47265625,-2.10546875,0
14428419.0,7032.0,1.0,0.8017578125,0.2922973633,0.483581543,0.1946411133
14431387.0,2968.0,0.0,1.828125,-2.07421875,-1.73046875,0
14438419.0,7032.0,1.0,0.799987793,0.2922363281,0.4852905273,0.1976928711
14441387.0,2968.0,0.0,1.4296875,-1.4765625,-1.390625,0
14448419.0,7032.0,1.0,0.7982177734,0.2922973633,0.4869384766,0.2008056641
14451387.0,2968.0,0.0,1.18359375,-0.63671875,0.125,0
14458419.0,7032.0,1.0,0.7962646484,0.2925415039,0.4885864258,0.2039794922
14461387.0,2968.0,0.0,1.015625,0.75,0.84765625,0
14468419.0,7032.0,1.0,0.7941894531,0.2930297852,0.4904785156,0.2069702148
14471387.0,2968.0,0.0,0.88671875,2.12890625,0.9140625,0
14478419.0,7032.0,1.0,0.7919921875,0.2936401367,0.4924926758,0.209777832
14481387.0,2968.0,0.0,0.75390625,2.91015625,0.6953125,0
14488419.0,7032.0,1.0,0.7899169922,0.2938842773,0.4945068359,0.2124633789
14491387.0,2968.0,0.0,1.19921875,3.0703125,0.11328125,0
14498419.0,7032.0,1.0,0.787902832,0.2935180664,0.4966430664,0.2154541016
14501387.0,2968.0,0.0,1.421875,2.39453125,-0.4609375,0
14511419.0,10032.0,1.0,0.7862548828,0.2927246094,0.4984130859,0.2183837891
14514387.0,2968.0,0.0,1.91015625,1.69140625,-0.33203125,0
14519419.0,5032.0,1.0,0.7846069336,0.2916259766,0.5003051758,0.221496582
14522387.0,2968.0,0.0,1.7109375,0.75,-0.23046875,0
14528419.0,6032.0,1.0,0.7830200195,0.2907104492,0.5020141602,0.2243041992
14531387.0,2968.0,0.0,1.328125,0.3203125,0.4375,0
14538419.0,7032.0,1.0,0.78125,0.290222168,0.5039672852,0.2269897461
14541387.0,2968.0,0.0,0.8984375,0.87109375,0.31640625,0
14548419.0,7032.0,1.0,0.7791748047,0.290222168,0.5061035156,0.2290649414
14551387.0,2968.0,0.0,0.28515625,1.7265625,0.58203125,0
14558419.0,7032.0,1.0,0.7769775391,0.2908325195,0.5085449219,0.2305297852
14561387.0,2968.0,0.0,0.046875,2.6328125,0.78515625,0
14568419.0,7032.0,1.0,0.7746582031,0.2916870117,0.5111083984,0.2315063477
14571387.0,2968.0,0.0,-0.21875,3.328125,-1.078125,0
14578419.0,7032.0,1.0,0.7724609375,0.2923583984,0.5137329102,0.2322387695
14581387.0,2968.0,0.0,0.09375,2.5390625,-1.20703125,0
14588419.0,7032.0,1.0,0.7703857422,0.2928466797,0.5163574219,0.2327270508
14591387.0,2968.0,0.0,0.2109375,1.7265625,-1.3125,0
14598419.0,7032.0,1.0,0.768371582,0.2933959961,0.5189208984,0.2329101563
14601387.0,2968.0,0.0,-0.04296875,1.25,-0.796875,0
14608419.0,7032.0,1.0,0.7666015625,0.2938232422,0.5213012695,0.2329711914
14611387.0,2968.0,0.0,0.01171875,0.171875,-1.25,0
14618419.0,7032.0,1.0,0.7650146484,0.2940063477,0.5233764648,0.2330932617
14622387.0,3968.0,0.0,0.2109375,0.15625,-1.28515625,0
14628419.0,6032.0,1.0,0.7638549805,0.2937011719,0.5250854492,0.2334594727
14631387.0,2968.0,0.0,0.1796875,0.5390625,-1.41015625,0
14638419.0,7032.0,1.0,0.7631835938,0.2926025391,0.5263671875,0.2343139648
14641387.0,2968.0,0.0,-0.9609375,2.453125,-1.74609375,0
14648419.0,7032.0,1.0,0.7631225586,0.2901000977,0.5270996094,0.2359619141
14651387.0,2968.0,0.0,-1.22265625,2.8125,-1.72265625,0
14658419.0,7032.0,1.0,0.7637939453,0.2860717773,0.5271606445,0.2384643555
14662387.0,3968.0,0.0,-0.32421875,2.8046875,-2.52734375,0
14668419.0,6032.0,1.0,0.7651367188,0.2803344727,0.5267333984,0.2419433594
14671387.0,2968.0,0.0,-1.6953125,3.61328125,0.61328125,0
14678419.0,7032.0,1.0,0.7669067383,0.2736816406,0.5257568359,0.2459716797
14681387.0,2968.0,0.0,-0.5,1.703125,1.62890625,0
14688419.0,7032.0,1.0,0.7690429688,0.2659301758,0.5244750977,0.2504272461
14691387.0,2968.0,0.0,-0.640625,0.765625,0.72265625,0
14698419.0,7032.0,1.0,0.7711181641,0.2585449219,0.5231323242,0.2545776367
14701387.0,2968.0,0.0,-0.4375,-0.1015625,0.30859375,0
14708419.0,7032.0,1.0,0.7732543945,0.2512817383,0.5215454102,0.258605957
14711387.0,2968.0,0.0,0.03515625,-0.91796875,-0.63671875,0
14718419.0,7032.0,1.0,0.775390625,0.2442016602,0.5198364258,0.262512207
14721387.0,2968.0,0.0,0.12890625,-2.12109375,-0.9375,0
14731419.0,10032.0,1.0,0.7775268555,0.237487793,0.5178833008,0.2661743164
14734387.0,2968.0,0.0,-0.0546875,-2.40234375,-0.58203125,0
14738419.0,4032.0,1.0,0.7795410156,0.231628418,0.5159301758,0.2691650391
14741387.0,2968.0,0.0,0.13671875,-2.43359375,0.3984375,0
14748419.0,7032.0,1.0,0.7810668945,0.2279663086,0.5145263672,0.2706298828
14751387.0,2968.0,0.0,-0.0859375,-1.66015625,2.48046875,0
14758419.0,7032.0,1.0,0.7819824219,0.2266235352,0.5137939453,0.2704467773
14761387.0,2968.0,0.0,0.296875,-1.796875,0.6484375,0
14768419.0,7032.0,1.0,0.7825927734,0.2267456055,0.5134887695,0.2691040039
14771387.0,2968.0,0.0,-0.69140625,-2.1328125,0.265625,0
14778419.0,7032.0,1.0,0.7831420898,0.2274780273,0.5133666992,0.2671508789
14781387.0,2968.0,0.0,-1.94921875,-2.1640625,1.22265625,0
14788419.0,7032.0,1.0,0.7837524414,0.2283935547,0.5132446289,0.2648925781
14791387.0,2968.0,0.0,-3.3203125,-1.16796875,1.421875,0
14798419.0,7032.0,1.0,0.7845458984,0.2287597656,0.5129394531,0.2627563477
14801387.0,2968.0,0.0,-1.05078125,0.6875,1.4921875,0
14808419.0,7032.0,1.0,0.7857055664,0.2282104492,0.5123901367,0.2609863281
14811387.0,2968.0,0.0,-0.31640625,1.27734375,1.859375,0
14819419.0,8032.0,1.0,0.7872314453,0.2261962891,0.5114135742,0.2599487305
14822387.0,2968.0,0.0,-0.875,1.66015625,0.671875,0
14828419.0,6032.0,1.0,0.7893676758,0.221862793,0.5099487305,0.2601318359
14831387.0,2968.0,0.0,-1.9296875,2.87109375,3.20703125,0
14838419.0,7032.0,1.0,0.7919311523,0.2153930664,0.5080566406,0.2614746094
14841387.0,2968.0,0.0,-1.5234375,1.91796875,2.0,0
14848419.0,7032.0,1.0,0.7946777344,0.207824707,0.5059814453,0.2631835938
14851387.0,2968.0,0.0,-1.5703125,-1.0078125,1.32421875,0
14858419.0,7032.0,1.0,0.7973632813,0.200378418,0.5040283203,0.2645874023
14861387.0,2968.0,0.0,-0.92578125,-2.6015625,1.29296875,0
14868419.0,7032.0,1.0,0.7996826172,0.1943359375,0.5023803711,0.2651977539
14871387.0,2968.0,0.0,0.1328125,-2.8203125,1.59765625,0
14878419.0,7032.0,1.0,0.8018798828,0.1891479492,0.5010375977,0.264831543
14881387.0,2968.0,0.0,0.38671875,-1.90625,1.765625,0
14888419.0,7032.0,1.0,0.8040161133,0.1846313477,0.4997558594,0.2640991211
14891387.0,2968.0,0.0,0.53125,-0.91015625,1.5859375,0
14899419.0,8032.0,1.0,0.8061523438,0.1798095703,0.4983520508,0.2634277344
14902387.0,2968.0,0.0,0.78515625,-0.515625,1.33203125,0
14908419.0,6032.0,1.0,0.8083496094,0.1747436523,0.496887207,0.262878418
14911387.0,2968.0,0.0,1.0390625,-1.78125,1.22265625,0
14918419.0,7032.0,1.0,0.8107910156,0.169128418,0.495300293,0.2621459961
14921387.0,2968.0,0.0,1.14453125,-2.26171875,1.23046875,0
14928419.0,7032.0,1.0,0.8130493164,0.1643066406,0.4938354492,0.2608642578
14931387.0,2968.0,0.0,0.984375,-2.55859375,1.16796875,0
14939419.0,8032.0,1.0,0.8151245117,0.1608886719,0.4927368164,0.2585449219
14942387.0,2968.0,0.0,0.77734375,-2.7578125,1.19921875,0
14952419.0,10032.0,1.0,0.8168334961,0.1594238281,0.4921264648,0.2553100586
14955387.0,2968.0,0.0,1.1484375,-2.6328125,0.63671875,0
14959419.0,4032.0,1.0,0.818359375,0.1596679688,0.4919433594,0.2506103516
14963387.0,3968.0,0.0,1.5546875,-1.94140625,0.5625,0
14968419.0,5032.0,1.0,0.8197021484,0.1611328125,0.4920043945,0.2450561523
14971387.0,2968.0,0.0,1.8515625,-0.8828125,0.29296875,0
14979419.0,8032.0,1.0,0.8210449219,0.1624755859,0.4920654297,0.2395019531
14982387.0,2968.0,0.0,1.953125,0.1640625,0.8828125,0
14988419.0,6032.0,1.0,0.8224487305,0.1627197266,0.4919433594,0.2346191406
14991387.0,2968.0,0.0,1.2421875,1.32421875,1.23046875,0
14998419.0,7032.0,1.0,0.8239746094,0.1619873047,0.4917602539,0.2302246094
15001387.0,2968.0,0.0,1.6953125,0.06640625,0.72265625,0
15008419.0,7032.0,1.0,0.8254394531,0.1613769531,0.4916381836,0.2255859375
15011387.0,2968.0,0.0,2.29296875,-2.0234375,1.20703125,0
15018419.0,7032.0,1.0,0.8267211914,0.1614990234,0.4916992188,0.220703125
15021387.0,2968.0,0.0,2.0546875,-2.18359375,1.28125,0
15028419.0,7032.0,1.0,0.8278808594,0.1618652344,0.4918212891,0.2156982422
15031387.0,2968.0,0.0,2.1171875,-1.1875,1.51171875,0
15038419.0,7032.0,1.0,0.8290405273,0.1618041992,0.4918823242,0.2109985352
15042387.0,3968.0,0.0,1.94921875,-0.34375,1.16796875,0
15048419.0,6032.0,1.0,0.8302612305,0.1610107422,0.4919433594,0.2066650391
15051387.0,2968.0,0.0,1.75,-0.14453125,0.9765625,0
15058419.0,7032.0,1.0,0.8314819336,0.1596069336,0.4920043945,0.2028808594
15061387.0,2968.0,0.0,1.78125,-0.09765625,1.19140625,0
15068419.0,7032.0,1.0,0.8327026367,0.1575927734,0.4920043945,0.1991577148
15071387.0,2968.0,0.0,1.92578125,0.2421875,1.05859375,0
15078419.0,7032.0,1.0,0.8339233398,0.155090332,0.4920654297,0.1959228516
15082387.0,3968.0,0.0,2.02734375,0.6484375,1.08203125,0
15088419.0,6032.0,1.0,0.8350830078,0.1520385742,0.4921264648,0.1929931641
15091387.0,2968.0,0.0,1.98046875,0.26953125,0.71484375,0
15098419.0,7032.0,1.0,0.8362426758,0.1486816406,0.4922485352,0.1904907227
15101387.0,2968.0,0.0,1.8203125,-0.88671875,0.0078125,0
15108419.0,7032.0,1.0,0.8373413086,0.1449584961,0.4924926758,0.1878051758
15111387.0,2968.0,0.0,1.82421875,-1.421875,-0.08984375,0
15118419.0,7032.0,1.0,0.8383178711,0.1413574219,0.4927978516,0.1853027344
15122387.0,3968.0,0.0,1.73046875,-1.34375,0.09375,0
15128419.0,6032.0,1.0,0.8392944336,0.1376953125,0.4931030273,0.1829833984
15131387.0,2968.0,0.0,1.76171875,-1.1875,0.03125,0
15138419.0,7032.0,1.0,0.8401489258,0.1337280273,0.4935302734,0.1807861328
15141387.0,2968.0,0.0,1.7265625,-0.765625,0.4375,0
15148419.0,7032.0,1.0,0.8409423828,0.1295166016,0.4940795898,0.1787719727
15151387.0,2968.0,0.0,1.6875,-0.71875,-0.14453125,0
15158419.0,7032.0,1.0,0.8416137695,0.1250610352,0.4946899414,0.176940918
15161387.0,2968.0,0.0,1.83203125,-1.0859375,-0.27734375,0
15170419.0,9032.0,1.0,0.8421020508,0.1209716797,0.4954223633,0.1752929688
15173387.0,2968.0,0.0,2.09375,-1.47265625,-0.09375,0
15179419.0,6032.0,1.0,0.8424682617,0.1171875,0.4965209961,0.1733398438
15182387.0,2968.0,0.0,2.546875,-2.31640625,0.328125,0
15188419.0,6032.0,1.0,0.8425292969,0.1140136719,0.4978637695,0.1711425781
15191387.0,2968.0,0.0,2.546875,-1.9765625,0.375,0
15199419.0,8032.0,1.0,0.8423461914,0.1114501953,0.4994506836,0.1690063477
15202387.0,2968.0,0.0,2.546875,-2.44921875,0.3515625,0
15208419.0,6032.0,1.0,0.8419799805,0.1091918945,0.5014038086,0.1667480469
15211387.0,2968.0,0.0,2.6171875,-2.43359375,-0.0859375,0
15218419.0,7032.0,1.0,0.8413696289,0.1072998047,0.5034790039,0.1645507813
15221387.0,2968.0,0.0,2.78125,-2.34765625,-0.93359375,0
15228419.0,7032.0,1.0,0.8405761719,0.1058349609,0.5059204102,0.1622924805
15231387.0,2968.0,0.0,2.734375,-2.6640625,-0.6953125,0
15239419.0,8032.0,1.0,0.8394775391,0.1047973633,0.508605957,0.1597900391
15242387.0,2968.0,0.0,2.8203125,-2.1640625,-1.0,0
15248419.0,6032.0,1.0,0.8382568359,0.1042480469,0.5115966797,0.1573486328
15251387.0,2968.0,0.0,3.234375,-1.90234375,-0.83203125,0
15258419.0,7032.0,1.0,0.8366088867,0.1037597656,0.5151367188,0.1547851563
15261387.0,2968.0,0.0,3.2421875,-1.10546875,-1.06640625,0
15268419.0,7032.0,1.0,0.834777832,0.1028442383,0.5188598633,0.1527709961
15271387.0,2968.0,0.0,3.40625,-0.69921875,-1.00390625,0
15279419.0,8032.0,1.0,0.8327026367,0.1015014648,0.5228881836,0.1512451172
15282387.0,2968.0,0.0,3.375,-0.58984375,-1.46484375,0
15288419.0,6032.0,1.0,0.8305053711,0.1001586914,0.5269165039,0.1501464844
15291387.0,2968.0,0.0,2.65625,-0.90625,-2.54296875,0
15298419.0,7032.0,1.0,0.8280029297,0.0986938477,0.5314941406,0.1491699219
15301387.0,2968.0,0.0,1.9453125,-0.84375,-2.7265625,0
15308419.0,7032.0,1.0,0.8253173828,0.0970458984,0.5360717773,0.1484985352
15311387.0,2968.0,0.0,1.03125,-0.3515625,-2.9453125,0
15319419.0,8032.0,1.0,0.8225708008,0.0950317383,0.5407104492,0.1482543945
15322387.0,2968.0,0.0,0.16015625,-0.55078125,-3.77734375,0
15328419.0,6032.0,1.0,0.8198852539,0.0921630859,0.5451660156,0.1486816406
15331387.0,2968.0,0.0,-0.98046875,-0.43359375,-4.88671875,0
15338419.0,7032.0,1.0,0.8171386719,0.0882568359,0.5496826172,0.1497192383
15341387.0,2968.0,0.0,-0.625,0.75390625,-5.421875,0
15348419.0,7032.0,1.0,0.8143920898,0.083984375,0.5540771484,0.1509399414
15351387.0,2968.0,0.0,-0.578125,-2.07421875,-4.578125,0
15359419.0,8032.0,1.0,0.8115234375,0.0794677734,0.5585327148,0.1522827148
15362387.0,2968.0,0.0,-0.49609375,1.0859375,-6.25390625,0
15372419.0,10032.0,1.0,0.8087768555,0.075012207,0.5626831055,0.1536254883
15375387.0,2968.0,0.0,-1.7890625,0.06640625,-3.91796875,0
15379419.0,4032.0,1.0,0.8056030273,0.0696411133,0.5675048828,0.1552124023
15382387.0,2968.0,0.0,-2.76953125,0.12109375,-1.80078125,0
15389419.0,7032.0,1.0,0.8027954102,0.0647583008,0.5716552734,0.1566772461
15392387.0,2968.0,0.0,-3.10546875,0.8203125,-3.984375,0
15399419.0,7032.0,1.0,0.7997436523,0.0592651367,0.5759887695,0.1585693359
15402387.0,2968.0,0.0,-3.33203125,-0.95703125,-4.74609375,0
15408419.0,6032.0,1.0,0.7964477539,0.0534667969,0.5805664063,0.1605224609
15411387.0,2968.0,0.0,-3.546875,0.4375,-2.28515625,0
15419419.0,8032.0,1.0,0.7930297852,0.0478515625,0.585144043,0.1624755859
15423387.0,3968.0,0.0,-3.73828125,-1.03125,-2.4609375,0
15429419.0,6032.0,1.0,0.7893676758,0.0421142578,0.5899658203,0.1644287109
15432387.0,2968.0,0.0,-2.6484375,0.171875,-1.6015625,0
15438419.0,6032.0,1.0,0.785949707,0.0370483398,0.5944213867,0.1660766602
15441387.0,2968.0,0.0,-1.19140625,0.71875,-2.50390625,0
15449419.0,8032.0,1.0,0.7821655273,0.0318603516,0.5993041992,0.1674804688
15452387.0,2968.0,0.0,-1.8359375,0.734375,-2.9296875,0
15459419.0,7032.0,1.0,0.7783813477,0.0270996094,0.6041259766,0.1685180664
15462387.0,2968.0,0.0,-2.8515625,0.703125,-3.12890625,0
15469419.0,7032.0,1.0,0.7747192383,0.0228881836,0.6087646484,0.1692504883
15472387.0,2968.0,0.0,-4.0,1.05859375,-3.1796875,0
15478419.0,6032.0,1.0,0.7711181641,0.0191040039,0.6133422852,0.1697387695
15481387.0,2968.0,0.0,-4.96484375,0.59765625,-2.87890625,0
15491419.0,10032.0,1.0,0.7673950195,0.0155639648,0.617980957,0.1701049805
15494387.0,2968.0,0.0,-5.609375,-0.6328125,-1.7734375,0
15498419.0,4032.0,1.0,0.7634277344,0.0126953125,0.6228637695,0.1702270508
15501387.0,2968.0,0.0,-5.65234375,-2.02734375,-2.078125,0
15509419.0,8032.0,1.0,0.7592773438,0.010925293,0.628112793,0.1698608398
15512387.0,2968.0,0.0,-6.41796875,-1.31640625,-3.53125,0
15519419.0,7032.0,1.0,0.7552490234,0.0101318359,0.6331787109,0.169128418
15522387.0,2968.0,0.0,-6.12109375,-2.08203125,-5.0078125,0
15529419.0,7032.0,1.0,0.7512207031,0.009765625,0.6382446289,0.1680908203
15532387.0,2968.0,0.0,-6.43359375,0.1875,-4.5,0
15539419.0,7032.0,1.0,0.747253418,0.009765625,0.6431884766,0.1668701172
15542387.0,2968.0,0.0,-5.71875,-0.9609375,-5.17578125,0
15549419.0,7032.0,1.0,0.743347168,0.0100097656,0.6480712891,0.1653442383
15552387.0,2968.0,0.0,-5.58203125,0.953125,-3.48828125,0
15559419.0,7032.0,1.0,0.7396240234,0.0102539063,0.6527099609,0.1635742188
15562387.0,2968.0,0.0,-4.01953125,1.87890625,-4.390625,0
15569419.0,7032.0,1.0,0.7360839844,0.0100708008,0.6571655273,0.1619873047
15572387.0,2968.0,0.0,-3.19140625,2.15625,-5.27734375,0
15579419.0,7032.0,1.0,0.7324829102,0.0089111328,0.6613769531,0.1608886719
15582387.0,2968.0,0.0,-3.51953125,2.44921875,-4.96875,0
15589419.0,7032.0,1.0,0.7290649414,0.0068969727,0.6653442383,0.1604003906
15592387.0,2968.0,0.0,-4.30078125,2.1953125,-4.8671875,0
15599419.0,7032.0,1.0,0.7257080078,0.0042724609,0.6690063477,0.1604003906
15602387.0,2968.0,0.0,-4.23828125,0.734375,-4.27734375,0
15609419.0,7032.0,1.0,0.7224731445,0.0014648437,0.6724853516,0.1605834961
15612387.0,2968.0,0.0,-3.87109375,0.609375,-3.984375,0
15619419.0,7032.0,1.0,0.7192382813,-0.0012207031,0.6759643555,0.1607055664
15622387.0,2968.0,0.0,-2.8203125,0.97265625,-3.7734375,0
15628419.0,6032.0,1.0,0.7161254883,-0.0034179687,0.6791992188,0.1606445313
15631387.0,2968.0,0.0,-1.6875,0.62109375,-3.671875,0
15639419.0,8032.0,1.0,0.7128295898,-0.0054321289,0.6827392578,0.1603393555
15642387.0,2968.0,0.0,-1.296875,0.90234375,-4.0,0
15649419.0,7032.0,1.0,0.709777832,-0.0071411133,0.6860351563,0.1599731445
15652387.0,2968.0,0.0,-1.51171875,0.46484375,-3.90625,0
15659419.0,7032.0,1.0,0.7066650391,-0.0087280273,0.6892089844,0.1596069336
15662387.0,2968.0,0.0,-1.6875,-0.0625,-3.58203125,0
15672419.0,10032.0,1.0,0.7037353516,-0.0101928711,0.6922607422,0.1594238281
15675387.0,2968.0,0.0,-2.13671875,-0.16015625,-2.26171875,0
15679419.0,4032.0,1.0,0.7003173828,-0.0116577148,0.6956787109,0.1594238281
15682387.0,2968.0,0.0,-1.5078125,-1.1484375,-1.79296875,0
15689419.0,7032.0,1.0,0.6972045898,-0.0126953125,0.6987915039,0.1596679688
15692387.0,2968.0,0.0,-1.5078125,-1.29296875,-1.01171875,0
15699419.0,7032.0,1.0,0.6939086914,-0.0131835938,0.701965332,0.1599121094
15702387.0,2968.0,0.0,-1.9609375,-1.2265625,-1.22265625,0
15709419.0,7032.0,1.0,0.6904907227,-0.0130004883,0.7052612305,0.1600952148
15712387.0,2968.0,0.0,-2.14453125,-1.5078125,-1.62109375,0
15719419.0,7032.0,1.0,0.6871337891,-0.0121459961,0.7086181641,0.1600341797
15722387.0,2968.0,0.0,-1.921875,-1.72265625,-1.2578125,0
15729419.0,7032.0,1.0,0.6837158203,-0.0108032227,0.7119750977,0.1597900391
15732387.0,2968.0,0.0,-1.578125,-2.09375,-1.04296875,0
15739419.0,7032.0,1.0,0.6801757813,-0.0090942383,0.7154541016,0.1594238281
15742387.0,2968.0,0.0,-1.42578125,-1.625,-0.7109375,0
15749419.0,7032.0,1.0,0.6766357422,-0.0072631836,0.7188720703,0.1591186523
15752387.0,2968.0,0.0,-0.3984375,-1.80078125,-0.640625,0
15759419.0,7032.0,1.0,0.6731567383,-0.0054321289,0.7222290039,0.1588134766
15763387.0,3968.0,0.0,-0.29296875,-0.9921875,-1.12890625,0
15769419.0,6032.0,1.0,0.6697998047,-0.0036621094,0.725402832,0.1585693359
15772387.0,2968.0,0.0,-0.21484375,-0.01953125,-1.79296875,0
15779419.0,7032.0,1.0,0.6663818359,-0.0020751953,0.7286376953,0.1583251953
15782387.0,2968.0,0.0,0.34375,-0.15625,-1.73828125,0
15789419.0,7032.0,1.0,0.6629638672,-0.0009155273,0.7317504883,0.1583251953
15792387.0,2968.0,0.0,0.453125,0.31640625,-1.26171875,0
15799419.0,7032.0,1.0,0.6595458984,-0.0003051758,0.7346801758,0.1586914063
15803387.0,3968.0,0.0,0.40625,0.45703125,-0.859375,0
15809419.0,6032.0,1.0,0.6561889648,-0.0003662109,0.7375488281,0.1594238281
15812387.0,2968.0,0.0,0.359375,0.01171875,-1.00390625,0
15818419.0,6032.0,1.0,0.6530151367,-0.0009765625,0.7401123047,0.1605834961
15821387.0,2968.0,0.0,0.6640625,-0.08203125,-0.390625,0
15829419.0,8032.0,1.0,0.6496582031,-0.0018920898,0.7427978516,0.1618652344
15832387.0,2968.0,0.0,1.1484375,-0.25,-0.1484375,0
15839419.0,7032.0,1.0,0.6464233398,-0.0028076172,0.745300293,0.1630859375
15842387.0,2968.0,0.0,1.41015625,0.31640625,0.2734375,0
15849419.0,7032.0,1.0,0.6431274414,-0.0035400391,0.7479248047,0.1640625
15852387.0,2968.0,0.0,1.5859375,-0.2734375,1.15625,0
15858419.0,6032.0,1.0,0.639831543,-0.0040283203,0.7506103516,0.164855957
15861387.0,2968.0,0.0,1.26953125,-0.7890625,0.97265625,0
15871419.0,10032.0,1.0,0.6362915039,-0.0041503906,0.7534790039,0.1655273438
15874387.0,2968.0,0.0,0.56640625,-0.87890625,0.71484375,0
15879419.0,5032.0,1.0,0.6326904297,-0.0038452148,0.7563476563,0.1660766602
15882387.0,2968.0,0.0,0.05078125,-1.05078125,1.0,0
15889419.0,7032.0,1.0,0.6289672852,-0.0031738281,0.7593994141,0.1666259766
15892387.0,2968.0,0.0,-0.30859375,-1.00390625,0.5859375,0
15899419.0,7032.0,1.0,0.6253662109,-0.0023803711,0.7622070313,0.1671142578
15902387.0,2968.0,0.0,-0.640625,-1.671875,0.75,0
15909419.0,7032.0,1.0,0.6215820313,-0.0014648437,0.7651977539,0.1676635742
15912387.0,2968.0,0.0,-0.9296875,-1.6640625,0.921875,0
15919419.0,7032.0,1.0,0.6177368164,-0.0003662109,0.7681884766,0.1680908203
15922387.0,2968.0,0.0,-1.03125,-1.41796875,0.9375,0
15929419.0,7032.0,1.0,0.6138916016,0.0009765625,0.7712402344,0.1684570313
15932387.0,2968.0,0.0,-0.82421875,-1.41015625,0.984375,0
15939419.0,7032.0,1.0,0.6100463867,0.0026245117,0.774230957,0.1685791016
15942387.0,2968.0,0.0,0.0703125,-0.8203125,0.51171875,0
15949419.0,7032.0,1.0,0.6062011719,0.0045166016,0.7772216797,0.1685791016
15952387.0,2968.0,0.0,-0.15234375,-0.35546875,0.40625,0
15959419.0,7032.0,1.0,0.6024169922,0.0064697266,0.7801513672,0.1685180664
15962387.0,2968.0,0.0,-0.328125,-0.15625,0.421875,0
15969419.0,7032.0,1.0,0.5985717773,0.0083007813,0.7831420898,0.1685180664
15972387.0,2968.0,0.0,-0.47265625,-1.63671875,1.3984375,0
15979419.0,7032.0,1.0,0.5946044922,0.009765625,0.7860717773,0.1686401367
15982387.0,2968.0,0.0,-0.6953125,-1.0859375,1.1484375,0
15989419.0,7032.0,1.0,0.5905761719,0.0108032227,0.7890014648,0.1690063477
15992387.0,2968.0,0.0,-0.91015625,-0.3125,0.3203125,0
15999419.0,7032.0,1.0,0.586730957,0.0112304688,0.7917480469,0.1696166992
16002387.0,2968.0,0.0,-0.8671875,0.01953125,-0.51171875,0
16009419.0,7032.0,1.0,0.583190918,0.0112304688,0.7941894531,0.1704101563
16012387.0,2968.0,0.0,-0.859375,-0.34375,-1.46875,0
16019419.0,7032.0,1.0,0.5794067383,0.0108032227,0.7967529297,0.1713256836
16022387.0,2968.0,0.0,-0.8359375,0.5625,-1.4296875,0
16029419.0,7032.0,1.0,0.5758666992,0.0100097656,0.7990722656,0.1724243164
16032387.0,2968.0,0.0,-0.41015625,1.76953125,-0.9375,0
16039419.0,7032.0,1.0,0.5723266602,0.0085449219,0.8012695313,0.1740722656
16042387.0,2968.0,0.0,0.82421875,2.18359375,0.16796875,0
16048419.0,6032.0,1.0,0.5690307617,0.0065307617,0.8032226563,0.1760864258
16051387.0,2968.0,0.0,1.69140625,0.55078125,1.41796875,0
16059419.0,8032.0,1.0,0.5653686523,0.00390625,0.8052368164,0.1787109375
16062387.0,2968.0,0.0,0.85546875,1.265625,1.40234375,0
16069419.0,7032.0,1.0,0.5617675781,0.0007324219,0.8070678711,0.1818847656
16072387.0,2968.0,0.0,-0.51171875,1.74609375,0.546875,0
16079419.0,7032.0,1.0,0.5582885742,-0.002746582,0.80859375,0.185546875
16082387.0,2968.0,0.0,-1.72265625,1.29296875,-0.43359375,0
16092419.0,10032.0,1.0,0.5549316406,-0.0063476562,0.8099975586,0.1895141602
16095387.0,2968.0,0.0,-2.05078125,0.87890625,-1.08203125,0
16099419.0,4032.0,1.0,0.5513305664,-0.0103149414,0.8112792969,0.1942138672
16103387.0,3968.0,0.0,-1.77734375,1.23046875,-0.84375,0
16109419.0,6032.0,1.0,0.5478515625,-0.0137329102,0.8125610352,0.1987304688
16112387.0,2968.0,0.0,-0.45703125,-0.0390625,-0.14453125,0
16119419.0,7032.0,1.0,0.5441894531,-0.0165405273,0.8138427734,0.2028808594
16122387.0,2968.0,0.0,0.390625,-1.08203125,2.078125,0
16129419.0,7032.0,1.0,0.5403442383,-0.0184936523,0.8154907227,0.2065429688
16132387.0,2968.0,0.0,-0.12890625,-0.9765625,2.8203125,0
16139419.0,7032.0,1.0,0.5363769531,-0.0192260742,0.8173828125,0.2092285156
16143387.0,3968.0,0.0,-0.859375,-0.7421875,1.92578125,0
16149419.0,6032.0,1.0,0.532409668,-0.0187988281,0.8195800781,0.2110595703
16152387.0,2968.0,0.0,-1.6015625,-0.59765625,1.23046875,0
16159419.0,7032.0,1.0,0.5283203125,-0.0172119141,0.8219604492,0.2119750977
16162387.0,2968.0,0.0,-0.9140625,-2.08984375,0.1953125,0
16169419.0,7032.0,1.0,0.5243530273,-0.0148925781,0.8245239258,0.2121582031
16172387.0,2968.0,0.0,-0.453125,-2.0546875,0.6953125,0
16179419.0,7032.0,1.0,0.5202636719,-0.0122680664,0.8271484375,0.212097168
16182387.0,2968.0,0.0,0.1015625,-2.20703125,1.38671875,0
16189419.0,7032.0,1.0,0.5159912109,-0.0095825195,0.8298339844,0.212097168
16192387.0,2968.0,0.0,0.2109375,-2.23828125,2.23828125,0
16199419.0,7032.0,1.0,0.5117797852,-0.0072021484,0.8325195313,0.2121582031
16202387.0,2968.0,0.0,-0.6484375,-1.12890625,1.58984375,0
16209419.0,7032.0,1.0,0.5070800781,-0.0047607422,0.8353271484,0.2124023438
16212387.0,2968.0,0.0,-0.89453125,-0.4296875,0.80078125,0
16219419.0,7032.0,1.0,0.5028076172,-0.0028076172,0.8377685547,0.2129516602
16222387.0,2968.0,0.0,-0.71875,-0.125,0.62109375,0
16229419.0,7032.0,1.0,0.4985351563,-0.0014038086,0.8399658203,0.2141723633
16232387.0,2968.0,0.0,-0.8515625,-0.36328125,0.19140625,0
16239419.0,7032.0,1.0,0.4945068359,-0.0004882812,0.8419189453,0.2159423828
16242387.0,2968.0,0.0,-3.12109375,-1.8125,-0.97265625,0
16249419.0,7032.0,1.0,0.490234375,0.0,0.8438110352,0.2184448242
16252387.0,2968.0,0.0,-3.98046875,-1.75390625,-1.29296875,0
16259419.0,7032.0,1.0,0.4860839844,0.0001831055,0.8453979492,0.2213745117
16262387.0,2968.0,0.0,-4.109375,-1.77734375,-0.5078125,0
16271419.0,9032.0,1.0,0.4819946289,0.0003051758,0.8469238281,0.2245483398
16274387.0,2968.0,0.0,-4.3125,-0.63671875,-0.046875,0
16280419.0,6032.0,1.0,0.4778442383,0.0004882812,0.8482666016,0.2282104492
16283387.0,2968.0,0.0,-5.66015625,-0.66796875,1.1484375,0
16289419.0,6032.0,1.0,0.4732666016,0.0010375977,0.8497314453,0.2323608398
16292387.0,2968.0,0.0,-6.56640625,0.01171875,1.30859375,0
16299419.0,7032.0,1.0,0.46875,0.0022583008,0.8511352539,0.2362670898
16302387.0,2968.0,0.0,-7.01171875,0.05078125,0.7890625,0
16309419.0,7032.0,1.0,0.464050293,0.0045166016,0.852722168,0.2398681641
16312387.0,2968.0,0.0,-7.04296875,0.421875,0.03125,0
16319419.0,7032.0,1.0,0.4591064453,0.0081176758,0.8545532227,0.2427368164
16322387.0,2968.0,0.0,-7.61328125,0.14453125,-0.82421875,0
16329419.0,7032.0,1.0,0.4541625977,0.0134887695,0.8566894531,0.2443237305
16332387.0,2968.0,0.0,-8.703125,-0.69140625,-0.640625,0
16339419.0,7032.0,1.0,0.4490356445,0.0210571289,0.8592529297,0.244140625
16342387.0,2968.0,0.0,-9.7734375,-0.34765625,-0.8984375,0
16349419.0,7032.0,1.0,0.4438476563,0.0310058594,0.8623046875,0.2418823242
16352387.0,2968.0,0.0,-11.2578125,0.5546875,-0.93359375,0
16359419.0,7032.0,1.0,0.4387207031,0.0430297852,0.8655395508,0.2377319336
16362387.0,2968.0,0.0,-11.77734375,2.125,-1.23046875,0
16369419.0,7032.0,1.0,0.4334716797,0.0570678711,0.8688964844,0.2321777344
16372387.0,2968.0,0.0,-12.33984375,4.73828125,-2.32421875,0
16379419.0,7032.0,1.0,0.4282226563,0.0725708008,0.8717651367,0.2266845703
16382387.0,2968.0,0.0,-13.71484375,8.52734375,-3.109375,0
16394419.0,12032.0,1.0,0.4233398438,0.0884399414,0.8736572266,0.2228393555
16399387.0,4968.0,0.0,-15.28515625,18.04296875,-6.2109375,0
16402419.0,3032.0,1.0,0.4190063477,0.1048583984,0.8741455078,0.2220458984
16405387.0,2968.0,0.0,-15.41015625,17.92578125,-6.1328125,0
16409419.0,4032.0,1.0,0.4153442383,0.1218261719,0.8727416992,0.2258300781
16412387.0,2968.0,0.0,-12.86328125,18.02734375,-5.91796875,0
16419419.0,7032.0,1.0,0.4129638672,0.1369018555,0.869140625,0.2352905273
16422387.0,2968.0,0.0,-10.28515625,16.69140625,-4.84765625,0
16429419.0,7032.0,1.0,0.4117431641,0.1491699219,0.8634033203,0.2504882813
16432387.0,2968.0,0.0,-6.37109375,13.4453125,1.08984375,0
16439419.0,7032.0,1.0,0.4114379883,0.1594238281,0.8551635742,0.2720947266
16442387.0,2968.0,0.0,-5.42578125,6.28125,0.5703125,0
16449419.0,7032.0,1.0,0.4112548828,0.1706542969,0.846496582,0.2918701172
16452387.0,2968.0,0.0,-4.4921875,-13.1328125,2.5078125,0
16459419.0,7032.0,1.0,0.4127807617,0.1835327148,0.8376464844,0.3070678711
16462387.0,2968.0,0.0,-5.33203125,5.96875,6.5625,0
16474419.0,12032.0,1.0,0.4196777344,0.1924438477,0.8239746094,0.3284301758
16478387.0,3968.0,0.0,5.15625,19.4140625,-22.54296875,0
16481419.0,3032.0,1.0,0.4338989258,0.1936645508,0.8023681641,0.3611450195
16484387.0,2968.0,0.0,5.09375,18.953125,-23.20703125,0
16490419.0,6032.0,1.0,0.4544677734,0.188293457,0.7734375,0.3997192383
16493387.0,2968.0,0.0,11.62109375,-0.26171875,-25.1328125,0
16499419.0,6032.0,1.0,0.4755249023,0.1818847656,0.7460327148,0.4291381836
16502387.0,2968.0,0.0,1.0390625,-16.76953125,-6.25390625,0
16509419.0,7032.0,1.0,0.4975585938,0.1762084961,0.7208251953,0.44921875
16512387.0,2968.0,0.0,0.421875,-18.91015625,-0.78515625,0
16519419.0,7032.0,1.0,0.5202636719,0.1702880859,0.6975097656,0.4624633789
16522387.0,2968.0,0.0,4.12109375,-15.31640625,0.25,0
16531419.0,9032.0,1.0,0.5429077148,0.1628417969,0.6755981445,0.471496582
16534387.0,2968.0,0.0,6.9296875,-16.0234375,-1.01171875,0
16541419.0,7032.0,1.0,0.5675048828,0.153137207,0.6530761719,0.4774780273
16544387.0,2968.0,0.0,8.39453125,-21.83984375,-0.2109375,0
16549419.0,5032.0,1.0,0.592590332,0.1431884766,0.632019043,0.4784545898
16552387.0,2968.0,0.0,9.87109375,-22.42578125,0.52734375,0
16559419.0,7032.0,1.0,0.6157226563,0.1346435547,0.6146850586,0.4742431641
16562387.0,2968.0,0.0,11.19921875,-18.30859375,1.125,0
16569419.0,7032.0,1.0,0.6378173828,0.1267700195,0.599609375,0.4664916992
16572387.0,2968.0,0.0,11.68359375,-15.0859375,0.13671875,0
16579419.0,7032.0,1.0,0.6578369141,0.1195068359,0.5868530273,0.4566040039
16582387.0,2968.0,0.0,10.44140625,-11.39453125,-1.5390625,0
16594419.0,12032.0,1.0,0.6774291992,0.1119384766,0.5751342773,0.4447631836
16598387.0,3968.0,0.0,10.01953125,-7.60546875,-1.625,0
16601419.0,3032.0,1.0,0.696105957,0.1041259766,0.5641479492,0.4317016602
16604387.0,2968.0,0.0,10.22265625,-7.21484375,-1.59765625,0
16609419.0,5032.0,1.0,0.7141113281,0.0958251953,0.553527832,0.4177246094
16612387.0,2968.0,0.0,10.37109375,-6.88671875,-1.87890625,0
16619419.0,7032.0,1.0,0.7296142578,0.0883789063,0.5443115234,0.4044189453
16622387.0,2968.0,0.0,9.0625,-6.61328125,-0.19140625,0
16629419.0,7032.0,1.0,0.744934082,0.080871582,0.53515625,0.3900146484
16632387.0,2968.0,0.0,7.83203125,-5.80078125,0.609375,0
16639419.0,7032.0,1.0,0.7583007813,0.07421875,0.5270996094,0.3763427734
16642387.0,2968.0,0.0,7.19140625,-5.55078125,0.765625,0
16651419.0,9032.0,1.0,0.7698364258,0.068359375,0.5200805664,0.3635864258
16654387.0,2968.0,0.0,6.91796875,-5.20703125,0.9765625,0
16662419.0,8032.0,1.0,0.7807617188,0.0626220703,0.5134887695,0.3504638672
16665387.0,2968.0,0.0,7.20703125,-6.0625,2.3984375,0
16669419.0,4032.0,1.0,0.7904663086,0.0577392578,0.5078735352,0.3375244141
16672387.0,2968.0,0.0,7.41015625,-6.35546875,3.00390625,0
16679419.0,7032.0,1.0,0.7991333008,0.053894043,0.5032348633,0.3243408203
16682387.0,2968.0,0.0,7.109375,-5.9375,3.16015625,0
16689419.0,7032.0,1.0,0.806640625,0.0511474609,0.4996948242,0.3115234375
16692387.0,2968.0,0.0,6.19921875,-4.67578125,2.69921875,0
16699419.0,7032.0,1.0,0.8131103516,0.0490112305,0.4969482422,0.2991943359
16702387.0,2968.0,0.0,5.6953125,-4.0859375,2.33203125,0
16709419.0,7032.0,1.0,0.8186645508,0.0473632812,0.494934082,0.2874755859
16712387.0,2968.0,0.0,5.2265625,-3.16015625,1.9765625,0
16720419.0,8032.0,1.0,0.8235473633,0.0458374023,0.493347168,0.276184082
16723387.0,2968.0,0.0,4.6484375,-1.86328125,1.48046875,0
16735419.0,12032.0,1.0,0.8275146484,0.0442504883,0.4922485352,0.2662963867
16740419.0,5000.0,1.0,0.8311767578,0.0423583984,0.4914550781,0.2564697266
16742387.0,1968.0,0.0,3.70703125,-1.29296875,0.58984375,0
16749419.0,7032.0,1.0,0.8342895508,0.0404663086,0.4911499023,0.247253418
16752387.0,2968.0,0.0,3.65234375,-1.63671875,0.421875,0
16760419.0,8032.0,1.0,0.836730957,0.0391235352,0.4912719727,0.2386474609
16763387.0,2968.0,0.0,3.4921875,-1.33984375,0.11328125,0
16769419.0,6032.0,1.0,0.838684082,0.0384521484,0.4919433594,0.2306518555
16772387.0,2968.0,0.0,2.94140625,-0.828125,-0.3359375,0
16779419.0,7032.0,1.0,0.8402709961,0.0385131836,0.4931030273,0.2220458984
16782387.0,2968.0,0.0,2.85546875,-0.59375,-0.58203125,0
16789419.0,7032.0,1.0,0.8413696289,0.0390014648,0.4947509766,0.214050293
16792387.0,2968.0,0.0,3.1171875,0.34765625,-1.28515625,0
16800419.0,8032.0,1.0,0.8419799805,0.0394897461,0.4967041016,0.2068481445
16803387.0,2968.0,0.0,3.41796875,0.91015625,-1.82421875,0
16810419.0,7032.0,1.0,0.8422241211,0.0395507813,0.4990234375,0.2001953125
16813387.0,2968.0,0.0,3.41015625,1.1171875,-2.43359375,0
16819419.0,6032.0,1.0,0.8421020508,0.0391235352,0.5014038086,0.1948242188
16822387.0,2968.0,0.0,3.25,0.671875,-2.6171875,0
16829419.0,7032.0,1.0,0.8416137695,0.0384521484,0.5040893555,0.1899414063
16832387.0,2968.0,0.0,2.9453125,0.8046875,-2.9140625,0
16840419.0,8032.0,1.0,0.8409423828,0.0377807617,0.5068969727,0.1856689453
16843387.0,2968.0,0.0,2.70703125,0.8046875,-3.16015625,0
16849419.0,6032.0,1.0,0.8399658203,0.0374145508,0.5098876953,0.1817626953
16852387.0,2968.0,0.0,2.05078125,0.65234375,-3.6015625,0
16859419.0,7032.0,1.0,0.8388671875,0.0371704102,0.5129394531,0.1784057617
16862387.0,2968.0,0.0,1.8984375,1.06640625,-3.5,0
16870419.0,8032.0,1.0,0.8375244141,0.0366821289,0.5160522461,0.1756591797
16873387.0,2968.0,0.0,1.5390625,1.4453125,-3.5625,0
16879419.0,6032.0,1.0,0.8360595703,0.0357055664,0.5192260742,0.1735839844
16882387.0,2968.0,0.0,0.265625,1.34375,-3.23046875,0
16894419.0,12032.0,1.0,0.8345336914,0.0342407227,0.5222167969,0.1723632813
16898387.0,3968.0,0.0,-1.3515625,0.5703125,-4.01953125,0
16901419.0,3032.0,1.0,0.8327636719,0.0321655273,0.5253295898,0.1716918945
16904387.0,2968.0,0.0,-1.3203125,0.6015625,-3.94921875,0
16910419.0,6032.0,1.0,0.8308105469,0.0296020508,0.5286865234,0.1713867188
16913387.0,2968.0,0.0,-2.0546875,0.41015625,-4.5,0
16919419.0,6032.0,1.0,0.8288574219,0.0269165039,0.5319213867,0.1713256836
16922387.0,2968.0,0.0,-2.90234375,-0.0859375,-4.46875,0
16929419.0,7032.0,1.0,0.8267822266,0.024230957,0.5352783203,0.1712036133
16932387.0,2968.0,0.0,-2.75,-0.09375,-3.33203125,0
16939419.0,7032.0,1.0,0.8246459961,0.0219116211,0.5387573242,0.1709594727
16942387.0,2968.0,0.0,-2.375,-0.94140625,-2.02734375,0
16949419.0,7032.0,1.0,0.8223266602,0.0198974609,0.5424804688,0.1704711914
16952387.0,2968.0,0.0,-1.53125,-1.2265625,-0.37890625,0
16959419.0,7032.0,1.0,0.8198852539,0.0184326172,0.5464477539,0.1698608398
16962387.0,2968.0,0.0,-1.73046875,-1.1640625,-0.90625,0
16969419.0,7032.0,1.0,0.8170776367,0.0173950195,0.5509033203,0.1689453125
16972387.0,2968.0,0.0,-1.99609375,-0.53515625,-1.203125,0
16979419.0,7032.0,1.0,0.8140869141,0.0169067383,0.5557250977,0.1678466797
16983387.0,3968.0,0.0,-1.7265625,-0.95703125,-2.05078125,0
16989419.0,6032.0,1.0,0.8109130859,0.0170288086,0.5607299805,0.1664428711
16992387.0,2968.0,0.0,-1.19140625,-0.15234375,-2.70703125,0
17000419.0,8032.0,1.0,0.8075561523,0.017578125,0.5660400391,0.1647949219
17003387.0,2968.0,0.0,-1.1875,0.4921875,-3.81640625,0
17009419.0,6032.0,1.0,0.8042602539,0.018371582,0.571105957,0.1630859375
17012387.0,2968.0,0.0,-1.37890625,0.60546875,-4.08203125,0
17019419.0,7032.0,1.0,0.8008422852,0.0192260742,0.5764160156,0.1613769531
17022387.0,2968.0,0.0,-1.83984375,1.08984375,-4.42578125,0
17030419.0,8032.0,1.0,0.7973022461,0.0200805664,0.5817260742,0.1597290039
17033387.0,2968.0,0.0,-2.4140625,0.92578125,-3.7265625,0
17039419.0,6032.0,1.0,0.7935791016,0.0208740234,0.5871582031,0.1581420898
17042387.0,2968.0,0.0,-2.07421875,0.7265625,-3.1015625,0
17049419.0,7032.0,1.0,0.789855957,0.0213623047,0.5925292969,0.1567993164
17052387.0,2968.0,0.0,-1.65234375,0.26171875,-3.0546875,0
17060419.0,8032.0,1.0,0.7858886719,0.0213012695,0.5980224609,0.1557617188
17063387.0,2968.0,0.0,-1.8125,0.18359375,-2.8515625,0
17069419.0,6032.0,1.0,0.7821655273,0.0208740234,0.6031494141,0.1549682617
17072387.0,2968.0,0.0,-1.92578125,0.90234375,-3.33203125,0
17082419.0,10032.0,1.0,0.778137207,0.0203857422,0.6085205078,0.1543579102
17085387.0,2968.0,0.0,-3.62109375,1.21875,-3.9375,0
17089419.0,4032.0,1.0,0.774230957,0.0202026367,0.6136474609,0.1536254883
17092387.0,2968.0,0.0,-4.09375,0.875,-4.00390625,0
17100419.0,8032.0,1.0,0.7701416016,0.020690918,0.6190185547,0.1524658203
17103387.0,2968.0,0.0,-4.484375,0.66796875,-3.91015625,0
17109419.0,6032.0,1.0,0.7661132813,0.0217895508,0.6243286133,0.1510009766
17112387.0,2968.0,0.0,-4.34765625,1.68359375,-4.92578125,0
17119419.0,7032.0,1.0,0.7621459961,0.0229492187,0.6295166016,0.1494750977
17122387.0,2968.0,0.0,-4.359375,1.9375,-5.52734375,0
17129419.0,7032.0,1.0,0.7583618164,0.0239257812,0.6343994141,0.1480102539
17132387.0,2968.0,0.0,-4.0234375,3.01171875,-5.7109375,0
17140419.0,8032.0,1.0,0.7546386719,0.0245361328,0.6390380859,0.1466064453
17143387.0,2968.0,0.0,-3.625,2.58203125,-5.0859375,0
17149419.0,6032.0,1.0,0.7512207031,0.0249633789,0.643371582,0.145324707
17152387.0,2968.0,0.0,-2.765625,2.08203125,-2.9375,0
17159419.0,7032.0,1.0,0.7474975586,0.025390625,0.6480102539,0.1439819336
17162387.0,2968.0,0.0,-2.89453125,0.65625,-2.37109375,0
17169419.0,7032.0,1.0,0.7437133789,0.0256958008,0.6525268555,0.1428222656
17172387.0,2968.0,0.0,-3.03515625,0.88671875,-2.28125,0
17180419.0,8032.0,1.0,0.7399291992,0.0260009766,0.657043457,0.141784668
17183387.0,2968.0,0.0,-3.36328125,1.921875,-2.6953125,0
17190419.0,7032.0,1.0,0.7361450195,0.0264892578,0.6614990234,0.1406860352
17193387.0,2968.0,0.0,-3.9609375,1.33984375,-4.03125,0
17200419.0,7032.0,1.0,0.7327270508,0.0272216797,0.6654663086,0.1396484375
17204387.0,3968.0,0.0,-3.26171875,1.37109375,-4.26953125,0
17210419.0,6032.0,1.0,0.729309082,0.0283813477,0.6694335938,0.1383666992
17213387.0,2968.0,0.0,-2.40625,0.2890625,-3.36328125,0
17220419.0,7032.0,1.0,0.7259521484,0.0300292969,0.6733398438,0.13671875
17223387.0,2968.0,0.0,-1.859375,-0.1484375,-2.79296875,0
17235419.0,12032.0,1.0,0.72265625,0.0317382812,0.6771850586,0.1350097656
17240387.0,4968.0,0.0,-2.12109375,0.49609375,-2.5625,0
17243419.0,3032.0,1.0,0.7191772461,0.0332641602,0.6810913086,0.1333007813
17246387.0,2968.0,0.0,-2.08203125,0.6015625,-2.8359375,0
17250419.0,4032.0,1.0,0.7155151367,0.0344848633,0.6851806641,0.1318359375
17253387.0,2968.0,0.0,-2.07421875,0.59375,-2.7265625,0
17260419.0,7032.0,1.0,0.7122802734,0.0352172852,0.6887207031,0.1307373047
17263387.0,2968.0,0.0,-0.54296875,-0.0625,-1.859375,0
17270419.0,7032.0,1.0,0.7090454102,0.0357666016,0.692199707,0.129699707
17273387.0,2968.0,0.0,0.19921875,-0.24609375,-1.44140625,0
17280419.0,7032.0,1.0,0.7058105469,0.0361938477,0.6956787109,0.1286621094
17284387.0,3968.0,0.0,0.69921875,-0.40234375,-1.6171875,0
17290419.0,6032.0,1.0,0.7025756836,0.0364990234,0.6990966797,0.127746582
17293387.0,2968.0,0.0,0.546875,0.48046875,-1.3984375,0
17300419.0,7032.0,1.0,0.6993408203,0.0365600586,0.7024536133,0.1268920898
17303387.0,2968.0,0.0,0.36328125,0.6328125,-1.11328125,0
17310419.0,7032.0,1.0,0.6960449219,0.0364379883,0.705871582,0.126159668
17313387.0,2968.0,0.0,0.40234375,0.82421875,-1.05859375,0
17320419.0,7032.0,1.0,0.6928710938,0.0361328125,0.7091064453,0.1256713867
17323387.0,2968.0,0.0,0.70703125,1.1484375,-1.30078125,0
17330419.0,7032.0,1.0,0.6896972656,0.0355834961,0.7122802734,0.1253662109
17333387.0,2968.0,0.0,1.51171875,0.49609375,-1.58984375,0
17339419.0,6032.0,1.0,0.686706543,0.0349121094,0.7152099609,0.1253051758
17342387.0,2968.0,0.0,1.96484375,-0.1484375,-0.86328125,0
17350419.0,8032.0,1.0,0.6833496094,0.0340576172,0.7184448242,0.1253662109
17353387.0,2968.0,0.0,1.6953125,-0.953125,-0.33984375,0
17360419.0,7032.0,1.0,0.6800537109,0.0333251953,0.7215576172,0.1254272461
17363387.0,2968.0,0.0,0.69140625,-0.875,-0.0234375,0
17370419.0,7032.0,1.0,0.6767578125,0.0326538086,0.7246704102,0.1256103516
17373387.0,2968.0,0.0,-0.54296875,0.01171875,0.38671875,0
17380419.0,7032.0,1.0,0.6732788086,0.0321655273,0.7279052734,0.1258544922
17383387.0,2968.0,0.0,-0.93359375,-0.953125,-0.05859375,0
17390419.0,7032.0,1.0,0.6699829102,0.0319213867,0.7308959961,0.1260986328
17393387.0,2968.0,0.0,-0.671875,-1.265625,-0.24609375,0
17400419.0,7032.0,1.0,0.6665649414,0.032043457,0.7339477539,0.1262817383
17403387.0,2968.0,0.0,-0.09765625,-0.9375,-0.3828125,0
17410419.0,7032.0,1.0,0.6631469727,0.0324707031,0.7369995117,0.1264648438
17413387.0,2968.0,0.0,0.34765625,-1.20703125,0.0625,0
17420419.0,7032.0,1.0,0.6596069336,0.0330810547,0.7401123047,0.1266479492
17423387.0,2968.0,0.0,0.3671875,-1.3046875,1.45703125,0
17433419.0,10032.0,1.0,0.6560668945,0.0338745117,0.7432250977,0.1268920898
17436387.0,2968.0,0.0,0.0078125,-1.12890625,1.4296875,0
17443419.0,7032.0,1.0,0.6519165039,0.0348510742,0.7467041016,0.1271972656
17446387.0,2968.0,0.0,-0.58203125,-0.578125,1.1171875,0
17450419.0,4032.0,1.0,0.6481323242,0.0358886719,0.7499389648,0.1273803711
17453387.0,2968.0,0.0,-0.453125,-1.29296875,0.33203125,0
17460419.0,7032.0,1.0,0.6443481445,0.0370483398,0.753112793,0.1274414063
17463387.0,2968.0,0.0,-0.69921875,-0.80859375,-0.41796875,0
17470419.0,7032.0,1.0,0.6405639648,0.0383300781,0.7562866211,0.1274414063
17473387.0,2968.0,0.0,-0.30078125,-0.14453125,-0.5859375,0
17480419.0,7032.0,1.0,0.6368408203,0.0394287109,0.7593994141,0.1273193359
17483387.0,2968.0,0.0,-0.20703125,0.4921875,-0.53125,0
17490419.0,7032.0,1.0,0.6330566406,0.0401611328,0.762512207,0.1273803711
17493387.0,2968.0,0.0,-0.109375,1.12890625,0.17578125,0
17500419.0,7032.0,1.0,0.6292724609,0.0404663086,0.7655639648,0.1276855469
17503387.0,2968.0,0.0,0.2890625,0.8515625,0.84375,0
17510419.0,7032.0,1.0,0.6254882813,0.040222168,0.7685546875,0.1283569336
17513387.0,2968.0,0.0,0.53515625,0.9140625,1.16796875,0
17520419.0,7032.0,1.0,0.6216430664,0.0395507813,0.7715454102,0.1293334961
17523387.0,2968.0,0.0,0.12890625,0.828125,0.99609375,0
17529419.0,6032.0,1.0,0.6180419922,0.0386352539,0.7742919922,0.1304321289
17532387.0,2968.0,0.0,-0.35546875,0.27734375,-0.078125,0
17540419.0,8032.0,1.0,0.614074707,0.0375976562,0.7772827148,0.1315307617
17543387.0,2968.0,0.0,-0.87890625,1.1484375,-0.98828125,0
17550419.0,7032.0,1.0,0.6104125977,0.0366210937,0.780090332,0.1323852539
17553387.0,2968.0,0.0,-0.9375,1.37890625,-1.3515625,0
17560419.0,7032.0,1.0,0.6069335938,0.0355834961,0.7827148438,0.1331176758
17563387.0,2968.0,0.0,-0.2265625,1.640625,-0.96875,0
17569419.0,6032.0,1.0,0.603515625,0.0342407227,0.7852783203,0.1340332031
17572387.0,2968.0,0.0,0.32421875,1.21875,0.296875,0
17580419.0,8032.0,1.0,0.5997924805,0.0324707031,0.7879638672,0.1354370117
17583387.0,2968.0,0.0,0.53125,0.98046875,0.875,0
17590419.0,7032.0,1.0,0.5960083008,0.030456543,0.7905883789,0.1372070313
17593387.0,2968.0,0.0,0.421875,-0.0703125,1.02734375,0
17600419.0,7032.0,1.0,0.5922851563,0.0285644531,0.7930908203,0.1390991211
17603387.0,2968.0,0.0,-0.51953125,-0.8046875,1.40625,0
17610419.0,7032.0,1.0,0.5884399414,0.0269775391,0.7956542969,0.1409912109
17613387.0,2968.0,0.0,-1.81640625,-0.4453125,0.37890625,0
17620419.0,7032.0,1.0,0.5845336914,0.0256347656,0.7982788086,0.1428222656
17624387.0,3968.0,0.0,-1.265625,-0.26953125,0.7265625,0
17633419.0,9032.0,1.0,0.5808105469,0.0246582031,0.8007202148,0.1444091797
17636387.0,2968.0,0.0,-0.4140625,-0.71484375,1.2265625,0
17643419.0,7032.0,1.0,0.5765991211,0.0236816406,0.8034667969,0.1461791992
17647387.0,3968.0,0.0,0.359375,0.44921875,1.234375,0
17651419.0,4032.0,1.0,0.5725708008,0.0225830078,0.8060302734,0.1480102539
17654387.0,2968.0,0.0,0.13671875,0.58984375,1.16015625,0
17660419.0,6032.0,1.0,0.5684204102,0.0211791992,0.80859375,0.1502075195
17664387.0,3968.0,0.0,-0.44140625,-0.203125,1.54296875,0
17670419.0,6032.0,1.0,0.5640869141,0.0194702148,0.8112182617,0.1528320313
17673387.0,2968.0,0.0,-1.28125,-0.04296875,1.46875,0
17680419.0,7032.0,1.0,0.5598144531,0.0177001953,0.813659668,0.1558227539
17683387.0,2968.0,0.0,-2.2734375,-0.33984375,0.16796875,0
17690419.0,7032.0,1.0,0.555480957,0.0158691406,0.8159790039,0.1591186523
17693387.0,2968.0,0.0,-1.62890625,-0.578125,0.27734375,0
17700419.0,7032.0,1.0,0.5511474609,0.0140991211,0.8182983398,0.1625366211
17704387.0,3968.0,0.0,-0.3671875,-1.15234375,-0.1484375,0
17710419.0,6032.0,1.0,0.546875,0.012512207,0.8205566406,0.1657714844
17713387.0,2968.0,0.0,-0.0234375,0.30078125,0.1875,0
17720419.0,7032.0,1.0,0.5426635742,0.010925293,0.8227539063,0.1688842773
17723387.0,2968.0,0.0,1.39453125,1.01953125,0.44140625,0
17730419.0,7032.0,1.0,0.5379638672,0.008972168,0.8250732422,0.1724853516
17733387.0,2968.0,0.0,1.1875,0.13671875,1.2109375,0
17740419.0,7032.0,1.0,0.5334472656,0.006652832,0.8272094727,0.1763916016
17743387.0,2968.0,0.0,-0.0390625,1.5859375,1.38671875,0
17750419.0,7032.0,1.0,0.5289306641,0.00390625,0.8291015625,0.1812133789
17753387.0,2968.0,0.0,-1.08203125,1.40625,-0.12890625,0
17760419.0,7032.0,1.0,0.5242919922,0.000793457,0.8307495117,0.1870117188
17763387.0,2968.0,0.0,-2.8515625,-0.1484375,-0.265625,0
17770419.0,7032.0,1.0,0.5200195313,-0.001953125,0.8320922852,0.1929321289
17773387.0,2968.0,0.0,-2.9296875,-1.3359375,0.31640625,0
17780419.0,7032.0,1.0,0.5153808594,-0.0042724609,0.8334960938,0.1991577148
17783387.0,2968.0,0.0,-3.17578125,-1.8828125,1.12890625,0
17792419.0,9032.0,1.0,0.5108032227,-0.0056152344,0.8349609375,0.2047119141
17795387.0,2968.0,0.0,-3.5390625,-1.69921875,1.515625,0
17802419.0,7032.0,1.0,0.5057983398,-0.0059814453,0.836730957,0.2098999023
17805387.0,2968.0,0.0,-4.17578125,-0.5625,1.9921875,0
17810419.0,5032.0,1.0,0.5003051758,-0.0048828125,0.8388671875,0.2143554688
17813387.0,2968.0,0.0,-4.51171875,-1.296875,1.984375,0
17820419.0,7032.0,1.0,0.4951782227,-0.0023803711,0.8411254883,0.2174072266
17823387.0,2968.0,0.0,-4.9296875,-1.0,1.86328125,0
17830419.0,7032.0,1.0,0.4896240234,0.0018920898,0.8438720703,0.2193603516
17833387.0,2968.0,0.0,-6.234375,-1.69921875,0.68359375,0
17840419.0,7032.0,1.0,0.4840087891,0.0081176758,0.8469848633,0.2197875977
17843387.0,2968.0,0.0,-7.34375,-1.46484375,0.48046875,0
17850419.0,7032.0,1.0,0.4782714844,0.0167236328,0.8504638672,0.2183837891
17853387.0,2968.0,0.0,-8.59765625,-1.14453125,0.4375,0
17860419.0,7032.0,1.0,0.4724731445,0.0276489258,0.8542480469,0.2150878906
17863387.0,2968.0,0.0,-9.953125,-0.81640625,0.76953125,0
17870419.0,7032.0,1.0,0.4666748047,0.0403442383,0.8581542969,0.2102661133
17873387.0,2968.0,0.0,-12.62109375,0.48046875,0.671875,0
17880419.0,7032.0,1.0,0.4606323242,0.0550537109,0.8619384766,0.2044067383
17883387.0,2968.0,0.0,-13.8515625,2.96875,-0.12890625,0
17890419.0,7032.0,1.0,0.4548339844,0.0704956055,0.8651733398,0.1989746094
17893387.0,2968.0,0.0,-15.33984375,5.91015625,-1.0625,0
17900419.0,7032.0,1.0,0.44921875,0.0867919922,0.8676147461,0.1948852539
17903387.0,2968.0,0.0,-17.33203125,9.2421875,-1.78125,0
17915419.0,12032.0,1.0,0.4442749023,0.1024169922,0.8687133789,0.1934814453
17920387.0,4968.0,0.0,-17.78515625,13.54296875,-4.30078125,0
17923419.0,3032.0,1.0,0.4397583008,0.1187744141,0.8684692383,0.1955566406
17926387.0,2968.0,0.0,-17.91015625,13.37890625,-4.23046875,0
17930419.0,4032.0,1.0,0.4358520508,0.1350097656,0.8665771484,0.2022705078
17933387.0,2968.0,0.0,-15.72265625,14.296875,-6.01953125,0
17940419.0,7032.0,1.0,0.4330444336,0.1492919922,0.8628540039,0.213684082
17943387.0,2968.0,0.0,-11.46484375,13.22265625,-3.72265625,0
17950419.0,7032.0,1.0,0.4310913086,0.1622924805,0.8571777344,0.2302856445
17953387.0,2968.0,0.0,-5.65625,7.88671875,-0.0390625,0
17960419.0,7032.0,1.0,0.4296264648,0.1735229492,0.8505249023,0.2489013672
17963387.0,2968.0,0.0,-1.8515625,1.07421875,2.15625,0
17970419.0,7032.0,1.0,0.4281616211,0.1852416992,0.8432006836,0.2672729492
17973387.0,2968.0,0.0,0.03125,-0.3359375,2.3046875,0
17980419.0,7032.0,1.0,0.4281005859,0.1978759766,0.8348999023,0.2837524414
17983387.0,2968.0,0.0,-0.6484375,1.6953125,-0.70703125,0
17995419.0,12032.0,1.0,0.4323120117,0.2072143555,0.823425293,0.3035888672
17999387.0,3968.0,0.0,11.1640625,22.89453125,-21.453125,0
18002419.0,3032.0,1.0,0.4437866211,0.208984375,0.8043212891,0.3352661133
18005387.0,2968.0,0.0,11.0546875,22.44140625,-22.03125,0
18010419.0,5032.0,1.0,0.4622192383,0.2017211914,0.7775268555,0.3756713867
18013387.0,2968.0,0.0,13.875,10.51171875,-19.8125,0
18020419.0,7032.0,1.0,0.4828491211,0.1920166016,0.7499389648,0.409362793
18023387.0,2968.0,0.0,-2.0546875,-20.5234375,-5.265625,0
18030419.0,7032.0,1.0,0.5039672852,0.1845092773,0.7252197266,0.4312744141
18033387.0,2968.0,0.0,-1.953125,-18.73828125,0.4453125,0
18040419.0,7032.0,1.0,0.5255737305,0.1774291992,0.7028198242,0.4453735352
18043387.0,2968.0,0.0,1.47265625,-12.05859375,1.51953125,0
18052419.0,9032.0,1.0,0.5478515625,0.1684570313,0.6810302734,0.4556884766
18055387.0,2968.0,0.0,4.5078125,-14.03515625,0.9765625,0
18062419.0,7032.0,1.0,0.5711669922,0.1580810547,0.6596069336,0.4622802734
18065387.0,2968.0,0.0,7.5390625,-21.7109375,2.765625,0
18070419.0,5032.0,1.0,0.5960693359,0.1474609375,0.6387939453,0.4635620117
18073387.0,2968.0,0.0,9.13671875,-19.54296875,4.38671875,0
18080419.0,7032.0,1.0,0.6176147461,0.1392211914,0.6226806641,0.4598999023
18083387.0,2968.0,0.0,10.71484375,-16.328125,4.62109375,0
18090419.0,7032.0,1.0,0.638671875,0.131652832,0.608215332,0.4525146484
18093387.0,2968.0,0.0,11.46484375,-14.34765625,3.34375,0
18100419.0,7032.0,1.0,0.6576538086,0.1251220703,0.5961914063,0.4431762695
18103387.0,2968.0,0.0,8.9375,-9.5390625,1.94921875,0
18115419.0,12032.0,1.0,0.6765136719,0.1184692383,0.5847167969,0.4317626953
18119387.0,3968.0,0.0,7.40234375,-5.62109375,-1.3828125,0
18122419.0,3032.0,1.0,0.6939086914,0.1117553711,0.57421875,0.4198608398
18125387.0,2968.0,0.0,7.39453125,-4.80078125,-2.3125,0
18130419.0,5032.0,1.0,0.7111816406,0.1039428711,0.5634765625,0.4072875977
18133387.0,2968.0,0.0,7.52734375,-4.50390625,-2.5859375,0
18140419.0,7032.0,1.0,0.7270507813,0.095703125,0.5532226563,0.3951416016
18143387.0,2968.0,0.0,7.4453125,-4.8203125,-2.046875,0
18150419.0,7032.0,1.0,0.741027832,0.0877685547,0.5440063477,0.3836669922
18153387.0,2968.0,0.0,7.00390625,-4.80078125,-1.5859375,0
18160419.0,7032.0,1.0,0.7539672852,0.0798950195,0.5354003906,0.3721313477
18163387.0,2968.0,0.0,6.515625,-5.046875,-1.0,0
18170419.0,7032.0,1.0,0.7660522461,0.0721435547,0.5272827148,0.3604736328
18173387.0,2968.0,0.0,6.40234375,-5.1796875,-0.16015625,0
18180419.0,7032.0,1.0,0.7767333984,0.0648803711,0.5202026367,0.3491210938
18183387.0,2968.0,0.0,7.4609375,-6.53125,0.81640625,0
18195419.0,12032.0,1.0,0.7861328125,0.0585327148,0.5141601563,0.3379516602
18199387.0,3968.0,0.0,8.05078125,-7.7734375,1.6328125,0
18202419.0,3032.0,1.0,0.7946166992,0.0532226562,0.5092163086,0.3263549805
18205387.0,2968.0,0.0,7.79296875,-7.2734375,1.515625,0
18210419.0,5032.0,1.0,0.8025512695,0.0491333008,0.5051269531,0.313659668
18213387.0,2968.0,0.0,7.44921875,-5.7578125,1.5078125,0
18220419.0,7032.0,1.0,0.8090820313,0.0463867187,0.5022583008,0.3016357422
18223387.0,2968.0,0.0,6.94921875,-4.19921875,1.484375,0
18230419.0,7032.0,1.0,0.8148803711,0.0438232422,0.4999389648,0.2900390625
18233387.0,2968.0,0.0,6.484375,-3.23828125,1.15234375,0
18241419.0,8032.0,1.0,0.8198852539,0.0411987305,0.4981079102,0.279296875
18244387.0,2968.0,0.0,6.0625,-2.5390625,0.80859375,0
18250419.0,6032.0,1.0,0.8241577148,0.0385742188,0.4967651367,0.2691650391
18253387.0,2968.0,0.0,5.21484375,-2.4296875,-0.06640625,0
18260419.0,7032.0,1.0,0.8279418945,0.0361938477,0.4959716797,0.2591552734
18263387.0,2968.0,0.0,4.6640625,-2.12890625,-0.359375,0
18273419.0,10032.0,1.0,0.8309326172,0.0344848633,0.4957885742,0.2501220703
18276387.0,2968.0,0.0,4.1171875,-1.78125,-0.13671875,0
18283419.0,7032.0,1.0,0.8335571289,0.033203125,0.4961547852,0.2406005859
18286387.0,2968.0,0.0,3.5078125,-1.51953125,-0.3984375,0
18290419.0,4032.0,1.0,0.8355712891,0.0322875977,0.4971313477,0.2316894531
18293387.0,2968.0,0.0,2.80859375,-0.19140625,-0.734375,0
18300419.0,7032.0,1.0,0.8370361328,0.0314941406,0.4985961914,0.2231445313
18303387.0,2968.0,0.0,2.8046875,-1.0234375,-1.1328125,0
18310419.0,7032.0,1.0,0.837890625,0.0309448242,0.5006103516,0.2153930664
18313387.0,2968.0,0.0,2.95703125,-0.5625,-1.31640625,0
18320419.0,7032.0,1.0,0.8382568359,0.0305786133,0.5029907227,0.2082519531
18323387.0,2968.0,0.0,2.95703125,0.7734375,-1.95703125,0
18330419.0,7032.0,1.0,0.8381958008,0.0299682617,0.5057983398,0.2016601563
18333387.0,2968.0,0.0,3.1875,1.53125,-4.01953125,0
18340419.0,7032.0,1.0,0.8377685547,0.0288696289,0.508605957,0.1965942383
18343387.0,2968.0,0.0,3.11328125,2.0859375,-4.421875,0
18350419.0,7032.0,1.0,0.8369750977,0.0270385742,0.5115966797,0.1923828125
18353387.0,2968.0,0.0,2.9609375,2.0703125,-4.859375,0
18361419.0,8032.0,1.0,0.8358764648,0.0249023437,0.5147094727,0.1889648438
18364387.0,2968.0,0.0,2.6171875,1.28125,-5.33984375,0
18370419.0,6032.0,1.0,0.8346557617,0.0227050781,0.5178833008,0.1860961914
18373387.0,2968.0,0.0,1.27734375,0.9140625,-5.46875,0
18380419.0,7032.0,1.0,0.8332519531,0.0206298828,0.5209960938,0.1837158203
18383387.0,2968.0,0.0,0.04296875,0.43359375,-4.75390625,0
18390419.0,7032.0,1.0,0.8317871094,0.0183105469,0.5241088867,0.1818237305
18393387.0,2968.0,0.0,-1.3046875,0.40234375,-4.30859375,0
18400419.0,7032.0,1.0,0.8302612305,0.0156860352,0.5271606445,0.1803588867
18403387.0,2968.0,0.0,-2.875,-0.69921875,-3.7890625,0
18410419.0,7032.0,1.0,0.8285522461,0.0130004883,0.5302734375,0.1791381836
18413387.0,2968.0,0.0,-3.07421875,-1.953125,-2.84375,0
18420419.0,7032.0,1.0,0.8267211914,0.0103759766,0.5335693359,0.1780395508
18424387.0,3968.0,0.0,-2.8125,-1.83203125,-1.6640625,0
18433419.0,9032.0,1.0,0.8248291016,0.0080566406,0.5368652344,0.1770629883
18436387.0,2968.0,0.0,-2.50390625,-2.48046875,-1.171875,0
18443419.0,7032.0,1.0,0.8226318359,0.0062255859,0.5406494141,0.1759643555
18447387.0,3968.0,0.0,-3.1171875,-3.30078125,-0.44140625,0
18451419.0,4032.0,1.0,0.8202514648,0.0054321289,0.5446777344,0.1746826172
18454387.0,2968.0,0.0,-3.546875,-2.36328125,-1.12109375,0
18460419.0,6032.0,1.0,0.8174438477,0.0061035156,0.5493774414,0.1729736328
18464387.0,3968.0,0.0,-4.234375,-1.9140625,-1.01953125,0
18470419.0,6032.0,1.0,0.814453125,0.0084228516,0.5543823242,0.1708984375
18473387.0,2968.0,0.0,-4.1640625,-1.75390625,-1.0625,0
18480419.0,7032.0,1.0,0.8114013672,0.0122680664,0.5596313477,0.1683959961
18483387.0,2968.0,0.0,-2.21875,-1.1875,-1.25390625,0
18490419.0,7032.0,1.0,0.8076782227,0.0180053711,0.5657348633,0.1653442383
18493387.0,2968.0,0.0,-1.2578125,-1.1796875,-1.58203125,0
18500419.0,7032.0,1.0,0.8037109375,0.0243530273,0.5720214844,0.1622314453
18504387.0,3968.0,0.0,-0.890625,-0.60546875,-1.74609375,0
18510419.0,6032.0,1.0,0.7994995117,0.0307617187,0.5783691406,0.1591796875
18513387.0,2968.0,0.0,-1.55078125,-0.73046875,-1.94140625,0
18521419.0,8032.0,1.0,0.794921875,0.0372924805,0.5850830078,0.1561889648
18524387.0,2968.0,0.0,-3.1640625,-0.703125,-2.62890625,0
18530419.0,6032.0,1.0,0.7904052734,0.0432739258,0.5914306641,0.1534423828
18533387.0,2968.0,0.0,-4.015625,-0.6953125,-3.57421875,0
18540419.0,7032.0,1.0,0.7857055664,0.0492553711,0.5979614258,0.1505126953
18543387.0,2968.0,0.0,-3.76171875,1.37890625,-4.4921875,0
18550419.0,7032.0,1.0,0.7811889648,0.0545654297,0.6041259766,0.1477050781
18553387.0,2968.0,0.0,-3.66015625,2.6953125,-5.828125,0
18560419.0,7032.0,1.0,0.7767333984,0.0589599609,0.6100463867,0.1450805664
18563387.0,2968.0,0.0,-3.2109375,3.73046875,-6.40234375,0
18575419.0,12032.0,1.0,0.7727050781,0.0619506836,0.6153564453,0.1429443359
18579387.0,3968.0,0.0,-3.5703125,4.84765625,-6.58203125,0
18582419.0,3032.0,1.0,0.7685546875,0.0639038086,0.6207275391,0.1411132813
18585387.0,2968.0,0.0,-3.8828125,3.68359375,-5.875,0
18590419.0,5032.0,1.0,0.7645263672,0.0647583008,0.6259155273,0.1396484375
18593387.0,2968.0,0.0,-4.01953125,3.25390625,-4.96875,0
18600419.0,7032.0,1.0,0.7608032227,0.0648803711,0.6307373047,0.1383666992
18603387.0,2968.0,0.0,-3.94921875,3.21484375,-5.28125,0
18610419.0,7032.0,1.0,0.7572021484,0.0643310547,0.6353149414,0.1372070313
18613387.0,2968.0,0.0,-3.4609375,4.46484375,-6.03515625,0
18621419.0,8032.0,1.0,0.7538452148,0.0629882813,0.6396484375,0.1363525391
18624387.0,2968.0,0.0,-4.05859375,4.79296875,-6.08984375,0
18630419.0,6032.0,1.0,0.750793457,0.0610351562,0.6435546875,0.1356811523
18633387.0,2968.0,0.0,-4.0625,3.66796875,-4.609375,0
18640419.0,7032.0,1.0,0.7478027344,0.0591430664,0.6473999023,0.1348266602
18643387.0,2968.0,0.0,-4.0390625,1.8984375,-3.2109375,0
18650419.0,7032.0,1.0,0.744934082,0.0581665039,0.6511230469,0.1333007813
18653387.0,2968.0,0.0,-4.5234375,1.38671875,-1.9609375,0
18661419.0,8032.0,1.0,0.7420043945,0.0577392578,0.6548461914,0.1314086914
18664387.0,2968.0,0.0,-3.00390625,2.75,-3.55078125,0
18670419.0,6032.0,1.0,0.7391967773,0.0570068359,0.6583862305,0.1298828125
18673387.0,2968.0,0.0,-2.7890625,2.12109375,-4.30078125,0
18680419.0,7032.0,1.0,0.7362670898,0.0559692383,0.6619873047,0.1285400391
18683387.0,2968.0,0.0,-1.89453125,1.953125,-3.51953125,0
18690419.0,7032.0,1.0,0.7333984375,0.0549316406,0.6654663086,0.1273193359
18693387.0,2968.0,0.0,-1.91796875,1.59375,-2.6953125,0
18701419.0,8032.0,1.0,0.7306518555,0.0540161133,0.6688232422,0.1262207031
18704387.0,2968.0,0.0,-2.359375,1.609375,-2.21875,0
18711419.0,7032.0,1.0,0.7277832031,0.0534667969,0.6721801758,0.1251220703
18714387.0,2968.0,0.0,-2.30859375,0.0234375,-2.69921875,0
18720419.0,6032.0,1.0,0.7250366211,0.0532836914,0.6753540039,0.1239624023
18723387.0,2968.0,0.0,-2.09765625,1.296875,-3.296875,0
18730419.0,7032.0,1.0,0.7222900391,0.0534667969,0.678527832,0.1228637695
18733387.0,2968.0,0.0,-1.25,0.921875,-3.25,0
18741419.0,8032.0,1.0,0.719543457,0.0539550781,0.6815795898,0.1217651367
18744387.0,2968.0,0.0,-0.17578125,0.30859375,-2.89453125,0
18756419.0,12032.0,1.0,0.7168579102,0.0546264648,0.6845092773,0.1207885742
18761419.0,5000.0,1.0,0.714050293,0.0552978516,0.6875610352,0.119934082
18763387.0,1968.0,0.0,0.52734375,0.76171875,-1.375,0
18771419.0,8032.0,1.0,0.7110595703,0.055847168,0.6906738281,0.1193847656
18774387.0,2968.0,0.0,-0.3515625,0.75390625,-1.09765625,0
18781419.0,7032.0,1.0,0.7081298828,0.0562744141,0.6936645508,0.1190795898
18784387.0,2968.0,0.0,-1.53125,0.1328125,-0.859375,0
18790419.0,6032.0,1.0,0.7053222656,0.056640625,0.6965332031,0.1189575195
18793387.0,2968.0,0.0,-1.46484375,-0.18359375,-0.80859375,0
18800419.0,7032.0,1.0,0.7024536133,0.0570678711,0.6994018555,0.1188964844
18803387.0,2968.0,0.0,-0.8125,-0.23046875,-0.6953125,0
18811419.0,8032.0,1.0,0.6996459961,0.0576171875,0.7022094727,0.1188964844
18814387.0,2968.0,0.0,-0.3046875,-0.62890625,-1.0,0
18820419.0,6032.0,1.0,0.6968383789,0.0582275391,0.7049560547,0.1187744141
18823387.0,2968.0,0.0,0.18359375,0.4375,-0.68359375,0
18830419.0,7032.0,1.0,0.6939086914,0.0587158203,0.7077636719,0.1187744141
18833387.0,2968.0,0.0,0.64453125,-0.53515625,-0.2890625,0
18841419.0,8032.0,1.0,0.6910400391,0.0589599609,0.7105102539,0.1189575195
18844387.0,2968.0,0.0,0.828125,-1.34765625,0.09375,0
18851419.0,7032.0,1.0,0.6881103516,0.0590209961,0.7132568359,0.1192626953
18854387.0,2968.0,0.0,0.484375,-0.97265625,0.1796875,0
18860419.0,6032.0,1.0,0.6854248047,0.0589599609,0.7158203125,0.1196289063
18863387.0,2968.0,0.0,0.328125,-0.484375,-1.2734375,0
18870419.0,7032.0,1.0,0.6824951172,0.0588989258,0.7185668945,0.1200561523
18873387.0,2968.0,0.0,0.89453125,0.54296875,-1.6953125,0
18881419.0,8032.0,1.0,0.6798095703,0.0586547852,0.7210083008,0.1204223633
18884387.0,2968.0,0.0,1.6171875,0.99609375,-1.30859375,0
18891419.0,7032.0,1.0,0.6771850586,0.0582275391,0.723449707,0.1209716797
18894387.0,2968.0,0.0,2.34375,0.34375,-0.25,0
18901419.0,7032.0,1.0,0.6743164063,0.0575561523,0.7260742188,0.1217041016
18904387.0,2968.0,0.0,1.76171875,-0.31640625,0.32421875,0
18910419.0,6032.0,1.0,0.6715087891,0.0568847656,0.7285766602,0.1224975586
18913387.0,2968.0,0.0,0.671875,0.2890625,0.2890625,0
18921419.0,8032.0,1.0,0.6686401367,0.0562744141,0.7311401367,0.1234130859
18924387.0,2968.0,0.0,-0.25390625,-0.17578125,0.58984375,0
18931419.0,7032.0,1.0,0.6657104492,0.0559082031,0.7337036133,0.124206543
18934387.0,2968.0,0.0,-0.7578125,-0.875,0.4765625,0
18941419.0,7032.0,1.0,0.6627197266,0.055847168,0.7362670898,0.1248779297
18944387.0,2968.0,0.0,-0.5390625,-0.46875,-0.52734375,0
18951419.0,7032.0,1.0,0.6597900391,0.0561523437,0.7387695313,0.1253662109
18954387.0,2968.0,0.0,-0.46875,-0.0625,-0.3359375,0
18961419.0,7032.0,1.0,0.6567993164,0.0565795898,0.7413330078,0.1257324219
18964387.0,2968.0,0.0,0.01171875,-0.30859375,0.09765625,0
18971419.0,7032.0,1.0,0.6537475586,0.0570678711,0.7439575195,0.1260986328
18974387.0,2968.0,0.0,-0.8828125,-0.24609375,1.8203125,0
18981419.0,7032.0,1.0,0.6506347656,0.0574951172,0.7465209961,0.1265258789
18984387.0,2968.0,0.0,-1.359375,-0.8671875,1.96875,0
18994419.0,10032.0,1.0,0.6475219727,0.0577392578,0.7490844727,0.1272583008
18997387.0,2968.0,0.0,-1.640625,-1.265625,2.0546875,0
19004419.0,7032.0,1.0,0.6440429688,0.0578613281,0.7518920898,0.1284179688
19007387.0,2968.0,0.0,-1.55078125,-0.79296875,1.48828125,0
19011419.0,4032.0,1.0,0.6408081055,0.0576782227,0.7544555664,0.1297607422
19014387.0,2968.0,0.0,-1.453125,-1.390625,1.94140625,0
19021419.0,7032.0,1.0,0.6375732422,0.0573730469,0.7569580078,0.1312866211
19024387.0,2968.0,0.0,-1.23828125,-1.40625,2.28125,0
19031419.0,7032.0,1.0,0.6341552734,0.0568847656,0.7595825195,0.1329345703
19034387.0,2968.0,0.0,-0.984375,-1.4375,1.59375,0
19041419.0,7032.0,1.0,0.6306762695,0.0563354492,0.7622070313,0.1345825195
19044387.0,2968.0,0.0,-1.26953125,-1.26171875,0.78125,0
19050419.0,6032.0,1.0,0.6273803711,0.0557250977,0.7647094727,0.1361083984
19053387.0,2968.0,0.0,-1.67578125,-1.16015625,0.32421875,0
19060419.0,7032.0,1.0,0.6239624023,0.0551757812,0.7672729492,0.1376342773
19063387.0,2968.0,0.0,-0.89453125,-0.91015625,0.47265625,0
19071419.0,8032.0,1.0,0.6205444336,0.0545654297,0.7698364258,0.1390991211
19074387.0,2968.0,0.0,0.26953125,-1.19140625,1.3984375,0
19081419.0,7032.0,1.0,0.6170654297,0.0537109375,0.7723999023,0.1405029297
19084387.0,2968.0,0.0,0.63671875,-0.94140625,1.546875,0
19091419.0,7032.0,1.0,0.6134033203,0.0526123047,0.7751464844,0.1420288086
19094387.0,2968.0,0.0,0.0,0.0390625,0.4296875,0
19101419.0,7032.0,1.0,0.6099243164,0.0512695312,0.7776489258,0.1435546875
19104387.0,2968.0,0.0,-0.48046875,-0.12109375,0.69921875,0
19111419.0,7032.0,1.0,0.6065673828,0.0495605469,0.780090332,0.1452636719
19114387.0,2968.0,0.0,-0.87890625,0.4453125,0.5390625,0
19121419.0,7032.0,1.0,0.6033325195,0.0474853516,0.7823486328,0.1472167969
19124387.0,2968.0,0.0,-0.89453125,0.859375,0.06640625,0
19131419.0,7032.0,1.0,0.6000366211,0.0450439453,0.7846069336,0.1493530273
19134387.0,2968.0,0.0,0.4609375,0.16015625,1.1640625,0
19141419.0,7032.0,1.0,0.5967407227,0.0422973633,0.7868652344,0.1517333984
19144387.0,2968.0,0.0,0.55859375,0.875,2.0390625,0
19151419.0,7032.0,1.0,0.5933227539,0.0391845703,0.7890014648,0.1544799805
19154387.0,2968.0,0.0,1.1484375,0.7109375,0.67578125,0
19161419.0,7032.0,1.0,0.5899047852,0.0355834961,0.7910766602,0.1578369141
19164387.0,2968.0,0.0,0.3203125,1.69140625,0.62109375,0
19171419.0,7032.0,1.0,0.5865478516,0.0316772461,0.7930297852,0.1616210938
19174387.0,2968.0,0.0,-0.38671875,1.1796875,0.59375,0
19181419.0,7032.0,1.0,0.583190918,0.0275878906,0.7947998047,0.1656494141
19185387.0,3968.0,0.0,-0.21484375,0.8515625,-0.5078125,0
19192419.0,7032.0,1.0,0.5798950195,0.0236206055,0.7964477539,0.1697387695
19195387.0,2968.0,0.0,-0.5859375,0.94140625,-0.2265625,0
19205419.0,10032.0,1.0,0.5766601563,0.0197143555,0.7979736328,0.1739501953
19208387.0,2968.0,0.0,-0.45703125,1.37890625,-0.1484375,0
19212419.0,4032.0,1.0,0.5732421875,0.0157470703,0.7995605469,0.1784057617
19215387.0,2968.0,0.0,0.32421875,0.00390625,0.703125,0
19221419.0,6032.0,1.0,0.569519043,0.0119628906,0.8012695313,0.1830444336
19224387.0,2968.0,0.0,-1.3046875,1.99609375,2.51171875,0
19231419.0,7032.0,1.0,0.5657958984,0.0090332031,0.8029785156,0.1872558594
19234387.0,2968.0,0.0,-0.91796875,0.578125,2.40625,0
19240419.0,6032.0,1.0,0.5621337891,0.0071411133,0.8047485352,0.1904907227
19243387.0,2968.0,0.0,-0.21875,-1.109375,2.58203125,0
19251419.0,8032.0,1.0,0.5579833984,0.0062866211,0.8070068359,0.1932373047
19254387.0,2968.0,0.0,-1.21484375,-0.6875,2.4921875,0
19261419.0,7032.0,1.0,0.5538330078,0.006652832,0.8094482422,0.1950683594
19264387.0,2968.0,0.0,-1.67578125,-1.9140625,2.609375,0
19271419.0,7032.0,1.0,0.5495605469,0.0079345703,0.8120727539,0.1961669922
19274387.0,2968.0,0.0,-1.9921875,-1.34765625,2.41796875,0
19281419.0,7032.0,1.0,0.5450439453,0.0101318359,0.8148803711,0.1968383789
19284387.0,2968.0,0.0,-4.64453125,-1.921875,1.77734375,0
19291419.0,7032.0,1.0,0.5405273438,0.0131225586,0.8178100586,0.1970825195
19294387.0,2968.0,0.0,-6.18359375,-1.84765625,1.2109375,0
19301419.0,7032.0,1.0,0.5357055664,0.0170898438,0.8209838867,0.1968994141
19304387.0,2968.0,0.0,-6.8984375,-1.47265625,1.3125,0
19311419.0,7032.0,1.0,0.5308227539,0.0218505859,0.8241577148,0.1963500977
19314387.0,2968.0,0.0,-7.14453125,-1.55859375,1.60546875,0
19321419.0,7032.0,1.0,0.5257568359,0.0275878906,0.8274536133,0.1954345703
19324387.0,2968.0,0.0,-5.52734375,-2.83984375,2.0625,0
19331419.0,7032.0,1.0,0.5205078125,0.0342407227,0.8307495117,0.194152832
19334387.0,2968.0,0.0,-4.7109375,-2.35546875,2.046875,0
19341419.0,7032.0,1.0,0.5151367188,0.0417480469,0.8341674805,0.1926269531
19344387.0,2968.0,0.0,-4.59765625,-1.68359375,1.78125,0
19353419.0,9032.0,1.0,0.509765625,0.0496826172,0.8373413086,0.1909790039
19356387.0,2968.0,0.0,-5.13671875,-1.2421875,1.40234375,0
19363419.0,7032.0,1.0,0.5040283203,0.0588378906,0.840637207,0.1893310547
19366387.0,2968.0,0.0,-7.296875,0.0390625,1.87109375,0
19370419.0,4032.0,1.0,0.4982299805,0.0688476563,0.84375,0.1875610352
19373387.0,2968.0,0.0,-8.3046875,-0.64453125,2.2578125,0
19381419.0,8032.0,1.0,0.4921875,0.0800170898,0.8467407227,0.185546875
19384387.0,2968.0,0.0,-9.32421875,0.2421875,2.83984375,0
19391419.0,7032.0,1.0,0.4862670898,0.0919189453,0.8494262695,0.1832885742
19394387.0,2968.0,0.0,-11.03515625,2.42578125,1.9296875,0
19401419.0,7032.0,1.0,0.4801635742,0.1048583984,0.8518676758,0.1810913086
19404387.0,2968.0,0.0,-11.13671875,4.14453125,-1.5078125,0
19411419.0,7032.0,1.0,0.4741821289,0.1185913086,0.8537597656,0.1794433594
19414387.0,2968.0,0.0,-12.140625,7.46875,-1.12890625,0
19421419.0,7032.0,1.0,0.4685668945,0.1331787109,0.8549194336,0.1785888672
19424387.0,2968.0,0.0,-13.32421875,9.19921875,-4.3125,0
19436419.0,12032.0,1.0,0.4636230469,0.1478881836,0.8550415039,0.1790161133
19440387.0,3968.0,0.0,-12.94140625,16.4609375,-6.37109375,0
19443419.0,3032.0,1.0,0.4591674805,0.1635742188,0.8538818359,0.182434082
19446387.0,2968.0,0.0,-13.08203125,16.28125,-6.31640625,0
19450419.0,4032.0,1.0,0.4559326172,0.1781616211,0.8508911133,0.1907348633
19453387.0,2968.0,0.0,-9.69921875,17.41015625,-4.48046875,0
19461419.0,8032.0,1.0,0.4542236328,0.1904907227,0.8455810547,0.2059936523
19464387.0,2968.0,0.0,-6.875,16.68359375,-2.8046875,0
19471419.0,7032.0,1.0,0.4534912109,0.2012939453,0.8385009766,0.2252197266
19474387.0,2968.0,0.0,-0.57421875,-3.54296875,10.80078125,0
19481419.0,7032.0,1.0,0.4518432617,0.2152709961,0.8323974609,0.2379150391
19484387.0,2968.0,0.0,0.39453125,-16.10546875,10.5234375,0
19491419.0,7032.0,1.0,0.4503173828,0.2329711914,0.826171875,0.2457885742
19494387.0,2968.0,0.0,-1.9765625,14.328125,9.5859375,0
19501419.0,7032.0,1.0,0.4547119141,0.2442626953,0.8146362305,0.264465332
19504387.0,2968.0,0.0,1.19921875,42.98828125,-16.796875,0
19516419.0,12032.0,1.0,0.4677734375,0.2432861328,0.7953491211,0.2989501953
19520387.0,3968.0,0.0,10.62109375,-3.9453125,-21.6953125,0
19523419.0,3032.0,1.0,0.4879760742,0.2337646484,0.7684936523,0.3415527344
19526387.0,2968.0,0.0,10.55078125,-4.453125,-22.6015625,0
19531419.0,5032.0,1.0,0.5104370117,0.2232055664,0.7398071289,0.3771972656
19534387.0,2968.0,0.0,6.92578125,-11.73046875,-15.37109375,0
19541419.0,7032.0,1.0,0.5305786133,0.2161254883,0.7165527344,0.3978881836
19544387.0,2968.0,0.0,-2.05859375,-15.703125,-0.1953125,0
19551419.0,7032.0,1.0,0.5517578125,0.2091064453,0.6943969727,0.4119262695
19554387.0,2968.0,0.0,0.38671875,-10.49609375,0.29296875,0
19561419.0,7032.0,1.0,0.5736083984,0.1995849609,0.6726074219,0.4227294922
19564387.0,2968.0,0.0,4.6171875,-12.484375,-0.2578125,0
19573419.0,9032.0,1.0,0.5956420898,0.1883544922,0.6516113281,0.4302368164
19576387.0,2968.0,0.0,7.0625,-17.1953125,-0.69921875,0
19583419.0,7032.0,1.0,0.6176757813,0.1771240234,0.632019043,0.4331665039
19586387.0,2968.0,0.0,7.81640625,-20.2421875,1.10546875,0
19590419.0,4032.0,1.0,0.6390380859,0.1669921875,0.6146240234,0.4312744141
19593387.0,2968.0,0.0,8.76171875,-17.2265625,2.25390625,0
19601419.0,8032.0,1.0,0.659362793,0.1578979492,0.5993041992,0.4255981445
19604387.0,2968.0,0.0,9.5546875,-13.453125,1.86328125,0
19611419.0,7032.0,1.0,0.6785888672,0.1494140625,0.5855712891,0.4174804688
19614387.0,2968.0,0.0,9.6953125,-10.7734375,0.421875,0
19621419.0,7032.0,1.0,0.6952514648,0.1415405273,0.5740966797,0.4086303711
19624387.0,2968.0,0.0,7.29296875,-6.6171875,-0.83984375,0
19636419.0,12032.0,1.0,0.7118530273,0.1329956055,0.5629272461,0.3983764648
19640387.0,3968.0,0.0,7.1875,-4.87890625,-1.48828125,0
19643419.0,3032.0,1.0,0.7271728516,0.1243896484,0.5526733398,0.3876953125
19646387.0,2968.0,0.0,7.6875,-4.3671875,-1.10546875,0
19651419.0,5032.0,1.0,0.7419433594,0.1152954102,0.5427246094,0.3764648438
19654387.0,2968.0,0.0,7.7890625,-4.0703125,-1.37109375,0
19661419.0,7032.0,1.0,0.7549438477,0.1065673828,0.5337524414,0.3657836914
19664387.0,2968.0,0.0,8.265625,-5.75,-0.5625,0
19671419.0,7032.0,1.0,0.7667236328,0.0982666016,0.5255737305,0.3552856445
19674387.0,2968.0,0.0,8.21875,-5.859375,0.8125,0
19681419.0,7032.0,1.0,0.7772827148,0.0908813477,0.5184936523,0.3446655273
19684387.0,2968.0,0.0,8.08984375,-6.33984375,1.125,0
19691419.0,7032.0,1.0,0.7867431641,0.0847167969,0.512512207,0.3335571289
19694387.0,2968.0,0.0,7.76171875,-6.5625,1.48046875,0
19701419.0,7032.0,1.0,0.7951049805,0.0799560547,0.5076904297,0.3220214844
19704387.0,2968.0,0.0,7.359375,-5.51171875,1.83203125,0
19714419.0,10032.0,1.0,0.8022460938,0.0764160156,0.5040283203,0.3107299805
19717387.0,2968.0,0.0,7.17578125,-4.51953125,1.515625,0
19724419.0,7032.0,1.0,0.8088989258,0.0732421875,0.5009765625,0.2990112305
19727387.0,2968.0,0.0,6.83984375,-3.15234375,1.0234375,0
19731419.0,4032.0,1.0,0.8146362305,0.0698242188,0.4984130859,0.2881469727
19734387.0,2968.0,0.0,6.1484375,-3.1015625,0.69140625,0
19741419.0,7032.0,1.0,0.8197021484,0.0661621094,0.4963378906,0.2781982422
19744387.0,2968.0,0.0,5.84375,-3.43359375,0.1875,0
19751419.0,7032.0,1.0,0.8240356445,0.0627441406,0.4948120117,0.2686767578
19754387.0,2968.0,0.0,5.5,-3.48046875,0.37109375,0
19761419.0,7032.0,1.0,0.8276367188,0.0601196289,0.4940795898,0.2593994141
19764387.0,2968.0,0.0,5.15625,-3.22265625,0.23828125,0
19771419.0,7032.0,1.0,0.8304443359,0.0584716797,0.494140625,0.2504272461
19774387.0,2968.0,0.0,4.5,-2.453125,-0.03515625,0
19781419.0,7032.0,1.0,0.832824707,0.0576171875,0.494934082,0.2412109375
19784387.0,2968.0,0.0,4.34375,-1.90234375,-0.7421875,0
19791419.0,7032.0,1.0,0.8345336914,0.0573730469,0.4962158203,0.2324829102
19794387.0,2968.0,0.0,4.125,-1.43359375,-1.109375,0
19801419.0,7032.0,1.0,0.8358154297,0.057434082,0.4979248047,0.2241210938
19804387.0,2968.0,0.0,3.85546875,-0.7421875,-1.84375,0
19816419.0,12032.0,1.0,0.8366088867,0.0576171875,0.4998168945,0.2167358398
19820387.0,3968.0,0.0,4.03515625,-1.4140625,-3.61328125,0
19823419.0,3032.0,1.0,0.8370361328,0.0579223633,0.5020751953,0.2094726563
19826387.0,2968.0,0.0,4.08203125,-1.359375,-3.56640625,0
19831419.0,5032.0,1.0,0.8371582031,0.0581665039,0.5047607422,0.2025756836
19834387.0,2968.0,0.0,4.265625,-0.8359375,-3.81640625,0
19841419.0,7032.0,1.0,0.8367919922,0.0581665039,0.5075683594,0.1967773438
19844387.0,2968.0,0.0,4.2734375,-0.0234375,-3.83203125,0
19851419.0,7032.0,1.0,0.8361206055,0.0576782227,0.5106811523,0.1918334961
19854387.0,2968.0,0.0,3.38671875,-0.32421875,-4.4296875,0
19861419.0,7032.0,1.0,0.835144043,0.0569458008,0.5139160156,0.1877441406
19864387.0,2968.0,0.0,2.3984375,-0.19921875,-4.05078125,0
19871419.0,7032.0,1.0,0.8338012695,0.0561523437,0.5173339844,0.1843261719
19874387.0,2968.0,0.0,1.3203125,-0.0078125,-3.98828125,0
19881419.0,7032.0,1.0,0.8322143555,0.0554199219,0.5209960938,0.1813964844
19884387.0,2968.0,0.0,0.37109375,0.015625,-3.64453125,0
19891419.0,7032.0,1.0,0.8303833008,0.0546264648,0.5248413086,0.1790161133
19894387.0,2968.0,0.0,-1.66796875,0.46875,-4.140625,0
19901419.0,7032.0,1.0,0.8283691406,0.0534667969,0.5287475586,0.1771240234
19904387.0,2968.0,0.0,-2.1640625,0.6171875,-4.375,0
19911419.0,7032.0,1.0,0.8262329102,0.0518188477,0.5326538086,0.1758422852
19914387.0,2968.0,0.0,-2.38671875,0.41796875,-3.79296875,0
19921419.0,7032.0,1.0,0.8239746094,0.0493774414,0.5366821289,0.1749267578
19924387.0,2968.0,0.0,-2.35546875,0.49609375,-3.515625,0
19931419.0,7032.0,1.0,0.8215942383,0.0464477539,0.5408325195,0.1742553711
19934387.0,2968.0,0.0,-2.8046875,0.41796875,-2.6328125,0
19941419.0,7032.0,1.0,0.8190917969,0.0430297852,0.5450439453,0.1737670898
19944387.0,2968.0,0.0,-2.68359375,0.390625,-2.9296875,0
19951419.0,7032.0,1.0,0.8165893555,0.0395507813,0.5491333008,0.1733398438
19954387.0,2968.0,0.0,-2.64453125,1.25,-2.6875,0
19961419.0,7032.0,1.0,0.8139648438,0.0360107422,0.5534667969,0.1728515625
19964387.0,2968.0,0.0,-3.9765625,0.765625,-2.375,0
19971419.0,7032.0,1.0,0.8111572266,0.0328369141,0.5579833984,0.1721191406
19974387.0,2968.0,0.0,-4.04296875,0.0390625,-2.2421875,0
19981419.0,7032.0,1.0,0.8082885742,0.0305786133,0.5625610352,0.1710205078
19985387.0,3968.0,0.0,-4.08203125,0.38671875,-1.796875,0
19991419.0,6032.0,1.0,0.8052978516,0.0294189453,0.5673217773,0.1694946289
19994387.0,2968.0,0.0,-3.390625,-0.6328125,-1.00390625,0
20004419.0,10032.0,1.0,0.8020629883,0.0292358398,0.5725097656,0.1674804688
20007387.0,2968.0,0.0,-2.203125,-1.15625,0.0703125,0
20011419.0,4032.0,1.0,0.7984008789,0.0298461914,0.5783081055,0.1649780273
20014387.0,2968.0,0.0,-1.95703125,-0.87890625,-0.37890625,0
20021419.0,7032.0,1.0,0.7945556641,0.0308227539,0.5842895508,0.1624145508
20024387.0,2968.0,0.0,-2.33203125,-0.265625,-1.04296875,0
20031419.0,7032.0,1.0,0.7905273438,0.0316162109,0.5903320313,0.1599731445
20034387.0,2968.0,0.0,-3.328125,0.0703125,-1.8203125,0
20041419.0,7032.0,1.0,0.7864990234,0.0322875977,0.5961914063,0.1578369141
20044387.0,2968.0,0.0,-4.90234375,0.53125,-3.82421875,0
20051419.0,7032.0,1.0,0.7824707031,0.0328979492,0.6019287109,0.1559448242
20054387.0,2968.0,0.0,-5.32421875,0.53125,-4.58203125,0
20061419.0,7032.0,1.0,0.778503418,0.0336914062,0.6075439453,0.1541137695
20064387.0,2968.0,0.0,-4.6796875,-0.625,-4.41015625,0
20071419.0,7032.0,1.0,0.7744750977,0.0349121094,0.6130981445,0.1520385742
20074387.0,2968.0,0.0,-3.30859375,-0.43359375,-4.37890625,0
20081419.0,7032.0,1.0,0.7703857422,0.0364379883,0.6186523438,0.1497802734
20084387.0,2968.0,0.0,-1.9375,0.015625,-3.86328125,0
20091419.0,7032.0,1.0,0.7662963867,0.0380249023,0.624206543,0.1473999023
20094387.0,2968.0,0.0,-2.296875,0.0078125,-4.11328125,0
20102419.0,8032.0,1.0,0.7622680664,0.0395507813,0.6295776367,0.1451416016
20105387.0,2968.0,0.0,-3.14453125,0.421875,-4.8984375,0
20111419.0,6032.0,1.0,0.7583618164,0.0408325195,0.6345825195,0.1431274414
20114387.0,2968.0,0.0,-6.45703125,1.9921875,-7.5703125,0
20121419.0,7032.0,1.0,0.754699707,0.0419921875,0.6392822266,0.1413574219
20124387.0,2968.0,0.0,-5.94140625,2.17578125,-6.9453125,0
20131419.0,7032.0,1.0,0.751159668,0.04296875,0.643737793,0.1397705078
20134387.0,2968.0,0.0,-4.5,2.1328125,-5.71875,0
20142419.0,8032.0,1.0,0.7476806641,0.0440673828,0.6480102539,0.1383056641
20145387.0,2968.0,0.0,-3.64453125,1.75,-3.921875,0
20157419.0,12032.0,1.0,0.7443847656,0.0452880859,0.6520385742,0.1368408203
20162419.0,5000.0,1.0,0.7407836914,0.0466308594,0.6563110352,0.1354370117
20164387.0,1968.0,0.0,-4.37890625,1.76953125,-3.92578125,0
20171419.0,7032.0,1.0,0.7373046875,0.0479736328,0.6604003906,0.1340942383
20174387.0,2968.0,0.0,-4.484375,1.984375,-3.28125,0
20182419.0,8032.0,1.0,0.7339477539,0.0494384766,0.6642456055,0.1327514648
20185387.0,2968.0,0.0,-4.19921875,1.79296875,-2.90234375,0
20191419.0,6032.0,1.0,0.7309570313,0.0510864258,0.6677246094,0.1312866211
20194387.0,2968.0,0.0,-2.73828125,-0.0625,-1.9609375,0
20201419.0,7032.0,1.0,0.7276611328,0.0533447266,0.6715087891,0.1294555664
20204387.0,2968.0,0.0,-1.19921875,0.3828125,-1.4375,0
20211419.0,7032.0,1.0,0.7242431641,0.0559692383,0.6753540039,0.1273803711
20214387.0,2968.0,0.0,-0.26953125,0.0625,-0.828125,0
20222419.0,8032.0,1.0,0.7207641602,0.0588989258,0.6792602539,0.1250610352
20225387.0,2968.0,0.0,-1.48828125,-0.109375,-0.75,0
20231419.0,6032.0,1.0,0.7172241211,0.0619506836,0.6831665039,0.1226806641
20234387.0,2968.0,0.0,-2.98046875,0.4140625,-2.546875,0
20241419.0,7032.0,1.0,0.7138061523,0.0646972656,0.6868896484,0.1204833984
20244387.0,2968.0,0.0,-2.75390625,1.546875,-2.9765625,0
20251419.0,7032.0,1.0,0.7105102539,0.067199707,0.6904296875,0.118347168
20254387.0,2968.0,0.0,-2.140625,1.0390625,-2.8359375,0
20262419.0,8032.0,1.0,0.7073974609,0.0693969727,0.6937255859,0.1163330078
20265387.0,2968.0,0.0,-0.8671875,0.6484375,-2.65625,0
20271419.0,6032.0,1.0,0.704284668,0.0711669922,0.6970214844,0.1145019531
20274387.0,2968.0,0.0,1.015625,0.6484375,-1.0625,0
20281419.0,7032.0,1.0,0.7010498047,0.0725097656,0.700378418,0.1129150391
20285387.0,3968.0,0.0,1.09375,0.3828125,-0.70703125,0
20292419.0,7032.0,1.0,0.6979370117,0.0733032227,0.7036132813,0.1114501953
20295387.0,2968.0,0.0,0.13671875,0.58203125,-0.796875,0
20301419.0,6032.0,1.0,0.6948242188,0.0737304688,0.7068481445,0.1102294922
20304387.0,2968.0,0.0,-0.23828125,0.28125,-1.5078125,0
20311419.0,7032.0,1.0,0.6918334961,0.0736694336,0.7098999023,0.1091918945
20314387.0,2968.0,0.0,-0.35546875,-0.62890625,-1.4921875,0
20321419.0,7032.0,1.0,0.6889038086,0.0733642578,0.7129516602,0.1082763672
20325387.0,3968.0,0.0,-0.69921875,0.3046875,-1.63671875,0
20332419.0,7032.0,1.0,0.6861572266,0.0728149414,0.7157592773,0.1074829102
20335387.0,2968.0,0.0,-0.23828125,0.67578125,-1.6328125,0
20345419.0,10032.0,1.0,0.6832275391,0.0720214844,0.71875,0.1067504883
20348387.0,2968.0,0.0,0.11328125,1.953125,-0.12109375,0
20352419.0,4032.0,1.0,0.6802978516,0.0710449219,0.7216796875,0.106262207
20355387.0,2968.0,0.0,0.34375,2.0078125,0.72265625,0
20361419.0,6032.0,1.0,0.6771850586,0.0695800781,0.7247924805,0.1061401367
20365387.0,3968.0,0.0,0.94921875,1.44921875,1.3515625,0
20371419.0,6032.0,1.0,0.6740722656,0.0679931641,0.7278442383,0.106262207
20374387.0,2968.0,0.0,0.3359375,1.15625,1.7734375,0
20381419.0,7032.0,1.0,0.671081543,0.0665893555,0.7306518555,0.106628418
20384387.0,2968.0,0.0,-0.046875,-0.16796875,-0.67578125,0
20391419.0,7032.0,1.0,0.6678466797,0.0653686523,0.7336425781,0.1069335938
20394387.0,2968.0,0.0,0.14453125,-0.51171875,-1.234375,0
20401419.0,7032.0,1.0,0.6647949219,0.0646972656,0.7364501953,0.1071166992
20405387.0,3968.0,0.0,0.82421875,-0.03515625,-1.69140625,0
20411419.0,6032.0,1.0,0.6617431641,0.0642700195,0.7392578125,0.1071777344
20414387.0,2968.0,0.0,1.27734375,0.73046875,-0.50390625,0
20421419.0,7032.0,1.0,0.6584472656,0.0638427734,0.7422485352,0.1072998047
20424387.0,2968.0,0.0,0.9921875,-0.2265625,1.5390625,0
20431419.0,7032.0,1.0,0.6550292969,0.0634765625,0.7451782227,0.1075439453
20434387.0,2968.0,0.0,-0.2109375,0.19140625,1.5546875,0
20441419.0,7032.0,1.0,0.6516113281,0.0631713867,0.7481689453,0.1078491211
20444387.0,2968.0,0.0,-1.48046875,0.18359375,1.2578125,0
20451419.0,7032.0,1.0,0.6481933594,0.0629272461,0.7510986328,0.1083374023
20454387.0,2968.0,0.0,-1.98828125,-0.89453125,0.8828125,0
20461419.0,7032.0,1.0,0.6447143555,0.0628662109,0.7540283203,0.1088256836
20464387.0,2968.0,0.0,-0.81640625,-1.32421875,0.85546875,0
20471419.0,7032.0,1.0,0.6411743164,0.0629882813,0.7569580078,0.1092529297
20474387.0,2968.0,0.0,0.08203125,-0.53515625,1.21484375,0
20482419.0,8032.0,1.0,0.6375732422,0.0630493164,0.7599487305,0.1097412109
20485387.0,2968.0,0.0,0.984375,-0.2734375,1.45703125,0
20491419.0,6032.0,1.0,0.6338500977,0.0628662109,0.7629394531,0.1104125977
20494387.0,2968.0,0.0,0.2734375,0.22265625,2.0078125,0
20501419.0,7032.0,1.0,0.6301269531,0.0623168945,0.7659301758,0.111328125
20504387.0,2968.0,0.0,-0.1640625,0.0625,1.62890625,0
20511419.0,7032.0,1.0,0.6263427734,0.0614013672,0.7689208984,0.1126098633
20514387.0,2968.0,0.0,-0.1796875,-0.71875,0.83984375,0
20522419.0,8032.0,1.0,0.6226806641,0.0602416992,0.7717895508,0.1140136719
20525387.0,2968.0,0.0,-0.28125,-1.1875,0.19140625,0
20531419.0,6032.0,1.0,0.6192016602,0.0589599609,0.7744750977,0.1155395508
20534387.0,2968.0,0.0,0.61328125,-0.4375,-0.06640625,0
20541419.0,7032.0,1.0,0.6155395508,0.0573730469,0.7772216797,0.1171875
20544387.0,2968.0,0.0,0.5234375,-0.0546875,0.578125,0
20554419.0,10032.0,1.0,0.6120605469,0.0556640625,0.7798461914,0.1187744141
20557387.0,2968.0,0.0,0.765625,0.12890625,1.12109375,0
20564419.0,7032.0,1.0,0.6084594727,0.0536499023,0.7825317383,0.1204833984
20567387.0,2968.0,0.0,0.015625,0.46875,0.9609375,0
20571419.0,4032.0,1.0,0.6047973633,0.0512695312,0.7852172852,0.1224975586
20574387.0,2968.0,0.0,0.109375,0.421875,0.4296875,0
20581419.0,7032.0,1.0,0.6011352539,0.0485229492,0.7878417969,0.1248779297
20584387.0,2968.0,0.0,0.23828125,0.4140625,0.765625,0
20591419.0,7032.0,1.0,0.5975341797,0.0455322266,0.7902832031,0.1276245117
20594387.0,2968.0,0.0,0.25390625,0.3671875,1.44921875,0
20602419.0,8032.0,1.0,0.5938720703,0.0425415039,0.7927856445,0.1305541992
20605387.0,2968.0,0.0,0.19140625,0.3125,1.56640625,0
20611419.0,6032.0,1.0,0.5900268555,0.0397338867,0.7952880859,0.1334838867
20614387.0,2968.0,0.0,-0.59765625,1.71484375,1.3203125,0
20622419.0,8032.0,1.0,0.5861206055,0.0371704102,0.7978515625,0.1362915039
20626387.0,3968.0,0.0,-0.515625,1.8515625,1.09375,0
20632419.0,6032.0,1.0,0.58203125,0.0349121094,0.8004150391,0.1390380859
20635387.0,2968.0,0.0,-0.77734375,2.6328125,0.3203125,0
20642419.0,7032.0,1.0,0.5781860352,0.0330200195,0.8028564453,0.1416015625
20645387.0,2968.0,0.0,-1.22265625,2.21875,-0.40625,0
20651419.0,6032.0,1.0,0.57421875,0.03125,0.8052368164,0.1442871094
20654387.0,2968.0,0.0,-1.21484375,0.34765625,-0.37109375,0
20662419.0,8032.0,1.0,0.5703125,0.0296020508,0.8075561523,0.1472167969
20665387.0,2968.0,0.0,-1.55078125,0.671875,0.07421875,0
20672419.0,7032.0,1.0,0.5662231445,0.0278930664,0.8099365234,0.1506347656
20675387.0,2968.0,0.0,-1.8203125,1.16015625,1.22265625,0
20682419.0,7032.0,1.0,0.5620117188,0.0264282227,0.8121337891,0.154296875
20685387.0,2968.0,0.0,-0.40234375,1.3046875,1.62890625,0
20691419.0,6032.0,1.0,0.5576782227,0.0252075195,0.814453125,0.1582641602
20694387.0,2968.0,0.0,0.390625,-0.0078125,1.73828125,0
20702419.0,8032.0,1.0,0.5532836914,0.0245361328,0.8166503906,0.1623535156
20706387.0,3968.0,0.0,-0.26953125,0.23828125,2.26171875,0
20713419.0,7032.0,1.0,0.5487670898,0.0246582031,0.8189086914,0.1662597656
20716387.0,2968.0,0.0,-1.46484375,0.08984375,1.83203125,0
20726419.0,10032.0,1.0,0.5440063477,0.0260009766,0.8212890625,0.1698608398
20729387.0,2968.0,0.0,-4.4375,-1.828125,1.4140625,0
20733419.0,4032.0,1.0,0.5390014648,0.0289306641,0.8239135742,0.1727905273
20736387.0,2968.0,0.0,-5.796875,-2.2109375,1.34765625,0
20742419.0,6032.0,1.0,0.5336914063,0.0337524414,0.8267211914,0.1748046875
20745387.0,2968.0,0.0,-7.3203125,-2.375,2.0546875,0
20752419.0,7032.0,1.0,0.5283203125,0.0403442383,0.8297119141,0.1757202148
20755387.0,2968.0,0.0,-8.6640625,-3.1484375,2.64453125,0
20761419.0,6032.0,1.0,0.5229492188,0.0483398437,0.8327026367,0.1755371094
20764387.0,2968.0,0.0,-9.5078125,-2.5,2.90625,0
20771419.0,7032.0,1.0,0.5169677734,0.0587158203,0.8359985352,0.1744384766
20774387.0,2968.0,0.0,-9.87109375,-1.7421875,2.765625,0
20782419.0,8032.0,1.0,0.5111083984,0.0701904297,0.839050293,0.1728515625
20785387.0,2968.0,0.0,-10.5,-1.21484375,2.7265625,0
20792419.0,7032.0,1.0,0.5052490234,0.0825195313,0.8417358398,0.1713867188
20795387.0,2968.0,0.0,-11.25390625,-1.078125,3.2734375,0
20802419.0,7032.0,1.0,0.4994506836,0.0954589844,0.8439941406,0.1704711914
20805387.0,2968.0,0.0,-13.65234375,1.453125,2.3515625,0
20812419.0,7032.0,1.0,0.4937744141,0.1085205078,0.845703125,0.170715332
20815387.0,2968.0,0.0,-15.21875,3.25390625,2.0703125,0
20822419.0,7032.0,1.0,0.48828125,0.1219482422,0.8467407227,0.1726074219
20825387.0,2968.0,0.0,-16.453125,5.9375,0.171875,0
20831419.0,6032.0,1.0,0.4832763672,0.1350708008,0.846862793,0.1762695313
20834387.0,2968.0,0.0,-18.5234375,9.56640625,-0.7265625,0
20844419.0,10032.0,1.0,0.478515625,0.1492919922,0.8458862305,0.182434082
20847387.0,2968.0,0.0,-18.234375,11.609375,-2.44921875,0
20851419.0,4032.0,1.0,0.4744873047,0.1630859375,0.8435058594,0.1916503906
20854387.0,2968.0,0.0,-15.3203125,13.53515625,-3.58984375,0
20862419.0,8032.0,1.0,0.4714355469,0.1755371094,0.8391113281,0.2069702148
20865387.0,2968.0,0.0,-11.0859375,16.0703125,-2.76953125,0
20872419.0,7032.0,1.0,0.4698486328,0.1843261719,0.8322753906,0.2294311523
20875387.0,2968.0,0.0,-4.75390625,6.6171875,1.44921875,0
20882419.0,7032.0,1.0,0.4680786133,0.1925048828,0.8244628906,0.2531738281
20885387.0,2968.0,0.0,-1.73828125,-11.3515625,4.2421875,0
20895419.0,10032.0,1.0,0.4649047852,0.205871582,0.8187866211,0.2666015625
20898387.0,2968.0,0.0,0.76953125,-13.37109375,0.71484375,0
20905419.0,7032.0,1.0,0.4644165039,0.2216796875,0.8100585938,0.2810668945
20908387.0,2968.0,0.0,-0.0546875,37.44140625,-2.8046875,0
20912419.0,4032.0,1.0,0.4710083008,0.2286987305,0.7956542969,0.3046264648
20915387.0,2968.0,0.0,10.40234375,24.9765625,-22.37890625,0
20922419.0,7032.0,1.0,0.4843139648,0.2269287109,0.7750854492,0.3364257813
20925387.0,2968.0,0.0,15.28125,15.94921875,-16.1953125,0
20932419.0,7032.0,1.0,0.5029296875,0.2190551758,0.7498168945,0.3698730469
20935387.0,2968.0,0.0,7.6484375,-0.6875,-15.015625,0
20942419.0,7032.0,1.0,0.5233764648,0.2108154297,0.7250366211,0.3948974609
20945387.0,2968.0,0.0,3.05859375,-13.640625,-10.04296875,0
20951419.0,6032.0,1.0,0.544128418,0.2029418945,0.7025756836,0.4112548828
20954387.0,2968.0,0.0,2.203125,-10.515625,-2.9453125,0
20962419.0,8032.0,1.0,0.5677490234,0.1923217773,0.6788330078,0.4241943359
20965387.0,2968.0,0.0,4.02734375,-10.796875,-1.02734375,0
20972419.0,7032.0,1.0,0.5921020508,0.1791381836,0.6552734375,0.4335327148
20975387.0,2968.0,0.0,6.34375,-15.38671875,-1.125,0
20982419.0,7032.0,1.0,0.6165771484,0.1651611328,0.6329956055,0.4379882813
20985387.0,2968.0,0.0,8.22265625,-19.50390625,-0.6640625,0
20997419.0,12032.0,1.0,0.6387939453,0.1532592773,0.6145019531,0.4368896484
21002387.0,4968.0,0.0,10.37109375,-18.07421875,4.55859375,0
21005419.0,3032.0,1.0,0.6608276367,0.1426391602,0.5978393555,0.4307250977
21008387.0,2968.0,0.0,10.4296875,-14.12109375,4.81640625,0
21012419.0,4032.0,1.0,0.682434082,0.1330566406,0.5828857422,0.4205322266
21015387.0,2968.0,0.0,10.5859375,-13.80859375,4.42578125,0
21022419.0,7032.0,1.0,0.7007446289,0.1242675781,0.5706176758,0.4097900391
21025387.0,2968.0,0.0,9.99609375,-7.96484375,2.52734375,0
21032419.0,7032.0,1.0,0.7183837891,0.1139526367,0.5587158203,0.3984985352
21035387.0,2968.0,0.0,10.20703125,-8.296875,1.83203125,0
21042419.0,7032.0,1.0,0.7341918945,0.1031494141,0.5479736328,0.3873901367
21045387.0,2968.0,0.0,10.875,-9.15625,0.69921875,0
21054419.0,9032.0,1.0,0.748046875,0.0936279297,0.5390014648,0.3756103516
21057387.0,2968.0,0.0,11.32421875,-9.6953125,0.50390625,0
21064419.0,7032.0,1.0,0.7606811523,0.0858154297,0.5315551758,0.362487793
21067387.0,2968.0,0.0,11.234375,-8.5625,0.171875,0
21071419.0,4032.0,1.0,0.7721557617,0.0793457031,0.525390625,0.3485107422
21074387.0,2968.0,0.0,9.82421875,-4.390625,-0.55859375,0
21082419.0,8032.0,1.0,0.7825317383,0.073059082,0.5198364258,0.3348388672
21085387.0,2968.0,0.0,9.44140625,-3.12890625,-1.11328125,0
21092419.0,7032.0,1.0,0.7919921875,0.0657958984,0.5145874023,0.3219604492
21095387.0,2968.0,0.0,9.3203125,-3.66796875,-0.51171875,0
21102419.0,7032.0,1.0,0.7997436523,0.0587768555,0.5102539063,0.3107910156
21105387.0,2968.0,0.0,8.15234375,-7.41796875,0.8359375,0
21112419.0,7032.0,1.0,0.8069458008,0.0523071289,0.5067749023,0.298828125
21115387.0,2968.0,0.0,7.71484375,-7.7890625,1.4765625,0
21122419.0,7032.0,1.0,0.8128662109,0.0479125977,0.5046386719,0.2869873047
21125387.0,2968.0,0.0,7.2265625,-6.98046875,1.69140625,0
21134419.0,9032.0,1.0,0.8176269531,0.0451660156,0.5036010742,0.275390625
21137387.0,2968.0,0.0,6.70703125,-5.28125,1.4375,0
21144419.0,7032.0,1.0,0.8215332031,0.04296875,0.5034179688,0.2640991211
21147387.0,2968.0,0.0,5.90234375,-2.26953125,0.80078125,0
21151419.0,4032.0,1.0,0.8247680664,0.0406494141,0.5038452148,0.2534179688
21154387.0,2968.0,0.0,5.52734375,-0.89453125,0.38671875,0
21162419.0,8032.0,1.0,0.8272705078,0.037902832,0.5048217773,0.2435302734
21165387.0,2968.0,0.0,5.16015625,-0.6484375,0.09765625,0
21172419.0,7032.0,1.0,0.8290405273,0.0348510742,0.5062866211,0.2348022461
21175387.0,2968.0,0.0,4.82421875,-1.3203125,0.15234375,0
21182419.0,7032.0,1.0,0.830078125,0.0323486328,0.5084228516,0.2268066406
21185387.0,2968.0,0.0,3.9921875,-3.39453125,-0.26953125,0
21192419.0,7032.0,1.0,0.8303833008,0.0314941406,0.5115966797,0.2186279297
21195387.0,2968.0,0.0,3.77734375,-3.078125,-0.75,0
21202419.0,7032.0,1.0,0.8298950195,0.0322265625,0.5157470703,0.2103271484
21205387.0,2968.0,0.0,3.7109375,-1.91015625,-1.46875,0
21212419.0,7032.0,1.0,0.8287353516,0.0334472656,0.5205688477,0.2025146484
21215387.0,2968.0,0.0,3.65625,-0.8671875,-2.6015625,0
21222419.0,7032.0,1.0,0.8270263672,0.0346069336,0.5259399414,0.1954345703
21225387.0,2968.0,0.0,2.1015625,1.8046875,-5.328125,0
21235419.0,10032.0,1.0,0.825012207,0.0350341797,0.5311889648,0.1896362305
21238387.0,2968.0,0.0,1.62109375,3.67578125,-6.98046875,0
21245419.0,7032.0,1.0,0.8224487305,0.0339355469,0.5369262695,0.1846923828
21248387.0,2968.0,0.0,0.7265625,4.41796875,-7.75,0
21252419.0,4032.0,1.0,0.8199462891,0.0309448242,0.5419921875,0.1817016602
21255387.0,2968.0,0.0,-0.484375,2.99609375,-7.3828125,0
21262419.0,7032.0,1.0,0.817199707,0.0262451172,0.5469360352,0.1800537109
21265387.0,2968.0,0.0,-1.2734375,1.6484375,-6.66796875,0
21272419.0,7032.0,1.0,0.8142089844,0.0205688477,0.5518798828,0.1793212891
21275387.0,2968.0,0.0,-2.21484375,1.11328125,-4.23828125,0
21282419.0,7032.0,1.0,0.8109130859,0.0147094727,0.5569458008,0.1789550781
21285387.0,2968.0,0.0,-2.734375,-0.6015625,-3.25390625,0
21292419.0,7032.0,1.0,0.8076171875,0.0098876953,0.5618896484,0.1785888672
21295387.0,2968.0,0.0,-2.6015625,-2.4140625,-1.65234375,0
21302419.0,7032.0,1.0,0.8037719727,0.0061645508,0.5677490234,0.1775512695
21305387.0,2968.0,0.0,-1.51953125,-2.3203125,-1.71875,0
21312419.0,7032.0,1.0,0.7998046875,0.0043945312,0.5739135742,0.1758422852
21315387.0,2968.0,0.0,0.02734375,-1.79296875,-1.8046875,0
21322419.0,7032.0,1.0,0.795715332,0.0041503906,0.5802612305,0.1734619141
21325387.0,2968.0,0.0,0.99609375,-0.51953125,-1.671875,0
21331419.0,6032.0,1.0,0.7915649414,0.0049438477,0.586730957,0.170715332
21334387.0,2968.0,0.0,0.16015625,1.2421875,-2.828125,0
21342419.0,8032.0,1.0,0.7869262695,0.0061645508,0.5938110352,0.1676635742
21345387.0,2968.0,0.0,-1.33203125,1.65625,-2.77734375,0
21352419.0,7032.0,1.0,0.7821655273,0.0073242187,0.600769043,0.1650390625
21355387.0,2968.0,0.0,-2.55859375,2.10546875,-3.08203125,0
21362419.0,7032.0,1.0,0.7771606445,0.0084228516,0.6077880859,0.162902832
21365387.0,2968.0,0.0,-3.66796875,2.08984375,-2.87890625,0
21377419.0,12032.0,1.0,0.772277832,0.0099487305,0.6143798828,0.1611328125
21381387.0,3968.0,0.0,-4.48046875,-1.609375,-1.23046875,0
21384419.0,3032.0,1.0,0.7669067383,0.0124511719,0.6215820313,0.1591796875
21387387.0,2968.0,0.0,-4.44921875,-1.640625,-1.05859375,0
21392419.0,5032.0,1.0,0.7609863281,0.0155029297,0.6292724609,0.1572265625
21395387.0,2968.0,0.0,-4.30859375,-1.14453125,-2.70703125,0
21402419.0,7032.0,1.0,0.7554321289,0.0183105469,0.6362304688,0.1555786133
21405387.0,2968.0,0.0,-5.46484375,0.3125,-5.609375,0
21412419.0,7032.0,1.0,0.7498168945,0.0208129883,0.6430664063,0.154296875
21415387.0,2968.0,0.0,-5.640625,2.07421875,-6.43359375,0
21422419.0,7032.0,1.0,0.7445068359,0.0224609375,0.6493530273,0.1535644531
21426387.0,3968.0,0.0,-4.4765625,1.2734375,-7.12109375,0
21432419.0,6032.0,1.0,0.7392578125,0.0236816406,0.6553344727,0.153137207
21435387.0,2968.0,0.0,-2.65234375,-0.48046875,-6.55078125,0
21442419.0,7032.0,1.0,0.7339477539,0.0249023437,0.6613769531,0.1525878906
21445387.0,2968.0,0.0,-3.7578125,1.2578125,-5.4296875,0
21452419.0,7032.0,1.0,0.7287597656,0.0259399414,0.667175293,0.1520996094
21455387.0,2968.0,0.0,-5.234375,2.125,-6.16015625,0
21462419.0,7032.0,1.0,0.723815918,0.0266723633,0.6726074219,0.1517944336
21465387.0,2968.0,0.0,-5.00390625,-0.265625,-7.515625,0
21472419.0,7032.0,1.0,0.7191772461,0.028137207,0.6776733398,0.1510009766
21475387.0,2968.0,0.0,-4.9609375,-0.6328125,-7.0,0
21482419.0,7032.0,1.0,0.7149047852,0.0305786133,0.6823730469,0.1494140625
21485387.0,2968.0,0.0,-2.421875,-0.62890625,-6.328125,0
21497419.0,12032.0,1.0,0.7104492188,0.0336914062,0.6873168945,0.1473388672
21501387.0,3968.0,0.0,-3.16015625,2.0,-2.94140625,0
21504419.0,3032.0,1.0,0.7059936523,0.0365600586,0.6921386719,0.1454467773
21507387.0,2968.0,0.0,-3.50390625,0.75,-2.9140625,0
21512419.0,5032.0,1.0,0.7012939453,0.0391235352,0.6971435547,0.143737793
21515387.0,2968.0,0.0,-3.50390625,0.71875,-2.7734375,0
21522419.0,7032.0,1.0,0.6971435547,0.041015625,0.7013549805,0.1426391602
21525387.0,2968.0,0.0,-4.8828125,2.51171875,-5.109375,0
21532419.0,7032.0,1.0,0.6929931641,0.04296875,0.7056274414,0.1417236328
21535387.0,2968.0,0.0,-3.3203125,-0.69140625,-6.0546875,0
21542419.0,7032.0,1.0,0.6892089844,0.0453491211,0.7094116211,0.1405029297
21545387.0,2968.0,0.0,-2.67578125,-0.0234375,-6.3203125,0
21552419.0,7032.0,1.0,0.6854858398,0.0484619141,0.7130737305,0.138671875
21555387.0,2968.0,0.0,-2.37890625,-0.8828125,-4.6015625,0
21562419.0,7032.0,1.0,0.6817016602,0.0520019531,0.7169189453,0.1363525391
21565387.0,2968.0,0.0,-0.546875,-0.71484375,-2.49609375,0
21572419.0,7032.0,1.0,0.677734375,0.0553588867,0.7208862305,0.1340332031
21575387.0,2968.0,0.0,-2.69921875,1.140625,-1.49609375,0
21582419.0,7032.0,1.0,0.6737060547,0.0581665039,0.7247314453,0.1320800781
21585387.0,2968.0,0.0,-3.92578125,1.09375,-1.5234375,0
21592419.0,7032.0,1.0,0.669921875,0.0601806641,0.7283935547,0.1304931641
21595387.0,2968.0,0.0,-3.86328125,0.625,-1.4921875,0
21602419.0,7032.0,1.0,0.6664428711,0.0614624023,0.7316894531,0.1293945313
21605387.0,2968.0,0.0,-1.8046875,0.73046875,-3.19140625,0
21612419.0,7032.0,1.0,0.6631469727,0.0624389648,0.7347412109,0.1284179688
21615387.0,2968.0,0.0,-0.35546875,-0.07421875,-3.2890625,0
21622419.0,7032.0,1.0,0.6599121094,0.0632324219,0.7377929688,0.1273193359
21625387.0,2968.0,0.0,0.40234375,1.0,-2.99609375,0
21632419.0,7032.0,1.0,0.6566772461,0.0637817383,0.7407836914,0.1262207031
21635387.0,2968.0,0.0,-0.1796875,2.04296875,-1.5703125,0
21642419.0,7032.0,1.0,0.6533813477,0.0640258789,0.7438354492,0.1251220703
21645387.0,2968.0,0.0,-1.22265625,2.9375,-1.7421875,0
21652419.0,7032.0,1.0,0.6500854492,0.0639038086,0.746887207,0.1242675781
21655387.0,2968.0,0.0,-1.3359375,2.87109375,-1.6875,0
21662419.0,7032.0,1.0,0.6469726563,0.0634155273,0.7496948242,0.1237182617
21665387.0,2968.0,0.0,-1.57421875,2.11328125,-1.953125,0
21677419.0,12032.0,1.0,0.6440429688,0.0628662109,0.7523193359,0.1233520508
21682387.0,4968.0,0.0,0.06640625,0.89453125,-1.21875,0
21685419.0,3032.0,1.0,0.6411132813,0.0623168945,0.7549438477,0.1231079102
21688387.0,2968.0,0.0,0.05859375,0.90234375,-1.140625,0
21692419.0,4032.0,1.0,0.6379394531,0.0618896484,0.7576904297,0.1228027344
21695387.0,2968.0,0.0,0.234375,0.71875,-0.25,0
21702419.0,7032.0,1.0,0.634765625,0.0617675781,0.7604370117,0.1225585938
21705387.0,2968.0,0.0,0.29296875,0.984375,0.98828125,0
21712419.0,7032.0,1.0,0.6315917969,0.0618286133,0.7630615234,0.1224365234
21715387.0,2968.0,0.0,-0.44140625,0.52734375,1.30078125,0
21722419.0,7032.0,1.0,0.6280517578,0.0621948242,0.7659912109,0.122253418
21725387.0,2968.0,0.0,-0.3828125,0.671875,0.66015625,0
21732419.0,7032.0,1.0,0.6244506836,0.0629272461,0.7689208984,0.1219482422
21735387.0,2968.0,0.0,-0.7890625,0.47265625,0.71484375,0
21743419.0,8032.0,1.0,0.6209106445,0.0640869141,0.7717285156,0.1216430664
21746387.0,2968.0,0.0,-0.6875,-0.078125,-0.26171875,0
21752419.0,6032.0,1.0,0.6171875,0.0655517578,0.7746582031,0.1213378906
21755387.0,2968.0,0.0,-0.75,-0.6328125,0.21484375,0
21762419.0,7032.0,1.0,0.6135253906,0.0670776367,0.7774047852,0.1211547852
21765387.0,2968.0,0.0,-0.62109375,-1.25390625,0.53125,0
21772419.0,7032.0,1.0,0.6097412109,0.0686645508,0.7802734375,0.12109375
21775387.0,2968.0,0.0,-0.3359375,0.06640625,0.73828125,0
21782419.0,7032.0,1.0,0.6059570313,0.0700073242,0.7830810547,0.1212768555
21785387.0,2968.0,0.0,-0.21484375,0.5859375,1.0625,0
21792419.0,7032.0,1.0,0.6021118164,0.0708618164,0.7858886719,0.1217041016
21795387.0,2968.0,0.0,0.98046875,-0.46484375,1.30078125,0
21802419.0,7032.0,1.0,0.5983276367,0.0712280273,0.7886352539,0.1224975586
21805387.0,2968.0,0.0,1.1796875,-0.2578125,1.1171875,0
21812419.0,7032.0,1.0,0.594543457,0.0709228516,0.7912597656,0.1237792969
21815387.0,2968.0,0.0,1.19140625,-0.00390625,0.78515625,0
21822419.0,7032.0,1.0,0.5908813477,0.0698852539,0.7938232422,0.1256103516
21825387.0,2968.0,0.0,0.82421875,0.5078125,0.47265625,0
21832419.0,7032.0,1.0,0.5872192383,0.0682373047,0.7963256836,0.1279907227
21835387.0,2968.0,0.0,1.4453125,0.578125,0.55078125,0
21842419.0,7032.0,1.0,0.5835571289,0.0659790039,0.7987060547,0.1307983398
21845387.0,2968.0,0.0,1.375,0.62890625,1.38671875,0
21852419.0,7032.0,1.0,0.5798950195,0.0634765625,0.8011474609,0.1337890625
21855387.0,2968.0,0.0,1.84375,0.19140625,1.1484375,0
21862419.0,7032.0,1.0,0.5762939453,0.0609741211,0.8034057617,0.1365966797
21865387.0,2968.0,0.0,0.2109375,-0.09765625,0.953125,0
21872419.0,7032.0,1.0,0.5724487305,0.0583496094,0.805847168,0.1395874023
21875387.0,2968.0,0.0,-0.6171875,-1.078125,0.4453125,0
21882419.0,7032.0,1.0,0.5686645508,0.055847168,0.8081665039,0.1425170898
21886387.0,3968.0,0.0,-0.734375,-1.8984375,-0.28515625,0
21892419.0,6032.0,1.0,0.5651855469,0.0535888672,0.8103027344,0.1452636719
21895387.0,2968.0,0.0,-1.63671875,-2.19140625,-0.00390625,0
21905419.0,10032.0,1.0,0.5615234375,0.0513305664,0.8124389648,0.1482543945
21908387.0,2968.0,0.0,-1.5546875,-1.02734375,1.1328125,0
21912419.0,4032.0,1.0,0.5576782227,0.0489501953,0.8146362305,0.1514892578
21915387.0,2968.0,0.0,-1.32421875,0.12890625,2.23828125,0
21922419.0,7032.0,1.0,0.5535888672,0.0465087891,0.8168945313,0.155090332
21925387.0,2968.0,0.0,-0.4453125,0.82421875,2.30078125,0
21932419.0,7032.0,1.0,0.5494384766,0.044128418,0.8190917969,0.1589355469
21935387.0,2968.0,0.0,-0.515625,1.125,3.01953125,0
21942419.0,7032.0,1.0,0.5452270508,0.0419921875,0.8212280273,0.1629638672
21945387.0,2968.0,0.0,-1.58984375,0.515625,1.0546875,0
21952419.0,7032.0,1.0,0.5409545898,0.040222168,0.8233032227,0.1670532227
21955387.0,2968.0,0.0,-2.9765625,0.38671875,0.50390625,0
21962419.0,7032.0,1.0,0.5366210938,0.0389404297,0.825378418,0.171081543
21965387.0,2968.0,0.0,-4.05859375,-0.05078125,-0.46875,0
21972419.0,7032.0,1.0,0.5321044922,0.0383911133,0.8274536133,0.1751098633
21975387.0,2968.0,0.0,-5.56640625,-0.53515625,-1.05859375,0
21982419.0,7032.0,1.0,0.5276489258,0.0385742188,0.8295288086,0.1787109375
21985387.0,2968.0,0.0,-7.03125,1.2421875,-0.3359375,0
21992419.0,7032.0,1.0,0.5230712891,0.0396118164,0.8316650391,0.1820678711
21995387.0,2968.0,0.0,-6.43359375,1.8203125,0.84375,0
22003419.0,8032.0,1.0,0.518371582,0.0416259766,0.8339233398,0.1848754883
22006387.0,2968.0,0.0,-5.73046875,1.26171875,2.37109375,0
22012419.0,6032.0,1.0,0.5133056641,0.0447998047,0.8363647461,0.1870117188
22015387.0,2968.0,0.0,-5.14453125,0.00390625,2.265625,0
22022419.0,7032.0,1.0,0.5078735352,0.0493774414,0.8391113281,0.1884155273
22025387.0,2968.0,0.0,-6.140625,0.27734375,1.09375,0
22032419.0,7032.0,1.0,0.5022583008,0.0556030273,0.8419799805,0.1889038086
22035387.0,2968.0,0.0,-7.4140625,0.27734375,0.19921875,0
22043419.0,8032.0,1.0,0.4964599609,0.0635986328,0.8449707031,0.1882324219
22046387.0,2968.0,0.0,-8.87890625,0.13671875,0.1640625,0
22058419.0,12032.0,1.0,0.4906616211,0.073425293,0.8480224609,0.1862792969
22063419.0,5000.0,1.0,0.4846191406,0.0856933594,0.8511352539,0.182800293
22065387.0,1968.0,0.0,-14.734375,1.62109375,2.64453125,0
22072419.0,7032.0,1.0,0.4782714844,0.1002197266,0.8541259766,0.1781005859
22075387.0,2968.0,0.0,-16.8359375,4.6015625,2.37109375,0
22083419.0,8032.0,1.0,0.4722900391,0.1157226563,0.8565063477,0.173034668
22086387.0,2968.0,0.0,-18.70703125,7.15234375,1.66015625,0
22092419.0,6032.0,1.0,0.4669799805,0.131652832,0.8579711914,0.1686401367
22095387.0,2968.0,0.0,-19.38671875,11.03515625,-2.7265625,0
22102419.0,7032.0,1.0,0.4618530273,0.149597168,0.8583984375,0.1658325195
22105387.0,2968.0,0.0,-18.8125,12.2734375,-3.53515625,0
22112419.0,7032.0,1.0,0.4579467773,0.1668701172,0.8570556641,0.1669921875
22115387.0,2968.0,0.0,-15.90234375,14.33984375,-4.0859375,0
22123419.0,8032.0,1.0,0.4555664063,0.1826782227,0.8538208008,0.1733398438
22126387.0,2968.0,0.0,-11.26953125,14.34375,-1.55859375,0
22138419.0,12032.0,1.0,0.4546508789,0.1959228516,0.8489379883,0.1848144531
22143419.0,5000.0,1.0,0.4547119141,0.2080688477,0.8421630859,0.2017822266
22145387.0,1968.0,0.0,-1.70703125,10.11328125,8.59765625,0
22152419.0,7032.0,1.0,0.4545288086,0.2202758789,0.8345336914,0.2200927734
22155387.0,2968.0,0.0,-0.5859375,3.375,7.921875,0
22163419.0,8032.0,1.0,0.4536132813,0.2346191406,0.8273925781,0.233581543
22166387.0,2968.0,0.0,-1.18359375,-14.03125,1.14453125,0
22172419.0,6032.0,1.0,0.4571533203,0.2458496094,0.8165893555,0.2525024414
22175387.0,2968.0,0.0,5.35546875,40.9765625,-17.55078125,0
22182419.0,7032.0,1.0,0.4704589844,0.2443237305,0.7973632813,0.288269043
22185387.0,2968.0,0.0,12.70703125,27.46875,-25.5859375,0
22194419.0,9032.0,1.0,0.4909667969,0.2317504883,0.7714233398,0.3319091797
22197387.0,2968.0,0.0,15.578125,7.53125,-23.42578125,0
22204419.0,7032.0,1.0,0.5154418945,0.2164306641,0.7420043945,0.3700561523
22207387.0,2968.0,0.0,7.16796875,-13.5078125,-16.14453125,0
22212419.0,5032.0,1.0,0.5390625,0.2055664063,0.7163696289,0.3923339844
22215387.0,2968.0,0.0,3.7890625,-24.43359375,-3.97265625,0
22222419.0,7032.0,1.0,0.5637817383,0.1952514648,0.6917724609,0.4068603516
22225387.0,2968.0,0.0,8.14453125,-13.53125,-2.96875,0
22234419.0,9032.0,1.0,0.5885620117,0.1820678711,0.6674804688,0.4182128906
22237387.0,2968.0,0.0,9.72265625,-13.9375,-0.90625,0
22245419.0,8032.0,1.0,0.6137084961,0.1657714844,0.6430664063,0.4270019531
22248387.0,2968.0,0.0,10.140625,-22.59765625,2.796875,0
22252419.0,4032.0,1.0,0.6381835938,0.1491088867,0.6203613281,0.430847168
22255387.0,2968.0,0.0,10.375,-23.60546875,3.93359375,0
22262419.0,7032.0,1.0,0.661315918,0.1341552734,0.6005249023,0.4290161133
22265387.0,2968.0,0.0,10.26171875,-20.15234375,6.48046875,0
22272419.0,7032.0,1.0,0.6818237305,0.1215820313,0.5844116211,0.4228515625
22275387.0,2968.0,0.0,9.18359375,-16.734375,6.91796875,0
22282419.0,7032.0,1.0,0.6995239258,0.1111450195,0.5717163086,0.4140625
22285387.0,2968.0,0.0,4.8359375,-11.8359375,5.28515625,0
22297419.0,12032.0,1.0,0.7157592773,0.1020507813,0.5610961914,0.4030151367
22301387.0,3968.0,0.0,5.54296875,-8.76953125,3.28125,0
22304419.0,3032.0,1.0,0.7305297852,0.0938720703,0.5521850586,0.390625
22307387.0,2968.0,0.0,6.5859375,-6.48828125,2.171875,0
22313419.0,6032.0,1.0,0.7445068359,0.0856933594,0.5440673828,0.3773193359
22316387.0,2968.0,0.0,6.7109375,-6.18359375,1.9609375,0
22322419.0,6032.0,1.0,0.755859375,0.0781860352,0.5375976563,0.3654174805
22325387.0,2968.0,0.0,8.5234375,-4.77734375,-0.0390625,0
22332419.0,7032.0,1.0,0.7664794922,0.0706787109,0.5317382813,0.3532104492
22335387.0,2968.0,0.0,9.6484375,-5.1171875,-0.41796875,0
22342419.0,7032.0,1.0,0.7755737305,0.0640869141,0.5270996094,0.3413085938
22345387.0,2968.0,0.0,10.34765625,-4.953125,-0.4609375,0
22353419.0,8032.0,1.0,0.7834472656,0.0584716797,0.5235595703,0.3297729492
22356387.0,2968.0,0.0,10.6484375,-4.41796875,-0.0078125,0
22364419.0,8032.0,1.0,0.7904052734,0.0533447266,0.520690918,0.3182983398
22367387.0,2968.0,0.0,10.75,-5.3203125,0.10546875,0
22372419.0,5032.0,1.0,0.7968139648,0.0486450195,0.5184936523,0.3063964844
22375387.0,2968.0,0.0,10.5078125,-5.5,0.28125,0
22383419.0,8032.0,1.0,0.801940918,0.0450439453,0.5172729492,0.2954101563
22386387.0,2968.0,0.0,9.80078125,-5.48046875,0.171875,0
22393419.0,7032.0,1.0,0.8062744141,0.0420532227,0.516784668,0.2846679688
22396387.0,2968.0,0.0,8.05078125,-4.2890625,0.8828125,0
22402419.0,6032.0,1.0,0.809753418,0.0393676758,0.5170898438,0.2745361328
22405387.0,2968.0,0.0,7.3359375,-4.953125,1.22265625,0
22412419.0,7032.0,1.0,0.8123779297,0.0377197266,0.5183105469,0.2645263672
22415387.0,2968.0,0.0,6.6953125,-6.125,0.9375,0
22423419.0,8032.0,1.0,0.8140869141,0.0377197266,0.5207519531,0.2543334961
22426387.0,2968.0,0.0,6.25,-5.76953125,0.02734375,0
22437419.0,11032.0,1.0,0.8148803711,0.0379638672,0.5239257813,0.2448730469
22442387.0,4968.0,0.0,5.1171875,-1.546875,-2.62890625,0
22445419.0,3032.0,1.0,0.8149414063,0.0368652344,0.5277099609,0.2367553711
22448387.0,2968.0,0.0,5.1796875,-1.46875,-2.55078125,0
22452419.0,4032.0,1.0,0.8142700195,0.0342407227,0.5318603516,0.2300415039
22455387.0,2968.0,0.0,4.515625,-0.640625,-3.39453125,0
22463419.0,8032.0,1.0,0.8129882813,0.0306396484,0.5363769531,0.224609375
22466387.0,2968.0,0.0,3.890625,0.03125,-4.45703125,0
22472419.0,6032.0,1.0,0.811340332,0.0269165039,0.5408935547,0.2200927734
22475387.0,2968.0,0.0,1.8046875,2.0,-6.8984375,0
22482419.0,7032.0,1.0,0.809387207,0.0235595703,0.545715332,0.2157592773
22485387.0,2968.0,0.0,0.09765625,3.95703125,-7.1796875,0
22492419.0,7032.0,1.0,0.8071899414,0.0203857422,0.5505981445,0.2118530273
22495387.0,2968.0,0.0,-1.71484375,4.68359375,-6.55078125,0
22503419.0,8032.0,1.0,0.8048095703,0.0170288086,0.5554199219,0.2087402344
22506387.0,2968.0,0.0,-3.125,4.90234375,-5.9140625,0
22512419.0,6032.0,1.0,0.8020629883,0.0133666992,0.5602416992,0.2063598633
22515387.0,2968.0,0.0,-4.9453125,1.6015625,-2.32421875,0
22523419.0,8032.0,1.0,0.7990112305,0.0094604492,0.5653076172,0.2048339844
22526387.0,2968.0,0.0,-5.0078125,0.3515625,-1.7109375,0
22533419.0,7032.0,1.0,0.7955322266,0.0057373047,0.5706176758,0.2038574219
22536387.0,2968.0,0.0,-4.8359375,-0.51171875,-1.953125,0
22543419.0,7032.0,1.0,0.7915649414,0.0028076172,0.5762939453,0.203125
22546387.0,2968.0,0.0,-3.99609375,-1.171875,-2.2421875,0
22553419.0,7032.0,1.0,0.7873535156,0.0012817383,0.5823974609,0.2021484375
22556387.0,2968.0,0.0,-0.19140625,-3.34765625,-2.30078125,0
22563419.0,7032.0,1.0,0.7827758789,0.0014038086,0.5891113281,0.2005004883
22567387.0,3968.0,0.0,1.234375,-1.74609375,-1.2265625,0
22574419.0,7032.0,1.0,0.7779541016,0.0029296875,0.5961914063,0.1983032227
22577387.0,2968.0,0.0,1.73046875,-2.6875,-3.58984375,0
22584419.0,7032.0,1.0,0.7728271484,0.0052490234,0.6036376953,0.1956787109
22587387.0,2968.0,0.0,0.96484375,0.99609375,-4.375,0
22594419.0,7032.0,1.0,0.767578125,0.0075683594,0.6110839844,0.1932373047
22597387.0,2968.0,0.0,-3.90625,3.9921875,-6.15625,0
22602419.0,5032.0,1.0,0.7623291016,0.0097045898,0.6182250977,0.1912231445
22605387.0,2968.0,0.0,-4.52734375,2.88671875,-5.2578125,0
22613419.0,8032.0,1.0,0.757019043,0.0118408203,0.6251831055,0.1895751953
22616387.0,2968.0,0.0,-4.84765625,2.3984375,-3.71484375,0
22622419.0,6032.0,1.0,0.751953125,0.0144042969,0.631652832,0.1881103516
22625387.0,2968.0,0.0,-4.71484375,-1.12890625,-3.09765625,0
22633419.0,8032.0,1.0,0.7462768555,0.0185546875,0.6387939453,0.1861572266
22636387.0,2968.0,0.0,-4.47265625,-1.87890625,-2.87890625,0
22643419.0,7032.0,1.0,0.7405395508,0.0239257812,0.6459960938,0.1836547852
22646387.0,2968.0,0.0,-4.15625,-2.40234375,-3.18359375,0
22653419.0,7032.0,1.0,0.7346801758,0.0295410156,0.653137207,0.1809082031
22656387.0,2968.0,0.0,-4.140625,-1.9765625,-3.1171875,0
22662419.0,6032.0,1.0,0.7291259766,0.0342407227,0.6597900391,0.1785888672
22665387.0,2968.0,0.0,-5.4453125,0.890625,-4.8984375,0
22673419.0,8032.0,1.0,0.7232666016,0.0380249023,0.6665039063,0.1767578125
22676387.0,2968.0,0.0,-7.16015625,1.875,-5.83203125,0
22683419.0,7032.0,1.0,0.717956543,0.0405883789,0.6724243164,0.1754150391
22686387.0,2968.0,0.0,-8.1953125,2.71875,-6.6328125,0
22695419.0,9032.0,1.0,0.7131958008,0.0424194336,0.6775512695,0.1743774414
22698387.0,2968.0,0.0,-7.7265625,3.046875,-7.6796875,0
22705419.0,7032.0,1.0,0.7087402344,0.0441894531,0.682434082,0.1732177734
22708387.0,2968.0,0.0,-3.62109375,0.99609375,-8.49609375,0
22712419.0,4032.0,1.0,0.704284668,0.0462036133,0.6873168945,0.1715698242
22715387.0,2968.0,0.0,-0.5234375,-1.59765625,-8.171875,0
22723419.0,8032.0,1.0,0.6997070313,0.0483398437,0.6923217773,0.1696166992
22726387.0,2968.0,0.0,-0.5234375,0.578125,-6.23046875,0
22733419.0,7032.0,1.0,0.6951904297,0.0502929687,0.6972045898,0.1676025391
22736387.0,2968.0,0.0,-2.9375,2.37109375,-5.1328125,0
22743419.0,7032.0,1.0,0.6911010742,0.0518188477,0.7015380859,0.1658935547
22746387.0,2968.0,0.0,-5.54296875,2.39453125,-2.90234375,0
22753419.0,7032.0,1.0,0.6873168945,0.0531616211,0.7055053711,0.1643066406
22756387.0,2968.0,0.0,-5.96484375,1.32421875,-2.015625,0
22763419.0,7032.0,1.0,0.6835327148,0.0547485352,0.7094116211,0.1627197266
22766387.0,2968.0,0.0,-5.390625,-0.0546875,-1.6015625,0
22773419.0,7032.0,1.0,0.6798095703,0.056640625,0.7131958008,0.1611938477
22776387.0,2968.0,0.0,-3.89453125,1.57421875,-3.70703125,0
22783419.0,7032.0,1.0,0.6760864258,0.0589599609,0.7169189453,0.1595458984
22786387.0,2968.0,0.0,-2.2578125,-1.15234375,-4.859375,0
22793419.0,7032.0,1.0,0.6723022461,0.0618286133,0.720703125,0.1575317383
22796387.0,2968.0,0.0,-1.16015625,-0.2578125,-3.39453125,0
22803419.0,7032.0,1.0,0.6683959961,0.0650634766,0.7244873047,0.1553344727
22806387.0,2968.0,0.0,-1.16796875,0.9140625,-2.20703125,0
22812419.0,6032.0,1.0,0.6644897461,0.0682983398,0.7282104492,0.1531982422
22815387.0,2968.0,0.0,-1.8359375,0.59375,-2.28125,0
22823419.0,8032.0,1.0,0.6604614258,0.0717163086,0.7319946289,0.1509399414
22826387.0,2968.0,0.0,-2.80078125,0.69140625,-2.35546875,0
22833419.0,7032.0,1.0,0.6567382813,0.0747680664,0.7354736328,0.1489257813
22836387.0,2968.0,0.0,-3.3515625,0.21875,-2.62890625,0
22843419.0,7032.0,1.0,0.6531982422,0.0776367188,0.7387695313,0.1469116211
22846387.0,2968.0,0.0,-3.140625,-0.59375,-2.90234375,0
22858419.0,12032.0,1.0,0.6499633789,0.0800170898,0.7416381836,0.1452636719
22862387.0,3968.0,0.0,0.21484375,0.125,-1.3046875,0
22865419.0,3032.0,1.0,0.6466064453,0.0820922852,0.7446899414,0.1436767578
22868387.0,2968.0,0.0,0.20703125,0.125,-1.203125,0
22872419.0,4032.0,1.0,0.6432495117,0.0835571289,0.7476196289,0.1424560547
22875387.0,2968.0,0.0,0.66015625,0.80859375,-0.3828125,0
22883419.0,8032.0,1.0,0.639831543,0.0845336914,0.7506713867,0.141418457
22886387.0,2968.0,0.0,0.9140625,1.57421875,0.09375,0
22893419.0,7032.0,1.0,0.6365356445,0.0850830078,0.7535400391,0.140625
22896387.0,2968.0,0.0,1.6640625,1.42578125,0.140625,0
22903419.0,7032.0,1.0,0.6334228516,0.0852050781,0.7562255859,0.1399536133
22906387.0,2968.0,0.0,1.85546875,1.8203125,-0.15625,0
22913419.0,7032.0,1.0,0.6303710938,0.085144043,0.7589111328,0.1392211914
22916387.0,2968.0,0.0,2.109375,1.48046875,-1.10546875,0
22923419.0,7032.0,1.0,0.6273803711,0.0848388672,0.7615966797,0.1385498047
22926387.0,2968.0,0.0,2.12890625,1.4140625,-1.4453125,0
22933419.0,7032.0,1.0,0.6243896484,0.0841674805,0.7642211914,0.1379394531
22936387.0,2968.0,0.0,1.1640625,1.046875,-0.40234375,0
22943419.0,7032.0,1.0,0.6213989258,0.0831298828,0.7668457031,0.1375732422
22947387.0,3968.0,0.0,0.8125,1.17578125,0.1328125,0
22953419.0,6032.0,1.0,0.6184082031,0.0816040039,0.7694091797,0.137512207
22956387.0,2968.0,0.0,0.8359375,1.078125,0.98046875,0
22963419.0,7032.0,1.0,0.6153564453,0.0798339844,0.7719726563,0.1378173828
22966387.0,2968.0,0.0,0.671875,-0.171875,1.66015625,0
22973419.0,7032.0,1.0,0.6122436523,0.0778808594,0.774597168,0.1382446289
22976387.0,2968.0,0.0,0.8125,-0.5859375,1.35546875,0
22983419.0,7032.0,1.0,0.6090698242,0.0760498047,0.7772216797,0.1387329102
22986387.0,2968.0,0.0,0.83203125,-0.9140625,1.390625,0
22993419.0,7032.0,1.0,0.6058349609,0.0744018555,0.7797851563,0.1391601563
22996387.0,2968.0,0.0,1.40234375,-1.12890625,0.70703125,0
23003419.0,7032.0,1.0,0.6026611328,0.0731201172,0.7822875977,0.1395263672
23006387.0,2968.0,0.0,2.49609375,-1.16796875,1.046875,0
23013419.0,7032.0,1.0,0.5989990234,0.0718383789,0.78515625,0.1398925781
23016387.0,2968.0,0.0,2.2421875,-0.77734375,1.515625,0
23023419.0,7032.0,1.0,0.5952758789,0.0706176758,0.7880249023,0.1403808594
23026387.0,2968.0,0.0,1.8359375,-0.43359375,1.83203125,0
23033419.0,7032.0,1.0,0.5912475586,0.0693969727,0.791015625,0.1410522461
23036387.0,2968.0,0.0,0.77734375,-0.078125,2.5703125,0
23043419.0,7032.0,1.0,0.5873413086,0.0682373047,0.7938232422,0.1420288086
23046387.0,2968.0,0.0,-1.0546875,0.5625,2.921875,0
23053419.0,7032.0,1.0,0.5830078125,0.0668945313,0.796875,0.143371582
23056387.0,2968.0,0.0,-1.27734375,0.40234375,2.359375,0
23063419.0,7032.0,1.0,0.5787963867,0.0656738281,0.7998046875,0.1449584961
23066387.0,2968.0,0.0,-1.19140625,-0.5234375,1.953125,0
23075419.0,9032.0,1.0,0.5747070313,0.0646362305,0.8025512695,0.1465454102
23078387.0,2968.0,0.0,-1.57421875,-1.23046875,1.5703125,0
23085419.0,7032.0,1.0,0.5702514648,0.0637817383,0.8054199219,0.1482543945
23088387.0,2968.0,0.0,-1.73046875,-1.7890625,-0.01953125,0
23093419.0,5032.0,1.0,0.5655517578,0.0632324219,0.8084716797,0.1500244141
23096387.0,2968.0,0.0,-1.1953125,-0.6640625,-0.4296875,0
23103419.0,7032.0,1.0,0.5611572266,0.0629882813,0.8112792969,0.1514892578
23106387.0,2968.0,0.0,-0.8125,0.42578125,0.265625,0
23113419.0,7032.0,1.0,0.5565795898,0.0628662109,0.8141479492,0.1530151367
23116387.0,2968.0,0.0,-0.97265625,0.5546875,1.12890625,0
23123419.0,7032.0,1.0,0.551940918,0.0626220703,0.8170166016,0.1547241211
23126387.0,2968.0,0.0,-2.3984375,1.2578125,0.484375,0
23133419.0,7032.0,1.0,0.5472412109,0.0621948242,0.8197631836,0.1568603516
23136387.0,2968.0,0.0,-4.0546875,1.609375,-0.2265625,0
23143419.0,7032.0,1.0,0.5427246094,0.061706543,0.8223266602,0.1594848633
23146387.0,2968.0,0.0,-5.671875,1.9921875,-0.84375,0
23153419.0,7032.0,1.0,0.538269043,0.0612792969,0.8246459961,0.1627197266
23156387.0,2968.0,0.0,-8.69921875,1.2578125,-0.26953125,0
23163419.0,7032.0,1.0,0.5338134766,0.061340332,0.8267822266,0.1663818359
23166387.0,2968.0,0.0,-10.5546875,0.4296875,1.1328125,0
23173419.0,7032.0,1.0,0.5291137695,0.0623779297,0.8289794922,0.1699829102
23176387.0,2968.0,0.0,-11.60546875,-0.25390625,2.20703125,0
23183419.0,7032.0,1.0,0.524230957,0.0648193359,0.831237793,0.1731567383
23186387.0,2968.0,0.0,-12.51953125,-0.2890625,3.4296875,0
23193419.0,7032.0,1.0,0.5190429688,0.0690307617,0.8336791992,0.1755981445
23196387.0,2968.0,0.0,-12.58203125,-0.87109375,3.015625,0
23203419.0,7032.0,1.0,0.5131225586,0.0758666992,0.8364257813,0.176940918
23206387.0,2968.0,0.0,-13.74609375,-0.8515625,3.5546875,0
23213419.0,7032.0,1.0,0.5069580078,0.0853881836,0.8393554688,0.176574707
23216387.0,2968.0,0.0,-13.8046875,-1.80078125,3.625,0
23223419.0,7032.0,1.0,0.5006103516,0.09765625,0.8423461914,0.1740112305
23226387.0,2968.0,0.0,-14.5546875,-0.30859375,4.1484375,0
23238419.0,12032.0,1.0,0.4943847656,0.1118774414,0.8450927734,0.1700439453
23242387.0,3968.0,0.0,-14.734375,10.31640625,-0.91796875,0
23245419.0,3032.0,1.0,0.4877929688,0.1287231445,0.8474121094,0.1653442383
23248387.0,2968.0,0.0,-14.84375,10.23828125,-0.76171875,0
23253419.0,5032.0,1.0,0.4813842773,0.1467285156,0.8487548828,0.1622314453
23256387.0,2968.0,0.0,-15.7421875,14.234375,-3.04296875,0
23263419.0,7032.0,1.0,0.4764404297,0.1629638672,0.8483276367,0.1637573242
23266387.0,2968.0,0.0,-16.2421875,17.7578125,-4.22265625,0
23273419.0,7032.0,1.0,0.4735717773,0.17578125,0.8454589844,0.1732177734
23276387.0,2968.0,0.0,-9.85546875,26.30859375,-6.03125,0
23283419.0,7032.0,1.0,0.4730834961,0.1834106445,0.8396606445,0.1936645508
23286387.0,2968.0,0.0,-4.41015625,22.38671875,-5.85546875,0
23293419.0,7032.0,1.0,0.4736328125,0.1876831055,0.8317871094,0.2203979492
23296387.0,2968.0,0.0,-1.359375,5.26953125,2.15234375,0
23303419.0,7032.0,1.0,0.4732055664,0.1938476563,0.8238525391,0.2443847656
23306387.0,2968.0,0.0,1.265625,-1.6171875,8.15625,0
23318419.0,12032.0,1.0,0.4709472656,0.2064208984,0.8181152344,0.2575073242
23322387.0,3968.0,0.0,-1.79296875,44.4375,3.89453125,0
23325419.0,3032.0,1.0,0.471496582,0.220703125,0.8103637695,0.2687988281
23328387.0,2968.0,0.0,-1.96484375,44.1484375,3.76953125,0
23333419.0,5032.0,1.0,0.479675293,0.2274169922,0.7951660156,0.2930908203
23336387.0,2968.0,0.0,9.83984375,30.9375,-30.73828125,0
23343419.0,7032.0,1.0,0.4951782227,0.2196655273,0.7722167969,0.3319702148
23346387.0,2968.0,0.0,16.1875,17.5234375,-23.60546875,0
23353419.0,7032.0,1.0,0.5175170898,0.2015991211,0.7411499023,0.3771362305
23356387.0,2968.0,0.0,10.75390625,-16.5546875,-18.5390625,0
23363419.0,7032.0,1.0,0.5403442383,0.186706543,0.7121582031,0.4074707031
23366387.0,2968.0,0.0,4.20703125,-32.84765625,-11.46875,0
23375419.0,9032.0,1.0,0.5623168945,0.1766357422,0.6878051758,0.4236450195
23378387.0,2968.0,0.0,4.61328125,-25.23046875,-6.265625,0
23386419.0,8032.0,1.0,0.5856933594,0.1647949219,0.6636962891,0.4350585938
23389387.0,2968.0,0.0,7.94140625,-14.09765625,-4.3046875,0
23393419.0,4032.0,1.0,0.6116333008,0.147644043,0.6370239258,0.4452514648
23396387.0,2968.0,0.0,8.04296875,-21.6328125,-1.3671875,0
23403419.0,7032.0,1.0,0.6361694336,0.1298217773,0.6127929688,0.4505004883
23406387.0,2968.0,0.0,9.4921875,-27.80859375,-0.07421875,0
23413419.0,7032.0,1.0,0.6594238281,0.1140136719,0.5919799805,0.4490966797
23416387.0,2968.0,0.0,9.9921875,-28.4609375,3.38671875,0
23423419.0,7032.0,1.0,0.6795654297,0.1019287109,0.5762329102,0.4425048828
23426387.0,2968.0,0.0,10.79296875,-20.734375,6.296875,0
23438419.0,12032.0,1.0,0.6990966797,0.0910644531,0.5625,0.4318237305
23442387.0,3968.0,0.0,8.8359375,-12.765625,4.8828125,0
23445419.0,3032.0,1.0,0.7169189453,0.0806884766,0.5509643555,0.4194946289
23448387.0,2968.0,0.0,8.8984375,-11.953125,4.1328125,0
23453419.0,5032.0,1.0,0.733215332,0.0702514648,0.5409545898,0.4060058594
23456387.0,2968.0,0.0,9.0390625,-11.6015625,3.8828125,0
23463419.0,7032.0,1.0,0.7475585938,0.0610961914,0.5329589844,0.3916015625
23466387.0,2968.0,0.0,10.58203125,-11.19140625,2.84375,0
23473419.0,7032.0,1.0,0.7600708008,0.0538330078,0.5269165039,0.3764648438
23476387.0,2968.0,0.0,10.9609375,-9.0546875,2.2734375,0
23483419.0,7032.0,1.0,0.7713012695,0.0477905273,0.522277832,0.3606567383
23486387.0,2968.0,0.0,11.08984375,-6.55078125,1.484375,0
23493419.0,7032.0,1.0,0.7810058594,0.0420532227,0.5184936523,0.3455810547
23496387.0,2968.0,0.0,11.29296875,-5.10546875,0.546875,0
23503419.0,7032.0,1.0,0.7896118164,0.0362548828,0.5153808594,0.3309936523
23506387.0,2968.0,0.0,10.98828125,-6.56640625,0.28515625,0
23518419.0,12032.0,1.0,0.7966308594,0.0314331055,0.5133666992,0.3175048828
23522387.0,3968.0,0.0,10.21484375,-6.8359375,0.078125,0
23525419.0,3032.0,1.0,0.8029785156,0.0277099609,0.5122680664,0.3033447266
23528387.0,2968.0,0.0,9.3984375,-5.66796875,-0.25390625,0
23533419.0,5032.0,1.0,0.8084106445,0.0248413086,0.5121459961,0.2891845703
23536387.0,2968.0,0.0,8.5859375,-4.33203125,-0.49609375,0
23543419.0,7032.0,1.0,0.8126831055,0.0224609375,0.5126342773,0.2761230469
23546387.0,2968.0,0.0,8.02734375,-3.5859375,-0.87109375,0
23553419.0,7032.0,1.0,0.8161010742,0.0200805664,0.5137939453,0.2638549805
23556387.0,2968.0,0.0,7.36328125,-3.046875,-1.1953125,0
23563419.0,7032.0,1.0,0.8185424805,0.0180053711,0.5156860352,0.2524414063
23566387.0,2968.0,0.0,6.64453125,-3.625,-0.7421875,0
23573419.0,7032.0,1.0,0.8199462891,0.0164794922,0.5184326172,0.2421875
23576387.0,2968.0,0.0,4.9453125,-2.78125,-1.4921875,0
23583419.0,7032.0,1.0,0.8203735352,0.0144042969,0.522277832,0.2323608398
23586387.0,2968.0,0.0,4.23828125,-0.171875,-2.44921875,0
23596419.0,10032.0,1.0,0.8199462891,0.0115356445,0.5263061523,0.2249145508
23599387.0,2968.0,0.0,2.9921875,0.04296875,-3.78515625,0
23606419.0,7032.0,1.0,0.8186645508,0.0078125,0.5311279297,0.2182617188
23609387.0,2968.0,0.0,1.64453125,0.27734375,-4.8046875,0
23613419.0,4032.0,1.0,0.8168334961,0.0042114258,0.5361938477,0.2126464844
23616387.0,2968.0,0.0,-1.81640625,3.3203125,-6.80078125,0
23623419.0,7032.0,1.0,0.8146362305,0.0003662109,0.5413818359,0.2080688477
23626387.0,2968.0,0.0,-3.9765625,4.37109375,-7.2734375,0
23633419.0,7032.0,1.0,0.8121948242,-0.0037231445,0.5463867188,0.2045288086
23636387.0,2968.0,0.0,-5.4453125,4.52734375,-6.359375,0
23644419.0,8032.0,1.0,0.8094482422,-0.0082397461,0.5512695313,0.201965332
23647387.0,2968.0,0.0,-5.62890625,3.76953125,-4.765625,0
23653419.0,6032.0,1.0,0.8063964844,-0.0129394531,0.5562133789,0.200378418
23656387.0,2968.0,0.0,-3.3203125,-0.25,-2.35546875,0
23663419.0,7032.0,1.0,0.8029785156,-0.0174560547,0.5614013672,0.1994018555
23666387.0,2968.0,0.0,-2.42578125,-1.72265625,-0.83203125,0
23673419.0,7032.0,1.0,0.7990722656,-0.0213012695,0.5670166016,0.1987304688
23676387.0,2968.0,0.0,-1.49609375,-2.171875,-0.46875,0
23684419.0,8032.0,1.0,0.794921875,-0.0239868164,0.573059082,0.1979980469
23687387.0,2968.0,0.0,-1.52734375,-3.22265625,-0.87109375,0
23693419.0,6032.0,1.0,0.7904663086,-0.0253295898,0.5795288086,0.1966552734
23696387.0,2968.0,0.0,-1.546875,-4.0859375,-1.3046875,0
23703419.0,7032.0,1.0,0.7857666016,-0.0252685547,0.5865478516,0.1947021484
23707387.0,3968.0,0.0,-3.15625,-1.48046875,-2.63671875,0
23716419.0,9032.0,1.0,0.7811889648,-0.0240478516,0.5935058594,0.1922607422
23719387.0,2968.0,0.0,-4.609375,-0.578125,-3.859375,0
23726419.0,7032.0,1.0,0.7762451172,-0.0217285156,0.6009521484,0.1892700195
23730387.0,3968.0,0.0,-4.2265625,1.3046875,-5.49609375,0
23734419.0,4032.0,1.0,0.7713623047,-0.018371582,0.608215332,0.1862792969
23737387.0,2968.0,0.0,-4.46484375,1.56640625,-3.4140625,0
23743419.0,6032.0,1.0,0.7659301758,-0.0133056641,0.6162109375,0.1828613281
23746387.0,2968.0,0.0,-3.24609375,0.16796875,-2.69140625,0
23753419.0,7032.0,1.0,0.7604370117,-0.007019043,0.6240844727,0.1793823242
23756387.0,2968.0,0.0,-1.421875,-1.86328125,-1.515625,0
23763419.0,7032.0,1.0,0.754699707,0.0,0.6321411133,0.1757202148
23766387.0,2968.0,0.0,-1.67578125,1.23828125,-2.546875,0
23773419.0,7032.0,1.0,0.7482299805,0.0075683594,0.6407470703,0.171875
23776387.0,2968.0,0.0,-3.45703125,2.79296875,-4.21875,0
23783419.0,7032.0,1.0,0.7420654297,0.0142211914,0.6486206055,0.1686401367
23786387.0,2968.0,0.0,-4.171875,2.76171875,-6.7734375,0
23793419.0,7032.0,1.0,0.7362670898,0.0192871094,0.6556396484,0.1663208008
23796387.0,2968.0,0.0,-4.78515625,4.8828125,-8.85546875,0
23803419.0,7032.0,1.0,0.7311401367,0.0220336914,0.6615600586,0.1652832031
23806387.0,2968.0,0.0,-3.05078125,2.11328125,-8.77734375,0
23818419.0,12032.0,1.0,0.7259521484,0.0231323242,0.6672363281,0.1650390625
23822387.0,3968.0,0.0,-5.19140625,3.27734375,-2.96484375,0
23825419.0,3032.0,1.0,0.7207641602,0.0228271484,0.6727905273,0.1654052734
23828387.0,2968.0,0.0,-5.94921875,0.3515625,-3.99609375,0
23833419.0,5032.0,1.0,0.7155761719,0.0219726562,0.6781616211,0.1658935547
23836387.0,2968.0,0.0,-5.93359375,0.34375,-3.86328125,0
23843419.0,7032.0,1.0,0.7109375,0.0220336914,0.6831054688,0.1656494141
23846387.0,2968.0,0.0,-5.55859375,-2.23046875,-4.8359375,0
23853419.0,7032.0,1.0,0.7063598633,0.0236206055,0.6881103516,0.1641845703
23856387.0,2968.0,0.0,-4.62890625,-2.734375,-6.77734375,0
23864419.0,8032.0,1.0,0.7020263672,0.0263061523,0.6929931641,0.1617431641
23867387.0,2968.0,0.0,-4.4375,-1.5703125,-7.90234375,0
23873419.0,6032.0,1.0,0.6978149414,0.029296875,0.6978149414,0.1589355469
23876387.0,2968.0,0.0,-3.98046875,0.3671875,-4.88671875,0
23883419.0,7032.0,1.0,0.6936035156,0.0317993164,0.7024536133,0.1563720703
23886387.0,2968.0,0.0,-5.16796875,-0.25390625,-1.890625,0
23893419.0,7032.0,1.0,0.689453125,0.0334472656,0.7069091797,0.154296875
23896387.0,2968.0,0.0,-6.23046875,2.16015625,-0.9921875,0
23904419.0,8032.0,1.0,0.6854248047,0.0341796875,0.7110595703,0.1530761719
23907387.0,2968.0,0.0,-6.390625,0.81640625,-1.609375,0
23913419.0,6032.0,1.0,0.6815795898,0.0346679687,0.7149047852,0.1522216797
23916387.0,2968.0,0.0,-3.86328125,-2.33203125,-4.6015625,0
23923419.0,7032.0,1.0,0.6779174805,0.0358886719,0.7185058594,0.1510620117
23926387.0,2968.0,0.0,-2.41796875,-2.67578125,-5.296875,0
23933419.0,7032.0,1.0,0.6743164063,0.0379638672,0.7221679688,0.1494140625
23936387.0,2968.0,0.0,-0.80859375,-1.57421875,-5.41796875,0
23944419.0,8032.0,1.0,0.6705932617,0.0406494141,0.7258911133,0.1473999023
23947387.0,2968.0,0.0,0.48046875,-0.74609375,-3.5859375,0
23953419.0,6032.0,1.0,0.6668701172,0.0437011719,0.7296142578,0.1450805664
23956387.0,2968.0,0.0,-0.75390625,0.01171875,-1.1328125,0
23963419.0,7032.0,1.0,0.6627807617,0.0473022461,0.7336425781,0.1422729492
23966387.0,2968.0,0.0,-1.3828125,-0.5078125,-1.3125,0
23975419.0,9032.0,1.0,0.6591186523,0.0506591797,0.7371826172,0.1396484375
23978387.0,2968.0,0.0,-2.15625,0.296875,-1.89453125,0
23985419.0,7032.0,1.0,0.655456543,0.053894043,0.7407226563,0.1370239258
23988387.0,2968.0,0.0,-2.44140625,0.671875,-2.703125,0
23993419.0,5032.0,1.0,0.6519775391,0.0567626953,0.7440185547,0.1347045898
23996387.0,2968.0,0.0,-1.765625,1.66015625,-4.625,0
24003419.0,7032.0,1.0,0.6487426758,0.0587768555,0.7469482422,0.1331176758
24006387.0,2968.0,0.0,-1.4765625,1.19921875,-2.61328125,0
24013419.0,7032.0,1.0,0.645690918,0.0600585937,0.7496948242,0.132019043
24016387.0,2968.0,0.0,-0.78515625,0.921875,-1.33203125,0
24024419.0,8032.0,1.0,0.6424560547,0.0607910156,0.7525634766,0.1313476563
24027387.0,2968.0,0.0,-0.37890625,1.23828125,-0.2578125,0
24033419.0,6032.0,1.0,0.6392211914,0.0610961914,0.7553710938,0.130859375
24036387.0,2968.0,0.0,-0.05078125,1.1171875,1.3984375,0
24043419.0,7032.0,1.0,0.635925293,0.0612792969,0.7581787109,0.1304931641
24046387.0,2968.0,0.0,0.2109375,1.890625,0.9921875,0
24054419.0,8032.0,1.0,0.6326904297,0.0615234375,0.760925293,0.1300048828
24057387.0,2968.0,0.0,1.11328125,1.69921875,0.65625,0
24064419.0,7032.0,1.0,0.6294555664,0.0618286133,0.763671875,0.1293945313
24067387.0,2968.0,0.0,1.48046875,1.7734375,-0.71875,0
24073419.0,6032.0,1.0,0.626159668,0.0622558594,0.766418457,0.1287841797
24076387.0,2968.0,0.0,0.8515625,2.28125,-1.015625,0
24084419.0,8032.0,1.0,0.6229248047,0.0626831055,0.7691650391,0.128112793
24087387.0,2968.0,0.0,0.65234375,2.00390625,-1.0,0
24094419.0,7032.0,1.0,0.6195678711,0.0629272461,0.7719116211,0.1276855469
24097387.0,2968.0,0.0,0.3984375,2.28125,0.3125,0
24104419.0,7032.0,1.0,0.6161499023,0.0629882813,0.7747192383,0.1273803711
24107387.0,2968.0,0.0,0.4609375,1.63671875,2.12109375,0
24113419.0,6032.0,1.0,0.6126098633,0.0629272461,0.7775878906,0.1270751953
24116387.0,2968.0,0.0,0.859375,2.01953125,1.51953125,0
24124419.0,8032.0,1.0,0.6091308594,0.0626831055,0.7803344727,0.126953125
24127387.0,2968.0,0.0,0.6796875,2.1328125,0.80078125,0
24134419.0,7032.0,1.0,0.6056518555,0.0621948242,0.7830200195,0.1270751953
24137387.0,2968.0,0.0,0.98046875,1.0625,-0.1484375,0
24143419.0,6032.0,1.0,0.6024169922,0.0614624023,0.7855834961,0.1274414063
24146387.0,2968.0,0.0,1.33984375,0.74609375,-0.9140625,0
24153419.0,7032.0,1.0,0.598815918,0.060546875,0.788269043,0.1281738281
24156387.0,2968.0,0.0,1.125,0.78515625,-0.3359375,0
24164419.0,8032.0,1.0,0.5952758789,0.059387207,0.7908325195,0.1290893555
24167387.0,2968.0,0.0,1.1796875,1.93359375,1.04296875,0
24174419.0,7032.0,1.0,0.5916748047,0.0580444336,0.7934570313,0.1303710938
24177387.0,2968.0,0.0,1.19140625,2.5390625,2.546875,0
24184419.0,7032.0,1.0,0.5878295898,0.0562744141,0.7961425781,0.1322021484
24187387.0,2968.0,0.0,0.3203125,2.5703125,2.73046875,0
24199419.0,12032.0,1.0,0.5842285156,0.0542602539,0.7985229492,0.1344604492
24204387.0,4968.0,0.0,-1.58984375,0.984375,0.51171875,0
24207419.0,3032.0,1.0,0.5805053711,0.0516967773,0.8008422852,0.1377563477
24210387.0,2968.0,0.0,-2.37109375,-0.33984375,-0.61328125,0
24214419.0,4032.0,1.0,0.5762939453,0.0486450195,0.8032836914,0.1423339844
24217387.0,2968.0,0.0,-4.2109375,-1.1171875,-0.6484375,0
24224419.0,7032.0,1.0,0.5726318359,0.0462646484,0.8052368164,0.1468505859
24227387.0,2968.0,0.0,-4.89453125,-1.69921875,-0.91015625,0
24234419.0,7032.0,1.0,0.5687866211,0.0443115234,0.8071289063,0.1517944336
24237387.0,2968.0,0.0,-4.86328125,-1.5625,-0.00390625,0
24244419.0,7032.0,1.0,0.5647583008,0.0432128906,0.8090820313,0.1566772461
24247387.0,2968.0,0.0,-4.359375,0.0546875,2.28125,0
24254419.0,7032.0,1.0,0.560546875,0.0430297852,0.8110961914,0.1612548828
24257387.0,2968.0,0.0,-3.8671875,-0.78515625,4.41015625,0
24264419.0,7032.0,1.0,0.5560302734,0.0438232422,0.8133544922,0.1655273438
24267387.0,2968.0,0.0,-4.34375,0.01171875,3.75390625,0
24273419.0,6032.0,1.0,0.5513305664,0.045715332,0.815612793,0.1694335938
24276387.0,2968.0,0.0,-5.203125,0.0859375,2.64453125,0
24284419.0,8032.0,1.0,0.5465087891,0.0486450195,0.8179321289,0.1730957031
24287387.0,2968.0,0.0,-6.4921875,0.18359375,2.03125,0
24294419.0,7032.0,1.0,0.5415649414,0.0526733398,0.8202514648,0.1765136719
24297387.0,2968.0,0.0,-9.6953125,-0.64453125,1.7265625,0
24304419.0,7032.0,1.0,0.5365600586,0.0579833984,0.8225097656,0.1795043945
24307387.0,2968.0,0.0,-10.84765625,-1.24609375,1.61328125,0
24314419.0,7032.0,1.0,0.5313720703,0.0647583008,0.8248291016,0.1821289063
24317387.0,2968.0,0.0,-12.15234375,-1.0078125,2.7421875,0
24324419.0,7032.0,1.0,0.5258789063,0.0729370117,0.8271484375,0.184387207
24327387.0,2968.0,0.0,-13.5,-1.77734375,3.59375,0
24339419.0,12032.0,1.0,0.520324707,0.0822753906,0.8293457031,0.1861572266
24344387.0,4968.0,0.0,-14.16796875,-0.25390625,4.03125,0
24347419.0,3032.0,1.0,0.5146484375,0.0930175781,0.8313598633,0.1878051758
24350387.0,2968.0,0.0,-14.26953125,-0.37109375,4.1328125,0
24354419.0,4032.0,1.0,0.5084838867,0.1058959961,0.833190918,0.1896972656
24357387.0,2968.0,0.0,-14.54296875,1.73828125,4.08203125,0
24364419.0,7032.0,1.0,0.5030517578,0.1178588867,0.8343505859,0.192199707
24367387.0,2968.0,0.0,-15.4921875,4.9609375,4.16796875,0
24374419.0,7032.0,1.0,0.4974975586,0.1305541992,0.8346557617,0.1968994141
24377387.0,2968.0,0.0,-13.43359375,11.5546875,2.0078125,0
24384419.0,7032.0,1.0,0.4926757813,0.1415405273,0.8337402344,0.2051391602
24387387.0,2968.0,0.0,-10.703125,14.5078125,0.546875,0
24394419.0,7032.0,1.0,0.48828125,0.1509399414,0.831237793,0.2188110352
24397387.0,2968.0,0.0,-6.67578125,14.71484375,-1.125,0
24404419.0,7032.0,1.0,0.484375,0.1593017578,0.8272094727,0.2359619141
24407387.0,2968.0,0.0,-2.7109375,10.3203125,2.015625,0
24419419.0,12032.0,1.0,0.4805908203,0.1687011719,0.8228759766,0.2520141602
24424387.0,4968.0,0.0,2.58984375,-22.27734375,11.97265625,0
24427419.0,3032.0,1.0,0.4752197266,0.1848144531,0.8204345703,0.2586669922
24430387.0,2968.0,0.0,-1.0546875,15.45703125,14.80078125,0
24434419.0,4032.0,1.0,0.4700317383,0.2067260742,0.8176879883,0.2602539063
24437387.0,2968.0,0.0,-1.265625,15.25390625,14.87109375,0
24444419.0,7032.0,1.0,0.4710083008,0.2220458984,0.8100585938,0.2694702148
24447387.0,2968.0,0.0,5.01953125,28.0234375,-17.26953125,0
24454419.0,7032.0,1.0,0.4797973633,0.2282104492,0.7952270508,0.2921142578
24457387.0,2968.0,0.0,3.515625,36.984375,-14.265625,0
24464419.0,7032.0,1.0,0.496887207,0.2229614258,0.7717285156,0.3283691406
24467387.0,2968.0,0.0,9.953125,27.60546875,-24.2109375,0
24476419.0,9032.0,1.0,0.5178222656,0.2127075195,0.7448730469,0.3630981445
24479387.0,2968.0,0.0,15.7421875,-5.0234375,-28.91015625,0
24486419.0,7032.0,1.0,0.5410766602,0.2024536133,0.7169799805,0.3901367188
24489387.0,2968.0,0.0,3.203125,-10.96484375,-7.2421875,0
24494419.0,5032.0,1.0,0.5640869141,0.193359375,0.6917724609,0.4072875977
24497387.0,2968.0,0.0,0.4609375,-13.9140625,-7.16796875,0
24503419.0,6032.0,1.0,0.5885009766,0.1813964844,0.6664428711,0.4202880859
24506387.0,2968.0,0.0,2.5390625,-12.73046875,-3.85546875,0
24515419.0,9032.0,1.0,0.6129150391,0.1657714844,0.6416015625,0.4304199219
24518387.0,2968.0,0.0,4.15625,-14.18359375,-0.0703125,0
24526419.0,8032.0,1.0,0.6373291016,0.1484375,0.6177978516,0.4359741211
24529387.0,2968.0,0.0,8.09765625,-26.8359375,3.3046875,0
24533419.0,4032.0,1.0,0.6596679688,0.1331176758,0.5980224609,0.4353027344
24536387.0,2968.0,0.0,9.6171875,-25.53515625,5.8125,0
24544419.0,8032.0,1.0,0.6807861328,0.1200561523,0.5815429688,0.4288330078
24547387.0,2968.0,0.0,10.6171875,-22.1796875,6.81640625,0
24554419.0,7032.0,1.0,0.7000732422,0.1091308594,0.568359375,0.4182739258
24557387.0,2968.0,0.0,10.45703125,-18.59765625,6.6640625,0
24564419.0,7032.0,1.0,0.7175292969,0.0997314453,0.5576782227,0.4052124023
24567387.0,2968.0,0.0,8.76953125,-13.94140625,4.4765625,0
24579419.0,12032.0,1.0,0.7315063477,0.0923461914,0.549987793,0.3922729492
24583387.0,3968.0,0.0,8.546875,-10.86328125,1.94140625,0
24586419.0,3032.0,1.0,0.745300293,0.0850830078,0.5430908203,0.3772583008
24589387.0,2968.0,0.0,8.43359375,-9.5703125,0.34375,0
24594419.0,5032.0,1.0,0.7581787109,0.0782470703,0.5372314453,0.3612060547
24597387.0,2968.0,0.0,8.55859375,-9.2734375,0.1953125,0
24604419.0,7032.0,1.0,0.7685546875,0.0726928711,0.5330200195,0.3462524414
24607387.0,2968.0,0.0,8.125,-6.41015625,-1.40625,0
24614419.0,7032.0,1.0,0.7778930664,0.067565918,0.5296630859,0.3312988281
24617387.0,2968.0,0.0,8.2890625,-5.74609375,-1.796875,0
24624419.0,7032.0,1.0,0.7860107422,0.0626831055,0.5271606445,0.3167724609
24627387.0,2968.0,0.0,8.71875,-5.58984375,-1.71484375,0
24634419.0,7032.0,1.0,0.7929077148,0.0584106445,0.5255126953,0.3029174805
24637387.0,2968.0,0.0,9.41015625,-6.10546875,-0.60546875,0
24644419.0,7032.0,1.0,0.7985839844,0.0548706055,0.5247802734,0.2895507813
24647387.0,2968.0,0.0,9.6328125,-6.4453125,-0.0625,0
24657419.0,10032.0,1.0,0.8029785156,0.0526733398,0.5250854492,0.2770385742
24660387.0,2968.0,0.0,9.24609375,-6.3671875,-0.17578125,0
24667419.0,7032.0,1.0,0.806640625,0.0518188477,0.5266723633,0.2631225586
24670387.0,2968.0,0.0,8.578125,-5.7578125,-0.84375,0
24674419.0,4032.0,1.0,0.8090209961,0.0520629883,0.529296875,0.2503051758
24677387.0,2968.0,0.0,8.91796875,-3.23046875,-1.59375,0
24684419.0,7032.0,1.0,0.8102416992,0.0518798828,0.5325927734,0.2391357422
24687387.0,2968.0,0.0,8.7890625,-1.73828125,-2.55859375,0
24694419.0,7032.0,1.0,0.8104858398,0.0501708984,0.5366210938,0.2294921875
24697387.0,2968.0,0.0,7.59375,-0.40625,-3.25390625,0
24704419.0,7032.0,1.0,0.8098754883,0.0472412109,0.5410766602,0.2216186523
24707387.0,2968.0,0.0,5.44140625,-0.1328125,-4.27734375,0
24713419.0,6032.0,1.0,0.80859375,0.0446777344,0.5458984375,0.2150268555
24716387.0,2968.0,0.0,0.71875,0.37890625,-6.17578125,0
24724419.0,8032.0,1.0,0.806640625,0.0424194336,0.5515136719,0.2083129883
24727387.0,2968.0,0.0,-1.84765625,2.0,-6.171875,0
24734419.0,7032.0,1.0,0.8043212891,0.0397338867,0.5571899414,0.2025756836
24737387.0,2968.0,0.0,-3.47265625,2.859375,-5.7578125,0
24744419.0,7032.0,1.0,0.8018188477,0.0362548828,0.5626831055,0.1979370117
24747387.0,2968.0,0.0,-3.6015625,2.9453125,-4.99609375,0
24759419.0,12032.0,1.0,0.7991943359,0.0325317383,0.5679321289,0.1940917969
24763387.0,3968.0,0.0,-3.23828125,1.91796875,-3.69140625,0
24766419.0,3032.0,1.0,0.7962646484,0.0287475586,0.5735473633,0.1903076172
24769387.0,2968.0,0.0,-3.16796875,1.99609375,-3.57421875,0
24774419.0,5032.0,1.0,0.7928466797,0.0249023437,0.5796508789,0.1865234375
24777387.0,2968.0,0.0,-1.765625,2.23828125,-5.09765625,0
24784419.0,7032.0,1.0,0.7894897461,0.0217285156,0.5853271484,0.1832275391
24787387.0,2968.0,0.0,-3.40234375,-0.15234375,-0.59765625,0
24794419.0,7032.0,1.0,0.7857666016,0.0189208984,0.5914916992,0.1799316406
24797387.0,2968.0,0.0,-1.05078125,2.0546875,-3.4921875,0
24804419.0,7032.0,1.0,0.7817993164,0.0163574219,0.5977172852,0.1768188477
24808387.0,3968.0,0.0,-1.53125,-0.03515625,-2.5859375,0
24814419.0,6032.0,1.0,0.7775878906,0.0142822266,0.6041870117,0.1737060547
24817387.0,2968.0,0.0,-1.41015625,1.3125,-3.73828125,0
24824419.0,7032.0,1.0,0.7732543945,0.0126342773,0.6105957031,0.1706542969
24827387.0,2968.0,0.0,-1.8984375,2.734375,-3.7421875,0
24834419.0,7032.0,1.0,0.768737793,0.0110473633,0.6170654297,0.1679077148
24837387.0,2968.0,0.0,-1.97265625,2.6953125,-4.0078125,0
24844419.0,7032.0,1.0,0.7640380859,0.0097045898,0.6234741211,0.1654663086
24847387.0,2968.0,0.0,-3.16015625,2.94140625,-4.28125,0
24854419.0,7032.0,1.0,0.7593994141,0.0090332031,0.6297607422,0.1633300781
24857387.0,2968.0,0.0,-3.8203125,2.92578125,-5.05078125,0
24864419.0,7032.0,1.0,0.7545166016,0.0091552734,0.6361083984,0.1613769531
24867387.0,2968.0,0.0,-3.22265625,3.0390625,-2.51953125,0
24879419.0,12032.0,1.0,0.7496337891,0.0098876953,0.6422119141,0.1597290039
24883387.0,3968.0,0.0,-3.46484375,2.95703125,-2.06640625,0
24886419.0,3032.0,1.0,0.7442016602,0.0112304688,0.6488037109,0.158203125
24889387.0,2968.0,0.0,-4.59765625,1.0625,-3.2421875,0
24894419.0,5032.0,1.0,0.7384033203,0.0127563477,0.6556396484,0.1571655273
24897387.0,2968.0,0.0,-4.57421875,1.03125,-3.0703125,0
24904419.0,7032.0,1.0,0.7330322266,0.014465332,0.6617431641,0.1565551758
24907387.0,2968.0,0.0,-7.90234375,-0.03515625,-5.671875,0
24914419.0,7032.0,1.0,0.7274169922,0.0168457031,0.66796875,0.1561279297
24917387.0,2968.0,0.0,-8.54296875,-0.921875,-6.50390625,0
24924419.0,7032.0,1.0,0.7221069336,0.0200195312,0.6737670898,0.1553955078
24927387.0,2968.0,0.0,-7.7109375,-2.39453125,-6.890625,0
24934419.0,7032.0,1.0,0.7169189453,0.024230957,0.6795043945,0.1541748047
24937387.0,2968.0,0.0,-6.515625,-2.75,-3.2890625,0
24944419.0,7032.0,1.0,0.7114868164,0.0291748047,0.6853027344,0.1524047852
24947387.0,2968.0,0.0,-5.5625,-4.07421875,-3.1640625,0
24954419.0,7032.0,1.0,0.706237793,0.0346069336,0.6909790039,0.1502685547
24957387.0,2968.0,0.0,-6.21484375,-2.828125,-4.30859375,0
24964419.0,7032.0,1.0,0.7010498047,0.0407714844,0.6964111328,0.1477661133
24967387.0,2968.0,0.0,-6.765625,-2.31640625,-6.03125,0
24974419.0,7032.0,1.0,0.6962280273,0.0471801758,0.7014770508,0.1450195313
24977387.0,2968.0,0.0,-6.5078125,-1.60546875,-6.1484375,0
24984419.0,7032.0,1.0,0.6915283203,0.0535888672,0.706237793,0.1419677734
24987387.0,2968.0,0.0,-3.57421875,-2.76953125,-6.390625,0
24999419.0,12032.0,1.0,0.6870727539,0.0594482422,0.7106933594,0.1390380859
25003387.0,3968.0,0.0,-2.82421875,-2.88671875,-2.34375,0
25006419.0,3032.0,1.0,0.6822509766,0.0651245117,0.7153930664,0.1359863281
25009387.0,2968.0,0.0,-2.953125,0.171875,-1.4765625,0
25014419.0,5032.0,1.0,0.6773071289,0.0704345703,0.7202148438,0.1328125
25017387.0,2968.0,0.0,-3.6953125,0.1484375,-2.31640625,0
25024419.0,7032.0,1.0,0.6727905273,0.075012207,0.7244873047,0.1296386719
25027387.0,2968.0,0.0,-3.046875,0.75390625,-3.5234375,0
25034419.0,7032.0,1.0,0.6687011719,0.0790405273,0.7284545898,0.1262817383
25037387.0,2968.0,0.0,-1.22265625,1.50390625,-5.390625,0
25044419.0,7032.0,1.0,0.6650390625,0.0826416016,0.7319946289,0.1227416992
25047387.0,2968.0,0.0,0.07421875,0.78125,-5.80078125,0
25054419.0,7032.0,1.0,0.6616210938,0.0854492188,0.7353515625,0.1192626953
25057387.0,2968.0,0.0,2.140625,3.05078125,-5.5390625,0
25064419.0,7032.0,1.0,0.6583862305,0.087097168,0.7384643555,0.1163330078
25067387.0,2968.0,0.0,1.90234375,2.98828125,-2.94921875,0
25074419.0,7032.0,1.0,0.6552734375,0.0875244141,0.7415771484,0.1140136719
25077387.0,2968.0,0.0,0.6015625,3.51953125,-0.83203125,0
25084419.0,7032.0,1.0,0.6522216797,0.087097168,0.7446289063,0.1123046875
25087387.0,2968.0,0.0,-1.23828125,2.01953125,-0.0859375,0
25094419.0,7032.0,1.0,0.6493530273,0.0861206055,0.7473754883,0.1109008789
25097387.0,2968.0,0.0,-3.15234375,2.01171875,-1.00390625,0
25104419.0,7032.0,1.0,0.6465454102,0.0850219727,0.7501831055,0.1094970703
25107387.0,2968.0,0.0,-2.84765625,1.66015625,-2.56640625,0
25114419.0,7032.0,1.0,0.6439208984,0.0840454102,0.752746582,0.1080932617
25117387.0,2968.0,0.0,-2.1640625,2.37890625,-3.8671875,0
25124419.0,7032.0,1.0,0.6415405273,0.0832519531,0.755065918,0.1067504883
25127387.0,2968.0,0.0,-1.09375,2.44140625,-3.453125,0
25134419.0,7032.0,1.0,0.6389160156,0.0827026367,0.7575073242,0.1054077148
25137387.0,2968.0,0.0,0.78515625,2.78125,-0.0390625,0
25144419.0,7032.0,1.0,0.6361694336,0.0822753906,0.7600097656,0.1041870117
25147387.0,2968.0,0.0,0.40234375,3.0625,1.33203125,0
25154419.0,7032.0,1.0,0.6332397461,0.0821533203,0.7626342773,0.1030273438
25157387.0,2968.0,0.0,-0.5703125,3.66015625,1.80078125,0
25164419.0,7032.0,1.0,0.6301269531,0.0821533203,0.7653198242,0.1021728516
25167387.0,2968.0,0.0,-1.0,2.97265625,1.84765625,0
25179419.0,12032.0,1.0,0.6271362305,0.0823974609,0.7678222656,0.1016235352
25183387.0,3968.0,0.0,1.47265625,0.18359375,0.47265625,0
25186419.0,3032.0,1.0,0.6240234375,0.0829467773,0.7703857422,0.1013183594
25189387.0,2968.0,0.0,1.45703125,0.18359375,0.55078125,0
25194419.0,5032.0,1.0,0.6206054688,0.0837402344,0.7730712891,0.1011962891
25197387.0,2968.0,0.0,1.3671875,0.015625,0.51953125,0
25204419.0,7032.0,1.0,0.6171264648,0.0844726563,0.7757568359,0.1013183594
25207387.0,2968.0,0.0,0.65234375,-0.7578125,2.59765625,0
25214419.0,7032.0,1.0,0.6133422852,0.0852050781,0.7786254883,0.1015625
25217387.0,2968.0,0.0,0.1328125,0.48828125,1.99609375,0
25224419.0,7032.0,1.0,0.6096191406,0.0858154297,0.7814331055,0.1019287109
25227387.0,2968.0,0.0,-0.12109375,0.44140625,1.1328125,0
25234419.0,7032.0,1.0,0.6060791016,0.0862426758,0.7840576172,0.1024780273
25237387.0,2968.0,0.0,0.0859375,0.46484375,-0.046875,0
25244419.0,7032.0,1.0,0.6026611328,0.0864257813,0.7865600586,0.1032714844
25247387.0,2968.0,0.0,1.1328125,0.19140625,-2.95703125,0
25254419.0,7032.0,1.0,0.5994873047,0.0861206055,0.7888183594,0.1046142578
25257387.0,2968.0,0.0,1.63671875,-0.5546875,-2.96484375,0
25264419.0,7032.0,1.0,0.5963134766,0.0852050781,0.7910766602,0.1066894531
25268387.0,3968.0,0.0,1.125,0.5703125,-1.09375,0
25274419.0,6032.0,1.0,0.5930786133,0.0836181641,0.7932739258,0.1096801758
25277387.0,2968.0,0.0,1.09375,1.7265625,1.7265625,0
25284419.0,7032.0,1.0,0.58984375,0.0812988281,0.7953491211,0.1134643555
25287387.0,2968.0,0.0,1.1484375,1.6953125,3.4375,0
25294419.0,7032.0,1.0,0.5862426758,0.0781860352,0.7976074219,0.1185302734
25297387.0,2968.0,0.0,-0.03515625,1.84765625,3.453125,0
25304419.0,7032.0,1.0,0.5827636719,0.0751342773,0.799621582,0.123840332
25307387.0,2968.0,0.0,-1.48828125,0.984375,2.93359375,0
25314419.0,7032.0,1.0,0.5791625977,0.0723266602,0.8016357422,0.1293334961
25317387.0,2968.0,0.0,-2.5078125,0.0078125,2.14453125,0
25324419.0,7032.0,1.0,0.5753173828,0.0701293945,0.8036499023,0.1349487305
25327387.0,2968.0,0.0,-4.3203125,-0.09375,0.75390625,0
25334419.0,7032.0,1.0,0.5715942383,0.0688476563,0.8055419922,0.1400146484
25337387.0,2968.0,0.0,-4.08984375,0.2265625,0.5,0
25344419.0,7032.0,1.0,0.5676879883,0.0680541992,0.807434082,0.145324707
25347387.0,2968.0,0.0,-4.20703125,0.91796875,0.41015625,0
25354419.0,7032.0,1.0,0.5635986328,0.0678710938,0.8093261719,0.1506958008
25357387.0,2968.0,0.0,-4.64453125,0.9921875,1.26953125,0
25364419.0,7032.0,1.0,0.5593261719,0.068359375,0.8112182617,0.1560668945
25367387.0,2968.0,0.0,-4.8515625,0.78125,5.0078125,0
25379419.0,12032.0,1.0,0.5549926758,0.069519043,0.8131713867,0.1610717773
25383387.0,3968.0,0.0,-6.46875,0.6953125,4.34375,0
25386419.0,3032.0,1.0,0.5503540039,0.0717773438,0.8151855469,0.1655273438
25389387.0,2968.0,0.0,-7.94921875,0.6796875,3.03515625,0
25394419.0,5032.0,1.0,0.5453491211,0.075378418,0.8174438477,0.1695556641
25397387.0,2968.0,0.0,-9.4375,0.04296875,1.88671875,0
25404419.0,7032.0,1.0,0.5402832031,0.0802612305,0.8196411133,0.172668457
25407387.0,2968.0,0.0,-11.421875,0.24609375,1.7421875,0
25414419.0,7032.0,1.0,0.5349731445,0.086730957,0.8219604492,0.1751098633
25417387.0,2968.0,0.0,-13.30078125,-0.046875,2.51953125,0
25425419.0,8032.0,1.0,0.5295410156,0.0947875977,0.8242797852,0.1767578125
25428387.0,2968.0,0.0,-14.99609375,-0.30078125,2.58203125,0
25434419.0,6032.0,1.0,0.5239257813,0.1045532227,0.8264770508,0.1775512695
25437387.0,2968.0,0.0,-18.7265625,1.734375,3.6484375,0
25444419.0,7032.0,1.0,0.5181884766,0.116394043,0.8284912109,0.1776733398
25447387.0,2968.0,0.0,-19.6328125,2.95703125,2.75390625,0
25454419.0,7032.0,1.0,0.5126342773,0.129699707,0.8299560547,0.1775512695
25457387.0,2968.0,0.0,-19.62109375,6.40234375,2.75,0
25465419.0,8032.0,1.0,0.5073242188,0.143737793,0.8306884766,0.1784667969
25468387.0,2968.0,0.0,-17.77734375,10.73828125,-1.25390625,0
25480419.0,12032.0,1.0,0.5028076172,0.1569824219,0.8301391602,0.182800293
25485419.0,5000.0,1.0,0.4994506836,0.1681518555,0.8273925781,0.1940307617
25487387.0,1968.0,0.0,-8.50390625,21.4609375,-3.58984375,0
25494419.0,7032.0,1.0,0.4975585938,0.1753540039,0.8220825195,0.2142333984
25497387.0,2968.0,0.0,-4.59765625,20.3984375,-4.0546875,0
25505419.0,8032.0,1.0,0.496887207,0.1793823242,0.8146362305,0.239440918
25508387.0,2968.0,0.0,-2.05078125,9.41015625,7.08203125,0
25514419.0,6032.0,1.0,0.4952392578,0.1877441406,0.8082275391,0.2574462891
25517387.0,2968.0,0.0,1.1796875,-33.4375,9.73828125,0
25524419.0,7032.0,1.0,0.492980957,0.203125,0.803527832,0.2646484375
25527387.0,2968.0,0.0,-4.89453125,18.80078125,13.4140625,0
25534419.0,7032.0,1.0,0.4934692383,0.2204589844,0.7969970703,0.26953125
25537387.0,2968.0,0.0,7.4453125,20.71875,-4.56640625,0
25545419.0,8032.0,1.0,0.5012817383,0.2276000977,0.783996582,0.2867431641
25548387.0,2968.0,0.0,8.41015625,28.15234375,-18.35546875,0
25560419.0,12032.0,1.0,0.5177612305,0.2192382813,0.7622070313,0.3208007813
25565419.0,5000.0,1.0,0.5391845703,0.2044677734,0.7354125977,0.3557739258
25567387.0,1968.0,0.0,21.1484375,-19.68359375,-20.89453125,0
25575419.0,8032.0,1.0,0.5620117188,0.1911010742,0.7091674805,0.3803710938
25578387.0,2968.0,0.0,18.1640625,-23.2578125,-8.66796875,0
25584419.0,6032.0,1.0,0.5838623047,0.1800537109,0.6861572266,0.3947753906
25587387.0,2968.0,0.0,9.23828125,-17.1875,-2.2890625,0
25594419.0,7032.0,1.0,0.606628418,0.167175293,0.6634521484,0.4048461914
25597387.0,2968.0,0.0,9.2265625,-13.67578125,2.23828125,0
25604419.0,7032.0,1.0,0.6302490234,0.1506347656,0.6400756836,0.4127807617
25607387.0,2968.0,0.0,9.16015625,-18.0234375,2.53125,0
25616419.0,9032.0,1.0,0.6519165039,0.1342773438,0.6194458008,0.4162597656
25619387.0,2968.0,0.0,9.24609375,-24.921875,2.859375,0
25627419.0,8032.0,1.0,0.673034668,0.1192016602,0.6011352539,0.4140625
25630387.0,2968.0,0.0,10.08203125,-21.8515625,6.44140625,0
25634419.0,4032.0,1.0,0.6921386719,0.1067504883,0.5864257813,0.4071044922
25637387.0,2968.0,0.0,8.76953125,-16.78125,6.703125,0
25644419.0,7032.0,1.0,0.7093505859,0.0952758789,0.5741577148,0.3975219727
25647387.0,2968.0,0.0,6.3671875,-12.546875,5.1796875,0
25654419.0,7032.0,1.0,0.7248535156,0.0842285156,0.5639648438,0.3865966797
25657387.0,2968.0,0.0,4.55078125,-10.83984375,5.37109375,0
25664419.0,7032.0,1.0,0.7374267578,0.075378418,0.5565795898,0.3750610352
25667387.0,2968.0,0.0,6.1953125,-10.92578125,3.53125,0
25679419.0,12032.0,1.0,0.749206543,0.0680541992,0.5509033203,0.3613891602
25683387.0,3968.0,0.0,7.94921875,-5.97265625,1.7890625,0
25686419.0,3032.0,1.0,0.7594604492,0.0623168945,0.5467529297,0.3469238281
25689387.0,2968.0,0.0,8.93359375,-3.921875,0.64453125,0
25694419.0,5032.0,1.0,0.7688598633,0.056640625,0.5432739258,0.3324584961
25697387.0,2968.0,0.0,9.02734375,-3.6640625,0.55078125,0
25705419.0,8032.0,1.0,0.7768554688,0.0504760742,0.5403442383,0.3193359375
25708387.0,2968.0,0.0,10.4140625,-3.91015625,0.3203125,0
25714419.0,6032.0,1.0,0.7835083008,0.0445556641,0.5382080078,0.307434082
25717387.0,2968.0,0.0,10.6484375,-5.29296875,0.609375,0
25724419.0,7032.0,1.0,0.7893066406,0.0393676758,0.5369262695,0.2952270508
25727387.0,2968.0,0.0,10.40234375,-5.6171875,1.48828125,0
25734419.0,7032.0,1.0,0.7940063477,0.0353393555,0.5366821289,0.2832641602
25737387.0,2968.0,0.0,10.05078125,-6.1953125,1.86328125,0
25744419.0,7032.0,1.0,0.7978515625,0.0327148437,0.5374755859,0.2711791992
25747387.0,2968.0,0.0,8.8515625,-5.61328125,1.14453125,0
25759419.0,12032.0,1.0,0.8005371094,0.0309448242,0.5389404297,0.2602539063
25763387.0,3968.0,0.0,7.5625,-4.51953125,0.1328125,0
25766419.0,3032.0,1.0,0.8024902344,0.0292358398,0.5411987305,0.2495117188
25769387.0,2968.0,0.0,6.8515625,-4.46484375,-0.28515625,0
25774419.0,5032.0,1.0,0.8036499023,0.0276489258,0.5441894531,0.2392578125
25777387.0,2968.0,0.0,6.0703125,-4.1484375,-1.21875,0
25784419.0,7032.0,1.0,0.8039550781,0.026184082,0.547668457,0.2302246094
25787387.0,2968.0,0.0,4.74609375,-3.42578125,-1.83984375,0
25794419.0,7032.0,1.0,0.803527832,0.0246582031,0.5516967773,0.2221069336
25797387.0,2968.0,0.0,3.69140625,-2.15234375,-3.4453125,0
25805419.0,8032.0,1.0,0.8025512695,0.0230712891,0.5560913086,0.2147827148
25808387.0,2968.0,0.0,2.13671875,-0.7578125,-4.546875,0
25814419.0,6032.0,1.0,0.8011474609,0.0211181641,0.5606079102,0.2084350586
25817387.0,2968.0,0.0,-1.5625,1.8203125,-6.66796875,0
25824419.0,7032.0,1.0,0.7993164063,0.0181884766,0.5651855469,0.203125
25827387.0,2968.0,0.0,-2.97265625,3.0546875,-7.109375,0
25834419.0,7032.0,1.0,0.7974243164,0.0142822266,0.5693969727,0.1991577148
25837387.0,2968.0,0.0,-4.33203125,4.03125,-6.98046875,0
25845419.0,8032.0,1.0,0.7952880859,0.0092773438,0.5734863281,0.1962890625
25848387.0,2968.0,0.0,-5.20703125,3.36328125,-6.48046875,0
25854419.0,6032.0,1.0,0.7932128906,0.0040283203,0.5770874023,0.1943359375
25857387.0,2968.0,0.0,-6.046875,2.2265625,-3.25390625,0
25864419.0,7032.0,1.0,0.7906494141,-0.0017089844,0.5810546875,0.1928100586
25867387.0,2968.0,0.0,-5.9609375,0.90234375,-1.82421875,0
25874419.0,7032.0,1.0,0.7879638672,-0.0068359375,0.585144043,0.1915283203
25877387.0,2968.0,0.0,-5.34765625,-0.17578125,-1.73828125,0
25885419.0,8032.0,1.0,0.7849731445,-0.0112304688,0.5894165039,0.1903686523
25888387.0,2968.0,0.0,-4.27734375,-0.078125,0.0078125,0
25900419.0,12032.0,1.0,0.7816772461,-0.0147705078,0.5941162109,0.1890869141
25905387.0,4968.0,0.0,-2.47265625,-1.40234375,-1.7578125,0
25908419.0,3032.0,1.0,0.7779541016,-0.0177001953,0.5994262695,0.1875610352
25911387.0,2968.0,0.0,-2.89453125,-0.7421875,-3.13671875,0
25915419.0,4032.0,1.0,0.7734985352,-0.0203857422,0.6056518555,0.1857299805
25918387.0,2968.0,0.0,-2.84765625,-0.6953125,-2.98828125,0
25925419.0,7032.0,1.0,0.7695922852,-0.0219726562,0.6111450195,0.1838378906
25928387.0,2968.0,0.0,-5.15234375,1.78125,-4.73046875,0
25934419.0,6032.0,1.0,0.7654418945,-0.0225219727,0.6169433594,0.1815185547
25937387.0,2968.0,0.0,-4.96875,1.375,-4.59765625,0
25945419.0,8032.0,1.0,0.7612304688,-0.0216064453,0.6229248047,0.1788330078
25949387.0,3968.0,0.0,-3.67578125,1.55859375,-3.73046875,0
25955419.0,6032.0,1.0,0.7567138672,-0.0194091797,0.6293945313,0.17578125
25958387.0,2968.0,0.0,-3.60546875,1.11328125,-2.6171875,0
25965419.0,7032.0,1.0,0.7520141602,-0.0163574219,0.6358032227,0.1729125977
25968387.0,2968.0,0.0,-2.81640625,1.47265625,-2.3515625,0
25974419.0,6032.0,1.0,0.746887207,-0.012512207,0.6427001953,0.1701049805
25977387.0,2968.0,0.0,-3.3359375,-0.21875,-1.7578125,0
25985419.0,8032.0,1.0,0.7416381836,-0.0075683594,0.649597168,0.1672363281
25988387.0,2968.0,0.0,-3.359375,-0.8203125,-1.98046875,0
25995419.0,7032.0,1.0,0.7361450195,-0.0016479492,0.6566162109,0.1641235352
25998387.0,2968.0,0.0,-3.7734375,0.421875,-3.22265625,0
26005419.0,7032.0,1.0,0.7306518555,0.0050048828,0.6635742188,0.1608276367
26008387.0,2968.0,0.0,-4.23046875,0.3203125,-7.21875,0
26020419.0,12032.0,1.0,0.725402832,0.0114746094,0.6699829102,0.1575317383
26025387.0,4968.0,0.0,-4.375,2.73828125,-9.5390625,0
26028419.0,3032.0,1.0,0.7202758789,0.0172119141,0.6760253906,0.1547241211
26031387.0,2968.0,0.0,-4.76171875,1.71875,-7.58203125,0
26035419.0,4032.0,1.0,0.7147827148,0.0221557617,0.6821899414,0.1524047852
26038387.0,2968.0,0.0,-4.76953125,1.6640625,-7.41796875,0
26044419.0,6032.0,1.0,0.7104492188,0.0255126953,0.6869506836,0.1508178711
26047387.0,2968.0,0.0,-5.37890625,0.140625,-4.6796875,0
26055419.0,8032.0,1.0,0.7056274414,0.0292358398,0.6921386719,0.1489868164
26058387.0,2968.0,0.0,-5.11328125,-0.55078125,-4.00390625,0
26065419.0,7032.0,1.0,0.7012329102,0.0324707031,0.6968383789,0.147277832
26068387.0,2968.0,0.0,-3.734375,-1.00390625,-4.7890625,0
26075419.0,7032.0,1.0,0.6968994141,0.03515625,0.7012939453,0.1458740234
26078387.0,2968.0,0.0,-3.625,-1.10546875,-4.46484375,0
26085419.0,7032.0,1.0,0.6926269531,0.0373535156,0.7056884766,0.1445922852
26088387.0,2968.0,0.0,-3.2421875,-1.51171875,-4.9921875,0
26095419.0,7032.0,1.0,0.6885986328,0.0393066406,0.709777832,0.1432495117
26098387.0,2968.0,0.0,-3.13671875,-0.30078125,-3.2265625,0
26105419.0,7032.0,1.0,0.6844482422,0.0413818359,0.7139892578,0.1415405273
26108387.0,2968.0,0.0,-2.984375,0.23046875,-1.4453125,0
26115419.0,7032.0,1.0,0.6802368164,0.0434570312,0.7182617188,0.1394042969
26118387.0,2968.0,0.0,-2.80078125,-0.125,-1.25390625,0
26125419.0,7032.0,1.0,0.6762084961,0.0455322266,0.7224121094,0.1370239258
26128387.0,2968.0,0.0,-2.65234375,2.18359375,-4.84375,0
26135419.0,7032.0,1.0,0.6726074219,0.0474853516,0.7261352539,0.1345825195
26138387.0,2968.0,0.0,-2.0390625,2.56640625,-6.2265625,0
26145419.0,7032.0,1.0,0.6693725586,0.0490722656,0.7294311523,0.1323852539
26148387.0,2968.0,0.0,-1.015625,2.796875,-6.32421875,0
26154419.0,6032.0,1.0,0.6663818359,0.0502929687,0.7323608398,0.1303710938
26157387.0,2968.0,0.0,0.328125,2.390625,-6.078125,0
26167419.0,10032.0,1.0,0.6633911133,0.0510253906,0.7354125977,0.1286621094
26170387.0,2968.0,0.0,0.47265625,2.015625,-2.65234375,0
26174419.0,4032.0,1.0,0.6602172852,0.0513305664,0.7384643555,0.1272583008
26177387.0,2968.0,0.0,-0.953125,1.71484375,-0.26171875,0
26185419.0,8032.0,1.0,0.6568603516,0.0513305664,0.7415771484,0.1263427734
26188387.0,2968.0,0.0,-2.2109375,0.50390625,0.53125,0
26195419.0,7032.0,1.0,0.6536254883,0.0513305664,0.7445068359,0.125793457
26198387.0,2968.0,0.0,-2.41796875,-1.21875,-0.72265625,0
26205419.0,7032.0,1.0,0.6504516602,0.0516357422,0.7473754883,0.1253051758
26208387.0,2968.0,0.0,-1.62890625,-0.91015625,-1.7890625,0
26215419.0,7032.0,1.0,0.6473388672,0.0525512695,0.7501220703,0.1245727539
26218387.0,2968.0,0.0,-0.44921875,-0.98828125,-3.04296875,0
26225419.0,7032.0,1.0,0.6442260742,0.0541381836,0.7528686523,0.1234130859
26228387.0,2968.0,0.0,0.80859375,0.49609375,-3.4140625,0
26234419.0,6032.0,1.0,0.6411743164,0.0557861328,0.7554931641,0.122253418
26237387.0,2968.0,0.0,1.05859375,0.52734375,1.11328125,0
26245419.0,8032.0,1.0,0.6376953125,0.0573730469,0.7584838867,0.1213378906
26248387.0,2968.0,0.0,0.27734375,1.44921875,2.28125,0
26255419.0,7032.0,1.0,0.6340942383,0.05859375,0.7615356445,0.1209106445
26258387.0,2968.0,0.0,-0.76953125,0.3984375,2.6875,0
26265419.0,7032.0,1.0,0.6304931641,0.0596923828,0.7644042969,0.1208496094
26268387.0,2968.0,0.0,-1.90625,-1.41796875,2.66015625,0
26275419.0,7032.0,1.0,0.6267700195,0.0612182617,0.7673339844,0.1207275391
26278387.0,2968.0,0.0,-2.15234375,-2.62109375,0.4921875,0
26285419.0,7032.0,1.0,0.6232299805,0.0631713867,0.7701416016,0.1203613281
26288387.0,2968.0,0.0,-0.765625,-2.484375,-0.484375,0
26295419.0,7032.0,1.0,0.6195678711,0.065612793,0.7730102539,0.1196289063
26298387.0,2968.0,0.0,0.59765625,-1.51171875,0.18359375,0
26305419.0,7032.0,1.0,0.6157226563,0.0682983398,0.7760009766,0.1186523438
26308387.0,2968.0,0.0,1.1796875,-1.796875,1.1640625,0
26315419.0,7032.0,1.0,0.6118164063,0.0708007813,0.7789916992,0.1177368164
26318387.0,2968.0,0.0,1.45703125,0.44921875,-0.03515625,0
26325419.0,7032.0,1.0,0.6078491211,0.0728149414,0.7819824219,0.1171264648
26328387.0,2968.0,0.0,1.125,0.703125,-0.09375,0
26335419.0,7032.0,1.0,0.6040649414,0.0740356445,0.7847900391,0.1170654297
26338387.0,2968.0,0.0,1.1015625,0.42578125,0.07421875,0
26345419.0,7032.0,1.0,0.600402832,0.0744628906,0.7874755859,0.1174316406
26348387.0,2968.0,0.0,1.0390625,0.265625,0.65234375,0
26355419.0,7032.0,1.0,0.5968017578,0.0740966797,0.7901611328,0.118347168
26358387.0,2968.0,0.0,1.046875,-0.01953125,0.8515625,0
26365419.0,7032.0,1.0,0.5932006836,0.0731811523,0.7927246094,0.1196289063
26369387.0,3968.0,0.0,1.33203125,0.234375,0.96875,0
26375419.0,6032.0,1.0,0.5897216797,0.0718994141,0.7952270508,0.1211547852
26378387.0,2968.0,0.0,1.375,0.6171875,0.88671875,0
26385419.0,7032.0,1.0,0.5859985352,0.0703125,0.7978515625,0.1229858398
26388387.0,2968.0,0.0,0.28125,2.21875,1.0859375,0
26395419.0,7032.0,1.0,0.5821533203,0.0685424805,0.8004760742,0.1250610352
26398387.0,2968.0,0.0,0.01953125,2.73828125,0.88671875,0
26405419.0,7032.0,1.0,0.5783691406,0.0667114258,0.8029785156,0.1275024414
26409387.0,3968.0,0.0,-1.30859375,2.79296875,1.43359375,0
26415419.0,6032.0,1.0,0.5745239258,0.0648803711,0.8054199219,0.1303100586
26418387.0,2968.0,0.0,-2.10546875,1.42578125,0.76953125,0
26424419.0,6032.0,1.0,0.5708618164,0.063293457,0.8076782227,0.1333618164
26427387.0,2968.0,0.0,-3.70703125,0.70703125,-0.2421875,0
26435419.0,8032.0,1.0,0.5667724609,0.0620117187,0.8100585938,0.1370239258
26438387.0,2968.0,0.0,-4.40625,-0.3671875,0.640625,0
26445419.0,7032.0,1.0,0.5626831055,0.0614624023,0.8123168945,0.1406860352
26448387.0,2968.0,0.0,-5.4765625,-0.0703125,1.8515625,0
26455419.0,7032.0,1.0,0.5583496094,0.0618286133,0.8146362305,0.1444091797
26458387.0,2968.0,0.0,-6.359375,0.16796875,2.4296875,0
26465419.0,7032.0,1.0,0.553527832,0.0634155273,0.8170776367,0.1481323242
26468387.0,2968.0,0.0,-8.03125,-0.36328125,3.28125,0
26475419.0,7032.0,1.0,0.5486450195,0.06640625,0.819519043,0.1514282227
26478387.0,2968.0,0.0,-8.66796875,-0.6796875,3.13671875,0
26485419.0,7032.0,1.0,0.5433349609,0.0712890625,0.8221435547,0.1542358398
26488387.0,2968.0,0.0,-9.3515625,-1.578125,3.5390625,0
26495419.0,7032.0,1.0,0.5376586914,0.0783081055,0.8248901367,0.1561279297
26498387.0,2968.0,0.0,-10.07421875,-2.3671875,3.66796875,0
26505419.0,7032.0,1.0,0.5315551758,0.0876464844,0.8278198242,0.1566162109
26508387.0,2968.0,0.0,-10.58984375,-1.54296875,3.79296875,0
26515419.0,7032.0,1.0,0.5250854492,0.0990600586,0.8307495117,0.1557617188
26518387.0,2968.0,0.0,-11.6484375,-1.109375,5.15234375,0
26525419.0,7032.0,1.0,0.518371582,0.1119384766,0.8336181641,0.1544799805
26528387.0,2968.0,0.0,-13.2421875,0.3984375,5.90625,0
26535419.0,7032.0,1.0,0.5118408203,0.1248779297,0.8358764648,0.1540527344
26538387.0,2968.0,0.0,-15.23046875,3.625,6.921875,0
26545419.0,7032.0,1.0,0.5053100586,0.1383666992,0.8374023438,0.1559448242
26548387.0,2968.0,0.0,-13.9296875,9.11328125,1.859375,0
26555419.0,7032.0,1.0,0.4991455078,0.1513061523,0.837890625,0.1610107422
26558387.0,2968.0,0.0,-13.21875,12.59765625,-0.1640625,0
26565419.0,7032.0,1.0,0.4940185547,0.1625976563,0.8369140625,0.1705932617
26568387.0,2968.0,0.0,-13.55859375,15.75390625,-0.97265625,0
26575419.0,7032.0,1.0,0.4899291992,0.1719360352,0.8342285156,0.1857299805
26578387.0,2968.0,0.0,-7.85546875,13.3046875,-1.15234375,0
26585419.0,7032.0,1.0,0.4865112305,0.1802978516,0.8299560547,0.2048950195
26588387.0,2968.0,0.0,-5.11328125,7.96484375,3.09375,0
26595419.0,7032.0,1.0,0.4831542969,0.1893310547,0.825012207,0.223815918
26598387.0,2968.0,0.0,-1.08984375,3.203125,7.87109375,0
26605419.0,7032.0,1.0,0.4788208008,0.2013549805,0.8207397461,0.2378540039
26608387.0,2968.0,0.0,1.96484375,-2.85546875,10.390625,0
26617419.0,9032.0,1.0,0.4741210938,0.2175292969,0.8172607422,0.2448120117
26620387.0,2968.0,0.0,-4.27734375,30.05078125,9.515625,0
26625419.0,5032.0,1.0,0.4731445313,0.2333984375,0.8109130859,0.253112793
26628387.0,2968.0,0.0,0.5625,32.17578125,-0.3515625,0
26635419.0,7032.0,1.0,0.4786376953,0.2430419922,0.798828125,0.2714233398
26638387.0,2968.0,0.0,7.76953125,27.87109375,-24.421875,0
26645419.0,7032.0,1.0,0.4918823242,0.2393798828,0.7796630859,0.3048095703
26648387.0,2968.0,0.0,8.08984375,37.8828125,-19.5234375,0
26655419.0,7032.0,1.0,0.5122680664,0.2241821289,0.7529907227,0.3469238281
26658387.0,2968.0,0.0,13.0703125,-9.546875,-18.94140625,0
26665419.0,7032.0,1.0,0.5337524414,0.2090454102,0.7267456055,0.3784790039
26668387.0,2968.0,0.0,11.93359375,-27.2109375,-12.80859375,0
26675419.0,7032.0,1.0,0.5548706055,0.1979980469,0.7040405273,0.3966064453
26678387.0,2968.0,0.0,7.21484375,-21.7421875,-0.234375,0
26685419.0,7032.0,1.0,0.5768432617,0.1874389648,0.682800293,0.4073486328
26688387.0,2968.0,0.0,7.40234375,-14.80859375,-1.7265625,0
26698419.0,10032.0,1.0,0.598815918,0.1744995117,0.6624145508,0.4149169922
26701387.0,2968.0,0.0,7.3046875,-11.88671875,-0.16015625,0
26705419.0,4032.0,1.0,0.6235961914,0.157043457,0.639831543,0.4207763672
26708387.0,2968.0,0.0,7.5078125,-17.359375,-0.34765625,0
26715419.0,7032.0,1.0,0.6465454102,0.1398925781,0.6199951172,0.4219360352
26718387.0,2968.0,0.0,7.91796875,-21.24609375,0.4375,0
26725419.0,7032.0,1.0,0.66796875,0.1242675781,0.6031494141,0.4179077148
26728387.0,2968.0,0.0,7.98046875,-16.63671875,4.59765625,0
26738419.0,10032.0,1.0,0.6866455078,0.1109619141,0.5897827148,0.4103393555
26741387.0,2968.0,0.0,8.21484375,-13.47265625,4.56640625,0
26745419.0,4032.0,1.0,0.7053222656,0.0971679688,0.5774536133,0.3995361328
26748387.0,2968.0,0.0,8.80859375,-11.3359375,4.0,0
26755419.0,7032.0,1.0,0.7216796875,0.0842895508,0.5672607422,0.3876953125
26758387.0,2968.0,0.0,9.4609375,-9.56640625,3.421875,0
26765419.0,7032.0,1.0,0.7359008789,0.0725097656,0.5589599609,0.3751831055
26768387.0,2968.0,0.0,10.71484375,-10.13671875,3.73046875,0
26778419.0,10032.0,1.0,0.7482910156,0.0622558594,0.5524902344,0.3618774414
26781387.0,2968.0,0.0,10.609375,-9.74609375,4.140625,0
26785419.0,4032.0,1.0,0.7598876953,0.0531616211,0.5472412109,0.3468017578
26788387.0,2968.0,0.0,10.3515625,-8.58203125,4.23046875,0
26795419.0,7032.0,1.0,0.7695922852,0.0459594727,0.5436401367,0.3318481445
26798387.0,2968.0,0.0,10.4921875,-7.49609375,3.29296875,0
26805419.0,7032.0,1.0,0.7775878906,0.0401611328,0.5411987305,0.3176269531
26808387.0,2968.0,0.0,10.00390625,-5.71484375,2.15625,0
26815419.0,7032.0,1.0,0.7849731445,0.0347900391,0.5394897461,0.3025512695
26818387.0,2968.0,0.0,9.859375,-5.38671875,1.53515625,0
26825419.0,7032.0,1.0,0.7910766602,0.0306396484,0.5387573242,0.2881469727
26828387.0,2968.0,0.0,9.9296875,-5.5234375,1.2734375,0
26835419.0,7032.0,1.0,0.7961425781,0.0275878906,0.5387573242,0.2740478516
26838387.0,2968.0,0.0,9.69140625,-5.47265625,0.890625,0
26845419.0,7032.0,1.0,0.8003540039,0.0250854492,0.5394287109,0.2603149414
26848387.0,2968.0,0.0,8.25390625,-2.65625,0.28515625,0
26860419.0,12032.0,1.0,0.8032836914,0.022644043,0.5405273438,0.2490234375
26864387.0,3968.0,0.0,6.9765625,-3.4296875,-0.1171875,0
26867419.0,3032.0,1.0,0.805480957,0.0195922852,0.5422363281,0.23828125
26870387.0,2968.0,0.0,6.41015625,-3.625,-0.40234375,0
26875419.0,5032.0,1.0,0.8068237305,0.0166625977,0.5446777344,0.2282714844
26878387.0,2968.0,0.0,6.47265625,-3.4765625,-0.35546875,0
26885419.0,7032.0,1.0,0.8072509766,0.0145263672,0.547668457,0.219543457
26888387.0,2968.0,0.0,5.40625,-1.59765625,-2.4765625,0
26895419.0,7032.0,1.0,0.8068847656,0.0126953125,0.5513916016,0.2115478516
26898387.0,2968.0,0.0,4.8046875,0.296875,-4.23828125,0
26905419.0,7032.0,1.0,0.805847168,0.0103759766,0.5553588867,0.2049560547
26908387.0,2968.0,0.0,3.81640625,1.1953125,-5.68359375,0
26915419.0,7032.0,1.0,0.8042602539,0.0073852539,0.5596923828,0.1996459961
26918387.0,2968.0,0.0,0.76953125,1.734375,-7.58984375,0
26925419.0,7032.0,1.0,0.8023681641,0.0042724609,0.5639648438,0.1953735352
26928387.0,2968.0,0.0,-1.1015625,2.96875,-7.578125,0
26935419.0,7032.0,1.0,0.8001708984,0.0005493164,0.5681762695,0.1922607422
26938387.0,2968.0,0.0,-2.82421875,3.31640625,-7.21875,0
26946419.0,8032.0,1.0,0.7977294922,-0.0040283203,0.5722045898,0.1903686523
26949387.0,2968.0,0.0,-4.26953125,2.359375,-5.875,0
26955419.0,6032.0,1.0,0.7951660156,-0.0088500977,0.5759887695,0.1895751953
26958387.0,2968.0,0.0,-4.62109375,-2.359375,-2.265625,0
26965419.0,7032.0,1.0,0.7922363281,-0.0133666992,0.5800170898,0.1892089844
26968387.0,2968.0,0.0,-3.85546875,-4.40234375,-1.12890625,0
26975419.0,7032.0,1.0,0.7888793945,-0.016418457,0.5846557617,0.188659668
26978387.0,2968.0,0.0,-3.7109375,-5.25390625,-1.37890625,0
26985419.0,7032.0,1.0,0.7852783203,-0.0172729492,0.58984375,0.1874389648
26988387.0,2968.0,0.0,-4.8671875,-5.16015625,-0.83203125,0
27000419.0,12032.0,1.0,0.7814331055,-0.0160522461,0.5955810547,0.1854248047
27005387.0,4968.0,0.0,-5.66796875,-2.2265625,-2.69921875,0
27008419.0,3032.0,1.0,0.7771606445,-0.0132446289,0.6019897461,0.182800293
27011387.0,2968.0,0.0,-5.63671875,-2.2578125,-2.55078125,0
27015419.0,4032.0,1.0,0.7725219727,-0.0094604492,0.6089477539,0.1796875
27018387.0,2968.0,0.0,-5.76171875,-0.3515625,-3.46875,0
27025419.0,7032.0,1.0,0.7677612305,-0.005065918,0.6159057617,0.1765136719
27028387.0,2968.0,0.0,-5.890625,1.01171875,-4.26171875,0
27035419.0,7032.0,1.0,0.762878418,-0.0002441406,0.6228637695,0.1734008789
27038387.0,2968.0,0.0,-4.2578125,2.53515625,-5.41015625,0
27045419.0,7032.0,1.0,0.7581787109,0.0046386719,0.6293334961,0.1705322266
27048387.0,2968.0,0.0,-3.1328125,1.9375,-3.60546875,0
27055419.0,7032.0,1.0,0.753112793,0.0100708008,0.6361083984,0.1676025391
27058387.0,2968.0,0.0,-2.6953125,0.609375,-2.21484375,0
27065419.0,7032.0,1.0,0.7478027344,0.0161743164,0.6430664063,0.1644287109
27068387.0,2968.0,0.0,-2.53515625,0.5,-2.1953125,0
27075419.0,7032.0,1.0,0.7421875,0.0231933594,0.6502075195,0.1608276367
27078387.0,2968.0,0.0,-3.58984375,0.5390625,-3.6171875,0
27085419.0,7032.0,1.0,0.7365722656,0.0302124023,0.6571044922,0.1571655273
27088387.0,2968.0,0.0,-4.00390625,2.8125,-5.69921875,0
27095419.0,7032.0,1.0,0.7310791016,0.0360107422,0.6636352539,0.1541137695
27098387.0,2968.0,0.0,-5.453125,3.0625,-5.87109375,0
27105419.0,7032.0,1.0,0.7258911133,0.0401611328,0.6695556641,0.1520385742
27108387.0,2968.0,0.0,-5.375,3.16796875,-8.78125,0
27120419.0,12032.0,1.0,0.7213745117,0.0422363281,0.6745605469,0.1510009766
27124387.0,3968.0,0.0,-6.32421875,1.3828125,-6.8828125,0
27127419.0,3032.0,1.0,0.7169189453,0.0430297852,0.6793212891,0.1505737305
27130387.0,2968.0,0.0,-6.32421875,1.3671875,-6.7578125,0
27135419.0,5032.0,1.0,0.7127075195,0.0433959961,0.6837768555,0.1502075195
27138387.0,2968.0,0.0,-5.16796875,-0.44921875,-5.67578125,0
27145419.0,7032.0,1.0,0.7085571289,0.0435180664,0.6882324219,0.149597168
27148387.0,2968.0,0.0,-3.97265625,0.05859375,-5.40625,0
27155419.0,7032.0,1.0,0.7043457031,0.0436401367,0.6926879883,0.1488037109
27158387.0,2968.0,0.0,-5.23046875,0.9296875,-5.3984375,0
27165419.0,7032.0,1.0,0.7005004883,0.0439453125,0.6968383789,0.1477661133
27169387.0,3968.0,0.0,-5.15234375,-0.40234375,-5.32421875,0
27175419.0,6032.0,1.0,0.6967773438,0.0447387695,0.7007446289,0.1463623047
27178387.0,2968.0,0.0,-4.5703125,-0.06640625,-4.86328125,0
27185419.0,7032.0,1.0,0.6934814453,0.0458374023,0.704284668,0.1448364258
27188387.0,2968.0,0.0,-4.5703125,1.93359375,-4.265625,0
27195419.0,7032.0,1.0,0.6901245117,0.0469360352,0.7077636719,0.1434326172
27198387.0,2968.0,0.0,-3.91015625,0.78515625,-4.9765625,0
27205419.0,7032.0,1.0,0.6870117188,0.0480957031,0.7109375,0.1422119141
27208387.0,2968.0,0.0,-2.5703125,-0.2578125,-4.49609375,0
27215419.0,7032.0,1.0,0.6838378906,0.049621582,0.7141723633,0.1409912109
27218387.0,2968.0,0.0,-2.00390625,-0.07421875,-2.6328125,0
27225419.0,7032.0,1.0,0.6802978516,0.0518188477,0.7177124023,0.1393432617
27228387.0,2968.0,0.0,-2.73828125,-0.8828125,-1.60546875,0
27235419.0,7032.0,1.0,0.6767578125,0.0546264648,0.7212524414,0.1373901367
27238387.0,2968.0,0.0,-3.0078125,-0.86328125,-2.23046875,0
27245419.0,7032.0,1.0,0.6732788086,0.0581665039,0.7246704102,0.1350097656
27248387.0,2968.0,0.0,-3.2890625,-0.41796875,-3.42578125,0
27255419.0,7032.0,1.0,0.6701049805,0.0619506836,0.727722168,0.1325073242
27258387.0,2968.0,0.0,-3.0234375,0.6328125,-5.1171875,0
27265419.0,7032.0,1.0,0.6670532227,0.0657348633,0.7306518555,0.130065918
27268387.0,2968.0,0.0,-0.6640625,1.8046875,-3.7578125,0
27280419.0,12032.0,1.0,0.6641845703,0.0687255859,0.7333374023,0.1279907227
27284387.0,3968.0,0.0,-1.12890625,0.80078125,-0.140625,0
27287419.0,3032.0,1.0,0.660949707,0.0712890625,0.7362670898,0.1262817383
27290387.0,2968.0,0.0,-1.484375,1.2421875,0.09765625,0
27295419.0,5032.0,1.0,0.6576538086,0.0733032227,0.7392578125,0.1249389648
27298387.0,2968.0,0.0,-1.4921875,0.8125,0.0390625,0
27305419.0,7032.0,1.0,0.6546020508,0.0749511719,0.7419433594,0.1240234375
27308387.0,2968.0,0.0,-1.0390625,0.01171875,0.01953125,0
27315419.0,7032.0,1.0,0.6516113281,0.0765380859,0.7445678711,0.1231689453
27318387.0,2968.0,0.0,-0.48046875,-0.12109375,-0.1640625,0
27326419.0,8032.0,1.0,0.6486206055,0.0780639648,0.7471313477,0.1223754883
27329387.0,2968.0,0.0,-0.2578125,0.0234375,-0.62109375,0
27335419.0,6032.0,1.0,0.645690918,0.0794677734,0.7496948242,0.1214599609
27338387.0,2968.0,0.0,-0.07421875,1.7109375,-0.8046875,0
27345419.0,7032.0,1.0,0.6427001953,0.0805664063,0.7522583008,0.1206054688
27348387.0,2968.0,0.0,0.25390625,1.51171875,-0.87890625,0
27355419.0,7032.0,1.0,0.6397705078,0.0811157227,0.7548217773,0.1198730469
27358387.0,2968.0,0.0,0.8984375,1.5859375,-0.9453125,0
27366419.0,8032.0,1.0,0.6369018555,0.081237793,0.7572631836,0.1194458008
27369387.0,2968.0,0.0,1.3125,2.09375,-1.10546875,0
27375419.0,6032.0,1.0,0.6343383789,0.080871582,0.7595214844,0.1192626953
27378387.0,2968.0,0.0,2.1484375,1.6015625,-0.1171875,0
27385419.0,7032.0,1.0,0.6315917969,0.0800170898,0.7618408203,0.1195068359
27388387.0,2968.0,0.0,2.0234375,1.19140625,0.5,0
27395419.0,7032.0,1.0,0.6287231445,0.0785522461,0.7642822266,0.1201782227
27398387.0,2968.0,0.0,1.51171875,1.49609375,1.37109375,0
27406419.0,8032.0,1.0,0.6259155273,0.0767211914,0.7666015625,0.1212158203
27409387.0,2968.0,0.0,1.04296875,0.5078125,1.7421875,0
27415419.0,6032.0,1.0,0.6229858398,0.0747070313,0.7689208984,0.1225585938
27418387.0,2968.0,0.0,0.30859375,0.203125,0.96875,0
27425419.0,7032.0,1.0,0.6201782227,0.0726928711,0.7711791992,0.1241455078
27428387.0,2968.0,0.0,-0.0546875,-0.06640625,1.03125,0
27435419.0,7032.0,1.0,0.6172485352,0.0709228516,0.7734375,0.1257324219
27438387.0,2968.0,0.0,0.28515625,-0.57421875,1.171875,0
27446419.0,8032.0,1.0,0.6141357422,0.0695800781,0.7757568359,0.1272583008
27449387.0,2968.0,0.0,0.87109375,-0.50390625,1.35546875,0
27455419.0,6032.0,1.0,0.6109619141,0.0687866211,0.778137207,0.1285400391
27458387.0,2968.0,0.0,1.1640625,-0.7421875,1.54296875,0
27465419.0,7032.0,1.0,0.6076049805,0.0684814453,0.7805786133,0.1295776367
27468387.0,2968.0,0.0,1.25390625,-0.328125,1.92578125,0
27476419.0,8032.0,1.0,0.6040649414,0.0685424805,0.7831420898,0.1306762695
27479387.0,2968.0,0.0,1.453125,-0.50390625,2.07421875,0
27486419.0,7032.0,1.0,0.600402832,0.0688476563,0.7857055664,0.1319580078
27489387.0,2968.0,0.0,1.73828125,-2.63671875,2.7421875,0
27501419.0,12032.0,1.0,0.5968017578,0.0694580078,0.7881469727,0.1333618164
27506419.0,5000.0,1.0,0.5927734375,0.0704956055,0.7907714844,0.1351318359
27508387.0,1968.0,0.0,-0.40234375,-2.4765625,3.12890625,0
27516419.0,8032.0,1.0,0.5883178711,0.0720825195,0.7936401367,0.1371459961
27519387.0,2968.0,0.0,-1.12890625,-1.95703125,3.09765625,0
27525419.0,6032.0,1.0,0.5839233398,0.0739135742,0.7963256836,0.1392822266
27528387.0,2968.0,0.0,-3.515625,-1.12109375,2.49609375,0
27535419.0,7032.0,1.0,0.5792236328,0.076171875,0.7991333008,0.1417236328
27538387.0,2968.0,0.0,-4.86328125,-0.5234375,2.3203125,0
27545419.0,7032.0,1.0,0.5745239258,0.0787353516,0.8018188477,0.1443481445
27548387.0,2968.0,0.0,-5.68359375,-0.44140625,1.87890625,0
27555419.0,7032.0,1.0,0.5697021484,0.0816650391,0.8043823242,0.1472167969
27558387.0,2968.0,0.0,-5.9765625,-0.40625,1.6953125,0
27565419.0,7032.0,1.0,0.5651245117,0.0848999023,0.8068237305,0.1500854492
27568387.0,2968.0,0.0,-6.484375,-0.0546875,2.39453125,0
27575419.0,7032.0,1.0,0.5599365234,0.0889892578,0.8093261719,0.1533203125
27578387.0,2968.0,0.0,-7.28125,0.234375,3.9375,0
27585419.0,7032.0,1.0,0.5546875,0.0935668945,0.8118896484,0.1564331055
27588387.0,2968.0,0.0,-8.15625,-0.6171875,4.98828125,0
27596419.0,8032.0,1.0,0.5491333008,0.0989379883,0.814453125,0.1591796875
27599387.0,2968.0,0.0,-8.6875,-1.71484375,4.73828125,0
27606419.0,7032.0,1.0,0.5432128906,0.1056518555,0.8170776367,0.1616821289
27609387.0,2968.0,0.0,-9.4296875,-0.66796875,2.6640625,0
27615419.0,6032.0,1.0,0.5372924805,0.1132202148,0.8195800781,0.1636352539
27618387.0,2968.0,0.0,-10.16015625,-0.078125,2.45703125,0
27625419.0,7032.0,1.0,0.5310058594,0.1221923828,0.8221435547,0.1650390625
27628387.0,2968.0,0.0,-11.02734375,-0.37109375,2.54296875,0
27637419.0,9032.0,1.0,0.5247802734,0.131652832,0.8244628906,0.1660766602
27640387.0,2968.0,0.0,-12.546875,0.984375,2.8828125,0
27648419.0,8032.0,1.0,0.5181274414,0.1424560547,0.8265991211,0.167175293
27651387.0,2968.0,0.0,-16.25,5.1953125,3.4609375,0
27655419.0,4032.0,1.0,0.5118408203,0.1539306641,0.8282470703,0.1684570313
27658387.0,2968.0,0.0,-17.1015625,7.71875,2.54296875,0
27666419.0,8032.0,1.0,0.5055541992,0.1666259766,0.8291625977,0.170715332
27669387.0,2968.0,0.0,-15.45703125,11.140625,-1.63671875,0
27676419.0,7032.0,1.0,0.5,0.1790771484,0.8290405273,0.1749267578
27679387.0,2968.0,0.0,-11.67578125,13.0390625,-1.68359375,0
27686419.0,7032.0,1.0,0.495300293,0.1908569336,0.8276977539,0.1821899414
27689387.0,2968.0,0.0,-7.71875,15.86328125,-2.71484375,0
27695419.0,6032.0,1.0,0.4914550781,0.2015380859,0.8249511719,0.1932373047
27698387.0,2968.0,0.0,-3.078125,15.6328125,0.07421875,0
27706419.0,8032.0,1.0,0.4885253906,0.2112426758,0.8208618164,0.20703125
27709387.0,2968.0,0.0,1.5078125,14.15625,2.74609375,0
27720419.0,11032.0,1.0,0.4852294922,0.2229614258,0.8170166016,0.2174072266
27725387.0,4968.0,0.0,1.95703125,11.83984375,13.296875,0
27728419.0,3032.0,1.0,0.4808349609,0.2407836914,0.8142089844,0.2188720703
27731387.0,2968.0,0.0,1.78515625,11.67578125,13.359375,0
27735419.0,4032.0,1.0,0.4815673828,0.2559204102,0.8073120117,0.2255249023
27738387.0,2968.0,0.0,-0.4140625,59.9765625,4.97265625,0
27746419.0,8032.0,1.0,0.491027832,0.2612915039,0.7935180664,0.246887207
27749387.0,2968.0,0.0,7.18359375,24.6171875,-7.3515625,0
27755419.0,6032.0,1.0,0.5077514648,0.2553100586,0.7736816406,0.2800292969
27758387.0,2968.0,0.0,14.09375,33.63671875,-29.57421875,0
27765419.0,7032.0,1.0,0.5330200195,0.2353515625,0.7443237305,0.3262939453
27768387.0,2968.0,0.0,16.20703125,6.0234375,-32.84375,0
27778419.0,10032.0,1.0,0.5584106445,0.2130737305,0.7139892578,0.3646240234
27781387.0,2968.0,0.0,14.3515625,-15.94140625,-19.78515625,0
27788419.0,7032.0,1.0,0.5827026367,0.1954956055,0.686340332,0.3887939453
27791387.0,2968.0,0.0,8.125,-29.2421875,1.203125,0
27796419.0,5032.0,1.0,0.6052246094,0.182800293,0.6630859375,0.4007568359
27799387.0,2968.0,0.0,9.50390625,-20.88671875,1.58203125,0
27805419.0,6032.0,1.0,0.6276855469,0.1701049805,0.6412963867,0.4071655273
27808387.0,2968.0,0.0,8.07421875,-14.51953125,3.19921875,0
27817419.0,9032.0,1.0,0.649597168,0.1551513672,0.6203613281,0.4111938477
27820387.0,2968.0,0.0,6.125,-16.33203125,2.58984375,0
27827419.0,7032.0,1.0,0.6704711914,0.1390380859,0.6010742188,0.4121704102
27830387.0,2968.0,0.0,5.08984375,-22.29296875,2.51171875,0
27835419.0,5032.0,1.0,0.6897583008,0.1242675781,0.5847167969,0.4085693359
27838387.0,2968.0,0.0,4.57421875,-21.24609375,6.38671875,0
27845419.0,7032.0,1.0,0.7071533203,0.1117553711,0.5716552734,0.4008178711
27848387.0,2968.0,0.0,4.78125,-18.06640625,5.61328125,0
27856419.0,8032.0,1.0,0.7225952148,0.1014404297,0.5616455078,0.3900146484
27859387.0,2968.0,0.0,4.9140625,-15.48828125,5.1484375,0
27866419.0,7032.0,1.0,0.7358398438,0.0934448242,0.5543823242,0.3774414063
27869387.0,2968.0,0.0,6.3046875,-10.5,3.46875,0
27881419.0,12032.0,1.0,0.7468261719,0.0874633789,0.5494384766,0.3643188477
27886387.0,4968.0,0.0,8.97265625,-6.3828125,2.31640625,0
27889419.0,3032.0,1.0,0.757019043,0.0819702148,0.5455322266,0.3501586914
27892387.0,2968.0,0.0,9.92578125,-4.80078125,1.48046875,0
27896419.0,4032.0,1.0,0.7666625977,0.0762329102,0.542175293,0.3354492188
27899387.0,2968.0,0.0,10.03515625,-4.55078125,1.39453125,0
27906419.0,7032.0,1.0,0.7741088867,0.0706176758,0.5396118164,0.323425293
27909387.0,2968.0,0.0,10.84765625,-3.10546875,0.13671875,0
27916419.0,7032.0,1.0,0.7810668945,0.0637207031,0.5372314453,0.3118286133
27919387.0,2968.0,0.0,11.046875,-4.02734375,-0.203125,0
27926419.0,7032.0,1.0,0.7869873047,0.056640625,0.5354614258,0.3012695313
27929387.0,2968.0,0.0,10.98046875,-5.37109375,-0.06640625,0
27936419.0,7032.0,1.0,0.7918701172,0.0504150391,0.5346679688,0.2907714844
27939387.0,2968.0,0.0,10.515625,-6.74609375,0.36328125,0
27945419.0,6032.0,1.0,0.7955932617,0.0462646484,0.5350952148,0.2803344727
27948387.0,2968.0,0.0,9.24609375,-7.1796875,0.4765625,0
27960419.0,12032.0,1.0,0.7985229492,0.0443725586,0.5368041992,0.2686767578
27963387.0,2968.0,0.0,8.55078125,-7.0390625,-0.06640625,0
27967419.0,4032.0,1.0,0.8006591797,0.0443725586,0.539855957,0.2559814453
27970387.0,2968.0,0.0,7.8828125,-4.8984375,-0.8828125,0
27976419.0,6032.0,1.0,0.8018188477,0.0442504883,0.5432739258,0.2450561523
27979387.0,2968.0,0.0,7.37109375,-1.08203125,-1.38671875,0
27986419.0,7032.0,1.0,0.8022460938,0.0422973633,0.546875,0.2357788086
27989387.0,2968.0,0.0,5.640625,1.44921875,-2.6953125,0
27996419.0,7032.0,1.0,0.8020629883,0.0383300781,0.5503540039,0.2289428711
27999387.0,2968.0,0.0,4.69921875,0.453125,-3.40234375,0
28006419.0,7032.0,1.0,0.8013305664,0.0332641602,0.553894043,0.2236328125
28009387.0,2968.0,0.0,3.65234375,-0.30078125,-4.48046875,0
28016419.0,7032.0,1.0,0.8001708984,0.028137207,0.5575561523,0.2191772461
28019387.0,2968.0,0.0,2.17578125,-0.14453125,-5.75,0
28026419.0,7032.0,1.0,0.7987060547,0.0230712891,0.5612182617,0.2157592773
28029387.0,2968.0,0.0,-1.02734375,3.2421875,-8.3984375,0
28036419.0,7032.0,1.0,0.7970581055,0.0173339844,0.5646972656,0.2134399414
28039387.0,2968.0,0.0,-2.703125,4.00390625,-7.87109375,0
28046419.0,7032.0,1.0,0.7951660156,0.0107421875,0.5679321289,0.2122802734
28049387.0,2968.0,0.0,-3.8046875,3.4921875,-7.21875,0
28058419.0,9032.0,1.0,0.7931518555,0.0043334961,0.5709228516,0.2120361328
28061387.0,2968.0,0.0,-4.6875,1.82421875,-5.31640625,0
28068419.0,7032.0,1.0,0.7907104492,-0.0021362305,0.5742797852,0.2121582031
28071387.0,2968.0,0.0,-3.765625,-1.01171875,-1.9140625,0
28075419.0,4032.0,1.0,0.7879638672,-0.0072631836,0.5779418945,0.2122192383
28078387.0,2968.0,0.0,-4.76171875,-2.328125,-0.41015625,0
28086419.0,8032.0,1.0,0.7847900391,-0.0107421875,0.5823974609,0.2117919922
28089387.0,2968.0,0.0,-4.68359375,-3.16796875,-0.69921875,0
28096419.0,7032.0,1.0,0.7813720703,-0.0120239258,0.5872802734,0.2106933594
28099387.0,2968.0,0.0,-3.89453125,-4.953125,-0.58203125,0
28106419.0,7032.0,1.0,0.7774658203,-0.0111694336,0.5932006836,0.2086181641
28109387.0,2968.0,0.0,-2.9375,-4.5390625,-1.59765625,0
28116419.0,7032.0,1.0,0.7733764648,-0.0085449219,0.5995483398,0.2057495117
28119387.0,2968.0,0.0,-2.59765625,-2.46484375,-2.453125,0
28126419.0,7032.0,1.0,0.7689208984,-0.0046386719,0.6064453125,0.2023925781
28129387.0,2968.0,0.0,-2.65234375,-1.8984375,-3.20703125,0
28135419.0,6032.0,1.0,0.7645263672,-0.0005493164,0.6130371094,0.1991577148
28138387.0,2968.0,0.0,-3.80859375,1.203125,-4.546875,0
28146419.0,8032.0,1.0,0.7597045898,0.0036621094,0.6200561523,0.1960449219
28149387.0,2968.0,0.0,-4.24609375,-0.109375,-4.15234375,0
28156419.0,7032.0,1.0,0.754699707,0.0080566406,0.6268920898,0.1932373047
28159387.0,2968.0,0.0,-4.34375,-1.12109375,-2.41796875,0
28166419.0,7032.0,1.0,0.7495727539,0.0132446289,0.6337890625,0.1904907227
28169387.0,2968.0,0.0,-3.6015625,-0.41796875,-1.51953125,0
28176419.0,7032.0,1.0,0.7440185547,0.01953125,0.6410522461,0.1873779297
28179387.0,2968.0,0.0,-2.98046875,-2.06640625,-1.84375,0
28186419.0,7032.0,1.0,0.7383422852,0.0264282227,0.6483154297,0.1839599609
28189387.0,2968.0,0.0,-3.0859375,-0.44921875,-2.9140625,0
28198419.0,9032.0,1.0,0.7327880859,0.0328369141,0.6551513672,0.1807861328
28201387.0,2968.0,0.0,-4.08203125,0.58984375,-4.11328125,0
28208419.0,7032.0,1.0,0.7270507813,0.0386352539,0.6619873047,0.1779174805
28211387.0,2968.0,0.0,-5.38671875,1.37109375,-4.96875,0
28215419.0,4032.0,1.0,0.7217407227,0.0433959961,0.6681518555,0.1754150391
28218387.0,2968.0,0.0,-4.84765625,0.48828125,-7.8671875,0
28226419.0,8032.0,1.0,0.7164306641,0.0471801758,0.6741943359,0.1732177734
28230387.0,3968.0,0.0,-4.0,1.5625,-7.89453125,0
28236419.0,6032.0,1.0,0.7113647461,0.0497436523,0.6798095703,0.1714477539
28239387.0,2968.0,0.0,-3.31640625,0.92578125,-8.58984375,0
28246419.0,7032.0,1.0,0.7066650391,0.0513916016,0.6848754883,0.1700439453
28249387.0,2968.0,0.0,-4.609375,1.0625,-7.9140625,0
28256419.0,7032.0,1.0,0.7022705078,0.0522460937,0.6896362305,0.1688232422
28259387.0,2968.0,0.0,-5.29296875,2.47265625,-6.9765625,0
28266419.0,7032.0,1.0,0.6982421875,0.0524291992,0.6939086914,0.1679077148
28269387.0,2968.0,0.0,-4.91015625,1.9453125,-5.09375,0
28276419.0,7032.0,1.0,0.6942749023,0.0527954102,0.6981201172,0.1666870117
28279387.0,2968.0,0.0,-4.44140625,-1.65625,-4.17578125,0
28286419.0,7032.0,1.0,0.6904296875,0.0540771484,0.702331543,0.1646118164
28289387.0,2968.0,0.0,-3.8984375,1.1484375,-5.4296875,0
28296419.0,7032.0,1.0,0.6867675781,0.0560913086,0.7064208984,0.1617431641
28299387.0,2968.0,0.0,-3.75390625,1.68359375,-6.65234375,0
28306419.0,7032.0,1.0,0.6834106445,0.0581054687,0.710144043,0.1588745117
28310387.0,3968.0,0.0,-3.63671875,3.95703125,-7.84375,0
28316419.0,6032.0,1.0,0.680480957,0.059387207,0.7133789063,0.1566162109
28319387.0,2968.0,0.0,-3.25390625,4.41796875,-7.51171875,0
28326419.0,7032.0,1.0,0.677734375,0.0601806641,0.7163085938,0.1547851563
28329387.0,2968.0,0.0,-3.4453125,0.09765625,-3.51953125,0
28341419.0,12032.0,1.0,0.6747436523,0.0609130859,0.7194213867,0.1529541016
28345387.0,3968.0,0.0,-4.25,-1.52734375,-1.81640625,0
28348419.0,3032.0,1.0,0.6715698242,0.0618286133,0.7227172852,0.1511230469
28351387.0,2968.0,0.0,-4.328125,0.19921875,-2.13671875,0
28356419.0,5032.0,1.0,0.6683349609,0.0631103516,0.7260131836,0.1492919922
28359387.0,2968.0,0.0,-4.328125,0.20703125,-2.03515625,0
28366419.0,7032.0,1.0,0.665222168,0.0646362305,0.7290039063,0.147644043
28369387.0,2968.0,0.0,-2.61328125,-0.67578125,-2.859375,0
28376419.0,7032.0,1.0,0.6623535156,0.0667114258,0.7318115234,0.1458740234
28379387.0,2968.0,0.0,-1.30859375,-0.7890625,-1.38671875,0
28386419.0,7032.0,1.0,0.6592407227,0.0697631836,0.7348022461,0.1434936523
28389387.0,2968.0,0.0,-0.328125,-0.64453125,-1.30078125,0
28396419.0,7032.0,1.0,0.6560058594,0.0732421875,0.7378540039,0.1409912109
28399387.0,2968.0,0.0,-0.15234375,0.19140625,-0.43359375,0
28406419.0,7032.0,1.0,0.6525878906,0.076965332,0.7409667969,0.1384277344
28409387.0,2968.0,0.0,-0.88671875,0.59375,1.12890625,0
28416419.0,7032.0,1.0,0.6491699219,0.0805664063,0.7440185547,0.1359863281
28419387.0,2968.0,0.0,-0.90234375,-0.1796875,0.65625,0
28426419.0,7032.0,1.0,0.6456298828,0.0841674805,0.7471313477,0.1336669922
28429387.0,2968.0,0.0,-1.00390625,-0.1484375,0.453125,0
28436419.0,7032.0,1.0,0.6421508789,0.0875244141,0.7501831055,0.1313476563
28439387.0,2968.0,0.0,0.21484375,1.1484375,-0.89453125,0
28446419.0,7032.0,1.0,0.638671875,0.090637207,0.753112793,0.1290893555
28449387.0,2968.0,0.0,0.19140625,1.17578125,-0.79296875,0
28456419.0,7032.0,1.0,0.6353149414,0.0932006836,0.7560424805,0.126953125
28459387.0,2968.0,0.0,0.18359375,1.25390625,-0.8046875,0
28466419.0,7032.0,1.0,0.6319580078,0.0950317383,0.7589111328,0.1251220703
28469387.0,2968.0,0.0,0.16796875,1.18359375,-0.7578125,0
28476419.0,7032.0,1.0,0.6287841797,0.0959472656,0.7616577148,0.1237792969
28479387.0,2968.0,0.0,1.1484375,1.34765625,-0.48046875,0
28486419.0,7032.0,1.0,0.6256103516,0.0960693359,0.7644042969,0.1227416992
28489387.0,2968.0,0.0,1.984375,1.58984375,-0.81640625,0
28496419.0,7032.0,1.0,0.6226806641,0.0953979492,0.7670288086,0.1220092773
28499387.0,2968.0,0.0,2.5859375,2.48828125,-0.9296875,0
28506419.0,7032.0,1.0,0.6197509766,0.0940551758,0.7695922852,0.1215820313
28509387.0,2968.0,0.0,2.6484375,2.55078125,-0.5078125,0
28516419.0,7032.0,1.0,0.6170654297,0.0921630859,0.7719726563,0.1215820313
28519387.0,2968.0,0.0,1.26171875,2.44921875,-0.08984375,0
28526419.0,7032.0,1.0,0.6141357422,0.0895996094,0.7745361328,0.1220703125
28529387.0,2968.0,0.0,-0.0390625,1.859375,0.1328125,0
28536419.0,7032.0,1.0,0.6113891602,0.0866699219,0.7769165039,0.1229858398
28539387.0,2968.0,0.0,-0.59375,1.34765625,-0.609375,0
28546419.0,7032.0,1.0,0.6087036133,0.0837402344,0.7791137695,0.1242675781
28549387.0,2968.0,0.0,-0.33203125,2.51171875,-0.01953125,0
28561419.0,12032.0,1.0,0.6061401367,0.0809936523,0.7811889648,0.125793457
28565387.0,3968.0,0.0,0.5703125,0.64453125,3.8359375,0
28568419.0,3032.0,1.0,0.6031494141,0.0783691406,0.7835083008,0.1275024414
28571387.0,2968.0,0.0,0.5625,0.64453125,3.90625,0
28576419.0,5032.0,1.0,0.5996704102,0.0762329102,0.7860717773,0.1292114258
28579387.0,2968.0,0.0,-0.1484375,0.0625,4.2734375,0
28586419.0,7032.0,1.0,0.5959472656,0.0749511719,0.7887573242,0.1307983398
28589387.0,2968.0,0.0,-1.25390625,-0.484375,3.9765625,0
28596419.0,7032.0,1.0,0.5921020508,0.0745239258,0.7914428711,0.1321411133
28599387.0,2968.0,0.0,-2.234375,0.10546875,1.48046875,0
28606419.0,7032.0,1.0,0.5880737305,0.0748901367,0.7941894531,0.1334228516
28609387.0,2968.0,0.0,-2.2265625,-0.03125,0.00390625,0
28616419.0,7032.0,1.0,0.5840454102,0.0759277344,0.796875,0.1345825195
28619387.0,2968.0,0.0,-2.6796875,0.89453125,-0.56640625,0
28626419.0,7032.0,1.0,0.5800170898,0.0773925781,0.7994384766,0.1359863281
28629387.0,2968.0,0.0,-3.2265625,0.97265625,0.93359375,0
28636419.0,7032.0,1.0,0.5757446289,0.0790405273,0.8020019531,0.1378173828
28639387.0,2968.0,0.0,-3.9921875,0.88671875,0.859375,0
28646419.0,7032.0,1.0,0.5714111328,0.0808105469,0.8045043945,0.1403808594
28650387.0,3968.0,0.0,-5.53125,1.48046875,1.4140625,0
28656419.0,6032.0,1.0,0.5671386719,0.0826416016,0.8067626953,0.1436767578
28659387.0,2968.0,0.0,-7.34765625,1.375,2.48046875,0
28666419.0,7032.0,1.0,0.5628051758,0.0848388672,0.8088989258,0.1475830078
28669387.0,2968.0,0.0,-9.92578125,-0.8515625,4.234375,0
28676419.0,7032.0,1.0,0.5581665039,0.0877685547,0.8109741211,0.1518554688
28679387.0,2968.0,0.0,-11.13671875,-1.296875,4.8046875,0
28686419.0,7032.0,1.0,0.5532226563,0.0919189453,0.8131103516,0.1560668945
28689387.0,2968.0,0.0,-12.05078125,-2.1171875,5.9609375,0
28696419.0,7032.0,1.0,0.5479125977,0.0975341797,0.8153686523,0.1596679688
28699387.0,2968.0,0.0,-12.50390625,-2.76953125,6.35546875,0
28706419.0,7032.0,1.0,0.5422973633,0.1049194336,0.8176269531,0.1623535156
28709387.0,2968.0,0.0,-13.546875,-3.2265625,6.03515625,0
28721419.0,12032.0,1.0,0.5362548828,0.1142578125,0.8200073242,0.1642456055
28725387.0,3968.0,0.0,-15.5625,-0.35546875,4.14453125,0
28728419.0,3032.0,1.0,0.5299682617,0.1252441406,0.8221435547,0.1657104492
28731387.0,2968.0,0.0,-16.5859375,0.25,4.55859375,0
28736419.0,5032.0,1.0,0.5235595703,0.1378173828,0.8239135742,0.1676025391
28739387.0,2968.0,0.0,-16.6953125,0.109375,4.68359375,0
28746419.0,7032.0,1.0,0.5177001953,0.1501464844,0.8247680664,0.1710205078
28749387.0,2968.0,0.0,-15.859375,9.7109375,0.13671875,0
28756419.0,7032.0,1.0,0.5126342773,0.1614379883,0.8244018555,0.1774902344
28759387.0,2968.0,0.0,-14.18359375,10.89453125,-1.87890625,0
28766419.0,7032.0,1.0,0.5084228516,0.1718139648,0.8226318359,0.1877441406
28769387.0,2968.0,0.0,-10.6015625,11.41796875,-2.0625,0
28776419.0,7032.0,1.0,0.5050048828,0.1813354492,0.8193359375,0.2019042969
28779387.0,2968.0,0.0,-4.9375,11.734375,-1.640625,0
28786419.0,7032.0,1.0,0.5022583008,0.1898803711,0.8147583008,0.2188110352
28789387.0,2968.0,0.0,3.59375,3.8671875,4.9375,0
28801419.0,12032.0,1.0,0.4993896484,0.1993408203,0.8101196289,0.2335205078
28805387.0,3968.0,0.0,7.5703125,-19.48828125,10.8359375,0
28808419.0,3032.0,1.0,0.494140625,0.216796875,0.8076782227,0.2377319336
28811387.0,2968.0,0.0,0.79296875,10.1484375,16.109375,0
28816419.0,5032.0,1.0,0.4901123047,0.2373657227,0.8041992188,0.2381591797
28819387.0,2968.0,0.0,-0.4609375,51.3125,10.6953125,0
28826419.0,7032.0,1.0,0.4920043945,0.2525634766,0.7958984375,0.2463378906
28829387.0,2968.0,0.0,11.3125,19.6015625,-9.94921875,0
28836419.0,7032.0,1.0,0.500793457,0.2583007813,0.782043457,0.2662963867
28839387.0,2968.0,0.0,10.62109375,32.16796875,-13.76171875,0
28846419.0,7032.0,1.0,0.5193481445,0.2476806641,0.7587280273,0.3053588867
28849387.0,2968.0,0.0,15.859375,44.43359375,-27.0703125,0
28861419.0,12032.0,1.0,0.5435180664,0.2255249023,0.7286376953,0.3504638672
28866387.0,4968.0,0.0,10.86328125,-30.03515625,-11.35546875,0
28869419.0,3032.0,1.0,0.5681152344,0.2033691406,0.6981811523,0.3853759766
28872387.0,2968.0,0.0,10.88671875,-30.18359375,-12.37109375,0
28876419.0,4032.0,1.0,0.5912475586,0.1868896484,0.6718139648,0.4051513672
28879387.0,2968.0,0.0,5.12890625,-29.35546875,0.1484375,0
28887419.0,8032.0,1.0,0.6131591797,0.1741333008,0.6497192383,0.4142456055
28890387.0,2968.0,0.0,6.1796875,-20.7265625,0.49609375,0
28896419.0,6032.0,1.0,0.6337890625,0.1610717773,0.6302490234,0.4185180664
28899387.0,2968.0,0.0,4.9921875,-13.65234375,4.13671875,0
28906419.0,7032.0,1.0,0.65625,0.1444091797,0.6096801758,0.4204711914
28909387.0,2968.0,0.0,4.64453125,-19.9609375,2.05078125,0
28918419.0,9032.0,1.0,0.67578125,0.1295166016,0.5931396484,0.41796875
28921387.0,2968.0,0.0,4.171875,-23.640625,3.58203125,0
28928419.0,7032.0,1.0,0.6937255859,0.1173095703,0.5802001953,0.4102783203
28931387.0,2968.0,0.0,4.3203125,-21.34375,6.2578125,0
28936419.0,5032.0,1.0,0.7098999023,0.1076049805,0.5704956055,0.3987426758
28939387.0,2968.0,0.0,5.50390625,-12.03515625,5.42578125,0
28946419.0,7032.0,1.0,0.7244262695,0.0987548828,0.5628662109,0.3854980469
28949387.0,2968.0,0.0,6.10546875,-9.125,4.03515625,0
28956419.0,7032.0,1.0,0.7374267578,0.0895385742,0.5565795898,0.3720092773
28959387.0,2968.0,0.0,7.5078125,-7.71875,3.82421875,0
28967419.0,8032.0,1.0,0.7485351563,0.0807495117,0.5517578125,0.3587646484
28970387.0,2968.0,0.0,9.6328125,-8.1171875,3.34765625,0
28982419.0,12032.0,1.0,0.7575683594,0.0741577148,0.5487670898,0.3456420898
28987419.0,5000.0,1.0,0.7658691406,0.0692749023,0.5471191406,0.3306884766
28989387.0,1968.0,0.0,11.30859375,-6.40625,2.25390625,0
28996419.0,7032.0,1.0,0.7728271484,0.0658569336,0.5465087891,0.3157958984
28999387.0,2968.0,0.0,10.7578125,-4.2421875,1.3828125,0
29006419.0,7032.0,1.0,0.7785644531,0.0630493164,0.5465087891,0.3020019531
29009387.0,2968.0,0.0,10.53125,-3.51953125,0.5,0
29016419.0,7032.0,1.0,0.7833862305,0.060546875,0.5471191406,0.2886352539
29019387.0,2968.0,0.0,10.65234375,-6.10546875,0.84375,0
29026419.0,7032.0,1.0,0.787109375,0.0595703125,0.5486450195,0.275390625
29029387.0,2968.0,0.0,10.44921875,-7.91796875,-0.28125,0
29036419.0,7032.0,1.0,0.7897338867,0.0603637695,0.5513305664,0.2620849609
29039387.0,2968.0,0.0,9.74609375,-6.9140625,-0.33203125,0
29046419.0,7032.0,1.0,0.7913818359,0.061340332,0.5546875,0.2496337891
29049387.0,2968.0,0.0,8.05078125,-1.33203125,-2.0546875,0
29061419.0,12032.0,1.0,0.7921142578,0.0604858398,0.5581665039,0.239440918
29065387.0,3968.0,0.0,5.82421875,1.95703125,-4.0234375,0
29068419.0,3032.0,1.0,0.7922363281,0.0563964844,0.5616455078,0.2317504883
29071387.0,2968.0,0.0,5.88671875,2.08984375,-3.9609375,0
29076419.0,5032.0,1.0,0.7917480469,0.0497436523,0.565246582,0.2261962891
29079387.0,2968.0,0.0,4.46484375,0.67578125,-5.19921875,0
29086419.0,7032.0,1.0,0.7908325195,0.0436401367,0.5686645508,0.2221069336
29089387.0,2968.0,0.0,-1.80078125,0.1875,-8.01171875,0
29096419.0,7032.0,1.0,0.7894287109,0.0373535156,0.5726318359,0.217956543
29099387.0,2968.0,0.0,-5.1484375,2.45703125,-9.390625,0
29106419.0,7032.0,1.0,0.7880249023,0.0314331055,0.5761108398,0.21484375
29110387.0,3968.0,0.0,-7.59375,3.64453125,-9.28125,0
29116419.0,6032.0,1.0,0.7865600586,0.0255737305,0.579284668,0.2124023438
29119387.0,2968.0,0.0,-6.86328125,2.17578125,-8.48828125,0
29126419.0,7032.0,1.0,0.7849121094,0.0196533203,0.5824584961,0.2103881836
29129387.0,2968.0,0.0,-3.09375,-2.46484375,-1.72265625,0
29136419.0,7032.0,1.0,0.7828979492,0.0143432617,0.5858764648,0.2087402344
29139387.0,2968.0,0.0,-1.03125,-1.96484375,1.45703125,0
29146419.0,7032.0,1.0,0.7803344727,0.0095825195,0.5899658203,0.2072143555
29149387.0,2968.0,0.0,-0.6015625,-3.45703125,2.73828125,0
29156419.0,7032.0,1.0,0.7772216797,0.0060424805,0.5946655273,0.2054443359
29159387.0,2968.0,0.0,-1.98828125,-3.82421875,2.76171875,0
29166419.0,7032.0,1.0,0.7737426758,0.0042724609,0.6000366211,0.203125
29169387.0,2968.0,0.0,-4.32421875,-3.59375,0.58203125,0
29176419.0,7032.0,1.0,0.7699584961,0.0046386719,0.6059570313,0.200012207
29179387.0,2968.0,0.0,-4.70703125,-4.58203125,-0.43359375,0
29187419.0,8032.0,1.0,0.7657470703,0.0068969727,0.612487793,0.1959228516
29190387.0,2968.0,0.0,-5.10546875,-2.47265625,-1.3125,0
29196419.0,6032.0,1.0,0.7615356445,0.0103759766,0.6190795898,0.1914672852
29199387.0,2968.0,0.0,-5.34765625,-1.08203125,-2.34375,0
29209419.0,10032.0,1.0,0.7568969727,0.0149536133,0.626159668,0.1864624023
29212387.0,2968.0,0.0,-4.62890625,0.23828125,-5.48046875,0
29216419.0,4032.0,1.0,0.7521362305,0.0200805664,0.6331787109,0.1814575195
29219387.0,2968.0,0.0,-3.76171875,-0.0625,-5.578125,0
29227419.0,8032.0,1.0,0.7470703125,0.0258178711,0.6403808594,0.1764526367
29230387.0,2968.0,0.0,-3.36328125,0.51171875,-4.36328125,0
29236419.0,6032.0,1.0,0.7419433594,0.0313720703,0.647277832,0.1718139648
29239387.0,2968.0,0.0,-2.12890625,-0.2109375,-0.66015625,0
29246419.0,7032.0,1.0,0.7362670898,0.0367431641,0.6546020508,0.1673583984
29249387.0,2968.0,0.0,-1.6171875,0.36328125,-1.16796875,0
29256419.0,7032.0,1.0,0.7305297852,0.0411987305,0.6617431641,0.1635131836
29259387.0,2968.0,0.0,-2.2890625,1.55859375,-1.7578125,0
29267419.0,8032.0,1.0,0.7248535156,0.0448608398,0.6685791016,0.1600952148
29270387.0,2968.0,0.0,-3.546875,1.54296875,-4.296875,0
29276419.0,6032.0,1.0,0.7196044922,0.047668457,0.6746826172,0.157043457
29279387.0,2968.0,0.0,-4.3828125,2.484375,-8.0,0
29286419.0,7032.0,1.0,0.7144775391,0.049987793,0.6806640625,0.1541137695
29289387.0,2968.0,0.0,-4.21875,3.2421875,-9.72265625,0
29296419.0,7032.0,1.0,0.709777832,0.0511474609,0.6860351563,0.1516113281
29299387.0,2968.0,0.0,-3.67578125,3.52734375,-10.5,0
29307419.0,8032.0,1.0,0.7055053711,0.0510864258,0.6908569336,0.1496582031
29310387.0,2968.0,0.0,-4.2421875,2.35546875,-9.41796875,0
29322419.0,12032.0,1.0,0.7017211914,0.0498657227,0.6950683594,0.1481933594
29327387.0,4968.0,0.0,-5.5390625,1.734375,-4.48046875,0
29330419.0,3032.0,1.0,0.6979370117,0.0478515625,0.6992797852,0.1469116211
29333387.0,2968.0,0.0,-5.56640625,-0.1796875,-5.55078125,0
29337419.0,4032.0,1.0,0.6940307617,0.0456542969,0.7036132813,0.1454467773
29340387.0,2968.0,0.0,-5.55078125,-0.1484375,-5.43359375,0
29347419.0,7032.0,1.0,0.6907958984,0.0438232422,0.7072143555,0.1441040039
29350387.0,2968.0,0.0,-4.73828125,1.69921875,-6.30078125,0
29356419.0,6032.0,1.0,0.6876220703,0.0420532227,0.7106323242,0.1428833008
29359387.0,2968.0,0.0,-3.7734375,0.6875,-5.4453125,0
29367419.0,8032.0,1.0,0.6846313477,0.0407714844,0.7138671875,0.1416625977
29371387.0,3968.0,0.0,-3.078125,1.1015625,-4.6953125,0
29377419.0,6032.0,1.0,0.6814575195,0.0399169922,0.7171630859,0.1403808594
29380387.0,2968.0,0.0,-2.46484375,2.3125,-2.76171875,0
29387419.0,7032.0,1.0,0.6781616211,0.0393676758,0.7205200195,0.1392211914
29390387.0,2968.0,0.0,-3.421875,0.453125,1.73046875,0
29396419.0,6032.0,1.0,0.6746826172,0.0396118164,0.7239990234,0.1379394531
29399387.0,2968.0,0.0,-4.41796875,0.61328125,0.453125,0
29407419.0,8032.0,1.0,0.6712646484,0.0408325195,0.7274169922,0.1364135742
29411387.0,3968.0,0.0,-4.6640625,0.34765625,-1.24609375,0
29417419.0,6032.0,1.0,0.6677246094,0.0431518555,0.7308959961,0.1344604492
29420387.0,2968.0,0.0,-4.01953125,0.18359375,-2.33203125,0
29426419.0,6032.0,1.0,0.6644287109,0.0462036133,0.7340698242,0.1323242188
29429387.0,2968.0,0.0,-0.87890625,-1.01171875,-4.68359375,0
29436419.0,7032.0,1.0,0.660949707,0.0501098633,0.7374267578,0.1297607422
29439387.0,2968.0,0.0,0.1796875,-0.53515625,-4.88671875,0
29447419.0,8032.0,1.0,0.6575927734,0.0540161133,0.7405395508,0.1273193359
29450387.0,2968.0,0.0,-0.02734375,0.18359375,-2.83203125,0
29457419.0,7032.0,1.0,0.6541748047,0.0576171875,0.7437133789,0.1251831055
29460387.0,2968.0,0.0,-0.65625,1.04296875,-0.28125,0
29466419.0,6032.0,1.0,0.6506958008,0.0604858398,0.7467651367,0.1235961914
29469387.0,2968.0,0.0,-2.62109375,0.22265625,1.61328125,0
29476419.0,7032.0,1.0,0.6468505859,0.0629272461,0.7500610352,0.1224365234
29479387.0,2968.0,0.0,-2.7578125,0.17578125,0.14453125,0
29487419.0,8032.0,1.0,0.6434936523,0.0648803711,0.7529296875,0.1216430664
29490387.0,2968.0,0.0,-1.546875,-0.69140625,-0.87109375,0
29496419.0,6032.0,1.0,0.6403808594,0.0666503906,0.7555541992,0.1209716797
29499387.0,2968.0,0.0,0.23828125,-1.00390625,-1.20703125,0
29509419.0,10032.0,1.0,0.6372070313,0.068359375,0.7581787109,0.1202392578
29512387.0,2968.0,0.0,1.8671875,-0.4765625,-2.0078125,0
29516419.0,4032.0,1.0,0.633972168,0.0696411133,0.760925293,0.1195068359
29519387.0,2968.0,0.0,1.69921875,-0.140625,-1.38671875,0
29526419.0,7032.0,1.0,0.6306152344,0.0701904297,0.763671875,0.1190795898
29529387.0,2968.0,0.0,1.1015625,-0.0625,0.3828125,0
29537419.0,8032.0,1.0,0.6271972656,0.0700683594,0.7665405273,0.1190185547
29540387.0,2968.0,0.0,0.7890625,-0.37109375,1.54296875,0
29547419.0,7032.0,1.0,0.6237792969,0.0693359375,0.7693481445,0.1192626953
29550387.0,2968.0,0.0,-0.4140625,0.25,1.4296875,0
29557419.0,7032.0,1.0,0.6204833984,0.0681762695,0.7720336914,0.1196289063
29560387.0,2968.0,0.0,-0.62109375,0.14453125,0.82421875,0
29567419.0,7032.0,1.0,0.6172485352,0.0667724609,0.7746582031,0.1200561523
29570387.0,2968.0,0.0,-0.0625,-0.30859375,0.12890625,0
29577419.0,7032.0,1.0,0.614074707,0.065246582,0.7772827148,0.1203613281
29580387.0,2968.0,0.0,0.50390625,1.27734375,-1.32421875,0
29587419.0,7032.0,1.0,0.6109619141,0.0634765625,0.7798461914,0.1206665039
29590387.0,2968.0,0.0,0.37109375,1.78515625,-1.015625,0
29597419.0,7032.0,1.0,0.6079101563,0.0614624023,0.7822875977,0.1212158203
29600387.0,2968.0,0.0,0.39453125,2.48828125,-0.45703125,0
29607419.0,7032.0,1.0,0.6048583984,0.0590820312,0.7846679688,0.1221313477
29610387.0,2968.0,0.0,0.6484375,2.49609375,0.80859375,0
29616419.0,6032.0,1.0,0.6018066406,0.056640625,0.7869873047,0.1234130859
29619387.0,2968.0,0.0,0.640625,0.4765625,1.1875,0
29627419.0,8032.0,1.0,0.598449707,0.0542602539,0.7894897461,0.1249389648
29630387.0,2968.0,0.0,0.08203125,0.484375,0.7890625,0
29637419.0,7032.0,1.0,0.5950317383,0.0524291992,0.7919311523,0.1264648438
29640387.0,2968.0,0.0,-0.05859375,0.55078125,0.67578125,0
29647419.0,7032.0,1.0,0.5915527344,0.0511474609,0.7944335938,0.1279296875
29650387.0,2968.0,0.0,-0.578125,1.078125,0.59375,0
29656419.0,6032.0,1.0,0.5880126953,0.0502929687,0.7968139648,0.1294555664
29659387.0,2968.0,0.0,-1.55859375,0.86328125,0.73828125,0
29667419.0,8032.0,1.0,0.5842895508,0.0497436523,0.7993164063,0.1314086914
29670387.0,2968.0,0.0,-1.66015625,0.7578125,2.3125,0
29677419.0,7032.0,1.0,0.5802612305,0.0494995117,0.8018188477,0.1339111328
29680387.0,2968.0,0.0,-1.5859375,-0.1171875,3.84765625,0
29687419.0,7032.0,1.0,0.5759277344,0.0497436523,0.8044433594,0.1367797852
29690387.0,2968.0,0.0,-1.625,-0.890625,4.23046875,0
29697419.0,7032.0,1.0,0.5712890625,0.0507202148,0.8071289063,0.1398925781
29700387.0,2968.0,0.0,-3.9296875,-0.72265625,3.12890625,0
29707419.0,7032.0,1.0,0.5664672852,0.0526733398,0.8098754883,0.1430664063
29711387.0,3968.0,0.0,-4.9140625,-1.0234375,2.41015625,0
29720419.0,9032.0,1.0,0.5617675781,0.0556640625,0.8124389648,0.1458740234
29723387.0,2968.0,0.0,-5.37890625,-1.8671875,1.9609375,0
29730419.0,7032.0,1.0,0.5562744141,0.0604858398,0.8153686523,0.1486816406
29734387.0,3968.0,0.0,-6.37109375,-2.34375,1.32421875,0
29738419.0,4032.0,1.0,0.5510864258,0.0662231445,0.8179931641,0.1508178711
29741387.0,2968.0,0.0,-7.28515625,-2.2109375,2.22265625,0
29747419.0,6032.0,1.0,0.5458984375,0.0729980469,0.8205566406,0.1527709961
29750387.0,2968.0,0.0,-8.49609375,-2.44921875,3.28515625,0
29757419.0,7032.0,1.0,0.5405273438,0.0806884766,0.8229980469,0.1548461914
29760387.0,2968.0,0.0,-9.4609375,-1.9453125,3.9140625,0
29767419.0,7032.0,1.0,0.5348510742,0.089050293,0.8253173828,0.1574707031
29770387.0,2968.0,0.0,-10.65234375,-0.65234375,4.62109375,0
29777419.0,7032.0,1.0,0.529296875,0.0975341797,0.827331543,0.1608276367
29780387.0,2968.0,0.0,-11.25,-1.046875,4.66796875,0
29787419.0,7032.0,1.0,0.5236816406,0.1062011719,0.828918457,0.1652832031
29790387.0,2968.0,0.0,-12.2265625,-0.54296875,4.4765625,0
29797419.0,7032.0,1.0,0.518371582,0.1145019531,0.8300170898,0.171081543
29800387.0,2968.0,0.0,-13.32421875,-0.125,3.4765625,0
29807419.0,7032.0,1.0,0.5133056641,0.1223144531,0.8304443359,0.1787719727
29810387.0,2968.0,0.0,-14.65234375,2.63671875,1.796875,0
29822419.0,12032.0,1.0,0.5086669922,0.1295166016,0.8300170898,0.1885986328
29826387.0,3968.0,0.0,-13.45703125,6.79296875,-1.7421875,0
29829419.0,3032.0,1.0,0.5040893555,0.1367797852,0.8287353516,0.2008056641
29832387.0,2968.0,0.0,-12.40234375,7.546875,-2.36328125,0
29837419.0,5032.0,1.0,0.4993286133,0.1450805664,0.8267822266,0.2145996094
29840387.0,2968.0,0.0,-12.54296875,7.265625,-2.37890625,0
29846419.0,6032.0,1.0,0.4950561523,0.1536865234,0.8244628906,0.2271728516
29849387.0,2968.0,0.0,-6.140625,15.24609375,-3.43359375,0
29857419.0,8032.0,1.0,0.4905395508,0.1638793945,0.8209228516,0.2420043945
29860387.0,2968.0,0.0,-3.05859375,11.98828125,-1.64453125,0
29867419.0,7032.0,1.0,0.4864501953,0.174621582,0.8168945313,0.2560424805
29870387.0,2968.0,0.0,1.97265625,3.578125,5.96484375,0
29877419.0,7032.0,1.0,0.4816894531,0.1890869141,0.8137817383,0.264465332
29880387.0,2968.0,0.0,6.6875,-2.9375,11.13671875,0
29887419.0,7032.0,1.0,0.4760131836,0.2098388672,0.8122558594,0.2637939453
29890387.0,2968.0,0.0,-0.890625,21.8125,17.56640625,0
29902419.0,12032.0,1.0,0.4746704102,0.2270507813,0.8072509766,0.2673950195
29906387.0,3968.0,0.0,5.5859375,26.16796875,-5.2890625,0
29909419.0,3032.0,1.0,0.4808959961,0.2358398438,0.7947998047,0.2853393555
29912387.0,2968.0,0.0,7.0546875,37.2578125,-12.60546875,0
29917419.0,5032.0,1.0,0.4954223633,0.2334594727,0.7736816406,0.3186035156
29920387.0,2968.0,0.0,12.890625,35.671875,-22.29296875,0
29927419.0,7032.0,1.0,0.5158081055,0.2194213867,0.7459106445,0.3597412109
29930387.0,2968.0,0.0,14.30078125,11.8671875,-23.16796875,0
29937419.0,7032.0,1.0,0.5390625,0.200012207,0.7144775391,0.3986816406
29940387.0,2968.0,0.0,12.3828125,-9.99609375,-18.64453125,0
29947419.0,7032.0,1.0,0.5618896484,0.1829223633,0.6854248047,0.4254760742
29950387.0,2968.0,0.0,6.37109375,-23.45703125,-7.96875,0
29959419.0,9032.0,1.0,0.582824707,0.1714477539,0.6624755859,0.438293457
29962387.0,2968.0,0.0,5.484375,-28.68359375,-4.00390625,0
29969419.0,7032.0,1.0,0.6038208008,0.1612548828,0.6422729492,0.4436645508
29972387.0,2968.0,0.0,5.44140625,-12.53125,0.7421875,0
29977419.0,5032.0,1.0,0.6254882813,0.1488647461,0.6226196289,0.4459838867
29980387.0,2968.0,0.0,5.44921875,-14.953125,0.65625,0
29987419.0,7032.0,1.0,0.6467895508,0.1350097656,0.6044921875,0.4449462891
29990387.0,2968.0,0.0,5.56640625,-20.51171875,0.4609375,0
30002419.0,12032.0,1.0,0.6663208008,0.1227416992,0.58984375,0.4393310547
30007387.0,4968.0,0.0,6.68359375,-15.08984375,3.28125,0
30010419.0,3032.0,1.0,0.6843261719,0.1125488281,0.5784301758,0.4295043945
30013387.0,2968.0,0.0,6.83984375,-14.79296875,2.9765625,0
30017419.0,4032.0,1.0,0.7021484375,0.1026000977,0.5685424805,0.4162597656
30020387.0,2968.0,0.0,6.78125,-11.29296875,1.5234375,0
30027419.0,7032.0,1.0,0.7173461914,0.0932006836,0.5606689453,0.4030151367
30030387.0,2968.0,0.0,6.7734375,-8.95703125,1.3125,0
30036419.0,6032.0,1.0,0.7309570313,0.0836791992,0.5540161133,0.3895874023
30039387.0,2968.0,0.0,8.1875,-8.35546875,1.1328125,0
30047419.0,8032.0,1.0,0.7438354492,0.0741577148,0.5482177734,0.3751220703
30050387.0,2968.0,0.0,8.671875,-8.234375,1.25390625,0
30057419.0,7032.0,1.0,0.7554321289,0.0654907227,0.5435180664,0.3601074219
30060387.0,2968.0,0.0,8.953125,-7.8515625,1.42578125,0
30067419.0,7032.0,1.0,0.7652587891,0.0584106445,0.540222168,0.3452148438
30070387.0,2968.0,0.0,8.72265625,-7.47265625,2.03125,0
30082419.0,12032.0,1.0,0.7736206055,0.052734375,0.5380859375,0.3305053711
30086387.0,3968.0,0.0,8.6328125,-5.4609375,1.8203125,0
30089419.0,3032.0,1.0,0.7809448242,0.0477294922,0.5368041992,0.3157958984
30092387.0,2968.0,0.0,8.7265625,-5.2421875,1.78125,0
30097419.0,5032.0,1.0,0.7877197266,0.0427856445,0.5361328125,0.3004150391
30100387.0,2968.0,0.0,8.74609375,-4.46875,1.56640625,0
30107419.0,7032.0,1.0,0.7927856445,0.0386352539,0.5360717773,0.2873535156
30110387.0,2968.0,0.0,8.78515625,-4.04296875,1.09375,0
30117419.0,7032.0,1.0,0.7971191406,0.0346679687,0.5365600586,0.2748413086
30120387.0,2968.0,0.0,7.4375,-4.5859375,1.09375,0
30127419.0,7032.0,1.0,0.8005981445,0.0316162109,0.5377197266,0.262512207
30130387.0,2968.0,0.0,6.92578125,-5.83203125,1.22265625,0
30137419.0,7032.0,1.0,0.8031005859,0.0299072266,0.539855957,0.2503662109
30140387.0,2968.0,0.0,6.56640625,-5.57421875,1.453125,0
30147419.0,7032.0,1.0,0.8046264648,0.0279541016,0.5426025391,0.2396240234
30150387.0,2968.0,0.0,5.671875,-0.5859375,0.2421875,0
30162419.0,12032.0,1.0,0.8052368164,0.0244750977,0.5454101563,0.2314453125
30166387.0,3968.0,0.0,3.42578125,0.65234375,-1.69140625,0
30169419.0,3032.0,1.0,0.8050537109,0.0188598633,0.5484619141,0.2250976563
30172387.0,2968.0,0.0,3.48828125,0.80078125,-1.63671875,0
30177419.0,5032.0,1.0,0.8042602539,0.0123901367,0.551940918,0.2198486328
30180387.0,2968.0,0.0,1.9453125,0.05859375,-3.18359375,0
30187419.0,7032.0,1.0,0.8031616211,0.0073242187,0.5552978516,0.215637207
30190387.0,2968.0,0.0,-1.41015625,2.58203125,-6.68359375,0
30197419.0,7032.0,1.0,0.8016967773,0.0025024414,0.5590820313,0.2116088867
30200387.0,2968.0,0.0,-3.01171875,4.5234375,-9.13671875,0
30207419.0,7032.0,1.0,0.8001098633,-0.0021972656,0.5624389648,0.2084960938
30211387.0,3968.0,0.0,-4.23046875,5.3828125,-9.5546875,0
30217419.0,6032.0,1.0,0.7984619141,-0.0072021484,0.5655517578,0.2063598633
30220387.0,2968.0,0.0,-4.265625,4.88671875,-9.1171875,0
30227419.0,7032.0,1.0,0.7967529297,-0.0121459961,0.568359375,0.2048950195
30230387.0,2968.0,0.0,-3.890625,-0.69921875,-3.875,0
30237419.0,7032.0,1.0,0.7946777344,-0.0171508789,0.5715332031,0.2038574219
30240387.0,2968.0,0.0,-2.1640625,-1.2421875,-0.3203125,0
30247419.0,7032.0,1.0,0.7922363281,-0.0213012695,0.575012207,0.2031860352
30250387.0,2968.0,0.0,-0.83203125,-3.09375,0.5625,0
30257419.0,7032.0,1.0,0.7893066406,-0.0244750977,0.5791015625,0.2026977539
30260387.0,2968.0,0.0,-1.0703125,-4.13671875,1.30078125,0
30267419.0,7032.0,1.0,0.7858886719,-0.0260009766,0.5838623047,0.2019042969
30270387.0,2968.0,0.0,-2.76171875,-5.23046875,1.06640625,0
30277419.0,7032.0,1.0,0.7821655273,-0.0256347656,0.5892944336,0.2008056641
30280387.0,2968.0,0.0,-2.9921875,-3.75,-0.00390625,0
30287419.0,7032.0,1.0,0.7780151367,-0.0234375,0.5953369141,0.19921875
30290387.0,2968.0,0.0,-3.54296875,-3.5234375,-1.13671875,0
30299419.0,9032.0,1.0,0.7739257813,-0.0192260742,0.6015625,0.1970214844
30302387.0,2968.0,0.0,-4.3984375,-1.5859375,-1.6171875,0
30309419.0,7032.0,1.0,0.7693481445,-0.0126953125,0.608581543,0.1939697266
30312387.0,2968.0,0.0,-3.50390625,-0.63671875,-3.60546875,0
30317419.0,5032.0,1.0,0.7642822266,-0.0043334961,0.6162109375,0.1901245117
30320387.0,2968.0,0.0,-3.32421875,-0.82421875,-2.96484375,0
30327419.0,7032.0,1.0,0.7592163086,0.0048828125,0.6236572266,0.1859130859
30330387.0,2968.0,0.0,-3.88671875,-1.5,-3.25390625,0
30337419.0,7032.0,1.0,0.7539672852,0.0145874023,0.6311645508,0.1815185547
30340387.0,2968.0,0.0,-2.54296875,1.49609375,-4.4140625,0
30347419.0,7032.0,1.0,0.7484741211,0.0238647461,0.6385498047,0.1774291992
30350387.0,2968.0,0.0,-3.1875,1.66015625,-2.96484375,0
30357419.0,7032.0,1.0,0.7428588867,0.0321044922,0.6456298828,0.1738891602
30360387.0,2968.0,0.0,-4.0625,1.14453125,-2.01953125,0
30367419.0,7032.0,1.0,0.737121582,0.0391235352,0.6525878906,0.171081543
30370387.0,2968.0,0.0,-4.40625,1.17578125,-2.7578125,0
30382419.0,12032.0,1.0,0.7317504883,0.0443725586,0.6587524414,0.169128418
30387387.0,4968.0,0.0,-5.8515625,1.7265625,-5.6953125,0
30390419.0,3032.0,1.0,0.7262573242,0.0486450195,0.664855957,0.1676025391
30393387.0,2968.0,0.0,-5.8515625,1.671875,-5.5390625,0
30397419.0,4032.0,1.0,0.7210083008,0.0520019531,0.670715332,0.1660766602
30400387.0,2968.0,0.0,-4.24609375,2.21484375,-7.3359375,0
30407419.0,7032.0,1.0,0.7161865234,0.0542602539,0.6760253906,0.1646728516
30410387.0,2968.0,0.0,-2.78125,2.765625,-7.97265625,0
30417419.0,7032.0,1.0,0.7118530273,0.0555419922,0.680847168,0.163269043
30420387.0,2968.0,0.0,-1.546875,1.75390625,-8.14453125,0
30427419.0,7032.0,1.0,0.7075195313,0.0565185547,0.6857299805,0.1613769531
30430387.0,2968.0,0.0,-1.30859375,1.5703125,-7.55078125,0
30437419.0,7032.0,1.0,0.7034912109,0.0571289062,0.690246582,0.1592407227
30440387.0,2968.0,0.0,-1.83203125,1.203125,-6.8125,0
30447419.0,7032.0,1.0,0.6998901367,0.0571899414,0.6943969727,0.1571655273
30450387.0,2968.0,0.0,-3.27734375,2.328125,-6.24609375,0
30457419.0,7032.0,1.0,0.6965942383,0.0567016602,0.6981201172,0.155456543
30460387.0,2968.0,0.0,-3.84375,2.078125,-6.10546875,0
30467419.0,7032.0,1.0,0.6937255859,0.055480957,0.7013549805,0.154296875
30470387.0,2968.0,0.0,-3.80078125,3.32421875,-3.51953125,0
30477419.0,7032.0,1.0,0.6908569336,0.053527832,0.7044067383,0.1538085938
30480387.0,2968.0,0.0,-2.98828125,1.5859375,-2.21875,0
30487419.0,7032.0,1.0,0.6879272461,0.0514526367,0.7074584961,0.1535644531
30490387.0,2968.0,0.0,-1.984375,-0.60546875,-1.51953125,0
30497419.0,7032.0,1.0,0.684753418,0.0498046875,0.7107543945,0.1531982422
30500387.0,2968.0,0.0,-3.23828125,-1.0390625,-1.43359375,0
30507419.0,7032.0,1.0,0.6815795898,0.0491943359,0.7139282227,0.1525878906
30510387.0,2968.0,0.0,-3.125,-2.79296875,-2.52734375,0
30517419.0,7032.0,1.0,0.6784057617,0.0498046875,0.7171630859,0.1513061523
30520387.0,2968.0,0.0,-2.88671875,-2.640625,-3.58984375,0
30527419.0,7032.0,1.0,0.6754150391,0.0516357422,0.7203369141,0.1494140625
30530387.0,2968.0,0.0,-3.35546875,0.0390625,-3.296875,0
30537419.0,7032.0,1.0,0.6724243164,0.0541381836,0.7233886719,0.1472167969
30540387.0,2968.0,0.0,-2.44140625,-1.19140625,-1.44140625,0
30547419.0,7032.0,1.0,0.6692504883,0.0569458008,0.7266235352,0.1447753906
30551387.0,3968.0,0.0,-1.140625,-1.5859375,-0.03515625,0
30558419.0,7032.0,1.0,0.6658935547,0.0596923828,0.7298583984,0.1425170898
30561387.0,2968.0,0.0,-1.41796875,-0.13671875,0.90625,0
30571419.0,10032.0,1.0,0.6624755859,0.0622558594,0.7331542969,0.1405639648
30574387.0,2968.0,0.0,-1.546875,-0.3359375,-0.5703125,0
30578419.0,4032.0,1.0,0.6590576172,0.0646972656,0.7362670898,0.1390380859
30581387.0,2968.0,0.0,-1.40234375,-0.03515625,-1.921875,0
30587419.0,6032.0,1.0,0.6557617188,0.0670166016,0.7392578125,0.1378173828
30590387.0,2968.0,0.0,-0.91796875,-0.12890625,-2.328125,0
30597419.0,7032.0,1.0,0.6525878906,0.0692138672,0.7420043945,0.1368408203
30600387.0,2968.0,0.0,-0.4765625,-0.03125,-1.859375,0
30607419.0,7032.0,1.0,0.6495361328,0.071105957,0.7446899414,0.1359863281
30610387.0,2968.0,0.0,-0.328125,-0.50390625,1.4140625,0
30617419.0,7032.0,1.0,0.6459960938,0.0729370117,0.7477416992,0.1350708008
30620387.0,2968.0,0.0,-0.8046875,-0.28515625,2.0,0
30627419.0,7032.0,1.0,0.6424560547,0.0744628906,0.750793457,0.1340332031
30630387.0,2968.0,0.0,-0.93359375,0.12890625,1.44140625,0
30637419.0,7032.0,1.0,0.6389770508,0.0757446289,0.7538452148,0.1329345703
30640387.0,2968.0,0.0,-1.05859375,-0.40625,1.19140625,0
30647419.0,7032.0,1.0,0.6354980469,0.0768432617,0.7568969727,0.1315917969
30650387.0,2968.0,0.0,0.0390625,0.28515625,-0.74609375,0
30657419.0,7032.0,1.0,0.6323242188,0.0776367188,0.7597045898,0.1303100586
30660387.0,2968.0,0.0,0.94140625,0.59765625,-1.53515625,0
30667419.0,7032.0,1.0,0.6292114258,0.0779418945,0.762512207,0.1290283203
30670387.0,2968.0,0.0,1.4375,1.6171875,-2.18359375,0
30677419.0,7032.0,1.0,0.626159668,0.0775146484,0.7651977539,0.1279907227
30680387.0,2968.0,0.0,1.01171875,2.24609375,-1.90625,0
30687419.0,7032.0,1.0,0.6232299805,0.0762939453,0.7678222656,0.1274414063
30690387.0,2968.0,0.0,-0.18359375,2.72265625,-0.3046875,0
30697419.0,7032.0,1.0,0.6203613281,0.0743408203,0.770324707,0.1273803711
30700387.0,2968.0,0.0,-0.38671875,2.74609375,-0.109375,0
30708419.0,8032.0,1.0,0.6176757813,0.0717773438,0.772644043,0.1278686523
30711387.0,2968.0,0.0,-0.4296875,3.03515625,-0.23046875,0
30717419.0,6032.0,1.0,0.6150512695,0.0688476563,0.7748413086,0.1287841797
30720387.0,2968.0,0.0,1.24609375,2.62890625,0.19921875,0
30727419.0,7032.0,1.0,0.612487793,0.0658569336,0.7769775391,0.1299438477
30730387.0,2968.0,0.0,2.12890625,1.87890625,0.30078125,0
30737419.0,7032.0,1.0,0.6098022461,0.0631713867,0.7790527344,0.1310424805
30740387.0,2968.0,0.0,1.921875,1.96484375,0.96875,0
30748419.0,8032.0,1.0,0.6069335938,0.0606689453,0.7813110352,0.1322021484
30751387.0,2968.0,0.0,1.33203125,2.0859375,1.57421875,0
30757419.0,6032.0,1.0,0.6040039063,0.0586547852,0.7835693359,0.1333618164
30760387.0,2968.0,0.0,-0.4765625,1.21484375,2.77734375,0
30767419.0,7032.0,1.0,0.6007080078,0.0570068359,0.7860107422,0.1346435547
30770387.0,2968.0,0.0,-0.953125,0.171875,3.35546875,0
30780419.0,10032.0,1.0,0.5973510742,0.0562133789,0.7883911133,0.1358032227
30783387.0,2968.0,0.0,-1.3203125,-0.1796875,3.578125,0
30790419.0,7032.0,1.0,0.5935668945,0.0562133789,0.791015625,0.1369628906
30793387.0,2968.0,0.0,-1.62109375,-0.359375,3.5390625,0
30797419.0,4032.0,1.0,0.5895996094,0.0572509766,0.793762207,0.1378173828
30800387.0,2968.0,0.0,-1.8828125,-2.07421875,3.203125,0
30807419.0,7032.0,1.0,0.5852050781,0.059387207,0.7968139648,0.1384277344
30810387.0,2968.0,0.0,-1.9609375,-2.14453125,2.6796875,0
30817419.0,7032.0,1.0,0.5807495117,0.0621337891,0.7997436523,0.1389160156
30820387.0,2968.0,0.0,-2.45703125,-2.796875,1.8984375,0
30828419.0,8032.0,1.0,0.5763549805,0.0654296875,0.8025512695,0.1394042969
30831387.0,2968.0,0.0,-3.078125,-2.765625,1.53125,0
30837419.0,6032.0,1.0,0.5717163086,0.0690917969,0.8054199219,0.1403198242
30840387.0,2968.0,0.0,-4.50390625,-1.671875,1.3203125,0
30847419.0,7032.0,1.0,0.5673217773,0.0725708008,0.8079833984,0.1416625977
30850387.0,2968.0,0.0,-5.01953125,-0.921875,2.4765625,0
30857419.0,7032.0,1.0,0.5626831055,0.0760498047,0.8104858398,0.1436767578
30860387.0,2968.0,0.0,-4.5703125,-0.45703125,2.76171875,0
30868419.0,8032.0,1.0,0.5581665039,0.0792236328,0.8128662109,0.146484375
30871387.0,2968.0,0.0,-4.44140625,0.0390625,2.91796875,0
30877419.0,6032.0,1.0,0.5536499023,0.0821533203,0.8150024414,0.1498413086
30880387.0,2968.0,0.0,-4.1875,0.390625,2.60546875,0
30887419.0,7032.0,1.0,0.5491943359,0.0852050781,0.8170166016,0.1535644531
30890387.0,2968.0,0.0,-4.08203125,0.23046875,1.79296875,0
30898419.0,8032.0,1.0,0.5447998047,0.0883178711,0.8189086914,0.1575317383
30901387.0,2968.0,0.0,-4.11328125,-0.2109375,2.01171875,0
30907419.0,6032.0,1.0,0.5402832031,0.0917358398,0.8206787109,0.1617431641
30910387.0,2968.0,0.0,-5.25,-0.92578125,2.50390625,0
30917419.0,7032.0,1.0,0.5356445313,0.095703125,0.8224487305,0.1656494141
30920387.0,2968.0,0.0,-5.93359375,-1.36328125,2.87109375,0
30927419.0,7032.0,1.0,0.5308227539,0.1006469727,0.8242797852,0.1692504883
30931387.0,3968.0,0.0,-6.61328125,-0.54296875,3.484375,0
30938419.0,7032.0,1.0,0.5256958008,0.1065063477,0.826171875,0.1724853516
30941387.0,2968.0,0.0,-7.62109375,0.08203125,4.21484375,0
30947419.0,6032.0,1.0,0.5206298828,0.1128540039,0.8278808594,0.1755371094
30950387.0,2968.0,0.0,-8.9609375,0.35546875,4.0625,0
30962419.0,12032.0,1.0,0.5153198242,0.1201171875,0.8295288086,0.1786499023
30966387.0,3968.0,0.0,-12.0,3.625,2.5703125,0
30969419.0,3032.0,1.0,0.5098876953,0.1283569336,0.8309326172,0.1817626953
30972387.0,2968.0,0.0,-12.1015625,3.5,2.6484375,0
30977419.0,5032.0,1.0,0.5040893555,0.1384887695,0.8322753906,0.1845703125
30980387.0,2968.0,0.0,-12.8984375,4.44140625,2.3984375,0
30987419.0,7032.0,1.0,0.4986572266,0.149230957,0.833190918,0.1866455078
30990387.0,2968.0,0.0,-12.546875,10.328125,-0.8125,0
30997419.0,7032.0,1.0,0.492980957,0.162109375,0.8336181641,0.1890869141
31000387.0,2968.0,0.0,-12.51953125,13.703125,-1.18359375,0
31007419.0,7032.0,1.0,0.4880371094,0.174621582,0.8329467773,0.1936645508
31010387.0,2968.0,0.0,-10.84375,17.5546875,-2.125,0
31017419.0,7032.0,1.0,0.4842529297,0.1854248047,0.8307495117,0.2025146484
31020387.0,2968.0,0.0,-7.921875,20.23828125,-3.0078125,0
31028419.0,8032.0,1.0,0.481628418,0.1942138672,0.8267822266,0.2161254883
31031387.0,2968.0,0.0,-0.8203125,10.34375,4.74609375,0
31043419.0,12032.0,1.0,0.4794921875,0.2030029297,0.8226928711,0.2281494141
31048419.0,5000.0,1.0,0.4758911133,0.2180175781,0.8195800781,0.2328491211
31050387.0,1968.0,0.0,2.328125,-10.3671875,6.31640625,0
31058419.0,8032.0,1.0,0.4752197266,0.2332763672,0.8139648438,0.2391967773
31061387.0,2968.0,0.0,-1.16015625,33.5078125,9.484375,0
31067419.0,6032.0,1.0,0.4802856445,0.2416992188,0.8037109375,0.2547607422
31070387.0,2968.0,0.0,4.24609375,29.29296875,-19.640625,0
31077419.0,7032.0,1.0,0.4913330078,0.2415771484,0.7879638672,0.2816162109
31080387.0,2968.0,0.0,4.8046875,37.9453125,-22.22265625,0
31088419.0,8032.0,1.0,0.5099487305,0.2281494141,0.7639770508,0.3228149414
31091387.0,2968.0,0.0,10.3125,28.375,-25.96875,0
31097419.0,6032.0,1.0,0.5310668945,0.2080688477,0.7365112305,0.3635864258
31100387.0,2968.0,0.0,13.0234375,2.41796875,-26.07421875,0
31111419.0,11032.0,1.0,0.5531005859,0.1880493164,0.7085571289,0.3958129883
31114387.0,2968.0,0.0,2.078125,-28.25390625,-7.15234375,0
31118419.0,4032.0,1.0,0.5754394531,0.1718139648,0.6830444336,0.4157714844
31121387.0,2968.0,0.0,5.13671875,-27.6171875,-3.8125,0
31128419.0,7032.0,1.0,0.594909668,0.1600341797,0.6631469727,0.4250488281
31131387.0,2968.0,0.0,7.15234375,-18.78125,-0.765625,0
31143419.0,12032.0,1.0,0.6147460938,0.1473388672,0.6441040039,0.4307250977
31148387.0,4968.0,0.0,8.609375,-20.45703125,2.05078125,0
31151419.0,3032.0,1.0,0.6357421875,0.1317138672,0.6242675781,0.4345092773
31154387.0,2968.0,0.0,8.75,-20.21484375,1.48046875,0
31158419.0,4032.0,1.0,0.6572875977,0.1148071289,0.6049804688,0.4345092773
31161387.0,2968.0,0.0,9.55859375,-22.56640625,3.125,0
31168419.0,7032.0,1.0,0.6751708984,0.1015625,0.5904541016,0.4303588867
31171387.0,2968.0,0.0,9.99609375,-20.890625,4.3828125,0
31177419.0,6032.0,1.0,0.6911621094,0.0903320313,0.5788574219,0.4231567383
31180387.0,2968.0,0.0,9.25,-15.421875,4.23046875,0
31187419.0,7032.0,1.0,0.7071533203,0.0794067383,0.5684814453,0.412902832
31190387.0,2968.0,0.0,8.70703125,-12.65234375,3.390625,0
31200419.0,10032.0,1.0,0.7205200195,0.0703735352,0.5606689453,0.4019775391
31203387.0,2968.0,0.0,8.94140625,-10.8046875,2.95703125,0
31210419.0,7032.0,1.0,0.7329101563,0.0620117187,0.5541992188,0.3896484375
31213387.0,2968.0,0.0,10.20703125,-9.12890625,2.33203125,0
31217419.0,4032.0,1.0,0.7437744141,0.0546875,0.5491333008,0.3771972656
31220387.0,2968.0,0.0,10.31640625,-8.18359375,1.86328125,0
31227419.0,7032.0,1.0,0.75390625,0.0479736328,0.544921875,0.3638916016
31230387.0,2968.0,0.0,10.11328125,-7.41796875,1.1484375,0
31237419.0,7032.0,1.0,0.762512207,0.0422973633,0.5418701172,0.3509521484
31240387.0,2968.0,0.0,9.890625,-6.83984375,0.3046875,0
31248419.0,8032.0,1.0,0.7699584961,0.0374145508,0.5397949219,0.3381958008
31251387.0,2968.0,0.0,9.5859375,-6.28515625,-0.01171875,0
31257419.0,6032.0,1.0,0.7763671875,0.0332641602,0.5385742188,0.3256835938
31260387.0,2968.0,0.0,8.859375,-6.04296875,-0.2421875,0
31268419.0,8032.0,1.0,0.7818603516,0.0297241211,0.5381469727,0.3134765625
31271387.0,2968.0,0.0,8.5859375,-5.59375,-0.140625,0
31280419.0,9032.0,1.0,0.7861328125,0.0269165039,0.5385131836,0.3021240234
31283387.0,2968.0,0.0,8.234375,-5.5859375,-0.06640625,0
31290419.0,7032.0,1.0,0.789855957,0.0252685547,0.5397949219,0.2900390625
31294387.0,3968.0,0.0,7.0625,-6.70703125,-0.00390625,0
31298419.0,4032.0,1.0,0.7929077148,0.0250854492,0.5422363281,0.2769165039
31301387.0,2968.0,0.0,6.59765625,-5.39453125,0.01171875,0
31308419.0,7032.0,1.0,0.7947387695,0.0252685547,0.5451049805,0.2657470703
31311387.0,2968.0,0.0,6.26953125,-3.6484375,-0.1640625,0
31318419.0,7032.0,1.0,0.7958374023,0.024597168,0.5484619141,0.2553710938
31321387.0,2968.0,0.0,5.7109375,-2.65625,-1.01171875,0
31327419.0,6032.0,1.0,0.7962036133,0.0225830078,0.5518798828,0.2469482422
31330387.0,2968.0,0.0,3.859375,-0.29296875,-2.55859375,0
31338419.0,8032.0,1.0,0.7959594727,0.0189819336,0.5555419922,0.2396850586
31341387.0,2968.0,0.0,2.1484375,0.21484375,-3.58984375,0
31348419.0,7032.0,1.0,0.7952880859,0.0145874023,0.5590820313,0.2340087891
31351387.0,2968.0,0.0,-0.125,0.78125,-4.890625,0
31358419.0,7032.0,1.0,0.7943115234,0.009765625,0.5625,0.2293701172
31361387.0,2968.0,0.0,-2.0625,1.47265625,-6.24609375,0
31367419.0,6032.0,1.0,0.7931518555,0.0048828125,0.565612793,0.225769043
31370387.0,2968.0,0.0,-4.8203125,1.73046875,-6.453125,0
31382419.0,12032.0,1.0,0.791809082,-0.0003662109,0.5687866211,0.2225341797
31385387.0,2968.0,0.0,-6.03515625,0.87109375,-5.078125,0
31389419.0,4032.0,1.0,0.7901611328,-0.0056762695,0.5722045898,0.2194824219
31392387.0,2968.0,0.0,-5.14453125,-1.28515625,-1.66796875,0
31398419.0,6032.0,1.0,0.7884521484,-0.0101318359,0.5755004883,0.2168579102
31401387.0,2968.0,0.0,-5.09765625,-1.19921875,-1.59765625,0
31408419.0,7032.0,1.0,0.7862548828,-0.0139160156,0.5794067383,0.2142333984
31411387.0,2968.0,0.0,-0.953125,-3.23046875,0.2109375,0
31418419.0,7032.0,1.0,0.7838134766,-0.0165405273,0.5836181641,0.2116699219
31421387.0,2968.0,0.0,0.91796875,-3.94921875,0.3515625,0
31428419.0,7032.0,1.0,0.7808837891,-0.0178833008,0.5883789063,0.2090454102
31431387.0,2968.0,0.0,1.140625,-4.18359375,0.109375,0
31438419.0,7032.0,1.0,0.7777099609,-0.017578125,0.5936889648,0.2060546875
31441387.0,2968.0,0.0,0.6796875,-2.75,-1.53515625,0
31448419.0,7032.0,1.0,0.774230957,-0.0158691406,0.5993652344,0.2026367188
31451387.0,2968.0,0.0,-2.0859375,-1.2265625,-3.3671875,0
31458419.0,7032.0,1.0,0.7705688477,-0.0131225586,0.6054077148,0.1988525391
31461387.0,2968.0,0.0,-4.3984375,0.55078125,-4.10546875,0
31468419.0,7032.0,1.0,0.7667236328,-0.0101318359,0.6114501953,0.1951904297
31471387.0,2968.0,0.0,-6.55078125,1.109375,-3.8125,0
31478419.0,7032.0,1.0,0.7627563477,-0.0072631836,0.6174926758,0.1918334961
31481387.0,2968.0,0.0,-7.75390625,0.39453125,-3.36328125,0
31488419.0,7032.0,1.0,0.7586669922,-0.0043945312,0.6234741211,0.1888427734
31491387.0,2968.0,0.0,-6.46484375,0.78515625,-3.76171875,0
31498419.0,7032.0,1.0,0.7543334961,-0.0010375977,0.6296386719,0.1859130859
31501387.0,2968.0,0.0,-5.29296875,-0.04296875,-2.27734375,0
31508419.0,7032.0,1.0,0.7496948242,0.003112793,0.6360473633,0.1826782227
31511387.0,2968.0,0.0,-4.734375,-0.85546875,-1.47265625,0
31523419.0,12032.0,1.0,0.7450561523,0.0081176758,0.6424560547,0.1791381836
31528387.0,4968.0,0.0,-3.8828125,-0.2109375,-1.0859375,0
31531419.0,3032.0,1.0,0.7399291992,0.0145263672,0.6494750977,0.1747436523
31534387.0,2968.0,0.0,-3.859375,-0.265625,-0.90625,0
31538419.0,4032.0,1.0,0.7342529297,0.0225219727,0.6571044922,0.169128418
31541387.0,2968.0,0.0,-4.2734375,0.703125,-2.671875,0
31548419.0,7032.0,1.0,0.7290039063,0.0302734375,0.6640014648,0.1634521484
31551387.0,2968.0,0.0,-4.03515625,2.71875,-4.75390625,0
31557419.0,6032.0,1.0,0.7239379883,0.0371704102,0.6704711914,0.1579589844
31560387.0,2968.0,0.0,-3.64453125,4.6328125,-8.48046875,0
31568419.0,8032.0,1.0,0.7189331055,0.0425415039,0.6766967773,0.1530761719
31571387.0,2968.0,0.0,-3.7890625,5.67578125,-9.91796875,0
31578419.0,7032.0,1.0,0.7143554688,0.0455322266,0.6821899414,0.1493530273
31581387.0,2968.0,0.0,-3.8984375,4.90234375,-9.96875,0
31588419.0,7032.0,1.0,0.7103271484,0.0465698242,0.6868286133,0.1466064453
31591387.0,2968.0,0.0,-4.265625,3.69921875,-8.15625,0
31598419.0,7032.0,1.0,0.7066040039,0.0461425781,0.6911621094,0.1444702148
31601387.0,2968.0,0.0,-2.44921875,2.80078125,-7.15234375,0
31608419.0,7032.0,1.0,0.703125,0.0442504883,0.6950683594,0.1431884766
31612387.0,3968.0,0.0,-2.671875,3.9453125,-5.85546875,0
31621419.0,9032.0,1.0,0.6999511719,0.0411376953,0.6985473633,0.1427001953
31624387.0,2968.0,0.0,-3.07421875,1.953125,-5.203125,0
31631419.0,7032.0,1.0,0.6967163086,0.0372924805,0.7020874023,0.1425170898
31635387.0,3968.0,0.0,-2.8671875,1.76953125,-6.5546875,0
31639419.0,4032.0,1.0,0.6939086914,0.0338745117,0.705078125,0.1422729492
31642387.0,2968.0,0.0,-2.59375,0.9296875,-6.09375,0
31648419.0,6032.0,1.0,0.6912231445,0.0307617187,0.7078857422,0.1419677734
31651387.0,2968.0,0.0,-2.30859375,0.9296875,-3.7109375,0
31658419.0,7032.0,1.0,0.6885375977,0.0282592773,0.7106933594,0.141418457
31661387.0,2968.0,0.0,-2.5,0.578125,-0.8046875,0
31668419.0,7032.0,1.0,0.6856079102,0.0264282227,0.7137451172,0.1406860352
31671387.0,2968.0,0.0,-3.48828125,-0.49609375,-0.06640625,0
31678419.0,7032.0,1.0,0.6825561523,0.0255126953,0.7169189453,0.1395874023
31681387.0,2968.0,0.0,-3.89453125,-0.2109375,-0.47265625,0
31688419.0,7032.0,1.0,0.6795043945,0.0254516602,0.7200927734,0.1380615234
31692387.0,3968.0,0.0,-3.51953125,-0.96875,-0.9921875,0
31698419.0,6032.0,1.0,0.6765136719,0.0264282227,0.7232666016,0.1361694336
31701387.0,2968.0,0.0,-3.01953125,-1.765625,-2.09375,0
31708419.0,7032.0,1.0,0.6735839844,0.0280761719,0.7263183594,0.1340942383
31711387.0,2968.0,0.0,-2.171875,-1.296875,-1.68359375,0
31718419.0,7032.0,1.0,0.6703491211,0.0303344727,0.7296142578,0.1317749023
31721387.0,2968.0,0.0,-2.1015625,-1.95703125,-1.890625,0
31728419.0,7032.0,1.0,0.667175293,0.0328979492,0.7327880859,0.1295166016
31731387.0,2968.0,0.0,-2.1953125,-0.69921875,-2.8671875,0
31738419.0,7032.0,1.0,0.6640625,0.0354614258,0.7358398438,0.1275024414
31741387.0,2968.0,0.0,-1.734375,0.01953125,-2.5078125,0
31747419.0,6032.0,1.0,0.6611328125,0.0377197266,0.7386474609,0.1258544922
31750387.0,2968.0,0.0,-1.3203125,-1.828125,-1.6171875,0
31758419.0,8032.0,1.0,0.6579589844,0.0399169922,0.7416381836,0.1243286133
31761387.0,2968.0,0.0,-1.59765625,-1.03125,-1.79296875,0
31768419.0,7032.0,1.0,0.6550292969,0.0416870117,0.7443237305,0.1231079102
31771387.0,2968.0,0.0,-1.84375,-1.31640625,-2.1640625,0
31778419.0,7032.0,1.0,0.6522216797,0.0429077148,0.746887207,0.1223144531
31781387.0,2968.0,0.0,-1.3046875,-1.3515625,-1.78125,0
31788419.0,7032.0,1.0,0.6494140625,0.0436401367,0.7493286133,0.121887207
31791387.0,2968.0,0.0,-0.171875,-0.09765625,0.75,0
31798419.0,7032.0,1.0,0.6466674805,0.043762207,0.7517089844,0.1218261719
31801387.0,2968.0,0.0,0.625,0.1640625,1.36328125,0
31808419.0,7032.0,1.0,0.6437988281,0.0433959961,0.7541503906,0.1220703125
31811387.0,2968.0,0.0,1.19921875,-0.51953125,1.55078125,0
31820419.0,9032.0,1.0,0.6409912109,0.0429077148,0.7565307617,0.1223754883
31823387.0,2968.0,0.0,1.14453125,-0.9765625,1.2734375,0
31830419.0,7032.0,1.0,0.6380615234,0.0426025391,0.7590332031,0.1224975586
31833387.0,2968.0,0.0,-0.28125,-1.140625,0.73828125,0
31838419.0,5032.0,1.0,0.6349487305,0.0425415039,0.7616577148,0.1223144531
31841387.0,2968.0,0.0,-0.5625,-1.359375,0.203125,0
31848419.0,7032.0,1.0,0.6320800781,0.0426635742,0.7640991211,0.1218261719
31851387.0,2968.0,0.0,-0.6875,-0.36328125,-0.4453125,0
31858419.0,7032.0,1.0,0.6291503906,0.0429077148,0.7666015625,0.1211547852
31861387.0,2968.0,0.0,0.41796875,0.6015625,0.16015625,0
31868419.0,7032.0,1.0,0.6262207031,0.0430297852,0.7691040039,0.1204223633
31871387.0,2968.0,0.0,0.66796875,0.76171875,0.23828125,0
31878419.0,7032.0,1.0,0.6232299805,0.0430908203,0.7716064453,0.1198120117
31881387.0,2968.0,0.0,0.96875,1.03125,0.2890625,0
31888419.0,7032.0,1.0,0.6203613281,0.0430908203,0.7739868164,0.1193237305
31891387.0,2968.0,0.0,1.18359375,0.77734375,0.359375,0
31898419.0,7032.0,1.0,0.6174926758,0.0430908203,0.7763671875,0.1190795898
31901387.0,2968.0,0.0,1.08984375,0.6171875,0.78125,0
31908419.0,7032.0,1.0,0.6143798828,0.0430908203,0.7787475586,0.1190185547
31911387.0,2968.0,0.0,0.68359375,0.34765625,1.2265625,0
31918419.0,7032.0,1.0,0.6112670898,0.0432739258,0.7811889648,0.1190795898
31921387.0,2968.0,0.0,0.828125,0.5,1.46484375,0
31928419.0,7032.0,1.0,0.6080932617,0.0435791016,0.7836303711,0.1192016602
31931387.0,2968.0,0.0,0.69140625,0.6484375,1.7265625,0
31937419.0,6032.0,1.0,0.6049194336,0.0440063477,0.7860717773,0.1195068359
31940387.0,2968.0,0.0,0.015625,-0.2109375,2.15234375,0
31948419.0,8032.0,1.0,0.6014404297,0.0445556641,0.7886352539,0.1199951172
31951387.0,2968.0,0.0,-0.19921875,-0.45703125,2.07421875,0
31958419.0,7032.0,1.0,0.5979614258,0.0451049805,0.7911376953,0.1207275391
31961387.0,2968.0,0.0,-0.4140625,-1.0078125,1.80859375,0
31968419.0,7032.0,1.0,0.5944213867,0.0457763672,0.7935180664,0.1217651367
31971387.0,2968.0,0.0,-0.28515625,-1.53125,1.2734375,0
31978419.0,7032.0,1.0,0.5907592773,0.0464477539,0.7960205078,0.1231079102
31981387.0,2968.0,0.0,-0.125,-0.796875,1.88671875,0
31988419.0,7032.0,1.0,0.5870361328,0.0470581055,0.7984619141,0.1247558594
31991387.0,2968.0,0.0,0.07421875,-0.87109375,2.07421875,0
31998419.0,7032.0,1.0,0.5831298828,0.0476074219,0.8009643555,0.1268310547
32001387.0,2968.0,0.0,-0.1953125,-0.63671875,2.84765625,0
32008419.0,7032.0,1.0,0.5791015625,0.0480957031,0.8034667969,0.1293334961
32011387.0,2968.0,0.0,-0.38671875,-0.72265625,3.41796875,0
32018419.0,7032.0,1.0,0.5749511719,0.0487060547,0.8059692383,0.1320800781
32021387.0,2968.0,0.0,-0.80859375,-2.30078125,2.73046875,0
32028419.0,7032.0,1.0,0.5706787109,0.0494384766,0.8084716797,0.1350097656
32032387.0,3968.0,0.0,-1.73828125,-2.09375,2.73046875,0
32041419.0,9032.0,1.0,0.5665283203,0.0504150391,0.8109130859,0.1377563477
32044387.0,2968.0,0.0,-2.2265625,-1.71875,2.08203125,0
32051419.0,7032.0,1.0,0.5618896484,0.051574707,0.8134765625,0.1408691406
32055387.0,3968.0,0.0,-3.46875,-1.1328125,1.62109375,0
32059419.0,4032.0,1.0,0.5574951172,0.0528564453,0.8159179688,0.1438598633
32062387.0,2968.0,0.0,-3.74609375,-0.3125,1.73828125,0
32068419.0,6032.0,1.0,0.5530395508,0.0541992187,0.8182983398,0.1470336914
32071387.0,2968.0,0.0,-3.75390625,0.09375,1.6640625,0
32078419.0,7032.0,1.0,0.5485839844,0.0556640625,0.8206176758,0.1502685547
32081387.0,2968.0,0.0,-3.96484375,0.40625,2.078125,0
32088419.0,7032.0,1.0,0.5441894531,0.0572509766,0.8228149414,0.153503418
32091387.0,2968.0,0.0,-4.40234375,0.6796875,2.45703125,0
32098419.0,7032.0,1.0,0.5394897461,0.0590209961,0.8251342773,0.1569824219
32101387.0,2968.0,0.0,-4.44921875,0.76171875,2.296875,0
32108419.0,7032.0,1.0,0.5349121094,0.0608520508,0.8272705078,0.1604614258
32112387.0,3968.0,0.0,-4.2734375,0.65234375,1.83203125,0
32118419.0,6032.0,1.0,0.5302124023,0.0629272461,0.8294067383,0.1641845703
32121387.0,2968.0,0.0,-4.41015625,1.03515625,1.6015625,0
32128419.0,7032.0,1.0,0.5255737305,0.065246582,0.8314208984,0.1680297852
32131387.0,2968.0,0.0,-5.625,1.9453125,2.5546875,0
32138419.0,7032.0,1.0,0.5205078125,0.0681762695,0.8334960938,0.1722412109
32141387.0,2968.0,0.0,-6.078125,1.96484375,3.23046875,0
32148419.0,7032.0,1.0,0.5153808594,0.0718383789,0.8355102539,0.1763916016
32151387.0,2968.0,0.0,-7.2578125,2.8984375,4.265625,0
32158419.0,7032.0,1.0,0.5101318359,0.0765991211,0.8375854492,0.1799926758
32161387.0,2968.0,0.0,-7.94921875,1.265625,4.83203125,0
32168419.0,7032.0,1.0,0.5043945313,0.0832519531,0.8397827148,0.1827392578
32171387.0,2968.0,0.0,-9.53125,1.6171875,4.421875,0
32183419.0,12032.0,1.0,0.4985961914,0.0918579102,0.8421630859,0.18359375
32187387.0,3968.0,0.0,-12.04296875,2.9375,3.10546875,0
32190419.0,3032.0,1.0,0.4921264648,0.1041259766,0.8449707031,0.1817626953
32193387.0,2968.0,0.0,-13.1796875,4.96875,2.05078125,0
32198419.0,5032.0,1.0,0.4852294922,0.1200561523,0.8478393555,0.176940918
32201387.0,2968.0,0.0,-13.296875,4.90625,2.20703125,0
32208419.0,7032.0,1.0,0.4782714844,0.1381835938,0.8503417969,0.1705932617
32211387.0,2968.0,0.0,-14.37109375,11.77734375,-1.99609375,0
32218419.0,7032.0,1.0,0.4718017578,0.1568603516,0.8517456055,0.1654663086
32221387.0,2968.0,0.0,-13.53125,15.56640625,-3.734375,0
32228419.0,7032.0,1.0,0.4664916992,0.1744384766,0.8513183594,0.164855957
32231387.0,2968.0,0.0,-11.25,19.91796875,-4.828125,0
32238419.0,7032.0,1.0,0.4631958008,0.1887207031,0.8488769531,0.1709594727
32241387.0,2968.0,0.0,-4.25,19.890625,-0.08984375,0
32248419.0,7032.0,1.0,0.4619140625,0.1997070313,0.8442993164,0.1841430664
32251387.0,2968.0,0.0,-1.89453125,14.11328125,4.59765625,0
32260419.0,9032.0,1.0,0.4617919922,0.2077636719,0.8386230469,0.2006835938
32263387.0,2968.0,0.0,0.80859375,4.6328125,9.56640625,0
32270419.0,7032.0,1.0,0.4604492188,0.2184448242,0.8333740234,0.2138671875
32273387.0,2968.0,0.0,0.69921875,-9.79296875,6.5703125,0
32278419.0,5032.0,1.0,0.4586181641,0.2335205078,0.8285522461,0.2205810547
32281387.0,2968.0,0.0,-0.76171875,28.81640625,1.48828125,0
32288419.0,7032.0,1.0,0.4618530273,0.2439575195,0.8200073242,0.2339477539
32291387.0,2968.0,0.0,3.10546875,43.57421875,-16.80078125,0
32298419.0,7032.0,1.0,0.4736938477,0.2421875,0.8041381836,0.2651977539
32301387.0,2968.0,0.0,3.09765625,37.015625,-24.85546875,0
32308419.0,7032.0,1.0,0.4935302734,0.2266845703,0.7796020508,0.3118286133
32311387.0,2968.0,0.0,9.83203125,22.140625,-29.04296875,0
32323419.0,12032.0,1.0,0.5159301758,0.2052001953,0.7510986328,0.3571777344
32328387.0,4968.0,0.0,4.015625,-28.9765625,-7.984375,0
32331419.0,3032.0,1.0,0.5378417969,0.1860961914,0.7238769531,0.3899536133
32334387.0,2968.0,0.0,4.078125,-29.15625,-8.90625,0
32338419.0,4032.0,1.0,0.5590209961,0.1721801758,0.7002563477,0.4092407227
32341387.0,2968.0,0.0,6.33984375,-25.33984375,-2.53125,0
32348419.0,7032.0,1.0,0.5795288086,0.1611328125,0.6796875,0.4197998047
32351387.0,2968.0,0.0,9.19921875,-16.30859375,0.03125,0
32358419.0,7032.0,1.0,0.6004638672,0.1484375,0.6592407227,0.4276123047
32361387.0,2968.0,0.0,8.97265625,-13.5625,1.60546875,0
32368419.0,7032.0,1.0,0.6206665039,0.1340332031,0.6395874023,0.4332885742
32371387.0,2968.0,0.0,8.98828125,-18.5625,1.33984375,0
32378419.0,7032.0,1.0,0.6403808594,0.1195068359,0.6213989258,0.4353637695
32381387.0,2968.0,0.0,8.65625,-19.8828125,3.30859375,0
32388419.0,7032.0,1.0,0.6588134766,0.1068115234,0.6058349609,0.4330444336
32391387.0,2968.0,0.0,8.375,-18.640625,4.11328125,0
32403419.0,12032.0,1.0,0.6750488281,0.0962524414,0.5935058594,0.4275512695
32407387.0,3968.0,0.0,6.921875,-13.12890625,3.8125,0
32410419.0,3032.0,1.0,0.6909179688,0.0862426758,0.5825195313,0.4193725586
32413387.0,2968.0,0.0,7.0546875,-12.83203125,3.5234375,0
32418419.0,5032.0,1.0,0.705871582,0.0767822266,0.5731201172,0.4091186523
32421387.0,2968.0,0.0,6.71875,-11.078125,2.5546875,0
32428419.0,7032.0,1.0,0.7189941406,0.0685424805,0.5655517578,0.3981323242
32431387.0,2968.0,0.0,6.67578125,-9.11328125,2.3203125,0
32438419.0,7032.0,1.0,0.7307128906,0.0612792969,0.5594482422,0.3864135742
32441387.0,2968.0,0.0,7.3671875,-8.51171875,2.3359375,0
32448419.0,7032.0,1.0,0.741394043,0.0549926758,0.5546264648,0.3737182617
32451387.0,2968.0,0.0,7.95703125,-7.9453125,1.86328125,0
32458419.0,7032.0,1.0,0.7509155273,0.0498046875,0.5509033203,0.3608398438
32461387.0,2968.0,0.0,8.12890625,-7.05859375,1.65625,0
32468419.0,7032.0,1.0,0.7592773438,0.0451660156,0.5479125977,0.3481445313
32471387.0,2968.0,0.0,7.70703125,-5.31640625,0.88671875,0
32483419.0,12032.0,1.0,0.7669067383,0.0405273437,0.5454711914,0.3357543945
32487387.0,3968.0,0.0,7.44140625,-4.33984375,-0.015625,0
32490419.0,3032.0,1.0,0.7736206055,0.0357055664,0.5434570313,0.3239135742
32493387.0,2968.0,0.0,7.51171875,-4.12109375,-0.0625,0
32498419.0,5032.0,1.0,0.7798461914,0.0305175781,0.5418701172,0.3120117188
32501387.0,2968.0,0.0,7.55078125,-4.1796875,-0.41796875,0
32508419.0,7032.0,1.0,0.7847900391,0.0259399414,0.5409545898,0.3014526367
32511387.0,2968.0,0.0,7.22265625,-4.99609375,-0.48046875,0
32518419.0,7032.0,1.0,0.7893676758,0.0217895508,0.5407104492,0.289855957
32521387.0,2968.0,0.0,6.75,-5.57421875,-0.44921875,0
32528419.0,7032.0,1.0,0.7930297852,0.0195922852,0.5415039063,0.278503418
32531387.0,2968.0,0.0,6.1171875,-6.56640625,-0.203125,0
32538419.0,7032.0,1.0,0.7958984375,0.0194702148,0.5433959961,0.2662963867
32541387.0,2968.0,0.0,5.59375,-6.75390625,-0.171875,0
32548419.0,7032.0,1.0,0.7978515625,0.0198364258,0.546081543,0.2545776367
32551387.0,2968.0,0.0,4.68359375,-2.81640625,-0.22265625,0
32563419.0,12032.0,1.0,0.7989501953,0.0192260742,0.5489501953,0.2448730469
32567387.0,3968.0,0.0,3.8203125,-1.6875,-2.19921875,0
32570419.0,3032.0,1.0,0.7993164063,0.0171508789,0.5521240234,0.2365112305
32573387.0,2968.0,0.0,2.91796875,-2.2578125,-3.171875,0
32578419.0,5032.0,1.0,0.7990112305,0.0141601563,0.5559082031,0.2289428711
32581387.0,2968.0,0.0,2.97265625,-2.1484375,-3.1015625,0
32588419.0,7032.0,1.0,0.7981567383,0.0111694336,0.5596313477,0.2228393555
32591387.0,2968.0,0.0,1.07421875,-0.640625,-5.88671875,0
32598419.0,7032.0,1.0,0.796875,0.0076293945,0.5634765625,0.2177734375
32601387.0,2968.0,0.0,0.0859375,0.4140625,-7.87890625,0
32609419.0,8032.0,1.0,0.7953491211,0.0031738281,0.5670776367,0.214050293
32612387.0,2968.0,0.0,-1.62890625,1.6171875,-8.03125,0
32618419.0,6032.0,1.0,0.7936401367,-0.0020751953,0.5704956055,0.2114257813
32621387.0,2968.0,0.0,-2.65625,0.76953125,-6.99609375,0
32628419.0,7032.0,1.0,0.791809082,-0.0076293945,0.5736083984,0.2096557617
32631387.0,2968.0,0.0,-2.65625,-0.70703125,-4.5859375,0
32638419.0,7032.0,1.0,0.7897338867,-0.0131225586,0.5768432617,0.2083740234
32641387.0,2968.0,0.0,-1.046875,-2.0,-2.91015625,0
32649419.0,8032.0,1.0,0.7872924805,-0.0174560547,0.5805053711,0.20703125
32652387.0,2968.0,0.0,0.2890625,-4.11328125,-1.16796875,0
32658419.0,6032.0,1.0,0.7846069336,-0.0195922852,0.5847167969,0.2052001953
32661387.0,2968.0,0.0,-0.40234375,-4.23046875,0.19140625,0
32668419.0,7032.0,1.0,0.7811889648,-0.0197143555,0.5901489258,0.2025756836
32671387.0,2968.0,0.0,-1.1640625,-3.71484375,0.765625,0
32678419.0,7032.0,1.0,0.7774658203,-0.0179443359,0.5961303711,0.1997070313
32681387.0,2968.0,0.0,-2.17578125,-4.61328125,0.640625,0
32688419.0,7032.0,1.0,0.7734375,-0.0146484375,0.6024169922,0.1965332031
32691387.0,2968.0,0.0,-3.640625,-3.84765625,-0.17578125,0
32703419.0,12032.0,1.0,0.7689208984,-0.0093994141,0.6094970703,0.1928710938
32708387.0,4968.0,0.0,-7.6015625,-4.4765625,-3.7734375,0
32711419.0,3032.0,1.0,0.7640991211,-0.0020751953,0.6170043945,0.1884155273
32714387.0,2968.0,0.0,-7.578125,-4.5546875,-3.59375,0
32718419.0,4032.0,1.0,0.7588500977,0.006652832,0.6248779297,0.1834106445
32721387.0,2968.0,0.0,-6.09765625,-2.2734375,-2.6875,0
32729419.0,8032.0,1.0,0.7530517578,0.0162963867,0.6331787109,0.1781616211
32732387.0,2968.0,0.0,-5.171875,-2.06640625,-2.63671875,0
32738419.0,6032.0,1.0,0.7470703125,0.0258789062,0.6413574219,0.1729125977
32741387.0,2968.0,0.0,-4.88671875,0.4453125,-3.8828125,0
32748419.0,7032.0,1.0,0.741027832,0.0348510742,0.649230957,0.1677856445
32751387.0,2968.0,0.0,-4.9921875,2.76953125,-4.71484375,0
32758419.0,7032.0,1.0,0.7351074219,0.0427246094,0.6566772461,0.1630859375
32761387.0,2968.0,0.0,-4.74609375,2.9375,-5.8984375,0
32769419.0,8032.0,1.0,0.7291870117,0.0493164062,0.6638183594,0.1586303711
32772387.0,2968.0,0.0,-4.2109375,3.3046875,-6.67578125,0
32784419.0,12032.0,1.0,0.7238769531,0.0538330078,0.6701049805,0.1550292969
32789419.0,5000.0,1.0,0.7185668945,0.0564575195,0.6762695313,0.1522216797
32791387.0,1968.0,0.0,-2.88671875,5.79296875,-8.63671875,0
32799419.0,8032.0,1.0,0.7135620117,0.0572509766,0.6819458008,0.1501464844
32802387.0,2968.0,0.0,-2.79296875,6.0,-8.25390625,0
32809419.0,7032.0,1.0,0.7091064453,0.0565795898,0.6869506836,0.1486206055
32812387.0,2968.0,0.0,-2.671875,6.28515625,-8.88671875,0
32818419.0,6032.0,1.0,0.705078125,0.0548095703,0.69140625,0.1475219727
32821387.0,2968.0,0.0,-3.0,6.78515625,-7.96484375,0
32828419.0,7032.0,1.0,0.7015991211,0.0523071289,0.6953735352,0.1465454102
32832387.0,3968.0,0.0,-2.984375,6.46875,-7.01171875,0
32839419.0,7032.0,1.0,0.6983032227,0.0493164062,0.6990966797,0.1457519531
32842387.0,2968.0,0.0,-2.5859375,4.40234375,-5.625,0
32848419.0,6032.0,1.0,0.6953125,0.0459594727,0.7023925781,0.145324707
32851387.0,2968.0,0.0,-1.92578125,4.2578125,-5.18359375,0
32858419.0,7032.0,1.0,0.692199707,0.0419311523,0.7056274414,0.1455078125
32861387.0,2968.0,0.0,-2.37109375,4.02734375,-5.0625,0
32869419.0,8032.0,1.0,0.6892700195,0.0382080078,0.7086181641,0.1461181641
32872387.0,2968.0,0.0,-3.7421875,3.1484375,-4.3984375,0
32879419.0,7032.0,1.0,0.6864013672,0.0354614258,0.7114257813,0.146484375
32882387.0,2968.0,0.0,-4.5390625,2.75,-3.25,0
32888419.0,6032.0,1.0,0.68359375,0.0344848633,0.7142333984,0.1461791992
32891387.0,2968.0,0.0,-3.3515625,-1.41796875,-1.21875,0
32898419.0,7032.0,1.0,0.6802368164,0.0350952148,0.717590332,0.1452636719
32901387.0,2968.0,0.0,-3.51171875,-1.53125,-0.5859375,0
32909419.0,8032.0,1.0,0.6768188477,0.0369262695,0.7210083008,0.1439208984
32912387.0,2968.0,0.0,-3.98046875,-1.77734375,-1.20703125,0
32919419.0,7032.0,1.0,0.6733398438,0.0397338867,0.7243652344,0.1423950195
32922387.0,2968.0,0.0,-3.25,-1.640625,-2.90625,0
32929419.0,7032.0,1.0,0.669921875,0.0430297852,0.7276611328,0.1408691406
32932387.0,2968.0,0.0,-1.50390625,0.08984375,-2.7265625,0
32944419.0,12032.0,1.0,0.6666870117,0.0464477539,0.7307128906,0.139465332
32949387.0,4968.0,0.0,-0.921875,-1.08984375,-1.265625,0
32951419.0,2032.0,1.0,0.6631469727,0.0502929687,0.7338867188,0.1381225586
32959419.0,8000.0,1.0,0.6594238281,0.0542602539,0.7372436523,0.1369018555
32962387.0,2968.0,0.0,-1.09375,-0.35546875,-1.04296875,0
32969419.0,7032.0,1.0,0.6558837891,0.0579833984,0.7402954102,0.1359863281
32972387.0,2968.0,0.0,-1.9140625,-1.046875,-1.78515625,0
32979419.0,7032.0,1.0,0.6524047852,0.0616455078,0.7431640625,0.1350708008
32982387.0,2968.0,0.0,-2.203125,-0.96875,-1.73046875,0
32989419.0,7032.0,1.0,0.6491088867,0.0653076172,0.7459716797,0.1340942383
32992387.0,2968.0,0.0,-2.10546875,-0.42578125,-0.75390625,0
32999419.0,7032.0,1.0,0.6457519531,0.0688476563,0.7487182617,0.1328735352
33002387.0,2968.0,0.0,-0.55859375,-0.07421875,0.2578125,0
33009419.0,7032.0,1.0,0.6424560547,0.0720214844,0.7514648438,0.131652832
33012387.0,2968.0,0.0,-0.390625,-0.05859375,0.96484375,0
33019419.0,7032.0,1.0,0.6390991211,0.0745849609,0.7542724609,0.1305541992
33022387.0,2968.0,0.0,0.55859375,0.421875,1.17578125,0
33029419.0,7032.0,1.0,0.6358032227,0.0765991211,0.7570800781,0.1294555664
33032387.0,2968.0,0.0,0.4296875,0.4921875,0.87890625,0
33038419.0,6032.0,1.0,0.6326904297,0.0780029297,0.7597045898,0.1284179688
33041387.0,2968.0,0.0,-0.4765625,1.25,-0.4921875,0
33049419.0,8032.0,1.0,0.6295166016,0.0787963867,0.7624511719,0.1274414063
33052387.0,2968.0,0.0,-1.05859375,2.0234375,-1.05859375,0
33058419.0,6032.0,1.0,0.6266479492,0.078918457,0.7648925781,0.1265869141
33061387.0,2968.0,0.0,-0.71875,1.2734375,-1.828125,0
33069419.0,8032.0,1.0,0.6239013672,0.0784912109,0.7672729492,0.1257324219
33072387.0,2968.0,0.0,0.0859375,1.28125,-1.33203125,0
33078419.0,6032.0,1.0,0.6214599609,0.0776977539,0.76953125,0.125
33081387.0,2968.0,0.0,0.87109375,1.296875,-1.40625,0
33088419.0,7032.0,1.0,0.6188964844,0.0764770508,0.7718505859,0.124206543
33091387.0,2968.0,0.0,1.28515625,1.55078125,-1.16015625,0
33099419.0,8032.0,1.0,0.6163330078,0.0748901367,0.7741088867,0.1235351563
33102387.0,2968.0,0.0,1.515625,1.0,-0.4765625,0
33109419.0,7032.0,1.0,0.6138916016,0.073059082,0.7763061523,0.1231079102
33112387.0,2968.0,0.0,1.35546875,1.10546875,0.8984375,0
33119419.0,7032.0,1.0,0.611328125,0.0710449219,0.778503418,0.1229858398
33122387.0,2968.0,0.0,0.3125,0.2890625,2.109375,0
33129419.0,7032.0,1.0,0.6087036133,0.0689086914,0.7807617188,0.1231079102
33133387.0,3968.0,0.0,0.3828125,-0.45703125,2.36328125,0
33142419.0,9032.0,1.0,0.6060791016,0.0670776367,0.7828979492,0.1232910156
33145387.0,2968.0,0.0,-0.19921875,-0.9453125,2.203125,0
33152419.0,7032.0,1.0,0.6030883789,0.0653076172,0.7853393555,0.1235351563
33156387.0,3968.0,0.0,-0.7890625,0.2578125,0.2734375,0
33160419.0,4032.0,1.0,0.6002807617,0.0639648438,0.7875366211,0.1237792969
33163387.0,2968.0,0.0,-1.1875,0.83984375,0.07421875,0
33169419.0,6032.0,1.0,0.5974731445,0.0628051758,0.7897338867,0.1239624023
33173387.0,3968.0,0.0,-0.74609375,0.6171875,-0.0546875,0
33179419.0,6032.0,1.0,0.5946044922,0.0618286133,0.7919311523,0.1242675781
33182387.0,2968.0,0.0,-0.26171875,0.54296875,0.4375,0
33189419.0,7032.0,1.0,0.5916137695,0.0609130859,0.7941894531,0.1248168945
33192387.0,2968.0,0.0,0.296875,-0.63671875,2.1484375,0
33199419.0,7032.0,1.0,0.5884399414,0.0600585937,0.7964477539,0.1255493164
33202387.0,2968.0,0.0,0.08203125,-1.13671875,2.6875,0
33209419.0,7032.0,1.0,0.5850830078,0.0593261719,0.798828125,0.1265869141
33213387.0,3968.0,0.0,-0.86328125,-1.3828125,3.1015625,0
33219419.0,6032.0,1.0,0.5816650391,0.0587158203,0.8012084961,0.1276855469
33222387.0,2968.0,0.0,-1.66015625,-1.7734375,3.0859375,0
33229419.0,7032.0,1.0,0.578125,0.0584716797,0.8035888672,0.1287841797
33232387.0,2968.0,0.0,-1.72265625,-1.18359375,2.3671875,0
33239419.0,7032.0,1.0,0.5744018555,0.0584716797,0.8060913086,0.1298217773
33242387.0,2968.0,0.0,-1.21484375,-0.85546875,2.1328125,0
33249419.0,7032.0,1.0,0.5706176758,0.0586547852,0.8086547852,0.1306762695
33252387.0,2968.0,0.0,-0.94140625,-0.02734375,1.98046875,0
33259419.0,7032.0,1.0,0.5668334961,0.0588989258,0.8110961914,0.1315917969
33262387.0,2968.0,0.0,-1.046875,0.4921875,1.3671875,0
33268419.0,6032.0,1.0,0.5631713867,0.0588989258,0.8134765625,0.1327514648
33271387.0,2968.0,0.0,-0.6953125,0.0859375,1.70703125,0
33279419.0,8032.0,1.0,0.5592041016,0.05859375,0.8159790039,0.1343994141
33282387.0,2968.0,0.0,-0.53515625,-0.16796875,2.17578125,0
33289419.0,7032.0,1.0,0.5553588867,0.0578613281,0.8182983398,0.1364746094
33292387.0,2968.0,0.0,-0.5,-0.2734375,2.125,0
33299419.0,7032.0,1.0,0.5514526367,0.0569458008,0.8205566406,0.1390991211
33302387.0,2968.0,0.0,-0.65234375,-0.02734375,2.15625,0
33309419.0,7032.0,1.0,0.5475463867,0.0559692383,0.8227539063,0.1419677734
33312387.0,2968.0,0.0,-0.76953125,0.27734375,1.7265625,0
33319419.0,7032.0,1.0,0.5436401367,0.0550537109,0.8248901367,0.1449584961
33322387.0,2968.0,0.0,-0.80859375,0.19921875,1.5625,0
33329419.0,7032.0,1.0,0.5396728516,0.0543823242,0.826965332,0.1480102539
33332387.0,2968.0,0.0,-1.15234375,0.0078125,1.546875,0
33339419.0,7032.0,1.0,0.5356445313,0.0539550781,0.8290405273,0.1511230469
33342387.0,2968.0,0.0,-1.4296875,0.2578125,1.2578125,0
33349419.0,7032.0,1.0,0.5315551758,0.0537109375,0.8310546875,0.1544799805
33352387.0,2968.0,0.0,-2.1953125,0.51953125,1.09765625,0
33362419.0,10032.0,1.0,0.5275878906,0.0536499023,0.8329467773,0.1579589844
33365387.0,2968.0,0.0,-2.58984375,0.53125,1.6953125,0
33372419.0,7032.0,1.0,0.5230102539,0.0538330078,0.8350219727,0.1622314453
33375387.0,2968.0,0.0,-2.796875,0.73828125,2.44921875,0
33379419.0,4032.0,1.0,0.5184326172,0.0546264648,0.8369750977,0.1665649414
33382387.0,2968.0,0.0,-3.84765625,0.96484375,3.078125,0
33389419.0,7032.0,1.0,0.5137329102,0.0562133789,0.8389282227,0.170715332
33392387.0,2968.0,0.0,-3.83984375,0.765625,2.91015625,0
33399419.0,7032.0,1.0,0.5087280273,0.0588989258,0.841003418,0.174621582
33402387.0,2968.0,0.0,-4.40234375,0.671875,3.1796875,0
33409419.0,7032.0,1.0,0.5032958984,0.063293457,0.8432617188,0.1777954102
33412387.0,2968.0,0.0,-4.91015625,0.625,3.21875,0
33419419.0,7032.0,1.0,0.4977416992,0.0693969727,0.845703125,0.1796264648
33422387.0,2968.0,0.0,-6.10546875,-0.19140625,3.23046875,0
33429419.0,7032.0,1.0,0.4915161133,0.078125,0.8485107422,0.1798706055
33432387.0,2968.0,0.0,-6.92578125,-0.4765625,3.65234375,0
33439419.0,7032.0,1.0,0.4850463867,0.0889282227,0.8515014648,0.1782836914
33442387.0,2968.0,0.0,-7.41015625,-0.73828125,3.2421875,0
33449419.0,7032.0,1.0,0.4783325195,0.1019287109,0.8545532227,0.1746826172
33452387.0,2968.0,0.0,-9.0234375,0.08984375,2.5390625,0
33458419.0,6032.0,1.0,0.4717407227,0.1161499023,0.857421875,0.1696166992
33461387.0,2968.0,0.0,-14.37890625,3.64453125,0.19921875,0
33469419.0,8032.0,1.0,0.4645996094,0.1330566406,0.8601074219,0.1633300781
33472387.0,2968.0,0.0,-16.48828125,6.82421875,-1.4375,0
33479419.0,7032.0,1.0,0.4581298828,0.1498413086,0.8617553711,0.1583251953
33482387.0,2968.0,0.0,-18.3671875,11.6640625,-3.40625,0
33489419.0,7032.0,1.0,0.4526977539,0.1652832031,0.8620605469,0.1567993164
33492387.0,2968.0,0.0,-19.09765625,15.70703125,-5.5625,0
33504419.0,12032.0,1.0,0.4488525391,0.1781616211,0.8609008789,0.1600952148
33508387.0,3968.0,0.0,-14.49609375,16.40234375,-6.7109375,0
33511419.0,3032.0,1.0,0.4461669922,0.1896362305,0.8580932617,0.169128418
33514387.0,2968.0,0.0,-14.61328125,16.16015625,-6.71875,0
33518419.0,4032.0,1.0,0.4449462891,0.1984863281,0.8536987305,0.1838989258
33521387.0,2968.0,0.0,-10.41015625,16.62109375,-4.9609375,0
33529419.0,8032.0,1.0,0.4450683594,0.2044677734,0.8472290039,0.2057495117
33532387.0,2968.0,0.0,-8.17578125,16.375,-2.96875,0
33539419.0,7032.0,1.0,0.4450683594,0.2109985352,0.8403930664,0.2260131836
33542387.0,2968.0,0.0,-4.5703125,-17.65625,9.23046875,0
33549419.0,7032.0,1.0,0.4443359375,0.2230224609,0.8348999023,0.2361450195
33552387.0,2968.0,0.0,-1.421875,3.46875,7.88671875,0
33559419.0,7032.0,1.0,0.4473266602,0.234375,0.8269042969,0.2474365234
33562387.0,2968.0,0.0,-0.8828125,33.04296875,-0.00390625,0
33569419.0,7032.0,1.0,0.4586791992,0.2368164063,0.8115234375,0.2738647461
33572387.0,2968.0,0.0,1.26953125,30.73828125,-13.98828125,0
33584419.0,12032.0,1.0,0.4763183594,0.2306518555,0.7900390625,0.3095092773
33588387.0,3968.0,0.0,9.51171875,10.84765625,-32.89453125,0
33591419.0,3032.0,1.0,0.4993286133,0.2169799805,0.7616577148,0.3515014648
33594387.0,2968.0,0.0,9.49609375,10.40234375,-33.85546875,0
33599419.0,5032.0,1.0,0.5256958008,0.1958007813,0.727355957,0.395324707
33602387.0,2968.0,0.0,13.89453125,3.578125,-26.6640625,0
33609419.0,7032.0,1.0,0.5488891602,0.1754760742,0.6967773438,0.4270629883
33612387.0,2968.0,0.0,9.046875,-27.27734375,-7.71875,0
33619419.0,7032.0,1.0,0.5728149414,0.1575927734,0.66796875,0.4481811523
33622387.0,2968.0,0.0,9.21875,-34.4453125,-4.08203125,0
33629419.0,7032.0,1.0,0.5949707031,0.1447753906,0.6445922852,0.4577636719
33632387.0,2968.0,0.0,10.4375,-25.01171875,0.6875,0
33641419.0,9032.0,1.0,0.6162109375,0.1338500977,0.6241455078,0.4613037109
33644387.0,2968.0,0.0,11.23046875,-17.03125,1.1640625,0
33651419.0,7032.0,1.0,0.6376342773,0.1215209961,0.6041870117,0.4621582031
33654387.0,2968.0,0.0,11.890625,-19.640625,0.78125,0
33659419.0,5032.0,1.0,0.6588745117,0.1076660156,0.5849609375,0.4606323242
33662387.0,2968.0,0.0,12.20703125,-21.16796875,1.64453125,0
33669419.0,7032.0,1.0,0.6791381836,0.094543457,0.5679321289,0.4552612305
33672387.0,2968.0,0.0,12.37890625,-22.01171875,2.4765625,0
33681419.0,9032.0,1.0,0.6969604492,0.0841674805,0.5548706055,0.4464111328
33684387.0,2968.0,0.0,12.15625,-20.41015625,2.609375,0
33691419.0,7032.0,1.0,0.714050293,0.0752563477,0.5439453125,0.4342651367
33694387.0,2968.0,0.0,10.13671875,-14.4296875,1.43359375,0
33699419.0,5032.0,1.0,0.7296142578,0.0675048828,0.5350952148,0.4204711914
33702387.0,2968.0,0.0,9.6796875,-12.35546875,0.69140625,0
33709419.0,7032.0,1.0,0.7438354492,0.0604248047,0.5277709961,0.4056396484
33712387.0,2968.0,0.0,9.828125,-10.70703125,0.484375,0
33721419.0,9032.0,1.0,0.7561035156,0.0543212891,0.5219726563,0.3910522461
33724387.0,2968.0,0.0,9.8515625,-10.16796875,0.38671875,0
33731419.0,7032.0,1.0,0.7674560547,0.0488891602,0.5172729492,0.3755493164
33734387.0,2968.0,0.0,8.796875,-8.98046875,0.43359375,0
33739419.0,5032.0,1.0,0.778137207,0.044128418,0.5134277344,0.3591308594
33742387.0,2968.0,0.0,8.1953125,-7.69921875,0.0859375,0
33749419.0,7032.0,1.0,0.7867431641,0.040222168,0.5107421875,0.3442993164
33752387.0,2968.0,0.0,7.61328125,-6.3515625,-0.51171875,0
33759419.0,7032.0,1.0,0.7944946289,0.0362548828,0.5086669922,0.3297119141
33762387.0,2968.0,0.0,7.375,-5.22265625,-1.02734375,0
33769419.0,7032.0,1.0,0.8012695313,0.0321655273,0.5072631836,0.315612793
33772387.0,2968.0,0.0,7.6015625,-5.5078125,-1.12890625,0
33779419.0,7032.0,1.0,0.8068847656,0.0284423828,0.506652832,0.3022460938
33782387.0,2968.0,0.0,7.80859375,-5.8515625,-1.37109375,0
33789419.0,7032.0,1.0,0.8116455078,0.0252075195,0.5068969727,0.2891845703
33792387.0,2968.0,0.0,7.83984375,-5.9765625,-1.296875,0
33803419.0,11032.0,1.0,0.8153686523,0.0227661133,0.5079345703,0.2767944336
33806387.0,2968.0,0.0,7.3203125,-5.4765625,-1.08984375,0
33810419.0,4032.0,1.0,0.8184204102,0.0209960937,0.5099487305,0.2639770508
33813387.0,2968.0,0.0,6.69921875,-4.8203125,-0.8203125,0
33819419.0,6032.0,1.0,0.8206176758,0.0199584961,0.5127563477,0.2515869141
33822387.0,2968.0,0.0,5.98828125,-4.12109375,-0.60546875,0
33829419.0,7032.0,1.0,0.8219604492,0.0192260742,0.5161743164,0.2400512695
33832387.0,2968.0,0.0,5.171875,-2.671875,-1.1171875,0
33839419.0,7032.0,1.0,0.8225097656,0.017578125,0.5197143555,0.2303466797
33842387.0,2968.0,0.0,3.96875,0.47265625,-2.30859375,0
33849419.0,7032.0,1.0,0.8224487305,0.0140991211,0.5236816406,0.2216796875
33852387.0,2968.0,0.0,3.41796875,0.375,-3.2265625,0
33859419.0,7032.0,1.0,0.8218383789,0.0094604492,0.5276489258,0.2147216797
33862387.0,2968.0,0.0,2.140625,0.38671875,-3.6875,0
33869419.0,7032.0,1.0,0.8208007813,0.004699707,0.5316162109,0.208984375
33872387.0,2968.0,0.0,0.44140625,0.89453125,-5.02734375,0
33879419.0,7032.0,1.0,0.8194580078,-0.0002441406,0.5355834961,0.2041015625
33882387.0,2968.0,0.0,-3.375,3.22265625,-6.93359375,0
33889419.0,7032.0,1.0,0.8179321289,-0.0054931641,0.5392456055,0.200378418
33892387.0,2968.0,0.0,-4.78125,4.29296875,-6.46875,0
33899419.0,7032.0,1.0,0.8162231445,-0.0111083984,0.5427856445,0.1976318359
33902387.0,2968.0,0.0,-5.1953125,3.90234375,-6.0859375,0
33909419.0,7032.0,1.0,0.8143310547,-0.0164794922,0.5462646484,0.1954345703
33912387.0,2968.0,0.0,-5.30859375,2.11328125,-5.35546875,0
33924419.0,12032.0,1.0,0.8122558594,-0.0205688477,0.5498046875,0.1936035156
33928387.0,3968.0,0.0,-2.08203125,-2.71484375,0.27734375,0
33931419.0,3032.0,1.0,0.8098754883,-0.0233764648,0.5539550781,0.1917114258
33934387.0,2968.0,0.0,-2.05078125,-2.66015625,0.37109375,0
33939419.0,5032.0,1.0,0.8069458008,-0.0240478516,0.5589599609,0.1892700195
33942387.0,2968.0,0.0,-0.05078125,-3.1015625,1.89453125,0
33949419.0,7032.0,1.0,0.8037719727,-0.0225219727,0.5645751953,0.1864624023
33952387.0,2968.0,0.0,0.2109375,-4.49609375,2.2421875,0
33959419.0,7032.0,1.0,0.8001098633,-0.0187988281,0.5709838867,0.1828613281
33962387.0,2968.0,0.0,-0.83203125,-3.1953125,0.8515625,0
33969419.0,7032.0,1.0,0.7961425781,-0.0134277344,0.5779418945,0.1788330078
33973387.0,3968.0,0.0,-2.28515625,-1.91015625,-1.07421875,0
33979419.0,6032.0,1.0,0.7918701172,-0.0068359375,0.5852050781,0.1744384766
33982387.0,2968.0,0.0,-4.515625,-1.68359375,-1.48828125,0
33989419.0,7032.0,1.0,0.7875366211,0.0003051758,0.5923461914,0.1699829102
33992387.0,2968.0,0.0,-4.8359375,-0.80078125,-3.4765625,0
33999419.0,7032.0,1.0,0.7825927734,0.0079345703,0.6000976563,0.1653442383
34002387.0,2968.0,0.0,-4.8828125,-0.046875,-3.640625,0
34009419.0,7032.0,1.0,0.7775878906,0.0147094727,0.6075439453,0.161315918
34012387.0,2968.0,0.0,-4.27734375,0.87890625,-2.89453125,0
34019419.0,7032.0,1.0,0.7723388672,0.0205078125,0.6148681641,0.1580200195
34022387.0,2968.0,0.0,-2.91015625,1.62109375,-3.53515625,0
34029419.0,7032.0,1.0,0.7673950195,0.0252075195,0.6215820313,0.1553344727
34032387.0,2968.0,0.0,-2.046875,1.375,-3.8671875,0
34044419.0,12032.0,1.0,0.7620849609,0.0298461914,0.6284790039,0.1527099609
34048387.0,3968.0,0.0,-1.984375,3.51171875,-3.84375,0
34051419.0,3032.0,1.0,0.7568359375,0.0336914062,0.6351928711,0.150390625
34054387.0,2968.0,0.0,-3.1171875,2.73828125,-3.2578125,0
34059419.0,5032.0,1.0,0.751159668,0.0366821289,0.6420898438,0.1485595703
34062387.0,2968.0,0.0,-3.09375,2.69921875,-3.0859375,0
34069419.0,7032.0,1.0,0.7458496094,0.0386962891,0.6484985352,0.1471557617
34072387.0,2968.0,0.0,-4.5625,2.9140625,-5.53515625,0
34079419.0,7032.0,1.0,0.7409057617,0.0402832031,0.6543579102,0.1459350586
34082387.0,2968.0,0.0,-4.36328125,3.1953125,-6.15234375,0
34089419.0,7032.0,1.0,0.7360839844,0.0416259766,0.6599121094,0.1446533203
34092387.0,2968.0,0.0,-3.890625,3.37109375,-6.38671875,0
34099419.0,7032.0,1.0,0.7315063477,0.0426635742,0.665222168,0.1433105469
34102387.0,2968.0,0.0,-3.921875,2.67578125,-6.3671875,0
34109419.0,7032.0,1.0,0.7271118164,0.0432128906,0.6702880859,0.1419067383
34112387.0,2968.0,0.0,-4.85546875,2.94921875,-4.97265625,0
34119419.0,7032.0,1.0,0.7228393555,0.0431518555,0.6751708984,0.1407470703
34122387.0,2968.0,0.0,-5.3515625,2.30859375,-4.73046875,0
34130419.0,8032.0,1.0,0.71875,0.0424194336,0.6796875,0.1400146484
34133387.0,2968.0,0.0,-5.10546875,3.2734375,-4.72265625,0
34139419.0,6032.0,1.0,0.7149047852,0.0411987305,0.6838989258,0.1396484375
34142387.0,2968.0,0.0,-4.01953125,2.0546875,-4.46484375,0
34149419.0,7032.0,1.0,0.7111206055,0.0399169922,0.6879882813,0.1394042969
34152387.0,2968.0,0.0,-3.859375,1.41015625,-4.35546875,0
34159419.0,7032.0,1.0,0.7073974609,0.0387573242,0.6918945313,0.1391601563
34162387.0,2968.0,0.0,-3.7734375,0.66796875,-4.74609375,0
34170419.0,8032.0,1.0,0.7038574219,0.0380859375,0.6956176758,0.1387939453
34173387.0,2968.0,0.0,-3.92578125,0.63671875,-4.3828125,0
34185419.0,12032.0,1.0,0.7006225586,0.0380249023,0.6989746094,0.1381835938
34190419.0,5000.0,1.0,0.6972045898,0.0384521484,0.7025756836,0.1373291016
34192387.0,1968.0,0.0,-1.92578125,-0.17578125,-4.02734375,0
34199419.0,7032.0,1.0,0.6938476563,0.0391235352,0.7059936523,0.1365356445
34202387.0,2968.0,0.0,-2.04296875,0.78515625,-2.203125,0
34210419.0,8032.0,1.0,0.6904296875,0.0399780273,0.7093505859,0.1359863281
34213387.0,2968.0,0.0,-1.8203125,0.0078125,-1.6875,0
34219419.0,6032.0,1.0,0.6870727539,0.0410766602,0.7126464844,0.1354370117
34222387.0,2968.0,0.0,-2.05859375,0.64453125,-2.015625,0
34229419.0,7032.0,1.0,0.68359375,0.0425415039,0.716003418,0.1350708008
34232387.0,2968.0,0.0,-3.0546875,0.16796875,-1.8828125,0
34239419.0,7032.0,1.0,0.6802368164,0.0446166992,0.7191772461,0.1345214844
34242387.0,2968.0,0.0,-3.98828125,-1.8828125,-0.36328125,0
34250419.0,8032.0,1.0,0.6768798828,0.0477905273,0.7223510742,0.1333618164
34253387.0,2968.0,0.0,-3.421875,-2.22265625,-0.9609375,0
34259419.0,6032.0,1.0,0.6734619141,0.0516357422,0.7255859375,0.1317138672
34262387.0,2968.0,0.0,-2.39453125,-0.875,-0.8125,0
34269419.0,7032.0,1.0,0.6699829102,0.0557861328,0.7288208008,0.1299438477
34272387.0,2968.0,0.0,-1.8359375,-0.67578125,-0.6015625,0
34279419.0,7032.0,1.0,0.6664428711,0.0600585937,0.7319946289,0.1281738281
34282387.0,2968.0,0.0,-1.4296875,-1.39453125,-0.078125,0
34290419.0,8032.0,1.0,0.662902832,0.0642700195,0.735168457,0.1264038086
34293387.0,2968.0,0.0,-1.63671875,-0.31640625,-0.046875,0
34299419.0,6032.0,1.0,0.6594238281,0.0681152344,0.7381591797,0.1248779297
34302387.0,2968.0,0.0,-1.9609375,-0.078125,-1.24609375,0
34309419.0,7032.0,1.0,0.6561889648,0.0713500977,0.7409667969,0.1237792969
34312387.0,2968.0,0.0,-1.4765625,-0.02734375,-1.4765625,0
34320419.0,8032.0,1.0,0.6530151367,0.07421875,0.7435913086,0.1228637695
34323387.0,2968.0,0.0,-0.91796875,-1.3515625,-0.921875,0
34329419.0,6032.0,1.0,0.6499633789,0.0767211914,0.7461547852,0.1219482422
34332387.0,2968.0,0.0,-0.08984375,0.31640625,-1.06640625,0
34339419.0,7032.0,1.0,0.6470336914,0.0787353516,0.7485961914,0.1212768555
34342387.0,2968.0,0.0,0.3515625,0.6015625,-1.2578125,0
34349419.0,7032.0,1.0,0.6441040039,0.080078125,0.7510375977,0.1209106445
34352387.0,2968.0,0.0,0.91796875,1.015625,-0.640625,0
34359419.0,7032.0,1.0,0.6412963867,0.080871582,0.7534179688,0.1207275391
34362387.0,2968.0,0.0,1.5546875,0.546875,0.27734375,0
34369419.0,7032.0,1.0,0.6385498047,0.081237793,0.7556762695,0.1206665039
34372387.0,2968.0,0.0,1.39453125,0.84375,0.76171875,0
34379419.0,7032.0,1.0,0.6357421875,0.0814208984,0.7580566406,0.1206665039
34382387.0,2968.0,0.0,1.2265625,1.16015625,0.7265625,0
34389419.0,7032.0,1.0,0.6329956055,0.0814208984,0.7603759766,0.1206665039
34393387.0,3968.0,0.0,0.98828125,1.3046875,0.7578125,0
34399419.0,6032.0,1.0,0.6301879883,0.0813598633,0.7626953125,0.1204833984
34402387.0,2968.0,0.0,0.85546875,0.73828125,0.63671875,0
34409419.0,7032.0,1.0,0.6275634766,0.0813598633,0.7649536133,0.1201782227
34412387.0,2968.0,0.0,0.3046875,1.3515625,-0.01953125,0
34424419.0,12032.0,1.0,0.6247558594,0.0812988281,0.7672729492,0.1198120117
34428387.0,3968.0,0.0,-0.046875,1.3203125,-0.41796875,0
34431419.0,3032.0,1.0,0.6220703125,0.0811157227,0.76953125,0.1196289063
34434387.0,2968.0,0.0,0.17578125,0.83203125,0.08203125,0
34439419.0,5032.0,1.0,0.6192626953,0.0809936523,0.7717895508,0.1195068359
34442387.0,2968.0,0.0,0.16015625,0.83203125,0.15234375,0
34449419.0,7032.0,1.0,0.6165161133,0.080871582,0.7740478516,0.1193237305
34452387.0,2968.0,0.0,-0.125,0.8671875,0.90234375,0
34459419.0,7032.0,1.0,0.6137084961,0.080871582,0.7762451172,0.1192626953
34462387.0,2968.0,0.0,-0.1796875,1.0234375,1.08984375,0
34469419.0,7032.0,1.0,0.6109008789,0.0808105469,0.778503418,0.1192626953
34472387.0,2968.0,0.0,-0.65234375,0.41015625,1.265625,0
34480419.0,8032.0,1.0,0.6079711914,0.0808105469,0.7807617188,0.1195068359
34483387.0,2968.0,0.0,-0.70703125,0.6328125,1.15234375,0
34489419.0,6032.0,1.0,0.6050415039,0.0807495117,0.7829589844,0.119934082
34492387.0,2968.0,0.0,0.08203125,0.1640625,1.29296875,0
34499419.0,7032.0,1.0,0.6019897461,0.0806884766,0.7852172852,0.1205444336
34502387.0,2968.0,0.0,0.44140625,0.15625,1.70703125,0
34510419.0,8032.0,1.0,0.5987548828,0.0806884766,0.7875976563,0.1212768555
34513387.0,2968.0,0.0,0.30078125,0.02734375,1.546875,0
34519419.0,6032.0,1.0,0.5953369141,0.0808105469,0.7899780273,0.1220703125
34522387.0,2968.0,0.0,-1.4140625,1.09765625,1.42578125,0
34529419.0,7032.0,1.0,0.5919189453,0.0810546875,0.7924194336,0.1228637695
34532387.0,2968.0,0.0,-1.5078125,-0.07421875,1.6640625,0
34539419.0,7032.0,1.0,0.5883789063,0.0813598633,0.794921875,0.1236572266
34542387.0,2968.0,0.0,-1.73046875,-0.7421875,1.58203125,0
34550419.0,8032.0,1.0,0.584777832,0.0818481445,0.7973632813,0.1244506836
34553387.0,2968.0,0.0,-2.296875,-0.3359375,1.3828125,0
34559419.0,6032.0,1.0,0.5812988281,0.0824584961,0.7997436523,0.1251831055
34562387.0,2968.0,0.0,-0.98828125,-0.19921875,0.859375,0
34569419.0,7032.0,1.0,0.5776367188,0.0833129883,0.8022460938,0.125793457
34572387.0,2968.0,0.0,0.0546875,0.27734375,0.9296875,0
34579419.0,7032.0,1.0,0.5740356445,0.0841674805,0.8046875,0.1262207031
34582387.0,2968.0,0.0,1.1796875,0.4921875,1.390625,0
34590419.0,8032.0,1.0,0.5703735352,0.0848999023,0.8071289063,0.1266479492
34593387.0,2968.0,0.0,1.68359375,0.703125,1.734375,0
34599419.0,6032.0,1.0,0.5667724609,0.0853271484,0.8095092773,0.1273193359
34602387.0,2968.0,0.0,1.03125,1.45703125,1.125,0
34609419.0,7032.0,1.0,0.5629882813,0.0853881836,0.8119506836,0.1284179688
34612387.0,2968.0,0.0,0.2734375,1.40234375,0.6953125,0
34619419.0,7032.0,1.0,0.5592651367,0.0849609375,0.8143310547,0.1300048828
34622387.0,2968.0,0.0,-0.79296875,1.37890625,0.421875,0
34630419.0,8032.0,1.0,0.5557250977,0.0841674805,0.8164672852,0.1320800781
34633387.0,2968.0,0.0,-1.671875,1.546875,0.37109375,0
34645419.0,12032.0,1.0,0.5523681641,0.0829467773,0.8184814453,0.1347045898
34650387.0,4968.0,0.0,-2.05078125,1.9453125,1.34375,0
34653419.0,3032.0,1.0,0.5488891602,0.0812988281,0.8204345703,0.1379394531
34656387.0,2968.0,0.0,-2.5703125,1.9453125,1.8671875,0
34660419.0,4032.0,1.0,0.5451049805,0.0793457031,0.8224487305,0.1420288086
34663387.0,2968.0,0.0,-2.6171875,1.90625,1.921875,0
34670419.0,7032.0,1.0,0.5416870117,0.0776367188,0.82421875,0.1458740234
34673387.0,2968.0,0.0,-3.53125,1.4296875,1.77734375,0
34679419.0,6032.0,1.0,0.5380249023,0.0759887695,0.8259887695,0.1500854492
34682387.0,2968.0,0.0,-3.9921875,1.2265625,1.66796875,0
34690419.0,8032.0,1.0,0.5341796875,0.0747680664,0.8277587891,0.1544799805
34694387.0,3968.0,0.0,-4.4140625,0.9453125,2.03125,0
34700419.0,6032.0,1.0,0.5302124023,0.0740356445,0.8295288086,0.1589355469
34703387.0,2968.0,0.0,-4.58203125,0.53515625,2.27734375,0
34710419.0,7032.0,1.0,0.5261230469,0.0740356445,0.8312988281,0.1633300781
34713387.0,2968.0,0.0,-4.58984375,0.12109375,3.25,0
34719419.0,6032.0,1.0,0.5216064453,0.075012207,0.833190918,0.1676635742
34722387.0,2968.0,0.0,-4.84375,0.04296875,3.53515625,0
34730419.0,8032.0,1.0,0.516784668,0.0772705078,0.8352050781,0.1713256836
34733387.0,2968.0,0.0,-4.83203125,0.234375,3.53515625,0
34740419.0,7032.0,1.0,0.5115356445,0.0811157227,0.8375244141,0.1742553711
34743387.0,2968.0,0.0,-5.17578125,0.0234375,3.875,0
34749419.0,6032.0,1.0,0.5061645508,0.0864257813,0.8399047852,0.1758422852
34752387.0,2968.0,0.0,-4.7890625,-1.04296875,2.8671875,0
34759419.0,7032.0,1.0,0.5000610352,0.0941162109,0.8426513672,0.1760864258
34762387.0,2968.0,0.0,-6.3359375,0.03125,3.58203125,0
34770419.0,8032.0,1.0,0.4937744141,0.1033935547,0.8455200195,0.1749267578
34773387.0,2968.0,0.0,-7.92578125,-0.109375,3.24609375,0
34779419.0,6032.0,1.0,0.4877319336,0.1137084961,0.8481445313,0.172668457
34782387.0,2968.0,0.0,-9.7421875,0.44921875,3.67578125,0
34792419.0,10032.0,1.0,0.4810791016,0.1260375977,0.8508300781,0.1694946289
34795387.0,2968.0,0.0,-12.1484375,3.07421875,1.98046875,0
34799419.0,4032.0,1.0,0.474609375,0.1389160156,0.8530883789,0.1665649414
34802387.0,2968.0,0.0,-13.6015625,6.4609375,1.4453125,0
34809419.0,7032.0,1.0,0.4682617188,0.15234375,0.8545532227,0.1651000977
34812387.0,2968.0,0.0,-15.09765625,8.671875,0.53515625,0
34820419.0,8032.0,1.0,0.4624633789,0.1652832031,0.8550415039,0.1666259766
34823387.0,2968.0,0.0,-16.1796875,9.92578125,-2.94140625,0
34830419.0,7032.0,1.0,0.4575805664,0.1768798828,0.854309082,0.1716918945
34833387.0,2968.0,0.0,-15.60546875,15.15625,-4.76171875,0
34840419.0,7032.0,1.0,0.4536132813,0.1870727539,0.8522338867,0.181640625
34843387.0,2968.0,0.0,-13.02734375,15.8046875,-5.3359375,0
34850419.0,7032.0,1.0,0.4508666992,0.1948852539,0.8483886719,0.1973266602
34853387.0,2968.0,0.0,-10.07421875,16.609375,-4.75,0
34859419.0,6032.0,1.0,0.44921875,0.2012329102,0.8434448242,0.2152099609
34862387.0,2968.0,0.0,-6.15234375,11.68359375,0.96484375,0
34872419.0,10032.0,1.0,0.4464111328,0.2127685547,0.8392333984,0.2261962891
34875387.0,2968.0,0.0,0.1171875,-14.4296875,9.8828125,0
34879419.0,4032.0,1.0,0.4436035156,0.229309082,0.8356323242,0.2286987305
34882387.0,2968.0,0.0,-2.46484375,17.54296875,7.68359375,0
34890419.0,8032.0,1.0,0.4464111328,0.2427978516,0.8275146484,0.2386474609
34893387.0,2968.0,0.0,-0.5234375,39.84375,-2.6015625,0
34900419.0,7032.0,1.0,0.4572753906,0.2478637695,0.8128051758,0.2622070313
34903387.0,2968.0,0.0,2.9609375,27.74609375,-17.53515625,0
34910419.0,7032.0,1.0,0.4750366211,0.2440185547,0.7916259766,0.296875
34913387.0,2968.0,0.0,6.1640625,22.48046875,-29.25390625,0
34923419.0,10032.0,1.0,0.4969482422,0.2309570313,0.7652587891,0.3377685547
34926387.0,2968.0,0.0,8.9453125,14.5859375,-30.46484375,0
34933419.0,7032.0,1.0,0.5244140625,0.208190918,0.7302856445,0.3851318359
34936387.0,2968.0,0.0,11.6796875,2.0078125,-26.09765625,0
34941419.0,5032.0,1.0,0.5486450195,0.1874389648,0.69921875,0.4182739258
34944387.0,2968.0,0.0,6.41796875,-30.9375,-9.75390625,0
34950419.0,6032.0,1.0,0.5706787109,0.1723022461,0.6735839844,0.4368896484
34953387.0,2968.0,0.0,5.796875,-31.3671875,-2.4921875,0
34960419.0,7032.0,1.0,0.5920410156,0.161315918,0.6519775391,0.4453735352
34963387.0,2968.0,0.0,7.81640625,-21.05078125,1.48828125,0
34970419.0,7032.0,1.0,0.6130371094,0.1512451172,0.6323852539,0.4487915039
34973387.0,2968.0,0.0,8.30859375,-15.44140625,0.4375,0
