time_us,time_dif_us,data_type,value_1,value_2,value_3,value_4
63637419.0,7032.0,1.0,0.6840209961,0.0703735352,0.7260742188,-0.000793457
63640387.0,2968.0,0.0,0.0078125,-1.6953125,0.90625,0
63647419.0,7032.0,1.0,0.6842651367,0.0728759766,0.7255859375,-0.0036010742
63651387.0,3968.0,0.0,0.04296875,-1.7265625,1.85546875,0
63657419.0,6032.0,1.0,0.6843261719,0.0761108398,0.7251586914,-0.0071411133
63660387.0,2968.0,0.0,0.08203125,-1.80078125,2.66015625,0
63667419.0,7032.0,1.0,0.6842041016,0.0797119141,0.7247924805,-0.010925293
63670387.0,2968.0,0.0,0.08984375,-1.94921875,3.46484375,0
63677419.0,7032.0,1.0,0.6839599609,0.0838012695,0.7245483398,-0.0150146484
63680387.0,2968.0,0.0,0.12109375,-1.55859375,3.51171875,0
63687419.0,7032.0,1.0,0.68359375,0.0876464844,0.7243652344,-0.018737793
63690387.0,2968.0,0.0,0.04296875,-1.40234375,3.01953125,0
63699419.0,9032.0,1.0,0.6831054688,0.0911865234,0.7243041992,-0.0219726562
63702387.0,2968.0,0.0,0.04296875,-1.2109375,2.1015625,0
63707419.0,5032.0,1.0,0.6825561523,0.0946044922,0.7242431641,-0.0250244141
63710387.0,2968.0,0.0,-0.03125,-1.01171875,-0.2265625,0
63717419.0,7032.0,1.0,0.6820068359,0.0981445313,0.7241821289,-0.028137207
63720387.0,2968.0,0.0,-0.03125,-0.71484375,-1.09375,0
63727419.0,7032.0,1.0,0.6815185547,0.1016235352,0.7239990234,-0.0311279297
63730387.0,2968.0,0.0,0.11328125,0.16796875,-1.734375,0
63737419.0,7032.0,1.0,0.6813964844,0.1030273438,0.7238769531,-0.0319824219
63740387.0,2968.0,0.0,0.07421875,5.25390625,-2.9921875,0
63747419.0,7032.0,1.0,0.6817016602,0.1025390625,0.7237548828,-0.0309448242
63750387.0,2968.0,0.0,-0.15625,-1.07421875,-1.0078125,0
63757419.0,7032.0,1.0,0.6819458008,0.1024169922,0.7235107422,-0.030456543
63760387.0,2968.0,0.0,-0.078125,3.359375,-0.82421875,0
63767419.0,7032.0,1.0,0.6821899414,0.1024169922,0.7233276367,-0.0301513672
63770387.0,2968.0,0.0,-0.23046875,3.97265625,-0.94921875,0
63777419.0,7032.0,1.0,0.6824951172,0.1020507813,0.7231445313,-0.0298461914
63780387.0,2968.0,0.0,0.49609375,0.7578125,0.30859375,0
63787419.0,7032.0,1.0,0.6826782227,0.1018066406,0.7229614258,-0.0297851563
63790387.0,2968.0,0.0,0.11328125,0.52734375,0.1171875,0
63797419.0,7032.0,1.0,0.6829223633,0.1016235352,0.7227783203,-0.0298461914
63800387.0,2968.0,0.0,0.0,0.41015625,0.453125,0
63807419.0,7032.0,1.0,0.6831054688,0.1015014648,0.7225952148,-0.0299682617
63810387.0,2968.0,0.0,-0.1171875,-0.96875,0.5234375,0
63817419.0,7032.0,1.0,0.6833496094,0.1014404297,0.7224121094,-0.0299682617
63820387.0,2968.0,0.0,-0.0703125,-1.57421875,1.05859375,0
63827419.0,7032.0,1.0,0.6834716797,0.1015625,0.7222290039,-0.0299682617
63830387.0,2968.0,0.0,0.0,-0.8515625,0.9765625,0
63837419.0,7032.0,1.0,0.68359375,0.1016845703,0.7221069336,-0.0299682617
63840387.0,2968.0,0.0,0.04296875,0.79296875,0.4765625,0
63847419.0,7032.0,1.0,0.6837158203,0.1017456055,0.7220458984,-0.0298461914
63850387.0,2968.0,0.0,0.03515625,1.17578125,-0.09765625,0
63857419.0,7032.0,1.0,0.6837768555,0.1016235352,0.7219238281,-0.0297851563
63860387.0,2968.0,0.0,0.03515625,0.48828125,-0.6015625,0
63867419.0,7032.0,1.0,0.6839599609,0.1015014648,0.7218017578,-0.0297241211
63870387.0,2968.0,0.0,-0.03125,0.83203125,-0.83203125,0
63877419.0,7032.0,1.0,0.6841430664,0.1013793945,0.7216186523,-0.0298461914
63880387.0,2968.0,0.0,-0.03125,-0.46875,-0.7265625,0
63887419.0,7032.0,1.0,0.684387207,0.1013183594,0.7214355469,-0.0298461914
63890387.0,2968.0,0.0,-0.03125,-0.73828125,-0.6953125,0
63896419.0,6032.0,1.0,0.6845703125,0.1013183594,0.7212524414,-0.0298461914
63899387.0,2968.0,0.0,-0.03125,-0.66015625,-0.7734375,0
63907419.0,8032.0,1.0,0.6848754883,0.1013793945,0.7209472656,-0.0299072266
63910387.0,2968.0,0.0,-0.0703125,-0.35546875,-0.703125,0
63917419.0,7032.0,1.0,0.6851806641,0.1014404297,0.7206420898,-0.0299072266
63920387.0,2968.0,0.0,0.0078125,0.41015625,-0.51953125,0
63927419.0,7032.0,1.0,0.685546875,0.1014404297,0.7203369141,-0.0299072266
63930387.0,2968.0,0.0,0.0078125,0.56640625,-0.14453125,0
63937419.0,7032.0,1.0,0.6858520508,0.1014404297,0.7200317383,-0.0299682617
63940387.0,2968.0,0.0,0.04296875,0.3359375,0.4609375,0
63947419.0,7032.0,1.0,0.6861572266,0.1014404297,0.7197265625,-0.0299682617
63950387.0,2968.0,0.0,0.04296875,0.171875,0.453125,0
63957419.0,7032.0,1.0,0.6864013672,0.1013793945,0.7194824219,-0.0300292969
63960387.0,2968.0,0.0,-0.03125,-0.24609375,0.29296875,0
63967419.0,7032.0,1.0,0.686706543,0.1013793945,0.7192382813,-0.0300292969
63970387.0,2968.0,0.0,0.0078125,-0.24609375,0.0546875,0
63977419.0,7032.0,1.0,0.6869506836,0.1013793945,0.7189331055,-0.0300292969
63980387.0,2968.0,0.0,-0.03125,-0.0546875,-0.60546875,0
63987419.0,7032.0,1.0,0.6872558594,0.1013793945,0.7186889648,-0.030090332
63991387.0,3968.0,0.0,-0.03125,0.01953125,-0.765625,0
63997419.0,6032.0,1.0,0.6876220703,0.1013793945,0.7183227539,-0.030090332
64000387.0,2968.0,0.0,-0.03125,0.2109375,-0.54296875,0
64007419.0,7032.0,1.0,0.6879882813,0.1013793945,0.717956543,-0.0301513672
64010387.0,2968.0,0.0,0.0078125,-0.01953125,0.20703125,0
64017419.0,7032.0,1.0,0.6883544922,0.1013183594,0.717590332,-0.0302124023
64020387.0,2968.0,0.0,0.0078125,-0.28515625,0.50390625,0
64027419.0,7032.0,1.0,0.6887207031,0.1013183594,0.7172851563,-0.0302124023
64031387.0,3968.0,0.0,0.0078125,-0.24609375,0.61328125,0
64037419.0,6032.0,1.0,0.6890258789,0.1013793945,0.7169799805,-0.0302734375
64040387.0,2968.0,0.0,0.0078125,-0.09375,0.6796875,0
64047419.0,7032.0,1.0,0.6893310547,0.1013793945,0.7166748047,-0.0302734375
64050387.0,2968.0,0.0,0.05078125,0.2890625,0.51953125,0
64057419.0,7032.0,1.0,0.6896362305,0.1013793945,0.7163696289,-0.0303344727
64060387.0,2968.0,0.0,0.0078125,0.3203125,0.3984375,0
64067419.0,7032.0,1.0,0.6898803711,0.1013793945,0.7161254883,-0.0303344727
64071387.0,3968.0,0.0,0.015625,0.08984375,0.3125,0
64077419.0,6032.0,1.0,0.6901855469,0.1013183594,0.7158813477,-0.0303344727
64080387.0,2968.0,0.0,0.0078125,-0.140625,0.265625,0
64087419.0,7032.0,1.0,0.6904296875,0.1013183594,0.715637207,-0.0303344727
64090387.0,2968.0,0.0,-0.0234375,-0.21875,0.11328125,0
64097419.0,7032.0,1.0,0.6906738281,0.1013183594,0.7153930664,-0.0303955078
64100387.0,2968.0,0.0,-0.0234375,0.08984375,0.10546875,0
64107419.0,7032.0,1.0,0.6909179688,0.1013793945,0.7151489258,-0.0303955078
64110387.0,2968.0,0.0,0.015625,0.2421875,0.328125,0
64117419.0,7032.0,1.0,0.6911621094,0.1013183594,0.7149047852,-0.0303955078
64120387.0,2968.0,0.0,0.015625,0.203125,0.55078125,0
64127419.0,7032.0,1.0,0.69140625,0.1013183594,0.7147216797,-0.0303955078
64130387.0,2968.0,0.0,0.015625,-0.02734375,0.88671875,0
64137419.0,7032.0,1.0,0.6915893555,0.1012573242,0.7145385742,-0.0303955078
64140387.0,2968.0,0.0,0.015625,-0.140625,0.95703125,0
64147419.0,7032.0,1.0,0.6917114258,0.1012573242,0.7143554688,-0.0303344727
64150387.0,2968.0,0.0,0.015625,-0.140625,0.91796875,0
64157419.0,7032.0,1.0,0.6918334961,0.1012573242,0.7142333984,-0.0303344727
64160387.0,2968.0,0.0,0.015625,-0.1015625,0.640625,0
64167419.0,7032.0,1.0,0.6919555664,0.1012573242,0.7141723633,-0.0303344727
64170387.0,2968.0,0.0,-0.0234375,0.05078125,-0.046875,0
64177419.0,7032.0,1.0,0.6920776367,0.1012573242,0.714050293,-0.0303344727
64180387.0,2968.0,0.0,-0.0234375,0.08984375,-0.24609375,0
64188419.0,8032.0,1.0,0.692199707,0.1012573242,0.7139282227,-0.0303344727
64191387.0,2968.0,0.0,0.015625,0.12890625,-0.28515625,0
64197419.0,6032.0,1.0,0.6923217773,0.1012573242,0.7138061523,-0.0303344727
64200387.0,2968.0,0.0,-0.0234375,0.08984375,-0.140625,0
64207419.0,7032.0,1.0,0.6925048828,0.1012573242,0.7136230469,-0.0303344727
64210387.0,2968.0,0.0,-0.0234375,0.05078125,0.05078125,0
64217419.0,7032.0,1.0,0.6926879883,0.1012573242,0.7135009766,-0.0303344727
64220387.0,2968.0,0.0,-0.0234375,0.01171875,0.16015625,0
64228419.0,8032.0,1.0,0.6928100586,0.1011962891,0.7133178711,-0.0303344727
64231387.0,2968.0,0.0,0.015625,-0.02734375,0.234375,0
64237419.0,6032.0,1.0,0.6929321289,0.1011962891,0.7132568359,-0.0303344727
64240387.0,2968.0,0.0,-0.0234375,-0.140625,0.3125,0
64247419.0,7032.0,1.0,0.6930541992,0.1011962891,0.7131347656,-0.0303344727
64250387.0,2968.0,0.0,-0.0234375,-0.1796875,0.37890625,0
64257419.0,7032.0,1.0,0.6931762695,0.1011962891,0.7130126953,-0.0303344727
64260387.0,2968.0,0.0,0.015625,-0.0625,0.37890625,0
64268419.0,8032.0,1.0,0.6932373047,0.1011352539,0.7129516602,-0.0302734375
64271387.0,2968.0,0.0,0.015625,0.08984375,0.3046875,0
64277419.0,6032.0,1.0,0.6932983398,0.1011352539,0.7128295898,-0.0302734375
64280387.0,2968.0,0.0,0.015625,0.12890625,-0.234375,0
64287419.0,7032.0,1.0,0.6934204102,0.1011352539,0.7127685547,-0.0302734375
64290387.0,2968.0,0.0,0.015625,0.12890625,-0.39453125,0
64297419.0,7032.0,1.0,0.6935424805,0.1010742188,0.7126464844,-0.0302734375
64300387.0,2968.0,0.0,-0.0234375,0.01171875,-0.5078125,0
64308419.0,8032.0,1.0,0.6936645508,0.1010742188,0.7125854492,-0.0302734375
64311387.0,2968.0,0.0,-0.015625,-0.1015625,-0.5546875,0
64317419.0,6032.0,1.0,0.6937866211,0.1010742188,0.7124023438,-0.0302734375
64320387.0,2968.0,0.0,-0.015625,-0.0625,-0.67578125,0
64327419.0,7032.0,1.0,0.6939697266,0.1010742188,0.7122192383,-0.0302734375
64330387.0,2968.0,0.0,-0.015625,-0.0625,-0.68359375,0
64337419.0,7032.0,1.0,0.6942138672,0.1010742188,0.7120361328,-0.0302734375
64340387.0,2968.0,0.0,-0.015625,-0.0625,-0.6484375,0
64348419.0,8032.0,1.0,0.6943969727,0.1010131836,0.7117919922,-0.0302734375
64351387.0,2968.0,0.0,-0.015625,-0.0625,-0.5390625,0
64357419.0,6032.0,1.0,0.6947021484,0.1010131836,0.7115478516,-0.0302734375
64360387.0,2968.0,0.0,0.05859375,0.08984375,-0.05078125,0
64367419.0,7032.0,1.0,0.6949462891,0.1010131836,0.7113037109,-0.0302734375
64370387.0,2968.0,0.0,0.0234375,0.12890625,0.01953125,0
64377419.0,7032.0,1.0,0.6951904297,0.1009521484,0.7110595703,-0.0302734375
64380387.0,2968.0,0.0,0.0234375,0.12890625,-0.1328125,0
64387419.0,7032.0,1.0,0.6954345703,0.1008911133,0.7108154297,-0.0302734375
64390387.0,2968.0,0.0,-0.015625,-0.1015625,-0.48828125,0
64397419.0,7032.0,1.0,0.6957397461,0.1008911133,0.7105712891,-0.0302734375
64400387.0,2968.0,0.0,-0.015625,-0.1796875,-0.41796875,0
64407419.0,7032.0,1.0,0.6960449219,0.1008300781,0.7102661133,-0.0302734375
64411387.0,3968.0,0.0,0.0234375,-0.1796875,-0.08203125,0
64417419.0,6032.0,1.0,0.6963500977,0.1008300781,0.7099609375,-0.0302734375
64420387.0,2968.0,0.0,0.0234375,-0.1015625,0.2578125,0
64427419.0,7032.0,1.0,0.6965942383,0.1008300781,0.7097167969,-0.0302734375
64430387.0,2968.0,0.0,0.0234375,0.12890625,0.70703125,0
64437419.0,7032.0,1.0,0.6968383789,0.1008300781,0.7094116211,-0.0302734375
64440387.0,2968.0,0.0,0.05859375,0.1953125,0.77734375,0
64447419.0,7032.0,1.0,0.6970825195,0.1008300781,0.7092285156,-0.0302734375
64451387.0,3968.0,0.0,0.0234375,0.1953125,0.76953125,0
64457419.0,6032.0,1.0,0.697265625,0.1008300781,0.7090454102,-0.0302734375
64460387.0,2968.0,0.0,0.0234375,0.1953125,0.73046875,0
64467419.0,7032.0,1.0,0.6974487305,0.100769043,0.7088623047,-0.0303344727
64470387.0,2968.0,0.0,0.0234375,-0.0703125,0.4921875,0
64477419.0,7032.0,1.0,0.6976318359,0.100769043,0.7086791992,-0.0303344727
64480387.0,2968.0,0.0,0.0234375,-0.1484375,0.29296875,0
64487419.0,7032.0,1.0,0.6977539063,0.100769043,0.7085571289,-0.0303344727
64491387.0,3968.0,0.0,-0.015625,-0.0703125,0.0625,0
64497419.0,6032.0,1.0,0.6979370117,0.100769043,0.7083740234,-0.0303344727
64500387.0,2968.0,0.0,-0.015625,0.08203125,-0.12890625,0
64508419.0,8032.0,1.0,0.698059082,0.100769043,0.7082519531,-0.0303955078
64511387.0,2968.0,0.0,0.0234375,0.08203125,-0.328125,0
64517419.0,6032.0,1.0,0.6982421875,0.100769043,0.7080688477,-0.0303955078
64520387.0,2968.0,0.0,-0.015625,-0.03515625,-0.2890625,0
64527419.0,7032.0,1.0,0.698425293,0.1007080078,0.7078857422,-0.0303955078
64530387.0,2968.0,0.0,-0.015625,-0.1796875,-0.10546875,0
64537419.0,7032.0,1.0,0.6986694336,0.1007080078,0.7077026367,-0.030456543
64540387.0,2968.0,0.0,-0.015625,-0.21875,0.26953125,0
64547419.0,7032.0,1.0,0.6988525391,0.100769043,0.7075195313,-0.030456543
64550387.0,2968.0,0.0,0.0234375,0.01171875,0.99609375,0
64557419.0,7032.0,1.0,0.6989746094,0.100769043,0.7073364258,-0.0305175781
64560387.0,2968.0,0.0,0.05859375,0.1640625,1.10546875,0
64568419.0,8032.0,1.0,0.6990356445,0.100769043,0.7072753906,-0.0305175781
64571387.0,2968.0,0.0,0.05859375,0.203125,1.18359375,0
64577419.0,6032.0,1.0,0.6990966797,0.100769043,0.7072143555,-0.0305175781
64580387.0,2968.0,0.0,0.0234375,0.08984375,0.98828125,0
64587419.0,7032.0,1.0,0.6991577148,0.100769043,0.7072143555,-0.0305786133
64590387.0,2968.0,0.0,0.0234375,-0.0625,0.875,0
64597419.0,7032.0,1.0,0.6990966797,0.100769043,0.7072143555,-0.0305786133
64600387.0,2968.0,0.0,-0.015625,-0.140625,0.76171875,0
64608419.0,8032.0,1.0,0.6990966797,0.1008300781,0.7072143555,-0.0305786133
64611387.0,2968.0,0.0,0.0234375,-0.1015625,0.71484375,0
64617419.0,6032.0,1.0,0.6990356445,0.1008300781,0.7072753906,-0.0305786133
64620387.0,2968.0,0.0,0.0234375,0.2421875,0.9453125,0
64627419.0,7032.0,1.0,0.6989746094,0.1008300781,0.7073974609,-0.0305786133
64630387.0,2968.0,0.0,0.015625,0.2421875,1.17578125,0
64637419.0,7032.0,1.0,0.6988525391,0.100769043,0.7075195313,-0.0305175781
64640387.0,2968.0,0.0,0.05078125,0.12890625,1.41015625,0
64648419.0,8032.0,1.0,0.6986694336,0.100769043,0.7077026367,-0.0305175781
64651387.0,2968.0,0.0,0.05078125,-0.02734375,1.44921875,0
64657419.0,6032.0,1.0,0.698425293,0.100769043,0.7078857422,-0.030456543
64660387.0,2968.0,0.0,0.015625,-0.0625,0.99609375,0
64667419.0,7032.0,1.0,0.6981811523,0.100769043,0.7081298828,-0.030456543
64670387.0,2968.0,0.0,-0.0234375,0.08984375,0.66015625,0
64677419.0,7032.0,1.0,0.6978759766,0.100769043,0.7084350586,-0.0303955078
64680387.0,2968.0,0.0,0.0234375,0.15625,0.31640625,0
64688419.0,8032.0,1.0,0.6976318359,0.100769043,0.7086791992,-0.0303955078
64691387.0,2968.0,0.0,-0.015625,0.08203125,0.0546875,0
64698419.0,7032.0,1.0,0.6973266602,0.100769043,0.708984375,-0.0303955078
64701387.0,2968.0,0.0,-0.015625,-0.1875,0.0625,0
64708419.0,7032.0,1.0,0.6970825195,0.1008300781,0.7092285156,-0.0303344727
64712387.0,3968.0,0.0,0.015625,-0.1875,0.2265625,0
64717419.0,5032.0,1.0,0.6967773438,0.1008300781,0.7094726563,-0.0303344727
64720387.0,2968.0,0.0,0.0234375,0.00390625,0.34765625,0
64728419.0,8032.0,1.0,0.6965332031,0.1008911133,0.709777832,-0.0303344727
64731387.0,2968.0,0.0,0.05859375,0.2734375,0.625,0
64737419.0,6032.0,1.0,0.6961669922,0.1008911133,0.7100830078,-0.0303344727
64740387.0,2968.0,0.0,0.05859375,0.234375,0.96875,0
64747419.0,7032.0,1.0,0.6958618164,0.1008911133,0.7104492188,-0.0303344727
64750387.0,2968.0,0.0,0.0234375,-0.0703125,0.984375,0
64758419.0,8032.0,1.0,0.6954345703,0.1008911133,0.7108154297,-0.0302734375
64761387.0,2968.0,0.0,0.05859375,-0.30078125,0.9140625,0
64768419.0,7032.0,1.0,0.6950073242,0.1008911133,0.7112426758,-0.0302124023
64771387.0,2968.0,0.0,0.05859375,-0.109375,0.625,0
64777419.0,6032.0,1.0,0.6945800781,0.1009521484,0.7116699219,-0.0301513672
64780387.0,2968.0,0.0,0.0234375,0.12109375,0.32421875,0
64788419.0,8032.0,1.0,0.6940917969,0.1010131836,0.712097168,-0.030090332
64792387.0,3968.0,0.0,0.0234375,0.2734375,-0.1171875,0
64798419.0,6032.0,1.0,0.6936645508,0.1010131836,0.7125244141,-0.030090332
64801387.0,2968.0,0.0,0.0234375,0.2734375,-0.578125,0
64807419.0,6032.0,1.0,0.6932373047,0.1009521484,0.7129516602,-0.0300292969
64810387.0,2968.0,0.0,-0.015625,-0.1796875,-1.328125,0
64817419.0,7032.0,1.0,0.6928710938,0.1009521484,0.7133178711,-0.0299682617
64820387.0,2968.0,0.0,-0.0625,-0.484375,-1.703125,0
64828419.0,8032.0,1.0,0.692565918,0.1009521484,0.7136230469,-0.0299682617
64831387.0,2968.0,0.0,-0.0625,-0.484375,-1.62109375,0
64838419.0,7032.0,1.0,0.6923217773,0.1010131836,0.7138061523,-0.0299682617
64841387.0,2968.0,0.0,-0.0234375,-0.1796875,-1.19140625,0
64847419.0,6032.0,1.0,0.6921386719,0.1010742188,0.7139892578,-0.0299682617
64850387.0,2968.0,0.0,0.05078125,0.6171875,-0.4921875,0
64857419.0,7032.0,1.0,0.6919555664,0.1011352539,0.7141723633,-0.0299682617
64860387.0,2968.0,0.0,0.015625,0.54296875,-0.33984375,0
64868419.0,8032.0,1.0,0.6917724609,0.1010742188,0.7144165039,-0.0299682617
64871387.0,2968.0,0.0,0.015625,0.1640625,-0.21875,0
64878419.0,7032.0,1.0,0.6915283203,0.1010131836,0.7145996094,-0.0299682617
64881387.0,2968.0,0.0,0.015625,-0.25390625,-0.4375,0
64888419.0,7032.0,1.0,0.69140625,0.1010131836,0.7147827148,-0.0299072266
64891387.0,2968.0,0.0,-0.0625,-0.5234375,-1.12890625,0
64897419.0,6032.0,1.0,0.6912841797,0.1010742188,0.71484375,-0.0299072266
64900387.0,2968.0,0.0,-0.0234375,-0.21875,-1.08984375,0
64908419.0,8032.0,1.0,0.6912231445,0.1011352539,0.7149047852,-0.0299072266
64911387.0,2968.0,0.0,-0.0234375,0.12890625,-0.74609375,0
64918419.0,7032.0,1.0,0.6912231445,0.1011352539,0.7149047852,-0.0299072266
64921387.0,2968.0,0.0,-0.0234375,0.3203125,-0.32421875,0
64928419.0,7032.0,1.0,0.6911621094,0.1011352539,0.7149658203,-0.0299072266
64931387.0,2968.0,0.0,0.05078125,0.01171875,1.015625,0
64937419.0,6032.0,1.0,0.6911010742,0.1011352539,0.7150268555,-0.0299072266
64940387.0,2968.0,0.0,0.05078125,0.05078125,1.4453125,0
64948419.0,8032.0,1.0,0.6909179688,0.1011352539,0.7152099609,-0.0298461914
64951387.0,2968.0,0.0,0.05078125,0.1640625,1.25390625,0
64958419.0,7032.0,1.0,0.6907348633,0.1010742188,0.7153930664,-0.0298461914
64961387.0,2968.0,0.0,0.015625,0.203125,-0.5,0
64968419.0,7032.0,1.0,0.6905517578,0.1010742188,0.7155761719,-0.0297851563
64971387.0,2968.0,0.0,-0.0625,0.01171875,-1.41015625,0
64978419.0,7032.0,1.0,0.6904296875,0.1010131836,0.7156982422,-0.0297851563
64981387.0,2968.0,0.0,-0.0625,-0.21875,-2.24609375,0
64988419.0,7032.0,1.0,0.6903686523,0.1009521484,0.7157592773,-0.0297241211
64991387.0,2968.0,0.0,-0.0625,-0.41015625,-2.70703125,0
64998419.0,7032.0,1.0,0.6904296875,0.1009521484,0.7156982422,-0.0296630859
65001387.0,2968.0,0.0,-0.0625,-0.37109375,-3.2421875,0
65008419.0,7032.0,1.0,0.690612793,0.1009521484,0.7155761719,-0.0296630859
65011387.0,2968.0,0.0,-0.0625,-0.21875,-3.44140625,0
65018419.0,7032.0,1.0,0.6909179688,0.1009521484,0.7152709961,-0.0296630859
65021387.0,2968.0,0.0,-0.0625,0.08984375,-3.3359375,0
65028419.0,7032.0,1.0,0.6913452148,0.1008911133,0.71484375,-0.0296630859
65031387.0,2968.0,0.0,-0.03125,0.203125,-2.98828125,0
65037419.0,6032.0,1.0,0.6918334961,0.1008911133,0.7143554688,-0.0296630859
65040387.0,2968.0,0.0,-0.0234375,-0.02734375,-1.85546875,0
65047419.0,7032.0,1.0,0.6924438477,0.1008300781,0.7137451172,-0.0297241211
65050387.0,2968.0,0.0,0.015625,-0.21875,-1.03125,0
65058419.0,8032.0,1.0,0.6931152344,0.100769043,0.7131347656,-0.0297241211
65061387.0,2968.0,0.0,0.015625,-0.453125,-0.46875,0
65068419.0,7032.0,1.0,0.6937255859,0.100769043,0.7125244141,-0.0297241211
65071387.0,2968.0,0.0,0.05859375,-0.37109375,0.05078125,0
65078419.0,7032.0,1.0,0.6943359375,0.100769043,0.7119140625,-0.0297851563
65081387.0,2968.0,0.0,0.0234375,0.2734375,0.9140625,0
65088419.0,7032.0,1.0,0.6949462891,0.1008300781,0.7113647461,-0.0297851563
65092387.0,3968.0,0.0,0.09765625,0.578125,1.4453125,0
65098419.0,6032.0,1.0,0.6954956055,0.1008300781,0.7108154297,-0.0299072266
65101387.0,2968.0,0.0,0.09765625,0.6171875,1.92578125,0
65108419.0,7032.0,1.0,0.6959228516,0.100769043,0.7103881836,-0.0299682617
65111387.0,2968.0,0.0,0.09765625,0.50390625,2.109375,0
65118419.0,7032.0,1.0,0.6962890625,0.100769043,0.7100219727,-0.0300292969
65121387.0,2968.0,0.0,0.05859375,0.04296875,1.7109375,0
65128419.0,7032.0,1.0,0.6965942383,0.1007080078,0.7097167969,-0.030090332
65132387.0,3968.0,0.0,-0.015625,-0.109375,0.9375,0
65138419.0,6032.0,1.0,0.6968383789,0.1006469727,0.7094726563,-0.030090332
65141387.0,2968.0,0.0,0.0234375,-0.1875,0.125,0
65148419.0,7032.0,1.0,0.6971435547,0.1006469727,0.7091674805,-0.0301513672
65151387.0,2968.0,0.0,-0.015625,0.3125,-0.91015625,0
65158419.0,7032.0,1.0,0.6974487305,0.1005859375,0.7088623047,-0.0302124023
65161387.0,2968.0,0.0,0.0234375,-0.03515625,-1.1484375,0
65168419.0,7032.0,1.0,0.6978149414,0.1005249023,0.7085571289,-0.0302124023
65172387.0,3968.0,0.0,-0.0546875,-0.25390625,-1.5078125,0
65178419.0,6032.0,1.0,0.6982421875,0.1005249023,0.7081298828,-0.0303955078
65181387.0,2968.0,0.0,-0.015625,-0.140625,-1.5546875,0
65188419.0,7032.0,1.0,0.6987304688,0.1005859375,0.7076416016,-0.0305175781
65191387.0,2968.0,0.0,-0.015625,-0.29296875,-0.83203125,0
65198419.0,7032.0,1.0,0.6992797852,0.1005249023,0.7070922852,-0.0306396484
65201387.0,2968.0,0.0,0.0234375,-0.1015625,-0.2734375,0
65208419.0,7032.0,1.0,0.6998291016,0.1005249023,0.7065429688,-0.0307006836
65212387.0,3968.0,0.0,0.09765625,-0.29296875,0.1796875,0
65218419.0,6032.0,1.0,0.7003173828,0.1004638672,0.7060546875,-0.0307006836
65221387.0,2968.0,0.0,-0.015625,-1.0234375,0.19921875,0
65227419.0,6032.0,1.0,0.7008056641,0.100402832,0.7055664063,-0.0306396484
65230387.0,2968.0,0.0,0.0234375,-0.9453125,-0.08203125,0
65238419.0,8032.0,1.0,0.7013549805,0.1003417969,0.705078125,-0.0305175781
65241387.0,2968.0,0.0,-0.0546875,-0.83984375,-0.09765625,0
65248419.0,7032.0,1.0,0.7019042969,0.100402832,0.7045288086,-0.0303955078
65251387.0,2968.0,0.0,-0.015625,-0.30078125,0.15234375,0
65258419.0,7032.0,1.0,0.7023925781,0.1005249023,0.7039794922,-0.0303344727
65261387.0,2968.0,0.0,-0.015625,1.453125,0.4140625,0
65268419.0,7032.0,1.0,0.7029418945,0.1005859375,0.7034912109,-0.0303955078
65271387.0,2968.0,0.0,0.17578125,1.52734375,1.5078125,0
65278419.0,7032.0,1.0,0.7033691406,0.1005249023,0.7030029297,-0.030456543
65281387.0,2968.0,0.0,0.09765625,1.30078125,2.03125,0
65288419.0,7032.0,1.0,0.7037353516,0.100402832,0.7026977539,-0.0305175781
65291387.0,2968.0,0.0,0.05078125,0.7265625,2.453125,0
65298419.0,7032.0,1.0,0.7039794922,0.1002197266,0.7024536133,-0.0305175781
65301387.0,2968.0,0.0,0.0234375,-0.30078125,2.40625,0
65308419.0,7032.0,1.0,0.7042236328,0.1001586914,0.7022705078,-0.0305175781
65311387.0,2968.0,0.0,-0.015625,-0.9921875,1.28515625,0
65318419.0,7032.0,1.0,0.7043457031,0.1000976563,0.7020874023,-0.0305175781
65321387.0,2968.0,0.0,0.0234375,-0.80078125,0.51171875,0
65328419.0,7032.0,1.0,0.7044677734,0.1000976563,0.701965332,-0.0305175781
65331387.0,2968.0,0.0,-0.0546875,-0.41796875,-0.4453125,0
65338419.0,7032.0,1.0,0.7046508789,0.1000976563,0.7017822266,-0.030456543
65341387.0,2968.0,0.0,-0.015625,0.42578125,-1.41015625,0
65348419.0,7032.0,1.0,0.7048950195,0.1001586914,0.7015380859,-0.0303955078
65351387.0,2968.0,0.0,-0.015625,0.49609375,-1.3046875,0
65358419.0,7032.0,1.0,0.7052001953,0.1000976563,0.7012329102,-0.030456543
65361387.0,2968.0,0.0,-0.015625,0.45703125,-1.00390625,0
65368419.0,7032.0,1.0,0.7055664063,0.1000366211,0.7008666992,-0.030456543
65371387.0,2968.0,0.0,0.015625,0.1484375,-0.546875,0
65378419.0,7032.0,1.0,0.705871582,0.1000366211,0.7005615234,-0.0305175781
65381387.0,2968.0,0.0,0.015625,-0.30859375,0.59765625,0
65388419.0,7032.0,1.0,0.706237793,0.0999755859,0.7002563477,-0.0305175781
65391387.0,2968.0,0.0,0.015625,-0.234375,0.703125,0
65398419.0,7032.0,1.0,0.7064819336,0.0999755859,0.6999511719,-0.030456543
65401387.0,2968.0,0.0,0.0234375,-0.1171875,0.7734375,0
65408419.0,7032.0,1.0,0.7067871094,0.0999755859,0.6997070313,-0.030456543
65411387.0,2968.0,0.0,0.05859375,0.11328125,0.6875,0
65417419.0,6032.0,1.0,0.7069702148,0.0999755859,0.6994628906,-0.030456543
65420387.0,2968.0,0.0,0.05078125,0.1875,0.3359375,0
65428419.0,8032.0,1.0,0.7072143555,0.0999145508,0.69921875,-0.0305175781
65431387.0,2968.0,0.0,0.015625,0.1484375,0.2890625,0
65438419.0,7032.0,1.0,0.7074584961,0.0999145508,0.6989746094,-0.0305175781
65441387.0,2968.0,0.0,-0.015625,-0.04296875,0.28125,0
65448419.0,7032.0,1.0,0.7076416016,0.0999145508,0.6987915039,-0.0305175781
65451387.0,2968.0,0.0,0.0234375,-0.1171875,0.3203125,0
65458419.0,7032.0,1.0,0.7078857422,0.0999145508,0.6985473633,-0.0305175781
65461387.0,2968.0,0.0,0.0234375,-0.078125,0.38671875,0
65468419.0,7032.0,1.0,0.7080688477,0.0999145508,0.6983642578,-0.0305175781
65471387.0,2968.0,0.0,0.0234375,-0.078125,0.41796875,0
65478419.0,7032.0,1.0,0.7082519531,0.0999145508,0.6981811523,-0.0305786133
65481387.0,2968.0,0.0,0.0234375,-0.00390625,0.5625,0
65488419.0,7032.0,1.0,0.7084350586,0.0999145508,0.698059082,-0.0305786133
65491387.0,2968.0,0.0,0.0234375,-0.04296875,0.671875,0
65498419.0,7032.0,1.0,0.7085571289,0.0999145508,0.6978759766,-0.0305786133
65501387.0,2968.0,0.0,0.0234375,-0.04296875,0.82421875,0
65508419.0,7032.0,1.0,0.7086791992,0.0999145508,0.6977539063,-0.0305175781
65512387.0,3968.0,0.0,0.0234375,-0.00390625,0.85546875,0
65518419.0,6032.0,1.0,0.7087402344,0.0999145508,0.6976928711,-0.0305175781
65521387.0,2968.0,0.0,0.0234375,0.1875,0.73828125,0
65528419.0,7032.0,1.0,0.7088012695,0.0999755859,0.6976318359,-0.0305786133
65531387.0,2968.0,0.0,0.0234375,0.37890625,0.5859375,0
65538419.0,7032.0,1.0,0.7088623047,0.0999755859,0.6975708008,-0.0305786133
65541387.0,2968.0,0.0,-0.015625,0.265625,0.5859375,0
65548419.0,7032.0,1.0,0.7088623047,0.0999145508,0.6975708008,-0.0305786133
65552387.0,3968.0,0.0,0.0234375,0.03515625,0.76953125,0
65558419.0,6032.0,1.0,0.7088623047,0.0999145508,0.6975708008,-0.0306396484
65561387.0,2968.0,0.0,0.0234375,-0.1953125,0.92578125,0
65568419.0,7032.0,1.0,0.7088623047,0.0999145508,0.6975708008,-0.0306396484
65571387.0,2968.0,0.0,0.0234375,-0.30859375,0.6640625,0
65578419.0,7032.0,1.0,0.7087402344,0.0999755859,0.6976318359,-0.0306396484
65581387.0,2968.0,0.0,-0.015625,-0.1171875,0.28125,0
65588419.0,7032.0,1.0,0.7086791992,0.0999755859,0.6976928711,-0.0305786133
65592387.0,3968.0,0.0,0.0234375,0.1484375,-0.1796875,0
65598419.0,6032.0,1.0,0.7086181641,0.0999755859,0.6977539063,-0.0305786133
65601387.0,2968.0,0.0,0.0234375,0.3046875,-0.5625,0
65608419.0,7032.0,1.0,0.7086181641,0.1000366211,0.6978149414,-0.0306396484
65611387.0,2968.0,0.0,-0.015625,0.1875,-0.83984375,0
65618419.0,7032.0,1.0,0.7086181641,0.1000366211,0.6977539063,-0.0306396484
65621387.0,2968.0,0.0,0.0234375,-0.04296875,-0.76171875,0
65628419.0,7032.0,1.0,0.7086791992,0.1000366211,0.6977539063,-0.0307006836
65631387.0,2968.0,0.0,-0.015625,-0.30859375,-0.609375,0
65638419.0,7032.0,1.0,0.7087402344,0.1000366211,0.6976928711,-0.0307006836
65641387.0,2968.0,0.0,-0.015625,-0.34765625,-0.41796875,0
65648419.0,7032.0,1.0,0.7088012695,0.1000366211,0.6976318359,-0.0307006836
65651387.0,2968.0,0.0,0.0234375,-0.04296875,0.2734375,0
65658419.0,7032.0,1.0,0.7088012695,0.1000976563,0.6975708008,-0.0307006836
65661387.0,2968.0,0.0,0.0234375,0.1484375,0.38671875,0
65668419.0,7032.0,1.0,0.7088623047,0.1000976563,0.6975708008,-0.0307006836
65671387.0,2968.0,0.0,0.0234375,0.2265625,0.38671875,0
65678419.0,7032.0,1.0,0.7088623047,0.1000976563,0.6975097656,-0.0307006836
65681387.0,2968.0,0.0,0.0234375,0.11328125,0.234375,0
65688419.0,7032.0,1.0,0.7088623047,0.1000366211,0.6975097656,-0.0307006836
65691387.0,2968.0,0.0,0.0234375,-0.234375,-0.0703125,0
65698419.0,7032.0,1.0,0.7089233398,0.1000366211,0.6975097656,-0.0306396484
65701387.0,2968.0,0.0,-0.015625,-0.1953125,-0.41796875,0
65708419.0,7032.0,1.0,0.7089233398,0.1000366211,0.6974487305,-0.0306396484
65711387.0,2968.0,0.0,-0.015625,-0.15625,-0.72265625,0
65718419.0,7032.0,1.0,0.708984375,0.1000366211,0.6973876953,-0.0306396484
65721387.0,2968.0,0.0,0.0234375,0.41796875,-0.8828125,0
65728419.0,7032.0,1.0,0.7091064453,0.1000976563,0.6973266602,-0.0306396484
65731387.0,2968.0,0.0,0.0234375,0.5703125,-0.76953125,0
65738419.0,7032.0,1.0,0.7092285156,0.1000976563,0.6972045898,-0.0307006836
65741387.0,2968.0,0.0,-0.015625,0.3046875,-0.6171875,0
65748419.0,7032.0,1.0,0.7093505859,0.1000366211,0.6970214844,-0.0307617187
65751387.0,2968.0,0.0,-0.015625,-0.1171875,-0.203125,0
65758419.0,7032.0,1.0,0.7095336914,0.0999755859,0.6968994141,-0.0308227539
65761387.0,2968.0,0.0,0.0234375,-0.76953125,1.0234375,0
65768419.0,7032.0,1.0,0.7095947266,0.0999755859,0.6967773438,-0.0307617187
65771387.0,2968.0,0.0,0.0234375,-0.65234375,1.359375,0
65778419.0,7032.0,1.0,0.7097167969,0.1000366211,0.6967163086,-0.0307006836
65781387.0,2968.0,0.0,0.0234375,-0.04296875,1.359375,0
65788419.0,7032.0,1.0,0.7097167969,0.1000976563,0.6966552734,-0.0307006836
65791387.0,2968.0,0.0,0.05859375,0.49609375,1.16796875,0
65798419.0,7032.0,1.0,0.7096557617,0.1000976563,0.6967163086,-0.0306396484
65801387.0,2968.0,0.0,0.05859375,1.30078125,0.90234375,0
65808419.0,7032.0,1.0,0.7095947266,0.0999755859,0.6967773438,-0.0307006836
65811387.0,2968.0,0.0,0.015625,0.37890625,0.2109375,0
65818419.0,7032.0,1.0,0.7095336914,0.0999145508,0.6968994141,-0.0307617187
65821387.0,2968.0,0.0,0.015625,0.07421875,0.1328125,0
65828419.0,7032.0,1.0,0.7094726563,0.0998535156,0.6969604492,-0.0308227539
65831387.0,2968.0,0.0,-0.1015625,-0.72265625,-0.01953125,0
65838419.0,7032.0,1.0,0.7094116211,0.0998535156,0.6970214844,-0.0308227539
65841387.0,2968.0,0.0,-0.0625,-0.76171875,-0.171875,0
65848419.0,7032.0,1.0,0.7093505859,0.0998535156,0.6970825195,-0.0308227539
65851387.0,2968.0,0.0,-0.0234375,-0.5703125,-0.2109375,0
65858419.0,7032.0,1.0,0.7093505859,0.0999145508,0.6970825195,-0.0308227539
65861387.0,2968.0,0.0,0.015625,-0.53125,-0.1328125,0
65868419.0,7032.0,1.0,0.7092895508,0.0999145508,0.6970825195,-0.0307617187
65871387.0,2968.0,0.0,-0.0234375,-0.03515625,-0.05078125,0
65878419.0,7032.0,1.0,0.7092895508,0.0999755859,0.6971435547,-0.0307006836
65881387.0,2968.0,0.0,0.015625,0.53515625,0.21875,0
65888419.0,7032.0,1.0,0.7092895508,0.0999755859,0.6971435547,-0.0306396484
65891387.0,2968.0,0.0,0.015625,0.3046875,0.41015625,0
65898419.0,7032.0,1.0,0.7092285156,0.0999145508,0.6972045898,-0.0306396484
65901387.0,2968.0,0.0,0.015625,0.11328125,0.6015625,0
65908419.0,7032.0,1.0,0.7091674805,0.0999755859,0.697265625,-0.0306396484
65911387.0,2968.0,0.0,0.015625,-0.1171875,0.83203125,0
65918419.0,7032.0,1.0,0.7090454102,0.0999755859,0.6973266602,-0.0306396484
65921387.0,2968.0,0.0,0.08984375,-0.1953125,0.640625,0
65928419.0,7032.0,1.0,0.7089233398,0.1000366211,0.6974487305,-0.0305786133
65932387.0,3968.0,0.0,-0.0625,0.265625,0.07421875,0
65938419.0,6032.0,1.0,0.7088012695,0.1000976563,0.6975708008,-0.0306396484
65941387.0,2968.0,0.0,-0.0234375,0.03515625,-0.234375,0
65948419.0,7032.0,1.0,0.7087402344,0.1000976563,0.6976928711,-0.0306396484
65951387.0,2968.0,0.0,-0.015625,0.07421875,0.41796875,0
65958419.0,7032.0,1.0,0.7086181641,0.1000976563,0.6977539063,-0.0306396484
65961387.0,2968.0,0.0,0.015625,0.1484375,1.03125,0
65968419.0,7032.0,1.0,0.7084960938,0.1000976563,0.6979370117,-0.0307006836
65972387.0,3968.0,0.0,0.05078125,0.03515625,1.5,0
65978419.0,6032.0,1.0,0.7083129883,0.1000976563,0.6981201172,-0.0307006836
65981387.0,2968.0,0.0,0.0234375,-0.04296875,1.61328125,0
65988419.0,7032.0,1.0,0.7080688477,0.1000976563,0.6983642578,-0.0307006836
65991387.0,2968.0,0.0,0.0234375,-0.04296875,1.125,0
65998419.0,7032.0,1.0,0.7077026367,0.1000976563,0.6986694336,-0.0306396484
66001387.0,2968.0,0.0,0.0234375,-0.04296875,0.78515625,0
66008419.0,7032.0,1.0,0.7073974609,0.1000976563,0.6990356445,-0.0305786133
66012387.0,3968.0,0.0,-0.0546875,-0.078125,0.71875,0
66018419.0,6032.0,1.0,0.70703125,0.1000976563,0.6993408203,-0.0305175781
66021387.0,2968.0,0.0,0.09765625,-0.2265625,0.53515625,0
66028419.0,7032.0,1.0,0.7067260742,0.1000976563,0.6997070313,-0.030456543
66031387.0,2968.0,0.0,-0.0546875,0.3125,-1.2578125,0
66038419.0,7032.0,1.0,0.7063598633,0.1000976563,0.7000732422,-0.030456543
66041387.0,2968.0,0.0,-0.0546875,0.38671875,-1.671875,0
66048419.0,7032.0,1.0,0.7061157227,0.1001586914,0.7003173828,-0.0305175781
66051387.0,2968.0,0.0,-0.0546875,0.38671875,-1.28125,0
66058419.0,7032.0,1.0,0.7059326172,0.1000976563,0.7005004883,-0.0305786133
66061387.0,2968.0,0.0,0.0234375,-0.1484375,-0.5078125,0
66068419.0,7032.0,1.0,0.7057495117,0.1000976563,0.7006835938,-0.0305786133
66071387.0,2968.0,0.0,0.0234375,-0.609375,0.6484375,0
66078419.0,7032.0,1.0,0.7055053711,0.1001586914,0.7009277344,-0.0306396484
66081387.0,2968.0,0.0,0.0234375,-0.41796875,0.6171875,0
66089419.0,8032.0,1.0,0.7052612305,0.1002197266,0.701171875,-0.0305786133
66092387.0,2968.0,0.0,0.0234375,-0.2265625,0.51171875,0
66098419.0,6032.0,1.0,0.7049560547,0.1002807617,0.7014770508,-0.0305786133
66101387.0,2968.0,0.0,-0.015625,0.234375,0.328125,0
66108419.0,7032.0,1.0,0.7047119141,0.1002807617,0.7017211914,-0.0305175781
66111387.0,2968.0,0.0,0.0234375,0.38671875,0.10546875,0
66118419.0,7032.0,1.0,0.7044067383,0.1002807617,0.7020263672,-0.0305175781
66121387.0,2968.0,0.0,-0.015625,0.12109375,-0.046875,0
66129419.0,8032.0,1.0,0.7041015625,0.1002807617,0.702331543,-0.0305175781
66132387.0,2968.0,0.0,0.0234375,-0.109375,-0.1171875,0
66138419.0,6032.0,1.0,0.7038574219,0.1002807617,0.7025756836,-0.030456543
66141387.0,2968.0,0.0,-0.015625,-0.0703125,-0.30078125,0
66148419.0,7032.0,1.0,0.7035522461,0.1002807617,0.7028808594,-0.030456543
66151387.0,2968.0,0.0,0.015625,0.08203125,-0.375,0
66158419.0,7032.0,1.0,0.7033081055,0.1003417969,0.703125,-0.030456543
66161387.0,2968.0,0.0,-0.0234375,0.12109375,-0.33203125,0
66169419.0,8032.0,1.0,0.7030639648,0.1003417969,0.7033081055,-0.030456543
66172387.0,2968.0,0.0,0.015625,0.08203125,-0.20703125,0
66178419.0,6032.0,1.0,0.7028808594,0.1003417969,0.7035522461,-0.030456543
66181387.0,2968.0,0.0,0.015625,-0.26171875,0.3359375,0
66188419.0,7032.0,1.0,0.7025756836,0.1003417969,0.7038574219,-0.0303955078
66191387.0,2968.0,0.0,0.015625,-0.1875,0.11328125,0
66198419.0,7032.0,1.0,0.702331543,0.100402832,0.7041015625,-0.0303955078
66201387.0,2968.0,0.0,-0.0625,0.12109375,-0.18359375,0
66209419.0,8032.0,1.0,0.7020263672,0.100402832,0.7043457031,-0.0303955078
66212387.0,2968.0,0.0,0.015625,0.234375,-0.13671875,0
66218419.0,6032.0,1.0,0.7017822266,0.100402832,0.7045898438,-0.0303344727
66221387.0,2968.0,0.0,-0.0234375,0.12109375,-0.015625,0
66228419.0,7032.0,1.0,0.7015380859,0.100402832,0.7048950195,-0.0303344727
66231387.0,2968.0,0.0,0.015625,0.1640625,0.21484375,0
66238419.0,7032.0,1.0,0.7012939453,0.100402832,0.7051391602,-0.0303344727
66241387.0,2968.0,0.0,0.015625,-0.03515625,0.26171875,0
66249419.0,8032.0,1.0,0.7009887695,0.100402832,0.7053833008,-0.0303344727
66252387.0,2968.0,0.0,-0.0234375,-0.0703125,0.23046875,0
66258419.0,6032.0,1.0,0.7007446289,0.100402832,0.7056884766,-0.0303344727
66261387.0,2968.0,0.0,0.015625,-0.1015625,0.0078125,0
66268419.0,7032.0,1.0,0.7004394531,0.1004638672,0.7059326172,-0.0303344727
66271387.0,2968.0,0.0,-0.0234375,-0.140625,-0.05859375,0
66279419.0,8032.0,1.0,0.7001342773,0.1004638672,0.706237793,-0.0303344727
66282387.0,2968.0,0.0,0.0234375,-0.02734375,-0.16796875,0
66289419.0,7032.0,1.0,0.6998901367,0.1004638672,0.7064819336,-0.0302734375
66292387.0,2968.0,0.0,0.015625,0.05078125,-0.3125,0
66298419.0,6032.0,1.0,0.6996459961,0.1004638672,0.7067871094,-0.0302734375
66301387.0,2968.0,0.0,0.015625,0.2421875,-0.57421875,0
66308419.0,7032.0,1.0,0.6994018555,0.1004638672,0.70703125,-0.0302734375
66312387.0,3968.0,0.0,-0.0234375,0.12890625,-0.6796875,0
66318419.0,6032.0,1.0,0.6991577148,0.100402832,0.7072753906,-0.0302734375
66321387.0,2968.0,0.0,-0.0234375,0.05078125,-0.7109375,0
66328419.0,7032.0,1.0,0.6989135742,0.100402832,0.7074584961,-0.0303344727
66331387.0,2968.0,0.0,-0.0234375,0.12890625,-0.55859375,0
66338419.0,7032.0,1.0,0.6987304688,0.100402832,0.7076416016,-0.0303955078
66341387.0,2968.0,0.0,0.015625,0.28125,-0.55078125,0
66348419.0,7032.0,1.0,0.6985473633,0.100402832,0.707824707,-0.030456543
66352387.0,3968.0,0.0,-0.0234375,-0.0546875,-0.6171875,0
66358419.0,6032.0,1.0,0.698425293,0.1004638672,0.7079467773,-0.0305786133
66361387.0,2968.0,0.0,-0.0625,0.36328125,-0.6953125,0
66368419.0,7032.0,1.0,0.6983032227,0.1004638672,0.7080688477,-0.0307006836
66371387.0,2968.0,0.0,0.0234375,0.08984375,-0.3046875,0
66378419.0,7032.0,1.0,0.6981811523,0.1005249023,0.708190918,-0.0308227539
66381387.0,2968.0,0.0,0.015625,-0.29296875,-0.3828125,0
66388419.0,7032.0,1.0,0.698059082,0.1005249023,0.7083129883,-0.0308837891
66392387.0,3968.0,0.0,-0.015625,-0.24609375,-0.375,0
66398419.0,6032.0,1.0,0.6979370117,0.1005249023,0.7083740234,-0.0310058594
66401387.0,2968.0,0.0,-0.0234375,-0.4375,-0.375,0
66408419.0,7032.0,1.0,0.6978149414,0.1005249023,0.7084960938,-0.0310668945
66411387.0,2968.0,0.0,0.0234375,-0.32421875,-0.51953125,0
66418419.0,7032.0,1.0,0.6977539063,0.1005859375,0.7085571289,-0.0311279297
66421387.0,2968.0,0.0,-0.015625,-0.28515625,-0.51953125,0
66428419.0,7032.0,1.0,0.6976928711,0.1006469727,0.7086181641,-0.0311889648
66432387.0,3968.0,0.0,-0.015625,-0.32421875,-0.25,0
66439419.0,7032.0,1.0,0.6975708008,0.1007080078,0.7086791992,-0.0311889648
66442387.0,2968.0,0.0,-0.0234375,-0.36328125,-0.16796875,0
66448419.0,6032.0,1.0,0.6975708008,0.1007080078,0.7087402344,-0.0311279297
66451387.0,2968.0,0.0,0.05078125,-0.35546875,-0.01171875,0
66458419.0,7032.0,1.0,0.6975097656,0.1007080078,0.7088012695,-0.0311279297
66461387.0,2968.0,0.0,-0.015625,-0.4296875,-0.16796875,0
66469419.0,8032.0,1.0,0.6974487305,0.1007080078,0.7088623047,-0.0310058594
66472387.0,2968.0,0.0,-0.0234375,-0.27734375,-0.43359375,0
66478419.0,6032.0,1.0,0.6973876953,0.1007080078,0.7089233398,-0.0309448242
66481387.0,2968.0,0.0,-0.0234375,-0.23828125,-0.6171875,0
66489419.0,8032.0,1.0,0.6973876953,0.1007080078,0.7089233398,-0.0308227539
66492387.0,2968.0,0.0,-0.0234375,-0.40234375,-0.51171875,0
66498419.0,6032.0,1.0,0.6973876953,0.1007080078,0.7089233398,-0.0307006836
66501387.0,2968.0,0.0,-0.0234375,-0.0546875,-0.42578125,0
66509419.0,8032.0,1.0,0.6973876953,0.1007080078,0.7089233398,-0.0305175781
66512387.0,2968.0,0.0,0.015625,0.25,-0.3125,0
66519419.0,7032.0,1.0,0.6974487305,0.1007080078,0.7088623047,-0.0303955078
66522387.0,2968.0,0.0,0.015625,0.12890625,0.4921875,0
66528419.0,6032.0,1.0,0.6974487305,0.100769043,0.7088623047,-0.0302734375
66531387.0,2968.0,0.0,0.015625,0.55078125,0.64453125,0
66538419.0,7032.0,1.0,0.6974487305,0.1008911133,0.7088623047,-0.0302734375
66541387.0,2968.0,0.0,0.015625,0.35546875,0.80078125,0
66549419.0,8032.0,1.0,0.6973876953,0.1009521484,0.7088623047,-0.0302124023
66552387.0,2968.0,0.0,0.015625,0.28125,0.64453125,0
66558419.0,6032.0,1.0,0.6973266602,0.1010742188,0.7089233398,-0.0302734375
66561387.0,2968.0,0.0,-0.0234375,0.2421875,0.2265625,0
66569419.0,8032.0,1.0,0.697265625,0.1011352539,0.708984375,-0.0303344727
66572387.0,2968.0,0.0,-0.0234375,0.39453125,0.30078125,0
66578419.0,6032.0,1.0,0.6972045898,0.1011962891,0.7090454102,-0.0303955078
66581387.0,2968.0,0.0,0.05078125,0.12890625,0.078125,0
66589419.0,8032.0,1.0,0.6971435547,0.1012573242,0.7091064453,-0.0305175781
66592387.0,2968.0,0.0,0.015625,0.28125,-0.265625,0
66598419.0,6032.0,1.0,0.6970214844,0.1012573242,0.7091674805,-0.0305175781
66601387.0,2968.0,0.0,-0.0234375,0.08984375,-0.34375,0
66608419.0,7032.0,1.0,0.6969604492,0.1012573242,0.7092285156,-0.0305786133
66611387.0,2968.0,0.0,-0.0234375,0.01171875,-0.11328125,0
66618419.0,7032.0,1.0,0.6969604492,0.1012573242,0.7092895508,-0.0306396484
66621387.0,2968.0,0.0,0.015625,0.1640625,0.00390625,0
66629419.0,8032.0,1.0,0.6968994141,0.1012573242,0.7093505859,-0.0307617187
66632387.0,2968.0,0.0,0.015625,0.12890625,-0.02734375,0
66639419.0,7032.0,1.0,0.6967773438,0.1011962891,0.7094116211,-0.0308227539
66642387.0,2968.0,0.0,-0.0234375,-0.1015625,-0.21875,0
66649419.0,7032.0,1.0,0.6967163086,0.1011962891,0.7094726563,-0.0308227539
66653387.0,3968.0,0.0,-0.0234375,-0.01953125,-0.3359375,0
66659419.0,6032.0,1.0,0.6966552734,0.1011962891,0.7095336914,-0.0308837891
66662387.0,2968.0,0.0,-0.0234375,-0.09375,-0.48046875,0
66669419.0,7032.0,1.0,0.6966552734,0.1011352539,0.7095947266,-0.0309448242
66672387.0,2968.0,0.0,-0.0234375,-0.1328125,-0.28125,0
66678419.0,6032.0,1.0,0.6965942383,0.1011962891,0.7095947266,-0.0310058594
66681387.0,2968.0,0.0,-0.0234375,-0.01953125,-0.1640625,0
66689419.0,8032.0,1.0,0.6965942383,0.1011962891,0.7096557617,-0.0310058594
66693387.0,3968.0,0.0,0.015625,-0.01953125,-0.1640625,0
66699419.0,6032.0,1.0,0.6965332031,0.1011352539,0.7096557617,-0.0310058594
66702387.0,2968.0,0.0,0.015625,-0.1328125,-0.203125,0
66709419.0,7032.0,1.0,0.6965332031,0.1011352539,0.7097167969,-0.0309448242
66712387.0,2968.0,0.0,0.015625,0.01953125,-0.12890625,0
66719419.0,7032.0,1.0,0.696472168,0.1011352539,0.7097167969,-0.0309448242
66722387.0,2968.0,0.0,0.015625,-0.01953125,-0.08984375,0
66729419.0,7032.0,1.0,0.696472168,0.1011352539,0.709777832,-0.0309448242
66733387.0,3968.0,0.0,0.015625,-0.0546875,-0.08203125,0
66739419.0,6032.0,1.0,0.6964111328,0.1011352539,0.709777832,-0.0308837891
66742387.0,2968.0,0.0,-0.0234375,-0.0546875,-0.12109375,0
66748419.0,6032.0,1.0,0.6964111328,0.1011352539,0.7098388672,-0.0308837891
66751387.0,2968.0,0.0,-0.0234375,-0.09375,-0.15625,0
66759419.0,8032.0,1.0,0.6963500977,0.1010742188,0.7098388672,-0.0308837891
66762387.0,2968.0,0.0,-0.0234375,-0.2109375,-0.08203125,0
66769419.0,7032.0,1.0,0.6963500977,0.1010742188,0.7098999023,-0.0308227539
66773387.0,3968.0,0.0,0.015625,-0.2109375,-0.00390625,0
66779419.0,6032.0,1.0,0.6962890625,0.1010742188,0.7098999023,-0.0307617187
66782387.0,2968.0,0.0,-0.0234375,-0.171875,-0.04296875,0
66788419.0,6032.0,1.0,0.6962890625,0.1011352539,0.7098999023,-0.0307617187
66791387.0,2968.0,0.0,-0.015625,0.01953125,0.109375,0
66799419.0,8032.0,1.0,0.6962890625,0.1011962891,0.7098999023,-0.0307006836
66802387.0,2968.0,0.0,0.0234375,0.05859375,0.109375,0
66809419.0,7032.0,1.0,0.6962890625,0.1011962891,0.7099609375,-0.0307006836
66812387.0,2968.0,0.0,0.0234375,0.12890625,0.00390625,0
66819419.0,7032.0,1.0,0.6962280273,0.1012573242,0.7099609375,-0.0306396484
66822387.0,2968.0,0.0,0.0234375,0.203125,-0.1484375,0
66829419.0,7032.0,1.0,0.6962280273,0.1012573242,0.7099609375,-0.0306396484
66832387.0,2968.0,0.0,-0.015625,0.12890625,0.00390625,0
66839419.0,7032.0,1.0,0.6961669922,0.1012573242,0.7100219727,-0.0305786133
66842387.0,2968.0,0.0,-0.015625,0.05078125,0.08203125,0
66849419.0,7032.0,1.0,0.6961669922,0.1012573242,0.7100830078,-0.0305786133
66852387.0,2968.0,0.0,0.0234375,0.2421875,0.15625,0
66859419.0,7032.0,1.0,0.696105957,0.1012573242,0.7100830078,-0.0305786133
66862387.0,2968.0,0.0,0.0234375,0.12890625,0.34765625,0
66869419.0,7032.0,1.0,0.6960449219,0.1012573242,0.710144043,-0.0305786133
66872387.0,2968.0,0.0,-0.015625,0.1640625,0.04296875,0
66879419.0,7032.0,1.0,0.6959838867,0.1012573242,0.7102050781,-0.0305786133
66882387.0,2968.0,0.0,-0.015625,-0.02734375,-0.10546875,0
66889419.0,7032.0,1.0,0.6959228516,0.1012573242,0.7102661133,-0.0305786133
66892387.0,2968.0,0.0,-0.0546875,-0.1015625,-0.1796875,0
66899419.0,7032.0,1.0,0.6958618164,0.1012573242,0.7103271484,-0.0306396484
66902387.0,2968.0,0.0,0.0234375,-0.0546875,-0.2578125,0
66909419.0,7032.0,1.0,0.6958618164,0.1012573242,0.7103881836,-0.0306396484
66912387.0,2968.0,0.0,-0.015625,-0.1328125,-0.296875,0
66919419.0,7032.0,1.0,0.6958007813,0.1012573242,0.7103881836,-0.0305786133
66922387.0,2968.0,0.0,-0.015625,-0.01953125,-0.296875,0
66929419.0,7032.0,1.0,0.6958007813,0.1012573242,0.7104492188,-0.0305786133
66932387.0,2968.0,0.0,-0.015625,-0.09375,-0.1796875,0
66939419.0,7032.0,1.0,0.6956787109,0.1012573242,0.7105102539,-0.0305175781
66942387.0,2968.0,0.0,0.0234375,0.09765625,-0.02734375,0
66949419.0,7032.0,1.0,0.6956176758,0.1012573242,0.7105712891,-0.030456543
66952387.0,2968.0,0.0,-0.015625,0.171875,0.2421875,0
66959419.0,7032.0,1.0,0.6955566406,0.1012573242,0.7106323242,-0.0303955078
66962387.0,2968.0,0.0,0.0234375,0.05859375,0.50390625,0
66969419.0,7032.0,1.0,0.6954956055,0.1012573242,0.7106933594,-0.0303955078
66972387.0,2968.0,0.0,0.0234375,0.08984375,0.55078125,0
66978419.0,6032.0,1.0,0.6953735352,0.1012573242,0.7108154297,-0.0303955078
66981387.0,2968.0,0.0,0.0234375,0.05078125,0.265625,0
66989419.0,8032.0,1.0,0.6952514648,0.1012573242,0.7109375,-0.0303955078
66992387.0,2968.0,0.0,-0.015625,-0.0625,-0.04296875,0
66999419.0,7032.0,1.0,0.6951904297,0.1012573242,0.7109985352,-0.0303955078
67002387.0,2968.0,0.0,-0.015625,0.05078125,-0.1953125,0
67009419.0,7032.0,1.0,0.6950683594,0.1011962891,0.7111206055,-0.0303955078
67012387.0,2968.0,0.0,0.0234375,-0.0625,-0.1953125,0
67019419.0,7032.0,1.0,0.6950073242,0.1011962891,0.7111816406,-0.0303344727
67022387.0,2968.0,0.0,-0.015625,-0.02734375,-0.26953125,0
67029419.0,7032.0,1.0,0.6949462891,0.1011962891,0.7112426758,-0.0303344727
67032387.0,2968.0,0.0,0.0234375,-0.0703125,-0.26171875,0
67039419.0,7032.0,1.0,0.6948852539,0.1011962891,0.7113647461,-0.0302734375
67042387.0,2968.0,0.0,-0.015625,-0.140625,-0.26171875,0
67049419.0,7032.0,1.0,0.6947631836,0.1011962891,0.7114257813,-0.0302124023
67052387.0,2968.0,0.0,-0.015625,-0.02734375,-0.2265625,0
67059419.0,7032.0,1.0,0.6947021484,0.1011352539,0.7114868164,-0.0302124023
67062387.0,2968.0,0.0,0.0234375,-0.33203125,0.2421875,0
67069419.0,7032.0,1.0,0.6946411133,0.1011352539,0.7115478516,-0.0301513672
67073387.0,3968.0,0.0,-0.015625,0.01171875,0.203125,0
67079419.0,6032.0,1.0,0.6945800781,0.1011962891,0.7116699219,-0.030090332
67082387.0,2968.0,0.0,0.0234375,0.39453125,0.08984375,0
67089419.0,7032.0,1.0,0.6944580078,0.1011962891,0.711730957,-0.0300292969
67092387.0,2968.0,0.0,-0.015625,0.08984375,0.05078125,0
67099419.0,7032.0,1.0,0.6943969727,0.1012573242,0.7117919922,-0.0300292969
67102387.0,2968.0,0.0,-0.015625,0.203125,-0.1328125,0
67109419.0,7032.0,1.0,0.6942749023,0.1013183594,0.7119140625,-0.0300292969
67113387.0,3968.0,0.0,-0.015625,0.08984375,-0.171875,0
67119419.0,6032.0,1.0,0.6942138672,0.1013183594,0.7119750977,-0.0300292969
67122387.0,2968.0,0.0,-0.0234375,-0.1484375,-0.046875,0
67129419.0,7032.0,1.0,0.694152832,0.1013793945,0.7120361328,-0.0300292969
67132387.0,2968.0,0.0,-0.015625,0.37890625,-0.203125,0
67139419.0,7032.0,1.0,0.6940917969,0.1014404297,0.7120361328,-0.0300292969
67142387.0,2968.0,0.0,-0.0234375,0.1875,-0.046875,0
67149419.0,7032.0,1.0,0.6940917969,0.1014404297,0.712097168,-0.0300292969
67152387.0,2968.0,0.0,0.015625,0.2578125,0.06640625,0
67159419.0,7032.0,1.0,0.6940307617,0.1014404297,0.7121582031,-0.0300292969
67162387.0,2968.0,0.0,0.015625,0.25,0.18359375,0
67169419.0,7032.0,1.0,0.6939086914,0.1014404297,0.7122192383,-0.0300292969
67172387.0,2968.0,0.0,-0.0234375,0.1328125,0.48828125,0
67179419.0,7032.0,1.0,0.6938476563,0.1013793945,0.7122802734,-0.030090332
67182387.0,2968.0,0.0,-0.0234375,0.01953125,0.3046875,0
67189419.0,7032.0,1.0,0.6937866211,0.1013793945,0.7124023438,-0.0301513672
67192387.0,2968.0,0.0,0.0234375,-0.1328125,0.18359375,0
67199419.0,7032.0,1.0,0.6936645508,0.1013793945,0.7124633789,-0.0302124023
67202387.0,2968.0,0.0,0.0234375,-0.140625,-0.125,0
67209419.0,7032.0,1.0,0.6936035156,0.1014404297,0.7125854492,-0.0302124023
67212387.0,2968.0,0.0,-0.015625,-0.1796875,-0.4296875,0
67219419.0,7032.0,1.0,0.6934814453,0.1014404297,0.7126464844,-0.0302734375
67222387.0,2968.0,0.0,-0.015625,-0.1796875,-0.421875,0
67229419.0,7032.0,1.0,0.6934814453,0.1015014648,0.7126464844,-0.0302734375
67232387.0,2968.0,0.0,0.015625,-0.140625,-0.453125,0
67239419.0,7032.0,1.0,0.6934204102,0.1015014648,0.7127075195,-0.0302734375
67242387.0,2968.0,0.0,0.03125,-0.05859375,-0.4921875,0
67249419.0,7032.0,1.0,0.6934204102,0.1015014648,0.7127075195,-0.0302124023
67252387.0,2968.0,0.0,-0.015625,-0.05859375,-0.40625,0
67259419.0,7032.0,1.0,0.693359375,0.1014404297,0.7127685547,-0.0301513672
67262387.0,2968.0,0.0,-0.015625,-0.09375,-0.28515625,0
67270419.0,8032.0,1.0,0.693359375,0.1014404297,0.7127685547,-0.030090332
67273387.0,2968.0,0.0,-0.015625,-0.171875,-0.125,0
67279419.0,6032.0,1.0,0.693359375,0.1014404297,0.7127685547,-0.0300292969
67282387.0,2968.0,0.0,-0.015625,-0.125,0.03515625,0
67289419.0,7032.0,1.0,0.693359375,0.1014404297,0.7128295898,-0.0299682617
67292387.0,2968.0,0.0,-0.015625,-0.0859375,0.0078125,0
67299419.0,7032.0,1.0,0.6932983398,0.1015014648,0.7128295898,-0.0299682617
67302387.0,2968.0,0.0,-0.015625,0.02734375,-0.0703125,0
67309419.0,7032.0,1.0,0.6932983398,0.1015014648,0.7128295898,-0.0299682617
67312387.0,2968.0,0.0,0.0234375,0.11328125,0.015625,0
67319419.0,7032.0,1.0,0.6932983398,0.1015625,0.7128295898,-0.0299682617
67322387.0,2968.0,0.0,0.03125,0.07421875,0.015625,0
67329419.0,7032.0,1.0,0.6932983398,0.1015625,0.7128295898,-0.0300292969
67332387.0,2968.0,0.0,0.0234375,0.07421875,0.0234375,0
67339419.0,7032.0,1.0,0.6932373047,0.1015625,0.712890625,-0.0300292969
67342387.0,2968.0,0.0,-0.015625,0.07421875,0.13671875,0
67349419.0,7032.0,1.0,0.6932373047,0.1015625,0.712890625,-0.0300292969
67352387.0,2968.0,0.0,0.0234375,0.07421875,0.05859375,0
67359419.0,7032.0,1.0,0.6932373047,0.1015625,0.712890625,-0.030090332
67362387.0,2968.0,0.0,0.0234375,0.03515625,0.21484375,0
67369419.0,7032.0,1.0,0.6931762695,0.1015625,0.7129516602,-0.030090332
67372387.0,2968.0,0.0,0.0234375,0.06640625,0.25390625,0
67379419.0,7032.0,1.0,0.6931762695,0.1015625,0.7129516602,-0.030090332
67382387.0,2968.0,0.0,-0.0234375,0.140625,0.13671875,0
67389419.0,7032.0,1.0,0.6931152344,0.1015014648,0.7130126953,-0.0301513672
67392387.0,2968.0,0.0,0.0234375,0.06640625,0.12890625,0
67399419.0,7032.0,1.0,0.6931152344,0.1015014648,0.7130126953,-0.0301513672
67402387.0,2968.0,0.0,-0.015625,-0.05078125,0.12890625,0
67409419.0,7032.0,1.0,0.6930541992,0.1015014648,0.7130737305,-0.0301513672
67412387.0,2968.0,0.0,0.0234375,-0.0859375,0.08984375,0
67419419.0,7032.0,1.0,0.6929931641,0.1014404297,0.7131347656,-0.0301513672
67422387.0,2968.0,0.0,-0.015625,-0.078125,0.0078125,0
67430419.0,8032.0,1.0,0.6929931641,0.1014404297,0.7131347656,-0.0301513672
67433387.0,2968.0,0.0,-0.015625,-0.00390625,-0.0703125,0
67439419.0,6032.0,1.0,0.6929321289,0.1013793945,0.7131958008,-0.030090332
67442387.0,2968.0,0.0,0.0234375,-0.26953125,0.08203125,0
67449419.0,7032.0,1.0,0.6929321289,0.1013183594,0.7131958008,-0.030090332
67453387.0,3968.0,0.0,0.0234375,-0.15625,0.23046875,0
67459419.0,6032.0,1.0,0.6929321289,0.1013183594,0.7132568359,-0.0300292969
67462387.0,2968.0,0.0,-0.0234375,-0.04296875,0.3046875,0
67469419.0,7032.0,1.0,0.6928710938,0.1013183594,0.7132568359,-0.0300292969
67472387.0,2968.0,0.0,0.0234375,-0.109375,0.44921875,0
67479419.0,7032.0,1.0,0.6928100586,0.1013183594,0.7133178711,-0.0300292969
67482387.0,2968.0,0.0,0.0234375,-0.03515625,0.2890625,0
67489419.0,7032.0,1.0,0.6928100586,0.1013183594,0.7133789063,-0.0300292969
67493387.0,3968.0,0.0,0.0234375,-0.0703125,0.20703125,0
67499419.0,6032.0,1.0,0.6927490234,0.1013793945,0.7133789063,-0.0300292969
67502387.0,2968.0,0.0,-0.0234375,-0.109375,0.12890625,0
67509419.0,7032.0,1.0,0.6926879883,0.1014404297,0.7134399414,-0.0300292969
67512387.0,2968.0,0.0,-0.015625,-0.02734375,0.16015625,0
67519419.0,7032.0,1.0,0.6926269531,0.1014404297,0.7135009766,-0.0299682617
67522387.0,2968.0,0.0,-0.015625,0.05078125,0.03515625,0
67529419.0,7032.0,1.0,0.692565918,0.1014404297,0.7135620117,-0.0299682617
67533387.0,3968.0,0.0,-0.015625,0.05078125,-0.046875,0
67539419.0,6032.0,1.0,0.6925048828,0.1014404297,0.7135620117,-0.0299682617
67542387.0,2968.0,0.0,0.0234375,0.05078125,-0.0859375,0
67549419.0,7032.0,1.0,0.6925048828,0.1014404297,0.7136230469,-0.0299072266
67552387.0,2968.0,0.0,0.015625,0.12890625,-0.1640625,0
67559419.0,7032.0,1.0,0.6924438477,0.1014404297,0.713684082,-0.0299072266
67562387.0,2968.0,0.0,-0.015625,0.01171875,0.02734375,0
67569419.0,7032.0,1.0,0.6923828125,0.1013793945,0.7137451172,-0.0298461914
67572387.0,2968.0,0.0,-0.015625,-0.02734375,0.14453125,0
67579419.0,7032.0,1.0,0.6923217773,0.1013793945,0.7138061523,-0.0298461914
67582387.0,2968.0,0.0,0.015625,-0.02734375,0.18359375,0
67590419.0,8032.0,1.0,0.6922607422,0.1013793945,0.7138671875,-0.0297851563
67593387.0,2968.0,0.0,0.0234375,-0.140625,0.01953125,0
67599419.0,6032.0,1.0,0.692199707,0.1013793945,0.7139282227,-0.0297851563
67602387.0,2968.0,0.0,0.0234375,-0.1796875,-0.1640625,0
67609419.0,7032.0,1.0,0.6921386719,0.1014404297,0.7139892578,-0.0297241211
67612387.0,2968.0,0.0,-0.015625,-0.171875,-0.23828125,0
67619419.0,7032.0,1.0,0.6920776367,0.1015014648,0.714050293,-0.0297241211
67622387.0,2968.0,0.0,0.015625,-0.0546875,-0.35546875,0
67629419.0,7032.0,1.0,0.6920776367,0.1015014648,0.714050293,-0.0296630859
67632387.0,2968.0,0.0,-0.0234375,-0.01953125,-0.30859375,0
67639419.0,7032.0,1.0,0.6920166016,0.1015625,0.714050293,-0.0296020508
67642387.0,2968.0,0.0,-0.0234375,0.05859375,-0.23046875,0
67650419.0,8032.0,1.0,0.6920166016,0.1015625,0.714050293,-0.0296020508
67653387.0,2968.0,0.0,0.015625,0.13671875,-0.0703125,0
67659419.0,6032.0,1.0,0.6920166016,0.1016235352,0.7141113281,-0.0295410156
67662387.0,2968.0,0.0,0.0234375,0.2109375,0.16796875,0
67669419.0,7032.0,1.0,0.6920166016,0.1016235352,0.7141113281,-0.0295410156
67672387.0,2968.0,0.0,0.0234375,0.1640625,0.43359375,0
67679419.0,7032.0,1.0,0.6919555664,0.1016235352,0.7141723633,-0.0296020508
67682387.0,2968.0,0.0,0.015625,0.2421875,0.55078125,0
67690419.0,8032.0,1.0,0.6918945313,0.1016845703,0.7141723633,-0.0296630859
67693387.0,2968.0,0.0,0.015625,0.3203125,0.46484375,0
67699419.0,6032.0,1.0,0.6918334961,0.1016845703,0.7142333984,-0.0297851563
67702387.0,2968.0,0.0,0.0234375,0.234375,0.3828125,0
67709419.0,7032.0,1.0,0.6918334961,0.1017456055,0.7142333984,-0.0299072266
67712387.0,2968.0,0.0,0.05078125,0.234375,0.2578125,0
67719419.0,7032.0,1.0,0.6917114258,0.1017456055,0.7142944336,-0.030090332
67722387.0,2968.0,0.0,0.015625,0.1875,0.02734375,0
67730419.0,8032.0,1.0,0.6916503906,0.1017456055,0.7143554688,-0.0302124023
67733387.0,2968.0,0.0,0.015625,0.07421875,-0.1328125,0
67739419.0,6032.0,1.0,0.6915893555,0.1017456055,0.7144165039,-0.0302734375
67742387.0,2968.0,0.0,-0.0234375,-0.05078125,-0.32421875,0
67749419.0,7032.0,1.0,0.6915283203,0.1016845703,0.7144775391,-0.0303344727
67752387.0,2968.0,0.0,-0.0234375,-0.078125,-0.31640625,0
67759419.0,7032.0,1.0,0.6915283203,0.1016235352,0.7145385742,-0.0303955078
67762387.0,2968.0,0.0,0.015625,-0.0859375,-0.31640625,0
67770419.0,8032.0,1.0,0.6914672852,0.1016235352,0.7145996094,-0.030456543
67773387.0,2968.0,0.0,-0.0234375,-0.05078125,-0.31640625,0
67780419.0,7032.0,1.0,0.69140625,0.1015625,0.7146606445,-0.030456543
67783387.0,2968.0,0.0,-0.0234375,-0.203125,-0.0390625,0
67789419.0,6032.0,1.0,0.6913452148,0.1015625,0.7147216797,-0.0303955078
67792387.0,2968.0,0.0,-0.0234375,-0.27734375,0.04296875,0
67799419.0,7032.0,1.0,0.6912841797,0.1015625,0.7147827148,-0.0303955078
67802387.0,2968.0,0.0,-0.0234375,-0.15625,-0.109375,0
67810419.0,8032.0,1.0,0.6911621094,0.1016235352,0.71484375,-0.0303955078
67813387.0,2968.0,0.0,-0.0234375,-0.1953125,-0.1796875,0
67819419.0,6032.0,1.0,0.6911621094,0.1016235352,0.7149047852,-0.0303955078
67822387.0,2968.0,0.0,-0.015625,-0.30859375,-0.4375,0
67829419.0,7032.0,1.0,0.6911010742,0.1016235352,0.7149658203,-0.0303955078
67832387.0,2968.0,0.0,-0.0234375,-0.26171875,-0.46875,0
67840419.0,8032.0,1.0,0.6911010742,0.1015625,0.7149658203,-0.0303344727
67843387.0,2968.0,0.0,-0.0234375,-0.25390625,-0.4609375,0
67849419.0,6032.0,1.0,0.6911010742,0.1015014648,0.7149658203,-0.0302734375
67852387.0,2968.0,0.0,-0.015625,-0.09375,-0.4140625,0
67859419.0,7032.0,1.0,0.6911010742,0.1014404297,0.7149658203,-0.0302124023
67862387.0,2968.0,0.0,-0.0234375,-0.01953125,-0.40625,0
67869419.0,7032.0,1.0,0.6911621094,0.1014404297,0.7149047852,-0.0301513672
67873387.0,3968.0,0.0,-0.015625,0.10546875,-0.3515625,0
67880419.0,7032.0,1.0,0.6912231445,0.1013793945,0.7149047852,-0.030090332
67883387.0,2968.0,0.0,-0.0234375,0.06640625,-0.19140625,0
67889419.0,6032.0,1.0,0.6912231445,0.1013183594,0.71484375,-0.0300292969
67892387.0,2968.0,0.0,0.0234375,-0.01171875,0.046875,0
67899419.0,7032.0,1.0,0.6912841797,0.1013183594,0.71484375,-0.0299682617
67902387.0,2968.0,0.0,0.0234375,0.07421875,0.12890625,0
67909419.0,7032.0,1.0,0.6912841797,0.1013183594,0.71484375,-0.0299682617
67913387.0,3968.0,0.0,0.0234375,0.265625,0.12890625,0
67919419.0,6032.0,1.0,0.6912841797,0.1012573242,0.71484375,-0.0299682617
67922387.0,2968.0,0.0,0.0234375,0.265625,0.24609375,0
67929419.0,7032.0,1.0,0.6912841797,0.1012573242,0.71484375,-0.0299682617
67932387.0,2968.0,0.0,-0.015625,0.3359375,0.16796875,0
67939419.0,7032.0,1.0,0.6912841797,0.1011962891,0.71484375,-0.0300292969
67942387.0,2968.0,0.0,-0.015625,0.3359375,0.08984375,0
67949419.0,7032.0,1.0,0.6912841797,0.1011962891,0.71484375,-0.030090332
67953387.0,3968.0,0.0,0.0234375,0.2890625,0.08984375,0
67959419.0,6032.0,1.0,0.6912841797,0.1010742188,0.71484375,-0.0300292969
67962387.0,2968.0,0.0,0.0234375,0.1640625,0.08984375,0
67970419.0,8032.0,1.0,0.6912841797,0.1010131836,0.71484375,-0.0299682617
67973387.0,2968.0,0.0,0.0234375,-0.1015625,0.12890625,0
67979419.0,6032.0,1.0,0.6912841797,0.1008911133,0.7149047852,-0.0299072266
67982387.0,2968.0,0.0,0.0234375,-0.2265625,0.16796875,0
67990419.0,8032.0,1.0,0.6912841797,0.100769043,0.7149047852,-0.0298461914
67993387.0,2968.0,0.0,-0.015625,-0.26171875,0.16796875,0
68000419.0,7032.0,1.0,0.6912231445,0.100769043,0.7149658203,-0.0298461914
68003387.0,2968.0,0.0,-0.015625,-0.30078125,0.3125,0
68010419.0,7032.0,1.0,0.6912231445,0.1008300781,0.7149658203,-0.0299072266
68013387.0,2968.0,0.0,0.0234375,-0.21875,0.12109375,0
68019419.0,6032.0,1.0,0.6911621094,0.1009521484,0.7149658203,-0.0299682617
68022387.0,2968.0,0.0,-0.015625,-0.140625,-0.1171875,0
68030419.0,8032.0,1.0,0.6911621094,0.1010742188,0.7149658203,-0.0300292969
68033387.0,2968.0,0.0,0.0234375,-0.140625,-0.19140625,0
68040419.0,7032.0,1.0,0.6911621094,0.1011352539,0.7149658203,-0.0300292969
68043387.0,2968.0,0.0,0.0234375,-0.171875,-0.1171875,0
68050419.0,7032.0,1.0,0.6911621094,0.1011352539,0.7149658203,-0.0300292969
68053387.0,2968.0,0.0,0.0234375,-0.24609375,-0.0390625,0
68059419.0,6032.0,1.0,0.6911010742,0.1011352539,0.7150268555,-0.0299682617
68062387.0,2968.0,0.0,0.015625,-0.31640625,0.07421875,0
68070419.0,8032.0,1.0,0.6911010742,0.1011352539,0.7150268555,-0.0299072266
68073387.0,2968.0,0.0,-0.0234375,-0.38671875,0.07421875,0
68080419.0,7032.0,1.0,0.6911010742,0.1011962891,0.7150268555,-0.0298461914
68083387.0,2968.0,0.0,-0.0234375,-0.1484375,0.0,0
68090419.0,7032.0,1.0,0.6911010742,0.1012573242,0.7150268555,-0.0298461914
68093387.0,2968.0,0.0,-0.0234375,0.03515625,-0.078125,0
68099419.0,6032.0,1.0,0.6911010742,0.1013183594,0.7149658203,-0.0297851563
68102387.0,2968.0,0.0,0.015625,0.2734375,-0.0859375,0
68110419.0,8032.0,1.0,0.6911621094,0.1013183594,0.7149658203,-0.0297241211
68113387.0,2968.0,0.0,-0.0234375,0.54296875,-0.0078125,0
68119419.0,6032.0,1.0,0.6911621094,0.1013183594,0.7149658203,-0.0296630859
68122387.0,2968.0,0.0,-0.0234375,0.38671875,0.10546875,0
68129419.0,7032.0,1.0,0.6911621094,0.1013183594,0.7149658203,-0.0296630859
68132387.0,2968.0,0.0,0.015625,0.37890625,0.14453125,0
68139419.0,7032.0,1.0,0.6911621094,0.1013183594,0.7149658203,-0.0296630859
68142387.0,2968.0,0.0,0.0234375,0.41015625,0.17578125,0
68150419.0,8032.0,1.0,0.6911621094,0.1012573242,0.7149658203,-0.0296630859
68153387.0,2968.0,0.0,0.0234375,0.2109375,0.2890625,0
68160419.0,7032.0,1.0,0.6911621094,0.1012573242,0.7149658203,-0.0297241211
68163387.0,2968.0,0.0,-0.015625,-0.0546875,0.28125,0
68170419.0,7032.0,1.0,0.6911010742,0.1012573242,0.7149658203,-0.0297241211
68174387.0,3968.0,0.0,-0.015625,-0.02734375,0.05078125,0
68180419.0,6032.0,1.0,0.6911010742,0.1012573242,0.7150268555,-0.0298461914
68183387.0,2968.0,0.0,-0.015625,0.12890625,-0.21484375,0
68190419.0,7032.0,1.0,0.6911010742,0.1013183594,0.7150268555,-0.0299072266
68193387.0,2968.0,0.0,-0.015625,0.12890625,-0.29296875,0
68200419.0,7032.0,1.0,0.6911010742,0.1013183594,0.7149658203,-0.0299682617
68203387.0,2968.0,0.0,0.0234375,0.05078125,-0.21484375,0
68210419.0,7032.0,1.0,0.6911010742,0.1013183594,0.7149658203,-0.0300292969
68214387.0,3968.0,0.0,-0.015625,0.00390625,-0.0625,0
68220419.0,6032.0,1.0,0.6911010742,0.1013183594,0.7149658203,-0.0300292969
68223387.0,2968.0,0.0,-0.015625,-0.03515625,0.015625,0
68230419.0,7032.0,1.0,0.6911621094,0.1013183594,0.7149658203,-0.030090332
68233387.0,2968.0,0.0,0.0234375,-0.109375,0.08984375,0
68240419.0,7032.0,1.0,0.6911621094,0.1013793945,0.7149658203,-0.030090332
68243387.0,2968.0,0.0,0.0234375,-0.15625,0.05078125,0
68250419.0,7032.0,1.0,0.6911621094,0.1013793945,0.7149047852,-0.0301513672
68254387.0,3968.0,0.0,0.0234375,-0.2265625,-0.0234375,0
68260419.0,6032.0,1.0,0.6911621094,0.1014404297,0.7149047852,-0.0302124023
68263387.0,2968.0,0.0,-0.015625,-0.26171875,-0.109375,0
68270419.0,7032.0,1.0,0.6911621094,0.1014404297,0.7149047852,-0.0302124023
68273387.0,2968.0,0.0,0.0234375,0.04296875,-0.30078125,0
68280419.0,7032.0,1.0,0.6912231445,0.1014404297,0.71484375,-0.0302124023
68283387.0,2968.0,0.0,0.0234375,0.12109375,-0.33203125,0
68290419.0,7032.0,1.0,0.6912231445,0.1014404297,0.71484375,-0.0302734375
68293387.0,2968.0,0.0,0.015625,0.04296875,-0.28515625,0
68300419.0,7032.0,1.0,0.6912841797,0.1014404297,0.7147827148,-0.0302124023
68303387.0,2968.0,0.0,0.015625,-0.03515625,-0.24609375,0
68309419.0,6032.0,1.0,0.6913452148,0.1013793945,0.7147216797,-0.0302124023
68312387.0,2968.0,0.0,-0.015625,-0.109375,-0.16015625,0
68320419.0,8032.0,1.0,0.69140625,0.1013793945,0.7146606445,-0.0302124023
68323387.0,2968.0,0.0,-0.015625,-0.140625,-0.0390625,0
68330419.0,7032.0,1.0,0.6914672852,0.1013183594,0.7145996094,-0.0302124023
68334387.0,3968.0,0.0,-0.015625,-0.1796875,0.0,0
68340419.0,6032.0,1.0,0.6915283203,0.1013183594,0.7145385742,-0.0302124023
68343387.0,2968.0,0.0,0.0234375,-0.140625,0.03125,0
68349419.0,6032.0,1.0,0.6915893555,0.1013793945,0.7144775391,-0.0302124023
68352387.0,2968.0,0.0,0.0234375,-0.0546875,0.15234375,0
68360419.0,8032.0,1.0,0.6916503906,0.1013793945,0.7144775391,-0.0302124023
68363387.0,2968.0,0.0,0.0234375,-0.171875,0.23046875,0
68370419.0,7032.0,1.0,0.6916503906,0.1013793945,0.7144165039,-0.0302124023
68374387.0,3968.0,0.0,0.0234375,-0.203125,0.14453125,0
68380419.0,6032.0,1.0,0.6917114258,0.1013793945,0.7144165039,-0.0301513672
68383387.0,2968.0,0.0,-0.015625,-0.125,-0.046875,0
68390419.0,7032.0,1.0,0.6917114258,0.1014404297,0.7143554688,-0.030090332
68393387.0,2968.0,0.0,-0.0234375,-0.125,-0.27734375,0
68400419.0,7032.0,1.0,0.6917724609,0.1014404297,0.7142944336,-0.0300292969
68403387.0,2968.0,0.0,-0.0234375,-0.1640625,-0.23828125,0
68410419.0,7032.0,1.0,0.6918945313,0.1014404297,0.7142333984,-0.0300292969
68413387.0,2968.0,0.0,-0.0234375,-0.078125,-0.125,0
68420419.0,7032.0,1.0,0.6919555664,0.1015014648,0.7141113281,-0.0299682617
68423387.0,2968.0,0.0,-0.015625,0.03515625,-0.19921875,0
68430419.0,7032.0,1.0,0.6920776367,0.1015014648,0.714050293,-0.0299072266
68433387.0,2968.0,0.0,0.0234375,0.234375,-0.0859375,0
68440419.0,7032.0,1.0,0.6921386719,0.1015014648,0.7139282227,-0.0299072266
68443387.0,2968.0,0.0,-0.015625,0.37890625,-0.0078125,0
68450419.0,7032.0,1.0,0.6922607422,0.1015014648,0.7138671875,-0.0299072266
68453387.0,2968.0,0.0,-0.015625,0.296875,0.22265625,0
68460419.0,7032.0,1.0,0.6923217773,0.1015625,0.7137451172,-0.0299072266
68463387.0,2968.0,0.0,0.0234375,0.21875,0.4140625,0
68470419.0,7032.0,1.0,0.6923828125,0.1015014648,0.7137451172,-0.0299072266
68473387.0,2968.0,0.0,0.0234375,0.25,0.2890625,0
68480419.0,7032.0,1.0,0.6924438477,0.1015014648,0.713684082,-0.0299682617
68483387.0,2968.0,0.0,0.0234375,0.14453125,0.16796875,0
68490419.0,7032.0,1.0,0.6925048828,0.1014404297,0.7136230469,-0.0299682617
68493387.0,2968.0,0.0,-0.015625,-0.01953125,-0.0234375,0
68499419.0,6032.0,1.0,0.692565918,0.1014404297,0.7135620117,-0.0299682617
68502387.0,2968.0,0.0,0.0234375,-0.28515625,-0.109375,0
68510419.0,8032.0,1.0,0.6926269531,0.1013793945,0.7135009766,-0.0299072266
68513387.0,2968.0,0.0,-0.015625,-0.40234375,-0.0703125,0
68520419.0,7032.0,1.0,0.6926879883,0.1013793945,0.7134399414,-0.0298461914
68523387.0,2968.0,0.0,-0.015625,-0.4765625,0.04296875,0
68530419.0,7032.0,1.0,0.6928100586,0.1013793945,0.7133789063,-0.0297851563
68533387.0,2968.0,0.0,-0.0078125,-0.36328125,0.11328125,0
68539419.0,6032.0,1.0,0.6928710938,0.1014404297,0.7132568359,-0.0297241211
68542387.0,2968.0,0.0,-0.015625,0.10546875,0.22265625,0
68550419.0,8032.0,1.0,0.6929321289,0.1015014648,0.7131958008,-0.0296630859
68553387.0,2968.0,0.0,0.015625,0.37109375,0.2578125,0
68560419.0,7032.0,1.0,0.6929931641,0.1015625,0.7131347656,-0.0296630859
68563387.0,2968.0,0.0,0.0234375,0.7109375,0.2421875,0
68570419.0,7032.0,1.0,0.6931152344,0.1016235352,0.7130126953,-0.0297241211
68573387.0,2968.0,0.0,0.0234375,0.2421875,0.3125,0
68580419.0,7032.0,1.0,0.6931762695,0.1016235352,0.7129516602,-0.0297851563
68583387.0,2968.0,0.0,0.0234375,0.65625,-0.03125,0
68590419.0,7032.0,1.0,0.6932373047,0.1016235352,0.712890625,-0.0298461914
68594387.0,3968.0,0.0,-0.015625,0.34765625,-0.0390625,0
68600419.0,6032.0,1.0,0.6932983398,0.1015625,0.7127685547,-0.0299682617
68603387.0,2968.0,0.0,-0.0078125,0.07421875,-0.1640625,0
68610419.0,7032.0,1.0,0.6934204102,0.1015625,0.7127075195,-0.0300292969
68613387.0,2968.0,0.0,0.03125,0.21875,-0.31640625,0
68620419.0,7032.0,1.0,0.6935424805,0.1014404297,0.7125854492,-0.0301513672
68623387.0,2968.0,0.0,-0.0078125,-0.1640625,-0.4375,0
68630419.0,7032.0,1.0,0.6936645508,0.1013793945,0.7124633789,-0.0301513672
68634387.0,3968.0,0.0,-0.015625,-0.05078125,-0.27734375,0
68640419.0,6032.0,1.0,0.6937866211,0.1013183594,0.7123413086,-0.0302124023
68643387.0,2968.0,0.0,-0.015625,-0.01953125,-0.09375,0
68650419.0,7032.0,1.0,0.6939086914,0.1013183594,0.7122192383,-0.0302734375
68653387.0,2968.0,0.0,0.0234375,0.09765625,0.21875,0
68660419.0,7032.0,1.0,0.6940307617,0.1012573242,0.712097168,-0.0303344727
68663387.0,2968.0,0.0,-0.015625,0.01953125,0.25,0
68670419.0,7032.0,1.0,0.694152832,0.1012573242,0.7120361328,-0.0303955078
68674387.0,3968.0,0.0,0.03125,-0.1015625,0.28125,0
68680419.0,6032.0,1.0,0.6942749023,0.1011962891,0.7119140625,-0.0303955078
68683387.0,2968.0,0.0,0.03125,-0.1015625,0.2734375,0
68690419.0,7032.0,1.0,0.6943359375,0.1011962891,0.7118530273,-0.0303955078
68693387.0,2968.0,0.0,0.03125,-0.171875,0.42578125,0
68700419.0,7032.0,1.0,0.6943969727,0.1011352539,0.7117919922,-0.0303955078
68703387.0,2968.0,0.0,0.0234375,-0.40234375,0.44921875,0
68710419.0,7032.0,1.0,0.694519043,0.1011352539,0.711730957,-0.0303955078
68713387.0,2968.0,0.0,-0.015625,-0.546875,0.44140625,0
68720419.0,7032.0,1.0,0.6945800781,0.1011352539,0.7116699219,-0.0303955078
68723387.0,2968.0,0.0,-0.0078125,-0.39453125,0.43359375,0
68730419.0,7032.0,1.0,0.6946411133,0.1011962891,0.7115478516,-0.0303955078
68733387.0,2968.0,0.0,0.0234375,-0.04296875,-0.07421875,0
68740419.0,7032.0,1.0,0.6947021484,0.1011962891,0.7114868164,-0.0303955078
68743387.0,2968.0,0.0,-0.015625,0.03515625,-0.203125,0
68750419.0,7032.0,1.0,0.6947631836,0.1011962891,0.7114257813,-0.0303344727
68754387.0,3968.0,0.0,0.0234375,0.12109375,-0.05078125,0
68760419.0,6032.0,1.0,0.6948852539,0.1011352539,0.7113647461,-0.0302734375
68763387.0,2968.0,0.0,0.0234375,-0.03515625,0.05859375,0
68770419.0,7032.0,1.0,0.6949462891,0.1010742188,0.7113037109,-0.0302124023
68773387.0,2968.0,0.0,0.0234375,0.05078125,0.01953125,0
68780419.0,7032.0,1.0,0.6950073242,0.1010131836,0.7112426758,-0.0301513672
68783387.0,2968.0,0.0,-0.015625,-0.1015625,0.05078125,0
68790419.0,7032.0,1.0,0.6950683594,0.1009521484,0.7111816406,-0.030090332
68793387.0,2968.0,0.0,-0.015625,-0.33203125,0.203125,0
68800419.0,7032.0,1.0,0.6951293945,0.1010131836,0.7111206055,-0.0300292969
68803387.0,2968.0,0.0,-0.015625,-0.41015625,0.265625,0
68810419.0,7032.0,1.0,0.6951904297,0.1010742188,0.7109985352,-0.030090332
68813387.0,2968.0,0.0,-0.015625,-0.01171875,0.140625,0
68820419.0,7032.0,1.0,0.6953125,0.1011962891,0.7109375,-0.030090332
68823387.0,2968.0,0.0,0.0234375,0.2890625,0.02734375,0
68830419.0,7032.0,1.0,0.6953735352,0.1012573242,0.7108154297,-0.0301513672
68833387.0,2968.0,0.0,0.0234375,0.7109375,-0.09765625,0
68840419.0,7032.0,1.0,0.6954345703,0.1013183594,0.7107543945,-0.0301513672
68843387.0,2968.0,0.0,-0.015625,0.13671875,0.2109375,0
68850419.0,7032.0,1.0,0.6954956055,0.1013793945,0.7106933594,-0.0302124023
68853387.0,2968.0,0.0,0.0234375,0.28125,0.15625,0
68860419.0,7032.0,1.0,0.6955566406,0.1013793945,0.7106323242,-0.0302124023
68863387.0,2968.0,0.0,0.0234375,0.35546875,0.30859375,0
68870419.0,7032.0,1.0,0.6956176758,0.1013183594,0.7106323242,-0.0302124023
68873387.0,2968.0,0.0,0.0234375,0.04296875,0.37890625,0
68880419.0,7032.0,1.0,0.6956176758,0.1013183594,0.7105712891,-0.0302124023
68883387.0,2968.0,0.0,-0.015625,0.07421875,0.4453125,0
68890419.0,7032.0,1.0,0.6956787109,0.1013793945,0.7105102539,-0.0302124023
68893387.0,2968.0,0.0,-0.015625,0.11328125,0.5546875,0
68900419.0,7032.0,1.0,0.6956787109,0.1013793945,0.7105102539,-0.0302734375
68903387.0,2968.0,0.0,0.0234375,0.10546875,0.578125,0
68910419.0,7032.0,1.0,0.6956787109,0.1014404297,0.7105102539,-0.0303344727
68913387.0,2968.0,0.0,-0.015625,0.140625,0.5703125,0
68920419.0,7032.0,1.0,0.6956176758,0.1015014648,0.7105102539,-0.030456543
68923387.0,2968.0,0.0,-0.015625,0.2578125,0.3984375,0
68930419.0,7032.0,1.0,0.6956176758,0.1015625,0.7105712891,-0.0305786133
68933387.0,2968.0,0.0,-0.015625,0.1328125,0.26953125,0
68940419.0,7032.0,1.0,0.6955566406,0.1016845703,0.7105712891,-0.0307006836
68943387.0,2968.0,0.0,0.0234375,0.125,0.1171875,0
68950419.0,7032.0,1.0,0.6954956055,0.1017456055,0.7106323242,-0.0308227539
68953387.0,2968.0,0.0,0.015625,0.05078125,-0.0078125,0
68960419.0,7032.0,1.0,0.6954345703,0.1018066406,0.7106933594,-0.0308837891
68963387.0,2968.0,0.0,-0.015625,-0.07421875,-0.12890625,0
68970419.0,7032.0,1.0,0.6953735352,0.1018066406,0.7107543945,-0.0309448242
68974387.0,3968.0,0.0,-0.015625,-0.1875,-0.12890625,0
68980419.0,6032.0,1.0,0.6953125,0.1018066406,0.7108154297,-0.0310058594
68983387.0,2968.0,0.0,-0.015625,-0.109375,-0.05859375,0
68990419.0,7032.0,1.0,0.6952514648,0.1018676758,0.7108154297,-0.0311279297
68993387.0,2968.0,0.0,-0.015625,0.04296875,-0.05078125,0
69000419.0,7032.0,1.0,0.6951904297,0.1019287109,0.7108764648,-0.0311889648
69003387.0,2968.0,0.0,-0.0078125,0.15625,-0.13671875,0
69010419.0,7032.0,1.0,0.6951293945,0.1019897461,0.7109375,-0.0313720703
69014387.0,3968.0,0.0,-0.015625,0.08203125,-0.21484375,0
69020419.0,6032.0,1.0,0.6950683594,0.1021118164,0.7109375,-0.0316162109
69023387.0,2968.0,0.0,0.03125,0.34765625,-0.28125,0
69030419.0,7032.0,1.0,0.6950073242,0.1021728516,0.7109985352,-0.0317993164
69033387.0,2968.0,0.0,0.05859375,0.15625,-0.390625,0
69040419.0,7032.0,1.0,0.6949462891,0.1022338867,0.7110595703,-0.0319824219
69043387.0,2968.0,0.0,-0.015625,-0.4921875,-0.3046875,0
69050419.0,7032.0,1.0,0.6948242188,0.1022949219,0.7111206055,-0.0321044922
69054387.0,3968.0,0.0,0.0234375,-0.03515625,-0.48828125,0
69060419.0,6032.0,1.0,0.6947631836,0.1022949219,0.7111816406,-0.0322265625
69063387.0,2968.0,0.0,-0.015625,-0.41015625,-0.51171875,0
69070419.0,7032.0,1.0,0.6947021484,0.1024169922,0.7112426758,-0.0323486328
69073387.0,2968.0,0.0,-0.0546875,-0.40234375,-0.3515625,0
69080419.0,7032.0,1.0,0.6946411133,0.1026000977,0.7112426758,-0.0326538086
69083387.0,2968.0,0.0,-0.015625,0.32421875,-0.52734375,0
69090419.0,7032.0,1.0,0.6945800781,0.1026611328,0.7113037109,-0.0327758789
69094387.0,3968.0,0.0,-0.015625,0.05859375,-0.55078125,0
69100419.0,6032.0,1.0,0.6945800781,0.102722168,0.7113037109,-0.0328979492
69103387.0,2968.0,0.0,0.0234375,-0.1328125,-0.42578125,0
69110419.0,7032.0,1.0,0.6945800781,0.1027832031,0.7113037109,-0.0330200195
69113387.0,2968.0,0.0,0.0234375,-0.01953125,-0.296875,0
69120419.0,7032.0,1.0,0.6945800781,0.1027832031,0.7113037109,-0.0331420898
69123387.0,2968.0,0.0,-0.0078125,0.03515625,-0.35546875,0
69130419.0,7032.0,1.0,0.694519043,0.102722168,0.7113037109,-0.0331420898
69133387.0,2968.0,0.0,0.0234375,-0.1171875,-0.2265625,0
69140419.0,7032.0,1.0,0.694519043,0.102722168,0.7113037109,-0.033203125
69143387.0,2968.0,0.0,-0.0078125,-0.15625,-0.140625,0
69150419.0,7032.0,1.0,0.694519043,0.1026611328,0.7113647461,-0.033203125
69153387.0,2968.0,0.0,0.0234375,-0.41796875,0.09765625,0
69160419.0,7032.0,1.0,0.6944580078,0.102722168,0.7113647461,-0.033203125
69163387.0,2968.0,0.0,0.0234375,-0.4453125,0.06640625,0
69170419.0,7032.0,1.0,0.6944580078,0.1027832031,0.7114257813,-0.0333251953
69173387.0,2968.0,0.0,0.03125,-0.37109375,0.04296875,0
69180419.0,7032.0,1.0,0.6943969727,0.1029052734,0.7114257813,-0.0334472656
69183387.0,2968.0,0.0,0.0234375,-0.31640625,-0.140625,0
69190419.0,7032.0,1.0,0.6943359375,0.1030273438,0.7114257813,-0.0335693359
69193387.0,2968.0,0.0,0.0234375,0.06640625,-0.171875,0
69200419.0,7032.0,1.0,0.6942749023,0.1030883789,0.7114868164,-0.0335693359
69203387.0,2968.0,0.0,-0.015625,-0.4609375,-0.01953125,0
69211419.0,8032.0,1.0,0.6942749023,0.1031494141,0.7114868164,-0.0335693359
69214387.0,2968.0,0.0,0.0234375,-0.4453125,-0.01171875,0
69220419.0,6032.0,1.0,0.6942749023,0.1031494141,0.7114868164,-0.0335083008
69223387.0,2968.0,0.0,-0.015625,-0.20703125,-0.0859375,0
69230419.0,7032.0,1.0,0.6942138672,0.1032104492,0.7115478516,-0.0334472656
69233387.0,2968.0,0.0,-0.0234375,-0.171875,-0.078125,0
69240419.0,7032.0,1.0,0.6942138672,0.1032714844,0.7115478516,-0.0334472656
69243387.0,2968.0,0.0,-0.015625,-0.1640625,0.03515625,0
69250419.0,7032.0,1.0,0.6942138672,0.1033325195,0.7115478516,-0.0334472656
69253387.0,2968.0,0.0,-0.015625,-0.19140625,0.04296875,0
69260419.0,7032.0,1.0,0.6942138672,0.1034545898,0.7115478516,-0.0334472656
69263387.0,2968.0,0.0,0.0234375,0.265625,-0.1015625,0
69270419.0,7032.0,1.0,0.6942138672,0.103515625,0.7114868164,-0.0334472656
69273387.0,2968.0,0.0,0.0234375,0.16015625,-0.0625,0
69280419.0,7032.0,1.0,0.6942138672,0.1036376953,0.7114868164,-0.0334472656
69283387.0,2968.0,0.0,-0.015625,0.2734375,-0.09375,0
69290419.0,7032.0,1.0,0.6942138672,0.1036376953,0.7114868164,-0.0334472656
69293387.0,2968.0,0.0,-0.015625,0.58203125,-0.1328125,0
69300419.0,7032.0,1.0,0.6942138672,0.1036376953,0.7114868164,-0.0334472656
69303387.0,2968.0,0.0,-0.0234375,0.41796875,-0.0546875,0
69310419.0,7032.0,1.0,0.6942138672,0.1036376953,0.7114868164,-0.0334472656
69313387.0,2968.0,0.0,-0.0234375,0.41796875,0.05859375,0
69320419.0,7032.0,1.0,0.6942138672,0.1036376953,0.7114868164,-0.0334472656
69323387.0,2968.0,0.0,-0.0234375,0.44921875,0.17578125,0
69330419.0,7032.0,1.0,0.694152832,0.1035766602,0.7115478516,-0.0335083008
69333387.0,2968.0,0.0,0.015625,0.3671875,0.2109375,0
69340419.0,7032.0,1.0,0.694152832,0.1035766602,0.7115478516,-0.0335693359
69343387.0,2968.0,0.0,-0.0234375,0.203125,-0.01953125,0
69350419.0,7032.0,1.0,0.6940917969,0.103515625,0.7116088867,-0.0336303711
69353387.0,2968.0,0.0,-0.0234375,0.16796875,0.05859375,0
69360419.0,7032.0,1.0,0.6940917969,0.103515625,0.7116088867,-0.0337524414
69363387.0,2968.0,0.0,-0.0234375,0.04296875,0.2109375,0
69370419.0,7032.0,1.0,0.6940307617,0.1036376953,0.7116699219,-0.0338745117
69373387.0,2968.0,0.0,0.0234375,-0.0390625,0.28125,0
69380419.0,7032.0,1.0,0.6939697266,0.1036987305,0.7116699219,-0.0340576172
69383387.0,2968.0,0.0,-0.015625,-0.203125,0.28125,0
69390419.0,7032.0,1.0,0.6938476563,0.1040649414,0.711730957,-0.0344238281
69394387.0,3968.0,0.0,0.05859375,-0.80859375,0.43359375,0
69400419.0,6032.0,1.0,0.6937255859,0.1047363281,0.711730957,-0.03515625
69403387.0,2968.0,0.0,0.0234375,-0.23046875,0.3125,0
69410419.0,7032.0,1.0,0.6935424805,0.10546875,0.7117919922,-0.0360107422
69413387.0,2968.0,0.0,-0.015625,0.7265625,-0.21875,0
69420419.0,7032.0,1.0,0.693359375,0.1059570313,0.7117919922,-0.0364990234
69423387.0,2968.0,0.0,-0.0625,0.7578125,-0.484375,0
69430419.0,7032.0,1.0,0.693359375,0.1058959961,0.7118530273,-0.0364990234
69434387.0,3968.0,0.0,-0.015625,-0.1640625,-0.37109375,0
69440419.0,6032.0,1.0,0.6932983398,0.1058349609,0.7118530273,-0.0364379883
69443387.0,2968.0,0.0,0.05859375,-0.546875,-0.1015625,0
69450419.0,7032.0,1.0,0.6932983398,0.1058959961,0.7119140625,-0.0364990234
69453387.0,2968.0,0.0,-0.015625,0.1796875,-0.41015625,0
69460419.0,7032.0,1.0,0.6932983398,0.1058959961,0.7119140625,-0.0364990234
69463387.0,2968.0,0.0,-0.015625,-0.125,-0.29296875,0
69470419.0,7032.0,1.0,0.6932983398,0.1058349609,0.7119140625,-0.0364379883
69474387.0,3968.0,0.0,0.0234375,-0.39453125,-0.171875,0
69480419.0,6032.0,1.0,0.6932983398,0.1058349609,0.7119140625,-0.0364379883
69483387.0,2968.0,0.0,-0.015625,-0.203125,-0.1796875,0
69490419.0,7032.0,1.0,0.6932983398,0.1058349609,0.7119140625,-0.0364379883
69493387.0,2968.0,0.0,0.0234375,-0.046875,-0.0625,0
69500419.0,7032.0,1.0,0.6932983398,0.1058349609,0.7119140625,-0.0363769531
69503387.0,2968.0,0.0,-0.015625,-0.01171875,0.08984375,0
69510419.0,7032.0,1.0,0.693359375,0.1058349609,0.7118530273,-0.0363769531
69514387.0,3968.0,0.0,0.0234375,0.14453125,0.08984375,0
69520419.0,6032.0,1.0,0.693359375,0.1057739258,0.7118530273,-0.0363769531
69523387.0,2968.0,0.0,-0.015625,0.21875,0.08984375,0
69530419.0,7032.0,1.0,0.693359375,0.1057739258,0.7118530273,-0.0364379883
69533387.0,2968.0,0.0,0.0234375,0.2578125,-0.02734375,0
69540419.0,7032.0,1.0,0.693359375,0.1057739258,0.7118530273,-0.0364379883
69543387.0,2968.0,0.0,-0.015625,0.2578125,-0.1015625,0
69550419.0,7032.0,1.0,0.6934204102,0.1057739258,0.7118530273,-0.0364990234
69553387.0,2968.0,0.0,0.0234375,0.14453125,-0.21875,0
69560419.0,7032.0,1.0,0.6934204102,0.1057128906,0.7117919922,-0.0365600586
69563387.0,2968.0,0.0,0.0234375,0.06640625,-0.25390625,0
69570419.0,7032.0,1.0,0.6934204102,0.1057128906,0.7117919922,-0.0366210937
69573387.0,2968.0,0.0,0.0234375,-0.125,-0.0625,0
69580419.0,7032.0,1.0,0.6934204102,0.1057128906,0.7117919922,-0.0366821289
69583387.0,2968.0,0.0,0.0234375,-0.24609375,0.08984375,0
69590419.0,7032.0,1.0,0.6934204102,0.1057739258,0.7117919922,-0.0367431641
69593387.0,2968.0,0.0,-0.0078125,-0.23828125,0.12890625,0
69600419.0,7032.0,1.0,0.6934204102,0.1058959961,0.711730957,-0.0368652344
69603387.0,2968.0,0.0,-0.0078125,-0.0859375,-0.21875,0
69610419.0,7032.0,1.0,0.6934204102,0.1059570313,0.711730957,-0.0369873047
69613387.0,2968.0,0.0,-0.0078125,-0.01171875,-0.29296875,0
69620419.0,7032.0,1.0,0.6934814453,0.1059570313,0.7116699219,-0.0370483398
69623387.0,2968.0,0.0,-0.015625,-0.046875,-0.33203125,0
69631419.0,8032.0,1.0,0.6935424805,0.1058959961,0.7116088867,-0.0370483398
69634387.0,2968.0,0.0,-0.0078125,-0.1640625,-0.25390625,0
69640419.0,6032.0,1.0,0.6936035156,0.1058349609,0.7115478516,-0.0370483398
69643387.0,2968.0,0.0,0.03125,-0.27734375,-0.1484375,0
69650419.0,7032.0,1.0,0.6936645508,0.1057739258,0.7114868164,-0.0370483398
69653387.0,2968.0,0.0,0.03125,-0.27734375,-0.1875,0
69660419.0,7032.0,1.0,0.6937255859,0.1057128906,0.7114257813,-0.0369873047
69663387.0,2968.0,0.0,0.03125,-0.27734375,-0.1484375,0
69671419.0,8032.0,1.0,0.6937866211,0.1056518555,0.7114257813,-0.0368652344
69674387.0,2968.0,0.0,0.03125,-0.35546875,0.12109375,0
69680419.0,6032.0,1.0,0.6938476563,0.1056518555,0.7113647461,-0.0368041992
69683387.0,2968.0,0.0,-0.0078125,-0.35546875,0.265625,0
69690419.0,7032.0,1.0,0.6939086914,0.1057128906,0.7113037109,-0.0368041992
69693387.0,2968.0,0.0,-0.015625,-0.27734375,0.234375,0
69700419.0,7032.0,1.0,0.6939697266,0.1057739258,0.7112426758,-0.0367431641
69703387.0,2968.0,0.0,0.0234375,-0.23828125,0.12109375,0
69711419.0,8032.0,1.0,0.6940307617,0.1058349609,0.7111816406,-0.0367431641
69714387.0,2968.0,0.0,-0.015625,-0.36328125,-0.03515625,0
69720419.0,6032.0,1.0,0.6940917969,0.1058959961,0.7111206055,-0.0366210937
69723387.0,2968.0,0.0,-0.015625,-0.171875,-0.109375,0
69730419.0,7032.0,1.0,0.694152832,0.1058959961,0.7110595703,-0.0364990234
69733387.0,2968.0,0.0,0.0234375,-0.24609375,-0.04296875,0
69740419.0,7032.0,1.0,0.6942138672,0.1058959961,0.7109985352,-0.0363769531
69743387.0,2968.0,0.0,-0.015625,-0.32421875,0.03515625,0
69751419.0,8032.0,1.0,0.6942749023,0.1058959961,0.7109375,-0.0361938477
69754387.0,2968.0,0.0,-0.015625,-0.40234375,0.07421875,0
69761419.0,7032.0,1.0,0.6943359375,0.1058349609,0.7108764648,-0.035949707
69764387.0,2968.0,0.0,-0.0234375,-0.0859375,0.2890625,0
69771419.0,7032.0,1.0,0.6943969727,0.1057739258,0.7108764648,-0.0357666016
69775387.0,3968.0,0.0,0.015625,-0.12890625,0.2890625,0
69781419.0,6032.0,1.0,0.6943969727,0.1057128906,0.7108764648,-0.0355834961
69784387.0,2968.0,0.0,-0.0234375,-0.0546875,0.17578125,0
69791419.0,7032.0,1.0,0.6943969727,0.1057739258,0.7108764648,-0.0355224609
69794387.0,2968.0,0.0,-0.140625,0.51953125,-0.109375,0
69800419.0,6032.0,1.0,0.6944580078,0.1058959961,0.7108154297,-0.0354003906
69803387.0,2968.0,0.0,0.015625,1.4609375,0.04296875,0
69811419.0,8032.0,1.0,0.6944580078,0.1060180664,0.7108154297,-0.0353393555
69815387.0,3968.0,0.0,0.015625,0.22265625,0.62109375,0
69821419.0,6032.0,1.0,0.6944580078,0.1060791016,0.7108154297,-0.0352783203
69824387.0,2968.0,0.0,0.05078125,0.62890625,0.57421875,0
69830419.0,6032.0,1.0,0.6944580078,0.1060791016,0.7108154297,-0.0352172852
69833387.0,2968.0,0.0,0.015625,0.45703125,0.55859375,0
69840419.0,7032.0,1.0,0.6944580078,0.1060791016,0.7108154297,-0.03515625
69843387.0,2968.0,0.0,0.015625,0.296875,0.6171875,0
69851419.0,8032.0,1.0,0.6943969727,0.1059570313,0.7108764648,-0.0350952148
69855387.0,3968.0,0.0,-0.0234375,0.43359375,0.57421875,0
69861419.0,6032.0,1.0,0.6943359375,0.1058959961,0.7109375,-0.0350952148
69864387.0,2968.0,0.0,0.015625,0.2265625,0.59375,0
69870419.0,6032.0,1.0,0.6942749023,0.1058349609,0.7109985352,-0.0350341797
69873387.0,2968.0,0.0,0.015625,0.10546875,0.80859375,0
69880419.0,7032.0,1.0,0.6942138672,0.1058349609,0.7111206055,-0.0350341797
69883387.0,2968.0,0.0,-0.0234375,-0.0625,0.83203125,0
69891419.0,8032.0,1.0,0.6940917969,0.1058349609,0.7112426758,-0.0350341797
69894387.0,2968.0,0.0,-0.015625,0.08203125,0.6640625,0
69901419.0,7032.0,1.0,0.6939697266,0.1058349609,0.7113037109,-0.0350952148
69904387.0,2968.0,0.0,-0.0234375,-0.04296875,0.41796875,0
69911419.0,7032.0,1.0,0.6939086914,0.1059570313,0.7113647461,-0.0352172852
69914387.0,2968.0,0.0,-0.0234375,-0.05078125,-0.171875,0
69921419.0,7032.0,1.0,0.6938476563,0.1059570313,0.7114257813,-0.0352783203
69924387.0,2968.0,0.0,0.015625,0.03515625,-0.33984375,0
69931419.0,7032.0,1.0,0.6937866211,0.1060180664,0.7114868164,-0.0354003906
69934387.0,2968.0,0.0,0.0234375,-0.01171875,-0.42578125,0
69941419.0,7032.0,1.0,0.6937255859,0.1060180664,0.7114868164,-0.0354614258
69944387.0,2968.0,0.0,-0.0234375,-0.01171875,-0.45703125,0
69951419.0,7032.0,1.0,0.6937255859,0.1060180664,0.7114868164,-0.0354614258
69954387.0,2968.0,0.0,0.015625,-0.05859375,-0.265625,0
69961419.0,7032.0,1.0,0.6937255859,0.1060180664,0.7115478516,-0.0354614258
69964387.0,2968.0,0.0,0.015625,-0.01953125,-0.3046875,0
69971419.0,7032.0,1.0,0.6937255859,0.1059570313,0.7115478516,-0.0354614258
69974387.0,2968.0,0.0,0.015625,-0.09375,-0.2265625,0
69981419.0,7032.0,1.0,0.6936645508,0.1059570313,0.7115478516,-0.0354614258
69984387.0,2968.0,0.0,-0.0234375,-0.0859375,0.234375,0
69991419.0,7032.0,1.0,0.6936035156,0.1059570313,0.7116088867,-0.0354614258
69994387.0,2968.0,0.0,-0.0234375,-0.1328125,0.2265625,0
70001419.0,7032.0,1.0,0.6936035156,0.1060180664,0.7116088867,-0.0355224609
70004387.0,2968.0,0.0,0.015625,-0.1640625,0.1953125,0
70011419.0,7032.0,1.0,0.6935424805,0.1060791016,0.7116699219,-0.0355224609
70014387.0,2968.0,0.0,-0.0234375,-0.25,0.04296875,0
70021419.0,7032.0,1.0,0.6934814453,0.1061401367,0.711730957,-0.0355224609
70024387.0,2968.0,0.0,0.015625,-0.171875,-0.265625,0
70031419.0,7032.0,1.0,0.6934814453,0.1062011719,0.711730957,-0.0354614258
70034387.0,2968.0,0.0,-0.0234375,-0.15625,-0.265625,0
70041419.0,7032.0,1.0,0.6934204102,0.1062011719,0.7117919922,-0.0354614258
70044387.0,2968.0,0.0,0.015625,-0.078125,-0.296875,0
70051419.0,7032.0,1.0,0.6934204102,0.1062011719,0.7117919922,-0.0354003906
70054387.0,2968.0,0.0,0.015625,-0.0859375,-0.2109375,0
70060419.0,6032.0,1.0,0.693359375,0.106262207,0.7117919922,-0.0352783203
70063387.0,2968.0,0.0,-0.0234375,-0.00390625,-0.171875,0
70071419.0,8032.0,1.0,0.693359375,0.106262207,0.7118530273,-0.0352172852
70074387.0,2968.0,0.0,-0.015625,0.03515625,0.02734375,0
70081419.0,7032.0,1.0,0.693359375,0.106262207,0.7118530273,-0.03515625
70084387.0,2968.0,0.0,-0.0234375,-0.04296875,0.11328125,0
70091419.0,7032.0,1.0,0.6932983398,0.1063232422,0.7119140625,-0.0350952148
70094387.0,2968.0,0.0,0.015625,-0.03515625,0.265625,0
70101419.0,7032.0,1.0,0.6932373047,0.1063232422,0.7119750977,-0.0350341797
70104387.0,2968.0,0.0,-0.0234375,0.04296875,0.2265625,0
70111419.0,7032.0,1.0,0.6931762695,0.1063842773,0.7120361328,-0.0349731445
70115387.0,3968.0,0.0,-0.0234375,0.04296875,0.11328125,0
70121419.0,6032.0,1.0,0.6931152344,0.1064453125,0.712097168,-0.0349731445
70124387.0,2968.0,0.0,0.015625,0.04296875,0.07421875,0
70131419.0,7032.0,1.0,0.6930541992,0.1065063477,0.712097168,-0.0349731445
70134387.0,2968.0,0.0,0.015625,0.08203125,0.03515625,0
70141419.0,7032.0,1.0,0.6929931641,0.1065063477,0.7121582031,-0.0349731445
70144387.0,2968.0,0.0,-0.0234375,0.08203125,0.08203125,0
70151419.0,7032.0,1.0,0.6929321289,0.1065063477,0.7122802734,-0.0349731445
70155387.0,3968.0,0.0,0.015625,0.04296875,0.12109375,0
70161419.0,6032.0,1.0,0.6928100586,0.1065063477,0.7123413086,-0.0349731445
70164387.0,2968.0,0.0,0.0234375,0.00390625,0.04296875,0
70171419.0,7032.0,1.0,0.6927490234,0.1065063477,0.7124023438,-0.0349731445
70174387.0,2968.0,0.0,-0.015625,-0.0703125,-0.1484375,0
70181419.0,7032.0,1.0,0.6926879883,0.1065063477,0.7124633789,-0.0349121094
70184387.0,2968.0,0.0,-0.015625,-0.03515625,-0.265625,0
70191419.0,7032.0,1.0,0.6926269531,0.1064453125,0.7125854492,-0.0349121094
70195387.0,3968.0,0.0,-0.0234375,0.00390625,-0.29296875,0
70201419.0,6032.0,1.0,0.692565918,0.1064453125,0.7126464844,-0.0349121094
70204387.0,2968.0,0.0,-0.0234375,0.04296875,-0.2109375,0
70211419.0,7032.0,1.0,0.6925048828,0.1064453125,0.7127075195,-0.0349121094
70214387.0,2968.0,0.0,-0.0234375,-0.0703125,-0.2109375,0
70221419.0,7032.0,1.0,0.6924438477,0.1064453125,0.7127685547,-0.0349121094
70224387.0,2968.0,0.0,0.015625,-0.0703125,-0.1640625,0
70231419.0,7032.0,1.0,0.6923828125,0.1064453125,0.7127685547,-0.0348510742
70234387.0,2968.0,0.0,0.015625,-0.1484375,-0.05078125,0
70241419.0,7032.0,1.0,0.6923217773,0.1064453125,0.7128295898,-0.0348510742
70244387.0,2968.0,0.0,0.0234375,-0.03515625,-0.03515625,0
70250419.0,6032.0,1.0,0.6922607422,0.1064453125,0.712890625,-0.0348510742
70253387.0,2968.0,0.0,-0.015625,0.04296875,-0.0703125,0
70261419.0,8032.0,1.0,0.692199707,0.1065063477,0.7129516602,-0.0348510742
70264387.0,2968.0,0.0,0.015625,0.05078125,-0.0625,0
70271419.0,7032.0,1.0,0.6921386719,0.1065063477,0.7130126953,-0.0348510742
70274387.0,2968.0,0.0,0.015625,0.08984375,-0.0546875,0
70281419.0,7032.0,1.0,0.6920166016,0.1065063477,0.7131347656,-0.0349121094
70284387.0,2968.0,0.0,-0.0234375,0.08203125,-0.1328125,0
70291419.0,7032.0,1.0,0.6919555664,0.1065063477,0.7131958008,-0.0349121094
70294387.0,2968.0,0.0,-0.0234375,0.04296875,-0.23828125,0
70301419.0,7032.0,1.0,0.6918945313,0.1065063477,0.7132568359,-0.0349731445
70304387.0,2968.0,0.0,-0.0234375,0.00390625,-0.1953125,0
70311419.0,7032.0,1.0,0.6918334961,0.1065063477,0.7133178711,-0.0349731445
70314387.0,2968.0,0.0,-0.015625,-0.0703125,-0.1875,0
70321419.0,7032.0,1.0,0.6917724609,0.1064453125,0.7133178711,-0.0349731445
70324387.0,2968.0,0.0,0.015625,-0.109375,-0.1796875,0
70331419.0,7032.0,1.0,0.6917114258,0.1064453125,0.7133789063,-0.0350341797
70334387.0,2968.0,0.0,-0.0234375,-0.109375,-0.28515625,0
70341419.0,7032.0,1.0,0.6917114258,0.1064453125,0.7134399414,-0.0350341797
70344387.0,2968.0,0.0,-0.0234375,-0.0625,-0.32421875,0
70351419.0,7032.0,1.0,0.6916503906,0.1064453125,0.7134399414,-0.0350341797
70354387.0,2968.0,0.0,0.0234375,-0.02734375,-0.26953125,0
70361419.0,7032.0,1.0,0.6916503906,0.1064453125,0.7135009766,-0.0349731445
70364387.0,2968.0,0.0,0.015625,0.05078125,-0.109375,0
70371419.0,7032.0,1.0,0.6915893555,0.1063842773,0.7135620117,-0.0349731445
70374387.0,2968.0,0.0,-0.0234375,0.05078125,0.015625,0
70381419.0,7032.0,1.0,0.6915283203,0.1063232422,0.7136230469,-0.0349121094
70384387.0,2968.0,0.0,-0.0234375,0.05078125,0.05859375,0
70391419.0,7032.0,1.0,0.6914672852,0.1063232422,0.713684082,-0.0349121094
70394387.0,2968.0,0.0,0.0234375,-0.02734375,0.13671875,0
70401419.0,7032.0,1.0,0.69140625,0.1063232422,0.7137451172,-0.0348510742
70404387.0,2968.0,0.0,-0.015625,-0.02734375,-0.1328125,0
70411419.0,7032.0,1.0,0.69140625,0.1063232422,0.7137451172,-0.0349121094
70414387.0,2968.0,0.0,-0.015625,-0.1015625,-0.16015625,0
70421419.0,7032.0,1.0,0.6913452148,0.1063232422,0.7138061523,-0.0349121094
70424387.0,2968.0,0.0,0.015625,-0.0625,-0.23046875,0
70431419.0,7032.0,1.0,0.6913452148,0.106262207,0.7138671875,-0.0348510742
70434387.0,2968.0,0.0,-0.0234375,-0.1015625,-0.23046875,0
70440419.0,6032.0,1.0,0.6912841797,0.106262207,0.7138671875,-0.0348510742
70443387.0,2968.0,0.0,-0.015625,-0.1328125,-0.29296875,0
70451419.0,8032.0,1.0,0.6912841797,0.106262207,0.7138671875,-0.0348510742
70454387.0,2968.0,0.0,0.0234375,-0.1328125,-0.16796875,0
70461419.0,7032.0,1.0,0.6912841797,0.106262207,0.7138671875,-0.0347900391
70464387.0,2968.0,0.0,-0.015625,-0.09375,-0.015625,0
70471419.0,7032.0,1.0,0.6912841797,0.106262207,0.7138671875,-0.0347900391
70474387.0,2968.0,0.0,-0.0234375,-0.046875,0.10546875,0
70481419.0,7032.0,1.0,0.6912841797,0.106262207,0.7139282227,-0.0347900391
70484387.0,2968.0,0.0,0.015625,0.14453125,0.328125,0
70491419.0,7032.0,1.0,0.6912231445,0.106262207,0.7139282227,-0.0347900391
70494387.0,2968.0,0.0,0.015625,0.10546875,0.40625,0
70501419.0,7032.0,1.0,0.6911621094,0.1063232422,0.7139892578,-0.0347900391
70504387.0,2968.0,0.0,0.015625,0.06640625,0.328125,0
70511419.0,7032.0,1.0,0.6911621094,0.1063232422,0.7139892578,-0.0347900391
70514387.0,2968.0,0.0,0.0234375,-0.01171875,0.25390625,0
70521419.0,7032.0,1.0,0.6911010742,0.106262207,0.714050293,-0.0347900391
70524387.0,2968.0,0.0,-0.015625,-0.125,0.13671875,0
70531419.0,7032.0,1.0,0.6910400391,0.1063232422,0.7141113281,-0.0347900391
70535387.0,3968.0,0.0,-0.015625,-0.1640625,0.015625,0
70541419.0,6032.0,1.0,0.6909790039,0.1063232422,0.7141723633,-0.0347900391
70544387.0,2968.0,0.0,-0.015625,-0.1640625,0.015625,0
70551419.0,7032.0,1.0,0.6909790039,0.1063232422,0.7141723633,-0.0347290039
70554387.0,2968.0,0.0,0.0234375,0.03515625,0.0546875,0
70561419.0,7032.0,1.0,0.6909179688,0.1063842773,0.7142333984,-0.0347290039
70564387.0,2968.0,0.0,-0.015625,0.07421875,0.08203125,0
70571419.0,7032.0,1.0,0.6908569336,0.1063842773,0.7142944336,-0.0347290039
70575387.0,3968.0,0.0,0.015625,0.1875,0.12109375,0
70581419.0,6032.0,1.0,0.6907958984,0.1063842773,0.7142944336,-0.0347290039
70584387.0,2968.0,0.0,-0.0234375,0.15234375,0.16015625,0
70591419.0,7032.0,1.0,0.6907958984,0.1063842773,0.7143554688,-0.0347290039
70594387.0,2968.0,0.0,-0.0234375,0.14453125,0.11328125,0
70601419.0,7032.0,1.0,0.6907348633,0.1063842773,0.7144165039,-0.0347290039
70604387.0,2968.0,0.0,0.015625,0.10546875,0.07421875,0
70611419.0,7032.0,1.0,0.6906738281,0.1063842773,0.7144165039,-0.0347290039
70615387.0,3968.0,0.0,0.0234375,0.02734375,0.03125,0
70621419.0,6032.0,1.0,0.6906738281,0.1063232422,0.7144775391,-0.0347290039
70624387.0,2968.0,0.0,-0.015625,-0.046875,0.06640625,0
70631419.0,7032.0,1.0,0.690612793,0.1063232422,0.7145385742,-0.0346679687
70634387.0,2968.0,0.0,0.0234375,-0.1640625,0.05859375,0
70641419.0,7032.0,1.0,0.6905517578,0.1063232422,0.7145996094,-0.0346679687
70644387.0,2968.0,0.0,-0.015625,-0.0859375,-0.0546875,0
70651419.0,7032.0,1.0,0.6905517578,0.1063232422,0.7145996094,-0.0346679687
70654387.0,2968.0,0.0,0.015625,-0.046875,-0.1328125,0
70661419.0,7032.0,1.0,0.6904907227,0.1063232422,0.7146606445,-0.0346679687
70664387.0,2968.0,0.0,0.015625,-0.01171875,-0.16796875,0
70671419.0,7032.0,1.0,0.6904296875,0.1063232422,0.7146606445,-0.0346069336
70674387.0,2968.0,0.0,0.015625,0.1796875,-0.28515625,0
70681419.0,7032.0,1.0,0.6904296875,0.106262207,0.7146606445,-0.0346069336
70684387.0,2968.0,0.0,0.015625,0.1796875,-0.23828125,0
70691419.0,7032.0,1.0,0.6904296875,0.106262207,0.7147216797,-0.0346069336
70694387.0,2968.0,0.0,0.0234375,0.13671875,-0.16015625,0
70701419.0,7032.0,1.0,0.6904296875,0.1062011719,0.7147216797,-0.0346069336
70704387.0,2968.0,0.0,0.0234375,0.09765625,-0.0859375,0
70711419.0,7032.0,1.0,0.6904296875,0.1061401367,0.7147216797,-0.0346069336
70714387.0,2968.0,0.0,0.015625,-0.09375,0.046875,0
70721419.0,7032.0,1.0,0.6904296875,0.1060791016,0.7147827148,-0.0346069336
70724387.0,2968.0,0.0,-0.0234375,-0.2109375,0.0078125,0
70731419.0,7032.0,1.0,0.6903686523,0.1061401367,0.7147827148,-0.0346679687
70734387.0,2968.0,0.0,-0.0234375,-0.2109375,-0.14453125,0
70741419.0,7032.0,1.0,0.6903686523,0.1061401367,0.7147827148,-0.0346679687
70744387.0,2968.0,0.0,-0.0234375,-0.2109375,-0.26171875,0
70751419.0,7032.0,1.0,0.6904296875,0.1062011719,0.7147216797,-0.0346679687
70754387.0,2968.0,0.0,-0.0234375,-0.203125,-0.375,0
70761419.0,7032.0,1.0,0.6904296875,0.106262207,0.7147216797,-0.0346679687
70764387.0,2968.0,0.0,-0.0234375,-0.125,-0.40625,0
70772419.0,8032.0,1.0,0.6904907227,0.106262207,0.7146606445,-0.0346679687
70775387.0,2968.0,0.0,-0.0234375,-0.078125,-0.3984375,0
70781419.0,6032.0,1.0,0.6905517578,0.1063232422,0.7145996094,-0.0346069336
70784387.0,2968.0,0.0,0.015625,-0.00390625,-0.27734375,0
70791419.0,7032.0,1.0,0.690612793,0.1063232422,0.7145385742,-0.0345458984
70794387.0,2968.0,0.0,-0.0234375,0.06640625,-0.12109375,0
70801419.0,7032.0,1.0,0.6906738281,0.1063232422,0.7144775391,-0.0344848633
70804387.0,2968.0,0.0,0.0234375,0.07421875,0.0390625,0
70811419.0,7032.0,1.0,0.6907348633,0.1063842773,0.7144165039,-0.0344848633
70814387.0,2968.0,0.0,0.015625,0.15234375,0.19140625,0
70821419.0,7032.0,1.0,0.6907348633,0.1063842773,0.7144165039,-0.0344848633
70824387.0,2968.0,0.0,0.015625,0.21875,0.390625,0
70831419.0,7032.0,1.0,0.6907958984,0.1063842773,0.7143554688,-0.0344848633
70834387.0,2968.0,0.0,0.015625,0.2578125,0.390625,0
70841419.0,7032.0,1.0,0.6908569336,0.1063842773,0.7142944336,-0.0344848633
70844387.0,2968.0,0.0,-0.015625,0.2578125,0.22265625,0
70851419.0,7032.0,1.0,0.6908569336,0.1063232422,0.7142944336,-0.0345458984
70854387.0,2968.0,0.0,-0.015625,0.13671875,0.26171875,0
70861419.0,7032.0,1.0,0.6909179688,0.1063232422,0.7142333984,-0.0345458984
70864387.0,2968.0,0.0,0.015625,-0.01953125,0.30078125,0
70871419.0,7032.0,1.0,0.6909179688,0.106262207,0.7142333984,-0.0346069336
70874387.0,2968.0,0.0,-0.0234375,-0.0546875,0.28515625,0
70881419.0,7032.0,1.0,0.6909790039,0.106262207,0.7141723633,-0.0346679687
70884387.0,2968.0,0.0,0.015625,-0.0546875,0.16015625,0
70891419.0,7032.0,1.0,0.6909790039,0.106262207,0.7141723633,-0.0347290039
70894387.0,2968.0,0.0,-0.0234375,-0.0546875,0.08203125,0
70901419.0,7032.0,1.0,0.6910400391,0.1062011719,0.7141723633,-0.0347290039
70904387.0,2968.0,0.0,0.0234375,-0.09375,0.07421875,0
70911419.0,7032.0,1.0,0.6910400391,0.1062011719,0.7141113281,-0.0347290039
70915387.0,3968.0,0.0,-0.015625,-0.1328125,0.26171875,0
70921419.0,6032.0,1.0,0.6910400391,0.1061401367,0.7141113281,-0.0346679687
70924387.0,2968.0,0.0,-0.0234375,-0.24609375,0.47265625,0
70931419.0,7032.0,1.0,0.6910400391,0.1061401367,0.7141113281,-0.0346069336
70934387.0,2968.0,0.0,-0.015625,-0.1640625,0.51171875,0
70941419.0,7032.0,1.0,0.6910400391,0.1062011719,0.7141723633,-0.0346069336
70944387.0,2968.0,0.0,-0.015625,-0.09375,0.3515625,0
70951419.0,7032.0,1.0,0.6910400391,0.106262207,0.7141113281,-0.0346069336
70955387.0,3968.0,0.0,-0.0234375,0.01953125,0.22265625,0
70961419.0,6032.0,1.0,0.6910400391,0.106262207,0.7141113281,-0.0346069336
70964387.0,2968.0,0.0,-0.0234375,0.05859375,0.05859375,0
70971419.0,7032.0,1.0,0.6910400391,0.1063232422,0.7141113281,-0.0346069336
70974387.0,2968.0,0.0,-0.015625,0.171875,-0.1015625,0
70981419.0,7032.0,1.0,0.6910400391,0.1063232422,0.7141113281,-0.0346069336
70984387.0,2968.0,0.0,0.05859375,0.171875,-0.109375,0
70991419.0,7032.0,1.0,0.6910400391,0.1063232422,0.7141113281,-0.0346069336
70995387.0,3968.0,0.0,0.015625,0.13671875,-0.0703125,0
71001419.0,6032.0,1.0,0.6911010742,0.1063232422,0.714050293,-0.0346069336
71004387.0,2968.0,0.0,-0.0234375,0.09765625,-0.078125,0
71011419.0,7032.0,1.0,0.6911010742,0.106262207,0.714050293,-0.0346069336
71014387.0,2968.0,0.0,0.015625,0.09765625,0.03515625,0
71021419.0,7032.0,1.0,0.6911010742,0.1062011719,0.714050293,-0.0346069336
71024387.0,2968.0,0.0,0.015625,0.05859375,0.15234375,0
71031419.0,7032.0,1.0,0.6911010742,0.1061401367,0.714050293,-0.0346069336
71035387.0,3968.0,0.0,-0.015625,0.05859375,0.10546875,0
71041419.0,6032.0,1.0,0.6911621094,0.1061401367,0.714050293,-0.0346679687
71044387.0,2968.0,0.0,0.0234375,0.13671875,0.10546875,0
71051419.0,7032.0,1.0,0.6911621094,0.1060791016,0.714050293,-0.0346679687
71054387.0,2968.0,0.0,-0.015625,-0.02734375,0.09765625,0
71061419.0,7032.0,1.0,0.6911621094,0.1060180664,0.714050293,-0.0347290039
71064387.0,2968.0,0.0,-0.015625,-0.0625,-0.01953125,0
71071419.0,7032.0,1.0,0.6911621094,0.1060180664,0.714050293,-0.0347900391
71075387.0,3968.0,0.0,0.015625,-0.0625,-0.171875,0
71081419.0,6032.0,1.0,0.6911621094,0.1059570313,0.714050293,-0.0347900391
71084387.0,2968.0,0.0,-0.0234375,-0.1796875,-0.171875,0
71091419.0,7032.0,1.0,0.6911621094,0.1059570313,0.714050293,-0.0347900391
71094387.0,2968.0,0.0,-0.0234375,-0.25390625,-0.28515625,0
71101419.0,7032.0,1.0,0.6912231445,0.1059570313,0.7139892578,-0.0347900391
71104387.0,2968.0,0.0,0.0234375,-0.2109375,-0.24609375,0
71111419.0,7032.0,1.0,0.6912231445,0.1059570313,0.7139892578,-0.0347900391
71114387.0,2968.0,0.0,0.0234375,-0.24609375,-0.171875,0
71121419.0,7032.0,1.0,0.6912841797,0.1059570313,0.7139282227,-0.0347290039
71124387.0,2968.0,0.0,-0.015625,-0.125,-0.125,0
71131419.0,7032.0,1.0,0.6912841797,0.1060180664,0.7139282227,-0.0346679687
71134387.0,2968.0,0.0,0.0234375,-0.0859375,-0.046875,0
71141419.0,7032.0,1.0,0.6913452148,0.1060180664,0.7138671875,-0.0346679687
71144387.0,2968.0,0.0,-0.0234375,0.06640625,-0.078125,0
71152419.0,8032.0,1.0,0.6913452148,0.1060180664,0.7138671875,-0.0346069336
71155387.0,2968.0,0.0,0.015625,0.11328125,-0.00390625,0
71161419.0,6032.0,1.0,0.69140625,0.1060180664,0.7138061523,-0.0345458984
71164387.0,2968.0,0.0,0.015625,0.2265625,-0.078125,0
71171419.0,7032.0,1.0,0.69140625,0.1060180664,0.7138061523,-0.0345458984
71174387.0,2968.0,0.0,-0.0234375,0.1875,-0.0703125,0
71181419.0,7032.0,1.0,0.6914672852,0.1060180664,0.7138061523,-0.0345458984
71184387.0,2968.0,0.0,-0.0234375,0.14453125,-0.1484375,0
71192419.0,8032.0,1.0,0.6914672852,0.1059570313,0.7137451172,-0.0345458984
71195387.0,2968.0,0.0,-0.015625,0.05859375,-0.1875,0
71201419.0,6032.0,1.0,0.6915283203,0.1059570313,0.7137451172,-0.0345458984
71204387.0,2968.0,0.0,0.0234375,-0.01953125,-0.1015625,0
71211419.0,7032.0,1.0,0.6915283203,0.1059570313,0.713684082,-0.0345458984
71214387.0,2968.0,0.0,-0.015625,-0.01953125,-0.1015625,0
71221419.0,7032.0,1.0,0.6915893555,0.1058959961,0.7136230469,-0.0345458984
71224387.0,2968.0,0.0,-0.015625,-0.0546875,-0.015625,0
71232419.0,8032.0,1.0,0.6916503906,0.1058959961,0.7136230469,-0.0345458984
71235387.0,2968.0,0.0,-0.0234375,0.01953125,-0.0234375,0
71241419.0,6032.0,1.0,0.6917114258,0.1059570313,0.7135620117,-0.0346069336
71244387.0,2968.0,0.0,0.015625,0.06640625,0.12890625,0
71251419.0,7032.0,1.0,0.6917724609,0.1059570313,0.7135009766,-0.0346679687
71254387.0,2968.0,0.0,0.015625,0.10546875,0.13671875,0
71261419.0,7032.0,1.0,0.6917724609,0.1059570313,0.7134399414,-0.0347290039
71264387.0,2968.0,0.0,-0.0234375,0.01953125,0.13671875,0
71272419.0,8032.0,1.0,0.6918334961,0.1060180664,0.7133789063,-0.0348510742
71275387.0,2968.0,0.0,-0.0234375,-0.01953125,0.01171875,0
71281419.0,6032.0,1.0,0.6918945313,0.1060180664,0.7133178711,-0.0349121094
71284387.0,2968.0,0.0,-0.0234375,-0.09375,-0.140625,0
71291419.0,7032.0,1.0,0.6919555664,0.1060180664,0.7133178711,-0.0349731445
71294387.0,2968.0,0.0,-0.0234375,-0.01953125,-0.1796875,0
71302419.0,8032.0,1.0,0.6919555664,0.1060180664,0.7132568359,-0.0349731445
71305387.0,2968.0,0.0,-0.015625,0.01953125,-0.1796875,0
71312419.0,7032.0,1.0,0.6920166016,0.1059570313,0.7131958008,-0.0349731445
71315387.0,2968.0,0.0,0.0234375,0.01953125,-0.1015625,0
71321419.0,6032.0,1.0,0.6920776367,0.1058959961,0.7131347656,-0.0349731445
71324387.0,2968.0,0.0,0.0234375,-0.01953125,0.17578125,0
71331419.0,7032.0,1.0,0.6921386719,0.1058349609,0.7131347656,-0.0349121094
71335387.0,3968.0,0.0,0.0234375,-0.01953125,0.2890625,0
71342419.0,7032.0,1.0,0.6921386719,0.1058349609,0.7130737305,-0.0349731445
71345387.0,2968.0,0.0,0.0234375,-0.0546875,0.359375,0
71351419.0,6032.0,1.0,0.692199707,0.1058349609,0.7130737305,-0.0349731445
71354387.0,2968.0,0.0,0.015625,-0.09375,0.16015625,0
71361419.0,7032.0,1.0,0.692199707,0.1058349609,0.7130126953,-0.0349731445
71364387.0,2968.0,0.0,-0.0234375,-0.09375,-0.1484375,0
71371419.0,7032.0,1.0,0.6922607422,0.1058349609,0.7130126953,-0.0349731445
71375387.0,3968.0,0.0,-0.0234375,-0.046875,-0.26171875,0
71381419.0,6032.0,1.0,0.6922607422,0.1058349609,0.7129516602,-0.0349731445
71384387.0,2968.0,0.0,-0.0234375,-0.01171875,-0.30078125,0
71391419.0,7032.0,1.0,0.6923217773,0.1057739258,0.712890625,-0.0349731445
71394387.0,2968.0,0.0,-0.015625,0.06640625,-0.1875,0
71401419.0,7032.0,1.0,0.6923828125,0.1057739258,0.712890625,-0.0349121094
71404387.0,2968.0,0.0,-0.015625,0.14453125,-0.1015625,0
71411419.0,7032.0,1.0,0.6924438477,0.1057128906,0.7128295898,-0.0349121094
71415387.0,3968.0,0.0,0.0234375,0.06640625,0.08203125,0
71422419.0,7032.0,1.0,0.6925048828,0.1056518555,0.7127685547,-0.0348510742
71425387.0,2968.0,0.0,-0.015625,0.02734375,0.19921875,0
71431419.0,6032.0,1.0,0.6925048828,0.1055908203,0.7127685547,-0.0348510742
71434387.0,2968.0,0.0,0.0234375,0.06640625,0.19921875,0
71441419.0,7032.0,1.0,0.692565918,0.1055908203,0.7127685547,-0.0348510742
71444387.0,2968.0,0.0,0.0234375,0.01953125,0.12109375,0
71451419.0,7032.0,1.0,0.6926269531,0.1055297852,0.7127075195,-0.0348510742
71454387.0,2968.0,0.0,-0.015625,-0.09375,0.11328125,0
71462419.0,8032.0,1.0,0.6926269531,0.1055297852,0.7127075195,-0.0348510742
71465387.0,2968.0,0.0,-0.015625,-0.09375,0.07421875,0
71472419.0,7032.0,1.0,0.6926269531,0.1055297852,0.7126464844,-0.0348510742
71475387.0,2968.0,0.0,-0.0234375,-0.1640625,-0.078125,0
71481419.0,6032.0,1.0,0.6926879883,0.1055297852,0.7125854492,-0.0348510742
71484387.0,2968.0,0.0,-0.015625,-0.1640625,-0.1171875,0
71492419.0,8032.0,1.0,0.6927490234,0.1055297852,0.7125854492,-0.0348510742
71495387.0,2968.0,0.0,-0.015625,-0.125,-0.1171875,0
71502419.0,7032.0,1.0,0.6928100586,0.1055297852,0.7125244141,-0.0348510742
71505387.0,2968.0,0.0,0.0234375,-0.046875,-0.125,0
71512419.0,7032.0,1.0,0.6928710938,0.1055908203,0.7124633789,-0.0347900391
71515387.0,2968.0,0.0,0.0234375,0.03515625,-0.046875,0
71521419.0,6032.0,1.0,0.6929321289,0.1055908203,0.7124023438,-0.0347900391
71524387.0,2968.0,0.0,-0.015625,0.07421875,-0.078125,0
71532419.0,8032.0,1.0,0.6929931641,0.1055908203,0.7123413086,-0.0347900391
71535387.0,2968.0,0.0,0.0234375,0.11328125,-0.00390625,0
71542419.0,7032.0,1.0,0.6930541992,0.1055908203,0.7122802734,-0.0347900391
71545387.0,2968.0,0.0,0.0234375,0.03515625,0.02734375,0
71552419.0,7032.0,1.0,0.6931152344,0.1056518555,0.7122192383,-0.0347900391
71555387.0,2968.0,0.0,0.0234375,-0.00390625,0.10546875,0
71561419.0,6032.0,1.0,0.6931762695,0.1055908203,0.7121582031,-0.0347900391
71564387.0,2968.0,0.0,-0.015625,-0.046875,0.06640625,0
71572419.0,8032.0,1.0,0.6932373047,0.1055908203,0.712097168,-0.0347900391
71575387.0,2968.0,0.0,-0.015625,-0.046875,0.06640625,0
71581419.0,6032.0,1.0,0.6932983398,0.1055908203,0.7120361328,-0.0347900391
71584387.0,2968.0,0.0,0.0234375,-0.01171875,-0.1328125,0
71592419.0,8032.0,1.0,0.693359375,0.1055908203,0.7119750977,-0.0347290039
71595387.0,2968.0,0.0,-0.015625,-0.01171875,-0.0546875,0
71601419.0,6032.0,1.0,0.6934204102,0.1055908203,0.7118530273,-0.0347290039
71604387.0,2968.0,0.0,-0.015625,0.02734375,0.01953125,0
71612419.0,8032.0,1.0,0.6935424805,0.1055908203,0.7117919922,-0.0347290039
71615387.0,2968.0,0.0,-0.015625,0.06640625,0.13671875,0
71621419.0,6032.0,1.0,0.6936035156,0.1056518555,0.711730957,-0.0346679687
71624387.0,2968.0,0.0,-0.015625,0.02734375,0.12890625,0
71631419.0,7032.0,1.0,0.6936645508,0.1056518555,0.7116699219,-0.0346679687
71634387.0,2968.0,0.0,-0.015625,0.02734375,0.203125,0
71642419.0,8032.0,1.0,0.6937255859,0.1056518555,0.7116088867,-0.0347290039
71645387.0,2968.0,0.0,-0.015625,0.06640625,0.2734375,0
71652419.0,7032.0,1.0,0.6937866211,0.1056518555,0.7115478516,-0.0347290039
71655387.0,2968.0,0.0,-0.015625,0.13671875,0.34375,0
71662419.0,7032.0,1.0,0.6938476563,0.1055908203,0.7114868164,-0.0347900391
71665387.0,2968.0,0.0,-0.015625,0.2109375,0.2578125,0
71672419.0,7032.0,1.0,0.6939086914,0.1055908203,0.7114257813,-0.0347900391
71676387.0,3968.0,0.0,-0.015625,0.2109375,0.2109375,0
71682419.0,6032.0,1.0,0.6939697266,0.1055908203,0.7113647461,-0.0348510742
71685387.0,2968.0,0.0,-0.015625,0.12890625,0.09765625,0
71692419.0,7032.0,1.0,0.6939697266,0.1055297852,0.7113647461,-0.0349121094
71695387.0,2968.0,0.0,-0.015625,0.08984375,0.08984375,0
71702419.0,7032.0,1.0,0.6940307617,0.10546875,0.7113037109,-0.0349121094
71705387.0,2968.0,0.0,-0.0078125,-0.109375,0.00390625,0
71712419.0,7032.0,1.0,0.6940917969,0.1054077148,0.7113037109,-0.0349121094
71716387.0,3968.0,0.0,-0.0078125,-0.1796875,0.00390625,0
71722419.0,6032.0,1.0,0.6940917969,0.1053466797,0.7112426758,-0.0349121094
71725387.0,2968.0,0.0,-0.015625,-0.25390625,0.02734375,0
71732419.0,7032.0,1.0,0.694152832,0.1053466797,0.7112426758,-0.0349121094
71735387.0,2968.0,0.0,-0.015625,-0.2109375,0.06640625,0
71742419.0,7032.0,1.0,0.6942138672,0.1053466797,0.7111816406,-0.0349121094
71745387.0,2968.0,0.0,-0.015625,-0.09375,0.02734375,0
71752419.0,7032.0,1.0,0.6942749023,0.1053466797,0.7111206055,-0.0349121094
71755387.0,2968.0,0.0,-0.015625,-0.0546875,-0.01953125,0
71762419.0,7032.0,1.0,0.6943359375,0.1054077148,0.7110595703,-0.0349121094
71765387.0,2968.0,0.0,-0.015625,0.01953125,-0.1328125,0
71771419.0,6032.0,1.0,0.6943359375,0.1054077148,0.7109985352,-0.0349121094
71774387.0,2968.0,0.0,0.0234375,0.171875,-0.09765625,0
71782419.0,8032.0,1.0,0.6943969727,0.1054077148,0.7109375,-0.0349121094
71785387.0,2968.0,0.0,0.0234375,0.13671875,-0.05859375,0
71792419.0,7032.0,1.0,0.6944580078,0.1054077148,0.7108764648,-0.0348510742
71796387.0,3968.0,0.0,-0.015625,0.05859375,-0.01953125,0
71802419.0,6032.0,1.0,0.694519043,0.1054077148,0.7108764648,-0.0348510742
71805387.0,2968.0,0.0,0.0234375,-0.01953125,0.01171875,0
71811419.0,6032.0,1.0,0.6945800781,0.1053466797,0.7108154297,-0.0348510742
71814387.0,2968.0,0.0,-0.015625,-0.1328125,0.05078125,0
71822419.0,8032.0,1.0,0.6946411133,0.1054077148,0.7106933594,-0.0349121094
71825387.0,2968.0,0.0,-0.015625,-0.171875,0.1640625,0
71832419.0,7032.0,1.0,0.6947021484,0.1054077148,0.7106323242,-0.0349121094
71835387.0,2968.0,0.0,0.03125,-0.171875,0.2734375,0
71842419.0,7032.0,1.0,0.6947631836,0.10546875,0.7105712891,-0.0349731445
71845387.0,2968.0,0.0,0.03125,-0.0859375,0.1953125,0
71852419.0,7032.0,1.0,0.6948242188,0.1055297852,0.7105102539,-0.0350341797
71855387.0,2968.0,0.0,0.03125,0.06640625,0.08203125,0
71862419.0,7032.0,1.0,0.6948852539,0.1055908203,0.7104492188,-0.0350341797
71865387.0,2968.0,0.0,0.03125,0.1796875,0.109375,0
71872419.0,7032.0,1.0,0.6949462891,0.1056518555,0.7103881836,-0.0350952148
71875387.0,2968.0,0.0,0.0234375,0.1796875,0.140625,0
71882419.0,7032.0,1.0,0.6949462891,0.1056518555,0.7103881836,-0.03515625
71885387.0,2968.0,0.0,0.0234375,0.21875,0.05859375,0
71892419.0,7032.0,1.0,0.6950073242,0.1056518555,0.7103271484,-0.03515625
71895387.0,2968.0,0.0,-0.015625,0.05859375,-0.09765625,0
71902419.0,7032.0,1.0,0.6950683594,0.1055908203,0.7103271484,-0.03515625
71905387.0,2968.0,0.0,-0.015625,-0.01953125,-0.05859375,0
71912419.0,7032.0,1.0,0.6950683594,0.1055908203,0.7102661133,-0.0352172852
71915387.0,2968.0,0.0,0.0234375,-0.01953125,-0.05859375,0
71922419.0,7032.0,1.0,0.6951293945,0.1055297852,0.7102050781,-0.0352783203
71925387.0,2968.0,0.0,-0.015625,-0.01953125,0.05859375,0
71932419.0,7032.0,1.0,0.6951904297,0.1055297852,0.710144043,-0.0352783203
71935387.0,2968.0,0.0,-0.0078125,-0.01953125,0.05078125,0
71942419.0,7032.0,1.0,0.6951904297,0.1055297852,0.710144043,-0.0353393555
71945387.0,2968.0,0.0,0.03125,0.01953125,0.0859375,0
71952419.0,7032.0,1.0,0.6952514648,0.1055297852,0.7100830078,-0.0353393555
71955387.0,2968.0,0.0,0.0234375,-0.01953125,0.0859375,0
71962419.0,7032.0,1.0,0.6953125,0.10546875,0.7100830078,-0.0354003906
71965387.0,2968.0,0.0,0.0234375,-0.01953125,-0.1796875,0
71972419.0,7032.0,1.0,0.6953125,0.10546875,0.7100219727,-0.0354003906
71975387.0,2968.0,0.0,-0.015625,-0.09375,-0.2578125,0
71982419.0,7032.0,1.0,0.6953735352,0.10546875,0.7100219727,-0.0354003906
71985387.0,2968.0,0.0,-0.0546875,-0.171875,-0.3046875,0
71992419.0,7032.0,1.0,0.6954345703,0.10546875,0.7099609375,-0.0354003906
71995387.0,2968.0,0.0,-0.015625,-0.1328125,-0.25,0
72001419.0,6032.0,1.0,0.6954956055,0.1054077148,0.7098999023,-0.0353393555
72004387.0,2968.0,0.0,-0.015625,-0.1328125,0.05859375,0
72011419.0,7032.0,1.0,0.6955566406,0.1054077148,0.7098388672,-0.0352783203
72014387.0,2968.0,0.0,-0.015625,-0.0859375,0.171875,0
72022419.0,8032.0,1.0,0.6955566406,0.1053466797,0.7098388672,-0.0352783203
72025387.0,2968.0,0.0,0.0234375,0.02734375,0.31640625,0
72032419.0,7032.0,1.0,0.6956176758,0.1053466797,0.709777832,-0.0352172852
72035387.0,2968.0,0.0,0.0234375,0.14453125,0.43359375,0
72042419.0,7032.0,1.0,0.6956787109,0.1053466797,0.7097167969,-0.0352172852
72045387.0,2968.0,0.0,-0.0078125,0.14453125,0.42578125,0
72052419.0,7032.0,1.0,0.6956787109,0.1054077148,0.7097167969,-0.0352783203
72056387.0,3968.0,0.0,0.0234375,0.1796875,0.453125,0
72062419.0,6032.0,1.0,0.6956787109,0.1054077148,0.7097167969,-0.0352783203
72065387.0,2968.0,0.0,0.0234375,0.10546875,0.4453125,0
72072419.0,7032.0,1.0,0.6956787109,0.1054077148,0.7097167969,-0.0353393555
72075387.0,2968.0,0.0,0.03125,0.09765625,0.40234375,0
72082419.0,7032.0,1.0,0.6956787109,0.1054077148,0.7097167969,-0.0354003906
72085387.0,2968.0,0.0,0.0234375,0.05859375,0.01171875,0
72092419.0,7032.0,1.0,0.6956176758,0.1054077148,0.7097167969,-0.0354614258
72096387.0,3968.0,0.0,-0.015625,0.01953125,-0.09765625,0
72102419.0,6032.0,1.0,0.6956176758,0.10546875,0.7097167969,-0.0355224609
72105387.0,2968.0,0.0,-0.015625,0.06640625,-0.06640625,0
72112419.0,7032.0,1.0,0.6956176758,0.1054077148,0.709777832,-0.0355834961
72115387.0,2968.0,0.0,-0.015625,0.13671875,0.0390625,0
72122419.0,7032.0,1.0,0.6956176758,0.1054077148,0.709777832,-0.0356445312
72125387.0,2968.0,0.0,0.015625,0.2109375,0.078125,0
72132419.0,7032.0,1.0,0.6955566406,0.1053466797,0.709777832,-0.0356445312
72136387.0,3968.0,0.0,0.0234375,0.1640625,0.109375,0
72142419.0,6032.0,1.0,0.6955566406,0.1054077148,0.7098388672,-0.0357666016
72145387.0,2968.0,0.0,0.0234375,-0.1015625,0.1875,0
72152419.0,7032.0,1.0,0.6954956055,0.10546875,0.7098388672,-0.0358886719
72155387.0,2968.0,0.0,0.0234375,0.203125,0.0703125,0
72162419.0,7032.0,1.0,0.6953735352,0.10546875,0.7098999023,-0.035949707
72165387.0,2968.0,0.0,-0.015625,-0.0703125,-0.00390625,0
72172419.0,7032.0,1.0,0.6953125,0.10546875,0.7100219727,-0.035949707
72176387.0,3968.0,0.0,0.015625,-0.30078125,0.0234375,0
72182419.0,6032.0,1.0,0.6952514648,0.1055297852,0.7100830078,-0.0360107422
72185387.0,2968.0,0.0,-0.0234375,-0.25390625,-0.04296875,0
72191419.0,6032.0,1.0,0.6951904297,0.1055297852,0.7100830078,-0.0360717773
72194387.0,2968.0,0.0,0.0234375,0.01171875,-0.390625,0
72202419.0,8032.0,1.0,0.6951293945,0.1055908203,0.710144043,-0.0361328125
72205387.0,2968.0,0.0,0.015625,0.01171875,-0.50390625,0
72212419.0,7032.0,1.0,0.6950683594,0.1055908203,0.7102050781,-0.0361328125
72216387.0,3968.0,0.0,-0.0234375,0.08984375,-0.52734375,0
72222419.0,6032.0,1.0,0.6950683594,0.1055297852,0.7102661133,-0.0360717773
72225387.0,2968.0,0.0,-0.015625,-0.0546875,-0.48046875,0
72232419.0,7032.0,1.0,0.6950073242,0.1054077148,0.7102661133,-0.0360107422
72235387.0,2968.0,0.0,-0.015625,-0.1328125,-0.54296875,0
72242419.0,7032.0,1.0,0.6950073242,0.1053466797,0.7103271484,-0.035949707
72245387.0,2968.0,0.0,-0.0234375,-0.2109375,-0.53515625,0
72252419.0,7032.0,1.0,0.6950073242,0.1052246094,0.7103271484,-0.0358276367
72255387.0,2968.0,0.0,-0.015625,-0.24609375,-0.48046875,0
72262419.0,7032.0,1.0,0.6950073242,0.1051635742,0.7103881836,-0.0357055664
72265387.0,2968.0,0.0,0.015625,-0.27734375,-0.39453125,0
72272419.0,7032.0,1.0,0.6950073242,0.1051025391,0.7103881836,-0.0356445312
72275387.0,2968.0,0.0,-0.015625,-0.30859375,-0.11328125,0
72282419.0,7032.0,1.0,0.6950073242,0.1051025391,0.7103881836,-0.0355834961
72285387.0,2968.0,0.0,-0.0234375,-0.23046875,-0.10546875,0
72292419.0,7032.0,1.0,0.6950683594,0.1051635742,0.7103271484,-0.0355834961
72295387.0,2968.0,0.0,-0.015625,-0.1875,-0.125,0
72302419.0,7032.0,1.0,0.6950683594,0.1052246094,0.7103271484,-0.0356445312
72305387.0,2968.0,0.0,-0.015625,-0.1015625,-0.38671875,0
72312419.0,7032.0,1.0,0.6951293945,0.1052246094,0.7102661133,-0.0355834961
72315387.0,2968.0,0.0,0.015625,-0.140625,-0.41015625,0
72322419.0,7032.0,1.0,0.6951293945,0.1051635742,0.7102050781,-0.0355224609
72325387.0,2968.0,0.0,-0.015625,-0.0234375,-0.484375,0
72332419.0,7032.0,1.0,0.6952514648,0.1051025391,0.7102050781,-0.0354614258
72335387.0,2968.0,0.0,-0.0234375,0.09765625,-0.5078125,0
72342419.0,7032.0,1.0,0.6953125,0.1049804688,0.710144043,-0.0353393555
72345387.0,2968.0,0.0,-0.015625,-0.125,-0.1953125,0
72352419.0,7032.0,1.0,0.6953735352,0.1049804688,0.7100830078,-0.0352172852
72355387.0,2968.0,0.0,-0.0234375,0.375,-0.1015625,0
72362419.0,7032.0,1.0,0.6953735352,0.1049804688,0.7100219727,-0.03515625
72365387.0,2968.0,0.0,0.0234375,0.296875,0.05859375,0
72372419.0,7032.0,1.0,0.6954345703,0.1049804688,0.7100219727,-0.0350952148
72375387.0,2968.0,0.0,0.0234375,0.01953125,0.3359375,0
72382419.0,7032.0,1.0,0.6954345703,0.1050415039,0.7100219727,-0.0350952148
72385387.0,2968.0,0.0,-0.015625,0.17578125,0.2890625,0
72392419.0,7032.0,1.0,0.6954345703,0.1051025391,0.7100219727,-0.0350952148
72395387.0,2968.0,0.0,-0.015625,0.05078125,0.2109375,0
72402419.0,7032.0,1.0,0.6954345703,0.1051635742,0.7100219727,-0.0350952148
72405387.0,2968.0,0.0,-0.0234375,0.16796875,0.10546875,0
72412419.0,7032.0,1.0,0.6954345703,0.1052246094,0.7100219727,-0.0350952148
72415387.0,2968.0,0.0,-0.0234375,0.203125,0.14453125,0
72422419.0,7032.0,1.0,0.6954345703,0.1052246094,0.7099609375,-0.03515625
72425387.0,2968.0,0.0,-0.0546875,0.12109375,0.2109375,0
72432419.0,7032.0,1.0,0.6954345703,0.1052856445,0.7099609375,-0.0352783203
72435387.0,2968.0,0.0,-0.015625,0.12109375,0.13671875,0
72442419.0,7032.0,1.0,0.6954956055,0.1053466797,0.7098999023,-0.0353393555
72445387.0,2968.0,0.0,-0.015625,0.1875,0.05078125,0
72452419.0,7032.0,1.0,0.6954956055,0.1054077148,0.7098388672,-0.0354614258
72455387.0,2968.0,0.0,0.0234375,0.11328125,0.01171875,0
72462419.0,7032.0,1.0,0.6955566406,0.1054077148,0.7098388672,-0.0355834961
72465387.0,2968.0,0.0,0.0234375,0.10546875,0.12890625,0
72472419.0,7032.0,1.0,0.6955566406,0.1054077148,0.709777832,-0.0356445312
72476387.0,3968.0,0.0,0.0234375,0.10546875,0.234375,0
72482419.0,6032.0,1.0,0.6955566406,0.1054077148,0.709777832,-0.0357055664
72485387.0,2968.0,0.0,0.0234375,0.01953125,0.3125,0
72492419.0,7032.0,1.0,0.6955566406,0.1053466797,0.7098388672,-0.0357055664
72495387.0,2968.0,0.0,-0.015625,-0.125,0.1875,0
72502419.0,7032.0,1.0,0.6954956055,0.1054077148,0.7098388672,-0.0357666016
72505387.0,2968.0,0.0,-0.015625,-0.203125,0.15234375,0
72512419.0,7032.0,1.0,0.6954956055,0.1054077148,0.7098388672,-0.0358276367
72516387.0,3968.0,0.0,-0.0078125,-0.23828125,0.06640625,0
72522419.0,6032.0,1.0,0.6954956055,0.10546875,0.7098388672,-0.0358276367
72525387.0,2968.0,0.0,-0.015625,-0.203125,0.01953125,0
72532419.0,7032.0,1.0,0.6955566406,0.10546875,0.709777832,-0.0358276367
72535387.0,2968.0,0.0,0.0234375,0.02734375,0.2421875,0
72542419.0,7032.0,1.0,0.6955566406,0.1055297852,0.709777832,-0.0358886719
72545387.0,2968.0,0.0,0.0234375,0.02734375,0.2734375,0
72552419.0,7032.0,1.0,0.6955566406,0.1055297852,0.709777832,-0.0358886719
72556387.0,3968.0,0.0,-0.015625,0.06640625,0.234375,0
72562419.0,6032.0,1.0,0.6956176758,0.1055297852,0.7097167969,-0.035949707
72565387.0,2968.0,0.0,0.03125,0.06640625,0.2265625,0
72572419.0,7032.0,1.0,0.6956176758,0.1055908203,0.7097167969,-0.035949707
72575387.0,2968.0,0.0,-0.015625,-0.01171875,0.2578125,0
72582419.0,7032.0,1.0,0.6955566406,0.1055908203,0.7097167969,-0.0360107422
72585387.0,2968.0,0.0,0.0234375,0.01953125,0.2890625,0
72592419.0,7032.0,1.0,0.6955566406,0.1055908203,0.709777832,-0.0360107422
72595387.0,2968.0,0.0,0.0234375,0.02734375,0.28125,0
72602419.0,7032.0,1.0,0.6954956055,0.1056518555,0.709777832,-0.0360717773
72605387.0,2968.0,0.0,0.0234375,0.02734375,0.234375,0
72612419.0,7032.0,1.0,0.6954956055,0.1056518555,0.709777832,-0.0360717773
72615387.0,2968.0,0.0,-0.015625,0.10546875,0.1875,0
72622419.0,7032.0,1.0,0.6954956055,0.1056518555,0.7098388672,-0.0360717773
72625387.0,2968.0,0.0,-0.015625,0.10546875,0.1796875,0
72632419.0,7032.0,1.0,0.6954345703,0.1056518555,0.7098388672,-0.0360717773
72635387.0,2968.0,0.0,-0.015625,0.14453125,0.1328125,0
72642419.0,7032.0,1.0,0.6953735352,0.1055908203,0.7098999023,-0.0361328125
72645387.0,2968.0,0.0,-0.015625,0.13671875,0.1640625,0
72652419.0,7032.0,1.0,0.6953735352,0.1055908203,0.7099609375,-0.0361328125
72655387.0,2968.0,0.0,-0.015625,0.05859375,0.2421875,0
72662419.0,7032.0,1.0,0.6952514648,0.1056518555,0.7100219727,-0.0361938477
72665387.0,2968.0,0.0,0.03125,0.05859375,0.26953125,0
72672419.0,7032.0,1.0,0.6951904297,0.1057739258,0.7100830078,-0.0363769531
72675387.0,2968.0,0.0,0.0234375,0.05859375,0.109375,0
72682419.0,7032.0,1.0,0.6951293945,0.1058349609,0.710144043,-0.0364990234
72685387.0,2968.0,0.0,-0.015625,0.08984375,-0.234375,0
72692419.0,7032.0,1.0,0.6950683594,0.1058349609,0.710144043,-0.0365600586
72695387.0,2968.0,0.0,0.0234375,-0.09375,-0.234375,0
72702419.0,7032.0,1.0,0.6950073242,0.1058349609,0.7102050781,-0.0365600586
72705387.0,2968.0,0.0,0.0234375,-0.171875,-0.16015625,0
72713419.0,8032.0,1.0,0.6949462891,0.1058349609,0.7102661133,-0.0365600586
72716387.0,2968.0,0.0,-0.015625,-0.09375,-0.1953125,0
72722419.0,6032.0,1.0,0.6948852539,0.1058349609,0.7103271484,-0.0365600586
72725387.0,2968.0,0.0,-0.015625,-0.28515625,-0.15234375,0
72732419.0,7032.0,1.0,0.6948852539,0.1057739258,0.7103881836,-0.0364990234
72735387.0,2968.0,0.0,-0.015625,-0.32421875,-0.1875,0
72742419.0,7032.0,1.0,0.6948242188,0.1057739258,0.7104492188,-0.0364990234
72745387.0,2968.0,0.0,-0.015625,-0.31640625,-0.2265625,0
72753419.0,8032.0,1.0,0.6948242188,0.1057739258,0.7104492188,-0.0364379883
72756387.0,2968.0,0.0,-0.015625,-0.26953125,-0.328125,0
72762419.0,6032.0,1.0,0.6947631836,0.1057128906,0.7104492188,-0.0363769531
72765387.0,2968.0,0.0,-0.015625,-0.23046875,-0.36328125,0
72772419.0,7032.0,1.0,0.6947631836,0.1057128906,0.7104492188,-0.036315918
72775387.0,2968.0,0.0,-0.015625,-0.1875,-0.3203125,0
72782419.0,7032.0,1.0,0.6947631836,0.1057128906,0.7105102539,-0.0362548828
72785387.0,2968.0,0.0,-0.015625,-0.0625,-0.38671875,0
72793419.0,8032.0,1.0,0.6947631836,0.1057739258,0.7105102539,-0.0362548828
72796387.0,2968.0,0.0,-0.015625,0.01953125,-0.3046875,0
72803419.0,7032.0,1.0,0.6947631836,0.1057739258,0.7105102539,-0.0361938477
72806387.0,2968.0,0.0,-0.0078125,0.01953125,-0.32421875,0
72812419.0,6032.0,1.0,0.6947631836,0.1057739258,0.7105102539,-0.0361938477
72815387.0,2968.0,0.0,-0.015625,0.01953125,-0.28125,0
72822419.0,7032.0,1.0,0.6947631836,0.1057739258,0.7105102539,-0.0361328125
72825387.0,2968.0,0.0,-0.015625,0.13671875,-0.234375,0
72833419.0,8032.0,1.0,0.6947631836,0.1058349609,0.7104492188,-0.0360717773
72836387.0,2968.0,0.0,-0.0078125,0.09765625,-0.07421875,0
72842419.0,6032.0,1.0,0.6948242188,0.1058349609,0.7104492188,-0.0360107422
72845387.0,2968.0,0.0,-0.015625,0.09765625,-0.02734375,0
72852419.0,7032.0,1.0,0.6948242188,0.1058349609,0.7104492188,-0.0360107422
72856387.0,3968.0,0.0,-0.015625,0.17578125,0.01953125,0
72862419.0,6032.0,1.0,0.6948242188,0.1058349609,0.7104492188,-0.0360107422
72865387.0,2968.0,0.0,-0.0078125,0.17578125,0.06640625,0
72872419.0,7032.0,1.0,0.6948242188,0.1058349609,0.7104492188,-0.0360107422
72875387.0,2968.0,0.0,-0.0078125,0.25,-0.1640625,0
72882419.0,7032.0,1.0,0.6948242188,0.1058349609,0.7103881836,-0.0360107422
72885387.0,2968.0,0.0,-0.015625,0.2421875,-0.15625,0
72892419.0,7032.0,1.0,0.6948852539,0.1058349609,0.7103881836,-0.0360717773
72896387.0,3968.0,0.0,0.0234375,0.1953125,-0.1171875,0
72902419.0,6032.0,1.0,0.6948852539,0.1058349609,0.7103881836,-0.0361328125
72905387.0,2968.0,0.0,0.03125,0.15234375,-0.0703125,0
72912419.0,7032.0,1.0,0.6948852539,0.1057739258,0.7103881836,-0.0361328125
72915387.0,2968.0,0.0,0.03125,0.00390625,-0.0703125,0
72922419.0,7032.0,1.0,0.6948852539,0.1057739258,0.7103271484,-0.0361938477
72925387.0,2968.0,0.0,-0.0078125,-0.0390625,-0.1875,0
72932419.0,7032.0,1.0,0.6949462891,0.1057128906,0.7103271484,-0.0361938477
72936387.0,3968.0,0.0,-0.015625,-0.1171875,-0.1796875,0
72942419.0,6032.0,1.0,0.6949462891,0.1057128906,0.7103271484,-0.0361938477
72945387.0,2968.0,0.0,-0.015625,-0.15625,-0.171875,0
72952419.0,7032.0,1.0,0.6949462891,0.1056518555,0.7103271484,-0.0361938477
72955387.0,2968.0,0.0,-0.015625,-0.23046875,-0.1328125,0
72962419.0,7032.0,1.0,0.6949462891,0.1056518555,0.7103271484,-0.0361328125
72965387.0,2968.0,0.0,-0.0078125,-0.1953125,-0.0859375,0
72972419.0,7032.0,1.0,0.6950073242,0.1057128906,0.7102661133,-0.0361328125
72976387.0,3968.0,0.0,-0.0078125,-0.15625,-0.0390625,0
72982419.0,6032.0,1.0,0.6950073242,0.1057128906,0.7102661133,-0.0360717773
72985387.0,2968.0,0.0,-0.0078125,-0.15625,0.03515625,0
72993419.0,8032.0,1.0,0.6950683594,0.1057739258,0.7102050781,-0.0360107422
72996387.0,2968.0,0.0,0.03125,0.03515625,0.18359375,0
73002419.0,6032.0,1.0,0.6951293945,0.1057739258,0.710144043,-0.0360107422
73005387.0,2968.0,0.0,-0.015625,0.08203125,0.19140625,0
73012419.0,7032.0,1.0,0.6951293945,0.1058349609,0.710144043,-0.0360107422
73015387.0,2968.0,0.0,-0.015625,0.16015625,0.19140625,0
73022419.0,7032.0,1.0,0.6951293945,0.1058959961,0.7100830078,-0.0360107422
73025387.0,2968.0,0.0,-0.0078125,0.1875,0.14453125,0
73032419.0,7032.0,1.0,0.6951904297,0.1058959961,0.7100830078,-0.0360717773
73035387.0,2968.0,0.0,-0.0078125,0.1875,0.05859375,0
73042419.0,7032.0,1.0,0.6951904297,0.1059570313,0.7100830078,-0.0360717773
73045387.0,2968.0,0.0,0.03125,0.1875,0.05859375,0
73053419.0,8032.0,1.0,0.6951904297,0.1059570313,0.7100219727,-0.0360717773
73056387.0,2968.0,0.0,0.03125,0.11328125,0.05859375,0
73062419.0,6032.0,1.0,0.6951904297,0.1058959961,0.7100219727,-0.0360717773
73065387.0,2968.0,0.0,-0.0078125,-0.01171875,0.01953125,0
73072419.0,7032.0,1.0,0.6952514648,0.1058959961,0.7100219727,-0.0360717773
73075387.0,2968.0,0.0,0.03125,-0.0859375,0.09765625,0
73082419.0,7032.0,1.0,0.6952514648,0.1058959961,0.7099609375,-0.0360717773
73085387.0,2968.0,0.0,-0.0078125,-0.0859375,0.12109375,0
73093419.0,8032.0,1.0,0.6953125,0.1058349609,0.7099609375,-0.0360717773
73096387.0,2968.0,0.0,-0.0078125,-0.0859375,0.16015625,0
73102419.0,6032.0,1.0,0.6953125,0.1058349609,0.7099609375,-0.0360107422
73105387.0,2968.0,0.0,0.03125,-0.01171875,0.16015625,0
73112419.0,7032.0,1.0,0.6953735352,0.1058349609,0.7098999023,-0.0360107422
73115387.0,2968.0,0.0,0.0234375,-0.01171875,0.15234375,0
73122419.0,7032.0,1.0,0.6953735352,0.1058349609,0.7098999023,-0.0360107422
73125387.0,2968.0,0.0,-0.015625,-0.01171875,0.07421875,0
73133419.0,8032.0,1.0,0.6953735352,0.1058349609,0.7098999023,-0.035949707
73136387.0,2968.0,0.0,-0.0078125,0.02734375,-0.01171875,0
73142419.0,6032.0,1.0,0.6953735352,0.1058349609,0.7098999023,-0.035949707
73145387.0,2968.0,0.0,-0.0078125,0.02734375,-0.203125,0
73152419.0,7032.0,1.0,0.6954345703,0.1058349609,0.7098388672,-0.0358886719
73155387.0,2968.0,0.0,-0.0078125,-0.01171875,-0.1640625,0
73162419.0,7032.0,1.0,0.6954956055,0.1058349609,0.709777832,-0.0358886719
73165387.0,2968.0,0.0,-0.0078125,-0.046875,-0.05859375,0
73173419.0,8032.0,1.0,0.6955566406,0.1058349609,0.709777832,-0.0358886719
73176387.0,2968.0,0.0,-0.0078125,0.02734375,-0.09375,0
73183419.0,7032.0,1.0,0.6956176758,0.1058349609,0.7097167969,-0.0358886719
73186387.0,2968.0,0.0,0.03125,-0.01171875,0.09765625,0
73192419.0,6032.0,1.0,0.6956176758,0.1058349609,0.7096557617,-0.0358886719
73195387.0,2968.0,0.0,-0.0078125,0.02734375,0.25,0
73202419.0,7032.0,1.0,0.6956787109,0.1058349609,0.7095947266,-0.0358886719
73205387.0,2968.0,0.0,0.03125,0.06640625,0.28125,0
73213419.0,8032.0,1.0,0.6957397461,0.1058349609,0.7095947266,-0.0358886719
73216387.0,2968.0,0.0,0.03125,0.01953125,0.2734375,0
73223419.0,7032.0,1.0,0.6957397461,0.1058349609,0.7095336914,-0.0358886719
73226387.0,2968.0,0.0,-0.015625,0.05859375,0.12109375,0
73232419.0,6032.0,1.0,0.6958007813,0.1058959961,0.7094726563,-0.0358276367
73235387.0,2968.0,0.0,-0.015625,0.09765625,0.02734375,0
73243419.0,8032.0,1.0,0.6958007813,0.1058959961,0.7094726563,-0.0358276367
73246387.0,2968.0,0.0,-0.015625,0.05078125,-0.01171875,0
73253419.0,7032.0,1.0,0.6958618164,0.1058349609,0.7094116211,-0.0358276367
73256387.0,2968.0,0.0,-0.015625,0.01171875,-0.05078125,0
73262419.0,6032.0,1.0,0.6959228516,0.1058349609,0.7094116211,-0.0358276367
73265387.0,2968.0,0.0,0.0234375,-0.02734375,-0.01171875,0
73273419.0,8032.0,1.0,0.6959228516,0.1058349609,0.7093505859,-0.0357666016
73277387.0,3968.0,0.0,-0.0078125,-0.0625,0.05859375,0
73283419.0,6032.0,1.0,0.6959838867,0.1058349609,0.7092895508,-0.0357666016
73286387.0,2968.0,0.0,0.03125,0.01171875,0.1328125,0
73292419.0,6032.0,1.0,0.6960449219,0.1058349609,0.7092285156,-0.0357666016
73295387.0,2968.0,0.0,0.0234375,-0.02734375,0.09765625,0
73302419.0,7032.0,1.0,0.696105957,0.1058959961,0.7092285156,-0.0357666016
73305387.0,2968.0,0.0,0.03125,-0.01953125,0.125,0
73313419.0,8032.0,1.0,0.6961669922,0.1058959961,0.7091674805,-0.0357666016
73316387.0,2968.0,0.0,0.0234375,-0.0625,0.15625,0
73323419.0,7032.0,1.0,0.6961669922,0.1058959961,0.7091064453,-0.0357055664
73326387.0,2968.0,0.0,-0.015625,-0.02734375,0.1875,0
73332419.0,6032.0,1.0,0.6962280273,0.1059570313,0.7090454102,-0.0357055664
73335387.0,2968.0,0.0,0.0234375,-0.02734375,0.265625,0
73342419.0,7032.0,1.0,0.6962280273,0.1059570313,0.7090454102,-0.0357055664
73345387.0,2968.0,0.0,0.0234375,0.01171875,0.1796875,0
73353419.0,8032.0,1.0,0.6962890625,0.1059570313,0.708984375,-0.0356445312
73356387.0,2968.0,0.0,-0.015625,0.01171875,0.1015625,0
73363419.0,7032.0,1.0,0.6962890625,0.1060180664,0.708984375,-0.0356445312
73366387.0,2968.0,0.0,0.0234375,0.05078125,0.01171875,0
73373419.0,7032.0,1.0,0.6963500977,0.1060180664,0.7089233398,-0.0356445312
73376387.0,2968.0,0.0,-0.015625,0.08984375,-0.02734375,0
73383419.0,7032.0,1.0,0.6964111328,0.1060180664,0.7089233398,-0.0356445312
73386387.0,2968.0,0.0,-0.015625,0.08984375,-0.03515625,0
73393419.0,7032.0,1.0,0.6964111328,0.1060180664,0.7088623047,-0.0356445312
73396387.0,2968.0,0.0,-0.015625,0.05078125,0.078125,0
73403419.0,7032.0,1.0,0.696472168,0.1060791016,0.7088012695,-0.0356445312
73406387.0,2968.0,0.0,0.0234375,0.08203125,0.1171875,0
73413419.0,7032.0,1.0,0.696472168,0.1060791016,0.7088012695,-0.0356445312
73416387.0,2968.0,0.0,-0.015625,0.04296875,0.2265625,0
73423419.0,7032.0,1.0,0.6965332031,0.1060791016,0.7087402344,-0.0357055664
73426387.0,2968.0,0.0,-0.0234375,0.08203125,0.1875,0
73433419.0,7032.0,1.0,0.6965332031,0.1060791016,0.7087402344,-0.0357055664
73436387.0,2968.0,0.0,0.015625,0.04296875,0.1796875,0
73443419.0,7032.0,1.0,0.6965332031,0.1060791016,0.7087402344,-0.0357666016
73446387.0,2968.0,0.0,0.015625,0.00390625,0.1015625,0
73453419.0,7032.0,1.0,0.6965332031,0.1060791016,0.7087402344,-0.0357666016
73456387.0,2968.0,0.0,0.0234375,-0.00390625,0.09375,0
73463419.0,7032.0,1.0,0.6965942383,0.1060180664,0.7087402344,-0.0357666016
73466387.0,2968.0,0.0,0.0234375,0.07421875,0.01953125,0
73473419.0,7032.0,1.0,0.6965942383,0.1060180664,0.7086791992,-0.0357666016
73476387.0,2968.0,0.0,-0.015625,-0.00390625,0.046875,0
73483419.0,7032.0,1.0,0.6965942383,0.1060180664,0.7086791992,-0.0358276367
73486387.0,2968.0,0.0,-0.0234375,-0.03515625,0.046875,0
73493419.0,7032.0,1.0,0.6965942383,0.1060180664,0.7086791992,-0.0358276367
73496387.0,2968.0,0.0,0.0234375,-0.03515625,0.00390625,0
73503419.0,7032.0,1.0,0.6965942383,0.1060180664,0.7086791992,-0.0358886719
73506387.0,2968.0,0.0,0.0234375,-0.0703125,-0.03515625,0
73513419.0,7032.0,1.0,0.6965942383,0.1060180664,0.7086791992,-0.0358886719
73516387.0,2968.0,0.0,0.0234375,-0.0703125,-0.03515625,0
73522419.0,6032.0,1.0,0.6965942383,0.1060180664,0.7086791992,-0.0358886719
73525387.0,2968.0,0.0,-0.015625,-0.109375,-0.03515625,0
73532419.0,7032.0,1.0,0.6965942383,0.1060180664,0.7086791992,-0.0358886719
73535387.0,2968.0,0.0,0.0234375,-0.0703125,-0.03515625,0
73543419.0,8032.0,1.0,0.6965942383,0.1060180664,0.7086791992,-0.0358886719
73546387.0,2968.0,0.0,0.0234375,-0.03515625,-0.07421875,0
73553419.0,7032.0,1.0,0.6965942383,0.1060180664,0.7086791992,-0.0358276367
73556387.0,2968.0,0.0,0.0234375,-0.03515625,0.00390625,0
73563419.0,7032.0,1.0,0.6966552734,0.1060180664,0.7086791992,-0.0358276367
73566387.0,2968.0,0.0,0.0234375,-0.02734375,0.0390625,0
73573419.0,7032.0,1.0,0.6966552734,0.1060180664,0.7086791992,-0.0358276367
73577387.0,3968.0,0.0,0.0234375,0.05078125,-0.03515625,0
73583419.0,6032.0,1.0,0.6965942383,0.1060180664,0.7086791992,-0.0357666016
73586387.0,2968.0,0.0,0.0234375,0.05078125,0.00390625,0
73593419.0,7032.0,1.0,0.6965942383,0.1060180664,0.7086791992,-0.0357666016
73596387.0,2968.0,0.0,-0.015625,0.01171875,0.00390625,0
73603419.0,7032.0,1.0,0.6965942383,0.1059570313,0.7086791992,-0.0357666016
73606387.0,2968.0,0.0,0.015625,0.05078125,-0.03515625,0
73613419.0,7032.0,1.0,0.6965942383,0.1059570313,0.7086791992,-0.0357666016
73617387.0,3968.0,0.0,-0.0234375,0.01171875,-0.02734375,0
73623419.0,6032.0,1.0,0.6965942383,0.1059570313,0.7086791992,-0.0357666016
73626387.0,2968.0,0.0,0.015625,-0.02734375,-0.10546875,0
73633419.0,7032.0,1.0,0.6965942383,0.1059570313,0.7087402344,-0.0357666016
73636387.0,2968.0,0.0,0.015625,-0.0625,-0.2578125,0
73643419.0,7032.0,1.0,0.6965332031,0.1059570313,0.7087402344,-0.0357666016
73646387.0,2968.0,0.0,-0.0234375,-0.0625,-0.2890625,0
73653419.0,7032.0,1.0,0.6965332031,0.1059570313,0.7087402344,-0.0357666016
73657387.0,3968.0,0.0,0.015625,-0.0625,-0.203125,0
73663419.0,6032.0,1.0,0.6965332031,0.1059570313,0.7087402344,-0.0357666016
73666387.0,2968.0,0.0,0.015625,-0.02734375,-0.08984375,0
73673419.0,7032.0,1.0,0.6965332031,0.1059570313,0.7087402344,-0.0357666016
73676387.0,2968.0,0.0,-0.0234375,0.05078125,-0.00390625,0
73683419.0,7032.0,1.0,0.6965332031,0.1059570313,0.7087402344,-0.0357666016
73686387.0,2968.0,0.0,-0.0234375,0.01171875,0.03515625,0
73693419.0,7032.0,1.0,0.6965332031,0.1059570313,0.7087402344,-0.0357666016
73697387.0,3968.0,0.0,0.015625,-0.02734375,-0.04296875,0
73703419.0,6032.0,1.0,0.6965332031,0.1060180664,0.7087402344,-0.0358276367
73706387.0,2968.0,0.0,0.015625,-0.01953125,-0.07421875,0
73712419.0,6032.0,1.0,0.6965332031,0.1060180664,0.7087402344,-0.0358276367
73715387.0,2968.0,0.0,-0.0234375,-0.0546875,0.00390625,0
73723419.0,8032.0,1.0,0.6965332031,0.1060180664,0.7087402344,-0.0358276367
73726387.0,2968.0,0.0,0.015625,-0.0546875,-0.07421875,0
73733419.0,7032.0,1.0,0.6965332031,0.1060180664,0.7087402344,-0.0358886719
73736387.0,2968.0,0.0,0.0078125,-0.01953125,-0.09765625,0
73743419.0,7032.0,1.0,0.696472168,0.1060791016,0.7087402344,-0.0358886719
73746387.0,2968.0,0.0,-0.0234375,-0.01953125,-0.09765625,0
73753419.0,7032.0,1.0,0.696472168,0.1060791016,0.7088012695,-0.0358886719
73756387.0,2968.0,0.0,0.015625,0.01953125,-0.171875,0
73763419.0,7032.0,1.0,0.696472168,0.1060791016,0.7088012695,-0.035949707
73766387.0,2968.0,0.0,-0.0234375,0.01953125,-0.12890625,0
73773419.0,7032.0,1.0,0.696472168,0.1060791016,0.7088012695,-0.035949707
73776387.0,2968.0,0.0,-0.0234375,-0.01953125,-0.12890625,0
73783419.0,7032.0,1.0,0.696472168,0.1060791016,0.7087402344,-0.035949707
73786387.0,2968.0,0.0,0.015625,-0.01953125,-0.15625,0
73793419.0,7032.0,1.0,0.696472168,0.1060791016,0.7087402344,-0.035949707
73796387.0,2968.0,0.0,-0.0234375,-0.01953125,0.07421875,0
73803419.0,7032.0,1.0,0.696472168,0.1060791016,0.7087402344,-0.035949707
73806387.0,2968.0,0.0,0.015625,0.09765625,0.07421875,0
73813419.0,7032.0,1.0,0.696472168,0.1060791016,0.7088012695,-0.035949707
73816387.0,2968.0,0.0,0.015625,0.09765625,0.1171875,0
73823419.0,7032.0,1.0,0.696472168,0.1060791016,0.7088012695,-0.035949707
73826387.0,2968.0,0.0,0.015625,-0.01953125,0.1171875,0
73833419.0,7032.0,1.0,0.6964111328,0.1060791016,0.7088012695,-0.0360107422
73836387.0,2968.0,0.0,-0.03125,-0.0546875,0.08203125,0
73843419.0,7032.0,1.0,0.6964111328,0.1060791016,0.7088623047,-0.0360107422
73846387.0,2968.0,0.0,0.0078125,-0.09375,-0.07421875,0
73853419.0,7032.0,1.0,0.6964111328,0.1060791016,0.7088623047,-0.0360107422
73856387.0,2968.0,0.0,-0.03125,-0.171875,-0.1875,0
73863419.0,7032.0,1.0,0.6964111328,0.1061401367,0.7088623047,-0.0360107422
73866387.0,2968.0,0.0,0.015625,-0.046875,-0.265625,0
73873419.0,7032.0,1.0,0.6964111328,0.1060791016,0.7088623047,-0.035949707
73876387.0,2968.0,0.0,0.015625,-0.01171875,-0.1796875,0
73883419.0,7032.0,1.0,0.6963500977,0.1060791016,0.7088623047,-0.035949707
73886387.0,2968.0,0.0,0.015625,0.02734375,-0.06640625,0
73893419.0,7032.0,1.0,0.6963500977,0.1060791016,0.7088623047,-0.0358886719
73896387.0,2968.0,0.0,-0.0234375,0.02734375,-0.06640625,0
73902419.0,6032.0,1.0,0.6963500977,0.1060791016,0.7089233398,-0.0358886719
73905387.0,2968.0,0.0,-0.0234375,-0.046875,-0.01953125,0
73913419.0,8032.0,1.0,0.6963500977,0.1060791016,0.7089233398,-0.0358276367
73916387.0,2968.0,0.0,-0.0234375,-0.01171875,0.05859375,0
73923419.0,7032.0,1.0,0.6963500977,0.1061401367,0.7089233398,-0.0358276367
73926387.0,2968.0,0.0,0.015625,-0.01171875,-0.01953125,0
73933419.0,7032.0,1.0,0.6963500977,0.1061401367,0.7088623047,-0.0357666016
73936387.0,2968.0,0.0,0.015625,-0.01171875,-0.09765625,0
73943419.0,7032.0,1.0,0.6964111328,0.1061401367,0.7088623047,-0.0357666016
73946387.0,2968.0,0.0,-0.03125,-0.01171875,-0.01171875,0
73953419.0,7032.0,1.0,0.6964111328,0.1061401367,0.7088623047,-0.0357666016
73957387.0,3968.0,0.0,-0.03125,0.02734375,0.10546875,0
73963419.0,6032.0,1.0,0.6964111328,0.1061401367,0.7088623047,-0.0357666016
73966387.0,2968.0,0.0,0.015625,0.06640625,0.1796875,0
73973419.0,7032.0,1.0,0.6964111328,0.1062011719,0.7088012695,-0.0357666016
73976387.0,2968.0,0.0,0.015625,0.09765625,0.140625,0
73983419.0,7032.0,1.0,0.6964111328,0.1062011719,0.7088012695,-0.0357666016
73986387.0,2968.0,0.0,0.015625,0.13671875,0.10546875,0
73993419.0,7032.0,1.0,0.6964111328,0.1062011719,0.7088012695,-0.0357666016
73997387.0,3968.0,0.0,0.015625,0.09765625,0.05859375,0
74003419.0,6032.0,1.0,0.6964111328,0.1062011719,0.7088623047,-0.0357666016
74006387.0,2968.0,0.0,0.015625,0.05859375,-0.01953125,0
74013419.0,7032.0,1.0,0.6964111328,0.1062011719,0.7088623047,-0.0357666016
74016387.0,2968.0,0.0,0.015625,0.01953125,0.01953125,0
74023419.0,7032.0,1.0,0.6964111328,0.1061401367,0.7088623047,-0.0358276367
74026387.0,2968.0,0.0,0.015625,0.01171875,-0.01953125,0
74033419.0,7032.0,1.0,0.6964111328,0.1061401367,0.7088623047,-0.0357666016
74037387.0,3968.0,0.0,-0.0234375,0.01171875,0.01953125,0
74043419.0,6032.0,1.0,0.6964111328,0.1061401367,0.7088623047,-0.0357666016
74046387.0,2968.0,0.0,-0.0234375,-0.02734375,0.01953125,0
74053419.0,7032.0,1.0,0.6964111328,0.1060791016,0.7088623047,-0.0357666016
74056387.0,2968.0,0.0,-0.0234375,-0.1015625,-0.01953125,0
74063419.0,7032.0,1.0,0.6964111328,0.1060791016,0.7088623047,-0.0357666016
74066387.0,2968.0,0.0,-0.0234375,-0.0546875,-0.171875,0
74073419.0,7032.0,1.0,0.6963500977,0.1060791016,0.7088623047,-0.0357666016
74077387.0,3968.0,0.0,0.015625,-0.09375,-0.2109375,0
74083419.0,6032.0,1.0,0.6964111328,0.1060791016,0.7088623047,-0.0358276367
74086387.0,2968.0,0.0,-0.0234375,-0.09375,-0.2109375,0
74093419.0,7032.0,1.0,0.6964111328,0.1061401367,0.7088623047,-0.0358276367
74096387.0,2968.0,0.0,0.015625,0.05078125,-0.05078125,0
74103419.0,7032.0,1.0,0.6964111328,0.1060791016,0.7088012695,-0.0357666016
74106387.0,2968.0,0.0,-0.0234375,0.08984375,-0.01171875,0
74113419.0,7032.0,1.0,0.696472168,0.1060791016,0.7088012695,-0.0357666016
74116387.0,2968.0,0.0,-0.0234375,0.08984375,0.05859375,0
74123419.0,7032.0,1.0,0.696472168,0.1060791016,0.7088012695,-0.0358276367
74126387.0,2968.0,0.0,-0.015625,0.09765625,0.10546875,0
74133419.0,7032.0,1.0,0.6965332031,0.1060791016,0.7087402344,-0.0358276367
74136387.0,2968.0,0.0,-0.0234375,0.09765625,0.01953125,0
74143419.0,7032.0,1.0,0.6965332031,0.1060791016,0.7087402344,-0.0358886719
74146387.0,2968.0,0.0,-0.015625,0.05859375,-0.01953125,0
74153419.0,7032.0,1.0,0.6965942383,0.1060791016,0.7086791992,-0.0358886719
74156387.0,2968.0,0.0,0.0234375,0.05859375,-0.09765625,0
74163419.0,7032.0,1.0,0.6965942383,0.1060180664,0.7086791992,-0.035949707
74166387.0,2968.0,0.0,-0.0234375,0.01171875,-0.1640625,0
74173419.0,7032.0,1.0,0.6965942383,0.1060180664,0.7086791992,-0.035949707
74176387.0,2968.0,0.0,0.015625,-0.140625,-0.08984375,0
74183419.0,7032.0,1.0,0.6965942383,0.1059570313,0.7086791992,-0.035949707
74186387.0,2968.0,0.0,-0.0234375,-0.140625,-0.125,0
74193419.0,7032.0,1.0,0.6966552734,0.1059570313,0.7086181641,-0.035949707
74196387.0,2968.0,0.0,-0.0234375,-0.171875,-0.1171875,0
74203419.0,7032.0,1.0,0.6966552734,0.1060180664,0.7086181641,-0.035949707
74206387.0,2968.0,0.0,-0.0234375,-0.0546875,-0.08984375,0
74213419.0,7032.0,1.0,0.6967163086,0.1060180664,0.7085571289,-0.0358886719
74216387.0,2968.0,0.0,0.0234375,-0.01953125,-0.04296875,0
74223419.0,7032.0,1.0,0.6967773438,0.1059570313,0.7085571289,-0.0358886719
74226387.0,2968.0,0.0,0.0234375,0.05859375,-0.04296875,0
74234419.0,8032.0,1.0,0.6967773438,0.1059570313,0.7084960938,-0.0358276367
74237387.0,2968.0,0.0,0.0234375,0.01953125,0.03515625,0
74243419.0,6032.0,1.0,0.6968383789,0.1059570313,0.7084350586,-0.0358276367
74246387.0,2968.0,0.0,-0.015625,0.01953125,0.03515625,0
74253419.0,7032.0,1.0,0.6968383789,0.1059570313,0.7084350586,-0.0358276367
74256387.0,2968.0,0.0,-0.015625,-0.01953125,-0.00390625,0
74263419.0,7032.0,1.0,0.6968994141,0.1059570313,0.7083740234,-0.0357666016
74266387.0,2968.0,0.0,-0.015625,-0.0546875,-0.00390625,0
74273419.0,7032.0,1.0,0.6969604492,0.1060180664,0.7083740234,-0.0357666016
74276387.0,2968.0,0.0,0.0234375,-0.1015625,0.02734375,0
74283419.0,7032.0,1.0,0.6969604492,0.1060180664,0.7083129883,-0.0357666016
74286387.0,2968.0,0.0,0.015625,-0.01953125,0.03515625,0
74293419.0,7032.0,1.0,0.6970214844,0.1060180664,0.7082519531,-0.0357055664
74296387.0,2968.0,0.0,-0.015625,0.05859375,0.07421875,0
74303419.0,7032.0,1.0,0.6970825195,0.1060791016,0.708190918,-0.0357055664
74306387.0,2968.0,0.0,0.0234375,0.171875,0.1796875,0
74313419.0,7032.0,1.0,0.6971435547,0.1060791016,0.7081298828,-0.0357055664
74316387.0,2968.0,0.0,-0.015625,0.203125,0.32421875,0
74323419.0,7032.0,1.0,0.6971435547,0.1060791016,0.7081298828,-0.0357666016
74326387.0,2968.0,0.0,0.0234375,0.1640625,0.40234375,0
74333419.0,7032.0,1.0,0.6972045898,0.1060791016,0.7080688477,-0.0357666016
74336387.0,2968.0,0.0,0.0234375,0.08984375,0.31640625,0
74343419.0,7032.0,1.0,0.6972045898,0.1060791016,0.7080688477,-0.0358276367
74346387.0,2968.0,0.0,0.0234375,0.00390625,0.1171875,0
74353419.0,7032.0,1.0,0.6972045898,0.1060791016,0.7080688477,-0.0358886719
74356387.0,2968.0,0.0,0.015625,-0.0703125,-0.04296875,0
74363419.0,7032.0,1.0,0.697265625,0.1060791016,0.7080078125,-0.0358886719
74366387.0,2968.0,0.0,0.0234375,-0.1484375,-0.12890625,0
74373419.0,7032.0,1.0,0.697265625,0.1060180664,0.7080078125,-0.0358886719
74377387.0,3968.0,0.0,-0.015625,-0.140625,-0.05078125,0
74383419.0,6032.0,1.0,0.6973266602,0.1060180664,0.7079467773,-0.0358886719
74386387.0,2968.0,0.0,-0.015625,-0.140625,0.02734375,0
74393419.0,7032.0,1.0,0.6973876953,0.1060180664,0.7079467773,-0.0358886719
74396387.0,2968.0,0.0,0.0234375,-0.02734375,0.171875,0
74403419.0,7032.0,1.0,0.6973876953,0.1060180664,0.7078857422,-0.0358886719
74406387.0,2968.0,0.0,0.015625,-0.02734375,0.171875,0
74413419.0,7032.0,1.0,0.6974487305,0.1060180664,0.707824707,-0.0358886719
74417387.0,3968.0,0.0,0.015625,0.01171875,0.1328125,0
74423419.0,6032.0,1.0,0.6974487305,0.1060180664,0.707824707,-0.0358886719
74426387.0,2968.0,0.0,-0.0234375,0.05078125,0.05078125,0
74433419.0,7032.0,1.0,0.6975097656,0.1060791016,0.707824707,-0.0358276367
74436387.0,2968.0,0.0,-0.0234375,0.01171875,0.078125,0
74443419.0,7032.0,1.0,0.6975097656,0.1060791016,0.7077636719,-0.0358886719
74446387.0,2968.0,0.0,0.0234375,0.05078125,0.109375,0
74453419.0,7032.0,1.0,0.6975708008,0.1060791016,0.7077026367,-0.0358886719
74457387.0,3968.0,0.0,0.0234375,0.08984375,0.109375,0
74463419.0,6032.0,1.0,0.6975708008,0.1060791016,0.7077026367,-0.0358886719
74466387.0,2968.0,0.0,0.015625,0.05078125,0.140625,0
74473419.0,7032.0,1.0,0.6976318359,0.1060791016,0.7076416016,-0.0358886719
74476387.0,2968.0,0.0,-0.0234375,0.00390625,0.1015625,0
74483419.0,7032.0,1.0,0.6976318359,0.1060791016,0.7076416016,-0.035949707
74486387.0,2968.0,0.0,0.015625,-0.02734375,0.171875,0
74493419.0,7032.0,1.0,0.6976928711,0.1060791016,0.7075805664,-0.0360107422
74496387.0,2968.0,0.0,0.015625,-0.0625,0.28515625,0
74503419.0,7032.0,1.0,0.6976928711,0.1061401367,0.7075805664,-0.0360717773
74506387.0,2968.0,0.0,-0.0234375,-0.02734375,0.203125,0
74514419.0,8032.0,1.0,0.6976928711,0.1061401367,0.7075195313,-0.0360717773
74517387.0,2968.0,0.0,0.015625,-0.02734375,0.109375,0
74523419.0,6032.0,1.0,0.6977539063,0.1062011719,0.7075195313,-0.0361328125
74526387.0,2968.0,0.0,-0.0234375,0.05078125,0.1484375,0
74533419.0,7032.0,1.0,0.6977539063,0.1062011719,0.7074584961,-0.0361938477
74536387.0,2968.0,0.0,-0.0234375,0.05078125,0.25390625,0
74543419.0,7032.0,1.0,0.6977539063,0.1062011719,0.7074584961,-0.0361938477
74546387.0,2968.0,0.0,0.015625,0.08984375,0.29296875,0
74553419.0,7032.0,1.0,0.6978149414,0.1062011719,0.7074584961,-0.0362548828
74556387.0,2968.0,0.0,0.015625,0.08984375,0.1640625,0
74563419.0,7032.0,1.0,0.6977539063,0.1061401367,0.7074584961,-0.036315918
74566387.0,2968.0,0.0,0.015625,0.01171875,0.09375,0
74573419.0,7032.0,1.0,0.6977539063,0.1061401367,0.7075195313,-0.036315918
74576387.0,2968.0,0.0,0.015625,-0.0625,-0.10546875,0
74583419.0,7032.0,1.0,0.6977539063,0.1060791016,0.7075195313,-0.036315918
74586387.0,2968.0,0.0,-0.0234375,-0.02734375,-0.296875,0
74593419.0,7032.0,1.0,0.6977539063,0.1060180664,0.7075195313,-0.0362548828
74596387.0,2968.0,0.0,-0.0234375,-0.1015625,-0.296875,0
74603419.0,7032.0,1.0,0.6976928711,0.1059570313,0.7075805664,-0.0361938477
74606387.0,2968.0,0.0,0.015625,-0.140625,-0.375,0
74614419.0,8032.0,1.0,0.6976928711,0.1058959961,0.7075805664,-0.0361328125
74617387.0,2968.0,0.0,-0.0234375,-0.1015625,-0.40625,0
74623419.0,6032.0,1.0,0.6976928711,0.1058349609,0.7076416016,-0.0360107422
74626387.0,2968.0,0.0,-0.0234375,-0.1328125,-0.44140625,0
74633419.0,7032.0,1.0,0.6976928711,0.1058349609,0.7076416016,-0.035949707
74636387.0,2968.0,0.0,0.015625,-0.1015625,-0.390625,0
74643419.0,7032.0,1.0,0.6976928711,0.1057739258,0.7076416016,-0.0358276367
74646387.0,2968.0,0.0,0.015625,-0.1328125,-0.3046875,0
74653419.0,7032.0,1.0,0.6976928711,0.1057739258,0.7076416016,-0.0357055664
74656387.0,2968.0,0.0,-0.0234375,-0.1328125,-0.2578125,0
74663419.0,7032.0,1.0,0.6977539063,0.1057739258,0.7076416016,-0.0356445312
74666387.0,2968.0,0.0,-0.0234375,-0.046875,-0.17578125,0
74673419.0,7032.0,1.0,0.6977539063,0.1057739258,0.7075805664,-0.0355834961
74676387.0,2968.0,0.0,-0.0234375,-0.0859375,-0.09765625,0
74683419.0,7032.0,1.0,0.6978149414,0.1057739258,0.7075195313,-0.0355224609
74686387.0,2968.0,0.0,-0.0234375,-0.01953125,-0.12890625,0
74693419.0,7032.0,1.0,0.6978759766,0.1058349609,0.7074584961,-0.0355224609
74696387.0,2968.0,0.0,0.015625,-0.01171875,-0.16015625,0
74703419.0,7032.0,1.0,0.6979370117,0.1058349609,0.7073974609,-0.0354614258
74706387.0,2968.0,0.0,-0.0234375,0.06640625,-0.07421875,0
74713419.0,7032.0,1.0,0.6979980469,0.1058959961,0.7073364258,-0.0354614258
74716387.0,2968.0,0.0,0.015625,0.14453125,0.05078125,0
74723419.0,7032.0,1.0,0.6979980469,0.1058959961,0.7073364258,-0.0354614258
74726387.0,2968.0,0.0,0.015625,0.14453125,0.0859375,0
74734419.0,8032.0,1.0,0.698059082,0.1059570313,0.7072753906,-0.0354614258
74737387.0,2968.0,0.0,-0.0234375,0.1796875,0.1171875,0
74743419.0,6032.0,1.0,0.698059082,0.1059570313,0.7072753906,-0.0355224609
74746387.0,2968.0,0.0,0.015625,0.06640625,0.2421875,0
74753419.0,7032.0,1.0,0.6981201172,0.1060180664,0.7072143555,-0.0355224609
74756387.0,2968.0,0.0,-0.0234375,0.01953125,0.125,0
74763419.0,7032.0,1.0,0.6981201172,0.1060180664,0.7072143555,-0.0355834961
74766387.0,2968.0,0.0,0.015625,0.01953125,-0.02734375,0
74773419.0,7032.0,1.0,0.6981201172,0.1060791016,0.7071533203,-0.0356445312
74776387.0,2968.0,0.0,-0.0234375,-0.01953125,0.01171875,0
74783419.0,7032.0,1.0,0.6981811523,0.1060791016,0.7071533203,-0.0356445312
74786387.0,2968.0,0.0,-0.0234375,0.01953125,0.0859375,0
74793419.0,7032.0,1.0,0.6981811523,0.1060791016,0.7070922852,-0.0356445312
74797387.0,3968.0,0.0,-0.0234375,0.05859375,0.125,0
74803419.0,6032.0,1.0,0.6981811523,0.1060791016,0.7070922852,-0.0356445312
74806387.0,2968.0,0.0,-0.0234375,0.05859375,0.0703125,0
74813419.0,7032.0,1.0,0.6982421875,0.1060791016,0.7070922852,-0.0356445312
74816387.0,2968.0,0.0,0.015625,0.05078125,0.26171875,0
74823419.0,7032.0,1.0,0.6982421875,0.1061401367,0.70703125,-0.0357055664
74826387.0,2968.0,0.0,0.015625,0.05078125,0.26171875,0
74833419.0,7032.0,1.0,0.6983032227,0.1061401367,0.70703125,-0.0357055664
74837387.0,3968.0,0.0,0.0234375,0.12890625,0.29296875,0
74843419.0,6032.0,1.0,0.6983032227,0.1061401367,0.70703125,-0.0357666016
74846387.0,2968.0,0.0,0.0234375,0.12890625,0.28515625,0
74853419.0,7032.0,1.0,0.6983032227,0.1061401367,0.70703125,-0.0357666016
74856387.0,2968.0,0.0,0.015625,0.04296875,0.32421875,0
74863419.0,7032.0,1.0,0.6982421875,0.1061401367,0.70703125,-0.0358276367
74866387.0,2968.0,0.0,0.015625,0.00390625,0.0859375,0
74874419.0,8032.0,1.0,0.6982421875,0.1060791016,0.70703125,-0.0358276367
74878387.0,3968.0,0.0,0.0234375,-0.03515625,-0.07421875,0
74883419.0,5032.0,1.0,0.6982421875,0.1060791016,0.7070922852,-0.0358276367
74886387.0,2968.0,0.0,-0.0234375,-0.0703125,-0.15234375,0
74894419.0,8032.0,1.0,0.6982421875,0.1060180664,0.7070922852,-0.0357666016
74897387.0,2968.0,0.0,-0.0234375,-0.0703125,-0.14453125,0
74903419.0,6032.0,1.0,0.6982421875,0.1059570313,0.7070922852,-0.0357055664
74906387.0,2968.0,0.0,-0.015625,-0.03515625,0.078125,0
74914419.0,8032.0,1.0,0.6982421875,0.1059570313,0.7070922852,-0.0357055664
74917387.0,2968.0,0.0,-0.015625,-0.03515625,0.1953125,0
74924419.0,7032.0,1.0,0.6982421875,0.1058959961,0.7070922852,-0.0357055664
74927387.0,2968.0,0.0,-0.0234375,0.00390625,0.30078125,0
74934419.0,7032.0,1.0,0.6981811523,0.1058959961,0.7071533203,-0.0357055664
74937387.0,2968.0,0.0,0.015625,0.08984375,0.22265625,0
74943419.0,6032.0,1.0,0.6981811523,0.1058959961,0.7071533203,-0.0357055664
74946387.0,2968.0,0.0,-0.0234375,0.00390625,0.0625,0
74954419.0,8032.0,1.0,0.6981811523,0.1058959961,0.7071533203,-0.0357666016
74957387.0,2968.0,0.0,-0.0234375,0.08203125,-0.16796875,0
74964419.0,7032.0,1.0,0.6981201172,0.1058349609,0.7072143555,-0.0357666016
74967387.0,2968.0,0.0,0.015625,-0.0703125,-0.20703125,0
74973419.0,6032.0,1.0,0.6981201172,0.1058349609,0.7072143555,-0.0357666016
74976387.0,2968.0,0.0,0.015625,-0.109375,-0.2421875,0
74983419.0,7032.0,1.0,0.6981201172,0.1058349609,0.7072143555,-0.0357666016
74986387.0,2968.0,0.0,-0.0234375,-0.109375,-0.359375,0
74994419.0,8032.0,1.0,0.6981201172,0.1057739258,0.7072143555,-0.0357666016
74997387.0,2968.0,0.0,-0.0234375,-0.140625,-0.28125,0
75003419.0,6032.0,1.0,0.6981201172,0.1057739258,0.7072143555,-0.0357666016
75006387.0,2968.0,0.0,-0.0234375,-0.140625,-0.16015625,0
75014419.0,8032.0,1.0,0.6981201172,0.1057128906,0.7072143555,-0.0357055664
75017387.0,2968.0,0.0,0.0234375,-0.0625,-0.12109375,0
75023419.0,6032.0,1.0,0.6981201172,0.1057128906,0.7072143555,-0.0357055664
75026387.0,2968.0,0.0,-0.015625,-0.01953125,-0.14453125,0
75034419.0,8032.0,1.0,0.6981201172,0.1057128906,0.7072143555,-0.0356445312
75037387.0,2968.0,0.0,-0.015625,-0.0546875,-0.06640625,0
75043419.0,6032.0,1.0,0.6981201172,0.1057128906,0.7072143555,-0.0356445312
75046387.0,2968.0,0.0,-0.0234375,0.01953125,0.0546875,0
75053419.0,7032.0,1.0,0.6981811523,0.1057128906,0.7072143555,-0.0356445312
75056387.0,2968.0,0.0,-0.0234375,0.01953125,0.046875,0
75063419.0,7032.0,1.0,0.6981811523,0.1057128906,0.7071533203,-0.0357055664
75066387.0,2968.0,0.0,-0.0234375,0.01953125,0.01171875,0
75074419.0,8032.0,1.0,0.6981811523,0.1057739258,0.7071533203,-0.0357055664
75077387.0,2968.0,0.0,0.015625,0.05859375,0.01171875,0
75084419.0,7032.0,1.0,0.6981811523,0.1057739258,0.7071533203,-0.0357055664
75087387.0,2968.0,0.0,-0.015625,-0.01953125,-0.01171875,0
75094419.0,7032.0,1.0,0.6981811523,0.1057739258,0.7071533203,-0.0357055664
75098387.0,3968.0,0.0,0.0234375,-0.01953125,0.02734375,0
75104419.0,6032.0,1.0,0.6981811523,0.1057739258,0.7071533203,-0.0357055664
75107387.0,2968.0,0.0,0.0234375,-0.01171875,0.0625,0
75114419.0,7032.0,1.0,0.6981811523,0.1057739258,0.7071533203,-0.0356445312
75117387.0,2968.0,0.0,0.0234375,-0.01171875,0.02734375,0
75124419.0,7032.0,1.0,0.6981811523,0.1057739258,0.7071533203,-0.0356445312
75127387.0,2968.0,0.0,0.0234375,-0.01953125,-0.12890625,0
75134419.0,7032.0,1.0,0.6981811523,0.1057739258,0.7071533203,-0.0356445312
75138387.0,3968.0,0.0,-0.015625,-0.01953125,-0.12890625,0
75144419.0,6032.0,1.0,0.6981811523,0.1057739258,0.7071533203,-0.0355834961
75147387.0,2968.0,0.0,-0.015625,0.01953125,-0.05078125,0
75154419.0,7032.0,1.0,0.6981811523,0.1057739258,0.7071533203,-0.0355834961
75157387.0,2968.0,0.0,0.0234375,0.01953125,0.1484375,0
75164419.0,7032.0,1.0,0.6981811523,0.1057739258,0.7071533203,-0.0355834961
75167387.0,2968.0,0.0,0.0234375,0.05859375,0.21875,0
75174419.0,7032.0,1.0,0.6981811523,0.1057739258,0.7071533203,-0.0355834961
75178387.0,3968.0,0.0,0.0234375,0.09765625,0.21875,0
75184419.0,6032.0,1.0,0.6981811523,0.1057739258,0.7071533203,-0.0355834961
75187387.0,2968.0,0.0,0.015625,0.08984375,0.1796875,0
75194419.0,7032.0,1.0,0.6981811523,0.1057739258,0.7071533203,-0.0355834961
75197387.0,2968.0,0.0,0.015625,0.05078125,0.1015625,0
75204419.0,7032.0,1.0,0.6981201172,0.1057739258,0.7072143555,-0.0356445312
75207387.0,2968.0,0.0,-0.0234375,0.05859375,0.0546875,0
75214419.0,7032.0,1.0,0.6981201172,0.1057739258,0.7072143555,-0.0357055664
75217387.0,2968.0,0.0,-0.0234375,0.05859375,-0.05859375,0
75224419.0,7032.0,1.0,0.698059082,0.1057739258,0.7072753906,-0.0357055664
75227387.0,2968.0,0.0,-0.0234375,0.01953125,-0.09765625,0
75233419.0,6032.0,1.0,0.698059082,0.1057739258,0.7072753906,-0.0357666016
75236387.0,2968.0,0.0,-0.0234375,-0.01953125,0.01953125,0
75244419.0,8032.0,1.0,0.698059082,0.1057128906,0.7072753906,-0.0357666016
75247387.0,2968.0,0.0,-0.0234375,-0.02734375,0.0546875,0
75254419.0,7032.0,1.0,0.698059082,0.1057128906,0.7073364258,-0.0357666016
75258387.0,3968.0,0.0,-0.015625,-0.0625,0.01953125,0
75264419.0,6032.0,1.0,0.6979980469,0.1057128906,0.7073364258,-0.0357666016
75267387.0,2968.0,0.0,-0.015625,-0.0625,-0.02734375,0
75273419.0,6032.0,1.0,0.6979980469,0.1057128906,0.7073364258,-0.0357666016
75276387.0,2968.0,0.0,-0.015625,-0.0625,0.01171875,0
75284419.0,8032.0,1.0,0.6979980469,0.1057128906,0.7073364258,-0.0357666016
75287387.0,2968.0,0.0,0.0234375,-0.0625,0.01171875,0
75294419.0,7032.0,1.0,0.6979980469,0.1057128906,0.7073974609,-0.0358276367
75298387.0,3968.0,0.0,0.0234375,-0.01953125,-0.14453125,0
75304419.0,6032.0,1.0,0.6979370117,0.1057128906,0.7073974609,-0.0358276367
75307387.0,2968.0,0.0,0.0234375,0.01953125,-0.17578125,0
75314419.0,7032.0,1.0,0.6979370117,0.1057128906,0.7073974609,-0.0358276367
75317387.0,2968.0,0.0,0.0234375,-0.0546875,0.01953125,0
75324419.0,7032.0,1.0,0.6978759766,0.1057128906,0.7074584961,-0.0357666016
75327387.0,2968.0,0.0,-0.0234375,-0.01953125,-0.01171875,0
75334419.0,7032.0,1.0,0.6978759766,0.1057128906,0.7074584961,-0.0357666016
75337387.0,2968.0,0.0,0.015625,-0.0546875,-0.01171875,0
75344419.0,7032.0,1.0,0.6978759766,0.1057128906,0.7074584961,-0.0357666016
75347387.0,2968.0,0.0,0.015625,-0.01953125,-0.01171875,0
75354419.0,7032.0,1.0,0.6978149414,0.1057128906,0.7075195313,-0.0357055664
75357387.0,2968.0,0.0,-0.015625,-0.01953125,0.02734375,0
75364419.0,7032.0,1.0,0.6978149414,0.1057128906,0.7075195313,-0.0357055664
75367387.0,2968.0,0.0,-0.0234375,0.01953125,-0.08984375,0
75374419.0,7032.0,1.0,0.6978149414,0.1057128906,0.7075195313,-0.0357055664
75377387.0,2968.0,0.0,0.015625,-0.01953125,-0.12890625,0
75384419.0,7032.0,1.0,0.6978149414,0.1057128906,0.7075805664,-0.0356445312
75387387.0,2968.0,0.0,0.015625,0.05859375,-0.2421875,0
75394419.0,7032.0,1.0,0.6978149414,0.1057128906,0.7075805664,-0.0356445312
75397387.0,2968.0,0.0,0.015625,0.01953125,-0.234375,0
75404419.0,7032.0,1.0,0.6978149414,0.1056518555,0.7075805664,-0.0356445312
75407387.0,2968.0,0.0,-0.0234375,-0.01953125,-0.2265625,0
75414419.0,7032.0,1.0,0.6978149414,0.1056518555,0.7075805664,-0.0355834961
75417387.0,2968.0,0.0,-0.015625,-0.0546875,-0.21875,0
75423419.0,6032.0,1.0,0.6978149414,0.1056518555,0.7075805664,-0.0355834961
75426387.0,2968.0,0.0,-0.015625,-0.01953125,-0.09765625,0
75434419.0,8032.0,1.0,0.6978149414,0.1055908203,0.7075805664,-0.0355224609
75437387.0,2968.0,0.0,-0.015625,-0.0546875,-0.01953125,0
75444419.0,7032.0,1.0,0.6978149414,0.1055908203,0.7075805664,-0.0355224609
75447387.0,2968.0,0.0,-0.0234375,-0.046875,-0.08984375,0
75454419.0,7032.0,1.0,0.6978149414,0.1055908203,0.7075805664,-0.0354614258
75457387.0,2968.0,0.0,-0.0234375,-0.0546875,-0.09765625,0
75463419.0,6032.0,1.0,0.6978149414,0.1056518555,0.7075195313,-0.0354614258
75466387.0,2968.0,0.0,0.015625,-0.0546875,-0.05078125,0
75474419.0,8032.0,1.0,0.6978759766,0.1056518555,0.7075195313,-0.0354614258
75478387.0,3968.0,0.0,0.0234375,0.01953125,0.03515625,0
75484419.0,6032.0,1.0,0.6978759766,0.1056518555,0.7075195313,-0.0354614258
75487387.0,2968.0,0.0,0.0234375,0.05859375,0.02734375,0
75494419.0,7032.0,1.0,0.6978759766,0.1057128906,0.7074584961,-0.0354003906
75497387.0,2968.0,0.0,-0.015625,0.05859375,0.03515625,0
75504419.0,7032.0,1.0,0.6979370117,0.1057128906,0.7074584961,-0.0354003906
75507387.0,2968.0,0.0,0.0234375,-0.01953125,-0.04296875,0
75514419.0,7032.0,1.0,0.6979370117,0.1057128906,0.7074584961,-0.0354003906
75518387.0,3968.0,0.0,-0.015625,-0.0546875,0.07421875,0
75524419.0,6032.0,1.0,0.6979370117,0.1057128906,0.7073974609,-0.0354003906
75527387.0,2968.0,0.0,0.0234375,-0.01953125,0.109375,0
75534419.0,7032.0,1.0,0.6979370117,0.1057739258,0.7073974609,-0.0354003906
75537387.0,2968.0,0.0,0.0234375,-0.01953125,0.07421875,0
75544419.0,7032.0,1.0,0.6979980469,0.1057739258,0.7073974609,-0.0354003906
75547387.0,2968.0,0.0,0.0234375,0.05859375,0.109375,0
75554419.0,7032.0,1.0,0.6979980469,0.1057739258,0.7073364258,-0.0354003906
75558387.0,3968.0,0.0,-0.015625,0.09765625,0.1484375,0
75564419.0,6032.0,1.0,0.6979980469,0.1058349609,0.7073364258,-0.0354003906
75567387.0,2968.0,0.0,0.0234375,0.09765625,0.1484375,0
75574419.0,7032.0,1.0,0.6979980469,0.1058349609,0.7073364258,-0.0354003906
75577387.0,2968.0,0.0,0.0234375,0.05859375,0.1796875,0
75584419.0,7032.0,1.0,0.6979980469,0.1058349609,0.7073364258,-0.0354614258
75587387.0,2968.0,0.0,0.015625,0.01953125,0.1328125,0
75594419.0,7032.0,1.0,0.6979980469,0.1058349609,0.7073364258,-0.0354614258
75598387.0,3968.0,0.0,-0.0234375,0.01953125,0.1328125,0
75604419.0,6032.0,1.0,0.6979980469,0.1058349609,0.7073364258,-0.0354614258
75607387.0,2968.0,0.0,0.015625,0.01171875,0.0859375,0
75614419.0,7032.0,1.0,0.6979980469,0.1058349609,0.7073364258,-0.0354614258
75617387.0,2968.0,0.0,-0.0234375,0.01171875,0.203125,0
75624419.0,7032.0,1.0,0.6979980469,0.1058349609,0.7073974609,-0.0354614258
75627387.0,2968.0,0.0,0.0234375,-0.02734375,0.1953125,0
75634419.0,7032.0,1.0,0.6979370117,0.1058349609,0.7073974609,-0.0355224609
75637387.0,2968.0,0.0,-0.015625,-0.0625,0.1953125,0
75644419.0,7032.0,1.0,0.6979370117,0.1058349609,0.7073974609,-0.0355224609
75647387.0,2968.0,0.0,0.015625,0.01171875,0.109375,0
75654419.0,7032.0,1.0,0.6979370117,0.1058349609,0.7073974609,-0.0355224609
75657387.0,2968.0,0.0,-0.0234375,-0.02734375,-0.01171875,0
75664419.0,7032.0,1.0,0.6978759766,0.1058349609,0.7074584961,-0.0355224609
75667387.0,2968.0,0.0,-0.0234375,-0.02734375,-0.01171875,0
75674419.0,7032.0,1.0,0.6978759766,0.1058349609,0.7074584961,-0.0355224609
75677387.0,2968.0,0.0,0.015625,-0.02734375,-0.01171875,0
75684419.0,7032.0,1.0,0.6978759766,0.1057739258,0.7074584961,-0.0354614258
75687387.0,2968.0,0.0,0.015625,-0.02734375,-0.01953125,0
75694419.0,7032.0,1.0,0.6978759766,0.1057739258,0.7075195313,-0.0354614258
75697387.0,2968.0,0.0,-0.0234375,-0.02734375,0.09375,0
75704419.0,7032.0,1.0,0.6978149414,0.1057739258,0.7075195313,-0.0354003906
75707387.0,2968.0,0.0,0.015625,-0.02734375,0.0625,0
75714419.0,7032.0,1.0,0.6978149414,0.1057739258,0.7075195313,-0.0354003906
75717387.0,2968.0,0.0,-0.015625,0.01171875,0.01953125,0
75724419.0,7032.0,1.0,0.6978149414,0.1057739258,0.7075195313,-0.0354003906
75727387.0,2968.0,0.0,0.015625,0.05078125,0.0859375,0
75734419.0,7032.0,1.0,0.6978149414,0.1057739258,0.7075195313,-0.0354003906
75737387.0,2968.0,0.0,0.015625,0.05078125,0.0546875,0
75744419.0,7032.0,1.0,0.6978149414,0.1057739258,0.7075805664,-0.0354003906
75747387.0,2968.0,0.0,-0.0234375,0.08984375,-0.01953125,0
75754419.0,7032.0,1.0,0.6977539063,0.1057739258,0.7075805664,-0.0354003906
75757387.0,2968.0,0.0,-0.0234375,0.05078125,-0.06640625,0
75764419.0,7032.0,1.0,0.6977539063,0.1057739258,0.7075805664,-0.0354614258
75767387.0,2968.0,0.0,0.015625,0.01171875,-0.10546875,0
75774419.0,7032.0,1.0,0.6977539063,0.1057739258,0.7075805664,-0.0354614258
75777387.0,2968.0,0.0,-0.0234375,-0.0625,0.01171875,0
75784419.0,7032.0,1.0,0.6977539063,0.1057128906,0.7075805664,-0.0354003906
75787387.0,2968.0,0.0,-0.0234375,-0.1015625,-0.18359375,0
75794419.0,7032.0,1.0,0.6977539063,0.1057128906,0.7075805664,-0.0354003906
75797387.0,2968.0,0.0,-0.0234375,-0.1796875,-0.14453125,0
75804419.0,7032.0,1.0,0.6977539063,0.1057128906,0.7075805664,-0.0354003906
75807387.0,2968.0,0.0,-0.0234375,-0.02734375,-0.2109375,0
75814419.0,7032.0,1.0,0.6977539063,0.1057128906,0.7076416016,-0.0354003906
75817387.0,2968.0,0.0,-0.015625,0.01171875,-0.12890625,0
75824419.0,7032.0,1.0,0.6977539063,0.1057128906,0.7076416016,-0.0353393555
75827387.0,2968.0,0.0,0.0234375,0.08984375,-0.05078125,0
75835419.0,8032.0,1.0,0.6977539063,0.1057128906,0.7076416016,-0.0353393555
75838387.0,2968.0,0.0,0.015625,0.08984375,-0.00390625,0
75843419.0,5032.0,1.0,0.6977539063,0.1056518555,0.7076416016,-0.0352783203
75846387.0,2968.0,0.0,0.015625,0.08984375,0.2265625,0
75854419.0,8032.0,1.0,0.6977539063,0.1056518555,0.7076416016,-0.0352783203
75857387.0,2968.0,0.0,0.015625,0.01171875,0.1484375,0
75864419.0,7032.0,1.0,0.6976928711,0.1056518555,0.7076416016,-0.0352783203
75867387.0,2968.0,0.0,0.015625,0.01171875,0.109375,0
75874419.0,7032.0,1.0,0.6976928711,0.1055908203,0.7077026367,-0.0352783203
75877387.0,2968.0,0.0,0.0234375,-0.02734375,0.140625,0
75884419.0,7032.0,1.0,0.6976928711,0.1055908203,0.7077026367,-0.0352172852
75887387.0,2968.0,0.0,0.0234375,-0.0625,0.0625,0
75894419.0,7032.0,1.0,0.6976318359,0.1055297852,0.7077636719,-0.0352172852
75898387.0,3968.0,0.0,-0.015625,-0.1015625,0.02734375,0
75904419.0,6032.0,1.0,0.6976318359,0.10546875,0.707824707,-0.03515625
75907387.0,2968.0,0.0,0.015625,-0.140625,0.0625,0
75914419.0,7032.0,1.0,0.6975708008,0.10546875,0.707824707,-0.03515625
75917387.0,2968.0,0.0,0.015625,-0.1015625,0.1015625,0
75924419.0,7032.0,1.0,0.6975097656,0.1055297852,0.7078857422,-0.0350952148
75927387.0,2968.0,0.0,0.015625,0.05078125,0.0546875,0
75934419.0,7032.0,1.0,0.6975097656,0.1055297852,0.7078857422,-0.0350952148
75938387.0,3968.0,0.0,-0.0234375,0.1640625,-0.05078125,0
75944419.0,6032.0,1.0,0.6974487305,0.1055297852,0.7079467773,-0.03515625
75947387.0,2968.0,0.0,-0.0234375,0.1640625,-0.08984375,0
75954419.0,7032.0,1.0,0.6974487305,0.1055908203,0.7079467773,-0.03515625
75957387.0,2968.0,0.0,-0.0234375,-0.1015625,0.02734375,0
75964419.0,7032.0,1.0,0.6973876953,0.1055908203,0.7080078125,-0.0352172852
75967387.0,2968.0,0.0,0.015625,-0.1796875,-0.12890625,0
75974419.0,7032.0,1.0,0.6973266602,0.1055908203,0.7080078125,-0.0352172852
75978387.0,3968.0,0.0,0.015625,-0.25390625,-0.08984375,0
75984419.0,6032.0,1.0,0.6973266602,0.1056518555,0.7080688477,-0.0352172852
75987387.0,2968.0,0.0,-0.0234375,-0.09375,-0.05078125,0
75994419.0,7032.0,1.0,0.697265625,0.1057128906,0.7080688477,-0.0352172852
75997387.0,2968.0,0.0,-0.0234375,-0.66796875,0.109375,0
76004419.0,7032.0,1.0,0.6972045898,0.1057128906,0.7081298828,-0.0352172852
76007387.0,2968.0,0.0,0.015625,-0.39453125,0.2265625,0
76014419.0,7032.0,1.0,0.6971435547,0.1058349609,0.708190918,-0.0352783203
76018387.0,3968.0,0.0,-0.0234375,0.45703125,0.109375,0
76024419.0,6032.0,1.0,0.6971435547,0.1058959961,0.708190918,-0.0355834961
76027387.0,2968.0,0.0,-0.0234375,2.328125,-0.734375,0
76034419.0,7032.0,1.0,0.6972045898,0.1057739258,0.7081298828,-0.0358276367
76037387.0,2968.0,0.0,-0.0234375,-1.609375,-0.07421875,0
76044419.0,7032.0,1.0,0.697265625,0.10546875,0.7080688477,-0.0358886719
76047387.0,2968.0,0.0,-0.0625,-1.52734375,0.578125,0
76054419.0,7032.0,1.0,0.697265625,0.1054077148,0.7080688477,-0.0360107422
76057387.0,2968.0,0.0,-0.0234375,-1.94921875,0.5,0
76064419.0,7032.0,1.0,0.697265625,0.1055297852,0.7080688477,-0.0361328125
76067387.0,2968.0,0.0,0.08984375,-1.44921875,-0.07421875,0
76074419.0,7032.0,1.0,0.697265625,0.1056518555,0.7080688477,-0.0361938477
76077387.0,2968.0,0.0,0.015625,-0.30078125,-0.6875,0
76084419.0,7032.0,1.0,0.6973266602,0.1057739258,0.7080078125,-0.0361328125
76087387.0,2968.0,0.0,-0.0625,-0.53125,-0.6171875,0
76094419.0,7032.0,1.0,0.6973876953,0.1058349609,0.7078857422,-0.0360717773
76097387.0,2968.0,0.0,-0.0546875,0.80078125,-0.578125,0
76104419.0,7032.0,1.0,0.6975097656,0.1058959961,0.707824707,-0.0360717773
76107387.0,2968.0,0.0,0.0234375,1.18359375,-0.2734375,0
76114419.0,7032.0,1.0,0.6975708008,0.1058959961,0.7077026367,-0.0360717773
76117387.0,2968.0,0.0,0.0234375,0.7265625,0.26171875,0
76124419.0,7032.0,1.0,0.6976928711,0.1057739258,0.7076416016,-0.0361328125
76127387.0,2968.0,0.0,0.0234375,0.11328125,0.41796875,0
76134419.0,7032.0,1.0,0.6976928711,0.1057128906,0.7075805664,-0.0361938477
76137387.0,2968.0,0.0,-0.015625,-0.68359375,0.41015625,0
76144419.0,7032.0,1.0,0.6977539063,0.1056518555,0.7075805664,-0.0361938477
76147387.0,2968.0,0.0,-0.015625,-0.4921875,-0.39453125,0
76154419.0,7032.0,1.0,0.6978149414,0.1056518555,0.7075195313,-0.0361938477
76157387.0,2968.0,0.0,-0.015625,-0.1484375,-0.625,0
76164419.0,7032.0,1.0,0.6978759766,0.1056518555,0.7074584961,-0.0361938477
76167387.0,2968.0,0.0,-0.015625,-0.00390625,-0.625,0
76174419.0,7032.0,1.0,0.6979980469,0.1057128906,0.7073364258,-0.0361938477
76177387.0,2968.0,0.0,-0.015625,0.2265625,-0.55078125,0
76184419.0,7032.0,1.0,0.6981201172,0.1057128906,0.7072143555,-0.0361938477
76187387.0,2968.0,0.0,0.0234375,0.11328125,-0.13671875,0
76194419.0,7032.0,1.0,0.6982421875,0.1056518555,0.7070922852,-0.0361938477
76197387.0,2968.0,0.0,0.0234375,-0.00390625,0.0546875,0
76204419.0,7032.0,1.0,0.6983642578,0.1056518555,0.70703125,-0.0361938477
76207387.0,2968.0,0.0,0.0234375,0.07421875,0.2109375,0
76214419.0,7032.0,1.0,0.698425293,0.1055908203,0.7069091797,-0.0362548828
76217387.0,2968.0,0.0,0.0234375,0.07421875,0.23828125,0
76224419.0,7032.0,1.0,0.6985473633,0.1055908203,0.7067871094,-0.0362548828
76227387.0,2968.0,0.0,-0.015625,0.03515625,0.0859375,0
76234419.0,7032.0,1.0,0.6986694336,0.1055297852,0.7067260742,-0.0362548828
76237387.0,2968.0,0.0,0.0234375,-0.03125,0.01171875,0
76244419.0,7032.0,1.0,0.6987304688,0.1055297852,0.7066040039,-0.0362548828
76247387.0,2968.0,0.0,0.0234375,-0.0703125,-0.07421875,0
76254419.0,7032.0,1.0,0.6988525391,0.1055297852,0.7064819336,-0.0362548828
76257387.0,2968.0,0.0,-0.015625,-0.0625,-0.07421875,0
76264419.0,7032.0,1.0,0.6989746094,0.1055297852,0.7064208984,-0.036315918
76267387.0,2968.0,0.0,-0.015625,0.08984375,0.03125,0
76274419.0,7032.0,1.0,0.6990356445,0.1055297852,0.7062988281,-0.036315918
76277387.0,2968.0,0.0,-0.015625,0.16796875,0.15625,0
76284419.0,7032.0,1.0,0.6991577148,0.1055297852,0.7061767578,-0.0363769531
76287387.0,2968.0,0.0,0.015625,0.12890625,0.26953125,0
76294419.0,7032.0,1.0,0.69921875,0.10546875,0.7061157227,-0.0363769531
76297387.0,2968.0,0.0,0.015625,0.08984375,0.33984375,0
76304419.0,7032.0,1.0,0.6993408203,0.10546875,0.7060546875,-0.0364379883
76307387.0,2968.0,0.0,-0.0234375,-0.0234375,0.37890625,0
76314419.0,7032.0,1.0,0.6993408203,0.10546875,0.7059936523,-0.0364379883
76318387.0,3968.0,0.0,-0.015625,-0.03125,0.33984375,0
76324419.0,6032.0,1.0,0.6994018555,0.10546875,0.7059326172,-0.0364379883
76327387.0,2968.0,0.0,0.0234375,0.04296875,0.22265625,0
76334419.0,7032.0,1.0,0.6994628906,0.10546875,0.7059326172,-0.0364990234
76337387.0,2968.0,0.0,-0.015625,0.08203125,0.0703125,0
76344419.0,7032.0,1.0,0.6995239258,0.1054077148,0.705871582,-0.0364990234
76347387.0,2968.0,0.0,0.015625,0.04296875,-0.00390625,0
76354419.0,7032.0,1.0,0.6995239258,0.1054077148,0.7058105469,-0.0364990234
76358387.0,3968.0,0.0,-0.0234375,0.00390625,-0.00390625,0
76364419.0,6032.0,1.0,0.6995849609,0.1054077148,0.7058105469,-0.0364990234
76367387.0,2968.0,0.0,-0.015625,-0.03125,0.0625,0
76374419.0,7032.0,1.0,0.6995849609,0.1054077148,0.7057495117,-0.0364990234
76377387.0,2968.0,0.0,0.0234375,-0.03125,0.1796875,0
76384419.0,7032.0,1.0,0.6996459961,0.1054077148,0.7057495117,-0.0364990234
76387387.0,2968.0,0.0,-0.015625,0.00390625,0.1796875,0
76394419.0,7032.0,1.0,0.6996459961,0.1053466797,0.7056884766,-0.0364990234
76398387.0,3968.0,0.0,-0.015625,0.04296875,0.1796875,0
76404419.0,6032.0,1.0,0.6997070313,0.1053466797,0.7056884766,-0.0364990234
76407387.0,2968.0,0.0,0.0234375,0.04296875,0.21484375,0
76414419.0,7032.0,1.0,0.6997070313,0.1053466797,0.7056884766,-0.0364990234
76417387.0,2968.0,0.0,0.0234375,0.04296875,0.21484375,0
76424419.0,7032.0,1.0,0.6997070313,0.1053466797,0.7056884766,-0.0364990234
76427387.0,2968.0,0.0,-0.015625,0.08203125,0.140625,0
76434419.0,7032.0,1.0,0.6997070313,0.1052856445,0.7056884766,-0.0364990234
76437387.0,2968.0,0.0,-0.015625,0.08203125,0.0234375,0
76444419.0,7032.0,1.0,0.6997070313,0.1052856445,0.7056884766,-0.0364990234
76447387.0,2968.0,0.0,-0.015625,0.04296875,-0.08984375,0
76454419.0,7032.0,1.0,0.6997070313,0.1052856445,0.7056884766,-0.0364990234
76457387.0,2968.0,0.0,0.0234375,-0.03125,-0.20703125,0
76464419.0,7032.0,1.0,0.6997070313,0.1052246094,0.7056884766,-0.0364990234
76467387.0,2968.0,0.0,-0.015625,-0.03125,-0.20703125,0
76474419.0,7032.0,1.0,0.6997680664,0.1052246094,0.7056274414,-0.0365600586
76477387.0,2968.0,0.0,0.0234375,0.00390625,-0.20703125,0
76484419.0,7032.0,1.0,0.6997680664,0.1052246094,0.7056274414,-0.0365600586
76487387.0,2968.0,0.0,-0.0234375,0.08203125,-0.12890625,0
76494419.0,7032.0,1.0,0.6998291016,0.1052246094,0.7056274414,-0.0365600586
76497387.0,2968.0,0.0,0.015625,0.00390625,0.140625,0
76504419.0,7032.0,1.0,0.6998291016,0.1052246094,0.7055664063,-0.0365600586
76507387.0,2968.0,0.0,-0.0234375,-0.0234375,0.140625,0
76515419.0,8032.0,1.0,0.6998291016,0.1051635742,0.7055664063,-0.0365600586
76518387.0,2968.0,0.0,-0.0234375,-0.0625,0.140625,0
76524419.0,6032.0,1.0,0.6998901367,0.1051635742,0.7055664063,-0.0365600586
76527387.0,2968.0,0.0,-0.0234375,-0.0234375,0.1015625,0
76534419.0,7032.0,1.0,0.6998901367,0.1051635742,0.7055053711,-0.0365600586
76537387.0,2968.0,0.0,-0.0234375,0.01171875,0.1015625,0
76544419.0,7032.0,1.0,0.6998901367,0.1051025391,0.7055053711,-0.0364990234
76547387.0,2968.0,0.0,-0.015625,0.08984375,0.09375,0
76555419.0,8032.0,1.0,0.6998901367,0.1051025391,0.7055053711,-0.0364990234
76558387.0,2968.0,0.0,0.0234375,0.08984375,0.0546875,0
76564419.0,6032.0,1.0,0.6999511719,0.1051025391,0.7055053711,-0.0364990234
76567387.0,2968.0,0.0,-0.015625,0.08203125,-0.09765625,0
76574419.0,7032.0,1.0,0.6999511719,0.1051025391,0.7055053711,-0.0364990234
76577387.0,2968.0,0.0,-0.015625,0.05078125,-0.17578125,0
76584419.0,7032.0,1.0,0.6999511719,0.1050415039,0.7055053711,-0.0364990234
76587387.0,2968.0,0.0,-0.015625,0.00390625,-0.25,0
76595419.0,8032.0,1.0,0.6999511719,0.1050415039,0.7055053711,-0.0364990234
76598387.0,2968.0,0.0,-0.015625,-0.0703125,-0.2890625,0
76604419.0,6032.0,1.0,0.6999511719,0.1049804688,0.7054443359,-0.0364379883
76607387.0,2968.0,0.0,-0.015625,-0.0703125,-0.59765625,0
76614419.0,7032.0,1.0,0.700012207,0.1049804688,0.7053833008,-0.0364379883
76617387.0,2968.0,0.0,-0.015625,-0.03125,-0.671875,0
76624419.0,7032.0,1.0,0.7001342773,0.1049194336,0.7053222656,-0.0363769531
76627387.0,2968.0,0.0,-0.015625,-0.03125,-0.7109375,0
76635419.0,8032.0,1.0,0.7002563477,0.1048583984,0.7052612305,-0.0363769531
76638387.0,2968.0,0.0,-0.0234375,-0.0703125,-0.71875,0
76644419.0,6032.0,1.0,0.700378418,0.1047973633,0.705078125,-0.0363769531
76647387.0,2968.0,0.0,-0.015625,-0.0703125,-0.48828125,0
76654419.0,7032.0,1.0,0.7005004883,0.1047973633,0.7049560547,-0.0363769531
76657387.0,2968.0,0.0,-0.015625,0.00390625,-0.34375,0
76664419.0,7032.0,1.0,0.7006835938,0.1047973633,0.7047729492,-0.0363769531
76667387.0,2968.0,0.0,-0.0234375,0.04296875,-0.15234375,0
76675419.0,8032.0,1.0,0.7008666992,0.1047973633,0.7046508789,-0.0363769531
76678387.0,2968.0,0.0,-0.0234375,0.08203125,0.18359375,0
76684419.0,6032.0,1.0,0.7009887695,0.1047973633,0.7045288086,-0.0363769531
76687387.0,2968.0,0.0,0.05859375,0.12109375,0.64453125,0
76694419.0,7032.0,1.0,0.7011108398,0.1048583984,0.7044067383,-0.0364379883
76698387.0,3968.0,0.0,0.0234375,0.1953125,0.484375,0
76704419.0,6032.0,1.0,0.701171875,0.1048583984,0.704284668,-0.0364379883
76707387.0,2968.0,0.0,-0.0234375,0.1953125,0.21484375,0
76714419.0,7032.0,1.0,0.7012329102,0.1049194336,0.7042236328,-0.0364990234
76717387.0,2968.0,0.0,0.05859375,-0.0703125,-0.3984375,0
76724419.0,7032.0,1.0,0.7013549805,0.1048583984,0.7041015625,-0.0365600586
76727387.0,2968.0,0.0,-0.09375,0.2734375,-0.2890625,0
76734419.0,7032.0,1.0,0.7014770508,0.1049194336,0.7039794922,-0.0366210937
76738387.0,3968.0,0.0,0.16796875,-0.875,-0.05859375,0
76744419.0,6032.0,1.0,0.7015991211,0.1049804688,0.7038574219,-0.0366821289
76747387.0,2968.0,0.0,-0.09375,0.58203125,-0.25390625,0
76754419.0,7032.0,1.0,0.7017211914,0.1050415039,0.7036743164,-0.0368041992
76757387.0,2968.0,0.0,-0.015625,0.12109375,-0.14453125,0
76764419.0,7032.0,1.0,0.7018432617,0.1052246094,0.7035522461,-0.0369873047
76767387.0,2968.0,0.0,-0.0546875,-0.4921875,-0.19140625,0
76774419.0,7032.0,1.0,0.7020263672,0.10546875,0.7033691406,-0.0372314453
76778387.0,3968.0,0.0,0.015625,-0.30078125,-0.375,0
76784419.0,6032.0,1.0,0.7021484375,0.1057128906,0.703125,-0.0374755859
76787387.0,2968.0,0.0,-0.140625,-0.9140625,-0.61328125,0
76794419.0,7032.0,1.0,0.7022705078,0.1060791016,0.7029418945,-0.0377197266
76797387.0,2968.0,0.0,-0.140625,-1.765625,-1.1875,0
76804419.0,7032.0,1.0,0.7025146484,0.1068725586,0.7025756836,-0.0383911133
76807387.0,2968.0,0.0,-0.40625,-2.30078125,-1.8828125,0
76814419.0,7032.0,1.0,0.7027587891,0.1082763672,0.7020263672,-0.0395507813
76818387.0,3968.0,0.0,-0.29296875,-2.1796875,-2.23828125,0
76824419.0,6032.0,1.0,0.7030639648,0.1102294922,0.7012939453,-0.0411376953
76827387.0,2968.0,0.0,-0.20703125,-2.4921875,-1.86328125,0
76834419.0,7032.0,1.0,0.7034301758,0.1129150391,0.7004394531,-0.0433959961
76837387.0,2968.0,0.0,-0.78125,-1.88671875,-1.9921875,0
76844419.0,7032.0,1.0,0.7037353516,0.1159057617,0.6994018555,-0.0460205078
76847387.0,2968.0,0.0,-1.203125,-1.47265625,-2.046875,0
76855419.0,8032.0,1.0,0.7041625977,0.1189575195,0.6983032227,-0.0487060547
76858387.0,2968.0,0.0,-1.5859375,-1.13671875,-2.13671875,0
76864419.0,6032.0,1.0,0.7045898438,0.1215209961,0.697265625,-0.0509033203
76867387.0,2968.0,0.0,-1.93359375,-1.03125,-2.14453125,0
76875419.0,8032.0,1.0,0.7052001953,0.123840332,0.696105957,-0.0528564453
76878387.0,2968.0,0.0,-2.3515625,-1.10546875,-2.24609375,0
76884419.0,6032.0,1.0,0.7059326172,0.1260986328,0.6948242188,-0.0547485352
76887387.0,2968.0,0.0,-2.55078125,-1.265625,-2.23046875,0
76895419.0,8032.0,1.0,0.7066650391,0.1283569336,0.6934814453,-0.056640625
76898387.0,2968.0,0.0,-2.734375,-1.46484375,-2.0546875,0
76904419.0,6032.0,1.0,0.7074584961,0.1309814453,0.6920166016,-0.0588378906
76907387.0,2968.0,0.0,-3.00390625,-1.59765625,-2.00390625,0
76914419.0,7032.0,1.0,0.7082519531,0.1340942383,0.6903686523,-0.0614013672
76917387.0,2968.0,0.0,-2.93359375,-1.56640625,-1.84375,0
76924419.0,7032.0,1.0,0.7090454102,0.1376953125,0.6885986328,-0.0643920898
76927387.0,2968.0,0.0,-2.8515625,-1.26953125,-1.7109375,0
76935419.0,8032.0,1.0,0.7098999023,0.1416015625,0.6866455078,-0.067565918
76938387.0,2968.0,0.0,-2.69921875,-0.81640625,-1.78125,0
76944419.0,6032.0,1.0,0.7108154297,0.1454467773,0.6845703125,-0.0706176758
76947387.0,2968.0,0.0,-2.16015625,-0.07421875,-1.8125,0
76954419.0,7032.0,1.0,0.7119140625,0.149230957,0.6822509766,-0.073425293
76957387.0,2968.0,0.0,-1.73828125,0.09375,-1.61328125,0
76964419.0,7032.0,1.0,0.7131958008,0.1527099609,0.6798706055,-0.0758056641
76967387.0,2968.0,0.0,-1.3203125,0.1953125,-1.546875,0
76975419.0,8032.0,1.0,0.7146606445,0.1558227539,0.6774291992,-0.0778198242
76978387.0,2968.0,0.0,-1.01171875,0.171875,-1.46875,0
76984419.0,6032.0,1.0,0.7161865234,0.1587524414,0.6749267578,-0.0794677734
76987387.0,2968.0,0.0,-0.59765625,0.0703125,-1.2109375,0
76994419.0,7032.0,1.0,0.7180175781,0.1618041992,0.6721191406,-0.0809936523
76997387.0,2968.0,0.0,-0.32421875,0.0,-1.2578125,0
77004419.0,7032.0,1.0,0.7199707031,0.1647949219,0.669128418,-0.0823364258
77007387.0,2968.0,0.0,-0.0703125,-0.03125,-1.12890625,0
77015419.0,8032.0,1.0,0.7219848633,0.1676635742,0.6660766602,-0.0834350586
77018387.0,2968.0,0.0,0.15234375,-0.03125,-1.03125,0
77025419.0,7032.0,1.0,0.7243041992,0.1704711914,0.6627807617,-0.0842895508
77028387.0,2968.0,0.0,0.6875,0.19921875,-1.140625,0
77034419.0,6032.0,1.0,0.7266845703,0.1729736328,0.6594238281,-0.0847167969
77037387.0,2968.0,0.0,0.91015625,0.234375,-1.078125,0
77044419.0,7032.0,1.0,0.7292480469,0.1751708984,0.6560058594,-0.0846557617
77047387.0,2968.0,0.0,1.0546875,0.1875,-1.15625,0
77055419.0,8032.0,1.0,0.7320556641,0.1770019531,0.6524658203,-0.0841064453
77058387.0,2968.0,0.0,1.23828125,-0.05859375,-1.2265625,0
77064419.0,6032.0,1.0,0.7349243164,0.1787719727,0.6488037109,-0.0833129883
77067387.0,2968.0,0.0,1.53125,-0.36328125,-0.84375,0
77075419.0,8032.0,1.0,0.7379150391,0.1805419922,0.6450805664,-0.0823974609
77079387.0,3968.0,0.0,1.67578125,-0.265625,-0.88671875,0
77085419.0,6032.0,1.0,0.7409057617,0.1821899414,0.6412963867,-0.0812988281
77088387.0,2968.0,0.0,1.73046875,-0.24609375,-0.92578125,0
77095419.0,7032.0,1.0,0.7440795898,0.1836547852,0.6373901367,-0.0797729492
77098387.0,2968.0,0.0,1.67578125,-0.453125,-0.8203125,0
77104419.0,6032.0,1.0,0.7475585938,0.1851196289,0.6331176758,-0.0778808594
77107387.0,2968.0,0.0,1.8046875,-1.08984375,-0.953125,0
77115419.0,8032.0,1.0,0.7509155273,0.186706543,0.6288452148,-0.0761108398
77118387.0,2968.0,0.0,2.05859375,-1.3046875,-1.0390625,0
77125419.0,7032.0,1.0,0.7542114258,0.188659668,0.6245117188,-0.0745239258
77128387.0,2968.0,0.0,2.1484375,-1.09765625,-1.20703125,0
77134419.0,6032.0,1.0,0.7574462891,0.1907958984,0.6201171875,-0.0729370117
77137387.0,2968.0,0.0,2.30859375,-0.43359375,-1.28515625,0
77145419.0,8032.0,1.0,0.7608642578,0.1928100586,0.6155395508,-0.0709228516
77148387.0,2968.0,0.0,2.46875,-0.359375,-1.46484375,0
77155419.0,7032.0,1.0,0.7643432617,0.194519043,0.6109008789,-0.0686035156
77158387.0,2968.0,0.0,2.74609375,-0.46875,-1.2421875,0
77165419.0,7032.0,1.0,0.7678222656,0.1960449219,0.6063232422,-0.0659790039
77168387.0,2968.0,0.0,2.90625,-0.69921875,-0.76953125,0
77174419.0,6032.0,1.0,0.7711791992,0.1975708008,0.6018676758,-0.0634765625
77177387.0,2968.0,0.0,2.90234375,-0.83984375,-0.3984375,0
77185419.0,8032.0,1.0,0.7748413086,0.1994018555,0.5968017578,-0.060546875
77188387.0,2968.0,0.0,2.828125,-0.91796875,-0.421875,0
77195419.0,7032.0,1.0,0.7782592773,0.2012329102,0.5920410156,-0.0577392578
77198387.0,2968.0,0.0,2.7109375,-1.03125,-0.484375,0
77205419.0,7032.0,1.0,0.7817382813,0.2032470703,0.5870361328,-0.0548706055
77208387.0,2968.0,0.0,2.671875,-1.08203125,-0.49609375,0
77215419.0,7032.0,1.0,0.7850952148,0.2053833008,0.58203125,-0.0520019531
77218387.0,2968.0,0.0,2.43359375,-0.8515625,-0.59765625,0
77225419.0,7032.0,1.0,0.7883300781,0.2075195313,0.5771484375,-0.0490722656
77228387.0,2968.0,0.0,2.42578125,-0.78515625,-0.68359375,0
77235419.0,7032.0,1.0,0.7915039063,0.2096557617,0.5722045898,-0.0459594727
77238387.0,2968.0,0.0,2.484375,-0.59375,-0.77734375,0
77244419.0,6032.0,1.0,0.7945556641,0.2116699219,0.5675048828,-0.0428466797
77247387.0,2968.0,0.0,2.5546875,-0.44140625,-0.85546875,0
77255419.0,8032.0,1.0,0.797668457,0.213684082,0.5625610352,-0.0393676758
77258387.0,2968.0,0.0,2.57421875,-0.421875,-0.21875,0
77265419.0,7032.0,1.0,0.8008422852,0.2158813477,0.5574951172,-0.0357666016
77268387.0,2968.0,0.0,2.7890625,-0.39453125,0.0,0
77275419.0,7032.0,1.0,0.8037719727,0.2180175781,0.5526123047,-0.0321655273
77278387.0,2968.0,0.0,2.71875,-0.28515625,0.2578125,0
77285419.0,7032.0,1.0,0.8067016602,0.2200927734,0.5477294922,-0.028503418
77288387.0,2968.0,0.0,2.12890625,-0.171875,0.37109375,0
77295419.0,7032.0,1.0,0.8095092773,0.2220458984,0.5429077148,-0.024597168
77298387.0,2968.0,0.0,1.91796875,-0.22265625,0.39453125,0
77305419.0,7032.0,1.0,0.8122558594,0.2238769531,0.5382080078,-0.0206298828
77308387.0,2968.0,0.0,1.65625,-0.30859375,0.35546875,0
77315419.0,7032.0,1.0,0.8148803711,0.2258300781,0.5335083008,-0.0166625977
77318387.0,2968.0,0.0,1.5546875,-0.31640625,0.12109375,0
77325419.0,7032.0,1.0,0.8173217773,0.2279052734,0.5290527344,-0.012878418
77328387.0,2968.0,0.0,1.4921875,0.2890625,-0.1015625,0
77335419.0,7032.0,1.0,0.8197021484,0.2301635742,0.5244140625,-0.0088500977
77338387.0,2968.0,0.0,1.5390625,0.62109375,-0.24609375,0
77345419.0,7032.0,1.0,0.8219604492,0.2322387695,0.5200195313,-0.0048217773
77348387.0,2968.0,0.0,1.62890625,0.61328125,-0.1640625,0
77355419.0,7032.0,1.0,0.82421875,0.2341918945,0.515625,-0.0006103516
77358387.0,2968.0,0.0,1.75,0.4296875,0.1484375,0
77364419.0,6032.0,1.0,0.826171875,0.2361450195,0.5114746094,0.0032958984
77367387.0,2968.0,0.0,1.95703125,0.38671875,0.23828125,0
77375419.0,8032.0,1.0,0.8281860352,0.2385253906,0.5071411133,0.0073242187
77378387.0,2968.0,0.0,1.6953125,0.45703125,0.21484375,0
77385419.0,7032.0,1.0,0.8300170898,0.2411499023,0.502746582,0.0112304688
77388387.0,2968.0,0.0,1.39453125,0.63671875,0.12109375,0
77395419.0,7032.0,1.0,0.8317260742,0.2436523438,0.4986572266,0.0150146484
77398387.0,2968.0,0.0,1.1328125,0.859375,0.01953125,0
77408419.0,10032.0,1.0,0.8333129883,0.2459716797,0.4946899414,0.0188598633
77411387.0,2968.0,0.0,0.9453125,1.203125,-0.0546875,0
77415419.0,4032.0,1.0,0.8350830078,0.2481689453,0.4904174805,0.0232543945
77419387.0,3968.0,0.0,0.83203125,1.1171875,-0.1171875,0
77425419.0,6032.0,1.0,0.8366699219,0.25,0.4865112305,0.0275268555
77428387.0,2968.0,0.0,0.796875,1.0078125,-0.2890625,0
77435419.0,7032.0,1.0,0.8382568359,0.2518920898,0.4826049805,0.0317993164
77438387.0,2968.0,0.0,0.95703125,0.921875,-0.3046875,0
77445419.0,7032.0,1.0,0.8397216797,0.2539672852,0.4786376953,0.0360717773
77448387.0,2968.0,0.0,1.2265625,1.15625,-0.46484375,0
77455419.0,7032.0,1.0,0.8411254883,0.2559814453,0.4747314453,0.0403442383
77459387.0,3968.0,0.0,1.34765625,1.1953125,-0.484375,0
77465419.0,6032.0,1.0,0.8426513672,0.2568969727,0.4710693359,0.0451660156
77468387.0,2968.0,0.0,2.9609375,4.80859375,8.91796875,0
77475419.0,7032.0,1.0,0.8442993164,0.2554931641,0.4682617188,0.0511474609
77478387.0,2968.0,0.0,0.71484375,9.05859375,17.55078125,0
77485419.0,7032.0,1.0,0.8457641602,0.251953125,0.4666748047,0.0582275391
77488387.0,2968.0,0.0,1.2421875,6.32421875,10.4765625,0
77495419.0,7032.0,1.0,0.8466186523,0.2484130859,0.4661254883,0.0650024414
77498387.0,2968.0,0.0,0.90625,2.86328125,11.34765625,0
77505419.0,7032.0,1.0,0.8463134766,0.2470703125,0.4666748047,0.0703125
77508387.0,2968.0,0.0,2.14453125,3.2578125,8.1328125,0
77515419.0,7032.0,1.0,0.8450317383,0.2476196289,0.4680175781,0.0742797852
77518387.0,2968.0,0.0,3.42578125,3.98046875,4.01171875,0
77525419.0,7032.0,1.0,0.8433227539,0.2486572266,0.4700317383,0.0776977539
77528387.0,2968.0,0.0,3.5390625,3.5546875,2.6796875,0
77535419.0,7032.0,1.0,0.8415527344,0.2492675781,0.4722900391,0.0809936523
77539387.0,3968.0,0.0,4.8046875,1.76171875,1.03125,0
77545419.0,6032.0,1.0,0.8399047852,0.2492675781,0.4746704102,0.0845336914
77548387.0,2968.0,0.0,4.8125,-2.03125,-1.80078125,0
77554419.0,6032.0,1.0,0.8382568359,0.2495117188,0.4768676758,0.0878295898
77557387.0,2968.0,0.0,3.578125,-4.89453125,-0.57421875,0
77565419.0,8032.0,1.0,0.8361206055,0.2509155273,0.4792480469,0.0911865234
77568387.0,2968.0,0.0,2.734375,-5.44140625,0.23828125,0
77575419.0,7032.0,1.0,0.8336181641,0.2537231445,0.4815063477,0.0939941406
77578387.0,2968.0,0.0,2.3671875,-4.8125,0.078125,0
77587419.0,9032.0,1.0,0.830871582,0.2578125,0.4837646484,0.0960693359
77590387.0,2968.0,0.0,2.28125,-3.703125,-0.45703125,0
77595419.0,5032.0,1.0,0.8276367188,0.2631835938,0.4860229492,0.0979003906
77598387.0,2968.0,0.0,1.9609375,0.1953125,-1.93359375,0
77605419.0,7032.0,1.0,0.8244018555,0.2683105469,0.4881591797,0.1000976563
77608387.0,2968.0,0.0,1.70703125,2.40625,-1.54296875,0
77615419.0,7032.0,1.0,0.8218994141,0.2717285156,0.4899902344,0.1030273438
77618387.0,2968.0,0.0,1.30078125,3.9765625,-0.70703125,0
77625419.0,7032.0,1.0,0.8199462891,0.2734375,0.4915161133,0.1067504883
77628387.0,2968.0,0.0,1.0078125,4.6875,-0.51171875,0
77635419.0,7032.0,1.0,0.8184204102,0.2739868164,0.4927978516,0.1109008789
77638387.0,2968.0,0.0,-0.203125,4.75390625,-1.2109375,0
77645419.0,7032.0,1.0,0.8171386719,0.2739257813,0.4939575195,0.1150512695
77648387.0,2968.0,0.0,-0.9453125,4.72265625,-0.92578125,0
77655419.0,7032.0,1.0,0.8161621094,0.2733764648,0.494934082,0.1190795898
77658387.0,2968.0,0.0,-0.96875,4.77734375,0.1171875,0
77665419.0,7032.0,1.0,0.8153076172,0.2723388672,0.4959106445,0.123046875
77668387.0,2968.0,0.0,-0.2578125,3.60546875,2.1171875,0
77675419.0,7032.0,1.0,0.8146362305,0.2709350586,0.4968261719,0.126953125
77678387.0,2968.0,0.0,-0.234375,2.890625,0.69921875,0
77685419.0,7032.0,1.0,0.8140869141,0.2694702148,0.4976196289,0.1305541992
77688387.0,2968.0,0.0,-0.08984375,2.00390625,0.19140625,0
77695419.0,7032.0,1.0,0.8134765625,0.2681274414,0.4984130859,0.1337890625
77698387.0,2968.0,0.0,0.35546875,1.49609375,0.0078125,0
77705419.0,7032.0,1.0,0.8130493164,0.2669067383,0.4990234375,0.1366577148
77708387.0,2968.0,0.0,-0.2265625,1.82421875,-0.6484375,0
77715419.0,7032.0,1.0,0.8127441406,0.2655029297,0.4995117188,0.1395263672
77718387.0,2968.0,0.0,-0.5390625,2.1640625,-0.4296875,0
77725419.0,7032.0,1.0,0.8126831055,0.263671875,0.4997558594,0.1423339844
77728387.0,2968.0,0.0,-0.703125,1.93359375,-0.17578125,0
77735419.0,7032.0,1.0,0.8129272461,0.2612304688,0.4998168945,0.1454467773
77738387.0,2968.0,0.0,-0.79296875,1.13671875,-0.08984375,0
77744419.0,6032.0,1.0,0.8132324219,0.2587890625,0.4996948242,0.1483154297
77747387.0,2968.0,0.0,-0.95703125,-0.12109375,1.265625,0
77755419.0,8032.0,1.0,0.8135375977,0.2564086914,0.4995117188,0.151184082
77758387.0,2968.0,0.0,-0.1953125,-0.46484375,1.39453125,0
77765419.0,7032.0,1.0,0.8137207031,0.2547607422,0.4993286133,0.1535644531
77768387.0,2968.0,0.0,-0.09765625,-1.26953125,2.08984375,0
77775419.0,7032.0,1.0,0.813659668,0.2542114258,0.4992675781,0.155090332
77778387.0,2968.0,0.0,-0.3359375,-1.0859375,3.38671875,0
77785419.0,7032.0,1.0,0.8131713867,0.2551269531,0.4995117188,0.1555786133
77788387.0,2968.0,0.0,0.15625,-0.83203125,2.47265625,0
77795419.0,7032.0,1.0,0.8121337891,0.2577514648,0.5,0.1548461914
77798387.0,2968.0,0.0,1.51953125,-0.7890625,1.36328125,0
77805419.0,7032.0,1.0,0.810546875,0.2623901367,0.5008544922,0.1526489258
77808387.0,2968.0,0.0,0.0625,-0.875,2.453125,0
77815419.0,7032.0,1.0,0.8085327148,0.2684326172,0.5018920898,0.1493530273
77818387.0,2968.0,0.0,-0.48046875,-0.5078125,2.0703125,0
77825419.0,7032.0,1.0,0.8064575195,0.2747802734,0.5029296875,0.1455688477
77828387.0,2968.0,0.0,-0.91015625,3.30859375,2.68359375,0
77835419.0,7032.0,1.0,0.8048706055,0.2792358398,0.5037841797,0.1428222656
77838387.0,2968.0,0.0,-0.640625,3.98828125,1.21484375,0
77845419.0,7032.0,1.0,0.8043212891,0.2805175781,0.5043334961,0.1417236328
77848387.0,2968.0,0.0,-0.0234375,4.2890625,1.546875,0
77855419.0,7032.0,1.0,0.8046264648,0.2787475586,0.5045776367,0.1422729492
77858387.0,2968.0,0.0,0.32421875,2.3125,0.609375,0
77865419.0,7032.0,1.0,0.8056030273,0.2749633789,0.5046386719,0.1439819336
77868387.0,2968.0,0.0,0.5703125,1.23828125,-0.1640625,0
77875419.0,7032.0,1.0,0.8070678711,0.2696533203,0.5045166016,0.1463623047
77879387.0,3968.0,0.0,0.65234375,0.90234375,-0.10546875,0
77885419.0,6032.0,1.0,0.8087158203,0.2635498047,0.5042114258,0.1491699219
77888387.0,2968.0,0.0,1.47265625,1.34765625,0.46875,0
77895419.0,7032.0,1.0,0.8104248047,0.2572631836,0.5039672852,0.1518554688
77898387.0,2968.0,0.0,0.0703125,0.29296875,0.63671875,0
77905419.0,7032.0,1.0,0.8121948242,0.2506103516,0.5036621094,0.1545410156
77908387.0,2968.0,0.0,0.73828125,1.234375,0.28125,0
77915419.0,7032.0,1.0,0.8141479492,0.2432861328,0.5031738281,0.157409668
77919387.0,3968.0,0.0,-0.00390625,0.5078125,1.0546875,0
77925419.0,6032.0,1.0,0.81640625,0.2347412109,0.5025634766,0.1607666016
77928387.0,2968.0,0.0,0.77734375,0.94921875,0.33984375,0
77935419.0,7032.0,1.0,0.8187866211,0.2254638672,0.5016479492,0.1645507813
77938387.0,2968.0,0.0,1.10546875,-0.328125,0.62109375,0
77948419.0,10032.0,1.0,0.8214111328,0.2150878906,0.5005493164,0.168762207
77951387.0,2968.0,0.0,0.43359375,-1.828125,0.84765625,0
77955419.0,4032.0,1.0,0.8237915039,0.2055664063,0.4994506836,0.1723022461
77958387.0,2968.0,0.0,0.2578125,-2.9375,0.48828125,0
77965419.0,7032.0,1.0,0.825378418,0.1993408203,0.4987182617,0.1740722656
77968387.0,2968.0,0.0,0.234375,-4.28515625,0.6484375,0
77975419.0,7032.0,1.0,0.8262329102,0.1967773438,0.4985351563,0.1735229492
77978387.0,2968.0,0.0,-0.09375,-3.05078125,0.5859375,0
77985419.0,7032.0,1.0,0.8264160156,0.1973876953,0.4987792969,0.1712036133
77988387.0,2968.0,0.0,-0.1953125,-1.77734375,1.50390625,0
77995419.0,7032.0,1.0,0.8262939453,0.1991577148,0.4992675781,0.1681518555
77998387.0,2968.0,0.0,-0.03125,-0.1015625,2.1796875,0
78005419.0,7032.0,1.0,0.8264160156,0.2001953125,0.4995727539,0.1655273438
78008387.0,2968.0,0.0,0.17578125,1.6328125,1.91796875,0
78015419.0,7032.0,1.0,0.8268432617,0.1993408203,0.4996948242,0.1638793945
78018387.0,2968.0,0.0,0.07421875,2.62109375,1.91796875,0
78025419.0,7032.0,1.0,0.8276367188,0.1968383789,0.4996337891,0.1632080078
78028387.0,2968.0,0.0,-0.140625,0.859375,1.43359375,0
78035419.0,7032.0,1.0,0.8285522461,0.1939086914,0.4994506836,0.1627197266
78038387.0,2968.0,0.0,0.06640625,-0.7421875,0.25390625,0
78045419.0,7032.0,1.0,0.829284668,0.1917724609,0.4992675781,0.1618041992
78048387.0,2968.0,0.0,1.1171875,-1.66015625,1.03515625,0
78055419.0,7032.0,1.0,0.8298950195,0.1907958984,0.499206543,0.16015625
78058387.0,2968.0,0.0,1.73828125,-1.32421875,0.875,0
78065419.0,7032.0,1.0,0.8303222656,0.1908569336,0.4992675781,0.1578979492
78068387.0,2968.0,0.0,2.359375,-0.37890625,1.3359375,0
78076419.0,8032.0,1.0,0.8306274414,0.19140625,0.4992675781,0.1552734375
78079387.0,2968.0,0.0,2.8671875,-0.02734375,1.41015625,0
78085419.0,6032.0,1.0,0.8310546875,0.1917114258,0.499206543,0.1528320313
78088387.0,2968.0,0.0,3.37890625,0.9453125,1.1796875,0
78095419.0,7032.0,1.0,0.8316040039,0.1914672852,0.4990844727,0.1506347656
78098387.0,2968.0,0.0,3.05078125,0.9296875,1.05859375,0
78105419.0,7032.0,1.0,0.8323364258,0.1901855469,0.4989013672,0.1490478516
78108387.0,2968.0,0.0,2.859375,0.54296875,0.4609375,0
78115419.0,7032.0,1.0,0.8332519531,0.1875610352,0.4985351563,0.1482543945
78118387.0,2968.0,0.0,3.140625,0.6640625,0.62890625,0
78125419.0,7032.0,1.0,0.8342895508,0.1838378906,0.4981689453,0.1482543945
78128387.0,2968.0,0.0,4.0,-1.04296875,0.66796875,0
78135419.0,7032.0,1.0,0.8355102539,0.1788330078,0.4978027344,0.1488037109
78138387.0,2968.0,0.0,3.9765625,-0.55078125,1.546875,0
78145419.0,7032.0,1.0,0.8365478516,0.1737060547,0.4976196289,0.1495361328
78148387.0,2968.0,0.0,3.6015625,-0.25,1.421875,0
78155419.0,7032.0,1.0,0.8374633789,0.1688232422,0.4976806641,0.1500854492
78158387.0,2968.0,0.0,3.47265625,-0.515625,0.80859375,0
78165419.0,7032.0,1.0,0.8380126953,0.1647949219,0.498046875,0.1499633789
78168387.0,2968.0,0.0,3.7265625,-0.76171875,0.984375,0
78175419.0,7032.0,1.0,0.8381958008,0.1625366211,0.498840332,0.1488647461
78178387.0,2968.0,0.0,3.81640625,-1.48828125,0.25,0
78185419.0,7032.0,1.0,0.8380126953,0.1616210938,0.5,0.1468505859
78188387.0,2968.0,0.0,3.7265625,-1.57421875,0.34375,0
78195419.0,7032.0,1.0,0.8376464844,0.161315918,0.5014038086,0.1444091797
78198387.0,2968.0,0.0,3.48046875,-1.35546875,0.40234375,0
78205419.0,7032.0,1.0,0.8372192383,0.1607055664,0.5030517578,0.1421508789
78208387.0,2968.0,0.0,2.39453125,-0.63671875,0.3515625,0
78215419.0,7032.0,1.0,0.836730957,0.1595458984,0.5047607422,0.1401977539
78218387.0,2968.0,0.0,2.12109375,-0.99609375,-0.0078125,0
78225419.0,7032.0,1.0,0.8361206055,0.1583251953,0.5067138672,0.1381835938
78228387.0,2968.0,0.0,1.921875,-1.8671875,0.09765625,0
78235419.0,7032.0,1.0,0.8352050781,0.1575317383,0.5090332031,0.1358642578
78238387.0,2968.0,0.0,1.72265625,-3.1015625,0.28515625,0
78245419.0,7032.0,1.0,0.8340454102,0.157409668,0.51171875,0.1331176758
78248387.0,2968.0,0.0,1.68359375,-2.89453125,-0.16015625,0
78255419.0,7032.0,1.0,0.8325805664,0.1575927734,0.5147705078,0.130065918
78259387.0,3968.0,0.0,2.18359375,-2.671875,-0.91015625,0
78265419.0,6032.0,1.0,0.8309326172,0.1575317383,0.5181884766,0.1271362305
78268387.0,2968.0,0.0,2.71875,-2.1875,-0.77734375,0
78275419.0,7032.0,1.0,0.8291625977,0.1568603516,0.5218505859,0.1245727539
78278387.0,2968.0,0.0,3.41796875,-1.27734375,-0.82421875,0
78288419.0,10032.0,1.0,0.8274536133,0.155090332,0.5255737305,0.1226806641
78291387.0,2968.0,0.0,3.46484375,-1.23828125,-1.265625,0
78295419.0,4032.0,1.0,0.8255004883,0.1517944336,0.5297851563,0.1216430664
78298387.0,2968.0,0.0,3.328125,-1.2890625,-1.42578125,0
78305419.0,7032.0,1.0,0.823425293,0.147644043,0.5343017578,0.1211547852
78308387.0,2968.0,0.0,2.9609375,-1.10546875,-2.015625,0
78315419.0,7032.0,1.0,0.8212280273,0.143737793,0.5387573242,0.1207885742
78318387.0,2968.0,0.0,1.1796875,-1.2734375,-4.39453125,0
78325419.0,7032.0,1.0,0.8186035156,0.139465332,0.5440063477,0.1204833984
78328387.0,2968.0,0.0,0.13671875,1.703125,-5.51171875,0
78335419.0,7032.0,1.0,0.8159790039,0.1348876953,0.5490112305,0.1205444336
78339387.0,3968.0,0.0,-0.95703125,0.0859375,-4.4375,0
78345419.0,6032.0,1.0,0.813293457,0.1294555664,0.5541992188,0.12109375
78348387.0,2968.0,0.0,-1.203125,1.16015625,-4.890625,0
78356419.0,8032.0,1.0,0.8103637695,0.1232299805,0.5596923828,0.1221313477
78359387.0,2968.0,0.0,-2.91015625,-3.96875,-2.62109375,0
78365419.0,6032.0,1.0,0.8073120117,0.1171875,0.5651245117,0.1231079102
78368387.0,2968.0,0.0,-2.109375,-0.59765625,-3.1484375,0
78375419.0,7032.0,1.0,0.8039550781,0.111328125,0.5708618164,0.1239013672
78378387.0,2968.0,0.0,-2.01171875,-3.01171875,-3.09765625,0
78385419.0,7032.0,1.0,0.8003540039,0.1052856445,0.5768432617,0.1247558594
78388387.0,2968.0,0.0,-0.8359375,-0.94140625,-3.03515625,0
78395419.0,7032.0,1.0,0.7964477539,0.0989990234,0.583190918,0.1255493164
78398387.0,2968.0,0.0,0.34375,-0.1328125,-2.3046875,0
78405419.0,7032.0,1.0,0.7923583984,0.0928955078,0.5895385742,0.1262207031
78408387.0,2968.0,0.0,0.55859375,-2.34765625,-0.88671875,0
78416419.0,8032.0,1.0,0.787902832,0.0870361328,0.5962524414,0.1267089844
78419387.0,2968.0,0.0,2.00390625,-1.01171875,-0.41015625,0
78425419.0,6032.0,1.0,0.7834472656,0.0819702148,0.6028442383,0.1268920898
78428387.0,2968.0,0.0,1.71875,-1.28515625,-1.234375,0
78436419.0,8032.0,1.0,0.7783813477,0.0770874023,0.6099853516,0.1268310547
78439387.0,2968.0,0.0,-0.640625,-0.6484375,-3.7265625,0
78445419.0,6032.0,1.0,0.7730102539,0.0726318359,0.6174316406,0.1264648438
78448387.0,2968.0,0.0,-1.58203125,0.2578125,-4.453125,0
78456419.0,8032.0,1.0,0.7677612305,0.0688476563,0.6244506836,0.1259765625
78459387.0,2968.0,0.0,-2.015625,-0.6484375,-5.37109375,0
78465419.0,6032.0,1.0,0.7623901367,0.0651855469,0.6314697266,0.1254882813
78468387.0,2968.0,0.0,-4.46484375,0.203125,-6.2109375,0
78475419.0,7032.0,1.0,0.757019043,0.0614624023,0.6382446289,0.1253662109
78478387.0,2968.0,0.0,-4.03515625,0.22265625,-5.5859375,0
78485419.0,7032.0,1.0,0.7515869141,0.0577392578,0.6449584961,0.1256713867
78488387.0,2968.0,0.0,-4.76171875,-1.84765625,-4.5546875,0
78496419.0,8032.0,1.0,0.7460327148,0.0543212891,0.651550293,0.1263427734
78499387.0,2968.0,0.0,-5.14453125,-1.1953125,-3.82421875,0
78505419.0,6032.0,1.0,0.7404174805,0.0516357422,0.6580200195,0.1271972656
78508387.0,2968.0,0.0,-6.41796875,-1.5625,-2.90234375,0
78515419.0,7032.0,1.0,0.7342529297,0.0501098633,0.664855957,0.1278686523
78518387.0,2968.0,0.0,-7.0078125,-2.55859375,-4.0703125,0
78525419.0,7032.0,1.0,0.7282104492,0.0502319336,0.6714477539,0.1279907227
78528387.0,2968.0,0.0,-6.75390625,-0.95703125,-3.59375,0
78536419.0,8032.0,1.0,0.7221679688,0.0518798828,0.6778564453,0.1276855469
78539387.0,2968.0,0.0,-5.98046875,-1.70703125,-5.15234375,0
78549419.0,10032.0,1.0,0.7163696289,0.0542602539,0.6838378906,0.1271972656
78552387.0,2968.0,0.0,-4.82421875,0.7109375,-7.6171875,0
78556419.0,4032.0,1.0,0.7105102539,0.0570068359,0.6897583008,0.1268920898
78559387.0,2968.0,0.0,-3.7109375,-0.171875,-8.83984375,0
78565419.0,6032.0,1.0,0.7044067383,0.0601196289,0.6958007813,0.1265869141
78568387.0,2968.0,0.0,-5.09765625,-0.5546875,-8.3828125,0
78576419.0,8032.0,1.0,0.6986083984,0.0629882813,0.7013549805,0.1264648438
78579387.0,2968.0,0.0,-5.08984375,0.89453125,-6.734375,0
78585419.0,6032.0,1.0,0.6928710938,0.0656738281,0.7067871094,0.1265869141
78588387.0,2968.0,0.0,-5.796875,-0.140625,-5.6875,0
78595419.0,7032.0,1.0,0.6873168945,0.068359375,0.7119750977,0.1267700195
78598387.0,2968.0,0.0,-5.421875,-0.15234375,-5.6484375,0
78606419.0,8032.0,1.0,0.6818847656,0.0709838867,0.7168579102,0.1268310547
78609387.0,2968.0,0.0,-4.546875,-0.10546875,-6.08203125,0
78616419.0,7032.0,1.0,0.6766967773,0.073425293,0.721496582,0.1268310547
78619387.0,2968.0,0.0,-3.98828125,0.125,-6.125,0
78625419.0,6032.0,1.0,0.6715698242,0.0756225586,0.7260742188,0.1267089844
78628387.0,2968.0,0.0,-3.92578125,1.44140625,-6.40625,0
78635419.0,7032.0,1.0,0.6666870117,0.0775756836,0.73046875,0.1262817383
78638387.0,2968.0,0.0,-3.09375,2.64453125,-6.65625,0
78646419.0,8032.0,1.0,0.6619873047,0.0790405273,0.7346801758,0.125793457
78649387.0,2968.0,0.0,-2.984375,2.3984375,-5.6328125,0
78656419.0,7032.0,1.0,0.6574707031,0.0797729492,0.7387084961,0.1253662109
78659387.0,2968.0,0.0,-1.65234375,2.97265625,-5.78515625,0
78665419.0,6032.0,1.0,0.653137207,0.0795898438,0.7425537109,0.1251220703
78668387.0,2968.0,0.0,-1.8515625,3.5859375,-5.62890625,0
78675419.0,7032.0,1.0,0.6491699219,0.0785522461,0.7461547852,0.1252441406
78679387.0,3968.0,0.0,-1.69921875,3.2890625,-6.28515625,0
78686419.0,7032.0,1.0,0.645324707,0.0765991211,0.7495727539,0.1256713867
78689387.0,2968.0,0.0,-1.74609375,2.92578125,-5.6015625,0
78695419.0,6032.0,1.0,0.641784668,0.0737915039,0.752746582,0.1267089844
78698387.0,2968.0,0.0,-2.2109375,5.34765625,-5.546875,0
78711419.0,13032.0,1.0,0.6382446289,0.0697021484,0.7557983398,0.1287231445
78716419.0,5000.0,1.0,0.6348876953,0.0650634766,0.7585449219,0.1314697266
78718387.0,1968.0,0.0,-1.0234375,3.703125,-4.65625,0
78726419.0,8032.0,1.0,0.6314697266,0.0600585937,0.7612915039,0.1347045898
78729387.0,2968.0,0.0,-0.80078125,2.21484375,-4.30859375,0
78735419.0,6032.0,1.0,0.6283569336,0.055847168,0.7636108398,0.137878418
78738387.0,2968.0,0.0,-1.15625,1.48828125,-4.58203125,0
78745419.0,7032.0,1.0,0.625,0.0517578125,0.7659301758,0.1416625977
78748387.0,2968.0,0.0,-1.69921875,0.7890625,-2.94140625,0
78755419.0,7032.0,1.0,0.6217041016,0.0482177734,0.7680053711,0.1458740234
78759387.0,3968.0,0.0,-1.90625,-0.07421875,-0.42578125,0
78766419.0,7032.0,1.0,0.6181030273,0.0453491211,0.7702026367,0.1505126953
78769387.0,2968.0,0.0,-2.3359375,-1.875,0.83203125,0
78776419.0,7032.0,1.0,0.614074707,0.0440063477,0.772644043,0.1549682617
78779387.0,2968.0,0.0,-3.29296875,-3.69921875,1.8359375,0
78785419.0,6032.0,1.0,0.6098022461,0.0445556641,0.7752075195,0.1586303711
78788387.0,2968.0,0.0,-3.6328125,-4.03125,2.0,0
78796419.0,8032.0,1.0,0.6052246094,0.046875,0.7780151367,0.1618041992
78799387.0,2968.0,0.0,-4.3203125,-3.6796875,1.05859375,0
78806419.0,7032.0,1.0,0.6006469727,0.0504760742,0.7807006836,0.1647949219
78809387.0,2968.0,0.0,-5.01953125,-4.15625,0.8828125,0
78816419.0,7032.0,1.0,0.5960693359,0.0550537109,0.7832641602,0.1679077148
78819387.0,2968.0,0.0,-4.8828125,-4.2578125,-0.1640625,0
78825419.0,6032.0,1.0,0.5914916992,0.0604858398,0.7855834961,0.1712646484
78828387.0,2968.0,0.0,-4.71484375,-4.30078125,0.34375,0
78836419.0,8032.0,1.0,0.5869140625,0.0664672852,0.7877197266,0.1750488281
78839387.0,2968.0,0.0,-4.5859375,-4.33984375,1.69140625,0
78846419.0,7032.0,1.0,0.5821533203,0.0728759766,0.7896118164,0.1796264648
78849387.0,2968.0,0.0,-6.53515625,-5.484375,4.26953125,0
78856419.0,7032.0,1.0,0.5773925781,0.0796508789,0.7913208008,0.1848144531
78859387.0,2968.0,0.0,-7.72265625,-5.7109375,5.03515625,0
78868419.0,9032.0,1.0,0.5725708008,0.0874023438,0.7927856445,0.1898193359
78871387.0,2968.0,0.0,-8.30859375,-7.08203125,5.52734375,0
78878419.0,7032.0,1.0,0.5675048828,0.0968017578,0.7941894531,0.1945800781
78881387.0,2968.0,0.0,-8.4453125,-5.75390625,4.54296875,0
78885419.0,4032.0,1.0,0.5619506836,0.1076660156,0.7955322266,0.19921875
78888387.0,2968.0,0.0,-9.97265625,-3.48046875,1.5625,0
78895419.0,7032.0,1.0,0.5562744141,0.1197509766,0.7966308594,0.2039794922
78898387.0,2968.0,0.0,-11.4765625,-1.953125,2.15625,0
78905419.0,7032.0,1.0,0.5505371094,0.1325073242,0.7972412109,0.2091674805
78908387.0,2968.0,0.0,-12.109375,-1.61328125,1.97265625,0
78916419.0,8032.0,1.0,0.5449829102,0.1456298828,0.7971801758,0.2150268555
78919387.0,2968.0,0.0,-14.01171875,-2.24609375,3.5,0
78925419.0,6032.0,1.0,0.5397338867,0.1591796875,0.7965087891,0.2211303711
78928387.0,2968.0,0.0,-16.41796875,4.66796875,1.4140625,0
78935419.0,7032.0,1.0,0.5343017578,0.1745605469,0.7948608398,0.2284545898
78938387.0,2968.0,0.0,-14.0234375,6.6875,-1.9765625,0
78948419.0,10032.0,1.0,0.5295410156,0.1892700195,0.7922363281,0.2368774414
78951387.0,2968.0,0.0,-10.48828125,9.9140625,-2.21484375,0
78958419.0,7032.0,1.0,0.5252075195,0.2042236328,0.7880859375,0.2476806641
78961387.0,2968.0,0.0,-2.79296875,10.32421875,2.52734375,0
78965419.0,4032.0,1.0,0.5212402344,0.2192993164,0.7830810547,0.2588500977
78968387.0,2968.0,0.0,-1.5859375,7.5078125,2.19140625,0
78975419.0,7032.0,1.0,0.5159301758,0.2389526367,0.7787475586,0.2651367188
78978387.0,2968.0,0.0,-3.58203125,-5.1875,3.65625,0
78986419.0,8032.0,1.0,0.5116577148,0.2598876953,0.7731933594,0.2697753906
78989387.0,2968.0,0.0,-4.9296875,24.23046875,1.3125,0
78996419.0,7032.0,1.0,0.5159301758,0.270324707,0.7606201172,0.2867431641
78999387.0,2968.0,0.0,2.046875,69.06640625,-13.53515625,0
79006419.0,7032.0,1.0,0.5303955078,0.2666015625,0.7392578125,0.3179321289
79009387.0,2968.0,0.0,15.94140625,31.2109375,-25.7890625,0
79016419.0,7032.0,1.0,0.5512695313,0.2537231445,0.7124633789,0.3522949219
79019387.0,2968.0,0.0,11.09375,6.21875,-11.7265625,0
79028419.0,9032.0,1.0,0.5733032227,0.2412719727,0.6868896484,0.3759765625
79031387.0,2968.0,0.0,13.7421875,-20.8515625,-20.46875,0
79038419.0,7032.0,1.0,0.5973510742,0.2284545898,0.6617431641,0.3912353516
79042387.0,3968.0,0.0,10.59375,-3.0078125,-7.9765625,0
79047419.0,5032.0,1.0,0.6247558594,0.2092895508,0.6343994141,0.4041748047
79050387.0,2968.0,0.0,7.43359375,-18.1875,-5.734375,0
79056419.0,6032.0,1.0,0.6504516602,0.1879882813,0.6100463867,0.4116210938
79059387.0,2968.0,0.0,6.671875,-27.77734375,-1.359375,0
79068419.0,9032.0,1.0,0.6749267578,0.1669921875,0.5887451172,0.4122924805
79071387.0,2968.0,0.0,7.35546875,-29.39453125,3.0859375,0
79078419.0,7032.0,1.0,0.6977539063,0.1479492188,0.5711669922,0.40625
79081387.0,2968.0,0.0,12.80859375,-24.328125,7.015625,0
79086419.0,5032.0,1.0,0.71875,0.1305541992,0.5570068359,0.3950805664
79089387.0,2968.0,0.0,13.66796875,-20.8125,9.20703125,0
79095419.0,6032.0,1.0,0.7376098633,0.1146850586,0.5458984375,0.3804931641
79098387.0,2968.0,0.0,14.609375,-17.28125,8.76953125,0
79107419.0,9032.0,1.0,0.75390625,0.1009521484,0.5374755859,0.364074707
79110387.0,2968.0,0.0,14.48828125,-12.9296875,7.76171875,0
79118419.0,8032.0,1.0,0.7681884766,0.0887451172,0.5310668945,0.3464355469
79121387.0,2968.0,0.0,15.12890625,-8.1328125,3.4375,0
79125419.0,4032.0,1.0,0.7807617188,0.0777587891,0.5260009766,0.328125
79128387.0,2968.0,0.0,14.01171875,-5.57421875,3.14453125,0
79135419.0,7032.0,1.0,0.7917480469,0.0681152344,0.5222167969,0.3095703125
79138387.0,2968.0,0.0,13.578125,-4.6875,1.03515625,0
79146419.0,8032.0,1.0,0.8011474609,0.0592651367,0.5192260742,0.2916870117
79149387.0,2968.0,0.0,13.19921875,-3.046875,1.1484375,0
79156419.0,7032.0,1.0,0.8088989258,0.0504760742,0.516784668,0.2758178711
79159387.0,2968.0,0.0,12.03515625,-4.46484375,2.21875,0
79166419.0,7032.0,1.0,0.8154296875,0.0417480469,0.5147094727,0.2615356445
79169387.0,2968.0,0.0,11.125,-7.6953125,3.7265625,0
79176419.0,7032.0,1.0,0.8208618164,0.0342407227,0.5135498047,0.2476196289
79179387.0,2968.0,0.0,10.0546875,-10.109375,3.7265625,0
79188419.0,9032.0,1.0,0.8248291016,0.0294799805,0.5135498047,0.2345581055
79191387.0,2968.0,0.0,8.921875,-10.3125,3.11328125,0
79198419.0,7032.0,1.0,0.8279418945,0.0260009766,0.5146484375,0.2212524414
79201387.0,2968.0,0.0,6.80078125,-6.90625,2.43359375,0
79205419.0,4032.0,1.0,0.8299560547,0.0228881836,0.5165405273,0.2094116211
79208387.0,2968.0,0.0,6.2890625,-6.27734375,1.50390625,0
79216419.0,8032.0,1.0,0.8309936523,0.01953125,0.5192871094,0.1984863281
79219387.0,2968.0,0.0,5.38671875,-5.3515625,0.6796875,0
79226419.0,7032.0,1.0,0.831237793,0.016418457,0.5225219727,0.1891479492
79229387.0,2968.0,0.0,2.19140625,-1.07421875,-1.48828125,0
79236419.0,7032.0,1.0,0.830871582,0.0139770508,0.5259399414,0.1810913086
79239387.0,2968.0,0.0,0.8984375,-0.23046875,-3.37890625,0
79246419.0,7032.0,1.0,0.8301391602,0.0123291016,0.5295410156,0.1741943359
79249387.0,2968.0,0.0,0.0625,2.0,-3.80859375,0
79256419.0,7032.0,1.0,0.8289794922,0.0108032227,0.5330810547,0.168762207
79259387.0,2968.0,0.0,-0.47265625,4.1484375,-3.4296875,0
79265419.0,6032.0,1.0,0.8274536133,0.0092163086,0.5366210938,0.1649780273
79268387.0,2968.0,0.0,-1.12109375,3.3671875,-3.51171875,0
79276419.0,8032.0,1.0,0.8255004883,0.0076293945,0.5404663086,0.1623535156
79279387.0,2968.0,0.0,-1.58984375,2.41015625,-3.359375,0
79286419.0,7032.0,1.0,0.8232421875,0.0065917969,0.5444335938,0.1607055664
79289387.0,2968.0,0.0,-2.09375,1.1328125,-3.12109375,0
79296419.0,7032.0,1.0,0.8205566406,0.0059204102,0.5487670898,0.1597900391
79299387.0,2968.0,0.0,-3.08984375,0.02734375,-2.49609375,0
79311419.0,12032.0,1.0,0.8176269531,0.0056152344,0.5531616211,0.1595458984
79315387.0,3968.0,0.0,-7.234375,-1.04296875,-1.3671875,0
79318419.0,3032.0,1.0,0.8142089844,0.0054931641,0.5581054688,0.1597900391
79321387.0,2968.0,0.0,-7.203125,-1.05859375,-1.2578125,0
79325419.0,4032.0,1.0,0.8106079102,0.005859375,0.5632324219,0.1602172852
79328387.0,2968.0,0.0,-5.29296875,-2.00390625,-1.54296875,0
79336419.0,8032.0,1.0,0.8064575195,0.0073852539,0.5690307617,0.1605224609
79339387.0,2968.0,0.0,-2.6875,-3.3828125,-0.7578125,0
79346419.0,7032.0,1.0,0.801940918,0.0103759766,0.575378418,0.1603393555
79349387.0,2968.0,0.0,1.296875,-3.140625,0.80078125,0
79356419.0,7032.0,1.0,0.7971191406,0.0149536133,0.5822143555,0.159362793
79360387.0,3968.0,0.0,2.4765625,-3.0625,-0.8125,0
79366419.0,6032.0,1.0,0.7919921875,0.0206298828,0.5894775391,0.1577758789
79369387.0,2968.0,0.0,2.1640625,0.22265625,-0.5703125,0
79376419.0,7032.0,1.0,0.7864990234,0.0267944336,0.5970458984,0.1558227539
79379387.0,2968.0,0.0,1.99609375,-1.08984375,-1.6171875,0
79386419.0,7032.0,1.0,0.7807617188,0.0328369141,0.604675293,0.1539306641
79389387.0,2968.0,0.0,0.609375,2.5390625,-3.15625,0
79396419.0,7032.0,1.0,0.7749633789,0.0381469727,0.6121826172,0.15234375
79399387.0,2968.0,0.0,-1.359375,2.19140625,-4.546875,0
79406419.0,7032.0,1.0,0.7691650391,0.0422363281,0.6194458008,0.1513671875
79409387.0,2968.0,0.0,-2.0234375,3.5078125,-3.9921875,0
79416419.0,7032.0,1.0,0.7633056641,0.0452270508,0.6264648438,0.151184082
79419387.0,2968.0,0.0,-2.73046875,0.27734375,-2.9375,0
79426419.0,7032.0,1.0,0.7572631836,0.0475463867,0.6334228516,0.1516723633
79429387.0,2968.0,0.0,-1.375,2.09765625,-3.6015625,0
79436419.0,7032.0,1.0,0.7508544922,0.049621582,0.6406860352,0.1527099609
79440387.0,3968.0,0.0,-0.24609375,-1.7890625,-3.49609375,0
79446419.0,6032.0,1.0,0.7445068359,0.051940918,0.6475830078,0.1537475586
79449387.0,2968.0,0.0,-0.890625,-1.3515625,-3.09765625,0
79459419.0,10032.0,1.0,0.7377319336,0.0552978516,0.6548461914,0.1545410156
79462387.0,2968.0,0.0,-2.0,-1.99609375,-4.48046875,0
79466419.0,4032.0,1.0,0.7307739258,0.059753418,0.6621704102,0.1547851563
79469387.0,2968.0,0.0,-1.87890625,-1.8359375,-5.00390625,0
79476419.0,7032.0,1.0,0.7239990234,0.0648803711,0.6691894531,0.1543579102
79479387.0,2968.0,0.0,-2.1171875,-1.76171875,-5.26953125,0
79486419.0,7032.0,1.0,0.7172851563,0.0704345703,0.6760253906,0.1534423828
79489387.0,2968.0,0.0,-3.65625,-1.6484375,-4.7265625,0
79496419.0,7032.0,1.0,0.7108764648,0.0757446289,0.682434082,0.1524047852
79499387.0,2968.0,0.0,-4.46875,1.0859375,-8.1875,0
79506419.0,7032.0,1.0,0.7041625977,0.0811767578,0.6889038086,0.1514282227
79509387.0,2968.0,0.0,-4.4921875,-0.171875,-8.19140625,0
79516419.0,7032.0,1.0,0.698059082,0.0856933594,0.6947021484,0.1508178711
79519387.0,2968.0,0.0,-4.125,0.65234375,-8.09765625,0
79526419.0,7032.0,1.0,0.6924438477,0.0894165039,0.6999511719,0.1504516602
79529387.0,2968.0,0.0,-3.87109375,1.78515625,-8.24609375,0
79536419.0,7032.0,1.0,0.6869506836,0.0926513672,0.7050170898,0.1500854492
79539387.0,2968.0,0.0,-3.92578125,1.5546875,-6.55859375,0
79546419.0,7032.0,1.0,0.6815795898,0.095703125,0.7098999023,0.1495361328
79549387.0,2968.0,0.0,-3.25,1.29296875,-4.76953125,0
79556419.0,7032.0,1.0,0.6763916016,0.0987548828,0.7146606445,0.1485595703
79559387.0,2968.0,0.0,-2.5,0.421875,-3.77734375,0
79568419.0,9032.0,1.0,0.6715087891,0.1017456055,0.7190551758,0.1470947266
79571387.0,2968.0,0.0,-2.28515625,1.46875,-3.484375,0
79578419.0,7032.0,1.0,0.6665649414,0.104675293,0.7235717773,0.1453857422
79581387.0,2968.0,0.0,-1.8046875,2.609375,-4.03515625,0
79586419.0,5032.0,1.0,0.6614990234,0.1072387695,0.7282104492,0.1436767578
79589387.0,2968.0,0.0,-1.859375,3.20703125,-3.9609375,0
79596419.0,7032.0,1.0,0.6569213867,0.1090087891,0.7323608398,0.1422729492
79599387.0,2968.0,0.0,-1.33984375,2.671875,-3.59765625,0
79606419.0,7032.0,1.0,0.6522827148,0.1102905273,0.7365112305,0.1410522461
79609387.0,2968.0,0.0,-2.6171875,2.671875,-1.94921875,0
79616419.0,7032.0,1.0,0.6478881836,0.111328125,0.7404785156,0.1398925781
79619387.0,2968.0,0.0,-2.28125,1.33984375,-2.9296875,0
79626419.0,7032.0,1.0,0.6436157227,0.1121826172,0.7442626953,0.138671875
79629387.0,2968.0,0.0,-2.296875,1.8359375,-3.73046875,0
79636419.0,7032.0,1.0,0.6395874023,0.1126708984,0.7478637695,0.1375732422
79639387.0,2968.0,0.0,-2.42578125,3.453125,-5.0859375,0
79646419.0,7032.0,1.0,0.6358642578,0.1126708984,0.7512207031,0.13671875
79649387.0,2968.0,0.0,-0.98046875,1.5546875,-3.7109375,0
79656419.0,7032.0,1.0,0.6319580078,0.1123046875,0.754699707,0.1358642578
79659387.0,2968.0,0.0,-1.72265625,2.44921875,-2.52734375,0
79666419.0,7032.0,1.0,0.6281738281,0.1116943359,0.7580566406,0.1350097656
79669387.0,2968.0,0.0,-1.65234375,3.1953125,-1.69921875,0
79676419.0,7032.0,1.0,0.6244506836,0.1106567383,0.7614135742,0.1343383789
79679387.0,2968.0,0.0,-2.08984375,2.64453125,-1.3671875,0
79686419.0,7032.0,1.0,0.62109375,0.1091918945,0.764465332,0.1340942383
79689387.0,2968.0,0.0,-0.90234375,2.16796875,-3.3515625,0
79696419.0,7032.0,1.0,0.6177368164,0.1071166992,0.7673950195,0.1342773438
79699387.0,2968.0,0.0,0.0078125,2.30078125,-3.2265625,0
79706419.0,7032.0,1.0,0.6143798828,0.1046142578,0.770324707,0.1349487305
79709387.0,2968.0,0.0,0.71875,1.7421875,-1.76171875,0
79716419.0,7032.0,1.0,0.6110839844,0.1018676758,0.7731323242,0.1358642578
79719387.0,2968.0,0.0,1.32421875,1.296875,-0.265625,0
79726419.0,7032.0,1.0,0.6074829102,0.0991821289,0.7761230469,0.1369018555
79729387.0,2968.0,0.0,0.4296875,0.9296875,0.69921875,0
79736419.0,7032.0,1.0,0.6040039063,0.0969848633,0.7789916992,0.1378173828
79739387.0,2968.0,0.0,-0.62109375,0.015625,-0.2109375,0
79746419.0,7032.0,1.0,0.600402832,0.0951538086,0.7817993164,0.1387329102
79749387.0,2968.0,0.0,-1.6015625,-1.35546875,-0.92578125,0
79756419.0,7032.0,1.0,0.5967407227,0.0938720703,0.7846069336,0.1395874023
79759387.0,2968.0,0.0,-1.3125,-2.203125,-2.02734375,0
79771419.0,12032.0,1.0,0.5931396484,0.0930786133,0.7872314453,0.1405029297
79775387.0,3968.0,0.0,0.80078125,-0.52734375,1.53515625,0
79778419.0,3032.0,1.0,0.5892944336,0.092590332,0.7899780273,0.1415405273
79781387.0,2968.0,0.0,0.77734375,-0.52734375,1.62890625,0
79786419.0,5032.0,1.0,0.5848388672,0.0919799805,0.7930908203,0.1430053711
79789387.0,2968.0,0.0,1.58203125,-0.12890625,3.140625,0
79796419.0,7032.0,1.0,0.5805053711,0.0913085938,0.796081543,0.1448364258
79799387.0,2968.0,0.0,0.09765625,0.73046875,3.625,0
79806419.0,7032.0,1.0,0.5759277344,0.0905151367,0.7990112305,0.1473999023
79809387.0,2968.0,0.0,-1.29296875,-0.4140625,3.16796875,0
79816419.0,7032.0,1.0,0.5711669922,0.08984375,0.8018798828,0.150390625
79819387.0,2968.0,0.0,-3.55078125,-1.91796875,2.234375,0
79826419.0,7032.0,1.0,0.5661621094,0.0899047852,0.8048095703,0.1538085938
79829387.0,2968.0,0.0,-5.63671875,-3.2265625,1.4765625,0
79836419.0,7032.0,1.0,0.5610961914,0.0911254883,0.8076171875,0.1569824219
79839387.0,2968.0,0.0,-9.1796875,-3.22265625,2.7578125,0
79846419.0,7032.0,1.0,0.5553588867,0.0941772461,0.8106689453,0.1597290039
79849387.0,2968.0,0.0,-10.85546875,-2.80078125,4.23828125,0
79856419.0,7032.0,1.0,0.5492553711,0.0991821289,0.8139038086,0.1614379883
79859387.0,2968.0,0.0,-12.0078125,-2.95703125,5.3203125,0
79866419.0,7032.0,1.0,0.5426025391,0.1064453125,0.8173828125,0.1617431641
79869387.0,2968.0,0.0,-12.8203125,-2.4609375,5.76953125,0
79876419.0,7032.0,1.0,0.5358276367,0.1152954102,0.8208007813,0.1608276367
79879387.0,2968.0,0.0,-14.36328125,-2.453125,4.1015625,0
79886419.0,7032.0,1.0,0.5279541016,0.1272583008,0.8245239258,0.1588745117
79889387.0,2968.0,0.0,-16.28125,-1.57421875,3.046875,0
79896419.0,7032.0,1.0,0.5203857422,0.1400146484,0.8277587891,0.1564331055
79899387.0,2968.0,0.0,-18.34375,-0.703125,1.71875,0
79908419.0,9032.0,1.0,0.5131225586,0.1535644531,0.8302612305,0.1542358398
79911387.0,2968.0,0.0,-20.17578125,1.16796875,-0.34765625,0
79919419.0,8032.0,1.0,0.5064086914,0.1679077148,0.8318481445,0.1529541016
79922387.0,2968.0,0.0,-20.76171875,7.4609375,-5.6484375,0
79926419.0,4032.0,1.0,0.5004272461,0.1825561523,0.8321533203,0.1542358398
79929387.0,2968.0,0.0,-20.265625,12.0234375,-8.56640625,0
79936419.0,7032.0,1.0,0.49609375,0.1961669922,0.8306274414,0.1595458984
79939387.0,2968.0,0.0,-18.1328125,13.5859375,-9.66015625,0
79946419.0,7032.0,1.0,0.4934692383,0.2081298828,0.8272094727,0.169921875
79949387.0,2968.0,0.0,-11.94140625,15.73046875,-10.09765625,0
79956419.0,7032.0,1.0,0.4924926758,0.2183227539,0.8218383789,0.1853027344
79959387.0,2968.0,0.0,2.2734375,15.01171875,-4.93359375,0
79966419.0,7032.0,1.0,0.4923095703,0.2282714844,0.8150024414,0.2030639648
79969387.0,2968.0,0.0,6.32421875,4.80078125,0.1875,0
79977419.0,8032.0,1.0,0.4909057617,0.242980957,0.8085327148,0.2149658203
79980387.0,2968.0,0.0,5.30078125,-9.640625,7.296875,0
79986419.0,6032.0,1.0,0.4923095703,0.257019043,0.7998046875,0.2277832031
79989387.0,2968.0,0.0,0.33984375,13.4453125,10.48828125,0
79999419.0,10032.0,1.0,0.5014648438,0.2653198242,0.7842407227,0.2512207031
80002387.0,2968.0,0.0,18.28125,20.01953125,-29.96875,0
80006419.0,4032.0,1.0,0.5203857422,0.2604370117,0.759765625,0.2900390625
80009387.0,2968.0,0.0,14.36328125,43.16015625,-22.27734375,0
80017419.0,8032.0,1.0,0.5486450195,0.2396850586,0.7250366211,0.3403930664
80020387.0,2968.0,0.0,14.8828125,31.20703125,-25.01171875,0
80026419.0,6032.0,1.0,0.5773925781,0.2189331055,0.6900024414,0.3775634766
80029387.0,2968.0,0.0,26.14453125,-43.3671875,-23.328125,0
80036419.0,7032.0,1.0,0.6057128906,0.2022705078,0.6573486328,0.4000854492
80039387.0,2968.0,0.0,22.34765625,-17.69921875,-0.64453125,0
80049419.0,10032.0,1.0,0.6315307617,0.1854248047,0.6287841797,0.4140625
80052387.0,2968.0,0.0,6.75,-25.18359375,-0.9296875,0
80059419.0,7032.0,1.0,0.659362793,0.1615600586,0.5980224609,0.4260253906
80062387.0,2968.0,0.0,0.57421875,-25.56640625,7.55078125,0
80067419.0,5032.0,1.0,0.6849365234,0.1370849609,0.5705566406,0.4318847656
80070387.0,2968.0,0.0,7.40625,-42.1015625,8.22265625,0
80076419.0,6032.0,1.0,0.7086791992,0.1161499023,0.5479125977,0.4290161133
80079387.0,2968.0,0.0,9.875,-40.765625,10.79296875,0
80089419.0,10032.0,1.0,0.7276611328,0.1029052734,0.5335083008,0.4187011719
80092387.0,2968.0,0.0,12.734375,-38.62109375,14.171875,0
80099419.0,7032.0,1.0,0.7450561523,0.0947875977,0.524230957,0.4014282227
80102387.0,2968.0,0.0,13.41796875,-31.07421875,14.75,0
80107419.0,5032.0,1.0,0.7595214844,0.0906982422,0.5192260742,0.3811645508
80110387.0,2968.0,0.0,11.17578125,-12.4296875,6.93359375,0
80116419.0,6032.0,1.0,0.7720947266,0.0868530273,0.5162353516,0.3603515625
80119387.0,2968.0,0.0,12.23828125,-6.81640625,4.01171875,0
80126419.0,7032.0,1.0,0.7827758789,0.0823364258,0.5142822266,0.3405151367
80129387.0,2968.0,0.0,13.2109375,-5.30859375,1.58203125,0
80137419.0,8032.0,1.0,0.7916259766,0.0781860352,0.5135498047,0.3216552734
80140387.0,2968.0,0.0,12.3125,-4.8984375,0.51953125,0
80152419.0,12032.0,1.0,0.7988891602,0.0752563477,0.5137329102,0.3036499023
80157419.0,5000.0,1.0,0.8051757813,0.0731811523,0.514465332,0.2857666016
80159387.0,1968.0,0.0,8.5390625,-1.12890625,-2.27734375,0
80166419.0,7032.0,1.0,0.810546875,0.0712890625,0.5154418945,0.2688598633
80169387.0,2968.0,0.0,7.8203125,-0.1953125,-2.9140625,0
80176419.0,7032.0,1.0,0.8150024414,0.0690917969,0.516418457,0.2536621094
80179387.0,2968.0,0.0,7.70703125,-3.07421875,-2.33203125,0
80186419.0,7032.0,1.0,0.8186035156,0.0665893555,0.517578125,0.2401123047
80189387.0,2968.0,0.0,7.15625,-3.5625,-1.51171875,0
80196419.0,7032.0,1.0,0.821472168,0.0643920898,0.5190429688,0.227355957
80199387.0,2968.0,0.0,6.23046875,-4.0390625,-1.18359375,0
80206419.0,7032.0,1.0,0.8235473633,0.0627441406,0.5210571289,0.2152099609
80209387.0,2968.0,0.0,5.44140625,-4.05078125,-1.1875,0
80216419.0,7032.0,1.0,0.8248291016,0.0612792969,0.5235595703,0.2044067383
80219387.0,2968.0,0.0,4.5859375,-2.38671875,-0.56640625,0
80231419.0,12032.0,1.0,0.8253173828,0.0593261719,0.5266723633,0.1948852539
80235387.0,3968.0,0.0,3.109375,-0.890625,-1.35546875,0
80238419.0,3032.0,1.0,0.8251342773,0.0568237305,0.5301513672,0.186706543
80241387.0,2968.0,0.0,3.1640625,-0.7734375,-1.28515625,0
80246419.0,5032.0,1.0,0.8243408203,0.0541992187,0.5341796875,0.1793212891
80249387.0,2968.0,0.0,2.49609375,0.26171875,-1.55078125,0
80256419.0,7032.0,1.0,0.8232421875,0.0521850586,0.5380249023,0.1734619141
80259387.0,2968.0,0.0,0.51171875,2.2265625,-1.78125,0
80266419.0,7032.0,1.0,0.8215942383,0.0503540039,0.5423583984,0.1680908203
80269387.0,2968.0,0.0,-0.7421875,3.4921875,-2.078125,0
80276419.0,7032.0,1.0,0.8197021484,0.0486450195,0.5465698242,0.1641235352
80280387.0,3968.0,0.0,-2.3125,3.46875,-2.56640625,0
80286419.0,6032.0,1.0,0.8176269531,0.0470581055,0.55078125,0.1611328125
80289387.0,2968.0,0.0,-3.734375,2.94140625,-3.21484375,0
80296419.0,7032.0,1.0,0.8151855469,0.0454711914,0.5551147461,0.1589355469
80299387.0,2968.0,0.0,-5.91796875,1.83203125,-3.0078125,0
80306419.0,7032.0,1.0,0.8126220703,0.0440673828,0.559387207,0.157409668
80309387.0,2968.0,0.0,-5.6484375,0.59765625,-2.1484375,0
80316419.0,7032.0,1.0,0.8096923828,0.0426635742,0.5639648438,0.1564331055
80319387.0,2968.0,0.0,-5.2421875,1.08203125,-1.9765625,0
80326419.0,7032.0,1.0,0.8065185547,0.0411987305,0.5688476563,0.1557617188
80329387.0,2968.0,0.0,-5.08984375,0.37890625,-1.5703125,0
80336419.0,7032.0,1.0,0.8029785156,0.039855957,0.5739746094,0.1555175781
80339387.0,2968.0,0.0,-4.71484375,-1.4453125,-0.41796875,0
80346419.0,7032.0,1.0,0.7991333008,0.0389404297,0.5794677734,0.1553344727
80349387.0,2968.0,0.0,-3.83203125,-2.90234375,-1.6015625,0
80357419.0,8032.0,1.0,0.7948608398,0.0390014648,0.5854492188,0.1547851563
80360387.0,2968.0,0.0,-2.7578125,-3.25390625,-2.80859375,0
80366419.0,6032.0,1.0,0.7905273438,0.0401000977,0.5914916992,0.1536865234
80369387.0,2968.0,0.0,-2.2734375,-1.23828125,-2.515625,0
80379419.0,10032.0,1.0,0.7857666016,0.042175293,0.5980834961,0.1519775391
80382387.0,2968.0,0.0,-0.25390625,1.07421875,-4.3515625,0
80386419.0,4032.0,1.0,0.7810058594,0.0447387695,0.6046142578,0.1498413086
80389387.0,2968.0,0.0,0.546875,1.00390625,-4.234375,0
80397419.0,8032.0,1.0,0.7758789063,0.0474853516,0.6115722656,0.1474609375
80400387.0,2968.0,0.0,0.26953125,2.08984375,-3.6484375,0
80406419.0,6032.0,1.0,0.770690918,0.0499267578,0.618347168,0.1454467773
80409387.0,2968.0,0.0,-1.4296875,1.8671875,-2.44140625,0
80416419.0,7032.0,1.0,0.7651977539,0.0521240234,0.6253662109,0.143737793
80419387.0,2968.0,0.0,-2.28125,0.359375,-1.23828125,0
80426419.0,7032.0,1.0,0.7595214844,0.0548095703,0.6323852539,0.1420288086
80429387.0,2968.0,0.0,-3.13671875,-1.77734375,-0.18359375,0
80437419.0,8032.0,1.0,0.7536010742,0.0582885742,0.6395874023,0.1402587891
80440387.0,2968.0,0.0,-2.890625,-1.51171875,-0.5,0
80446419.0,6032.0,1.0,0.7474975586,0.0614624023,0.6466674805,0.1389770508
80449387.0,2968.0,0.0,-3.61328125,-1.08984375,-4.26953125,0
80456419.0,7032.0,1.0,0.7407226563,0.0648193359,0.6543579102,0.1378173828
80459387.0,2968.0,0.0,-3.98046875,-1.09765625,-4.8671875,0
80466419.0,7032.0,1.0,0.7340698242,0.0689697266,0.6616821289,0.1359863281
80469387.0,2968.0,0.0,-4.203125,0.05078125,-8.96484375,0
80477419.0,8032.0,1.0,0.7279663086,0.0728759766,0.6683959961,0.1341552734
80480387.0,2968.0,0.0,-4.15625,3.87890625,-9.6640625,0
80492419.0,12032.0,1.0,0.7224731445,0.075378418,0.6743164063,0.1329345703
80497387.0,4968.0,0.0,-2.59375,2.390625,-9.234375,0
80500419.0,3032.0,1.0,0.7172241211,0.0766601563,0.6798706055,0.1323242188
80503387.0,2968.0,0.0,-3.3125,1.265625,-8.51171875,0
80507419.0,4032.0,1.0,0.7115478516,0.0772094727,0.6857299805,0.1320800781
80510387.0,2968.0,0.0,-3.3125,1.265625,-8.35546875,0
80517419.0,7032.0,1.0,0.7068481445,0.0773925781,0.690612793,0.1320800781
80520387.0,2968.0,0.0,-4.15625,2.4453125,-5.234375,0
80526419.0,6032.0,1.0,0.701965332,0.0776977539,0.6955566406,0.132019043
80529387.0,2968.0,0.0,-4.34765625,0.8984375,-3.67578125,0
80537419.0,8032.0,1.0,0.6971435547,0.0785522461,0.7003173828,0.1318359375
80541387.0,3968.0,0.0,-3.89453125,0.27734375,-2.578125,0
80547419.0,6032.0,1.0,0.6923828125,0.080078125,0.7049560547,0.1313476563
80550387.0,2968.0,0.0,-3.55859375,-0.3125,-2.7578125,0
80557419.0,7032.0,1.0,0.6878051758,0.0823974609,0.7093505859,0.1303710938
80560387.0,2968.0,0.0,-2.80859375,0.890625,-4.42578125,0
80566419.0,6032.0,1.0,0.6831054688,0.0852661133,0.7137451172,0.1290893555
80569387.0,2968.0,0.0,-1.89453125,1.71484375,-2.875,0
80577419.0,8032.0,1.0,0.6784667969,0.0881958008,0.7180786133,0.1276245117
80580387.0,2968.0,0.0,-1.7578125,1.078125,-1.74609375,0
80587419.0,7032.0,1.0,0.6737060547,0.0912475586,0.7224731445,0.1259155273
80590387.0,2968.0,0.0,-1.7734375,0.86328125,-1.15625,0
80597419.0,7032.0,1.0,0.669128418,0.0942993164,0.7266235352,0.124206543
80600387.0,2968.0,0.0,-2.5546875,0.42578125,-1.59765625,0
80606419.0,6032.0,1.0,0.6643676758,0.0974731445,0.7308349609,0.1223144531
80609387.0,2968.0,0.0,-2.609375,-0.0390625,-2.65234375,0
80617419.0,8032.0,1.0,0.6599731445,0.1004638672,0.7347412109,0.1206054688
80620387.0,2968.0,0.0,-2.625,-0.015625,-3.67578125,0
80627419.0,7032.0,1.0,0.6558837891,0.1029663086,0.73828125,0.1190185547
80630387.0,2968.0,0.0,-2.2265625,0.234375,-5.2421875,0
80640419.0,10032.0,1.0,0.6517333984,0.1050415039,0.7418823242,0.1175537109
80643387.0,2968.0,0.0,-0.48046875,1.46875,-3.171875,0
80647419.0,4032.0,1.0,0.6473999023,0.1063842773,0.7456665039,0.1162719727
80650387.0,2968.0,0.0,-0.265625,1.5078125,-1.71484375,0
80657419.0,7032.0,1.0,0.6436157227,0.1069335938,0.7489624023,0.1154174805
80660387.0,2968.0,0.0,0.17578125,1.19921875,-0.76953125,0
80667419.0,7032.0,1.0,0.6397094727,0.1070556641,0.7523803711,0.1148681641
80670387.0,2968.0,0.0,0.58984375,0.48828125,-0.859375,0
80677419.0,7032.0,1.0,0.635925293,0.1068725586,0.7556762695,0.1145629883
80680387.0,2968.0,0.0,0.765625,0.48828125,-1.6796875,0
80687419.0,7032.0,1.0,0.6323242188,0.1067504883,0.7587280273,0.1143798828
80690387.0,2968.0,0.0,-0.0625,0.609375,-2.3125,0
80697419.0,7032.0,1.0,0.6285400391,0.106628418,0.7619018555,0.1141967773
80700387.0,2968.0,0.0,-0.5,0.8125,-1.3359375,0
80707419.0,7032.0,1.0,0.6247558594,0.1065673828,0.7650756836,0.1140136719
80710387.0,2968.0,0.0,-1.44140625,0.58984375,-0.2109375,0
80717419.0,7032.0,1.0,0.6207885742,0.106628418,0.7683105469,0.1138305664
80720387.0,2968.0,0.0,-1.87890625,1.203125,1.0859375,0
80727419.0,7032.0,1.0,0.6168823242,0.1068725586,0.771484375,0.1137084961
80730387.0,2968.0,0.0,-1.2890625,0.703125,0.8671875,0
80737419.0,7032.0,1.0,0.6129760742,0.1072998047,0.7744750977,0.1136474609
80740387.0,2968.0,0.0,-0.40234375,0.234375,0.2421875,0
80747419.0,7032.0,1.0,0.6090698242,0.1080322266,0.7774658203,0.1135253906
80750387.0,2968.0,0.0,0.1953125,-0.98828125,-0.81640625,0
80757419.0,7032.0,1.0,0.6050415039,0.1090698242,0.7805175781,0.1133422852
80760387.0,2968.0,0.0,-0.1796875,-1.03515625,-0.17578125,0
80767419.0,7032.0,1.0,0.600769043,0.1102905273,0.7836303711,0.1130981445
80770387.0,2968.0,0.0,-1.20703125,-0.5859375,0.921875,0
80777419.0,7032.0,1.0,0.5964355469,0.1115112305,0.7868041992,0.1130371094
80780387.0,2968.0,0.0,-1.4375,-0.09375,1.17578125,0
80787419.0,7032.0,1.0,0.5921630859,0.1124267578,0.789855957,0.1131591797
80790387.0,2968.0,0.0,0.0625,-0.22265625,1.66015625,0
80797419.0,7032.0,1.0,0.5878295898,0.1131591797,0.7929077148,0.1134643555
80800387.0,2968.0,0.0,0.37890625,0.42578125,1.484375,0
80807419.0,7032.0,1.0,0.5836791992,0.1134643555,0.7958984375,0.1140136719
80810387.0,2968.0,0.0,1.79296875,0.2265625,0.16015625,0
80817419.0,7032.0,1.0,0.5795288086,0.1132202148,0.798828125,0.1149291992
80820387.0,2968.0,0.0,2.59765625,-0.28515625,-1.390625,0
80832419.0,12032.0,1.0,0.5756225586,0.1123657227,0.801574707,0.116394043
80837387.0,4968.0,0.0,1.04296875,0.203125,1.828125,0
80840419.0,3032.0,1.0,0.571472168,0.1108398438,0.8044433594,0.1184692383
80843387.0,2968.0,0.0,0.99609375,0.1875,1.9140625,0
80847419.0,4032.0,1.0,0.5668945313,0.1086425781,0.8075561523,0.1212158203
80850387.0,2968.0,0.0,1.15625,1.12890625,1.5,0
80857419.0,7032.0,1.0,0.5628662109,0.1062011719,0.8102416992,0.1243286133
80860387.0,2968.0,0.0,-0.453125,2.83984375,1.76953125,0
80867419.0,7032.0,1.0,0.5587158203,0.1032104492,0.8128662109,0.1282958984
80870387.0,2968.0,0.0,-1.83203125,1.96484375,-0.9453125,0
80877419.0,7032.0,1.0,0.5548095703,0.1000366211,0.8151855469,0.1328735352
80881387.0,3968.0,0.0,-3.7890625,1.7734375,-2.04296875,0
80887419.0,6032.0,1.0,0.5509033203,0.0969238281,0.8173217773,0.1383056641
80890387.0,2968.0,0.0,-6.05859375,0.5390625,-2.70703125,0
80897419.0,7032.0,1.0,0.5469360352,0.0942382813,0.8192138672,0.1442871094
80900387.0,2968.0,0.0,-7.58984375,-0.296875,-1.5859375,0
80907419.0,7032.0,1.0,0.5428466797,0.0926513672,0.8210449219,0.1505737305
80910387.0,2968.0,0.0,-8.91015625,-1.6484375,1.41796875,0
80917419.0,7032.0,1.0,0.5384521484,0.092956543,0.8227539063,0.1563720703
80920387.0,2968.0,0.0,-9.1328125,-1.54296875,2.890625,0
80927419.0,7032.0,1.0,0.5335083008,0.095703125,0.8247070313,0.161315918
80930387.0,2968.0,0.0,-8.7734375,-1.99609375,3.58203125,0
80937419.0,7032.0,1.0,0.5280151367,0.1011962891,0.8269042969,0.164855957
80940387.0,2968.0,0.0,-8.8671875,-2.47265625,3.7421875,0
80947419.0,7032.0,1.0,0.5217285156,0.1099243164,0.8294067383,0.1666259766
80950387.0,2968.0,0.0,-10.5703125,-1.08984375,2.671875,0
80957419.0,7032.0,1.0,0.5150756836,0.1214599609,0.8319702148,0.1665649414
80960387.0,2968.0,0.0,-13.359375,-0.85546875,1.609375,0
80969419.0,9032.0,1.0,0.5083007813,0.1351318359,0.8343505859,0.1651611328
80972387.0,2968.0,0.0,-17.203125,0.39453125,0.33203125,0
80979419.0,7032.0,1.0,0.5015258789,0.1506347656,0.8361206055,0.163269043
80982387.0,2968.0,0.0,-23.640625,2.55859375,-1.59375,0
80986419.0,4032.0,1.0,0.4951782227,0.1672973633,0.8370361328,0.1618652344
80989387.0,2968.0,0.0,-25.06640625,5.19921875,-2.04296875,0
80997419.0,8032.0,1.0,0.4896240234,0.184387207,0.8366699219,0.1619262695
81000387.0,2968.0,0.0,-24.76953125,9.38671875,-3.78125,0
81007419.0,7032.0,1.0,0.4852294922,0.2012939453,0.8348388672,0.1647338867
81010387.0,2968.0,0.0,-22.56640625,11.74609375,-6.0859375,0
81016419.0,6032.0,1.0,0.4824829102,0.2161865234,0.8313598633,0.171081543
81019387.0,2968.0,0.0,-12.5078125,16.3046875,-6.64453125,0
81027419.0,8032.0,1.0,0.4818115234,0.2294921875,0.8251342773,0.1853027344
81030387.0,2968.0,0.0,-4.34375,22.75,-4.69140625,0
81037419.0,7032.0,1.0,0.4838256836,0.2364501953,0.8159179688,0.2104492188
81040387.0,2968.0,0.0,2.4453125,30.80859375,-5.45703125,0
81049419.0,9032.0,1.0,0.4845581055,0.2446289063,0.8067626953,0.2333984375
81052387.0,2968.0,0.0,6.08203125,-14.26953125,-0.44140625,0
81059419.0,7032.0,1.0,0.4833374023,0.2600097656,0.7979736328,0.2490234375
81062387.0,2968.0,0.0,9.49609375,41.53515625,1.5390625,0
81067419.0,5032.0,1.0,0.4891357422,0.2687988281,0.7831420898,0.274230957
81070387.0,2968.0,0.0,9.359375,59.5546875,-3.33203125,0
81077419.0,7032.0,1.0,0.5072631836,0.2613525391,0.7561645508,0.3203735352
81080387.0,2968.0,0.0,12.14453125,44.2421875,-29.98046875,0
81089419.0,9032.0,1.0,0.5311889648,0.2437744141,0.7230224609,0.368347168
81092387.0,2968.0,0.0,10.60546875,14.5,-23.6484375,0
81138419.0,46032.0,1.0,0.7912597656,0.2165527344,0.5718994141,-0.0018920898
0
82643420.0,1505001.0,1.0,0.5611572266,0.1068725586,0.086730957,0.8161621094
82648387.0,4967.0,0.0,-0.3984375,-1.34375,-4.94140625,0
82652419.0,4032.0,1.0,0.573425293,0.1110839844,0.082824707,0.807434082
82655387.0,2968.0,0.0,-1.7109375,-0.65234375,1.22265625,0
82659419.0,4032.0,1.0,0.5845947266,0.1148071289,0.0797729492,0.7991943359
82662387.0,2968.0,0.0,-1.7265625,-0.64453125,1.22265625,0
82670419.0,8032.0,1.0,0.5960083008,0.1185913086,0.0775146484,0.7904052734
82673387.0,2968.0,0.0,-1.83984375,-1.41015625,1.703125,0
82680419.0,7032.0,1.0,0.6064453125,0.1223144531,0.0765991211,0.7819213867
82683387.0,2968.0,0.0,-2.0625,-1.21875,1.91796875,0
82690419.0,7032.0,1.0,0.6169433594,0.1188354492,0.077331543,0.7741088867
82693387.0,2968.0,0.0,-2.73046875,-0.7265625,1.85546875,0
82700419.0,7032.0,1.0,0.6256103516,0.1228027344,0.0788574219,0.7663574219
82703387.0,2968.0,0.0,-3.36328125,-0.1015625,1.79296875,0
82709419.0,6032.0,1.0,0.633972168,0.1211547852,0.0818481445,0.7593994141
82712387.0,2968.0,0.0,-4.41015625,1.36328125,1.10546875,0
82720419.0,8032.0,1.0,0.6420288086,0.1218261719,0.0850830078,0.7521362305
82723387.0,2968.0,0.0,-4.6015625,1.58984375,0.8515625,0
82730419.0,7032.0,1.0,0.649230957,0.1220092773,0.0883178711,0.7454833984
82733387.0,2968.0,0.0,-4.578125,1.66015625,0.78125,0
82740419.0,7032.0,1.0,0.6559448242,0.1216430664,0.091796875,0.7392578125
82743387.0,2968.0,0.0,-4.453125,1.4765625,0.52734375,0
82749419.0,6032.0,1.0,0.6619873047,0.1207885742,0.0955200195,0.7335205078
82752387.0,2968.0,0.0,-4.06640625,1.28125,-0.109375,0
82760419.0,8032.0,1.0,0.6680297852,0.1201171875,0.0999755859,0.7275390625
82763387.0,2968.0,0.0,-3.7734375,1.46484375,-0.58203125,0
82770419.0,7032.0,1.0,0.6734008789,0.119140625,0.104675293,0.7220458984
82773387.0,2968.0,0.0,-3.5625,1.83203125,-1.08984375,0
82780419.0,7032.0,1.0,0.6785888672,0.1177368164,0.1093139648,0.7167358398
82783387.0,2968.0,0.0,-3.56640625,2.16796875,-1.47265625,0
82790419.0,7032.0,1.0,0.68359375,0.1154785156,0.1137695313,0.7116088867
82793387.0,2968.0,0.0,-4.22265625,1.125,-1.6875,0
82800419.0,7032.0,1.0,0.6884155273,0.1125488281,0.1182250977,0.7067260742
82803387.0,2968.0,0.0,-4.58984375,0.375,-1.671875,0
82810419.0,7032.0,1.0,0.6928710938,0.1092529297,0.1229248047,0.7020874023
82813387.0,2968.0,0.0,-4.6484375,0.04296875,-1.2265625,0
82820419.0,7032.0,1.0,0.6968994141,0.1057739258,0.128112793,0.6976318359
82823387.0,2968.0,0.0,-4.734375,0.2578125,-1.078125,0
82830419.0,7032.0,1.0,0.7006225586,0.1021118164,0.1337890625,0.693359375
82833387.0,2968.0,0.0,-4.890625,0.203125,-1.203125,0
82840419.0,7032.0,1.0,0.7039794922,0.0983276367,0.139831543,0.6893920898
82843387.0,2968.0,0.0,-4.66015625,-0.0390625,-1.4609375,0
82850419.0,7032.0,1.0,0.7069091797,0.0944824219,0.1463012695,0.685546875
82853387.0,2968.0,0.0,-4.2734375,-0.09375,-1.57421875,0
82860419.0,7032.0,1.0,0.7095336914,0.0904541016,0.1531982422,0.6818847656
82863387.0,2968.0,0.0,-4.14453125,-0.1328125,-2.078125,0
82870419.0,7032.0,1.0,0.711730957,0.0862426758,0.1603393555,0.6784057617
82873387.0,2968.0,0.0,-4.40234375,-0.02734375,-2.171875,0
82880419.0,7032.0,1.0,0.7136230469,0.0819702148,0.1676635742,0.6751708984
82883387.0,2968.0,0.0,-4.6953125,0.12109375,-2.12890625,0
82890419.0,7032.0,1.0,0.7151489258,0.0777587891,0.1751098633,0.6721801758
82893387.0,2968.0,0.0,-4.6015625,-0.2265625,-1.8515625,0
82900419.0,7032.0,1.0,0.7163085938,0.0736083984,0.182800293,0.6693725586
82903387.0,2968.0,0.0,-4.78125,-0.53125,-1.8828125,0
82910419.0,7032.0,1.0,0.7171020508,0.0697631836,0.1911010742,0.6666259766
82913387.0,2968.0,0.0,-4.6171875,-0.15625,-2.09375,0
82920419.0,7032.0,1.0,0.717590332,0.0662231445,0.1997070313,0.6639404297
82923387.0,2968.0,0.0,-4.63671875,0.02734375,-2.55859375,0
82930419.0,7032.0,1.0,0.7177124023,0.0628051758,0.2084350586,0.6613769531
82933387.0,2968.0,0.0,-4.69140625,0.15625,-2.40625,0
82939419.0,6032.0,1.0,0.7176513672,0.0593261719,0.2171630859,0.658996582
82942387.0,2968.0,0.0,-5.8984375,0.75390625,-3.3515625,0
82950419.0,8032.0,1.0,0.7174072266,0.055480957,0.2258911133,0.6566772461
82953387.0,2968.0,0.0,-6.4375,1.16015625,-2.9609375,0
82960419.0,7032.0,1.0,0.7169799805,0.0510864258,0.2343139648,0.6545410156
82963387.0,2968.0,0.0,-6.81640625,1.17578125,-3.39453125,0
82970419.0,7032.0,1.0,0.7164306641,0.0462646484,0.2423706055,0.6525878906
82973387.0,2968.0,0.0,-6.8515625,0.73046875,-3.7421875,0
82980419.0,7032.0,1.0,0.715637207,0.041015625,0.2502441406,0.6508178711
82983387.0,2968.0,0.0,-6.37890625,1.3671875,-3.09765625,0
82990419.0,7032.0,1.0,0.7147827148,0.0352783203,0.2578125,0.6491088867
82993387.0,2968.0,0.0,-7.62109375,0.19921875,-2.7109375,0
83000419.0,7032.0,1.0,0.7137451172,0.0291748047,0.2653198242,0.6475219727
83003387.0,2968.0,0.0,-8.16015625,-0.3515625,-2.40234375,0
83010419.0,7032.0,1.0,0.7125244141,0.0228271484,0.2728271484,0.6459960938
83013387.0,2968.0,0.0,-7.58203125,0.5234375,-2.390625,0
83020419.0,7032.0,1.0,0.7111816406,0.0161132813,0.280456543,0.6444702148
83023387.0,2968.0,0.0,-4.6328125,1.9609375,-3.48828125,0
83030419.0,7032.0,1.0,0.7097167969,0.0092773438,0.2879638672,0.6428833008
83033387.0,2968.0,0.0,-4.31640625,2.66015625,-3.109375,0
83040419.0,7032.0,1.0,0.8241577148,0.1081542969,0.4866943359,0.268737793
83043387.0,2968.0,0.0,-4.45703125,2.734375,-1.75,0
83050419.0,7032.0,1.0,0.8206787109,0.1577148438,0.5408935547,0.0952148438
83053387.0,2968.0,0.0,-4.328125,2.15234375,-0.58984375,0
83060419.0,7032.0,1.0,0.8062133789,0.1908569336,0.5599365234,0.0111694336
83063387.0,2968.0,0.0,-4.078125,1.796875,-0.359375,0
83070419.0,7032.0,1.0,0.7927856445,0.2160644531,0.5688476563,-0.0345458984
83073387.0,2968.0,0.0,-3.859375,0.83203125,0.6796875,0
83080419.0,7032.0,1.0,0.7805175781,0.2376098633,0.5745849609,-0.0645751953
83083387.0,2968.0,0.0,-3.62109375,0.05078125,1.46875,0
83090419.0,7032.0,1.0,0.7697753906,0.255065918,0.5790405273,-0.0843505859
83093387.0,2968.0,0.0,-4.421875,0.43359375,0.921875,0
83102419.0,9032.0,1.0,0.7593383789,0.2708740234,0.5830078125,-0.1005249023
83105387.0,2968.0,0.0,-4.828125,0.71484375,-0.15625,0
83110419.0,5032.0,1.0,0.7493896484,0.2853393555,0.5866699219,-0.1131591797
83113387.0,2968.0,0.0,-5.28515625,1.203125,-0.99609375,0
83120419.0,7032.0,1.0,0.7391967773,0.2993164063,0.5902099609,-0.1249389648
83123387.0,2968.0,0.0,-5.46484375,1.984375,-1.93359375,0
83130419.0,7032.0,1.0,0.7293701172,0.3129272461,0.5930175781,-0.1358032227
83133387.0,2968.0,0.0,-4.28125,1.30859375,-2.0234375,0
83140419.0,7032.0,1.0,0.7190551758,0.3264160156,0.5960693359,-0.1454467773
83143387.0,2968.0,0.0,-3.2890625,1.1328125,-1.68359375,0
83150419.0,7032.0,1.0,0.7091064453,0.3388061523,0.5989990234,-0.1537475586
83153387.0,2968.0,0.0,-2.6953125,1.26953125,-1.5625,0
83160419.0,7032.0,1.0,0.6993408203,0.3500366211,0.6020507813,-0.1608276367
83163387.0,2968.0,0.0,-2.578125,1.18359375,-1.64453125,0
83170419.0,7032.0,1.0,0.690246582,0.3598632813,0.6052856445,-0.1663818359
83173387.0,2968.0,0.0,-4.98046875,0.71484375,-2.1015625,0
83180419.0,7032.0,1.0,0.6813964844,0.3688964844,0.608581543,-0.1711425781
83183387.0,2968.0,0.0,-5.62109375,0.53125,-2.36328125,0
83190419.0,7032.0,1.0,0.672668457,0.3773803711,0.6116943359,-0.1759033203
83193387.0,2968.0,0.0,-5.14453125,1.49609375,-3.38671875,0
83200419.0,7032.0,1.0,0.6641845703,0.3852539063,0.6147460938,-0.1802978516
83203387.0,2968.0,0.0,-4.734375,1.45703125,-3.3828125,0
83210419.0,7032.0,1.0,0.6561279297,0.3924560547,0.6177978516,-0.1837158203
83213387.0,2968.0,0.0,-2.43359375,1.234375,-4.58984375,0
83220419.0,7032.0,1.0,0.6478881836,0.4000244141,0.6207275391,-0.1870117188
83223387.0,2968.0,0.0,-2.484375,-0.62890625,-0.5625,0
83230419.0,7032.0,1.0,0.6397094727,0.4075927734,0.6232299805,-0.1903076172
83233387.0,2968.0,0.0,-1.31640625,-1.21875,-1.9375,0
83242419.0,9032.0,1.0,0.6314697266,0.4154052734,0.6253662109,-0.1939086914
83245387.0,2968.0,0.0,0.25,-0.8828125,0.27734375,0
83250419.0,5032.0,1.0,0.6232910156,0.4230957031,0.6273193359,-0.1974487305
83253387.0,2968.0,0.0,0.171875,-2.72265625,0.94921875,0
83260419.0,7032.0,1.0,0.615234375,0.4305419922,0.6291503906,-0.2007446289
83263387.0,2968.0,0.0,0.16015625,-1.44140625,1.3125,0
83270419.0,7032.0,1.0,0.6076049805,0.4379272461,0.6301879883,-0.2046508789
83273387.0,2968.0,0.0,0.0234375,-0.70703125,0.14453125,0
83280419.0,7032.0,1.0,0.6001586914,0.4452514648,0.6310424805,-0.2083129883
83283387.0,2968.0,0.0,-0.40625,-0.57421875,-0.65234375,0
83290419.0,7032.0,1.0,0.5924072266,0.4528808594,0.631652832,-0.2120361328
83293387.0,2968.0,0.0,-1.6328125,-0.14453125,0.34765625,0
83300419.0,7032.0,1.0,0.5856323242,0.4596557617,0.632019043,-0.2152099609
83303387.0,2968.0,0.0,-0.796875,-0.33203125,-0.3828125,0
83310419.0,7032.0,1.0,0.5791625977,0.466003418,0.6323852539,-0.2180175781
83313387.0,2968.0,0.0,0.1875,-0.8125,0.33203125,0
83320419.0,7032.0,1.0,0.5728759766,0.4721069336,0.6325073242,-0.2210083008
83323387.0,2968.0,0.0,0.35546875,-0.56640625,2.07421875,0
83330419.0,7032.0,1.0,0.5665283203,0.4781494141,0.6327514648,-0.2236938477
83333387.0,2968.0,0.0,0.4609375,-1.01171875,2.6484375,0
83340419.0,7032.0,1.0,0.5610961914,0.4829711914,0.6333007813,-0.2253417969
83343387.0,2968.0,0.0,0.23046875,-0.57421875,2.75,0
83350419.0,7032.0,1.0,0.5565795898,0.4868774414,0.6339111328,-0.2265625
83353387.0,2968.0,0.0,-0.390625,-0.75,2.1875,0
83360419.0,7032.0,1.0,0.5527954102,0.4897460938,0.634765625,-0.2272338867
83363387.0,2968.0,0.0,-0.6640625,-0.95703125,0.73828125,0
83370419.0,7032.0,1.0,0.5489501953,0.4928588867,0.6353149414,-0.2284545898
83373387.0,2968.0,0.0,-0.328125,0.58984375,0.08203125,0
83380419.0,7032.0,1.0,0.5455932617,0.4954223633,0.6357421875,-0.2295532227
83383387.0,2968.0,0.0,0.53125,0.40625,0.50390625,0
83390419.0,7032.0,1.0,0.5426025391,0.4971313477,0.6370849609,-0.2293701172
83393387.0,2968.0,0.0,1.546875,-0.11328125,1.42578125,0
83400419.0,7032.0,1.0,0.5395507813,0.4986572266,0.6384887695,-0.2291870117
83403387.0,2968.0,0.0,2.19921875,0.5859375,1.91015625,0
83410419.0,7032.0,1.0,0.5375366211,0.4984130859,0.6411132813,-0.2271728516
83413387.0,2968.0,0.0,1.84375,0.4375,2.078125,0
83421419.0,8032.0,1.0,0.5362548828,0.4971923828,0.6441040039,-0.2243652344
83424387.0,2968.0,0.0,1.22265625,0.8671875,2.00390625,0
83430419.0,6032.0,1.0,0.5352783203,0.4953613281,0.6475830078,-0.220703125
83433387.0,2968.0,0.0,1.1328125,0.70703125,2.81640625,0
83440419.0,7032.0,1.0,0.5348510742,0.4926757813,0.6516723633,-0.2157592773
83443387.0,2968.0,0.0,0.80859375,0.203125,4.5546875,0
83450419.0,7032.0,1.0,0.5355224609,0.4881591797,0.6565551758,-0.2094726563
83453387.0,2968.0,0.0,-0.04296875,0.0390625,4.5625,0
83460419.0,7032.0,1.0,0.5365600586,0.4825439453,0.6620483398,-0.2024536133
83463387.0,2968.0,0.0,-0.14453125,-1.26171875,4.87109375,0
83470419.0,7032.0,1.0,0.5379638672,0.4763793945,0.6673583984,-0.1957397461
83473387.0,2968.0,0.0,-0.15234375,-0.28125,2.5859375,0
83480419.0,7032.0,1.0,0.5390625,0.4697265625,0.6734008789,-0.1878662109
83483387.0,2968.0,0.0,0.51953125,-0.6640625,1.68359375,0
83490419.0,7032.0,1.0,0.5403442383,0.4626464844,0.6792602539,-0.1806030273
83494387.0,3968.0,0.0,1.33984375,-0.96484375,0.625,0
83500419.0,6032.0,1.0,0.5405273438,0.4567871094,0.6846923828,-0.1743164063
83503387.0,2968.0,0.0,2.08203125,-0.54296875,1.4609375,0
83510419.0,7032.0,1.0,0.5407714844,0.4502563477,0.6904907227,-0.1672973633
83513387.0,2968.0,0.0,1.8515625,-1.18359375,2.90234375,0
83520419.0,7032.0,1.0,0.5408935547,0.442565918,0.6973266602,-0.1591186523
83523387.0,2968.0,0.0,1.234375,-0.44140625,2.8125,0
83530419.0,7032.0,1.0,0.5416870117,0.4326782227,0.7048950195,-0.1497802734
83533387.0,2968.0,0.0,0.66015625,-0.359375,2.875,0
83540419.0,7032.0,1.0,0.5427856445,0.4209594727,0.7133789063,-0.1390991211
83543387.0,2968.0,0.0,0.28125,-0.50390625,2.34375,0
83550419.0,7032.0,1.0,0.5446777344,0.4049682617,0.7235717773,-0.1254882813
83553387.0,2968.0,0.0,0.51953125,-0.07421875,0.72265625,0
83560419.0,7032.0,1.0,0.5461425781,0.3880615234,0.7339477539,-0.1114501953
83563387.0,2968.0,0.0,0.87109375,0.00390625,1.42578125,0
83570419.0,7032.0,1.0,0.5480957031,0.3657226563,0.7463989258,-0.0935058594
83573387.0,2968.0,0.0,1.22265625,0.234375,1.94140625,0
83580419.0,7032.0,1.0,0.5498046875,0.3388671875,0.7600708008,-0.0724487305
83583387.0,2968.0,0.0,1.34375,-0.1875,2.1171875,0
83590419.0,7032.0,1.0,0.5505371094,0.3085327148,0.7741699219,-0.0490722656
83593387.0,2968.0,0.0,0.4296875,0.01171875,2.31640625,0
83603419.0,10032.0,1.0,0.5466918945,0.3083496094,0.7770996094,-0.0469970703
83606387.0,2968.0,0.0,-0.09375,0.73828125,1.44921875,0
83611419.0,5032.0,1.0,0.5427246094,0.3076171875,0.7802734375,-0.0444946289
83614387.0,2968.0,0.0,0.95703125,2.29296875,-0.13671875,0
83620419.0,6032.0,1.0,0.5419311523,0.305847168,0.7816772461,-0.041809082
83623387.0,2968.0,0.0,0.88671875,0.90625,0.1171875,0
83630419.0,7032.0,1.0,0.5397338867,0.3040771484,0.783996582,-0.0389404297
83633387.0,2968.0,0.0,1.84765625,1.7578125,0.41796875,0
83640419.0,7032.0,1.0,0.5372314453,0.3022460938,0.7865600586,-0.0357055664
83643387.0,2968.0,0.0,1.6328125,1.6484375,1.55078125,0
83650419.0,7032.0,1.0,0.5346069336,0.137512207,0.8301391602,0.0786132813
83653387.0,2968.0,0.0,1.9375,1.578125,1.57421875,0
83660419.0,7032.0,1.0,0.5231323242,0.0549926758,0.83984375,0.1342163086
83663387.0,2968.0,0.0,-0.171875,1.33984375,1.71484375,0
83670419.0,7032.0,1.0,0.5120849609,0.0086669922,0.8426513672,0.1663818359
83673387.0,2968.0,0.0,-0.39453125,0.6796875,1.5390625,0
83680419.0,7032.0,1.0,0.5017089844,-0.0270996094,0.8431396484,0.1915283203
83683387.0,2968.0,0.0,-0.53125,0.55859375,1.4453125,0
83690419.0,7032.0,1.0,0.4916992188,-0.0551757812,0.8428955078,0.2115478516
83693387.0,2968.0,0.0,0.0546875,-0.30078125,1.27734375,0
83700419.0,7032.0,1.0,0.4818725586,-0.0794067383,0.8420410156,0.2290649414
83703387.0,2968.0,0.0,-1.26171875,0.83984375,1.640625,0
83710419.0,7032.0,1.0,0.4713745117,-0.1030273438,0.840637207,0.2459106445
83713387.0,2968.0,0.0,-1.05078125,0.23828125,1.28515625,0
83720419.0,7032.0,1.0,0.4611816406,-0.1236572266,0.839050293,0.2608032227
83723387.0,2968.0,0.0,-1.41015625,-0.234375,1.15625,0
83731419.0,8032.0,1.0,0.4508666992,-0.143371582,0.8370361328,0.2747802734
83734387.0,2968.0,0.0,-0.9296875,-0.7109375,1.34765625,0
83740419.0,6032.0,1.0,0.4403686523,-0.1610717773,0.8353271484,0.2870483398
83743387.0,2968.0,0.0,0.203125,-1.74609375,0.78515625,0
83750419.0,7032.0,1.0,0.4296264648,-0.1794433594,0.8330688477,0.2986450195
83753387.0,2968.0,0.0,-0.65625,-1.36328125,0.8671875,0
83760419.0,7032.0,1.0,0.4182739258,-0.1981201172,0.8305664063,0.309753418
83763387.0,2968.0,0.0,-1.75390625,-2.09375,1.18359375,0
83771419.0,8032.0,1.0,0.4071044922,-0.2154541016,0.8280029297,0.3198242188
83774387.0,2968.0,0.0,-2.98046875,-1.7890625,0.7421875,0
83784419.0,10032.0,1.0,0.3948364258,-0.2358398438,0.8240356445,0.3308105469
83787387.0,2968.0,0.0,-6.09765625,-2.078125,0.98828125,0
83791419.0,4032.0,1.0,0.3809204102,-0.2608032227,0.8180541992,0.3430175781
83794387.0,2968.0,0.0,-7.4296875,-2.29296875,1.37890625,0
83800419.0,6032.0,1.0,0.3647460938,-0.291015625,0.8092041016,0.3571166992
83803387.0,2968.0,0.0,-8.546875,-1.64453125,1.05859375,0
83810419.0,7032.0,1.0,0.3480224609,-0.3228759766,0.7979125977,0.3713989258
83813387.0,2968.0,0.0,-9.3203125,-0.11328125,1.2265625,0
83820419.0,7032.0,1.0,0.3302001953,-0.3566894531,0.783996582,0.3861694336
83823387.0,2968.0,0.0,-8.27734375,-0.85546875,0.26171875,0
83830419.0,7032.0,1.0,0.3128051758,-0.3875732422,0.7698364258,0.3991088867
83834387.0,3968.0,0.0,-6.62109375,-1.9921875,1.21484375,0
83840419.0,6032.0,1.0,0.2967529297,-0.4145507813,0.7563476563,0.4099121094
83843387.0,2968.0,0.0,-6.375,-2.734375,0.7265625,0
83850419.0,7032.0,1.0,0.2819824219,-0.4391479492,0.7431030273,0.4188232422
83853387.0,2968.0,0.0,-7.16015625,-0.9140625,0.4296875,0
83860419.0,7032.0,1.0,0.2689208984,-0.4582519531,0.7327880859,0.4250488281
83863387.0,2968.0,0.0,-7.13671875,-0.33203125,0.99609375,0
83870419.0,7032.0,1.0,0.2579345703,-0.4743041992,0.7235717773,0.4301147461
83873387.0,2968.0,0.0,-7.30078125,1.87109375,1.13671875,0
83881419.0,8032.0,1.0,0.2495727539,-0.4842529297,0.7176513672,0.4338378906
83884387.0,2968.0,0.0,-7.046875,4.18359375,1.65234375,0
83890419.0,6032.0,1.0,0.2432861328,-0.4869995117,0.716003418,0.4370727539
83893387.0,2968.0,0.0,-4.85546875,8.4140625,2.08203125,0
83900419.0,7032.0,1.0,0.2373046875,-0.4827880859,0.7181396484,0.4414672852
83903387.0,2968.0,0.0,-2.85546875,10.9765625,1.84765625,0
83910419.0,7032.0,1.0,0.2302856445,-0.4732055664,0.7220458984,0.4491577148
83913387.0,2968.0,0.0,-1.3515625,10.72265625,1.578125,0
83920419.0,7032.0,1.0,0.2206420898,-0.4581298828,0.7264404297,0.4623413086
83923387.0,2968.0,0.0,0.4296875,12.2734375,1.39453125,0
83930419.0,7032.0,1.0,0.2077636719,-0.4390258789,0.7301635742,0.4805908203
83933387.0,2968.0,0.0,3.30078125,4.0546875,1.8203125,0
83940419.0,7032.0,1.0,0.1918334961,-0.4191894531,0.7315063477,0.5023803711
83943387.0,2968.0,0.0,1.0,-2.72265625,5.31640625,0
83950419.0,7032.0,1.0,0.1741943359,-0.4005126953,0.7304077148,0.5251464844
83953387.0,2968.0,0.0,0.48046875,-6.3515625,2.16015625,0
83962419.0,9032.0,1.0,0.1573486328,-0.3843383789,0.7285766602,0.5447387695
83965387.0,2968.0,0.0,2.4140625,-17.953125,0.12890625,0
83971419.0,6032.0,1.0,0.1422119141,-0.3719482422,0.7274780273,0.5587768555
83974387.0,2968.0,0.0,9.35546875,-7.9921875,1.06640625,0
83980419.0,6032.0,1.0,0.1289672852,-0.3594360352,0.7271728516,0.5704956055
83983387.0,2968.0,0.0,10.0859375,-2.14453125,2.18359375,0
83991419.0,8032.0,1.0,0.1186523438,-0.3468017578,0.7272338867,0.5803222656
83994387.0,2968.0,0.0,8.9453125,-0.8359375,1.04296875,0
84000419.0,6032.0,1.0,0.1107177734,-0.3324584961,0.7283935547,0.5888061523
84003387.0,2968.0,0.0,3.734375,-3.22265625,-3.05078125,0
84010419.0,7032.0,1.0,0.1032104492,-0.3189697266,0.7285766602,0.5973510742
84013387.0,2968.0,0.0,0.83203125,-2.7421875,-2.2578125,0
84020419.0,7032.0,1.0,0.0953369141,-0.3076782227,0.7261352539,0.6074829102
84023387.0,2968.0,0.0,-0.7421875,-2.078125,-1.42578125,0
84031419.0,8032.0,1.0,0.0871582031,-0.2990112305,0.7218017578,0.6180419922
84034387.0,2968.0,0.0,-1.375,-3.88671875,-2.3046875,0
84043419.0,9032.0,1.0,0.078918457,-0.2940673828,0.7162475586,0.6278686523
84046387.0,2968.0,0.0,-1.66015625,-5.26953125,-3.26953125,0
84050419.0,4032.0,1.0,0.0706176758,-0.2914428711,0.7103271484,0.6368408203
84053387.0,2968.0,0.0,-1.83984375,-5.421875,-3.32421875,0
84060419.0,7032.0,1.0,0.0619506836,-0.2919921875,0.7043457031,0.6440429688
84063387.0,2968.0,0.0,-1.8046875,-5.08984375,-3.19140625,0
84071419.0,8032.0,1.0,0.0534057617,-0.2952880859,0.6989135742,0.6491699219
84074387.0,2968.0,0.0,-1.62109375,-4.421875,-3.125,0
84080419.0,6032.0,1.0,0.0446166992,-0.3014526367,0.6936645508,0.6526489258
84083387.0,2968.0,0.0,-1.109375,-3.3671875,-2.51953125,0
84090419.0,7032.0,1.0,0.0357666016,-0.3084716797,0.6882324219,0.6556396484
84093387.0,2968.0,0.0,-0.58984375,-3.1328125,-2.5546875,0
84100419.0,7032.0,1.0,0.0270385742,-0.3168945313,0.6832275391,0.6572875977
84103387.0,2968.0,0.0,0.05078125,-3.09375,-2.74609375,0
84111419.0,8032.0,1.0,0.0188598633,-0.3254394531,0.6790771484,0.6577148438
84114387.0,2968.0,0.0,0.80859375,-3.09375,-2.71484375,0
84120419.0,6032.0,1.0,0.0106201172,-0.3348388672,0.6758422852,0.6564941406
84123387.0,2968.0,0.0,2.36328125,-2.953125,-2.4609375,0
84131419.0,8032.0,1.0,0.0030517578,-0.3441772461,0.6737670898,0.6539306641
84135387.0,3968.0,0.0,2.9140625,-2.70703125,-2.09375,0
84140419.0,5032.0,1.0,0.0040283203,0.3529663086,-0.6730957031,-0.6499023438
84143387.0,2968.0,0.0,3.3359375,-2.49609375,-1.70703125,0
84151419.0,8032.0,1.0,0.0098266602,0.3601074219,-0.6739501953,-0.6450195313
84154387.0,2968.0,0.0,3.40234375,-1.97265625,-1.8203125,0
84164419.0,10032.0,1.0,0.0151977539,0.3667602539,-0.67578125,-0.6392211914
84167387.0,2968.0,0.0,3.19921875,-0.43359375,-1.89453125,0
84171419.0,4032.0,1.0,0.0197753906,0.371887207,-0.6785888672,-0.6331176758
84174387.0,2968.0,0.0,3.13671875,0.45703125,-1.87890625,0
84181419.0,7032.0,1.0,0.0248413086,0.3770751953,-0.6810913086,-0.6271362305
84184387.0,2968.0,0.0,3.06640625,1.2109375,-1.59765625,0
84191419.0,7032.0,1.0,0.0296630859,0.3803100586,-0.6841430664,-0.6215820313
84194387.0,2968.0,0.0,3.33984375,2.015625,-0.890625,0
84200419.0,6032.0,1.0,0.033996582,0.3814697266,-0.6871337891,-0.6173706055
84203387.0,2968.0,0.0,3.26171875,2.22265625,-1.2265625,0
84211419.0,8032.0,1.0,0.0387573242,0.3812255859,-0.6900634766,-0.6140136719
84214387.0,2968.0,0.0,2.9140625,1.87890625,-1.06640625,0
84221419.0,7032.0,1.0,0.0433959961,0.3794555664,-0.6925048828,-0.6119995117
84224387.0,2968.0,0.0,2.51953125,1.40234375,-0.99609375,0
84230419.0,6032.0,1.0,0.0483398437,0.3767700195,-0.6948242188,-0.6107177734
84233387.0,2968.0,0.0,1.71484375,0.46875,-0.61328125,0
84240419.0,7032.0,1.0,0.0531616211,0.3731689453,-0.6967163086,-0.6103515625
84243387.0,2968.0,0.0,1.51953125,-0.0234375,-0.4765625,0
84251419.0,8032.0,1.0,0.0576782227,0.3690795898,-0.6985473633,-0.6103515625
84254387.0,2968.0,0.0,1.44921875,-0.4375,-0.33984375,0
84261419.0,7032.0,1.0,0.0621948242,0.365234375,-0.7001953125,-0.6102905273
84264387.0,2968.0,0.0,1.53125,-0.796875,-0.21484375,0
84270419.0,6032.0,1.0,0.0662841797,0.3615112305,-0.7017822266,-0.6102905273
84273387.0,2968.0,0.0,0.9765625,-0.515625,0.3046875,0
84281419.0,8032.0,1.0,0.0698852539,0.3576049805,-0.7034301758,-0.6102294922
84284387.0,2968.0,0.0,0.9140625,-0.41796875,0.08203125,0
84291419.0,7032.0,1.0,0.0728759766,0.3532104492,-0.7053222656,-0.6102905273
84294387.0,2968.0,0.0,0.66796875,-0.38671875,0.02734375,0
84301419.0,7032.0,1.0,0.0760498047,0.3496704102,-0.7069702148,-0.6099853516
84304387.0,2968.0,0.0,-0.29296875,0.17578125,-0.03515625,0
84311419.0,7032.0,1.0,0.0562133789,0.2684326172,-0.7465820313,-0.6060791016
84314387.0,2968.0,0.0,-0.54296875,0.66015625,-0.296875,0
84320419.0,6032.0,1.0,0.0555419922,0.2645263672,-0.7471313477,-0.6072387695
84323387.0,2968.0,0.0,-0.34765625,0.68359375,-0.3984375,0
84331419.0,8032.0,1.0,0.0546875,0.2608032227,-0.7478637695,-0.6080322266
84334387.0,2968.0,0.0,-0.1875,0.63671875,-0.44140625,0
84341419.0,7032.0,1.0,0.0538330078,0.2571411133,-0.7487182617,-0.6086425781
84344387.0,2968.0,0.0,-0.0078125,0.51171875,-0.53515625,0
84351419.0,7032.0,1.0,0.0528564453,0.2536010742,-0.7497558594,-0.6088867188
84354387.0,2968.0,0.0,0.08203125,0.3125,-0.7265625,0
84361419.0,7032.0,1.0,0.0518188477,0.2501220703,-0.7510375977,-0.6088256836
84364387.0,2968.0,0.0,0.01171875,0.34375,-0.7265625,0
84371419.0,7032.0,1.0,0.0505981445,0.2467041016,-0.7526245117,-0.6083984375
84374387.0,2968.0,0.0,0.02734375,0.3828125,-0.6328125,0
84381419.0,7032.0,1.0,0.0493164062,0.2434082031,-0.7545166016,-0.6074829102
84384387.0,2968.0,0.0,0.04296875,0.6875,-0.88671875,0
84391419.0,7032.0,1.0,0.0479736328,0.2401733398,-0.756652832,-0.606262207
84394387.0,2968.0,0.0,0.1015625,1.109375,-1.125,0
84401419.0,7032.0,1.0,0.0465698242,0.2369384766,-0.7590332031,-0.6046142578
84404387.0,2968.0,0.0,0.1953125,1.38671875,-0.82421875,0
84411419.0,7032.0,1.0,0.0451049805,0.2338256836,-0.7615356445,-0.6027832031
84414387.0,2968.0,0.0,0.1328125,1.4609375,-1.046875,0
84420419.0,6032.0,1.0,0.043762207,0.2308959961,-0.7640991211,-0.6008300781
84423387.0,2968.0,0.0,0.109375,1.1171875,-1.6875,0
84431419.0,8032.0,1.0,0.0423583984,0.227722168,-0.7667236328,-0.5987548828
84434387.0,2968.0,0.0,0.0859375,1.09375,-1.52734375,0
84441419.0,7032.0,1.0,0.0411376953,0.2246704102,-0.7691650391,-0.596862793
84444387.0,2968.0,0.0,0.1015625,1.2109375,-1.296875,0
84451419.0,7032.0,1.0,0.0399780273,0.2217407227,-0.771484375,-0.5949707031
84454387.0,2968.0,0.0,0.15234375,1.44921875,-1.140625,0
84460419.0,6032.0,1.0,0.0389404297,0.2189941406,-0.7737426758,-0.5932006836
84463387.0,2968.0,0.0,0.28515625,1.72265625,-0.8046875,0
84470419.0,7032.0,1.0,0.0379638672,0.2161254883,-0.7759399414,-0.5913696289
84473387.0,2968.0,0.0,0.3359375,1.73046875,-1.0703125,0
84481419.0,8032.0,1.0,0.037109375,0.2133789063,-0.7780151367,-0.5897216797
84484387.0,2968.0,0.0,0.34375,1.76953125,-1.1484375,0
84491419.0,7032.0,1.0,0.036315918,0.2106933594,-0.7799072266,-0.5881958008
84494387.0,2968.0,0.0,0.44140625,2.0859375,-0.7265625,0
84501419.0,7032.0,1.0,0.0356445312,0.2080688477,-0.7817382813,-0.5867919922
84504387.0,2968.0,0.0,0.34375,2.046875,-1.125,0
84511419.0,7032.0,1.0,0.0350341797,0.2055053711,-0.7835083008,-0.5853881836
84514387.0,2968.0,0.0,0.359375,1.90234375,-1.28515625,0
84521419.0,7032.0,1.0,0.0344848633,0.2030029297,-0.78515625,-0.5841064453
84524387.0,2968.0,0.0,0.2890625,1.671875,-1.4453125,0
84531419.0,7032.0,1.0,0.033996582,0.2005615234,-0.7868041992,-0.5827026367
84534387.0,2968.0,0.0,0.1953125,1.33203125,-1.375,0
84541419.0,7032.0,1.0,0.0335083008,0.1981201172,-0.7885742188,-0.5811767578
84544387.0,2968.0,0.0,0.2109375,1.21875,-1.03515625,0
84551419.0,7032.0,1.0,0.0329589844,0.1957397461,-0.7905273438,-0.5793457031
84554387.0,2968.0,0.0,0.30078125,1.33203125,-0.8046875,0
84561419.0,7032.0,1.0,0.0323486328,0.1934814453,-0.7927246094,-0.5772094727
84564387.0,2968.0,0.0,0.43359375,1.5390625,-0.60546875,0
84571419.0,7032.0,1.0,0.0317382812,0.1912841797,-0.7949829102,-0.5748291016
84574387.0,2968.0,0.0,0.44921875,1.703125,-0.51953125,0
84581419.0,7032.0,1.0,0.0311889648,0.1891479492,-0.7973632813,-0.572265625
84584387.0,2968.0,0.0,0.5,1.78515625,-0.50390625,0
84591419.0,7032.0,1.0,0.0306396484,0.1870727539,-0.7996826172,-0.5696411133
84594387.0,2968.0,0.0,0.59375,1.83984375,-0.41015625,0
84601419.0,7032.0,1.0,0.0302124023,0.1851196289,-0.8020629883,-0.5670166016
84604387.0,2968.0,0.0,0.64453125,1.85546875,-0.2890625,0
84610419.0,6032.0,1.0,0.0297851563,0.1832885742,-0.8044433594,-0.5642700195
84613387.0,2968.0,0.0,1.234375,1.44140625,-0.15625,0
84621419.0,8032.0,1.0,0.029296875,0.1813964844,-0.8072509766,-0.5609130859
84624387.0,2968.0,0.0,0.72265625,1.08203125,-0.46875,0
84631419.0,7032.0,1.0,0.0287475586,0.1796264648,-0.8101806641,-0.5571899414
84634387.0,2968.0,0.0,0.0,0.83203125,-0.7734375,0
84641419.0,7032.0,1.0,0.028137207,0.1777954102,-0.8134765625,-0.5530395508
84644387.0,2968.0,0.0,-0.40625,1.12890625,-0.734375,0
84650419.0,6032.0,1.0,0.0274658203,0.1762084961,-0.8167114258,-0.548828125
84653387.0,2968.0,0.0,-0.1171875,1.8515625,-0.04296875,0
84661419.0,8032.0,1.0,0.0267333984,0.1744995117,-0.8201293945,-0.5442504883
84664387.0,2968.0,0.0,-0.25390625,1.99609375,0.01171875,0
84671419.0,7032.0,1.0,0.0260620117,0.1729736328,-0.8233642578,-0.5399169922
84674387.0,2968.0,0.0,-0.5,2.05859375,-0.21484375,0
84681419.0,7032.0,1.0,0.025390625,0.1714477539,-0.8264160156,-0.5356445313
84684387.0,2968.0,0.0,-0.71484375,2.01953125,-0.28515625,0
84691419.0,7032.0,1.0,0.0248413086,0.1701049805,-0.8292236328,-0.5318603516
84694387.0,2968.0,0.0,-0.9609375,2.16796875,-0.40625,0
84701419.0,7032.0,1.0,0.0243530273,0.168762207,-0.8316650391,-0.5284423828
84704387.0,2968.0,0.0,-1.12890625,2.265625,-0.49609375,0
84711419.0,7032.0,1.0,0.0241088867,0.1675415039,-0.8336181641,-0.5256958008
84714387.0,2968.0,0.0,-1.18359375,2.28125,-0.44140625,0
84721419.0,7032.0,1.0,0.0239868164,0.1663818359,-0.8350830078,-0.5237426758
84724387.0,2968.0,0.0,-1.0078125,2.21484375,-0.5234375,0
84731419.0,7032.0,1.0,0.0241088867,0.1652832031,-0.8359985352,-0.5227050781
84734387.0,2968.0,0.0,-0.984375,2.0234375,-0.5390625,0
84741419.0,7032.0,1.0,0.0244140625,0.1643066406,-0.8363037109,-0.5225219727
84744387.0,2968.0,0.0,-1.0,1.9140625,-0.53125,0
84751419.0,7032.0,1.0,0.0249633789,0.163269043,-0.8361816406,-0.5229492188
