time_us,time_dif_us,data_type,value_1,value_2,value_3,value_4
9922.0,0
45908386.0,2967.0,0.0,-0.01171875,0.03515625,0.18359375,0
45915419.0,7033.0,1.0,0.529296875,0.4776000977,0.5409545898,-0.4461669922
45919386.0,3967.0,0.0,0.02734375,0.07421875,0.17578125,0
45925419.0,6033.0,1.0,0.5293579102,0.4776000977,0.5409545898,-0.4461669922
45928386.0,2967.0,0.0,0.02734375,0.07421875,0.09765625,0
45935419.0,7033.0,1.0,0.5293579102,0.4776000977,0.5409545898,-0.446105957
45938386.0,2967.0,0.0,0.02734375,-0.04296875,0.01953125,0
45945419.0,7033.0,1.0,0.5293579102,0.4776000977,0.5409545898,-0.446105957
45948386.0,2967.0,0.0,-0.01171875,-0.04296875,0.01171875,0
45955419.0,7033.0,1.0,0.5294189453,0.4776000977,0.5409545898,-0.446105957
45958386.0,2967.0,0.0,0.02734375,-0.01171875,-0.0234375,0
45965419.0,7033.0,1.0,0.5294189453,0.4776000977,0.5409545898,-0.446105957
45968386.0,2967.0,0.0,-0.01171875,-0.01171875,0.01171875,0
45975419.0,7033.0,1.0,0.5294799805,0.4775390625,0.5409545898,-0.446105957
45978386.0,2967.0,0.0,0.02734375,0.02734375,0.12890625,0
45985419.0,7033.0,1.0,0.5294799805,0.4775390625,0.5409545898,-0.4460449219
45988386.0,2967.0,0.0,-0.01953125,-0.08984375,0.16015625,0
45995419.0,7033.0,1.0,0.5294799805,0.4775390625,0.5409545898,-0.4460449219
45998386.0,2967.0,0.0,0.01953125,-0.12890625,0.16015625,0
46005419.0,7033.0,1.0,0.5294799805,0.4775390625,0.5409545898,-0.4459838867
46008386.0,2967.0,0.0,-0.01953125,-0.05078125,0.11328125,0
46015419.0,7033.0,1.0,0.5294799805,0.4775390625,0.5409545898,-0.4459838867
46018386.0,2967.0,0.0,0.01953125,-0.05078125,-0.00390625,0
46025419.0,7033.0,1.0,0.5295410156,0.4775390625,0.541015625,-0.4459228516
46028386.0,2967.0,0.0,0.01953125,-0.04296875,-0.00390625,0
46035419.0,7033.0,1.0,0.5295410156,0.4775390625,0.541015625,-0.4459228516
46038386.0,2967.0,0.0,0.01953125,-0.00390625,-0.046875,0
46045419.0,7033.0,1.0,0.5295410156,0.4775390625,0.541015625,-0.4458618164
46048386.0,2967.0,0.0,-0.01953125,-0.01171875,-0.046875,0
46055419.0,7033.0,1.0,0.5296020508,0.4776000977,0.541015625,-0.4458007813
46058386.0,2967.0,0.0,0.01953125,-0.01171875,-0.046875,0
46065419.0,7033.0,1.0,0.5296020508,0.4776000977,0.541015625,-0.4458007813
46068386.0,2967.0,0.0,-0.01953125,0.02734375,-0.046875,0
46075419.0,7033.0,1.0,0.5296020508,0.4776000977,0.541015625,-0.4458007813
46078386.0,2967.0,0.0,0.01953125,0.1015625,-0.01171875,0
46085419.0,7033.0,1.0,0.5296630859,0.4776000977,0.541015625,-0.4457397461
46088386.0,2967.0,0.0,0.01953125,0.1015625,-0.046875,0
46095419.0,7033.0,1.0,0.5296630859,0.4775390625,0.5410766602,-0.4456787109
46098386.0,2967.0,0.0,0.01953125,0.06640625,-0.01171875,0
46105419.0,7033.0,1.0,0.5297241211,0.4775390625,0.5410766602,-0.4456787109
46108386.0,2967.0,0.0,-0.01953125,0.1015625,-0.046875,0
46115419.0,7033.0,1.0,0.5297241211,0.4775390625,0.5410766602,-0.4456176758
46118386.0,2967.0,0.0,-0.01953125,0.1328125,-0.0859375,0
46125419.0,7033.0,1.0,0.5297241211,0.4775390625,0.5410766602,-0.4456176758
46128386.0,2967.0,0.0,-0.01953125,0.1328125,0.06640625,0
46135419.0,7033.0,1.0,0.5297241211,0.4774780273,0.5411376953,-0.4456176758
46138386.0,2967.0,0.0,0.01953125,0.05859375,0.06640625,0
46145419.0,7033.0,1.0,0.5297241211,0.4774780273,0.5411376953,-0.4456176758
46148386.0,2967.0,0.0,-0.01953125,-0.01953125,0.02734375,0
46155419.0,7033.0,1.0,0.5297241211,0.4774780273,0.5411376953,-0.4456176758
46158386.0,2967.0,0.0,-0.01953125,-0.02734375,-0.046875,0
46165419.0,7033.0,1.0,0.5297241211,0.4774169922,0.5411376953,-0.4456176758
46168386.0,2967.0,0.0,-0.01953125,0.05078125,-0.0859375,0
46175419.0,7033.0,1.0,0.5297241211,0.4774169922,0.5411987305,-0.4456176758
46178386.0,2967.0,0.0,0.01953125,0.125,-0.125,0
46185419.0,7033.0,1.0,0.5297851563,0.477355957,0.5411987305,-0.4456176758
46188386.0,2967.0,0.0,-0.01953125,0.125,-0.1953125,0
46195419.0,7033.0,1.0,0.5297851563,0.477355957,0.5412597656,-0.4456176758
46198386.0,2967.0,0.0,-0.01953125,0.04296875,-0.15625,0
46205419.0,7033.0,1.0,0.5297851563,0.4772949219,0.5412597656,-0.4455566406
46208386.0,2967.0,0.0,-0.01953125,0.125,-0.00390625,0
46215419.0,7033.0,1.0,0.5298461914,0.4772338867,0.5413208008,-0.4455566406
46219386.0,3967.0,0.0,0.01953125,0.125,0.03515625,0
46225419.0,6033.0,1.0,0.5298461914,0.4771728516,0.5413818359,-0.4455566406
46228386.0,2967.0,0.0,-0.01953125,-0.03515625,0.16015625,0
46235419.0,7033.0,1.0,0.5297851563,0.4771118164,0.5413818359,-0.4455566406
46238386.0,2967.0,0.0,-0.01953125,-0.03515625,0.2265625,0
46245419.0,7033.0,1.0,0.5297851563,0.4771118164,0.5414428711,-0.4455566406
46248386.0,2967.0,0.0,-0.01953125,0.04296875,0.2265625,0
46255419.0,7033.0,1.0,0.5297851563,0.4770507813,0.5415039063,-0.4455566406
46259386.0,3967.0,0.0,0.01953125,0.078125,0.15234375,0
46265419.0,6033.0,1.0,0.5297851563,0.4769897461,0.5415649414,-0.4455566406
46268386.0,2967.0,0.0,0.01953125,0.03515625,0.14453125,0
46275419.0,7033.0,1.0,0.5297241211,0.4769897461,0.5416259766,-0.4454956055
46278386.0,2967.0,0.0,-0.01953125,-0.04296875,-0.01171875,0
46285419.0,7033.0,1.0,0.5297241211,0.4769287109,0.5416870117,-0.4454956055
46288386.0,2967.0,0.0,-0.01953125,0.00390625,-0.046875,0
46295419.0,7033.0,1.0,0.5296630859,0.4769287109,0.5417480469,-0.4455566406
46299386.0,3967.0,0.0,0.02734375,-0.03515625,-0.046875,0
46305419.0,6033.0,1.0,0.5296630859,0.4768676758,0.5418701172,-0.4454956055
46308386.0,2967.0,0.0,-0.01171875,-0.07421875,0.07421875,0
46315419.0,7033.0,1.0,0.5296630859,0.4768066406,0.5419311523,-0.4454956055
46318386.0,2967.0,0.0,-0.01171875,-0.07421875,0.02734375,0
46325419.0,7033.0,1.0,0.5296020508,0.4768066406,0.5419921875,-0.4454956055
46328386.0,2967.0,0.0,-0.01171875,-0.07421875,0.02734375,0
46335419.0,7033.0,1.0,0.5296020508,0.4767456055,0.5420532227,-0.4454956055
46339386.0,3967.0,0.0,-0.01171875,-0.07421875,0.02734375,0
46345419.0,6033.0,1.0,0.5296020508,0.4766845703,0.5421142578,-0.4454345703
46348386.0,2967.0,0.0,-0.01171875,-0.06640625,0.02734375,0
46355419.0,7033.0,1.0,0.5295410156,0.4766845703,0.542175293,-0.4454345703
46358386.0,2967.0,0.0,-0.01171875,-0.13671875,-0.01171875,0
46365419.0,7033.0,1.0,0.5295410156,0.4766235352,0.5422363281,-0.4453735352
46368386.0,2967.0,0.0,-0.01171875,-0.171875,-0.0859375,0
46375419.0,7033.0,1.0,0.5295410156,0.4766235352,0.5422973633,-0.4453735352
46378386.0,2967.0,0.0,-0.01171875,-0.171875,-0.046875,0
46385419.0,7033.0,1.0,0.5294799805,0.4765625,0.5423583984,-0.4453735352
46388386.0,2967.0,0.0,-0.01171875,-0.12890625,-0.00390625,0
46395419.0,7033.0,1.0,0.5294799805,0.4765625,0.5424194336,-0.4453125
46398386.0,2967.0,0.0,-0.01171875,-0.12890625,-0.0390625,0
46405419.0,7033.0,1.0,0.5294799805,0.4765625,0.5424804688,-0.4453125
46408386.0,2967.0,0.0,-0.01171875,-0.08203125,-0.0390625,0
46416419.0,8033.0,1.0,0.5294799805,0.4765014648,0.5425415039,-0.4452514648
46419386.0,2967.0,0.0,-0.01171875,-0.15625,0.03515625,0
46425419.0,6033.0,1.0,0.5294189453,0.4765014648,0.5426025391,-0.4452514648
46428386.0,2967.0,0.0,-0.01171875,-0.1875,0.07421875,0
46435419.0,7033.0,1.0,0.5294189453,0.4765014648,0.5426025391,-0.4451904297
46438386.0,2967.0,0.0,-0.01171875,0.00390625,0.10546875,0
46445419.0,7033.0,1.0,0.5294189453,0.4765014648,0.5426635742,-0.4451293945
46448386.0,2967.0,0.0,0.03515625,0.05078125,0.14453125,0
46456419.0,8033.0,1.0,0.5294189453,0.4765625,0.5427246094,-0.4451293945
46459386.0,2967.0,0.0,-0.00390625,0.01171875,0.10546875,0
46465419.0,6033.0,1.0,0.5293579102,0.4765625,0.5427856445,-0.4450683594
46468386.0,2967.0,0.0,0.03515625,-0.02734375,-0.078125,0
46475419.0,7033.0,1.0,0.529296875,0.4766235352,0.5427856445,-0.4450683594
46478386.0,2967.0,0.0,-0.00390625,-0.06640625,-0.1171875,0
46485419.0,7033.0,1.0,0.5292358398,0.4766235352,0.5428466797,-0.4450073242
46488386.0,2967.0,0.0,-0.00390625,-0.01953125,-0.15625,0
46496419.0,8033.0,1.0,0.5292358398,0.4766235352,0.5429077148,-0.4450073242
46499386.0,2967.0,0.0,0.03515625,-0.05859375,-0.1953125,0
46505419.0,6033.0,1.0,0.5291748047,0.4766845703,0.5429077148,-0.4449462891
46508386.0,2967.0,0.0,0.03515625,-0.1328125,-0.1953125,0
46515419.0,7033.0,1.0,0.5291748047,0.4766845703,0.54296875,-0.4449462891
46518386.0,2967.0,0.0,-0.00390625,-0.1640625,-0.109375,0
46525419.0,7033.0,1.0,0.5291748047,0.4766845703,0.54296875,-0.4448852539
46528386.0,2967.0,0.0,0.03515625,-0.08984375,-0.1875,0
46536419.0,8033.0,1.0,0.5291748047,0.4767456055,0.54296875,-0.4448242188
46539386.0,2967.0,0.0,-0.00390625,-0.08203125,-0.20703125,0
46545419.0,6033.0,1.0,0.5291748047,0.4767456055,0.5430297852,-0.4448242188
46548386.0,2967.0,0.0,0.03515625,-0.1171875,-0.1328125,0
46555419.0,7033.0,1.0,0.5291748047,0.4767456055,0.5430297852,-0.4448242188
46558386.0,2967.0,0.0,-0.00390625,-0.1171875,-0.125,0
46565419.0,7033.0,1.0,0.5291748047,0.4768066406,0.54296875,-0.4448242188
46568386.0,2967.0,0.0,0.03515625,-0.03515625,-0.125,0
46576419.0,8033.0,1.0,0.5291748047,0.4768066406,0.54296875,-0.4447631836
46579386.0,2967.0,0.0,0.02734375,-0.03515625,-0.1171875,0
46586419.0,7033.0,1.0,0.5291748047,0.4768066406,0.54296875,-0.4447631836
46589386.0,2967.0,0.0,-0.01171875,0.01171875,-0.078125,0
46595419.0,6033.0,1.0,0.5291748047,0.4768676758,0.5429077148,-0.4447631836
46598386.0,2967.0,0.0,0.02734375,0.01171875,-0.109375,0
46605419.0,7033.0,1.0,0.5291748047,0.4769287109,0.5429077148,-0.4447021484
46608386.0,2967.0,0.0,0.02734375,0.04296875,-0.0625,0
46616419.0,8033.0,1.0,0.5291748047,0.4769287109,0.5429077148,-0.4447021484
46619386.0,2967.0,0.0,-0.01171875,0.08203125,-0.0625,0
46625419.0,6033.0,1.0,0.5292358398,0.4769287109,0.5428466797,-0.4447021484
46628386.0,2967.0,0.0,-0.01171875,0.12109375,-0.015625,0
46635419.0,7033.0,1.0,0.5292358398,0.4769287109,0.5428466797,-0.4447021484
46638386.0,2967.0,0.0,0.02734375,0.15625,0.09765625,0
46646419.0,8033.0,1.0,0.529296875,0.4769287109,0.5428466797,-0.4446411133
46649386.0,2967.0,0.0,-0.01171875,0.12109375,0.09765625,0
46655419.0,6033.0,1.0,0.529296875,0.4769287109,0.5428466797,-0.4446411133
46658386.0,2967.0,0.0,-0.01171875,0.12109375,0.05859375,0
46665419.0,7033.0,1.0,0.529296875,0.4769287109,0.5428466797,-0.4446411133
46668386.0,2967.0,0.0,-0.01171875,0.08203125,-0.015625,0
46675419.0,7033.0,1.0,0.529296875,0.4769287109,0.5428466797,-0.4446411133
46679386.0,3967.0,0.0,0.02734375,0.07421875,0.05859375,0
46685419.0,6033.0,1.0,0.529296875,0.4769897461,0.5427856445,-0.4446411133
46688386.0,2967.0,0.0,-0.01171875,0.03515625,0.05859375,0
46695419.0,7033.0,1.0,0.529296875,0.4769897461,0.5427856445,-0.4446411133
46698386.0,2967.0,0.0,-0.01171875,0.1484375,-0.0546875,0
46705419.0,7033.0,1.0,0.529296875,0.4769897461,0.5427856445,-0.4446411133
46708386.0,2967.0,0.0,-0.01171875,0.140625,-0.125,0
46715419.0,7033.0,1.0,0.529296875,0.4769287109,0.5427856445,-0.4446411133
46718386.0,2967.0,0.0,-0.01171875,0.1796875,-0.0859375,0
46725419.0,7033.0,1.0,0.5293579102,0.4769287109,0.5428466797,-0.4446411133
46728386.0,2967.0,0.0,-0.01171875,0.1328125,-0.0078125,0
46735419.0,7033.0,1.0,0.5293579102,0.4769287109,0.5428466797,-0.4445800781
46738386.0,2967.0,0.0,0.02734375,0.01953125,0.14453125,0
46745419.0,7033.0,1.0,0.5294189453,0.4768676758,0.5428466797,-0.4445800781
46748386.0,2967.0,0.0,-0.01171875,-0.01953125,0.10546875,0
46755419.0,7033.0,1.0,0.5294189453,0.4768676758,0.5429077148,-0.444519043
46758386.0,2967.0,0.0,-0.01171875,-0.06640625,0.10546875,0
46765419.0,7033.0,1.0,0.5294189453,0.4768676758,0.5429077148,-0.444519043
46768386.0,2967.0,0.0,0.02734375,0.05078125,0.10546875,0
46775419.0,7033.0,1.0,0.5294189453,0.4768676758,0.5429077148,-0.444519043
46778386.0,2967.0,0.0,-0.01171875,0.125,0.09765625,0
46785419.0,7033.0,1.0,0.5294189453,0.4768676758,0.5429077148,-0.444519043
46788386.0,2967.0,0.0,-0.01171875,0.05078125,0.13671875,0
46796419.0,8033.0,1.0,0.5294189453,0.4768066406,0.54296875,-0.4444580078
46799386.0,2967.0,0.0,-0.01171875,0.00390625,0.13671875,0
46806419.0,7033.0,1.0,0.5294189453,0.4768066406,0.54296875,-0.4444580078
46809386.0,2967.0,0.0,0.02734375,0.04296875,0.12890625,0
46815419.0,6033.0,1.0,0.5294189453,0.4768066406,0.54296875,-0.4444580078
46818386.0,2967.0,0.0,-0.01171875,0.04296875,0.015625,0
46825419.0,7033.0,1.0,0.5294189453,0.4768066406,0.5430297852,-0.4444580078
46828386.0,2967.0,0.0,-0.01171875,0.04296875,0.015625,0
46836419.0,8033.0,1.0,0.5294189453,0.4768066406,0.5430297852,-0.4444580078
46839386.0,2967.0,0.0,-0.01171875,0.03515625,0.0078125,0
46846419.0,7033.0,1.0,0.5294189453,0.4767456055,0.5430908203,-0.4443969727
46849386.0,2967.0,0.0,-0.01171875,0.03515625,0.08203125,0
46855419.0,6033.0,1.0,0.5294189453,0.4767456055,0.5430908203,-0.4443969727
46858386.0,2967.0,0.0,-0.01171875,0.07421875,0.12109375,0
46865419.0,7033.0,1.0,0.5294189453,0.4767456055,0.5431518555,-0.4443359375
46868386.0,2967.0,0.0,0.02734375,0.07421875,0.11328125,0
46876419.0,8033.0,1.0,0.5293579102,0.4766845703,0.5432128906,-0.4443359375
46879386.0,2967.0,0.0,0.02734375,0.02734375,0.15234375,0
46885419.0,6033.0,1.0,0.5293579102,0.4766845703,0.5432739258,-0.4442749023
46888386.0,2967.0,0.0,0.02734375,-0.203125,0.15234375,0
46895419.0,7033.0,1.0,0.5293579102,0.4766845703,0.5433349609,-0.4442138672
46898386.0,2967.0,0.0,0.02734375,-0.1640625,0.03515625,0
46905419.0,7033.0,1.0,0.5293579102,0.4766845703,0.5433959961,-0.444152832
46908386.0,2967.0,0.0,-0.01171875,-0.12890625,-0.1171875,0
46916419.0,8033.0,1.0,0.529296875,0.4766845703,0.5434570313,-0.444152832
46919386.0,2967.0,0.0,-0.01171875,-0.08203125,-0.23046875,0
46925419.0,6033.0,1.0,0.529296875,0.4766845703,0.5434570313,-0.444152832
46928386.0,2967.0,0.0,-0.01171875,-0.08203125,-0.26953125,0
46935419.0,7033.0,1.0,0.529296875,0.4766845703,0.5434570313,-0.4440917969
46938386.0,2967.0,0.0,-0.01171875,-0.08203125,-0.15625,0
46945419.0,7033.0,1.0,0.529296875,0.4766845703,0.5435180664,-0.4440917969
46948386.0,2967.0,0.0,0.02734375,-0.08203125,-0.1171875,0
46956419.0,8033.0,1.0,0.5293579102,0.4766235352,0.5435180664,-0.4440307617
46959386.0,2967.0,0.0,-0.01171875,-0.07421875,-0.0703125,0
46966419.0,7033.0,1.0,0.5293579102,0.4766235352,0.5435180664,-0.4440307617
46969386.0,2967.0,0.0,-0.01171875,-0.03515625,-0.18359375,0
46976419.0,7033.0,1.0,0.5294189453,0.4766235352,0.5435180664,-0.4440307617
46980386.0,3967.0,0.0,-0.01171875,0.00390625,-0.22265625,0
46986419.0,6033.0,1.0,0.5294189453,0.4766235352,0.5435180664,-0.4440307617
46989386.0,2967.0,0.0,-0.01171875,0.04296875,-0.1015625,0
46996419.0,7033.0,1.0,0.5294189453,0.4765625,0.5435180664,-0.4440307617
46999386.0,2967.0,0.0,-0.01171875,0.00390625,-0.0234375,0
47005419.0,6033.0,1.0,0.5294799805,0.4765625,0.5435180664,-0.4440307617
47008386.0,2967.0,0.0,0.02734375,0.04296875,0.0234375,0
47016419.0,8033.0,1.0,0.5294799805,0.4765625,0.5435180664,-0.4439697266
47019386.0,2967.0,0.0,-0.01171875,0.1171875,0.05859375,0
47026419.0,7033.0,1.0,0.5295410156,0.4765014648,0.5435180664,-0.4439697266
47029386.0,2967.0,0.0,-0.01171875,0.08203125,0.05859375,0
47036419.0,7033.0,1.0,0.5295410156,0.4765014648,0.5435791016,-0.4439697266
47039386.0,2967.0,0.0,0.02734375,0.00390625,0.0234375,0
47046419.0,7033.0,1.0,0.5295410156,0.4764404297,0.5435791016,-0.4439086914
47049386.0,2967.0,0.0,-0.01171875,-0.07421875,-0.0078125,0
47056419.0,7033.0,1.0,0.5295410156,0.4764404297,0.5435791016,-0.4439086914
47059386.0,2967.0,0.0,0.02734375,-0.03515625,-0.046875,0
47066419.0,7033.0,1.0,0.5296020508,0.4764404297,0.5435791016,-0.4439086914
47069386.0,2967.0,0.0,0.02734375,0.00390625,-0.046875,0
47075419.0,6033.0,1.0,0.5296020508,0.4763793945,0.5435791016,-0.4439086914
47078386.0,2967.0,0.0,-0.01171875,0.00390625,-0.0078125,0
47086419.0,8033.0,1.0,0.5296630859,0.4763793945,0.5435791016,-0.4439086914
47089386.0,2967.0,0.0,0.02734375,-0.07421875,-0.015625,0
47096419.0,7033.0,1.0,0.5296630859,0.4763183594,0.5435791016,-0.4439086914
47099386.0,2967.0,0.0,-0.01171875,-0.03515625,0.0234375,0
47106419.0,7033.0,1.0,0.5297241211,0.4763183594,0.5436401367,-0.4438476563
47109386.0,2967.0,0.0,0.02734375,-0.06640625,-0.0546875,0
47115419.0,6033.0,1.0,0.5297241211,0.4762573242,0.5436401367,-0.4438476563
47118386.0,2967.0,0.0,-0.01171875,-0.06640625,-0.0078125,0
47126419.0,8033.0,1.0,0.5297241211,0.4762573242,0.5435791016,-0.4438476563
47129386.0,2967.0,0.0,-0.01171875,-0.10546875,0.03125,0
47136419.0,7033.0,1.0,0.5297851563,0.4762573242,0.5435791016,-0.4438476563
47139386.0,2967.0,0.0,-0.01171875,0.01171875,0.14453125,0
47146419.0,7033.0,1.0,0.5297851563,0.4762573242,0.5435791016,-0.4439086914
47149386.0,2967.0,0.0,-0.01171875,0.05078125,0.09765625,0
47156419.0,7033.0,1.0,0.5298461914,0.4762573242,0.5435791016,-0.4438476563
47159386.0,2967.0,0.0,-0.01171875,0.05078125,0.05859375,0
47166419.0,7033.0,1.0,0.5298461914,0.4761962891,0.5435791016,-0.4438476563
47169386.0,2967.0,0.0,-0.01171875,0.05078125,0.05859375,0
47176419.0,7033.0,1.0,0.5298461914,0.4761962891,0.5435791016,-0.4438476563
47179386.0,2967.0,0.0,-0.01171875,0.05078125,0.05859375,0
47186419.0,7033.0,1.0,0.5299072266,0.4761962891,0.5435791016,-0.4438476563
47189386.0,2967.0,0.0,-0.01171875,0.05078125,0.05859375,0
47196419.0,7033.0,1.0,0.5299072266,0.4761962891,0.5435791016,-0.4438476563
47199386.0,2967.0,0.0,-0.01171875,0.05078125,0.09765625,0
47206419.0,7033.0,1.0,0.5299072266,0.4761352539,0.5435791016,-0.4438476563
47209386.0,2967.0,0.0,0.02734375,0.08984375,0.08984375,0
47216419.0,7033.0,1.0,0.5299072266,0.4761352539,0.5435791016,-0.4438476563
47219386.0,2967.0,0.0,-0.01171875,0.125,0.05078125,0
47226419.0,7033.0,1.0,0.5299072266,0.4761352539,0.5435791016,-0.4438476563
47229386.0,2967.0,0.0,-0.01171875,0.15625,0.08984375,0
47236419.0,7033.0,1.0,0.5299072266,0.4761352539,0.5435791016,-0.4438476563
47239386.0,2967.0,0.0,0.02734375,0.15625,0.16015625,0
47246419.0,7033.0,1.0,0.5299682617,0.4760742188,0.5436401367,-0.4438476563
47249386.0,2967.0,0.0,-0.01171875,0.15625,0.12109375,0
47256419.0,7033.0,1.0,0.5299072266,0.4760742188,0.5436401367,-0.4437866211
47259386.0,2967.0,0.0,-0.01171875,0.07421875,0.12109375,0
47266419.0,7033.0,1.0,0.5299072266,0.4760131836,0.5437011719,-0.4437866211
47269386.0,2967.0,0.0,-0.01171875,-0.04296875,0.0,0
47276419.0,7033.0,1.0,0.5299072266,0.4759521484,0.543762207,-0.4437866211
47279386.0,2967.0,0.0,-0.01171875,-0.00390625,-0.1171875,0
47286419.0,7033.0,1.0,0.5299072266,0.4759521484,0.5438232422,-0.4437866211
47289386.0,2967.0,0.0,-0.01171875,-0.01171875,-0.19140625,0
47296419.0,7033.0,1.0,0.5299682617,0.4758911133,0.5438842773,-0.4437255859
47299386.0,2967.0,0.0,-0.00390625,-0.05078125,-0.1171875,0
47305419.0,6033.0,1.0,0.5299682617,0.4758300781,0.5438842773,-0.4437255859
47308386.0,2967.0,0.0,0.03515625,-0.05078125,-0.1171875,0
47316419.0,8033.0,1.0,0.5299682617,0.4758300781,0.5439453125,-0.4437255859
47319386.0,2967.0,0.0,0.03515625,-0.08984375,-0.15625,0
47326419.0,7033.0,1.0,0.5299682617,0.475769043,0.5439453125,-0.4437255859
47329386.0,2967.0,0.0,0.02734375,-0.01171875,-0.22265625,0
47336419.0,7033.0,1.0,0.5299682617,0.475769043,0.5439453125,-0.4437255859
47339386.0,2967.0,0.0,-0.01171875,0.03515625,-0.18359375,0
47346419.0,7033.0,1.0,0.5300292969,0.4757080078,0.5440063477,-0.4437255859
47349386.0,2967.0,0.0,0.02734375,0.03515625,-0.0703125,0
47356419.0,7033.0,1.0,0.5300292969,0.4756469727,0.5440063477,-0.4437255859
47360386.0,3967.0,0.0,0.02734375,-0.00390625,-0.0234375,0
47366419.0,6033.0,1.0,0.5300292969,0.4755859375,0.5440063477,-0.4437866211
47369386.0,2967.0,0.0,-0.01171875,0.03515625,-0.0234375,0
47376419.0,7033.0,1.0,0.530090332,0.4755249023,0.5440063477,-0.4437866211
47379386.0,2967.0,0.0,-0.01171875,-0.00390625,0.015625,0
47386419.0,7033.0,1.0,0.530090332,0.4754638672,0.5440673828,-0.4437866211
47389386.0,2967.0,0.0,0.02734375,-0.04296875,0.015625,0
47396419.0,7033.0,1.0,0.530090332,0.475402832,0.5440673828,-0.4438476563
47400386.0,3967.0,0.0,-0.01171875,-0.12109375,-0.0234375,0
47406419.0,6033.0,1.0,0.5301513672,0.4753417969,0.5440673828,-0.4438476563
47409386.0,2967.0,0.0,-0.01171875,-0.12109375,-0.0234375,0
47416419.0,7033.0,1.0,0.5301513672,0.4752807617,0.544128418,-0.4438476563
47419386.0,2967.0,0.0,-0.01171875,-0.1953125,0.05078125,0
47426419.0,7033.0,1.0,0.5302124023,0.4752197266,0.544128418,-0.4438476563
47429386.0,2967.0,0.0,-0.01171875,-0.1875,0.05078125,0
47436419.0,7033.0,1.0,0.5302124023,0.4752197266,0.544128418,-0.4438476563
47440386.0,3967.0,0.0,0.02734375,-0.1796875,0.05078125,0
47446419.0,6033.0,1.0,0.5302734375,0.4751586914,0.544128418,-0.4438476563
47449386.0,2967.0,0.0,-0.01171875,-0.140625,0.08984375,0
47456419.0,7033.0,1.0,0.5302734375,0.4750976563,0.544128418,-0.4438476563
47459386.0,2967.0,0.0,-0.01171875,-0.1328125,0.015625,0
47466419.0,7033.0,1.0,0.5303344727,0.4750976563,0.5440673828,-0.4438476563
47469386.0,2967.0,0.0,-0.01171875,-0.1640625,-0.0234375,0
47476419.0,7033.0,1.0,0.5303955078,0.4750976563,0.5440673828,-0.4438476563
47480386.0,3967.0,0.0,0.02734375,-0.125,-0.0234375,0
47486419.0,6033.0,1.0,0.5303955078,0.4750976563,0.5440063477,-0.4438476563
47489386.0,2967.0,0.0,-0.01171875,-0.125,0.05078125,0
47495419.0,6033.0,1.0,0.530456543,0.4750366211,0.5440063477,-0.4437866211
47498386.0,2967.0,0.0,-0.01171875,-0.125,0.015625,0
47506419.0,8033.0,1.0,0.5305175781,0.4750366211,0.5440063477,-0.4437866211
47509386.0,2967.0,0.0,-0.01171875,-0.1171875,0.05078125,0
47516419.0,7033.0,1.0,0.5305175781,0.4750366211,0.5439453125,-0.4437866211
47519386.0,2967.0,0.0,-0.01171875,-0.08203125,0.12890625,0
47526419.0,7033.0,1.0,0.5305786133,0.4750976563,0.5439453125,-0.4437866211
47529386.0,2967.0,0.0,0.02734375,0.00390625,0.15234375,0
47536419.0,7033.0,1.0,0.5306396484,0.4750976563,0.5438842773,-0.4437866211
47539386.0,2967.0,0.0,0.02734375,0.04296875,0.07421875,0
47546419.0,7033.0,1.0,0.5306396484,0.4750976563,0.5438842773,-0.4437255859
47549386.0,2967.0,0.0,0.02734375,0.05078125,0.03515625,0
47556419.0,7033.0,1.0,0.5307006836,0.4750976563,0.5438232422,-0.4437255859
47559386.0,2967.0,0.0,0.02734375,0.05078125,0.0,0
47566419.0,7033.0,1.0,0.5307006836,0.4750976563,0.543762207,-0.4437255859
47569386.0,2967.0,0.0,-0.01171875,0.08984375,0.02734375,0
47576419.0,7033.0,1.0,0.5307617188,0.4751586914,0.543762207,-0.4437255859
47579386.0,2967.0,0.0,-0.01171875,0.12109375,0.10546875,0
47586419.0,7033.0,1.0,0.5307617188,0.4751586914,0.5437011719,-0.4437255859
47589386.0,2967.0,0.0,-0.01171875,0.15625,0.06640625,0
47596419.0,7033.0,1.0,0.5308227539,0.4751586914,0.5437011719,-0.4436645508
47599386.0,2967.0,0.0,-0.01171875,0.08203125,0.02734375,0
47606419.0,7033.0,1.0,0.5308227539,0.4751586914,0.5437011719,-0.4436645508
47609386.0,2967.0,0.0,-0.00390625,0.12109375,0.13671875,0
47616419.0,7033.0,1.0,0.5308837891,0.4751586914,0.5436401367,-0.4436645508
47619386.0,2967.0,0.0,-0.00390625,0.1484375,0.21484375,0
47626419.0,7033.0,1.0,0.5308837891,0.4751586914,0.5436401367,-0.4436645508
47629386.0,2967.0,0.0,0.03515625,0.1484375,0.20703125,0
47636419.0,7033.0,1.0,0.5308837891,0.4751586914,0.5436401367,-0.4436035156
47639386.0,2967.0,0.0,0.03515625,0.1484375,0.20703125,0
47646419.0,7033.0,1.0,0.5308837891,0.4751586914,0.5436401367,-0.4436035156
47649386.0,2967.0,0.0,0.03515625,0.140625,0.16015625,0
47656419.0,7033.0,1.0,0.5308837891,0.4751586914,0.5436401367,-0.4436035156
47659386.0,2967.0,0.0,0.03515625,0.140625,0.08203125,0
47666419.0,7033.0,1.0,0.5308837891,0.4751586914,0.5436401367,-0.4436035156
47669386.0,2967.0,0.0,0.03515625,0.1328125,0.07421875,0
47676419.0,7033.0,1.0,0.5308837891,0.4751586914,0.5437011719,-0.4436035156
47679386.0,2967.0,0.0,0.02734375,0.1328125,0.03515625,0
47685419.0,6033.0,1.0,0.5308837891,0.4751586914,0.5437011719,-0.4436035156
47688386.0,2967.0,0.0,0.02734375,0.125,-0.125,0
47696419.0,8033.0,1.0,0.5308837891,0.4751586914,0.543762207,-0.4436035156
47699386.0,2967.0,0.0,-0.01171875,0.125,-0.125,0
47706419.0,7033.0,1.0,0.5308227539,0.4750976563,0.5438232422,-0.4435424805
47709386.0,2967.0,0.0,0.02734375,0.08203125,-0.0859375,0
47716419.0,7033.0,1.0,0.5308227539,0.4750976563,0.5438232422,-0.4435424805
47719386.0,2967.0,0.0,-0.01171875,0.00390625,-0.0859375,0
47726419.0,7033.0,1.0,0.5308227539,0.4750366211,0.5438842773,-0.4435424805
47729386.0,2967.0,0.0,-0.01953125,0.04296875,-0.0859375,0
47736419.0,7033.0,1.0,0.5308227539,0.4750366211,0.5438842773,-0.4435424805
47740386.0,3967.0,0.0,0.01953125,0.04296875,-0.046875,0
47746419.0,6033.0,1.0,0.5308227539,0.4750366211,0.5439453125,-0.4435424805
47749386.0,2967.0,0.0,0.01953125,0.07421875,0.02734375,0
47756419.0,7033.0,1.0,0.5308227539,0.4749755859,0.5440063477,-0.4434814453
47759386.0,2967.0,0.0,0.01953125,0.03515625,0.02734375,0
47766419.0,7033.0,1.0,0.5308227539,0.4749145508,0.5440063477,-0.4434814453
47769386.0,2967.0,0.0,-0.01953125,0.03515625,-0.046875,0
47776419.0,7033.0,1.0,0.5308227539,0.4749145508,0.5440673828,-0.4434814453
47780386.0,3967.0,0.0,0.01953125,0.02734375,-0.01171875,0
47786419.0,6033.0,1.0,0.5308227539,0.4749145508,0.5440673828,-0.4434814453
47789386.0,2967.0,0.0,-0.01953125,0.02734375,-0.046875,0
47796419.0,7033.0,1.0,0.5308227539,0.4748535156,0.544128418,-0.4434814453
47799386.0,2967.0,0.0,-0.01953125,0.06640625,-0.0859375,0
47806419.0,7033.0,1.0,0.5308227539,0.4748535156,0.5441894531,-0.4434814453
47809386.0,2967.0,0.0,0.01953125,-0.01171875,-0.1953125,0
47816419.0,7033.0,1.0,0.5308227539,0.4747924805,0.5441894531,-0.4434814453
47820386.0,3967.0,0.0,-0.01953125,-0.01171875,-0.23046875,0
47826419.0,6033.0,1.0,0.5308227539,0.4747314453,0.5442504883,-0.4434204102
47829386.0,2967.0,0.0,-0.01953125,-0.05859375,-0.26953125,0
47836419.0,7033.0,1.0,0.5308227539,0.4746704102,0.5443115234,-0.4434204102
47839386.0,2967.0,0.0,-0.01953125,-0.05859375,0.04296875,0
47846419.0,7033.0,1.0,0.5308227539,0.474609375,0.5443115234,-0.4434204102
47849386.0,2967.0,0.0,-0.01953125,-0.05859375,0.00390625,0
47856419.0,7033.0,1.0,0.5308837891,0.4745483398,0.5443725586,-0.4434204102
47860386.0,3967.0,0.0,-0.01953125,-0.09765625,0.00390625,0
47866419.0,6033.0,1.0,0.5308837891,0.4745483398,0.5443725586,-0.4434204102
47869386.0,2967.0,0.0,-0.01953125,-0.08203125,-0.0234375,0
47876419.0,7033.0,1.0,0.5308837891,0.4744873047,0.5444335938,-0.4434814453
47879386.0,2967.0,0.0,-0.01171875,-0.12109375,-0.0625,0
47886419.0,7033.0,1.0,0.5308837891,0.4744262695,0.5444335938,-0.4434814453
47889386.0,2967.0,0.0,-0.01171875,-0.1953125,-0.0234375,0
47896419.0,7033.0,1.0,0.5308837891,0.4744262695,0.5444335938,-0.4434814453
47899386.0,2967.0,0.0,-0.01171875,-0.265625,0.01171875,0
47906419.0,7033.0,1.0,0.5308837891,0.4744262695,0.5444335938,-0.4434814453
47909386.0,2967.0,0.0,-0.01171875,-0.265625,0.01953125,0
47916419.0,7033.0,1.0,0.5308837891,0.4743652344,0.5444335938,-0.4434814453
47919386.0,2967.0,0.0,-0.01171875,-0.1796875,0.01953125,0
47926419.0,7033.0,1.0,0.5308837891,0.4743652344,0.5444335938,-0.4434814453
47929386.0,2967.0,0.0,-0.01171875,-0.140625,-0.015625,0
47936419.0,7033.0,1.0,0.5308837891,0.4743652344,0.5444335938,-0.4435424805
47939386.0,2967.0,0.0,-0.01171875,-0.01953125,-0.0546875,0
47946419.0,7033.0,1.0,0.5308837891,0.4743652344,0.5444335938,-0.4435424805
47949386.0,2967.0,0.0,-0.01171875,-0.01953125,-0.015625,0
47956419.0,7033.0,1.0,0.5309448242,0.4743652344,0.5444335938,-0.4435424805
47959386.0,2967.0,0.0,-0.01171875,-0.01171875,0.01953125,0
47966419.0,7033.0,1.0,0.5309448242,0.4743652344,0.5443725586,-0.4435424805
47969386.0,2967.0,0.0,0.02734375,0.02734375,-0.0546875,0
47976419.0,7033.0,1.0,0.5309448242,0.4743652344,0.5443725586,-0.4435424805
47979386.0,2967.0,0.0,0.02734375,0.03515625,-0.0546875,0
47986419.0,7033.0,1.0,0.5309448242,0.4744262695,0.5443725586,-0.4435424805
47989386.0,2967.0,0.0,-0.01171875,-0.08203125,-0.09375,0
47996419.0,7033.0,1.0,0.5309448242,0.4744262695,0.5443725586,-0.4435424805
47999386.0,2967.0,0.0,0.02734375,-0.15625,-0.19921875,0
48006419.0,7033.0,1.0,0.5310058594,0.4743652344,0.5443115234,-0.4434814453
48009386.0,2967.0,0.0,-0.01171875,-0.1484375,-0.23828125,0
48017419.0,8033.0,1.0,0.5310058594,0.4743652344,0.5443115234,-0.4434814453
48020386.0,2967.0,0.0,-0.01171875,-0.08203125,-0.19140625,0
48026419.0,6033.0,1.0,0.5310668945,0.4743652344,0.5442504883,-0.4434814453
48029386.0,2967.0,0.0,-0.01171875,0.03515625,0.15234375,0
48036419.0,7033.0,1.0,0.5311279297,0.4743041992,0.5442504883,-0.4435424805
48039386.0,2967.0,0.0,-0.01171875,0.12109375,0.23046875,0
48046419.0,7033.0,1.0,0.5311889648,0.4743041992,0.5441894531,-0.4435424805
48049386.0,2967.0,0.0,-0.01171875,0.08203125,0.15234375,0
48056419.0,7033.0,1.0,0.5311889648,0.4743041992,0.5441894531,-0.4435424805
48059386.0,2967.0,0.0,0.02734375,0.08203125,0.11328125,0
48066419.0,7033.0,1.0,0.53125,0.4743041992,0.544128418,-0.4435424805
48069386.0,2967.0,0.0,-0.01171875,-0.03515625,-0.0390625,0
48076419.0,7033.0,1.0,0.53125,0.4743041992,0.544128418,-0.4435424805
48079386.0,2967.0,0.0,0.03515625,-0.03515625,-0.0859375,0
48086419.0,7033.0,1.0,0.5313110352,0.4743041992,0.5440673828,-0.4435424805
48089386.0,2967.0,0.0,-0.00390625,0.00390625,-0.046875,0
48096419.0,7033.0,1.0,0.5313110352,0.4743041992,0.5440673828,-0.4435424805
48099386.0,2967.0,0.0,-0.00390625,0.04296875,-0.0078125,0
48106419.0,7033.0,1.0,0.5313720703,0.4743041992,0.5440063477,-0.4435424805
48109386.0,2967.0,0.0,0.03515625,0.12109375,0.18359375,0
48116419.0,7033.0,1.0,0.5314331055,0.4743041992,0.5440063477,-0.4435424805
48119386.0,2967.0,0.0,0.03515625,0.08203125,0.14453125,0
48126419.0,7033.0,1.0,0.5314331055,0.4743041992,0.5440063477,-0.4435424805
48129386.0,2967.0,0.0,0.03515625,0.12109375,0.10546875,0
48137419.0,8033.0,1.0,0.5314331055,0.4743041992,0.5439453125,-0.4435424805
48140386.0,2967.0,0.0,-0.00390625,0.15625,0.06640625,0
48146419.0,6033.0,1.0,0.5314941406,0.4743041992,0.5439453125,-0.4435424805
48149386.0,2967.0,0.0,-0.00390625,0.11328125,0.17578125,0
48156419.0,7033.0,1.0,0.5314941406,0.4743041992,0.5439453125,-0.4435424805
48159386.0,2967.0,0.0,-0.00390625,0.07421875,0.21484375,0
48166419.0,7033.0,1.0,0.5314941406,0.4743041992,0.5439453125,-0.4434814453
48169386.0,2967.0,0.0,0.03515625,0.1484375,0.08984375,0
48176419.0,7033.0,1.0,0.5314941406,0.4743041992,0.5440063477,-0.4434814453
48179386.0,2967.0,0.0,0.03515625,0.06640625,0.01171875,0
48186419.0,7033.0,1.0,0.5314941406,0.4743041992,0.5440063477,-0.4434814453
48189386.0,2967.0,0.0,0.03515625,0.06640625,0.05078125,0
48196419.0,7033.0,1.0,0.5314941406,0.4743041992,0.5440063477,-0.4434814453
48200386.0,3967.0,0.0,-0.00390625,0.09765625,0.16015625,0
48206419.0,6033.0,1.0,0.5314331055,0.4743041992,0.5440063477,-0.4434814453
48209386.0,2967.0,0.0,0.03515625,0.2109375,0.12109375,0
48216419.0,7033.0,1.0,0.5314331055,0.4743041992,0.5440063477,-0.4435424805
48219386.0,2967.0,0.0,-0.00390625,0.1328125,-0.078125,0
48226419.0,7033.0,1.0,0.5314331055,0.4743041992,0.5440063477,-0.4435424805
48229386.0,2967.0,0.0,-0.00390625,0.08984375,-0.15625,0
48236419.0,7033.0,1.0,0.5314331055,0.4742431641,0.5440673828,-0.4435424805
48240386.0,3967.0,0.0,-0.00390625,0.01171875,-0.1171875,0
48246419.0,6033.0,1.0,0.5314331055,0.4742431641,0.5440673828,-0.4435424805
48249386.0,2967.0,0.0,-0.01171875,-0.03515625,-0.078125,0
48256419.0,7033.0,1.0,0.5314331055,0.4741821289,0.5440673828,-0.4435424805
48259386.0,2967.0,0.0,0.02734375,0.00390625,0.15234375,0
48266419.0,7033.0,1.0,0.5314331055,0.4741821289,0.544128418,-0.4435424805
48269386.0,2967.0,0.0,0.02734375,0.00390625,0.11328125,0
48276419.0,7033.0,1.0,0.5313720703,0.4741210938,0.544128418,-0.4435424805
48279386.0,2967.0,0.0,-0.01171875,-0.03515625,0.03515625,0
48286419.0,7033.0,1.0,0.5313720703,0.4741210938,0.5441894531,-0.4435424805
48289386.0,2967.0,0.0,0.02734375,-0.08203125,-0.00390625,0
48297419.0,8033.0,1.0,0.5313720703,0.4740600586,0.5442504883,-0.4435424805
48300386.0,2967.0,0.0,-0.01171875,-0.04296875,0.02734375,0
48306419.0,6033.0,1.0,0.5313720703,0.4740600586,0.5442504883,-0.4434814453
48309386.0,2967.0,0.0,0.02734375,-0.15625,0.02734375,0
48316419.0,7033.0,1.0,0.5313720703,0.4740600586,0.5443115234,-0.4434814453
48319386.0,2967.0,0.0,0.03515625,-0.2265625,0.06640625,0
48326419.0,7033.0,1.0,0.5313720703,0.4740600586,0.5443115234,-0.4434814453
48329386.0,2967.0,0.0,-0.00390625,-0.1875,0.06640625,0
48337419.0,8033.0,1.0,0.5313720703,0.4740600586,0.5443115234,-0.4434814453
48340386.0,2967.0,0.0,0.02734375,-0.07421875,0.10546875,0
48346419.0,6033.0,1.0,0.5313720703,0.4740600586,0.5443115234,-0.4434814453
48349386.0,2967.0,0.0,-0.01953125,-0.02734375,0.18359375,0
48357419.0,8033.0,1.0,0.5313110352,0.4740600586,0.5443725586,-0.4434204102
48360386.0,2967.0,0.0,0.01953125,-0.02734375,0.18359375,0
48366419.0,6033.0,1.0,0.5313110352,0.4741210938,0.5443725586,-0.4434204102
48369386.0,2967.0,0.0,-0.01171875,-0.06640625,0.05859375,0
48376419.0,7033.0,1.0,0.53125,0.4741210938,0.5443725586,-0.4434204102
48379386.0,2967.0,0.0,-0.01171875,0.01171875,-0.01953125,0
48386419.0,7033.0,1.0,0.53125,0.4741210938,0.5444335938,-0.443359375
48389386.0,2967.0,0.0,0.02734375,0.01171875,-0.09375,0
48397419.0,8033.0,1.0,0.53125,0.4741210938,0.5444335938,-0.4432983398
48400386.0,2967.0,0.0,0.02734375,0.01953125,-0.09375,0
48406419.0,6033.0,1.0,0.53125,0.4741210938,0.5444946289,-0.4432983398
48409386.0,2967.0,0.0,-0.01171875,0.01953125,-0.01953125,0
48416419.0,7033.0,1.0,0.53125,0.4741210938,0.5445556641,-0.4432373047
48419386.0,2967.0,0.0,0.02734375,0.01953125,0.01953125,0
48426419.0,7033.0,1.0,0.5311889648,0.4741821289,0.5445556641,-0.4432373047
48429386.0,2967.0,0.0,-0.01171875,0.05859375,-0.02734375,0
48437419.0,8033.0,1.0,0.5311889648,0.4741821289,0.5445556641,-0.4431762695
48440386.0,2967.0,0.0,0.02734375,0.1328125,0.01171875,0
48446419.0,6033.0,1.0,0.5311889648,0.4741821289,0.5446166992,-0.4431762695
48449386.0,2967.0,0.0,-0.01171875,0.2109375,-0.1328125,0
48456419.0,7033.0,1.0,0.5311279297,0.4741821289,0.5446777344,-0.4431152344
48459386.0,2967.0,0.0,0.02734375,0.1640625,-0.203125,0
48466419.0,7033.0,1.0,0.5311279297,0.4741821289,0.5446777344,-0.4431152344
48469386.0,2967.0,0.0,-0.01171875,0.05078125,-0.23828125,0
48477419.0,8033.0,1.0,0.5311279297,0.4741821289,0.5447387695,-0.4431152344
48480386.0,2967.0,0.0,-0.01171875,-0.05859375,-0.23828125,0
48487419.0,7033.0,1.0,0.5311279297,0.4741210938,0.5447998047,-0.4430541992
48490386.0,2967.0,0.0,0.02734375,-0.09765625,-0.1171875,0
48496419.0,6033.0,1.0,0.5311279297,0.4741210938,0.5447998047,-0.4430541992
48499386.0,2967.0,0.0,-0.01171875,-0.05859375,-0.078125,0
48506419.0,7033.0,1.0,0.5310668945,0.4741210938,0.5448608398,-0.4430541992
48509386.0,2967.0,0.0,-0.01953125,-0.01953125,-0.0703125,0
48517419.0,8033.0,1.0,0.5310668945,0.4741210938,0.5448608398,-0.4430541992
48520386.0,2967.0,0.0,-0.01953125,0.01953125,-0.03125,0
48526419.0,6033.0,1.0,0.5310668945,0.4741210938,0.5448608398,-0.4430541992
48529386.0,2967.0,0.0,-0.01953125,0.09765625,-0.0625,0
48536419.0,7033.0,1.0,0.5310668945,0.4741210938,0.5448608398,-0.4430541992
48539386.0,2967.0,0.0,0.01953125,0.05078125,-0.0234375,0
48547419.0,8033.0,1.0,0.5310668945,0.4741210938,0.5448608398,-0.4430541992
48550386.0,2967.0,0.0,-0.01953125,0.05078125,0.01171875,0
48557419.0,7033.0,1.0,0.5310668945,0.4741210938,0.544921875,-0.4430541992
48560386.0,2967.0,0.0,-0.01953125,0.01171875,0.05078125,0
48566419.0,6033.0,1.0,0.5310668945,0.4740600586,0.544921875,-0.4430541992
48569386.0,2967.0,0.0,0.01953125,0.01171875,0.2421875,0
48576419.0,7033.0,1.0,0.5310058594,0.4740600586,0.5449829102,-0.4430541992
48580386.0,3967.0,0.0,0.01953125,-0.02734375,0.28125,0
48587419.0,7033.0,1.0,0.5310058594,0.4740600586,0.5450439453,-0.4429931641
48590386.0,2967.0,0.0,0.01953125,-0.06640625,0.2421875,0
48596419.0,6033.0,1.0,0.5310058594,0.4739990234,0.5450439453,-0.4429931641
48599386.0,2967.0,0.0,-0.01953125,-0.10546875,0.05859375,0
48606419.0,7033.0,1.0,0.5310058594,0.4739990234,0.5451049805,-0.4429321289
48609386.0,2967.0,0.0,-0.01953125,-0.10546875,0.08984375,0
48616419.0,7033.0,1.0,0.5309448242,0.4740600586,0.5451660156,-0.4429321289
48620386.0,3967.0,0.0,-0.01953125,-0.06640625,0.08984375,0
48627419.0,7033.0,1.0,0.5309448242,0.4740600586,0.5452270508,-0.4428710938
48630386.0,2967.0,0.0,-0.01953125,-0.09765625,0.05078125,0
48636419.0,6033.0,1.0,0.5308837891,0.4740600586,0.5452270508,-0.4428710938
48639386.0,2967.0,0.0,0.02734375,-0.2109375,-0.1875,0
48646419.0,7033.0,1.0,0.5308837891,0.4740600586,0.5452880859,-0.4428100586
48649386.0,2967.0,0.0,-0.01171875,-0.25,-0.26171875,0
48657419.0,8033.0,1.0,0.5308837891,0.4741210938,0.5452880859,-0.4428100586
48660386.0,2967.0,0.0,-0.01171875,-0.203125,-0.1484375,0
48667419.0,7033.0,1.0,0.5308837891,0.4741210938,0.5452880859,-0.4427490234
48670386.0,2967.0,0.0,0.02734375,-0.203125,-0.015625,0
48677419.0,7033.0,1.0,0.5308837891,0.4741821289,0.5452880859,-0.4427490234
48680386.0,2967.0,0.0,0.02734375,-0.04296875,0.05859375,0
48686419.0,6033.0,1.0,0.5308837891,0.4741821289,0.5452880859,-0.4426879883
48689386.0,2967.0,0.0,-0.01171875,-0.00390625,0.05859375,0
48697419.0,8033.0,1.0,0.5308227539,0.4742431641,0.5452880859,-0.4426269531
48700386.0,2967.0,0.0,-0.01171875,0.08203125,0.01953125,0
48707419.0,7033.0,1.0,0.5308227539,0.4743041992,0.5452880859,-0.4426269531
48710386.0,2967.0,0.0,0.01953125,0.04296875,-0.015625,0
48717419.0,7033.0,1.0,0.5308227539,0.4743652344,0.5452880859,-0.442565918
48720386.0,2967.0,0.0,0.01953125,0.12109375,-0.015625,0
48726419.0,6033.0,1.0,0.5308227539,0.4743652344,0.5452880859,-0.442565918
48729386.0,2967.0,0.0,0.02734375,0.11328125,-0.015625,0
48737419.0,8033.0,1.0,0.5307617188,0.4744262695,0.5452880859,-0.4425048828
48740386.0,2967.0,0.0,-0.01171875,0.11328125,0.01953125,0
48747419.0,7033.0,1.0,0.5307617188,0.4744262695,0.5453491211,-0.4425048828
48750386.0,2967.0,0.0,-0.01171875,0.03515625,0.01953125,0
48757419.0,7033.0,1.0,0.5307617188,0.4744873047,0.5453491211,-0.4424438477
48760386.0,2967.0,0.0,0.02734375,0.11328125,-0.015625,0
48767419.0,7033.0,1.0,0.5307006836,0.4745483398,0.5453491211,-0.4424438477
48770386.0,2967.0,0.0,-0.01171875,0.1875,-0.0078125,0
48777419.0,7033.0,1.0,0.5307006836,0.4745483398,0.5454101563,-0.4423828125
48780386.0,2967.0,0.0,0.02734375,0.1875,0.02734375,0
48787419.0,7033.0,1.0,0.5306396484,0.474609375,0.5454101563,-0.4423828125
48790386.0,2967.0,0.0,0.01953125,0.10546875,0.02734375,0
48797419.0,7033.0,1.0,0.5306396484,0.474609375,0.5454711914,-0.4423217773
48800386.0,2967.0,0.0,0.01953125,0.10546875,-0.0078125,0
48806419.0,6033.0,1.0,0.5305786133,0.4746704102,0.5454711914,-0.4423217773
48809386.0,2967.0,0.0,0.01953125,0.09765625,-0.0859375,0
48817419.0,8033.0,1.0,0.5305786133,0.4746704102,0.5455322266,-0.4423217773
48820386.0,2967.0,0.0,-0.01953125,0.09765625,-0.1640625,0
48826419.0,6033.0,1.0,0.5305175781,0.4746704102,0.5455932617,-0.4422607422
48829386.0,2967.0,0.0,-0.01953125,-0.05859375,-0.23046875,0
48836419.0,7033.0,1.0,0.5305175781,0.4746704102,0.5455932617,-0.4422607422
48839386.0,2967.0,0.0,-0.05859375,-0.1328125,-0.18359375,0
48847419.0,8033.0,1.0,0.5305175781,0.4746704102,0.5455932617,-0.4422607422
48850386.0,2967.0,0.0,0.01953125,-0.140625,-0.109375,0
48857419.0,7033.0,1.0,0.530456543,0.4746704102,0.5455932617,-0.4422607422
48860386.0,2967.0,0.0,0.01953125,-0.1328125,-0.0703125,0
48867419.0,7033.0,1.0,0.530456543,0.4746704102,0.5456542969,-0.442199707
48870386.0,2967.0,0.0,0.01953125,-0.05859375,0.015625,0
48877419.0,7033.0,1.0,0.530456543,0.4746704102,0.5456542969,-0.442199707
48881386.0,3967.0,0.0,-0.01953125,-0.05859375,-0.0234375,0
48887419.0,6033.0,1.0,0.530456543,0.4746704102,0.545715332,-0.4421386719
48890386.0,2967.0,0.0,0.01953125,-0.01953125,-0.0234375,0
48897419.0,7033.0,1.0,0.530456543,0.4747314453,0.545715332,-0.4420776367
48900386.0,2967.0,0.0,-0.01953125,-0.01953125,0.05859375,0
48907419.0,7033.0,1.0,0.530456543,0.4747314453,0.545715332,-0.4420776367
48910386.0,2967.0,0.0,-0.01953125,-0.01953125,-0.015625,0
48917419.0,7033.0,1.0,0.530456543,0.4747314453,0.545715332,-0.4420776367
48921386.0,3967.0,0.0,-0.01953125,-0.05859375,0.0234375,0
48927419.0,6033.0,1.0,0.530456543,0.4747314453,0.5457763672,-0.4420166016
48930386.0,2967.0,0.0,-0.01953125,-0.05859375,-0.015625,0
48937419.0,7033.0,1.0,0.530456543,0.4747314453,0.5457763672,-0.4419555664
48940386.0,2967.0,0.0,-0.01953125,0.01953125,-0.125,0
48947419.0,7033.0,1.0,0.530456543,0.4747924805,0.5457763672,-0.4419555664
48950386.0,2967.0,0.0,-0.01953125,0.09765625,-0.125,0
48957419.0,7033.0,1.0,0.530456543,0.4747924805,0.5458374023,-0.4418945313
48961386.0,3967.0,0.0,-0.01171875,0.05859375,-0.078125,0
48967419.0,6033.0,1.0,0.530456543,0.4747924805,0.5458374023,-0.4418945313
48970386.0,2967.0,0.0,0.02734375,0.05859375,-0.0390625,0
48977419.0,7033.0,1.0,0.530456543,0.4747924805,0.5458374023,-0.4418945313
48980386.0,2967.0,0.0,-0.01171875,0.1328125,0.0390625,0
48987419.0,7033.0,1.0,0.530456543,0.4747924805,0.5457763672,-0.4418945313
48990386.0,2967.0,0.0,-0.01171875,0.1328125,0.0390625,0
48997419.0,7033.0,1.0,0.530456543,0.4747924805,0.5458374023,-0.4418945313
49000386.0,2967.0,0.0,0.02734375,0.01953125,0.11328125,0
49007419.0,7033.0,1.0,0.530456543,0.4747924805,0.5458374023,-0.4418334961
49010386.0,2967.0,0.0,0.02734375,0.01953125,0.07421875,0
49016419.0,6033.0,1.0,0.530456543,0.4748535156,0.5458374023,-0.4418334961
49019386.0,2967.0,0.0,-0.01171875,0.05078125,-0.078125,0
49027419.0,8033.0,1.0,0.530456543,0.4748535156,0.5458374023,-0.4418334961
49030386.0,2967.0,0.0,0.02734375,0.125,-0.18359375,0
49037419.0,7033.0,1.0,0.530456543,0.4747924805,0.5458984375,-0.4417724609
49041386.0,3967.0,0.0,-0.01171875,0.08984375,-0.18359375,0
49047419.0,6033.0,1.0,0.530456543,0.4747924805,0.5458984375,-0.4417724609
49050386.0,2967.0,0.0,-0.01171875,0.01171875,-0.26171875,0
49056419.0,6033.0,1.0,0.530456543,0.4747314453,0.5458984375,-0.4417724609
49059386.0,2967.0,0.0,-0.01171875,-0.1796875,-0.0234375,0
49067419.0,8033.0,1.0,0.5305175781,0.4746704102,0.5459594727,-0.4417724609
49070386.0,2967.0,0.0,-0.01171875,-0.140625,-0.0234375,0
49077419.0,7033.0,1.0,0.5305175781,0.4746704102,0.5459594727,-0.4417724609
49080386.0,2967.0,0.0,-0.01171875,-0.06640625,-0.0234375,0
49087419.0,7033.0,1.0,0.5305786133,0.4746704102,0.5458984375,-0.4417724609
49090386.0,2967.0,0.0,0.02734375,-0.02734375,-0.09375,0
49097419.0,7033.0,1.0,0.5305786133,0.4746704102,0.5458984375,-0.4417724609
49100386.0,2967.0,0.0,0.02734375,0.01171875,0.0234375,0
49107419.0,7033.0,1.0,0.5305786133,0.4746704102,0.5458984375,-0.4417724609
49110386.0,2967.0,0.0,-0.01171875,0.01171875,0.0234375,0
49117419.0,7033.0,1.0,0.5306396484,0.4746704102,0.5458984375,-0.4417724609
49120386.0,2967.0,0.0,-0.01171875,-0.02734375,-0.015625,0
49127419.0,7033.0,1.0,0.5306396484,0.474609375,0.5458984375,-0.4417724609
49130386.0,2967.0,0.0,-0.01171875,-0.06640625,-0.0859375,0
49137419.0,7033.0,1.0,0.5307006836,0.474609375,0.5458984375,-0.4417724609
49140386.0,2967.0,0.0,-0.01171875,-0.06640625,-0.015625,0
49147419.0,7033.0,1.0,0.5307006836,0.4745483398,0.5458374023,-0.4417724609
49150386.0,2967.0,0.0,-0.01171875,0.01171875,0.13671875,0
49157419.0,7033.0,1.0,0.5307617188,0.4745483398,0.5458374023,-0.4417724609
49160386.0,2967.0,0.0,0.02734375,0.05078125,0.25390625,0
49167419.0,7033.0,1.0,0.5307617188,0.4745483398,0.5458374023,-0.4417724609
49170386.0,2967.0,0.0,0.02734375,0.125,0.29296875,0
49177419.0,7033.0,1.0,0.5307617188,0.4745483398,0.5458374023,-0.4417724609
49180386.0,2967.0,0.0,-0.01171875,0.125,0.24609375,0
49187419.0,7033.0,1.0,0.5307617188,0.4745483398,0.5458374023,-0.4417724609
49190386.0,2967.0,0.0,0.02734375,0.08984375,0.16796875,0
49197419.0,7033.0,1.0,0.5307617188,0.4745483398,0.5458374023,-0.4417724609
49200386.0,2967.0,0.0,-0.01171875,0.05078125,0.08203125,0
49206419.0,6033.0,1.0,0.5307617188,0.4745483398,0.5458374023,-0.4417724609
49209386.0,2967.0,0.0,-0.01171875,-0.02734375,-0.0703125,0
49217419.0,8033.0,1.0,0.5308227539,0.4744873047,0.5458984375,-0.4417114258
49220386.0,2967.0,0.0,-0.01171875,-0.02734375,-0.109375,0
49227419.0,7033.0,1.0,0.5308227539,0.4744873047,0.5458984375,-0.4417114258
49230386.0,2967.0,0.0,-0.01171875,-0.02734375,-0.0390625,0
49237419.0,7033.0,1.0,0.5308837891,0.4744262695,0.5459594727,-0.4416503906
49240386.0,2967.0,0.0,0.02734375,0.05078125,0.11328125,0
49246419.0,6033.0,1.0,0.5308837891,0.4743652344,0.5459594727,-0.4415893555
49249386.0,2967.0,0.0,-0.01171875,0.1171875,0.11328125,0
49257419.0,8033.0,1.0,0.5309448242,0.4743652344,0.5459594727,-0.4415893555
49260386.0,2967.0,0.0,0.02734375,0.08203125,0.0390625,0
49267419.0,7033.0,1.0,0.5309448242,0.4743041992,0.5460205078,-0.4415893555
49270386.0,2967.0,0.0,-0.01171875,0.04296875,-0.0859375,0
49277419.0,7033.0,1.0,0.5309448242,0.4743041992,0.5460205078,-0.4415893555
49280386.0,2967.0,0.0,-0.01171875,-0.07421875,-0.125,0
49287419.0,7033.0,1.0,0.5309448242,0.4743041992,0.5460205078,-0.4415283203
49290386.0,2967.0,0.0,0.02734375,-0.03515625,-0.16015625,0
49297419.0,7033.0,1.0,0.5310058594,0.4742431641,0.5460205078,-0.4415283203
49301386.0,3967.0,0.0,-0.01171875,-0.03515625,-0.15234375,0
49307419.0,6033.0,1.0,0.5310058594,0.4742431641,0.5460205078,-0.4415283203
49310386.0,2967.0,0.0,-0.01171875,-0.03515625,-0.1171875,0
49317419.0,7033.0,1.0,0.5310668945,0.4741821289,0.546081543,-0.4415283203
49320386.0,2967.0,0.0,-0.01171875,-0.07421875,-0.0390625,0
49327419.0,7033.0,1.0,0.5311279297,0.4741210938,0.546081543,-0.4415283203
49330386.0,2967.0,0.0,0.02734375,-0.07421875,-0.0390625,0
49337419.0,7033.0,1.0,0.5311279297,0.4740600586,0.546081543,-0.4415283203
49341386.0,3967.0,0.0,0.02734375,0.00390625,-0.109375,0
49347419.0,6033.0,1.0,0.5311889648,0.4740600586,0.546081543,-0.4415283203
49350386.0,2967.0,0.0,0.02734375,0.00390625,-0.14453125,0
49357419.0,7033.0,1.0,0.53125,0.4739990234,0.546081543,-0.4415283203
49360386.0,2967.0,0.0,-0.01171875,0.04296875,-0.23046875,0
49367419.0,7033.0,1.0,0.53125,0.4739379883,0.5460205078,-0.4415283203
49370386.0,2967.0,0.0,0.02734375,0.04296875,-0.14453125,0
49377419.0,7033.0,1.0,0.5313110352,0.4738769531,0.5460205078,-0.4415283203
49381386.0,3967.0,0.0,-0.01171875,0.04296875,-0.109375,0
49387419.0,6033.0,1.0,0.5313720703,0.473815918,0.5460205078,-0.4415283203
49390386.0,2967.0,0.0,-0.01171875,0.00390625,-0.0625,0
49397419.0,7033.0,1.0,0.5314331055,0.4737548828,0.5460205078,-0.4415893555
49400386.0,2967.0,0.0,0.02734375,0.04296875,0.0546875,0
49407419.0,7033.0,1.0,0.5314941406,0.4736938477,0.5459594727,-0.4415893555
49410386.0,2967.0,0.0,0.02734375,0.00390625,0.08203125,0
49417419.0,7033.0,1.0,0.5315551758,0.4736328125,0.5459594727,-0.4415893555
49420386.0,2967.0,0.0,0.02734375,-0.03515625,0.08984375,0
49427419.0,7033.0,1.0,0.5316162109,0.4735717773,0.5459594727,-0.4416503906
49430386.0,2967.0,0.0,-0.01171875,-0.03515625,0.0546875,0
49437419.0,7033.0,1.0,0.5316772461,0.4735107422,0.5458984375,-0.4416503906
49440386.0,2967.0,0.0,0.02734375,-0.07421875,0.0546875,0
49447419.0,7033.0,1.0,0.5317382813,0.473449707,0.5458984375,-0.4417114258
49450386.0,2967.0,0.0,-0.01171875,-0.1484375,0.08984375,0
49457419.0,7033.0,1.0,0.5317993164,0.473449707,0.5458374023,-0.4417114258
49460386.0,2967.0,0.0,-0.01171875,-0.140625,0.16796875,0
49467419.0,7033.0,1.0,0.5317993164,0.4733886719,0.5458374023,-0.4417114258
49470386.0,2967.0,0.0,0.02734375,-0.1796875,0.19140625,0
49477419.0,7033.0,1.0,0.5318603516,0.4733276367,0.5458374023,-0.4417114258
49480386.0,2967.0,0.0,0.02734375,-0.06640625,0.11328125,0
49487419.0,7033.0,1.0,0.5319213867,0.4733276367,0.5457763672,-0.4417724609
49490386.0,2967.0,0.0,0.02734375,-0.05859375,0.07421875,0
49497419.0,7033.0,1.0,0.5319824219,0.4732666016,0.5457763672,-0.4417724609
49500386.0,2967.0,0.0,-0.01171875,-0.05859375,0.14453125,0
49507419.0,7033.0,1.0,0.5319824219,0.4732666016,0.5457763672,-0.4417724609
49510386.0,2967.0,0.0,0.02734375,-0.09765625,0.18359375,0
49517419.0,7033.0,1.0,0.532043457,0.4732666016,0.545715332,-0.4417724609
49520386.0,2967.0,0.0,0.02734375,-0.01171875,0.25390625,0
49527419.0,7033.0,1.0,0.5321044922,0.4732055664,0.545715332,-0.4417114258
49530386.0,2967.0,0.0,-0.01171875,-0.05078125,0.13671875,0
49537419.0,7033.0,1.0,0.5321044922,0.4732055664,0.545715332,-0.4417114258
49540386.0,2967.0,0.0,-0.01171875,-0.08984375,0.08203125,0
49547419.0,7033.0,1.0,0.5321655273,0.4732055664,0.5456542969,-0.4417114258
49550386.0,2967.0,0.0,-0.01953125,-0.08203125,0.08203125,0
49557419.0,7033.0,1.0,0.5322265625,0.4732055664,0.5456542969,-0.4417114258
49560386.0,2967.0,0.0,-0.01953125,0.02734375,0.11328125,0
49567419.0,7033.0,1.0,0.5322265625,0.4732055664,0.5455932617,-0.4417114258
49570386.0,2967.0,0.0,0.01953125,0.1484375,0.14453125,0
49577419.0,7033.0,1.0,0.5322875977,0.4732055664,0.5455932617,-0.4417114258
49580386.0,2967.0,0.0,0.01953125,0.1875,0.18359375,0
49587419.0,7033.0,1.0,0.5322875977,0.4732055664,0.5455932617,-0.4417114258
49590386.0,2967.0,0.0,0.02734375,0.1484375,-0.015625,0
49597419.0,7033.0,1.0,0.5322875977,0.4732666016,0.5455322266,-0.4416503906
49600386.0,2967.0,0.0,0.02734375,0.10546875,-0.0546875,0
49607419.0,7033.0,1.0,0.5322875977,0.4732055664,0.5455322266,-0.4416503906
49610386.0,2967.0,0.0,-0.01953125,0.09765625,-0.0546875,0
49618419.0,8033.0,1.0,0.5323486328,0.4732055664,0.5455322266,-0.4416503906
49621386.0,2967.0,0.0,-0.01171875,0.1328125,-0.0625,0
49627419.0,6033.0,1.0,0.5323486328,0.4732055664,0.5455932617,-0.4416503906
49630386.0,2967.0,0.0,0.02734375,0.2109375,-0.1015625,0
49637419.0,7033.0,1.0,0.532409668,0.4731445313,0.5455932617,-0.4416503906
49640386.0,2967.0,0.0,-0.01953125,0.1640625,-0.1015625,0
49647419.0,7033.0,1.0,0.532409668,0.4730834961,0.5455932617,-0.4416503906
49650386.0,2967.0,0.0,0.01953125,0.08984375,-0.0234375,0
49657419.0,7033.0,1.0,0.5324707031,0.4730834961,0.5455932617,-0.4416503906
49660386.0,2967.0,0.0,0.01953125,0.05078125,0.08984375,0
49667419.0,7033.0,1.0,0.5324707031,0.4730224609,0.5455932617,-0.4416503906
49670386.0,2967.0,0.0,0.01953125,-0.02734375,0.05078125,0
49677419.0,7033.0,1.0,0.5324707031,0.4730224609,0.5455932617,-0.4416503906
49681386.0,3967.0,0.0,-0.01953125,0.01171875,-0.0625,0
49687419.0,6033.0,1.0,0.5324707031,0.4729614258,0.5455932617,-0.4417114258
49690386.0,2967.0,0.0,-0.01953125,0.08203125,-0.1015625,0
49697419.0,7033.0,1.0,0.5324707031,0.4729614258,0.5455932617,-0.4417114258
49700386.0,2967.0,0.0,-0.01953125,0.08203125,-0.0234375,0
49707419.0,7033.0,1.0,0.5324707031,0.4729003906,0.5455932617,-0.4417114258
49710386.0,2967.0,0.0,0.01953125,0.04296875,0.04296875,0
49717419.0,7033.0,1.0,0.5325317383,0.4728393555,0.5456542969,-0.4417114258
49721386.0,3967.0,0.0,-0.01953125,0.00390625,0.04296875,0
49727419.0,6033.0,1.0,0.5325317383,0.4727783203,0.5456542969,-0.4417114258
49730386.0,2967.0,0.0,-0.01953125,-0.00390625,0.04296875,0
49737419.0,7033.0,1.0,0.5325317383,0.4727172852,0.545715332,-0.4417114258
49740386.0,2967.0,0.0,0.01953125,0.03515625,0.12109375,0
49747419.0,7033.0,1.0,0.5325927734,0.47265625,0.545715332,-0.4417114258
49750386.0,2967.0,0.0,-0.01953125,0.03515625,0.12109375,0
49757419.0,7033.0,1.0,0.5325927734,0.4725952148,0.5457763672,-0.4417114258
49761386.0,3967.0,0.0,-0.01953125,-0.00390625,0.07421875,0
49767419.0,6033.0,1.0,0.5325927734,0.4725952148,0.5458374023,-0.4417114258
49770386.0,2967.0,0.0,-0.01953125,-0.08203125,-0.00390625,0
49777419.0,7033.0,1.0,0.5325927734,0.4725341797,0.5458374023,-0.4417114258
49780386.0,2967.0,0.0,-0.01953125,-0.234375,-0.00390625,0
49787419.0,7033.0,1.0,0.5325927734,0.4724731445,0.5458984375,-0.4417114258
49790386.0,2967.0,0.0,-0.01953125,-0.234375,-0.0390625,0
49797419.0,7033.0,1.0,0.5326538086,0.4724121094,0.5458984375,-0.4417114258
49801386.0,3967.0,0.0,0.01953125,-0.1953125,-0.00390625,0
49807419.0,6033.0,1.0,0.5326538086,0.4724121094,0.5458984375,-0.4417114258
49810386.0,2967.0,0.0,0.01953125,-0.2265625,-0.078125,0
49817419.0,7033.0,1.0,0.5326538086,0.4724121094,0.5459594727,-0.4416503906
49820386.0,2967.0,0.0,-0.01953125,-0.265625,-0.078125,0
49827419.0,7033.0,1.0,0.5327148438,0.4723510742,0.5458984375,-0.4416503906
49830386.0,2967.0,0.0,-0.01953125,-0.2578125,-0.0390625,0
49837419.0,7033.0,1.0,0.5327758789,0.4723510742,0.5458984375,-0.4415893555
49840386.0,2967.0,0.0,-0.01171875,-0.171875,-0.00390625,0
49847419.0,7033.0,1.0,0.5327758789,0.4723510742,0.5458984375,-0.4415893555
49850386.0,2967.0,0.0,-0.01171875,-0.203125,-0.00390625,0
49857419.0,7033.0,1.0,0.5328369141,0.4723510742,0.5458984375,-0.4415893555
49860386.0,2967.0,0.0,-0.01171875,-0.1640625,0.07421875,0
49867419.0,7033.0,1.0,0.5328979492,0.4723510742,0.5458374023,-0.4415283203
49870386.0,2967.0,0.0,-0.01171875,-0.1171875,0.07421875,0
49877419.0,7033.0,1.0,0.5328979492,0.4723510742,0.5458374023,-0.4415283203
49880386.0,2967.0,0.0,-0.01171875,-0.03515625,0.07421875,0
49887419.0,7033.0,1.0,0.5329589844,0.4724121094,0.5458374023,-0.4414672852
49890386.0,2967.0,0.0,-0.01171875,0.00390625,0.10546875,0
49897419.0,7033.0,1.0,0.5330200195,0.4724121094,0.5457763672,-0.44140625
49900386.0,2967.0,0.0,0.02734375,0.05078125,0.14453125,0
49907419.0,7033.0,1.0,0.5330200195,0.4724731445,0.5457763672,-0.4413452148
49910386.0,2967.0,0.0,-0.01171875,0.04296875,0.10546875,0
49918419.0,8033.0,1.0,0.5330810547,0.4724731445,0.5457763672,-0.4413452148
49921386.0,2967.0,0.0,-0.01171875,0.08203125,0.10546875,0
49927419.0,6033.0,1.0,0.5330810547,0.4725341797,0.545715332,-0.4412841797
49930386.0,2967.0,0.0,0.02734375,0.1640625,0.05859375,0
49937419.0,7033.0,1.0,0.5330810547,0.4725341797,0.545715332,-0.4412841797
49940386.0,2967.0,0.0,0.02734375,0.1953125,0.05859375,0
49947419.0,7033.0,1.0,0.5330810547,0.4725952148,0.5456542969,-0.4412841797
49950386.0,2967.0,0.0,0.02734375,0.234375,0.01953125,0
49958419.0,8033.0,1.0,0.5330810547,0.47265625,0.5456542969,-0.4412231445
49961386.0,2967.0,0.0,0.02734375,0.234375,-0.02734375,0
49967419.0,6033.0,1.0,0.5330810547,0.47265625,0.5456542969,-0.4412231445
49970386.0,2967.0,0.0,0.02734375,0.265625,-0.02734375,0
49977419.0,7033.0,1.0,0.5330810547,0.47265625,0.545715332,-0.4412231445
49980386.0,2967.0,0.0,-0.01171875,0.2265625,0.01171875,0
49987419.0,7033.0,1.0,0.5330200195,0.47265625,0.545715332,-0.4411621094
49990386.0,2967.0,0.0,0.02734375,0.1796875,0.05078125,0
49998419.0,8033.0,1.0,0.5330200195,0.47265625,0.5457763672,-0.4411621094
50001386.0,2967.0,0.0,0.02734375,0.1796875,0.13671875,0
50007419.0,6033.0,1.0,0.5330200195,0.4725952148,0.5458374023,-0.4411010742
50010386.0,2967.0,0.0,-0.01171875,0.1328125,-0.02734375,0
50017419.0,7033.0,1.0,0.5330200195,0.4725952148,0.5458984375,-0.4411010742
50020386.0,2967.0,0.0,-0.01171875,0.08984375,-0.1015625,0
50027419.0,7033.0,1.0,0.5329589844,0.4725952148,0.5459594727,-0.4411010742
50030386.0,2967.0,0.0,-0.01171875,0.05078125,-0.140625,0
50038419.0,8033.0,1.0,0.5329589844,0.4725952148,0.5459594727,-0.4410400391
50041386.0,2967.0,0.0,-0.01171875,0.00390625,-0.1796875,0
50047419.0,6033.0,1.0,0.5329589844,0.4725341797,0.5460205078,-0.4410400391
50050386.0,2967.0,0.0,-0.01171875,0.00390625,-0.2109375,0
50057419.0,7033.0,1.0,0.5329589844,0.4725341797,0.546081543,-0.4410400391
50060386.0,2967.0,0.0,-0.01171875,-0.00390625,-0.171875,0
50067419.0,7033.0,1.0,0.5329589844,0.4724731445,0.546081543,-0.4410400391
50070386.0,2967.0,0.0,-0.01171875,0.03515625,-0.203125,0
50078419.0,8033.0,1.0,0.5329589844,0.4724731445,0.5461425781,-0.4410400391
50081386.0,2967.0,0.0,-0.00390625,0.03515625,-0.1640625,0
50087419.0,6033.0,1.0,0.5329589844,0.4724121094,0.5461425781,-0.4410400391
50090386.0,2967.0,0.0,-0.00390625,0.03515625,-0.01171875,0
50097419.0,7033.0,1.0,0.5329589844,0.4723510742,0.5462036133,-0.4410400391
50101386.0,3967.0,0.0,0.02734375,-0.01171875,0.03515625,0
50108419.0,7033.0,1.0,0.5329589844,0.4723510742,0.5462646484,-0.4410400391
50111386.0,2967.0,0.0,-0.01171875,-0.05078125,0.07421875,0
50117419.0,6033.0,1.0,0.5329589844,0.4722900391,0.5462646484,-0.4410400391
50120386.0,2967.0,0.0,-0.01171875,-0.00390625,-0.0390625,0
50127419.0,7033.0,1.0,0.5329589844,0.4722290039,0.5463256836,-0.4409790039
50130386.0,2967.0,0.0,-0.01171875,-0.00390625,-0.03125,0
50137419.0,7033.0,1.0,0.5329589844,0.4721679688,0.5463867188,-0.4409790039
50141386.0,3967.0,0.0,0.02734375,-0.04296875,0.04296875,0
50148419.0,7033.0,1.0,0.5329589844,0.4721069336,0.5464477539,-0.4409790039
50151386.0,2967.0,0.0,0.02734375,-0.08203125,0.08203125,0
50157419.0,6033.0,1.0,0.5329589844,0.4721069336,0.5465087891,-0.4409179688
50160386.0,2967.0,0.0,-0.01171875,-0.12109375,0.08984375,0
50167419.0,7033.0,1.0,0.5329589844,0.4720458984,0.5465698242,-0.4409179688
50170386.0,2967.0,0.0,-0.01171875,-0.12109375,0.01171875,0
50177419.0,7033.0,1.0,0.5329589844,0.4719848633,0.5466308594,-0.4409179688
50181386.0,3967.0,0.0,-0.01171875,-0.12109375,0.01171875,0
50187419.0,6033.0,1.0,0.5329589844,0.4719848633,0.5466308594,-0.4408569336
50190386.0,2967.0,0.0,-0.01171875,-0.15625,0.05078125,0
50197419.0,7033.0,1.0,0.5329589844,0.4719848633,0.5466918945,-0.4408569336
50200386.0,2967.0,0.0,-0.01171875,-0.2265625,-0.0234375,0
50207419.0,7033.0,1.0,0.5329589844,0.4719848633,0.5467529297,-0.4407958984
50210386.0,2967.0,0.0,-0.01171875,-0.1875,-0.0625,0
50217419.0,7033.0,1.0,0.5329589844,0.4719848633,0.5467529297,-0.4407958984
50220386.0,2967.0,0.0,-0.01171875,-0.06640625,-0.1015625,0
50227419.0,7033.0,1.0,0.5329589844,0.4719238281,0.5467529297,-0.4407348633
50230386.0,2967.0,0.0,-0.01171875,-0.02734375,-0.21484375,0
50238419.0,8033.0,1.0,0.5329589844,0.4719238281,0.5468139648,-0.4407348633
50241386.0,2967.0,0.0,-0.00390625,-0.1328125,-0.29296875,0
50247419.0,6033.0,1.0,0.5330200195,0.4719238281,0.5467529297,-0.4407348633
50250386.0,2967.0,0.0,-0.01171875,-0.171875,-0.20703125,0
50258419.0,8033.0,1.0,0.5330200195,0.471862793,0.5467529297,-0.4407348633
50261386.0,2967.0,0.0,-0.00390625,-0.203125,-0.1328125,0
50267419.0,6033.0,1.0,0.5330810547,0.471862793,0.5467529297,-0.4407348633
50270386.0,2967.0,0.0,0.02734375,-0.125,-0.0859375,0
50277419.0,7033.0,1.0,0.5331420898,0.471862793,0.5466918945,-0.4406738281
50280386.0,2967.0,0.0,-0.01171875,0.03515625,-0.1171875,0
50287419.0,7033.0,1.0,0.5331420898,0.471862793,0.5466918945,-0.4406738281
50290386.0,2967.0,0.0,-0.01171875,0.1484375,-0.078125,0
50298419.0,8033.0,1.0,0.533203125,0.471862793,0.5466918945,-0.4406738281
50301386.0,2967.0,0.0,-0.01171875,0.11328125,0.0,0
50307419.0,6033.0,1.0,0.5332641602,0.471862793,0.5466308594,-0.4406738281
50310386.0,2967.0,0.0,-0.01171875,0.04296875,0.03515625,0
50317419.0,7033.0,1.0,0.5333251953,0.471862793,0.5466308594,-0.4406738281
50320386.0,2967.0,0.0,-0.01171875,0.08203125,0.07421875,0
50327419.0,7033.0,1.0,0.5333251953,0.4718017578,0.5465698242,-0.4406738281
50330386.0,2967.0,0.0,0.02734375,0.08203125,0.07421875,0
50338419.0,8033.0,1.0,0.5333862305,0.4718017578,0.5465698242,-0.4406738281
50341386.0,2967.0,0.0,0.02734375,0.11328125,0.11328125,0
50347419.0,6033.0,1.0,0.5333862305,0.4718017578,0.5465087891,-0.4406738281
50350386.0,2967.0,0.0,0.02734375,0.06640625,0.19140625,0
50357419.0,7033.0,1.0,0.5334472656,0.4718017578,0.5465087891,-0.4406738281
50360386.0,2967.0,0.0,-0.01171875,0.06640625,0.23046875,0
50367419.0,7033.0,1.0,0.5334472656,0.4717407227,0.5465087891,-0.4406738281
50370386.0,2967.0,0.0,-0.01171875,0.10546875,0.23046875,0
50378419.0,8033.0,1.0,0.5334472656,0.4717407227,0.5465087891,-0.4406738281
50381386.0,2967.0,0.0,-0.01171875,0.140625,0.22265625,0
50387419.0,6033.0,1.0,0.5334472656,0.4717407227,0.5465087891,-0.4406738281
50390386.0,2967.0,0.0,-0.01171875,0.09765625,0.10546875,0
50397419.0,7033.0,1.0,0.5335083008,0.4716796875,0.5465087891,-0.4406738281
50400386.0,2967.0,0.0,0.02734375,0.05859375,0.01953125,0
50407419.0,7033.0,1.0,0.5335083008,0.4716796875,0.5465698242,-0.4406738281
50410386.0,2967.0,0.0,0.02734375,0.05859375,0.01953125,0
50418419.0,8033.0,1.0,0.5335083008,0.4716796875,0.5465698242,-0.4406738281
50421386.0,2967.0,0.0,0.02734375,0.01953125,-0.0546875,0
50427419.0,6033.0,1.0,0.5335083008,0.4716186523,0.5465698242,-0.4406738281
50430386.0,2967.0,0.0,-0.01171875,-0.02734375,-0.140625,0
50437419.0,7033.0,1.0,0.5335083008,0.4716186523,0.5465698242,-0.440612793
50440386.0,2967.0,0.0,-0.01171875,-0.01953125,-0.140625,0
50447419.0,7033.0,1.0,0.5335083008,0.4716186523,0.5465698242,-0.4406738281
50450386.0,2967.0,0.0,0.02734375,0.01953125,-0.1015625,0
50458419.0,8033.0,1.0,0.5335083008,0.4716186523,0.5465698242,-0.4406738281
50461386.0,2967.0,0.0,0.02734375,-0.01953125,-0.0625,0
50467419.0,6033.0,1.0,0.5335693359,0.4715576172,0.5465698242,-0.4406738281
50470386.0,2967.0,0.0,-0.01171875,0.01953125,-0.09375,0
50477419.0,7033.0,1.0,0.5335693359,0.4715576172,0.5465698242,-0.4406738281
50480386.0,2967.0,0.0,0.02734375,-0.05859375,-0.0546875,0
50488419.0,8033.0,1.0,0.5335693359,0.4715576172,0.5465698242,-0.4406738281
50491386.0,2967.0,0.0,-0.01171875,-0.01953125,-0.0234375,0
50497419.0,6033.0,1.0,0.5336303711,0.471496582,0.5465698242,-0.4406738281
50500386.0,2967.0,0.0,-0.01171875,0.05859375,0.05078125,0
50508419.0,8033.0,1.0,0.5336303711,0.471496582,0.5465698242,-0.4406738281
50511386.0,2967.0,0.0,0.02734375,0.08984375,0.01171875,0
50517419.0,6033.0,1.0,0.5336914063,0.471496582,0.5465698242,-0.4406738281
50521386.0,3967.0,0.0,-0.01171875,0.05078125,0.01171875,0
50528419.0,7033.0,1.0,0.5336914063,0.4714355469,0.5465698242,-0.4406738281
50531386.0,2967.0,0.0,-0.01171875,0.05078125,-0.0234375,0
50537419.0,6033.0,1.0,0.5337524414,0.4713745117,0.5465698242,-0.4406738281
50540386.0,2967.0,0.0,0.02734375,0.05078125,0.16796875,0
50547419.0,7033.0,1.0,0.5337524414,0.4713745117,0.5465698242,-0.4406738281
50550386.0,2967.0,0.0,-0.01171875,0.05078125,0.16796875,0
50557419.0,7033.0,1.0,0.5337524414,0.4713745117,0.5465698242,-0.4406738281
50561386.0,3967.0,0.0,-0.01171875,0.01171875,0.12890625,0
50567419.0,6033.0,1.0,0.5337524414,0.4713134766,0.5465698242,-0.4406738281
50570386.0,2967.0,0.0,-0.01171875,0.04296875,0.08203125,0
50577419.0,7033.0,1.0,0.5338134766,0.4713134766,0.5465698242,-0.4406738281
50580386.0,2967.0,0.0,-0.01171875,0.00390625,0.00390625,0
50588419.0,8033.0,1.0,0.5338134766,0.4712524414,0.5466308594,-0.4406738281
50591386.0,2967.0,0.0,-0.01171875,-0.07421875,-0.03125,0
50598419.0,7033.0,1.0,0.5338134766,0.4712524414,0.5466308594,-0.440612793
50602386.0,3967.0,0.0,0.02734375,-0.11328125,-0.0703125,0
50608419.0,6033.0,1.0,0.5338745117,0.4711914063,0.5466308594,-0.440612793
50611386.0,2967.0,0.0,-0.01171875,-0.07421875,-0.109375,0
50618419.0,7033.0,1.0,0.5338745117,0.4711914063,0.5466308594,-0.440612793
50621386.0,2967.0,0.0,0.02734375,-0.07421875,0.00390625,0
50628419.0,7033.0,1.0,0.5338745117,0.4711303711,0.5466308594,-0.440612793
50631386.0,2967.0,0.0,0.02734375,-0.10546875,0.08203125,0
50638419.0,7033.0,1.0,0.5338745117,0.4711303711,0.5466308594,-0.440612793
50641386.0,2967.0,0.0,-0.01171875,-0.06640625,0.12109375,0
50648419.0,7033.0,1.0,0.5339355469,0.4711303711,0.5466308594,-0.440612793
50651386.0,2967.0,0.0,-0.01171875,-0.06640625,0.11328125,0
50658419.0,7033.0,1.0,0.5339355469,0.4711303711,0.5466308594,-0.440612793
50661386.0,2967.0,0.0,0.02734375,-0.10546875,-0.00390625,0
50668419.0,7033.0,1.0,0.5339355469,0.4711303711,0.5466918945,-0.4405517578
50671386.0,2967.0,0.0,0.03515625,-0.09765625,-0.0390625,0
50678419.0,7033.0,1.0,0.533996582,0.4711303711,0.5466918945,-0.4405517578
50681386.0,2967.0,0.0,-0.00390625,-0.09765625,-0.0390625,0
50688419.0,7033.0,1.0,0.533996582,0.4711303711,0.5466308594,-0.4405517578
50691386.0,2967.0,0.0,0.03515625,0.01953125,0.11328125,0
50698419.0,7033.0,1.0,0.533996582,0.4711303711,0.5466308594,-0.4404907227
50701386.0,2967.0,0.0,0.02734375,0.05859375,0.11328125,0
50708419.0,7033.0,1.0,0.533996582,0.4711303711,0.5466308594,-0.4404907227
50711386.0,2967.0,0.0,-0.01171875,0.09765625,0.06640625,0
50718419.0,7033.0,1.0,0.533996582,0.4711914063,0.5466308594,-0.4404907227
50721386.0,2967.0,0.0,0.02734375,0.09765625,0.02734375,0
50728419.0,7033.0,1.0,0.533996582,0.4711914063,0.5466308594,-0.4404907227
50731386.0,2967.0,0.0,-0.01171875,0.01953125,-0.01171875,0
50738419.0,7033.0,1.0,0.533996582,0.4711914063,0.5466308594,-0.4404296875
50741386.0,2967.0,0.0,-0.01171875,0.01953125,0.06640625,0
50748419.0,7033.0,1.0,0.533996582,0.4711914063,0.5466308594,-0.4404296875
50751386.0,2967.0,0.0,-0.01171875,0.01953125,-0.01171875,0
50758419.0,7033.0,1.0,0.5340576172,0.4711914063,0.5466918945,-0.4404296875
50761386.0,2967.0,0.0,-0.01171875,-0.05859375,-0.01171875,0
50767419.0,6033.0,1.0,0.5340576172,0.4711914063,0.5466918945,-0.4403686523
50770386.0,2967.0,0.0,0.02734375,0.01171875,0.09765625,0
50778419.0,8033.0,1.0,0.5340576172,0.4711914063,0.5466918945,-0.4403686523
50781386.0,2967.0,0.0,0.02734375,0.125,0.01953125,0
50788419.0,7033.0,1.0,0.5340576172,0.4711914063,0.5466918945,-0.4403076172
50791386.0,2967.0,0.0,0.02734375,0.1640625,-0.09375,0
50798419.0,7033.0,1.0,0.5340576172,0.4711914063,0.5466918945,-0.4403076172
50801386.0,2967.0,0.0,-0.01171875,0.1640625,-0.1328125,0
50808419.0,7033.0,1.0,0.5340576172,0.4711914063,0.5466918945,-0.4403076172
50811386.0,2967.0,0.0,-0.01171875,-0.02734375,-0.1328125,0
50818419.0,7033.0,1.0,0.5340576172,0.4711914063,0.5466918945,-0.4403076172
50822386.0,3967.0,0.0,-0.01171875,-0.03515625,-0.01953125,0
50828419.0,6033.0,1.0,0.5340576172,0.4711914063,0.5466918945,-0.4403076172
50831386.0,2967.0,0.0,-0.01171875,0.00390625,-0.01953125,0
50838419.0,7033.0,1.0,0.5340576172,0.4711914063,0.5467529297,-0.4403076172
50841386.0,2967.0,0.0,0.02734375,0.00390625,-0.01953125,0
50848419.0,7033.0,1.0,0.5340576172,0.4711914063,0.5467529297,-0.4403076172
50851386.0,2967.0,0.0,-0.01171875,0.04296875,-0.01171875,0
50858419.0,7033.0,1.0,0.5340576172,0.4711914063,0.5467529297,-0.4403076172
50862386.0,3967.0,0.0,0.02734375,0.08203125,0.06640625,0
50868419.0,6033.0,1.0,0.5340576172,0.4711303711,0.5467529297,-0.4403076172
50871386.0,2967.0,0.0,-0.01171875,0.125,0.10546875,0
50878419.0,7033.0,1.0,0.5340576172,0.4711303711,0.5467529297,-0.4403076172
50881386.0,2967.0,0.0,-0.01171875,0.04296875,0.09765625,0
50888419.0,7033.0,1.0,0.533996582,0.4711303711,0.5467529297,-0.4403076172
50891386.0,2967.0,0.0,-0.01171875,0.04296875,0.05859375,0
50898419.0,7033.0,1.0,0.533996582,0.4711303711,0.5467529297,-0.4403686523
50902386.0,3967.0,0.0,-0.01171875,0.08203125,0.01953125,0
50908419.0,6033.0,1.0,0.533996582,0.4711303711,0.5467529297,-0.4403686523
50911386.0,2967.0,0.0,0.02734375,0.04296875,0.01953125,0
50918419.0,7033.0,1.0,0.5339355469,0.4711303711,0.5468139648,-0.4403686523
50921386.0,2967.0,0.0,0.02734375,0.00390625,-0.046875,0
50928419.0,7033.0,1.0,0.5339355469,0.4711303711,0.5468139648,-0.4403686523
50931386.0,2967.0,0.0,-0.01953125,-0.08203125,-0.1640625,0
50938419.0,7033.0,1.0,0.5339355469,0.4711303711,0.546875,-0.4403076172
50941386.0,2967.0,0.0,-0.01953125,-0.08203125,-0.203125,0
50948419.0,7033.0,1.0,0.5339355469,0.4711303711,0.546875,-0.4403076172
50951386.0,2967.0,0.0,-0.01953125,-0.04296875,-0.125,0
50957419.0,6033.0,1.0,0.5339355469,0.4710693359,0.5469360352,-0.4403076172
50960386.0,2967.0,0.0,0.02734375,-0.00390625,0.03515625,0
50968419.0,8033.0,1.0,0.5338745117,0.4710693359,0.5469360352,-0.4403686523
50971386.0,2967.0,0.0,0.01953125,-0.11328125,-0.00390625,0
50978419.0,7033.0,1.0,0.5338745117,0.4710693359,0.5469360352,-0.4403686523
50981386.0,2967.0,0.0,-0.01953125,-0.11328125,-0.078125,0
50988419.0,7033.0,1.0,0.5338134766,0.4710693359,0.5469360352,-0.4404296875
50991386.0,2967.0,0.0,-0.01171875,0.00390625,-0.0390625,0
50998419.0,7033.0,1.0,0.5338134766,0.4710693359,0.5469360352,-0.4404296875
51001386.0,2967.0,0.0,0.02734375,0.08203125,-0.00390625,0
51008419.0,7033.0,1.0,0.5338134766,0.4710693359,0.5469360352,-0.4404296875
51011386.0,2967.0,0.0,-0.05078125,0.00390625,0.07421875,0
51018419.0,7033.0,1.0,0.5337524414,0.4710693359,0.5469970703,-0.4404907227
51021386.0,2967.0,0.0,0.02734375,0.1953125,0.15234375,0
51028419.0,7033.0,1.0,0.5336914063,0.4710693359,0.5469970703,-0.4404907227
51031386.0,2967.0,0.0,0.02734375,0.234375,0.2265625,0
51038419.0,7033.0,1.0,0.5336303711,0.4711303711,0.5469970703,-0.4405517578
51041386.0,2967.0,0.0,-0.01171875,-0.03515625,-0.0390625,0
51048419.0,7033.0,1.0,0.5335693359,0.4711303711,0.5469970703,-0.440612793
51051386.0,2967.0,0.0,-0.05078125,-0.11328125,-0.1953125,0
51058419.0,7033.0,1.0,0.5335083008,0.4711303711,0.5469970703,-0.4406738281
51061386.0,2967.0,0.0,-0.01171875,-0.11328125,-0.15625,0
51068419.0,7033.0,1.0,0.5333862305,0.4711914063,0.5469360352,-0.4407958984
51071386.0,2967.0,0.0,-0.01171875,0.2734375,-0.23046875,0
51078419.0,7033.0,1.0,0.5333251953,0.4711914063,0.5469360352,-0.4409179688
51081386.0,2967.0,0.0,0.02734375,0.234375,-0.1875,0
51088419.0,7033.0,1.0,0.533203125,0.4712524414,0.5469360352,-0.4409790039
51091386.0,2967.0,0.0,-0.01171875,0.30078125,-0.1875,0
51098419.0,7033.0,1.0,0.5331420898,0.4712524414,0.546875,-0.4411010742
51101386.0,2967.0,0.0,-0.01171875,0.30859375,-0.0625,0
51108419.0,7033.0,1.0,0.5330810547,0.4712524414,0.546875,-0.4412841797
51111386.0,2967.0,0.0,0.02734375,0.33984375,0.28125,0
51118419.0,7033.0,1.0,0.5329589844,0.4711914063,0.546875,-0.44140625
51121386.0,2967.0,0.0,-0.01171875,0.06640625,0.20703125,0
51128419.0,7033.0,1.0,0.5327758789,0.4713134766,0.5468139648,-0.4416503906
51131386.0,2967.0,0.0,-0.05078125,-0.6640625,0.12890625,0
51138419.0,7033.0,1.0,0.5323486328,0.4716186523,0.5465087891,-0.4421386719
51141386.0,2967.0,0.0,-0.05078125,-0.65625,0.19921875,0
51147419.0,6033.0,1.0,0.5317993164,0.4721679688,0.546081543,-0.4428100586
51150386.0,2967.0,0.0,0.1015625,-0.37109375,0.2734375,0
51158419.0,8033.0,1.0,0.5313110352,0.4725952148,0.5457763672,-0.4432983398
51161386.0,2967.0,0.0,-0.01171875,-0.296875,-0.5703125,0
51168419.0,7033.0,1.0,0.5313110352,0.4725341797,0.5458984375,-0.4432373047
51171386.0,2967.0,0.0,-0.01171875,0.125,-1.2578125,0
51178419.0,7033.0,1.0,0.5316162109,0.4721679688,0.5461425781,-0.4429321289
51181386.0,2967.0,0.0,-0.05078125,-1.484375,-1.48828125,0
51188419.0,7033.0,1.0,0.5317993164,0.4720458984,0.546081543,-0.4428710938
51191386.0,2967.0,0.0,0.1015625,-0.83203125,-1.02734375,0
51198419.0,7033.0,1.0,0.5319824219,0.4720458984,0.5459594727,-0.4428710938
51201386.0,2967.0,0.0,-0.203125,-0.953125,-1.6484375,0
51208419.0,7033.0,1.0,0.5322265625,0.4719238281,0.5457763672,-0.4428710938
51211386.0,2967.0,0.0,-0.01171875,-0.49609375,-1.609375,0
51218419.0,7033.0,1.0,0.5325927734,0.4718017578,0.5455322266,-0.4428100586
51221386.0,2967.0,0.0,-0.05078125,-0.42578125,-1.0078125,0
51228419.0,7033.0,1.0,0.5330200195,0.4716186523,0.5454101563,-0.4426879883
51231386.0,2967.0,0.0,0.03515625,-0.9921875,-0.59375,0
51238419.0,7033.0,1.0,0.5335083008,0.4714355469,0.5452270508,-0.442565918
51242386.0,3967.0,0.0,-0.12109375,-1.34375,-0.79296875,0
51248419.0,6033.0,1.0,0.5338134766,0.4715576172,0.5447387695,-0.4426879883
51251386.0,2967.0,0.0,-0.00390625,-0.28125,-1.375,0
51258419.0,7033.0,1.0,0.533996582,0.4718017578,0.544128418,-0.4429931641
51261386.0,2967.0,0.0,-0.203125,0.29296875,-6.0078125,0
51268419.0,7033.0,1.0,0.5342407227,0.4719238281,0.5433349609,-0.4434814453
51271386.0,2967.0,0.0,-0.42578125,0.1328125,-7.40234375,0
51278419.0,7033.0,1.0,0.5346069336,0.4719848633,0.5421142578,-0.4444580078
51282386.0,3967.0,0.0,-0.04296875,-1.13671875,-6.31640625,0
51288419.0,6033.0,1.0,0.5350952148,0.4720458984,0.5405883789,-0.4456787109
51291386.0,2967.0,0.0,-0.15625,-1.9140625,-3.2734375,0
51298419.0,7033.0,1.0,0.5357055664,0.4721069336,0.5389404297,-0.4468383789
51301386.0,2967.0,0.0,0.26171875,-0.41015625,1.21484375,0
51308419.0,7033.0,1.0,0.5361938477,0.4724121094,0.5372924805,-0.4479370117
51311386.0,2967.0,0.0,-0.00390625,1.18359375,0.8359375,0
51318419.0,7033.0,1.0,0.5364990234,0.4728393555,0.5355224609,-0.44921875
51321386.0,2967.0,0.0,0.1875,2.0546875,1.42578125,0
51328419.0,7033.0,1.0,0.5364379883,0.473449707,0.5336303711,-0.4508666992
51331386.0,2967.0,0.0,0.33984375,2.39453125,2.4375,0
51338419.0,7033.0,1.0,0.5361938477,0.4741210938,0.5319213867,-0.4525756836
51341386.0,2967.0,0.0,0.2265625,3.08203125,0.5,0
51348419.0,7033.0,1.0,0.536315918,0.4741821289,0.5307006836,-0.4537963867
51351386.0,2967.0,0.0,0.1484375,2.66015625,-0.828125,0
51358419.0,7033.0,1.0,0.5372314453,0.4732666016,0.5303955078,-0.453918457
51361386.0,2967.0,0.0,0.0703125,1.703125,-0.91796875,0
51368419.0,7033.0,1.0,0.5390625,0.4712524414,0.5310668945,-0.4530639648
51371386.0,2967.0,0.0,-0.34765625,1.08984375,-0.55859375,0
51378419.0,7033.0,1.0,0.5416870117,0.4682617188,0.5326538086,-0.4512329102
51381386.0,2967.0,0.0,-0.88671875,0.62890625,0.71875,0
51388419.0,7033.0,1.0,0.5443115234,0.4650268555,0.5344848633,-0.4491577148
51391386.0,2967.0,0.0,-1.57421875,-0.39453125,0.4296875,0
51398419.0,7033.0,1.0,0.5466918945,0.4619750977,0.5361938477,-0.4474487305
51401386.0,2967.0,0.0,-1.765625,-0.00390625,-0.3828125,0
51408419.0,7033.0,1.0,0.5484619141,0.4594116211,0.5374755859,-0.4464111328
51411386.0,2967.0,0.0,-1.64453125,-0.6484375,-0.29296875,0
51418419.0,7033.0,1.0,0.5495605469,0.4575195313,0.5381469727,-0.4461669922
51421386.0,2967.0,0.0,-1.94921875,-1.16796875,-0.078125,0
51428419.0,7033.0,1.0,0.5497436523,0.4564819336,0.5380249023,-0.4470825195
51431386.0,2967.0,0.0,-1.94921875,-1.30078125,-0.21484375,0
51438419.0,7033.0,1.0,0.5489501953,0.4565429688,0.5370483398,-0.44921875
51441386.0,2967.0,0.0,-1.796875,-1.20703125,-0.203125,0
51448419.0,7033.0,1.0,0.5473632813,0.4574584961,0.53515625,-0.4524536133
51451386.0,2967.0,0.0,-1.68359375,0.50390625,0.09765625,0
51458419.0,7033.0,1.0,0.5454101563,0.4586181641,0.5330200195,-0.4561157227
51461386.0,2967.0,0.0,-1.68359375,1.5234375,0.11328125,0
51468419.0,7033.0,1.0,0.543762207,0.4593505859,0.53125,-0.4594726563
51471386.0,2967.0,0.0,-1.55859375,2.12890625,0.05078125,0
51478419.0,7033.0,1.0,0.5427246094,0.4592285156,0.5301513672,-0.4620361328
51481386.0,2967.0,0.0,-1.328125,2.57421875,-0.01171875,0
51488419.0,7033.0,1.0,0.5424804688,0.4581298828,0.5299682617,-0.463684082
51491386.0,2967.0,0.0,-1.13671875,2.06640625,0.1171875,0
51498419.0,7033.0,1.0,0.5427246094,0.4562988281,0.5302734375,-0.4647827148
51501386.0,2967.0,0.0,-1.21484375,1.484375,0.01953125,0
51508419.0,7033.0,1.0,0.5430908203,0.454284668,0.5307617188,-0.4657592773
51511386.0,2967.0,0.0,-1.21484375,0.7109375,-0.04296875,0
51518419.0,7033.0,1.0,0.5432128906,0.4525756836,0.5308837891,-0.4671020508
51521386.0,2967.0,0.0,-1.28515625,0.12109375,-0.15234375,0
51527419.0,6033.0,1.0,0.54296875,0.4514160156,0.530456543,-0.4690551758
51530386.0,2967.0,0.0,-1.0546875,-0.23046875,-0.296875,0
51538419.0,8033.0,1.0,0.5422363281,0.4506835938,0.5293579102,-0.4718017578
51541386.0,2967.0,0.0,-0.9375,-0.08203125,-0.4453125,0
51548419.0,7033.0,1.0,0.5413818359,0.4502563477,0.5279541016,-0.4748535156
51551386.0,2967.0,0.0,-0.96875,0.33203125,-0.55078125,0
51558419.0,7033.0,1.0,0.5406494141,0.4495849609,0.526550293,-0.4778442383
51561386.0,2967.0,0.0,-1.0859375,0.70703125,-0.58984375,0
51571419.0,10033.0,1.0,0.5403442383,0.4485473633,0.5255126953,-0.4802856445
51574386.0,2967.0,0.0,-0.82421875,0.69921875,-0.62890625,0
51578419.0,4033.0,1.0,0.5404663086,0.4468383789,0.5248413086,-0.4824829102
51581386.0,2967.0,0.0,-0.7109375,0.5390625,-0.5625,0
51588419.0,7033.0,1.0,0.5408935547,0.4447631836,0.5244750977,-0.4842529297
51591386.0,2967.0,0.0,-0.546875,0.3046875,-0.640625,0
51598419.0,7033.0,1.0,0.5415649414,0.4423828125,0.5243530273,-0.4858398438
51601386.0,2967.0,0.0,-0.40234375,0.1875,-0.6015625,0
51608419.0,7033.0,1.0,0.5422973633,0.4398803711,0.5243530273,-0.4873046875
51611386.0,2967.0,0.0,-0.36328125,-0.77734375,-0.609375,0
51618419.0,7033.0,1.0,0.5429077148,0.4375,0.5241088867,-0.4890136719
51621386.0,2967.0,0.0,-0.2890625,-1.35546875,-0.7265625,0
51628419.0,7033.0,1.0,0.5430297852,0.4357299805,0.5232543945,-0.4913330078
51631386.0,2967.0,0.0,-0.1328125,-1.5546875,-0.8203125,0
51638419.0,7033.0,1.0,0.5426635742,0.4346313477,0.5217285156,-0.4943847656
51641386.0,2967.0,0.0,0.31640625,-0.56640625,-0.8203125,0
51648419.0,7033.0,1.0,0.5420532227,0.4338378906,0.5198364258,-0.4977416992
51651386.0,2967.0,0.0,0.5390625,0.19140625,-0.796875,0
51658419.0,7033.0,1.0,0.5416259766,0.4327392578,0.5181884766,-0.5008544922
51661386.0,2967.0,0.0,0.85546875,0.64453125,-0.62109375,0
51668419.0,7033.0,1.0,0.5417480469,0.4310302734,0.5171508789,-0.5032348633
51671386.0,2967.0,0.0,1.0390625,0.75390625,-0.4765625,0
51678419.0,7033.0,1.0,0.5423583984,0.4286499023,0.516784668,-0.505065918
51681386.0,2967.0,0.0,1.18359375,-0.35546875,0.05859375,0
51688419.0,7033.0,1.0,0.5430297852,0.4260253906,0.5165405273,-0.5067138672
51691386.0,2967.0,0.0,1.21484375,-1.12890625,-0.02734375,0
51698419.0,7033.0,1.0,0.5433349609,0.4238891602,0.5159301758,-0.5088500977
51702386.0,3967.0,0.0,1.296875,-1.55078125,-0.04296875,0
51708419.0,6033.0,1.0,0.5430908203,0.4224853516,0.514465332,-0.51171875
51711386.0,2967.0,0.0,1.55078125,-1.44140625,-0.05078125,0
51718419.0,7033.0,1.0,0.5423583984,0.4217529297,0.5124511719,-0.5151367188
51721386.0,2967.0,0.0,2.1953125,-0.1171875,-0.18359375,0
51728419.0,7033.0,1.0,0.5414428711,0.4210205078,0.5101318359,-0.5190429688
51731386.0,2967.0,0.0,2.37890625,0.45703125,-0.19921875,0
51738419.0,7033.0,1.0,0.5407714844,0.419921875,0.5082397461,-0.5223999023
51741386.0,2967.0,0.0,2.484375,0.83203125,-0.1015625,0
51748419.0,7033.0,1.0,0.5405883789,0.4183349609,0.5069580078,-0.5252075195
51751386.0,2967.0,0.0,2.66796875,0.90234375,-0.04296875,0
51758419.0,7033.0,1.0,0.5407104492,0.4160766602,0.5061645508,-0.5275878906
51761386.0,2967.0,0.0,2.46875,0.51953125,0.21875,0
51768419.0,7033.0,1.0,0.541015625,0.4135742188,0.5057373047,-0.5296020508
51771386.0,2967.0,0.0,2.26171875,0.1015625,0.2109375,0
51778419.0,7033.0,1.0,0.5411376953,0.4112548828,0.5052490234,-0.5317382813
51781386.0,2967.0,0.0,2.140625,-0.28125,0.0859375,0
51788419.0,7033.0,1.0,0.541015625,0.4092407227,0.5043334961,-0.5343017578
51791386.0,2967.0,0.0,2.1328125,-0.43359375,0.1171875,0
51798419.0,7033.0,1.0,0.5404663086,0.4077148438,0.5029907227,-0.5372924805
51801386.0,2967.0,0.0,2.1171875,-0.1640625,0.09765625,0
51808419.0,7033.0,1.0,0.5396728516,0.4064941406,0.5012817383,-0.5405273438
51811386.0,2967.0,0.0,2.14453125,0.09765625,0.015625,0
51818419.0,7033.0,1.0,0.5388793945,0.4052734375,0.4996337891,-0.543762207
51821386.0,2967.0,0.0,2.0859375,0.39453125,-0.00390625,0
51828419.0,7033.0,1.0,0.5382080078,0.4038696289,0.4981079102,-0.546875
51831386.0,2967.0,0.0,2.078125,0.6640625,-0.01171875,0
51838419.0,7033.0,1.0,0.5377197266,0.4021606445,0.4970703125,-0.5495605469
51841386.0,2967.0,0.0,2.0625,0.6171875,0.05078125,0
51848419.0,7033.0,1.0,0.5374755859,0.4000854492,0.4963378906,-0.5520019531
51851386.0,2967.0,0.0,2.015625,0.4375,0.046875,0
51859419.0,8033.0,1.0,0.5372314453,0.3978881836,0.4958496094,-0.5543212891
51862386.0,2967.0,0.0,1.83984375,0.28515625,0.1640625,0
51871419.0,9033.0,1.0,0.5369262695,0.395690918,0.4953613281,-0.5565795898
51874386.0,2967.0,0.0,1.4375,0.12890625,0.421875,0
51878419.0,4033.0,1.0,0.5364379883,0.3934936523,0.4948120117,-0.5590209961
51881386.0,2967.0,0.0,1.30859375,0.21484375,0.453125,0
51888419.0,7033.0,1.0,0.5358886719,0.3914794922,0.494140625,-0.5616455078
51891386.0,2967.0,0.0,1.25390625,0.37890625,0.52734375,0
51899419.0,8033.0,1.0,0.53515625,0.389465332,0.4934692383,-0.5642700195
51902386.0,2967.0,0.0,1.23046875,0.4921875,0.44140625,0
51908419.0,6033.0,1.0,0.5344848633,0.387512207,0.4929199219,-0.5667114258
51911386.0,2967.0,0.0,1.4921875,0.50390625,0.25,0
51918419.0,7033.0,1.0,0.5336914063,0.3853759766,0.4924926758,-0.5692749023
51921386.0,2967.0,0.0,1.55078125,0.47265625,0.13671875,0
51928419.0,7033.0,1.0,0.5328979492,0.3832397461,0.4921875,-0.5717163086
51931386.0,2967.0,0.0,1.64453125,0.3671875,-0.05078125,0
51939419.0,8033.0,1.0,0.532043457,0.3811645508,0.4918212891,-0.5742797852
51942386.0,2967.0,0.0,1.8984375,0.23046875,-0.25,0
51948419.0,6033.0,1.0,0.5309448242,0.3791503906,0.491394043,-0.576965332
51951386.0,2967.0,0.0,1.796875,0.54296875,-0.05859375,0
51958419.0,7033.0,1.0,0.5297851563,0.3773193359,0.4909057617,-0.5796508789
51961386.0,2967.0,0.0,1.66015625,0.8203125,0.0625,0
51968419.0,7033.0,1.0,0.528503418,0.3754882813,0.4903564453,-0.5824584961
51971386.0,2967.0,0.0,1.56640625,1.01171875,0.1015625,0
51979419.0,8033.0,1.0,0.5271606445,0.3736572266,0.4899291992,-0.5852050781
51982386.0,2967.0,0.0,1.55078125,1.14453125,0.109375,0
51988419.0,6033.0,1.0,0.5258789063,0.3717041016,0.4895629883,-0.5879516602
51991386.0,2967.0,0.0,1.59765625,1.0859375,0.03125,0
51998419.0,7033.0,1.0,0.524597168,0.3696899414,0.4892578125,-0.5905151367
52001386.0,2967.0,0.0,1.6953125,1.09375,-0.078125,0
52008419.0,7033.0,1.0,0.5233154297,0.3675537109,0.489074707,-0.5931396484
52011386.0,2967.0,0.0,1.81640625,0.91796875,-0.22265625,0
52018419.0,7033.0,1.0,0.5220336914,0.3654174805,0.4888305664,-0.5957641602
52021386.0,2967.0,0.0,2.0703125,0.24609375,-0.26171875,0
52028419.0,7033.0,1.0,0.520690918,0.36328125,0.4884643555,-0.5985717773
52031386.0,2967.0,0.0,2.0,0.29296875,-0.140625,0
52038419.0,7033.0,1.0,0.5192260742,0.3612670898,0.4877929688,-0.6016235352
52041386.0,2967.0,0.0,1.6796875,0.5390625,-0.07421875,0
52048419.0,7033.0,1.0,0.5176391602,0.3592529297,0.4869384766,-0.6047973633
52051386.0,2967.0,0.0,1.5703125,0.69921875,-0.1484375,0
52058419.0,7033.0,1.0,0.5161743164,0.3572387695,0.4860839844,-0.6079711914
52061386.0,2967.0,0.0,1.5859375,0.8671875,-0.1953125,0
52068419.0,7033.0,1.0,0.5146484375,0.3550415039,0.4852294922,-0.6112670898
52071386.0,2967.0,0.0,1.4296875,0.80859375,-0.3125,0
52078419.0,7033.0,1.0,0.5132446289,0.352722168,0.4843139648,-0.6145019531
52081386.0,2967.0,0.0,1.59765625,0.86328125,-0.4453125,0
52088419.0,7033.0,1.0,0.5118408203,0.3502807617,0.4833374023,-0.6177978516
52091386.0,2967.0,0.0,1.59765625,1.21484375,-0.4921875,0
52098419.0,7033.0,1.0,0.5107421875,0.3475341797,0.4827270508,-0.6207275391
52101386.0,2967.0,0.0,1.98828125,1.45703125,-0.27734375,0
52108419.0,7033.0,1.0,0.5098876953,0.3440551758,0.4826049805,-0.6235351563
52111386.0,2967.0,0.0,1.796875,0.875,-0.28515625,0
52118419.0,7033.0,1.0,0.5091552734,0.3404541016,0.4826049805,-0.6260986328
52122386.0,3967.0,0.0,1.23046875,0.40234375,-0.29296875,0
52128419.0,6033.0,1.0,0.5082397461,0.3370361328,0.4821166992,-0.6290283203
52131386.0,2967.0,0.0,0.8828125,0.26953125,-0.1953125,0
52139419.0,8033.0,1.0,0.5070800781,0.3338623047,0.4810180664,-0.6325073242
52142386.0,2967.0,0.0,0.56640625,0.59375,-0.17578125,0
52152419.0,10033.0,1.0,0.5059204102,0.3310546875,0.4797363281,-0.6358032227
52155386.0,2967.0,0.0,0.4609375,0.984375,-0.2734375,0
52160419.0,5033.0,1.0,0.5047607422,0.3278808594,0.4784545898,-0.6394042969
52163386.0,2967.0,0.0,0.3359375,1.1953125,-0.30078125,0
52168419.0,5033.0,1.0,0.5037231445,0.3241577148,0.4776000977,-0.6427001953
52171386.0,2967.0,0.0,0.17578125,1.44921875,-0.3984375,0
52178419.0,7033.0,1.0,0.5030517578,0.3200073242,0.477355957,-0.6455078125
52181386.0,2967.0,0.0,0.01171875,0.97265625,-0.609375,0
52188419.0,7033.0,1.0,0.5026245117,0.3154907227,0.4776000977,-0.6478881836
52191386.0,2967.0,0.0,-0.1875,0.125,-0.5390625,0
52199419.0,8033.0,1.0,0.5020751953,0.3110351563,0.4776611328,-0.650390625
52202386.0,2967.0,0.0,-0.578125,-0.76171875,-0.48046875,0
52208419.0,6033.0,1.0,0.501159668,0.3070678711,0.4768676758,-0.6535644531
52211386.0,2967.0,0.0,-0.9765625,-0.73828125,-0.50390625,0
52218419.0,7033.0,1.0,0.4999389648,0.3036499023,0.4752197266,-0.6573486328
52221386.0,2967.0,0.0,-0.98828125,-0.0390625,-0.4609375,0
52228419.0,7033.0,1.0,0.4985961914,0.3003540039,0.4733276367,-0.6611328125
52231386.0,2967.0,0.0,-1.078125,0.47265625,-0.53125,0
52239419.0,8033.0,1.0,0.4974365234,0.2967529297,0.471862793,-0.6646728516
52242386.0,2967.0,0.0,-1.01953125,0.60546875,-0.6015625,0
52248419.0,6033.0,1.0,0.4965209961,0.2927246094,0.4709472656,-0.6677856445
52251386.0,2967.0,0.0,-0.8359375,0.46875,-0.43359375,0
52258419.0,7033.0,1.0,0.4958496094,0.2883911133,0.4705810547,-0.6704711914
52261386.0,2967.0,0.0,-0.66015625,0.4921875,-0.40234375,0
52268419.0,7033.0,1.0,0.4950561523,0.2841796875,0.4702758789,-0.6730957031
52271386.0,2967.0,0.0,-0.1328125,-2.69921875,6.66796875,0
52279419.0,8033.0,1.0,0.4940795898,0.2805175781,0.4696655273,-0.67578125
52282386.0,2967.0,0.0,-0.1484375,-4.33203125,2.40625,0
52288419.0,6033.0,1.0,0.4932250977,0.2771606445,0.4694824219,-0.6778564453
52291386.0,2967.0,0.0,-0.609375,-1.13671875,3.8984375,0
52298419.0,7033.0,1.0,0.4924926758,0.2735595703,0.4702148438,-0.6793212891
52301386.0,2967.0,0.0,0.9609375,-4.94140625,3.68359375,0
52308419.0,7033.0,1.0,0.4918212891,0.2703857422,0.4712524414,-0.6804199219
52311386.0,2967.0,0.0,-0.421875,-3.625,5.4609375,0
52319419.0,8033.0,1.0,0.4910888672,0.2678222656,0.4722900391,-0.6812133789
52322386.0,2967.0,0.0,0.66015625,-5.796875,4.95703125,0
52329419.0,7033.0,1.0,0.4902954102,0.2659301758,0.4732666016,-0.6818237305
52332386.0,2967.0,0.0,0.75,-5.72265625,5.8359375,0
52338419.0,6033.0,1.0,0.4896240234,0.2646484375,0.4743652344,-0.6820678711
52341386.0,2967.0,0.0,0.7734375,-4.2265625,4.6953125,0
52348419.0,7033.0,1.0,0.4890136719,0.2638549805,0.4755859375,-0.6820068359
52351386.0,2967.0,0.0,1.03515625,-4.203125,3.546875,0
52359419.0,8033.0,1.0,0.4885253906,0.2633666992,0.4769897461,-0.6815185547
52362386.0,2967.0,0.0,1.0703125,-1.3828125,1.2734375,0
52368419.0,6033.0,1.0,0.4881591797,0.2628173828,0.4788208008,-0.6807250977
52371386.0,2967.0,0.0,1.34765625,-1.0546875,0.1171875,0
52378419.0,7033.0,1.0,0.4877929688,0.2624511719,0.48046875,-0.6799316406
52381386.0,2967.0,0.0,1.15625,-1.14453125,-0.05859375,0
52389419.0,8033.0,1.0,0.4871826172,0.2626342773,0.4815063477,-0.6795654297
52392386.0,2967.0,0.0,0.96484375,0.13671875,0.078125,0
52399419.0,7033.0,1.0,0.4862060547,0.2633056641,0.4818115234,-0.6798095703
52402386.0,2967.0,0.0,1.31640625,1.859375,0.0859375,0
52408419.0,6033.0,1.0,0.4849243164,0.2642211914,0.4816894531,-0.680480957
52411386.0,2967.0,0.0,1.2734375,2.21875,0.20703125,0
52418419.0,7033.0,1.0,0.4835205078,0.2649536133,0.4816894531,-0.6811523438
52421386.0,2967.0,0.0,1.109375,2.48828125,0.484375,0
52429419.0,8033.0,1.0,0.4821777344,0.2653808594,0.4821166992,-0.681640625
52432386.0,2967.0,0.0,0.99609375,1.99609375,0.68359375,0
52439419.0,7033.0,1.0,0.4808349609,0.2655639648,0.4827270508,-0.6820678711
52442386.0,2967.0,0.0,0.421875,1.33203125,0.578125,0
52448419.0,6033.0,1.0,0.4794921875,0.2655029297,0.4835205078,-0.6824951172
52451386.0,2967.0,0.0,0.22265625,0.78125,0.36328125,0
52458419.0,7033.0,1.0,0.4781494141,0.2653198242,0.484375,-0.6829223633
52461386.0,2967.0,0.0,0.05859375,0.15234375,0.53125,0
52469419.0,8033.0,1.0,0.4769287109,0.2649536133,0.4851074219,-0.6834106445
52472386.0,2967.0,0.0,-0.1015625,-0.359375,0.68359375,0
52478419.0,6033.0,1.0,0.475769043,0.2646484375,0.4855957031,-0.6840209961
52481386.0,2967.0,0.0,-0.4140625,-1.1015625,0.4609375,0
52491419.0,10033.0,1.0,0.4744873047,0.264465332,0.485534668,-0.6849975586
52494386.0,2967.0,0.0,-0.4375,-1.43359375,0.69140625,0
52498419.0,4033.0,1.0,0.4730224609,0.2646484375,0.4846191406,-0.6865844727
52501386.0,2967.0,0.0,-0.37109375,-1.38671875,0.62890625,0
52509419.0,8033.0,1.0,0.4713745117,0.2650756836,0.4828491211,-0.6887817383
52512386.0,2967.0,0.0,-0.34765625,-0.96484375,0.71484375,0
52518419.0,6033.0,1.0,0.469909668,0.2655029297,0.4808959961,-0.6909790039
52521386.0,2967.0,0.0,-0.859375,0.34375,0.4140625,0
52528419.0,7033.0,1.0,0.4685058594,0.2655029297,0.4791259766,-0.6931152344
52531386.0,2967.0,0.0,-1.0,0.60546875,0.22265625,0
52539419.0,8033.0,1.0,0.4674072266,0.2650756836,0.4777832031,-0.6949462891
52542386.0,2967.0,0.0,-1.13671875,0.55078125,0.15234375,0
52549419.0,7033.0,1.0,0.4663696289,0.2643432617,0.4766235352,-0.6967773438
52552386.0,2967.0,0.0,-1.26953125,0.25390625,-0.0703125,0
52559419.0,7033.0,1.0,0.4653320313,0.2634887695,0.4752197266,-0.6987304688
52562386.0,2967.0,0.0,-1.14453125,0.0703125,-0.18359375,0
52569419.0,7033.0,1.0,0.4642944336,0.2626342773,0.4733886719,-0.7009887695
52572386.0,2967.0,0.0,-1.0546875,0.31640625,-0.26171875,0
52579419.0,7033.0,1.0,0.4631958008,0.2616577148,0.4714355469,-0.7033691406
52582386.0,2967.0,0.0,-1.046875,0.66796875,-0.34765625,0
52589419.0,7033.0,1.0,0.4621582031,0.2604980469,0.4693603516,-0.705871582
52592386.0,2967.0,0.0,-0.92578125,1.17578125,-0.5859375,0
52599419.0,7033.0,1.0,0.4612426758,0.2590332031,0.4675292969,-0.7082519531
52602386.0,2967.0,0.0,-0.83984375,1.2265625,-0.75390625,0
52609419.0,7033.0,1.0,0.4603881836,0.2572021484,0.4658813477,-0.7105102539
52612386.0,2967.0,0.0,-0.8046875,1.13671875,-1.00390625,0
52619419.0,7033.0,1.0,0.4596557617,0.2551269531,0.4642944336,-0.7127685547
52622386.0,2967.0,0.0,-0.61328125,1.0390625,-1.0859375,0
52629419.0,7033.0,1.0,0.4590454102,0.2528686523,0.4626464844,-0.7150268555
52632386.0,2967.0,0.0,-0.5390625,1.48046875,-0.55859375,0
52639419.0,7033.0,1.0,0.4584350586,0.2503662109,0.4611206055,-0.7172851563
52642386.0,2967.0,0.0,-0.890625,1.66015625,0.02734375,0
52649419.0,7033.0,1.0,0.4578857422,0.2477416992,0.4598388672,-0.7193603516
52652386.0,2967.0,0.0,-0.5078125,1.109375,-0.66796875,0
52659419.0,7033.0,1.0,0.4572753906,0.2451171875,0.4583740234,-0.7216186523
52662386.0,2967.0,0.0,-0.9765625,1.40625,0.04296875,0
52668419.0,6033.0,1.0,0.4566040039,0.2427978516,0.4566040039,-0.7239379883
52671386.0,2967.0,0.0,-0.5546875,1.5390625,-0.08203125,0
52679419.0,8033.0,1.0,0.4558105469,0.2404785156,0.4544677734,-0.7265625
52682386.0,2967.0,0.0,1.04296875,0.6328125,2.078125,0
52689419.0,7033.0,1.0,0.4548339844,0.2386474609,0.4521484375,-0.7291870117
52692386.0,2967.0,0.0,2.8359375,-1.92578125,7.37890625,0
52699419.0,7033.0,1.0,0.4537963867,0.237487793,0.4496459961,-0.7317504883
52702386.0,2967.0,0.0,2.18359375,-3.37109375,5.484375,0
52708419.0,6033.0,1.0,0.4528198242,0.2366943359,0.4476318359,-0.7338256836
52711386.0,2967.0,0.0,1.125,1.1875,2.95703125,0
52718419.0,7033.0,1.0,0.4521484375,0.2355957031,0.4465942383,-0.7352294922
52721386.0,2967.0,0.0,1.36328125,1.4921875,0.92578125,0
52729419.0,8033.0,1.0,0.4517211914,0.2341918945,0.4465332031,-0.7360229492
52732386.0,2967.0,0.0,1.30859375,1.62890625,0.41015625,0
52739419.0,7033.0,1.0,0.4513549805,0.2326660156,0.4468994141,-0.7365112305
52742386.0,2967.0,0.0,0.90234375,1.80859375,0.78515625,0
52749419.0,7033.0,1.0,0.4509887695,0.2312011719,0.4473876953,-0.7368774414
52752386.0,2967.0,0.0,1.0390625,1.71484375,0.12890625,0
52759419.0,7033.0,1.0,0.4505615234,0.2297973633,0.4478149414,-0.7373046875
52763386.0,3967.0,0.0,1.015625,1.28125,-0.33984375,0
52769419.0,6033.0,1.0,0.4499511719,0.2286376953,0.4479370117,-0.7379760742
52772386.0,2967.0,0.0,0.91796875,1.06640625,-0.69921875,0
52779419.0,7033.0,1.0,0.4492797852,0.2276611328,0.4476318359,-0.7388916016
52782386.0,2967.0,0.0,0.7421875,0.58203125,-0.44140625,0
52789419.0,7033.0,1.0,0.4486694336,0.2266845703,0.4472045898,-0.7398071289
52792386.0,2967.0,0.0,0.6484375,0.1328125,-0.03515625,0
52799419.0,7033.0,1.0,0.4481201172,0.2257080078,0.4470825195,-0.7405395508
52803386.0,3967.0,0.0,0.47265625,-0.4296875,0.5234375,0
52809419.0,6033.0,1.0,0.4477539063,0.2247314453,0.4472045898,-0.7409667969
52812386.0,2967.0,0.0,0.265625,-0.91015625,1.16015625,0
52819419.0,7033.0,1.0,0.4473876953,0.2238769531,0.4473876953,-0.7413330078
52822386.0,2967.0,0.0,-0.05078125,-0.6640625,1.390625,0
52829419.0,7033.0,1.0,0.4470825195,0.2232055664,0.4475097656,-0.7416381836
52832386.0,2967.0,0.0,0.01953125,-0.3515625,1.19140625,0
52839419.0,7033.0,1.0,0.4467773438,0.2227783203,0.4475708008,-0.7419433594
52843386.0,3967.0,0.0,0.1171875,-0.07421875,1.10546875,0
52849419.0,6033.0,1.0,0.4463500977,0.2225341797,0.4473876953,-0.7423095703
52852386.0,2967.0,0.0,0.1484375,-0.02734375,1.0625,0
52858419.0,6033.0,1.0,0.4459228516,0.2224121094,0.4471435547,-0.7427978516
52861386.0,2967.0,0.0,0.33203125,0.46875,1.12890625,0
52869419.0,8033.0,1.0,0.4454345703,0.2222900391,0.4468383789,-0.7432861328
52872386.0,2967.0,0.0,0.640625,0.62109375,0.85546875,0
52879419.0,7033.0,1.0,0.4450073242,0.2221069336,0.4467163086,-0.7437133789
52882386.0,2967.0,0.0,0.5078125,0.8203125,0.578125,0
52889419.0,7033.0,1.0,0.4445800781,0.2216796875,0.4468994141,-0.7439575195
52892386.0,2967.0,0.0,0.38671875,0.67578125,0.26953125,0
52898419.0,6033.0,1.0,0.444152832,0.2211303711,0.4472045898,-0.7442016602
52901386.0,2967.0,0.0,0.109375,0.2265625,0.30078125,0
52909419.0,8033.0,1.0,0.4436645508,0.2205200195,0.4475097656,-0.7445068359
52912386.0,2967.0,0.0,0.1796875,0.046875,0.453125,0
52919419.0,7033.0,1.0,0.4431762695,0.219909668,0.4476318359,-0.7448730469
52922386.0,2967.0,0.0,0.36328125,-0.1640625,0.64453125,0
52931419.0,9033.0,1.0,0.4426269531,0.2194213867,0.4476318359,-0.7453613281
52934386.0,2967.0,0.0,0.34765625,-0.80859375,1.3203125,0
52939419.0,5033.0,1.0,0.4420166016,0.2190551758,0.4473876953,-0.7459716797
52942386.0,2967.0,0.0,0.1484375,-1.57421875,1.16796875,0
52949419.0,7033.0,1.0,0.4412841797,0.2189941406,0.4465942383,-0.746887207
52952386.0,2967.0,0.0,0.0546875,-1.0,0.9140625,0
52959419.0,7033.0,1.0,0.4405517578,0.2189941406,0.4455566406,-0.7479858398
52962386.0,2967.0,0.0,0.046875,-1.0,0.890625,0
52969419.0,7033.0,1.0,0.4398803711,0.2188110352,0.4447631836,-0.7489013672
52972386.0,2967.0,0.0,-0.4296875,0.875,0.03125,0
52979419.0,7033.0,1.0,0.4392700195,0.2182617188,0.4443969727,-0.7496337891
52982386.0,2967.0,0.0,-0.828125,0.921875,-0.2421875,0
52989419.0,7033.0,1.0,0.4387207031,0.2174072266,0.4442749023,-0.7502441406
52992386.0,2967.0,0.0,-0.765625,-0.01953125,-0.06640625,0
52999419.0,7033.0,1.0,0.4381713867,0.2165527344,0.4440307617,-0.7509765625
53002386.0,2967.0,0.0,-0.75,-0.81640625,-0.046875,0
53009419.0,7033.0,1.0,0.4375610352,0.2157592773,0.4432373047,-0.7520141602
53012386.0,2967.0,0.0,-0.3828125,-1.15234375,-0.0703125,0
53019419.0,7033.0,1.0,0.4368286133,0.2152709961,0.4417724609,-0.7534179688
53022386.0,2967.0,0.0,-0.1328125,-1.0,-0.28515625,0
53029419.0,7033.0,1.0,0.4360351563,0.2149047852,0.4395751953,-0.7552490234
53032386.0,2967.0,0.0,-0.0078125,-0.74609375,-0.484375,0
53039419.0,7033.0,1.0,0.4352416992,0.2144775391,0.4371337891,-0.7573242188
53042386.0,2967.0,0.0,-0.03125,0.05078125,-0.5703125,0
53049419.0,7033.0,1.0,0.4345703125,0.213684082,0.4350585938,-0.7590942383
53052386.0,2967.0,0.0,-0.5234375,0.76171875,-0.33984375,0
53059419.0,7033.0,1.0,0.4340820313,0.2122192383,0.43359375,-0.7606201172
53062386.0,2967.0,0.0,-0.6328125,0.578125,-0.34765625,0
53069419.0,7033.0,1.0,0.4337768555,0.2103271484,0.4326782227,-0.7618408203
53072386.0,2967.0,0.0,-0.5859375,0.171875,-0.33984375,0
53079419.0,7033.0,1.0,0.4335327148,0.208190918,0.4317626953,-0.7630615234
53082386.0,2967.0,0.0,-0.6640625,-0.38671875,-0.09765625,0
53088419.0,6033.0,1.0,0.4332885742,0.2061767578,0.4306030273,-0.7644042969
53091386.0,2967.0,0.0,-0.39453125,-1.10546875,1.1953125,0
53099419.0,8033.0,1.0,0.4331054688,0.2039794922,0.4292602539,-0.7658691406
53102386.0,2967.0,0.0,-0.359375,-0.90625,1.46484375,0
53109419.0,7033.0,1.0,0.4328613281,0.2017822266,0.4280395508,-0.7672729492
53112386.0,2967.0,0.0,-0.55078125,-0.35546875,1.42578125,0
53119419.0,7033.0,1.0,0.4327392578,0.1994628906,0.4271850586,-0.7684326172
53122386.0,2967.0,0.0,-0.4375,0.578125,1.35546875,0
53129419.0,7033.0,1.0,0.4325561523,0.1968994141,0.4266967773,-0.7694702148
53132386.0,2967.0,0.0,-0.1015625,1.36328125,0.0234375,0
53139419.0,7033.0,1.0,0.4323730469,0.194152832,0.4263305664,-0.7704467773
53142386.0,2967.0,0.0,0.16796875,0.6640625,0.3046875,0
53149419.0,7033.0,1.0,0.4321289063,0.1913452148,0.4260253906,-0.771484375
53152386.0,2967.0,0.0,0.46484375,-0.453125,0.78125,0
53159419.0,7033.0,1.0,0.4318237305,0.1885986328,0.4255371094,-0.7725830078
53162386.0,2967.0,0.0,0.578125,-0.859375,0.93359375,0
53169419.0,7033.0,1.0,0.4315795898,0.1859130859,0.4248657227,-0.7737426758
53172386.0,2967.0,0.0,0.5390625,-0.7109375,0.51953125,0
53179419.0,7033.0,1.0,0.4312744141,0.1834106445,0.4241333008,-0.7749023438
53182386.0,2967.0,0.0,0.2265625,-0.27734375,0.1796875,0
53189419.0,7033.0,1.0,0.4309692383,0.180847168,0.4232177734,-0.7761230469
53192386.0,2967.0,0.0,-0.203125,0.5078125,-0.08984375,0
53199419.0,7033.0,1.0,0.4306030273,0.1784057617,0.4223022461,-0.7774047852
53202386.0,2967.0,0.0,-0.51171875,1.44921875,-0.12109375,0
53209419.0,7033.0,1.0,0.4301147461,0.1759033203,0.4213256836,-0.7788085938
53212386.0,2967.0,0.0,-0.48046875,1.12109375,-0.2265625,0
53219419.0,7033.0,1.0,0.4295043945,0.1732788086,0.4205322266,-0.7801513672
53223386.0,3967.0,0.0,-0.4140625,0.26171875,0.19921875,0
53229419.0,6033.0,1.0,0.4289550781,0.1705932617,0.4200439453,-0.7813110352
53232386.0,2967.0,0.0,-0.34765625,-0.86328125,0.515625,0
53239419.0,7033.0,1.0,0.4284667969,0.1682128906,0.4193725586,-0.7824707031
53242386.0,2967.0,0.0,-0.046875,-1.109375,0.4921875,0
53249419.0,7033.0,1.0,0.4278564453,0.1657714844,0.4184570313,-0.7838134766
53252386.0,2967.0,0.0,-0.0859375,-0.48046875,0.26953125,0
53259419.0,7033.0,1.0,0.4273681641,0.1634521484,0.4175415039,-0.7850952148
53263386.0,3967.0,0.0,-0.171875,-0.00390625,0.3515625,0
53269419.0,6033.0,1.0,0.4268188477,0.1610717773,0.416809082,-0.7861938477
53272386.0,2967.0,0.0,-0.14453125,0.546875,0.015625,0
53279419.0,7033.0,1.0,0.4263305664,0.1587524414,0.4163818359,-0.7871704102
53282386.0,2967.0,0.0,-0.13671875,0.9609375,-0.19921875,0
53289419.0,7033.0,1.0,0.42578125,0.1559448242,0.4163208008,-0.7880859375
53292386.0,2967.0,0.0,0.046875,0.7265625,-0.0625,0
53299419.0,7033.0,1.0,0.4254150391,0.1530151367,0.4161376953,-0.7889404297
53302386.0,2967.0,0.0,0.0390625,0.25,0.2578125,0
53309419.0,7033.0,1.0,0.4248046875,0.1502075195,0.4165649414,-0.7895507813
53312386.0,2967.0,0.0,0.15234375,-0.3984375,0.2890625,0
53319419.0,7033.0,1.0,0.4242553711,0.1475830078,0.4170532227,-0.7901000977
53322386.0,2967.0,0.0,0.34375,-1.12890625,0.625,0
53332419.0,10033.0,1.0,0.4237670898,0.1452026367,0.4172973633,-0.7907104492
53335386.0,2967.0,0.0,0.21875,-1.48046875,0.65625,0
53339419.0,4033.0,1.0,0.4232788086,0.1430053711,0.4172363281,-0.7913818359
53342386.0,2967.0,0.0,0.02734375,-1.1875,0.83203125,0
53349419.0,7033.0,1.0,0.4227905273,0.1409912109,0.4171142578,-0.7920532227
53352386.0,2967.0,0.0,-0.15625,-0.7109375,0.85546875,0
53359419.0,7033.0,1.0,0.4224853516,0.1390380859,0.4172973633,-0.7924804688
53362386.0,2967.0,0.0,0.15625,-0.10546875,1.11328125,0
53369419.0,7033.0,1.0,0.4223022461,0.1369628906,0.4180297852,-0.7926025391
53372386.0,2967.0,0.0,0.28515625,-0.7734375,0.9609375,0
53379419.0,7033.0,1.0,0.4223022461,0.1348266602,0.419128418,-0.7923583984
53382386.0,2967.0,0.0,0.1484375,-1.31640625,1.0390625,0
53389419.0,7033.0,1.0,0.4224853516,0.1328125,0.4203491211,-0.7919921875
53392386.0,2967.0,0.0,-0.02734375,-2.1640625,0.703125,0
53399419.0,7033.0,1.0,0.4227294922,0.1312255859,0.421081543,-0.7916870117
53402386.0,2967.0,0.0,0.1484375,-1.68359375,0.703125,0
53409419.0,7033.0,1.0,0.4230957031,0.1298828125,0.4213867188,-0.7915039063
53412386.0,2967.0,0.0,0.20703125,-1.16796875,0.82421875,0
53419419.0,7033.0,1.0,0.4235839844,0.1288452148,0.4214477539,-0.7914428711
53422386.0,2967.0,0.0,0.19140625,-1.0078125,0.578125,0
53429419.0,7033.0,1.0,0.4241333008,0.1280517578,0.4212036133,-0.7913818359
53432386.0,2967.0,0.0,0.8359375,-0.546875,0.6484375,0
53439419.0,7033.0,1.0,0.4248046875,0.1273803711,0.4208374023,-0.7913208008
53442386.0,2967.0,0.0,1.25,-0.47265625,0.74609375,0
53449419.0,7033.0,1.0,0.4255371094,0.1267700195,0.4205322266,-0.7911987305
53452386.0,2967.0,0.0,1.39453125,-0.625,0.74609375,0
53459419.0,7033.0,1.0,0.4264526367,0.1262817383,0.4201660156,-0.7909545898
53462386.0,2967.0,0.0,1.5390625,-0.85546875,0.6171875,0
53469419.0,7033.0,1.0,0.4273681641,0.1260375977,0.4196777344,-0.7907714844
53472386.0,2967.0,0.0,1.38671875,-0.9453125,0.453125,0
53479419.0,7033.0,1.0,0.4284667969,0.1259765625,0.4187011719,-0.7907104492
53482386.0,2967.0,0.0,1.234375,-0.84765625,0.40234375,0
53489419.0,7033.0,1.0,0.4295654297,0.1262817383,0.417175293,-0.7908935547
53492386.0,2967.0,0.0,1.12109375,-0.640625,0.4453125,0
53499419.0,7033.0,1.0,0.4306640625,0.1268310547,0.4152832031,-0.7911987305
53502386.0,2967.0,0.0,0.9296875,-0.25,0.4921875,0
53509419.0,7033.0,1.0,0.4318847656,0.1273803711,0.4133911133,-0.7914428711
53512386.0,2967.0,0.0,0.734375,0.67578125,0.65234375,0
53519419.0,7033.0,1.0,0.4332275391,0.1276855469,0.4119873047,-0.7913818359
53522386.0,2967.0,0.0,0.5078125,0.453125,0.90625,0
53529419.0,7033.0,1.0,0.4348144531,0.127746582,0.4110717773,-0.7909545898
53532386.0,2967.0,0.0,0.46875,0.12109375,0.99609375,0
53539419.0,7033.0,1.0,0.4365844727,0.1276245117,0.4105224609,-0.7903442383
53542386.0,2967.0,0.0,0.32421875,-0.19921875,1.1015625,0
53549419.0,7033.0,1.0,0.4384765625,0.1275024414,0.4099121094,-0.7896118164
53552386.0,2967.0,0.0,0.24609375,-0.8671875,0.828125,0
53559419.0,7033.0,1.0,0.440612793,0.1274414063,0.4090576172,-0.7888793945
53563386.0,3967.0,0.0,0.1484375,-1.07421875,1.234375,0
53569419.0,6033.0,1.0,0.4429321289,0.1274414063,0.4080200195,-0.7880859375
53572386.0,2967.0,0.0,-0.0078125,-0.76171875,1.32421875,0
53579419.0,7033.0,1.0,0.4454345703,0.1272583008,0.4072875977,-0.787109375
53582386.0,2967.0,0.0,-0.19140625,-0.24609375,1.34765625,0
53589419.0,7033.0,1.0,0.4481811523,0.1268310547,0.4067382813,-0.7858886719
53592386.0,2967.0,0.0,0.078125,-0.140625,1.0703125,0
53599419.0,7033.0,1.0,0.4510498047,0.1264648438,0.4060668945,-0.7846679688
53603386.0,3967.0,0.0,0.46875,-0.1328125,1.0546875,0
53609419.0,6033.0,1.0,0.4538574219,0.1262207031,0.4049682617,-0.7836303711
53612386.0,2967.0,0.0,0.78125,-0.234375,1.0703125,0
53619419.0,7033.0,1.0,0.4566650391,0.1260375977,0.4036865234,-0.7827148438
53622386.0,2967.0,0.0,1.40234375,0.5390625,1.390625,0
53629419.0,7033.0,1.0,0.4597167969,0.125793457,0.4024047852,-0.7816162109
53632386.0,2967.0,0.0,1.40234375,1.046875,1.29296875,0
53639419.0,7033.0,1.0,0.462890625,0.1245727539,0.4006958008,-0.7808227539
53642386.0,2967.0,0.0,1.48046875,1.44921875,1.62109375,0
53649419.0,7033.0,1.0,0.4658203125,0.123840332,0.4005737305,-0.7792358398
53652386.0,2967.0,0.0,1.671875,1.3203125,1.5,0
53659419.0,7033.0,1.0,0.4686889648,0.1229858398,0.4009399414,-0.7774658203
53662386.0,2967.0,0.0,1.640625,0.77734375,1.19140625,0
53669419.0,7033.0,1.0,0.4716796875,0.1221923828,0.4014282227,-0.7755126953
53672386.0,2967.0,0.0,1.65625,0.35546875,0.921875,0
53679419.0,7033.0,1.0,0.4745483398,0.1215820313,0.4017944336,-0.7736816406
53682386.0,2967.0,0.0,1.6640625,0.33984375,0.80859375,0
53689419.0,7033.0,1.0,0.4772949219,0.1212158203,0.4020996094,-0.7719116211
53692386.0,2967.0,0.0,1.671875,0.64453125,0.84765625,0
53699419.0,7033.0,1.0,0.4799804688,0.1209716797,0.4025268555,-0.7700195313
53702386.0,2967.0,0.0,2.03125,0.78515625,1.27734375,0
53709419.0,7033.0,1.0,0.4826049805,0.1208496094,0.4032592773,-0.7680053711
53712386.0,2967.0,0.0,2.0546875,1.04296875,1.12890625,0
53719419.0,7033.0,1.0,0.485168457,0.1207275391,0.4043579102,-0.7658081055
53722386.0,2967.0,0.0,2.30078125,1.07421875,1.5234375,0
53729419.0,7033.0,1.0,0.4876708984,0.1207275391,0.4058837891,-0.7634277344
53732386.0,2967.0,0.0,2.2890625,0.9609375,1.5078125,0
53739419.0,7033.0,1.0,0.4901123047,0.1209106445,0.4075317383,-0.7609863281
53742386.0,2967.0,0.0,2.35546875,0.0859375,1.33984375,0
53749419.0,7033.0,1.0,0.4924316406,0.1213989258,0.4091186523,-0.7585449219
53752386.0,2967.0,0.0,2.234375,0.0390625,1.62890625,0
53760419.0,8033.0,1.0,0.4945678711,0.1223144531,0.4105834961,-0.7562255859
53763386.0,2967.0,0.0,2.2734375,-0.19921875,1.8515625,0
53769419.0,6033.0,1.0,0.4965209961,0.1235351563,0.4119873047,-0.7539672852
53772386.0,2967.0,0.0,2.49609375,0.16796875,1.90625,0
53780419.0,8033.0,1.0,0.4983520508,0.1250610352,0.4134521484,-0.7516479492
53783386.0,2967.0,0.0,2.734375,0.19921875,2.20703125,0
53789419.0,6033.0,1.0,0.5001220703,0.1268920898,0.4152832031,-0.749206543
53792386.0,2967.0,0.0,2.20703125,0.375,2.28515625,0
53800419.0,8033.0,1.0,0.5015869141,0.12890625,0.4171142578,-0.7468261719
53803386.0,2967.0,0.0,2.22265625,-0.0234375,1.77734375,0
53809419.0,6033.0,1.0,0.5029296875,0.1306762695,0.4186401367,-0.7448120117
53812386.0,2967.0,0.0,2.078125,0.421875,1.16015625,0
53819419.0,7033.0,1.0,0.5040893555,0.1327514648,0.4204711914,-0.7426147461
53822386.0,2967.0,0.0,2.28515625,0.4921875,0.8984375,0
53829419.0,7033.0,1.0,0.5050048828,0.134765625,0.422668457,-0.7403564453
53832386.0,2967.0,0.0,1.4296875,0.328125,0.76171875,0
53840419.0,8033.0,1.0,0.5056152344,0.1371459961,0.4254150391,-0.7379150391
53843386.0,2967.0,0.0,1.4453125,-0.328125,-0.1484375,0
53849419.0,6033.0,1.0,0.5060424805,0.1395263672,0.4282226563,-0.7355957031
53852386.0,2967.0,0.0,0.8125,-0.51171875,-0.74609375,0
53859419.0,7033.0,1.0,0.5062866211,0.1422119141,0.4310913086,-0.733215332
53862386.0,2967.0,0.0,0.8671875,-1.05859375,-0.5,0
53869419.0,7033.0,1.0,0.5064086914,0.1449584961,0.4340820313,-0.7308349609
53872386.0,2967.0,0.0,1.6953125,-0.30078125,-0.703125,0
53880419.0,8033.0,1.0,0.5062866211,0.1477050781,0.4371948242,-0.728515625
53883386.0,2967.0,0.0,0.4921875,0.046875,-1.0625,0
53889419.0,6033.0,1.0,0.5059814453,0.1505737305,0.440246582,-0.7262573242
53892386.0,2967.0,0.0,0.35546875,-0.63671875,-1.421875,0
53899419.0,7033.0,1.0,0.5053710938,0.1536865234,0.4432983398,-0.7242431641
53902386.0,2967.0,0.0,-1.07421875,-0.18359375,-1.0546875,0
53909419.0,7033.0,1.0,0.5045166016,0.1569213867,0.4464111328,-0.7221679688
53912386.0,2967.0,0.0,-1.05078125,-0.453125,-1.44140625,0
53920419.0,8033.0,1.0,0.5034179688,0.16015625,0.4498291016,-0.7200927734
53923386.0,2967.0,0.0,-0.60546875,0.16796875,-2.0546875,0
53929419.0,6033.0,1.0,0.5021362305,0.1634521484,0.4535522461,-0.7178955078
53932386.0,2967.0,0.0,0.7578125,0.4375,-2.3984375,0
53939419.0,7033.0,1.0,0.500793457,0.1666870117,0.4575805664,-0.7155761719
53942386.0,2967.0,0.0,1.82421875,0.64453125,-2.88671875,0
53950419.0,8033.0,1.0,0.4993286133,0.169921875,0.4615478516,-0.7132568359
53953386.0,2967.0,0.0,1.359375,0.23046875,-3.17578125,0
53959419.0,6033.0,1.0,0.4976196289,0.1737060547,0.4652099609,-0.7111816406
53962386.0,2967.0,0.0,0.46484375,-0.7578125,-3.6953125,0
53972419.0,10033.0,1.0,0.4957885742,0.1779785156,0.4680175781,-0.7095336914
53975386.0,2967.0,0.0,0.3359375,-1.1171875,-5.2265625,0
53979419.0,4033.0,1.0,0.4934692383,0.1835327148,0.4700317383,-0.7083740234
53982386.0,2967.0,0.0,-0.92578125,-3.41015625,-4.7265625,0
53989419.0,7033.0,1.0,0.4909057617,0.1899414063,0.4709472656,-0.7078857422
53992386.0,2967.0,0.0,-0.78125,-2.98046875,-4.546875,0
53999419.0,7033.0,1.0,0.4885253906,0.1960449219,0.4713745117,-0.7076416016
54002386.0,2967.0,0.0,-1.75,-2.15625,-4.6171875,0
54009419.0,7033.0,1.0,0.4860229492,0.2021484375,0.4719238281,-0.7072753906
54012386.0,2967.0,0.0,-1.91796875,-3.421875,-5.16796875,0
54019419.0,7033.0,1.0,0.4837036133,0.2077026367,0.4723510742,-0.7069091797
54022386.0,2967.0,0.0,-2.96875,-2.9609375,-4.4296875,0
54029419.0,7033.0,1.0,0.4814453125,0.212890625,0.4729003906,-0.7066040039
54032386.0,2967.0,0.0,-4.17578125,-3.0390625,-3.87890625,0
54039419.0,7033.0,1.0,0.479309082,0.217590332,0.4733276367,-0.7062988281
54042386.0,2967.0,0.0,-5.77734375,-2.37109375,-2.19140625,0
54049419.0,7033.0,1.0,0.4769287109,0.2225952148,0.4736938477,-0.7061157227
54052386.0,2967.0,0.0,-6.03515625,-0.79296875,-1.5625,0
54059419.0,7033.0,1.0,0.4744873047,0.2272338867,0.4743041992,-0.705871582
54062386.0,2967.0,0.0,-4.79296875,1.47265625,-0.7109375,0
54069419.0,7033.0,1.0,0.4719848633,0.2315673828,0.4755249023,-0.7053222656
54072386.0,2967.0,0.0,-3.484375,3.11328125,0.9296875,0
54079419.0,7033.0,1.0,0.4692993164,0.2355957031,0.4776611328,-0.7043457031
54082386.0,2967.0,0.0,-0.10546875,4.375,-0.03515625,0
54089419.0,7033.0,1.0,0.4665527344,0.239074707,0.4805908203,-0.7030029297
54092386.0,2967.0,0.0,0.09765625,3.50390625,-1.55859375,0
54099419.0,7033.0,1.0,0.4639282227,0.2421875,0.4840698242,-0.7012939453
54102386.0,2967.0,0.0,-0.171875,2.515625,-2.57421875,0
54110419.0,8033.0,1.0,0.4613647461,0.2450561523,0.4878540039,-0.6993408203
54113386.0,2967.0,0.0,-0.19921875,0.8515625,-3.125,0
54119419.0,6033.0,1.0,0.458984375,0.2478027344,0.4915771484,-0.6973266602
54122386.0,2967.0,0.0,-0.96484375,-0.00390625,-2.8671875,0
54129419.0,7033.0,1.0,0.4566650391,0.250793457,0.4951782227,-0.6952514648
54132386.0,2967.0,0.0,-1.6484375,-0.6796875,-3.38671875,0
54140419.0,8033.0,1.0,0.4544677734,0.2538452148,0.4983520508,-0.6932983398
54143386.0,2967.0,0.0,-2.03125,-0.51953125,-3.67578125,0
54150419.0,7033.0,1.0,0.4525756836,0.2567138672,0.5010375977,-0.6915893555
54153386.0,2967.0,0.0,-1.1484375,-1.3515625,-3.20703125,0
54161419.0,8033.0,1.0,0.4506835938,0.2598266602,0.5035400391,-0.6898193359
54164386.0,2967.0,0.0,-0.11328125,-0.89453125,-3.0859375,0
54169419.0,5033.0,1.0,0.4486083984,0.263671875,0.5059814453,-0.6879272461
54172386.0,2967.0,0.0,-0.44140625,-1.7421875,-3.14453125,0
54180419.0,8033.0,1.0,0.4466552734,0.2676391602,0.5076904297,-0.686340332
54183386.0,2967.0,0.0,-0.74609375,-1.94921875,-2.4140625,0
54189419.0,6033.0,1.0,0.4447021484,0.2717895508,0.5088500977,-0.6851806641
54192386.0,2967.0,0.0,-1.92578125,-1.3984375,-0.859375,0
54200419.0,8033.0,1.0,0.442565918,0.2764282227,0.5095214844,-0.6842041016
54203386.0,2967.0,0.0,-2.33984375,-0.6640625,-0.01953125,0
54209419.0,6033.0,1.0,0.4404296875,0.2810668945,0.5098876953,-0.6834106445
54212386.0,2967.0,0.0,-2.9140625,0.53125,0.26953125,0
54220419.0,8033.0,1.0,0.4382324219,0.2857666016,0.5102539063,-0.6826171875
54223386.0,2967.0,0.0,-3.06640625,0.99609375,1.08984375,0
54229419.0,6033.0,1.0,0.4361572266,0.2894287109,0.5104370117,-0.6822509766
54232386.0,2967.0,0.0,-2.94921875,2.27734375,1.30859375,0
54239419.0,7033.0,1.0,0.4338989258,0.2931518555,0.5112304688,-0.6815185547
54242386.0,2967.0,0.0,-2.671875,3.1015625,1.609375,0
54249419.0,7033.0,1.0,0.431640625,0.2965087891,0.5128173828,-0.6802368164
54252386.0,2967.0,0.0,-2.17578125,2.63671875,1.73046875,0
54260419.0,8033.0,1.0,0.4292602539,0.2998046875,0.5155029297,-0.6783447266
54263386.0,2967.0,0.0,-1.453125,2.98828125,1.82421875,0
54270419.0,7033.0,1.0,0.4268188477,0.302734375,0.5188598633,-0.6760253906
54273386.0,2967.0,0.0,-0.6171875,2.49609375,1.27734375,0
54280419.0,7033.0,1.0,0.4244384766,0.3052368164,0.5225830078,-0.6735229492
54283386.0,2967.0,0.0,-0.70703125,3.171875,1.15625,0
54289419.0,6033.0,1.0,0.4219360352,0.3074951172,0.5267333984,-0.6708374023
54292386.0,2967.0,0.0,-0.9921875,3.03515625,0.0390625,0
54300419.0,8033.0,1.0,0.4194335938,0.3095092773,0.5310058594,-0.6680297852
54303386.0,2967.0,0.0,-1.265625,2.98046875,-0.87890625,0
54309419.0,6033.0,1.0,0.4169921875,0.311340332,0.5354003906,-0.665222168
54312386.0,2967.0,0.0,-0.82421875,1.52734375,-2.1015625,0
54320419.0,8033.0,1.0,0.4144897461,0.3130493164,0.5397338867,-0.6624755859
54324386.0,3967.0,0.0,-0.73046875,1.78125,-1.83984375,0
54331419.0,7033.0,1.0,0.412109375,0.3146972656,0.5437011719,-0.6599731445
54334386.0,2967.0,0.0,0.16796875,0.30859375,-1.99609375,0
54341419.0,7033.0,1.0,0.4096069336,0.31640625,0.5477294922,-0.6573486328
54344386.0,2967.0,0.0,0.06640625,0.79296875,-1.734375,0
54349419.0,5033.0,1.0,0.4071655273,0.3181762695,0.5515136719,-0.6548461914
54352386.0,2967.0,0.0,0.07421875,-0.21875,-1.55859375,0
54359419.0,7033.0,1.0,0.4046020508,0.3201293945,0.5552978516,-0.6522827148
54362386.0,2967.0,0.0,-0.484375,-1.0078125,-1.29296875,0
54370419.0,8033.0,1.0,0.4020385742,0.3222045898,0.55859375,-0.6500244141
54373386.0,2967.0,0.0,-0.5078125,-0.9140625,-0.50390625,0
54379419.0,6033.0,1.0,0.3994750977,0.3243408203,0.561340332,-0.6481933594
54382386.0,2967.0,0.0,1.33984375,-0.44140625,-0.2265625,0
54390419.0,8033.0,1.0,0.3966064453,0.3266601563,0.5640258789,-0.6464233398
54393386.0,2967.0,0.0,1.73828125,-0.38671875,0.359375,0
54400419.0,7033.0,1.0,0.393737793,0.328918457,0.5665893555,-0.6447753906
54403386.0,2967.0,0.0,1.4765625,-0.4453125,0.4140625,0
54410419.0,7033.0,1.0,0.3908081055,0.3311767578,0.5693359375,-0.6430053711
54413386.0,2967.0,0.0,0.17578125,-0.4296875,0.31640625,0
54419419.0,6033.0,1.0,0.3878173828,0.3334350586,0.5718994141,-0.6413574219
54422386.0,2967.0,0.0,-1.5625,-1.18359375,-0.203125,0
54430419.0,8033.0,1.0,0.3845825195,0.3358154297,0.5745239258,-0.6397094727
54433386.0,2967.0,0.0,-2.671875,-0.09375,-0.078125,0
54440419.0,7033.0,1.0,0.3814086914,0.3378295898,0.5771484375,-0.6381225586
54443386.0,2967.0,0.0,-2.328125,-0.109375,-0.9140625,0
54450419.0,7033.0,1.0,0.3784179688,0.3394775391,0.5802612305,-0.6362915039
54453386.0,2967.0,0.0,-1.1796875,1.33203125,-1.578125,0
54460419.0,7033.0,1.0,0.3754882813,0.3406982422,0.5841064453,-0.6338500977
54463386.0,2967.0,0.0,2.22265625,1.32421875,-1.4375,0
54470419.0,7033.0,1.0,0.3724975586,0.3419189453,0.5881958008,-0.6311645508
54473386.0,2967.0,0.0,3.21875,1.2734375,-1.09765625,0
54480419.0,7033.0,1.0,0.3693237305,0.3433227539,0.5920410156,-0.6287231445
54483386.0,2967.0,0.0,2.63671875,0.84375,-0.26171875,0
54490419.0,7033.0,1.0,0.3657836914,0.3449707031,0.5954589844,-0.6265869141
54493386.0,2967.0,0.0,2.859375,-0.12109375,-0.12109375,0
54500419.0,7033.0,1.0,0.3619995117,0.3468017578,0.5986328125,-0.6247558594
54503386.0,2967.0,0.0,0.3125,-0.3671875,-0.09765625,0
54510419.0,7033.0,1.0,0.3579711914,0.3485717773,0.6018676758,-0.6229858398
54513386.0,2967.0,0.0,-0.84375,-0.13671875,0.203125,0
54520419.0,7033.0,1.0,0.3540649414,0.3499755859,0.6051635742,-0.6212768555
54523386.0,2967.0,0.0,-1.28125,0.85546875,0.14453125,0
54529419.0,6033.0,1.0,0.3503417969,0.3511352539,0.6083374023,-0.6195678711
54532386.0,2967.0,0.0,-1.06640625,-0.6875,-1.0234375,0
54540419.0,8033.0,1.0,0.3462524414,0.352355957,0.6119384766,-0.6176757813
54543386.0,2967.0,0.0,-0.1328125,2.88671875,0.08203125,0
54550419.0,7033.0,1.0,0.3418579102,0.353515625,0.6161499023,-0.615234375
54553386.0,2967.0,0.0,0.15234375,1.4296875,0.54296875,0
54560419.0,7033.0,1.0,0.3376464844,0.3544921875,0.6206665039,-0.612487793
54563386.0,2967.0,0.0,0.80859375,1.66796875,0.390625,0
54569419.0,6033.0,1.0,0.3335571289,0.3552856445,0.6251831055,-0.6096801758
54572386.0,2967.0,0.0,1.5078125,-2.8125,-0.96875,0
54580419.0,8033.0,1.0,0.3293457031,0.3560791016,0.6295776367,-0.6069335938
54583386.0,2967.0,0.0,2.32421875,-2.046875,-1.50390625,0
54590419.0,7033.0,1.0,0.3252563477,0.3571166992,0.6330566406,-0.6049194336
54593386.0,2967.0,0.0,2.1015625,-3.15625,-1.25,0
54600419.0,7033.0,1.0,0.3211669922,0.3585205078,0.6356201172,-0.6035766602
54603386.0,2967.0,0.0,2.0703125,-1.171875,0.33984375,0
54609419.0,6033.0,1.0,0.3170166016,0.3602294922,0.6378173828,-0.6024169922
54612386.0,2967.0,0.0,2.31640625,4.03125,1.91015625,0
54620419.0,8033.0,1.0,0.3124389648,0.3621826172,0.6403198242,-0.6009521484
54623386.0,2967.0,0.0,1.90234375,3.44921875,1.73046875,0
54630419.0,7033.0,1.0,0.3078613281,0.3640136719,0.6432495117,-0.5991821289
54633386.0,2967.0,0.0,1.36328125,3.3671875,0.65234375,0
54640419.0,7033.0,1.0,0.3037719727,0.3653564453,0.646484375,-0.5969238281
54643386.0,2967.0,0.0,2.63671875,0.8984375,-0.28125,0
54650419.0,7033.0,1.0,0.3000488281,0.3664550781,0.6500854492,-0.5941772461
54653386.0,2967.0,0.0,2.0390625,-1.2578125,-2.77734375,0
54660419.0,7033.0,1.0,0.2966308594,0.3674316406,0.6535644531,-0.5914916992
54664386.0,3967.0,0.0,1.27734375,-2.15625,-3.05859375,0
54670419.0,6033.0,1.0,0.2933959961,0.3686523438,0.6565551758,-0.589050293
54673386.0,2967.0,0.0,0.2890625,-1.90234375,-2.69140625,0
54680419.0,7033.0,1.0,0.2900390625,0.370300293,0.6588745117,-0.5870361328
54683386.0,2967.0,0.0,-1.16015625,-2.46875,-0.50390625,0
54693419.0,10033.0,1.0,0.2866210938,0.3723754883,0.6605224609,-0.5855712891
54696386.0,2967.0,0.0,-3.01953125,2.375,3.05859375,0
54700419.0,4033.0,1.0,0.2826538086,0.3748168945,0.6622924805,-0.5839233398
54703386.0,2967.0,0.0,-3.7734375,1.69921875,3.453125,0
54710419.0,7033.0,1.0,0.2791137695,0.3768310547,0.6643066406,-0.5820922852
54713386.0,2967.0,0.0,-3.8359375,1.90625,2.37890625,0
54720419.0,7033.0,1.0,0.2758178711,0.3783569336,0.6669921875,-0.5795288086
54723386.0,2967.0,0.0,-1.30078125,-1.83984375,-1.05078125,0
54730419.0,7033.0,1.0,0.2728271484,0.3795166016,0.6699829102,-0.5767822266
54733386.0,2967.0,0.0,-0.41015625,-3.05078125,-1.984375,0
54740419.0,7033.0,1.0,0.2698364258,0.3805541992,0.6729736328,-0.5739746094
54743386.0,2967.0,0.0,-1.09375,-3.76171875,-2.34765625,0
54750419.0,7033.0,1.0,0.2668457031,0.381652832,0.6756591797,-0.5715332031
54753386.0,2967.0,0.0,-2.2265625,-4.7109375,-2.1875,0
54760419.0,7033.0,1.0,0.263671875,0.3828125,0.6776123047,-0.5698852539
54763386.0,2967.0,0.0,-2.02734375,-2.16796875,0.10546875,0
54770419.0,7033.0,1.0,0.2601318359,0.3841552734,0.6791381836,-0.5687866211
54773386.0,2967.0,0.0,-0.8046875,-0.3828125,1.74609375,0
54780419.0,7033.0,1.0,0.2564697266,0.3856201172,0.6802978516,-0.5681152344
54783386.0,2967.0,0.0,0.54296875,0.21484375,2.4453125,0
54790419.0,7033.0,1.0,0.2526245117,0.3870849609,0.6813354492,-0.567565918
54793386.0,2967.0,0.0,2.08203125,0.5078125,2.078125,0
54799419.0,6033.0,1.0,0.2489624023,0.3883666992,0.6825561523,-0.5668334961
54802386.0,2967.0,0.0,4.00390625,0.37890625,1.3203125,0
54810419.0,8033.0,1.0,0.2454833984,0.3895263672,0.684387207,-0.5653686523
54813386.0,2967.0,0.0,3.4296875,-0.55859375,0.43359375,0
54820419.0,7033.0,1.0,0.2423706055,0.3905029297,0.6865234375,-0.5634155273
54823386.0,2967.0,0.0,1.9453125,-1.421875,0.015625,0
54830419.0,7033.0,1.0,0.2392578125,0.3915405273,0.6887207031,-0.561340332
54833386.0,2967.0,0.0,0.1328125,-0.7109375,0.23828125,0
54840419.0,7033.0,1.0,0.2356567383,0.3928222656,0.6907348633,-0.5595092773
54843386.0,2967.0,0.0,-1.46875,0.609375,2.078125,0
54850419.0,7033.0,1.0,0.2316894531,0.3942871094,0.6922607422,-0.5582885742
54853386.0,2967.0,0.0,-0.48046875,1.4375,2.0234375,0
54860419.0,7033.0,1.0,0.2274169922,0.3958129883,0.6935424805,-0.5573730469
54863386.0,2967.0,0.0,0.24609375,0.921875,1.046875,0
54870419.0,7033.0,1.0,0.2231445313,0.3971557617,0.6949462891,-0.5563354492
54873386.0,2967.0,0.0,0.66015625,1.453125,-0.38671875,0
54880419.0,7033.0,1.0,0.2191772461,0.3983764648,0.6965942383,-0.5549926758
54883386.0,2967.0,0.0,2.0390625,0.01953125,-1.7421875,0
54893419.0,10033.0,1.0,0.215637207,0.399597168,0.6983032227,-0.5533447266
54896386.0,2967.0,0.0,1.33984375,-1.41015625,-2.3984375,0
54901419.0,5033.0,1.0,0.2119140625,0.4011230469,0.6999511719,-0.5516357422
54904386.0,2967.0,0.0,-0.0390625,-1.6640625,-2.05859375,0
54910419.0,6033.0,1.0,0.2084960938,0.4027709961,0.701171875,-0.5501098633
54913386.0,2967.0,0.0,-2.1015625,-0.8515625,0.33203125,0
54920419.0,7033.0,1.0,0.2050170898,0.4046630859,0.7022094727,-0.5487670898
54923386.0,2967.0,0.0,-2.21875,-0.1484375,0.546875,0
54930419.0,7033.0,1.0,0.2015991211,0.4066772461,0.703125,-0.5473632813
54933386.0,2967.0,0.0,-2.28515625,-0.484375,0.6796875,0
54940419.0,7033.0,1.0,0.1983642578,0.4086303711,0.7041015625,-0.5458374023
54943386.0,2967.0,0.0,-1.359375,-0.859375,0.234375,0
54950419.0,7033.0,1.0,0.1953125,0.4106445313,0.7049560547,-0.5443115234
54953386.0,2967.0,0.0,1.91015625,-0.70703125,0.05859375,0
54960419.0,7033.0,1.0,0.1920166016,0.4129638672,0.7056884766,-0.5427246094
54963386.0,2967.0,0.0,1.7578125,-1.921875,-0.0234375,0
54970419.0,7033.0,1.0,0.1885986328,0.4153442383,0.7062988281,-0.5413208008
54973386.0,2967.0,0.0,2.4140625,-2.71875,-0.04296875,0
54980419.0,7033.0,1.0,0.1850585938,0.4178466797,0.7068481445,-0.539855957
54983386.0,2967.0,0.0,0.31640625,-1.953125,0.73828125,0
54989419.0,6033.0,1.0,0.181640625,0.4201660156,0.7073974609,-0.5385742188
54992386.0,2967.0,0.0,-1.05859375,-1.36328125,1.78125,0
55000419.0,8033.0,1.0,0.1778564453,0.4224243164,0.7079467773,-0.5372924805
55003386.0,2967.0,0.0,-0.63671875,-1.15625,2.33203125,0
55010419.0,7033.0,1.0,0.1738891602,0.4244995117,0.7084960938,-0.5362548828
55013386.0,2967.0,0.0,0.6640625,0.58203125,2.1875,0
55020419.0,7033.0,1.0,0.1697387695,0.4264526367,0.7092895508,-0.5350341797
55023386.0,2967.0,0.0,1.99609375,0.75,2.01171875,0
55030419.0,7033.0,1.0,0.1654052734,0.4282836914,0.7104492188,-0.5333862305
55033386.0,2967.0,0.0,1.98828125,1.2734375,0.3125,0
55040419.0,7033.0,1.0,0.1610717773,0.4299316406,0.7119140625,-0.5314331055
55043386.0,2967.0,0.0,1.4296875,1.06640625,-0.19921875,0
55050419.0,7033.0,1.0,0.1566162109,0.4315185547,0.7134399414,-0.5293579102
55053386.0,2967.0,0.0,0.9140625,-0.02734375,-0.3203125,0
55060419.0,7033.0,1.0,0.1520385742,0.4329833984,0.71484375,-0.5276489258
55063386.0,2967.0,0.0,0.66015625,-0.88671875,-0.5234375,0
55070419.0,7033.0,1.0,0.1471557617,0.434387207,0.7159423828,-0.5263671875
55073386.0,2967.0,0.0,0.4921875,-1.19921875,-1.3125,0
55080419.0,7033.0,1.0,0.1419677734,0.4357910156,0.716796875,-0.5255126953
55083386.0,2967.0,0.0,0.8125,-1.0859375,-0.68359375,0
55090419.0,7033.0,1.0,0.1365356445,0.4370727539,0.7174682617,-0.5249633789
55093386.0,2967.0,0.0,0.39453125,-0.46875,-0.22265625,0
55100419.0,7033.0,1.0,0.1309204102,0.4382324219,0.7182006836,-0.5243530273
55103386.0,2967.0,0.0,0.7109375,1.60546875,0.23828125,0
55110419.0,7033.0,1.0,0.1251220703,0.4393920898,0.7190551758,-0.5236816406
55113386.0,2967.0,0.0,0.6328125,2.49609375,0.390625,0
55120419.0,7033.0,1.0,0.1193847656,0.4404907227,0.7200927734,-0.522644043
55123386.0,2967.0,0.0,0.828125,2.11328125,0.21484375,0
55132419.0,9033.0,1.0,0.1138916016,0.4415893555,0.7211914063,-0.5214233398
55135386.0,2967.0,0.0,0.7890625,2.3125,-0.359375,0
55140419.0,5033.0,1.0,0.108215332,0.4426879883,0.7224731445,-0.5199584961
55143386.0,2967.0,0.0,-0.58984375,2.61328125,-0.953125,0
55150419.0,7033.0,1.0,0.1025390625,0.4437255859,0.7239379883,-0.5181884766
55153386.0,2967.0,0.0,-0.859375,2.98828125,-0.96875,0
55160419.0,7033.0,1.0,0.0972290039,0.4446411133,0.7254638672,-0.5162353516
55163386.0,2967.0,0.0,-1.17578125,3.01953125,-0.76171875,0
55170419.0,7033.0,1.0,0.091796875,0.4454956055,0.7271118164,-0.5142211914
55173386.0,2967.0,0.0,-1.37890625,2.67578125,-1.1875,0
55180419.0,7033.0,1.0,0.0864257813,0.4461669922,0.7288208008,-0.5121459961
55183386.0,2967.0,0.0,-1.80859375,1.58984375,-2.62890625,0
55190419.0,7033.0,1.0,0.0805664063,0.4467773438,0.7306518555,-0.5099487305
55193386.0,2967.0,0.0,-1.3984375,2.05078125,-2.10546875,0
55200419.0,7033.0,1.0,0.0745239258,0.4472045898,0.732421875,-0.5079345703
55203386.0,2967.0,0.0,-0.76953125,3.390625,-0.625,0
55210419.0,7033.0,1.0,0.0682983398,0.4474487305,0.7343139648,-0.505859375
55213386.0,2967.0,0.0,-0.14453125,5.15234375,0.265625,0
55220419.0,7033.0,1.0,0.0618896484,0.4474487305,0.7366943359,-0.5032348633
55223386.0,2967.0,0.0,-1.2109375,4.1953125,0.45703125,0
55230419.0,7033.0,1.0,0.0556640625,0.4471435547,0.7395629883,-0.5
55233386.0,2967.0,0.0,-1.94140625,2.92578125,0.03125,0
55240419.0,7033.0,1.0,0.0493164062,0.4465942383,0.7427978516,-0.4963989258
55243386.0,2967.0,0.0,-1.796875,1.5390625,-0.53515625,0
55250419.0,7033.0,1.0,0.0428466797,0.4458007813,0.74609375,-0.4926757813
55253386.0,2967.0,0.0,-1.578125,-0.64453125,-0.45703125,0
55260419.0,7033.0,1.0,0.0360717773,0.4448852539,0.7494506836,-0.4889526367
55263386.0,2967.0,0.0,0.92578125,-2.45703125,-1.40625,0
55275419.0,12033.0,1.0,0.0294799805,0.4440307617,0.7526245117,-0.4852905273
55279386.0,3967.0,0.0,0.5625,-3.73046875,-4.046875,0
55282419.0,3033.0,1.0,0.0223999023,0.4430541992,0.7561645508,-0.4810180664
55285386.0,2967.0,0.0,-0.046875,-3.96484375,-4.0,0
55290419.0,5033.0,1.0,0.0151367188,0.4420166016,0.7598266602,-0.4765014648
55293386.0,2967.0,0.0,-0.203125,-4.77734375,-3.9453125,0
55300419.0,7033.0,1.0,0.0081176758,0.4407958984,0.7633666992,-0.4720458984
55303386.0,2967.0,0.0,0.22265625,-5.0234375,-3.20703125,0
55310419.0,7033.0,1.0,0.0010986328,0.4395751953,0.7667236328,-0.467956543
55313386.0,2967.0,0.0,0.96484375,-4.41796875,-2.171875,0
55320419.0,7033.0,1.0,0.005859375,-0.4382324219,-0.7696533203,0.4642944336
55323386.0,2967.0,0.0,2.4609375,-4.00390625,-0.73046875,0
55330419.0,7033.0,1.0,0.0128173828,-0.4370117188,-0.7721557617,0.4611206055
55333386.0,2967.0,0.0,2.734375,-2.66796875,-0.78125,0
55340419.0,7033.0,1.0,0.0203857422,-0.4357299805,-0.774230957,0.4585571289
55343386.0,2967.0,0.0,1.74609375,-3.578125,-1.2421875,0
55350419.0,7033.0,1.0,0.0280151367,-0.4344482422,-0.7754516602,0.4572753906
55353386.0,2967.0,0.0,0.80859375,-4.13671875,-2.48828125,0
55360419.0,7033.0,1.0,0.0356445312,-0.4329833984,-0.7758789063,0.4574584961
55363386.0,2967.0,0.0,-0.66796875,-4.375,-3.33984375,0
55370419.0,7033.0,1.0,0.0427246094,-0.4313354492,-0.7755737305,0.4588623047
55373386.0,2967.0,0.0,-2.84375,-4.06640625,-4.3671875,0
55380419.0,7033.0,1.0,0.0496826172,-0.4293212891,-0.7747802734,0.4614257813
55383386.0,2967.0,0.0,-2.82421875,-2.515625,-3.88671875,0
55390419.0,7033.0,1.0,0.0560302734,-0.4268798828,-0.7738647461,0.4645385742
55393386.0,2967.0,0.0,-2.87890625,-0.515625,-2.5,0
55400419.0,7033.0,1.0,0.0614624023,-0.4241943359,-0.7729492188,0.4677734375
55403386.0,2967.0,0.0,-2.6875,0.03125,-0.92578125,0
55415419.0,12033.0,1.0,0.0659790039,-0.4212036133,-0.7720336914,0.4713745117
55419386.0,3967.0,0.0,-1.41796875,2.18359375,2.109375,0
55422419.0,3033.0,1.0,0.0700073242,-0.4177856445,-0.7709960938,0.4754638672
55425386.0,2967.0,0.0,-1.46484375,2.26171875,2.0234375,0
55430419.0,5033.0,1.0,0.0733642578,-0.4140014648,-0.7700195313,0.4798583984
55433386.0,2967.0,0.0,-1.625,2.6953125,2.12890625,0
55441419.0,8033.0,1.0,0.0758056641,-0.41015625,-0.7692260742,0.4840087891
55444386.0,2967.0,0.0,-2.1640625,2.02734375,1.58203125,0
55450419.0,6033.0,1.0,0.0776977539,-0.4060668945,-0.7684326172,0.4884643555
55453386.0,2967.0,0.0,-3.49609375,0.375,0.0390625,0
55460419.0,7033.0,1.0,0.0791625977,-0.4017333984,-0.7672119141,0.4936523438
55464386.0,3967.0,0.0,-3.7421875,0.67578125,-0.7421875,0
55470419.0,6033.0,1.0,0.0802001953,-0.3970947266,-0.7658081055,0.4995117188
55473386.0,2967.0,0.0,-3.94140625,1.3671875,-1.203125,0
55480419.0,7033.0,1.0,0.0805053711,-0.3920898438,-0.7643432617,0.5054931641
55483386.0,2967.0,0.0,-4.5625,-0.1640625,-2.125,0
55490419.0,7033.0,1.0,0.080078125,-0.3869018555,-0.7630615234,0.5114746094
55493386.0,2967.0,0.0,-4.82421875,-0.4453125,-2.43359375,0
55500419.0,7033.0,1.0,0.0788574219,-0.3814697266,-0.7619628906,0.5173950195
55503386.0,2967.0,0.0,-4.73828125,-0.0859375,-2.58203125,0
55510419.0,7033.0,1.0,0.076965332,-0.3759765625,-0.760925293,0.5231323242
55513386.0,2967.0,0.0,-4.6015625,-1.37109375,-2.37890625,0
55520419.0,7033.0,1.0,0.0746459961,-0.370300293,-0.7596435547,0.5294189453
55523386.0,2967.0,0.0,-4.234375,-3.9921875,-2.73046875,0
55530419.0,7033.0,1.0,0.0721435547,-0.3638916016,-0.7573242188,0.5374145508
55533386.0,2967.0,0.0,-3.6171875,-4.87890625,-3.1875,0
55540419.0,7033.0,1.0,0.0697021484,-0.3572387695,-0.7537841797,0.5471191406
55543386.0,2967.0,0.0,-2.73828125,-5.05859375,-3.6875,0
55552419.0,9033.0,1.0,0.0671386719,-0.3506469727,-0.7495727539,0.5573730469
55555386.0,2967.0,0.0,-1.5703125,-2.61328125,-3.90625,0
55563419.0,8033.0,1.0,0.0637207031,-0.3434448242,-0.7451171875,0.5681152344
55566386.0,2967.0,0.0,-1.171875,-0.34375,-2.05859375,0
55570419.0,4033.0,1.0,0.059387207,-0.3361206055,-0.7412719727,0.5778808594
55573386.0,2967.0,0.0,-0.83984375,-0.58984375,-1.45703125,0
55580419.0,7033.0,1.0,0.0543212891,-0.3286132813,-0.7376708984,0.5872802734
55583386.0,2967.0,0.0,-0.51953125,-0.375,-0.92578125,0
55590419.0,7033.0,1.0,0.0490722656,-0.3212280273,-0.7338867188,0.596496582
55593386.0,2967.0,0.0,-0.46484375,-0.2890625,-0.359375,0
55600419.0,7033.0,1.0,0.043762207,-0.313659668,-0.7295532227,0.6062011719
55603386.0,2967.0,0.0,-0.33203125,-0.1171875,0.26171875,0
55610419.0,7033.0,1.0,0.0388183594,-0.3062744141,-0.7244262695,0.6163330078
55613386.0,2967.0,0.0,-0.1171875,-0.02734375,0.265625,0
55620419.0,7033.0,1.0,0.0339355469,-0.2985229492,-0.7181396484,0.627746582
55623386.0,2967.0,0.0,0.19921875,-0.0546875,0.14453125,0
55632419.0,9033.0,1.0,0.0294799805,-0.2910766602,-0.7112426758,0.6391601563
55635386.0,2967.0,0.0,0.8515625,0.91796875,-0.35546875,0
55643419.0,8033.0,1.0,0.0246582031,-0.2831420898,-0.7039794922,0.6509399414
55646386.0,2967.0,0.0,1.546875,5.70703125,0.80859375,0
55650419.0,4033.0,1.0,0.0192871094,-0.2752685547,-0.6979370117,0.6608886719
55653386.0,2967.0,0.0,1.6171875,6.046875,1.09765625,0
55661419.0,8033.0,1.0,0.0131835938,-0.2672729492,-0.6934204102,0.6690063477
55664386.0,2967.0,0.0,1.95703125,5.06640625,1.46875,0
55670419.0,6033.0,1.0,0.007019043,-0.2595825195,-0.6899414063,0.6757202148
55673386.0,2967.0,0.0,1.86328125,2.0546875,1.1640625,0
55680419.0,7033.0,1.0,0.0009765625,-0.2520141602,-0.6861572266,0.682434082
55683386.0,2967.0,0.0,2.0703125,1.1484375,0.953125,0
55690419.0,7033.0,1.0,0.0050048828,0.2442626953,0.6812744141,-0.6900634766
55693386.0,2967.0,0.0,2.31640625,0.1640625,0.75,0
55701419.0,8033.0,1.0,0.0108032227,0.2365722656,0.6748657227,-0.6989135742
55704386.0,2967.0,0.0,2.26171875,-0.90234375,0.38671875,0
55716419.0,12033.0,1.0,0.0162353516,0.2291259766,0.6672363281,-0.7085571289
55721419.0,5000.0,1.0,0.0221557617,0.2212524414,0.6585083008,-0.7189941406
55723386.0,1967.0,0.0,3.54296875,3.1875,0.12890625,0
55730419.0,7033.0,1.0,0.0288085938,0.2131347656,0.6505737305,-0.7283325195
55733386.0,2967.0,0.0,3.09765625,3.44140625,0.39453125,0
55741419.0,8033.0,1.0,0.0358886719,0.2052612305,0.6447143555,-0.7354736328
55744386.0,2967.0,0.0,2.265625,2.421875,0.6328125,0
55750419.0,6033.0,1.0,0.0432128906,0.1977539063,0.6401367188,-0.7410888672
55753386.0,2967.0,0.0,1.11328125,-0.734375,0.04296875,0
55760419.0,7033.0,1.0,0.0510864258,0.1900634766,0.6354370117,-0.7466430664
55763386.0,2967.0,0.0,0.77734375,-2.16796875,-0.0234375,0
55770419.0,7033.0,1.0,0.0591430664,0.182434082,0.629699707,-0.7528076172
55773386.0,2967.0,0.0,0.6640625,-2.19140625,0.00390625,0
55781419.0,8033.0,1.0,0.0671386719,0.1752319336,0.6228637695,-0.7594604492
55784386.0,2967.0,0.0,0.7109375,-2.078125,-0.29296875,0
55796419.0,12033.0,1.0,0.0748291016,0.1686401367,0.6153564453,-0.7663574219
55801419.0,5000.0,1.0,0.0831298828,0.1619262695,0.606628418,-0.7738647461
55803386.0,1967.0,0.0,0.87890625,-0.6484375,-0.27734375,0
55810419.0,7033.0,1.0,0.0919799805,0.1553344727,0.59765625,-0.7811889648
55813386.0,2967.0,0.0,0.82421875,0.77734375,0.50390625,0
55821419.0,8033.0,1.0,0.1007080078,0.1491699219,0.5897827148,-0.7872314453
55824386.0,2967.0,0.0,0.640625,0.984375,0.9375,0
55830419.0,6033.0,1.0,0.1094970703,0.1432495117,0.5827026367,-0.7924194336
55833386.0,2967.0,0.0,0.6484375,-0.421875,0.92578125,0
55840419.0,7033.0,1.0,0.1184082031,0.1375732422,0.5756835938,-0.7972412109
55843386.0,2967.0,0.0,0.55078125,-0.7890625,0.69921875,0
55851419.0,8033.0,1.0,0.1274414063,0.1321411133,0.5684204102,-0.8020019531
55854386.0,2967.0,0.0,0.6328125,-1.16796875,0.4296875,0
55861419.0,7033.0,1.0,0.1365356445,0.1271362305,0.5607910156,-0.8067016602
55864386.0,2967.0,0.0,1.1875,-0.6328125,0.921875,0
55876419.0,12033.0,1.0,0.1452636719,0.1226196289,0.5534667969,-0.8108520508
55881419.0,5000.0,1.0,0.1545410156,0.1180419922,0.5459594727,-0.8149414063
55883386.0,1967.0,0.0,0.94140625,0.15234375,0.5859375,0
55891419.0,8033.0,1.0,0.1641235352,0.1135864258,0.5383300781,-0.8187866211
55894386.0,2967.0,0.0,1.0703125,-0.0078125,1.05859375,0
55900419.0,6033.0,1.0,0.173034668,0.1096801758,0.53125,-0.8220214844
55903386.0,2967.0,0.0,1.40234375,0.7578125,1.0390625,0
55910419.0,7033.0,1.0,0.1823730469,0.1058349609,0.5241699219,-0.8250732422
55913386.0,2967.0,0.0,1.640625,0.671875,0.68359375,0
55921419.0,8033.0,1.0,0.1912841797,0.1024169922,0.5174560547,-0.8277587891
55924386.0,2967.0,0.0,1.84765625,0.46875,0.60546875,0
55931419.0,7033.0,1.0,0.2002563477,0.0991210938,0.5107421875,-0.8302001953
55934386.0,2967.0,0.0,2.12890625,0.68359375,0.45703125,0
55940419.0,6033.0,1.0,0.2090454102,0.0961914063,0.5044555664,-0.8322143555
55943386.0,2967.0,0.0,2.72265625,1.5546875,0.8125,0
55955419.0,12033.0,1.0,0.217956543,0.0933837891,0.4985961914,-0.8337402344
55959386.0,3967.0,0.0,2.27734375,1.53515625,1.0703125,0
55962419.0,3033.0,1.0,0.2271118164,0.0905761719,0.493347168,-0.834777832
55965386.0,2967.0,0.0,1.9921875,1.265625,0.68359375,0
55971419.0,6033.0,1.0,0.2365112305,0.0877685547,0.4884643555,-0.8353271484
55974386.0,2967.0,0.0,2.015625,1.1875,0.58203125,0
55981419.0,7033.0,1.0,0.2454833984,0.0853271484,0.4840087891,-0.8355712891
55984386.0,2967.0,0.0,2.0703125,-0.0703125,0.48046875,0
55990419.0,6033.0,1.0,0.2541503906,0.0832519531,0.479309082,-0.8359375
55993386.0,2967.0,0.0,2.40234375,0.0078125,0.16015625,0
56001419.0,8033.0,1.0,0.2628173828,0.0815429688,0.4739379883,-0.8364257813
56004386.0,2967.0,0.0,2.65234375,0.2578125,-0.06640625,0
56011419.0,7033.0,1.0,0.271484375,0.0801391602,0.4681396484,-0.837097168
56014386.0,2967.0,0.0,2.953125,0.69921875,-0.14453125,0
56021419.0,7033.0,1.0,0.2799072266,0.0789794922,0.4623413086,-0.8376464844
56024386.0,2967.0,0.0,3.23828125,2.13671875,0.51171875,0
56030419.0,6033.0,1.0,0.288269043,0.0778198242,0.45703125,-0.8378295898
56033386.0,2967.0,0.0,2.9609375,2.6953125,0.5625,0
56041419.0,8033.0,1.0,0.2964477539,0.0765991211,0.4526367188,-0.8374633789
56044386.0,2967.0,0.0,2.44921875,2.609375,0.44921875,0
56051419.0,7033.0,1.0,0.3044433594,0.075378418,0.4490966797,-0.8366088867
56054386.0,2967.0,0.0,1.66796875,1.0,0.22265625,0
56061419.0,7033.0,1.0,0.3121948242,0.0741577148,0.4458007813,-0.8356323242
56064386.0,2967.0,0.0,1.72265625,0.66796875,-0.03125,0
56074419.0,10033.0,1.0,0.3195800781,0.0731201172,0.4425048828,-0.8346557617
56077386.0,2967.0,0.0,1.90625,0.4921875,-0.24609375,0
56084419.0,7033.0,1.0,0.3275146484,0.0722045898,0.438659668,-0.8337402344
56087386.0,2967.0,0.0,2.49609375,1.140625,-0.39453125,0
56091419.0,4033.0,1.0,0.3347167969,0.0714111328,0.4351196289,-0.8327636719
56094386.0,2967.0,0.0,2.703125,1.5625,-0.02734375,0
56101419.0,7033.0,1.0,0.3416137695,0.0706176758,0.4320068359,-0.8316650391
56104386.0,2967.0,0.0,2.53515625,1.53515625,0.1015625,0
56110419.0,6033.0,1.0,0.348449707,0.0698242188,0.4291381836,-0.8303833008
56113386.0,2967.0,0.0,2.25390625,1.3984375,-0.10546875,0
56121419.0,8033.0,1.0,0.3552246094,0.0689697266,0.4263916016,-0.8289794922
56124386.0,2967.0,0.0,1.88671875,1.03515625,-0.15234375,0
56130419.0,6033.0,1.0,0.3615112305,0.0682983398,0.4239501953,-0.8276367188
56133386.0,2967.0,0.0,1.59375,1.35546875,-0.421875,0
56140419.0,7033.0,1.0,0.367980957,0.0675048828,0.4215698242,-0.8259887695
56143386.0,2967.0,0.0,1.6953125,1.41015625,-0.3125,0
56151419.0,8033.0,1.0,0.374206543,0.0667724609,0.4195556641,-0.8242797852
56154386.0,2967.0,0.0,1.7109375,0.8359375,-0.26953125,0
56161419.0,7033.0,1.0,0.3801879883,0.0661010742,0.4177246094,-0.8225708008
56164386.0,2967.0,0.0,1.6484375,0.5859375,-0.26171875,0
56171419.0,7033.0,1.0,0.3859863281,0.0654907227,0.416015625,-0.8208007813
56174386.0,2967.0,0.0,1.703125,1.27734375,0.08984375,0
56181419.0,7033.0,1.0,0.3916015625,0.0649414063,0.4145507813,-0.8189086914
56185386.0,3967.0,0.0,1.45703125,1.53515625,0.06640625,0
56191419.0,6033.0,1.0,0.3970336914,0.0643310547,0.4135131836,-0.8168334961
56194386.0,2967.0,0.0,1.20703125,1.3125,0.01171875,0
56201419.0,7033.0,1.0,0.4024047852,0.0637207031,0.4127197266,-0.8146972656
56204386.0,2967.0,0.0,0.80078125,0.890625,0.140625,0
56216419.0,12033.0,1.0,0.407409668,0.063293457,0.4119262695,-0.8126220703
56221386.0,4967.0,0.0,0.2109375,-0.3671875,0.140625,0
56224419.0,3033.0,1.0,0.4123535156,0.0632324219,0.4108276367,-0.8106689453
56227386.0,2967.0,0.0,0.2734375,-0.0234375,0.34765625,0
56231419.0,4033.0,1.0,0.4176025391,0.0635986328,0.4091186523,-0.8088378906
56234386.0,2967.0,0.0,0.296875,-0.0703125,0.31640625,0
56241419.0,7033.0,1.0,0.4220581055,0.0641479492,0.4074707031,-0.8073120117
56244386.0,2967.0,0.0,0.17578125,0.48828125,0.9140625,0
56251419.0,7033.0,1.0,0.426574707,0.0648803711,0.4059448242,-0.8056030273
56254386.0,2967.0,0.0,0.390625,0.44140625,1.11328125,0
56261419.0,7033.0,1.0,0.430847168,0.0657958984,0.4046020508,-0.8039550781
56264386.0,2967.0,0.0,0.4296875,0.1953125,1.2890625,0
56271419.0,7033.0,1.0,0.4349365234,0.0669555664,0.4033813477,-0.8022460938
56274386.0,2967.0,0.0,0.56640625,-0.15625,1.46484375,0
56281419.0,7033.0,1.0,0.4387817383,0.0682983398,0.4020996094,-0.8007202148
56284386.0,2967.0,0.0,0.875,-0.43359375,1.21875,0
56291419.0,7033.0,1.0,0.4426269531,0.0700683594,0.4006347656,-0.7991943359
56294386.0,2967.0,0.0,0.64453125,-0.21875,1.359375,0
56301419.0,7033.0,1.0,0.4461669922,0.0718994141,0.3994750977,-0.7976074219
56304386.0,2967.0,0.0,0.37890625,0.0390625,1.6484375,0
56311419.0,7033.0,1.0,0.4495239258,0.0737915039,0.3987426758,-0.7958984375
56314386.0,2967.0,0.0,0.15625,0.0703125,1.44921875,0
56320419.0,6033.0,1.0,0.4524536133,0.0756225586,0.3983154297,-0.7942504883
56323386.0,2967.0,0.0,-0.1875,-0.58984375,1.37109375,0
56331419.0,8033.0,1.0,0.4555664063,0.0777587891,0.3980102539,-0.7924804688
56334386.0,2967.0,0.0,-0.1328125,-0.74609375,1.2578125,0
56341419.0,7033.0,1.0,0.458190918,0.0800170898,0.397644043,-0.7908935547
56344386.0,2967.0,0.0,0.05859375,-0.9375,0.875,0
56351419.0,7033.0,1.0,0.4607543945,0.0825805664,0.3970336914,-0.7894897461
56354386.0,2967.0,0.0,0.296875,-1.18359375,0.72265625,0
56361419.0,7033.0,1.0,0.4630737305,0.0855102539,0.3961791992,-0.7882080078
56364386.0,2967.0,0.0,0.66015625,-0.9296875,0.5234375,0
56371419.0,7033.0,1.0,0.4652709961,0.0884399414,0.3952026367,-0.787109375
56374386.0,2967.0,0.0,0.78125,-0.7109375,0.484375,0
56381419.0,7033.0,1.0,0.4673461914,0.0914916992,0.3943481445,-0.785949707
56384386.0,2967.0,0.0,0.796875,-0.765625,0.66796875,0
56391419.0,7033.0,1.0,0.4692993164,0.0944824219,0.393737793,-0.7847290039
56394386.0,2967.0,0.0,0.65234375,-0.66015625,0.58984375,0
56401419.0,7033.0,1.0,0.4711914063,0.0973510742,0.393737793,-0.7832641602
56404386.0,2967.0,0.0,0.8984375,0.375,0.8671875,0
56411419.0,7033.0,1.0,0.4730224609,0.0997924805,0.3947143555,-0.7813720703
56414386.0,2967.0,0.0,0.91015625,0.15234375,0.70703125,0
56421419.0,7033.0,1.0,0.4747924805,0.1018676758,0.3963012695,-0.7791748047
56424386.0,2967.0,0.0,0.578125,-1.2734375,0.046875,0
56433419.0,9033.0,1.0,0.4765014648,0.1041870117,0.3977050781,-0.7771606445
56436386.0,2967.0,0.0,0.40625,-2.32421875,-0.234375,0
56443419.0,7033.0,1.0,0.4781494141,0.1069946289,0.3982543945,-0.775390625
56446386.0,2967.0,0.0,0.61328125,-1.98046875,-0.48046875,0
56450419.0,4033.0,1.0,0.4798583984,0.1102905273,0.3981933594,-0.7739257813
56453386.0,2967.0,0.0,0.71484375,-1.296875,-0.2421875,0
56461419.0,8033.0,1.0,0.481628418,0.1137695313,0.3979492188,-0.7724609375
56464386.0,2967.0,0.0,0.76953125,-0.6953125,0.03515625,0
56471419.0,7033.0,1.0,0.4834594727,0.1169433594,0.3981933594,-0.7707519531
56474386.0,2967.0,0.0,0.79296875,0.453125,0.43359375,0
56481419.0,7033.0,1.0,0.4854125977,0.1198730469,0.3991699219,-0.7685546875
56484386.0,2967.0,0.0,0.625,-0.2265625,0.08203125,0
56491419.0,7033.0,1.0,0.4873046875,0.1226196289,0.4005126953,-0.7662353516
56494386.0,2967.0,0.0,0.48828125,-1.0234375,0.04296875,0
56501419.0,7033.0,1.0,0.4891967773,0.1257324219,0.4014282227,-0.7640380859
56504386.0,2967.0,0.0,0.359375,-1.25390625,-0.203125,0
56510419.0,6033.0,1.0,0.4909057617,0.1292114258,0.401550293,-0.7622680664
56513386.0,2967.0,0.0,0.421875,0.0390625,0.00390625,0
56521419.0,8033.0,1.0,0.4926757813,0.1332397461,0.4013671875,-0.760559082
56524386.0,2967.0,0.0,0.5625,0.7109375,0.375,0
56531419.0,7033.0,1.0,0.4943847656,0.1372070313,0.4014282227,-0.7587280273
56534386.0,2967.0,0.0,0.6328125,1.19140625,0.3125,0
56541419.0,7033.0,1.0,0.4960327148,0.1409301758,0.4020996094,-0.7565917969
56544386.0,2967.0,0.0,0.5390625,1.4921875,0.34375,0
56551419.0,7033.0,1.0,0.4976806641,0.1444091797,0.4034423828,-0.7540893555
56554386.0,2967.0,0.0,0.2265625,1.4921875,0.078125,0
56561419.0,7033.0,1.0,0.4992675781,0.1474609375,0.4053344727,-0.7514648438
56564386.0,2967.0,0.0,0.06640625,1.16015625,-0.18359375,0
56571419.0,7033.0,1.0,0.5007324219,0.1506347656,0.407409668,-0.7487182617
56574386.0,2967.0,0.0,-0.13671875,0.32421875,-0.6640625,0
56581419.0,7033.0,1.0,0.5020141602,0.1540527344,0.4091796875,-0.7461547852
56584386.0,2967.0,0.0,-0.21875,-0.08203125,-0.734375,0
56591419.0,7033.0,1.0,0.5031738281,0.1578369141,0.4105224609,-0.7438964844
56594386.0,2967.0,0.0,-0.11328125,0.53125,-1.3828125,0
56601419.0,7033.0,1.0,0.5041503906,0.1616821289,0.4116210938,-0.7418212891
56604386.0,2967.0,0.0,0.37890625,0.5234375,-1.265625,0
56611419.0,7033.0,1.0,0.505065918,0.1655883789,0.4127197266,-0.7396850586
56614386.0,2967.0,0.0,0.6796875,0.29296875,-1.34375,0
56621419.0,7033.0,1.0,0.505859375,0.1694946289,0.4138183594,-0.7376708984
56624386.0,2967.0,0.0,0.3984375,0.87109375,-1.2578125,0
56631419.0,7033.0,1.0,0.5065917969,0.1734008789,0.4150390625,-0.7355957031
56634386.0,2967.0,0.0,0.53515625,1.32421875,-0.8671875,0
56641419.0,7033.0,1.0,0.5072631836,0.1771240234,0.4165649414,-0.7333374023
56645386.0,3967.0,0.0,0.64453125,1.28515625,-0.7421875,0
56652419.0,7033.0,1.0,0.5078735352,0.1807250977,0.4183959961,-0.7310180664
56655386.0,2967.0,0.0,0.859375,0.91015625,-0.61328125,0
56665419.0,10033.0,1.0,0.5083007813,0.1846313477,0.4201049805,-0.7287597656
56668386.0,2967.0,0.0,0.5859375,-0.68359375,-0.47265625,0
56672419.0,4033.0,1.0,0.5084838867,0.1893310547,0.4212036133,-0.7267456055
56675386.0,2967.0,0.0,0.2734375,-0.6953125,-0.6640625,0
56681419.0,6033.0,1.0,0.5084228516,0.1943359375,0.4215698242,-0.7252807617
56685386.0,3967.0,0.0,-0.0078125,-0.02734375,-1.18359375,0
56691419.0,6033.0,1.0,0.5081787109,0.1994628906,0.4218139648,-0.7239379883
56694386.0,2967.0,0.0,-0.78125,0.0703125,-1.3359375,0
56701419.0,7033.0,1.0,0.5076904297,0.2043457031,0.4223022461,-0.7225952148
56704386.0,2967.0,0.0,-1.8203125,-0.09765625,-1.17578125,0
56711419.0,7033.0,1.0,0.5073242188,0.2090454102,0.4234008789,-0.7208862305
56714386.0,2967.0,0.0,-2.10546875,-0.25390625,-0.890625,0
56721419.0,7033.0,1.0,0.5069580078,0.2134399414,0.4247436523,-0.7190551758
56724386.0,2967.0,0.0,-2.01171875,-0.9453125,-1.140625,0
56731419.0,7033.0,1.0,0.506652832,0.217590332,0.4259033203,-0.7173461914
56734386.0,2967.0,0.0,-2.0234375,-1.25,-0.89453125,0
56741419.0,7033.0,1.0,0.5061645508,0.2221679688,0.4265136719,-0.7158813477
56744386.0,2967.0,0.0,-1.42578125,0.76953125,-0.50390625,0
56751419.0,7033.0,1.0,0.5055541992,0.2268676758,0.4268188477,-0.7146606445
56754386.0,2967.0,0.0,-1.4765625,1.55859375,-0.1484375,0
56761419.0,7033.0,1.0,0.5047607422,0.231628418,0.4272460938,-0.7134399414
56764386.0,2967.0,0.0,-1.578125,1.62890625,-1.20703125,0
56771419.0,7033.0,1.0,0.5040893555,0.2360229492,0.4281616211,-0.7119750977
56774386.0,2967.0,0.0,-1.58984375,1.01171875,-1.15234375,0
56781419.0,7033.0,1.0,0.5036010742,0.2398071289,0.4298706055,-0.7100219727
56784386.0,2967.0,0.0,-1.22265625,1.10546875,-2.16015625,0
56791419.0,7033.0,1.0,0.5032958984,0.242980957,0.4325561523,-0.7075195313
56794386.0,2967.0,0.0,-0.83203125,0.74609375,-1.9765625,0
56801419.0,7033.0,1.0,0.5032348633,0.2456665039,0.4359130859,-0.7045288086
56804386.0,2967.0,0.0,-0.5078125,0.20703125,-2.16015625,0
56811419.0,7033.0,1.0,0.503112793,0.2483520508,0.4392700195,-0.7015380859
56814386.0,2967.0,0.0,-2.0234375,-1.9765625,-2.265625,0
56821419.0,7033.0,1.0,0.502746582,0.2517700195,0.4417114258,-0.6990966797
56824386.0,2967.0,0.0,-1.43359375,-2.11328125,-0.8828125,0
56831419.0,7033.0,1.0,0.5020141602,0.2559814453,0.4430541992,-0.6972045898
56834386.0,2967.0,0.0,-1.21484375,-1.2265625,-0.9296875,0
56841419.0,7033.0,1.0,0.5010375977,0.2607421875,0.4438476563,-0.6957397461
56844386.0,2967.0,0.0,-0.1953125,-0.4296875,-0.26171875,0
56856419.0,12033.0,1.0,0.5,0.2651367188,0.4448852539,-0.6940917969
56860386.0,3967.0,0.0,1.4296875,1.1796875,1.37109375,0
56863419.0,3033.0,1.0,0.4990234375,0.2692871094,0.4467163086,-0.6920166016
56866386.0,2967.0,0.0,1.484375,1.15625,1.44921875,0
56871419.0,5033.0,1.0,0.4978637695,0.2734375,0.4494018555,-0.6895141602
56874386.0,2967.0,0.0,1.30859375,0.13671875,1.0390625,0
56881419.0,7033.0,1.0,0.4965820313,0.2772827148,0.4519042969,-0.6872558594
56884386.0,2967.0,0.0,0.94140625,-0.1875,0.47265625,0
56891419.0,7033.0,1.0,0.4951171875,0.2811889648,0.4540405273,-0.6853027344
56894386.0,2967.0,0.0,0.64453125,-1.24609375,-1.5078125,0
56901419.0,7033.0,1.0,0.493347168,0.2855834961,0.4557495117,-0.68359375
56904386.0,2967.0,0.0,0.8515625,-1.078125,-2.00390625,0
56911419.0,7033.0,1.0,0.4914550781,0.2901000977,0.4571533203,-0.6821289063
56914386.0,2967.0,0.0,1.08984375,-0.37890625,-2.2734375,0
56921419.0,7033.0,1.0,0.4895629883,0.2944335938,0.4585571289,-0.6807250977
56924386.0,2967.0,0.0,2.36328125,-0.40234375,-1.97265625,0
56931419.0,7033.0,1.0,0.4876708984,0.2984619141,0.4605102539,-0.6790161133
56934386.0,2967.0,0.0,-0.1171875,-1.94140625,-2.26953125,0
56941419.0,7033.0,1.0,0.4858398438,0.3021240234,0.4625244141,-0.6773681641
56944386.0,2967.0,0.0,-1.61328125,-0.6953125,-3.21875,0
56951419.0,7033.0,1.0,0.4837036133,0.3057861328,0.4643554688,-0.6759033203
56954386.0,2967.0,0.0,-2.4140625,0.171875,-2.3359375,0
56961419.0,7033.0,1.0,0.4813842773,0.3094482422,0.4658813477,-0.6748657227
56964386.0,2967.0,0.0,-2.53125,-0.41015625,-1.0390625,0
56971419.0,7033.0,1.0,0.4787597656,0.3129882813,0.4674682617,-0.6740722656
56974386.0,2967.0,0.0,-1.80859375,1.19921875,-0.39453125,0
56981419.0,7033.0,1.0,0.4759521484,0.3161010742,0.4694213867,-0.6732177734
56984386.0,2967.0,0.0,-0.8203125,1.00390625,-0.0390625,0
56991419.0,7033.0,1.0,0.4730834961,0.3186645508,0.4721069336,-0.6721191406
56994386.0,2967.0,0.0,0.46875,1.6796875,0.57421875,0
57001419.0,7033.0,1.0,0.4700927734,0.3208618164,0.4756469727,-0.6706542969
57004386.0,2967.0,0.0,1.5625,1.63671875,1.7421875,0
57011419.0,7033.0,1.0,0.4669189453,0.3228759766,0.479675293,-0.6690673828
57014386.0,2967.0,0.0,1.36328125,2.171875,1.84375,0
57021419.0,7033.0,1.0,0.4635009766,0.3248901367,0.4838867188,-0.6674194336
57024386.0,2967.0,0.0,0.96875,1.94140625,2.01953125,0
57031419.0,7033.0,1.0,0.459777832,0.3269042969,0.4882202148,-0.6658325195
57034386.0,2967.0,0.0,0.74609375,2.1796875,1.44140625,0
57041419.0,7033.0,1.0,0.4559936523,0.3287963867,0.4925537109,-0.6643676758
57044386.0,2967.0,0.0,-0.2265625,2.53515625,0.28515625,0
57051419.0,7033.0,1.0,0.4518432617,0.3305053711,0.4973754883,-0.6627197266
57054386.0,2967.0,0.0,-0.671875,2.66796875,-0.140625,0
57061419.0,7033.0,1.0,0.4477539063,0.3320922852,0.5023193359,-0.6610107422
57064386.0,2967.0,0.0,-1.125,2.23046875,-0.484375,0
57073419.0,9033.0,1.0,0.4437255859,0.3334960938,0.5070800781,-0.659362793
57076386.0,2967.0,0.0,-1.03125,2.32421875,-1.01953125,0
57084419.0,8033.0,1.0,0.439453125,0.335144043,0.5119628906,-0.6575927734
57087386.0,2967.0,0.0,-0.32421875,1.3046875,-2.1953125,0
57091419.0,4033.0,1.0,0.4350585938,0.3369750977,0.5167236328,-0.6558837891
57094386.0,2967.0,0.0,-0.05078125,0.78515625,-2.76953125,0
57101419.0,7033.0,1.0,0.4310302734,0.3387451172,0.5210571289,-0.6541748047
57104386.0,2967.0,0.0,0.44921875,0.45703125,-2.96484375,0
57111419.0,7033.0,1.0,0.4271240234,0.3407592773,0.5249023438,-0.6526489258
57114386.0,2967.0,0.0,1.296875,-0.3828125,-3.0546875,0
57121419.0,7033.0,1.0,0.4231567383,0.3432006836,0.5281982422,-0.6512451172
57124386.0,2967.0,0.0,2.30078125,0.98828125,-1.95703125,0
57131419.0,7033.0,1.0,0.4194946289,0.3457641602,0.5310668945,-0.6499633789
57134386.0,2967.0,0.0,1.96484375,0.8203125,-0.78125,0
57141419.0,7033.0,1.0,0.4157714844,0.3485107422,0.5338134766,-0.6486206055
57144386.0,2967.0,0.0,1.66796875,1.21875,-0.23046875,0
57151419.0,7033.0,1.0,0.4123535156,0.3511352539,0.5366210938,-0.6470947266
57154386.0,2967.0,0.0,1.52734375,1.31640625,-0.09765625,0
57161419.0,7033.0,1.0,0.4093017578,0.3535766602,0.5396728516,-0.6451416016
57164386.0,2967.0,0.0,-0.4921875,1.21875,-2.1015625,0
57171419.0,7033.0,1.0,0.4064941406,0.3559570313,0.54296875,-0.6428222656
57174386.0,2967.0,0.0,-1.13671875,1.73046875,-1.95703125,0
57181419.0,7033.0,1.0,0.4039916992,0.358215332,0.5464477539,-0.6401977539
57184386.0,2967.0,0.0,-1.359375,2.015625,-1.43359375,0
57191419.0,7033.0,1.0,0.4016113281,0.3604736328,0.5500488281,-0.6373291016
57194386.0,2967.0,0.0,-1.2265625,1.94921875,-0.05859375,0
57201419.0,7033.0,1.0,0.399230957,0.3627929688,0.5536499023,-0.6343994141
57204386.0,2967.0,0.0,-1.296875,0.8515625,-0.29296875,0
57211419.0,7033.0,1.0,0.3967895508,0.3650512695,0.5570678711,-0.631652832
57214386.0,2967.0,0.0,-1.13671875,0.171875,-0.65234375,0
57222419.0,8033.0,1.0,0.3943481445,0.3671875,0.5602416992,-0.6291503906
57225386.0,2967.0,0.0,-0.74609375,0.74609375,-1.34765625,0
57231419.0,6033.0,1.0,0.3919677734,0.369140625,0.5633544922,-0.6266479492
57234386.0,2967.0,0.0,-0.015625,-1.34765625,-2.39453125,0
57241419.0,7033.0,1.0,0.3895263672,0.3711547852,0.5665893555,-0.6240844727
57244386.0,2967.0,0.0,0.41015625,1.19921875,-0.65234375,0
57254419.0,10033.0,1.0,0.3870849609,0.3732299805,0.5695800781,-0.6216430664
57257386.0,2967.0,0.0,1.1796875,0.171875,0.4140625,0
57264419.0,7033.0,1.0,0.3842163086,0.3756713867,0.5725097656,-0.6192626953
57267386.0,2967.0,0.0,1.03125,-0.55078125,0.859375,0
57271419.0,4033.0,1.0,0.3813476563,0.378112793,0.5748291016,-0.6174316406
57274386.0,2967.0,0.0,0.640625,0.1484375,-0.47265625,0
57281419.0,7033.0,1.0,0.3785400391,0.3802490234,0.5770874023,-0.6157226563
57284386.0,2967.0,0.0,0.91015625,0.5390625,-1.8125,0
57291419.0,7033.0,1.0,0.3759765625,0.3819580078,0.5794067383,-0.6140136719
57294386.0,2967.0,0.0,1.37109375,0.82421875,-3.41015625,0
57302419.0,8033.0,1.0,0.3733520508,0.3836669922,0.5819091797,-0.6121826172
57305386.0,2967.0,0.0,1.63671875,-0.3203125,-3.29296875,0
57311419.0,6033.0,1.0,0.3704833984,0.3856811523,0.5841674805,-0.6104736328
57314386.0,2967.0,0.0,1.546875,-2.06640625,-0.06640625,0
57321419.0,7033.0,1.0,0.3671875,0.3883056641,0.5857543945,-0.6093139648
57324386.0,2967.0,0.0,0.50390625,-1.7421875,1.0078125,0
57331419.0,7033.0,1.0,0.3634643555,0.3913574219,0.586730957,-0.6086425781
57334386.0,2967.0,0.0,-1.02734375,-1.046875,0.1953125,0
57342419.0,8033.0,1.0,0.3598632813,0.3941650391,0.5877075195,-0.6080322266
57345386.0,2967.0,0.0,-2.64453125,-0.04296875,-0.8125,0
57351419.0,6033.0,1.0,0.3568725586,0.3963623047,0.5889282227,-0.6071777344
57354386.0,2967.0,0.0,-3.3046875,-1.06640625,-4.15234375,0
57361419.0,7033.0,1.0,0.3544921875,0.3978881836,0.590637207,-0.6058959961
57364386.0,2967.0,0.0,-2.96875,-0.44921875,-4.015625,0
57372419.0,8033.0,1.0,0.3524169922,0.3991699219,0.5928344727,-0.6041259766
57375386.0,2967.0,0.0,-2.28515625,-0.66015625,-2.6328125,0
57381419.0,6033.0,1.0,0.3500366211,0.4006958008,0.5949707031,-0.6024169922
57384386.0,2967.0,0.0,-1.8359375,0.00390625,1.26953125,0
57391419.0,7033.0,1.0,0.3472290039,0.4026489258,0.5968017578,-0.6009521484
57394386.0,2967.0,0.0,-2.30078125,-0.09375,2.1796875,0
57401419.0,7033.0,1.0,0.3441162109,0.4047241211,0.5985107422,-0.599609375
57404386.0,2967.0,0.0,-2.42578125,-0.0859375,1.34765625,0
57411419.0,7033.0,1.0,0.3411865234,0.4064941406,0.600402832,-0.5982055664
57414386.0,2967.0,0.0,-1.7109375,-0.33984375,0.0390625,0
57421419.0,7033.0,1.0,0.3386230469,0.4077758789,0.6026611328,-0.5965576172
57424386.0,2967.0,0.0,-0.265625,-1.51171875,-1.5390625,0
57431419.0,7033.0,1.0,0.3359985352,0.4088134766,0.6052246094,-0.5947265625
57434386.0,2967.0,0.0,0.25,-1.44921875,-1.68359375,0
57441419.0,7033.0,1.0,0.333190918,0.4099121094,0.6077270508,-0.592956543
57445386.0,3967.0,0.0,0.26953125,-0.390625,-0.0703125,0
57451419.0,6033.0,1.0,0.3300170898,0.4111328125,0.6102294922,-0.5913085938
57454386.0,2967.0,0.0,0.484375,0.4765625,0.7734375,0
57461419.0,7033.0,1.0,0.3265380859,0.4123535156,0.6127929688,-0.5897827148
57464386.0,2967.0,0.0,0.33984375,1.2265625,1.546875,0
57476419.0,12033.0,1.0,0.3227539063,0.4135131836,0.6154174805,-0.5882568359
57480386.0,3967.0,0.0,0.69921875,0.84375,-1.09375,0
57483419.0,3033.0,1.0,0.3190917969,0.4144287109,0.6181030273,-0.5868530273
57486386.0,2967.0,0.0,1.51171875,0.84375,-2.01171875,0
57491419.0,5033.0,1.0,0.315612793,0.4150390625,0.6207275391,-0.5855102539
57494386.0,2967.0,0.0,1.48046875,0.875,-1.93359375,0
57502419.0,8033.0,1.0,0.3122558594,0.4155883789,0.6233520508,-0.5841064453
57505386.0,2967.0,0.0,2.10546875,-0.921875,-2.20703125,0
57511419.0,6033.0,1.0,0.3088989258,0.4161987305,0.6258544922,-0.582824707
57514386.0,2967.0,0.0,1.26953125,-0.77734375,-0.875,0
57521419.0,7033.0,1.0,0.3050537109,0.4170532227,0.6281738281,-0.5817260742
57524386.0,2967.0,0.0,0.85546875,-0.27734375,1.3515625,0
57531419.0,7033.0,1.0,0.3005981445,0.4180908203,0.6303710938,-0.580871582
57534386.0,2967.0,0.0,0.16796875,0.48828125,2.453125,0
57541419.0,7033.0,1.0,0.2959594727,0.4190673828,0.6325683594,-0.5802001953
57544386.0,2967.0,0.0,-1.3671875,0.6875,1.68359375,0
57551419.0,7033.0,1.0,0.2913208008,0.4197387695,0.6349487305,-0.5795288086
57554386.0,2967.0,0.0,-0.87109375,1.43359375,0.640625,0
57562419.0,8033.0,1.0,0.2869873047,0.4199829102,0.637512207,-0.5786132813
57565386.0,2967.0,0.0,-0.1484375,0.8359375,-0.62890625,0
57571419.0,6033.0,1.0,0.2828979492,0.4201049805,0.6403198242,-0.5774536133
57574386.0,2967.0,0.0,0.1171875,-0.45703125,-2.58984375,0
57581419.0,7033.0,1.0,0.2788696289,0.4203491211,0.6429443359,-0.5763549805
57584386.0,2967.0,0.0,-0.15234375,0.1171875,-1.63671875,0
57591419.0,7033.0,1.0,0.2747192383,0.4208374023,0.645324707,-0.5752563477
57594386.0,2967.0,0.0,-1.04296875,0.96875,-0.44921875,0
57602419.0,8033.0,1.0,0.2701416016,0.4216918945,0.647644043,-0.5742797852
57605386.0,2967.0,0.0,-2.34375,0.09765625,0.3125,0
57611419.0,6033.0,1.0,0.2655029297,0.4225463867,0.649597168,-0.5735473633
57614386.0,2967.0,0.0,-1.2421875,0.7578125,0.41015625,0
57621419.0,7033.0,1.0,0.2608642578,0.4233398438,0.6514892578,-0.5729370117
57624386.0,2967.0,0.0,0.625,0.609375,0.015625,0
57631419.0,7033.0,1.0,0.2564697266,0.4240112305,0.6533813477,-0.5723266602
57634386.0,2967.0,0.0,2.6953125,1.109375,0.30859375,0
57642419.0,8033.0,1.0,0.2524414063,0.424621582,0.6552734375,-0.571472168
57645386.0,2967.0,0.0,4.1796875,0.99609375,0.24609375,0
57651419.0,6033.0,1.0,0.2487182617,0.4254760742,0.657043457,-0.5704345703
57654386.0,2967.0,0.0,4.21875,-0.08203125,0.5,0
57661419.0,7033.0,1.0,0.2444458008,0.4268798828,0.6586914063,-0.5693359375
57664386.0,2967.0,0.0,2.25390625,1.09765625,1.3671875,0
57674419.0,10033.0,1.0,0.240234375,0.4285888672,0.6599731445,-0.568359375
57677386.0,2967.0,0.0,0.22265625,1.46484375,1.73828125,0
57684419.0,7033.0,1.0,0.2357788086,0.4306030273,0.6610107422,-0.5675048828
57687386.0,2967.0,0.0,-1.5390625,0.9609375,1.03125,0
57691419.0,4033.0,1.0,0.2313842773,0.4325561523,0.6621704102,-0.5664672852
57694386.0,2967.0,0.0,-0.7265625,0.9140625,1.1640625,0
57701419.0,7033.0,1.0,0.2272949219,0.4342651367,0.6636352539,-0.5650634766
57704386.0,2967.0,0.0,0.65234375,0.81640625,0.46875,0
57711419.0,7033.0,1.0,0.2238769531,0.4357910156,0.6655273438,-0.5631103516
57714386.0,2967.0,0.0,1.03515625,-0.59375,-0.37890625,0
57722419.0,8033.0,1.0,0.2209472656,0.4373168945,0.6676025391,-0.5606079102
57725386.0,2967.0,0.0,0.6484375,-1.890625,-1.0234375,0
57731419.0,6033.0,1.0,0.2180786133,0.4390869141,0.6696777344,-0.5578613281
57734386.0,2967.0,0.0,-1.02734375,-1.19140625,-0.3984375,0
57742419.0,8033.0,1.0,0.2150268555,0.4411621094,0.6715087891,-0.5551757813
57746386.0,3967.0,0.0,-1.13671875,-0.80078125,0.7109375,0
57752419.0,6033.0,1.0,0.2116699219,0.443359375,0.6729736328,-0.5529174805
57755386.0,2967.0,0.0,-1.0234375,-0.53125,1.48046875,0
57762419.0,7033.0,1.0,0.2082519531,0.4455566406,0.6742553711,-0.5509033203
57765386.0,2967.0,0.0,-1.28515625,-1.17578125,0.9375,0
57771419.0,6033.0,1.0,0.2047729492,0.4475708008,0.6755371094,-0.5489501953
57774386.0,2967.0,0.0,-0.35546875,-1.12890625,0.34765625,0
57782419.0,8033.0,1.0,0.2014160156,0.4494628906,0.6768188477,-0.5470581055
57785386.0,2967.0,0.0,0.484375,-1.734375,-0.23046875,0
57792419.0,7033.0,1.0,0.198059082,0.4513549805,0.6781616211,-0.5450439453
57795386.0,2967.0,0.0,0.4453125,-2.41796875,-0.7734375,0
57801419.0,6033.0,1.0,0.1947631836,0.4533081055,0.6795043945,-0.5430297852
57804386.0,2967.0,0.0,-0.93359375,-1.10546875,-0.97265625,0
57811419.0,7033.0,1.0,0.1910400391,0.4554443359,0.6809082031,-0.5407714844
57814386.0,2967.0,0.0,-1.5078125,0.28125,-0.2890625,0
57822419.0,8033.0,1.0,0.1870117188,0.4575805664,0.6823120117,-0.5386352539
57825386.0,2967.0,0.0,-2.1328125,-0.625,1.16015625,0
57832419.0,7033.0,1.0,0.1828613281,0.4595947266,0.68359375,-0.5367431641
57835386.0,2967.0,0.0,-1.7578125,-0.37890625,1.19140625,0
57841419.0,6033.0,1.0,0.178894043,0.4612426758,0.6848144531,-0.5350341797
57844386.0,2967.0,0.0,1.53125,-0.23828125,1.21484375,0
57851419.0,7033.0,1.0,0.1748046875,0.462890625,0.686340332,-0.5330200195
57854386.0,2967.0,0.0,2.4765625,-0.8359375,0.47265625,0
57862419.0,8033.0,1.0,0.1709594727,0.4644775391,0.6878051758,-0.5309448242
57865386.0,2967.0,0.0,2.4296875,-1.12109375,-0.48828125,0
57871419.0,6033.0,1.0,0.1670532227,0.4663696289,0.6890869141,-0.5289306641
57874386.0,2967.0,0.0,2.078125,-0.8828125,-0.765625,0
57884419.0,10033.0,1.0,0.1627197266,0.4686279297,0.6900024414,-0.5270996094
57887386.0,2967.0,0.0,0.875,0.51953125,0.76171875,0
57891419.0,4033.0,1.0,0.1578979492,0.4712524414,0.6905517578,-0.5255126953
57894386.0,2967.0,0.0,0.13671875,0.19140625,1.27734375,0
57901419.0,7033.0,1.0,0.1528320313,0.4739379883,0.6908569336,-0.5241699219
57904386.0,2967.0,0.0,-0.22265625,0.94140625,1.5234375,0
57912419.0,8033.0,1.0,0.1480102539,0.4764404297,0.6911621094,-0.5228271484
57915386.0,2967.0,0.0,-0.27734375,0.58984375,1.35546875,0
57922419.0,7033.0,1.0,0.1431884766,0.4787597656,0.6917114258,-0.5213012695
57925386.0,2967.0,0.0,0.59375,0.7578125,0.13671875,0
57932419.0,7033.0,1.0,0.1386108398,0.4808959961,0.6926269531,-0.5194091797
57935386.0,2967.0,0.0,0.5703125,-0.16796875,-0.44921875,0
57942419.0,7033.0,1.0,0.1342163086,0.4828491211,0.6939086914,-0.5170898438
57945386.0,2967.0,0.0,-0.375,-0.46484375,-1.0,0
57952419.0,7033.0,1.0,0.1298828125,0.4846801758,0.6953735352,-0.5145263672
57955386.0,2967.0,0.0,-1.9296875,-0.14453125,-0.578125,0
57962419.0,7033.0,1.0,0.1254272461,0.4863891602,0.6969604492,-0.5118408203
57965386.0,2967.0,0.0,-1.609375,0.609375,0.10546875,0
57972419.0,7033.0,1.0,0.1207275391,0.4879150391,0.6986083984,-0.5092773438
57975386.0,2967.0,0.0,-0.25390625,1.04296875,1.1328125,0
57982419.0,7033.0,1.0,0.1157226563,0.4893188477,0.7002563477,-0.5068359375
57985386.0,2967.0,0.0,0.43359375,0.5390625,1.6640625,0
57991419.0,6033.0,1.0,0.1104736328,0.4904785156,0.7017211914,-0.5047607422
57994386.0,2967.0,0.0,0.81640625,-0.1171875,0.8046875,0
58002419.0,8033.0,1.0,0.104675293,0.4914550781,0.7033081055,-0.5028686523
58005386.0,2967.0,0.0,0.27734375,0.12109375,0.37109375,0
58012419.0,7033.0,1.0,0.098815918,0.4922485352,0.7048339844,-0.5012207031
58015386.0,2967.0,0.0,-0.4609375,-0.1875,0.03515625,0
58022419.0,7033.0,1.0,0.0928344727,0.4927368164,0.7064208984,-0.4996337891
58025386.0,2967.0,0.0,-0.546875,-0.55859375,0.2421875,0
58031419.0,6033.0,1.0,0.0868530273,0.4930419922,0.7081298828,-0.4979248047
58034386.0,2967.0,0.0,1.92578125,0.60546875,1.484375,0
58042419.0,8033.0,1.0,0.0805053711,0.4931640625,0.7102050781,-0.4959106445
58045386.0,2967.0,0.0,1.3671875,0.3515625,1.39453125,0
58052419.0,7033.0,1.0,0.0740966797,0.4931030273,0.7125854492,-0.4935913086
58055386.0,2967.0,0.0,0.26171875,0.9296875,0.71875,0
58062419.0,7033.0,1.0,0.067565918,0.4927978516,0.7150878906,-0.4911499023
58065386.0,2967.0,0.0,-0.69140625,1.21484375,0.0546875,0
58077419.0,12033.0,1.0,0.0609741211,0.4923095703,0.7174682617,-0.4890136719
58082386.0,4967.0,0.0,-2.03515625,-0.1015625,-1.4609375,0
58085419.0,3033.0,1.0,0.0539550781,0.491394043,0.7198486328,-0.4873046875
58088386.0,2967.0,0.0,-1.8828125,-0.38671875,-1.4140625,0
58092419.0,4033.0,1.0,0.0457763672,0.4901733398,0.7221679688,-0.4859619141
58095386.0,2967.0,0.0,-2.015625,-0.30859375,-1.375,0
58102419.0,7033.0,1.0,0.0381469727,0.4887695313,0.7241821289,-0.4849853516
58105386.0,2967.0,0.0,-1.7578125,0.99609375,-1.15234375,0
58112419.0,7033.0,1.0,0.0303344727,0.487121582,0.7265014648,-0.4837036133
58115386.0,2967.0,0.0,-0.98046875,1.3046875,-1.04296875,0
58122419.0,7033.0,1.0,0.0227050781,0.4852294922,0.7294921875,-0.4815673828
58126386.0,3967.0,0.0,-0.3828125,1.3671875,-0.5,0
58132419.0,6033.0,1.0,0.0155029297,0.4831542969,0.7327270508,-0.4789428711
58135386.0,2967.0,0.0,0.125,0.203125,-0.55859375,0
58142419.0,7033.0,1.0,0.0081787109,0.4809570313,0.7360839844,-0.4762573242
58145386.0,2967.0,0.0,0.31640625,-0.26953125,-1.00390625,0
58152419.0,7033.0,1.0,0.0009765625,0.4786987305,0.739074707,-0.4739379883
58155386.0,2967.0,0.0,0.328125,0.13671875,-1.4609375,0
58162419.0,7033.0,1.0,0.0062866211,-0.4762573242,-0.7420043945,0.4718017578
58165386.0,2967.0,0.0,0.1484375,-0.84375,-1.0390625,0
58172419.0,7033.0,1.0,0.0134887695,-0.4736328125,-0.7445678711,0.4702148438
58175386.0,2967.0,0.0,-0.11328125,-1.38671875,-1.28515625,0
58182419.0,7033.0,1.0,0.0204467773,-0.4710083008,-0.7464599609,0.4696044922
58185386.0,2967.0,0.0,-1.16015625,-2.38671875,-1.96484375,0
58197419.0,12033.0,1.0,0.0277709961,-0.4681396484,-0.7477416992,0.4700927734
58201386.0,3967.0,0.0,-2.12890625,-0.80859375,-2.328125,0
58204419.0,3033.0,1.0,0.0350952148,-0.4649047852,-0.7484130859,0.4716796875
58207386.0,2967.0,0.0,-2.63671875,-0.33203125,-2.17578125,0
58212419.0,5033.0,1.0,0.0427246094,-0.4611206055,-0.7489624023,0.4738769531
58215386.0,2967.0,0.0,-2.76171875,-0.23828125,-2.23046875,0
58221419.0,6033.0,1.0,0.0487060547,-0.4575805664,-0.7496337891,0.4757080078
58224386.0,2967.0,0.0,-2.77734375,-0.42578125,-2.03125,0
58232419.0,8033.0,1.0,0.0546875,-0.4533081055,-0.7505493164,0.4776611328
58235386.0,2967.0,0.0,-2.6171875,-1.4453125,-2.078125,0
58242419.0,7033.0,1.0,0.0599975586,-0.4489135742,-0.7512817383,0.4800415039
58245386.0,2967.0,0.0,-2.55859375,-2.73828125,-1.86328125,0
58252419.0,7033.0,1.0,0.0651855469,-0.4442138672,-0.7514648438,0.4834594727
58255386.0,2967.0,0.0,-2.33984375,-3.1875,-1.828125,0
58262419.0,7033.0,1.0,0.0704345703,-0.4390258789,-0.7509155273,0.4883422852
58265386.0,2967.0,0.0,-2.1171875,-2.50390625,-1.125,0
58272419.0,7033.0,1.0,0.075378418,-0.4336547852,-0.7497558594,0.4940795898
58275386.0,2967.0,0.0,-1.8828125,-1.8671875,-0.828125,0
58282419.0,7033.0,1.0,0.080078125,-0.4278564453,-0.7482299805,0.5006713867
58285386.0,2967.0,0.0,-1.4765625,-1.02734375,-0.9609375,0
58292419.0,7033.0,1.0,0.0843505859,-0.4218139648,-0.7465820313,0.5075073242
58295386.0,2967.0,0.0,-1.42578125,0.66015625,-1.0625,0
58302419.0,7033.0,1.0,0.0879516602,-0.4155273438,-0.745300293,0.5139160156
58305386.0,2967.0,0.0,-1.83203125,0.2265625,-1.15625,0
58315419.0,10033.0,1.0,0.0907592773,-0.409362793,-0.7443237305,0.5197143555
58318386.0,2967.0,0.0,-1.7265625,-0.45703125,-1.2890625,0
58325419.0,7033.0,1.0,0.0934448242,-0.40234375,-0.7431640625,0.5263671875
58328386.0,2967.0,0.0,-1.6953125,-0.4375,-1.30859375,0
58332419.0,4033.0,1.0,0.0955200195,-0.3956298828,-0.7419433594,0.5327758789
58335386.0,2967.0,0.0,-1.62890625,-0.51171875,-1.10546875,0
58342419.0,7033.0,1.0,0.0971679688,-0.3887939453,-0.7406005859,0.5394287109
58345386.0,2967.0,0.0,-1.62890625,-0.87890625,-0.9765625,0
58352419.0,7033.0,1.0,0.0985107422,-0.3817749023,-0.7388305664,0.5465087891
58355386.0,2967.0,0.0,-1.46875,-1.22265625,-0.86328125,0
58362419.0,7033.0,1.0,0.0996704102,-0.3746337891,-0.7365112305,0.5542602539
58365386.0,2967.0,0.0,-1.30078125,-1.328125,-0.90625,0
58372419.0,7033.0,1.0,0.1006469727,-0.3675537109,-0.7337646484,0.5625
58375386.0,2967.0,0.0,-0.90234375,0.3203125,-0.94140625,0
58382419.0,7033.0,1.0,0.1012573242,-0.3599853516,-0.7305908203,0.5713500977
58385386.0,2967.0,0.0,-0.50390625,1.82421875,-0.4765625,0
58392419.0,7033.0,1.0,0.1012573242,-0.3525390625,-0.7278442383,0.5794067383
58395386.0,2967.0,0.0,0.015625,2.23828125,0.109375,0
58402419.0,7033.0,1.0,0.1007080078,-0.3453369141,-0.7255859375,0.5866088867
58405386.0,2967.0,0.0,0.4140625,2.1796875,0.56640625,0
58417419.0,12033.0,1.0,0.0996704102,-0.3384399414,-0.7236938477,0.5930786133
58421386.0,3967.0,0.0,0.55859375,1.703125,1.68359375,0
58424419.0,3033.0,1.0,0.0983276367,-0.3315429688,-0.7219238281,0.5993652344
58427386.0,2967.0,0.0,0.54296875,1.7421875,1.54296875,0
58432419.0,5033.0,1.0,0.0966796875,-0.3242797852,-0.7197875977,0.6061401367
58435386.0,2967.0,0.0,0.4609375,1.25390625,1.5859375,0
58442419.0,7033.0,1.0,0.0950317383,-0.317565918,-0.7174682617,0.6126708984
58445386.0,2967.0,0.0,0.3359375,0.796875,1.3671875,0
58452419.0,7033.0,1.0,0.0933227539,-0.3107299805,-0.7145385742,0.6197509766
58455386.0,2967.0,0.0,0.24609375,1.00390625,0.9375,0
58462419.0,7033.0,1.0,0.0915527344,-0.3041381836,-0.7114868164,0.6268310547
58465386.0,2967.0,0.0,0.12890625,1.6171875,0.6171875,0
58472419.0,7033.0,1.0,0.0893554688,-0.297668457,-0.7086791992,0.6333618164
58475386.0,2967.0,0.0,0.20703125,2.4921875,0.625,0
58482419.0,7033.0,1.0,0.0866088867,-0.2913818359,-0.7066650391,0.6389160156
58485386.0,2967.0,0.0,0.24609375,2.78125,0.8359375,0
58492419.0,7033.0,1.0,0.0834350586,-0.2854614258,-0.7055053711,0.6432495117
58495386.0,2967.0,0.0,-0.14453125,1.6484375,1.0,0
58502419.0,7033.0,1.0,0.0799560547,-0.2796630859,-0.7047729492,0.6470336914
58505386.0,2967.0,0.0,-0.22265625,0.66796875,0.6875,0
58512419.0,7033.0,1.0,0.0764160156,-0.2741088867,-0.7039794922,0.6507568359
58515386.0,2967.0,0.0,-0.328125,-0.47265625,0.4921875,0
58522419.0,7033.0,1.0,0.0727539063,-0.2685546875,-0.7024536133,0.655090332
58525386.0,2967.0,0.0,-0.09375,-1.63671875,-0.13671875,0
58532419.0,7033.0,1.0,0.0690917969,-0.2630615234,-0.7002563477,0.6600341797
58535386.0,2967.0,0.0,-0.20703125,-1.7734375,-0.4453125,0
58542419.0,7033.0,1.0,0.0653076172,-0.2576293945,-0.6975097656,0.6654663086
58546386.0,3967.0,0.0,-0.453125,-1.84375,-0.625,0
58553419.0,7033.0,1.0,0.0614013672,-0.2523803711,-0.694519043,0.6709594727
58556386.0,2967.0,0.0,-0.6640625,-1.75,-0.7578125,0
58566419.0,10033.0,1.0,0.0571289062,-0.2471313477,-0.69140625,0.6764526367
58569386.0,2967.0,0.0,-0.94921875,-1.1015625,-0.19140625,0
58573419.0,4033.0,1.0,0.0524291992,-0.2418823242,-0.6885375977,0.681640625
58576386.0,2967.0,0.0,-0.92578125,-1.24609375,-0.171875,0
58582419.0,6033.0,1.0,0.0474243164,-0.2366333008,-0.6859130859,0.6865234375
58585386.0,2967.0,0.0,-0.86328125,-1.8125,-0.25,0
58592419.0,7033.0,1.0,0.0422363281,-0.231628418,-0.6832275391,0.6912231445
58595386.0,2967.0,0.0,-0.5703125,-2.80859375,-0.4453125,0
58602419.0,7033.0,1.0,0.0371704102,-0.2267456055,-0.6799926758,0.6962890625
58605386.0,2967.0,0.0,0.0625,-4.15625,-0.5,0
58612419.0,7033.0,1.0,0.0314331055,-0.2213745117,-0.6753540039,0.7028198242
58615386.0,2967.0,0.0,0.33203125,-4.01171875,-0.3203125,0
58622419.0,7033.0,1.0,0.0257568359,-0.2161254883,-0.6699829102,0.709777832
58625386.0,2967.0,0.0,0.609375,-3.66796875,-0.01171875,0
58632419.0,7033.0,1.0,0.0198364258,-0.2109375,-0.6638183594,0.7172241211
58635386.0,2967.0,0.0,0.83203125,-3.26171875,0.23828125,0
58642419.0,7033.0,1.0,0.0136108398,-0.2056274414,-0.6572265625,0.7249755859
58645386.0,2967.0,0.0,0.83984375,-1.66015625,0.640625,0
58657419.0,12033.0,1.0,0.0074462891,-0.2006225586,-0.6509399414,0.7321166992
58661386.0,3967.0,0.0,0.22265625,-0.95703125,0.8671875,0
58664419.0,3033.0,1.0,0.0004882812,-0.1954345703,-0.6447143555,0.739074707
58667386.0,2967.0,0.0,0.0,-1.015625,0.546875,0
58672419.0,5033.0,1.0,0.0069580078,0.1901245117,0.6387939453,-0.7454833984
58675386.0,2967.0,0.0,0.0390625,-1.046875,0.359375,0
58682419.0,7033.0,1.0,0.0145263672,0.1849365234,0.6332397461,-0.7514038086
58685386.0,2967.0,0.0,-0.2265625,-2.11328125,0.49609375,0
58692419.0,7033.0,1.0,0.0223999023,0.1797485352,0.6272583008,-0.7574462891
58695386.0,2967.0,0.0,0.00390625,-2.57421875,0.4609375,0
58702419.0,7033.0,1.0,0.0302124023,0.1747436523,0.6206054688,-0.7637939453
58705386.0,2967.0,0.0,0.34765625,-2.34375,0.45703125,0
58712419.0,7033.0,1.0,0.0384521484,0.1696777344,0.6130371094,-0.7706298828
58715386.0,2967.0,0.0,0.8828125,-1.12890625,1.2734375,0
58722419.0,7033.0,1.0,0.0466918945,0.1649169922,0.6052856445,-0.77734375
58725386.0,2967.0,0.0,0.81640625,-0.15625,1.12109375,0
58735419.0,10033.0,1.0,0.0549316406,0.1604003906,0.5980224609,-0.7833862305
58738386.0,2967.0,0.0,0.47265625,0.48046875,1.42578125,0
58745419.0,7033.0,1.0,0.0642089844,0.1556396484,0.5906982422,-0.7891235352
58748386.0,2967.0,0.0,0.3671875,0.9453125,1.26171875,0
58752419.0,4033.0,1.0,0.0731811523,0.1513061523,0.5843505859,-0.7938842773
58755386.0,2967.0,0.0,0.671875,0.8125,1.5859375,0
58762419.0,7033.0,1.0,0.0826416016,0.1469726563,0.5781860352,-0.7982788086
58765386.0,2967.0,0.0,1.1015625,0.66796875,1.69140625,0
58772419.0,7033.0,1.0,0.0921020508,0.1429443359,0.5720825195,-0.8023681641
58775386.0,2967.0,0.0,1.6015625,0.7109375,1.765625,0
58782419.0,7033.0,1.0,0.1017456055,0.1390991211,0.5654907227,-0.8065795898
58785386.0,2967.0,0.0,2.03125,0.6796875,1.69921875,0
58792419.0,7033.0,1.0,0.1110839844,0.1357421875,0.5588378906,-0.8104858398
58795386.0,2967.0,0.0,2.4609375,1.16796875,1.421875,0
58802419.0,7033.0,1.0,0.12109375,0.1324462891,0.5517578125,-0.814453125
58805386.0,2967.0,0.0,2.36328125,1.46484375,1.171875,0
58812419.0,7033.0,1.0,0.1314086914,0.1293334961,0.5448608398,-0.8179931641
58815386.0,2967.0,0.0,2.1796875,1.76171875,1.0078125,0
58822419.0,7033.0,1.0,0.1416015625,0.1264038086,0.5388183594,-0.8207397461
58825386.0,2967.0,0.0,1.96875,1.53125,1.01171875,0
58837419.0,12033.0,1.0,0.1516723633,0.1237182617,0.5334472656,-0.8228759766
58841386.0,3967.0,0.0,2.16796875,0.52734375,0.99609375,0
58844419.0,3033.0,1.0,0.1619873047,0.1211547852,0.528137207,-0.8247070313
58847386.0,2967.0,0.0,2.21484375,0.44140625,0.87109375,0
58852419.0,5033.0,1.0,0.1728515625,0.1187133789,0.5225219727,-0.8264160156
58855386.0,2967.0,0.0,2.390625,-0.05859375,0.62890625,0
58862419.0,7033.0,1.0,0.1833496094,0.1165771484,0.5167236328,-0.828125
58865386.0,2967.0,0.0,2.67578125,-0.23828125,0.26953125,0
58872419.0,7033.0,1.0,0.1939086914,0.1147460938,0.510559082,-0.8297729492
58875386.0,2967.0,0.0,2.64453125,0.93359375,0.25,0
58882419.0,7033.0,1.0,0.2044067383,0.1130981445,0.504699707,-0.8311157227
58885386.0,2967.0,0.0,2.203125,1.0625,-0.02734375,0
58892419.0,7033.0,1.0,0.2150268555,0.1115112305,0.4993286133,-0.8319091797
58895386.0,2967.0,0.0,1.9140625,0.96875,-0.26171875,0
58902419.0,7033.0,1.0,0.2255859375,0.1100463867,0.4942626953,-0.8322753906
58905386.0,2967.0,0.0,1.5390625,-0.046875,-0.33203125,0
58917419.0,12033.0,1.0,0.2355957031,0.1087646484,0.4895629883,-0.8324584961
58921386.0,3967.0,0.0,1.83203125,-0.1328125,-0.1171875,0
58924419.0,3033.0,1.0,0.2460327148,0.1076660156,0.4844360352,-0.8325805664
58927386.0,2967.0,0.0,1.88671875,-0.234375,-0.21875,0
58932419.0,5033.0,1.0,0.2565307617,0.1067504883,0.4791259766,-0.8326416016
58935386.0,2967.0,0.0,2.1640625,0.23828125,-0.30078125,0
58942419.0,7033.0,1.0,0.2666625977,0.1060180664,0.4738769531,-0.8325195313
58945386.0,2967.0,0.0,2.1796875,0.7890625,-0.125,0
58952419.0,7033.0,1.0,0.2768554688,0.1054077148,0.4686279297,-0.8322143555
58955386.0,2967.0,0.0,1.88671875,0.79296875,-0.03515625,0
58962419.0,7033.0,1.0,0.2866210938,0.1049804688,0.4636230469,-0.8317871094
58965386.0,2967.0,0.0,1.66796875,1.08203125,-0.20703125,0
58972419.0,7033.0,1.0,0.2962646484,0.1046142578,0.4587402344,-0.8311767578
58975386.0,2967.0,0.0,1.5234375,1.39453125,-0.375,0
58982419.0,7033.0,1.0,0.3053588867,0.104309082,0.4544067383,-0.8303222656
58985386.0,2967.0,0.0,1.30078125,1.45703125,-0.0703125,0
58992419.0,7033.0,1.0,0.3147583008,0.1040039063,0.4500732422,-0.8291625977
58995386.0,2967.0,0.0,1.65625,1.70703125,0.08203125,0
59002419.0,7033.0,1.0,0.3236083984,0.1037597656,0.4462890625,-0.8278198242
59005386.0,2967.0,0.0,1.84765625,1.61328125,0.0859375,0
59014419.0,9033.0,1.0,0.3317260742,0.1035766602,0.4429321289,-0.8264770508
59017386.0,2967.0,0.0,2.15234375,1.57421875,0.109375,0
59025419.0,8033.0,1.0,0.3400268555,0.1033935547,0.4396972656,-0.8248291016
59028386.0,2967.0,0.0,2.34765625,1.80078125,0.0546875,0
59032419.0,4033.0,1.0,0.3480834961,0.1032714844,0.4367675781,-0.823059082
59035386.0,2967.0,0.0,2.15625,1.33203125,0.14453125,0
59042419.0,7033.0,1.0,0.3559570313,0.1032714844,0.4338378906,-0.8212280273
59045386.0,2967.0,0.0,2.078125,0.83984375,0.0234375,0
59052419.0,7033.0,1.0,0.3634033203,0.1034545898,0.430847168,-0.819519043
59055386.0,2967.0,0.0,1.7734375,0.609375,0.16796875,0
59062419.0,7033.0,1.0,0.3703613281,0.1040039063,0.4275512695,-0.8180541992
59065386.0,2967.0,0.0,1.31640625,-0.01171875,0.2578125,0
59072419.0,7033.0,1.0,0.3771972656,0.1049194336,0.423828125,-0.8167724609
59075386.0,2967.0,0.0,1.34765625,0.4765625,0.40234375,0
59083419.0,8033.0,1.0,0.3835449219,0.1060791016,0.4202270508,-0.8154907227
59086386.0,2967.0,0.0,1.5,1.0703125,0.578125,0
59092419.0,6033.0,1.0,0.3897094727,0.1072998047,0.4169921875,-0.8140869141
59095386.0,2967.0,0.0,1.2265625,1.14453125,0.75390625,0
59102419.0,7033.0,1.0,0.395690918,0.1084594727,0.4143066406,-0.8123779297
59105386.0,2967.0,0.0,1.08203125,0.953125,0.68359375,0
59112419.0,7033.0,1.0,0.4013671875,0.1097412109,0.4119262695,-0.8106689453
59115386.0,2967.0,0.0,0.73828125,0.4921875,0.51953125,0
59123419.0,8033.0,1.0,0.4067993164,0.1111450195,0.4097900391,-0.8088989258
59126386.0,2967.0,0.0,0.35546875,0.26953125,0.734375,0
59132419.0,6033.0,1.0,0.4118652344,0.1126708984,0.4077758789,-0.8071289063
59135386.0,2967.0,0.0,-0.2578125,-0.4921875,0.4453125,0
59142419.0,7033.0,1.0,0.4169921875,0.1145629883,0.4055175781,-0.8053588867
59145386.0,2967.0,0.0,-0.48046875,-0.875,0.40625,0
59155419.0,10033.0,1.0,0.4214477539,0.1166992188,0.403137207,-0.803894043
59158386.0,2967.0,0.0,-0.625,-0.8984375,0.15234375,0
59165419.0,7033.0,1.0,0.4259643555,0.1192626953,0.4003295898,-0.8025512695
59168386.0,2967.0,0.0,-0.66015625,-0.94921875,-0.00390625,0
59172419.0,4033.0,1.0,0.4301757813,0.1220703125,0.397277832,-0.8013916016
59175386.0,2967.0,0.0,0.07421875,-0.20703125,0.125,0
59182419.0,7033.0,1.0,0.4344482422,0.1251220703,0.3942260742,-0.8001098633
59185386.0,2967.0,0.0,0.3125,0.16796875,0.2890625,0
59192419.0,7033.0,1.0,0.4383544922,0.1279296875,0.3918457031,-0.7987060547
59195386.0,2967.0,0.0,0.20703125,-0.02734375,0.02734375,0
59203419.0,8033.0,1.0,0.4422607422,0.1306762695,0.389831543,-0.7971191406
59206386.0,2967.0,0.0,-0.0078125,-0.21875,-0.06640625,0
59212419.0,6033.0,1.0,0.4460449219,0.1335449219,0.3879394531,-0.7954101563
59215386.0,2967.0,0.0,-0.7265625,-0.86328125,-0.5703125,0
59222419.0,7033.0,1.0,0.4496459961,0.1365356445,0.3859863281,-0.7938232422
59225386.0,2967.0,0.0,-0.83203125,-1.171875,-0.6328125,0
59232419.0,7033.0,1.0,0.453125,0.1397705078,0.383605957,-0.7924804688
59235386.0,2967.0,0.0,-0.625,-1.1796875,-0.6875,0
59243419.0,8033.0,1.0,0.4564208984,0.1431274414,0.3809814453,-0.7911987305
59246386.0,2967.0,0.0,-0.26953125,-0.80078125,-0.90234375,0
59252419.0,6033.0,1.0,0.4595336914,0.1466064453,0.3782958984,-0.7901000977
59255386.0,2967.0,0.0,0.2734375,-0.73828125,-1.0703125,0
59262419.0,7033.0,1.0,0.4626464844,0.1500854492,0.3755493164,-0.7889404297
59265386.0,2967.0,0.0,0.55078125,-0.03125,-1.1328125,0
59273419.0,8033.0,1.0,0.4656982422,0.1533813477,0.3731079102,-0.7876586914
59276386.0,2967.0,0.0,0.7109375,0.27734375,-1.03515625,0
59283419.0,7033.0,1.0,0.4686889648,0.1564331055,0.3710327148,-0.7862548828
59286386.0,2967.0,0.0,0.33203125,0.2265625,-1.1640625,0
59292419.0,6033.0,1.0,0.4716796875,0.1593017578,0.3693847656,-0.7846679688
59295386.0,2967.0,0.0,0.1484375,0.15625,-1.28125,0
59302419.0,7033.0,1.0,0.4745483398,0.1619262695,0.3680419922,-0.7830200195
59305386.0,2967.0,0.0,-0.07421875,-0.36328125,-1.39453125,0
59313419.0,8033.0,1.0,0.4772949219,0.1645507813,0.3666992188,-0.7814331055
59316386.0,2967.0,0.0,-0.15625,-0.41796875,-1.44140625,0
59322419.0,6033.0,1.0,0.4798583984,0.1671142578,0.3653564453,-0.7799072266
59325386.0,2967.0,0.0,-0.234375,0.0078125,-1.671875,0
59332419.0,7033.0,1.0,0.482421875,0.1697998047,0.3640136719,-0.7784423828
59335386.0,2967.0,0.0,-0.1484375,0.09765625,-1.671875,0
59342419.0,7033.0,1.0,0.4849243164,0.1723022461,0.3628540039,-0.7768554688
59346386.0,3967.0,0.0,-0.00390625,0.54296875,-1.48046875,0
59353419.0,7033.0,1.0,0.4871826172,0.1744384766,0.3621826172,-0.7752685547
59356386.0,2967.0,0.0,0.07421875,0.83984375,-1.39453125,0
59366419.0,10033.0,1.0,0.4896240234,0.1763305664,0.3621826172,-0.7733154297
59369386.0,2967.0,0.0,-0.0390625,1.3671875,-1.37890625,0
59373419.0,4033.0,1.0,0.4921875,0.1781005859,0.3627929688,-0.7709350586
59376386.0,2967.0,0.0,-0.15234375,0.9140625,-1.31640625,0
59383419.0,7033.0,1.0,0.4943237305,0.1795654297,0.3637695313,-0.7687988281
59386386.0,2967.0,0.0,-0.15234375,0.5546875,-1.33203125,0
59393419.0,7033.0,1.0,0.4963378906,0.1812133789,0.3648681641,-0.7666015625
59396386.0,2967.0,0.0,0.0078125,0.6484375,-1.26171875,0
59403419.0,7033.0,1.0,0.4981689453,0.1831054688,0.3659057617,-0.764465332
59406386.0,2967.0,0.0,0.23828125,0.9296875,-1.0390625,0
59412419.0,6033.0,1.0,0.4997558594,0.1851806641,0.3671264648,-0.7623291016
59415386.0,2967.0,0.0,0.40234375,1.59765625,-0.77734375,0
59423419.0,8033.0,1.0,0.5012207031,0.1871337891,0.3690185547,-0.7600097656
59426386.0,2967.0,0.0,0.48828125,1.88671875,-0.43359375,0
59433419.0,7033.0,1.0,0.5026245117,0.1889038086,0.3719482422,-0.7572021484
59436386.0,2967.0,0.0,0.16015625,2.1171875,-0.37890625,0
59443419.0,7033.0,1.0,0.5039672852,0.1904907227,0.3758544922,-0.7539672852
59446386.0,2967.0,0.0,-0.62890625,0.984375,-0.33984375,0
59452419.0,6033.0,1.0,0.505065918,0.192199707,0.3801269531,-0.7506713867
59455386.0,2967.0,0.0,-0.8359375,-0.1796875,-0.3046875,0
59463419.0,8033.0,1.0,0.505859375,0.1943969727,0.3840942383,-0.7474975586
59466386.0,2967.0,0.0,-0.84765625,-1.359375,-0.34375,0
59473419.0,7033.0,1.0,0.5063476563,0.1973876953,0.3869628906,-0.744934082
59476386.0,2967.0,0.0,-0.77734375,-1.90625,-0.6640625,0
59482419.0,6033.0,1.0,0.5065307617,0.2009887695,0.3889770508,-0.7427978516
59485386.0,2967.0,0.0,-1.0625,-1.015625,-0.75390625,0
59492419.0,7033.0,1.0,0.5065917969,0.2047729492,0.3907470703,-0.7407226563
59495386.0,2967.0,0.0,-1.91796875,-1.00390625,-1.19140625,0
59503419.0,8033.0,1.0,0.5068969727,0.2083129883,0.3927612305,-0.7385253906
59506386.0,2967.0,0.0,-2.73046875,-1.71484375,-1.12890625,0
59512419.0,6033.0,1.0,0.5073852539,0.2114868164,0.3949584961,-0.7360839844
59515386.0,2967.0,0.0,-2.78125,-1.6171875,-1.2265625,0
59523419.0,8033.0,1.0,0.5080566406,0.2146606445,0.3974609375,-0.7333984375
59526386.0,2967.0,0.0,-2.48828125,-1.02734375,-0.734375,0
59532419.0,6033.0,1.0,0.5089111328,0.2175292969,0.4002685547,-0.7304077148
59535386.0,2967.0,0.0,-2.08203125,-0.4609375,-0.2421875,0
59543419.0,8033.0,1.0,0.5098876953,0.2203369141,0.4033813477,-0.7271118164
59546386.0,2967.0,0.0,-1.28515625,-0.24609375,0.32421875,0
59552419.0,6033.0,1.0,0.5108642578,0.2230224609,0.4063720703,-0.7239990234
59555386.0,2967.0,0.0,0.04296875,-1.01953125,0.51171875,0
59562419.0,7033.0,1.0,0.51171875,0.2265625,0.4089355469,-0.7208251953
59565386.0,2967.0,0.0,0.56640625,-0.70703125,0.20703125,0
59575419.0,10033.0,1.0,0.5122070313,0.2307128906,0.4104614258,-0.7183227539
59578386.0,2967.0,0.0,0.59765625,-0.484375,-0.0859375,0
59585419.0,7033.0,1.0,0.5122680664,0.2354125977,0.4111938477,-0.7162475586
59588386.0,2967.0,0.0,-0.4140625,0.65625,0.20703125,0
59592419.0,4033.0,1.0,0.5119018555,0.2405395508,0.4118041992,-0.7145385742
59595386.0,2967.0,0.0,-0.41796875,1.4453125,0.26171875,0
59602419.0,7033.0,1.0,0.5115356445,0.2450561523,0.4133300781,-0.7124023438
59605386.0,2967.0,0.0,-0.546875,2.32421875,0.1015625,0
59613419.0,8033.0,1.0,0.5112915039,0.2485351563,0.4163818359,-0.7095336914
59616386.0,2967.0,0.0,-0.71484375,1.84765625,-0.26953125,0
59623419.0,7033.0,1.0,0.5111694336,0.2510986328,0.4205932617,-0.706237793
59626386.0,2967.0,0.0,-1.10546875,0.32421875,-1.37109375,0
59633419.0,7033.0,1.0,0.5110473633,0.2534790039,0.424987793,-0.7028198242
59636386.0,2967.0,0.0,-1.39453125,-2.08203125,-3.0703125,0
59643419.0,7033.0,1.0,0.5104370117,0.2564697266,0.4282836914,-0.7001953125
59647386.0,3967.0,0.0,-1.26171875,-1.91796875,-3.63671875,0
59653419.0,6033.0,1.0,0.508972168,0.2602539063,0.4302368164,-0.6986694336
59656386.0,2967.0,0.0,-1.0546875,-1.4453125,-3.52734375,0
59663419.0,7033.0,1.0,0.5072021484,0.2642211914,0.4315795898,-0.6976318359
59666386.0,2967.0,0.0,-0.05078125,0.80078125,-2.390625,0
59673419.0,7033.0,1.0,0.5052490234,0.2678833008,0.4332885742,-0.6965942383
59676386.0,2967.0,0.0,0.80078125,1.28125,-1.75390625,0
59683419.0,7033.0,1.0,0.5035400391,0.2706298828,0.4358520508,-0.6951293945
59686386.0,2967.0,0.0,1.375,0.9453125,-1.171875,0
59693419.0,7033.0,1.0,0.5018310547,0.2727050781,0.4393310547,-0.693359375
59696386.0,2967.0,0.0,1.796875,0.80859375,-0.55078125,0
59703419.0,7033.0,1.0,0.5001220703,0.2744140625,0.4432373047,-0.6914672852
59706386.0,2967.0,0.0,1.4453125,-0.6171875,-0.1640625,0
59713419.0,7033.0,1.0,0.4981079102,0.276184082,0.447265625,-0.6895751953
59716386.0,2967.0,0.0,1.29296875,-1.0859375,-0.1796875,0
59723419.0,7033.0,1.0,0.4956665039,0.2782592773,0.4507446289,-0.6882324219
59726386.0,2967.0,0.0,1.33203125,-0.640625,-0.51953125,0
59733419.0,7033.0,1.0,0.4929199219,0.2805786133,0.4537963867,-0.6872558594
59736386.0,2967.0,0.0,1.171875,-0.4921875,-0.7109375,0
59742419.0,6033.0,1.0,0.4901733398,0.2828369141,0.4565429688,-0.6865234375
59745386.0,2967.0,0.0,-0.421875,-0.32421875,-0.671875,0
59753419.0,8033.0,1.0,0.4871826172,0.28515625,0.4595947266,-0.6856079102
59756386.0,2967.0,0.0,-1.1171875,-0.0234375,-0.1640625,0
59763419.0,7033.0,1.0,0.4842529297,0.2872314453,0.462890625,-0.6846313477
59766386.0,2967.0,0.0,-1.77734375,0.54296875,0.18359375,0
59775419.0,9033.0,1.0,0.4814453125,0.2890014648,0.4663085938,-0.6835327148
59778386.0,2967.0,0.0,-2.2109375,0.34375,0.7265625,0
59785419.0,7033.0,1.0,0.4785766602,0.2907104492,0.469909668,-0.6823730469
59788386.0,2967.0,0.0,-1.65234375,0.91796875,1.00390625,0
59792419.0,4033.0,1.0,0.4755249023,0.2923583984,0.4737548828,-0.6810913086
59795386.0,2967.0,0.0,-0.82421875,1.3125,0.71484375,0
59803419.0,8033.0,1.0,0.4724121094,0.2940063477,0.4778442383,-0.6797485352
59806386.0,2967.0,0.0,-0.07421875,1.6640625,0.3125,0
59813419.0,7033.0,1.0,0.4691772461,0.2955932617,0.4821166992,-0.6782836914
59816386.0,2967.0,0.0,0.515625,0.78515625,0.03125,0
59823419.0,7033.0,1.0,0.4659423828,0.2973022461,0.4861450195,-0.6768798828
59826386.0,2967.0,0.0,0.00390625,0.27734375,-0.71875,0
59833419.0,7033.0,1.0,0.4627685547,0.2990112305,0.4900512695,-0.6755371094
59836386.0,2967.0,0.0,-0.43359375,-0.28515625,-1.26953125,0
59843419.0,7033.0,1.0,0.4595947266,0.3007202148,0.4937744141,-0.6741943359
59846386.0,2967.0,0.0,-0.875,-0.01953125,-1.55859375,0
59853419.0,7033.0,1.0,0.4564819336,0.3026733398,0.4970703125,-0.673034668
59856386.0,2967.0,0.0,0.05859375,0.08984375,-0.75,0
59863419.0,7033.0,1.0,0.453125,0.3049926758,0.4998168945,-0.6721801758
59866386.0,2967.0,0.0,0.3046875,0.99609375,0.0546875,0
59873419.0,7033.0,1.0,0.4496459961,0.3076782227,0.5021362305,-0.6716308594
59876386.0,2967.0,0.0,0.75,1.66796875,0.29296875,0
59883419.0,7033.0,1.0,0.4460449219,0.3103027344,0.5044555664,-0.6710205078
59886386.0,2967.0,0.0,1.26171875,2.53515625,0.41015625,0
59893419.0,7033.0,1.0,0.442565918,0.3126831055,0.507019043,-0.6702880859
59896386.0,2967.0,0.0,0.85546875,0.91015625,-1.3125,0
59903419.0,7033.0,1.0,0.4391479492,0.3148193359,0.5101928711,-0.669128418
59906386.0,2967.0,0.0,-0.16796875,0.56640625,-2.109375,0
59913419.0,7033.0,1.0,0.4361572266,0.31640625,0.5136108398,-0.6677246094
59916386.0,2967.0,0.0,-0.4296875,-0.05078125,-2.08984375,0
59923419.0,7033.0,1.0,0.4333496094,0.3179931641,0.5170898438,-0.6661376953
59926386.0,2967.0,0.0,-0.60546875,-1.0546875,-1.8046875,0
59932419.0,6033.0,1.0,0.4306640625,0.3199462891,0.5196533203,-0.6649169922
59935386.0,2967.0,0.0,-0.7890625,-0.41796875,-0.15625,0
59943419.0,8033.0,1.0,0.4274902344,0.3225708008,0.521484375,-0.6642456055
59946386.0,2967.0,0.0,-0.46875,0.77734375,0.44921875,0
59953419.0,7033.0,1.0,0.4242553711,0.3254394531,0.5228271484,-0.6638793945
59956386.0,2967.0,0.0,0.16015625,1.94140625,1.1328125,0
59963419.0,7033.0,1.0,0.4211425781,0.3281860352,0.5243530273,-0.6633300781
59966386.0,2967.0,0.0,0.58984375,2.5234375,1.34765625,0
59978419.0,12033.0,1.0,0.4182739258,0.3304443359,0.5264892578,-0.6622924805
59982386.0,3967.0,0.0,0.0703125,0.546875,-0.15234375,0
59985419.0,3033.0,1.0,0.4156494141,0.3323364258,0.5295410156,-0.6605834961
59988386.0,2967.0,0.0,0.078125,0.5625,-0.06640625,0
59992419.0,4033.0,1.0,0.4131469727,0.3340454102,0.5330810547,-0.6584472656
59995386.0,2967.0,0.0,-0.6796875,-0.640625,-0.23828125,0
60003419.0,8033.0,1.0,0.4105834961,0.3358764648,0.5364990234,-0.6563110352
60006386.0,2967.0,0.0,-1.78515625,-1.23046875,-1.2109375,0
60013419.0,7033.0,1.0,0.4080810547,0.3377685547,0.5394897461,-0.6544799805
60016386.0,2967.0,0.0,-2.6875,-0.859375,-1.0859375,0
60023419.0,7033.0,1.0,0.4055786133,0.3397827148,0.5419921875,-0.6529541016
60026386.0,2967.0,0.0,-1.953125,0.265625,-1.16015625,0
60033419.0,7033.0,1.0,0.4028930664,0.3419799805,0.5441894531,-0.6516113281
60036386.0,2967.0,0.0,-1.0234375,0.203125,0.02734375,0
60043419.0,7033.0,1.0,0.4001464844,0.3442382813,0.5463867188,-0.6503295898
60046386.0,2967.0,0.0,1.81640625,1.859375,0.6875,0
60053419.0,7033.0,1.0,0.3973999023,0.3464355469,0.5488891602,-0.6486816406
60056386.0,2967.0,0.0,2.4765625,1.75390625,0.23046875,0
60063419.0,7033.0,1.0,0.3947143555,0.3486328125,0.5517578125,-0.6467285156
60067386.0,3967.0,0.0,2.25390625,0.05078125,-0.328125,0
60073419.0,6033.0,1.0,0.3920898438,0.3508300781,0.5545043945,-0.6447143555
60076386.0,2967.0,0.0,1.7578125,-0.8203125,-0.77734375,0
60083419.0,7033.0,1.0,0.3895874023,0.3532104492,0.5568847656,-0.6428833008
60086386.0,2967.0,0.0,1.3046875,-1.15625,-1.6875,0
60093419.0,7033.0,1.0,0.3870239258,0.3558349609,0.5588989258,-0.6412353516
60096386.0,2967.0,0.0,0.8515625,-0.95703125,-0.53125,0
60103419.0,7033.0,1.0,0.3843383789,0.3587036133,0.5604858398,-0.6398925781
60106386.0,2967.0,0.0,0.62890625,-0.0390625,0.4609375,0
60113419.0,7033.0,1.0,0.3814697266,0.3617553711,0.5618286133,-0.6387329102
60116386.0,2967.0,0.0,0.1796875,0.87890625,1.375,0
60123419.0,7033.0,1.0,0.3786621094,0.3645629883,0.5632324219,-0.637512207
60126386.0,2967.0,0.0,-0.3125,2.61328125,1.98046875,0
60133419.0,7033.0,1.0,0.3754882813,0.3674926758,0.5653686523,-0.6358642578
60136386.0,2967.0,0.0,-0.6953125,2.44921875,2.2578125,0
60143419.0,7033.0,1.0,0.3723754883,0.3700561523,0.5681152344,-0.6337890625
60146386.0,2967.0,0.0,-0.65625,2.390625,1.9375,0
60153419.0,7033.0,1.0,0.3693847656,0.372253418,0.5713500977,-0.6312866211
60156386.0,2967.0,0.0,-0.34765625,1.68359375,1.39453125,0
60163419.0,7033.0,1.0,0.3664550781,0.3743286133,0.575012207,-0.6284790039
60166386.0,2967.0,0.0,0.33984375,-0.67578125,-0.6796875,0
60178419.0,12033.0,1.0,0.3637084961,0.376159668,0.5786132813,-0.6256713867
60182386.0,3967.0,0.0,0.63671875,-1.4921875,-2.140625,0
60185419.0,3033.0,1.0,0.3607788086,0.3780517578,0.5822753906,-0.6228027344
60188386.0,2967.0,0.0,-0.39453125,-1.82421875,-2.14453125,0
60193419.0,5033.0,1.0,0.3575439453,0.3801879883,0.5858154297,-0.6199951172
60196386.0,2967.0,0.0,-0.40234375,-1.81640625,-2.03515625,0
60203419.0,7033.0,1.0,0.3543701172,0.3823242188,0.588684082,-0.6178588867
60206386.0,2967.0,0.0,-0.6015625,-0.765625,-1.17578125,0
60213419.0,7033.0,1.0,0.3508911133,0.3846435547,0.5910644531,-0.616027832
60216386.0,2967.0,0.0,-0.54296875,-0.015625,-0.5859375,0
60223419.0,7033.0,1.0,0.3471069336,0.3870849609,0.5932617188,-0.6145629883
60226386.0,2967.0,0.0,0.0234375,0.35546875,0.0,0
60233419.0,7033.0,1.0,0.342956543,0.3894042969,0.5956420898,-0.6131591797
60236386.0,2967.0,0.0,1.88671875,0.37890625,-0.05859375,0
60243419.0,7033.0,1.0,0.3387451172,0.3914794922,0.5982666016,-0.6116333008
60246386.0,2967.0,0.0,3.09765625,-0.81640625,-0.43359375,0
60253419.0,7033.0,1.0,0.3343505859,0.393371582,0.6011352539,-0.6099853516
60256386.0,2967.0,0.0,3.5625,-1.09375,-0.8359375,0
60263419.0,7033.0,1.0,0.3297729492,0.3950805664,0.6041870117,-0.6083984375
60266386.0,2967.0,0.0,3.4921875,-1.85546875,-1.00390625,0
60273419.0,7033.0,1.0,0.325012207,0.3968505859,0.6068725586,-0.6071166992
60276386.0,2967.0,0.0,1.9765625,-1.80859375,0.19140625,0
60283419.0,7033.0,1.0,0.3197631836,0.3989257813,0.6090087891,-0.6064453125
60286386.0,2967.0,0.0,0.56640625,0.10546875,0.546875,0
60293419.0,7033.0,1.0,0.3142700195,0.4010620117,0.6106567383,-0.6062011719
60296386.0,2967.0,0.0,-0.921875,1.30078125,0.80859375,0
60303419.0,7033.0,1.0,0.3087768555,0.4028930664,0.612487793,-0.6059570313
60306386.0,2967.0,0.0,-1.95703125,2.421875,1.03125,0
60312419.0,6033.0,1.0,0.3036499023,0.4043579102,0.6147460938,-0.6053466797
60315386.0,2967.0,0.0,-1.19140625,1.77734375,0.765625,0
60323419.0,8033.0,1.0,0.2981567383,0.4055175781,0.6177978516,-0.6041259766
60326386.0,2967.0,0.0,-0.73046875,0.9921875,1.1640625,0
60333419.0,7033.0,1.0,0.2926025391,0.4065551758,0.6213378906,-0.6025390625
60336386.0,2967.0,0.0,-0.671875,0.05859375,1.14453125,0
60343419.0,7033.0,1.0,0.2869873047,0.407409668,0.625,-0.6008911133
60346386.0,2967.0,0.0,-0.48828125,-0.15625,1.32421875,0
60358419.0,12033.0,1.0,0.2815551758,0.4080810547,0.6284790039,-0.5993041992
60362386.0,3967.0,0.0,-0.50390625,-0.40625,0.046875,0
60365419.0,3033.0,1.0,0.2760620117,0.4087524414,0.6317749023,-0.5979614258
60368386.0,2967.0,0.0,-0.55859375,-0.34375,0.140625,0
60373419.0,5033.0,1.0,0.2702026367,0.4094238281,0.6351318359,-0.5966796875
60376386.0,2967.0,0.0,-0.65234375,1.01953125,-0.1953125,0
60383419.0,7033.0,1.0,0.264831543,0.4102172852,0.6380615234,-0.5953979492
60386386.0,2967.0,0.0,-0.66796875,1.6171875,-0.9609375,0
60393419.0,7033.0,1.0,0.2592773438,0.4111328125,0.6410522461,-0.5939941406
60396386.0,2967.0,0.0,1.26953125,2.9765625,0.55078125,0
60403419.0,7033.0,1.0,0.2537231445,0.4122314453,0.6441650391,-0.5922241211
60407386.0,3967.0,0.0,1.94140625,2.90625,1.41015625,0
60413419.0,6033.0,1.0,0.2481689453,0.4135131836,0.6474609375,-0.5900878906
60416386.0,2967.0,0.0,2.30859375,1.15234375,1.12890625,0
60423419.0,7033.0,1.0,0.242980957,0.414855957,0.6506958008,-0.5877685547
60426386.0,2967.0,0.0,2.98046875,-0.76171875,-0.9140625,0
60433419.0,7033.0,1.0,0.2381591797,0.4164428711,0.6536865234,-0.5853271484
60436386.0,2967.0,0.0,1.81640625,-1.53515625,-2.0078125,0
60443419.0,7033.0,1.0,0.2336425781,0.4182739258,0.6561279297,-0.5830688477
60446386.0,2967.0,0.0,0.19921875,-1.96875,-2.53515625,0
60453419.0,7033.0,1.0,0.2291870117,0.4204101563,0.6578979492,-0.5812988281
60456386.0,2967.0,0.0,-1.56640625,-1.06640625,-2.21875,0
60463419.0,7033.0,1.0,0.2248535156,0.4227905273,0.6593017578,-0.5797119141
60466386.0,2967.0,0.0,-2.62890625,2.78125,-0.2734375,0
60473419.0,7033.0,1.0,0.2202758789,0.4253540039,0.6608886719,-0.5777587891
60476386.0,2967.0,0.0,-2.171875,2.53515625,-0.30078125,0
60483419.0,7033.0,1.0,0.2159423828,0.4277954102,0.6627807617,-0.575378418
60487386.0,3967.0,0.0,-1.68359375,0.78125,-0.71484375,0
60493419.0,6033.0,1.0,0.2119750977,0.4300537109,0.664855957,-0.5727539063
60496386.0,2967.0,0.0,-0.5703125,-0.6953125,-1.578125,0
60503419.0,7033.0,1.0,0.2086181641,0.4321289063,0.6668701172,-0.5700683594
60506386.0,2967.0,0.0,1.390625,-2.91796875,-1.26953125,0
60518419.0,12033.0,1.0,0.2054443359,0.434387207,0.6689453125,-0.5670776367
60522386.0,3967.0,0.0,0.890625,-0.4609375,3.07421875,0
60525419.0,3033.0,1.0,0.2022094727,0.4368286133,0.6710205078,-0.5639648438
60528386.0,2967.0,0.0,0.015625,-0.078125,3.97265625,0
60533419.0,5033.0,1.0,0.1986694336,0.4395141602,0.6730957031,-0.5606689453
60536386.0,2967.0,0.0,-0.015625,-0.078125,4.06640625,0
60543419.0,7033.0,1.0,0.1947631836,0.442199707,0.6751098633,-0.557434082
60546386.0,2967.0,0.0,-3.32421875,-0.26953125,1.2890625,0
60553419.0,7033.0,1.0,0.1907348633,0.4446411133,0.6772460938,-0.5542602539
60556386.0,2967.0,0.0,-4.359375,0.65234375,-1.17578125,0
60563419.0,7033.0,1.0,0.1870117188,0.4467163086,0.6797485352,-0.5508422852
60566386.0,2967.0,0.0,-3.52734375,-1.1484375,-2.1953125,0
60573419.0,7033.0,1.0,0.1836547852,0.4484863281,0.6823120117,-0.5473022461
60576386.0,2967.0,0.0,-1.46484375,-2.328125,-3.47265625,0
60583419.0,7033.0,1.0,0.1802978516,0.450378418,0.6846313477,-0.5440673828
60586386.0,2967.0,0.0,2.43359375,-0.453125,0.68359375,0
60593419.0,7033.0,1.0,0.1765136719,0.4525756836,0.686706543,-0.5408325195
60596386.0,2967.0,0.0,3.07421875,1.47265625,2.80859375,0
60604419.0,8033.0,1.0,0.1723022461,0.4549560547,0.6888427734,-0.5374145508
60607386.0,2967.0,0.0,1.1796875,1.546875,2.44921875,0
60613419.0,6033.0,1.0,0.1677246094,0.4573364258,0.6911010742,-0.5339355469
60616386.0,2967.0,0.0,-2.40625,0.5234375,0.85546875,0
60623419.0,7033.0,1.0,0.1632080078,0.4594116211,0.6932373047,-0.5308227539
60626386.0,2967.0,0.0,-2.11328125,0.61328125,-0.12109375,0
60633419.0,7033.0,1.0,0.1586914063,0.4610595703,0.6954345703,-0.5278320313
60636386.0,2967.0,0.0,-0.796875,0.32421875,-0.6484375,0
60644419.0,8033.0,1.0,0.154296875,0.4625244141,0.6978149414,-0.5247802734
60647386.0,2967.0,0.0,0.328125,-0.2265625,-1.63671875,0
60653419.0,6033.0,1.0,0.1501464844,0.4639282227,0.7002563477,-0.5214233398
60656386.0,2967.0,0.0,1.0625,-0.48828125,-2.26953125,0
60663419.0,7033.0,1.0,0.1455688477,0.465637207,0.7027587891,-0.5178222656
60666386.0,2967.0,0.0,0.1953125,1.05078125,-0.98828125,0
60676419.0,10033.0,1.0,0.1411743164,0.4674682617,0.7048950195,-0.5144042969
60679386.0,2967.0,0.0,-0.3671875,0.79296875,-0.2421875,0
60686419.0,7033.0,1.0,0.1366577148,0.4693603516,0.7069091797,-0.5111694336
60689386.0,2967.0,0.0,-1.08984375,-0.34375,-0.1484375,0
60693419.0,4033.0,1.0,0.1322021484,0.4711303711,0.7088012695,-0.5080566406
60696386.0,2967.0,0.0,-1.3125,0.46875,0.1953125,0
60703419.0,7033.0,1.0,0.1279296875,0.4727172852,0.7108764648,-0.5047607422
60706386.0,2967.0,0.0,0.2734375,-0.328125,0.78125,0
60713419.0,7033.0,1.0,0.1237792969,0.4741210938,0.7131958008,-0.5012207031
60716386.0,2967.0,0.0,2.109375,-0.9296875,0.5234375,0
60724419.0,8033.0,1.0,0.1194458008,0.4755859375,0.715637207,-0.4974365234
60727386.0,2967.0,0.0,2.0,-1.765625,0.1484375,0
60733419.0,6033.0,1.0,0.1146850586,0.4772949219,0.7178344727,-0.4937744141
60736386.0,2967.0,0.0,-0.60546875,-0.37890625,-0.21875,0
60743419.0,7033.0,1.0,0.1095581055,0.4790649414,0.7196655273,-0.4904785156
60746386.0,2967.0,0.0,-1.6015625,0.6328125,0.16796875,0
60753419.0,7033.0,1.0,0.1043701172,0.4807128906,0.7213745117,-0.4875488281
60756386.0,2967.0,0.0,-2.2265625,0.03515625,0.16796875,0
60764419.0,8033.0,1.0,0.0991821289,0.4820556641,0.7230224609,-0.4847412109
60767386.0,2967.0,0.0,-1.53515625,-0.05859375,0.27734375,0
60773419.0,6033.0,1.0,0.0941162109,0.483215332,0.7249755859,-0.4817504883
60776386.0,2967.0,0.0,1.87109375,-0.0703125,2.5,0
60783419.0,7033.0,1.0,0.0891723633,0.4841308594,0.7272338867,-0.4783325195
60786386.0,2967.0,0.0,2.3984375,-0.5234375,2.34765625,0
60793419.0,7033.0,1.0,0.0841674805,0.4849853516,0.729675293,-0.4746704102
60796386.0,2967.0,0.0,2.03515625,-1.16015625,1.4375,0
60803419.0,7033.0,1.0,0.0785522461,0.4859008789,0.7319946289,-0.4710693359
60806386.0,2967.0,0.0,0.05859375,-1.86328125,-0.859375,0
60813419.0,7033.0,1.0,0.0723266602,0.4868164063,0.7339477539,-0.4680175781
60816386.0,2967.0,0.0,-1.31640625,-2.24609375,-1.40234375,0
60823419.0,7033.0,1.0,0.0656738281,0.4876098633,0.7354736328,-0.4658813477
60827386.0,3967.0,0.0,-2.03125,-1.5859375,-1.65234375,0
60833419.0,6033.0,1.0,0.05859375,0.4880371094,0.7367553711,-0.4642944336
60836386.0,2967.0,0.0,-2.5625,-0.6875,-1.84375,0
60843419.0,7033.0,1.0,0.0514526367,0.4881591797,0.7380981445,-0.462890625
60846386.0,2967.0,0.0,-1.21484375,0.70703125,-0.53125,0
60858419.0,12033.0,1.0,0.0445556641,0.4880371094,0.7397460938,-0.4611816406
60862386.0,3967.0,0.0,2.125,1.0234375,1.23046875,0
60865419.0,3033.0,1.0,0.0375976562,0.4876708984,0.7418212891,-0.4587402344
60868386.0,2967.0,0.0,2.0,1.0703125,1.28515625,0
60873419.0,5033.0,1.0,0.0305786133,0.4873046875,0.7443847656,-0.4555053711
60876386.0,2967.0,0.0,2.671875,0.9609375,1.234375,0
60883419.0,7033.0,1.0,0.0241699219,0.4869384766,0.7469482422,-0.4520874023
60886386.0,2967.0,0.0,1.6640625,0.6484375,0.15234375,0
60893419.0,7033.0,1.0,0.0173950195,0.4865112305,0.7497558594,-0.4481811523
60896386.0,2967.0,0.0,0.87890625,0.06640625,-0.390625,0
60903419.0,7033.0,1.0,0.010925293,0.4860839844,0.7523193359,-0.444519043
60907386.0,3967.0,0.0,-0.01171875,-1.01171875,-1.16015625,0
60913419.0,6033.0,1.0,0.0043334961,0.4856567383,0.7543945313,-0.4416503906
60916386.0,2967.0,0.0,-1.0234375,-1.7109375,-1.84375,0
60923419.0,7033.0,1.0,0.0026245117,-0.4851074219,-0.7559204102,0.4395751953
60926386.0,2967.0,0.0,-2.484375,-1.04296875,-2.69140625,0
60933419.0,7033.0,1.0,0.0093994141,-0.4844970703,-0.757019043,0.438293457
60936386.0,2967.0,0.0,-1.91015625,-0.765625,-2.4375,0
60943419.0,7033.0,1.0,0.0161132813,-0.4836425781,-0.7579956055,0.4372558594
60946386.0,2967.0,0.0,-1.30078125,-0.39453125,-1.97265625,0
60953419.0,7033.0,1.0,0.022277832,-0.4826660156,-0.7590942383,0.4362182617
60956386.0,2967.0,0.0,-1.2109375,-0.15625,-1.53515625,0
60963419.0,7033.0,1.0,0.0277099609,-0.4815063477,-0.7604370117,0.4348754883
60966386.0,2967.0,0.0,-0.9296875,-0.76171875,-1.47265625,0
60973419.0,7033.0,1.0,0.0326538086,-0.4801635742,-0.76171875,0.4337768555
60976386.0,2967.0,0.0,-1.4453125,-1.296875,-1.46484375,0
60984419.0,8033.0,1.0,0.0371704102,-0.4785766602,-0.7626953125,0.4334106445
60987386.0,2967.0,0.0,-2.10546875,-1.71875,-1.3515625,0
60993419.0,6033.0,1.0,0.0413208008,-0.4768066406,-0.7633056641,0.4339599609
60996386.0,2967.0,0.0,-2.671875,-2.12109375,-1.17578125,0
61006419.0,10033.0,1.0,0.0454711914,-0.4747314453,-0.7634277344,0.4356079102
61009386.0,2967.0,0.0,-3.15625,-2.21484375,-0.859375,0
61013419.0,4033.0,1.0,0.0496826172,-0.4722900391,-0.7630615234,0.4384155273
61016386.0,2967.0,0.0,-3.1640625,-2.2109375,-0.83203125,0
61024419.0,8033.0,1.0,0.0537109375,-0.469543457,-0.7623901367,0.4420776367
61027386.0,2967.0,0.0,-3.02734375,-1.21484375,-0.984375,0
61033419.0,6033.0,1.0,0.0571899414,-0.4666137695,-0.7617797852,0.4457397461
61036386.0,2967.0,0.0,-3.21875,0.671875,-1.1640625,0
61043419.0,7033.0,1.0,0.0599365234,-0.4633789063,-0.7616577148,0.4489746094
61046386.0,2967.0,0.0,-3.14453125,0.0078125,-1.33984375,0
61053419.0,7033.0,1.0,0.0618896484,-0.4600219727,-0.7619018555,0.4516601563
61056386.0,2967.0,0.0,-2.8984375,-0.20703125,-1.30859375,0
61064419.0,8033.0,1.0,0.063293457,-0.4564208984,-0.7623901367,0.454284668
61067386.0,2967.0,0.0,-2.6171875,-0.6484375,-1.3203125,0
61073419.0,6033.0,1.0,0.0643310547,-0.4526977539,-0.7628173828,0.4572143555
61076386.0,2967.0,0.0,-2.48828125,-1.9375,-1.71875,0
61083419.0,7033.0,1.0,0.0653076172,-0.4485473633,-0.7628173828,0.4611206055
61086386.0,2967.0,0.0,-2.50390625,-2.33203125,-1.78125,0
61093419.0,7033.0,1.0,0.06640625,-0.4439697266,-0.7623291016,0.4662475586
61096386.0,2967.0,0.0,-2.43359375,-2.63671875,-1.875,0
61104419.0,8033.0,1.0,0.0676269531,-0.4390869141,-0.7611083984,0.4725952148
61107386.0,2967.0,0.0,-1.890625,-1.94140625,-1.9921875,0
61114419.0,7033.0,1.0,0.0686645508,-0.4338989258,-0.7595825195,0.4796142578
61117386.0,2967.0,0.0,-1.20703125,1.2578125,-1.04296875,0
61123419.0,6033.0,1.0,0.0692138672,-0.4287109375,-0.7583618164,0.4860839844
61126386.0,2967.0,0.0,-1.125,1.265625,-0.74609375,0
61133419.0,7033.0,1.0,0.069152832,-0.4233398438,-0.7575683594,0.4920043945
61136386.0,2967.0,0.0,-1.0078125,1.22265625,-0.6640625,0
61144419.0,8033.0,1.0,0.0686035156,-0.4180297852,-0.7570800781,0.4973754883
61147386.0,2967.0,0.0,-1.0390625,1.28515625,-0.71484375,0
61159419.0,12033.0,1.0,0.0678710938,-0.4127807617,-0.7565917969,0.5026245117
61164386.0,4967.0,0.0,-1.03125,-0.53125,-0.515625,0
61167419.0,3033.0,1.0,0.0671386719,-0.4072875977,-0.7557373047,0.5084838867
61170386.0,2967.0,0.0,-1.1015625,-0.69140625,-0.5859375,0
61174419.0,4033.0,1.0,0.06640625,-0.4010620117,-0.7541503906,0.5157470703
61177386.0,2967.0,0.0,-1.09375,-0.61328125,-0.7265625,0
61184419.0,7033.0,1.0,0.0658569336,-0.3955688477,-0.7522583008,0.5227661133
61187386.0,2967.0,0.0,-0.50390625,0.5703125,-1.42578125,0
61194419.0,7033.0,1.0,0.0651245117,-0.389465332,-0.7499389648,0.5307006836
61197386.0,2967.0,0.0,-0.44921875,2.06640625,-1.1015625,0
61204419.0,7033.0,1.0,0.0640258789,-0.3836669922,-0.748046875,0.5377197266
61208386.0,3967.0,0.0,-0.5078125,1.67578125,-1.05078125,0
61214419.0,6033.0,1.0,0.0622558594,-0.3774414063,-0.7464599609,0.5444946289
61217386.0,2967.0,0.0,-0.2265625,0.78125,-1.0625,0
61223419.0,6033.0,1.0,0.0603027344,-0.3715209961,-0.7449951172,0.5507202148
61226386.0,2967.0,0.0,0.44140625,0.52734375,-0.46484375,0
61233419.0,7033.0,1.0,0.0581665039,-0.3652954102,-0.7432861328,0.5573730469
61236386.0,2967.0,0.0,0.80078125,0.74609375,0.20703125,0
61244419.0,8033.0,1.0,0.055847168,-0.3590698242,-0.741394043,0.5641479492
61247386.0,2967.0,0.0,0.96875,0.79296875,0.45703125,0
61254419.0,7033.0,1.0,0.0534057617,-0.3527832031,-0.7393798828,0.5709838867
61257386.0,2967.0,0.0,0.79296875,0.65625,0.421875,0
61263419.0,6033.0,1.0,0.0511474609,-0.346862793,-0.737121582,0.5776977539
61266386.0,2967.0,0.0,0.16796875,-0.2109375,0.19921875,0
61278419.0,12033.0,1.0,0.048828125,-0.3405151367,-0.7343139648,0.5852050781
61281386.0,2967.0,0.0,-0.078125,-0.26953125,-0.08203125,0
61285419.0,4033.0,1.0,0.0466308594,-0.3342895508,-0.7310180664,0.5930786133
61288386.0,2967.0,0.0,-0.109375,0.359375,-0.4453125,0
61294419.0,6033.0,1.0,0.0442504883,-0.3276367188,-0.727355957,0.6013793945
61297386.0,2967.0,0.0,0.0625,1.109375,-0.59375,0
61304419.0,7033.0,1.0,0.0415039062,-0.3211669922,-0.7240600586,0.6090087891
61307386.0,2967.0,0.0,-0.03125,0.3828125,-0.7265625,0
61313419.0,6033.0,1.0,0.0385742188,-0.3149414063,-0.7210693359,0.6159057617
61316386.0,2967.0,0.0,-0.25390625,-0.6484375,-0.9609375,0
61324419.0,8033.0,1.0,0.0353393555,-0.30859375,-0.7178955078,0.623046875
61327386.0,2967.0,0.0,-0.3828125,-1.484375,-1.35546875,0
61334419.0,7033.0,1.0,0.0319213867,-0.3022460938,-0.7141723633,0.6305541992
61337386.0,2967.0,0.0,-0.52734375,-2.10546875,-1.7265625,0
61344419.0,7033.0,1.0,0.0283813477,-0.295715332,-0.7096557617,0.6388549805
61347386.0,2967.0,0.0,-0.421875,-2.71484375,-1.5,0
61357419.0,10033.0,1.0,0.0248413086,-0.2894287109,-0.7045898438,0.6473999023
61360386.0,2967.0,0.0,-0.16796875,-2.44921875,-1.44140625,0
61367419.0,7033.0,1.0,0.0205688477,-0.2821655273,-0.6979370117,0.6578979492
61370386.0,2967.0,0.0,0.0859375,-1.15234375,-1.39453125,0
61374419.0,4033.0,1.0,0.016418457,-0.2756958008,-0.6917114258,0.6672973633
61377386.0,2967.0,0.0,-0.02734375,-0.70703125,-1.12890625,0
61384419.0,7033.0,1.0,0.0118408203,-0.2693481445,-0.6857910156,0.6760253906
61387386.0,2967.0,0.0,-0.12109375,-0.99609375,-1.08984375,0
61394419.0,7033.0,1.0,0.0065917969,-0.2630004883,-0.6800537109,0.6843261719
61397386.0,2967.0,0.0,-0.125,-1.6328125,-1.0390625,0
61404419.0,7033.0,1.0,0.0009765625,-0.256652832,-0.6741943359,0.6925048828
61407386.0,2967.0,0.0,-0.171875,-2.20703125,-0.796875,0
61413419.0,6033.0,1.0,0.0048828125,0.2504272461,0.6680297852,-0.7007446289
61416386.0,2967.0,0.0,0.05859375,-2.4765625,-0.55859375,0
61424419.0,8033.0,1.0,0.0112304688,0.2440795898,0.6608886719,-0.7095947266
61427386.0,2967.0,0.0,0.2890625,-2.53125,-0.37890625,0
61436419.0,9033.0,1.0,0.0173339844,0.2382202148,0.6537475586,-0.7180175781
61439386.0,2967.0,0.0,0.59765625,-2.61328125,-0.19921875,0
61446419.0,7033.0,1.0,0.0241088867,0.2321777344,0.645690918,-0.7270507813
61449386.0,2967.0,0.0,1.01953125,-1.14453125,0.42578125,0
61453419.0,4033.0,1.0,0.0311279297,0.2264404297,0.6376953125,-0.7355957031
61456386.0,2967.0,0.0,0.98046875,-0.5234375,0.82421875,0
61463419.0,7033.0,1.0,0.0390014648,0.2205810547,0.6297607422,-0.7437744141
61466386.0,2967.0,0.0,1.05859375,-0.2265625,0.99609375,0
61474419.0,8033.0,1.0,0.0471191406,0.2150268555,0.6224365234,-0.7510986328
61477386.0,2967.0,0.0,1.265625,0.04296875,1.0,0
61484419.0,7033.0,1.0,0.0554199219,0.2096557617,0.6154785156,-0.7577514648
61487386.0,2967.0,0.0,1.45703125,-0.01171875,1.05859375,0
61494419.0,7033.0,1.0,0.0640869141,0.2044677734,0.6083984375,-0.7641601563
61497386.0,2967.0,0.0,1.8984375,-0.25,1.4609375,0
61504419.0,7033.0,1.0,0.0726318359,0.1995239258,0.6013183594,-0.7702636719
61507386.0,2967.0,0.0,2.12890625,0.0703125,1.48046875,0
61516419.0,9033.0,1.0,0.0809936523,0.1949462891,0.5944213867,-0.7759399414
61519386.0,2967.0,0.0,2.359375,0.47265625,1.4375,0
61526419.0,7033.0,1.0,0.0900268555,0.1903076172,0.5872802734,-0.7815551758
61530386.0,3967.0,0.0,2.2421875,0.5546875,1.5390625,0
61534419.0,4033.0,1.0,0.0997314453,0.185546875,0.580078125,-0.7868652344
61537386.0,2967.0,0.0,2.13671875,0.6015625,1.19140625,0
61544419.0,7033.0,1.0,0.1087036133,0.1813354492,0.5736694336,-0.7913208008
61547386.0,2967.0,0.0,2.0625,0.30078125,0.859375,0
61554419.0,7033.0,1.0,0.1181640625,0.1772460938,0.5670166016,-0.795715332
61557386.0,2967.0,0.0,2.109375,-0.16015625,0.75390625,0
61564419.0,7033.0,1.0,0.1274414063,0.1733398438,0.5602416992,-0.7999267578
61567386.0,2967.0,0.0,2.1796875,-0.23828125,0.30859375,0
61574419.0,7033.0,1.0,0.1370849609,0.1696166992,0.5531616211,-0.8040161133
61577386.0,2967.0,0.0,2.4453125,-0.1640625,-0.02734375,0
61584419.0,7033.0,1.0,0.1466674805,0.1661987305,0.5461425781,-0.8078613281
61587386.0,2967.0,0.0,2.76171875,-0.37109375,-0.12109375,0
61596419.0,9033.0,1.0,0.1561889648,0.1630249023,0.5391845703,-0.811340332
61599386.0,2967.0,0.0,2.9140625,-0.16015625,0.20703125,0
61606419.0,7033.0,1.0,0.1661376953,0.1599731445,0.532409668,-0.814453125
61609386.0,2967.0,0.0,2.54296875,0.51171875,0.1953125,0
61613419.0,4033.0,1.0,0.1764526367,0.1569824219,0.5258789063,-0.8170776367
61616386.0,2967.0,0.0,2.390625,0.3046875,0.12109375,0
61624419.0,8033.0,1.0,0.1869506836,0.1541137695,0.51953125,-0.8193359375
61627386.0,2967.0,0.0,2.3125,0.1640625,0.1640625,0
61634419.0,7033.0,1.0,0.1976318359,0.1514282227,0.5132446289,-0.8213500977
61637386.0,2967.0,0.0,2.4765625,-0.01171875,0.09375,0
61643419.0,6033.0,1.0,0.2075195313,0.1490478516,0.5072021484,-0.823059082
61646386.0,2967.0,0.0,2.4765625,-0.53515625,-0.3828125,0
61654419.0,8033.0,1.0,0.2182617188,0.1467285156,0.5001220703,-0.825012207
61657386.0,2967.0,0.0,2.67578125,-0.30078125,-0.69921875,0
61664419.0,7033.0,1.0,0.2287597656,0.1447143555,0.4929199219,-0.8269042969
61667386.0,2967.0,0.0,2.75390625,0.42578125,-0.08203125,0
61676419.0,9033.0,1.0,0.2387084961,0.1428833008,0.4863891602,-0.8282470703
61679386.0,2967.0,0.0,2.74609375,1.15625,0.19921875,0
61686419.0,7033.0,1.0,0.2493286133,0.1408081055,0.48046875,-0.828918457
61689386.0,2967.0,0.0,2.78515625,2.390625,0.80078125,0
61693419.0,4033.0,1.0,0.259765625,0.138671875,0.4758911133,-0.8287353516
61696386.0,2967.0,0.0,3.0546875,1.94921875,1.12890625,0
61704419.0,8033.0,1.0,0.2706298828,0.1362915039,0.4721679688,-0.8278198242
61707386.0,2967.0,0.0,3.19921875,1.3671875,1.1953125,0
61714419.0,7033.0,1.0,0.28125,0.133972168,0.4685668945,-0.8266601563
61717386.0,2967.0,0.0,3.19921875,0.7890625,0.734375,0
61724419.0,7033.0,1.0,0.2914428711,0.132019043,0.4644775391,-0.8257446289
61727386.0,2967.0,0.0,2.87890625,0.24609375,-0.1953125,0
61734419.0,7033.0,1.0,0.301574707,0.1303710938,0.4596557617,-0.8251342773
61737386.0,2967.0,0.0,2.3046875,1.0234375,0.09375,0
61744419.0,7033.0,1.0,0.3114013672,0.1289672852,0.4546508789,-0.8244018555
61747386.0,2967.0,0.0,1.83984375,1.796875,0.22265625,0
61756419.0,9033.0,1.0,0.3205566406,0.1276855469,0.4501342773,-0.8236083984
61759386.0,2967.0,0.0,1.48046875,1.85546875,0.4453125,0
61766419.0,7033.0,1.0,0.330078125,0.1264038086,0.4456176758,-0.8225097656
61769386.0,2967.0,0.0,1.89453125,1.875,1.0078125,0
61773419.0,4033.0,1.0,0.339050293,0.1253662109,0.44140625,-0.8212890625
61776386.0,2967.0,0.0,2.0703125,2.01953125,1.0859375,0
61784419.0,8033.0,1.0,0.3481445313,0.1243286133,0.4372558594,-0.8198242188
61787386.0,2967.0,0.0,2.4765625,2.30078125,1.16015625,0
61794419.0,7033.0,1.0,0.3569946289,0.1233520508,0.4336547852,-0.8181152344
61797386.0,2967.0,0.0,1.84765625,2.59765625,1.3203125,0
61804419.0,7033.0,1.0,0.3654785156,0.1223754883,0.4307250977,-0.8160400391
61807386.0,2967.0,0.0,1.53515625,2.60546875,1.265625,0
61814419.0,7033.0,1.0,0.3735351563,0.1213989258,0.4285888672,-0.813659668
61817386.0,2967.0,0.0,1.21484375,2.22265625,1.33984375,0
61824419.0,7033.0,1.0,0.3812866211,0.1205444336,0.4268188477,-0.8110961914
61827386.0,2967.0,0.0,0.81640625,1.32421875,1.34765625,0
61833419.0,6033.0,1.0,0.3884887695,0.119934082,0.424987793,-0.8087768555
61836386.0,2967.0,0.0,0.92578125,0.609375,1.19921875,0
61844419.0,8033.0,1.0,0.395690918,0.1196899414,0.4227294922,-0.8064575195
61847386.0,2967.0,0.0,1.30078125,0.73046875,0.92578125,0
61854419.0,7033.0,1.0,0.4025268555,0.1198120117,0.4204101563,-0.8043212891
61857386.0,2967.0,0.0,1.40625,1.08984375,1.0390625,0
61864419.0,7033.0,1.0,0.4090576172,0.1199951172,0.4183959961,-0.8020019531
61867386.0,2967.0,0.0,1.5859375,1.625,1.3125,0
61879419.0,12033.0,1.0,0.4149780273,0.1201171875,0.417175293,-0.7995605469
61883386.0,3967.0,0.0,1.4609375,1.078125,1.44921875,0
61886419.0,3033.0,1.0,0.4210205078,0.1202392578,0.4165039063,-0.7967529297
61889386.0,2967.0,0.0,1.5,1.03125,1.42578125,0
61894419.0,5033.0,1.0,0.4271240234,0.1206054688,0.4159545898,-0.793762207
61897386.0,2967.0,0.0,1.3125,0.2109375,1.390625,0
61904419.0,7033.0,1.0,0.4323730469,0.1212768555,0.4151000977,-0.7911987305
61907386.0,2967.0,0.0,1.11328125,-0.5234375,1.06640625,0
61914419.0,7033.0,1.0,0.4375,0.1226196289,0.4134521484,-0.7890625
61917386.0,2967.0,0.0,0.4609375,-0.2890625,0.515625,0
61924419.0,7033.0,1.0,0.442199707,0.1244506836,0.4112548828,-0.7872924805
61927386.0,2967.0,0.0,0.34765625,0.484375,0.66796875,0
61934419.0,7033.0,1.0,0.4468383789,0.1264648438,0.4092407227,-0.7854614258
61937386.0,2967.0,0.0,0.43359375,1.25,0.8359375,0
61944419.0,7033.0,1.0,0.4512329102,0.1282348633,0.4078979492,-0.7833251953
61947386.0,2967.0,0.0,0.6953125,1.76171875,1.01953125,0
61954419.0,7033.0,1.0,0.4554443359,0.1298828125,0.407409668,-0.7808227539
61957386.0,2967.0,0.0,0.51171875,1.20703125,0.7890625,0
61964419.0,7033.0,1.0,0.4594726563,0.1315307617,0.407409668,-0.7781982422
61967386.0,2967.0,0.0,0.40625,0.39453125,0.67578125,0
61974419.0,7033.0,1.0,0.4633789063,0.1333618164,0.4074707031,-0.7755737305
61977386.0,2967.0,0.0,0.6875,0.1640625,0.421875,0
61984419.0,7033.0,1.0,0.4669189453,0.1353759766,0.407409668,-0.7731323242
61987386.0,2967.0,0.0,1.1875,0.453125,0.0859375,0
61994419.0,7033.0,1.0,0.4703979492,0.1375732422,0.407409668,-0.7706298828
61997386.0,2967.0,0.0,1.3203125,0.5234375,-0.09765625,0
62004419.0,7033.0,1.0,0.4736328125,0.139831543,0.4074707031,-0.7681884766
62007386.0,2967.0,0.0,1.2890625,0.58984375,-0.19921875,0
62014419.0,7033.0,1.0,0.4767456055,0.1420898438,0.4076538086,-0.7657470703
62017386.0,2967.0,0.0,1.11328125,0.3984375,-0.21875,0
62024419.0,7033.0,1.0,0.4795532227,0.1442871094,0.4078979492,-0.7634277344
62027386.0,2967.0,0.0,0.84765625,0.19921875,-0.44140625,0
62034419.0,7033.0,1.0,0.482421875,0.1469116211,0.4081420898,-0.7609863281
62037386.0,2967.0,0.0,0.90234375,0.2578125,-0.34375,0
62044419.0,7033.0,1.0,0.4850463867,0.1494750977,0.4084472656,-0.7586669922
62047386.0,2967.0,0.0,0.91796875,0.41015625,-0.1796875,0
62056419.0,9033.0,1.0,0.4873046875,0.1519165039,0.4086914063,-0.7565917969
62059386.0,2967.0,0.0,1.04296875,0.37109375,0.03515625,0
62066419.0,7033.0,1.0,0.4893798828,0.1547851563,0.4088745117,-0.7545776367
62069386.0,2967.0,0.0,1.01171875,0.85546875,-0.140625,0
62074419.0,5033.0,1.0,0.4913330078,0.1577148438,0.4091796875,-0.7525024414
62077386.0,2967.0,0.0,0.76171875,1.2734375,-0.38671875,0
62084419.0,7033.0,1.0,0.492980957,0.1602172852,0.4099121094,-0.7504882813
62087386.0,2967.0,0.0,0.4609375,1.12109375,-0.74609375,0
62094419.0,7033.0,1.0,0.4945068359,0.1625366211,0.4111328125,-0.7483520508
62097386.0,2967.0,0.0,0.234375,0.63671875,-0.9765625,0
62104419.0,7033.0,1.0,0.4959106445,0.1647338867,0.4125366211,-0.7461547852
62107386.0,2967.0,0.0,-0.05859375,-0.3828125,-1.41015625,0
62114419.0,7033.0,1.0,0.4971923828,0.1669921875,0.4136962891,-0.744140625
62117386.0,2967.0,0.0,-0.046875,-0.4453125,-1.2578125,0
62124419.0,7033.0,1.0,0.4982299805,0.1694946289,0.4145507813,-0.7424316406
62127386.0,2967.0,0.0,0.06640625,-0.24609375,-0.84375,0
62134419.0,7033.0,1.0,0.4990234375,0.1721801758,0.4151611328,-0.7409057617
62137386.0,2967.0,0.0,0.23046875,0.22265625,-0.515625,0
62144419.0,7033.0,1.0,0.4996337891,0.1750488281,0.4157104492,-0.7395629883
62147386.0,2967.0,0.0,0.26953125,0.23046875,-0.68359375,0
62154419.0,7033.0,1.0,0.5000610352,0.177734375,0.4165039063,-0.7381591797
62157386.0,2967.0,0.0,0.26953125,0.16015625,-1.109375,0
62164419.0,7033.0,1.0,0.5004272461,0.1802978516,0.4175415039,-0.7366943359
62167386.0,2967.0,0.0,0.27734375,-0.27734375,-1.5390625,0
62174419.0,7033.0,1.0,0.5006713867,0.1828613281,0.4182739258,-0.7354736328
62177386.0,2967.0,0.0,-0.10546875,-1.7265625,-2.265625,0
62184419.0,7033.0,1.0,0.500793457,0.1857299805,0.4185180664,-0.7345581055
62187386.0,2967.0,0.0,-0.37109375,-1.453125,-2.5859375,0
62194419.0,7033.0,1.0,0.500793457,0.1889038086,0.4180908203,-0.7340087891
62197386.0,2967.0,0.0,-0.79296875,-1.375,-2.37890625,0
62204419.0,7033.0,1.0,0.5006713867,0.1923828125,0.4171142578,-0.7337036133
62207386.0,2967.0,0.0,-0.76171875,-1.4296875,-1.72265625,0
62214419.0,7033.0,1.0,0.5003662109,0.1959228516,0.4158325195,-0.7337036133
62217386.0,2967.0,0.0,-0.9921875,-0.40625,-1.33203125,0
62224419.0,7033.0,1.0,0.4998168945,0.1999511719,0.4143676758,-0.7338256836
62227386.0,2967.0,0.0,-0.796875,0.375,-0.671875,0
62234419.0,7033.0,1.0,0.499206543,0.2037353516,0.413269043,-0.7338256836
62237386.0,2967.0,0.0,-0.61328125,0.94921875,-0.5390625,0
62244419.0,7033.0,1.0,0.4985351563,0.2072143555,0.4129638672,-0.7334594727
62247386.0,2967.0,0.0,-1.1875,1.1015625,-0.984375,0
62254419.0,7033.0,1.0,0.4978637695,0.2104492188,0.4133911133,-0.7327880859
62257386.0,2967.0,0.0,-2.91015625,1.22265625,-1.26171875,0
62264419.0,7033.0,1.0,0.497253418,0.2131347656,0.4144287109,-0.7318115234
62267386.0,2967.0,0.0,-3.5625,0.7421875,-2.1015625,0
62274419.0,7033.0,1.0,0.4967041016,0.2158203125,0.4157104492,-0.7306518555
62277386.0,2967.0,0.0,-4.7109375,-0.26171875,-3.47265625,0
62284419.0,7033.0,1.0,0.49609375,0.2186279297,0.4169311523,-0.7295532227
62287386.0,2967.0,0.0,-5.27734375,-1.12109375,-3.6640625,0
62294419.0,7033.0,1.0,0.4956054688,0.2215576172,0.4179077148,-0.7284545898
62297386.0,2967.0,0.0,-4.546875,-1.0390625,-4.14453125,0
62304419.0,7033.0,1.0,0.4953613281,0.2246704102,0.418762207,-0.7271728516
62308386.0,3967.0,0.0,-3.46484375,-1.0234375,-3.609375,0
62314419.0,6033.0,1.0,0.4953613281,0.2276611328,0.4198608398,-0.7255859375
62317386.0,2967.0,0.0,-2.34765625,-0.01171875,-2.94921875,0
62324419.0,7033.0,1.0,0.4956665039,0.23046875,0.4215087891,-0.7235717773
62327386.0,2967.0,0.0,-1.41796875,0.234375,-2.01953125,0
62339419.0,12033.0,1.0,0.49609375,0.2328491211,0.4236450195,-0.7212524414
62343386.0,3967.0,0.0,-2.66796875,0.03515625,-1.87890625,0
62346419.0,3033.0,1.0,0.4965820313,0.235168457,0.4262695313,-0.7186279297
62349386.0,2967.0,0.0,-2.62109375,0.01953125,-1.81640625,0
62354419.0,5033.0,1.0,0.4970092773,0.237487793,0.4290771484,-0.7158813477
62357386.0,2967.0,0.0,-2.640625,-0.05859375,-1.2890625,0
62364419.0,7033.0,1.0,0.497253418,0.2397460938,0.4317626953,-0.7133178711
62367386.0,2967.0,0.0,-1.97265625,0.23828125,-0.55859375,0
62374419.0,7033.0,1.0,0.4971923828,0.2422485352,0.434387207,-0.7109375
62377386.0,2967.0,0.0,-2.265625,0.5,-1.30078125,0
62384419.0,7033.0,1.0,0.496887207,0.2450561523,0.436706543,-0.7087402344
62387386.0,2967.0,0.0,-1.71875,-0.01171875,0.1875,0
62394419.0,7033.0,1.0,0.4962158203,0.2481689453,0.4389648438,-0.7067260742
62397386.0,2967.0,0.0,-1.2890625,0.859375,1.03125,0
62404419.0,7033.0,1.0,0.4951782227,0.251159668,0.4414672852,-0.7048339844
62407386.0,2967.0,0.0,-0.20703125,2.078125,0.94921875,0
62414419.0,7033.0,1.0,0.4939575195,0.25390625,0.4448852539,-0.7025756836
62417386.0,2967.0,0.0,0.8046875,1.93359375,0.26953125,0
62424419.0,7033.0,1.0,0.4926757813,0.2559204102,0.4490356445,-0.7000732422
62428386.0,3967.0,0.0,1.9140625,1.3046875,-0.40625,0
62434419.0,6033.0,1.0,0.491394043,0.2576293945,0.4538574219,-0.697265625
62437386.0,2967.0,0.0,2.421875,0.76171875,-1.22265625,0
62444419.0,7033.0,1.0,0.4899902344,0.2593383789,0.4586791992,-0.6944580078
62447386.0,2967.0,0.0,2.73828125,0.2109375,-2.26953125,0
62454419.0,7033.0,1.0,0.4885864258,0.2611694336,0.4630737305,-0.6918334961
62457386.0,2967.0,0.0,1.7890625,-0.1875,-2.6953125,0
62464419.0,7033.0,1.0,0.4870605469,0.2633056641,0.4672851563,-0.6892700195
62467386.0,2967.0,0.0,0.2578125,-0.43359375,-3.40625,0
62474419.0,7033.0,1.0,0.485534668,0.2655029297,0.4710693359,-0.6869506836
62477386.0,2967.0,0.0,-0.8828125,-0.80078125,-3.23046875,0
62484419.0,7033.0,1.0,0.4840698242,0.2676391602,0.4747314453,-0.6846313477
62487386.0,2967.0,0.0,-1.08203125,-0.09375,-2.68359375,0
62494419.0,7033.0,1.0,0.4827270508,0.2697753906,0.4781494141,-0.6823730469
62497386.0,2967.0,0.0,-0.8125,-0.890625,-2.40625,0
62504419.0,7033.0,1.0,0.4813842773,0.2719726563,0.4813842773,-0.6801147461
62507386.0,2967.0,0.0,-0.4375,-1.0,-2.234375,0
62514419.0,7033.0,1.0,0.4800415039,0.2744140625,0.4841308594,-0.6781005859
62517386.0,2967.0,0.0,-0.16796875,-0.953125,-0.5859375,0
62524419.0,7033.0,1.0,0.4786376953,0.2771606445,0.4866333008,-0.6762084961
62527386.0,2967.0,0.0,-0.62890625,-0.26953125,0.71484375,0
62537419.0,10033.0,1.0,0.4771118164,0.2798461914,0.4889526367,-0.6744995117
62540386.0,2967.0,0.0,-1.0546875,0.45703125,1.98046875,0
62547419.0,7033.0,1.0,0.475402832,0.2825927734,0.4915771484,-0.672668457
62550386.0,2967.0,0.0,-0.82421875,2.10546875,3.44921875,0
62554419.0,4033.0,1.0,0.4735717773,0.2849731445,0.4948120117,-0.6705932617
62557386.0,2967.0,0.0,-0.53515625,2.15234375,3.45703125,0
62564419.0,7033.0,1.0,0.4716186523,0.2870483398,0.4987182617,-0.6681518555
62567386.0,2967.0,0.0,-0.578125,2.2890625,2.79296875,0
62574419.0,7033.0,1.0,0.469543457,0.2888183594,0.5030517578,-0.6655883789
62577386.0,2967.0,0.0,-0.39453125,1.203125,2.75,0
62585419.0,8033.0,1.0,0.4672851563,0.2905883789,0.5075683594,-0.6630249023
62588386.0,2967.0,0.0,-0.32421875,0.84375,2.015625,0
62594419.0,6033.0,1.0,0.4647216797,0.2924804688,0.51171875,-0.6607666016
62597386.0,2967.0,0.0,-1.6796875,-0.8515625,-1.140625,0
62604419.0,7033.0,1.0,0.4619750977,0.2946777344,0.5157470703,-0.6586303711
62607386.0,2967.0,0.0,-1.7734375,-1.05859375,-1.65234375,0
62614419.0,7033.0,1.0,0.4592895508,0.2967529297,0.5194702148,-0.6566162109
62617386.0,2967.0,0.0,-0.75390625,0.23046875,-1.81640625,0
62625419.0,8033.0,1.0,0.4567260742,0.2987670898,0.5231323242,-0.6546020508
62628386.0,2967.0,0.0,0.57421875,0.67578125,-1.41015625,0
62634419.0,6033.0,1.0,0.4542236328,0.3006591797,0.526550293,-0.6527099609
62637386.0,2967.0,0.0,2.43359375,1.53515625,-1.1640625,0
62644419.0,7033.0,1.0,0.4515991211,0.3025512695,0.530456543,-0.6505126953
62647386.0,2967.0,0.0,2.98828125,2.09375,-1.63671875,0
62654419.0,7033.0,1.0,0.44921875,0.3041992188,0.5344848633,-0.6480712891
62657386.0,2967.0,0.0,2.78125,0.46875,-2.0625,0
62665419.0,8033.0,1.0,0.4468383789,0.3059082031,0.5384521484,-0.6456298828
62668386.0,2967.0,0.0,2.60546875,-0.3125,-2.11328125,0
62674419.0,6033.0,1.0,0.4445800781,0.3076171875,0.5420532227,-0.643371582
62677386.0,2967.0,0.0,0.92578125,-0.75390625,-1.140625,0
62684419.0,7033.0,1.0,0.4421386719,0.3096313477,0.5454101563,-0.6411743164
62687386.0,2967.0,0.0,-0.20703125,-0.15625,-0.46484375,0
62695419.0,8033.0,1.0,0.4395751953,0.3115844727,0.5487670898,-0.6392211914
62698386.0,2967.0,0.0,-1.83984375,0.5078125,0.40625,0
62704419.0,6033.0,1.0,0.4368286133,0.313293457,0.5521850586,-0.6372680664
62707386.0,2967.0,0.0,-2.17578125,1.8359375,1.2578125,0
62714419.0,7033.0,1.0,0.4340209961,0.3146972656,0.5560913086,-0.6350708008
62717386.0,2967.0,0.0,-1.32421875,1.97265625,1.51171875,0
62724419.0,7033.0,1.0,0.4310302734,0.3157958984,0.5604858398,-0.6327514648
62728386.0,3967.0,0.0,0.25390625,2.51171875,1.58984375,0
62737419.0,9033.0,1.0,0.4281005859,0.3165283203,0.5653686523,-0.6300048828
62740386.0,2967.0,0.0,1.5859375,1.9765625,1.4765625,0
62747419.0,7033.0,1.0,0.4250488281,0.3170166016,0.5708618164,-0.6268310547
62751386.0,3967.0,0.0,0.4375,-0.125,-0.0078125,0
62755419.0,4033.0,1.0,0.4216918945,0.3173828125,0.5772094727,-0.6231079102
62758386.0,2967.0,0.0,-0.796875,-0.6875,-0.73828125,0
62764419.0,6033.0,1.0,0.4187011719,0.3176879883,0.5825195313,-0.6200561523
62767386.0,2967.0,0.0,-1.1796875,-1.2265625,-0.8828125,0
62775419.0,8033.0,1.0,0.4153442383,0.3182983398,0.5875244141,-0.6172485352
62778386.0,2967.0,0.0,-0.91796875,-0.44921875,-0.60546875,0
62784419.0,6033.0,1.0,0.4118652344,0.3190307617,0.5919189453,-0.6149902344
62787386.0,2967.0,0.0,1.1796875,0.46875,-1.10546875,0
62794419.0,7033.0,1.0,0.4078979492,0.3200683594,0.5964355469,-0.6127929688
62797386.0,2967.0,0.0,1.703125,-0.1328125,-1.15234375,0
62804419.0,7033.0,1.0,0.4039306641,0.3210449219,0.6007080078,-0.6106567383
62807386.0,2967.0,0.0,1.9921875,0.25,-1.953125,0
62814419.0,7033.0,1.0,0.4000244141,0.3220825195,0.6048583984,-0.608581543
62817386.0,2967.0,0.0,1.44140625,-0.8203125,-1.8046875,0
62825419.0,8033.0,1.0,0.3958740234,0.3232421875,0.6089477539,-0.606628418
62828386.0,2967.0,0.0,0.08203125,-2.24609375,-1.23046875,0
62834419.0,6033.0,1.0,0.3917236328,0.3245849609,0.6123657227,-0.6051025391
62837386.0,2967.0,0.0,-0.0859375,-2.09375,-0.0625,0
62844419.0,7033.0,1.0,0.3873901367,0.326171875,0.6154785156,-0.6038818359
62847386.0,2967.0,0.0,0.28125,-0.40625,0.8046875,0
62855419.0,8033.0,1.0,0.3829956055,0.3277587891,0.6184692383,-0.6027832031
62858386.0,2967.0,0.0,0.53515625,0.359375,0.9765625,0
62864419.0,6033.0,1.0,0.3784790039,0.3293457031,0.6215820313,-0.6016235352
62867386.0,2967.0,0.0,1.0,1.734375,0.48828125,0
62874419.0,7033.0,1.0,0.3740234375,0.3307495117,0.6247558594,-0.6002807617
62877386.0,2967.0,0.0,1.015625,1.42578125,-0.484375,0
62885419.0,8033.0,1.0,0.3695678711,0.3321533203,0.6281738281,-0.5987548828
62888386.0,2967.0,0.0,1.14453125,0.203125,-1.72265625,0
62894419.0,6033.0,1.0,0.365234375,0.3336791992,0.6312866211,-0.5972290039
62897386.0,2967.0,0.0,0.6640625,-0.5234375,-2.12890625,0
62907419.0,10033.0,1.0,0.3606567383,0.3354492188,0.6344604492,-0.595703125
62910386.0,2967.0,0.0,0.1015625,-1.18359375,-1.26171875,0
62914419.0,4033.0,1.0,0.3563232422,0.3371582031,0.6373291016,-0.5942993164
62917386.0,2967.0,0.0,-0.03515625,-0.77734375,-0.69921875,0
62925419.0,8033.0,1.0,0.3517456055,0.339050293,0.6399536133,-0.5930786133
62928386.0,2967.0,0.0,0.31640625,-0.8515625,-1.109375,0
62935419.0,7033.0,1.0,0.3474121094,0.3408203125,0.6423950195,-0.5920410156
62938386.0,2967.0,0.0,1.09765625,-0.74609375,-1.0703125,0
62944419.0,6033.0,1.0,0.3430175781,0.3426513672,0.6446533203,-0.5910644531
62947386.0,2967.0,0.0,1.53515625,-1.296875,0.59375,0
62954419.0,7033.0,1.0,0.3384399414,0.3448486328,0.6466064453,-0.5903320313
62957386.0,2967.0,0.0,1.6640625,-0.95703125,2.92578125,0
62965419.0,8033.0,1.0,0.3334960938,0.3473510742,0.6481933594,-0.58984375
62968386.0,2967.0,0.0,1.41015625,0.18359375,3.1171875,0
62974419.0,6033.0,1.0,0.3283691406,0.3500976563,0.6496582031,-0.5895385742
62977386.0,2967.0,0.0,-1.2734375,0.62890625,1.5,0
62984419.0,7033.0,1.0,0.3229980469,0.3527832031,0.651550293,-0.5888061523
62987386.0,2967.0,0.0,-2.71875,0.62109375,-0.2109375,0
62994419.0,7033.0,1.0,0.3179321289,0.3549194336,0.6539916992,-0.5875244141
62997386.0,2967.0,0.0,-3.5546875,-0.265625,-2.53125,0
63005419.0,8033.0,1.0,0.313293457,0.356628418,0.6567382813,-0.5859375
63008386.0,2967.0,0.0,-3.203125,-1.0703125,-3.81640625,0
63015419.0,7033.0,1.0,0.3085327148,0.3583374023,0.6596069336,-0.5842285156
63018386.0,2967.0,0.0,1.0078125,0.63671875,0.10546875,0
63025419.0,7033.0,1.0,0.303894043,0.3599853516,0.6621704102,-0.5827026367
63029386.0,3967.0,0.0,2.08984375,0.859375,1.6875,0
63034419.0,5033.0,1.0,0.2987670898,0.3619384766,0.6647338867,-0.5812988281
63037386.0,2967.0,0.0,2.34765625,0.70703125,1.7890625,0
63045419.0,8033.0,1.0,0.2933959961,0.3638916016,0.6672363281,-0.5798950195
63048386.0,2967.0,0.0,0.66015625,0.171875,0.76171875,0
63060419.0,12033.0,1.0,0.2883300781,0.3656005859,0.6698608398,-0.5783691406
63065386.0,4967.0,0.0,-1.22265625,-1.01953125,-1.6796875,0
63068419.0,3033.0,1.0,0.2834472656,0.3670654297,0.6727294922,-0.5764770508
63071386.0,2967.0,0.0,0.3828125,-0.5,0.22265625,0
63075419.0,4033.0,1.0,0.278137207,0.3685913086,0.6759643555,-0.5743408203
63078386.0,2967.0,0.0,0.328125,-0.46875,0.32421875,0
63085419.0,7033.0,1.0,0.2730102539,0.3701171875,0.6786499023,-0.5726318359
63088386.0,2967.0,0.0,3.84375,1.640625,3.453125,0
63094419.0,6033.0,1.0,0.2672119141,0.3720092773,0.6812133789,-0.5711669922
63097386.0,2967.0,0.0,4.13671875,1.83203125,3.15625,0
63105419.0,8033.0,1.0,0.2610473633,0.3739624023,0.68359375,-0.5698242188
63109386.0,3967.0,0.0,3.27734375,1.53515625,1.37109375,0
63115419.0,6033.0,1.0,0.2551269531,0.3757324219,0.6862182617,-0.5682373047
63118386.0,2967.0,0.0,1.71875,1.9921875,0.01171875,0
63125419.0,7033.0,1.0,0.2498168945,0.3771362305,0.6892700195,-0.5659179688
63128386.0,2967.0,0.0,-0.1796875,0.26171875,-2.84765625,0
63135419.0,7033.0,1.0,0.2448730469,0.3784790039,0.6928100586,-0.5628662109
63138386.0,2967.0,0.0,-0.390625,0.66796875,-2.73046875,0
63145419.0,7033.0,1.0,0.2399902344,0.3800048828,0.6962890625,-0.5596313477
63148386.0,2967.0,0.0,-0.13671875,0.5390625,-0.96484375,0
63155419.0,7033.0,1.0,0.2348022461,0.3818359375,0.6994018555,-0.556640625
63158386.0,2967.0,0.0,0.48828125,-0.01953125,0.1796875,0
63164419.0,6033.0,1.0,0.229675293,0.3837280273,0.7020874023,-0.5541992188
63167386.0,2967.0,0.0,2.53515625,-1.13671875,0.54296875,0
63175419.0,8033.0,1.0,0.2240600586,0.3857421875,0.7047119141,-0.5516967773
63178386.0,2967.0,0.0,3.12890625,-1.0390625,-0.125,0
63185419.0,7033.0,1.0,0.2188110352,0.3877563477,0.7072753906,-0.5491333008
63188386.0,2967.0,0.0,2.26171875,-0.9765625,-0.28125,0
63195419.0,7033.0,1.0,0.2135620117,0.3899536133,0.709777832,-0.5464477539
63198386.0,2967.0,0.0,0.66015625,-1.765625,-0.6484375,0
63205419.0,7033.0,1.0,0.2081298828,0.3923339844,0.7121582031,-0.5437011719
63208386.0,2967.0,0.0,-2.0078125,-0.62890625,-0.125,0
63220419.0,12033.0,1.0,0.2030029297,0.3945922852,0.7141723633,-0.5413818359
63225386.0,4967.0,0.0,-2.484375,0.15234375,1.1484375,0
63228419.0,3033.0,1.0,0.1973876953,0.3969116211,0.7163085938,-0.5388793945
63231386.0,2967.0,0.0,-1.85546875,-0.28515625,1.1640625,0
63235419.0,4033.0,1.0,0.1913452148,0.399230957,0.7185668945,-0.536315918
63238386.0,2967.0,0.0,-1.93359375,-0.26171875,1.2578125,0
63245419.0,7033.0,1.0,0.1858520508,0.4012451172,0.7205810547,-0.5340576172
63248386.0,2967.0,0.0,2.5546875,-1.01171875,1.57421875,0
63255419.0,7033.0,1.0,0.1801757813,0.4033203125,0.7227172852,-0.5315551758
63258386.0,2967.0,0.0,3.79296875,-1.67578125,1.24609375,0
63265419.0,7033.0,1.0,0.1743774414,0.4055175781,0.7247924805,-0.5289916992
63268386.0,2967.0,0.0,3.1484375,-2.11328125,0.7265625,0
63275419.0,7033.0,1.0,0.1683959961,0.4077758789,0.7269897461,-0.526184082
63278386.0,2967.0,0.0,-0.0703125,-0.328125,-0.17578125,0
63285419.0,7033.0,1.0,0.1624145508,0.4097900391,0.7293701172,-0.5231933594
63288386.0,2967.0,0.0,-1.49609375,-1.76953125,-0.73828125,0
63295419.0,7033.0,1.0,0.1561279297,0.4115600586,0.7316894531,-0.5204467773
63298386.0,2967.0,0.0,-1.96484375,-2.03515625,-1.52734375,0
63305419.0,7033.0,1.0,0.1497802734,0.412902832,0.7336425781,-0.5184936523
63308386.0,2967.0,0.0,-1.58984375,-1.4609375,-1.48828125,0
63315419.0,7033.0,1.0,0.1430053711,0.4140625,0.7353515625,-0.5170898438
63318386.0,2967.0,0.0,0.34375,-1.0,-0.62109375,0
63325419.0,7033.0,1.0,0.1361694336,0.4149780273,0.7368164063,-0.5160522461
63328386.0,2967.0,0.0,1.515625,-0.83203125,-0.01953125,0
63335419.0,7033.0,1.0,0.1292724609,0.4158325195,0.7383422852,-0.5149536133
63338386.0,2967.0,0.0,2.04296875,0.82421875,0.67578125,0
63345419.0,7033.0,1.0,0.1223144531,0.4166870117,0.7400512695,-0.5135498047
63348386.0,2967.0,0.0,1.82421875,1.30078125,0.96875,0
63354419.0,6033.0,1.0,0.115234375,0.4175415039,0.7418212891,-0.5119628906
63357386.0,2967.0,0.0,-0.50390625,0.96484375,0.80078125,0
63365419.0,8033.0,1.0,0.1075439453,0.4182128906,0.7436523438,-0.5103759766
63368386.0,2967.0,0.0,-1.9921875,1.171875,-0.17578125,0
63375419.0,7033.0,1.0,0.0999145508,0.4185791016,0.7456054688,-0.5087890625
63378386.0,2967.0,0.0,-2.9140625,0.96875,-0.91796875,0
63385419.0,7033.0,1.0,0.0924072266,0.4185791016,0.7476196289,-0.5072631836
63388386.0,2967.0,0.0,-2.83984375,1.17578125,-1.39453125,0
63400419.0,12033.0,1.0,0.0852661133,0.4183959961,0.7497558594,-0.5055541992
63404386.0,3967.0,0.0,-2.1171875,-0.0703125,-2.640625,0
63407419.0,3033.0,1.0,0.0775756836,0.41796875,0.7521362305,-0.5036010742
63410386.0,2967.0,0.0,-2.2421875,-0.015625,-2.578125,0
63414419.0,4033.0,1.0,0.0700683594,0.4174804688,0.7545166016,-0.5015258789
63417386.0,2967.0,0.0,-1.9453125,-0.65234375,-2.859375,0
63425419.0,8033.0,1.0,0.0620727539,0.416809082,0.7567749023,-0.4997558594
63428386.0,2967.0,0.0,-1.84765625,-1.01953125,-2.890625,0
63435419.0,7033.0,1.0,0.0541381836,0.4159545898,0.7587280273,-0.4984130859
63438386.0,2967.0,0.0,-1.7890625,1.6875,-2.73046875,0
63445419.0,7033.0,1.0,0.0464477539,0.4151000977,0.7606811523,-0.496887207
63449386.0,3967.0,0.0,-1.98046875,3.16015625,-2.69140625,0
63455419.0,6033.0,1.0,0.0391845703,0.4142456055,0.7630615234,-0.4945678711
63458386.0,2967.0,0.0,-1.921875,2.859375,-2.21484375,0
63465419.0,7033.0,1.0,0.0321044922,0.413269043,0.7657470703,-0.4916992188
63468386.0,2967.0,0.0,-2.25390625,-0.5078125,-2.52734375,0
63475419.0,7033.0,1.0,0.0250854492,0.4122924805,0.7681884766,-0.4891967773
63478386.0,2967.0,0.0,-2.65625,-0.81640625,-2.703125,0
63485419.0,7033.0,1.0,0.0180053711,0.4112548828,0.7702636719,-0.4870605469
63488386.0,2967.0,0.0,-2.20703125,-0.73828125,-2.578125,0
63495419.0,7033.0,1.0,0.010925293,0.41015625,0.7721557617,-0.485168457
63498386.0,2967.0,0.0,-1.22265625,-1.15234375,-1.7734375,0
63505419.0,7033.0,1.0,0.0037841797,0.4088745117,0.7738647461,-0.4836425781
63508386.0,2967.0,0.0,-1.0390625,-1.71484375,-0.24609375,0
63520419.0,12033.0,1.0,0.0032958984,-0.407409668,-0.7751464844,0.4827880859
63524386.0,3967.0,0.0,-1.73828125,-1.81640625,-0.578125,0
63527419.0,3033.0,1.0,0.0108032227,-0.4057006836,-0.7760009766,0.4828491211
63530386.0,2967.0,0.0,-1.48046875,-0.94140625,-0.27734375,0
63535419.0,5033.0,1.0,0.0189208984,-0.4034423828,-0.7763671875,0.4838256836
63538386.0,2967.0,0.0,-1.60546875,-0.86328125,-0.28515625,0
63545419.0,7033.0,1.0,0.0259399414,-0.4010620117,-0.7769165039,0.4846801758
63548386.0,2967.0,0.0,-1.5,0.85546875,0.953125,0
63555419.0,7033.0,1.0,0.0330810547,-0.3981323242,-0.7780761719,0.4848022461
63558386.0,2967.0,0.0,-0.984375,0.0,1.67578125,0
63565419.0,7033.0,1.0,0.0393676758,-0.3951416016,-0.7796630859,0.4841918945
63568386.0,2967.0,0.0,-0.7265625,-0.4453125,1.8671875,0
63575419.0,7033.0,1.0,0.0451660156,-0.3919677734,-0.7814331055,0.4833374023
63578386.0,2967.0,0.0,-0.8125,-1.01171875,1.9140625,0
63585419.0,7033.0,1.0,0.0505371094,-0.3887329102,-0.7830200195,0.4829101563
63588386.0,2967.0,0.0,-0.64453125,-2.50390625,1.875,0
63595419.0,7033.0,1.0,0.055847168,-0.3851318359,-0.7842407227,0.483215332
63598386.0,2967.0,0.0,-0.41015625,-2.48828125,1.8984375,0
63605419.0,7033.0,1.0,0.0606689453,-0.3814697266,-0.7849121094,0.4844970703
63608386.0,2967.0,0.0,0.0625,-2.2421875,1.7421875,0
63615419.0,7033.0,1.0,0.0648803711,-0.3776245117,-0.78515625,0.4865112305
63618386.0,2967.0,0.0,0.328125,-1.71875,1.6953125,0
63625419.0,7033.0,1.0,0.0681762695,-0.373840332,-0.7853393555,0.4886474609
63628386.0,2967.0,0.0,0.03125,-0.0546875,1.53515625,0
63635419.0,7033.0,1.0,0.0706176758,-0.3700561523,-0.7858276367,0.4904174805
63638386.0,2967.0,0.0,-0.1015625,-0.125,1.2265625,0
63645419.0,7033.0,1.0,0.0720825195,-0.366394043,-0.7865600586,0.4918212891
63648386.0,2967.0,0.0,-0.38671875,-0.93359375,0.890625,0
63657419.0,9033.0,1.0,0.0728759766,-0.3630371094,-0.7871704102,0.4931640625
63660386.0,2967.0,0.0,-0.83984375,-1.296875,0.40625,0
63667419.0,7033.0,1.0,0.0731201172,-0.3596191406,-0.7877197266,0.4947509766
63670386.0,2967.0,0.0,-1.8203125,-0.91015625,-0.3515625,0
63675419.0,5033.0,1.0,0.0728759766,-0.3560791016,-0.7880859375,0.4967651367
63678386.0,2967.0,0.0,-2.171875,-1.30859375,-0.58203125,0
63685419.0,7033.0,1.0,0.0723266602,-0.3529052734,-0.7881469727,0.4990234375
63688386.0,2967.0,0.0,-2.1796875,-1.66015625,-0.66015625,0
63695419.0,7033.0,1.0,0.0715332031,-0.349609375,-0.787902832,0.5018920898
63698386.0,2967.0,0.0,-2.1015625,-1.1328125,-1.17578125,0
63705419.0,7033.0,1.0,0.0704956055,-0.3463745117,-0.7873535156,0.505065918
63708386.0,2967.0,0.0,-2.125,-1.484375,-1.375,0
63715419.0,7033.0,1.0,0.0692749023,-0.3431396484,-0.7866210938,0.508605957
63718386.0,2967.0,0.0,-1.8515625,-1.22265625,-1.63671875,0
63725419.0,7033.0,1.0,0.0678100586,-0.3399658203,-0.7857666016,0.5122680664
63728386.0,2967.0,0.0,-1.7109375,-0.76171875,-1.4375,0
63735419.0,7033.0,1.0,0.0661621094,-0.3368530273,-0.7849121094,0.5158081055
63738386.0,2967.0,0.0,-1.83984375,-0.8359375,-1.73046875,0
63745419.0,7033.0,1.0,0.0642089844,-0.3334960938,-0.783996582,0.5195922852
63748386.0,2967.0,0.0,-1.78125,-1.19140625,-1.7265625,0
63755419.0,7033.0,1.0,0.0622558594,-0.3302612305,-0.7828979492,0.5236206055
63758386.0,2967.0,0.0,-1.41015625,-1.37890625,-1.6796875,0
63765419.0,7033.0,1.0,0.0603027344,-0.3269042969,-0.7814941406,0.5279541016
63768386.0,2967.0,0.0,-0.69921875,-1.08203125,-1.34375,0
63774419.0,6033.0,1.0,0.0583496094,-0.3236694336,-0.7800292969,0.5323486328
63777386.0,2967.0,0.0,0.60546875,0.91015625,-0.28125,0
63785419.0,8033.0,1.0,0.0560913086,-0.3201293945,-0.7787475586,0.5366210938
63788386.0,2967.0,0.0,0.55078125,1.01953125,0.0234375,0
63795419.0,7033.0,1.0,0.0537109375,-0.3167114258,-0.7778320313,0.5401611328
63798386.0,2967.0,0.0,0.3828125,0.4375,0.14453125,0
63805419.0,7033.0,1.0,0.0512084961,-0.3133544922,-0.7771606445,0.5433349609
63808386.0,2967.0,0.0,0.26171875,0.31640625,0.12109375,0
63815419.0,7033.0,1.0,0.048828125,-0.3099975586,-0.7764892578,0.5464477539
63818386.0,2967.0,0.0,-0.4140625,-0.12890625,0.02734375,0
63825419.0,7033.0,1.0,0.0465698242,-0.306640625,-0.7756958008,0.549621582
63829386.0,3967.0,0.0,-0.47265625,-0.37109375,0.15625,0
63838419.0,9033.0,1.0,0.0444946289,-0.3033447266,-0.7748413086,0.5528564453
63841386.0,2967.0,0.0,-0.44140625,-0.6484375,-0.14453125,0
63848419.0,7033.0,1.0,0.0422973633,-0.2996826172,-0.7733764648,0.5570678711
63852386.0,3967.0,0.0,-0.609375,-1.91796875,-0.94921875,0
63856419.0,4033.0,1.0,0.0404052734,-0.2960205078,-0.7713623047,0.5618896484
63859386.0,2967.0,0.0,-0.36328125,-1.7265625,-1.359375,0
63865419.0,6033.0,1.0,0.0384521484,-0.2920532227,-0.7687988281,0.5676269531
63868386.0,2967.0,0.0,0.04296875,-0.64453125,-1.40625,0
63875419.0,7033.0,1.0,0.0362548828,-0.2880859375,-0.7662963867,0.5731201172
63878386.0,2967.0,0.0,0.2109375,0.390625,-0.87109375,0
63885419.0,7033.0,1.0,0.0337524414,-0.283996582,-0.7642822266,0.5780029297
63888386.0,2967.0,0.0,0.30859375,-0.30078125,-0.16015625,0
63895419.0,7033.0,1.0,0.0309448242,-0.2799072266,-0.7626342773,0.5823364258
63898386.0,2967.0,0.0,0.45703125,-0.8125,-0.1796875,0
63905419.0,7033.0,1.0,0.0279541016,-0.2756347656,-0.7607421875,0.5869140625
63909386.0,3967.0,0.0,0.328125,-1.0859375,-0.2421875,0
63915419.0,6033.0,1.0,0.0250244141,-0.2713012695,-0.7585449219,0.5919799805
63918386.0,2967.0,0.0,0.00390625,-1.35546875,-0.3984375,0
63925419.0,7033.0,1.0,0.0221557617,-0.2670898438,-0.755859375,0.5974121094
63928386.0,2967.0,0.0,-0.5859375,-1.515625,-0.5234375,0
63935419.0,7033.0,1.0,0.0189208984,-0.2623291016,-0.7524414063,0.6038818359
63938386.0,2967.0,0.0,-0.859375,-1.69921875,-0.73828125,0
63945419.0,7033.0,1.0,0.0156860352,-0.2577514648,-0.7487792969,0.6104736328
63948386.0,2967.0,0.0,-0.98828125,-2.01171875,-1.0859375,0
63955419.0,7033.0,1.0,0.0122680664,-0.2529907227,-0.7445678711,0.6176147461
63958386.0,2967.0,0.0,-1.109375,-2.1171875,-1.05859375,0
63965419.0,7033.0,1.0,0.0087890625,-0.2484741211,-0.7401123047,0.6248168945
63968386.0,2967.0,0.0,-1.00390625,-1.6640625,-0.65625,0
63980419.0,12033.0,1.0,0.0049438477,-0.2437744141,-0.7352905273,0.6323242188
63984386.0,3967.0,0.0,-0.45703125,-0.90625,0.05078125,0
63987419.0,3033.0,1.0,0.0007324219,-0.2390136719,-0.7302856445,0.6399536133
63990386.0,2967.0,0.0,-0.1875,-0.921875,0.0859375,0
63995419.0,5033.0,1.0,0.0040893555,0.2341308594,0.7250976563,-0.647644043
63998386.0,2967.0,0.0,-0.1484375,-0.8828125,-0.09375,0
64005419.0,7033.0,1.0,0.0090942383,0.2294921875,0.7200317383,-0.6548461914
64008386.0,2967.0,0.0,0.1640625,-1.71875,0.25390625,0
64015419.0,7033.0,1.0,0.014465332,0.2248535156,0.7144775391,-0.6623535156
64018386.0,2967.0,0.0,0.36328125,-1.76953125,0.25,0
64025419.0,7033.0,1.0,0.0201416016,0.2204589844,0.7084960938,-0.6701049805
64028386.0,2967.0,0.0,0.49609375,-1.87890625,0.1171875,0
64035419.0,7033.0,1.0,0.0261230469,0.216003418,0.7017822266,-0.6783447266
64038386.0,2967.0,0.0,0.51953125,-1.83203125,0.01171875,0
64045419.0,7033.0,1.0,0.0323486328,0.2118530273,0.6947021484,-0.6866455078
64048386.0,2967.0,0.0,0.69140625,-1.41796875,-0.09765625,0
64058419.0,10033.0,1.0,0.0386962891,0.2079467773,0.6876220703,-0.6945800781
64061386.0,2967.0,0.0,0.828125,-1.1484375,-0.31640625,0
64068419.0,7033.0,1.0,0.046081543,0.2037353516,0.6799316406,-0.7028808594
64071386.0,2967.0,0.0,0.82421875,-1.328125,-0.3671875,0
64075419.0,4033.0,1.0,0.0535888672,0.1999511719,0.6727294922,-0.7103271484
64078386.0,2967.0,0.0,1.27734375,-1.76171875,-0.546875,0
64085419.0,7033.0,1.0,0.0618286133,0.196105957,0.665222168,-0.7177734375
64088386.0,2967.0,0.0,1.31640625,-2.140625,-0.57421875,0
64095419.0,7033.0,1.0,0.0702514648,0.1925048828,0.6577148438,-0.7248535156
64098386.0,2967.0,0.0,1.1171875,-2.41015625,-0.45703125,0
64105419.0,7033.0,1.0,0.0791625977,0.1891479492,0.6496582031,-0.7320556641
64108386.0,2967.0,0.0,1.1640625,-2.5234375,-0.53125,0
64115419.0,7033.0,1.0,0.0879516602,0.1860351563,0.6416015625,-0.7389526367
64118386.0,2967.0,0.0,0.78515625,-2.125,-0.44921875,0
64125419.0,7033.0,1.0,0.0978393555,0.182800293,0.6324462891,-0.7463378906
64128386.0,2967.0,0.0,0.83203125,-1.99609375,-0.5078125,0
64138419.0,10033.0,1.0,0.1073608398,0.1798706055,0.6236572266,-0.753112793
64141386.0,2967.0,0.0,0.91796875,-1.9140625,-0.62890625,0
64148419.0,7033.0,1.0,0.1176757813,0.176940918,0.6140136719,-0.7601928711
64151386.0,2967.0,0.0,1.1171875,-1.91796875,-0.6953125,0
64155419.0,4033.0,1.0,0.1278686523,0.1742553711,0.604309082,-0.7669067383
64158386.0,2967.0,0.0,1.80859375,-1.19921875,0.203125,0
64165419.0,7033.0,1.0,0.138671875,0.1715698242,0.5938720703,-0.7737426758
64168386.0,2967.0,0.0,2.046875,-0.5390625,0.1015625,0
64175419.0,7033.0,1.0,0.1494140625,0.169128418,0.5837402344,-0.7799682617
64178386.0,2967.0,0.0,1.97265625,0.125,0.1875,0
64185419.0,7033.0,1.0,0.1603393555,0.1667480469,0.5738525391,-0.7856445313
64188386.0,2967.0,0.0,1.890625,0.390625,0.3359375,0
64195419.0,7033.0,1.0,0.1713867188,0.1644287109,0.5642089844,-0.7907104492
64198386.0,2967.0,0.0,1.28125,0.2421875,0.0703125,0
64205419.0,7033.0,1.0,0.1824951172,0.1622924805,0.5545654297,-0.7954711914
64208386.0,2967.0,0.0,1.2734375,-0.34375,-0.30859375,0
64215419.0,7033.0,1.0,0.1936645508,0.1602783203,0.5444946289,-0.8002319336
64218386.0,2967.0,0.0,1.52734375,-0.62109375,-0.3125,0
64225419.0,7033.0,1.0,0.2047729492,0.1585083008,0.5339355469,-0.8048706055
64228386.0,2967.0,0.0,2.5859375,0.84765625,0.33984375,0
64240419.0,12033.0,1.0,0.2153930664,0.1569824219,0.5239257813,-0.8090209961
64244386.0,3967.0,0.0,3.25390625,1.93359375,1.2265625,0
64247419.0,3033.0,1.0,0.2267456055,0.155456543,0.5137329102,-0.8127441406
64250386.0,2967.0,0.0,3.31640625,1.78515625,1.015625,0
64255419.0,5033.0,1.0,0.2385864258,0.1539306641,0.5038452148,-0.8157958984
64258386.0,2967.0,0.0,3.25390625,2.171875,1.41796875,0
64265419.0,7033.0,1.0,0.2498779297,0.1525268555,0.495300293,-0.8179321289
64268386.0,2967.0,0.0,2.890625,2.453125,1.62109375,0
64275419.0,7033.0,1.0,0.2612915039,0.1511230469,0.4872436523,-0.8194580078
64278386.0,2967.0,0.0,2.32421875,2.08203125,1.42578125,0
64285419.0,7033.0,1.0,0.2725830078,0.1498413086,0.4793701172,-0.8206176758
64288386.0,2967.0,0.0,2.1015625,1.671875,1.18359375,0
64295419.0,7033.0,1.0,0.2834472656,0.1488037109,0.4714355469,-0.8217163086
64298386.0,2967.0,0.0,2.30078125,1.2265625,0.9140625,0
64305419.0,7033.0,1.0,0.293762207,0.1481323242,0.4633178711,-0.8228759766
64308386.0,2967.0,0.0,3.03125,1.57421875,1.1796875,0
64320419.0,12033.0,1.0,0.3042602539,0.147644043,0.4545898438,-0.8240356445
64324386.0,3967.0,0.0,3.4921875,2.84375,1.3984375,0
64327419.0,3033.0,1.0,0.314453125,0.147277832,0.4462280273,-0.8248291016
64330386.0,2967.0,0.0,3.21484375,3.1875,1.5546875,0
64335419.0,5033.0,1.0,0.3250732422,0.1469116211,0.4381713867,-0.8250732422
64338386.0,2967.0,0.0,3.24609375,3.0390625,1.4140625,0
64346419.0,8033.0,1.0,0.3354492188,0.1463623047,0.4310913086,-0.8247680664
64349386.0,2967.0,0.0,2.2421875,2.19921875,1.51953125,0
64355419.0,6033.0,1.0,0.3450317383,0.1459960938,0.4248657227,-0.8240966797
64358386.0,2967.0,0.0,2.0078125,1.5,1.296875,0
64365419.0,7033.0,1.0,0.3546142578,0.1458129883,0.4182128906,-0.8234863281
64368386.0,2967.0,0.0,1.9140625,1.08984375,1.03125,0
64375419.0,7033.0,1.0,0.3637084961,0.1460571289,0.4111328125,-0.8229980469
64378386.0,2967.0,0.0,1.9375,0.90625,0.640625,0
64385419.0,7033.0,1.0,0.3725585938,0.1466674805,0.4035644531,-0.8226928711
64388386.0,2967.0,0.0,2.4609375,2.13671875,0.59765625,0
64400419.0,12033.0,1.0,0.3807373047,0.1473388672,0.3966674805,-0.8221435547
64404386.0,3967.0,0.0,2.70703125,3.21484375,1.1796875,0
64407419.0,3033.0,1.0,0.3892822266,0.1477661133,0.3904418945,-0.821105957
64410386.0,2967.0,0.0,2.53125,2.99609375,1.359375,0
64415419.0,5033.0,1.0,0.3979492188,0.1478881836,0.3854370117,-0.8192749023
64418386.0,2967.0,0.0,2.36328125,2.54296875,1.16796875,0
64425419.0,7033.0,1.0,0.4061279297,0.1477050781,0.381652832,-0.8170776367
64428386.0,2967.0,0.0,2.0703125,1.8671875,0.8359375,0
64435419.0,7033.0,1.0,0.4140625,0.1475219727,0.3783569336,-0.8146362305
64438386.0,2967.0,0.0,1.86328125,1.234375,0.484375,0
64446419.0,8033.0,1.0,0.4221801758,0.1473388672,0.3751220703,-0.8120117188
64449386.0,2967.0,0.0,1.765625,0.8046875,0.23828125,0
64455419.0,6033.0,1.0,0.4295043945,0.147644043,0.3713989258,-0.8098144531
64458386.0,2967.0,0.0,2.31640625,0.78125,0.09765625,0
64465419.0,7033.0,1.0,0.4365844727,0.1481933594,0.3674316406,-0.8077392578
64468386.0,2967.0,0.0,2.609375,1.359375,0.2421875,0
64475419.0,7033.0,1.0,0.4435424805,0.1488647461,0.3637695313,-0.805480957
64478386.0,2967.0,0.0,2.6171875,1.83984375,0.34375,0
64486419.0,8033.0,1.0,0.4505615234,0.1491088867,0.3610229492,-0.802734375
64489386.0,2967.0,0.0,2.75390625,2.0234375,0.2734375,0
64495419.0,6033.0,1.0,0.4569091797,0.1494140625,0.3590087891,-0.799987793
64498386.0,2967.0,0.0,2.203125,0.99609375,0.00390625,0
64505419.0,7033.0,1.0,0.4633789063,0.1498413086,0.3569946289,-0.7971191406
64508386.0,2967.0,0.0,1.8359375,0.65625,-0.08984375,0
64518419.0,10033.0,1.0,0.4691162109,0.1505737305,0.3547973633,-0.7945556641
64521386.0,2967.0,0.0,1.62109375,0.6484375,-0.234375,0
64528419.0,7033.0,1.0,0.4750366211,0.1516113281,0.352355957,-0.7919921875
64531386.0,2967.0,0.0,1.796875,0.984375,-0.1875,0
64535419.0,4033.0,1.0,0.4805297852,0.1528320313,0.3500976563,-0.7894287109
64538386.0,2967.0,0.0,1.8125,2.0625,0.015625,0
64545419.0,7033.0,1.0,0.4861450195,0.1539916992,0.3483886719,-0.7864990234
64548386.0,2967.0,0.0,1.4609375,2.0234375,-0.08203125,0
64555419.0,7033.0,1.0,0.4912719727,0.1550292969,0.3474121094,-0.7835693359
64558386.0,2967.0,0.0,1.109375,1.73046875,-0.2734375,0
64566419.0,8033.0,1.0,0.4962158203,0.1561279297,0.3467407227,-0.7805175781
64569386.0,2967.0,0.0,0.7578125,1.13671875,-0.47265625,0
64575419.0,6033.0,1.0,0.5007324219,0.1575317383,0.3460083008,-0.7776489258
64578386.0,2967.0,0.0,0.1328125,0.5859375,-0.6640625,0
64585419.0,7033.0,1.0,0.5049438477,0.1594238281,0.344909668,-0.7750244141
64588386.0,2967.0,0.0,0.015625,0.515625,-0.671875,0
64596419.0,8033.0,1.0,0.5088500977,0.1615600586,0.34375,-0.7725219727
64599386.0,2967.0,0.0,0.1640625,0.63671875,-0.828125,0
64606419.0,7033.0,1.0,0.512512207,0.1639404297,0.3427734375,-0.7700805664
64609386.0,2967.0,0.0,0.32421875,0.87890625,-0.51953125,0
64615419.0,6033.0,1.0,0.5159912109,0.1662597656,0.3421630859,-0.7674560547
64618386.0,2967.0,0.0,0.28125,0.97265625,-0.703125,0
64625419.0,7033.0,1.0,0.5193481445,0.1685791016,0.3421020508,-0.7647705078
64628386.0,2967.0,0.0,0.09765625,1.1171875,-0.57421875,0
64636419.0,8033.0,1.0,0.5224609375,0.1708374023,0.3425292969,-0.7619018555
64639386.0,2967.0,0.0,0.02734375,0.9921875,-0.44140625,0
64646419.0,7033.0,1.0,0.5254516602,0.173034668,0.3433227539,-0.758972168
64649386.0,2967.0,0.0,0.15234375,0.5234375,-0.640625,0
64655419.0,6033.0,1.0,0.5282592773,0.1754150391,0.3442382813,-0.7560424805
64658386.0,2967.0,0.0,0.19921875,0.29296875,-0.54296875,0
64665419.0,7033.0,1.0,0.5307617188,0.1779785156,0.3451538086,-0.7532958984
64668386.0,2967.0,0.0,0.28515625,0.40625,-0.51171875,0
64675419.0,7033.0,1.0,0.5331420898,0.1806640625,0.3461914063,-0.7505493164
64678386.0,2967.0,0.0,0.1484375,0.3671875,-0.6328125,0
64685419.0,7033.0,1.0,0.53515625,0.1832275391,0.3472900391,-0.7479248047
64688386.0,2967.0,0.0,-0.296875,-0.08203125,-0.71484375,0
64695419.0,7033.0,1.0,0.537109375,0.1862792969,0.3485107422,-0.7452392578
64698386.0,2967.0,0.0,-0.44140625,-0.24609375,-0.484375,0
64706419.0,8033.0,1.0,0.5386962891,0.1893310547,0.3496704102,-0.7427368164
64709386.0,2967.0,0.0,-0.4921875,-0.19921875,-0.26171875,0
64715419.0,6033.0,1.0,0.5400390625,0.1923828125,0.3508300781,-0.7404785156
64718386.0,2967.0,0.0,-0.4375,0.3359375,-0.15625,0
64728419.0,10033.0,1.0,0.5411987305,0.1955566406,0.3525390625,-0.7379760742
64731386.0,2967.0,0.0,-0.1171875,0.80078125,-0.13671875,0
64735419.0,4033.0,1.0,0.5422363281,0.198425293,0.3547363281,-0.7353515625
64738386.0,2967.0,0.0,-0.08984375,0.28125,-0.58203125,0
64745419.0,7033.0,1.0,0.5431518555,0.2012939453,0.3576660156,-0.7325439453
64748386.0,2967.0,0.0,0.0078125,0.3125,-1.0625,0
64756419.0,8033.0,1.0,0.5438232422,0.2040405273,0.3608398438,-0.729675293
64759386.0,2967.0,0.0,-0.46484375,0.1953125,-1.30078125,0
64766419.0,7033.0,1.0,0.5442504883,0.20703125,0.3638305664,-0.7270507813
64769386.0,2967.0,0.0,-1.0078125,-2.1953125,-2.38671875,0
64775419.0,6033.0,1.0,0.5443115234,0.2105712891,0.366027832,-0.7248535156
64778386.0,2967.0,0.0,-1.18359375,-2.37109375,-2.859375,0
64786419.0,8033.0,1.0,0.5441894531,0.2143554688,0.3673095703,-0.7232055664
64789386.0,2967.0,0.0,-1.234375,-1.98046875,-3.15625,0
64796419.0,7033.0,1.0,0.5439453125,0.2185058594,0.368347168,-0.7216186523
64799386.0,2967.0,0.0,-2.015625,-1.4921875,-4.18359375,0
64806419.0,7033.0,1.0,0.5438232422,0.2222900391,0.3694458008,-0.7199707031
64809386.0,2967.0,0.0,-2.61328125,-1.21484375,-4.359375,0
64815419.0,6033.0,1.0,0.5439453125,0.2255249023,0.3709106445,-0.7181396484
64818386.0,2967.0,0.0,-2.9765625,-1.1328125,-4.234375,0
64826419.0,8033.0,1.0,0.5443115234,0.2283935547,0.3725585938,-0.7160644531
64829386.0,2967.0,0.0,-3.0859375,-0.84375,-3.796875,0
64836419.0,7033.0,1.0,0.544921875,0.2307739258,0.3740844727,-0.714050293
64839386.0,2967.0,0.0,-2.5390625,0.28515625,-2.484375,0
64846419.0,7033.0,1.0,0.545715332,0.233215332,0.3757324219,-0.7117919922
64849386.0,2967.0,0.0,-3.06640625,0.10546875,-0.9453125,0
64856419.0,7033.0,1.0,0.5464477539,0.2360229492,0.376953125,-0.7096557617
64859386.0,2967.0,0.0,-3.3671875,-0.34375,-2.23828125,0
64866419.0,7033.0,1.0,0.5469360352,0.2395019531,0.3772583008,-0.7079467773
64869386.0,2967.0,0.0,-0.8203125,-2.65234375,-0.70703125,0
64875419.0,6033.0,1.0,0.5471801758,0.2431640625,0.3768920898,-0.7066650391
64878386.0,2967.0,0.0,-3.6171875,-0.33203125,-1.625,0
64885419.0,7033.0,1.0,0.5473022461,0.2471313477,0.3766479492,-0.7053222656
64888386.0,2967.0,0.0,-1.38671875,2.06640625,1.2421875,0
64896419.0,8033.0,1.0,0.5474243164,0.2506713867,0.3770751953,-0.7037963867
64899386.0,2967.0,0.0,-0.19140625,2.1015625,0.7890625,0
64906419.0,7033.0,1.0,0.5474853516,0.2534179688,0.3785400391,-0.701965332
64909386.0,2967.0,0.0,-1.67578125,2.9921875,0.67578125,0
64916419.0,7033.0,1.0,0.5474243164,0.2557373047,0.3807983398,-0.6999511719
64919386.0,2967.0,0.0,-1.4765625,1.53515625,-1.25390625,0
64926419.0,7033.0,1.0,0.5474243164,0.2574462891,0.383605957,-0.6978149414
64929386.0,2967.0,0.0,-1.96484375,1.7265625,-1.34375,0
64938419.0,9033.0,1.0,0.5473632813,0.2587890625,0.3867797852,-0.6955566406
64941386.0,2967.0,0.0,-2.76953125,0.59375,-2.890625,0
64948419.0,7033.0,1.0,0.5473022461,0.2598876953,0.3900756836,-0.693359375
64951386.0,2967.0,0.0,-2.046875,0.109375,-3.05859375,0
64955419.0,4033.0,1.0,0.5471801758,0.2611083984,0.3931884766,-0.6912231445
64958386.0,2967.0,0.0,-1.84765625,-0.06640625,-3.37109375,0
64966419.0,8033.0,1.0,0.5468139648,0.2626342773,0.3961791992,-0.6892700195
64969386.0,2967.0,0.0,-1.08203125,-0.86328125,-3.125,0
64976419.0,7033.0,1.0,0.5462646484,0.2643432617,0.3986816406,-0.6875610352
64979386.0,2967.0,0.0,-0.50390625,-0.77734375,-2.296875,0
64986419.0,7033.0,1.0,0.5455322266,0.2662963867,0.4009399414,-0.6860961914
64989386.0,2967.0,0.0,1.06640625,-1.0859375,-0.203125,0
64996419.0,7033.0,1.0,0.5446777344,0.2683105469,0.4032592773,-0.6846923828
64999386.0,2967.0,0.0,-1.76953125,0.6015625,-1.91796875,0
65006419.0,7033.0,1.0,0.5437011719,0.2701416016,0.4056396484,-0.6832885742
65009386.0,2967.0,0.0,-0.6953125,-1.4296875,-0.0859375,0
65016419.0,7033.0,1.0,0.5425415039,0.2719116211,0.4082641602,-0.6818847656
65019386.0,2967.0,0.0,-1.27734375,0.30859375,0.47265625,0
65026419.0,7033.0,1.0,0.5413208008,0.2736816406,0.410949707,-0.6805419922
65029386.0,2967.0,0.0,0.984375,-0.140625,2.875,0
65036419.0,7033.0,1.0,0.5396728516,0.2757568359,0.4138183594,-0.6792602539
65039386.0,2967.0,0.0,2.2109375,1.3671875,4.5546875,0
65046419.0,7033.0,1.0,0.5377807617,0.2780151367,0.4169311523,-0.6779785156
65049386.0,2967.0,0.0,2.7109375,1.95703125,4.8984375,0
65056419.0,7033.0,1.0,0.5355834961,0.2803344727,0.4205932617,-0.6765136719
65059386.0,2967.0,0.0,1.9921875,1.8359375,4.5625,0
65065419.0,6033.0,1.0,0.5335083008,0.282043457,0.4248657227,-0.6747436523
65068386.0,2967.0,0.0,0.34375,1.33203125,1.73828125,0
65076419.0,8033.0,1.0,0.5313720703,0.2833862305,0.4303588867,-0.6723632813
65079386.0,2967.0,0.0,-0.15234375,0.58203125,-0.19140625,0
65086419.0,7033.0,1.0,0.5293579102,0.2844848633,0.4360961914,-0.6698608398
65089386.0,2967.0,0.0,-0.06640625,-0.17578125,-1.4609375,0
65096419.0,7033.0,1.0,0.5272216797,0.2858276367,0.4413452148,-0.6674804688
65099386.0,2967.0,0.0,-0.25,-0.703125,-2.60546875,0
65106419.0,7033.0,1.0,0.5248413086,0.2878417969,0.446105957,-0.6653442383
65109386.0,2967.0,0.0,-0.25,-0.55078125,-3.5,0
65116419.0,7033.0,1.0,0.5224609375,0.290222168,0.4499511719,-0.6635742188
65119386.0,2967.0,0.0,-0.21875,0.00390625,-3.7890625,0
65126419.0,7033.0,1.0,0.5201416016,0.2927246094,0.4534301758,-0.6619262695
65129386.0,2967.0,0.0,0.28125,0.6015625,-2.69921875,0
65138419.0,9033.0,1.0,0.5180664063,0.294921875,0.4569702148,-0.66015625
65141386.0,2967.0,0.0,0.703125,1.7265625,-2.00390625,0
65148419.0,7033.0,1.0,0.5161132813,0.2967529297,0.4609375,-0.6580810547
65151386.0,2967.0,0.0,1.27734375,1.47265625,-0.56640625,0
65155419.0,4033.0,1.0,0.5142211914,0.2984619141,0.4653320313,-0.6557006836
65158386.0,2967.0,0.0,1.96875,1.46875,-0.19921875,0
65166419.0,8033.0,1.0,0.5122680664,0.3001708984,0.469909668,-0.6531982422
65169386.0,2967.0,0.0,1.9140625,0.2734375,-0.40234375,0
65176419.0,7033.0,1.0,0.5100097656,0.3020629883,0.4742431641,-0.6509399414
65179386.0,2967.0,0.0,0.8359375,-0.73828125,-0.41796875,0
65186419.0,7033.0,1.0,0.5075683594,0.3041992188,0.4781494141,-0.6489868164
65189386.0,2967.0,0.0,-0.3515625,-0.33203125,-0.34375,0
65196419.0,7033.0,1.0,0.5048828125,0.3064575195,0.4818115234,-0.6473388672
65199386.0,2967.0,0.0,-1.125,0.04296875,-0.09765625,0
65206419.0,7033.0,1.0,0.5021362305,0.30859375,0.4854125977,-0.6458129883
65209386.0,2967.0,0.0,-1.5625,0.98828125,0.33203125,0
65216419.0,7033.0,1.0,0.4993286133,0.3103637695,0.4891967773,-0.6442260742
65219386.0,2967.0,0.0,0.0234375,1.70703125,0.47265625,0
65226419.0,7033.0,1.0,0.4963989258,0.3118286133,0.4935302734,-0.6425170898
65229386.0,2967.0,0.0,0.35546875,1.73828125,0.53515625,0
65236419.0,7033.0,1.0,0.4934692383,0.3131103516,0.4981079102,-0.640625
65239386.0,2967.0,0.0,0.64453125,1.36328125,-0.359375,0
65246419.0,7033.0,1.0,0.4903564453,0.3142700195,0.5028076172,-0.638671875
65249386.0,2967.0,0.0,0.1640625,0.4453125,0.171875,0
65255419.0,6033.0,1.0,0.4872436523,0.3154296875,0.5073852539,-0.6369018555
65258386.0,2967.0,0.0,0.484375,0.9609375,1.0,0
65266419.0,8033.0,1.0,0.4837646484,0.3164672852,0.5123901367,-0.6350708008
65269386.0,2967.0,0.0,0.37890625,1.19921875,0.57421875,0
65276419.0,7033.0,1.0,0.4800415039,0.3172607422,0.5175170898,-0.6333007813
65279386.0,2967.0,0.0,-0.29296875,0.91796875,0.4296875,0
65286419.0,7033.0,1.0,0.4762573242,0.3178100586,0.5227661133,-0.631652832
65289386.0,2967.0,0.0,-1.28125,1.69921875,-0.33984375,0
65296419.0,7033.0,1.0,0.4721679688,0.3180541992,0.5280151367,-0.6301879883
65299386.0,2967.0,0.0,-2.0859375,0.08984375,-2.64453125,0
65306419.0,7033.0,1.0,0.4680786133,0.3182373047,0.5327758789,-0.6291503906
65309386.0,2967.0,0.0,-1.47265625,0.046875,-3.34765625,0
65316419.0,7033.0,1.0,0.463684082,0.3185424805,0.5371704102,-0.6284790039
65319386.0,2967.0,0.0,-0.48828125,-0.6484375,-2.6015625,0
65326419.0,7033.0,1.0,0.4590454102,0.319152832,0.5413208008,-0.6279907227
65329386.0,2967.0,0.0,0.80859375,1.13671875,0.3359375,0
65341419.0,12033.0,1.0,0.4543457031,0.3197631836,0.5454711914,-0.6275024414
65345386.0,3967.0,0.0,-0.80859375,0.77734375,0.6953125,0
65348419.0,3033.0,1.0,0.4491577148,0.3202514648,0.5500488281,-0.6270141602
65351386.0,2967.0,0.0,-0.82421875,0.85546875,0.796875,0
65356419.0,5033.0,1.0,0.4436035156,0.3204345703,0.5550537109,-0.6264648438
65359386.0,2967.0,0.0,-1.109375,1.2890625,0.1796875,0
65366419.0,7033.0,1.0,0.4387207031,0.3202514648,0.5596313477,-0.6259155273
65369386.0,2967.0,0.0,-0.6640625,0.33203125,-1.86328125,0
65376419.0,7033.0,1.0,0.4338378906,0.3199462891,0.5642700195,-0.6253051758
65379386.0,2967.0,0.0,0.31640625,0.37109375,-1.45703125,0
65386419.0,7033.0,1.0,0.4289550781,0.3197631836,0.5689697266,-0.6245117188
65390386.0,3967.0,0.0,1.2109375,0.79296875,-0.3671875,0
65396419.0,6033.0,1.0,0.4241333008,0.3198852539,0.5735473633,-0.6235961914
65399386.0,2967.0,0.0,1.21875,1.5546875,0.2421875,0
65406419.0,7033.0,1.0,0.4194946289,0.3202514648,0.5780639648,-0.6223754883
65409386.0,2967.0,0.0,0.515625,0.51171875,-0.00390625,0
65416419.0,7033.0,1.0,0.4146728516,0.3208618164,0.5826416016,-0.6209716797
65419386.0,2967.0,0.0,0.078125,0.18359375,-0.57421875,0
65426419.0,7033.0,1.0,0.41015625,0.3217163086,0.586730957,-0.6196899414
65429386.0,2967.0,0.0,-0.359375,-0.7578125,-1.23828125,0
65436419.0,7033.0,1.0,0.4057617188,0.3228149414,0.5903320313,-0.6186523438
65439386.0,2967.0,0.0,-0.03125,-0.5546875,-2.06640625,0
65446419.0,7033.0,1.0,0.4019165039,0.3238525391,0.5935058594,-0.6174926758
65449386.0,2967.0,0.0,1.06640625,0.1328125,-2.09375,0
65456419.0,7033.0,1.0,0.3981933594,0.3251342773,0.5971069336,-0.6157836914
65459386.0,2967.0,0.0,1.59375,0.39453125,-0.52734375,0
65466419.0,7033.0,1.0,0.3947143555,0.3267822266,0.6006469727,-0.6137084961
65469386.0,2967.0,0.0,1.625,0.76171875,1.56640625,0
65476419.0,7033.0,1.0,0.3913574219,0.3287963867,0.6041870117,-0.611328125
65479386.0,2967.0,0.0,0.62109375,1.28515625,2.2109375,0
65486419.0,7033.0,1.0,0.3880004883,0.3310546875,0.6079101563,-0.6085205078
65489386.0,2967.0,0.0,-0.68359375,-0.421875,0.3671875,0
65501419.0,12033.0,1.0,0.3851928711,0.3331298828,0.6111450195,-0.6058959961
65505386.0,3967.0,0.0,-0.73046875,-3.05859375,-3.73046875,0
65508419.0,3033.0,1.0,0.3824462891,0.3353271484,0.614440918,-0.6030883789
65511386.0,2967.0,0.0,-0.64453125,-3.6015625,-4.51171875,0
65516419.0,5033.0,1.0,0.3799438477,0.3377075195,0.6173706055,-0.6003417969
65519386.0,2967.0,0.0,-0.64453125,-3.59375,-4.41015625,0
65526418.0,7032.0,1.0,0.3776855469,0.3401489258,0.619934082,-0.5977783203
65529386.0,2968.0,0.0,0.50390625,-0.34765625,-0.59765625,0
65536418.0,7032.0,1.0,0.3754882813,0.3427734375,0.6224365234,-0.5950317383
65539386.0,2968.0,0.0,0.015625,0.375,1.37890625,0
65546418.0,7032.0,1.0,0.3733520508,0.3453979492,0.6252441406,-0.5919189453
65549386.0,2968.0,0.0,-0.4453125,0.86328125,1.671875,0
65556418.0,7032.0,1.0,0.37109375,0.3480834961,0.6280517578,-0.5887451172
65559386.0,2968.0,0.0,-0.8671875,-1.10546875,0.5859375,0
65566418.0,7032.0,1.0,0.3687744141,0.3508300781,0.6307373047,-0.5857543945
65569386.0,2968.0,0.0,0.47265625,-1.45703125,0.7734375,0
65576418.0,7032.0,1.0,0.3662719727,0.3536376953,0.6332397461,-0.5829467773
65579386.0,2968.0,0.0,2.07421875,-2.39453125,2.015625,0
65586418.0,7032.0,1.0,0.3634643555,0.356628418,0.6356201172,-0.5802612305
65589386.0,2968.0,0.0,3.37890625,-1.7109375,2.8828125,0
65596418.0,7032.0,1.0,0.360168457,0.3598632813,0.6379394531,-0.5777587891
65599386.0,2968.0,0.0,0.3828125,-1.0234375,2.79296875,0
65606418.0,7032.0,1.0,0.3565673828,0.3630981445,0.6405639648,-0.5750732422
65609386.0,2968.0,0.0,-1.73046875,-0.29296875,1.25390625,0
65616418.0,7032.0,1.0,0.3530273438,0.3657836914,0.6435546875,-0.5721435547
65619386.0,2968.0,0.0,-3.6640625,-0.1796875,-0.28125,0
65626418.0,7032.0,1.0,0.3496704102,0.3679199219,0.6470336914,-0.5689697266
65629386.0,2968.0,0.0,-4.17578125,0.40234375,-2.34765625,0
65636418.0,7032.0,1.0,0.3466186523,0.3694458008,0.6507568359,-0.565612793
65639386.0,2968.0,0.0,-1.3671875,-0.46875,-2.4609375,0
65646418.0,7032.0,1.0,0.3432617188,0.3709716797,0.6547851563,-0.5620117188
65649386.0,2968.0,0.0,1.1015625,0.9609375,-0.3828125,0
65656418.0,7032.0,1.0,0.3394775391,0.3726806641,0.6586303711,-0.55859375
65659386.0,2968.0,0.0,2.609375,0.01953125,1.0078125,0
65666418.0,7032.0,1.0,0.3352661133,0.3748779297,0.6619873047,-0.5557250977
65669386.0,2968.0,0.0,2.9609375,-0.76953125,1.61328125,0
65681418.0,12032.0,1.0,0.330871582,0.3773193359,0.6647338867,-0.5534057617
65685386.0,3968.0,0.0,1.16796875,1.27734375,0.53515625,0
65688418.0,3032.0,1.0,0.3262329102,0.3798217773,0.6673583984,-0.5513305664
65691386.0,2968.0,0.0,1.13671875,1.29296875,0.63671875,0
65696418.0,5032.0,1.0,0.3213500977,0.3822631836,0.6702880859,-0.5489501953
65699386.0,2968.0,0.0,0.25390625,0.83984375,-0.25,0
65706418.0,7032.0,1.0,0.3170166016,0.3842163086,0.6732788086,-0.5463867188
65709386.0,2968.0,0.0,-0.2421875,1.09375,-2.09375,0
65716418.0,7032.0,1.0,0.3127441406,0.3860473633,0.6764526367,-0.5436401367
65719386.0,2968.0,0.0,0.63671875,0.4609375,-1.6015625,0
65726418.0,7032.0,1.0,0.3082885742,0.3879394531,0.6796875,-0.5408325195
65730386.0,3968.0,0.0,1.40234375,0.67578125,0.15625,0
65736418.0,6032.0,1.0,0.3034667969,0.3900756836,0.6827392578,-0.5381469727
65739386.0,2968.0,0.0,1.32421875,0.69140625,0.76953125,0
65746418.0,7032.0,1.0,0.2984008789,0.3923950195,0.6856689453,-0.5355834961
65749386.0,2968.0,0.0,0.2421875,-0.78125,-0.0078125,0
65756418.0,7032.0,1.0,0.2931518555,0.3948364258,0.6883544922,-0.533203125
65759386.0,2968.0,0.0,-0.953125,-1.109375,-1.125,0
65766418.0,7032.0,1.0,0.2882080078,0.3970947266,0.6908569336,-0.5310668945
65769386.0,2968.0,0.0,-2.46484375,-1.046875,-2.2109375,0
65776418.0,7032.0,1.0,0.2835083008,0.3991088867,0.6931762695,-0.5289916992
65779386.0,2968.0,0.0,-3.3125,-0.375,-2.64453125,0
65786419.0,7033.0,1.0,0.2788085938,0.4011230469,0.6955566406,-0.5267944336
65789386.0,2967.0,0.0,-2.44140625,0.4453125,-0.33203125,0
65796419.0,7033.0,1.0,0.2739868164,0.4031982422,0.6981201172,-0.5244140625
65799386.0,2967.0,0.0,-1.03125,0.31640625,1.71875,0
65806419.0,7033.0,1.0,0.2689208984,0.405456543,0.7008056641,-0.5217285156
65810386.0,3967.0,0.0,-0.015625,0.90625,3.97265625,0
65816419.0,6033.0,1.0,0.2635498047,0.4077758789,0.7037353516,-0.5186767578
65819386.0,2967.0,0.0,0.88671875,0.84765625,4.08203125,0
65826419.0,7033.0,1.0,0.2585449219,0.4099121094,0.7067260742,-0.5153808594
65829386.0,2967.0,0.0,0.91015625,-1.58984375,1.44140625,0
65841419.0,12033.0,1.0,0.2534790039,0.4118652344,0.7100830078,-0.5117797852
65845386.0,3967.0,0.0,0.88671875,-1.84375,-0.80859375,0
65848419.0,3033.0,1.0,0.2485961914,0.4135742188,0.7134399414,-0.5080566406
65851386.0,2967.0,0.0,2.1640625,-1.8359375,-1.07421875,0
65856419.0,5033.0,1.0,0.2436523438,0.4153442383,0.716796875,-0.5043334961
65859386.0,2967.0,0.0,2.09375,-1.8203125,-0.95703125,0
65866419.0,7033.0,1.0,0.2384033203,0.4172973633,0.7199707031,-0.5006713867
65869386.0,2967.0,0.0,3.33203125,-1.07421875,0.421875,0
65876419.0,7033.0,1.0,0.2330322266,0.4194946289,0.72265625,-0.4974975586
65879386.0,2967.0,0.0,2.57421875,-0.41015625,1.63671875,0
65886419.0,7033.0,1.0,0.2268676758,0.4219970703,0.7250976563,-0.4946289063
65890386.0,3967.0,0.0,1.65234375,0.44921875,2.44921875,0
65896419.0,6033.0,1.0,0.2203979492,0.4246826172,0.7272949219,-0.4920654297
65899386.0,2967.0,0.0,0.76953125,0.5859375,2.3515625,0
65906419.0,7033.0,1.0,0.2139892578,0.4271240234,0.7292480469,-0.4898681641
65909386.0,2967.0,0.0,1.765625,0.92578125,1.37109375,0
65916419.0,7033.0,1.0,0.2078857422,0.4293212891,0.7313842773,-0.4873657227
65919386.0,2967.0,0.0,3.02734375,1.68359375,1.46484375,0
65926419.0,7033.0,1.0,0.2020874023,0.4312744141,0.7340698242,-0.4840698242
65929386.0,2967.0,0.0,4.28125,-0.3203125,0.1953125,0
65936419.0,7033.0,1.0,0.1963500977,0.4332885742,0.7369384766,-0.4802856445
65939386.0,2967.0,0.0,-0.09375,-2.57421875,-3.33203125,0
65946419.0,7033.0,1.0,0.1905517578,0.4353637695,0.7396240234,-0.4765625
65949386.0,2967.0,0.0,-2.70703125,-0.99609375,-2.49609375,0
65959419.0,10033.0,1.0,0.1848144531,0.4373779297,0.7419433594,-0.4733276367
65962386.0,2967.0,0.0,-3.0546875,-0.17578125,-1.0625,0
65969419.0,7033.0,1.0,0.1787109375,0.439453125,0.7438964844,-0.470703125
65972386.0,2967.0,0.0,-2.56640625,-0.296875,0.14453125,0
65976419.0,4033.0,1.0,0.1725463867,0.4413452148,0.7456054688,-0.4685668945
65979386.0,2967.0,0.0,0.84375,1.640625,1.1796875,0
65986419.0,7033.0,1.0,0.1664428711,0.4431762695,0.7473144531,-0.4662475586
65989386.0,2967.0,0.0,2.48046875,1.86328125,1.06640625,0
65996419.0,7033.0,1.0,0.1606445313,0.4450073242,0.7492675781,-0.4633789063
65999386.0,2967.0,0.0,1.54296875,1.34375,-0.265625,0
66007419.0,8033.0,1.0,0.1549682617,0.4468383789,0.7515258789,-0.4598999023
66010386.0,2967.0,0.0,-0.2734375,0.4453125,-1.98046875,0
66016419.0,6033.0,1.0,0.1497192383,0.4486083984,0.7537841797,-0.4561767578
66019386.0,2967.0,0.0,-4.03125,0.02734375,-2.03125,0
66026419.0,7033.0,1.0,0.1442260742,0.4504394531,0.7561035156,-0.452331543
66029386.0,2967.0,0.0,-4.62109375,0.33984375,-1.70703125,0
66036419.0,7033.0,1.0,0.1386108398,0.4520874023,0.7581176758,-0.4490356445
66039386.0,2967.0,0.0,-4.37109375,0.2421875,-1.23046875,0
66047419.0,8033.0,1.0,0.1329345703,0.4535522461,0.7599487305,-0.4462280273
66050386.0,2967.0,0.0,-3.4609375,0.36328125,-0.5390625,0
66056419.0,6033.0,1.0,0.1271972656,0.4548339844,0.7615966797,-0.4437255859
66059386.0,2967.0,0.0,-0.328125,0.69140625,0.79296875,0
66066419.0,7033.0,1.0,0.1215209961,0.455871582,0.7633666992,-0.4412231445
66069386.0,2967.0,0.0,0.765625,2.01953125,1.01953125,0
66076419.0,7033.0,1.0,0.1159057617,0.4567871094,0.7655029297,-0.4380493164
66079386.0,2967.0,0.0,1.0859375,1.125,0.7109375,0
66087419.0,8033.0,1.0,0.1104125977,0.4575195313,0.7682495117,-0.4339599609
66090386.0,2967.0,0.0,0.828125,1.24609375,0.1484375,0
66096419.0,6033.0,1.0,0.1051025391,0.4579467773,0.7712402344,-0.4293823242
66099386.0,2967.0,0.0,-0.23828125,-0.81640625,-1.28515625,0
66106419.0,7033.0,1.0,0.0998535156,0.4581298828,0.7742919922,-0.4250488281
66109386.0,2967.0,0.0,-1.21875,-1.12109375,-1.96484375,0
66116419.0,7033.0,1.0,0.0943603516,0.4581298828,0.7769775391,-0.4213867188
66119386.0,2967.0,0.0,-2.25,-1.87109375,-2.8046875,0
66126419.0,7033.0,1.0,0.0883178711,0.4580078125,0.7791748047,-0.4187011719
66129386.0,2967.0,0.0,-1.140625,-2.0703125,-2.62890625,0
66142419.0,13033.0,1.0,0.0821533203,0.4577636719,0.7808227539,-0.4171142578
66147419.0,5000.0,1.0,0.0754394531,0.4574584961,0.7822265625,-0.4161376953
66149386.0,1967.0,0.0,0.984375,-1.85546875,-1.31640625,0
66157419.0,8033.0,1.0,0.0685424805,0.45703125,0.7836914063,-0.4150390625
66160386.0,2967.0,0.0,1.71875,-0.421875,-0.51953125,0
66166419.0,6033.0,1.0,0.0621337891,0.4565429688,0.7852783203,-0.4135131836
66169386.0,2967.0,0.0,2.1015625,-0.83203125,0.671875,0
66176419.0,7033.0,1.0,0.0556030273,0.4559936523,0.7869873047,-0.4118652344
66179386.0,2967.0,0.0,1.30078125,-1.78125,0.6796875,0
66186419.0,7033.0,1.0,0.0487060547,0.4554443359,0.7883300781,-0.4107055664
66190386.0,3967.0,0.0,-0.078125,-2.109375,0.47265625,0
66196419.0,6033.0,1.0,0.0413208008,0.4547729492,0.7892456055,-0.4105224609
66199386.0,2967.0,0.0,-1.5390625,-1.54296875,-0.1171875,0
66206419.0,7033.0,1.0,0.0339355469,0.453918457,0.7901611328,-0.4104003906
66209386.0,2967.0,0.0,0.22265625,1.74609375,-0.1875,0
66216419.0,7033.0,1.0,0.0266113281,0.4527587891,0.7917480469,-0.4092407227
66219386.0,2967.0,0.0,1.09375,1.9609375,0.49609375,0
66226419.0,7033.0,1.0,0.0202636719,0.4513549805,0.794128418,-0.4064941406
66229386.0,2967.0,0.0,1.7265625,0.8828125,1.04296875,0
66236419.0,7033.0,1.0,0.0145263672,0.4498901367,0.7968139648,-0.4030151367
66239386.0,2967.0,0.0,2.13671875,-0.13671875,0.71484375,0
66247419.0,8033.0,1.0,0.0087890625,0.4483642578,0.7993164063,-0.3999633789
66250386.0,2967.0,0.0,0.89453125,-2.87109375,0.1171875,0
66256419.0,6033.0,1.0,0.0029907227,0.4467773438,0.8010864258,-0.3982543945
66259386.0,2967.0,0.0,0.046875,-2.49609375,-0.58984375,0
66266419.0,7033.0,1.0,0.003112793,-0.4451293945,-0.8021240234,0.3980102539
66269386.0,2967.0,0.0,-1.046875,-2.36328125,-0.84765625,0
66276419.0,7033.0,1.0,0.0093994141,-0.4432983398,-0.8024902344,0.399230957
66279386.0,2967.0,0.0,-1.76171875,-2.0546875,-1.1015625,0
66286419.0,7033.0,1.0,0.0156860352,-0.4412841797,-0.8023071289,0.4017333984
66289386.0,2967.0,0.0,-0.74609375,-0.66796875,-0.56640625,0
66302419.0,13033.0,1.0,0.0214233398,-0.4391479492,-0.8018188477,0.4047241211
66307419.0,5000.0,1.0,0.0266113281,-0.4367675781,-0.8016357422,0.4072265625
66309386.0,1967.0,0.0,-0.75,3.15234375,-0.58203125,0
66316419.0,7033.0,1.0,0.0307006836,-0.4342651367,-0.8023071289,0.4083251953
66319386.0,2967.0,0.0,-2.3125,-0.08984375,-1.13671875,0
66326419.0,7033.0,1.0,0.0337524414,-0.4317626953,-0.8033447266,0.4086914063
66329386.0,2967.0,0.0,-3.10546875,-1.046875,-1.5703125,0
66336419.0,7033.0,1.0,0.0365600586,-0.4291992188,-0.8041992188,0.4095458984
66339386.0,2967.0,0.0,-3.734375,-1.19921875,-2.046875,0
66347419.0,8033.0,1.0,0.0393066406,-0.4264526367,-0.8046264648,0.411315918
66350386.0,2967.0,0.0,-4.1328125,-1.41015625,-2.30859375,0
66356419.0,6033.0,1.0,0.0419921875,-0.4235839844,-0.8045043945,0.4141845703
66359386.0,2967.0,0.0,-4.40234375,-1.65625,-2.5078125,0
66366419.0,7033.0,1.0,0.0447998047,-0.4205322266,-0.8038330078,0.4183349609
66369386.0,2967.0,0.0,-3.88671875,-1.73046875,-2.33984375,0
66376419.0,7033.0,1.0,0.0475463867,-0.4172973633,-0.8026123047,0.4235839844
66379386.0,2967.0,0.0,-3.52734375,-1.7578125,-2.43359375,0
66387419.0,8033.0,1.0,0.0502929687,-0.4138793945,-0.8008422852,0.4298706055
66390386.0,2967.0,0.0,-3.0078125,-0.15625,-2.4609375,0
66396419.0,6033.0,1.0,0.0523681641,-0.4105224609,-0.7994384766,0.4354858398
66399386.0,2967.0,0.0,-3.015625,2.265625,-2.37109375,0
66406419.0,7033.0,1.0,0.0537719727,-0.4067993164,-0.7984619141,0.4404907227
66409386.0,2967.0,0.0,-3.03125,1.39453125,-2.37109375,0
66416419.0,7033.0,1.0,0.0545654297,-0.4030761719,-0.798034668,0.4447021484
66419386.0,2967.0,0.0,-3.1171875,-0.19921875,-2.36328125,0
66427419.0,8033.0,1.0,0.0552368164,-0.3991699219,-0.7974243164,0.4491577148
66430386.0,2967.0,0.0,-3.0390625,-1.27734375,-2.59765625,0
66437419.0,7033.0,1.0,0.0559692383,-0.3950195313,-0.7963867188,0.4545288086
66440386.0,2967.0,0.0,-2.2421875,-1.62109375,-1.80859375,0
66446419.0,6033.0,1.0,0.0567626953,-0.3908081055,-0.7948608398,0.4606323242
66449386.0,2967.0,0.0,-1.74609375,-1.45703125,-1.52734375,0
66456419.0,7033.0,1.0,0.0576782227,-0.3864135742,-0.7928466797,0.4676513672
66459386.0,2967.0,0.0,-0.88671875,-0.94921875,-1.0,0
66467419.0,8033.0,1.0,0.0585327148,-0.3819580078,-0.7905273438,0.4750976563
66470386.0,2967.0,0.0,0.0390625,0.30078125,-0.328125,0
66482419.0,12033.0,1.0,0.0589599609,-0.3776855469,-0.7883911133,0.4819946289
66487386.0,4967.0,0.0,1.0078125,2.4921875,1.19140625,0
66490419.0,3033.0,1.0,0.0589599609,-0.3733520508,-0.7866210938,0.4881591797
66493386.0,2967.0,0.0,0.859375,2.05859375,1.19140625,0
66497419.0,4033.0,1.0,0.0582885742,-0.3687133789,-0.7853393555,0.4938354492
66500386.0,2967.0,0.0,0.8671875,2.12890625,1.08984375,0
66507419.0,7033.0,1.0,0.0573730469,-0.3648071289,-0.7846069336,0.498046875
66510386.0,2967.0,0.0,0.5703125,-0.23828125,0.828125,0
66516419.0,6033.0,1.0,0.0562744141,-0.3607788086,-0.7836303711,0.5025634766
66519386.0,2967.0,0.0,0.546875,-0.60546875,0.5859375,0
66527419.0,8033.0,1.0,0.0552978516,-0.3567504883,-0.7822875977,0.5076904297
66531386.0,3967.0,0.0,0.4921875,-0.671875,0.5234375,0
66537419.0,6033.0,1.0,0.0544433594,-0.3527832031,-0.7803955078,0.5133666992
66540386.0,2967.0,0.0,0.39453125,-0.5703125,0.56640625,0
66547419.0,7033.0,1.0,0.053527832,-0.3488769531,-0.7781982422,0.5194091797
66550386.0,2967.0,0.0,0.640625,0.5625,0.765625,0
66557419.0,7033.0,1.0,0.0525512695,-0.3450317383,-0.7759399414,0.5254516602
66560386.0,2967.0,0.0,0.93359375,1.5,0.71875,0
66567419.0,7033.0,1.0,0.0512695312,-0.3413696289,-0.7739868164,0.5308227539
66570386.0,2967.0,0.0,1.0703125,2.6171875,1.07421875,0
66577419.0,7033.0,1.0,0.0494384766,-0.3378295898,-0.7727661133,0.5350341797
66580386.0,2967.0,0.0,0.98046875,2.93359375,1.1875,0
66586419.0,6033.0,1.0,0.0473022461,-0.3345947266,-0.7721557617,0.5380859375
66589386.0,2967.0,0.0,0.91796875,0.57421875,0.93359375,0
66597419.0,8033.0,1.0,0.0448608398,-0.331237793,-0.7716674805,0.5411376953
66600386.0,2967.0,0.0,0.828125,-0.09375,0.796875,0
66607419.0,7033.0,1.0,0.0424194336,-0.328125,-0.7708740234,0.5443115234
66610386.0,2967.0,0.0,0.6640625,-0.52734375,0.42578125,0
66617419.0,7033.0,1.0,0.0401000977,-0.3250732422,-0.7697143555,0.5479125977
66620386.0,2967.0,0.0,0.53515625,-0.7734375,0.125,0
66627419.0,7033.0,1.0,0.0377197266,-0.3219604492,-0.7681274414,0.5521850586
66630386.0,2967.0,0.0,-0.0390625,-1.125,-0.21875,0
66640419.0,10033.0,1.0,0.0357055664,-0.3192749023,-0.7663574219,0.5562744141
66643386.0,2967.0,0.0,-0.234375,-0.90234375,-0.3046875,0
66650419.0,7033.0,1.0,0.0332641602,-0.3161621094,-0.7640991211,0.5612792969
66653386.0,2967.0,0.0,-0.16796875,-0.640625,-0.37890625,0
66657419.0,4033.0,1.0,0.0309448242,-0.313293457,-0.7620239258,0.5659179688
66660386.0,2967.0,0.0,-0.09765625,-0.265625,-0.0859375,0
66667419.0,7033.0,1.0,0.0286254883,-0.3106079102,-0.7600708008,0.5701293945
66670386.0,2967.0,0.0,0.05078125,-0.203125,-0.09765625,0
66677419.0,7033.0,1.0,0.0261230469,-0.3077392578,-0.7581787109,0.5742797852
66680386.0,2967.0,0.0,-0.07421875,-0.32421875,-0.15234375,0
66687419.0,7033.0,1.0,0.0235595703,-0.3048706055,-0.7563476563,0.5783081055
66690386.0,2967.0,0.0,-0.15625,-0.83984375,-0.1328125,0
66697419.0,7033.0,1.0,0.0209350586,-0.3020019531,-0.7544555664,0.5823974609
66700386.0,2967.0,0.0,-0.15625,-1.46484375,-0.484375,0
66707419.0,7033.0,1.0,0.0182495117,-0.2991333008,-0.7522583008,0.586730957
66710386.0,2967.0,0.0,-0.203125,-1.71875,-0.80859375,0
66717419.0,7033.0,1.0,0.0155639648,-0.2962646484,-0.7496948242,0.5915527344
66720386.0,2967.0,0.0,-0.27734375,-1.91796875,-0.98828125,0
66727419.0,7033.0,1.0,0.0128173828,-0.2933959961,-0.7467651367,0.5967407227
66730386.0,2967.0,0.0,-0.46875,-1.84765625,-0.9609375,0
66737419.0,7033.0,1.0,0.0099487305,-0.2905883789,-0.7436523438,0.6020507813
66740386.0,2967.0,0.0,-0.96484375,-1.5625,-1.15234375,0
66747419.0,7033.0,1.0,0.0069580078,-0.2877197266,-0.7404174805,0.607421875
66750386.0,2967.0,0.0,-1.1953125,-1.76953125,-1.1640625,0
66757419.0,7033.0,1.0,0.0039672852,-0.2849121094,-0.737121582,0.6127319336
66760386.0,2967.0,0.0,-1.23046875,-1.96875,-1.05859375,0
66767419.0,7033.0,1.0,0.0009155273,-0.2821044922,-0.7335205078,0.618347168
66770386.0,2967.0,0.0,-1.26171875,-2.44140625,-0.921875,0
66782419.0,12033.0,1.0,0.0018920898,0.2794189453,0.7296142578,-0.624206543
66787386.0,4967.0,0.0,-1.109375,-2.49609375,-0.83203125,0
66790419.0,3033.0,1.0,0.0047607422,0.276550293,0.7248535156,-0.6309204102
66793386.0,2967.0,0.0,-1.0703125,-2.47265625,-0.99609375,0
66797419.0,4033.0,1.0,0.0078735352,0.2735595703,0.719543457,-0.6382446289
66800386.0,2967.0,0.0,-0.9375,-1.953125,-1.0546875,0
66807419.0,7033.0,1.0,0.010925293,0.2708129883,0.7146606445,-0.6448364258
66810386.0,2967.0,0.0,-0.8203125,-1.5546875,-1.1484375,0
66817419.0,7033.0,1.0,0.0144042969,0.2680053711,0.709777832,-0.6513061523
66820386.0,2967.0,0.0,-0.4296875,-1.30078125,-0.65625,0
66827419.0,7033.0,1.0,0.0178833008,0.2653198242,0.7055053711,-0.6569213867
66830386.0,2967.0,0.0,-0.19921875,-1.33984375,-0.34375,0
66837419.0,7033.0,1.0,0.0215454102,0.2626953125,0.7013549805,-0.6622924805
66840386.0,2967.0,0.0,-0.15234375,-1.63671875,-0.0625,0
66847419.0,7033.0,1.0,0.025390625,0.2599487305,0.6970825195,-0.6677246094
66850386.0,2967.0,0.0,0.0078125,-1.7421875,-0.28125,0
66857419.0,7033.0,1.0,0.0291748047,0.2572631836,0.692565918,-0.6732788086
66860386.0,2967.0,0.0,0.0859375,-1.7421875,-0.3125,0
66867419.0,7033.0,1.0,0.0329589844,0.2546386719,0.6878051758,-0.6790161133
66870386.0,2967.0,0.0,0.25,-1.78125,-0.4296875,0
66877419.0,7033.0,1.0,0.0368041992,0.2518920898,0.6824951172,-0.6851196289
66880386.0,2967.0,0.0,0.32421875,-1.70703125,-0.51953125,0
66887419.0,7033.0,1.0,0.0406494141,0.249206543,0.6768798828,-0.69140625
66890386.0,2967.0,0.0,0.59375,-0.75390625,-0.5,0
66897419.0,7033.0,1.0,0.0446166992,0.2465209961,0.6710205078,-0.6978149414
66900386.0,2967.0,0.0,0.71875,-0.34375,-0.52734375,0
66907419.0,7033.0,1.0,0.0486450195,0.2437744141,0.6651000977,-0.7041625977
66911386.0,3967.0,0.0,0.91015625,0.109375,-0.3984375,0
66918419.0,7033.0,1.0,0.0526123047,0.2410888672,0.6596069336,-0.7099609375
66921386.0,2967.0,0.0,1.21875,0.515625,-0.33984375,0
66931419.0,10033.0,1.0,0.0568847656,0.2382202148,0.6538696289,-0.7158813477
66934386.0,2967.0,0.0,1.44921875,0.8828125,0.1015625,0
66938419.0,4033.0,1.0,0.0614624023,0.2351074219,0.6480712891,-0.7218017578
66941386.0,2967.0,0.0,1.51953125,1.05859375,0.11328125,0
66947419.0,6033.0,1.0,0.0658569336,0.2321166992,0.6427612305,-0.7271118164
66950386.0,2967.0,0.0,1.59375,0.99609375,-0.0078125,0
66957419.0,7033.0,1.0,0.0702514648,0.2290039063,0.6374511719,-0.7322998047
66960386.0,2967.0,0.0,1.42578125,0.78125,-0.23828125,0
66967419.0,7033.0,1.0,0.0744628906,0.2260742188,0.6323242188,-0.7372436523
66970386.0,2967.0,0.0,0.875,0.3359375,-0.51171875,0
66977419.0,7033.0,1.0,0.0790405273,0.2227172852,0.6264648438,-0.7427978516
66980386.0,2967.0,0.0,0.70703125,0.34375,-0.65234375,0
66987419.0,7033.0,1.0,0.0833129883,0.219543457,0.6206665039,-0.7481079102
66990386.0,2967.0,0.0,0.38671875,0.3125,-0.6640625,0
66997419.0,7033.0,1.0,0.0874633789,0.2163696289,0.6146240234,-0.7535400391
67000386.0,2967.0,0.0,0.2890625,0.2421875,-0.7578125,0
67007419.0,7033.0,1.0,0.0916137695,0.2131347656,0.6080932617,-0.7592163086
67010386.0,2967.0,0.0,0.5703125,0.359375,-0.5625,0
67017419.0,7033.0,1.0,0.0955200195,0.2100219727,0.6016235352,-0.7647705078
67020386.0,2967.0,0.0,0.47265625,0.5859375,-0.43359375,0
67027419.0,7033.0,1.0,0.0994873047,0.2069091797,0.5947875977,-0.7703857422
67030386.0,2967.0,0.0,0.59375,0.89453125,-0.421875,0
67039419.0,9033.0,1.0,0.1033935547,0.203918457,0.5882568359,-0.7756958008
67042386.0,2967.0,0.0,0.6796875,0.921875,-0.48828125,0
67049419.0,7033.0,1.0,0.1072998047,0.2008056641,0.5816040039,-0.7809448242
67052386.0,2967.0,0.0,0.7265625,0.63671875,-0.421875,0
67057419.0,5033.0,1.0,0.1116333008,0.1973876953,0.57421875,-0.7866210938
67060386.0,2967.0,0.0,0.7265625,0.515625,-0.54296875,0
67067419.0,7033.0,1.0,0.1155395508,0.1943969727,0.5674438477,-0.7917480469
67070386.0,2967.0,0.0,0.65625,0.375,-0.60546875,0
67077419.0,7033.0,1.0,0.1196289063,0.19140625,0.5602416992,-0.7969970703
67080386.0,2967.0,0.0,0.578125,0.3203125,-0.671875,0
67087419.0,7033.0,1.0,0.1237182617,0.1884765625,0.552734375,-0.8023071289
67090386.0,2967.0,0.0,0.6171875,0.2109375,-0.859375,0
67097419.0,7033.0,1.0,0.1278076172,0.1856079102,0.5449829102,-0.8076171875
67100386.0,2967.0,0.0,0.734375,0.37109375,-0.81640625,0
67107419.0,7033.0,1.0,0.1319580078,0.1828613281,0.5371704102,-0.8127441406
67110386.0,2967.0,0.0,0.7265625,0.75390625,-0.7265625,0
67117419.0,7033.0,1.0,0.1362304688,0.1801147461,0.5295410156,-0.8176879883
67120386.0,2967.0,0.0,0.88671875,1.37109375,-0.6484375,0
67127419.0,7033.0,1.0,0.1405639648,0.1774291992,0.5223388672,-0.8221435547
67130386.0,2967.0,0.0,1.0703125,1.2578125,-0.62109375,0
67137419.0,7033.0,1.0,0.1449584961,0.1747436523,0.5154418945,-0.8262939453
67140386.0,2967.0,0.0,1.03125,1.109375,-0.57421875,0
67147419.0,7033.0,1.0,0.1494750977,0.1720581055,0.5084838867,-0.8303222656
67150386.0,2967.0,0.0,0.79296875,0.9921875,-0.5859375,0
67157419.0,7033.0,1.0,0.1537475586,0.1696166992,0.501953125,-0.8340454102
67160386.0,2967.0,0.0,0.79296875,0.76171875,-0.6875,0
67167419.0,7033.0,1.0,0.158203125,0.1670532227,0.4946899414,-0.8380737305
67170386.0,2967.0,0.0,0.78515625,0.3984375,-0.8515625,0
67177419.0,7033.0,1.0,0.1627197266,0.1645507813,0.4867553711,-0.8423461914
67180386.0,2967.0,0.0,0.88671875,0.6875,-1.09375,0
67187419.0,7033.0,1.0,0.1669921875,0.1622314453,0.4790039063,-0.8463745117
67190386.0,2967.0,0.0,0.953125,1.28515625,-1.2578125,0
67197419.0,7033.0,1.0,0.1715087891,0.1597900391,0.4713134766,-0.8502197266
67200386.0,2967.0,0.0,0.9453125,2.26171875,-0.49609375,0
67207419.0,7033.0,1.0,0.1758422852,0.1574707031,0.4649658203,-0.8532714844
67210386.0,2967.0,0.0,0.85546875,2.17578125,-0.3203125,0
67217419.0,7033.0,1.0,0.1802978516,0.1549682617,0.4591064453,-0.8559570313
67220386.0,2967.0,0.0,0.76171875,1.90625,-0.4375,0
67227419.0,7033.0,1.0,0.1846313477,0.1525268555,0.4536743164,-0.8583984375
67230386.0,2967.0,0.0,0.5546875,1.53125,-0.625,0
67237419.0,7033.0,1.0,0.1889038086,0.1500854492,0.4481201172,-0.8608398438
67240386.0,2967.0,0.0,0.30078125,0.76171875,-0.84765625,0
67247419.0,7033.0,1.0,0.1928710938,0.1477661133,0.4423217773,-0.8633422852
67250386.0,2967.0,0.0,0.40234375,0.68359375,-0.8515625,0
67257419.0,7033.0,1.0,0.1967163086,0.1455688477,0.4360351563,-0.866027832
67260386.0,2967.0,0.0,0.26171875,0.98046875,-0.546875,0
67267419.0,7033.0,1.0,0.2003173828,0.1434936523,0.4298095703,-0.8686523438
67270386.0,2967.0,0.0,0.4765625,2.3515625,-0.94140625,0
67277419.0,7033.0,1.0,0.2038574219,0.1412963867,0.4244384766,-0.8707885742
67280386.0,2967.0,0.0,0.4140625,2.28125,-0.46875,0
67287419.0,7033.0,1.0,0.2073974609,0.1390380859,0.4202880859,-0.8723754883
67290386.0,2967.0,0.0,-0.06640625,2.44921875,-0.4296875,0
67299419.0,9033.0,1.0,0.2106323242,0.13671875,0.4173583984,-0.8733520508
67302386.0,2967.0,0.0,0.67578125,2.44140625,0.05078125,0
67307419.0,5033.0,1.0,0.2139282227,0.1342163086,0.414855957,-0.8741455078
67310386.0,2967.0,0.0,-0.0078125,0.875,-0.1953125,0
67317419.0,7033.0,1.0,0.2171630859,0.1317138672,0.4122314453,-0.8749389648
67320386.0,2967.0,0.0,-0.18359375,0.875,-0.09765625,0
67327419.0,7033.0,1.0,0.2200927734,0.1294555664,0.4090576172,-0.8760986328
67330386.0,2967.0,0.0,0.05859375,0.9140625,-0.46484375,0
67337419.0,7033.0,1.0,0.2227783203,0.1273193359,0.4053955078,-0.8773803711
67340386.0,2967.0,0.0,0.3359375,0.8203125,-0.71875,0
67347419.0,7033.0,1.0,0.2253417969,0.1253662109,0.4020996094,-0.8785400391
67350386.0,2967.0,0.0,0.54296875,1.41796875,-0.28515625,0
67357419.0,7033.0,1.0,0.2282104492,0.1231079102,0.3993530273,-0.8793945313
67360386.0,2967.0,0.0,0.48046875,1.078125,-0.03125,0
67367419.0,7033.0,1.0,0.2310180664,0.1208496094,0.3974609375,-0.8797607422
67370386.0,2967.0,0.0,0.45703125,0.625,0.04296875,0
67377419.0,7033.0,1.0,0.2337646484,0.1187133789,0.3959350586,-0.880065918
67380386.0,2967.0,0.0,0.2421875,0.44921875,0.1640625,0
67387419.0,7033.0,1.0,0.2362670898,0.1168212891,0.3942260742,-0.8804321289
67390386.0,2967.0,0.0,0.1015625,-0.875,1.0859375,0
67397419.0,7033.0,1.0,0.2388305664,0.1151123047,0.3916625977,-0.8811035156
67400386.0,2967.0,0.0,-0.6796875,-2.140625,2.875,0
67407419.0,7033.0,1.0,0.2411499023,0.1141357422,0.3880004883,-0.8822021484
67410386.0,2967.0,0.0,0.0703125,-2.1171875,2.24609375,0
67417419.0,7033.0,1.0,0.243347168,0.1135864258,0.3836669922,-0.8835449219
67420386.0,2967.0,0.0,1.20703125,-0.54296875,1.91796875,0
67427419.0,7033.0,1.0,0.2454833984,0.1131591797,0.3801879883,-0.8845214844
67430386.0,2967.0,0.0,1.96484375,2.390625,0.29296875,0
67437419.0,7033.0,1.0,0.2478027344,0.1123657227,0.3786010742,-0.8846435547
67440386.0,2967.0,0.0,1.88671875,2.359375,0.0,0
67447419.0,7033.0,1.0,0.2501831055,0.1112060547,0.3792724609,-0.8838500977
67450386.0,2967.0,0.0,1.50390625,1.5234375,0.4609375,0
67457419.0,7033.0,1.0,0.252746582,0.1098632813,0.3813476563,-0.8823852539
67460386.0,2967.0,0.0,0.921875,-0.89453125,0.63671875,0
67467419.0,7033.0,1.0,0.2551879883,0.1086425781,0.3834838867,-0.8809204102
67470386.0,2967.0,0.0,0.77734375,-1.8984375,0.66796875,0
67477419.0,7033.0,1.0,0.2576293945,0.1077270508,0.3848266602,-0.879699707
67480386.0,2967.0,0.0,0.5859375,-2.703125,0.68359375,0
67488419.0,8033.0,1.0,0.2598876953,0.1073608398,0.3848266602,-0.8790893555
67491386.0,2967.0,0.0,0.78515625,-2.86328125,0.53125,0
67497419.0,6033.0,1.0,0.2621459961,0.1074829102,0.3834838867,-0.8789672852
67500386.0,2967.0,0.0,0.6484375,-1.32421875,0.54296875,0
67507419.0,7033.0,1.0,0.264465332,0.1077880859,0.3817749023,-0.8790283203
67510386.0,2967.0,0.0,0.77734375,-0.4375,0.16796875,0
67517419.0,7033.0,1.0,0.266784668,0.1081542969,0.3805541992,-0.8788452148
67520386.0,2967.0,0.0,0.86328125,0.453125,0.23828125,0
