time_us,time_dif_us,data_type,value_1,value_2,value_3,value_4
150582419.0,7032.0,1.0,0.4284667969,-0.5242919922,0.520690918,0.5200195313
150585387.0,2968.0,0.0,-0.01953125,-0.015625,-0.09765625,0
150591419.0,6032.0,1.0,0.4284667969,-0.5242919922,0.520690918,0.5200195313
150594387.0,2968.0,0.0,0.015625,-0.0546875,-0.09765625,0
150602419.0,8032.0,1.0,0.428527832,-0.524230957,0.5207519531,0.5200195313
150605387.0,2968.0,0.0,0.015625,-0.015625,-0.0625,0
150612419.0,7032.0,1.0,0.428527832,-0.524230957,0.5207519531,0.5199584961
150615387.0,2968.0,0.0,0.015625,0.05859375,-0.015625,0
150622419.0,7032.0,1.0,0.4285888672,-0.5241699219,0.5207519531,0.5199584961
150625387.0,2968.0,0.0,0.015625,0.01953125,0.0234375,0
150631419.0,6032.0,1.0,0.4285888672,-0.5241699219,0.5207519531,0.5199584961
150634387.0,2968.0,0.0,0.015625,-0.09375,0.0234375,0
150642419.0,8032.0,1.0,0.4286499023,-0.5241088867,0.5207519531,0.5199584961
150645387.0,2968.0,0.0,0.015625,-0.171875,0.0625,0
150652419.0,7032.0,1.0,0.4286499023,-0.5241088867,0.5207519531,0.5199584961
150655387.0,2968.0,0.0,0.015625,-0.1328125,0.0625,0
150662419.0,7032.0,1.0,0.4286499023,-0.5241088867,0.5207519531,0.5199584961
150665387.0,2968.0,0.0,0.015625,-0.0859375,0.0234375,0
150671419.0,6032.0,1.0,0.4286499023,-0.5241088867,0.520690918,0.5200195313
150674387.0,2968.0,0.0,0.015625,-0.046875,0.0625,0
150682419.0,8032.0,1.0,0.4286499023,-0.5241088867,0.520690918,0.5200195313
150685387.0,2968.0,0.0,0.0078125,-0.0859375,0.0234375,0
150692419.0,7032.0,1.0,0.4286499023,-0.5241088867,0.520690918,0.5200195313
150695387.0,2968.0,0.0,-0.02734375,-0.046875,0.0234375,0
150702419.0,7032.0,1.0,0.4287109375,-0.5241088867,0.5207519531,0.5200195313
150705387.0,2968.0,0.0,0.046875,0.06640625,0.015625,0
150711419.0,6032.0,1.0,0.4287109375,-0.5240478516,0.5207519531,0.5200195313
150714387.0,2968.0,0.0,0.046875,0.11328125,0.015625,0
150722419.0,8032.0,1.0,0.4287109375,-0.5240478516,0.5207519531,0.5200195313
150725387.0,2968.0,0.0,0.0078125,0.10546875,0.015625,0
150731419.0,6032.0,1.0,0.4287109375,-0.5239868164,0.5207519531,0.5200195313
150734387.0,2968.0,0.0,0.0078125,0.02734375,0.015625,0
150741419.0,7032.0,1.0,0.4287109375,-0.5239868164,0.5207519531,0.5200195313
150744387.0,2968.0,0.0,0.0078125,0.02734375,0.015625,0
150751419.0,7032.0,1.0,0.4287109375,-0.5239868164,0.5208129883,0.5200195313
150754387.0,2968.0,0.0,0.0078125,0.02734375,0.015625,0
150762419.0,8032.0,1.0,0.4287109375,-0.5239868164,0.5208129883,0.5200195313
150765387.0,2968.0,0.0,0.0078125,0.02734375,0.09375,0
150772419.0,7032.0,1.0,0.4287109375,-0.5239868164,0.5208129883,0.5200195313
150775387.0,2968.0,0.0,0.0078125,-0.046875,0.015625,0
150782419.0,7032.0,1.0,0.4286499023,-0.5240478516,0.5207519531,0.5200805664
150786387.0,3968.0,0.0,0.0078125,-0.046875,0.0546875,0
150792419.0,6032.0,1.0,0.4285888672,-0.5240478516,0.5207519531,0.5200805664
150795387.0,2968.0,0.0,0.0078125,-0.015625,0.0546875,0
150802419.0,7032.0,1.0,0.4285888672,-0.5240478516,0.5207519531,0.5200805664
150805387.0,2968.0,0.0,0.0078125,0.06640625,0.046875,0
150811419.0,6032.0,1.0,0.4285888672,-0.5240478516,0.5208129883,0.5200805664
150814387.0,2968.0,0.0,0.0078125,0.21875,0.0078125,0
150822419.0,8032.0,1.0,0.4285888672,-0.5240478516,0.5208129883,0.5200195313
150826387.0,3968.0,0.0,0.0078125,0.2109375,0.046875,0
150832419.0,6032.0,1.0,0.4285888672,-0.5240478516,0.5208740234,0.5200195313
150835387.0,2968.0,0.0,0.0078125,0.2109375,0.0859375,0
150842419.0,7032.0,1.0,0.4285888672,-0.5240478516,0.5208740234,0.5199584961
150845387.0,2968.0,0.0,0.0078125,0.203125,0.046875,0
150852419.0,7032.0,1.0,0.4285888672,-0.5241088867,0.5208740234,0.5199584961
150855387.0,2968.0,0.0,0.0,0.08984375,0.046875,0
150862419.0,7032.0,1.0,0.4285888672,-0.5241088867,0.5209350586,0.5198974609
150866387.0,3968.0,0.0,0.0,0.01171875,0.0390625,0
150872419.0,6032.0,1.0,0.4285888672,-0.5241088867,0.5209350586,0.5198364258
150875387.0,2968.0,0.0,-0.03515625,-0.03125,0.0078125,0
150882419.0,7032.0,1.0,0.4285888672,-0.5241699219,0.5209960938,0.5197753906
150885387.0,2968.0,0.0,0.0,-0.1484375,0.0078125,0
150892419.0,7032.0,1.0,0.4285888672,-0.5241699219,0.5209960938,0.5197753906
150895387.0,2968.0,0.0,-0.03515625,-0.109375,0.0078125,0
150902419.0,7032.0,1.0,0.4285888672,-0.5241699219,0.5209960938,0.5197143555
150906387.0,3968.0,0.0,0.0,-0.03125,0.0078125,0
150912419.0,6032.0,1.0,0.428527832,-0.524230957,0.5209960938,0.5197143555
150915387.0,2968.0,0.0,0.0,-0.109375,0.0078125,0
150921419.0,6032.0,1.0,0.428527832,-0.524230957,0.5209960938,0.5197143555
150924387.0,2968.0,0.0,-0.03515625,-0.1484375,-0.0234375,0
150932419.0,8032.0,1.0,0.428527832,-0.524230957,0.5209960938,0.5197143555
150935387.0,2968.0,0.0,-0.03515625,-0.1484375,-0.0234375,0
150942419.0,7032.0,1.0,0.428527832,-0.524230957,0.5209960938,0.5197143555
150946387.0,3968.0,0.0,-0.03515625,-0.109375,0.015625,0
150952419.0,6032.0,1.0,0.4284667969,-0.524230957,0.5209960938,0.5197143555
150955387.0,2968.0,0.0,0.0,-0.0625,0.0,0
150962419.0,7032.0,1.0,0.4284667969,-0.5242919922,0.5209960938,0.5197143555
150965387.0,2968.0,0.0,0.0,-0.0625,-0.0390625,0
150972419.0,7032.0,1.0,0.4284667969,-0.5242919922,0.5209960938,0.5197753906
150975387.0,2968.0,0.0,-0.03515625,0.01171875,-0.0390625,0
150982419.0,7032.0,1.0,0.4284057617,-0.5242919922,0.5209960938,0.5197753906
150985387.0,2968.0,0.0,0.0,0.05078125,-0.03125,0
150992419.0,7032.0,1.0,0.4284057617,-0.5242919922,0.5209960938,0.5197753906
150995387.0,2968.0,0.0,0.0,0.05078125,-0.10546875,0
151002419.0,7032.0,1.0,0.4283447266,-0.5242919922,0.5209960938,0.5197753906
151005387.0,2968.0,0.0,0.0,0.12109375,-0.0625,0
151012419.0,7032.0,1.0,0.4283447266,-0.5242919922,0.5210571289,0.5197753906
151015387.0,2968.0,0.0,-0.03515625,0.04296875,-0.0234375,0
151022419.0,7032.0,1.0,0.4283447266,-0.5242919922,0.5210571289,0.5197143555
151025387.0,2968.0,0.0,-0.02734375,0.00390625,0.015625,0
151032419.0,7032.0,1.0,0.4283447266,-0.5242919922,0.5210571289,0.5197143555
151035387.0,2968.0,0.0,0.046875,-0.1484375,0.0546875,0
151042419.0,7032.0,1.0,0.4284057617,-0.524230957,0.5210571289,0.5197143555
151045387.0,2968.0,0.0,-0.02734375,-0.140625,0.0546875,0
151052419.0,7032.0,1.0,0.4284057617,-0.524230957,0.5210571289,0.5197143555
151055387.0,2968.0,0.0,0.0078125,-0.0625,0.0546875,0
151062419.0,7032.0,1.0,0.4284057617,-0.524230957,0.5211181641,0.5197143555
151065387.0,2968.0,0.0,0.0078125,0.01171875,0.0546875,0
151072419.0,7032.0,1.0,0.4283447266,-0.524230957,0.5210571289,0.5197753906
151075387.0,2968.0,0.0,0.0078125,0.12890625,0.015625,0
151082419.0,7032.0,1.0,0.4282836914,-0.5242919922,0.5210571289,0.5197753906
151085387.0,2968.0,0.0,0.0078125,0.08984375,0.015625,0
151092419.0,7032.0,1.0,0.4282226563,-0.5242919922,0.5210571289,0.5198364258
151095387.0,2968.0,0.0,0.0078125,0.01171875,0.015625,0
151102419.0,7032.0,1.0,0.4282226563,-0.5243530273,0.5209960938,0.5198364258
151105387.0,2968.0,0.0,0.0078125,-0.0234375,0.0078125,0
151111419.0,6032.0,1.0,0.4281616211,-0.5243530273,0.5209960938,0.5198974609
151114387.0,2968.0,0.0,0.0078125,-0.0625,0.0078125,0
151122419.0,8032.0,1.0,0.4281616211,-0.5243530273,0.5209960938,0.5198974609
151125387.0,2968.0,0.0,-0.02734375,-0.0625,0.0078125,0
151132419.0,7032.0,1.0,0.4281005859,-0.5243530273,0.5209960938,0.5198974609
151135387.0,2968.0,0.0,0.0078125,0.01171875,0.0078125,0
151142419.0,7032.0,1.0,0.4281005859,-0.5243530273,0.5209960938,0.5198974609
151145387.0,2968.0,0.0,0.0078125,-0.0234375,0.0078125,0
151152419.0,7032.0,1.0,0.4280395508,-0.5244140625,0.5209960938,0.5199584961
151155387.0,2968.0,0.0,0.0078125,0.01171875,0.0546875,0
151162419.0,7032.0,1.0,0.4280395508,-0.5244140625,0.5209960938,0.5199584961
151166387.0,3968.0,0.0,-0.02734375,0.05078125,0.09375,0
151172419.0,6032.0,1.0,0.4279785156,-0.5244750977,0.5209960938,0.5199584961
151175387.0,2968.0,0.0,0.0078125,0.16796875,0.09375,0
151182419.0,7032.0,1.0,0.4279174805,-0.5245361328,0.5209960938,0.5199584961
151185387.0,2968.0,0.0,0.0078125,0.234375,0.09375,0
151192419.0,7032.0,1.0,0.4278564453,-0.5245361328,0.5209960938,0.5198974609
151195387.0,2968.0,0.0,0.0078125,0.1953125,0.0859375,0
151202419.0,7032.0,1.0,0.4278564453,-0.524597168,0.5209960938,0.5198974609
151206387.0,3968.0,0.0,0.0078125,0.12109375,0.0078125,0
151212419.0,6032.0,1.0,0.4277954102,-0.5246582031,0.5209960938,0.5198974609
151215387.0,2968.0,0.0,0.0078125,-0.00390625,-0.03125,0
151222419.0,7032.0,1.0,0.4277954102,-0.5246582031,0.5209960938,0.5198364258
151225387.0,2968.0,0.0,0.0078125,-0.078125,-0.0703125,0
151232419.0,7032.0,1.0,0.4277954102,-0.5247192383,0.5210571289,0.5197753906
151235387.0,2968.0,0.0,0.0078125,-0.078125,-0.0625,0
151242419.0,7032.0,1.0,0.427734375,-0.5247192383,0.5211181641,0.5197753906
151246387.0,3968.0,0.0,0.0078125,-0.078125,0.015625,0
151252419.0,6032.0,1.0,0.427734375,-0.5247192383,0.5211181641,0.5197143555
151255387.0,2968.0,0.0,-0.02734375,-0.0390625,0.015625,0
151262419.0,7032.0,1.0,0.427734375,-0.5247192383,0.5211791992,0.5196533203
151265387.0,2968.0,0.0,0.0078125,0.14453125,0.0546875,0
151272419.0,7032.0,1.0,0.427734375,-0.5247802734,0.5211791992,0.5196533203
151275387.0,2968.0,0.0,0.0078125,0.1796875,0.0546875,0
151282419.0,7032.0,1.0,0.427734375,-0.5247802734,0.5211791992,0.5195922852
151286387.0,3968.0,0.0,0.0078125,0.1796875,0.015625,0
151292419.0,6032.0,1.0,0.4276733398,-0.5248413086,0.5211791992,0.5195922852
151295387.0,2968.0,0.0,0.0078125,0.06640625,0.015625,0
151302419.0,7032.0,1.0,0.4276733398,-0.5249023438,0.5212402344,0.51953125
151305387.0,2968.0,0.0,0.0078125,-0.0859375,0.015625,0
151312419.0,7032.0,1.0,0.4276733398,-0.5249023438,0.5212402344,0.51953125
151315387.0,2968.0,0.0,0.0078125,-0.0859375,0.0234375,0
151322419.0,7032.0,1.0,0.4276123047,-0.5249633789,0.5212402344,0.5194702148
151326387.0,3968.0,0.0,0.0,-0.0859375,-0.0625,0
151332419.0,6032.0,1.0,0.4276123047,-0.5250244141,0.5212402344,0.5194702148
151335387.0,2968.0,0.0,0.0,-0.125,-0.0625,0
151342419.0,7032.0,1.0,0.4275512695,-0.5250854492,0.5212402344,0.5194091797
151345387.0,2968.0,0.0,0.0078125,-0.203125,-0.12890625,0
151352419.0,7032.0,1.0,0.4275512695,-0.5250854492,0.5213012695,0.5194091797
151355387.0,2968.0,0.0,-0.02734375,-0.1953125,-0.08984375,0
151362419.0,7032.0,1.0,0.4275512695,-0.5250854492,0.5213012695,0.5193481445
151366387.0,3968.0,0.0,-0.02734375,-0.1953125,-0.046875,0
151372419.0,6032.0,1.0,0.4274902344,-0.5250854492,0.5213623047,0.5193481445
151375387.0,2968.0,0.0,0.0078125,-0.15625,-0.0078125,0
151382419.0,7032.0,1.0,0.4274902344,-0.5250854492,0.5213623047,0.5192871094
151385387.0,2968.0,0.0,0.0078125,0.00390625,0.03125,0
151392419.0,7032.0,1.0,0.4274902344,-0.5250854492,0.5214233398,0.5192871094
151395387.0,2968.0,0.0,-0.02734375,0.04296875,0.03125,0
151402419.0,7032.0,1.0,0.4274902344,-0.5250854492,0.521484375,0.5192260742
151405387.0,2968.0,0.0,-0.02734375,0.04296875,0.0703125,0
151412419.0,7032.0,1.0,0.4274291992,-0.5251464844,0.521484375,0.5192260742
151415387.0,2968.0,0.0,0.0078125,0.12109375,0.03125,0
151422419.0,7032.0,1.0,0.4274291992,-0.5251464844,0.521484375,0.5192260742
151425387.0,2968.0,0.0,-0.02734375,0.08203125,-0.0078125,0
151432419.0,7032.0,1.0,0.4273681641,-0.5252075195,0.521484375,0.5192260742
151435387.0,2968.0,0.0,0.0078125,0.01171875,0.0,0
151442419.0,7032.0,1.0,0.4273681641,-0.5252075195,0.521484375,0.5192260742
151445387.0,2968.0,0.0,0.0078125,-0.1015625,-0.0390625,0
151452419.0,7032.0,1.0,0.4273681641,-0.5252685547,0.521484375,0.5192260742
151455387.0,2968.0,0.0,-0.02734375,-0.1015625,-0.07421875,0
151462419.0,7032.0,1.0,0.4273681641,-0.5252685547,0.521484375,0.5191650391
151465387.0,2968.0,0.0,-0.02734375,-0.0234375,0.0,0
151472419.0,7032.0,1.0,0.4273681641,-0.5252685547,0.521484375,0.5191650391
151475387.0,2968.0,0.0,0.0078125,0.01171875,0.0,0
151482419.0,7032.0,1.0,0.4273681641,-0.5252685547,0.521484375,0.5191650391
151485387.0,2968.0,0.0,0.0078125,0.08984375,0.0,0
151492419.0,7032.0,1.0,0.4273681641,-0.5252685547,0.521484375,0.5191650391
151495387.0,2968.0,0.0,0.0078125,0.12890625,-0.07421875,0
151502419.0,7032.0,1.0,0.4273681641,-0.5252685547,0.521484375,0.5191650391
151505387.0,2968.0,0.0,0.0078125,0.01171875,0.0,0
151512419.0,7032.0,1.0,0.4273681641,-0.5252685547,0.521484375,0.5191040039
151515387.0,2968.0,0.0,0.015625,0.05078125,0.0390625,0
151522419.0,7032.0,1.0,0.4273681641,-0.5252685547,0.521484375,0.5191040039
151525387.0,2968.0,0.0,0.015625,0.12890625,0.0390625,0
151532419.0,7032.0,1.0,0.4273681641,-0.5252685547,0.521484375,0.5190429688
151535387.0,2968.0,0.0,0.015625,0.08984375,0.078125,0
151542419.0,7032.0,1.0,0.4274291992,-0.5252685547,0.5215454102,0.5190429688
151545387.0,2968.0,0.0,0.015625,0.00390625,0.0390625,0
151552419.0,7032.0,1.0,0.4274291992,-0.5253295898,0.5215454102,0.5189819336
151555387.0,2968.0,0.0,0.015625,-0.0703125,0.0390625,0
151562419.0,7032.0,1.0,0.4274291992,-0.5253295898,0.5215454102,0.5189819336
151565387.0,2968.0,0.0,0.015625,-0.109375,0.0,0
151572419.0,7032.0,1.0,0.4274291992,-0.5253295898,0.5215454102,0.5189819336
151575387.0,2968.0,0.0,0.015625,-0.26171875,-0.0390625,0
151582419.0,7032.0,1.0,0.4274291992,-0.5253295898,0.521484375,0.5189819336
151586387.0,3968.0,0.0,0.0078125,-0.21484375,-0.06640625,0
151592419.0,6032.0,1.0,0.4274291992,-0.5253295898,0.5215454102,0.5189819336
151595387.0,2968.0,0.0,0.0078125,-0.1015625,0.0078125,0
151602419.0,7032.0,1.0,0.4274291992,-0.5253295898,0.5215454102,0.5189819336
151605387.0,2968.0,0.0,0.0078125,0.16796875,0.046875,0
151612419.0,7032.0,1.0,0.4274291992,-0.5253295898,0.5215454102,0.5189208984
151615387.0,2968.0,0.0,0.0078125,0.16796875,0.046875,0
151622419.0,7032.0,1.0,0.4274291992,-0.5253295898,0.5216064453,0.5189208984
151626387.0,3968.0,0.0,0.0078125,0.16796875,0.046875,0
151632419.0,6032.0,1.0,0.4274291992,-0.5253295898,0.5216064453,0.5189208984
151635387.0,2968.0,0.0,-0.02734375,0.203125,0.046875,0
151642419.0,7032.0,1.0,0.4274291992,-0.5253295898,0.5216064453,0.5188598633
151645387.0,2968.0,0.0,-0.02734375,0.05078125,0.0078125,0
151652419.0,7032.0,1.0,0.4274902344,-0.5253295898,0.5216064453,0.5187988281
151655387.0,2968.0,0.0,0.0078125,0.00390625,-0.06640625,0
151662419.0,7032.0,1.0,0.4274902344,-0.5253295898,0.5216064453,0.5187988281
151666387.0,3968.0,0.0,0.0078125,-0.109375,-0.14453125,0
151672419.0,6032.0,1.0,0.4275512695,-0.5253295898,0.5216674805,0.5187988281
151675387.0,2968.0,0.0,-0.03515625,-0.140625,-0.10546875,0
151682419.0,7032.0,1.0,0.4275512695,-0.5253295898,0.5216674805,0.518737793
151685387.0,2968.0,0.0,0.0,-0.33203125,0.0078125,0
151692419.0,7032.0,1.0,0.4275512695,-0.5252685547,0.5216674805,0.5187988281
151695387.0,2968.0,0.0,-0.03515625,-0.28515625,0.015625,0
151702419.0,7032.0,1.0,0.4275512695,-0.5252685547,0.5216674805,0.5187988281
151706387.0,3968.0,0.0,0.0078125,-0.25390625,0.046875,0
151712419.0,6032.0,1.0,0.4276123047,-0.5252685547,0.5216674805,0.5187988281
151715387.0,2968.0,0.0,0.0078125,-0.1328125,0.0859375,0
151722419.0,7032.0,1.0,0.4275512695,-0.5252075195,0.5216674805,0.5187988281
151725387.0,2968.0,0.0,-0.02734375,0.09765625,0.046875,0
151732419.0,7032.0,1.0,0.4275512695,-0.5252075195,0.5216674805,0.5188598633
151735387.0,2968.0,0.0,0.0078125,0.21875,0.046875,0
151743419.0,8032.0,1.0,0.4275512695,-0.5252075195,0.5216674805,0.5188598633
151746387.0,2968.0,0.0,-0.01953125,0.18359375,0.0078125,0
151752419.0,6032.0,1.0,0.4275512695,-0.5252075195,0.5216674805,0.5188598633
151755387.0,2968.0,0.0,0.015625,0.10546875,-0.03125,0
151762419.0,7032.0,1.0,0.4276123047,-0.5252075195,0.5216674805,0.5189208984
151765387.0,2968.0,0.0,0.015625,0.01953125,-0.03125,0
151772419.0,7032.0,1.0,0.4276123047,-0.5251464844,0.5216674805,0.5189208984
151775387.0,2968.0,0.0,0.015625,-0.0546875,0.0078125,0
151782419.0,7032.0,1.0,0.4276123047,-0.5251464844,0.5216674805,0.5189208984
151785387.0,2968.0,0.0,0.015625,0.01953125,0.046875,0
151792419.0,7032.0,1.0,0.4276123047,-0.5251464844,0.5216674805,0.5188598633
151795387.0,2968.0,0.0,-0.01953125,0.01953125,0.125,0
151802419.0,7032.0,1.0,0.4276123047,-0.5250854492,0.5216674805,0.5188598633
151805387.0,2968.0,0.0,0.015625,0.09765625,0.078125,0
151812419.0,7032.0,1.0,0.4276123047,-0.5250854492,0.5217285156,0.5188598633
151815387.0,2968.0,0.0,-0.01953125,0.13671875,0.078125,0
151823419.0,8032.0,1.0,0.4276733398,-0.5250854492,0.5217285156,0.5188598633
151826387.0,2968.0,0.0,0.015625,0.09765625,0.078125,0
151832419.0,6032.0,1.0,0.4276733398,-0.5250854492,0.5216674805,0.5188598633
151835387.0,2968.0,0.0,-0.02734375,0.08984375,0.0,0
151842419.0,7032.0,1.0,0.4276733398,-0.5250854492,0.5216674805,0.5188598633
151845387.0,2968.0,0.0,0.0078125,0.12890625,-0.0390625,0
151855419.0,10032.0,1.0,0.4276733398,-0.5250854492,0.5216674805,0.5187988281
151858387.0,2968.0,0.0,0.046875,0.08984375,0.0,0
151865419.0,7032.0,1.0,0.4276733398,-0.5251464844,0.5217285156,0.5187988281
151868387.0,2968.0,0.0,0.0078125,0.04296875,0.0390625,0
151872419.0,4032.0,1.0,0.4276733398,-0.5251464844,0.5217285156,0.5187988281
151875387.0,2968.0,0.0,0.0078125,0.00390625,0.0703125,0
151882419.0,7032.0,1.0,0.4276733398,-0.5251464844,0.5217285156,0.518737793
151885387.0,2968.0,0.0,0.0078125,0.00390625,0.078125,0
151892419.0,7032.0,1.0,0.4276733398,-0.5251464844,0.5217285156,0.518737793
151895387.0,2968.0,0.0,0.0078125,0.01171875,0.0390625,0
151903419.0,8032.0,1.0,0.4276733398,-0.5252075195,0.5217285156,0.5186767578
151906387.0,2968.0,0.0,0.0078125,0.04296875,0.0390625,0
151912419.0,6032.0,1.0,0.4276733398,-0.5252075195,0.5217285156,0.5186767578
151915387.0,2968.0,0.0,0.0078125,-0.03125,0.0390625,0
151922419.0,7032.0,1.0,0.4276733398,-0.5252685547,0.5217285156,0.5186157227
151925387.0,2968.0,0.0,0.0078125,-0.0703125,0.0,0
151932419.0,7032.0,1.0,0.427734375,-0.5252685547,0.5217285156,0.5186157227
151935387.0,2968.0,0.0,0.0078125,-0.109375,0.0,0
151943419.0,8032.0,1.0,0.4276733398,-0.5253295898,0.5217285156,0.5185546875
151946387.0,2968.0,0.0,-0.02734375,-0.0703125,-0.0078125,0
151952419.0,6032.0,1.0,0.4276733398,-0.5253295898,0.5217285156,0.5185546875
151955387.0,2968.0,0.0,0.0078125,-0.0703125,-0.0078125,0
151962419.0,7032.0,1.0,0.4276733398,-0.5253295898,0.5217285156,0.5184936523
151966387.0,3968.0,0.0,0.0078125,-0.0703125,-0.0390625,0
151972419.0,6032.0,1.0,0.4276733398,-0.5253295898,0.5217895508,0.5184936523
151975387.0,2968.0,0.0,0.0078125,-0.0703125,-0.0390625,0
151982419.0,7032.0,1.0,0.4276733398,-0.5253295898,0.5217895508,0.5184936523
151985387.0,2968.0,0.0,0.0078125,-0.03125,-0.0390625,0
151992419.0,7032.0,1.0,0.4276733398,-0.5253295898,0.5217895508,0.5184936523
151995387.0,2968.0,0.0,0.0078125,-0.0625,-0.0390625,0
152002419.0,7032.0,1.0,0.4276733398,-0.5253295898,0.5217895508,0.5184936523
152006387.0,3968.0,0.0,0.0078125,-0.1015625,0.0,0
152012419.0,6032.0,1.0,0.4276733398,-0.5253295898,0.5217895508,0.5184936523
152015387.0,2968.0,0.0,-0.02734375,-0.0625,0.0,0
152022419.0,7032.0,1.0,0.4276123047,-0.5253295898,0.5217895508,0.5184936523
152025387.0,2968.0,0.0,0.046875,0.12890625,-0.0390625,0
152032419.0,7032.0,1.0,0.4276123047,-0.5253295898,0.5218505859,0.5184936523
152035387.0,2968.0,0.0,0.0078125,0.12890625,-0.07421875,0
152042419.0,7032.0,1.0,0.4276123047,-0.5253295898,0.5218505859,0.5184936523
152046387.0,3968.0,0.0,0.0078125,0.12890625,0.0390625,0
152052419.0,6032.0,1.0,0.4276123047,-0.5253295898,0.5218505859,0.5184936523
152055387.0,2968.0,0.0,0.0078125,0.08984375,0.046875,0
152062419.0,7032.0,1.0,0.4276123047,-0.5253295898,0.5218505859,0.5184936523
152065387.0,2968.0,0.0,0.0,0.01171875,0.046875,0
152072419.0,7032.0,1.0,0.4276123047,-0.5253295898,0.5218505859,0.5184936523
152075387.0,2968.0,0.0,0.0,-0.0625,0.0078125,0
152082419.0,7032.0,1.0,0.4276123047,-0.5253295898,0.5218505859,0.5184936523
152086387.0,3968.0,0.0,0.0,-0.1015625,-0.03125,0
152092419.0,6032.0,1.0,0.4276123047,-0.5253295898,0.5218505859,0.5184936523
152095387.0,2968.0,0.0,0.0,-0.1015625,-0.09765625,0
152103419.0,8032.0,1.0,0.4276123047,-0.5253295898,0.5218505859,0.5184326172
152106387.0,2968.0,0.0,0.0,-0.1015625,-0.09765625,0
152112419.0,6032.0,1.0,0.4276123047,-0.5253295898,0.5218505859,0.5184326172
152115387.0,2968.0,0.0,0.0,-0.1015625,-0.09765625,0
152122419.0,7032.0,1.0,0.4276123047,-0.5253295898,0.5219116211,0.5184326172
152126387.0,3968.0,0.0,0.0,-0.1328125,-0.0234375,0
152132419.0,6032.0,1.0,0.4276123047,-0.5253295898,0.5219116211,0.5184326172
152135387.0,2968.0,0.0,0.0,-0.09375,-0.0234375,0
152142419.0,7032.0,1.0,0.4276123047,-0.5253295898,0.5219116211,0.5184326172
152145387.0,2968.0,0.0,-0.03515625,0.01953125,-0.0234375,0
152152419.0,7032.0,1.0,0.4276123047,-0.5252685547,0.5219116211,0.5184936523
152155387.0,2968.0,0.0,0.0,0.02734375,0.0546875,0
152162419.0,7032.0,1.0,0.4276123047,-0.5252685547,0.5219116211,0.5184936523
152165387.0,2968.0,0.0,0.0,-0.0078125,0.0546875,0
152172419.0,7032.0,1.0,0.4276123047,-0.5252685547,0.5219116211,0.5184936523
152175387.0,2968.0,0.0,0.0,0.18359375,0.0546875,0
152182419.0,7032.0,1.0,0.4276123047,-0.5252685547,0.5219116211,0.5184936523
152185387.0,2968.0,0.0,0.0,0.21875,0.0546875,0
152192419.0,7032.0,1.0,0.4276123047,-0.5252685547,0.5219116211,0.5184936523
152195387.0,2968.0,0.0,0.0,0.25,0.0546875,0
152203419.0,8032.0,1.0,0.4276733398,-0.5252685547,0.5219116211,0.5184936523
152206387.0,2968.0,0.0,0.0,0.2890625,0.015625,0
152212419.0,6032.0,1.0,0.4276733398,-0.5252685547,0.5218505859,0.5184936523
152215387.0,2968.0,0.0,0.0,0.203125,-0.08984375,0
152222419.0,7032.0,1.0,0.4276733398,-0.5252685547,0.5218505859,0.5184936523
152225387.0,2968.0,0.0,0.0,0.05078125,-0.05078125,0
152232419.0,7032.0,1.0,0.427734375,-0.5252685547,0.5218505859,0.5184936523
152235387.0,2968.0,0.0,0.0,-0.140625,-0.015625,0
152243419.0,8032.0,1.0,0.427734375,-0.5252685547,0.5219116211,0.5184326172
152246387.0,2968.0,0.0,0.0,-0.21484375,0.0234375,0
152252419.0,6032.0,1.0,0.4277954102,-0.5252075195,0.5219116211,0.5184326172
152255387.0,2968.0,0.0,0.0,-0.03125,0.015625,0
152262419.0,7032.0,1.0,0.4277954102,-0.5251464844,0.5219116211,0.5184326172
152265387.0,2968.0,0.0,0.0,0.04296875,0.0546875,0
152272419.0,7032.0,1.0,0.4278564453,-0.5251464844,0.5219116211,0.5184326172
152275387.0,2968.0,0.0,0.0,0.08203125,0.0546875,0
152283419.0,8032.0,1.0,0.4278564453,-0.5251464844,0.5219116211,0.5184326172
152286387.0,2968.0,0.0,0.0,0.08203125,0.09375,0
152293419.0,7032.0,1.0,0.4278564453,-0.5251464844,0.5219116211,0.5184326172
152296387.0,2968.0,0.0,0.0,-0.03125,0.09375,0
152302419.0,6032.0,1.0,0.4278564453,-0.5251464844,0.5219116211,0.5184326172
152305387.0,2968.0,0.0,0.0,-0.0703125,0.046875,0
152312419.0,7032.0,1.0,0.4278564453,-0.5251464844,0.5219116211,0.5184326172
152315387.0,2968.0,0.0,0.0,-0.1484375,0.046875,0
152323419.0,8032.0,1.0,0.4278564453,-0.5251464844,0.5218505859,0.5184936523
152326387.0,2968.0,0.0,0.0,-0.1875,-0.03125,0
152332419.0,6032.0,1.0,0.4278564453,-0.5251464844,0.5218505859,0.5184936523
152335387.0,2968.0,0.0,0.0,-0.1484375,-0.14453125,0
152342419.0,7032.0,1.0,0.4278564453,-0.5251464844,0.5218505859,0.5184936523
152345387.0,2968.0,0.0,0.0,-0.140625,-0.10546875,0
152353419.0,8032.0,1.0,0.4277954102,-0.5251464844,0.5218505859,0.5185546875
152356387.0,2968.0,0.0,0.0,-0.1015625,-0.14453125,0
152362419.0,6032.0,1.0,0.4277954102,-0.5250854492,0.5218505859,0.5185546875
152365387.0,2968.0,0.0,0.0,0.05078125,0.0078125,0
152372419.0,7032.0,1.0,0.4277954102,-0.5250854492,0.5218505859,0.5185546875
152375387.0,2968.0,0.0,0.0,0.12890625,0.046875,0
152383419.0,8032.0,1.0,0.4278564453,-0.5250854492,0.5218505859,0.5186157227
152387387.0,3968.0,0.0,0.0,0.12890625,0.046875,0
152393419.0,6032.0,1.0,0.4278564453,-0.5250244141,0.5218505859,0.5186157227
152396387.0,2968.0,0.0,0.0,0.16796875,0.19921875,0
152403419.0,7032.0,1.0,0.4278564453,-0.5250244141,0.5219116211,0.5185546875
152406387.0,2968.0,0.0,0.0,0.28125,0.046875,0
152412419.0,6032.0,1.0,0.4278564453,-0.5250244141,0.5219116211,0.5185546875
152415387.0,2968.0,0.0,-0.03515625,0.203125,0.0078125,0
152423419.0,8032.0,1.0,0.4278564453,-0.5250244141,0.5218505859,0.5185546875
152427387.0,3968.0,0.0,0.0,0.00390625,0.0078125,0
152433419.0,6032.0,1.0,0.4278564453,-0.5250854492,0.5218505859,0.5185546875
152436387.0,2968.0,0.0,0.0390625,-0.109375,0.0078125,0
152442419.0,6032.0,1.0,0.4278564453,-0.5250854492,0.5218505859,0.5185546875
152445387.0,2968.0,0.0,0.0,-0.1875,-0.03125,0
152453419.0,8032.0,1.0,0.4278564453,-0.5250854492,0.5218505859,0.5185546875
152456387.0,2968.0,0.0,0.0,-0.26171875,-0.03125,0
152463419.0,7032.0,1.0,0.4278564453,-0.5250244141,0.5218505859,0.5185546875
152467387.0,3968.0,0.0,0.0,-0.22265625,-0.03125,0
152473419.0,6032.0,1.0,0.4278564453,-0.5250244141,0.5218505859,0.5186157227
152476387.0,2968.0,0.0,0.0,-0.140625,-0.03125,0
152483419.0,7032.0,1.0,0.4278564453,-0.5250244141,0.5218505859,0.5186157227
152486387.0,2968.0,0.0,0.0,-0.1015625,0.0078125,0
152493419.0,7032.0,1.0,0.4278564453,-0.5249633789,0.5218505859,0.5186157227
152496387.0,2968.0,0.0,0.0,-0.015625,0.0078125,0
152503419.0,7032.0,1.0,0.4278564453,-0.5249633789,0.5218505859,0.5186157227
152506387.0,2968.0,0.0,0.0,0.01953125,0.046875,0
152513419.0,7032.0,1.0,0.4278564453,-0.5249633789,0.5218505859,0.5186767578
152516387.0,2968.0,0.0,0.0,-0.015625,0.0390625,0
152523419.0,7032.0,1.0,0.4278564453,-0.5249023438,0.5219116211,0.5186767578
152526387.0,2968.0,0.0,0.0,0.09765625,0.0390625,0
152533419.0,7032.0,1.0,0.4278564453,-0.5249023438,0.5219116211,0.5186767578
152536387.0,2968.0,0.0,-0.03515625,0.05859375,0.0390625,0
152543419.0,7032.0,1.0,0.4278564453,-0.5249023438,0.5219116211,0.5186767578
152546387.0,2968.0,0.0,0.0,0.05859375,0.0390625,0
152553419.0,7032.0,1.0,0.4278564453,-0.5249023438,0.5219116211,0.518737793
152556387.0,2968.0,0.0,0.0,0.17578125,-0.0390625,0
152563419.0,7032.0,1.0,0.4278564453,-0.5249023438,0.5218505859,0.518737793
152566387.0,2968.0,0.0,0.0,0.09765625,-0.07421875,0
152573419.0,7032.0,1.0,0.4279174805,-0.5248413086,0.5218505859,0.518737793
152576387.0,2968.0,0.0,0.0,0.01953125,-0.0390625,0
152583419.0,7032.0,1.0,0.4279174805,-0.5248413086,0.5218505859,0.518737793
152586387.0,2968.0,0.0,0.0,0.05859375,-0.07421875,0
152593419.0,7032.0,1.0,0.4279785156,-0.5247802734,0.5218505859,0.518737793
152596387.0,2968.0,0.0,0.0,0.13671875,-0.19140625,0
152603419.0,7032.0,1.0,0.4280395508,-0.5247802734,0.5218505859,0.518737793
152606387.0,2968.0,0.0,-0.03515625,0.16796875,-0.3359375,0
152613419.0,7032.0,1.0,0.4281005859,-0.5247192383,0.5217895508,0.518737793
152616387.0,2968.0,0.0,-0.03515625,0.12890625,-0.4140625,0
152623419.0,7032.0,1.0,0.4281616211,-0.5247192383,0.5217285156,0.5187988281
152626387.0,2968.0,0.0,-0.03515625,0.04296875,-0.62890625,0
152632419.0,6032.0,1.0,0.4282226563,-0.5246582031,0.5216674805,0.5189208984
152635387.0,2968.0,0.0,0.0,-0.26171875,-0.62890625,0
152643419.0,8032.0,1.0,0.4282836914,-0.5245361328,0.5216064453,0.5189819336
152646387.0,2968.0,0.0,0.0078125,-0.453125,-0.46484375,0
152653419.0,7032.0,1.0,0.4284057617,-0.5244140625,0.5216064453,0.5190429688
152656387.0,2968.0,0.0,0.0078125,-0.4453125,-0.296875,0
152663419.0,7032.0,1.0,0.428527832,-0.524230957,0.5217285156,0.5189819336
152666387.0,2968.0,0.0,0.0078125,-0.33203125,0.125,0
152673419.0,7032.0,1.0,0.4287719727,-0.5239257813,0.5219116211,0.5188598633
152676387.0,2968.0,0.0,0.0078125,-0.62890625,0.46875,0
152683419.0,7032.0,1.0,0.4291992188,-0.5235595703,0.522277832,0.5185546875
152687387.0,3968.0,0.0,0.046875,-0.390625,0.5078125,0
152693419.0,6032.0,1.0,0.4296264648,-0.5230712891,0.5227050781,0.5182495117
152696387.0,2968.0,0.0,-0.02734375,-0.0390625,0.390625,0
152703419.0,7032.0,1.0,0.4299316406,-0.5227050781,0.5230712891,0.5180053711
152706387.0,2968.0,0.0,0.0,0.0078125,0.27734375,0
152713419.0,7032.0,1.0,0.4300537109,-0.5225219727,0.5232543945,0.5179443359
152716387.0,2968.0,0.0,0.0,0.16015625,0.0390625,0
152723419.0,7032.0,1.0,0.4300537109,-0.5223999023,0.5232543945,0.5180053711
152727387.0,3968.0,0.0,0.0,0.015625,0.0390625,0
152733419.0,6032.0,1.0,0.4299926758,-0.5223999023,0.5231933594,0.5181274414
152736387.0,2968.0,0.0,-0.02734375,-0.33203125,-0.04296875,0
152743419.0,7032.0,1.0,0.4299316406,-0.5223388672,0.5231323242,0.5183105469
152746387.0,2968.0,0.0,0.0,-0.21484375,-0.3125,0
152753419.0,7032.0,1.0,0.4299316406,-0.522277832,0.5230712891,0.5184326172
152756387.0,2968.0,0.0,0.0,-0.015625,-0.0078125,0
152763419.0,7032.0,1.0,0.4299316406,-0.5221557617,0.5231323242,0.5184936523
152767387.0,3968.0,0.0,0.0078125,-0.046875,0.109375,0
152773419.0,6032.0,1.0,0.4299926758,-0.5219726563,0.5231933594,0.5185546875
152776387.0,2968.0,0.0,0.0078125,0.05859375,0.109375,0
152783419.0,7032.0,1.0,0.4300537109,-0.5218505859,0.5233154297,0.5185546875
152786387.0,2968.0,0.0,0.0078125,0.21484375,0.4375,0
152793419.0,7032.0,1.0,0.4301147461,-0.5216674805,0.5234375,0.5185546875
152796387.0,2968.0,0.0,-0.02734375,0.3671875,0.5078125,0
152803419.0,7032.0,1.0,0.4302368164,-0.521484375,0.5235595703,0.5184936523
152807387.0,3968.0,0.0,0.0078125,0.62890625,0.390625,0
152813419.0,6032.0,1.0,0.4302978516,-0.5213623047,0.5236816406,0.5184326172
152816387.0,2968.0,0.0,0.0078125,0.84765625,0.26953125,0
152822419.0,6032.0,1.0,0.4302978516,-0.5213012695,0.5237426758,0.5184326172
152825387.0,2968.0,0.0,0.0078125,0.6796875,0.0625,0
152833419.0,8032.0,1.0,0.4302978516,-0.5213623047,0.5236816406,0.5184936523
152836387.0,2968.0,0.0,0.0078125,0.41015625,0.0234375,0
152843419.0,7032.0,1.0,0.4301757813,-0.5214233398,0.5235595703,0.5186157227
152847387.0,3968.0,0.0,0.0078125,0.10546875,0.0234375,0
152853419.0,6032.0,1.0,0.4301147461,-0.521484375,0.5234985352,0.518737793
152856387.0,2968.0,0.0,-0.02734375,-0.125,-0.12890625,0
152863419.0,7032.0,1.0,0.4300537109,-0.521484375,0.5234375,0.5187988281
152866387.0,2968.0,0.0,0.0078125,-0.23828125,-0.28125,0
152873419.0,7032.0,1.0,0.4301147461,-0.5214233398,0.5233764648,0.5187988281
152876387.0,2968.0,0.0,0.0078125,-0.28515625,-0.3984375,0
152883419.0,7032.0,1.0,0.4301147461,-0.5213623047,0.5233764648,0.5188598633
152887387.0,3968.0,0.0,0.0078125,-0.33203125,-0.4765625,0
152893419.0,6032.0,1.0,0.4301757813,-0.5212402344,0.5233764648,0.5189819336
152896387.0,2968.0,0.0,-0.02734375,-0.37109375,-0.4765625,0
152903419.0,7032.0,1.0,0.4302368164,-0.5211181641,0.5233764648,0.5190429688
152906387.0,2968.0,0.0,0.0078125,-0.25390625,-0.10546875,0
152913419.0,7032.0,1.0,0.4302978516,-0.5209350586,0.5234375,0.5190429688
152916387.0,2968.0,0.0,0.0078125,-0.1015625,0.0078125,0
152923419.0,7032.0,1.0,0.430480957,-0.520690918,0.5236206055,0.5190429688
152926387.0,2968.0,0.0,0.0078125,0.01171875,0.046875,0
152933419.0,7032.0,1.0,0.4307861328,-0.5203857422,0.5237426758,0.5189819336
152936387.0,2968.0,0.0,-0.10546875,0.01171875,-1.76171875,0
152943419.0,7032.0,1.0,0.4310302734,-0.5200195313,0.5238647461,0.5189819336
152946387.0,2968.0,0.0,0.125,0.1875,-0.69140625,0
152953419.0,7032.0,1.0,0.4310913086,-0.5198364258,0.5238037109,0.5191650391
152956387.0,2968.0,0.0,0.046875,-0.5,-0.23828125,0
152963419.0,7032.0,1.0,0.4310913086,-0.5196533203,0.5237426758,0.5193481445
152966387.0,2968.0,0.0,-0.02734375,-0.61328125,-0.4296875,0
152973419.0,7032.0,1.0,0.4312744141,-0.5193481445,0.5238037109,0.5194702148
152976387.0,2968.0,0.0,-0.02734375,-0.66015625,-0.29296875,0
152983419.0,7032.0,1.0,0.4315185547,-0.5189208984,0.5239868164,0.51953125
152986387.0,2968.0,0.0,0.0078125,-0.35546875,-0.17578125,0
152993419.0,7032.0,1.0,0.4317016602,-0.5185546875,0.5240478516,0.5197143555
152996387.0,2968.0,0.0,-0.10546875,0.05859375,-0.328125,0
153003419.0,7032.0,1.0,0.4317626953,-0.5182495117,0.5241088867,0.5199584961
153006387.0,2968.0,0.0,-0.06640625,0.44140625,-0.421875,0
153012419.0,6032.0,1.0,0.4318847656,-0.5179443359,0.5240478516,0.5202026367
153015387.0,2968.0,0.0,0.0078125,1.390625,0.14453125,0
153023419.0,8032.0,1.0,0.4321899414,-0.517578125,0.5241088867,0.520324707
153026387.0,2968.0,0.0,0.0078125,0.55078125,0.25,0
153033419.0,7032.0,1.0,0.4326171875,-0.5170898438,0.524230957,0.5202636719
153036387.0,2968.0,0.0,0.046875,1.23046875,0.21484375,0
153043419.0,7032.0,1.0,0.4329223633,-0.516784668,0.524230957,0.5202636719
153046387.0,2968.0,0.0,0.1640625,1.26953125,0.703125,0
153053419.0,7032.0,1.0,0.4331054688,-0.5166015625,0.5241088867,0.5203857422
153056387.0,2968.0,0.0,0.046875,1.19140625,0.55078125,0
153063419.0,7032.0,1.0,0.4332275391,-0.5166015625,0.5239868164,0.5205078125
153066387.0,2968.0,0.0,0.0078125,0.80859375,0.3515625,0
153073419.0,7032.0,1.0,0.4333496094,-0.5165405273,0.5238037109,0.5205688477
153076387.0,2968.0,0.0,0.0078125,0.42578125,0.3828125,0
153083419.0,7032.0,1.0,0.4335327148,-0.5165405273,0.5236816406,0.5205688477
153086387.0,2968.0,0.0,-0.02734375,-0.25390625,0.49609375,0
153093419.0,7032.0,1.0,0.4337158203,-0.5164794922,0.5236206055,0.5205688477
153096387.0,2968.0,0.0,-0.02734375,-0.63671875,0.19140625,0
153103419.0,7032.0,1.0,0.4340209961,-0.5162963867,0.5237426758,0.5203857422
153107387.0,3968.0,0.0,-0.02734375,-0.33984375,0.18359375,0
153113419.0,6032.0,1.0,0.434387207,-0.5159912109,0.5239257813,0.5201416016
153116387.0,2968.0,0.0,0.0078125,-0.1875,0.2578125,0
153123419.0,7032.0,1.0,0.4346923828,-0.5158081055,0.5240478516,0.5199584961
153126387.0,2968.0,0.0,0.0078125,0.00390625,-0.0078125,0
153133419.0,7032.0,1.0,0.4348144531,-0.5156860352,0.5241088867,0.5198974609
153136387.0,2968.0,0.0,0.0078125,-0.02734375,-0.0078125,0
153143419.0,7032.0,1.0,0.4348144531,-0.5157470703,0.5239868164,0.5200195313
153147387.0,3968.0,0.0,-0.02734375,-0.140625,-0.0078125,0
153153419.0,6032.0,1.0,0.434753418,-0.5158081055,0.5238037109,0.5202026367
153156387.0,2968.0,0.0,0.0078125,-0.33203125,0.05859375,0
153163419.0,7032.0,1.0,0.4346923828,-0.5158691406,0.5236206055,0.520324707
153166387.0,2968.0,0.0,0.0078125,-0.484375,0.09765625,0
153173419.0,7032.0,1.0,0.434753418,-0.5158081055,0.5236206055,0.520324707
153176387.0,2968.0,0.0,0.0078125,-0.484375,0.13671875,0
153183419.0,7032.0,1.0,0.4348144531,-0.5156860352,0.5236816406,0.520324707
153187387.0,3968.0,0.0,0.015625,-0.41015625,0.09765625,0
153193419.0,6032.0,1.0,0.4349365234,-0.5155639648,0.5238037109,0.5202636719
153196387.0,2968.0,0.0,-0.02734375,-0.33984375,0.01953125,0
153202419.0,6032.0,1.0,0.4349975586,-0.5154418945,0.5238647461,0.5202636719
153205387.0,2968.0,0.0,-0.02734375,-0.26953125,-0.0546875,0
153213419.0,8032.0,1.0,0.4349975586,-0.5153198242,0.5239257813,0.520324707
153216387.0,2968.0,0.0,0.015625,-0.34765625,-0.1015625,0
153223419.0,7032.0,1.0,0.4349975586,-0.5151977539,0.5239868164,0.520324707
153227387.0,3968.0,0.0,-0.01953125,-0.38671875,-0.1015625,0
153233419.0,6032.0,1.0,0.4349975586,-0.5150756836,0.5241088867,0.5204467773
153236387.0,2968.0,0.0,-0.05859375,-0.31640625,-0.1015625,0
153243419.0,7032.0,1.0,0.4349365234,-0.5149536133,0.5241699219,0.5205078125
153246387.0,2968.0,0.0,-0.06640625,0.296875,-0.0625,0
153253419.0,7032.0,1.0,0.4349365234,-0.514831543,0.524230957,0.5205688477
153256387.0,2968.0,0.0,-0.02734375,0.6796875,-0.0234375,0
153263419.0,7032.0,1.0,0.4349365234,-0.5147094727,0.524230957,0.5206298828
153267387.0,3968.0,0.0,0.0078125,0.75390625,0.08984375,0
153273419.0,6032.0,1.0,0.4349975586,-0.5145874023,0.5242919922,0.520690918
153276387.0,2968.0,0.0,0.046875,0.6328125,0.28125,0
153283419.0,7032.0,1.0,0.4350585938,-0.514465332,0.5243530273,0.5206298828
153286387.0,2968.0,0.0,0.046875,0.7109375,0.3125,0
153293419.0,7032.0,1.0,0.4351196289,-0.514465332,0.5244140625,0.5206298828
153296387.0,2968.0,0.0,0.046875,0.6328125,0.37890625,0
153303419.0,7032.0,1.0,0.4350585938,-0.514465332,0.5243530273,0.5206298828
153306387.0,2968.0,0.0,0.046875,0.48046875,0.265625,0
153313419.0,7032.0,1.0,0.4350585938,-0.5145263672,0.5243530273,0.5206298828
153316387.0,2968.0,0.0,0.0078125,0.2421875,0.03515625,0
153323419.0,7032.0,1.0,0.4351196289,-0.5145263672,0.5243530273,0.5205688477
153326387.0,2968.0,0.0,0.0078125,0.01953125,-0.03125,0
153333419.0,7032.0,1.0,0.4351196289,-0.5145874023,0.5242919922,0.5205078125
153336387.0,2968.0,0.0,-0.02734375,-0.25,-0.109375,0
153343419.0,7032.0,1.0,0.4351196289,-0.5146484375,0.5242919922,0.5205078125
153346387.0,2968.0,0.0,-0.02734375,-0.36328125,-0.1875,0
153353419.0,7032.0,1.0,0.4351196289,-0.5147094727,0.524230957,0.5205078125
153356387.0,2968.0,0.0,-0.02734375,-0.515625,-0.22265625,0
153363419.0,7032.0,1.0,0.4351196289,-0.5147094727,0.524230957,0.5205078125
153366387.0,2968.0,0.0,-0.02734375,-0.515625,-0.22265625,0
153373419.0,7032.0,1.0,0.4350585938,-0.5146484375,0.524230957,0.5205688477
153376387.0,2968.0,0.0,-0.06640625,-0.40234375,-0.22265625,0
153383419.0,7032.0,1.0,0.4350585938,-0.5146484375,0.524230957,0.5206298828
153386387.0,2968.0,0.0,-0.02734375,-0.25,-0.1875,0
153393419.0,7032.0,1.0,0.4350585938,-0.5145874023,0.524230957,0.520690918
153396387.0,2968.0,0.0,-0.02734375,-0.01953125,-0.109375,0
153403419.0,7032.0,1.0,0.4349975586,-0.5145263672,0.524230957,0.5207519531
153406387.0,2968.0,0.0,0.0078125,0.05859375,-0.1171875,0
153413419.0,7032.0,1.0,0.4349975586,-0.514465332,0.524230957,0.5208129883
153416387.0,2968.0,0.0,0.0078125,0.171875,-0.078125,0
153423419.0,7032.0,1.0,0.4350585938,-0.5144042969,0.524230957,0.5208740234
153426387.0,2968.0,0.0,0.0078125,0.2890625,-0.0390625,0
153433419.0,7032.0,1.0,0.4350585938,-0.5144042969,0.5241699219,0.5209350586
153436387.0,2968.0,0.0,0.0078125,0.43359375,-0.0390625,0
153443419.0,7032.0,1.0,0.4349975586,-0.5144042969,0.5241699219,0.5209960938
153446387.0,2968.0,0.0,0.0078125,0.43359375,-0.078125,0
153453419.0,7032.0,1.0,0.4350585938,-0.5144042969,0.5241088867,0.5210571289
153456387.0,2968.0,0.0,0.0078125,0.35546875,-0.078125,0
153463419.0,7032.0,1.0,0.4350585938,-0.5144042969,0.5240478516,0.5210571289
153466387.0,2968.0,0.0,-0.02734375,0.2421875,-0.078125,0
153473419.0,7032.0,1.0,0.4350585938,-0.514465332,0.5239868164,0.5211181641
153476387.0,2968.0,0.0,-0.01953125,-0.140625,-0.125,0
153483419.0,7032.0,1.0,0.4350585938,-0.514465332,0.5239257813,0.5211181641
153487387.0,3968.0,0.0,-0.01953125,-0.2578125,-0.1640625,0
153493419.0,6032.0,1.0,0.4351196289,-0.514465332,0.5238647461,0.5211791992
153496387.0,2968.0,0.0,-0.01953125,-0.29296875,-0.23828125,0
153503419.0,7032.0,1.0,0.4351196289,-0.5144042969,0.5238037109,0.5212402344
153506387.0,2968.0,0.0,-0.05859375,-0.37109375,-0.203125,0
153513419.0,7032.0,1.0,0.4351806641,-0.5143432617,0.5238037109,0.5212402344
153516387.0,2968.0,0.0,-0.01953125,-0.33203125,-0.1640625,0
153523419.0,7032.0,1.0,0.4351806641,-0.5142822266,0.5237426758,0.5213623047
153527387.0,3968.0,0.0,0.015625,-0.21875,-0.1328125,0
153533419.0,6032.0,1.0,0.4352416992,-0.5142211914,0.5237426758,0.5214233398
153536387.0,2968.0,0.0,-0.01953125,-0.06640625,-0.1328125,0
153543419.0,7032.0,1.0,0.4352416992,-0.5140991211,0.5236816406,0.5215454102
153546387.0,2968.0,0.0,0.015625,0.1953125,-0.01953125,0
153553419.0,7032.0,1.0,0.4351806641,-0.5140991211,0.5236206055,0.5216674805
153556387.0,2968.0,0.0,0.015625,0.15625,0.13671875,0
153563419.0,7032.0,1.0,0.4351196289,-0.5140991211,0.5234985352,0.5218505859
153567387.0,3968.0,0.0,0.015625,0.15625,0.25,0
153573419.0,6032.0,1.0,0.4349975586,-0.5141601563,0.5233764648,0.5219726563
153576387.0,2968.0,0.0,-0.01953125,0.1171875,0.28125,0
153583419.0,7032.0,1.0,0.4349365234,-0.5142211914,0.5232543945,0.5220947266
153586387.0,2968.0,0.0,0.015625,-0.1484375,0.47265625,0
153593419.0,7032.0,1.0,0.4348144531,-0.5142822266,0.5231323242,0.5222167969
153596387.0,2968.0,0.0,-0.01953125,-0.1484375,0.47265625,0
153603419.0,7032.0,1.0,0.434753418,-0.5143432617,0.5231323242,0.5223388672
153607387.0,3968.0,0.0,-0.01953125,-0.15625,0.51171875,0
153613419.0,6032.0,1.0,0.4346313477,-0.5143432617,0.5230712891,0.5223999023
153616387.0,2968.0,0.0,0.015625,-0.08203125,0.47265625,0
153623419.0,7032.0,1.0,0.4345092773,-0.514465332,0.5230102539,0.5224609375
153626387.0,2968.0,0.0,0.015625,-0.04296875,0.51171875,0
153633419.0,7032.0,1.0,0.4342651367,-0.5146484375,0.5229492188,0.5225830078
153636387.0,2968.0,0.0,-0.01953125,-0.08203125,0.55078125,0
153643419.0,7032.0,1.0,0.4338989258,-0.5149536133,0.5227661133,0.5228271484
153647387.0,3968.0,0.0,0.015625,-0.1640625,0.6328125,0
153653419.0,6032.0,1.0,0.4334106445,-0.5152587891,0.5225219727,0.5230712891
153656387.0,2968.0,0.0,-0.01953125,-0.35546875,0.671875,0
153663419.0,7032.0,1.0,0.4328613281,-0.5156860352,0.522277832,0.5233764648
153666387.0,2968.0,0.0,-0.01953125,-0.5078125,0.59375,0
153673419.0,7032.0,1.0,0.4321899414,-0.5161132813,0.5220947266,0.5236816406
153676387.0,2968.0,0.0,-0.05859375,-0.515625,0.48828125,0
153683419.0,7032.0,1.0,0.4315795898,-0.5165405273,0.5218505859,0.5239868164
153686387.0,2968.0,0.0,-0.05859375,-0.671875,0.41796875,0
153693419.0,7032.0,1.0,0.4309692383,-0.5169067383,0.5217285156,0.5242919922
153696387.0,2968.0,0.0,-0.05859375,-0.9765625,0.37890625,0
153703419.0,7032.0,1.0,0.4303588867,-0.5172119141,0.5217285156,0.5244750977
153706387.0,2968.0,0.0,-0.10546875,-1.13671875,0.3125,0
153713419.0,7032.0,1.0,0.4299316406,-0.5173339844,0.5218505859,0.5245361328
153716387.0,2968.0,0.0,-0.10546875,-1.30078125,0.2734375,0
153724419.0,8032.0,1.0,0.4296264648,-0.5173339844,0.5222167969,0.5245361328
153727387.0,2968.0,0.0,-0.10546875,-1.34375,0.203125,0
153733419.0,6032.0,1.0,0.4293823242,-0.5171508789,0.5227050781,0.5243530273
153736387.0,2968.0,0.0,-0.21875,-0.96875,-0.1015625,0
153743419.0,7032.0,1.0,0.4291381836,-0.5169677734,0.5231323242,0.5242919922
153746387.0,2968.0,0.0,-0.56640625,-0.85546875,-0.24609375,0
153753419.0,7032.0,1.0,0.4286499023,-0.5169067383,0.5234985352,0.5244140625
153756387.0,2968.0,0.0,-1.0703125,-0.87109375,-0.46875,0
153764419.0,8032.0,1.0,0.4279174805,-0.5169067383,0.5236816406,0.5248413086
153767387.0,2968.0,0.0,-1.4453125,-0.9921875,-0.5859375,0
153773419.0,6032.0,1.0,0.4271240234,-0.516784668,0.5239257813,0.5253295898
153776387.0,2968.0,0.0,-2.06640625,-1.1640625,-0.69140625,0
153783419.0,7032.0,1.0,0.4263916016,-0.5164794922,0.5244140625,0.5257568359
153786387.0,2968.0,0.0,-2.21875,-1.0234375,-0.8046875,0
153793419.0,7032.0,1.0,0.4257202148,-0.5159912109,0.5249633789,0.526184082
153796387.0,2968.0,0.0,-2.3359375,-0.89453125,-0.9609375,0
153804419.0,8032.0,1.0,0.4251098633,-0.5154418945,0.5255737305,0.5266723633
153807387.0,2968.0,0.0,-2.41796875,-0.7578125,-1.06640625,0
153813419.0,6032.0,1.0,0.4243774414,-0.5147705078,0.5262451172,0.5272827148
153816387.0,2968.0,0.0,-2.2265625,-0.55859375,-1.48828125,0
153823419.0,7032.0,1.0,0.4236450195,-0.5140991211,0.5267944336,0.5279541016
153826387.0,2968.0,0.0,-2.11328125,-0.66015625,-1.6015625,0
153833419.0,7032.0,1.0,0.4229736328,-0.5133666992,0.5274047852,0.5286254883
153836387.0,2968.0,0.0,-2.03515625,-0.60546875,-1.83984375,0
153843419.0,7032.0,1.0,0.4224853516,-0.5123901367,0.5280761719,0.5292358398
153846387.0,2968.0,0.0,-2.03515625,-0.55078125,-1.9921875,0
153853419.0,7032.0,1.0,0.4222412109,-0.5112304688,0.5289306641,0.5296630859
153856387.0,2968.0,0.0,-1.9296875,-0.421875,-2.19140625,0
153863419.0,7032.0,1.0,0.4223632813,-0.5098876953,0.5299072266,0.5299682617
153866387.0,2968.0,0.0,-1.9609375,-0.40625,-2.046875,0
153873419.0,7032.0,1.0,0.422668457,-0.5083007813,0.5309448242,0.5301513672
153876387.0,2968.0,0.0,-1.8828125,-0.203125,-2.015625,0
153883419.0,7032.0,1.0,0.4231567383,-0.5065917969,0.532043457,0.5303344727
153886387.0,2968.0,0.0,-1.76953125,0.43359375,-2.015625,0
153893419.0,7032.0,1.0,0.4236450195,-0.5049438477,0.5328979492,0.5306396484
153896387.0,2968.0,0.0,-1.66015625,0.6015625,-2.03125,0
153903419.0,7032.0,1.0,0.4239501953,-0.5034179688,0.5335083008,0.53125
153907387.0,3968.0,0.0,-1.61328125,0.578125,-2.01953125,0
153913419.0,6032.0,1.0,0.4241333008,-0.5020141602,0.5338134766,0.5321655273
153916387.0,2968.0,0.0,-1.65234375,0.36328125,-1.92578125,0
153923419.0,7032.0,1.0,0.4243164063,-0.5006103516,0.5339355469,0.5331420898
153926387.0,2968.0,0.0,-1.65234375,0.1875,-1.828125,0
153933419.0,7032.0,1.0,0.4246826172,-0.4990234375,0.5341186523,0.5341796875
153936387.0,2968.0,0.0,-1.53125,0.27734375,-1.7734375,0
153943419.0,7032.0,1.0,0.4251708984,-0.4973144531,0.5343017578,0.5352172852
153947387.0,3968.0,0.0,-1.421875,0.5390625,-1.7265625,0
153953419.0,6032.0,1.0,0.4256591797,-0.4955444336,0.5343017578,0.5364379883
153956387.0,2968.0,0.0,-1.22265625,0.77734375,-1.796875,0
153963419.0,7032.0,1.0,0.4259643555,-0.4938964844,0.5340576172,0.537902832
153966387.0,2968.0,0.0,-0.83984375,0.71484375,-1.71484375,0
153973419.0,7032.0,1.0,0.4261474609,-0.4922485352,0.5334472656,0.5399169922
153976387.0,2968.0,0.0,-0.61328125,0.57421875,-1.72265625,0
153983419.0,7032.0,1.0,0.4262084961,-0.4907226563,0.5325927734,0.5421142578
153986387.0,2968.0,0.0,-0.41015625,0.3515625,-1.609375,0
153993419.0,7032.0,1.0,0.4262084961,-0.489074707,0.5315551758,0.5446166992
153996387.0,2968.0,0.0,-0.296875,0.13671875,-1.51171875,0
154004419.0,8032.0,1.0,0.4261474609,-0.4873657227,0.5302734375,0.5474243164
154007387.0,2968.0,0.0,-0.06640625,-0.0390625,-1.3359375,0
154013419.0,6032.0,1.0,0.4260864258,-0.4856567383,0.5289306641,0.5503540039
154016387.0,2968.0,0.0,-0.10546875,-0.0390625,-1.3984375,0
154023419.0,7032.0,1.0,0.4258422852,-0.4838256836,0.52734375,0.5535888672
154026387.0,2968.0,0.0,-0.06640625,0.04296875,-1.57421875,0
154033419.0,7032.0,1.0,0.4253540039,-0.4820556641,0.525390625,0.5573120117
154036387.0,2968.0,0.0,0.0078125,-0.03125,-1.68359375,0
154043419.0,7032.0,1.0,0.4246826172,-0.4803466797,0.5232543945,0.561340332
154046387.0,2968.0,0.0,0.19921875,-0.68359375,-1.609375,0
154053419.0,7032.0,1.0,0.4238891602,-0.478515625,0.5209960938,0.565612793
154056387.0,2968.0,0.0,0.26953125,-0.87890625,-1.6875,0
154064419.0,8032.0,1.0,0.4230957031,-0.4764404297,0.5186157227,0.5700683594
154067387.0,2968.0,0.0,0.4140625,-0.84765625,-1.765625,0
154073419.0,6032.0,1.0,0.4221801758,-0.4743041992,0.5162353516,0.5747680664
154076387.0,2968.0,0.0,0.75390625,-0.96484375,-1.58984375,0
154083419.0,7032.0,1.0,0.4211425781,-0.4720458984,0.5137329102,0.5795898438
154086387.0,2968.0,0.0,0.98046875,-1.2109375,-1.4453125,0
154093419.0,7032.0,1.0,0.4200439453,-0.469543457,0.5112304688,0.5845947266
154096387.0,2968.0,0.0,1.15625,-1.45703125,-1.2734375,0
154104419.0,8032.0,1.0,0.4190063477,-0.4667358398,0.5088500977,0.5896606445
154107387.0,2968.0,0.0,1.44921875,-1.39453125,-1.25,0
154119419.0,12032.0,1.0,0.4180908203,-0.4637451172,0.5067138672,0.5944213867
154124419.0,5000.0,1.0,0.4169311523,-0.4604492188,0.5043945313,0.5997924805
154126387.0,1968.0,0.0,1.9921875,-0.86328125,-1.1015625,0
154133419.0,7032.0,1.0,0.4154052734,-0.4571533203,0.5016479492,0.6056518555
154136387.0,2968.0,0.0,2.12109375,-0.96875,-1.1796875,0
154144419.0,8032.0,1.0,0.4135742188,-0.4539794922,0.4987182617,0.6116943359
154147387.0,2968.0,0.0,2.2890625,-1.30078125,-1.09765625,0
154153419.0,6032.0,1.0,0.4116821289,-0.4508666992,0.4958496094,0.6175537109
154156387.0,2968.0,0.0,2.71875,-1.640625,-0.90234375,0
154163419.0,7032.0,1.0,0.4094848633,-0.447265625,0.4927978516,0.6240844727
154166387.0,2968.0,0.0,2.83984375,-1.7109375,-0.796875,0
154173419.0,7032.0,1.0,0.4072875977,-0.4435424805,0.4899291992,0.6303710938
154176387.0,2968.0,0.0,3.0390625,-1.82421875,-0.63671875,0
154184419.0,8032.0,1.0,0.405090332,-0.4395141602,0.4873046875,0.6365966797
154187387.0,2968.0,0.0,3.19140625,-1.859375,-0.72265625,0
154194419.0,7032.0,1.0,0.4027709961,-0.4351806641,0.4847412109,0.6429443359
154197387.0,2968.0,0.0,3.6484375,-1.9140625,-0.60546875,0
154203419.0,6032.0,1.0,0.4005126953,-0.4309082031,0.4824829102,0.6489257813
154206387.0,2968.0,0.0,3.87890625,-1.9453125,-0.61328125,0
154213419.0,7032.0,1.0,0.3981323242,-0.4262695313,0.4804077148,0.6550292969
154216387.0,2968.0,0.0,3.90234375,-2.0703125,-0.37890625,0
154224419.0,8032.0,1.0,0.3955688477,-0.4215087891,0.4783935547,0.6610717773
154227387.0,2968.0,0.0,3.85546875,-2.046875,-0.3046875,0
154239419.0,12032.0,1.0,0.3948364258,-0.4156494141,0.4777832031,0.6656494141
154244419.0,5000.0,1.0,0.3918457031,-0.4106445313,0.475769043,0.671875
154246387.0,1968.0,0.0,3.8203125,-2.07421875,-0.37890625,0
154254419.0,8032.0,1.0,0.3905639648,-0.4041137695,0.4750366211,0.6771240234
154257387.0,2968.0,0.0,3.9140625,-2.24609375,-0.53125,0
154264419.0,7032.0,1.0,0.3888549805,-0.3979492188,0.4742431641,0.6822509766
154267387.0,2968.0,0.0,4.0703125,-2.77734375,-0.18359375,0
154273419.0,6032.0,1.0,0.3870849609,-0.3915405273,0.4738769531,0.6872558594
154276387.0,2968.0,0.0,4.0078125,-2.5625,-0.1015625,0
154283419.0,7032.0,1.0,0.383972168,-0.3856811523,0.4730224609,0.6928710938
154287387.0,3968.0,0.0,4.12109375,-2.17578125,-0.1640625,0
154294419.0,7032.0,1.0,0.3818359375,-0.3790283203,0.4729003906,0.6977539063
154297387.0,2968.0,0.0,4.19921875,-1.9375,-0.1484375,0
154304419.0,7032.0,1.0,0.3792724609,-0.3724975586,0.4725341797,0.7029418945
154307387.0,2968.0,0.0,4.11328125,-1.62890625,-0.0234375,0
154313419.0,6032.0,1.0,0.376159668,-0.3662109375,0.4716796875,0.7084350586
154316387.0,2968.0,0.0,3.99609375,-1.61328125,-0.16796875,0
154323419.0,7032.0,1.0,0.3726196289,-0.3602294922,0.4703369141,0.7142944336
154326387.0,2968.0,0.0,3.91015625,-1.80078125,-0.2421875,0
154334419.0,8032.0,1.0,0.3686523438,-0.3541870117,0.4686279297,0.7203979492
154337387.0,2968.0,0.0,3.921875,-2.20703125,-0.3125,0
154343419.0,6032.0,1.0,0.3648071289,-0.3483886719,0.4671630859,0.7261352539
154346387.0,2968.0,0.0,3.9453125,-2.578125,-0.4609375,0
154358419.0,12032.0,1.0,0.3607788086,-0.3419189453,0.466003418,0.7319946289
154361387.0,2968.0,0.0,3.8125,-2.6015625,-0.5234375,0
154365419.0,4032.0,1.0,0.3568725586,-0.3352661133,0.4653320313,0.7373657227
154368387.0,2968.0,0.0,3.703125,-2.328125,-0.546875,0
154374419.0,6032.0,1.0,0.3519287109,-0.3284301758,0.4645385742,0.7432861328
154377387.0,2968.0,0.0,3.625,-1.87109375,-0.53515625,0
154384419.0,7032.0,1.0,0.346862793,-0.3216552734,0.4636230469,0.749206543
154387387.0,2968.0,0.0,3.58203125,-1.421875,-0.75,0
154393419.0,6032.0,1.0,0.341796875,-0.3153686523,0.4625244141,0.7548217773
154396387.0,2968.0,0.0,3.3984375,-1.6015625,-0.84375,0
154404419.0,8032.0,1.0,0.3372192383,-0.3084716797,0.4616088867,0.7603149414
154407387.0,2968.0,0.0,3.3203125,-1.85546875,-0.79296875,0
154414419.0,7032.0,1.0,0.3325195313,-0.3013916016,0.4606933594,0.7657470703
154417387.0,2968.0,0.0,3.1875,-2.0390625,-0.625,0
154424419.0,7032.0,1.0,0.3276977539,-0.2940673828,0.4599609375,0.7710571289
154427387.0,2968.0,0.0,3.328125,-1.65234375,-0.60546875,0
154433419.0,6032.0,1.0,0.3228149414,-0.2866821289,0.4592285156,0.7763061523
154436387.0,2968.0,0.0,3.07421875,-1.37890625,-0.77734375,0
154444419.0,8032.0,1.0,0.3177490234,-0.2791137695,0.4584350586,0.7816162109
154447387.0,2968.0,0.0,2.96484375,-1.171875,-1.0234375,0
154454419.0,7032.0,1.0,0.3127441406,-0.2716064453,0.4576416016,0.7867431641
154457387.0,2968.0,0.0,2.8671875,-1.16015625,-0.80859375,0
154464419.0,7032.0,1.0,0.3076171875,-0.2637329102,0.4570922852,0.7917480469
154467387.0,2968.0,0.0,2.796875,-1.19140625,-0.51171875,0
154477419.0,10032.0,1.0,0.3029174805,-0.2561035156,0.4567871094,0.7962646484
154480387.0,2968.0,0.0,2.87890625,-0.875,-0.359375,0
154487419.0,7032.0,1.0,0.2974243164,-0.2473754883,0.4564208984,0.8012695313
154490387.0,2968.0,0.0,2.90625,-0.1015625,-0.37890625,0
154494419.0,4032.0,1.0,0.2922363281,-0.2392578125,0.4556884766,0.8060302734
154497387.0,2968.0,0.0,2.86328125,-0.1640625,-0.12109375,0
154504419.0,7032.0,1.0,0.2871704102,-0.231628418,0.4546508789,0.8106689453
154507387.0,2968.0,0.0,2.70703125,-0.17578125,0.0234375,0
154514419.0,7032.0,1.0,0.2817382813,-0.2235107422,0.453125,0.8156738281
154517387.0,2968.0,0.0,2.53515625,0.0078125,-0.0703125,0
154524419.0,7032.0,1.0,0.2763671875,-0.2155761719,0.4514770508,0.8205566406
154527387.0,2968.0,0.0,2.33203125,-0.0703125,0.10546875,0
154533419.0,6032.0,1.0,0.2711181641,-0.2077026367,0.4498901367,0.8251953125
154536387.0,2968.0,0.0,2.09375,-0.0625,0.40234375,0
154543419.0,7032.0,1.0,0.2655639648,-0.19921875,0.4482421875,0.8300170898
154546387.0,2968.0,0.0,2.02734375,0.09765625,0.578125,0
154554419.0,8032.0,1.0,0.2601928711,-0.1909790039,0.4465942383,0.8345336914
154557387.0,2968.0,0.0,1.97265625,0.28515625,0.64453125,0
154564419.0,7032.0,1.0,0.254699707,-0.1826782227,0.4447021484,0.839050293
154567387.0,2968.0,0.0,1.90625,0.453125,0.7109375,0
154578419.0,11032.0,1.0,0.2496337891,-0.1749267578,0.4427490234,0.8432617188
154581387.0,2968.0,0.0,1.8515625,-0.0234375,0.96875,0
154585419.0,4032.0,1.0,0.2439575195,-0.1661987305,0.4406738281,0.8477172852
154588387.0,2968.0,0.0,1.73046875,-0.19921875,1.14453125,0
154593419.0,5032.0,1.0,0.2390136719,-0.1578979492,0.439453125,0.8513793945
154596387.0,2968.0,0.0,1.51171875,0.00390625,1.3046875,0
154604419.0,8032.0,1.0,0.2341308594,-0.1492919922,0.4387817383,0.8546142578
154607387.0,2968.0,0.0,1.296875,0.5546875,1.328125,0
154614419.0,7032.0,1.0,0.2286376953,-0.1416015625,0.4376220703,0.8579711914
154617387.0,2968.0,0.0,-1.3203125,6.35546875,15.97265625,0
154624419.0,7032.0,1.0,0.2228393555,-0.1348876953,0.4354858398,0.8616943359
154628387.0,3968.0,0.0,3.45703125,2.875,0.53515625,0
154634419.0,6032.0,1.0,0.2170410156,-0.1284179688,0.4337158203,0.8650512695
154637387.0,2968.0,0.0,-0.61328125,0.0390625,8.79296875,0
154644419.0,7032.0,1.0,0.2116088867,-0.1224365234,0.43359375,0.8673095703
154647387.0,2968.0,0.0,1.0078125,3.05078125,7.7578125,0
154654419.0,7032.0,1.0,0.2062988281,-0.1167602539,0.4349975586,0.8686523438
154657387.0,2968.0,0.0,1.48828125,3.5234375,9.2890625,0
154664419.0,7032.0,1.0,0.2009887695,-0.1116333008,0.4376220703,0.8692626953
154667387.0,2968.0,0.0,0.98046875,3.63671875,8.84375,0
154674419.0,7032.0,1.0,0.1958618164,-0.107421875,0.4407348633,0.8693847656
154677387.0,2968.0,0.0,0.984375,4.70703125,7.62109375,0
154684419.0,7032.0,1.0,0.1906738281,-0.1042480469,0.4437866211,0.8693847656
154687387.0,2968.0,0.0,-0.75,4.33203125,5.890625,0
154699419.0,12032.0,1.0,0.1856079102,-0.1019897461,0.4463500977,0.8694458008
154704387.0,4968.0,0.0,-1.01953125,2.4296875,5.34765625,0
154707419.0,3032.0,1.0,0.1807861328,-0.1001586914,0.4487915039,0.8694458008
154710387.0,2968.0,0.0,-0.69921875,1.83984375,4.6484375,0
154714419.0,4032.0,1.0,0.1754760742,-0.098815918,0.4514770508,0.8692626953
154717387.0,2968.0,0.0,-0.76171875,1.78515625,4.6875,0
154723419.0,6032.0,1.0,0.1711425781,-0.0979003906,0.454284668,0.8687744141
154726387.0,2968.0,0.0,0.15234375,2.12109375,3.15625,0
154734419.0,8032.0,1.0,0.1664428711,-0.0971069336,0.4580688477,0.8677978516
154737387.0,2968.0,0.0,0.41015625,2.51953125,2.453125,0
154744419.0,7032.0,1.0,0.1621704102,-0.0966186523,0.4617919922,0.8666381836
154747387.0,2968.0,0.0,0.4765625,2.875,2.0546875,0
154754419.0,7032.0,1.0,0.1581420898,-0.096496582,0.4652099609,0.8656005859
154757387.0,2968.0,0.0,0.29296875,3.28125,1.68359375,0
154764419.0,7032.0,1.0,0.1541137695,-0.0967407227,0.4680786133,0.8647460938
154767387.0,2968.0,0.0,0.22265625,3.3125,1.0078125,0
154774419.0,7032.0,1.0,0.1505737305,-0.0972290039,0.4702758789,0.8641357422
154777387.0,2968.0,0.0,0.24609375,3.2421875,0.3515625,0
154784419.0,7032.0,1.0,0.1470947266,-0.0980224609,0.4719848633,0.8637084961
154787387.0,2968.0,0.0,0.22265625,3.31640625,-0.34765625,0
154794419.0,7032.0,1.0,0.1437988281,-0.0988769531,0.4735107422,0.8633422852
154797387.0,2968.0,0.0,0.25390625,3.5625,-0.97265625,0
154804419.0,7032.0,1.0,0.1408691406,-0.0997314453,0.4748535156,0.8629760742
154807387.0,2968.0,0.0,0.16015625,3.38671875,-1.6796875,0
154814419.0,7032.0,1.0,0.1383666992,-0.1005249023,0.4762573242,0.862487793
154817387.0,2968.0,0.0,0.1171875,3.1328125,-1.73046875,0
154824419.0,7032.0,1.0,0.1362304688,-0.1011352539,0.4778442383,0.8618774414
154827387.0,2968.0,0.0,-0.015625,3.0234375,-1.73828125,0
154834419.0,7032.0,1.0,0.1343994141,-0.1017456055,0.4794921875,0.8612060547
154837387.0,2968.0,0.0,-0.24609375,3.57421875,-1.5859375,0
154844419.0,7032.0,1.0,0.1328125,-0.102355957,0.4806518555,0.8607177734
154847387.0,2968.0,0.0,-0.28125,3.75,-1.23046875,0
154854419.0,7032.0,1.0,0.1313476563,-0.1031494141,0.4807739258,0.8607788086
154857387.0,2968.0,0.0,-0.3671875,3.67578125,-1.22265625,0
154864419.0,7032.0,1.0,0.1297607422,-0.1041259766,0.4798583984,0.8614501953
154867387.0,2968.0,0.0,-0.3984375,3.25390625,-1.27734375,0
154874419.0,7032.0,1.0,0.1283569336,-0.1051635742,0.4782714844,0.8623657227
154877387.0,2968.0,0.0,-0.40625,1.5078125,-1.30859375,0
154884419.0,7032.0,1.0,0.1270141602,-0.1060791016,0.4767456055,0.86328125
154887387.0,2968.0,0.0,-0.3671875,0.71875,-1.1015625,0
154894419.0,7032.0,1.0,0.1258544922,-0.1068115234,0.4758911133,0.8638916016
154897387.0,2968.0,0.0,-0.25390625,-0.046875,-0.69921875,0
154904419.0,7032.0,1.0,0.1248779297,-0.1072998047,0.475769043,0.8640136719
154907387.0,2968.0,0.0,-0.13671875,-0.546875,-0.62109375,0
154913419.0,6032.0,1.0,0.123840332,-0.1075439453,0.4760742188,0.8639526367
154916387.0,2968.0,0.0,-0.22265625,-2.390625,-1.04296875,0
154924419.0,8032.0,1.0,0.1223754883,-0.1076660156,0.4763793945,0.8640136719
154927387.0,2968.0,0.0,-0.8515625,-3.671875,-0.26953125,0
154934419.0,7032.0,1.0,0.1204223633,-0.1077270508,0.4758911133,0.8645019531
154937387.0,2968.0,0.0,-0.59765625,-4.20703125,-0.0859375,0
154944419.0,7032.0,1.0,0.1177368164,-0.1078491211,0.4741821289,0.8658447266
154947387.0,2968.0,0.0,-0.27734375,-4.921875,0.0390625,0
154959419.0,12032.0,1.0,0.1145629883,-0.1077270508,0.4719238281,0.8674926758
154963387.0,3968.0,0.0,0.375,-6.12890625,-0.23828125,0
154966419.0,3032.0,1.0,0.1108398438,-0.1072387695,0.4703369141,0.8688964844
154969387.0,2968.0,0.0,0.3359375,-6.13671875,-0.26953125,0
154973419.0,4032.0,1.0,0.1071166992,-0.1061401367,0.4708862305,0.8692016602
154976387.0,2968.0,0.0,0.44140625,-5.41796875,-0.4609375,0
154984419.0,8032.0,1.0,0.1032714844,-0.1044311523,0.4736328125,0.868347168
154987387.0,2968.0,0.0,0.68359375,-4.32421875,-0.4609375,0
154994419.0,7032.0,1.0,0.0995483398,-0.102355957,0.4776611328,0.8668823242
154997387.0,2968.0,0.0,0.61328125,-0.9765625,-1.2421875,0
155004419.0,7032.0,1.0,0.0958862305,-0.1001586914,0.4818115234,0.865234375
155007387.0,2968.0,0.0,0.09375,0.68359375,-1.62890625,0
155014419.0,7032.0,1.0,0.0921630859,-0.0979614258,0.4852905273,0.8639526367
155017387.0,2968.0,0.0,-0.28515625,1.85546875,-1.8046875,0
155024419.0,7032.0,1.0,0.0883178711,-0.0959472656,0.4873046875,0.8634033203
155027387.0,2968.0,0.0,-0.30859375,2.58203125,-1.23828125,0
155034419.0,7032.0,1.0,0.0843505859,-0.0940551758,0.4877929688,0.8637695313
155037387.0,2968.0,0.0,-0.1171875,2.328125,-0.81640625,0
155044419.0,7032.0,1.0,0.0803833008,-0.0923461914,0.4868774414,0.8648681641
155048387.0,3968.0,0.0,0.01171875,1.75390625,-0.2265625,0
155054419.0,6032.0,1.0,0.0762939453,-0.090637207,0.485168457,0.8663330078
155057387.0,2968.0,0.0,0.09375,0.98828125,0.15625,0
155064419.0,7032.0,1.0,0.0723266602,-0.089050293,0.4832763672,0.8679199219
155067387.0,2968.0,0.0,0.109375,-0.3828125,1.07421875,0
155074419.0,7032.0,1.0,0.068359375,-0.0874023438,0.4818725586,0.8692016602
155077387.0,2968.0,0.0,0.390625,-0.7578125,1.65625,0
155084419.0,7032.0,1.0,0.0645751953,-0.0856933594,0.4817504883,0.8696899414
155088387.0,3968.0,0.0,0.7109375,-0.8828125,1.90625,0
155094419.0,6032.0,1.0,0.0610351562,-0.0839233398,0.4837036133,0.8690795898
155097387.0,2968.0,0.0,0.91796875,-0.8046875,1.7109375,0
155104419.0,7032.0,1.0,0.0579223633,-0.0821533203,0.4877319336,0.8671875
155107387.0,2968.0,0.0,0.9375,-0.515625,-0.13671875,0
155114419.0,7032.0,1.0,0.0548095703,-0.080078125,0.4939575195,0.864074707
155117387.0,2968.0,0.0,0.64453125,0.05859375,-0.90625,0
155124419.0,7032.0,1.0,0.0520019531,-0.0781860352,0.5004272461,0.8606567383
155127387.0,2968.0,0.0,0.32421875,0.73828125,-1.01953125,0
155134419.0,7032.0,1.0,0.0491943359,-0.0762329102,0.506652832,0.8573608398
155137387.0,2968.0,0.0,0.2890625,1.2734375,-1.01953125,0
155144419.0,7032.0,1.0,0.0463256836,-0.0744018555,0.5120239258,0.8544921875
155147387.0,2968.0,0.0,0.08203125,1.82421875,-0.50390625,0
155159419.0,12032.0,1.0,0.043762207,-0.0728759766,0.5158691406,0.8524780273
155163387.0,3968.0,0.0,0.07421875,2.16015625,-0.47265625,0
155166419.0,3032.0,1.0,0.0410766602,-0.0714111328,0.5190429688,0.850769043
155169387.0,2968.0,0.0,-0.2109375,1.8515625,-0.6015625,0
155174419.0,5032.0,1.0,0.0383300781,-0.0700683594,0.5219116211,0.8492431641
155177387.0,2968.0,0.0,-0.265625,1.8125,-0.5546875,0
155184419.0,7032.0,1.0,0.0357055664,-0.0688476563,0.5244140625,0.8479003906
155187387.0,2968.0,0.0,-0.7734375,0.7109375,-0.0390625,0
155194419.0,7032.0,1.0,0.0333251953,-0.0676879883,0.5274047852,0.8462524414
155197387.0,2968.0,0.0,-0.54296875,-0.31640625,0.32421875,0
155204419.0,7032.0,1.0,0.0310668945,-0.0665283203,0.5316162109,0.8438110352
155207387.0,2968.0,0.0,-0.3125,-0.6015625,0.140625,0
155214419.0,7032.0,1.0,0.0290527344,-0.0651855469,0.5376586914,0.8401489258
155217387.0,2968.0,0.0,0.51953125,-0.58984375,-0.01953125,0
155224419.0,7032.0,1.0,0.0272216797,-0.0637207031,0.5452880859,0.8353881836
155227387.0,2968.0,0.0,0.703125,-0.015625,0.09765625,0
155234419.0,7032.0,1.0,0.0255126953,-0.0623168945,0.5539550781,0.8298339844
155237387.0,2968.0,0.0,0.88671875,0.51171875,-0.33203125,0
155244419.0,7032.0,1.0,0.0239257812,-0.0609741211,0.5630493164,0.8238525391
155247387.0,2968.0,0.0,0.734375,0.80859375,-0.7890625,0
155254419.0,7032.0,1.0,0.0223999023,-0.059753418,0.5718994141,0.8178710938
155257387.0,2968.0,0.0,-0.2265625,1.87890625,-0.14453125,0
155264419.0,7032.0,1.0,0.0208740234,-0.0587158203,0.580078125,0.8121948242
155267387.0,2968.0,0.0,-0.87109375,2.23046875,0.34375,0
155274419.0,7032.0,1.0,0.0193481445,-0.0579833984,0.5872192383,0.8071289063
155277387.0,2968.0,0.0,-1.29296875,2.40625,0.38671875,0
155284419.0,7032.0,1.0,0.0178222656,-0.0574951172,0.5931396484,0.8028564453
155287387.0,2968.0,0.0,-1.5546875,2.359375,0.36328125,0
155299419.0,12032.0,1.0,0.0162963867,-0.0573120117,0.5977783203,0.7994384766
155304387.0,4968.0,0.0,-1.1484375,1.74609375,-0.60546875,0
155307419.0,3032.0,1.0,0.0147094727,-0.057434082,0.6018066406,0.7964477539
155310387.0,2968.0,0.0,-1.171875,1.71484375,-0.51171875,0
155314419.0,4032.0,1.0,0.0131835938,-0.0576782227,0.6052246094,0.7938232422
155317387.0,2968.0,0.0,-0.49609375,1.9609375,-0.08984375,0
155324419.0,7032.0,1.0,0.01171875,-0.0581054687,0.6083374023,0.7914428711
155327387.0,2968.0,0.0,-1.00390625,1.20703125,-1.4296875,0
155334419.0,7032.0,1.0,0.0103759766,-0.0586547852,0.6115112305,0.7890014648
155337387.0,2968.0,0.0,-1.1640625,1.30078125,-0.5859375,0
155344419.0,7032.0,1.0,0.0092163086,-0.0593261719,0.6149291992,0.786315918
155347387.0,2968.0,0.0,-1.82421875,2.04296875,-0.046875,0
155354419.0,7032.0,1.0,0.0081787109,-0.0601806641,0.6185913086,0.7833251953
155357387.0,2968.0,0.0,-2.16796875,1.7109375,-0.11328125,0
155364419.0,7032.0,1.0,0.0071411133,-0.0612792969,0.6223754883,0.7802734375
155367387.0,2968.0,0.0,-1.9765625,1.8046875,-0.3203125,0
155374419.0,7032.0,1.0,0.0064697266,-0.0622558594,0.6259155273,0.77734375
155377387.0,2968.0,0.0,-1.69921875,1.88671875,-1.3828125,0
155384419.0,7032.0,1.0,0.0057983398,-0.063293457,0.6292114258,0.774597168
155388387.0,3968.0,0.0,-1.30859375,1.2578125,-1.609375,0
155394419.0,6032.0,1.0,0.0053100586,-0.064453125,0.6326904297,0.7717285156
155397387.0,2968.0,0.0,-1.03125,1.12890625,-1.671875,0
155404419.0,7032.0,1.0,0.0049438477,-0.0655517578,0.6364746094,0.7684936523
155407387.0,2968.0,0.0,-1.67578125,0.60546875,-1.39453125,0
155414419.0,7032.0,1.0,0.0047607422,-0.0666503906,0.6404418945,0.7650756836
155417387.0,2968.0,0.0,-0.94140625,1.08203125,0.40234375,0
155424419.0,7032.0,1.0,0.0046386719,-0.0678100586,0.6444091797,0.7616577148
155428387.0,3968.0,0.0,-1.76953125,1.21875,-0.9609375,0
155434419.0,6032.0,1.0,0.004699707,-0.0689697266,0.6479492188,0.7585449219
155437387.0,2968.0,0.0,-0.984375,1.6953125,0.828125,0
155444419.0,7032.0,1.0,0.0047607422,-0.0701904297,0.6510620117,0.7557983398
155447387.0,2968.0,0.0,-0.93359375,1.3046875,0.0234375,0
155454419.0,7032.0,1.0,0.0049438477,-0.0714111328,0.6539306641,0.753112793
155457387.0,2968.0,0.0,-1.453125,0.59765625,-0.93359375,0
155464419.0,7032.0,1.0,0.0052490234,-0.0725708008,0.6569824219,0.7504272461
155468387.0,3968.0,0.0,-0.65625,0.66015625,-0.125,0
155474419.0,6032.0,1.0,0.0057373047,-0.0736083984,0.6602783203,0.7473754883
155477387.0,2968.0,0.0,-1.13671875,0.57421875,-1.10546875,0
155484419.0,7032.0,1.0,0.0063476562,-0.0745849609,0.6634521484,0.7444458008
155487387.0,2968.0,0.0,-0.9296875,2.25390625,-0.375,0
155499419.0,12032.0,1.0,0.0070800781,-0.0755004883,0.6662597656,0.7418823242
155503387.0,3968.0,0.0,-0.484375,2.58203125,-0.55859375,0
155506419.0,3032.0,1.0,0.0078125,-0.0764160156,0.6681518555,0.7400512695
155509387.0,2968.0,0.0,-0.5,2.3515625,-0.5859375,0
155514419.0,5032.0,1.0,0.008605957,-0.077331543,0.6694335938,0.7388305664
155517387.0,2968.0,0.0,-0.4765625,2.34375,-0.546875,0
155524419.0,7032.0,1.0,0.0095214844,-0.0783081055,0.6703491211,0.7378540039
155527387.0,2968.0,0.0,-0.63671875,1.5,-0.48828125,0
155534419.0,7032.0,1.0,0.0104370117,-0.0792236328,0.6713256836,0.7368774414
155537387.0,2968.0,0.0,-0.57421875,1.30078125,-0.265625,0
155544419.0,7032.0,1.0,0.0114135742,-0.0802612305,0.672668457,0.735534668
155547387.0,2968.0,0.0,-0.58984375,1.2265625,-0.1015625,0
155554419.0,7032.0,1.0,0.012512207,-0.0812988281,0.6744384766,0.7337646484
155557387.0,2968.0,0.0,-0.63671875,1.21875,-0.28515625,0
155564419.0,7032.0,1.0,0.0137329102,-0.0823974609,0.6766357422,0.7315673828
155567387.0,2968.0,0.0,-0.91015625,1.984375,-0.26171875,0
155574419.0,7032.0,1.0,0.0150756836,-0.0836181641,0.6790161133,0.7292480469
155577387.0,2968.0,0.0,-0.8046875,2.55078125,0.53125,0
155584419.0,7032.0,1.0,0.0164794922,-0.0850219727,0.6810913086,0.7270507813
155587387.0,2968.0,0.0,-0.94921875,2.97265625,0.140625,0
155594419.0,7032.0,1.0,0.0179443359,-0.0866699219,0.6826171875,0.725402832
155597387.0,2968.0,0.0,-0.94921875,2.42578125,0.9921875,0
155604419.0,7032.0,1.0,0.0194702148,-0.0885009766,0.6838378906,0.7239990234
155607387.0,2968.0,0.0,-0.9765625,2.3515625,0.9140625,0
155614419.0,7032.0,1.0,0.0212402344,-0.0905151367,0.6851196289,0.7224731445
155617387.0,2968.0,0.0,-0.8828125,2.80859375,0.2265625,0
155625419.0,8032.0,1.0,0.0233154297,-0.0926513672,0.6866455078,0.720703125
155628387.0,2968.0,0.0,-1.01953125,3.0078125,0.00390625,0
155634419.0,6032.0,1.0,0.0256958008,-0.0948486328,0.6880493164,0.7189941406
155637387.0,2968.0,0.0,-1.11328125,4.04296875,0.21484375,0
155644419.0,7032.0,1.0,0.0283203125,-0.0972900391,0.6891479492,0.7174682617
155647387.0,2968.0,0.0,-0.62109375,4.16015625,0.7109375,0
155654419.0,7032.0,1.0,0.03125,-0.0997924805,0.6898803711,0.7163085938
155657387.0,2968.0,0.0,-1.0390625,4.203125,0.390625,0
155665419.0,8032.0,1.0,0.0344848633,-0.1024780273,0.6901245117,0.7155761719
155668387.0,2968.0,0.0,-1.0,4.296875,0.68359375,0
155674419.0,6032.0,1.0,0.0378417969,-0.1051025391,0.6898193359,0.7153320313
155677387.0,2968.0,0.0,-0.875,4.87890625,0.453125,0
155684419.0,7032.0,1.0,0.0417480469,-0.1080932617,0.6889038086,0.7155151367
155687387.0,2968.0,0.0,-0.78125,5.30859375,0.55859375,0
155694419.0,7032.0,1.0,0.0458984375,-0.1112060547,0.6872558594,0.7163696289
155697387.0,2968.0,0.0,-0.09765625,5.484375,0.03125,0
155705419.0,8032.0,1.0,0.0502319336,-0.1145019531,0.6844482422,0.7182617188
155708387.0,2968.0,0.0,0.39453125,5.578125,-0.33984375,0
155714419.0,6032.0,1.0,0.0545043945,-0.1177978516,0.680480957,0.7211914063
155717387.0,2968.0,0.0,-0.0703125,4.98828125,-0.0859375,0
155724419.0,7032.0,1.0,0.059387207,-0.1217041016,0.6749267578,0.7253417969
155727387.0,2968.0,0.0,-0.328125,4.484375,-0.28125,0
155734419.0,7032.0,1.0,0.0645141602,-0.1256103516,0.6690673828,0.729675293
155737387.0,2968.0,0.0,-0.1640625,3.55859375,-0.99609375,0
155745419.0,8032.0,1.0,0.0701293945,-0.1295776367,0.6632080078,0.7337646484
155748387.0,2968.0,0.0,0.08984375,2.80078125,-1.05078125,0
155760419.0,12032.0,1.0,0.0758056641,-0.1332397461,0.6580810547,0.7371826172
155765419.0,5000.0,1.0,0.0824584961,-0.1371459961,0.6530761719,0.7401733398
155767387.0,1968.0,0.0,0.28515625,1.62890625,-0.46875,0
155774419.0,7032.0,1.0,0.0895385742,-0.1409301758,0.6488647461,0.7423706055
155777387.0,2968.0,0.0,-0.0625,1.09375,0.08984375,0
155784419.0,7032.0,1.0,0.0968017578,-0.1444702148,0.645324707,0.7438354492
155787387.0,2968.0,0.0,-0.2578125,1.875,0.41015625,0
155794419.0,7032.0,1.0,0.1044311523,-0.1480102539,0.6420288086,0.7449951172
155797387.0,2968.0,0.0,0.46484375,2.8515625,-0.1953125,0
155804419.0,7032.0,1.0,0.1123657227,-0.1516113281,0.6379394531,0.7465820313
155808387.0,3968.0,0.0,0.99609375,4.3671875,-0.04296875,0
155814419.0,6032.0,1.0,0.1201782227,-0.155456543,0.6324462891,0.7492675781
155817387.0,2968.0,0.0,1.34375,4.1328125,-0.078125,0
155824419.0,7032.0,1.0,0.127746582,-0.1595458984,0.6253051758,0.753112793
155827387.0,2968.0,0.0,0.95703125,2.4921875,-1.23046875,0
155834419.0,7032.0,1.0,0.1354980469,-0.1640014648,0.616394043,0.7581176758
155837387.0,2968.0,0.0,1.08203125,1.5625,-1.234375,0
155844419.0,7032.0,1.0,0.1431274414,-0.1685180664,0.6068115234,0.7634887695
155847387.0,2968.0,0.0,0.5390625,0.55859375,-0.77734375,0
155856419.0,9032.0,1.0,0.1505737305,-0.1728515625,0.5975341797,0.768371582
155859387.0,2968.0,0.0,0.53515625,-0.44140625,-0.28125,0
155867419.0,8032.0,1.0,0.1583862305,-0.1771240234,0.588684082,0.772644043
155870387.0,2968.0,0.0,0.03125,-1.7421875,0.34375,0
155874419.0,4032.0,1.0,0.1666870117,-0.1811523438,0.5809936523,0.7758178711
155877387.0,2968.0,0.0,0.06640625,-1.96875,0.23046875,0
155884419.0,7032.0,1.0,0.1755371094,-0.1848754883,0.5746459961,0.7777099609
155887387.0,2968.0,0.0,-0.62890625,-1.39453125,0.22265625,0
155894419.0,7032.0,1.0,0.1845703125,-0.1881713867,0.5695800781,0.778503418
155897387.0,2968.0,0.0,-0.86328125,-1.015625,-0.1015625,0
155905419.0,8032.0,1.0,0.1937866211,-0.1913452148,0.5649414063,0.7788696289
155908387.0,2968.0,0.0,-0.26171875,-0.60546875,-0.640625,0
155914419.0,6032.0,1.0,0.2024536133,-0.1943969727,0.5601196289,0.7794189453
155917387.0,2968.0,0.0,0.40625,-0.6875,-1.33984375,0
155924419.0,7032.0,1.0,0.2111816406,-0.1976928711,0.5543212891,0.7803955078
155927387.0,2968.0,0.0,1.0390625,-0.9921875,-1.33203125,0
155934419.0,7032.0,1.0,0.2196655273,-0.2011108398,0.5475463867,0.7819824219
155937387.0,2968.0,0.0,1.66015625,-1.3515625,-0.828125,0
155944419.0,7032.0,1.0,0.2278442383,-0.2047119141,0.5401000977,0.7838745117
155947387.0,2968.0,0.0,2.0546875,-3.1328125,-0.77734375,0
155960419.0,13032.0,1.0,0.2357788086,-0.208190918,0.5328369141,0.7855834961
155965419.0,5000.0,1.0,0.2440185547,-0.2114868164,0.5258789063,0.7868652344
155967387.0,1968.0,0.0,2.01171875,-4.421875,0.015625,0
155974419.0,7032.0,1.0,0.2524414063,-0.2145385742,0.51953125,0.7875976563
155977387.0,2968.0,0.0,1.4765625,-4.43359375,0.09765625,0
155984419.0,7032.0,1.0,0.2606201172,-0.2172241211,0.5139770508,0.7878417969
155987387.0,2968.0,0.0,1.34765625,-4.1875,0.26953125,0
155994419.0,7032.0,1.0,0.2687988281,-0.2197265625,0.5089111328,0.7877197266
155997387.0,2968.0,0.0,1.21484375,-3.79296875,0.30078125,0
156005419.0,8032.0,1.0,0.2745361328,-0.2233886719,0.5037841797,0.7880249023
156008387.0,2968.0,0.0,1.26953125,-3.484375,0.265625,0
156014419.0,6032.0,1.0,0.280090332,-0.2268066406,0.4989624023,0.7881469727
156017387.0,2968.0,0.0,1.125,-2.87109375,0.16015625,0
156024419.0,7032.0,1.0,0.2855224609,-0.2302246094,0.4938354492,0.7883911133
156027387.0,2968.0,0.0,1.35546875,-2.78515625,0.2421875,0
156034419.0,7032.0,1.0,0.2906494141,-0.233581543,0.4884033203,0.7889404297
156037387.0,2968.0,0.0,1.55078125,-2.78125,-0.06640625,0
156045419.0,8032.0,1.0,0.2955932617,-0.2369995117,0.4825439453,0.7896728516
156048387.0,2968.0,0.0,1.390625,-2.95703125,-0.06640625,0
156060419.0,12032.0,1.0,0.2998046875,-0.240234375,0.4766235352,0.7907104492
156065419.0,5000.0,1.0,0.3062133789,-0.2423706055,0.4707641602,0.7911376953
156067387.0,1968.0,0.0,1.140625,-3.50390625,0.13671875,0
156074419.0,7032.0,1.0,0.310546875,-0.2455444336,0.4642944336,0.7922973633
156077387.0,2968.0,0.0,1.35546875,-3.98046875,0.05078125,0
156085419.0,8032.0,1.0,0.3145141602,-0.2484130859,0.4584960938,0.7931518555
156088387.0,2968.0,0.0,1.5546875,-4.01953125,-0.265625,0
156095419.0,7032.0,1.0,0.3185424805,-0.2508544922,0.4533691406,0.793762207
156098387.0,2968.0,0.0,1.6796875,-3.2109375,-0.21484375,0
156104419.0,6032.0,1.0,0.3222045898,-0.253112793,0.4487915039,0.7941894531
156107387.0,2968.0,0.0,1.91015625,-2.6875,-0.12890625,0
156114419.0,7032.0,1.0,0.3257446289,-0.2553710938,0.4440307617,0.7946777344
156117387.0,2968.0,0.0,2.1796875,-2.5390625,-0.26953125,0
156125419.0,8032.0,1.0,0.3291625977,-0.2578125,0.4389038086,0.7953491211
156128387.0,2968.0,0.0,2.29296875,-2.62109375,-0.44921875,0
156134419.0,6032.0,1.0,0.3318481445,-0.260559082,0.4332885742,0.7963867188
156137387.0,2968.0,0.0,1.7578125,-4.046875,-0.59375,0
156144419.0,7032.0,1.0,0.3342285156,-0.2634277344,0.4274902344,0.7976074219
156147387.0,2968.0,0.0,1.328125,-4.609375,-0.55859375,0
156155419.0,8032.0,1.0,0.3362426758,-0.2661743164,0.4220581055,0.7987060547
156158387.0,2968.0,0.0,0.9765625,-4.9296875,-0.2734375,0
156165419.0,7032.0,1.0,0.3380737305,-0.2686767578,0.4172973633,0.799621582
156168387.0,2968.0,0.0,0.16796875,-4.98046875,-0.20703125,0
156174419.0,6032.0,1.0,0.3397216797,-0.2708740234,0.4133911133,0.8002319336
156177387.0,2968.0,0.0,-0.1171875,-4.7421875,-0.4375,0
156185419.0,8032.0,1.0,0.3430175781,-0.2716064453,0.4112548828,0.799621582
156189387.0,3968.0,0.0,-0.3984375,-4.25,-0.9296875,0
156196419.0,7032.0,1.0,0.3461303711,-0.2720336914,0.4100952148,0.7987670898
156199387.0,2968.0,0.0,-0.84375,-3.24609375,-1.6328125,0
156209419.0,10032.0,1.0,0.3491210938,-0.272277832,0.409362793,0.7977294922
156212387.0,2968.0,0.0,-1.2890625,-1.5234375,-2.4453125,0
156216419.0,4032.0,1.0,0.3500976563,-0.2734375,0.408203125,0.7975463867
156219387.0,2968.0,0.0,-1.2734375,-1.16796875,-2.53125,0
156225419.0,6032.0,1.0,0.3508911133,-0.2747192383,0.4068603516,0.7974243164
156228387.0,2968.0,0.0,-1.2578125,-1.25390625,-2.4609375,0
156235419.0,7032.0,1.0,0.3514404297,-0.2758789063,0.4057006836,0.7973632813
156238387.0,2968.0,0.0,-1.30859375,-1.48046875,-2.39453125,0
156244419.0,6032.0,1.0,0.3519287109,-0.2767944336,0.4049682617,0.7971801758
156247387.0,2968.0,0.0,-1.4921875,-1.2265625,-2.31640625,0
156254419.0,7032.0,1.0,0.3526611328,-0.2774658203,0.4047241211,0.7967529297
156257387.0,2968.0,0.0,-1.75390625,-0.9296875,-2.34765625,0
156265419.0,8032.0,1.0,0.3534545898,-0.2779541016,0.4050292969,0.796081543
156268387.0,2968.0,0.0,-1.69921875,-0.61328125,-1.87890625,0
156275419.0,7032.0,1.0,0.3557739258,-0.2776489258,0.4060058594,0.7946777344
156278387.0,2968.0,0.0,-1.53125,0.08203125,-1.2109375,0
156285419.0,7032.0,1.0,0.3577880859,-0.2775878906,0.4067993164,0.7933959961
156288387.0,2968.0,0.0,-0.82421875,0.55859375,-0.4296875,0
156294419.0,6032.0,1.0,0.359375,-0.2779541016,0.4071044922,0.7924194336
156297387.0,2968.0,0.0,-0.58203125,0.3515625,-0.4609375,0
156305419.0,8032.0,1.0,0.3589477539,-0.2793579102,0.4066162109,0.7922973633
156308387.0,2968.0,0.0,-0.6015625,0.0234375,-0.5234375,0
156315419.0,7032.0,1.0,0.358581543,-0.2805786133,0.4065551758,0.7920532227
156318387.0,2968.0,0.0,-0.7421875,-0.23828125,-0.66796875,0
156325419.0,7032.0,1.0,0.3583984375,-0.2816162109,0.4071044922,0.7915039063
156328387.0,2968.0,0.0,-1.3359375,0.3515625,-0.90625,0
156335419.0,7032.0,1.0,0.358215332,-0.2822875977,0.4083251953,0.7907104492
156338387.0,2968.0,0.0,-1.3203125,0.8828125,-1.07421875,0
156345419.0,7032.0,1.0,0.3579711914,-0.2829589844,0.4097290039,0.7899169922
156348387.0,2968.0,0.0,-1.26953125,1.44921875,-1.34765625,0
156355419.0,7032.0,1.0,0.3592529297,-0.2828369141,0.4116210938,0.7883911133
156358387.0,2968.0,0.0,-0.76171875,2.62109375,-1.46875,0
156365419.0,7032.0,1.0,0.3604125977,-0.2828979492,0.4130859375,0.7870483398
156368387.0,2968.0,0.0,-0.5078125,2.88671875,-1.4453125,0
156375419.0,7032.0,1.0,0.3612670898,-0.283203125,0.4138793945,0.7860717773
156378387.0,2968.0,0.0,-0.34765625,2.89453125,-1.76953125,0
156385419.0,7032.0,1.0,0.3604736328,-0.2845458984,0.4136352539,0.7861328125
156388387.0,2968.0,0.0,-0.1796875,2.7578125,-1.828125,0
156395419.0,7032.0,1.0,0.3609619141,-0.2853393555,0.4133911133,0.7857666016
156398387.0,2968.0,0.0,-0.1328125,2.27734375,-1.3671875,0
156405419.0,7032.0,1.0,0.361328125,-0.2862548828,0.4126586914,0.7856445313
156408387.0,2968.0,0.0,-0.00390625,2.1015625,-1.29296875,0
156415419.0,7032.0,1.0,0.3614501953,-0.2872924805,0.4116821289,0.7857055664
156418387.0,2968.0,0.0,0.16796875,2.1328125,-1.140625,0
156425419.0,7032.0,1.0,0.3599243164,-0.2891845703,0.4096679688,0.7867431641
156428387.0,2968.0,0.0,0.3671875,2.0390625,-1.03125,0
156434419.0,6032.0,1.0,0.3596801758,-0.2904663086,0.4078979492,0.7873535156
156437387.0,2968.0,0.0,0.6015625,1.765625,-0.88671875,0
156444419.0,7032.0,1.0,0.3591918945,-0.292175293,0.4053344727,0.788269043
156447387.0,2968.0,0.0,0.71875,1.46484375,-0.7578125,0
156455419.0,8032.0,1.0,0.3583984375,-0.2940673828,0.4021606445,0.7895507813
156458387.0,2968.0,0.0,0.88671875,0.9375,-0.59765625,0
156465419.0,7032.0,1.0,0.3557128906,-0.296875,0.3980102539,0.791809082
156468387.0,2968.0,0.0,1.01171875,0.265625,-0.4375,0
156475419.0,7032.0,1.0,0.3544921875,-0.2990722656,0.3939819336,0.7935180664
156478387.0,2968.0,0.0,1.01953125,-1.90234375,0.23046875,0
156485419.0,7032.0,1.0,0.3533325195,-0.3009033203,0.3905639648,0.7950439453
156488387.0,2968.0,0.0,1.0546875,-2.54296875,0.390625,0
156495419.0,7032.0,1.0,0.3522338867,-0.3024902344,0.3878173828,0.7962646484
156498387.0,2968.0,0.0,1.1015625,-2.6953125,0.55859375,0
156505419.0,7032.0,1.0,0.3513183594,-0.3034667969,0.3860473633,0.7971191406
156508387.0,2968.0,0.0,0.99609375,-2.6640625,0.58203125,0
156515419.0,7032.0,1.0,0.3507080078,-0.3040161133,0.3854370117,0.7975463867
156518387.0,2968.0,0.0,0.6484375,-2.015625,0.3125,0
156525419.0,7032.0,1.0,0.3502197266,-0.3040771484,0.3856811523,0.7975463867
156529387.0,3968.0,0.0,0.6796875,-1.2109375,0.05078125,0
156535419.0,6032.0,1.0,0.3482055664,-0.3047485352,0.3856201172,0.7982177734
156538387.0,2968.0,0.0,0.796875,-0.6875,-0.015625,0
156545419.0,7032.0,1.0,0.3461914063,-0.3053588867,0.3856201172,0.7988891602
156548387.0,2968.0,0.0,0.48828125,-0.2734375,-0.0078125,0
156555419.0,7032.0,1.0,0.345703125,-0.3052978516,0.3860473633,0.7988891602
156558387.0,2968.0,0.0,0.18359375,-0.16796875,-0.0390625,0
156565419.0,7032.0,1.0,0.3452148438,-0.3051147461,0.3865356445,0.7989501953
156569387.0,3968.0,0.0,0.05078125,0.0078125,-0.56640625,0
156575419.0,6032.0,1.0,0.3447875977,-0.3048095703,0.3870849609,0.7990112305
156578387.0,2968.0,0.0,-0.33203125,0.26953125,-0.63671875,0
156585419.0,7032.0,1.0,0.3443603516,-0.3045043945,0.387512207,0.7990722656
156588387.0,2968.0,0.0,-1.1796875,0.17578125,-0.859375,0
156595419.0,7032.0,1.0,0.3438720703,-0.3043212891,0.387878418,0.7991943359
156598387.0,2968.0,0.0,-1.13671875,-0.17578125,-0.8203125,0
156605419.0,7032.0,1.0,0.3434448242,-0.3040771484,0.3883056641,0.7992553711
156609387.0,3968.0,0.0,-0.84375,-0.4921875,-0.61328125,0
156615419.0,6032.0,1.0,0.3430175781,-0.303894043,0.3888549805,0.7992553711
156618387.0,2968.0,0.0,-0.30859375,-0.66015625,-0.4609375,0
156624419.0,6032.0,1.0,0.3427124023,-0.3036499023,0.3896484375,0.7990722656
156627387.0,2968.0,0.0,0.11328125,-0.59765625,0.0078125,0
156635419.0,8032.0,1.0,0.3424682617,-0.3034057617,0.3906860352,0.7987670898
156638387.0,2968.0,0.0,0.95703125,0.04296875,0.25390625,0
156645419.0,7032.0,1.0,0.3422241211,-0.3031616211,0.3917236328,0.7984619141
156648387.0,2968.0,0.0,1.1875,0.44140625,0.30859375,0
156655419.0,7032.0,1.0,0.3419799805,-0.3030395508,0.392578125,0.7982177734
156658387.0,2968.0,0.0,1.140625,0.78125,0.16796875,0
156665419.0,7032.0,1.0,0.3415527344,-0.3031005859,0.3928833008,0.7981567383
156668387.0,2968.0,0.0,0.87109375,0.16015625,0.140625,0
156675419.0,7032.0,1.0,0.3408813477,-0.3033447266,0.3927001953,0.7984619141
156678387.0,2968.0,0.0,0.99609375,-0.33984375,0.0625,0
156685419.0,7032.0,1.0,0.3402099609,-0.3035888672,0.3922729492,0.7988891602
156688387.0,2968.0,0.0,1.140625,-0.8359375,0.20703125,0
156695419.0,7032.0,1.0,0.3395996094,-0.303527832,0.3922119141,0.7991943359
156698387.0,2968.0,0.0,1.171875,-1.10546875,0.21484375,0
156705419.0,7032.0,1.0,0.3393554688,-0.3031616211,0.3927612305,0.7991943359
156708387.0,2968.0,0.0,1.0859375,-1.08203125,-0.359375,0
156715419.0,7032.0,1.0,0.3392944336,-0.3024291992,0.3937988281,0.7989501953
156718387.0,2968.0,0.0,0.84765625,-0.33984375,-0.12109375,0
156725419.0,7032.0,1.0,0.3395385742,-0.301574707,0.3952636719,0.7984619141
156728387.0,2968.0,0.0,0.734375,0.32421875,-0.14453125,0
156735419.0,7032.0,1.0,0.3399047852,-0.3005981445,0.3969726563,0.7978515625
156738387.0,2968.0,0.0,0.609375,1.34375,0.1015625,0
156745419.0,7032.0,1.0,0.3403930664,-0.2996826172,0.3984985352,0.7971801758
156748387.0,2968.0,0.0,0.1796875,1.28125,-0.265625,0
156755419.0,7032.0,1.0,0.3409423828,-0.298828125,0.3999023438,0.7965698242
156758387.0,2968.0,0.0,0.14453125,1.3359375,-0.21875,0
156765419.0,7032.0,1.0,0.3415527344,-0.298034668,0.401184082,0.7959594727
156768387.0,2968.0,0.0,0.05859375,1.6640625,-0.05859375,0
156775419.0,7032.0,1.0,0.3421630859,-0.2973632813,0.4020996094,0.7954711914
156778387.0,2968.0,0.0,0.12890625,2.109375,-0.234375,0
156785419.0,7032.0,1.0,0.3427124023,-0.296875,0.4026489258,0.7951660156
156788387.0,2968.0,0.0,0.203125,2.22265625,-0.08203125,0
156795419.0,7032.0,1.0,0.3432006836,-0.2966918945,0.4025878906,0.7950439453
156798387.0,2968.0,0.0,0.43359375,2.1875,0.1171875,0
156805419.0,7032.0,1.0,0.3435668945,-0.2967529297,0.4020996094,0.7951049805
156808387.0,2968.0,0.0,0.6640625,1.92578125,0.03515625,0
156814419.0,6032.0,1.0,0.3439941406,-0.2969360352,0.4013671875,0.7952270508
156817387.0,2968.0,0.0,1.0078125,0.78515625,-0.01953125,0
156825419.0,8032.0,1.0,0.3446655273,-0.2970581055,0.4006347656,0.7952270508
156828387.0,2968.0,0.0,1.16015625,0.4609375,0.28515625,0
156835419.0,7032.0,1.0,0.3456420898,-0.2970581055,0.400390625,0.7949829102
156838387.0,2968.0,0.0,1.27734375,0.43359375,0.31640625,0
156845419.0,7032.0,1.0,0.346862793,-0.296875,0.4005126953,0.7944335938
156848387.0,2968.0,0.0,1.24609375,0.70703125,0.1640625,0
156855419.0,7032.0,1.0,0.3483886719,-0.2966308594,0.4008789063,0.7937011719
156858387.0,2968.0,0.0,0.71875,1.328125,-0.2578125,0
156865419.0,7032.0,1.0,0.3499755859,-0.2965087891,0.4014282227,0.7927856445
156868387.0,2968.0,0.0,0.83984375,1.91015625,-0.25,0
156875419.0,7032.0,1.0,0.3516235352,-0.2965087891,0.4019165039,0.7917480469
156878387.0,2968.0,0.0,1.0703125,2.45703125,-0.3125,0
156885419.0,7032.0,1.0,0.3532104492,-0.2969970703,0.4019775391,0.7908935547
156888387.0,2968.0,0.0,1.15625,2.73828125,-0.3125,0
156895419.0,7032.0,1.0,0.3545532227,-0.2979736328,0.4013061523,0.790222168
156898387.0,2968.0,0.0,1.1796875,2.53125,-0.6484375,0
156905419.0,7032.0,1.0,0.3555908203,-0.2995605469,0.3999633789,0.789855957
156909387.0,3968.0,0.0,1.1953125,2.08203125,-0.3125,0
156915419.0,6032.0,1.0,0.3565673828,-0.3013916016,0.3983764648,0.7894897461
156918387.0,2968.0,0.0,1.02734375,1.24609375,-0.203125,0
156925419.0,7032.0,1.0,0.3575439453,-0.3032836914,0.3969726563,0.7890625
156928387.0,2968.0,0.0,0.421875,0.0625,-0.46484375,0
156935419.0,7032.0,1.0,0.3587646484,-0.3048095703,0.3961181641,0.7883300781
156938387.0,2968.0,0.0,0.14453125,0.0546875,-0.41015625,0
156945419.0,7032.0,1.0,0.3602905273,-0.3059692383,0.3959960938,0.7872314453
156949387.0,3968.0,0.0,0.015625,0.53515625,-0.32421875,0
156955419.0,6032.0,1.0,0.3619995117,-0.3068847656,0.3961791992,0.7860107422
156958387.0,2968.0,0.0,0.03125,1.1796875,-0.6171875,0
156965419.0,7032.0,1.0,0.3636474609,-0.307800293,0.3962402344,0.7848510742
156968387.0,2968.0,0.0,-0.05859375,1.3125,-0.76171875,0
156975419.0,7032.0,1.0,0.365234375,-0.3087768555,0.3958740234,0.7839355469
156978387.0,2968.0,0.0,0.140625,0.84375,-0.5546875,0
156985419.0,7032.0,1.0,0.3666381836,-0.3099365234,0.3952026367,0.7831420898
156989387.0,3968.0,0.0,0.19921875,0.41796875,-0.59375,0
156995419.0,6032.0,1.0,0.3678588867,-0.3111572266,0.3942871094,0.7825317383
156998387.0,2968.0,0.0,0.0234375,-0.08984375,-0.25,0
157005419.0,7032.0,1.0,0.3689575195,-0.3122558594,0.393371582,0.782043457
157008387.0,2968.0,0.0,-0.16015625,-0.59375,0.48046875,0
157015419.0,7032.0,1.0,0.3701171875,-0.3135375977,0.3925170898,0.7814331055
157018387.0,2968.0,0.0,-0.13671875,-0.8671875,0.91015625,0
157025419.0,7032.0,1.0,0.37109375,-0.3146972656,0.391784668,0.7808837891
157028387.0,2968.0,0.0,-0.04296875,-0.72265625,1.17578125,0
157035419.0,7032.0,1.0,0.3720703125,-0.3159179688,0.3911743164,0.7802124023
157038387.0,2968.0,0.0,-0.02734375,-0.76953125,1.4140625,0
157045419.0,7032.0,1.0,0.373046875,-0.3170166016,0.3907470703,0.7795410156
157048387.0,2968.0,0.0,0.6015625,-1.3203125,2.11328125,0
157055419.0,7032.0,1.0,0.3739624023,-0.3179931641,0.3907470703,0.7786865234
157058387.0,2968.0,0.0,0.76171875,-1.3046875,2.04296875,0
157065419.0,7032.0,1.0,0.375,-0.3187255859,0.3912963867,0.7775878906
157068387.0,2968.0,0.0,0.9296875,-1.1796875,2.48828125,0
157075419.0,7032.0,1.0,0.3760375977,-0.3194580078,0.3920288086,0.7764282227
157078387.0,2968.0,0.0,1.21484375,-1.09765625,2.234375,0
157085419.0,7032.0,1.0,0.376953125,-0.3203125,0.3927612305,0.7752685547
157088387.0,2968.0,0.0,1.8125,-0.96484375,1.64453125,0
157095419.0,7032.0,1.0,0.3779296875,-0.3212280273,0.3934326172,0.7741088867
157098387.0,2968.0,0.0,1.94140625,-1.2265625,1.4296875,0
157105419.0,7032.0,1.0,0.3788452148,-0.3223876953,0.3938598633,0.7729492188
157108387.0,2968.0,0.0,1.8046875,-1.05859375,0.99609375,0
157117419.0,9032.0,1.0,0.3797607422,-0.3235473633,0.3940429688,0.7718505859
157120387.0,2968.0,0.0,1.4296875,-0.84375,1.01171875,0
157128419.0,8032.0,1.0,0.3807373047,-0.3248901367,0.3941650391,0.7708129883
157131387.0,2968.0,0.0,0.45703125,-0.7890625,0.57421875,0
157135419.0,4032.0,1.0,0.3818359375,-0.3263549805,0.3941040039,0.7696533203
157138387.0,2968.0,0.0,0.13671875,-0.83203125,0.62890625,0
157146419.0,8032.0,1.0,0.3828735352,-0.3277587891,0.3939819336,0.7685546875
157149387.0,2968.0,0.0,0.04296875,-1.00390625,0.4921875,0
157155419.0,6032.0,1.0,0.383972168,-0.3292236328,0.3939208984,0.7674560547
157158387.0,2968.0,0.0,-0.24609375,-0.7421875,0.390625,0
157165419.0,7032.0,1.0,0.3850708008,-0.3305664063,0.3939208984,0.7662963867
157168387.0,2968.0,0.0,-0.14453125,-0.01953125,0.94140625,0
157175419.0,7032.0,1.0,0.3862304688,-0.3318481445,0.3940429688,0.7651367188
157178387.0,2968.0,0.0,0.4453125,-0.76171875,0.99609375,0
157185419.0,7032.0,1.0,0.3874511719,-0.3330688477,0.3941650391,0.7639160156
157188387.0,2968.0,0.0,0.46875,-0.6640625,0.8203125,0
157195419.0,7032.0,1.0,0.3886108398,-0.3341064453,0.3942871094,0.7628173828
157198387.0,2968.0,0.0,-0.0625,-0.609375,0.76953125,0
157205419.0,7032.0,1.0,0.3898925781,-0.3352050781,0.3943481445,0.7616577148
157208387.0,2968.0,0.0,-0.390625,-0.5390625,0.39453125,0
157215419.0,7032.0,1.0,0.3911743164,-0.3361816406,0.3943481445,0.760559082
157218387.0,2968.0,0.0,-0.83203125,0.05859375,0.1015625,0
157225419.0,7032.0,1.0,0.3923950195,-0.3372192383,0.3939819336,0.7597045898
157228387.0,2968.0,0.0,-0.93359375,0.55078125,-0.39453125,0
157235419.0,7032.0,1.0,0.3935546875,-0.3385009766,0.3930053711,0.7590332031
157238387.0,2968.0,0.0,-0.95703125,0.05078125,-0.578125,0
157245419.0,7032.0,1.0,0.39453125,-0.3397827148,0.3916015625,0.758605957
157248387.0,2968.0,0.0,-0.82421875,-0.13671875,-0.51171875,0
157255419.0,7032.0,1.0,0.3955688477,-0.3411254883,0.3899536133,0.7583007813
157258387.0,2968.0,0.0,-0.85546875,-0.4375,-0.40234375,0
157266419.0,8032.0,1.0,0.3966674805,-0.3422851563,0.3883666992,0.7580566406
157269387.0,2968.0,0.0,-0.95703125,-0.58984375,0.046875,0
157275419.0,6032.0,1.0,0.3979492188,-0.3432006836,0.3869628906,0.7576904297
157278387.0,2968.0,0.0,-0.94921875,-0.47265625,0.1484375,0
157285419.0,7032.0,1.0,0.3992919922,-0.3439331055,0.385559082,0.7573852539
157289387.0,3968.0,0.0,-0.90234375,0.02734375,0.09375,0
157295419.0,6032.0,1.0,0.4006347656,-0.344543457,0.3840332031,0.7572021484
157298387.0,2968.0,0.0,-0.77734375,0.44921875,-0.10546875,0
157305419.0,7032.0,1.0,0.4018554688,-0.3451538086,0.3822631836,0.7571411133
157308387.0,2968.0,0.0,-0.47265625,0.1796875,-0.24609375,0
157315419.0,7032.0,1.0,0.4030151367,-0.345703125,0.3803710938,0.7572021484
157318387.0,2968.0,0.0,-0.1953125,-0.046875,-0.22265625,0
157325419.0,7032.0,1.0,0.4041748047,-0.3462524414,0.3785400391,0.7573242188
157329387.0,3968.0,0.0,0.1875,-0.0078125,-0.16796875,0
157335419.0,6032.0,1.0,0.4052734375,-0.3466796875,0.3767089844,0.7573852539
157338387.0,2968.0,0.0,0.5234375,0.03125,0.15234375,0
157345419.0,7032.0,1.0,0.4063110352,-0.3471069336,0.3749389648,0.7575073242
157348387.0,2968.0,0.0,0.9140625,-0.0859375,0.28125,0
157355419.0,7032.0,1.0,0.4072875977,-0.3475952148,0.3732299805,0.7576293945
157358387.0,2968.0,0.0,1.03125,-0.24609375,0.7265625,0
157365419.0,7032.0,1.0,0.4082641602,-0.3480834961,0.3718261719,0.7575683594
157368387.0,2968.0,0.0,1.453125,-0.86328125,0.671875,0
157375419.0,7032.0,1.0,0.4092407227,-0.348449707,0.3708496094,0.7573242188
157378387.0,2968.0,0.0,1.7890625,-1.03125,0.89453125,0
157385419.0,7032.0,1.0,0.4102172852,-0.3486328125,0.3704223633,0.7569580078
157388387.0,2968.0,0.0,2.140625,-0.6328125,0.43359375,0
157395419.0,7032.0,1.0,0.4113769531,-0.3488769531,0.3702392578,0.7562866211
157398387.0,2968.0,0.0,2.21875,-0.19140625,0.19921875,0
157405419.0,7032.0,1.0,0.4124145508,-0.3491821289,0.3701171875,0.7556762695
157409387.0,3968.0,0.0,2.41796875,-0.01953125,0.12109375,0
157415419.0,6032.0,1.0,0.4133911133,-0.3496704102,0.3699951172,0.7549438477
157418387.0,2968.0,0.0,2.69140625,-0.2734375,-0.17578125,0
157425419.0,7032.0,1.0,0.4143676758,-0.3503417969,0.3697509766,0.7542114258
157428387.0,2968.0,0.0,2.96875,-0.6328125,-0.4765625,0
157435419.0,7032.0,1.0,0.4153442383,-0.3510131836,0.3696289063,0.7534179688
157438387.0,2968.0,0.0,3.13671875,-0.73046875,-0.7734375,0
157445419.0,7032.0,1.0,0.4164428711,-0.3518066406,0.3695068359,0.7525024414
157448387.0,2968.0,0.0,3.21484375,-0.5859375,-0.921875,0
157455419.0,7032.0,1.0,0.4175415039,-0.3526000977,0.3693847656,0.7515869141
157458387.0,2968.0,0.0,3.22265625,-0.2578125,-0.875,0
157465419.0,7032.0,1.0,0.4185791016,-0.353515625,0.3690795898,0.7507324219
157468387.0,2968.0,0.0,3.66015625,0.265625,-0.0625,0
157475419.0,7032.0,1.0,0.4194946289,-0.3547363281,0.3684692383,0.7499389648
157478387.0,2968.0,0.0,3.8515625,0.14453125,0.13671875,0
157485419.0,7032.0,1.0,0.4202880859,-0.3560791016,0.3676147461,0.7492675781
157488387.0,2968.0,0.0,3.67578125,-0.35546875,0.56640625,0
157495419.0,7032.0,1.0,0.4210205078,-0.3576049805,0.3668212891,0.7485961914
157498387.0,2968.0,0.0,2.9609375,-1.2109375,1.1484375,0
157505419.0,7032.0,1.0,0.4217529297,-0.3590698242,0.3662719727,0.7476806641
157508387.0,2968.0,0.0,2.96875,-1.40234375,1.42578125,0
157515419.0,7032.0,1.0,0.4224853516,-0.360534668,0.3661499023,0.7466430664
157518387.0,2968.0,0.0,3.140625,-1.609375,1.44921875,0
157526419.0,8032.0,1.0,0.4232788086,-0.3618774414,0.366394043,0.7454223633
157529387.0,2968.0,0.0,3.23046875,-1.5859375,1.234375,0
157535419.0,6032.0,1.0,0.4240112305,-0.36328125,0.3669433594,0.7440795898
157538387.0,2968.0,0.0,3.28515625,-0.796875,0.69140625,0
157545419.0,7032.0,1.0,0.4245605469,-0.3648681641,0.3674316406,0.7426757813
157548387.0,2968.0,0.0,3.453125,-1.0390625,0.5625,0
157555419.0,7032.0,1.0,0.4249267578,-0.3666992188,0.3679199219,0.7413330078
157558387.0,2968.0,0.0,3.59375,-1.59765625,0.5625,0
157566419.0,8032.0,1.0,0.4251098633,-0.3685913086,0.3685913086,0.7399902344
157569387.0,2968.0,0.0,3.33984375,-2.12109375,0.6328125,0
157575419.0,6032.0,1.0,0.4253540039,-0.3703613281,0.3696899414,0.7384033203
157578387.0,2968.0,0.0,3.01171875,-2.14453125,0.296875,0
157585419.0,7032.0,1.0,0.4257202148,-0.3720703125,0.3713378906,0.7365112305
157588387.0,2968.0,0.0,2.6875,-1.67578125,0.34375,0
157595419.0,7032.0,1.0,0.4259643555,-0.3737182617,0.3733520508,0.7344970703
157598387.0,2968.0,0.0,2.55859375,-1.4375,0.2734375,0
157606419.0,8032.0,1.0,0.4262084961,-0.3753662109,0.3755493164,0.7323608398
157609387.0,2968.0,0.0,2.57421875,-1.515625,0.10546875,0
157616419.0,7032.0,1.0,0.4263916016,-0.3770751953,0.3780517578,0.7301635742
157619387.0,2968.0,0.0,2.453125,-0.984375,-0.64453125,0
157625419.0,6032.0,1.0,0.4264526367,-0.3787841797,0.3804931641,0.7279052734
157628387.0,2968.0,0.0,2.28515625,-0.296875,-1.0703125,0
157635419.0,7032.0,1.0,0.4262695313,-0.3807373047,0.3829345703,0.7257080078
157638387.0,2968.0,0.0,2.1171875,0.27734375,-1.1328125,0
157646419.0,8032.0,1.0,0.4259033203,-0.3829345703,0.3850708008,0.7236328125
157649387.0,2968.0,0.0,1.98828125,0.32421875,-1.03125,0
157661419.0,12032.0,1.0,0.4254150391,-0.3851928711,0.3869628906,0.7217407227
157666419.0,5000.0,1.0,0.4247436523,-0.3878173828,0.3888549805,0.7197265625
157668387.0,1968.0,0.0,1.3515625,-0.81640625,0.0234375,0
157676419.0,8032.0,1.0,0.4239501953,-0.390625,0.3907470703,0.717590332
157679387.0,2968.0,0.0,0.76171875,-0.5859375,-0.0546875,0
157685419.0,6032.0,1.0,0.4231567383,-0.3934326172,0.3926391602,0.7155151367
157688387.0,2968.0,0.0,-0.1328125,-0.1875,-0.671875,0
157695419.0,7032.0,1.0,0.4223022461,-0.3963623047,0.3945922852,0.7133178711
157698387.0,2968.0,0.0,0.01171875,0.6640625,-1.3359375,0
157705419.0,7032.0,1.0,0.4215087891,-0.3993530273,0.3963623047,0.7111206055
157708387.0,2968.0,0.0,0.04296875,0.48046875,-1.71875,0
157716419.0,8032.0,1.0,0.4206542969,-0.4024658203,0.3980712891,0.7089233398
157719387.0,2968.0,0.0,0.06640625,0.37890625,-1.91015625,0
157725419.0,6032.0,1.0,0.4196777344,-0.4057617188,0.399597168,0.7067871094
157728387.0,2968.0,0.0,-0.3984375,0.01171875,-1.9453125,0
157735419.0,7032.0,1.0,0.4185180664,-0.4093017578,0.4010620117,0.7045898438
157738387.0,2968.0,0.0,-0.68359375,-0.5390625,-1.9453125,0
157745419.0,7032.0,1.0,0.4172973633,-0.4128417969,0.40234375,0.7025756836
157749387.0,3968.0,0.0,-0.84375,-0.67578125,-1.98828125,0
157755419.0,6032.0,1.0,0.4159545898,-0.4163818359,0.4035644531,0.7005615234
157758387.0,2968.0,0.0,-0.58203125,-1.16015625,-2.21875,0
157765419.0,7032.0,1.0,0.4145507813,-0.4197998047,0.4047851563,0.6986083984
157768387.0,2968.0,0.0,-0.98046875,-0.75390625,-2.78125,0
157775419.0,7032.0,1.0,0.4130249023,-0.4235229492,0.4060668945,0.6965332031
157778387.0,2968.0,0.0,-1.4453125,-0.4296875,-2.98046875,0
157785419.0,7032.0,1.0,0.4114379883,-0.4271850586,0.4072875977,0.694519043
157788387.0,2968.0,0.0,-1.921875,-0.03125,-2.7421875,0
157796419.0,8032.0,1.0,0.4097290039,-0.4309692383,0.4083251953,0.692565918
157799387.0,2968.0,0.0,-2.38671875,0.51953125,-2.703125,0
157806419.0,7032.0,1.0,0.4078369141,-0.4349365234,0.409362793,0.690612793
157809387.0,2968.0,0.0,-3.24609375,1.30078125,-3.34375,0
157815419.0,6032.0,1.0,0.4058837891,-0.4388427734,0.4102172852,0.6887817383
157818387.0,2968.0,0.0,-3.98828125,1.59375,-3.5625,0
157825419.0,7032.0,1.0,0.4036865234,-0.4429321289,0.4108886719,0.6870117188
157828387.0,2968.0,0.0,-4.30859375,1.45703125,-2.91015625,0
157836419.0,8032.0,1.0,0.4014282227,-0.4472045898,0.4115600586,0.6852416992
157839387.0,2968.0,0.0,-5.08203125,-1.0859375,-1.8671875,0
157845419.0,6032.0,1.0,0.3991699219,-0.4513549805,0.4122924805,0.6833496094
157848387.0,2968.0,0.0,-4.8359375,0.95703125,-1.93359375,0
157855419.0,7032.0,1.0,0.3969116211,-0.4556274414,0.4132080078,0.6812744141
157858387.0,2968.0,0.0,-4.8046875,0.4375,-1.49609375,0
157866419.0,8032.0,1.0,0.3947143555,-0.4598388672,0.4141845703,0.6791381836
157869387.0,2968.0,0.0,-4.27734375,1.1796875,-2.1015625,0
157876419.0,7032.0,1.0,0.3927001953,-0.4639282227,0.4151611328,0.6768798828
157879387.0,2968.0,0.0,-3.984375,0.171875,-0.3984375,0
157890419.0,11032.0,1.0,0.3908081055,-0.4681396484,0.4161376953,0.6744995117
157893387.0,2968.0,0.0,-3.38671875,0.546875,-4.32421875,0
157897419.0,4032.0,1.0,0.3889160156,-0.4725341797,0.4169311523,0.6720581055
157900387.0,2968.0,0.0,-3.01953125,2.28515625,-4.453125,0
157906419.0,6032.0,1.0,0.3870239258,-0.4771118164,0.4176025391,0.6694946289
157909387.0,2968.0,0.0,-2.87890625,2.5078125,-5.31640625,0
157915419.0,6032.0,1.0,0.3852539063,-0.4814453125,0.4180297852,0.6671142578
157918387.0,2968.0,0.0,-2.7734375,3.296875,-5.37890625,0
157926419.0,8032.0,1.0,0.3833618164,-0.4860229492,0.4182128906,0.6647338867
157929387.0,2968.0,0.0,-2.75,3.3671875,-4.74609375,0
157935419.0,6032.0,1.0,0.3814086914,-0.4906005859,0.4181518555,0.6625976563
157938387.0,2968.0,0.0,-3.03125,2.984375,-3.54296875,0
157946419.0,8032.0,1.0,0.3792114258,-0.4952392578,0.4177856445,0.6605834961
157949387.0,2968.0,0.0,-3.0859375,2.55859375,-2.73828125,0
157955419.0,6032.0,1.0,0.376953125,-0.4996337891,0.4173583984,0.6588745117
157958387.0,2968.0,0.0,-3.18359375,1.62109375,-2.421875,0
157965419.0,7032.0,1.0,0.3743286133,-0.5042724609,0.4168701172,0.6571655273
157968387.0,2968.0,0.0,-3.19921875,1.73046875,-2.6796875,0
157976419.0,8032.0,1.0,0.3715820313,-0.5086669922,0.4165649414,0.6555175781
157979387.0,2968.0,0.0,-3.14453125,1.03515625,-2.5546875,0
157986419.0,7032.0,1.0,0.3687744141,-0.5126953125,0.4166259766,0.6538696289
157989387.0,2968.0,0.0,-2.9375,0.46875,-2.38671875,0
157996419.0,7032.0,1.0,0.366027832,-0.5163574219,0.4173583984,0.6520996094
157999387.0,2968.0,0.0,-2.578125,-0.375,-2.796875,0
158006419.0,7032.0,1.0,0.3635864258,-0.5192871094,0.418762207,0.6502075195
158010387.0,3968.0,0.0,-2.33984375,-0.26953125,-3.171875,0
158015419.0,5032.0,1.0,0.3612670898,-0.5217895508,0.4209594727,0.6481323242
158018387.0,2968.0,0.0,-2.1796875,-0.66796875,-3.72265625,0
158026419.0,8032.0,1.0,0.3591308594,-0.5238037109,0.4236450195,0.6458740234
158029387.0,2968.0,0.0,-1.671875,-1.37890625,-3.796875,0
158036419.0,7032.0,1.0,0.3569946289,-0.5256958008,0.4266357422,0.6436157227
158039387.0,2968.0,0.0,-1.55078125,-1.6875,-2.8203125,0
158046419.0,7032.0,1.0,0.3546142578,-0.5275878906,0.4294433594,0.641418457
158050387.0,3968.0,0.0,-2.00390625,-2.24609375,-2.3046875,0
158056419.0,6032.0,1.0,0.3520507813,-0.5296630859,0.4320068359,0.639465332
158059387.0,2968.0,0.0,-1.92578125,-1.6640625,-2.44140625,0
158066419.0,7032.0,1.0,0.3494262695,-0.5317382813,0.4342041016,0.6376953125
158069387.0,2968.0,0.0,-0.546875,-1.0390625,-2.31640625,0
158082419.0,13032.0,1.0,0.346862793,-0.5338134766,0.4360351563,0.6360473633
158087419.0,5000.0,1.0,0.3441162109,-0.5362548828,0.4379272461,0.6342163086
158089387.0,1968.0,0.0,1.30078125,-1.34375,-1.33984375,0
158096419.0,7032.0,1.0,0.3416748047,-0.5385742188,0.4395141602,0.6325073242
158099387.0,2968.0,0.0,1.76171875,-2.2421875,-0.45703125,0
158106419.0,7032.0,1.0,0.3391723633,-0.541015625,0.4412231445,0.6305541992
158109387.0,2968.0,0.0,0.765625,-1.30078125,0.0859375,0
158116419.0,7032.0,1.0,0.336730957,-0.5436401367,0.4430541992,0.6282958984
158119387.0,2968.0,0.0,0.265625,-1.23046875,-0.01171875,0
158126419.0,7032.0,1.0,0.3345947266,-0.5461425781,0.4449462891,0.6259765625
158129387.0,2968.0,0.0,0.03515625,-0.6328125,-0.078125,0
158136419.0,7032.0,1.0,0.3327026367,-0.5484619141,0.4470214844,0.6234741211
158139387.0,2968.0,0.0,0.00390625,-0.2109375,-0.0625,0
158145419.0,6032.0,1.0,0.3311157227,-0.5506591797,0.4490966797,0.6209106445
158148387.0,2968.0,0.0,-0.15625,0.27734375,-0.703125,0
158156419.0,8032.0,1.0,0.3294067383,-0.5529174805,0.4514160156,0.6180419922
158159387.0,2968.0,0.0,-0.38671875,0.4609375,-0.72265625,0
158166419.0,7032.0,1.0,0.3276367188,-0.5551147461,0.4537353516,0.6153564453
158169387.0,2968.0,0.0,-0.421875,-0.203125,-0.78515625,0
158176419.0,7032.0,1.0,0.3255615234,-0.5571289063,0.4561767578,0.6127319336
158179387.0,2968.0,0.0,-0.5078125,-1.09375,-0.15234375,0
158186419.0,7032.0,1.0,0.3233032227,-0.5590820313,0.4589233398,0.610168457
158189387.0,2968.0,0.0,-0.0546875,-2.07421875,0.0546875,0
158196419.0,7032.0,1.0,0.3209228516,-0.5607910156,0.4620361328,0.6074829102
158199387.0,2968.0,0.0,0.08984375,-1.8671875,0.33984375,0
158206419.0,7032.0,1.0,0.3185424805,-0.5621948242,0.4657592773,0.6046142578
158209387.0,2968.0,0.0,0.03515625,-2.2890625,0.83203125,0
158216419.0,7032.0,1.0,0.3162841797,-0.5632324219,0.4699707031,0.6015014648
158219387.0,2968.0,0.0,0.2890625,-1.984375,1.203125,0
158226419.0,7032.0,1.0,0.3141479492,-0.5640869141,0.4746704102,0.5982055664
158229387.0,2968.0,0.0,0.1875,-1.48828125,0.890625,0
158236419.0,7032.0,1.0,0.3120117188,-0.5648193359,0.4794921875,0.5947265625
158239387.0,2968.0,0.0,-0.2890625,-0.53125,0.33984375,0
158246419.0,7032.0,1.0,0.3098144531,-0.565612793,0.4841308594,0.5913696289
158249387.0,2968.0,0.0,-0.45703125,-0.4921875,0.07421875,0
158256419.0,7032.0,1.0,0.3074951172,-0.5666503906,0.48828125,0.5881958008
158259387.0,2968.0,0.0,-0.51953125,0.9296875,-1.0859375,0
158266419.0,7032.0,1.0,0.3049926758,-0.5679931641,0.4918212891,0.5852050781
158269387.0,2968.0,0.0,-0.46484375,1.3203125,-0.95703125,0
158279419.0,10032.0,1.0,0.3025512695,-0.5697631836,0.4944458008,0.5825805664
158282387.0,2968.0,0.0,-0.2109375,1.61328125,-0.01171875,0
158289419.0,7032.0,1.0,0.2996826172,-0.5723266602,0.4967041016,0.5795898438
158292387.0,2968.0,0.0,0.5390625,0.9453125,0.88671875,0
158296419.0,4032.0,1.0,0.2970581055,-0.5751342773,0.4982299805,0.5769042969
158299387.0,2968.0,0.0,0.36328125,2.77734375,0.52734375,0
158306419.0,7032.0,1.0,0.2944946289,-0.5781860352,0.499206543,0.57421875
158309387.0,2968.0,0.0,0.0859375,3.58203125,-0.265625,0
158316419.0,7032.0,1.0,0.2920532227,-0.5814208984,0.4998168945,0.5717163086
158319387.0,2968.0,0.0,0.30859375,3.44140625,-0.9453125,0
158326419.0,7032.0,1.0,0.2896118164,-0.5846557617,0.5001831055,0.5693359375
158329387.0,2968.0,0.0,0.7890625,3.2578125,-0.79296875,0
158335419.0,6032.0,1.0,0.287109375,-0.5878295898,0.5004272461,0.5671386719
158338387.0,2968.0,0.0,1.1953125,2.1484375,0.86328125,0
158346419.0,8032.0,1.0,0.2841186523,-0.5911865234,0.5008544922,0.5647583008
158349387.0,2968.0,0.0,0.875,0.96875,1.33984375,0
158356419.0,7032.0,1.0,0.2809448242,-0.5942993164,0.5017089844,0.5622558594
158359387.0,2968.0,0.0,0.3515625,0.5390625,1.6171875,0
158366419.0,7032.0,1.0,0.2778320313,-0.5969848633,0.5031738281,0.5596923828
158369387.0,2968.0,0.0,-0.484375,-0.73828125,1.7109375,0
158376419.0,7032.0,1.0,0.2749023438,-0.5991821289,0.5053710938,0.5568237305
158379387.0,2968.0,0.0,-0.73828125,-1.7578125,1.1171875,0
158386419.0,7032.0,1.0,0.2721557617,-0.6008300781,0.5083007813,0.5537109375
158389387.0,2968.0,0.0,-0.38671875,-1.3984375,0.67578125,0
158396419.0,7032.0,1.0,0.26953125,-0.6021728516,0.51171875,0.5503540039
158399387.0,2968.0,0.0,0.3125,-0.04296875,0.0859375,0
158406419.0,7032.0,1.0,0.2669677734,-0.6033325195,0.5152587891,0.5469970703
158409387.0,2968.0,0.0,0.73046875,1.07421875,-0.2421875,0
158416419.0,7032.0,1.0,0.2640991211,-0.6045532227,0.5186767578,0.5438842773
158419387.0,2968.0,0.0,1.7265625,-0.59765625,2.08203125,0
158426419.0,7032.0,1.0,0.2606201172,-0.6060180664,0.5217285156,0.5409545898
158429387.0,2968.0,0.0,0.9609375,0.015625,2.328125,0
158436419.0,7032.0,1.0,0.2565917969,-0.6077270508,0.5244140625,0.5383300781
158439387.0,2968.0,0.0,-0.11328125,0.51171875,1.734375,0
158446419.0,7032.0,1.0,0.2523193359,-0.6095581055,0.5267333984,0.5360107422
158449387.0,2968.0,0.0,-1.8828125,0.16015625,0.07421875,0
158456419.0,7032.0,1.0,0.2479858398,-0.6115112305,0.5287475586,0.5338134766
158459387.0,2968.0,0.0,-2.421875,0.65625,-0.8359375,0
158466419.0,7032.0,1.0,0.2438354492,-0.6135253906,0.5303955078,0.5318603516
158469387.0,2968.0,0.0,-1.50390625,-0.109375,-1.21875,0
158478419.0,9032.0,1.0,0.2399291992,-0.6157226563,0.5314941406,0.5299682617
158481387.0,2968.0,0.0,-0.57421875,-0.48046875,-0.2578125,0
158488419.0,7032.0,1.0,0.2357177734,-0.618347168,0.5322265625,0.5279541016
158491387.0,2968.0,0.0,-0.34765625,1.21484375,0.77734375,0
158495419.0,4032.0,1.0,0.2313232422,-0.6213378906,0.5324707031,0.5262451172
158498387.0,2968.0,0.0,-0.34765625,1.15234375,0.84765625,0
158506419.0,8032.0,1.0,0.2266235352,-0.6245727539,0.5323486328,0.5245361328
158510387.0,3968.0,0.0,-0.1171875,0.28515625,1.4609375,0
158516419.0,6032.0,1.0,0.2221069336,-0.6278686523,0.532043457,0.5228271484
158519387.0,2968.0,0.0,0.1953125,-0.96484375,2.19140625,0
158525419.0,6032.0,1.0,0.2180175781,-0.6309204102,0.5319824219,0.5209350586
158528387.0,2968.0,0.0,0.203125,0.390625,0.99609375,0
158536419.0,8032.0,1.0,0.2139282227,-0.6341552734,0.5319824219,0.518737793
158539387.0,2968.0,0.0,-0.44921875,0.8359375,0.23046875,0
158546419.0,7032.0,1.0,0.2102050781,-0.6370849609,0.5321655273,0.5164794922
158549387.0,2968.0,0.0,-1.140625,0.67578125,-0.83984375,0
158556419.0,7032.0,1.0,0.2066650391,-0.639831543,0.5322875977,0.5143432617
158559387.0,2968.0,0.0,-1.5234375,1.15625,-1.83203125,0
158566419.0,7032.0,1.0,0.2029418945,-0.6426391602,0.5325317383,0.5121459961
158569387.0,2968.0,0.0,-0.8359375,-2.23046875,1.33984375,0
158576419.0,7032.0,1.0,0.1992797852,-0.6452636719,0.5328979492,0.5098266602
158579387.0,2968.0,0.0,-0.59765625,-1.09375,2.13671875,0
158586419.0,7032.0,1.0,0.1954956055,-0.6478271484,0.5334472656,0.5074462891
158589387.0,2968.0,0.0,-0.1484375,-1.04296875,2.55078125,0
158596419.0,7032.0,1.0,0.1916503906,-0.6503295898,0.5340576172,0.505065918
158599387.0,2968.0,0.0,0.6953125,-2.015625,2.32421875,0
158606419.0,7032.0,1.0,0.1878662109,-0.6528930664,0.5347290039,0.5025024414
158609387.0,2968.0,0.0,1.22265625,-1.80859375,2.1640625,0
158616419.0,7032.0,1.0,0.1841430664,-0.6553955078,0.5354614258,0.4998779297
158619387.0,2968.0,0.0,-0.01171875,-0.484375,1.24609375,0
158626419.0,7032.0,1.0,0.1802368164,-0.6579589844,0.5358886719,0.4974365234
158629387.0,2968.0,0.0,-1.28515625,-0.125,0.93359375,0
158636419.0,7032.0,1.0,0.1759033203,-0.6605224609,0.5360717773,0.4953613281
158639387.0,2968.0,0.0,-1.828125,0.50390625,0.19921875,0
158646419.0,7032.0,1.0,0.1712036133,-0.6631469727,0.5360717773,0.4935302734
158649387.0,2968.0,0.0,-2.06640625,-0.640625,0.61328125,0
158656419.0,7032.0,1.0,0.1662597656,-0.6655883789,0.5361938477,0.4917602539
158659387.0,2968.0,0.0,-1.84765625,-1.796875,1.328125,0
158666419.0,7032.0,1.0,0.1614379883,-0.6678466797,0.5366821289,0.4898071289
158669387.0,2968.0,0.0,-0.98046875,-1.03125,2.04296875,0
158681419.0,12032.0,1.0,0.1567993164,-0.6698608398,0.5373535156,0.4877929688
158685387.0,3968.0,0.0,1.109375,-0.6484375,0.92578125,0
158688419.0,3032.0,1.0,0.1522827148,-0.6717529297,0.5382080078,0.4857177734
158691387.0,2968.0,0.0,1.0546875,-0.6875,0.98828125,0
158696419.0,5032.0,1.0,0.1479492188,-0.6734619141,0.5393676758,0.4833374023
158699387.0,2968.0,0.0,0.34765625,-0.94921875,0.7890625,0
158706419.0,7032.0,1.0,0.1438598633,-0.6751098633,0.5407714844,0.4807128906
158709387.0,2968.0,0.0,-1.23828125,-0.2890625,0.4375,0
158716419.0,7032.0,1.0,0.1398925781,-0.676574707,0.542175293,0.4782104492
158719387.0,2968.0,0.0,-3.8671875,0.58984375,-0.48828125,0
158726419.0,7032.0,1.0,0.1356201172,-0.6779785156,0.5437011719,0.4757080078
158729387.0,2968.0,0.0,-4.421875,1.4296875,-0.921875,0
158736419.0,7032.0,1.0,0.1312866211,-0.6792602539,0.5452270508,0.473449707
158739387.0,2968.0,0.0,-4.3671875,1.73046875,-0.8984375,0
158746419.0,7032.0,1.0,0.1268310547,-0.6802978516,0.5468139648,0.4713134766
158749387.0,2968.0,0.0,-3.92578125,0.1484375,0.46875,0
158756419.0,7032.0,1.0,0.1223754883,-0.6811523438,0.5485839844,0.4691162109
158759387.0,2968.0,0.0,-1.34375,0.640625,1.25,0
158766419.0,7032.0,1.0,0.1181640625,-0.6818847656,0.5505981445,0.466796875
158769387.0,2968.0,0.0,0.01171875,0.8984375,1.265625,0
158776419.0,7032.0,1.0,0.1142578125,-0.682434082,0.5528564453,0.4643554688
158779387.0,2968.0,0.0,0.3984375,0.0078125,1.375,0
158786419.0,7032.0,1.0,0.1104736328,-0.6829223633,0.5551147461,0.4618530273
158789387.0,2968.0,0.0,-0.19921875,-0.10546875,1.23828125,0
158796419.0,7032.0,1.0,0.1065673828,-0.6833496094,0.5573730469,0.4594116211
158799387.0,2968.0,0.0,-2.359375,-0.53515625,1.18359375,0
158806419.0,7032.0,1.0,0.1025390625,-0.6837768555,0.5595092773,0.4570922852
158809387.0,2968.0,0.0,-3.6875,-0.8515625,0.6171875,0
158816419.0,7032.0,1.0,0.0983276367,-0.6840209961,0.561706543,0.4549560547
158819387.0,2968.0,0.0,-5.44140625,-0.8984375,0.7109375,0
158826419.0,7032.0,1.0,0.0939331055,-0.6840820313,0.5640258789,0.4529418945
158829387.0,2968.0,0.0,-6.4609375,-0.26953125,0.61328125,0
158836419.0,7032.0,1.0,0.0895385742,-0.6838378906,0.5665893555,0.4509277344
158839387.0,2968.0,0.0,-5.765625,-0.01953125,0.35546875,0
158846419.0,7032.0,1.0,0.0850830078,-0.6832885742,0.5695800781,0.4488525391
158849387.0,2968.0,0.0,-5.078125,0.609375,0.515625,0
158856419.0,7032.0,1.0,0.0809326172,-0.6823120117,0.5729980469,0.4467163086
158859387.0,2968.0,0.0,-4.0390625,0.421875,0.45703125,0
158866419.0,7032.0,1.0,0.076965332,-0.6809692383,0.5769042969,0.4444580078
158869387.0,2968.0,0.0,-2.73828125,-0.0546875,0.73046875,0
158876419.0,7032.0,1.0,0.0731201172,-0.6792602539,0.5812988281,0.4419555664
158879387.0,2968.0,0.0,-2.27734375,-0.046875,0.75,0
158886419.0,7032.0,1.0,0.0694580078,-0.6772460938,0.5861206055,0.4393310547
158890387.0,3968.0,0.0,-2.12890625,0.80859375,0.71875,0
158896419.0,6032.0,1.0,0.0660400391,-0.674987793,0.5909423828,0.4368286133
158899387.0,2968.0,0.0,-2.015625,1.21484375,0.46875,0
158910419.0,11032.0,1.0,0.0623779297,-0.6723022461,0.5961914063,0.434387207
158913387.0,2968.0,0.0,-2.28515625,1.91015625,0.4375,0
158917419.0,4032.0,1.0,0.0584716797,-0.6692504883,0.6015625,0.4321899414
158920387.0,2968.0,0.0,-2.5703125,2.29296875,0.37109375,0
158926419.0,6032.0,1.0,0.0539550781,-0.6657714844,0.6071777344,0.4302978516
158929387.0,2968.0,0.0,-3.62109375,1.9375,-1.73828125,0
158936419.0,7032.0,1.0,0.0490722656,-0.6619873047,0.6126098633,0.4290771484
158939387.0,2968.0,0.0,-4.6015625,4.77734375,-0.41015625,0
158946419.0,7032.0,1.0,0.0436401367,-0.657409668,0.618347168,0.4284057617
158949387.0,2968.0,0.0,-4.7734375,5.58984375,-3.453125,0
158956419.0,7032.0,1.0,0.0378417969,-0.6522827148,0.624206543,0.4282836914
158959387.0,2968.0,0.0,-5.14453125,6.3359375,-3.4375,0
158966419.0,7032.0,1.0,0.03125,-0.6463012695,0.6303100586,0.4289550781
158969387.0,2968.0,0.0,-5.94921875,8.1796875,-2.9765625,0
158976419.0,7032.0,1.0,0.0234375,-0.6397094727,0.6358642578,0.4312133789
158979387.0,2968.0,0.0,-7.24609375,9.72265625,-4.38671875,0
158986419.0,7032.0,1.0,0.0134277344,-0.6323852539,0.6403808594,0.4357299805
158989387.0,2968.0,0.0,-9.2890625,11.671875,-6.06640625,0
158999419.0,10032.0,1.0,0.0021972656,-0.6249389648,0.6434326172,0.4420776367
159002387.0,2968.0,0.0,-10.0859375,10.50390625,-7.46875,0
159009419.0,7032.0,1.0,0.0103149414,0.6161499023,-0.646484375,-0.4497680664
159012387.0,2968.0,0.0,-10.71875,7.16015625,-7.91015625,0
159016419.0,4032.0,1.0,0.020690918,0.6065673828,-0.6506958008,-0.4562988281
159019387.0,2968.0,0.0,-10.7734375,7.703125,-5.734375,0
159026419.0,7032.0,1.0,0.0297851563,0.5958862305,-0.655456543,-0.4631347656
159029387.0,2968.0,0.0,-10.19921875,16.16015625,-6.93359375,0
159036419.0,7032.0,1.0,0.0404052734,0.5839233398,-0.6577758789,-0.4739990234
159039387.0,2968.0,0.0,-10.01171875,20.23828125,-7.18359375,0
159046419.0,7032.0,1.0,0.0528564453,0.5709228516,-0.6565551758,-0.4901123047
159049387.0,2968.0,0.0,-8.640625,16.97265625,-7.625,0
159056419.0,7032.0,1.0,0.0646972656,0.5572509766,-0.6528320313,-0.5090332031
159059387.0,2968.0,0.0,-7.86328125,7.55859375,-5.03515625,0
159066419.0,7032.0,1.0,0.0745849609,0.5424194336,-0.6478271484,-0.5296630859
159069387.0,2968.0,0.0,-8.734375,4.78515625,-7.671875,0
159079419.0,10032.0,1.0,0.0811767578,0.5285644531,-0.6420288086,-0.5493774414
159082387.0,2968.0,0.0,-8.3203125,3.41796875,-6.69140625,0
159089419.0,7032.0,1.0,0.0858154297,0.513671875,-0.6340942383,-0.5715942383
159092387.0,2968.0,0.0,-7.5234375,1.54296875,-6.51171875,0
159097419.0,5032.0,1.0,0.0880126953,0.4993896484,-0.6241455078,-0.5944213867
159100387.0,2968.0,0.0,-4.703125,-3.046875,-4.7890625,0
159106419.0,6032.0,1.0,0.0875854492,0.485534668,-0.6122436523,-0.6178588867
159109387.0,2968.0,0.0,-2.87890625,-5.43359375,-4.5546875,0
159119419.0,10032.0,1.0,0.0842895508,0.4728393555,-0.5991821289,-0.6405029297
159122387.0,2968.0,0.0,-0.8671875,-6.890625,-5.1953125,0
159129419.0,7032.0,1.0,0.0776977539,0.4605102539,-0.5844116211,-0.6635742188
159132387.0,2968.0,0.0,1.78515625,-8.8515625,-5.50390625,0
159137419.0,5032.0,1.0,0.0678710938,0.4490356445,-0.5689697266,-0.6856079102
159140387.0,2968.0,0.0,7.0078125,-11.5546875,-7.02734375,0
159146419.0,6032.0,1.0,0.0549316406,0.4385375977,-0.5528564453,-0.7064208984
159149387.0,2968.0,0.0,8.78125,-12.01953125,-7.390625,0
159156419.0,7032.0,1.0,0.0396728516,0.4291992188,-0.5368652344,-0.7252807617
159159387.0,2968.0,0.0,9.96484375,-12.32421875,-7.0703125,0
159167419.0,8032.0,1.0,0.022277832,0.4207763672,-0.5203857422,-0.7427368164
159170387.0,2968.0,0.0,10.56640625,-11.921875,-5.73046875,0
159182419.0,12032.0,1.0,0.0045776367,0.4137573242,-0.5045776367,-0.7577514648
159187419.0,5000.0,1.0,0.0155029297,-0.4071655273,0.4873046875,0.7723388672
159189387.0,1968.0,0.0,12.61328125,-12.5859375,-2.421875,0
159196419.0,7032.0,1.0,0.0364379883,-0.4013671875,0.4705810547,0.7849121094
159199387.0,2968.0,0.0,12.78515625,-13.66015625,-1.58203125,0
159206419.0,7032.0,1.0,0.0576782227,-0.3964233398,0.4556274414,0.794921875
159209387.0,2968.0,0.0,11.86328125,-12.99609375,0.05859375,0
159216419.0,7032.0,1.0,0.0800170898,-0.3918457031,0.4421386719,0.8028564453
159219387.0,2968.0,0.0,11.7265625,-11.87109375,0.15234375,0
159226419.0,7032.0,1.0,0.1021728516,-0.3876953125,0.4302978516,0.8087768555
159229387.0,2968.0,0.0,11.609375,-10.640625,0.33984375,0
159238419.0,9032.0,1.0,0.1235961914,-0.3840332031,0.4196166992,0.8131103516
159241387.0,2968.0,0.0,11.16796875,-9.5,0.703125,0
159248419.0,7032.0,1.0,0.1449584961,-0.3807373047,0.4094848633,0.8162841797
159251387.0,2968.0,0.0,9.98046875,-8.65625,1.74609375,0
159256419.0,5032.0,1.0,0.166809082,-0.3775634766,0.3997802734,0.8184204102
159259387.0,2968.0,0.0,9.125,-7.85546875,2.109375,0
159266419.0,7032.0,1.0,0.1871337891,-0.3747558594,0.3916015625,0.8192749023
159269387.0,2968.0,0.0,8.328125,-6.80859375,2.390625,0
159276419.0,7032.0,1.0,0.2069091797,-0.3721313477,0.3843994141,0.819152832
159279387.0,2968.0,0.0,7.75,-5.96875,2.3125,0
159286419.0,7032.0,1.0,0.2247924805,-0.3698120117,0.3781738281,0.818359375
159289387.0,2968.0,0.0,7.12109375,-4.77734375,2.0234375,0
159296419.0,7032.0,1.0,0.2430419922,-0.3676147461,0.3719482422,0.8169555664
159299387.0,2968.0,0.0,6.5546875,-4.15234375,1.73828125,0
159306419.0,7032.0,1.0,0.2595214844,-0.3657836914,0.3665161133,0.8151855469
159309387.0,2968.0,0.0,5.8359375,-3.42578125,1.515625,0
159318419.0,9032.0,1.0,0.274230957,-0.3642578125,0.3618164063,0.8131713867
159321387.0,2968.0,0.0,5.0234375,-2.84765625,1.4609375,0
159329419.0,8032.0,1.0,0.2886962891,-0.3629150391,0.3572387695,0.8107299805
159332387.0,2968.0,0.0,3.5234375,-2.8046875,1.91015625,0
159336419.0,4032.0,1.0,0.3021850586,-0.3618164063,0.3533325195,0.8080444336
159339387.0,2968.0,0.0,3.01171875,-2.16796875,1.91796875,0
159346419.0,7032.0,1.0,0.3150634766,-0.3609008789,0.3500366211,0.8049316406
159349387.0,2968.0,0.0,2.7265625,-1.65625,1.69921875,0
159356419.0,7032.0,1.0,0.3266601563,-0.3602294922,0.3475952148,0.8016967773
159359387.0,2968.0,0.0,2.71484375,-1.46875,1.23046875,0
159366419.0,7032.0,1.0,0.3375244141,-0.3596801758,0.3458251953,0.7982177734
159369387.0,2968.0,0.0,2.5,-0.6953125,0.2421875,0
159376419.0,7032.0,1.0,0.3477172852,-0.3591918945,0.3447265625,0.7944946289
159379387.0,2968.0,0.0,2.5546875,-0.1953125,-0.140625,0
159387419.0,8032.0,1.0,0.3571777344,-0.3588256836,0.3441162109,0.7907714844
159390387.0,2968.0,0.0,2.5703125,0.296875,-0.41796875,0
159396419.0,6032.0,1.0,0.3656616211,-0.3586425781,0.34375,0.787109375
159399387.0,2968.0,0.0,2.5859375,1.00390625,-0.5390625,0
159409419.0,10032.0,1.0,0.3735961914,-0.3587036133,0.3435058594,0.7834472656
159412387.0,2968.0,0.0,2.30078125,1.3203125,-1.0390625,0
159416419.0,4032.0,1.0,0.3809814453,-0.3589477539,0.3433227539,0.7797851563
159419387.0,2968.0,0.0,2.0859375,1.16796875,-1.23828125,0
159427419.0,8032.0,1.0,0.3878173828,-0.3594360352,0.3433837891,0.7762451172
159430387.0,2968.0,0.0,1.87109375,1.1328125,-1.421875,0
159436419.0,6032.0,1.0,0.3937988281,-0.3599243164,0.3436279297,0.7728271484
159439387.0,2968.0,0.0,1.8125,1.39453125,-1.91015625,0
159446419.0,7032.0,1.0,0.3993530273,-0.360534668,0.3441772461,0.7694702148
159449387.0,2968.0,0.0,1.91015625,1.37890625,-1.96484375,0
159456419.0,7032.0,1.0,0.404296875,-0.3611450195,0.3450927734,0.7661743164
159459387.0,2968.0,0.0,1.96484375,1.1953125,-2.25390625,0
159467419.0,8032.0,1.0,0.4086303711,-0.3616943359,0.3463134766,0.7630615234
159470387.0,2968.0,0.0,1.828125,1.34375,-2.34765625,0
159476419.0,6032.0,1.0,0.4122314453,-0.3624267578,0.3475341797,0.7602539063
159479387.0,2968.0,0.0,2.45703125,1.53515625,-2.70703125,0
159486419.0,7032.0,1.0,0.4153442383,-0.3634643555,0.3487548828,0.7574462891
159489387.0,2968.0,0.0,2.86328125,1.296875,-2.4375,0
159496419.0,7032.0,1.0,0.4177246094,-0.3648071289,0.3499145508,0.7549438477
159499387.0,2968.0,0.0,3.1484375,0.9453125,-2.25390625,0
159507419.0,8032.0,1.0,0.4195556641,-0.3661499023,0.3513793945,0.7526245117
159510387.0,2968.0,0.0,3.390625,0.04296875,-2.2890625,0
159516419.0,6032.0,1.0,0.4211425781,-0.3673095703,0.3536376953,0.7501220703
159519387.0,2968.0,0.0,3.22265625,0.15625,-2.6171875,0
159526419.0,7032.0,1.0,0.4223632813,-0.3682861328,0.3563232422,0.7476806641
159529387.0,2968.0,0.0,2.90234375,1.421875,-2.75390625,0
159536419.0,7032.0,1.0,0.4230957031,-0.3696289063,0.3588256836,0.7454223633
159539387.0,2968.0,0.0,2.7265625,2.91015625,-3.28125,0
159547419.0,8032.0,1.0,0.4231567383,-0.3712158203,0.3608398438,0.7435913086
159550387.0,2968.0,0.0,2.3203125,2.984375,-3.41796875,0
159556419.0,6032.0,1.0,0.4227905273,-0.373046875,0.3625488281,0.7420654297
159559387.0,2968.0,0.0,0.7734375,2.5546875,-3.48046875,0
159566419.0,7032.0,1.0,0.4222412109,-0.3748168945,0.3642578125,0.7406005859
159569387.0,2968.0,0.0,-0.015625,2.25,-2.96484375,0
159577419.0,8032.0,1.0,0.4215087891,-0.3766479492,0.3661499023,0.7391967773
159580387.0,2968.0,0.0,-0.44921875,2.1640625,-2.2578125,0
159587419.0,7032.0,1.0,0.4205322266,-0.3784790039,0.367980957,0.7379150391
159590387.0,2968.0,0.0,-1.35546875,1.8828125,-2.05078125,0
159603419.0,13032.0,1.0,0.4193725586,-0.3803710938,0.3696289063,0.7367553711
159608387.0,4968.0,0.0,-1.40625,1.26171875,-2.41015625,0
159611419.0,3032.0,1.0,0.4177856445,-0.3826293945,0.3715209961,0.735534668
159615387.0,3968.0,0.0,-1.35546875,0.82421875,-2.6640625,0
159618419.0,3032.0,1.0,0.4163818359,-0.3844604492,0.3731079102,0.7345581055
159621387.0,2968.0,0.0,-1.453125,0.546875,-2.64453125,0
159626419.0,5032.0,1.0,0.4147338867,-0.3863525391,0.3752441406,0.7334594727
159629387.0,2968.0,0.0,-1.4765625,0.2109375,-2.30859375,0
159636419.0,7032.0,1.0,0.4131469727,-0.3880004883,0.3778076172,0.7321777344
159639387.0,2968.0,0.0,-1.421875,-0.07421875,-2.63671875,0
159647419.0,8032.0,1.0,0.4116210938,-0.389465332,0.3806762695,0.7307739258
159650387.0,2968.0,0.0,-1.25390625,0.1640625,-3.24609375,0
159657419.0,7032.0,1.0,0.4100341797,-0.3908691406,0.3837890625,0.7292480469
159660387.0,2968.0,0.0,-1.3828125,0.19921875,-3.13671875,0
159666419.0,6032.0,1.0,0.4085083008,-0.3923339844,0.3868408203,0.727722168
159669387.0,2968.0,0.0,-2.09375,-1.44140625,-3.22265625,0
159676419.0,7032.0,1.0,0.4066772461,-0.3941650391,0.3899536133,0.7260742188
159679387.0,2968.0,0.0,-2.72265625,-1.05859375,-3.6796875,0
159687419.0,8032.0,1.0,0.4048461914,-0.3962402344,0.3927612305,0.7244873047
159690387.0,2968.0,0.0,-3.20703125,-0.078125,-4.4375,0
159697419.0,7032.0,1.0,0.4029541016,-0.3985595703,0.395324707,0.7228393555
159700387.0,2968.0,0.0,-3.56640625,0.6953125,-4.58984375,0
159707419.0,7032.0,1.0,0.401184082,-0.4010620117,0.397644043,0.7211914063
159710387.0,2968.0,0.0,-1.97265625,1.2265625,-4.44140625,0
159716419.0,6032.0,1.0,0.3994140625,-0.4035644531,0.3997802734,0.719543457
159719387.0,2968.0,0.0,-0.9140625,2.359375,-4.05078125,0
159727419.0,8032.0,1.0,0.3975830078,-0.4063720703,0.4017944336,0.7178955078
159730387.0,2968.0,0.0,-0.4296875,2.42578125,-3.47265625,0
159737419.0,7032.0,1.0,0.3955078125,-0.4094848633,0.4034423828,0.7163085938
159740387.0,2968.0,0.0,-0.62890625,2.42578125,-2.8125,0
159747419.0,7032.0,1.0,0.3930053711,-0.4130859375,0.4047851563,0.7149047852
159750387.0,2968.0,0.0,-1.30078125,1.921875,-2.0,0
159756419.0,6032.0,1.0,0.3900756836,-0.4171142578,0.4057617188,0.7135620117
159759387.0,2968.0,0.0,-1.68359375,1.27734375,-2.33984375,0
159767419.0,8032.0,1.0,0.3869628906,-0.4215087891,0.4066162109,0.7122192383
159770387.0,2968.0,0.0,-1.96875,1.4375,-2.5546875,0
159777419.0,7032.0,1.0,0.3837890625,-0.4258422852,0.4075317383,0.7108154297
159780387.0,2968.0,0.0,-1.8984375,1.0546875,-2.84375,0
159787419.0,7032.0,1.0,0.380859375,-0.4299926758,0.4087524414,0.7092285156
159790387.0,2968.0,0.0,-1.33984375,0.87109375,-2.4453125,0
159797419.0,7032.0,1.0,0.3782348633,-0.4337158203,0.4104614258,0.7073974609
159800387.0,2968.0,0.0,-0.92578125,0.12890625,-2.1953125,0
159807419.0,7032.0,1.0,0.375793457,-0.4370727539,0.4128417969,0.7052001953
159810387.0,2968.0,0.0,-1.16796875,-0.30078125,-1.86328125,0
159822419.0,12032.0,1.0,0.3735961914,-0.4401855469,0.4158325195,0.7026977539
159827387.0,4968.0,0.0,-3.7578125,-1.19921875,-2.55859375,0
159830419.0,3032.0,1.0,0.3713378906,-0.4429321289,0.4195556641,0.6999511719
159833387.0,2968.0,0.0,-3.7265625,-1.23046875,-2.44921875,0
159837419.0,4032.0,1.0,0.3688964844,-0.4456176758,0.4241943359,0.6967163086
159840387.0,2968.0,0.0,-4.62890625,-0.9609375,-2.9296875,0
159847419.0,7032.0,1.0,0.3668823242,-0.4476928711,0.4287109375,0.6936645508
159850387.0,2968.0,0.0,-4.9140625,-0.9609375,-3.359375,0
159856419.0,6032.0,1.0,0.3651123047,-0.4493408203,0.4336547852,0.6904296875
159859387.0,2968.0,0.0,-4.0234375,-1.58203125,-3.578125,0
159866419.0,7032.0,1.0,0.3635864258,-0.4508056641,0.4390869141,0.6868896484
159869387.0,2968.0,0.0,-3.96484375,-0.86328125,-3.26171875,0
159877419.0,8032.0,1.0,0.3621826172,-0.4522705078,0.4443359375,0.6832275391
159880387.0,2968.0,0.0,-3.07421875,-1.32421875,-3.48046875,0
159887419.0,7032.0,1.0,0.3609619141,-0.453918457,0.4491577148,0.6796875
159890387.0,2968.0,0.0,-2.0625,-0.25390625,-3.9375,0
159897419.0,7032.0,1.0,0.3598022461,-0.4559326172,0.4536132813,0.6759643555
159900387.0,2968.0,0.0,-2.7734375,1.5625,-3.66015625,0
159907419.0,7032.0,1.0,0.3588867188,-0.4580688477,0.4570922852,0.6726074219
159910387.0,2968.0,0.0,-2.4609375,2.703125,-3.94140625,0
159917419.0,7032.0,1.0,0.3579101563,-0.4608154297,0.4597167969,0.6694946289
159920387.0,2968.0,0.0,-1.82421875,3.5546875,-4.26171875,0
159927419.0,7032.0,1.0,0.3566894531,-0.4641723633,0.4610595703,0.6668701172
159930387.0,2968.0,0.0,-1.265625,3.41796875,-4.359375,0
159937419.0,7032.0,1.0,0.3551635742,-0.4682617188,0.4611206055,0.6647949219
159940387.0,2968.0,0.0,-0.13671875,3.44921875,-3.890625,0
159947419.0,7032.0,1.0,0.3533935547,-0.4727783203,0.460144043,0.6632080078
159950387.0,2968.0,0.0,0.84375,2.796875,-3.703125,0
159957419.0,7032.0,1.0,0.3514404297,-0.4776000977,0.4586791992,0.6618041992
159960387.0,2968.0,0.0,0.55859375,2.73046875,-3.59765625,0
159967419.0,7032.0,1.0,0.3495483398,-0.482421875,0.45703125,0.6604614258
159970387.0,2968.0,0.0,-0.15234375,2.046875,-2.60546875,0
159977419.0,7032.0,1.0,0.3475341797,-0.4870605469,0.4553833008,0.6592407227
159980387.0,2968.0,0.0,-0.625,1.4765625,-1.73046875,0
159987419.0,7032.0,1.0,0.3455810547,-0.4912719727,0.4541015625,0.6580200195
159991387.0,3968.0,0.0,-0.91796875,0.48046875,-1.171875,0
159998419.0,7032.0,1.0,0.3436889648,-0.4949951172,0.4534301758,0.6567382813
160001387.0,2968.0,0.0,-0.6796875,-0.64453125,-0.2578125,0
160011419.0,10032.0,1.0,0.3416748047,-0.4981689453,0.4535522461,0.6552124023
160014387.0,2968.0,0.0,-1.1640625,-1.05078125,0.921875,0
160018419.0,4032.0,1.0,0.3395385742,-0.5010986328,0.4547119141,0.6533203125
160021387.0,2968.0,0.0,-1.34765625,-1.40625,0.6640625,0
160027419.0,6032.0,1.0,0.3375244141,-0.5032958984,0.4566040039,0.6513671875
160030387.0,2968.0,0.0,-1.99609375,-1.03515625,1.01171875,0
160037419.0,7032.0,1.0,0.3353881836,-0.505065918,0.4594116211,0.6491088867
160040387.0,2968.0,0.0,-1.921875,-2.01953125,1.02734375,0
160046419.0,6032.0,1.0,0.3334350586,-0.5062255859,0.4628295898,0.6467895508
160049387.0,2968.0,0.0,-0.234375,-3.08203125,1.92578125,0
160057419.0,8032.0,1.0,0.3314208984,-0.5070800781,0.4674072266,0.6438598633
160060387.0,2968.0,0.0,0.41015625,-3.7421875,1.53515625,0
160067419.0,7032.0,1.0,0.3296508789,-0.5074462891,0.4727172852,0.640625
160070387.0,2968.0,0.0,-0.02734375,-3.26171875,0.56640625,0
160077419.0,7032.0,1.0,0.328125,-0.5074462891,0.4783935547,0.6371459961
160080387.0,2968.0,0.0,-0.7265625,-2.2421875,-0.51171875,0
160087419.0,7032.0,1.0,0.3268432617,-0.5072631836,0.4844360352,0.6333618164
160090387.0,2968.0,0.0,-1.1953125,-1.29296875,-1.4296875,0
160097419.0,7032.0,1.0,0.3257446289,-0.5072021484,0.4900512695,0.629699707
160100387.0,2968.0,0.0,-0.87109375,-0.8828125,-1.58203125,0
160107419.0,7032.0,1.0,0.3244628906,-0.5075683594,0.4951171875,0.6260375977
160110387.0,2968.0,0.0,-0.265625,-0.15625,-1.70703125,0
160117419.0,7032.0,1.0,0.3231201172,-0.5085449219,0.4990844727,0.6228027344
160120387.0,2968.0,0.0,0.4921875,0.78125,-1.484375,0
160127419.0,7032.0,1.0,0.3215942383,-0.5102539063,0.501953125,0.619934082
160130387.0,2968.0,0.0,1.6328125,1.34765625,-0.77734375,0
160137419.0,7032.0,1.0,0.3198852539,-0.5126342773,0.5037841797,0.6173095703
160140387.0,2968.0,0.0,2.28515625,1.4609375,-0.4921875,0
160147419.0,7032.0,1.0,0.3180541992,-0.5155639648,0.5048217773,0.6149291992
160150387.0,2968.0,0.0,2.54296875,0.98046875,0.046875,0
160157419.0,7032.0,1.0,0.3162841797,-0.5189208984,0.5053710938,0.6126098633
160160387.0,2968.0,0.0,2.046875,1.60546875,-0.90234375,0
160167419.0,7032.0,1.0,0.3145751953,-0.5224609375,0.5056152344,0.6102905273
160170387.0,2968.0,0.0,1.9765625,2.12890625,-1.1328125,0
160177419.0,7032.0,1.0,0.3129882813,-0.5260009766,0.5056762695,0.6079711914
160180387.0,2968.0,0.0,1.74609375,2.4296875,-1.08984375,0
160187419.0,7032.0,1.0,0.3114013672,-0.5294799805,0.5057983398,0.6056518555
160190387.0,2968.0,0.0,1.5859375,2.18359375,-0.66796875,0
160202419.0,12032.0,1.0,0.3099975586,-0.5325927734,0.5062866211,0.6032714844
160206387.0,3968.0,0.0,-1.1640625,1.6640625,0.13671875,0
160209419.0,3032.0,1.0,0.3085327148,-0.5355834961,0.5071411133,0.6006469727
160212387.0,2968.0,0.0,-1.171875,1.6796875,0.22265625,0
160216419.0,4032.0,1.0,0.3068237305,-0.5381469727,0.5084228516,0.5981445313
160219387.0,2968.0,0.0,-1.515625,0.27734375,1.06640625,0
160227419.0,8032.0,1.0,0.3047485352,-0.5404663086,0.5103759766,0.5954589844
160230387.0,2968.0,0.0,-1.30859375,-0.84375,1.8515625,0
160236419.0,6032.0,1.0,0.3026123047,-0.542175293,0.5130004883,0.5926513672
160239387.0,2968.0,0.0,0.08984375,-0.89453125,2.6328125,0
160247419.0,8032.0,1.0,0.3002929688,-0.5434570313,0.5166625977,0.5894775391
160250387.0,2968.0,0.0,0.10546875,-1.42578125,2.0078125,0
160257419.0,7032.0,1.0,0.2980957031,-0.544128418,0.5211791992,0.5859985352
160260387.0,2968.0,0.0,-0.33984375,-1.41796875,1.390625,0
160267419.0,7032.0,1.0,0.2960205078,-0.5443725586,0.5262451172,0.5823364258
160270387.0,2968.0,0.0,-1.17578125,-1.34375,0.46484375,0
160277419.0,7032.0,1.0,0.2939453125,-0.5442504883,0.5315551758,0.5786132813
160280387.0,2968.0,0.0,-1.13671875,-0.921875,-0.03125,0
160287419.0,7032.0,1.0,0.2918701172,-0.5441894531,0.5368041992,0.5748901367
160291387.0,3968.0,0.0,-1.24609375,-1.2734375,0.796875,0
160297419.0,6032.0,1.0,0.2895507813,-0.5443115234,0.541809082,0.5712890625
160300387.0,2968.0,0.0,-0.85546875,-0.6640625,1.0703125,0
160307419.0,7032.0,1.0,0.2872314453,-0.5447387695,0.5462036133,0.5678100586
160310387.0,2968.0,0.0,-0.6171875,-0.04296875,0.93359375,0
160317419.0,7032.0,1.0,0.2847900391,-0.5455932617,0.549987793,0.5645751953
160320387.0,2968.0,0.0,-1.0,1.7265625,0.19921875,0
160327419.0,7032.0,1.0,0.2823486328,-0.546875,0.5528564453,0.561706543
160330387.0,2968.0,0.0,-0.06640625,0.5234375,0.015625,0
160337419.0,7032.0,1.0,0.2799072266,-0.5487670898,0.5549926758,0.5590209961
160340387.0,2968.0,0.0,-0.01171875,1.234375,-0.625,0
160347419.0,7032.0,1.0,0.27734375,-0.5512084961,0.5562744141,0.556640625
160350387.0,2968.0,0.0,0.3828125,2.65234375,-1.11328125,0
160357419.0,7032.0,1.0,0.2746582031,-0.5541992188,0.5567016602,0.5545043945
160360387.0,2968.0,0.0,0.90625,2.125,-0.3828125,0
160367419.0,7032.0,1.0,0.2716674805,-0.557800293,0.5563354492,0.552734375
160371387.0,3968.0,0.0,0.4609375,2.70703125,-0.50390625,0
160377419.0,6032.0,1.0,0.2684326172,-0.5618286133,0.5551757813,0.5513916016
160380387.0,2968.0,0.0,-0.08984375,3.05859375,-0.44140625,0
160387419.0,7032.0,1.0,0.2650146484,-0.5661010742,0.5534667969,0.5504760742
160390387.0,2968.0,0.0,-1.71484375,2.76953125,-0.04296875,0
160403419.0,13032.0,1.0,0.2612915039,-0.5703735352,0.5512695313,0.5499267578
160408419.0,5000.0,1.0,0.2570800781,-0.5750732422,0.548828125,0.5495605469
160410387.0,1968.0,0.0,-0.58984375,1.58984375,1.28515625,0
160417419.0,7032.0,1.0,0.2530517578,-0.5791625977,0.546875,0.5490722656
160420387.0,2968.0,0.0,0.65625,1.234375,1.76171875,0
160427419.0,7032.0,1.0,0.249206543,-0.582824707,0.5455322266,0.5482177734
160430387.0,2968.0,0.0,2.21484375,-0.52734375,0.96484375,0
160437419.0,7032.0,1.0,0.2454223633,-0.5863037109,0.5448608398,0.5469360352
160440387.0,2968.0,0.0,1.76953125,-0.49609375,0.8828125,0
160447419.0,7032.0,1.0,0.2420654297,-0.5892333984,0.544921875,0.5452270508
160450387.0,2968.0,0.0,1.171875,0.22265625,0.68359375,0
160457419.0,7032.0,1.0,0.2388916016,-0.591796875,0.5454101563,0.5433349609
160460387.0,2968.0,0.0,0.44921875,0.90625,0.67578125,0
160467419.0,7032.0,1.0,0.2357788086,-0.5941772461,0.5462646484,0.5412597656
160470387.0,2968.0,0.0,0.49609375,0.890625,0.86328125,0
160477419.0,7032.0,1.0,0.2326049805,-0.5964355469,0.5471801758,0.5391845703
160480387.0,2968.0,0.0,0.5390625,-0.08203125,1.7734375,0
160487419.0,7032.0,1.0,0.2291870117,-0.5987548828,0.5481567383,0.5371704102
160490387.0,2968.0,0.0,0.1640625,-1.33203125,2.57421875,0
160497419.0,7032.0,1.0,0.2252807617,-0.6011352539,0.5490722656,0.5352172852
160500387.0,2968.0,0.0,-0.56640625,-1.5078125,2.796875,0
160507419.0,7032.0,1.0,0.2211914063,-0.603515625,0.549987793,0.533203125
160510387.0,2968.0,0.0,-1.828125,-2.4140625,1.84765625,0
160517419.0,7032.0,1.0,0.2171020508,-0.6058959961,0.5509643555,0.5311889648
160520387.0,2968.0,0.0,-2.0234375,-1.2890625,1.0,0
160527419.0,7032.0,1.0,0.2131347656,-0.6082763672,0.5518188477,0.5291748047
160530387.0,2968.0,0.0,-2.13671875,-0.55859375,-0.1953125,0
160537419.0,7032.0,1.0,0.2091674805,-0.6108398438,0.5523681641,0.52734375
160540387.0,2968.0,0.0,-0.52734375,-1.83984375,-0.3984375,0
160547419.0,7032.0,1.0,0.2051391602,-0.6136474609,0.5524291992,0.5255737305
160550387.0,2968.0,0.0,-0.25390625,-1.05859375,-0.21484375,0
160557419.0,7032.0,1.0,0.2008666992,-0.6166381836,0.5520629883,0.5240478516
160560387.0,2968.0,0.0,-0.140625,-0.84375,-0.53515625,0
160567419.0,7032.0,1.0,0.1962890625,-0.6199951172,0.5510864258,0.5228271484
160570387.0,2968.0,0.0,-0.0625,0.90234375,0.28515625,0
160577419.0,7032.0,1.0,0.1915283203,-0.6234130859,0.5495605469,0.5220947266
160580387.0,2968.0,0.0,0.5546875,-0.1171875,1.4140625,0
160587419.0,7032.0,1.0,0.1864624023,-0.6271362305,0.5477294922,0.5214233398
160590387.0,2968.0,0.0,0.83203125,-0.984375,1.57421875,0
160597419.0,7032.0,1.0,0.1815795898,-0.6306152344,0.5460205078,0.5207519531
160600387.0,2968.0,0.0,0.4921875,0.06640625,1.23828125,0
160607419.0,7032.0,1.0,0.1764526367,-0.6341552734,0.5443115234,0.5200805664
160610387.0,2968.0,0.0,-0.11328125,0.34765625,1.4375,0
160617419.0,7032.0,1.0,0.1715698242,-0.6372070313,0.5429077148,0.5194091797
160620387.0,2968.0,0.0,-2.09765625,0.8515625,0.51953125,0
160627419.0,7032.0,1.0,0.1665649414,-0.6401367188,0.5417480469,0.5186157227
160630387.0,2968.0,0.0,-2.6328125,-0.05859375,0.4140625,0
160637419.0,7032.0,1.0,0.1615600586,-0.6427001953,0.5411376953,0.5177001953
160640387.0,2968.0,0.0,-1.953125,-0.6796875,0.99609375,0
160647419.0,7032.0,1.0,0.1567382813,-0.6448974609,0.5411987305,0.516418457
160650387.0,2968.0,0.0,-0.53515625,-2.17578125,2.0078125,0
160657419.0,7032.0,1.0,0.1519775391,-0.6467285156,0.5420532227,0.5145874023
160660387.0,2968.0,0.0,1.32421875,-2.29296875,2.9453125,0
160667419.0,7032.0,1.0,0.1475830078,-0.6481933594,0.543762207,0.5122680664
160670387.0,2968.0,0.0,0.88671875,-1.5703125,2.78515625,0
160677419.0,7032.0,1.0,0.1436767578,-0.6491699219,0.5462646484,0.5094604492
160680387.0,2968.0,0.0,0.515625,-1.265625,2.7109375,0
160687419.0,7032.0,1.0,0.1403808594,-0.6497802734,0.5494995117,0.5061035156
160690387.0,2968.0,0.0,-0.15234375,-1.52734375,2.59765625,0
160697419.0,7032.0,1.0,0.1376342773,-0.6500854492,0.5534667969,0.5020751953
160700387.0,2968.0,0.0,-2.2109375,-1.25390625,1.3125,0
160707419.0,7032.0,1.0,0.1352539063,-0.6502075195,0.5578613281,0.4978027344
160710387.0,2968.0,0.0,-3.38671875,-1.26953125,1.0234375,0
160717419.0,7032.0,1.0,0.1329345703,-0.6500854492,0.5625,0.4932861328
160720387.0,2968.0,0.0,-4.26953125,-0.87109375,0.88671875,0
160727419.0,7032.0,1.0,0.1304321289,-0.6499023438,0.5670776367,0.4889526367
160730387.0,2968.0,0.0,-4.59765625,-2.84765625,2.04296875,0
160737419.0,7032.0,1.0,0.1275024414,-0.6496582031,0.5716552734,0.4846191406
160740387.0,2968.0,0.0,-4.140625,-3.26171875,2.5234375,0
160747419.0,7032.0,1.0,0.1241455078,-0.6493530273,0.5762329102,0.48046875
160751387.0,3968.0,0.0,-3.421875,-2.2265625,2.26953125,0
160757419.0,6032.0,1.0,0.1206665039,-0.6489257813,0.5807495117,0.4765014648
160760387.0,2968.0,0.0,-2.734375,-1.84375,1.78125,0
160767419.0,7032.0,1.0,0.1171264648,-0.6483154297,0.5853271484,0.4725952148
160770387.0,2968.0,0.0,-2.16015625,-1.34765625,0.60546875,0
160780419.0,10032.0,1.0,0.1137695313,-0.6475830078,0.5897827148,0.4688720703
160783387.0,2968.0,0.0,-2.40234375,-1.1953125,0.328125,0
160787419.0,4032.0,1.0,0.1103515625,-0.6467895508,0.5944824219,0.46484375
160790387.0,2968.0,0.0,-3.25390625,-1.234375,0.30859375,0
160797419.0,7032.0,1.0,0.1070556641,-0.6458740234,0.5992431641,0.4607543945
160800387.0,2968.0,0.0,-4.171875,-1.15234375,-0.07421875,0
160807419.0,7032.0,1.0,0.1041259766,-0.6449584961,0.6036376953,0.4569702148
160810387.0,2968.0,0.0,-5.28515625,0.08203125,-0.140625,0
160817419.0,7032.0,1.0,0.1009521484,-0.6438598633,0.6084594727,0.4528808594
160820387.0,2968.0,0.0,-5.75390625,0.43359375,-0.0234375,0
160827419.0,7032.0,1.0,0.0977172852,-0.642578125,0.6130981445,0.4490356445
160830387.0,2968.0,0.0,-6.109375,0.703125,-0.0234375,0
160837419.0,7032.0,1.0,0.0942993164,-0.6410522461,0.6178588867,0.4453735352
160840387.0,2968.0,0.0,-6.1875,0.9609375,0.62109375,0
160847419.0,7032.0,1.0,0.0905151367,-0.6390991211,0.6229858398,0.4418334961
160850387.0,2968.0,0.0,-5.9375,2.1015625,0.33984375,0
160857419.0,7032.0,1.0,0.086730957,-0.63671875,0.6283569336,0.4384765625
160860387.0,2968.0,0.0,-5.6484375,2.3515625,0.3046875,0
160867419.0,7032.0,1.0,0.0828857422,-0.633605957,0.6343383789,0.4351196289
160870387.0,2968.0,0.0,-5.25,3.28515625,-0.66796875,0
160877419.0,7032.0,1.0,0.0791015625,-0.6296386719,0.6410522461,0.4317016602
160880387.0,2968.0,0.0,-5.23046875,4.52734375,-1.75390625,0
160887419.0,7032.0,1.0,0.075378418,-0.6248168945,0.6483764648,0.4284057617
160890387.0,2968.0,0.0,-6.6484375,8.43359375,-3.79296875,0
160897419.0,7032.0,1.0,0.0712280273,-0.619140625,0.6559448242,0.42578125
160900387.0,2968.0,0.0,-7.6015625,10.796875,-4.58984375,0
160908419.0,8032.0,1.0,0.0659179688,-0.6125488281,0.6633911133,0.4246826172
160911387.0,2968.0,0.0,-8.70703125,12.93359375,-6.6953125,0
160917419.0,6032.0,1.0,0.0590820312,-0.6055908203,0.6695556641,0.4260253906
160920387.0,2968.0,0.0,-10.2109375,14.578125,-7.3828125,0
160928419.0,8032.0,1.0,0.0490112305,-0.5974731445,0.6744995117,0.4309082031
160931387.0,2968.0,0.0,-11.484375,18.01953125,-9.32421875,0
160937419.0,6032.0,1.0,0.0354003906,-0.5883789063,0.6775512695,0.4398193359
160940387.0,2968.0,0.0,-11.12890625,16.58984375,-9.1796875,0
160948419.0,8032.0,1.0,0.0209960937,-0.5787353516,0.6796264648,0.4501953125
160951387.0,2968.0,0.0,-10.578125,11.55078125,-9.19140625,0
160957419.0,6032.0,1.0,0.0085449219,-0.5681762695,0.6826171875,0.4595336914
160960387.0,2968.0,0.0,-7.69140625,10.78515625,-4.21484375,0
160967419.0,7032.0,1.0,0.0036621094,0.555480957,-0.6853027344,-0.4708862305
160970387.0,2968.0,0.0,-6.15625,21.2578125,-6.30078125,0
160977419.0,7032.0,1.0,0.0170898438,0.5420532227,-0.6842041016,-0.4875488281
160980387.0,2968.0,0.0,-4.85546875,21.7265625,-8.22265625,0
160988419.0,8032.0,1.0,0.0311889648,0.5276489258,-0.6789550781,-0.5095214844
160991387.0,2968.0,0.0,-3.78515625,15.0546875,-10.34765625,0
161001419.0,10032.0,1.0,0.0434570312,0.512878418,-0.6711425781,-0.5335083008
161004387.0,2968.0,0.0,-2.62109375,3.65625,-9.09375,0
161008419.0,4032.0,1.0,0.0531616211,0.4976806641,-0.6612548828,-0.5587768555
161011387.0,2968.0,0.0,-3.5546875,2.0703125,-7.04296875,0
161017419.0,6032.0,1.0,0.0608520508,0.4818725586,-0.6480102539,-0.5866699219
161020387.0,2968.0,0.0,-5.2265625,-0.44140625,-6.2734375,0
161028419.0,8032.0,1.0,0.0657958984,0.4671020508,-0.6321411133,-0.6147460938
161031387.0,2968.0,0.0,-4.94140625,-3.640625,-4.8828125,0
161041419.0,10032.0,1.0,0.0672607422,0.453918457,-0.615234375,-0.6410522461
161044387.0,2968.0,0.0,-1.33203125,-12.4921875,-4.3515625,0
161048419.0,4032.0,1.0,0.0645751953,0.4409790039,-0.5969238281,-0.6671142578
161051387.0,2968.0,0.0,0.48046875,-15.296875,-4.7578125,0
161057419.0,6032.0,1.0,0.0571289062,0.428894043,-0.5786743164,-0.6913452148
161060387.0,2968.0,0.0,2.26171875,-16.828125,-5.75,0
161068419.0,8032.0,1.0,0.0461425781,0.4185791016,-0.5623168945,-0.7116699219
161071387.0,2968.0,0.0,4.1953125,-16.65625,-5.76171875,0
161080419.0,9032.0,1.0,0.0322875977,0.4097900391,-0.5471801758,-0.7291259766
161083387.0,2968.0,0.0,7.8671875,-15.64453125,-4.20703125,0
161087419.0,4032.0,1.0,0.015625,0.4018554688,-0.5321044922,-0.7450561523
161091387.0,3968.0,0.0,9.06640625,-14.65234375,-3.48046875,0
161098419.0,7032.0,1.0,0.0029907227,-0.3948364258,0.5172729492,0.7592773438
161101387.0,2968.0,0.0,9.546875,-13.97265625,-2.7890625,0
161107419.0,6032.0,1.0,0.0225219727,-0.3889160156,0.5031738281,0.7714233398
161110387.0,2968.0,0.0,9.98828125,-13.42578125,-1.6796875,0
161122419.0,12032.0,1.0,0.0415649414,-0.383972168,0.4905395508,0.7811889648
161126387.0,3968.0,0.0,8.44140625,-12.1484375,-0.12890625,0
161129419.0,3032.0,1.0,0.0621337891,-0.3793334961,0.4780273438,0.7897949219
161132387.0,2968.0,0.0,8.62109375,-11.8828125,-0.44140625,0
161137419.0,5032.0,1.0,0.0835571289,-0.375,0.4660644531,0.7969970703
161140387.0,2968.0,0.0,7.7578125,-10.87109375,-0.05078125,0
161147419.0,7032.0,1.0,0.1034545898,-0.3713378906,0.4555664063,0.8023681641
161150387.0,2968.0,0.0,7.48828125,-9.45703125,0.3515625,0
161157419.0,7032.0,1.0,0.1237792969,-0.367980957,0.4453125,0.8068237305
161160387.0,2968.0,0.0,7.6640625,-9.0390625,0.5390625,0
161167419.0,7032.0,1.0,0.143371582,-0.3649902344,0.4359130859,0.8100585938
161170387.0,2968.0,0.0,7.9375,-8.8515625,0.77734375,0
161179419.0,9032.0,1.0,0.162109375,-0.3623046875,0.4279174805,0.8120117188
161182387.0,2968.0,0.0,8.11328125,-8.33203125,0.828125,0
161190419.0,8032.0,1.0,0.180847168,-0.3596801758,0.4208984375,0.8128662109
161193387.0,2968.0,0.0,7.86328125,-5.484375,0.671875,0
161197419.0,4032.0,1.0,0.1992797852,-0.3571777344,0.4144897461,0.8129882813
161200387.0,2968.0,0.0,7.6796875,-4.23046875,0.26171875,0
161207419.0,7032.0,1.0,0.2172851563,-0.3548583984,0.4080810547,0.8126220703
161210387.0,2968.0,0.0,7.55859375,-3.34765625,0.0078125,0
161217419.0,7032.0,1.0,0.2340087891,-0.3529052734,0.4019165039,0.8118896484
161220387.0,2968.0,0.0,7.28515625,-3.08984375,-0.0390625,0
161228419.0,8032.0,1.0,0.2497558594,-0.3511352539,0.3962402344,0.8107299805
161231387.0,2968.0,0.0,6.7578125,-3.4140625,1.06640625,0
161237419.0,6032.0,1.0,0.2645874023,-0.3495483398,0.3913574219,0.8091430664
161240387.0,2968.0,0.0,6.4296875,-3.3046875,1.84765625,0
161248419.0,8032.0,1.0,0.2789916992,-0.3479614258,0.3871459961,0.8069458008
161251387.0,2968.0,0.0,5.7421875,-2.5859375,1.83984375,0
161257419.0,6032.0,1.0,0.291809082,-0.3466186523,0.3836669922,0.8046875
161260387.0,2968.0,0.0,4.69921875,-1.3515625,1.68359375,0
161270419.0,10032.0,1.0,0.3044433594,-0.3456420898,0.3801269531,0.8021240234
161273387.0,2968.0,0.0,3.65625,-0.265625,1.52734375,0
161277419.0,4032.0,1.0,0.3158569336,-0.3451538086,0.3767700195,0.7994995117
161280387.0,2968.0,0.0,3.57421875,-0.578125,1.24609375,0
161287419.0,7032.0,1.0,0.3268432617,-0.3450317383,0.3736572266,0.7965698242
161290387.0,2968.0,0.0,3.67578125,-0.73828125,0.96875,0
161298419.0,8032.0,1.0,0.3371582031,-0.3452148438,0.37109375,0.7933959961
161301387.0,2968.0,0.0,3.7890625,-0.60546875,0.35546875,0
161307419.0,6032.0,1.0,0.3466186523,-0.3455200195,0.3692016602,0.7900390625
161310387.0,2968.0,0.0,3.9296875,-0.36328125,0.0625,0
161317419.0,7032.0,1.0,0.3554077148,-0.3460083008,0.3679199219,0.7864990234
161320387.0,2968.0,0.0,3.9609375,-0.20703125,-0.2578125,0
161328419.0,8032.0,1.0,0.3639526367,-0.3466186523,0.3671264648,0.7827148438
161331387.0,2968.0,0.0,3.953125,-0.14453125,-0.7578125,0
161337419.0,6032.0,1.0,0.3717041016,-0.3473510742,0.3667602539,0.7788696289
161340387.0,2968.0,0.0,3.28515625,0.25390625,-1.41015625,0
161347419.0,7032.0,1.0,0.3793945313,-0.3482666016,0.3668212891,0.7747192383
161350387.0,2968.0,0.0,3.05078125,1.03125,-1.9375,0
161360419.0,10032.0,1.0,0.3859863281,-0.3494262695,0.3670043945,0.7708740234
161363387.0,2968.0,0.0,3.00390625,1.4609375,-2.375,0
161370419.0,7032.0,1.0,0.3922119141,-0.3510131836,0.3670654297,0.7669677734
161373387.0,2968.0,0.0,3.34765625,1.31640625,-2.50390625,0
161377419.0,4032.0,1.0,0.3975219727,-0.3530273438,0.3670043945,0.7633056641
161380387.0,2968.0,0.0,3.6484375,1.203125,-2.36328125,0
161387419.0,7032.0,1.0,0.4022827148,-0.3555908203,0.3668823242,0.7597045898
161390387.0,2968.0,0.0,3.8046875,0.4453125,-2.2890625,0
161397419.0,7032.0,1.0,0.4061889648,-0.3582763672,0.3670654297,0.7562866211
161400387.0,2968.0,0.0,3.87109375,-0.9765625,-2.06640625,0
161408419.0,8032.0,1.0,0.4096679688,-0.3607788086,0.3680419922,0.752746582
161411387.0,2968.0,0.0,3.6796875,-1.45703125,-1.7421875,0
161418419.0,7032.0,1.0,0.4127197266,-0.3631591797,0.3697509766,0.7490234375
161421387.0,2968.0,0.0,2.91015625,-0.8828125,-2.4921875,0
161428419.0,7032.0,1.0,0.415222168,-0.3654785156,0.3718261719,0.7454833984
161432387.0,3968.0,0.0,2.2578125,-0.078125,-2.7265625,0
161438419.0,6032.0,1.0,0.4172973633,-0.3679199219,0.3742675781,0.7419433594
161441387.0,2968.0,0.0,1.453125,0.47265625,-3.0390625,0
161448419.0,7032.0,1.0,0.4188232422,-0.3701171875,0.3767700195,0.7387084961
161451387.0,2968.0,0.0,0.94921875,0.7578125,-3.69921875,0
161457419.0,6032.0,1.0,0.4199829102,-0.3721923828,0.3793945313,0.7356567383
161460387.0,2968.0,0.0,0.3984375,1.76953125,-3.703125,0
161468419.0,8032.0,1.0,0.4206542969,-0.374206543,0.3820800781,0.7328491211
161472387.0,3968.0,0.0,-0.03125,1.578125,-3.328125,0
161478419.0,6032.0,1.0,0.4207763672,-0.376159668,0.3847045898,0.7303466797
161481387.0,2968.0,0.0,-0.390625,1.234375,-3.25,0
161488419.0,7032.0,1.0,0.4204711914,-0.378112793,0.3873291016,0.7282104492
161491387.0,2968.0,0.0,-2.08984375,1.42578125,-3.45703125,0
161498419.0,7032.0,1.0,0.4197387695,-0.380065918,0.3899536133,0.7261962891
161501387.0,2968.0,0.0,-3.1796875,0.8359375,-3.421875,0
161508419.0,7032.0,1.0,0.4187011719,-0.3819580078,0.392578125,0.7243652344
161512387.0,3968.0,0.0,-3.99609375,0.58984375,-3.16015625,0
161518419.0,6032.0,1.0,0.4174804688,-0.3838500977,0.3952636719,0.7225952148
161521387.0,2968.0,0.0,-4.3203125,0.14453125,-3.04296875,0
161527419.0,6032.0,1.0,0.4161376953,-0.3856811523,0.3981323242,0.7208251953
161530387.0,2968.0,0.0,-3.8046875,-1.05859375,-2.97265625,0
161537419.0,7032.0,1.0,0.4147949219,-0.3873901367,0.4014282227,0.7188110352
161540387.0,2968.0,0.0,-3.20703125,-1.19921875,-3.08203125,0
161548419.0,8032.0,1.0,0.4135742188,-0.3890380859,0.4051513672,0.7165527344
161551387.0,2968.0,0.0,-3.11328125,-1.12109375,-3.1875,0
161558419.0,7032.0,1.0,0.4124755859,-0.3903808594,0.408996582,0.7142333984
161561387.0,2968.0,0.0,-3.3203125,-0.921875,-3.13671875,0
161571419.0,10032.0,1.0,0.4114379883,-0.3917236328,0.4133911133,0.7116088867
161574387.0,2968.0,0.0,-2.72265625,0.08203125,-3.51171875,0
161578419.0,4032.0,1.0,0.4104614258,-0.3931274414,0.4182739258,0.7085571289
161581387.0,2968.0,0.0,-2.046875,0.578125,-4.40625,0
161588419.0,7032.0,1.0,0.4095458984,-0.3945922852,0.4224853516,0.7057495117
161592387.0,3968.0,0.0,-1.45703125,1.08203125,-4.6953125,0
161598419.0,6032.0,1.0,0.4085693359,-0.396484375,0.4263916016,0.7028808594
161601387.0,2968.0,0.0,-1.39453125,1.17578125,-4.515625,0
161608419.0,7032.0,1.0,0.407409668,-0.3990478516,0.4296875,0.7001342773
161611387.0,2968.0,0.0,-1.55859375,2.421875,-4.40625,0
161618419.0,7032.0,1.0,0.4061279297,-0.4020996094,0.4318237305,0.6978149414
161621387.0,2968.0,0.0,-2.0625,2.4296875,-4.59765625,0
161628419.0,7032.0,1.0,0.4045410156,-0.4059448242,0.4329833984,0.6958007813
161631387.0,2968.0,0.0,-2.69140625,2.4921875,-4.3984375,0
161638419.0,7032.0,1.0,0.4027099609,-0.4102783203,0.4333496094,0.6940917969
161641387.0,2968.0,0.0,-2.92578125,2.71484375,-4.359375,0
161648419.0,7032.0,1.0,0.4005737305,-0.4149169922,0.4331665039,0.692565918
161651387.0,2968.0,0.0,-1.82421875,1.4453125,-3.58203125,0
161658419.0,7032.0,1.0,0.3984375,-0.4196777344,0.4328613281,0.6911621094
161661387.0,2968.0,0.0,-1.33203125,0.5625,-2.8203125,0
161668419.0,7032.0,1.0,0.3961181641,-0.4244995117,0.4327392578,0.6896362305
161671387.0,2968.0,0.0,-1.453125,0.13671875,-1.85546875,0
161678419.0,7032.0,1.0,0.3939208984,-0.4290771484,0.4331054688,0.6878662109
161681387.0,2968.0,0.0,-2.65625,0.00390625,-2.265625,0
161688419.0,7032.0,1.0,0.3918457031,-0.4332885742,0.4340820313,0.6857299805
161691387.0,2968.0,0.0,-3.66015625,0.328125,-2.6328125,0
161698419.0,7032.0,1.0,0.3900756836,-0.4369506836,0.4357299805,0.6834106445
161701387.0,2968.0,0.0,-4.28515625,0.14453125,-2.921875,0
161708419.0,7032.0,1.0,0.3885498047,-0.4401245117,0.4380493164,0.6807861328
161711387.0,2968.0,0.0,-4.4453125,-0.203125,-2.66796875,0
161718419.0,7032.0,1.0,0.3872680664,-0.4427490234,0.4408569336,0.6779785156
161721387.0,2968.0,0.0,-4.01171875,-0.125,-3.03515625,0
161728419.0,7032.0,1.0,0.3860473633,-0.4450073242,0.4443969727,0.6748657227
161731387.0,2968.0,0.0,-4.0625,0.13671875,-2.88671875,0
161738419.0,7032.0,1.0,0.3849487305,-0.4468383789,0.4483642578,0.6716308594
161741387.0,2968.0,0.0,-4.46875,-0.1171875,-2.96875,0
161748419.0,7032.0,1.0,0.383972168,-0.448425293,0.4526977539,0.6682128906
161751387.0,2968.0,0.0,-4.953125,0.5859375,-3.08984375,0
161763419.0,12032.0,1.0,0.3829956055,-0.4497680664,0.4568481445,0.6650390625
161767387.0,3968.0,0.0,-2.8671875,-0.01171875,-3.484375,0
161770419.0,3032.0,1.0,0.3819580078,-0.4511108398,0.4613037109,0.6616821289
161773387.0,2968.0,0.0,-2.8515625,-0.04296875,-3.375,0
161777419.0,4032.0,1.0,0.3810424805,-0.4524536133,0.4655151367,0.6583251953
161780387.0,2968.0,0.0,-1.80859375,0.27734375,-4.03125,0
161788419.0,8032.0,1.0,0.3800048828,-0.4539794922,0.469543457,0.6549682617
161791387.0,2968.0,0.0,-1.265625,1.10546875,-4.0859375,0
161798419.0,7032.0,1.0,0.3790283203,-0.4558105469,0.4730224609,0.6517944336
161801387.0,2968.0,0.0,-0.71484375,1.12890625,-3.984375,0
161808419.0,7032.0,1.0,0.378112793,-0.4578857422,0.4756469727,0.6489257813
161812387.0,3968.0,0.0,-1.38671875,1.59765625,-3.3125,0
161818419.0,6032.0,1.0,0.3771362305,-0.4602661133,0.4778442383,0.6461791992
161821387.0,2968.0,0.0,-2.68359375,1.44921875,-3.52734375,0
161828419.0,7032.0,1.0,0.3762817383,-0.4628295898,0.479675293,0.6434936523
161831387.0,2968.0,0.0,-2.97265625,1.99609375,-3.5546875,0
161838419.0,7032.0,1.0,0.3756103516,-0.4653930664,0.4812011719,0.6409301758
161841387.0,2968.0,0.0,-1.578125,2.0859375,-3.4296875,0
161848419.0,7032.0,1.0,0.375,-0.4680786133,0.4822998047,0.6384887695
161852387.0,3968.0,0.0,-0.22265625,1.95703125,-2.48046875,0
161858419.0,6032.0,1.0,0.374206543,-0.4710693359,0.4830932617,0.6361694336
161861387.0,2968.0,0.0,0.67578125,1.90234375,-1.67578125,0
161868419.0,7032.0,1.0,0.3731689453,-0.4741821289,0.4836425781,0.6340332031
161871387.0,2968.0,0.0,1.6875,1.0078125,-0.29296875,0
161878419.0,7032.0,1.0,0.371887207,-0.477355957,0.4840698242,0.6320800781
161881387.0,2968.0,0.0,1.12109375,0.54296875,-0.484375,0
161888419.0,7032.0,1.0,0.3704223633,-0.48046875,0.4846191406,0.6301879883
161892387.0,3968.0,0.0,0.36328125,1.09375,-0.453125,0
161898419.0,6032.0,1.0,0.3687133789,-0.4833374023,0.4854125977,0.6283569336
161901387.0,2968.0,0.0,-0.6171875,0.6796875,-0.7578125,0
161908419.0,7032.0,1.0,0.3670043945,-0.4857788086,0.4865722656,0.6265869141
161911387.0,2968.0,0.0,-1.53125,-0.26953125,-1.0703125,0
161918419.0,7032.0,1.0,0.3651733398,-0.4879150391,0.4881591797,0.6247558594
161921387.0,2968.0,0.0,-1.33984375,-1.46484375,-0.9140625,0
161928419.0,7032.0,1.0,0.3632202148,-0.4896850586,0.4901733398,0.6228637695
161932387.0,3968.0,0.0,-1.1875,-2.36328125,-0.29296875,0
161938419.0,6032.0,1.0,0.3613891602,-0.4911499023,0.4927368164,0.6207885742
161941387.0,2968.0,0.0,-1.33984375,-2.1015625,0.16796875,0
161947419.0,6032.0,1.0,0.3595581055,-0.4923095703,0.4957275391,0.6185913086
161950387.0,2968.0,0.0,-0.88671875,-2.171875,0.64453125,0
161958419.0,8032.0,1.0,0.3576049805,-0.4932861328,0.4993286133,0.616027832
161961387.0,2968.0,0.0,-0.85546875,-1.859375,0.5078125,0
161968419.0,7032.0,1.0,0.3558349609,-0.4940795898,0.5029296875,0.6134643555
161971387.0,2968.0,0.0,-0.97265625,-0.43359375,0.21875,0
161980419.0,9032.0,1.0,0.3541259766,-0.494934082,0.5062255859,0.6110839844
161983387.0,2968.0,0.0,-0.328125,0.30859375,-0.5,0
161990419.0,7032.0,1.0,0.352355957,-0.4959716797,0.5092163086,0.6087036133
161993387.0,2968.0,0.0,1.08203125,0.515625,-0.87109375,0
161998419.0,5032.0,1.0,0.3503417969,-0.4976196289,0.51171875,0.6065063477
162001387.0,2968.0,0.0,1.1484375,0.65234375,-0.86328125,0
162008419.0,7032.0,1.0,0.3481445313,-0.4996948242,0.5133056641,0.604675293
162011387.0,2968.0,0.0,0.8046875,0.34765625,-0.37109375,0
162018419.0,7032.0,1.0,0.3457641602,-0.5023193359,0.5143432617,0.6029663086
162021387.0,2968.0,0.0,0.1171875,0.22265625,-0.1796875,0
162028419.0,7032.0,1.0,0.3432617188,-0.5053100586,0.5149536133,0.6013793945
162031387.0,2968.0,0.0,-1.0703125,1.07421875,-0.55859375,0
162038419.0,7032.0,1.0,0.341003418,-0.5083007813,0.5151977539,0.5999145508
162041387.0,2968.0,0.0,-0.765625,0.9296875,-1.1015625,0
162048419.0,7032.0,1.0,0.3388671875,-0.5113525391,0.5152587891,0.5985107422
162051387.0,2968.0,0.0,0.0703125,0.75390625,-1.03125,0
162058419.0,7032.0,1.0,0.3367919922,-0.5145263672,0.5151367188,0.5970458984
162061387.0,2968.0,0.0,1.75390625,0.4921875,-0.203125,0
162068419.0,7032.0,1.0,0.334777832,-0.5176391602,0.5149536133,0.5955810547
162071387.0,2968.0,0.0,1.71875,0.0859375,1.31640625,0
162078419.0,7032.0,1.0,0.3326416016,-0.5208129883,0.5150146484,0.5939941406
162081387.0,2968.0,0.0,1.41015625,-0.625,2.3828125,0
162088419.0,7032.0,1.0,0.3305664063,-0.5238037109,0.5154418945,0.5922241211
162091387.0,2968.0,0.0,0.67578125,-0.38671875,2.57421875,0
162098419.0,7032.0,1.0,0.3285522461,-0.5263061523,0.516418457,0.5902099609
162101387.0,2968.0,0.0,-1.0859375,-0.11328125,1.5703125,0
162108419.0,7032.0,1.0,0.3265991211,-0.528503418,0.5181274414,0.5878295898
162111387.0,2968.0,0.0,-0.94140625,-0.3125,0.38671875,0
162118419.0,7032.0,1.0,0.3247680664,-0.5302124023,0.5202026367,0.5854492188
162121387.0,2968.0,0.0,-0.91015625,-0.50390625,-0.265625,0
162128419.0,7032.0,1.0,0.3228759766,-0.5316772461,0.522644043,0.5830078125
162131387.0,2968.0,0.0,-0.54296875,-0.39453125,-0.71484375,0
162137419.0,6032.0,1.0,0.3209228516,-0.5329589844,0.5250854492,0.5806884766
162140387.0,2968.0,0.0,0.3125,-0.14453125,0.17578125,0
162148419.0,8032.0,1.0,0.3186035156,-0.534362793,0.5277709961,0.5783081055
162151387.0,2968.0,0.0,0.6796875,-0.55078125,1.05859375,0
162158419.0,7032.0,1.0,0.3158569336,-0.5358276367,0.5303344727,0.5760498047
162161387.0,2968.0,0.0,0.4296875,-0.9921875,1.91796875,0
162168419.0,7032.0,1.0,0.3130493164,-0.5373535156,0.5327148438,0.5739746094
162171387.0,2968.0,0.0,-0.23828125,-0.48046875,2.2265625,0
162178419.0,7032.0,1.0,0.3101196289,-0.5388793945,0.5352172852,0.5718383789
162181387.0,2968.0,0.0,-0.72265625,-0.78125,0.78125,0
162188419.0,7032.0,1.0,0.307434082,-0.5402832031,0.5375366211,0.5697631836
162191387.0,2968.0,0.0,-0.70703125,-1.0703125,0.66796875,0
162198419.0,7032.0,1.0,0.3047485352,-0.5417480469,0.5399780273,0.5675048828
162201387.0,2968.0,0.0,-0.234375,-1.28515625,0.75390625,0
162208419.0,7032.0,1.0,0.3023071289,-0.5432739258,0.5423583984,0.5651245117
162211387.0,2968.0,0.0,0.1640625,-0.53515625,1.10546875,0
162223419.0,12032.0,1.0,0.299987793,-0.544921875,0.5444335938,0.5627441406
162227387.0,3968.0,0.0,0.9140625,0.63671875,1.18359375,0
162230419.0,3032.0,1.0,0.2974243164,-0.5471191406,0.5462036133,0.5602416992
162233387.0,2968.0,0.0,0.890625,0.63671875,1.26953125,0
162238419.0,5032.0,1.0,0.2944946289,-0.5498046875,0.5476074219,0.557800293
162241387.0,2968.0,0.0,0.9921875,0.8203125,0.515625,0
162248419.0,7032.0,1.0,0.2916259766,-0.5526123047,0.5484008789,0.5557250977
162251387.0,2968.0,0.0,-0.41796875,1.01953125,-1.40625,0
162258419.0,7032.0,1.0,0.2887573242,-0.5555419922,0.548828125,0.553894043
162261387.0,2968.0,0.0,-0.39453125,1.8515625,-1.7890625,0
162268419.0,7032.0,1.0,0.2858276367,-0.5586547852,0.5489501953,0.5521850586
162271387.0,2968.0,0.0,0.01171875,2.703125,-1.52734375,0
162278419.0,7032.0,1.0,0.2828979492,-0.5618896484,0.548828125,0.5505371094
162281387.0,2968.0,0.0,0.60546875,2.0546875,0.3046875,0
162288419.0,7032.0,1.0,0.2799682617,-0.5651855469,0.5486450195,0.548828125
162291387.0,2968.0,0.0,0.62890625,1.75390625,1.296875,0
162298419.0,7032.0,1.0,0.2768554688,-0.5686645508,0.5484008789,0.5469970703
162301387.0,2968.0,0.0,-0.12109375,1.9453125,1.40234375,0
162308419.0,7032.0,1.0,0.2736206055,-0.5721435547,0.5482177734,0.5452270508
162312387.0,3968.0,0.0,-0.828125,1.33984375,1.51953125,0
162318419.0,6032.0,1.0,0.270324707,-0.5754394531,0.5480957031,0.5435180664
162321387.0,2968.0,0.0,-0.6953125,0.453125,1.734375,0
162328419.0,7032.0,1.0,0.2670898438,-0.5784301758,0.5482177734,0.541809082
162331387.0,2968.0,0.0,0.23828125,0.0234375,1.421875,0
162338419.0,7032.0,1.0,0.263671875,-0.5813598633,0.5487670898,0.5397949219
162341387.0,2968.0,0.0,0.75,-0.5234375,0.95703125,0
162348419.0,7032.0,1.0,0.2604370117,-0.5841064453,0.5495605469,0.5375976563
162351387.0,2968.0,0.0,1.4453125,-0.375,1.04296875,0
162358419.0,7032.0,1.0,0.2571411133,-0.5867919922,0.5506591797,0.5350952148
162361387.0,2968.0,0.0,1.22265625,-0.84375,1.08984375,0
162368419.0,7032.0,1.0,0.2537841797,-0.5895385742,0.5518188477,0.5324707031
162371387.0,2968.0,0.0,1.19140625,-0.046875,2.09765625,0
162378419.0,7032.0,1.0,0.2505493164,-0.5922851563,0.5528564453,0.5299072266
162381387.0,2968.0,0.0,0.89453125,0.0234375,2.328125,0
162388419.0,7032.0,1.0,0.2469482422,-0.5952758789,0.5536499023,0.52734375
162391387.0,2968.0,0.0,0.6171875,0.12890625,1.65625,0
162398419.0,7032.0,1.0,0.2432861328,-0.5983886719,0.5541381836,0.5250244141
162401387.0,2968.0,0.0,0.73828125,-0.03125,1.04296875,0
162408419.0,7032.0,1.0,0.2393188477,-0.6016845703,0.5543823242,0.5228271484
162411387.0,2968.0,0.0,0.0546875,-0.921875,0.77734375,0
162423419.0,12032.0,1.0,0.2354125977,-0.6048583984,0.5545043945,0.5208129883
162427387.0,3968.0,0.0,-0.75,-0.09375,-0.02734375,0
162430419.0,3032.0,1.0,0.2312011719,-0.608215332,0.5545654297,0.5186767578
162433387.0,2968.0,0.0,-0.7109375,-0.68359375,0.54296875,0
162438419.0,5032.0,1.0,0.2268066406,-0.6117553711,0.5545654297,0.5165405273
162441387.0,2968.0,0.0,-0.4375,-1.16015625,1.1953125,0
162448419.0,7032.0,1.0,0.2225341797,-0.6151123047,0.5544433594,0.514465332
162451387.0,2968.0,0.0,-0.7421875,-1.05078125,1.46484375,0
162458419.0,7032.0,1.0,0.2180786133,-0.6186523438,0.5542602539,0.5123291016
162461387.0,2968.0,0.0,-1.12890625,-0.53125,1.19921875,0
162469419.0,8032.0,1.0,0.2136230469,-0.6221923828,0.5539550781,0.5102539063
162472387.0,2968.0,0.0,-1.05859375,-0.26953125,1.15234375,0
162478419.0,6032.0,1.0,0.2092285156,-0.6255493164,0.5536499023,0.5083007813
162481387.0,2968.0,0.0,-0.41015625,-0.44140625,1.23046875,0
162488419.0,7032.0,1.0,0.2047119141,-0.6289672852,0.5534057617,0.5061645508
162491387.0,2968.0,0.0,-0.6015625,0.08203125,0.61328125,0
162498419.0,7032.0,1.0,0.200378418,-0.6321411133,0.5534667969,0.50390625
162501387.0,2968.0,0.0,-0.9921875,0.90625,0.5,0
162508419.0,7032.0,1.0,0.1960449219,-0.6351318359,0.5537719727,0.5014648438
162511387.0,2968.0,0.0,-1.0390625,0.9609375,0.1875,0
162518419.0,7032.0,1.0,0.1920166016,-0.6377563477,0.5543212891,0.4991455078
162521387.0,2968.0,0.0,-0.3984375,0.02734375,1.18359375,0
162528419.0,7032.0,1.0,0.1876831055,-0.6403198242,0.5551757813,0.4965820313
162531387.0,2968.0,0.0,-0.13671875,0.078125,1.4921875,0
162538419.0,7032.0,1.0,0.1834106445,-0.6426391602,0.5563964844,0.4937133789
162541387.0,2968.0,0.0,-0.30859375,-0.41015625,1.953125,0
162548419.0,7032.0,1.0,0.1791992188,-0.6446533203,0.5581054688,0.4907226563
162551387.0,2968.0,0.0,-0.8984375,-0.21484375,2.19140625,0
162558419.0,7032.0,1.0,0.1749267578,-0.646484375,0.5601196289,0.4875488281
162561387.0,2968.0,0.0,-1.83984375,-0.3203125,1.359375,0
162568419.0,7032.0,1.0,0.1706542969,-0.6480102539,0.5623779297,0.4844360352
162571387.0,2968.0,0.0,-1.8671875,-0.3515625,1.29296875,0
162578419.0,7032.0,1.0,0.1661987305,-0.649230957,0.5648193359,0.4814453125
162581387.0,2968.0,0.0,-2.01171875,-0.20703125,1.67578125,0
162589419.0,8032.0,1.0,0.1614990234,-0.6502685547,0.567565918,0.4785766602
162592387.0,2968.0,0.0,-2.12109375,-0.9375,2.48046875,0
162604419.0,12032.0,1.0,0.1569824219,-0.6509399414,0.5704956055,0.4755859375
162609419.0,5000.0,1.0,0.1522216797,-0.6513671875,0.5741577148,0.4721069336
162611387.0,1968.0,0.0,-0.36328125,-2.65625,2.5,0
162618419.0,7032.0,1.0,0.1475219727,-0.6514282227,0.5784912109,0.4681396484
162621387.0,2968.0,0.0,-1.59765625,-2.546875,1.98046875,0
162628419.0,7032.0,1.0,0.1433105469,-0.6511230469,0.5833129883,0.4639282227
162631387.0,2968.0,0.0,-4.82421875,-1.1796875,0.19921875,0
162638419.0,7032.0,1.0,0.1395263672,-0.650390625,0.5884399414,0.4595947266
162641387.0,2968.0,0.0,-5.9453125,-1.609375,-0.51171875,0
162648419.0,7032.0,1.0,0.1361694336,-0.6493530273,0.5938110352,0.4552612305
162652387.0,3968.0,0.0,-6.91796875,-1.1484375,-0.6484375,0
162658419.0,6032.0,1.0,0.1329345703,-0.6479492188,0.5993041992,0.4508666992
162661387.0,2968.0,0.0,-7.46484375,-1.02734375,-0.83203125,0
162668419.0,7032.0,1.0,0.1298828125,-0.6463623047,0.604675293,0.4468383789
162671387.0,2968.0,0.0,-6.1328125,-0.99609375,-0.8984375,0
162678419.0,7032.0,1.0,0.1265869141,-0.6445922852,0.6102294922,0.4428710938
162681387.0,2968.0,0.0,-5.71484375,-0.546875,0.17578125,0
162688419.0,7032.0,1.0,0.1231079102,-0.642578125,0.6156005859,0.4392089844
162691387.0,2968.0,0.0,-5.80078125,-0.59375,1.36328125,0
162698419.0,7032.0,1.0,0.1193847656,-0.6403198242,0.6212158203,0.4356079102
162701387.0,2968.0,0.0,-6.1171875,-0.72265625,1.3984375,0
162708419.0,7032.0,1.0,0.1156616211,-0.6378173828,0.6268310547,0.4323120117
162711387.0,2968.0,0.0,-7.93359375,0.80078125,1.09375,0
162718419.0,7032.0,1.0,0.1117553711,-0.6346435547,0.6331787109,0.4287719727
162721387.0,2968.0,0.0,-8.6015625,1.6875,0.43359375,0
162728419.0,7032.0,1.0,0.1082763672,-0.6309814453,0.6397094727,0.4253540039
162732387.0,3968.0,0.0,-8.96484375,3.01171875,-0.84375,0
162738419.0,6032.0,1.0,0.1047973633,-0.6268310547,0.646484375,0.4221191406
162741387.0,2968.0,0.0,-9.82421875,5.0078125,-1.85546875,0
162751419.0,10032.0,1.0,0.1009521484,-0.6218261719,0.6536254883,0.4194335938
162754387.0,2968.0,0.0,-11.3046875,8.83984375,-4.625,0
162758419.0,4032.0,1.0,0.0961914063,-0.6158447266,0.660949707,0.4179077148
162761387.0,2968.0,0.0,-12.44140625,10.8359375,-6.1875,0
162768419.0,7032.0,1.0,0.0900878906,-0.6089477539,0.6679077148,0.4183349609
162771387.0,2968.0,0.0,-13.57421875,12.6015625,-7.24609375,0
162778419.0,7032.0,1.0,0.0819702148,-0.6014404297,0.6736450195,0.4215698242
162781387.0,2968.0,0.0,-14.06640625,13.703125,-8.2734375,0
162788419.0,7032.0,1.0,0.0706176758,-0.5930786133,0.6778564453,0.4287109375
162791387.0,2968.0,0.0,-12.421875,15.796875,-9.1171875,0
162798419.0,7032.0,1.0,0.0563354492,-0.583984375,0.6803588867,0.4392089844
162801387.0,2968.0,0.0,-10.90234375,11.69921875,-8.375,0
162809419.0,8032.0,1.0,0.0416870117,-0.5738525391,0.6827392578,0.4502563477
162812387.0,2968.0,0.0,-9.2421875,5.6484375,-6.1640625,0
162818419.0,6032.0,1.0,0.0297851563,-0.5618896484,0.6876220703,0.4588623047
162821387.0,2968.0,0.0,-7.3671875,7.44140625,-0.24609375,0
162828419.0,7032.0,1.0,0.0198974609,-0.5486450195,0.6929931641,0.4672851563
162831387.0,2968.0,0.0,-5.9375,19.87890625,-5.12890625,0
162843419.0,12032.0,1.0,0.0080566406,-0.5346069336,0.6944580078,0.4815673828
162847387.0,3968.0,0.0,-1.6640625,16.73046875,-11.0546875,0
162850419.0,3032.0,1.0,0.0063476562,0.51953125,-0.6904907227,-0.5032348633
162853387.0,2968.0,0.0,-1.0,10.37109375,-9.01953125,0
162858419.0,5032.0,1.0,0.0216064453,0.5032958984,-0.6814575195,-0.5308837891
162861387.0,2968.0,0.0,-1.0390625,2.9921875,-8.35546875,0
162868419.0,7032.0,1.0,0.0342407227,0.487121582,-0.6691894531,-0.5600585938
162871387.0,2968.0,0.0,-1.68359375,-1.796875,-6.20703125,0
162878419.0,7032.0,1.0,0.0430297852,0.4715576172,-0.6552124023,-0.588684082
162881387.0,2968.0,0.0,-0.88671875,-6.19140625,-5.72265625,0
162889419.0,8032.0,1.0,0.0478515625,0.4563598633,-0.6394042969,-0.6169433594
162892387.0,2968.0,0.0,-1.4140625,-9.515625,-3.52734375,0
162904419.0,12032.0,1.0,0.0482177734,0.4425048828,-0.6233520508,-0.6428833008
162909419.0,5000.0,1.0,0.0438232422,0.4291992188,-0.6068725586,-0.6674804688
162911387.0,1968.0,0.0,1.875,-16.2265625,-3.5078125,0
162918419.0,7032.0,1.0,0.0346679687,0.416809082,-0.5908203125,-0.6899414063
162921387.0,2968.0,0.0,4.4375,-16.81640625,-3.2578125,0
162929419.0,8032.0,1.0,0.0219726562,0.4060668945,-0.5763549805,-0.7088012695
162932387.0,2968.0,0.0,6.6015625,-16.73828125,-2.921875,0
162938419.0,6032.0,1.0,0.0068969727,0.3969116211,-0.5634765625,-0.7244873047
162941387.0,2968.0,0.0,10.10546875,-14.76953125,-1.796875,0
162948419.0,7032.0,1.0,0.0115356445,-0.3881835938,0.5502929688,0.7391357422
162951387.0,2968.0,0.0,11.01953125,-13.41015625,-1.8828125,0
162958419.0,7032.0,1.0,0.0313110352,-0.3803710938,0.5374145508,0.7520141602
162961387.0,2968.0,0.0,11.37890625,-11.40625,-1.9765625,0
162969419.0,8032.0,1.0,0.0513305664,-0.3735961914,0.524597168,0.7633056641
162972387.0,2968.0,0.0,10.9140625,-9.125,-1.9375,0
162984419.0,12032.0,1.0,0.0708007813,-0.3679199219,0.5116577148,0.7731933594
162989419.0,5000.0,1.0,0.0903930664,-0.3629760742,0.4985961914,0.7819824219
162991387.0,1968.0,0.0,6.8359375,-8.40234375,-1.47265625,0
162999419.0,8032.0,1.0,0.1110839844,-0.3583374023,0.4856567383,0.7895507813
163002387.0,2968.0,0.0,6.1875,-8.1015625,-1.19140625,0
163008419.0,6032.0,1.0,0.1306152344,-0.3543701172,0.4744873047,0.7951049805
163011387.0,2968.0,0.0,5.5546875,-7.08203125,-0.3046875,0
163018419.0,7032.0,1.0,0.1499633789,-0.350769043,0.4641113281,0.7994384766
163021387.0,2968.0,0.0,5.44921875,-6.6328125,0.171875,0
163028419.0,7032.0,1.0,0.1685180664,-0.3475952148,0.4545898438,0.8026123047
163031387.0,2968.0,0.0,5.4375,-6.0859375,0.6796875,0
163040419.0,9032.0,1.0,0.1856079102,-0.344909668,0.4462890625,0.8046264648
163043387.0,2968.0,0.0,5.53125,-5.70703125,1.10546875,0
163050419.0,7032.0,1.0,0.2030029297,-0.3423461914,0.4383544922,0.805847168
163053387.0,2968.0,0.0,5.9609375,-5.05859375,1.1875,0
163058419.0,5032.0,1.0,0.2202758789,-0.3400268555,0.4309692383,0.8062744141
163061387.0,2968.0,0.0,6.453125,-4.82421875,0.9140625,0
163068419.0,7032.0,1.0,0.236328125,-0.3379516602,0.4248046875,0.8059082031
163071387.0,2968.0,0.0,6.67578125,-4.8125,0.74609375,0
163079419.0,8032.0,1.0,0.2518310547,-0.3359375,0.4196777344,0.8047485352
163082387.0,2968.0,0.0,6.69921875,-4.6640625,0.62890625,0
163088419.0,6032.0,1.0,0.2658691406,-0.333984375,0.416015625,0.8029174805
163091387.0,2968.0,0.0,5.94140625,-3.5859375,0.9609375,0
163098419.0,7032.0,1.0,0.2807617188,-0.3317871094,0.4130859375,0.8002319336
163101387.0,2968.0,0.0,5.5703125,-2.55078125,0.69140625,0
163108419.0,7032.0,1.0,0.2942504883,-0.3297729492,0.410949707,0.7973632813
163111387.0,2968.0,0.0,5.4921875,-1.18359375,0.171875,0
163120419.0,9032.0,1.0,0.3063964844,-0.328125,0.408996582,0.7944335938
163123387.0,2968.0,0.0,5.37890625,-0.0234375,-0.19140625,0
163131419.0,8032.0,1.0,0.3176879883,-0.326965332,0.4067382813,0.7916870117
163134387.0,2968.0,0.0,4.71875,0.72265625,-0.4765625,0
163138419.0,4032.0,1.0,0.3281860352,-0.3262329102,0.4041137695,0.7890014648
163141387.0,2968.0,0.0,4.59765625,0.578125,-0.33203125,0
163148419.0,7032.0,1.0,0.3378295898,-0.3259277344,0.4012451172,0.7864990234
163151387.0,2968.0,0.0,4.359375,0.25,-0.578125,0
163159419.0,8032.0,1.0,0.3466796875,-0.3259887695,0.3985595703,0.783996582
163162387.0,2968.0,0.0,3.96484375,0.140625,-0.5859375,0
163168419.0,6032.0,1.0,0.3548583984,-0.3262329102,0.3961791992,0.7814331055
163171387.0,2968.0,0.0,2.9921875,0.05859375,-0.921875,0
163178419.0,7032.0,1.0,0.3625488281,-0.3267211914,0.3942260742,0.7787475586
163181387.0,2968.0,0.0,2.9765625,0.203125,-1.328125,0
163189419.0,8032.0,1.0,0.3697509766,-0.3274536133,0.3927001953,0.7758178711
163192387.0,2968.0,0.0,3.12109375,0.57421875,-1.34375,0
163199419.0,7032.0,1.0,0.3764038086,-0.3284301758,0.3916625977,0.7727050781
163202387.0,2968.0,0.0,3.4609375,0.31640625,-1.66015625,0
163209419.0,7032.0,1.0,0.3826904297,-0.3295288086,0.3911743164,0.7694091797
163212387.0,2968.0,0.0,3.53125,0.25,-1.69140625,0
163222419.0,10032.0,1.0,0.3883056641,-0.3308105469,0.3911132813,0.7659912109
163225387.0,2968.0,0.0,3.63671875,-0.01953125,-1.828125,0
163232419.0,7032.0,1.0,0.3940429688,-0.3324584961,0.3915405273,0.7621459961
163235387.0,2968.0,0.0,3.28515625,0.28125,-2.37109375,0
163239419.0,4032.0,1.0,0.3987426758,-0.3342285156,0.3921508789,0.7586669922
163242387.0,2968.0,0.0,3.203125,0.65234375,-2.64453125,0
163249419.0,7032.0,1.0,0.4025878906,-0.3362426758,0.3927612305,0.7553710938
163252387.0,2968.0,0.0,3.35546875,0.25390625,-3.2265625,0
163258419.0,6032.0,1.0,0.4058837891,-0.338684082,0.3934326172,0.7521362305
163261387.0,2968.0,0.0,3.28125,-0.3125,-3.48046875,0
163269419.0,8032.0,1.0,0.4087524414,-0.3411254883,0.39453125,0.7489013672
163272387.0,2968.0,0.0,3.2421875,-0.56640625,-3.35546875,0
163278419.0,6032.0,1.0,0.410949707,-0.3436279297,0.3958129883,0.7459106445
163281387.0,2968.0,0.0,3.38671875,0.46875,-3.76171875,0
163288419.0,7032.0,1.0,0.4125366211,-0.3466796875,0.3969116211,0.7430419922
163291387.0,2968.0,0.0,3.2734375,1.4296875,-4.01171875,0
163299419.0,8032.0,1.0,0.4133911133,-0.3502197266,0.3975219727,0.7406005859
163302387.0,2968.0,0.0,2.77734375,1.32421875,-3.875,0
163309419.0,7032.0,1.0,0.4136352539,-0.3536987305,0.3979492188,0.7385253906
163312387.0,2968.0,0.0,2.05078125,0.83203125,-3.47265625,0
163319419.0,7032.0,1.0,0.4136962891,-0.3569946289,0.3986816406,0.7365112305
163322387.0,2968.0,0.0,0.42578125,-0.0625,-2.98828125,0
163329419.0,7032.0,1.0,0.4136352539,-0.3596801758,0.3998413086,0.7346191406
163333387.0,3968.0,0.0,-0.5390625,-0.1171875,-3.00390625,0
163339419.0,6032.0,1.0,0.4133911133,-0.3621826172,0.4014892578,0.7326660156
163342387.0,2968.0,0.0,-1.43359375,-0.03125,-3.171875,0
163349419.0,7032.0,1.0,0.4130249023,-0.3643188477,0.4033813477,0.7307128906
163352387.0,2968.0,0.0,-2.140625,0.47265625,-3.33984375,0
163359419.0,7032.0,1.0,0.4124755859,-0.366394043,0.4052734375,0.7289428711
163362387.0,2968.0,0.0,-3.5703125,0.89453125,-3.7734375,0
163369419.0,7032.0,1.0,0.4116821289,-0.3685913086,0.4071044922,0.7272949219
163373387.0,3968.0,0.0,-4.3203125,0.62890625,-3.13671875,0
163379419.0,6032.0,1.0,0.4105834961,-0.3709106445,0.4087524414,0.725769043
163382387.0,2968.0,0.0,-4.48828125,0.2734375,-2.5390625,0
163389419.0,7032.0,1.0,0.4093017578,-0.3733520508,0.4102172852,0.7244873047
163392387.0,2968.0,0.0,-4.08203125,-1.21875,-1.96875,0
163399419.0,7032.0,1.0,0.4077758789,-0.3758544922,0.4116210938,0.7232055664
163402387.0,2968.0,0.0,-3.8671875,-2.0234375,-2.0234375,0
163409419.0,7032.0,1.0,0.4061889648,-0.3784790039,0.4133300781,0.7217407227
163413387.0,3968.0,0.0,-3.8046875,-2.17578125,-2.0,0
163419419.0,6032.0,1.0,0.4046630859,-0.3811035156,0.415222168,0.7201538086
163422387.0,2968.0,0.0,-3.75390625,-1.83203125,-1.8515625,0
163429419.0,7032.0,1.0,0.4033203125,-0.3836669922,0.4174804688,0.7182006836
163432387.0,2968.0,0.0,-3.33984375,-1.79296875,-2.30859375,0
163444419.0,12032.0,1.0,0.4022827148,-0.3862304688,0.4198608398,0.7160644531
163449387.0,4968.0,0.0,-1.4765625,-0.078125,-3.10546875,0
163452419.0,3032.0,1.0,0.4014282227,-0.3889770508,0.4223632813,0.7135620117
163455387.0,2968.0,0.0,-0.984375,0.4296875,-3.32421875,0
163459419.0,4032.0,1.0,0.4006958008,-0.3920898438,0.424987793,0.7106933594
163462387.0,2968.0,0.0,-0.9453125,0.4296875,-3.23046875,0
163468419.0,6032.0,1.0,0.4000244141,-0.3950805664,0.4270629883,0.708190918
163471387.0,2968.0,0.0,-1.8359375,2.3984375,-3.56640625,0
163479419.0,8032.0,1.0,0.3991699219,-0.3988647461,0.4287719727,0.7055053711
163482387.0,2968.0,0.0,-2.64453125,2.84375,-3.51171875,0
163489419.0,7032.0,1.0,0.3980712891,-0.4029541016,0.4298095703,0.7031860352
163492387.0,2968.0,0.0,-2.921875,2.59765625,-3.47265625,0
163499419.0,7032.0,1.0,0.3966064453,-0.4073486328,0.4302368164,0.701171875
163502387.0,2968.0,0.0,-2.73046875,2.17578125,-3.5078125,0
163509419.0,7032.0,1.0,0.3947753906,-0.4122924805,0.4302978516,0.6992797852
163512387.0,2968.0,0.0,-1.5859375,0.71484375,-2.953125,0
163519419.0,7032.0,1.0,0.3928222656,-0.417175293,0.4302368164,0.6975708008
163522387.0,2968.0,0.0,-1.01171875,0.75390625,-2.76171875,0
163529419.0,7032.0,1.0,0.3908691406,-0.4219360352,0.4302978516,0.6957397461
163532387.0,2968.0,0.0,-0.328125,1.0234375,-2.7890625,0
163539419.0,7032.0,1.0,0.3889160156,-0.4266357422,0.4307250977,0.6936645508
163542387.0,2968.0,0.0,-0.10546875,0.6328125,-2.66796875,0
163549419.0,7032.0,1.0,0.3871459961,-0.4309082031,0.4315795898,0.6915283203
163552387.0,2968.0,0.0,-2.3359375,0.88671875,-3.0703125,0
163559419.0,7032.0,1.0,0.3854980469,-0.4348144531,0.4329833984,0.6890869141
163562387.0,2968.0,0.0,-3.53515625,-0.09375,-3.09375,0
163569419.0,7032.0,1.0,0.3840942383,-0.4382324219,0.4352416992,0.6862792969
163572387.0,2968.0,0.0,-3.92578125,-0.890625,-2.9921875,0
163579419.0,7032.0,1.0,0.3828125,-0.4411010742,0.4381103516,0.6833496094
163582387.0,2968.0,0.0,-4.6328125,-0.74609375,-3.04296875,0
163589419.0,7032.0,1.0,0.3817138672,-0.4435424805,0.4415893555,0.6801147461
163592387.0,2968.0,0.0,-4.453125,-0.5625,-2.7421875,0
163599419.0,7032.0,1.0,0.3806152344,-0.4457397461,0.4454956055,0.6767578125
163602387.0,2968.0,0.0,-4.140625,0.07421875,-2.48046875,0
163609419.0,7032.0,1.0,0.3795776367,-0.4477539063,0.4496459961,0.6732788086
163612387.0,2968.0,0.0,-3.88671875,0.2421875,-2.63671875,0
163619419.0,7032.0,1.0,0.3786010742,-0.4495849609,0.4537963867,0.6697387695
163622387.0,2968.0,0.0,-3.25,0.6484375,-3.1328125,0
163629419.0,7032.0,1.0,0.377746582,-0.4514160156,0.4580688477,0.6661376953
163632387.0,2968.0,0.0,-2.9375,1.3984375,-3.1015625,0
163642419.0,10032.0,1.0,0.376953125,-0.4531860352,0.4619140625,0.6627197266
163645387.0,2968.0,0.0,-2.15625,0.84375,-3.03125,0
163652419.0,7032.0,1.0,0.3762207031,-0.4552001953,0.4658203125,0.658996582
163655387.0,2968.0,0.0,-1.296875,1.2578125,-2.95703125,0
163659419.0,4032.0,1.0,0.3756103516,-0.4571533203,0.4693603516,0.6555175781
163662387.0,2968.0,0.0,-0.546875,2.1328125,-3.61328125,0
163669419.0,7032.0,1.0,0.375,-0.4592895508,0.4724121094,0.6520996094
163672387.0,2968.0,0.0,-0.26953125,2.59375,-2.90234375,0
163679419.0,7032.0,1.0,0.3742675781,-0.4618530273,0.4749145508,0.6489257813
163682387.0,2968.0,0.0,-0.71484375,2.37890625,-2.609375,0
163689419.0,7032.0,1.0,0.3733520508,-0.4646606445,0.4769287109,0.6459350586
163692387.0,2968.0,0.0,-1.6171875,1.23828125,-3.01953125,0
163699419.0,7032.0,1.0,0.3725585938,-0.4677124023,0.4786987305,0.6428833008
163702387.0,2968.0,0.0,-2.58984375,2.6015625,-4.53515625,0
163709419.0,7032.0,1.0,0.371887207,-0.4705200195,0.4799804688,0.6402587891
163712387.0,2968.0,0.0,-1.5390625,2.96875,-3.875,0
163719419.0,7032.0,1.0,0.3712158203,-0.4736328125,0.4807128906,0.6377563477
163722387.0,2968.0,0.0,-0.421875,1.8125,-2.80078125,0
163729419.0,7032.0,1.0,0.3703613281,-0.4769287109,0.4811401367,0.6354980469
163732387.0,2968.0,0.0,0.32421875,1.078125,-2.0703125,0
163739419.0,7032.0,1.0,0.3692016602,-0.48046875,0.481262207,0.6334228516
163742387.0,2968.0,0.0,0.26171875,0.2265625,-0.8046875,0
163749419.0,7032.0,1.0,0.3678588867,-0.4840087891,0.4813842773,0.6314697266
163752387.0,2968.0,0.0,0.16015625,0.2890625,-0.6875,0
163759419.0,7032.0,1.0,0.3663330078,-0.4873046875,0.4816894531,0.6295166016
163762387.0,2968.0,0.0,0.17578125,0.58203125,-0.41796875,0
163769419.0,7032.0,1.0,0.3648071289,-0.4904785156,0.4823608398,0.6275024414
163772387.0,2968.0,0.0,-0.734375,-0.09375,0.03515625,0
163779419.0,7032.0,1.0,0.3631591797,-0.4932861328,0.4833984375,0.6253662109
163782387.0,2968.0,0.0,-0.58203125,-0.23046875,-0.23046875,0
163789419.0,7032.0,1.0,0.3615112305,-0.4958496094,0.4849243164,0.6231689453
163792387.0,2968.0,0.0,-0.49609375,-1.07421875,0.2734375,0
163799419.0,7032.0,1.0,0.3598632813,-0.498046875,0.4866943359,0.6209106445
163802387.0,2968.0,0.0,-0.87890625,-0.95703125,0.55078125,0
163809419.0,7032.0,1.0,0.358215332,-0.5,0.4888916016,0.6186523438
163812387.0,2968.0,0.0,-0.57421875,-1.01171875,-0.2109375,0
163819419.0,7032.0,1.0,0.3564453125,-0.5017089844,0.491394043,0.6162109375
163822387.0,2968.0,0.0,-0.34375,-1.51953125,0.03515625,0
163829419.0,7032.0,1.0,0.354675293,-0.5032348633,0.4942016602,0.6137695313
163833387.0,3968.0,0.0,-0.265625,-1.87890625,0.19921875,0
163839419.0,6032.0,1.0,0.3527832031,-0.5047607422,0.4971923828,0.6112060547
163842387.0,2968.0,0.0,-0.42578125,-2.0546875,-0.12890625,0
163849419.0,7032.0,1.0,0.3509521484,-0.5061645508,0.5000610352,0.6087646484
163852387.0,2968.0,0.0,-0.84765625,-1.6484375,-0.42578125,0
163864419.0,12032.0,1.0,0.3489990234,-0.5076904297,0.5028076172,0.6063232422
163868387.0,3968.0,0.0,-0.0234375,-1.12890625,-0.49609375,0
163871419.0,3032.0,1.0,0.3469848633,-0.5093383789,0.5054321289,0.6039428711
163874387.0,2968.0,0.0,0.46875,-0.03515625,-0.62890625,0
163879419.0,5032.0,1.0,0.344909668,-0.5111694336,0.5078735352,0.6015014648
163882387.0,2968.0,0.0,0.4609375,-0.05078125,-0.54296875,0
163889419.0,7032.0,1.0,0.3428344727,-0.5131835938,0.5100097656,0.5991821289
163892387.0,2968.0,0.0,1.609375,0.328125,0.0078125,0
163899419.0,7032.0,1.0,0.3407592773,-0.5153198242,0.5117797852,0.5970458984
163902387.0,2968.0,0.0,2.0625,0.47265625,1.0,0
163909419.0,7032.0,1.0,0.3384399414,-0.5177612305,0.5132446289,0.594909668
163912387.0,2968.0,0.0,2.20703125,0.203125,1.3125,0
163919419.0,7032.0,1.0,0.3360595703,-0.5204467773,0.514465332,0.5928955078
163922387.0,2968.0,0.0,1.5546875,0.25,0.7890625,0
163929419.0,7032.0,1.0,0.3334960938,-0.5233154297,0.5153808594,0.591003418
163932387.0,2968.0,0.0,-0.52734375,0.48046875,0.0234375,0
163939419.0,7032.0,1.0,0.3309936523,-0.5263061523,0.5160522461,0.5892333984
163942387.0,2968.0,0.0,-0.84375,0.36328125,0.0625,0
163949419.0,7032.0,1.0,0.3285522461,-0.5292358398,0.5166625977,0.5873413086
163952387.0,2968.0,0.0,-0.99609375,0.296875,0.25390625,0
163959419.0,7032.0,1.0,0.3262329102,-0.5321655273,0.5173950195,0.5853881836
163962387.0,2968.0,0.0,-0.6953125,0.609375,-0.171875,0
163969419.0,7032.0,1.0,0.3239746094,-0.5348510742,0.518371582,0.5833129883
163972387.0,2968.0,0.0,-0.20703125,0.49609375,0.14453125,0
163979419.0,7032.0,1.0,0.3218383789,-0.5373535156,0.5196533203,0.5810546875
163982387.0,2968.0,0.0,0.19921875,0.7265625,0.421875,0
163989419.0,7032.0,1.0,0.3197631836,-0.5394897461,0.5213623047,0.5786743164
163992387.0,2968.0,0.0,0.57421875,0.9453125,0.8046875,0
163999419.0,7032.0,1.0,0.3176269531,-0.5413818359,0.5233764648,0.5762939453
164002387.0,2968.0,0.0,0.93359375,0.51953125,1.91796875,0
164009419.0,7032.0,1.0,0.315246582,-0.5432128906,0.5256347656,0.5737915039
164012387.0,2968.0,0.0,0.765625,0.47265625,1.27734375,0
164019419.0,7032.0,1.0,0.3127441406,-0.544921875,0.5280151367,0.5713500977
164022387.0,2968.0,0.0,0.21484375,0.296875,0.6796875,0
164029419.0,7032.0,1.0,0.3101196289,-0.5465698242,0.5305175781,0.5689086914
164032387.0,2968.0,0.0,-0.8046875,0.05078125,-0.0078125,0
164039419.0,7032.0,1.0,0.3075561523,-0.548034668,0.5329589844,0.5665893555
164042387.0,2968.0,0.0,-2.1328125,0.1796875,-0.56640625,0
164049419.0,7032.0,1.0,0.3048095703,-0.5494995117,0.5354614258,0.5643310547
164052387.0,2968.0,0.0,-1.62109375,0.65234375,-0.2578125,0
164059419.0,7032.0,1.0,0.301940918,-0.5510864258,0.5377197266,0.5621337891
164062387.0,2968.0,0.0,-0.41796875,0.1015625,1.015625,0
164069419.0,7032.0,1.0,0.2988891602,-0.5527954102,0.5397338867,0.5601196289
164072387.0,2968.0,0.0,0.9765625,-0.7265625,2.08984375,0
164079419.0,7032.0,1.0,0.2956542969,-0.5547485352,0.5416259766,0.5581054688
164082387.0,2968.0,0.0,0.875,0.09375,1.40234375,0
164089419.0,7032.0,1.0,0.2924194336,-0.5568237305,0.5432128906,0.5562133789
164092387.0,2968.0,0.0,0.39453125,0.03125,0.37890625,0
164099419.0,7032.0,1.0,0.2891845703,-0.5590209961,0.5445556641,0.5543823242
164102387.0,2968.0,0.0,-0.203125,-0.2890625,-0.125,0
164109419.0,7032.0,1.0,0.2860107422,-0.5612792969,0.5457763672,0.5525512695
164112387.0,2968.0,0.0,-0.88671875,0.19140625,-0.27734375,0
164124419.0,12032.0,1.0,0.2830810547,-0.5635375977,0.5466918945,0.5508422852
164128387.0,3968.0,0.0,0.046875,0.26171875,0.21484375,0
164131419.0,3032.0,1.0,0.2800292969,-0.5661010742,0.5473632813,0.5490722656
164134387.0,2968.0,0.0,0.0234375,0.25390625,0.28515625,0
164139419.0,5032.0,1.0,0.2767944336,-0.5689697266,0.5478515625,0.5473022461
164142387.0,2968.0,0.0,-0.19140625,0.58203125,0.546875,0
164149419.0,7032.0,1.0,0.2735595703,-0.5718383789,0.5480957031,0.545715332
164152387.0,2968.0,0.0,-0.24609375,-0.3359375,1.07421875,0
164159419.0,7032.0,1.0,0.2702636719,-0.5747070313,0.5482788086,0.5440673828
164162387.0,2968.0,0.0,-0.19140625,-0.421875,1.21484375,0
164169419.0,7032.0,1.0,0.2670288086,-0.5775756836,0.5485839844,0.5423583984
164172387.0,2968.0,0.0,0.20703125,-0.19921875,1.59765625,0
164179419.0,7032.0,1.0,0.2639160156,-0.5803222656,0.5490722656,0.5404663086
164182387.0,2968.0,0.0,0.4140625,-0.24609375,1.32421875,0
164189419.0,7032.0,1.0,0.260925293,-0.5828857422,0.5498657227,0.5383300781
164192387.0,2968.0,0.0,0.6171875,0.0546875,-0.0625,0
164199419.0,7032.0,1.0,0.2580566406,-0.5853271484,0.55078125,0.5361328125
164202387.0,2968.0,0.0,0.93359375,0.24609375,-0.17578125,0
164209419.0,7032.0,1.0,0.2551879883,-0.5877685547,0.5516357422,0.533996582
164213387.0,3968.0,0.0,0.5625,0.3828125,-0.05859375,0
164219419.0,6032.0,1.0,0.2520751953,-0.5902709961,0.5524291992,0.5318603516
164222387.0,2968.0,0.0,-0.00390625,0.60546875,0.1640625,0
164229419.0,7032.0,1.0,0.2489013672,-0.5927734375,0.5529174805,0.5300292969
164232387.0,2968.0,0.0,0.125,-0.32421875,0.83984375,0
164239419.0,7032.0,1.0,0.2452392578,-0.5956420898,0.5532836914,0.5281982422
164242387.0,2968.0,0.0,0.4765625,-0.33984375,1.21875,0
164249419.0,7032.0,1.0,0.2414550781,-0.598449707,0.5534057617,0.526550293
164253387.0,3968.0,0.0,0.515625,-0.1171875,1.171875,0
164259419.0,6032.0,1.0,0.2375488281,-0.6013183594,0.5534057617,0.5250854492
164262387.0,2968.0,0.0,0.0234375,0.08984375,0.8984375,0
164269419.0,7032.0,1.0,0.2333374023,-0.6043701172,0.5532836914,0.5236206055
164272387.0,2968.0,0.0,-0.8203125,-0.39453125,0.72265625,0
164279419.0,7032.0,1.0,0.229309082,-0.6071777344,0.5531616211,0.5223388672
164282387.0,2968.0,0.0,-1.078125,-0.21875,0.13671875,0
164289419.0,7032.0,1.0,0.2252807617,-0.6100463867,0.5529174805,0.5209350586
164292387.0,2968.0,0.0,-0.95703125,-0.31640625,0.16015625,0
164299419.0,7032.0,1.0,0.2212524414,-0.6129760742,0.5526733398,0.51953125
164302387.0,2968.0,0.0,-0.52734375,-0.6015625,0.6796875,0
164309419.0,7032.0,1.0,0.2171630859,-0.6159667969,0.5523071289,0.5180664063
164312387.0,2968.0,0.0,-0.17578125,0.1484375,0.58984375,0
164324419.0,12032.0,1.0,0.2130737305,-0.6190185547,0.5517578125,0.5167236328
164328387.0,3968.0,0.0,0.01953125,-0.79296875,0.8046875,0
164331419.0,3032.0,1.0,0.2088012695,-0.6221313477,0.5510864258,0.5154418945
164334387.0,2968.0,0.0,-0.515625,-0.9609375,1.13671875,0
164339419.0,5032.0,1.0,0.2043457031,-0.6254272461,0.5504760742,0.5139160156
164342387.0,2968.0,0.0,-0.96875,-0.2109375,0.85546875,0
164349419.0,7032.0,1.0,0.200378418,-0.6282958984,0.5502929688,0.5121459961
164352387.0,2968.0,0.0,-1.046875,0.00390625,-0.1171875,0
164359419.0,7032.0,1.0,0.1967163086,-0.6310424805,0.5503540039,0.5101318359
164362387.0,2968.0,0.0,-1.23046875,0.484375,-0.4375,0
164370419.0,8032.0,1.0,0.1931762695,-0.633605957,0.5505371094,0.5080566406
164373387.0,2968.0,0.0,-1.26953125,0.62890625,-0.03125,0
164379419.0,6032.0,1.0,0.1897583008,-0.6360473633,0.55078125,0.5061035156
164382387.0,2968.0,0.0,-0.16015625,-1.1484375,0.68359375,0
164389419.0,7032.0,1.0,0.1860961914,-0.6384887695,0.5511474609,0.50390625
164392387.0,2968.0,0.0,0.14453125,-0.7421875,1.12890625,0
164399419.0,7032.0,1.0,0.1825561523,-0.6408691406,0.5516967773,0.5015869141
164402387.0,2968.0,0.0,0.0703125,-0.4140625,1.734375,0
164410419.0,8032.0,1.0,0.1792602539,-0.6431274414,0.5524291992,0.4990234375
164413387.0,2968.0,0.0,-0.0859375,-0.88671875,1.73046875,0
164419419.0,6032.0,1.0,0.1762695313,-0.6452636719,0.5533447266,0.4963378906
164422387.0,2968.0,0.0,0.05859375,-0.0546875,1.37890625,0
164429419.0,7032.0,1.0,0.1731567383,-0.6473999023,0.5543823242,0.4934692383
164432387.0,2968.0,0.0,0.28125,-0.328125,1.06640625,0
164439419.0,7032.0,1.0,0.1701660156,-0.6494750977,0.555480957,0.4905395508
164442387.0,2968.0,0.0,0.12890625,-0.14453125,0.5625,0
164450419.0,8032.0,1.0,0.167175293,-0.6514892578,0.5565185547,0.4877929688
164453387.0,2968.0,0.0,-0.3125,0.0390625,-0.1328125,0
164459419.0,6032.0,1.0,0.1637573242,-0.6536254883,0.557434082,0.4850463867
164462387.0,2968.0,0.0,-1.125,-0.3203125,-0.9453125,0
164469419.0,7032.0,1.0,0.1602172852,-0.6555786133,0.5582275391,0.4826049805
164472387.0,2968.0,0.0,-1.171875,-1.3046875,-0.69140625,0
164479419.0,7032.0,1.0,0.1563720703,-0.6575927734,0.5589599609,0.4802856445
164482387.0,2968.0,0.0,-1.33203125,-0.59765625,0.09765625,0
164490419.0,8032.0,1.0,0.1524658203,-0.6595458984,0.5596313477,0.4781494141
164493387.0,2968.0,0.0,-1.30859375,-0.31640625,0.3515625,0
164499419.0,6032.0,1.0,0.1484375,-0.6614379883,0.5603027344,0.4760131836
164502387.0,2968.0,0.0,-1.625,-0.578125,0.9140625,0
164509419.0,7032.0,1.0,0.14453125,-0.6632080078,0.5610351563,0.473815918
164512387.0,2968.0,0.0,-2.1796875,-0.5625,1.3515625,0
164519419.0,7032.0,1.0,0.140625,-0.6649780273,0.5617675781,0.4716186523
164522387.0,2968.0,0.0,-2.9921875,-0.2421875,1.421875,0
164529419.0,7032.0,1.0,0.1365966797,-0.6666870117,0.5625610352,0.4694824219
164532387.0,2968.0,0.0,-3.53515625,-0.38671875,1.46875,0
164544419.0,12032.0,1.0,0.1323852539,-0.6683349609,0.5633544922,0.4674072266
164548387.0,3968.0,0.0,-2.59375,-0.609375,1.4140625,0
164551419.0,3032.0,1.0,0.127746582,-0.6698608398,0.5642700195,0.4653320313
164554387.0,2968.0,0.0,-2.65625,-0.6484375,1.46875,0
164559419.0,5032.0,1.0,0.1226196289,-0.6713256836,0.5655517578,0.4631347656
164562387.0,2968.0,0.0,-2.3359375,-0.42578125,1.03515625,0
164569419.0,7032.0,1.0,0.1178588867,-0.6723022461,0.5670776367,0.4609985352
164572387.0,2968.0,0.0,-1.71875,0.1328125,-0.671875,0
164579419.0,7032.0,1.0,0.1132202148,-0.6729736328,0.5690917969,0.4587402344
164582387.0,2968.0,0.0,-1.89453125,-0.109375,-0.6953125,0
164589419.0,7032.0,1.0,0.1091308594,-0.6732788086,0.5715942383,0.4561157227
164592387.0,2968.0,0.0,-2.34765625,-0.8828125,-0.5546875,0
164599419.0,7032.0,1.0,0.1056518555,-0.6732177734,0.5747070313,0.453125
164602387.0,2968.0,0.0,-3.109375,-0.8828125,-0.140625,0
164609419.0,7032.0,1.0,0.1026611328,-0.6728515625,0.578125,0.450012207
164612387.0,2968.0,0.0,-3.74609375,-0.8359375,0.23046875,0
164619419.0,7032.0,1.0,0.099609375,-0.6721191406,0.5823974609,0.4462890625
164622387.0,2968.0,0.0,-4.12890625,-0.83203125,1.10546875,0
164629419.0,7032.0,1.0,0.0968017578,-0.671081543,0.5868530273,0.442565918
164633387.0,3968.0,0.0,-4.9375,-0.33203125,1.984375,0
164639419.0,6032.0,1.0,0.0939331055,-0.6697998047,0.5917358398,0.438659668
164642387.0,2968.0,0.0,-5.89453125,-0.44140625,2.1328125,0
164650419.0,8032.0,1.0,0.091003418,-0.6680297852,0.5972900391,0.4344482422
164653387.0,2968.0,0.0,-8.32421875,-0.671875,1.71484375,0
164659419.0,6032.0,1.0,0.0883789063,-0.6658935547,0.6030273438,0.4302368164
164662387.0,2968.0,0.0,-9.015625,-0.671875,1.0546875,0
164669419.0,7032.0,1.0,0.0859985352,-0.6631469727,0.6096191406,0.4257202148
164672387.0,2968.0,0.0,-9.30078125,-0.234375,0.26953125,0
164679419.0,7032.0,1.0,0.0840454102,-0.6597290039,0.6169433594,0.4208374023
164682387.0,2968.0,0.0,-9.625,0.19140625,-0.265625,0
164689419.0,7032.0,1.0,0.0825195313,-0.6555786133,0.6248779297,0.4157714844
164692387.0,2968.0,0.0,-9.48828125,2.078125,-1.63671875,0
164704419.0,12032.0,1.0,0.081237793,-0.6510009766,0.6330566406,0.4108886719
164708387.0,3968.0,0.0,-9.921875,6.07421875,-4.39453125,0
164711419.0,3032.0,1.0,0.0797729492,-0.6453857422,0.6420288086,0.4061279297
164714387.0,2968.0,0.0,-10.2890625,7.90625,-5.9140625,0
164719419.0,5032.0,1.0,0.0775756836,-0.6386108398,0.651550293,0.4020996094
164722387.0,2968.0,0.0,-10.97265625,10.1015625,-6.6953125,0
164729419.0,7032.0,1.0,0.0743408203,-0.6311035156,0.6605224609,0.3999023438
164732387.0,2968.0,0.0,-11.83984375,11.84765625,-7.421875,0
164739419.0,7032.0,1.0,0.0693359375,-0.6226806641,0.6689453125,0.4000244141
164742387.0,2968.0,0.0,-12.47265625,13.31640625,-7.4453125,0
164750419.0,8032.0,1.0,0.0617675781,-0.6131591797,0.6765136719,0.4031982422
164753387.0,2968.0,0.0,-12.3984375,13.984375,-7.5859375,0
164759419.0,6032.0,1.0,0.0509033203,-0.6029663086,0.6822509766,0.4103393555
164762387.0,2968.0,0.0,-10.29296875,15.49609375,-5.74609375,0
164769419.0,7032.0,1.0,0.0362548828,-0.591796875,0.6861572266,0.4215698242
164772387.0,2968.0,0.0,-10.1171875,6.96484375,-5.87109375,0
164782419.0,10032.0,1.0,0.0235595703,-0.5802612305,0.6903076172,0.4315185547
164785387.0,2968.0,0.0,-10.2578125,-4.88671875,-1.69140625,0
164792419.0,7032.0,1.0,0.0124511719,-0.5665893555,0.6955566406,0.4415893555
164795387.0,2968.0,0.0,-5.421875,23.140625,-9.47265625,0
164799419.0,4032.0,1.0,0.0003662109,-0.551940918,0.6973876953,0.4571533203
164802387.0,2968.0,0.0,0.68359375,20.12109375,-14.59375,0
164809419.0,7032.0,1.0,0.0150756836,0.5354614258,-0.6930541992,-0.4823608398
164812387.0,2968.0,0.0,-2.3046875,14.81640625,-10.84765625,0
164819419.0,7032.0,1.0,0.0311279297,0.5193481445,-0.6823730469,-0.5135498047
164822387.0,2968.0,0.0,-0.27734375,7.8515625,-12.234375,0
164830419.0,8032.0,1.0,0.0442504883,0.5033569336,-0.6680297852,-0.5462646484
164833387.0,2968.0,0.0,-1.68359375,-0.15625,-9.25,0
164845419.0,12032.0,1.0,0.0518798828,0.4882202148,-0.6530151367,-0.5766601563
164850387.0,4968.0,0.0,-3.77734375,-8.79296875,-2.96484375,0
164853419.0,3032.0,1.0,0.0545043945,0.4736938477,-0.6372680664,-0.6054077148
164856387.0,2968.0,0.0,-1.60546875,-10.61328125,-3.64453125,0
164860419.0,4032.0,1.0,0.0521850586,0.4585571289,-0.6195068359,-0.6350097656
164863387.0,2968.0,0.0,-1.46484375,-10.73046875,-4.35546875,0
164870419.0,7032.0,1.0,0.0460205078,0.4463500977,-0.6041259766,-0.6585083008
164873387.0,2968.0,0.0,3.25,-12.5625,-4.8359375,0
164879419.0,6032.0,1.0,0.0358886719,0.4348144531,-0.5885009766,-0.6806640625
164882387.0,2968.0,0.0,5.54296875,-12.2578125,-5.0234375,0
164890419.0,8032.0,1.0,0.0225830078,0.4241333008,-0.5728759766,-0.7009887695
164893387.0,2968.0,0.0,7.578125,-12.27734375,-5.80078125,0
164902419.0,9032.0,1.0,0.0079956055,0.4150390625,-0.5582885742,-0.7183227539
164905387.0,2968.0,0.0,8.68359375,-11.4921875,-5.2421875,0
164912419.0,7032.0,1.0,0.0089111328,-0.4064941406,0.54296875,0.7347412109
164916387.0,3968.0,0.0,8.54296875,-9.67578125,-3.91796875,0
164921419.0,5032.0,1.0,0.028137207,-0.3983764648,0.5267333984,0.7503662109
164924387.0,2968.0,0.0,8.44140625,-9.68359375,-3.66796875,0
164930419.0,6032.0,1.0,0.0462646484,-0.3918457031,0.5129394531,0.7623901367
164933387.0,2968.0,0.0,8.8125,-9.7265625,-2.9921875,0
164942419.0,9032.0,1.0,0.0649414063,-0.3860473633,0.5003662109,0.7722167969
164945387.0,2968.0,0.0,9.734375,-8.83984375,-2.6015625,0
164952419.0,7032.0,1.0,0.0848999023,-0.3804931641,0.4878540039,0.7810058594
164955387.0,2968.0,0.0,9.74609375,-6.828125,-1.2890625,0
164960419.0,5032.0,1.0,0.1041870117,-0.3756103516,0.475769043,0.7885131836
164963387.0,2968.0,0.0,9.46484375,-6.9921875,-0.7890625,0
164969419.0,6032.0,1.0,0.1237182617,-0.3709716797,0.4637451172,0.7949829102
164972387.0,2968.0,0.0,9.20703125,-7.53125,-0.3984375,0
164981419.0,9032.0,1.0,0.1423950195,-0.3667602539,0.4530639648,0.799987793
164984387.0,2968.0,0.0,8.86328125,-7.703125,0.07421875,0
164992419.0,8032.0,1.0,0.1612548828,-0.3626098633,0.443359375,0.8037109375
164995387.0,2968.0,0.0,7.890625,-7.90625,0.94140625,0
164999419.0,4032.0,1.0,0.1795043945,-0.3585205078,0.4353027344,0.8060913086
165002387.0,2968.0,0.0,7.5859375,-7.44921875,1.20703125,0
165009419.0,7032.0,1.0,0.1982421875,-0.3542480469,0.4284057617,0.8072509766
165012387.0,2968.0,0.0,7.49609375,-6.33984375,1.2578125,0
165020419.0,8032.0,1.0,0.2165527344,-0.3500366211,0.4226074219,0.807434082
165023387.0,2968.0,0.0,7.48046875,-4.91796875,1.16796875,0
165030419.0,7032.0,1.0,0.2338867188,-0.3461303711,0.4174804688,0.8070068359
165033387.0,2968.0,0.0,7.03125,-3.3828125,0.875,0
165039419.0,6032.0,1.0,0.2497558594,-0.342590332,0.4127807617,0.8061523438
165042387.0,2968.0,0.0,6.79296875,-2.66796875,0.7421875,0
165050419.0,8032.0,1.0,0.2647705078,-0.3394165039,0.4080200195,0.8051147461
165053387.0,2968.0,0.0,6.52734375,-2.265625,0.6953125,0
165059419.0,6032.0,1.0,0.2783813477,-0.336730957,0.4032592773,0.8040771484
165062387.0,2968.0,0.0,6.20703125,-2.01953125,0.96875,0
165072419.0,10032.0,1.0,0.2911987305,-0.3344116211,0.3984375,0.8028564453
165075387.0,2968.0,0.0,5.81640625,-2.3515625,1.39453125,0
165079419.0,4032.0,1.0,0.3034667969,-0.3323974609,0.393737793,0.8015136719
165082387.0,2968.0,0.0,5.79296875,-2.921875,1.37109375,0
165090419.0,8032.0,1.0,0.3153076172,-0.3305053711,0.3897094727,0.7996826172
165093387.0,2968.0,0.0,5.9609375,-3.46484375,1.24609375,0
165100419.0,7032.0,1.0,0.3265991211,-0.3286743164,0.3868408203,0.7973022461
165103387.0,2968.0,0.0,6.0859375,-2.87890625,0.74609375,0
165110419.0,7032.0,1.0,0.3371582031,-0.3269042969,0.3850708008,0.7944946289
165113387.0,2968.0,0.0,5.78515625,-1.58203125,0.31640625,0
165120419.0,7032.0,1.0,0.3472290039,-0.3254394531,0.383605957,0.7914428711
165123387.0,2968.0,0.0,5.3046875,-0.515625,0.16015625,0
165130419.0,7032.0,1.0,0.3563842773,-0.3245849609,0.3819580078,0.7885131836
165133387.0,2968.0,0.0,4.828125,0.0078125,-0.23046875,0
165140419.0,7032.0,1.0,0.3646240234,-0.3244018555,0.380065918,0.7857055664
165143387.0,2968.0,0.0,4.4609375,-0.2734375,-0.71484375,0
165150419.0,7032.0,1.0,0.372253418,-0.3247070313,0.3782348633,0.7828979492
165153387.0,2968.0,0.0,4.28515625,-0.39453125,-1.01171875,0
165163419.0,10032.0,1.0,0.3791503906,-0.3253173828,0.3767700195,0.7800292969
165166387.0,2968.0,0.0,3.96484375,-0.33984375,-1.44921875,0
165173419.0,7032.0,1.0,0.3861083984,-0.3263549805,0.3754882813,0.7767944336
165176387.0,2968.0,0.0,3.48828125,-0.0859375,-1.6875,0
165180419.0,4032.0,1.0,0.3922119141,-0.3275146484,0.3746948242,0.7736206055
165183387.0,2968.0,0.0,2.78515625,0.22265625,-2.29296875,0
165190419.0,7032.0,1.0,0.3974609375,-0.328918457,0.374206543,0.7706298828
165193387.0,2968.0,0.0,2.5390625,0.33984375,-2.55078125,0
165200419.0,7032.0,1.0,0.4022827148,-0.3306274414,0.3739013672,0.7675170898
165203387.0,2968.0,0.0,2.49609375,0.5234375,-2.60546875,0
165210419.0,7032.0,1.0,0.4063720703,-0.3326416016,0.3736572266,0.7645874023
165213387.0,2968.0,0.0,2.44921875,0.55859375,-2.3515625,0
165220419.0,7032.0,1.0,0.4099731445,-0.3350219727,0.3734741211,0.76171875
165223387.0,2968.0,0.0,2.3359375,0.0546875,-2.12890625,0
165230419.0,7032.0,1.0,0.4127807617,-0.3373413086,0.3735351563,0.7591552734
165234387.0,3968.0,0.0,2.08984375,-0.4296875,-1.9453125,0
165240419.0,6032.0,1.0,0.415222168,-0.3397216797,0.3741455078,0.7564697266
165243387.0,2968.0,0.0,2.0078125,-0.7265625,-2.05859375,0
165250419.0,7032.0,1.0,0.417175293,-0.3420410156,0.3751220703,0.7538452148
165253387.0,2968.0,0.0,2.0703125,-0.609375,-2.2421875,0
165260419.0,7032.0,1.0,0.4185791016,-0.3444824219,0.3763427734,0.7512817383
165263387.0,2968.0,0.0,2.22265625,0.2265625,-2.42578125,0
165270419.0,7032.0,1.0,0.4194946289,-0.3471069336,0.3775634766,0.7490234375
165274387.0,3968.0,0.0,1.984375,0.2578125,-2.66796875,0
165280419.0,6032.0,1.0,0.419921875,-0.3497924805,0.3789672852,0.7467651367
165283387.0,2968.0,0.0,1.59765625,0.42578125,-2.61328125,0
165290419.0,7032.0,1.0,0.4201660156,-0.3522949219,0.3806762695,0.7446289063
165293387.0,2968.0,0.0,1.16015625,0.36328125,-3.125,0
165300419.0,7032.0,1.0,0.4201049805,-0.3545532227,0.3825683594,0.7426147461
165303387.0,2968.0,0.0,0.953125,0.5703125,-3.33203125,0
165310419.0,7032.0,1.0,0.4197387695,-0.3567504883,0.3845825195,0.7407226563
165314387.0,3968.0,0.0,0.5234375,0.6796875,-3.1484375,0
165320419.0,6032.0,1.0,0.4190673828,-0.3588867188,0.3866577148,0.7390136719
165323387.0,2968.0,0.0,-0.1484375,0.671875,-3.28515625,0
165330419.0,7032.0,1.0,0.4180908203,-0.3609619141,0.3886108398,0.737487793
165333387.0,2968.0,0.0,-1.390625,0.171875,-2.68359375,0
165340419.0,7032.0,1.0,0.416809082,-0.3630371094,0.3905639648,0.7361450195
165343387.0,2968.0,0.0,-1.90234375,-0.1796875,-2.31640625,0
165350419.0,7032.0,1.0,0.4152832031,-0.3651123047,0.392578125,0.7349243164
165354387.0,3968.0,0.0,-2.1953125,-0.578125,-2.17578125,0
165360419.0,6032.0,1.0,0.4135742188,-0.3670654297,0.3948364258,0.7337036133
165363387.0,2968.0,0.0,-2.70703125,-0.82421875,-2.8046875,0
165369419.0,6032.0,1.0,0.4119873047,-0.3688354492,0.3973999023,0.7323608398
165372387.0,2968.0,0.0,-3.83984375,-0.00390625,-2.65625,0
165384419.0,12032.0,1.0,0.4104003906,-0.3705444336,0.4003295898,0.7307739258
165387387.0,2968.0,0.0,-3.82421875,0.046875,-3.15234375,0
165391419.0,4032.0,1.0,0.4087524414,-0.372253418,0.4037475586,0.7288818359
165394387.0,2968.0,0.0,-3.3046875,0.3984375,-3.03515625,0
165400419.0,6032.0,1.0,0.4073486328,-0.3739624023,0.407043457,0.7269897461
165403387.0,2968.0,0.0,-2.8671875,0.68359375,-2.765625,0
165410419.0,7032.0,1.0,0.4058837891,-0.3759155273,0.4103393555,0.7249755859
165413387.0,2968.0,0.0,-2.0,0.125,-2.0703125,0
165420419.0,7032.0,1.0,0.4044189453,-0.378112793,0.4133300781,0.7229003906
165423387.0,2968.0,0.0,-1.31640625,-0.3984375,-1.9453125,0
165430419.0,7032.0,1.0,0.4029541016,-0.3806762695,0.4163818359,0.7206420898
165433387.0,2968.0,0.0,-0.87109375,-0.67578125,-2.5,0
165440419.0,7032.0,1.0,0.401550293,-0.3834228516,0.4195556641,0.7181396484
165443387.0,2968.0,0.0,-1.1484375,0.3046875,-2.5234375,0
165450419.0,7032.0,1.0,0.4002685547,-0.3862304688,0.4227294922,0.7154541016
165453387.0,2968.0,0.0,-1.8125,0.875,-1.9296875,0
165460419.0,7032.0,1.0,0.399230957,-0.3890380859,0.4260253906,0.7125854492
165463387.0,2968.0,0.0,-1.890625,1.44140625,-2.51953125,0
165470419.0,7032.0,1.0,0.3982543945,-0.3919067383,0.4292602539,0.7095947266
165473387.0,2968.0,0.0,-1.97265625,1.890625,-3.48828125,0
165480419.0,7032.0,1.0,0.397277832,-0.3948974609,0.4323120117,0.7066040039
165483387.0,2968.0,0.0,-1.3359375,2.23828125,-4.546875,0
165490419.0,7032.0,1.0,0.3962402344,-0.3980102539,0.4351196289,0.7036743164
165493387.0,2968.0,0.0,-0.76171875,1.8515625,-4.08984375,0
165500419.0,7032.0,1.0,0.3950805664,-0.4013061523,0.4376831055,0.7009277344
165503387.0,2968.0,0.0,-0.23046875,1.05859375,-3.26953125,0
165510419.0,7032.0,1.0,0.3936767578,-0.4047241211,0.4401245117,0.6981811523
165513387.0,2968.0,0.0,0.13671875,0.4140625,-2.515625,0
165520419.0,7032.0,1.0,0.3920898438,-0.4082641602,0.4425048828,0.6954956055
165523387.0,2968.0,0.0,-0.5234375,-0.0859375,-1.91796875,0
165530419.0,7032.0,1.0,0.3903808594,-0.4118652344,0.4450683594,0.6927490234
165533387.0,2968.0,0.0,-1.6484375,-0.26953125,-2.3046875,0
165540419.0,7032.0,1.0,0.3887939453,-0.4153442383,0.4476928711,0.6898803711
165543387.0,2968.0,0.0,-2.8828125,-0.15234375,-3.24609375,0
165550419.0,7032.0,1.0,0.3872680664,-0.4185791016,0.4504394531,0.6870117188
165553387.0,2968.0,0.0,-4.08203125,0.26953125,-3.671875,0
165560419.0,7032.0,1.0,0.3858642578,-0.4216308594,0.4529418945,0.6842651367
165563387.0,2968.0,0.0,-5.2109375,-0.23046875,-4.22265625,0
165570419.0,7032.0,1.0,0.3843383789,-0.4248657227,0.4555053711,0.6813964844
165573387.0,2968.0,0.0,-4.83203125,0.19140625,-3.6640625,0
165580419.0,7032.0,1.0,0.3828125,-0.4281005859,0.4578857422,0.6785888672
165583387.0,2968.0,0.0,-4.43359375,0.8515625,-3.29296875,0
165590419.0,7032.0,1.0,0.3813476563,-0.4312744141,0.4602050781,0.6758422852
165593387.0,2968.0,0.0,-3.9140625,0.92578125,-2.921875,0
165605419.0,12032.0,1.0,0.380065918,-0.4341430664,0.4625244141,0.6731567383
165609387.0,3968.0,0.0,-2.51953125,0.8984375,-2.37890625,0
165612419.0,3032.0,1.0,0.37890625,-0.4368896484,0.4652709961,0.6701049805
165615387.0,2968.0,0.0,-2.49609375,0.8984375,-2.26953125,0
165620419.0,5032.0,1.0,0.3778076172,-0.4396362305,0.4682617188,0.6668701172
165623387.0,2968.0,0.0,-2.08203125,1.69921875,-2.6953125,0
165630419.0,7032.0,1.0,0.3768310547,-0.4421386719,0.4708862305,0.6639404297
165633387.0,2968.0,0.0,-1.765625,2.58984375,-3.0625,0
165640419.0,7032.0,1.0,0.375793457,-0.4447631836,0.4733886719,0.660949707
165643387.0,2968.0,0.0,-0.9453125,2.3203125,-3.54296875,0
165650419.0,7032.0,1.0,0.3746948242,-0.4474487305,0.4756469727,0.6581420898
165653387.0,2968.0,0.0,-1.19140625,1.640625,-3.33203125,0
165660419.0,7032.0,1.0,0.3734130859,-0.4502563477,0.4777832031,0.6553955078
165663387.0,2968.0,0.0,-2.0625,1.5703125,-3.23046875,0
165670419.0,7032.0,1.0,0.3720703125,-0.4530029297,0.4797973633,0.6528320313
165673387.0,2968.0,0.0,-2.5859375,1.03515625,-3.14453125,0
165680419.0,7032.0,1.0,0.3706665039,-0.4555053711,0.4818115234,0.650390625
165683387.0,2968.0,0.0,-2.4921875,0.84375,-3.01171875,0
165690419.0,7032.0,1.0,0.369140625,-0.457824707,0.4838867188,0.6480102539
165694387.0,3968.0,0.0,-1.71875,-0.11328125,-2.96484375,0
165700419.0,6032.0,1.0,0.3676147461,-0.4599609375,0.4862670898,0.6456298828
165703387.0,2968.0,0.0,-0.984375,-0.58203125,-2.56640625,0
165710419.0,7032.0,1.0,0.3659667969,-0.4617919922,0.4889526367,0.6432495117
165713387.0,2968.0,0.0,-0.4453125,-0.859375,-1.68359375,0
165720419.0,7032.0,1.0,0.3643798828,-0.4633178711,0.4920043945,0.6406860352
165723387.0,2968.0,0.0,-0.8125,-0.796875,-1.359375,0
165730419.0,7032.0,1.0,0.3628540039,-0.4646606445,0.4953613281,0.6380004883
165734387.0,3968.0,0.0,-1.19921875,-0.4765625,-0.8828125,0
165740419.0,6032.0,1.0,0.3613891602,-0.4657592773,0.498840332,0.6352539063
165743387.0,2968.0,0.0,-1.55078125,-0.875,-0.7109375,0
165750419.0,7032.0,1.0,0.3599853516,-0.466796875,0.5023193359,0.6326293945
165753387.0,2968.0,0.0,-1.51171875,-0.71484375,-1.3828125,0
165760419.0,7032.0,1.0,0.3583984375,-0.4678955078,0.5060424805,0.629699707
165763387.0,2968.0,0.0,-1.12890625,-0.31640625,-1.24609375,0
165770419.0,7032.0,1.0,0.3568115234,-0.4691162109,0.5093994141,0.626953125
165773387.0,2968.0,0.0,-0.40234375,-0.6015625,-0.69140625,0
165780419.0,7032.0,1.0,0.3551635742,-0.4704589844,0.5125732422,0.6242675781
165783387.0,2968.0,0.0,-0.32421875,-1.265625,-0.21484375,0
165790419.0,7032.0,1.0,0.3534545898,-0.4720458984,0.5153808594,0.6217651367
165793387.0,2968.0,0.0,-0.67578125,-0.4765625,-0.42578125,0
165805419.0,12032.0,1.0,0.3516845703,-0.4738769531,0.5179443359,0.6192626953
165809387.0,3968.0,0.0,-0.75390625,-0.29296875,-1.296875,0
165812419.0,3032.0,1.0,0.3499145508,-0.4760131836,0.5201416016,0.6168212891
165815387.0,2968.0,0.0,-0.5625,-0.1484375,-1.7890625,0
165820419.0,5032.0,1.0,0.3483276367,-0.4783325195,0.5221557617,0.6141967773
165823387.0,2968.0,0.0,-0.5546875,-0.1328125,-1.6953125,0
165830419.0,7032.0,1.0,0.3469848633,-0.4807739258,0.5238037109,0.6116333008
165833387.0,2968.0,0.0,1.36328125,0.51953125,-1.5390625,0
165840419.0,7032.0,1.0,0.3457641602,-0.4833374023,0.5252075195,0.6091308594
165843387.0,2968.0,0.0,1.66796875,0.87890625,-1.03125,0
165850419.0,7032.0,1.0,0.3444824219,-0.4862060547,0.5263671875,0.6065673828
165853387.0,2968.0,0.0,1.828125,1.74609375,-0.984375,0
165860419.0,7032.0,1.0,0.3430175781,-0.4892578125,0.5271606445,0.6041870117
165863387.0,2968.0,0.0,1.90625,1.8359375,-0.5625,0
165870419.0,7032.0,1.0,0.3414306641,-0.4924316406,0.5277709961,0.6019897461
165873387.0,2968.0,0.0,0.14453125,1.890625,-0.75,0
165880419.0,7032.0,1.0,0.3395385742,-0.4956054688,0.5281982422,0.6000366211
165883387.0,2968.0,0.0,-0.8515625,2.03125,-1.24609375,0
165891419.0,8032.0,1.0,0.3375854492,-0.4986572266,0.5285644531,0.5983276367
165894387.0,2968.0,0.0,-0.8828125,1.203125,-1.17578125,0
165900419.0,6032.0,1.0,0.3354492188,-0.5015869141,0.5290527344,0.5966796875
165903387.0,2968.0,0.0,0.11328125,0.3671875,0.15625,0
165910419.0,7032.0,1.0,0.3331298828,-0.5043334961,0.5298461914,0.594909668
165913387.0,2968.0,0.0,0.18359375,-0.23828125,0.6953125,0
165920419.0,7032.0,1.0,0.3306884766,-0.5069580078,0.5310058594,0.5930175781
165923387.0,2968.0,0.0,-0.1015625,-0.0078125,0.8125,0
165930419.0,7032.0,1.0,0.3281860352,-0.5092773438,0.5326538086,0.591003418
165933387.0,2968.0,0.0,-0.33984375,-0.0625,0.66796875,0
165940419.0,7032.0,1.0,0.3258666992,-0.5111083984,0.5345458984,0.5889282227
165943387.0,2968.0,0.0,-0.73828125,-0.03125,0.39453125,0
165950419.0,7032.0,1.0,0.323425293,-0.5126953125,0.5370483398,0.5866088867
165953387.0,2968.0,0.0,-0.66796875,-0.015625,0.515625,0
165960419.0,7032.0,1.0,0.3210449219,-0.5140380859,0.539855957,0.5842285156
165963387.0,2968.0,0.0,-0.265625,-0.84375,1.30078125,0
165970419.0,7032.0,1.0,0.3184814453,-0.5152587891,0.5428466797,0.5817871094
165973387.0,2968.0,0.0,-0.1328125,-1.44140625,1.9609375,0
165980419.0,7032.0,1.0,0.3157958984,-0.5164794922,0.545715332,0.5794067383
165983387.0,2968.0,0.0,-0.46484375,-0.69921875,0.8671875,0
165990419.0,7032.0,1.0,0.3126831055,-0.5179443359,0.5487060547,0.576965332
165993387.0,2968.0,0.0,-0.41015625,-1.65234375,0.73046875,0
166000419.0,7032.0,1.0,0.3096313477,-0.5194702148,0.5514526367,0.5746459961
166003387.0,2968.0,0.0,-0.51171875,-1.453125,1.125,0
166010419.0,7032.0,1.0,0.3067016602,-0.5211181641,0.5539550781,0.572265625
166013387.0,2968.0,0.0,-0.11328125,-0.625,0.8046875,0
166025419.0,12032.0,1.0,0.3039550781,-0.5228881836,0.5561523438,0.5700073242
166029387.0,3968.0,0.0,-0.328125,0.81640625,-0.57421875,0
166032419.0,3032.0,1.0,0.3012695313,-0.5249023438,0.5581054688,0.5677490234
166035387.0,2968.0,0.0,-0.3515625,0.80859375,-0.48828125,0
166040419.0,5032.0,1.0,0.2984619141,-0.52734375,0.5596313477,0.5654296875
166043387.0,2968.0,0.0,0.359375,1.10546875,-0.140625,0
166050419.0,7032.0,1.0,0.295715332,-0.530090332,0.560546875,0.5633544922
166053387.0,2968.0,0.0,0.5,1.48828125,0.2109375,0
166060419.0,7032.0,1.0,0.2928466797,-0.5333251953,0.5609130859,0.5614624023
166063387.0,2968.0,0.0,0.17578125,1.52734375,0.3203125,0
166070419.0,7032.0,1.0,0.2897338867,-0.5369262695,0.5606689453,0.5598144531
166073387.0,2968.0,0.0,-0.14453125,1.23046875,0.78125,0
166080419.0,7032.0,1.0,0.2865600586,-0.5408325195,0.5599975586,0.5583496094
166083387.0,2968.0,0.0,-0.57421875,0.9765625,1.19140625,0
166090419.0,7032.0,1.0,0.2833251953,-0.5448608398,0.5591430664,0.5570068359
166093387.0,2968.0,0.0,-0.78125,2.66796875,-0.42578125,0
166100419.0,7032.0,1.0,0.280090332,-0.548828125,0.5582275391,0.5556640625
166103387.0,2968.0,0.0,-0.22265625,2.44921875,-1.20703125,0
166110419.0,7032.0,1.0,0.2771606445,-0.5524291992,0.5574951172,0.5542602539
166114387.0,3968.0,0.0,0.49609375,2.609375,-0.98828125,0
166120419.0,6032.0,1.0,0.2742919922,-0.555847168,0.5570068359,0.5527954102
166123387.0,2968.0,0.0,0.98046875,2.6171875,-0.19921875,0
166130419.0,7032.0,1.0,0.2716064453,-0.5589599609,0.5567626953,0.5511474609
166133387.0,2968.0,0.0,0.3515625,1.6953125,1.36328125,0
166140419.0,7032.0,1.0,0.2684326172,-0.5621948242,0.5568847656,0.5493164063
166143387.0,2968.0,0.0,-0.5546875,0.9765625,1.703125,0
166150419.0,7032.0,1.0,0.2651977539,-0.5651855469,0.5572509766,0.5474243164
166154387.0,3968.0,0.0,-1.34375,0.04296875,2.125,0
166160419.0,6032.0,1.0,0.2619018555,-0.5677490234,0.5580444336,0.5455322266
166163387.0,2968.0,0.0,-1.828125,-0.15625,1.8125,0
166170419.0,7032.0,1.0,0.2587890625,-0.5699462891,0.5592651367,0.5435791016
166173387.0,2968.0,0.0,-0.82421875,-1.015625,1.00390625,0
166180419.0,7032.0,1.0,0.2553710938,-0.5718994141,0.5610961914,0.5411987305
166183387.0,2968.0,0.0,-0.2890625,-1.0,0.8984375,0
166190419.0,7032.0,1.0,0.2521972656,-0.5734863281,0.563293457,0.5386962891
166194387.0,3968.0,0.0,-0.05078125,-0.71875,1.47265625,0
166200419.0,6032.0,1.0,0.2490844727,-0.5748291016,0.5658569336,0.5360717773
166203387.0,2968.0,0.0,-0.01171875,-0.55078125,1.7109375,0
166210419.0,7032.0,1.0,0.2460327148,-0.576171875,0.5685424805,0.533203125
166213387.0,2968.0,0.0,-0.3984375,-1.4140625,2.41796875,0
166225419.0,12032.0,1.0,0.242980957,-0.5774536133,0.571105957,0.5303344727
166229387.0,3968.0,0.0,-0.703125,-0.59765625,0.92578125,0
166232419.0,3032.0,1.0,0.2397460938,-0.5790405273,0.5736083984,0.5274658203
166235387.0,2968.0,0.0,-0.98046875,-0.88671875,-0.015625,0
166240419.0,5032.0,1.0,0.2362060547,-0.580871582,0.5756835938,0.5247802734
166243387.0,2968.0,0.0,-1.01953125,-0.91015625,0.0625,0
166250419.0,7032.0,1.0,0.2328491211,-0.5827636719,0.5772094727,0.5223999023
166253387.0,2968.0,0.0,-1.17578125,-0.8125,-1.12109375,0
166260419.0,7032.0,1.0,0.2295532227,-0.5850219727,0.5783081055,0.5202026367
166263387.0,2968.0,0.0,-1.40625,0.55078125,-1.54296875,0
166271419.0,8032.0,1.0,0.2261352539,-0.5875244141,0.578918457,0.5181884766
166274387.0,2968.0,0.0,-0.86328125,0.2734375,-0.70703125,0
166280419.0,6032.0,1.0,0.2227172852,-0.5903320313,0.5791625977,0.5162353516
166283387.0,2968.0,0.0,-0.1640625,-0.15234375,0.19921875,0
166290419.0,7032.0,1.0,0.2192382813,-0.5933227539,0.5791015625,0.5144042969
166293387.0,2968.0,0.0,-0.2734375,0.71875,0.1484375,0
166300419.0,7032.0,1.0,0.2155151367,-0.596496582,0.5786132813,0.5127563477
166303387.0,2968.0,0.0,-0.03515625,0.09765625,0.36328125,0
166311419.0,8032.0,1.0,0.211730957,-0.5998535156,0.5778198242,0.5113525391
166314387.0,2968.0,0.0,0.0078125,-0.0703125,0.73046875,0
166320419.0,6032.0,1.0,0.2080688477,-0.6031494141,0.5769042969,0.5100097656
166323387.0,2968.0,0.0,0.0546875,0.19140625,1.0859375,0
166330419.0,7032.0,1.0,0.2041015625,-0.6067504883,0.5757446289,0.508605957
166333387.0,2968.0,0.0,-0.55078125,0.06640625,0.91015625,0
166340419.0,7032.0,1.0,0.200378418,-0.6102294922,0.5745849609,0.5072021484
166343387.0,2968.0,0.0,-1.44921875,0.59765625,0.6953125,0
166351419.0,8032.0,1.0,0.1965942383,-0.6137695313,0.5733032227,0.5059204102
166354387.0,2968.0,0.0,-1.9765625,0.90234375,0.484375,0
166360419.0,6032.0,1.0,0.1926879883,-0.6171264648,0.5721435547,0.504699707
166363387.0,2968.0,0.0,-1.84765625,-0.67578125,1.609375,0
166370419.0,7032.0,1.0,0.1883544922,-0.6205444336,0.5710449219,0.5033569336
166373387.0,2968.0,0.0,-1.38671875,-0.65234375,1.3984375,0
166380419.0,7032.0,1.0,0.1837768555,-0.6237792969,0.5702514648,0.5018920898
166383387.0,2968.0,0.0,-0.9296875,-0.1796875,0.72265625,0
166391419.0,8032.0,1.0,0.1793823242,-0.6267089844,0.5698242188,0.5003662109
166394387.0,2968.0,0.0,-0.625,0.80078125,0.08984375,0
166406419.0,12032.0,1.0,0.1752319336,-0.6292724609,0.5695800781,0.4989013672
166411419.0,5000.0,1.0,0.1710205078,-0.6317138672,0.5695800781,0.4973144531
166413387.0,1968.0,0.0,-0.01953125,0.01953125,0.58984375,0
166420419.0,7032.0,1.0,0.1667480469,-0.6340942383,0.5697631836,0.4954833984
166423387.0,2968.0,0.0,-1.0546875,-0.04296875,0.56640625,0
166431419.0,8032.0,1.0,0.1624145508,-0.6362915039,0.5700683594,0.4937744141
166434387.0,2968.0,0.0,-2.05859375,-0.3046875,0.859375,0
166440419.0,6032.0,1.0,0.1579589844,-0.6383666992,0.5704956055,0.4920654297
166443387.0,2968.0,0.0,-2.796875,-0.91796875,2.25390625,0
166450419.0,7032.0,1.0,0.1531982422,-0.6402587891,0.571105957,0.4903564453
166453387.0,2968.0,0.0,-2.50390625,-1.5703125,3.07421875,0
166461419.0,8032.0,1.0,0.1484375,-0.6420288086,0.5720825195,0.4883422852
166464387.0,2968.0,0.0,-1.52734375,-1.41796875,2.53515625,0
166470419.0,6032.0,1.0,0.1437988281,-0.6434936523,0.5735473633,0.4860839844
166473387.0,2968.0,0.0,-0.28515625,0.26953125,0.796875,0
166480419.0,7032.0,1.0,0.1395874023,-0.6447143555,0.5752563477,0.4836425781
166483387.0,2968.0,0.0,-0.83984375,0.19140625,0.484375,0
166490419.0,7032.0,1.0,0.1356201172,-0.6457519531,0.5772705078,0.4809570313
166494387.0,3968.0,0.0,-1.359375,0.53515625,-0.13671875,0
166501419.0,7032.0,1.0,0.1318359375,-0.6466674805,0.5794067383,0.4782104492
166504387.0,2968.0,0.0,-2.02734375,0.54296875,-0.15234375,0
166510419.0,6032.0,1.0,0.1282958984,-0.6474609375,0.5815429688,0.4755859375
166513387.0,2968.0,0.0,-3.890625,0.43359375,-0.28125,0
166520419.0,7032.0,1.0,0.1244506836,-0.6481933594,0.5838012695,0.4728393555
166523387.0,2968.0,0.0,-4.52734375,0.01953125,0.43359375,0
166530419.0,7032.0,1.0,0.1205444336,-0.6487426758,0.5858764648,0.4704589844
166534387.0,3968.0,0.0,-5.08984375,-1.17578125,1.8359375,0
166540419.0,6032.0,1.0,0.1162719727,-0.6491699219,0.5882568359,0.4680175781
166543387.0,2968.0,0.0,-5.2265625,-1.828125,1.82421875,0
166550419.0,7032.0,1.0,0.1120605469,-0.649230957,0.5908813477,0.465637207
166553387.0,2968.0,0.0,-5.18359375,-1.5703125,1.49609375,0
166560419.0,7032.0,1.0,0.1076049805,-0.6488647461,0.5941772461,0.4630126953
166563387.0,2968.0,0.0,-5.4453125,-1.36328125,1.18359375,0
166570419.0,7032.0,1.0,0.1034545898,-0.6479492188,0.5981445313,0.4600219727
166574387.0,3968.0,0.0,-6.06640625,-0.56640625,0.81640625,0
166581419.0,7032.0,1.0,0.0997924805,-0.646484375,0.6029663086,0.4566040039
166584387.0,2968.0,0.0,-6.60546875,0.48828125,0.47265625,0
166590419.0,6032.0,1.0,0.0967407227,-0.6444091797,0.6087646484,0.4525756836
166593387.0,2968.0,0.0,-6.73046875,2.1640625,-0.40625,0
166606419.0,13032.0,1.0,0.0944213867,-0.6416625977,0.6150512695,0.4483642578
166611387.0,4968.0,0.0,-7.32421875,4.2421875,-0.703125,0
166613419.0,2032.0,1.0,0.0925292969,-0.6380615234,0.6224975586,0.4436035156
166621419.0,8000.0,1.0,0.091003418,-0.6334228516,0.630859375,0.438659668
166624387.0,2968.0,0.0,-7.6171875,4.46875,-1.52734375,0
166631419.0,7032.0,1.0,0.0896606445,-0.6279907227,0.6397705078,0.4338378906
166634387.0,2968.0,0.0,-8.32421875,5.1875,-2.859375,0
166640419.0,6032.0,1.0,0.0881347656,-0.6216430664,0.6490478516,0.4295654297
166643387.0,2968.0,0.0,-9.6484375,6.94140625,-4.3125,0
166651419.0,8032.0,1.0,0.0856933594,-0.6142578125,0.6583862305,0.4265136719
166654387.0,2968.0,0.0,-11.32421875,10.12109375,-5.25390625,0
166661419.0,7032.0,1.0,0.0816650391,-0.6060180664,0.6669311523,0.4257202148
166664387.0,2968.0,0.0,-12.57421875,15.08203125,-6.57421875,0
166671419.0,7032.0,1.0,0.0750732422,-0.596862793,0.6743774414,0.4282226563
166674387.0,2968.0,0.0,-12.078125,15.5078125,-7.171875,0
166680419.0,6032.0,1.0,0.0655517578,-0.5872802734,0.6798706055,0.4343261719
166683387.0,2968.0,0.0,-10.80859375,14.63671875,-6.3984375,0
166691419.0,8032.0,1.0,0.0526733398,-0.5770263672,0.6832275391,0.4443359375
166694387.0,2968.0,0.0,-9.21875,13.83984375,-5.734375,0
166706419.0,12032.0,1.0,0.0380859375,-0.5665283203,0.6849975586,0.4564208984
166711387.0,4968.0,0.0,-8.390625,-3.86328125,-0.78125,0
166714419.0,3032.0,1.0,0.0252075195,-0.5548095703,0.6879272461,0.4672851563
166717387.0,2968.0,0.0,-8.53125,-4.19140625,-0.953125,0
166721419.0,4032.0,1.0,0.0126953125,-0.5404052734,0.6909179688,0.4800415039
166724387.0,2968.0,0.0,-5.5390625,13.8046875,-7.15625,0
166731419.0,7032.0,1.0,0.0008544922,0.5270996094,-0.6878662109,-0.4989624023
166734387.0,2968.0,0.0,-2.38671875,21.58984375,-8.16015625,0
166740419.0,6032.0,1.0,0.0160522461,0.5131835938,-0.6785888672,-0.5252685547
166743387.0,2968.0,0.0,0.1640625,2.88671875,-10.60546875,0
166750419.0,7032.0,1.0,0.0299682617,0.4978637695,-0.6649780273,-0.5559082031
166753387.0,2968.0,0.0,-2.39453125,-2.765625,-7.78125,0
166763419.0,10032.0,1.0,0.0390014648,0.4838867188,-0.6506347656,-0.583984375
166766387.0,2968.0,0.0,-4.90625,-5.5078125,-5.734375,0
166773419.0,7032.0,1.0,0.0444946289,0.4703369141,-0.6343994141,-0.6118164063
166776387.0,2968.0,0.0,-3.65625,-11.04296875,-2.4921875,0
166781419.0,5032.0,1.0,0.0458374023,0.4573974609,-0.6173706055,-0.6383666992
166784387.0,2968.0,0.0,-0.61328125,-14.66015625,-2.7265625,0
166790419.0,6032.0,1.0,0.0422363281,0.4450683594,-0.6008911133,-0.6625976563
166793387.0,2968.0,0.0,1.12109375,-15.0078125,-1.83984375,0
166803419.0,10032.0,1.0,0.0347290039,0.4342651367,-0.5866699219,-0.6826782227
166806387.0,2968.0,0.0,2.79296875,-13.95703125,-1.64453125,0
166813419.0,7032.0,1.0,0.0237426758,0.4239501953,-0.5726318359,-0.7012939453
166816387.0,2968.0,0.0,6.51171875,-10.8125,-0.49609375,0
166821419.0,5032.0,1.0,0.0106201172,0.4146728516,-0.5589599609,-0.717956543
166824387.0,2968.0,0.0,7.79296875,-10.015625,-0.73046875,0
166830419.0,6032.0,1.0,0.004699707,-0.4059448242,0.5445556641,0.7338867188
166833387.0,2968.0,0.0,8.55078125,-9.32421875,-1.18359375,0
166841419.0,8032.0,1.0,0.0208129883,-0.3982543945,0.530456543,0.748046875
166844387.0,2968.0,0.0,8.64453125,-8.72265625,-1.91796875,0
166851419.0,7032.0,1.0,0.0376586914,-0.3914794922,0.5166015625,0.760559082
166854387.0,2968.0,0.0,7.66015625,-8.2109375,-2.4296875,0
166866419.0,12032.0,1.0,0.0545654297,-0.3854980469,0.5036621094,0.7711791992
166871387.0,4968.0,0.0,6.50390625,-7.6484375,-1.86328125,0
166874419.0,3032.0,1.0,0.0722045898,-0.3801269531,0.4912109375,0.7803955078
166877387.0,2968.0,0.0,6.66015625,-7.15234375,-1.43359375,0
166881419.0,4032.0,1.0,0.0917358398,-0.3747558594,0.4785766602,0.7887573242
166884387.0,2968.0,0.0,6.80078125,-6.89453125,-1.75390625,0
166891419.0,7032.0,1.0,0.108581543,-0.3706054688,0.4682617188,0.7947387695
166894387.0,2968.0,0.0,6.96484375,-6.79296875,0.31640625,0
166901419.0,7032.0,1.0,0.1270141602,-0.366394043,0.4577636719,0.8000488281
166904387.0,2968.0,0.0,6.61328125,-6.3515625,1.171875,0
166911419.0,7032.0,1.0,0.1445922852,-0.3626708984,0.4482421875,0.8041381836
166914387.0,2968.0,0.0,6.1796875,-5.92578125,1.25,0
166921419.0,7032.0,1.0,0.1618652344,-0.3593139648,0.439453125,0.8071899414
166924387.0,2968.0,0.0,6.00390625,-5.5,1.1640625,0
166930419.0,6032.0,1.0,0.1781005859,-0.3563842773,0.4315185547,0.8093261719
166933387.0,2968.0,0.0,6.54296875,-5.08984375,0.8203125,0
166945419.0,12032.0,1.0,0.1942749023,-0.3536987305,0.4240112305,0.8107910156
166948387.0,2968.0,0.0,6.8828125,-4.71484375,0.61328125,0
166952419.0,4032.0,1.0,0.2110595703,-0.3510742188,0.4165039063,0.8116455078
166955387.0,2968.0,0.0,7.02734375,-4.49609375,0.875,0
166961419.0,6032.0,1.0,0.2261962891,-0.3488769531,0.4100952148,0.811706543
166964387.0,2968.0,0.0,7.08203125,-4.29296875,0.734375,0
166971419.0,7032.0,1.0,0.241027832,-0.3467407227,0.4046020508,0.8111572266
166974387.0,2968.0,0.0,6.51953125,-3.83203125,1.109375,0
166981419.0,7032.0,1.0,0.2552490234,-0.3446044922,0.4000854492,0.8099365234
166984387.0,2968.0,0.0,6.05859375,-2.81640625,0.73828125,0
166991419.0,7032.0,1.0,0.2689819336,-0.342590332,0.3961181641,0.8082885742
166994387.0,2968.0,0.0,5.6015625,-1.54296875,0.4921875,0
167001419.0,7032.0,1.0,0.2816162109,-0.3410644531,0.3920898438,0.806640625
167004387.0,2968.0,0.0,5.2109375,-0.8125,0.13671875,0
167011419.0,7032.0,1.0,0.2934570313,-0.3399658203,0.3876953125,0.8049926758
167014387.0,2968.0,0.0,5.125,-1.22265625,-0.484375,0
167024419.0,10032.0,1.0,0.3042602539,-0.3393554688,0.3834228516,0.8032836914
167027387.0,2968.0,0.0,5.33984375,-1.48828125,-0.36328125,0
167034419.0,7032.0,1.0,0.3153686523,-0.3389282227,0.3790283203,0.8012084961
167037387.0,2968.0,0.0,5.44921875,-1.71484375,-0.36328125,0
167041419.0,4032.0,1.0,0.3253173828,-0.3387451172,0.3754882813,0.7990722656
167044387.0,2968.0,0.0,5.12890625,-1.49609375,-0.03515625,0
167051419.0,7032.0,1.0,0.3345947266,-0.3387451172,0.372253418,0.7966918945
167054387.0,2968.0,0.0,4.68359375,-0.98046875,0.375,0
167061419.0,7032.0,1.0,0.3434448242,-0.3391113281,0.369140625,0.7942504883
167064387.0,2968.0,0.0,4.20703125,-0.9609375,0.09375,0
167071419.0,7032.0,1.0,0.3516235352,-0.33984375,0.3661499023,0.7916870117
167074387.0,2968.0,0.0,3.58203125,-1.14453125,0.0625,0
167081419.0,7032.0,1.0,0.3589477539,-0.3408813477,0.3636474609,0.7891235352
167084387.0,2968.0,0.0,2.609375,-1.29296875,-0.421875,0
167091419.0,7032.0,1.0,0.3660888672,-0.3421630859,0.3614501953,0.7862548828
167094387.0,2968.0,0.0,2.48828125,-0.83203125,-0.58203125,0
167101419.0,7032.0,1.0,0.3726196289,-0.3435668945,0.3597412109,0.7833862305
167104387.0,2968.0,0.0,2.51171875,-0.578125,-0.90625,0
167111419.0,7032.0,1.0,0.3785400391,-0.3452148438,0.3583374023,0.780456543
167114387.0,2968.0,0.0,2.83984375,-0.63671875,-1.39453125,0
167126419.0,12032.0,1.0,0.3837890625,-0.3469238281,0.3572387695,0.7776489258
167130387.0,3968.0,0.0,3.29296875,-1.01171875,-1.9609375,0
167133419.0,3032.0,1.0,0.388671875,-0.3487548828,0.3564453125,0.7747802734
167136387.0,2968.0,0.0,3.31640625,-0.92578125,-1.9453125,0
167140419.0,4032.0,1.0,0.3933105469,-0.350402832,0.3564453125,0.7716674805
167143387.0,2968.0,0.0,3.421875,-1.58984375,-1.88671875,0
167151419.0,8032.0,1.0,0.3978881836,-0.3517456055,0.3574829102,0.7681884766
167154387.0,2968.0,0.0,3.5625,-1.91796875,-2.08203125,0
167161419.0,7032.0,1.0,0.4022216797,-0.3529052734,0.359375,0.7645263672
167164387.0,2968.0,0.0,3.6328125,-1.3046875,-2.08203125,0
167171419.0,7032.0,1.0,0.4057617188,-0.354309082,0.3614501953,0.7610473633
167175387.0,3968.0,0.0,3.80859375,-1.01171875,-2.07421875,0
167181419.0,6032.0,1.0,0.4086303711,-0.3560180664,0.3634643555,0.7576904297
167184387.0,2968.0,0.0,3.609375,-1.328125,-2.32421875,0
167191419.0,7032.0,1.0,0.410949707,-0.3579101563,0.3657226563,0.7545166016
167194387.0,2968.0,0.0,3.06640625,-1.6484375,-2.578125,0
167201419.0,7032.0,1.0,0.4128417969,-0.3597412109,0.368347168,0.7512817383
167204387.0,2968.0,0.0,2.37109375,-0.828125,-3.16015625,0
167211419.0,7032.0,1.0,0.4143676758,-0.3613891602,0.3713378906,0.7481689453
167214387.0,2968.0,0.0,2.0859375,-0.55078125,-3.36328125,0
167221419.0,7032.0,1.0,0.4154663086,-0.3629760742,0.3746337891,0.7451782227
167224387.0,2968.0,0.0,1.87890625,-0.59765625,-3.83203125,0
167231419.0,7032.0,1.0,0.4161987305,-0.364440918,0.3780517578,0.7423095703
167234387.0,2968.0,0.0,0.83984375,0.96484375,-4.296875,0
167241419.0,7032.0,1.0,0.4166259766,-0.3658447266,0.3815307617,0.7396240234
167244387.0,2968.0,0.0,-0.05859375,1.41015625,-4.83203125,0
167251419.0,7032.0,1.0,0.4166870117,-0.3672485352,0.3850097656,0.7370605469
167254387.0,2968.0,0.0,-0.953125,1.31640625,-5.18359375,0
167261419.0,7032.0,1.0,0.4165039063,-0.3687744141,0.3882446289,0.7347412109
167264387.0,2968.0,0.0,-2.23046875,1.828125,-5.2265625,0
167271419.0,7032.0,1.0,0.4158935547,-0.3705444336,0.3909301758,0.7327270508
167274387.0,2968.0,0.0,-4.8125,2.3515625,-5.1953125,0
167281419.0,7032.0,1.0,0.414855957,-0.3728637695,0.3929443359,0.7310791016
167284387.0,2968.0,0.0,-5.41015625,2.00390625,-4.92578125,0
167291419.0,7032.0,1.0,0.4135131836,-0.3754882813,0.3942871094,0.7297363281
167295387.0,3968.0,0.0,-5.50390625,1.8203125,-4.21875,0
167301419.0,6032.0,1.0,0.4119262695,-0.3784790039,0.3952026367,0.7285766602
167304387.0,2968.0,0.0,-4.90234375,0.7578125,-3.12109375,0
167310419.0,6032.0,1.0,0.4103393555,-0.3814697266,0.3961181641,0.7274780273
167313387.0,2968.0,0.0,-2.6953125,-1.2265625,-1.91015625,0
167325419.0,12032.0,1.0,0.4086914063,-0.3843994141,0.3975830078,0.7260742188
167328387.0,2968.0,0.0,-1.78515625,-0.921875,-1.41796875,0
167332419.0,4032.0,1.0,0.4071655273,-0.3872680664,0.3997192383,0.7241821289
167335387.0,2968.0,0.0,-1.29296875,-1.19140625,-1.1484375,0
167341419.0,6032.0,1.0,0.4058227539,-0.3897705078,0.4025268555,0.7220458984
167344387.0,2968.0,0.0,-1.4609375,-1.703125,-1.53125,0
167351419.0,7032.0,1.0,0.4046630859,-0.3921508789,0.4059448242,0.7194824219
167354387.0,2968.0,0.0,-2.55078125,0.2734375,-3.390625,0
167361419.0,7032.0,1.0,0.4036865234,-0.3943481445,0.4096679688,0.7167358398
167364387.0,2968.0,0.0,-2.9765625,0.75390625,-3.671875,0
167371419.0,7032.0,1.0,0.4028930664,-0.3966064453,0.4134521484,0.7137451172
167374387.0,2968.0,0.0,-3.4921875,1.58203125,-4.11328125,0
167381419.0,7032.0,1.0,0.4021606445,-0.3989868164,0.4172973633,0.7105712891
167384387.0,2968.0,0.0,-3.84375,2.37109375,-4.16015625,0
167391419.0,7032.0,1.0,0.4014892578,-0.4013671875,0.4210205078,0.7074584961
167394387.0,2968.0,0.0,-4.4921875,1.7109375,-3.2890625,0
167401419.0,7032.0,1.0,0.4006958008,-0.4038696289,0.424621582,0.704284668
167404387.0,2968.0,0.0,-4.4609375,2.34765625,-2.69140625,0
167411419.0,7032.0,1.0,0.3998413086,-0.4063720703,0.4282226563,0.701171875
167414387.0,2968.0,0.0,-3.79296875,1.57421875,-2.28515625,0
167421419.0,7032.0,1.0,0.3989257813,-0.4087524414,0.4320068359,0.6979370117
167424387.0,2968.0,0.0,-2.56640625,1.86328125,-2.40234375,0
167431419.0,7032.0,1.0,0.3980102539,-0.4111328125,0.4360961914,0.694519043
167434387.0,2968.0,0.0,-2.125,1.58203125,-2.53125,0
167441419.0,7032.0,1.0,0.3971557617,-0.4133300781,0.4404296875,0.6909790039
167444387.0,2968.0,0.0,-1.78515625,0.33984375,-2.3828125,0
167451419.0,7032.0,1.0,0.3963623047,-0.4154052734,0.4451293945,0.6871948242
167454387.0,2968.0,0.0,-1.9921875,0.5859375,-2.71875,0
167461419.0,7032.0,1.0,0.3956298828,-0.4172973633,0.4498901367,0.6833496094
167464387.0,2968.0,0.0,-3.5390625,1.44140625,-4.140625,0
167471419.0,7032.0,1.0,0.3948974609,-0.4192504883,0.4547729492,0.6793212891
167474387.0,2968.0,0.0,-4.015625,2.1484375,-4.5078125,0
167481419.0,7032.0,1.0,0.3942871094,-0.4212646484,0.4590454102,0.6755371094
167484387.0,2968.0,0.0,-4.21875,2.515625,-4.6640625,0
167491419.0,7032.0,1.0,0.3935546875,-0.4234619141,0.462890625,0.6719970703
167494387.0,2968.0,0.0,-4.16015625,2.125,-4.44140625,0
167506419.0,12032.0,1.0,0.3927612305,-0.4258422852,0.4659423828,0.668762207
167510387.0,3968.0,0.0,-2.6015625,2.7421875,-4.26171875,0
167513419.0,3032.0,1.0,0.3918457031,-0.4287109375,0.4685668945,0.6656494141
167516387.0,2968.0,0.0,-2.578125,2.75,-4.16015625,0
167521419.0,5032.0,1.0,0.390625,-0.4320068359,0.4708251953,0.6626586914
167524387.0,2968.0,0.0,-2.09765625,1.5703125,-3.36328125,0
167531419.0,7032.0,1.0,0.389465332,-0.4351806641,0.4725341797,0.6600341797
167534387.0,2968.0,0.0,-1.96484375,0.8203125,-3.27734375,0
167541419.0,7032.0,1.0,0.3881835938,-0.438659668,0.4739379883,0.6574707031
167544387.0,2968.0,0.0,-2.203125,2.90625,-4.5703125,0
167551419.0,7032.0,1.0,0.3867797852,-0.442199707,0.4747924805,0.6553344727
167554387.0,2968.0,0.0,-2.29296875,2.546875,-4.21484375,0
167561419.0,7032.0,1.0,0.385559082,-0.4456787109,0.4753417969,0.6531982422
167564387.0,2968.0,0.0,-2.171875,2.1171875,-3.640625,0
167571419.0,7032.0,1.0,0.3845825195,-0.4490356445,0.4760131836,0.6510620117
167574387.0,2968.0,0.0,-1.53515625,2.0625,-2.71875,0
167581419.0,7032.0,1.0,0.383605957,-0.4522705078,0.4769287109,0.6486816406
167584387.0,2968.0,0.0,-0.78515625,1.89453125,-2.14453125,0
167591419.0,7032.0,1.0,0.3825073242,-0.4555053711,0.4779663086,0.6463623047
167595387.0,3968.0,0.0,-1.03515625,2.76171875,-2.40234375,0
167601419.0,6032.0,1.0,0.3812255859,-0.4586181641,0.4789428711,0.6441650391
167604387.0,2968.0,0.0,-1.81640625,1.70703125,-1.98046875,0
167611419.0,7032.0,1.0,0.3797607422,-0.4615478516,0.4799194336,0.6422119141
167614387.0,2968.0,0.0,-2.18359375,1.29296875,-1.125,0
167621419.0,7032.0,1.0,0.3781738281,-0.4643554688,0.4811401367,0.6401977539
167624387.0,2968.0,0.0,-2.17578125,0.15234375,-0.58984375,0
167631419.0,7032.0,1.0,0.3765869141,-0.466796875,0.4827270508,0.6381225586
167635387.0,3968.0,0.0,-1.671875,-0.9609375,-0.08203125,0
167641419.0,6032.0,1.0,0.3751220703,-0.4688720703,0.4849853516,0.6358032227
167644387.0,2968.0,0.0,-0.7421875,-1.11328125,0.15625,0
167651419.0,7032.0,1.0,0.373840332,-0.4704589844,0.4877319336,0.6332397461
167654387.0,2968.0,0.0,0.22265625,-1.89453125,-0.21484375,0
167661419.0,7032.0,1.0,0.3724975586,-0.471862793,0.4912109375,0.6303100586
167664387.0,2968.0,0.0,0.453125,-1.06640625,-0.7265625,0
167671419.0,7032.0,1.0,0.3712768555,-0.4730224609,0.4947509766,0.6273803711
167675387.0,3968.0,0.0,0.48828125,-1.24609375,-1.0546875,0
167681419.0,6032.0,1.0,0.3699951172,-0.4741821289,0.4982910156,0.6244506836
167684387.0,2968.0,0.0,0.0,-1.7265625,-0.80859375,0
167691419.0,7032.0,1.0,0.3686523438,-0.4752807617,0.5016479492,0.6217041016
167694387.0,2968.0,0.0,-0.3828125,-1.78125,-0.953125,0
167701419.0,7032.0,1.0,0.3672485352,-0.4766845703,0.5049438477,0.6188354492
167704387.0,2968.0,0.0,-0.19140625,-1.26171875,-1.1640625,0
167711419.0,7032.0,1.0,0.3657226563,-0.4782714844,0.5078125,0.6161499023
167714387.0,2968.0,0.0,-0.0390625,-0.578125,-1.1484375,0
167723419.0,9032.0,1.0,0.3642578125,-0.4800415039,0.5101318359,0.6137084961
167726387.0,2968.0,0.0,0.07421875,-0.2421875,-1.13671875,0
167734419.0,8032.0,1.0,0.3627929688,-0.4821777344,0.5120849609,0.6112670898
167737387.0,2968.0,0.0,0.48828125,0.984375,-0.59375,0
167741419.0,4032.0,1.0,0.3612060547,-0.4846801758,0.5135498047,0.6090087891
167744387.0,2968.0,0.0,1.03515625,0.875,0.51953125,0
167751419.0,7032.0,1.0,0.3595581055,-0.487487793,0.5147094727,0.6068115234
167754387.0,2968.0,0.0,1.234375,-0.10546875,1.48828125,0
167761419.0,7032.0,1.0,0.3579101563,-0.4904174805,0.5157470703,0.6044921875
167764387.0,2968.0,0.0,0.88671875,0.1328125,1.83203125,0
167771419.0,7032.0,1.0,0.3563232422,-0.4934082031,0.5168457031,0.6020507813
167774387.0,2968.0,0.0,-0.375,1.03125,-0.37890625,0
167781419.0,7032.0,1.0,0.3548583984,-0.4962768555,0.5178833008,0.599609375
167784387.0,2968.0,0.0,-0.3671875,1.16796875,-1.375,0
167791419.0,7032.0,1.0,0.353515625,-0.4990844727,0.5189208984,0.5971679688
167794387.0,2968.0,0.0,-0.25390625,1.23046875,-1.79296875,0
167801419.0,7032.0,1.0,0.3521118164,-0.501953125,0.5197753906,0.594909668
167804387.0,2968.0,0.0,0.4765625,1.09375,-0.52734375,0
167811419.0,7032.0,1.0,0.3505249023,-0.5048828125,0.5204467773,0.5927734375
167814387.0,2968.0,0.0,-0.015625,0.9921875,0.5859375,0
167821419.0,7032.0,1.0,0.3486328125,-0.5079345703,0.5210571289,0.5907592773
167824387.0,2968.0,0.0,-0.40625,0.85546875,1.390625,0
167832419.0,8032.0,1.0,0.346496582,-0.510925293,0.5217895508,0.5887451172
167835387.0,2968.0,0.0,-0.52734375,0.44140625,1.65234375,0
167841419.0,6032.0,1.0,0.3442993164,-0.5137329102,0.5227661133,0.586730957
167844387.0,2968.0,0.0,-0.22265625,-0.046875,1.203125,0
167851419.0,7032.0,1.0,0.3419799805,-0.5162963867,0.524230957,0.5845336914
167854387.0,2968.0,0.0,0.15234375,-0.5859375,0.59765625,0
167861419.0,7032.0,1.0,0.3396606445,-0.5184936523,0.5260620117,0.5822753906
167864387.0,2968.0,0.0,0.6796875,-0.5234375,0.0234375,0
167872419.0,8032.0,1.0,0.3372192383,-0.5205078125,0.528137207,0.5800170898
167875387.0,2968.0,0.0,0.58984375,-0.578125,0.07421875,0
167881419.0,6032.0,1.0,0.334777832,-0.522277832,0.5303344727,0.5778198242
167884387.0,2968.0,0.0,-0.23046875,0.13671875,1.421875,0
167891419.0,7032.0,1.0,0.3318481445,-0.5242919922,0.5327148438,0.5755004883
167894387.0,2968.0,0.0,-0.36328125,0.12109375,1.73828125,0
167901419.0,7032.0,1.0,0.3288574219,-0.5262451172,0.5350341797,0.5732421875
167904387.0,2968.0,0.0,-0.68359375,0.01953125,1.6484375,0
167912419.0,8032.0,1.0,0.3258056641,-0.5282592773,0.5372314453,0.571105957
167915387.0,2968.0,0.0,-1.12890625,0.2265625,0.9609375,0
167921419.0,6032.0,1.0,0.3226318359,-0.5303955078,0.5393066406,0.5690307617
167924387.0,2968.0,0.0,-0.875,-0.671875,0.2890625,0
167931419.0,7032.0,1.0,0.319519043,-0.5324707031,0.541015625,0.5671386719
167934387.0,2968.0,0.0,-0.46875,-1.4609375,0.25,0
167941419.0,7032.0,1.0,0.3162231445,-0.5347900391,0.5426025391,0.5653076172
167944387.0,2968.0,0.0,-0.30078125,-1.5546875,0.22265625,0
167952419.0,8032.0,1.0,0.3129272461,-0.5371704102,0.5440673828,0.5634765625
167955387.0,2968.0,0.0,-0.31640625,-0.94921875,0.4921875,0
167967419.0,12032.0,1.0,0.3096313477,-0.5397949219,0.5452270508,0.561706543
167972419.0,5000.0,1.0,0.3061523438,-0.5426635742,0.5462646484,0.5598754883
167974387.0,1968.0,0.0,0.2109375,-0.47265625,0.92578125,0
167981419.0,7032.0,1.0,0.3026123047,-0.545715332,0.5470581055,0.5579833984
167984387.0,2968.0,0.0,-0.04296875,0.0546875,0.65625,0
167991419.0,7032.0,1.0,0.2990722656,-0.5488891602,0.5476074219,0.5562744141
167994387.0,2968.0,0.0,-0.78515625,0.23828125,-0.51953125,0
168001419.0,7032.0,1.0,0.2957763672,-0.5520019531,0.5479125977,0.5546264648
168004387.0,2968.0,0.0,-0.58203125,0.0,-0.3359375,0
168011419.0,7032.0,1.0,0.2925415039,-0.5551757813,0.5482177734,0.5528564453
168014387.0,2968.0,0.0,0.171875,0.078125,0.35546875,0
168021419.0,7032.0,1.0,0.2896118164,-0.5581665039,0.5487060547,0.5509033203
168024387.0,2968.0,0.0,0.421875,0.19140625,1.19140625,0
168031419.0,7032.0,1.0,0.2866210938,-0.5612182617,0.5493774414,0.5487060547
168034387.0,2968.0,0.0,0.20703125,0.5390625,0.88671875,0
168041419.0,7032.0,1.0,0.2836914063,-0.5641479492,0.5502319336,0.5463867188
168044387.0,2968.0,0.0,-0.19921875,0.5,0.97265625,0
168051419.0,7032.0,1.0,0.2807617188,-0.5669555664,0.5512084961,0.5439453125
168055387.0,3968.0,0.0,-0.4921875,-0.23046875,0.9453125,0
168061419.0,6032.0,1.0,0.2778930664,-0.569519043,0.5524902344,0.5414428711
168064387.0,2968.0,0.0,-0.58984375,0.109375,0.640625,0
168071419.0,7032.0,1.0,0.2752685547,-0.5717163086,0.553894043,0.5390014648
168074387.0,2968.0,0.0,0.0390625,-0.51171875,-0.15625,0
168081419.0,7032.0,1.0,0.2724609375,-0.5739746094,0.5556640625,0.5361938477
168084387.0,2968.0,0.0,0.0078125,0.16796875,0.3515625,0
168091419.0,7032.0,1.0,0.2697143555,-0.5760498047,0.557434082,0.5335083008
168095387.0,3968.0,0.0,0.28125,0.27734375,1.08203125,0
168101419.0,6032.0,1.0,0.2668457031,-0.578125,0.5592651367,0.5308227539
168104387.0,2968.0,0.0,0.40234375,-0.49609375,1.55078125,0
168112419.0,8032.0,1.0,0.2636108398,-0.5803833008,0.5612182617,0.5279541016
168115387.0,2968.0,0.0,-0.171875,-0.58984375,1.7578125,0
168121419.0,6032.0,1.0,0.2604370117,-0.5824584961,0.5631103516,0.5252075195
168124387.0,2968.0,0.0,-0.1640625,-0.14453125,1.9609375,0
168131419.0,7032.0,1.0,0.2571411133,-0.5845336914,0.5650634766,0.5223999023
168134387.0,2968.0,0.0,-0.2421875,0.10546875,1.39453125,0
168141419.0,7032.0,1.0,0.2539672852,-0.5865478516,0.5668945313,0.5196533203
168144387.0,2968.0,0.0,-0.08203125,0.4375,0.140625,0
168151419.0,7032.0,1.0,0.250793457,-0.588684082,0.5685424805,0.5170288086
168154387.0,2968.0,0.0,-0.50390625,0.91796875,-1.4296875,0
168166419.0,12032.0,1.0,0.2476806641,-0.5908813477,0.5697631836,0.5147094727
168170387.0,3968.0,0.0,-1.37890625,0.56640625,-0.39453125,0
168173419.0,3032.0,1.0,0.2440185547,-0.5935058594,0.5706176758,0.5124511719
168176387.0,2968.0,0.0,-1.87890625,1.31640625,0.02734375,0
168181419.0,5032.0,1.0,0.2399291992,-0.5966186523,0.5708007813,0.510559082
168184387.0,2968.0,0.0,-1.33984375,1.578125,0.60546875,0
168191419.0,7032.0,1.0,0.2355957031,-0.5999755859,0.5703735352,0.5090942383
168194387.0,2968.0,0.0,-0.109375,0.83203125,1.08984375,0
168201419.0,7032.0,1.0,0.2310791016,-0.6036376953,0.5694580078,0.5079345703
168204387.0,2968.0,0.0,0.97265625,-0.1015625,1.6484375,0
168212419.0,8032.0,1.0,0.2264404297,-0.6075439453,0.5681762695,0.5067749023
168215387.0,2968.0,0.0,1.1328125,0.07421875,1.703125,0
168221419.0,6032.0,1.0,0.2217407227,-0.6115722656,0.5665893555,0.5057373047
168224387.0,2968.0,0.0,-1.0078125,2.171875,-0.2265625,0
168231419.0,7032.0,1.0,0.2166137695,-0.6158447266,0.5645141602,0.505065918
168234387.0,2968.0,0.0,-1.390625,2.140625,-1.55078125,0
168241419.0,7032.0,1.0,0.2111816406,-0.6201171875,0.5620117188,0.5049438477
168244387.0,2968.0,0.0,-1.68359375,1.46875,-1.578125,0
168252419.0,8032.0,1.0,0.2054443359,-0.6243286133,0.5593261719,0.5051879883
168255387.0,2968.0,0.0,-2.02734375,1.25390625,-0.66015625,0
168261419.0,6032.0,1.0,0.1994018555,-0.6282958984,0.556640625,0.5056152344
168264387.0,2968.0,0.0,-1.1640625,-0.08984375,1.2578125,0
168271419.0,7032.0,1.0,0.1930541992,-0.6322021484,0.5541381836,0.5059204102
168274387.0,2968.0,0.0,-0.08984375,-0.13671875,1.140625,0
168281419.0,7032.0,1.0,0.1869506836,-0.6356811523,0.5523071289,0.505859375
168284387.0,2968.0,0.0,0.55859375,0.74609375,1.296875,0
168292419.0,8032.0,1.0,0.1813964844,-0.6387329102,0.5512084961,0.5053100586
168295387.0,2968.0,0.0,0.4453125,1.01171875,1.6484375,0
168307419.0,12032.0,1.0,0.176574707,-0.6411132813,0.5509033203,0.5042724609
168312387.0,4968.0,0.0,-1.05078125,0.66796875,1.703125,0
168315419.0,3032.0,1.0,0.1719360352,-0.6433105469,0.5511474609,0.502746582
168318387.0,2968.0,0.0,-1.9765625,0.04296875,1.68359375,0
168322419.0,4032.0,1.0,0.1672363281,-0.645324707,0.5520629883,0.5008544922
168325387.0,2968.0,0.0,-2.03125,0.00390625,1.74609375,0
168332419.0,7032.0,1.0,0.1630859375,-0.6467895508,0.5532836914,0.4989013672
168335387.0,2968.0,0.0,-3.23046875,-0.37109375,1.38671875,0
168341419.0,6032.0,1.0,0.1586914063,-0.6480712891,0.5549316406,0.4968261719
168344387.0,2968.0,0.0,-2.91015625,-0.9921875,1.87109375,0
168352419.0,8032.0,1.0,0.1541748047,-0.6489868164,0.5570678711,0.4946899414
168355387.0,2968.0,0.0,-2.49609375,-2.34765625,2.24609375,0
168362419.0,7032.0,1.0,0.1496582031,-0.649597168,0.5598144531,0.4921264648
168365387.0,2968.0,0.0,-2.296875,-2.01953125,2.27734375,0
168372419.0,7032.0,1.0,0.1454467773,-0.6497802734,0.5633544922,0.4891967773
168375387.0,2968.0,0.0,-1.91015625,-1.76171875,1.359375,0
168381419.0,6032.0,1.0,0.1418457031,-0.6494140625,0.5675048828,0.4858398438
168384387.0,2968.0,0.0,-1.7890625,-1.28125,1.171875,0
168391419.0,7032.0,1.0,0.1387939453,-0.6487426758,0.5720825195,0.4822998047
168395387.0,3968.0,0.0,-1.40625,-1.51171875,0.875,0
168402419.0,7032.0,1.0,0.135925293,-0.6478271484,0.576965332,0.4784545898
168405387.0,2968.0,0.0,-1.66796875,-1.81640625,1.05859375,0
168412419.0,7032.0,1.0,0.1332397461,-0.6468505859,0.5818481445,0.4746704102
168415387.0,2968.0,0.0,-3.1875,-1.703125,0.53125,0
168421419.0,6032.0,1.0,0.1302490234,-0.6457519531,0.5866699219,0.4710083008
168424387.0,2968.0,0.0,-4.26171875,-1.25390625,0.12109375,0
168432419.0,8032.0,1.0,0.126953125,-0.6446533203,0.5911865234,0.4677734375
168435387.0,2968.0,0.0,-5.2109375,-1.3671875,0.18359375,0
168442419.0,7032.0,1.0,0.1232299805,-0.6434326172,0.5955200195,0.4649047852
168445387.0,2968.0,0.0,-6.09375,-1.23046875,0.67578125,0
168451419.0,6032.0,1.0,0.1193237305,-0.6422119141,0.5994873047,0.4624633789
168454387.0,2968.0,0.0,-6.96875,-0.2890625,0.31640625,0
168461419.0,7032.0,1.0,0.1148071289,-0.6406860352,0.6037597656,0.4602050781
168464387.0,2968.0,0.0,-6.9765625,0.51953125,0.0234375,0
168472419.0,8032.0,1.0,0.1103515625,-0.6389160156,0.6079101563,0.4583129883
168475387.0,2968.0,0.0,-6.55078125,1.25390625,-0.609375,0
168481419.0,6032.0,1.0,0.1058959961,-0.6368408203,0.6119995117,0.4567871094
168484387.0,2968.0,0.0,-6.0078125,2.05859375,-0.83984375,0
168494419.0,10032.0,1.0,0.1011962891,-0.6342773438,0.616394043,0.4555664063
168497387.0,2968.0,0.0,-5.09765625,3.24609375,-1.2890625,0
168501419.0,4032.0,1.0,0.096496582,-0.6311035156,0.6212158203,0.4544067383
168504387.0,2968.0,0.0,-5.0625,4.109375,-1.98828125,0
168511419.0,7032.0,1.0,0.0917358398,-0.6270751953,0.6267089844,0.4533691406
168514387.0,2968.0,0.0,-5.4140625,5.921875,-2.3671875,0
168522419.0,8032.0,1.0,0.087097168,-0.6223144531,0.6327514648,0.4525146484
168525387.0,2968.0,0.0,-6.45703125,7.11328125,-2.95703125,0
168532419.0,7032.0,1.0,0.0824584961,-0.6166992188,0.6391601563,0.4520263672
168535387.0,2968.0,0.0,-9.31640625,10.4765625,-3.43359375,0
168541419.0,6032.0,1.0,0.0773925781,-0.6100463867,0.6459350586,0.452331543
168544387.0,2968.0,0.0,-10.03125,11.53125,-4.375,0
168552419.0,8032.0,1.0,0.071472168,-0.6024169922,0.6526489258,0.4539794922
168555387.0,2968.0,0.0,-10.01953125,11.75,-4.50390625,0
168562419.0,7032.0,1.0,0.0639038086,-0.5938110352,0.6587524414,0.4574584961
168565387.0,2968.0,0.0,-9.24609375,13.84375,-4.7265625,0
168572419.0,7032.0,1.0,0.0541381836,-0.5845336914,0.6636962891,0.4635620117
168575387.0,2968.0,0.0,-8.828125,13.3671875,-4.9765625,0
168584419.0,9032.0,1.0,0.0425415039,-0.5751342773,0.6668701172,0.4719238281
168587387.0,2968.0,0.0,-8.45703125,11.7734375,-4.10546875,0
168594419.0,7032.0,1.0,0.0290527344,-0.5645751953,0.6693115234,0.4821166992
168597387.0,2968.0,0.0,-7.04296875,8.57421875,-3.9609375,0
168601419.0,4032.0,1.0,0.0173339844,-0.5533447266,0.6724853516,0.4911499023
168604387.0,2968.0,0.0,-7.41015625,2.27734375,1.92578125,0
168611419.0,7032.0,1.0,0.0064086914,-0.5406494141,0.6754760742,0.5014038086
168614387.0,2968.0,0.0,-5.30078125,15.6171875,-4.92578125,0
168622419.0,8032.0,1.0,0.0069580078,0.5276489258,-0.6729736328,-0.5183105469
168625387.0,2968.0,0.0,-2.16015625,17.11328125,-7.40625,0
168632419.0,7032.0,1.0,0.0232543945,0.5142822266,-0.6627197266,-0.5438232422
168635387.0,2968.0,0.0,0.82421875,13.21875,-11.5546875,0
168647419.0,12032.0,1.0,0.0380859375,0.5010986328,-0.6478271484,-0.5725097656
168652387.0,4968.0,0.0,-7.44140625,-8.97265625,-2.6875,0
168655419.0,3032.0,1.0,0.0482177734,0.4879150391,-0.632019043,-0.6001586914
168658387.0,2968.0,0.0,-7.43359375,-9.23828125,-3.34375,0
168662419.0,4032.0,1.0,0.0530395508,0.4741821289,-0.6159057617,-0.6268920898
168665387.0,2968.0,0.0,-6.34375,-11.09765625,-2.15234375,0
168672419.0,7032.0,1.0,0.0524902344,0.4626464844,-0.6025390625,-0.6481933594
168675387.0,2968.0,0.0,-3.30859375,-11.52734375,-1.6875,0
168682419.0,7032.0,1.0,0.0479125977,0.4510498047,-0.5887451172,-0.6690673828
168685387.0,2968.0,0.0,0.71484375,-9.8203125,-2.50390625,0
168692419.0,7032.0,1.0,0.0405883789,0.4407348633,-0.5755004883,-0.6876831055
168695387.0,2968.0,0.0,2.2578125,-9.10546875,-1.80078125,0
168704419.0,9032.0,1.0,0.03125,0.4313964844,-0.5622558594,-0.7048339844
168707387.0,2968.0,0.0,3.77734375,-8.4609375,-2.828125,0
168714419.0,7032.0,1.0,0.01953125,0.4222412109,-0.547668457,-0.7221069336
168717387.0,2968.0,0.0,4.859375,-7.65625,-2.2421875,0
168722419.0,5032.0,1.0,0.0067138672,0.4140014648,-0.5327758789,-0.7380371094
168725387.0,2968.0,0.0,5.8671875,-7.55078125,-2.5390625,0
168732419.0,7032.0,1.0,0.0078735352,-0.4061279297,0.5173339844,0.7532348633
168735387.0,2968.0,0.0,6.0234375,-7.78515625,-2.265625,0
168744419.0,9032.0,1.0,0.0230102539,-0.399230957,0.5029296875,0.7662963867
168747387.0,2968.0,0.0,6.37109375,-7.62109375,-2.05078125,0
168754419.0,7032.0,1.0,0.0390625,-0.3928833008,0.4891967773,0.7777099609
168758387.0,3968.0,0.0,7.40234375,-8.16796875,-1.24609375,0
168763419.0,5032.0,1.0,0.0573730469,-0.3864746094,0.4750976563,0.7884521484
168766387.0,2968.0,0.0,7.703125,-8.37890625,-0.88671875,0
168772419.0,6032.0,1.0,0.0740966797,-0.3812255859,0.4633789063,0.7965087891
168775387.0,2968.0,0.0,7.8203125,-8.44921875,-0.6171875,0
168784419.0,9032.0,1.0,0.0912475586,-0.3763427734,0.4523925781,0.8033447266
168787387.0,2968.0,0.0,7.859375,-8.03125,-0.390625,0
168794419.0,7032.0,1.0,0.108581543,-0.371887207,0.4415893555,0.8092651367
168797387.0,2968.0,0.0,6.7421875,-6.9765625,0.578125,0
168802419.0,5032.0,1.0,0.1259765625,-0.367980957,0.4307250977,0.8143310547
168805387.0,2968.0,0.0,5.99609375,-7.6875,1.09375,0
168812419.0,7032.0,1.0,0.1431884766,-0.3646240234,0.4204711914,0.818359375
168815387.0,2968.0,0.0,6.01171875,-8.09375,1.36328125,0
168822419.0,7032.0,1.0,0.1607055664,-0.3613891602,0.411315918,0.8211669922
168825387.0,2968.0,0.0,6.2890625,-8.18359375,1.3125,0
168831419.0,6032.0,1.0,0.176940918,-0.358581543,0.4042358398,0.8226318359
168834387.0,2968.0,0.0,6.859375,-7.05859375,1.3125,0
168846419.0,12032.0,1.0,0.1934204102,-0.3558349609,0.3980712891,0.8231201172
168849387.0,2968.0,0.0,7.10546875,-6.19140625,1.140625,0
168853419.0,4032.0,1.0,0.2108154297,-0.3529663086,0.3925170898,0.8227539063
168856387.0,2968.0,0.0,6.9375,-5.02734375,0.81640625,0
168862419.0,6032.0,1.0,0.2265014648,-0.3504638672,0.3880615234,0.8217163086
168865387.0,2968.0,0.0,6.984375,-4.84765625,0.70703125,0
168872419.0,7032.0,1.0,0.2420654297,-0.3480224609,0.3840942383,0.8202514648
168875387.0,2968.0,0.0,6.9921875,-3.2890625,0.56640625,0
168882419.0,7032.0,1.0,0.2561035156,-0.3458862305,0.3805541992,0.8184814453
168885387.0,2968.0,0.0,6.37109375,-2.62890625,0.56640625,0
168892419.0,7032.0,1.0,0.2697143555,-0.3439331055,0.3771362305,0.8165283203
168895387.0,2968.0,0.0,5.9140625,-1.859375,0.74609375,0
168902419.0,7032.0,1.0,0.282409668,-0.3423461914,0.3737182617,0.814453125
168905387.0,2968.0,0.0,5.66796875,-1.3203125,0.82421875,0
168912419.0,7032.0,1.0,0.2943115234,-0.3411254883,0.3703613281,0.8123168945
168915387.0,2968.0,0.0,5.1171875,-1.859375,0.55859375,0
168927419.0,12032.0,1.0,0.3048706055,-0.3402709961,0.3673095703,0.8101806641
168931387.0,3968.0,0.0,4.4140625,-2.03515625,0.19921875,0
168934419.0,3032.0,1.0,0.3154296875,-0.3395996094,0.3643798828,0.8076782227
168937387.0,2968.0,0.0,4.12890625,-2.0234375,0.03125,0
168942419.0,5032.0,1.0,0.3259887695,-0.3391723633,0.3616333008,0.8049316406
168945387.0,2968.0,0.0,3.921875,-2.07421875,-0.171875,0
168952419.0,7032.0,1.0,0.3352050781,-0.3389282227,0.3595581055,0.8021850586
168955387.0,2968.0,0.0,3.74609375,-1.99609375,-0.546875,0
168962419.0,7032.0,1.0,0.3442382813,-0.3388061523,0.3580322266,0.7990722656
168965387.0,2968.0,0.0,3.6640625,-1.58984375,-0.80859375,0
168972419.0,7032.0,1.0,0.352722168,-0.3388061523,0.3569946289,0.7958374023
168975387.0,2968.0,0.0,3.56640625,-0.8671875,-1.08984375,0
168982419.0,7032.0,1.0,0.3604125977,-0.3391113281,0.3560791016,0.7926635742
168985387.0,2968.0,0.0,3.00390625,-0.17578125,-1.25390625,0
168992419.0,7032.0,1.0,0.3676757813,-0.3397827148,0.3552856445,0.7893676758
168995387.0,2968.0,0.0,3.0,-0.234375,-1.453125,0
169002419.0,7032.0,1.0,0.3741455078,-0.3406982422,0.3547363281,0.7861938477
169005387.0,2968.0,0.0,2.984375,-0.37890625,-1.6796875,0
169012419.0,7032.0,1.0,0.3801879883,-0.341796875,0.3544921875,0.7828979492
169015387.0,2968.0,0.0,2.9765625,-0.26171875,-1.703125,0
169021419.0,6032.0,1.0,0.3854980469,-0.3430175781,0.3544311523,0.7797851563
169024387.0,2968.0,0.0,2.76953125,-0.26953125,-1.91796875,0
169032419.0,8032.0,1.0,0.390625,-0.3446655273,0.3544921875,0.7764892578
169035387.0,2968.0,0.0,2.5625,-0.85546875,-2.01171875,0
169042419.0,7032.0,1.0,0.3950805664,-0.3463745117,0.3548583984,0.7733154297
169045387.0,2968.0,0.0,2.2109375,-1.59765625,-2.171875,0
169052419.0,7032.0,1.0,0.399230957,-0.3479614258,0.3558959961,0.7699584961
169055387.0,2968.0,0.0,2.16796875,-1.8515625,-2.29296875,0
169067419.0,12032.0,1.0,0.4028930664,-0.3494873047,0.3575439453,0.7666015625
169071387.0,3968.0,0.0,3.0703125,-1.6953125,-2.98046875,0
169074419.0,3032.0,1.0,0.4061889648,-0.3510742188,0.3598022461,0.7630615234
169077387.0,2968.0,0.0,3.1015625,-1.671875,-2.92578125,0
169082419.0,5032.0,1.0,0.4093017578,-0.352722168,0.3629150391,0.7592163086
169085387.0,2968.0,0.0,3.2578125,-1.7265625,-2.85546875,0
169092419.0,7032.0,1.0,0.4118041992,-0.3541259766,0.3664550781,0.7554321289
169095387.0,2968.0,0.0,3.296875,-1.6875,-2.9765625,0
169102419.0,7032.0,1.0,0.4138793945,-0.3555908203,0.3704833984,0.7516479492
169105387.0,2968.0,0.0,2.8671875,-0.1640625,-3.359375,0
169112419.0,7032.0,1.0,0.4152832031,-0.3573608398,0.3744506836,0.7481079102
169116387.0,3968.0,0.0,2.66796875,-0.171875,-3.6640625,0
169122419.0,6032.0,1.0,0.416015625,-0.3592529297,0.3782958984,0.7448120117
169125387.0,2968.0,0.0,2.4765625,-0.44921875,-4.23046875,0
169132419.0,7032.0,1.0,0.4164428711,-0.3610229492,0.3822631836,0.7416992188
169135387.0,2968.0,0.0,0.5859375,-0.15625,-5.3984375,0
169142419.0,7032.0,1.0,0.4166259766,-0.3626708984,0.3864746094,0.7386474609
169145387.0,2968.0,0.0,-0.76171875,0.85546875,-5.47265625,0
169152419.0,7032.0,1.0,0.4166259766,-0.3641967773,0.390625,0.7356567383
169155387.0,2968.0,0.0,-2.109375,1.94140625,-5.83984375,0
169162419.0,7032.0,1.0,0.4163818359,-0.3659057617,0.3944091797,0.7329101563
169165387.0,2968.0,0.0,-3.234375,2.42578125,-5.72265625,0
169172419.0,7032.0,1.0,0.4158325195,-0.367980957,0.397644043,0.73046875
169175387.0,2968.0,0.0,-4.8125,3.09765625,-4.91015625,0
169182419.0,7032.0,1.0,0.4149780273,-0.3704833984,0.4000854492,0.7283325195
169185387.0,2968.0,0.0,-5.1640625,2.33203125,-4.5703125,0
169192419.0,7032.0,1.0,0.4138183594,-0.3734741211,0.4020385742,0.7263793945
169195387.0,2968.0,0.0,-4.91015625,1.57421875,-4.30078125,0
169202419.0,7032.0,1.0,0.4124755859,-0.3768310547,0.4035644531,0.724609375
169205387.0,2968.0,0.0,-4.421875,1.12109375,-3.7578125,0
169212419.0,7032.0,1.0,0.4110107422,-0.3801879883,0.4049072266,0.7229003906
169215387.0,2968.0,0.0,-3.27734375,0.37109375,-2.8828125,0
169222419.0,7032.0,1.0,0.4094848633,-0.383972168,0.4063720703,0.7209472656
169225387.0,2968.0,0.0,-3.046875,0.875,-2.796875,0
169232419.0,7032.0,1.0,0.4081420898,-0.3875732422,0.4078369141,0.7189331055
169235387.0,2968.0,0.0,-2.82421875,1.3125,-2.82421875,0
169244419.0,9032.0,1.0,0.4069213867,-0.3912353516,0.409362793,0.716796875
169247387.0,2968.0,0.0,-2.94921875,1.68359375,-2.9765625,0
169255419.0,8032.0,1.0,0.4058227539,-0.3950805664,0.4108886719,0.7144165039
169258387.0,2968.0,0.0,-3.98828125,2.04296875,-3.6953125,0
169262419.0,4032.0,1.0,0.4047241211,-0.3991088867,0.4125366211,0.7118530273
169265387.0,2968.0,0.0,-4.41015625,3.25390625,-4.17578125,0
169272419.0,7032.0,1.0,0.4038085938,-0.4029541016,0.4140625,0.7092895508
169275387.0,2968.0,0.0,-4.90625,3.61328125,-4.16796875,0
169282419.0,7032.0,1.0,0.4028930664,-0.4066162109,0.4157104492,0.7067871094
169285387.0,2968.0,0.0,-5.296875,2.94140625,-3.53515625,0
169292419.0,7032.0,1.0,0.4020385742,-0.4100341797,0.4175415039,0.7042236328
169295387.0,2968.0,0.0,-4.26953125,2.265625,-1.421875,0
169302419.0,7032.0,1.0,0.4011230469,-0.4131469727,0.4197387695,0.7015380859
169305387.0,2968.0,0.0,-3.42578125,1.35546875,-1.51953125,0
169312419.0,7032.0,1.0,0.4001464844,-0.4159545898,0.422668457,0.6987304688
169315387.0,2968.0,0.0,-2.63671875,0.28125,-1.4609375,0
169322419.0,7032.0,1.0,0.3991088867,-0.4183349609,0.4264526367,0.6956176758
169325387.0,2968.0,0.0,-2.0703125,-0.76953125,-1.7421875,0
169332419.0,7032.0,1.0,0.3980712891,-0.4202880859,0.4311523438,0.6920776367
169335387.0,2968.0,0.0,-2.92578125,-1.3359375,-2.77734375,0
169342419.0,7032.0,1.0,0.3972167969,-0.4216308594,0.436706543,0.688293457
169345387.0,2968.0,0.0,-3.4765625,-1.19140625,-3.5,0
169353419.0,8032.0,1.0,0.3966064453,-0.4223632813,0.4429321289,0.6842041016
169356387.0,2968.0,0.0,-3.8359375,-0.9609375,-3.72265625,0
169362419.0,6032.0,1.0,0.3961181641,-0.4227294922,0.4494628906,0.6799316406
169365387.0,2968.0,0.0,-4.05078125,0.24609375,-4.1640625,0
169372419.0,7032.0,1.0,0.3957519531,-0.4229125977,0.4560546875,0.6756591797
169375387.0,2968.0,0.0,-4.11328125,-0.02734375,-4.19921875,0
169382419.0,7032.0,1.0,0.3952026367,-0.4230957031,0.4625244141,0.6714477539
169385387.0,2968.0,0.0,-3.76171875,0.22265625,-4.1875,0
169392419.0,7032.0,1.0,0.39453125,-0.4234619141,0.4686279297,0.6674194336
169395387.0,2968.0,0.0,-3.28515625,-0.0546875,-3.796875,0
169407419.0,12032.0,1.0,0.393737793,-0.4240112305,0.4738769531,0.6637573242
169412387.0,4968.0,0.0,-2.6953125,1.171875,-3.83984375,0
169415419.0,3032.0,1.0,0.3928222656,-0.4250488281,0.4787597656,0.6602172852
169418387.0,2968.0,0.0,-2.6796875,1.140625,-3.73046875,0
169422419.0,4032.0,1.0,0.3919067383,-0.4265136719,0.4828491211,0.6567993164
169425387.0,2968.0,0.0,-2.47265625,1.9375,-3.3515625,0
169432419.0,7032.0,1.0,0.3911132813,-0.4284667969,0.4859008789,0.6536865234
169435387.0,2968.0,0.0,-1.53515625,1.890625,-3.3671875,0
169442419.0,7032.0,1.0,0.3903808594,-0.4309692383,0.4880371094,0.6508789063
169445387.0,2968.0,0.0,-0.33203125,0.98828125,-2.32421875,0
169452419.0,7032.0,1.0,0.3895263672,-0.4343261719,0.4896240234,0.6480102539
169455387.0,2968.0,0.0,-0.68359375,1.8515625,-2.45703125,0
169462419.0,7032.0,1.0,0.3887329102,-0.4380493164,0.4904785156,0.645324707
169465387.0,2968.0,0.0,-1.04296875,2.421875,-2.83203125,0
169472419.0,7032.0,1.0,0.387878418,-0.4420166016,0.4907836914,0.6428833008
169475387.0,2968.0,0.0,-1.02734375,2.19921875,-3.20703125,0
169482419.0,7032.0,1.0,0.3872070313,-0.4460449219,0.4906616211,0.640625
169485387.0,2968.0,0.0,-1.80859375,3.3125,-3.625,0
169492419.0,7032.0,1.0,0.3865966797,-0.4500732422,0.4902954102,0.6384277344
169495387.0,2968.0,0.0,-2.0078125,3.5859375,-3.37109375,0
169502419.0,7032.0,1.0,0.3859863281,-0.4539794922,0.4897460938,0.6364746094
169505387.0,2968.0,0.0,-1.296875,3.671875,-2.265625,0
169512419.0,7032.0,1.0,0.3852539063,-0.4578857422,0.4891357422,0.6345825195
169515387.0,2968.0,0.0,0.328125,1.57421875,-0.7109375,0
169522419.0,7032.0,1.0,0.3842163086,-0.461730957,0.4887695313,0.6326904297
169525387.0,2968.0,0.0,1.1953125,0.6171875,0.77734375,0
169532419.0,7032.0,1.0,0.3830566406,-0.4654541016,0.4888916016,0.6306152344
169535387.0,2968.0,0.0,0.328125,0.234375,1.0,0
169542419.0,7032.0,1.0,0.3817749023,-0.4686889648,0.4895019531,0.6284790039
169545387.0,2968.0,0.0,-0.57421875,-0.66015625,0.7734375,0
169552419.0,7032.0,1.0,0.3804321289,-0.4714355469,0.4907836914,0.6262207031
169555387.0,2968.0,0.0,-1.32421875,-0.76953125,-0.40625,0
169562419.0,7032.0,1.0,0.3790893555,-0.4736328125,0.4926147461,0.6239013672
169565387.0,2968.0,0.0,-1.25,-0.875,-0.671875,0
169572419.0,7032.0,1.0,0.3776855469,-0.4753417969,0.4949951172,0.6215820313
169575387.0,2968.0,0.0,-0.98046875,-0.69140625,-0.81640625,0
169582419.0,7032.0,1.0,0.376159668,-0.4768066406,0.4977416992,0.6192016602
169585387.0,2968.0,0.0,-0.16796875,-0.8984375,-0.38671875,0
169592419.0,7032.0,1.0,0.3745117188,-0.4780273438,0.5007324219,0.6168823242
169595387.0,2968.0,0.0,0.55859375,-2.1875,1.1171875,0
169602419.0,7032.0,1.0,0.3724975586,-0.479309082,0.5042114258,0.6142578125
169605387.0,2968.0,0.0,0.55078125,-1.4453125,1.02734375,0
169612419.0,7032.0,1.0,0.3704223633,-0.48046875,0.5075683594,0.6118164063
169616387.0,3968.0,0.0,0.55078125,-1.50390625,1.08203125,0
169622419.0,6032.0,1.0,0.368347168,-0.4816894531,0.5109863281,0.6092529297
169625387.0,2968.0,0.0,0.390625,-2.03515625,0.48828125,0
169632419.0,7032.0,1.0,0.366394043,-0.4829101563,0.5141601563,0.6068115234
169635387.0,2968.0,0.0,-0.4140625,-0.671875,-0.921875,0
169647419.0,12032.0,1.0,0.3643798828,-0.4843139648,0.5171508789,0.604309082
169651387.0,3968.0,0.0,-0.53515625,0.4921875,-1.6328125,0
169654419.0,3032.0,1.0,0.3625488281,-0.4859008789,0.5198364258,0.6018676758
169657387.0,2968.0,0.0,0.23046875,0.25390625,-0.65625,0
169662419.0,5032.0,1.0,0.3605957031,-0.4878540039,0.5222167969,0.5993652344
169665387.0,2968.0,0.0,0.22265625,0.24609375,-0.5703125,0
169672419.0,7032.0,1.0,0.3587646484,-0.4901123047,0.5240478516,0.5970458984
169675387.0,2968.0,0.0,1.48828125,0.62890625,0.359375,0
169682419.0,7032.0,1.0,0.3566894531,-0.4929199219,0.525390625,0.5947875977
169685387.0,2968.0,0.0,1.01953125,1.6328125,0.21484375,0
169692419.0,7032.0,1.0,0.3545532227,-0.4960327148,0.5261230469,0.5927734375
169695387.0,2968.0,0.0,0.3671875,1.3828125,-0.015625,0
169702419.0,7032.0,1.0,0.352355957,-0.4995117188,0.5264282227,0.5908813477
169705387.0,2968.0,0.0,0.0234375,1.50390625,-0.28125,0
169712419.0,7032.0,1.0,0.3501586914,-0.503112793,0.5264282227,0.5891723633
169715387.0,2968.0,0.0,-0.3203125,1.87109375,-1.015625,0
169722419.0,7032.0,1.0,0.3480224609,-0.5068359375,0.5262451172,0.5874023438
169725387.0,2968.0,0.0,-0.4375,2.2421875,-1.703125,0
169733419.0,8032.0,1.0,0.3458862305,-0.5104980469,0.5260620117,0.5856933594
169736387.0,2968.0,0.0,-0.16015625,2.109375,-1.171875,0
169742419.0,6032.0,1.0,0.3436279297,-0.5141601563,0.5258789063,0.583984375
169745387.0,2968.0,0.0,0.8359375,1.66796875,0.66796875,0
169752419.0,7032.0,1.0,0.3412475586,-0.5178222656,0.5258178711,0.5822143555
169755387.0,2968.0,0.0,1.171875,1.19140625,1.07421875,0
169762419.0,7032.0,1.0,0.3386230469,-0.5213012695,0.5258789063,0.5805053711
169765387.0,2968.0,0.0,1.1328125,0.77734375,1.07421875,0
169773419.0,8032.0,1.0,0.3358154297,-0.524597168,0.526184082,0.578918457
169776387.0,2968.0,0.0,0.16796875,1.09375,0.703125,0
169782419.0,6032.0,1.0,0.3330078125,-0.5275878906,0.5266723633,0.5773925781
169785387.0,2968.0,0.0,-1.02734375,0.2421875,0.3828125,0
169792419.0,7032.0,1.0,0.3298339844,-0.5305175781,0.5274047852,0.5758666992
169795387.0,2968.0,0.0,-1.04296875,-0.9140625,0.53515625,0
169802419.0,7032.0,1.0,0.3266601563,-0.5330200195,0.5285644531,0.5742797852
169805387.0,2968.0,0.0,-0.7890625,-1.3515625,0.58203125,0
169813419.0,8032.0,1.0,0.3234863281,-0.5352172852,0.5301513672,0.5725708008
169816387.0,2968.0,0.0,-0.23828125,-1.63671875,0.96875,0
169822419.0,6032.0,1.0,0.3204345703,-0.537109375,0.5321655273,0.5706176758
169825387.0,2968.0,0.0,0.81640625,-1.62109375,0.96875,0
169832419.0,7032.0,1.0,0.317199707,-0.5389404297,0.5346679688,0.568359375
169835387.0,2968.0,0.0,0.52734375,-1.19140625,1.140625,0
169842419.0,7032.0,1.0,0.3140258789,-0.5407104492,0.5372924805,0.5660400391
169845387.0,2968.0,0.0,-0.1875,-1.33203125,0.54296875,0
169853419.0,8032.0,1.0,0.3109130859,-0.5423583984,0.5396728516,0.5638427734
169856387.0,2968.0,0.0,-0.78515625,-0.93359375,-0.328125,0
169868419.0,12032.0,1.0,0.307800293,-0.544128418,0.5416870117,0.5619506836
169873419.0,5000.0,1.0,0.3043823242,-0.5461425781,0.5433349609,0.5602416992
169875387.0,1968.0,0.0,-1.4453125,-0.6328125,-0.32421875,0
169882419.0,7032.0,1.0,0.3006591797,-0.5485229492,0.5444946289,0.5587768555
169885387.0,2968.0,0.0,-1.0078125,-0.3984375,0.22265625,0
169893419.0,8032.0,1.0,0.2969360352,-0.5510864258,0.5452880859,0.5574951172
169896387.0,2968.0,0.0,-0.3359375,-0.98828125,1.01171875,0
169902419.0,6032.0,1.0,0.2931518555,-0.553894043,0.5458984375,0.5560913086
169905387.0,2968.0,0.0,0.67578125,-1.5859375,2.0078125,0
169912419.0,7032.0,1.0,0.2895507813,-0.5567626953,0.5465087891,0.5545043945
169915387.0,2968.0,0.0,0.30859375,-1.36328125,2.234375,0
169923419.0,8032.0,1.0,0.2861328125,-0.5596923828,0.5472412109,0.5526733398
169926387.0,2968.0,0.0,-0.3671875,-0.91015625,1.69921875,0
169932419.0,6032.0,1.0,0.2829589844,-0.5625,0.548034668,0.5506591797
169935387.0,2968.0,0.0,-1.5390625,-0.5,0.671875,0
169942419.0,7032.0,1.0,0.2799072266,-0.565246582,0.5488891602,0.5485229492
169945387.0,2968.0,0.0,-1.5625,-0.15234375,-0.1015625,0
169952419.0,7032.0,1.0,0.2770385742,-0.5679321289,0.5496826172,0.5464477539
169956387.0,3968.0,0.0,-1.34765625,-0.11328125,-0.55859375,0
169962419.0,6032.0,1.0,0.2741699219,-0.5706176758,0.5503540039,0.5443725586
169965387.0,2968.0,0.0,-0.375,-0.0078125,-0.2109375,0
169972419.0,7032.0,1.0,0.2711791992,-0.5733642578,0.5509643555,0.5423583984
169975387.0,2968.0,0.0,1.2109375,0.56640625,1.23828125,0
169982419.0,7032.0,1.0,0.2677001953,-0.5764160156,0.5514526367,0.5402832031
169985387.0,2968.0,0.0,1.609375,0.63671875,1.8125,0
169992419.0,7032.0,1.0,0.2641601563,-0.5794677734,0.5518798828,0.5384521484
169996387.0,3968.0,0.0,1.38671875,0.859375,2.16015625,0
170002419.0,6032.0,1.0,0.2604370117,-0.5824584961,0.5521850586,0.5366210938
170005387.0,2968.0,0.0,0.671875,1.03515625,1.625,0
170012419.0,7032.0,1.0,0.2567138672,-0.5853271484,0.5526123047,0.5349121094
170015387.0,2968.0,0.0,-0.625,0.60546875,0.01171875,0
170022419.0,7032.0,1.0,0.252746582,-0.5881958008,0.5531616211,0.5330810547
170025387.0,2968.0,0.0,-1.3828125,0.6171875,-0.1875,0
170032419.0,7032.0,1.0,0.2489013672,-0.5906982422,0.5540161133,0.5311889648
170036387.0,3968.0,0.0,-1.64453125,-0.23828125,-0.109375,0
170043419.0,7032.0,1.0,0.245300293,-0.592956543,0.5551147461,0.5292358398
170046387.0,2968.0,0.0,-1.72265625,0.04296875,-0.15234375,0
170052419.0,6032.0,1.0,0.2417602539,-0.5949707031,0.5565795898,0.5270385742
170055387.0,2968.0,0.0,-0.41015625,-1.015625,1.6875,0
170067419.0,12032.0,1.0,0.2384033203,-0.5968017578,0.5581665039,0.5247802734
170071387.0,3968.0,0.0,0.27734375,-1.45703125,1.80078125,0
170074419.0,3032.0,1.0,0.2349243164,-0.5986328125,0.5601196289,0.5222167969
170077387.0,2968.0,0.0,0.4296875,-0.71484375,1.12109375,0
170083419.0,6032.0,1.0,0.2313232422,-0.6003417969,0.5625,0.5193481445
170086387.0,2968.0,0.0,0.3828125,-0.73828125,1.20703125,0
170093419.0,7032.0,1.0,0.2280273438,-0.6018066406,0.5648193359,0.5165405273
170096387.0,2968.0,0.0,-0.58203125,-0.03515625,-0.359375,0
170102419.0,6032.0,1.0,0.2248535156,-0.6032104492,0.5672607422,0.5135498047
170105387.0,2968.0,0.0,-0.70703125,0.36328125,-0.65625,0
170113419.0,8032.0,1.0,0.221862793,-0.6046142578,0.5695800781,0.5107421875
170116387.0,2968.0,0.0,-0.82421875,0.30859375,-0.49609375,0
170123419.0,7032.0,1.0,0.2186889648,-0.6062011719,0.5715942383,0.5079345703
170126387.0,2968.0,0.0,-0.79296875,-1.046875,0.45703125,0
170132419.0,6032.0,1.0,0.2152099609,-0.6080322266,0.5732421875,0.5053100586
170135387.0,2968.0,0.0,-1.25390625,0.5,0.609375,0
170142419.0,7032.0,1.0,0.2113647461,-0.610168457,0.5744628906,0.5029907227
170145387.0,2968.0,0.0,-1.0703125,0.97265625,-0.26953125,0
170153419.0,8032.0,1.0,0.2073974609,-0.6124267578,0.5752563477,0.5010375977
170156387.0,2968.0,0.0,-0.88671875,1.2578125,-0.390625,0
170162419.0,6032.0,1.0,0.2035522461,-0.6147460938,0.5756225586,0.4993896484
170165387.0,2968.0,0.0,-0.390625,0.69921875,-0.17578125,0
170173419.0,8032.0,1.0,0.1994018555,-0.6173095703,0.5756225586,0.4978027344
170176387.0,2968.0,0.0,-0.7734375,0.8359375,-0.265625,0
170182419.0,6032.0,1.0,0.1953125,-0.6200561523,0.5752563477,0.4964599609
170185387.0,2968.0,0.0,-1.1953125,0.734375,-0.4765625,0
170193419.0,8032.0,1.0,0.1911010742,-0.6229858398,0.5744628906,0.4954223633
170196387.0,2968.0,0.0,-1.5625,0.328125,-0.546875,0
170202419.0,6032.0,1.0,0.1870117188,-0.6258544922,0.5733642578,0.4946289063
170205387.0,2968.0,0.0,-1.7109375,0.45703125,0.87890625,0
170212419.0,7032.0,1.0,0.1823730469,-0.6290283203,0.5718994141,0.4938964844
170215387.0,2968.0,0.0,-0.9453125,-0.25390625,1.453125,0
170222419.0,7032.0,1.0,0.1774291992,-0.6323242188,0.5703735352,0.4932861328
170225387.0,2968.0,0.0,-0.70703125,0.2578125,1.9609375,0
170233419.0,8032.0,1.0,0.1725463867,-0.6354980469,0.5689086914,0.4926757813
170236387.0,2968.0,0.0,-0.9375,1.4140625,1.88671875,0
170243419.0,7032.0,1.0,0.1675415039,-0.6385498047,0.5674438477,0.4921264648
170246387.0,2968.0,0.0,-1.3515625,1.65234375,1.16796875,0
170253419.0,7032.0,1.0,0.1625366211,-0.641418457,0.5661621094,0.4915771484
170257387.0,3968.0,0.0,-1.421875,1.12109375,0.70703125,0
170264419.0,7032.0,1.0,0.1578369141,-0.6438598633,0.5651855469,0.491027832
170266387.0,1968.0,0.0,-1.61328125,0.546875,0.70703125,0
170273419.0,7032.0,1.0,0.1530151367,-0.6461791992,0.5645751953,0.4901733398
170276387.0,2968.0,0.0,-1.96875,-0.375,1.359375,0
170283419.0,7032.0,1.0,0.1483764648,-0.6481933594,0.564453125,0.4891967773
170286387.0,2968.0,0.0,-3.15625,-0.3828125,0.90234375,0
170292419.0,6032.0,1.0,0.1434326172,-0.6499023438,0.5647583008,0.4879760742
170295387.0,2968.0,0.0,-4.015625,-0.27734375,0.79296875,0
170303419.0,8032.0,1.0,0.1385498047,-0.651184082,0.5656738281,0.4866333008
170306387.0,2968.0,0.0,-4.94140625,-0.70703125,1.0703125,0
170313419.0,7032.0,1.0,0.1339111328,-0.6519165039,0.5672607422,0.4850463867
170316387.0,2968.0,0.0,-6.421875,-1.14453125,1.47265625,0
170323419.0,7032.0,1.0,0.1294555664,-0.6520996094,0.5698242188,0.4830322266
170326387.0,2968.0,0.0,-6.66796875,-1.58984375,1.49609375,0
170333419.0,7032.0,1.0,0.1252441406,-0.6516113281,0.5733642578,0.4805908203
170337387.0,3968.0,0.0,-6.73828125,-1.18359375,1.2421875,0
170343419.0,6032.0,1.0,0.1215820313,-0.6504516602,0.5779418945,0.4776000977
170346387.0,2968.0,0.0,-6.58984375,-1.125,0.73828125,0
170352419.0,6032.0,1.0,0.1185913086,-0.6484985352,0.5835571289,0.4741821289
170355387.0,2968.0,0.0,-5.73828125,-0.83203125,0.6328125,0
170363419.0,8032.0,1.0,0.1161499023,-0.645690918,0.5906982422,0.4697265625
170366387.0,2968.0,0.0,-5.59375,-0.0078125,0.6796875,0
170373419.0,7032.0,1.0,0.114440918,-0.6422119141,0.5986328125,0.4649047852
170376387.0,2968.0,0.0,-5.421875,0.453125,0.19921875,0
170383419.0,7032.0,1.0,0.1131591797,-0.6380004883,0.6072998047,0.4597167969
170386387.0,2968.0,0.0,-5.58203125,1.0625,-0.01171875,0
170392419.0,6032.0,1.0,0.112121582,-0.6333618164,0.6161499023,0.4546508789
170395387.0,2968.0,0.0,-6.05859375,3.35546875,-0.6484375,0
170403419.0,8032.0,1.0,0.1107177734,-0.6276855469,0.6258544922,0.4495849609
170406387.0,2968.0,0.0,-6.84375,4.83984375,-1.47265625,0
170413419.0,7032.0,1.0,0.1086425781,-0.6215209961,0.6351928711,0.4454956055
170416387.0,2968.0,0.0,-8.4765625,6.37890625,-2.19921875,0
170425419.0,9032.0,1.0,0.1055908203,-0.6148071289,0.6441650391,0.4426879883
170428387.0,2968.0,0.0,-9.765625,6.8984375,-3.24609375,0
170435419.0,7032.0,1.0,0.1015014648,-0.6071166992,0.6530151367,0.4412841797
170438387.0,2968.0,0.0,-10.44921875,8.9921875,-4.50390625,0
170442419.0,4032.0,1.0,0.0960693359,-0.598449707,0.6615600586,0.4414672852
170445387.0,2968.0,0.0,-10.55859375,10.25390625,-5.71875,0
170453419.0,8032.0,1.0,0.0889282227,-0.5889282227,0.6695556641,0.4437866211
170456387.0,2968.0,0.0,-10.68359375,11.4296875,-4.76953125,0
170463419.0,7032.0,1.0,0.0797119141,-0.578918457,0.6760253906,0.4488525391
170466387.0,2968.0,0.0,-10.04296875,12.25390625,-5.171875,0
170473419.0,7032.0,1.0,0.0678100586,-0.5687255859,0.6803588867,0.4572753906
170476387.0,2968.0,0.0,-8.765625,12.9765625,-3.9765625,0
170483419.0,7032.0,1.0,0.0529785156,-0.5582275391,0.6823120117,0.4690551758
170486387.0,2968.0,0.0,-8.8671875,8.8984375,-3.88671875,0
170493419.0,7032.0,1.0,0.038269043,-0.5466918945,0.6842041016,0.4812011719
170496387.0,2968.0,0.0,-9.1875,-4.32421875,-0.7890625,0
170505419.0,9032.0,1.0,0.0263061523,-0.5345458984,0.686340332,0.4923706055
170508387.0,2968.0,0.0,-8.17578125,0.26171875,-3.4453125,0
170515419.0,7032.0,1.0,0.012878418,-0.5205688477,0.6849365234,0.5096435547
170518387.0,2968.0,0.0,-2.48828125,20.04296875,-11.734375,0
170523419.0,5032.0,1.0,0.001953125,0.505859375,-0.6774291992,-0.533996582
170526387.0,2968.0,0.0,0.26171875,12.6171875,-13.14453125,0
170533419.0,7032.0,1.0,0.0160522461,0.4901123047,-0.6651611328,-0.5630493164
170536387.0,2968.0,0.0,2.49609375,0.8359375,-12.4375,0
170548419.0,12032.0,1.0,0.0256958008,0.4749145508,-0.6517333984,-0.5907592773
170553387.0,4968.0,0.0,-1.5390625,-6.89453125,-3.109375,0
170556419.0,3032.0,1.0,0.0309448242,0.4603271484,-0.6373291016,-0.6172485352
170559387.0,2968.0,0.0,-1.5234375,-7.11328125,-3.7421875,0
170563419.0,4032.0,1.0,0.0325317383,0.4451904297,-0.620300293,-0.6449584961
170566387.0,2968.0,0.0,-1.33984375,-8.37109375,-1.21875,0
170573419.0,7032.0,1.0,0.0302734375,0.4323730469,-0.6041259766,-0.6687011719
170576387.0,2968.0,0.0,-0.15234375,-10.33984375,-0.95703125,0
170582419.0,6032.0,1.0,0.0248413086,0.4205932617,-0.5876464844,-0.6907348633
170585387.0,2968.0,0.0,3.09765625,-12.5234375,-0.19921875,0
170593419.0,8032.0,1.0,0.015625,0.4088745117,-0.5700683594,-0.7124633789
170596387.0,2968.0,0.0,4.58203125,-13.59765625,-0.92578125,0
170603419.0,7032.0,1.0,0.0034179687,0.3982543945,-0.553894043,-0.7312011719
170606387.0,2968.0,0.0,5.87109375,-13.5546875,-0.98828125,0
170613419.0,7032.0,1.0,0.0112915039,-0.3885498047,0.5391235352,0.7471313477
170616387.0,2968.0,0.0,7.3203125,-12.171875,-1.04296875,0
170628419.0,12032.0,1.0,0.0272216797,-0.3800048828,0.5256958008,0.760559082
170632387.0,3968.0,0.0,7.6171875,-8.8984375,-1.34375,0
170635419.0,3032.0,1.0,0.0445556641,-0.3720703125,0.5125732422,0.7725830078
170638387.0,2968.0,0.0,7.765625,-8.703125,-1.7421875,0
170642419.0,4032.0,1.0,0.0626831055,-0.3648071289,0.4994506836,0.7832641602
170645387.0,2968.0,0.0,7.4765625,-8.25390625,-1.95703125,0
170653419.0,8032.0,1.0,0.0814819336,-0.3580932617,0.4865112305,0.7927246094
170656387.0,2968.0,0.0,7.33984375,-7.9375,-1.80859375,0
170663419.0,7032.0,1.0,0.1001586914,-0.3521118164,0.4743041992,0.8006591797
170666387.0,2968.0,0.0,7.34375,-7.2421875,-1.1015625,0
170673419.0,7032.0,1.0,0.118347168,-0.3468017578,0.4626464844,0.8073120117
170676387.0,2968.0,0.0,7.0703125,-6.84765625,-0.81640625,0
170685419.0,9032.0,1.0,0.1352539063,-0.3423461914,0.4517211914,0.8126831055
170688387.0,2968.0,0.0,6.76953125,-6.8359375,-0.43359375,0
170695419.0,7032.0,1.0,0.1528320313,-0.3381958008,0.440612793,0.8173828125
170698387.0,2968.0,0.0,6.62890625,-6.890625,-0.15234375,0
170702419.0,4032.0,1.0,0.1697387695,-0.3345947266,0.430480957,0.8209228516
170705387.0,2968.0,0.0,6.66796875,-7.65234375,0.38671875,0
170713419.0,8032.0,1.0,0.1870117188,-0.331237793,0.4210205078,0.823425293
170716387.0,2968.0,0.0,6.96875,-7.640625,0.51953125,0
170723419.0,7032.0,1.0,0.2038574219,-0.3281860352,0.4128417969,0.8248291016
170726387.0,2968.0,0.0,7.10546875,-7.3359375,0.72265625,0
170733419.0,7032.0,1.0,0.2196044922,-0.3254394531,0.4063720703,0.8250732422
170736387.0,2968.0,0.0,7.0390625,-6.25390625,0.96484375,0
170743419.0,7032.0,1.0,0.2359008789,-0.3227539063,0.4007568359,0.8243408203
170746387.0,2968.0,0.0,6.94140625,-5.22265625,1.109375,0
170753419.0,7032.0,1.0,0.2510986328,-0.3203735352,0.3962402344,0.8229370117
170756387.0,2968.0,0.0,6.83203125,-4.28515625,1.0078125,0
170765419.0,9032.0,1.0,0.2651977539,-0.318359375,0.3924560547,0.8211669922
170768387.0,2968.0,0.0,6.56640625,-3.69921875,1.03515625,0
170775419.0,7032.0,1.0,0.2787475586,-0.3165893555,0.3889770508,0.8189697266
170778387.0,2968.0,0.0,5.83203125,-3.04296875,0.921875,0
170783419.0,5032.0,1.0,0.2927856445,-0.3150024414,0.3856201172,0.8162841797
170786387.0,2968.0,0.0,5.44921875,-2.54296875,0.64453125,0
170793419.0,7032.0,1.0,0.3046264648,-0.3139038086,0.3828125,0.8137207031
170796387.0,2968.0,0.0,5.09765625,-1.67578125,0.3203125,0
170803419.0,7032.0,1.0,0.3160400391,-0.3131713867,0.380065918,0.8109130859
170806387.0,2968.0,0.0,4.9765625,-1.42578125,0.03515625,0
170813419.0,7032.0,1.0,0.3267822266,-0.3128662109,0.3773803711,0.8080444336
170816387.0,2968.0,0.0,5.234375,-1.140625,-0.42578125,0
170823419.0,7032.0,1.0,0.336730957,-0.3129882813,0.3748168945,0.8051147461
170826387.0,2968.0,0.0,5.0390625,-1.16015625,-0.50390625,0
170833419.0,7032.0,1.0,0.3460083008,-0.3134765625,0.3723754883,0.8020629883
170836387.0,2968.0,0.0,4.6875,-1.421875,-0.609375,0
170845419.0,9032.0,1.0,0.3541259766,-0.3142700195,0.3704833984,0.7991333008
170848387.0,2968.0,0.0,4.2578125,-1.5390625,-0.3125,0
170855419.0,7032.0,1.0,0.362121582,-0.315246582,0.369140625,0.7957763672
170858387.0,2968.0,0.0,3.33984375,-1.5078125,-0.671875,0
170863419.0,5032.0,1.0,0.3700561523,-0.3163452148,0.3684082031,0.7919921875
170866387.0,2968.0,0.0,2.91015625,-1.0625,-1.1796875,0
170873419.0,7032.0,1.0,0.3767700195,-0.3175048828,0.3682861328,0.7883911133
170876387.0,2968.0,0.0,2.7109375,-0.484375,-1.35546875,0
170883419.0,7032.0,1.0,0.3831787109,-0.3190307617,0.368347168,0.7846679688
170886387.0,2968.0,0.0,2.75,0.3203125,-1.7890625,0
170893419.0,7032.0,1.0,0.3888549805,-0.3209228516,0.368347168,0.7810668945
170896387.0,2968.0,0.0,2.94140625,0.24609375,-2.07421875,0
170903419.0,7032.0,1.0,0.3937988281,-0.3232421875,0.368347168,0.7776489258
170906387.0,2968.0,0.0,2.90625,-0.09765625,-2.00390625,0
170913419.0,7032.0,1.0,0.3980712891,-0.3256835938,0.3685302734,0.7743530273
170916387.0,2968.0,0.0,2.71484375,-0.296875,-2.05078125,0
170923419.0,7032.0,1.0,0.4017944336,-0.328125,0.3692016602,0.7711181641
170926387.0,2968.0,0.0,2.29296875,-0.546875,-2.46875,0
170933419.0,7032.0,1.0,0.4053344727,-0.3305664063,0.3704833984,0.767578125
170936387.0,2968.0,0.0,2.21875,-0.76953125,-2.56640625,0
170943419.0,7032.0,1.0,0.4084472656,-0.3327636719,0.3724365234,0.7639770508
170946387.0,2968.0,0.0,2.37109375,-0.65234375,-2.55078125,0
170953419.0,7032.0,1.0,0.4111938477,-0.3349609375,0.3748779297,0.7603759766
170956387.0,2968.0,0.0,2.56640625,-0.4296875,-2.640625,0
170963419.0,7032.0,1.0,0.4134521484,-0.3370361328,0.3773803711,0.7569580078
170966387.0,2968.0,0.0,2.02734375,0.46484375,-2.76171875,0
170973419.0,7032.0,1.0,0.4154663086,-0.3394165039,0.3801269531,0.7534179688
170976387.0,2968.0,0.0,1.6484375,0.48828125,-3.3046875,0
170983419.0,7032.0,1.0,0.4171142578,-0.3419189453,0.3828735352,0.75
170986387.0,2968.0,0.0,1.109375,0.19921875,-3.65625,0
170993419.0,7032.0,1.0,0.4184570313,-0.3442993164,0.385559082,0.7467651367
170996387.0,2968.0,0.0,0.8828125,0.09375,-3.6875,0
171008419.0,12032.0,1.0,0.4194946289,-0.3464355469,0.3883666992,0.7437744141
171012387.0,3968.0,0.0,1.21875,0.453125,-3.84765625,0
171015419.0,3032.0,1.0,0.4204711914,-0.3485717773,0.3915405273,0.7405395508
171018387.0,2968.0,0.0,1.25,0.453125,-3.77734375,0
171023419.0,5032.0,1.0,0.4212036133,-0.3506469727,0.3950195313,0.7373046875
171026387.0,2968.0,0.0,0.71484375,1.296875,-3.56640625,0
171033419.0,7032.0,1.0,0.4215698242,-0.3526611328,0.3981323242,0.7344360352
171036387.0,2968.0,0.0,0.05859375,1.640625,-3.6875,0
171043419.0,7032.0,1.0,0.4216308594,-0.3549194336,0.4009399414,0.7317504883
171046387.0,2968.0,0.0,-1.671875,2.24609375,-3.87890625,0
171053419.0,7032.0,1.0,0.4213867188,-0.3573608398,0.4033203125,0.7293701172
171056387.0,2968.0,0.0,-2.26171875,2.0234375,-3.953125,0
171063419.0,7032.0,1.0,0.4208984375,-0.3601074219,0.4052734375,0.7272338867
171066387.0,2968.0,0.0,-2.5,1.11328125,-3.61328125,0
171073419.0,7032.0,1.0,0.4202270508,-0.3630981445,0.4069824219,0.7252197266
171076387.0,2968.0,0.0,-3.42578125,0.20703125,-2.73828125,0
171083419.0,7032.0,1.0,0.4194335938,-0.3661499023,0.4085693359,0.7232666016
171086387.0,2968.0,0.0,-3.78515625,0.26171875,-2.70703125,0
171093419.0,7032.0,1.0,0.4187011719,-0.3692016602,0.4102172852,0.7211914063
171097387.0,3968.0,0.0,-4.015625,0.57421875,-2.859375,0
171103419.0,6032.0,1.0,0.4180297852,-0.3721923828,0.4120483398,0.7189941406
171106387.0,2968.0,0.0,-4.03125,1.234375,-2.62890625,0
171113419.0,7032.0,1.0,0.4174194336,-0.3751220703,0.4139404297,0.7167358398
171116387.0,2968.0,0.0,-3.578125,0.859375,-1.67578125,0
171123419.0,7032.0,1.0,0.416809082,-0.3782348633,0.416015625,0.7142944336
171126387.0,2968.0,0.0,-3.35546875,0.9921875,-1.70703125,0
171133419.0,7032.0,1.0,0.4161376953,-0.3814086914,0.4180297852,0.711730957
171137387.0,3968.0,0.0,-2.703125,1.234375,-1.58984375,0
171143419.0,6032.0,1.0,0.4154663086,-0.3846435547,0.4201049805,0.7091674805
171146387.0,2968.0,0.0,-2.09765625,1.0234375,-1.53515625,0
171153419.0,7032.0,1.0,0.4147949219,-0.387878418,0.4221191406,0.7066040039
171156387.0,2968.0,0.0,-1.51953125,0.80078125,-2.296875,0
171163419.0,7032.0,1.0,0.4140014648,-0.3914794922,0.4243774414,0.7037353516
171166387.0,2968.0,0.0,-1.296875,1.20703125,-2.88671875,0
171173419.0,7032.0,1.0,0.413269043,-0.3952026367,0.4264526367,0.7008056641
171176387.0,2968.0,0.0,-0.9140625,1.296875,-3.375,0
171183419.0,7032.0,1.0,0.4124145508,-0.3989868164,0.4282836914,0.698059082
171186387.0,2968.0,0.0,-0.8828125,1.3984375,-3.81640625,0
171193419.0,7032.0,1.0,0.4113769531,-0.4031982422,0.4297485352,0.6953735352
171196387.0,2968.0,0.0,-1.80078125,1.8125,-3.72265625,0
171208419.0,12032.0,1.0,0.4102783203,-0.4072875977,0.4306640625,0.6930541992
171212387.0,3968.0,0.0,-2.3828125,0.5703125,-3.09375,0
171215419.0,3032.0,1.0,0.4088134766,-0.4118652344,0.4313354492,0.6907958984
171218387.0,2968.0,0.0,-2.26953125,0.14453125,-2.25,0
171223419.0,5032.0,1.0,0.4071044922,-0.4166259766,0.4320678711,0.6885375977
171226387.0,2968.0,0.0,-2.23828125,0.18359375,-2.15625,0
171233419.0,7032.0,1.0,0.4053344727,-0.4210205078,0.4329223633,0.6862792969
171236387.0,2968.0,0.0,-2.40625,-1.328125,-1.71875,0
171243419.0,7032.0,1.0,0.4036254883,-0.4252319336,0.4343261719,0.6838378906
171246387.0,2968.0,0.0,-3.32421875,-0.99609375,-2.734375,0
171254419.0,8032.0,1.0,0.4020996094,-0.428894043,0.436340332,0.6811523438
171257387.0,2968.0,0.0,-4.06640625,-0.71875,-3.515625,0
171263419.0,6032.0,1.0,0.4009399414,-0.4320678711,0.4391479492,0.6780395508
171266387.0,2968.0,0.0,-4.2265625,-0.7109375,-3.98828125,0
171273419.0,7032.0,1.0,0.4000244141,-0.4346923828,0.4423828125,0.6748046875
171276387.0,2968.0,0.0,-3.97265625,-0.375,-3.33984375,0
171283419.0,7032.0,1.0,0.3992919922,-0.4370727539,0.4458007813,0.6713867188
171286387.0,2968.0,0.0,-3.68359375,0.046875,-3.23828125,0
171293419.0,7032.0,1.0,0.3984985352,-0.4395141602,0.4490966797,0.6680908203
171296387.0,2968.0,0.0,-3.3828125,0.08203125,-3.09375,0
171303419.0,7032.0,1.0,0.3975830078,-0.4420166016,0.4520263672,0.6649780273
171306387.0,2968.0,0.0,-3.44140625,0.3515625,-2.953125,0
171313419.0,7032.0,1.0,0.396484375,-0.4447631836,0.4549560547,0.6618041992
171316387.0,2968.0,0.0,-2.8828125,0.734375,-3.08984375,0
171323419.0,7032.0,1.0,0.3953857422,-0.4475097656,0.4576416016,0.6587524414
171326387.0,2968.0,0.0,-2.41015625,0.89453125,-3.59375,0
171334419.0,8032.0,1.0,0.3943481445,-0.4501953125,0.460144043,0.6558227539
171337387.0,2968.0,0.0,-1.93359375,1.35546875,-3.8359375,0
171343419.0,6032.0,1.0,0.3933105469,-0.4526977539,0.4623413086,0.653137207
171346387.0,2968.0,0.0,-1.2578125,1.36328125,-3.6328125,0
171353419.0,7032.0,1.0,0.3920898438,-0.4554443359,0.4645385742,0.6504516602
171356387.0,2968.0,0.0,-1.47265625,1.82421875,-3.703125,0
171363419.0,7032.0,1.0,0.3908081055,-0.458190918,0.4664306641,0.6478881836
171366387.0,2968.0,0.0,-1.734375,1.609375,-2.84375,0
171374419.0,8032.0,1.0,0.3894042969,-0.4609375,0.4683227539,0.6453857422
171377387.0,2968.0,0.0,-2.0234375,0.8046875,-1.9140625,0
171383419.0,6032.0,1.0,0.3880004883,-0.4635009766,0.4703979492,0.6428833008
171386387.0,2968.0,0.0,-1.9609375,0.54296875,-2.2421875,0
171393419.0,7032.0,1.0,0.3867797852,-0.4656982422,0.4727172852,0.6403808594
171396387.0,2968.0,0.0,-2.453125,0.8515625,-2.109375,0
171403419.0,7032.0,1.0,0.3856811523,-0.4675292969,0.4753417969,0.6376953125
171406387.0,2968.0,0.0,-1.6015625,1.1484375,-2.75,0
171414419.0,8032.0,1.0,0.3847045898,-0.4689941406,0.4782714844,0.6350708008
171417387.0,2968.0,0.0,-0.90234375,0.453125,-2.16796875,0
171429419.0,12032.0,1.0,0.3838500977,-0.4701538086,0.4813842773,0.6323852539
171434419.0,5000.0,1.0,0.3827514648,-0.4713134766,0.4848632813,0.6294555664
171436387.0,1968.0,0.0,-0.28515625,-0.7265625,-0.76171875,0
171443419.0,7032.0,1.0,0.3815307617,-0.4724121094,0.4886474609,0.6264648438
171446387.0,2968.0,0.0,-0.96484375,-0.63671875,-0.24609375,0
171453419.0,7032.0,1.0,0.3802490234,-0.4732666016,0.4925537109,0.6235351563
171456387.0,2968.0,0.0,-1.15625,-1.88671875,-0.4140625,0
171463419.0,7032.0,1.0,0.3789672852,-0.4739379883,0.4967041016,0.6204833984
171466387.0,2968.0,0.0,-1.30859375,-0.69140625,-1.0390625,0
171473419.0,7032.0,1.0,0.377746582,-0.4743041992,0.5010986328,0.6174316406
171476387.0,2968.0,0.0,-0.97265625,-0.75390625,-1.18359375,0
171483419.0,7032.0,1.0,0.3765869141,-0.4745483398,0.5056152344,0.6142578125
171486387.0,2968.0,0.0,-0.51171875,-0.9765625,-1.234375,0
171493419.0,7032.0,1.0,0.3754272461,-0.4747924805,0.5098266602,0.611328125
171496387.0,2968.0,0.0,-0.4453125,0.06640625,-1.0625,0
171503419.0,7032.0,1.0,0.3740844727,-0.4752807617,0.5140380859,0.6082763672
171506387.0,2968.0,0.0,-0.22265625,-0.5390625,-0.2734375,0
171513419.0,7032.0,1.0,0.3725585938,-0.4760131836,0.5177001953,0.60546875
171517387.0,3968.0,0.0,0.46875,-1.17578125,0.28125,0
171523419.0,6032.0,1.0,0.3709106445,-0.4771118164,0.5209960938,0.6027832031
171526387.0,2968.0,0.0,0.765625,-0.9609375,0.56640625,0
171533419.0,7032.0,1.0,0.3693847656,-0.4784545898,0.5238037109,0.6002197266
171536387.0,2968.0,0.0,0.57421875,0.25390625,-0.765625,0
171543419.0,7032.0,1.0,0.3677368164,-0.4802856445,0.5263671875,0.5975341797
171546387.0,2968.0,0.0,0.91796875,0.5546875,-1.36328125,0
171553419.0,7032.0,1.0,0.3662719727,-0.4822998047,0.5283203125,0.5950927734
171557387.0,3968.0,0.0,0.60546875,0.67578125,-1.7421875,0
171563419.0,6032.0,1.0,0.3648681641,-0.4846801758,0.5297241211,0.5927734375
171566387.0,2968.0,0.0,0.375,1.7578125,-1.6640625,0
171573419.0,7032.0,1.0,0.3633422852,-0.487487793,0.5307006836,0.5905151367
171576387.0,2968.0,0.0,0.10546875,2.38671875,-0.515625,0
171583419.0,7032.0,1.0,0.3616333008,-0.4907226563,0.5310668945,0.5885620117
171586387.0,2968.0,0.0,-0.0390625,2.02734375,-0.24609375,0
171593419.0,7032.0,1.0,0.3596191406,-0.4943237305,0.5310058594,0.5867919922
171597387.0,3968.0,0.0,-0.19140625,1.7421875,-0.2890625,0
171603419.0,6032.0,1.0,0.357421875,-0.4981079102,0.5306396484,0.5853271484
171606387.0,2968.0,0.0,-0.56640625,2.265625,-0.296875,0
171613419.0,7032.0,1.0,0.3552246094,-0.5016479492,0.5302734375,0.5839233398
171616387.0,2968.0,0.0,0.46875,1.4375,-0.15625,0
171623419.0,7032.0,1.0,0.3530883789,-0.5048828125,0.5301513672,0.5825195313
171626387.0,2968.0,0.0,0.96484375,1.84375,0.51953125,0
171634419.0,8032.0,1.0,0.3509521484,-0.5079345703,0.5305786133,0.5808105469
171637387.0,2968.0,0.0,0.8515625,0.5859375,1.32421875,0
171643419.0,6032.0,1.0,0.3488769531,-0.510559082,0.5315551758,0.5788574219
171646387.0,2968.0,0.0,0.4140625,0.05859375,1.44140625,0
171656419.0,10032.0,1.0,0.3467407227,-0.5130004883,0.5330200195,0.5765991211
171659387.0,2968.0,0.0,-0.859375,-0.515625,0.71484375,0
171663419.0,4032.0,1.0,0.3444824219,-0.5151367188,0.5348510742,0.5743408203
171666387.0,2968.0,0.0,-1.2890625,-0.79296875,0.2265625,0
171674419.0,8032.0,1.0,0.3421020508,-0.5170288086,0.5369873047,0.5720825195
171677387.0,2968.0,0.0,-1.1875,-0.9140625,0.12109375,0
171683419.0,6032.0,1.0,0.3396606445,-0.5186767578,0.5393066406,0.5698852539
171686387.0,2968.0,0.0,-0.3984375,-0.625,0.6953125,0
171693419.0,7032.0,1.0,0.3370361328,-0.5202026367,0.5418701172,0.5676269531
171696387.0,2968.0,0.0,-0.33984375,0.00390625,1.2421875,0
171703419.0,7032.0,1.0,0.3342895508,-0.5217285156,0.5443725586,0.5653686523
171706387.0,2968.0,0.0,-0.31640625,-0.59375,1.86328125,0
171714419.0,8032.0,1.0,0.3314208984,-0.5233764648,0.5469970703,0.5631103516
171717387.0,2968.0,0.0,-0.4921875,-1.7265625,1.73046875,0
171723419.0,6032.0,1.0,0.3285522461,-0.5250244141,0.5493164063,0.5609130859
171726387.0,2968.0,0.0,-1.12890625,-1.015625,0.734375,0
171733419.0,7032.0,1.0,0.3255615234,-0.5269165039,0.5516357422,0.5586547852
171736387.0,2968.0,0.0,-1.18359375,-1.73046875,0.5234375,0
171743419.0,7032.0,1.0,0.3226928711,-0.5289306641,0.553527832,0.5565185547
171746387.0,2968.0,0.0,-0.8984375,-1.046875,-0.01171875,0
171754419.0,8032.0,1.0,0.3198242188,-0.53125,0.5550537109,0.5544433594
171757387.0,2968.0,0.0,-0.3046875,-0.2109375,-0.234375,0
171763419.0,6032.0,1.0,0.3170166016,-0.5339355469,0.5560302734,0.5524902344
171766387.0,2968.0,0.0,0.41015625,0.28515625,-0.0390625,0
171773419.0,7032.0,1.0,0.3142700195,-0.5369873047,0.556640625,0.5504760742
171776387.0,2968.0,0.0,0.43359375,0.859375,-0.23046875,0
171783419.0,7032.0,1.0,0.3114624023,-0.5404052734,0.5568237305,0.5485229492
171786387.0,2968.0,0.0,0.37890625,1.40625,-0.65234375,0
171794419.0,8032.0,1.0,0.3087158203,-0.5439453125,0.556640625,0.5467529297
171797387.0,2968.0,0.0,0.21875,1.3828125,-1.19140625,0
171803419.0,6032.0,1.0,0.3057250977,-0.5478515625,0.5560302734,0.5451660156
171806387.0,2968.0,0.0,-0.7578125,0.859375,-0.6640625,0
171814419.0,8032.0,1.0,0.302734375,-0.5516967773,0.5552368164,0.5438232422
171817387.0,2968.0,0.0,-1.15625,1.40625,-0.36328125,0
171824419.0,7032.0,1.0,0.2996826172,-0.5555419922,0.5542602539,0.5425415039
171827387.0,2968.0,0.0,-0.81640625,1.26953125,0.46484375,0
171834419.0,7032.0,1.0,0.2966308594,-0.5593261719,0.5534667969,0.5411987305
171837387.0,2968.0,0.0,0.5078125,-0.140625,1.21875,0
171843419.0,6032.0,1.0,0.2935180664,-0.5629272461,0.5529174805,0.5396728516
171846387.0,2968.0,0.0,0.453125,-0.48046875,0.7890625,0
171854419.0,8032.0,1.0,0.2904663086,-0.5662841797,0.5527954102,0.5379638672
171858387.0,3968.0,0.0,0.3984375,-0.77734375,0.66015625,0
171865419.0,7032.0,1.0,0.2875366211,-0.5692138672,0.5530395508,0.5361938477
171868387.0,2968.0,0.0,0.68359375,-0.515625,1.08203125,0
171878419.0,10032.0,1.0,0.2844238281,-0.5720214844,0.5536499023,0.5341796875
171881387.0,2968.0,0.0,0.46875,0.09765625,1.5390625,0
171885419.0,4032.0,1.0,0.2813720703,-0.5745849609,0.5545654297,0.532043457
171888387.0,2968.0,0.0,0.7890625,-0.44921875,1.34765625,0
171894419.0,6032.0,1.0,0.2780151367,-0.5772094727,0.555847168,0.5297241211
171897387.0,2968.0,0.0,0.4140625,-0.2265625,1.05078125,0
171904419.0,7032.0,1.0,0.2747192383,-0.5795288086,0.5571899414,0.5275268555
171907387.0,2968.0,0.0,-0.23046875,-0.39453125,0.859375,0
171913419.0,6032.0,1.0,0.2714233398,-0.5816040039,0.55859375,0.5253295898
171916387.0,2968.0,0.0,-1.71875,-0.984375,0.671875,0
171923419.0,7032.0,1.0,0.2678222656,-0.5838012695,0.5603637695,0.5229492188
171926387.0,2968.0,0.0,-1.14453125,-1.0078125,0.49609375,0
171934419.0,8032.0,1.0,0.2644042969,-0.5857543945,0.5621337891,0.5205688477
171937387.0,2968.0,0.0,-0.5703125,-1.26171875,0.84375,0
171944419.0,7032.0,1.0,0.2611694336,-0.5875854492,0.5640869141,0.5180664063
171947387.0,2968.0,0.0,0.01171875,-1.35546875,0.921875,0
171954419.0,7032.0,1.0,0.2579956055,-0.5894165039,0.5660400391,0.5153808594
171957387.0,2968.0,0.0,0.81640625,-0.4140625,0.8515625,0
171964419.0,7032.0,1.0,0.2548217773,-0.5914306641,0.5678100586,0.5126953125
171967387.0,2968.0,0.0,0.5078125,0.03125,0.69921875,0
171974419.0,7032.0,1.0,0.2515869141,-0.5936889648,0.5692138672,0.5101318359
171977387.0,2968.0,0.0,0.078125,0.015625,0.75,0
171984419.0,7032.0,1.0,0.248046875,-0.5962524414,0.5701904297,0.5077514648
171987387.0,2968.0,0.0,-0.453125,-0.14453125,0.86328125,0
171994419.0,7032.0,1.0,0.2442626953,-0.5991210938,0.5707397461,0.5056152344
171997387.0,2968.0,0.0,-1.2578125,-0.91796875,0.7890625,0
172003419.0,6032.0,1.0,0.2404174805,-0.6021118164,0.5709838867,0.5036010742
172006387.0,2968.0,0.0,-1.37109375,-1.43359375,0.78515625,0
172014419.0,8032.0,1.0,0.2365722656,-0.6051635742,0.5712280273,0.5015258789
172017387.0,2968.0,0.0,-0.984375,-1.59375,0.2421875,0
172024419.0,7032.0,1.0,0.2329711914,-0.6080322266,0.5715332031,0.4993286133
172027387.0,2968.0,0.0,0.08984375,0.734375,-0.5234375,0
172034419.0,7032.0,1.0,0.2294311523,-0.6109619141,0.5718994141,0.4970092773
172037387.0,2968.0,0.0,0.703125,1.15625,-0.1484375,0
172044419.0,7032.0,1.0,0.2260131836,-0.6138916016,0.572265625,0.4945678711
172047387.0,2968.0,0.0,1.08203125,0.49609375,0.16015625,0
172054419.0,7032.0,1.0,0.2225341797,-0.6168212891,0.5726318359,0.4920654297
172057387.0,2968.0,0.0,0.9296875,1.06640625,0.62109375,0
172069419.0,12032.0,1.0,0.2189941406,-0.6196899414,0.5728759766,0.4897460938
172074387.0,4968.0,0.0,-0.94921875,0.60546875,0.65625,0
172077419.0,3032.0,1.0,0.2151489258,-0.6225585938,0.5731811523,0.487487793
172080387.0,2968.0,0.0,-0.98828125,0.58984375,0.7265625,0
172084419.0,4032.0,1.0,0.2108154297,-0.6255493164,0.5736083984,0.4850463867
172087387.0,2968.0,0.0,-1.609375,0.265625,1.0703125,0
172094419.0,7032.0,1.0,0.2068481445,-0.6279907227,0.5741577148,0.4829101563
172097387.0,2968.0,0.0,-2.15234375,0.08984375,1.1796875,0
172103419.0,6032.0,1.0,0.2029418945,-0.6302490234,0.5748901367,0.4807128906
172106387.0,2968.0,0.0,-1.6640625,0.45703125,0.5234375,0
172114419.0,8032.0,1.0,0.1989135742,-0.6323852539,0.5759887695,0.4782714844
172117387.0,2968.0,0.0,-1.17578125,0.43359375,0.5546875,0
172124419.0,7032.0,1.0,0.1948242188,-0.6344604492,0.5772705078,0.4757080078
172127387.0,2968.0,0.0,-0.1875,-0.09375,0.671875,0
172134419.0,7032.0,1.0,0.190612793,-0.6363525391,0.5786132813,0.4731445313
172137387.0,2968.0,0.0,-0.05078125,0.33984375,1.015625,0
172144419.0,7032.0,1.0,0.1860961914,-0.6382446289,0.580078125,0.4706420898
172147387.0,2968.0,0.0,-1.0625,0.30859375,1.125,0
172154419.0,7032.0,1.0,0.1815185547,-0.6399536133,0.5814208984,0.4684448242
172158387.0,3968.0,0.0,-1.1640625,-0.1953125,0.92578125,0
172164419.0,6032.0,1.0,0.1768188477,-0.641418457,0.5830078125,0.4662475586
172167387.0,2968.0,0.0,-0.91796875,-0.50390625,0.61328125,0
172174419.0,7032.0,1.0,0.1723632813,-0.6427612305,0.584777832,0.4639282227
172177387.0,2968.0,0.0,-0.78125,-0.84765625,0.41015625,0
172184419.0,7032.0,1.0,0.1680908203,-0.6439208984,0.5865478516,0.4615478516
172187387.0,2968.0,0.0,-1.53515625,-0.45703125,0.328125,0
172194419.0,7032.0,1.0,0.1639404297,-0.6450805664,0.5883789063,0.4591674805
172198387.0,3968.0,0.0,-2.25,-0.57421875,-0.4453125,0
172204419.0,6032.0,1.0,0.1599121094,-0.6462402344,0.5900878906,0.4567871094
172207387.0,2968.0,0.0,-2.80859375,-0.19140625,-0.3828125,0
172214419.0,7032.0,1.0,0.1556396484,-0.6474609375,0.5916137695,0.4544677734
172217387.0,2968.0,0.0,-3.67578125,-0.953125,2.20703125,0
172224419.0,7032.0,1.0,0.1510009766,-0.6487426758,0.5930786133,0.452331543
172227387.0,2968.0,0.0,-4.03515625,-0.80078125,2.453125,0
172234419.0,7032.0,1.0,0.1461791992,-0.6499633789,0.5943603516,0.4504394531
172238387.0,3968.0,0.0,-4.3984375,-0.38671875,2.24609375,0
172244419.0,6032.0,1.0,0.1411132813,-0.6511230469,0.595703125,0.4486694336
172247387.0,2968.0,0.0,-4.69921875,-0.5546875,1.6875,0
172254419.0,7032.0,1.0,0.1359863281,-0.6520385742,0.5970458984,0.4470214844
172257387.0,2968.0,0.0,-4.5,-0.03515625,1.3984375,0
172269419.0,12032.0,1.0,0.1309204102,-0.6527709961,0.5986328125,0.4454345703
172273387.0,3968.0,0.0,-4.05859375,-0.12890625,1.1015625,0
172276419.0,3032.0,1.0,0.1256103516,-0.6533203125,0.600402832,0.4437255859
172279387.0,2968.0,0.0,-4.2421875,0.3828125,0.734375,0
172284419.0,5032.0,1.0,0.119934082,-0.6536254883,0.6025390625,0.4419555664
172287387.0,2968.0,0.0,-4.328125,0.3125,0.7890625,0
172293419.0,6032.0,1.0,0.1149291992,-0.6535644531,0.6046142578,0.4404907227
172296387.0,2968.0,0.0,-5.38671875,1.32421875,0.17578125,0
172304419.0,8032.0,1.0,0.1092529297,-0.653137207,0.6073608398,0.4388427734
172307387.0,2968.0,0.0,-6.23046875,1.28515625,0.15625,0
172314419.0,7032.0,1.0,0.1040649414,-0.6522216797,0.6104736328,0.4371337891
172317387.0,2968.0,0.0,-6.65234375,1.21484375,0.01171875,0
172324419.0,7032.0,1.0,0.0992431641,-0.6507568359,0.6143798828,0.4349975586
172327387.0,2968.0,0.0,-7.0078125,1.02734375,0.41015625,0
172334419.0,7032.0,1.0,0.0949707031,-0.6485595703,0.6192626953,0.4323730469
172337387.0,2968.0,0.0,-7.35546875,1.80859375,-0.8359375,0
172344419.0,7032.0,1.0,0.0913696289,-0.6456298828,0.6248779297,0.4293823242
172347387.0,2968.0,0.0,-7.28515625,3.4296875,-1.65625,0
172354419.0,7032.0,1.0,0.0882568359,-0.6416625977,0.6317138672,0.4259033203
172357387.0,2968.0,0.0,-7.87890625,4.78515625,-2.54296875,0
172364419.0,7032.0,1.0,0.0855712891,-0.6366577148,0.6394042969,0.4224243164
172367387.0,2968.0,0.0,-8.81640625,6.6015625,-3.70703125,0
172374419.0,7032.0,1.0,0.0829467773,-0.6304931641,0.6480102539,0.419128418
172377387.0,2968.0,0.0,-9.72265625,10.4375,-5.13671875,0
172384419.0,7032.0,1.0,0.080078125,-0.6229858398,0.6572265625,0.4165649414
172387387.0,2968.0,0.0,-10.0546875,11.6171875,-5.12890625,0
172394419.0,7032.0,1.0,0.076171875,-0.6143798828,0.6662597656,0.4157104492
172397387.0,2968.0,0.0,-10.8125,12.515625,-5.7109375,0
172406419.0,9032.0,1.0,0.0703735352,-0.6054077148,0.6740112305,0.4174804688
172409387.0,2968.0,0.0,-11.4140625,13.6484375,-5.87890625,0
172416419.0,7032.0,1.0,0.0612182617,-0.5952758789,0.6804199219,0.4229736328
172419387.0,2968.0,0.0,-10.3828125,14.66015625,-6.9375,0
172423419.0,4032.0,1.0,0.048828125,-0.5848999023,0.6845092773,0.432434082
172426387.0,2968.0,0.0,-9.703125,13.64453125,-6.83203125,0
172434419.0,8032.0,1.0,0.0319213867,-0.5737304688,0.6857910156,0.4466552734
172437387.0,2968.0,0.0,-9.8046875,13.125,-5.6640625,0
172444419.0,7032.0,1.0,0.0155639648,-0.5623168945,0.686706543,0.4603881836
172447387.0,2968.0,0.0,-11.5703125,-7.9921875,1.5390625,0
172454419.0,7032.0,1.0,0.0026855469,-0.5494995117,0.689453125,0.4719238281
172457387.0,2968.0,0.0,-6.77734375,3.9765625,-0.42578125,0
172467419.0,10032.0,1.0,0.008972168,0.5358276367,-0.690246582,-0.4861450195
172470387.0,2968.0,0.0,-5.28515625,17.73046875,-4.484375,0
172477419.0,7032.0,1.0,0.0231323242,0.5200805664,-0.685546875,-0.5089111328
172480387.0,2968.0,0.0,-2.3984375,15.70703125,-8.30078125,0
172485419.0,5032.0,1.0,0.0361328125,0.5042114258,-0.6765136719,-0.5355834961
172488387.0,2968.0,0.0,2.6875,5.00390625,-7.25390625,0
172494419.0,6032.0,1.0,0.0468139648,0.4888916016,-0.6643676758,-0.5633544922
172497387.0,2968.0,0.0,-0.69921875,-1.65234375,-11.39453125,0
172504419.0,7032.0,1.0,0.0554199219,0.4741210938,-0.6488037109,-0.5926513672
172507387.0,2968.0,0.0,-3.625,-5.65625,-4.14453125,0
172514419.0,7032.0,1.0,0.0602416992,0.4602661133,-0.6318969727,-0.6207275391
172517387.0,2968.0,0.0,-5.1015625,-10.82421875,-2.7578125,0
172529419.0,12032.0,1.0,0.0598754883,0.4478149414,-0.6165771484,-0.6447753906
172533387.0,3968.0,0.0,1.84765625,-14.328125,0.12109375,0
172536419.0,3032.0,1.0,0.0549316406,0.4360961914,-0.6024169922,-0.6662597656
172539387.0,2968.0,0.0,1.96484375,-14.359375,-0.41796875,0
172544419.0,5032.0,1.0,0.045715332,0.4241333008,-0.5877685547,-0.6873779297
172547387.0,2968.0,0.0,4.23046875,-12.87109375,-0.66796875,0
172554419.0,7032.0,1.0,0.0347900391,0.4142456055,-0.5748901367,-0.7047729492
172557387.0,2968.0,0.0,5.6796875,-11.9609375,-0.63671875,0
172564419.0,7032.0,1.0,0.0215454102,0.4050292969,-0.5618896484,-0.7209472656
172567387.0,2968.0,0.0,7.53125,-10.203125,-0.77734375,0
172574419.0,7032.0,1.0,0.0064086914,0.3965454102,-0.5489501953,-0.7357788086
172577387.0,2968.0,0.0,8.15234375,-9.328125,-1.4296875,0
172586419.0,9032.0,1.0,0.0096435547,-0.3889770508,0.5366821289,0.7487182617
172589387.0,2968.0,0.0,8.59375,-9.046875,-2.1640625,0
172596419.0,7032.0,1.0,0.0270385742,-0.3819580078,0.5247802734,0.7602539063
172599387.0,2968.0,0.0,8.765625,-8.9375,-2.5234375,0
172604419.0,5032.0,1.0,0.0455932617,-0.3753662109,0.5134277344,0.770324707
172607387.0,2968.0,0.0,7.8125,-7.1640625,-2.515625,0
172614419.0,7032.0,1.0,0.0648803711,-0.3692626953,0.5023803711,0.7791137695
172617387.0,2968.0,0.0,7.4609375,-6.1796875,-2.828125,0
172626419.0,9032.0,1.0,0.0831298828,-0.3640136719,0.4920043945,0.7864379883
172629387.0,2968.0,0.0,7.10546875,-5.4609375,-3.1171875,0
172636419.0,7032.0,1.0,0.1017456055,-0.3592529297,0.4810180664,0.7932128906
172639387.0,2968.0,0.0,6.27734375,-4.0078125,-1.7109375,0
172643419.0,4032.0,1.0,0.1198120117,-0.3552246094,0.4696044922,0.7993164063
172646387.0,2968.0,0.0,6.08203125,-4.37890625,-1.11328125,0
172654419.0,8032.0,1.0,0.1373901367,-0.3518066406,0.457824707,0.8048706055
172657387.0,2968.0,0.0,5.96875,-4.88671875,-0.23828125,0
172664419.0,7032.0,1.0,0.1545410156,-0.348815918,0.4463500977,0.8094482422
172667387.0,2968.0,0.0,5.95703125,-5.3203125,0.44140625,0
172674419.0,7032.0,1.0,0.1706542969,-0.3463134766,0.4360961914,0.8128662109
172677387.0,2968.0,0.0,5.734375,-5.69140625,1.1015625,0
172684419.0,7032.0,1.0,0.1875610352,-0.3438720703,0.4262084961,0.8154296875
172687387.0,2968.0,0.0,5.97265625,-5.40234375,0.96875,0
172694419.0,7032.0,1.0,0.2034301758,-0.341796875,0.4174804688,0.8170166016
172697387.0,2968.0,0.0,6.04296875,-5.09765625,0.94921875,0
172706419.0,9032.0,1.0,0.2180786133,-0.3400268555,0.4099121094,0.8177490234
172709387.0,2968.0,0.0,5.9921875,-4.88671875,0.91015625,0
172716419.0,7032.0,1.0,0.2330932617,-0.3384399414,0.4027709961,0.8178710938
172719387.0,2968.0,0.0,5.77734375,-4.66796875,1.11328125,0
172724419.0,5032.0,1.0,0.2484741211,-0.3368530273,0.3962402344,0.817199707
172727387.0,2968.0,0.0,5.7109375,-4.53515625,1.1484375,0
172734419.0,7032.0,1.0,0.2621459961,-0.3355102539,0.3910522461,0.8159179688
172737387.0,2968.0,0.0,5.65234375,-4.0859375,1.0390625,0
172744419.0,7032.0,1.0,0.2755126953,-0.3343505859,0.3865356445,0.8142089844
172747387.0,2968.0,0.0,5.51953125,-3.1875,0.68359375,0
172754419.0,7032.0,1.0,0.2881469727,-0.3334350586,0.3824462891,0.8121337891
172757387.0,2968.0,0.0,4.9921875,-1.57421875,0.22265625,0
172764419.0,7032.0,1.0,0.2998046875,-0.3329467773,0.3786010742,0.8098754883
172767387.0,2968.0,0.0,4.91015625,-1.1796875,-0.18359375,0
172774419.0,7032.0,1.0,0.3107910156,-0.3329467773,0.3746948242,0.8075561523
172777387.0,2968.0,0.0,4.83203125,-0.95703125,-0.51171875,0
172786419.0,9032.0,1.0,0.3206787109,-0.3334960938,0.3709106445,0.8052368164
172789387.0,2968.0,0.0,4.7890625,-0.953125,-0.9453125,0
172796419.0,7032.0,1.0,0.3300170898,-0.3344726563,0.3670043945,0.8027954102
172799387.0,2968.0,0.0,4.24609375,-1.9453125,-1.14453125,0
172804419.0,5032.0,1.0,0.3394165039,-0.3358154297,0.36328125,0.799987793
172807387.0,2968.0,0.0,4.0546875,-2.53515625,-0.9921875,0
172814419.0,7032.0,1.0,0.3477783203,-0.3371582031,0.3605957031,0.7970581055
172817387.0,2968.0,0.0,3.89453125,-2.8203125,-0.85546875,0
172824419.0,7032.0,1.0,0.3557128906,-0.3385009766,0.3588867188,0.793762207
172827387.0,2968.0,0.0,4.0390625,-2.58984375,-0.82421875,0
172834419.0,7032.0,1.0,0.3634033203,-0.3397216797,0.3581542969,0.7901000977
172837387.0,2968.0,0.0,3.95703125,-2.11328125,-1.23828125,0
172844419.0,7032.0,1.0,0.3707275391,-0.3409423828,0.3580932617,0.7861938477
172847387.0,2968.0,0.0,3.7265625,-1.484375,-1.71875,0
172854419.0,7032.0,1.0,0.3773193359,-0.3422241211,0.3584594727,0.7822875977
172857387.0,2968.0,0.0,3.5,-0.72265625,-2.1640625,0
172864419.0,7032.0,1.0,0.3830566406,-0.3436279297,0.3589477539,0.7786865234
172867387.0,2968.0,0.0,3.375,-0.34765625,-2.4453125,0
172874419.0,7032.0,1.0,0.3886108398,-0.3453369141,0.3596801758,0.7747802734
172877387.0,2968.0,0.0,3.29296875,-0.92578125,-2.4453125,0
172884419.0,7032.0,1.0,0.393371582,-0.3471679688,0.3607177734,0.7711181641
172887387.0,2968.0,0.0,3.24609375,-1.140625,-2.40625,0
172894419.0,7032.0,1.0,0.3974609375,-0.3490600586,0.3620605469,0.7675170898
172897387.0,2968.0,0.0,3.1328125,-1.27734375,-2.20703125,0
172904419.0,7032.0,1.0,0.4009399414,-0.3510742188,0.3638305664,0.7639770508
172907387.0,2968.0,0.0,3.203125,-1.515625,-2.54296875,0
172914419.0,7032.0,1.0,0.4037475586,-0.3529052734,0.366027832,0.760559082
172917387.0,2968.0,0.0,3.2734375,-1.55859375,-2.94140625,0
172924419.0,7032.0,1.0,0.40625,-0.3547363281,0.3688964844,0.757019043
172927387.0,2968.0,0.0,3.234375,-0.6640625,-3.56640625,0
172934419.0,7032.0,1.0,0.4081420898,-0.3565063477,0.371887207,0.7536621094
172937387.0,2968.0,0.0,3.07421875,0.2265625,-4.1875,0
172949419.0,12032.0,1.0,0.409362793,-0.3583374023,0.3746337891,0.7507324219
172953387.0,3968.0,0.0,0.9609375,1.87890625,-4.8828125,0
172956419.0,3032.0,1.0,0.4102172852,-0.3604736328,0.3772583008,0.7479858398
172959387.0,2968.0,0.0,0.984375,1.88671875,-4.8203125,0
172964419.0,5032.0,1.0,0.4105224609,-0.3627319336,0.379699707,0.7454223633
172967387.0,2968.0,0.0,0.21875,1.6953125,-4.77734375,0
172974419.0,7032.0,1.0,0.4104614258,-0.3649291992,0.3818969727,0.7432861328
172977387.0,2968.0,0.0,-1.71875,0.9296875,-4.5625,0
172984419.0,7032.0,1.0,0.4100952148,-0.3671875,0.3840942383,0.7412719727
172987387.0,2968.0,0.0,-2.5,1.24609375,-4.76953125,0
172994419.0,7032.0,1.0,0.4094848633,-0.3693847656,0.3862915039,0.7393798828
172997387.0,2968.0,0.0,-3.42578125,1.4296875,-4.046875,0
173004419.0,7032.0,1.0,0.4087524414,-0.3716430664,0.3884887695,0.737487793
173007387.0,2968.0,0.0,-4.515625,1.65234375,-3.5859375,0
173014419.0,7032.0,1.0,0.4078979492,-0.3739624023,0.3905639648,0.7357177734
173017387.0,2968.0,0.0,-4.60546875,0.76953125,-3.1796875,0
173024419.0,7032.0,1.0,0.4068603516,-0.3766479492,0.3924560547,0.7338867188
173027387.0,2968.0,0.0,-3.88671875,0.2421875,-2.6875,0
173034419.0,7032.0,1.0,0.4056396484,-0.379699707,0.3941040039,0.7320556641
173038387.0,3968.0,0.0,-3.82421875,-0.1328125,-1.765625,0
173044419.0,6032.0,1.0,0.4044189453,-0.3831176758,0.3957519531,0.7301025391
173047387.0,2968.0,0.0,-3.515625,-0.39453125,-1.19140625,0
173054419.0,7032.0,1.0,0.4033203125,-0.3862915039,0.3974609375,0.7280883789
173057387.0,2968.0,0.0,-3.02734375,-0.73046875,-0.84375,0
173064419.0,7032.0,1.0,0.4022827148,-0.3897705078,0.3997192383,0.7255859375
173067387.0,2968.0,0.0,-2.83984375,0.08203125,-1.2578125,0
173074419.0,7032.0,1.0,0.4014892578,-0.3930053711,0.40234375,0.7228393555
173077387.0,2968.0,0.0,-2.234375,-0.5234375,-1.66015625,0
173084419.0,7032.0,1.0,0.4007568359,-0.3961791992,0.4055175781,0.7197265625
173087387.0,2968.0,0.0,-2.04296875,-0.6015625,-2.2109375,0
173094419.0,7032.0,1.0,0.4000854492,-0.3994750977,0.408996582,0.7163085938
173097387.0,2968.0,0.0,-2.87890625,1.96484375,-3.44140625,0
173104419.0,7032.0,1.0,0.3993530273,-0.4027709961,0.4122314453,0.7130126953
173107387.0,2968.0,0.0,-3.6875,2.15625,-3.79296875,0
173114419.0,7032.0,1.0,0.3984985352,-0.40625,0.415222168,0.709777832
173117387.0,2968.0,0.0,-3.95703125,3.3828125,-3.99609375,0
173124419.0,7032.0,1.0,0.3975219727,-0.4097900391,0.4178466797,0.7067260742
173127387.0,2968.0,0.0,-3.609375,4.08203125,-4.30859375,0
173134419.0,7032.0,1.0,0.3964233398,-0.4133300781,0.4202270508,0.7038574219
173137387.0,2968.0,0.0,-1.703125,2.1328125,-3.83203125,0
173149419.0,12032.0,1.0,0.3952636719,-0.4166259766,0.4227294922,0.7010498047
173153387.0,3968.0,0.0,-1.140625,1.18359375,-3.8828125,0
173156419.0,3032.0,1.0,0.3939208984,-0.4198608398,0.4255371094,0.6981811523
173159387.0,2968.0,0.0,-2.0234375,0.79296875,-4.04296875,0
173164419.0,5032.0,1.0,0.3923950195,-0.423034668,0.4290771484,0.6949462891
173167387.0,2968.0,0.0,-3.25390625,0.2578125,-4.31640625,0
173174419.0,7032.0,1.0,0.3911132813,-0.4255371094,0.4329833984,0.6917114258
173177387.0,2968.0,0.0,-4.3359375,0.3125,-4.19921875,0
173184419.0,7032.0,1.0,0.3899536133,-0.4274902344,0.4375,0.688293457
173187387.0,2968.0,0.0,-5.27734375,0.01953125,-4.39453125,0
173195419.0,8032.0,1.0,0.3889770508,-0.4290161133,0.442199707,0.6848754883
173198387.0,2968.0,0.0,-5.484375,0.01953125,-4.43359375,0
173204419.0,6032.0,1.0,0.3881225586,-0.4302368164,0.4470214844,0.6815185547
173207387.0,2968.0,0.0,-5.09375,0.41015625,-4.40625,0
173214419.0,7032.0,1.0,0.3873291016,-0.4313354492,0.4519042969,0.6780395508
173217387.0,2968.0,0.0,-4.6875,0.76171875,-3.80078125,0
173224419.0,7032.0,1.0,0.3864746094,-0.4323730469,0.4566040039,0.6746826172
173227387.0,2968.0,0.0,-3.72265625,-0.49609375,-2.92578125,0
173235419.0,8032.0,1.0,0.3856201172,-0.4334106445,0.4614257813,0.6712036133
173238387.0,2968.0,0.0,-2.546875,-1.44921875,-2.5390625,0
173244419.0,6032.0,1.0,0.3847045898,-0.4345092773,0.4658203125,0.66796875
173247387.0,2968.0,0.0,-2.46484375,0.16796875,-3.05859375,0
173254419.0,7032.0,1.0,0.3837280273,-0.4357910156,0.4703369141,0.6645507813
173257387.0,2968.0,0.0,-2.1015625,0.98828125,-3.90625,0
173264419.0,7032.0,1.0,0.3825683594,-0.4373779297,0.473815918,0.6616210938
173267387.0,2968.0,0.0,-2.05859375,1.6171875,-4.45703125,0
173275419.0,8032.0,1.0,0.3814697266,-0.4393310547,0.4764404297,0.6591796875
173278387.0,2968.0,0.0,-2.03515625,1.6171875,-4.36328125,0
173285419.0,7032.0,1.0,0.3804931641,-0.4413452148,0.4784545898,0.6568603516
173288387.0,2968.0,0.0,-2.140625,1.80859375,-2.98046875,0
173294419.0,6032.0,1.0,0.3798828125,-0.4434204102,0.4802246094,0.6546020508
173297387.0,2968.0,0.0,-1.23828125,0.62890625,-2.4140625,0
173304419.0,7032.0,1.0,0.3793334961,-0.4456176758,0.4820556641,0.6520385742
173307387.0,2968.0,0.0,-1.11328125,0.6796875,-1.90625,0
173315419.0,8032.0,1.0,0.3788452148,-0.4479370117,0.4837646484,0.6494750977
173318387.0,2968.0,0.0,-1.09765625,1.68359375,-2.2890625,0
173330419.0,12032.0,1.0,0.3785400391,-0.450012207,0.4852905273,0.6470947266
173335419.0,5000.0,1.0,0.3782348633,-0.4522094727,0.4868164063,0.6445922852
173337387.0,1968.0,0.0,-1.2578125,1.53125,-1.21875,0
173345419.0,8032.0,1.0,0.3778686523,-0.4543457031,0.48828125,0.6421508789
173348387.0,2968.0,0.0,-1.01171875,1.85546875,-0.57421875,0
173354419.0,6032.0,1.0,0.3774414063,-0.4563598633,0.4899291992,0.6397094727
173357387.0,2968.0,0.0,-0.5390625,0.828125,0.15625,0
173364419.0,7032.0,1.0,0.3768310547,-0.4584350586,0.4916381836,0.6372680664
173367387.0,2968.0,0.0,-1.2890625,0.0390625,0.65234375,0
173374419.0,7032.0,1.0,0.3760986328,-0.4603271484,0.4935913086,0.6348266602
173377387.0,2968.0,0.0,-1.9765625,0.078125,0.34765625,0
173385419.0,8032.0,1.0,0.3752441406,-0.4620361328,0.4957275391,0.6323852539
173388387.0,2968.0,0.0,-1.89453125,-0.23046875,-0.1484375,0
173394419.0,6032.0,1.0,0.3743896484,-0.4635009766,0.4981079102,0.6300048828
173397387.0,2968.0,0.0,-0.54296875,-0.95703125,-0.4140625,0
173404419.0,7032.0,1.0,0.3734130859,-0.4647216797,0.500793457,0.6275024414
173407387.0,2968.0,0.0,0.421875,-0.3515625,-1.01953125,0
173414419.0,7032.0,1.0,0.3724365234,-0.4658203125,0.5036010742,0.6250610352
173418387.0,3968.0,0.0,1.37890625,-0.703125,-1.28515625,0
173424419.0,6032.0,1.0,0.3712158203,-0.4669799805,0.5064697266,0.6225585938
173427387.0,2968.0,0.0,1.5703125,-0.828125,-0.5625,0
173434419.0,7032.0,1.0,0.369934082,-0.4681396484,0.5090942383,0.620300293
173437387.0,2968.0,0.0,0.49609375,-0.91796875,-0.36328125,0
173444419.0,7032.0,1.0,0.3682861328,-0.469543457,0.5118408203,0.617980957
173447387.0,2968.0,0.0,-0.1171875,-0.75,-0.8125,0
173454419.0,7032.0,1.0,0.3666381836,-0.4708862305,0.5142822266,0.6159057617
173457387.0,2968.0,0.0,-0.30859375,-0.68359375,-1.0390625,0
173464419.0,7032.0,1.0,0.3650512695,-0.4722900391,0.5165405273,0.6139526367
173467387.0,2968.0,0.0,0.3828125,-0.734375,-1.0390625,0
173475419.0,8032.0,1.0,0.3634033203,-0.4737548828,0.518737793,0.6118774414
173478387.0,2968.0,0.0,1.109375,-0.4375,-0.04296875,0
173484419.0,6032.0,1.0,0.3618774414,-0.4752807617,0.5207519531,0.6099243164
173487387.0,2968.0,0.0,0.8046875,-0.25390625,0.3359375,0
173494419.0,7032.0,1.0,0.3602294922,-0.4769897461,0.5227050781,0.6078491211
173497387.0,2968.0,0.0,0.14453125,0.3203125,0.6796875,0
173505419.0,8032.0,1.0,0.3586425781,-0.4789428711,0.5244140625,0.6058349609
173508387.0,2968.0,0.0,-0.23828125,0.58984375,0.796875,0
173514419.0,6032.0,1.0,0.3569335938,-0.4810791016,0.5259399414,0.6037597656
173517387.0,2968.0,0.0,0.296875,0.8203125,-0.38671875,0
173524419.0,7032.0,1.0,0.3552246094,-0.4833374023,0.5272216797,0.6018676758
173527387.0,2968.0,0.0,0.71875,0.859375,-0.43359375,0
173535419.0,8032.0,1.0,0.3534545898,-0.4857788086,0.5282592773,0.6000366211
173538387.0,2968.0,0.0,1.44921875,1.01953125,-0.24609375,0
173544419.0,6032.0,1.0,0.3516235352,-0.4884643555,0.5289916992,0.5982666016
173547387.0,2968.0,0.0,0.94921875,0.796875,0.4375,0
173554419.0,7032.0,1.0,0.3496704102,-0.4913330078,0.5295410156,0.5965576172
173557387.0,2968.0,0.0,-0.125,0.91796875,0.69921875,0
173569419.0,12032.0,1.0,0.34765625,-0.4942016602,0.5300292969,0.5949707031
173573387.0,3968.0,0.0,-1.34765625,1.01953125,-0.12109375,0
173576419.0,3032.0,1.0,0.3455200195,-0.4970703125,0.5305175781,0.5933837891
173579387.0,2968.0,0.0,-1.234375,1.296875,-0.43359375,0
173584419.0,5032.0,1.0,0.3432006836,-0.5000610352,0.5309448242,0.5918579102
173587387.0,2968.0,0.0,-0.4375,0.53515625,-0.31640625,0
173595419.0,8032.0,1.0,0.3407592773,-0.5028686523,0.5314331055,0.5904541016
173598387.0,2968.0,0.0,0.48046875,0.23046875,0.08984375,0
173604419.0,6032.0,1.0,0.3381347656,-0.5055541992,0.5319213867,0.5891723633
173607387.0,2968.0,0.0,0.6640625,0.421875,0.734375,0
173615419.0,8032.0,1.0,0.3353881836,-0.5083007813,0.5325317383,0.5878295898
173618387.0,2968.0,0.0,0.58203125,0.30078125,0.65234375,0
173624419.0,6032.0,1.0,0.3325805664,-0.5108642578,0.5331420898,0.5866699219
173627387.0,2968.0,0.0,-0.57421875,0.18359375,0.79296875,0
173634419.0,7032.0,1.0,0.3294677734,-0.5134887695,0.5338745117,0.5854492188
173637387.0,2968.0,0.0,-0.27734375,-0.66796875,0.59375,0
173644419.0,7032.0,1.0,0.3263549805,-0.5159301758,0.5347900391,0.5841674805
173647387.0,2968.0,0.0,-0.0234375,-0.875,1.125,0
173655419.0,8032.0,1.0,0.3232421875,-0.5182495117,0.5358886719,0.5828857422
173658387.0,2968.0,0.0,-0.03125,-1.42578125,1.76953125,0
173665419.0,7032.0,1.0,0.3198852539,-0.5204467773,0.5372924805,0.5814819336
173668387.0,2968.0,0.0,0.06640625,-2.0625,2.296875,0
173675419.0,7032.0,1.0,0.3167724609,-0.5224609375,0.5389404297,0.5798950195
173679387.0,3968.0,0.0,-0.6015625,-1.81640625,1.80859375,0
173685419.0,6032.0,1.0,0.313659668,-0.5242919922,0.5408935547,0.5780639648
173688387.0,2968.0,0.0,-1.12109375,-1.80078125,1.46484375,0
173695419.0,7032.0,1.0,0.3107910156,-0.5259399414,0.5431518555,0.5760498047
173698387.0,2968.0,0.0,-1.06640625,-2.1328125,1.390625,0
173704419.0,6032.0,1.0,0.3081054688,-0.5274047852,0.5455932617,0.5737915039
173707387.0,2968.0,0.0,-0.32421875,-1.62109375,0.40625,0
173715419.0,8032.0,1.0,0.3056640625,-0.5287475586,0.5482177734,0.5713500977
173719387.0,3968.0,0.0,-0.2265625,-0.9765625,-0.3984375,0
173725419.0,6032.0,1.0,0.3032226563,-0.5301513672,0.55078125,0.5689086914
173728387.0,2968.0,0.0,-0.01953125,-0.9921875,-0.390625,0
173735419.0,7032.0,1.0,0.30078125,-0.5316772461,0.5531616211,0.56640625
173738387.0,2968.0,0.0,-0.04296875,-0.171875,0.921875,0
173745419.0,7032.0,1.0,0.2981567383,-0.5335083008,0.5554199219,0.5639038086
173748387.0,2968.0,0.0,0.27734375,0.125,1.0078125,0
173755419.0,7032.0,1.0,0.2954711914,-0.5355224609,0.5572509766,0.5615844727
173759387.0,3968.0,0.0,0.5625,-0.00390625,1.046875,0
173765419.0,6032.0,1.0,0.2926635742,-0.5377807617,0.5586547852,0.5594482422
173768387.0,2968.0,0.0,0.73828125,0.06640625,1.2890625,0
173775419.0,7032.0,1.0,0.289855957,-0.540222168,0.5598754883,0.5573730469
173778387.0,2968.0,0.0,0.90625,0.1328125,1.08984375,0
173790419.0,12032.0,1.0,0.2871704102,-0.5426025391,0.5609741211,0.5553588867
173795387.0,4968.0,0.0,0.16015625,1.3671875,0.2421875,0
173798419.0,3032.0,1.0,0.2843017578,-0.5452270508,0.5620117188,0.5532226563
173801387.0,2968.0,0.0,0.0625,1.28125,0.43359375,0
173805419.0,4032.0,1.0,0.28125,-0.548034668,0.5630493164,0.5509643555
173808387.0,2968.0,0.0,0.0390625,1.2734375,0.52734375,0
173814419.0,6032.0,1.0,0.2785644531,-0.5504150391,0.5640258789,0.5488891602
173817387.0,2968.0,0.0,-0.17578125,1.62109375,0.4375,0
173825419.0,8032.0,1.0,0.2755126953,-0.5530395508,0.5651245117,0.5466918945
173828387.0,2968.0,0.0,-0.046875,1.421875,-0.05859375,0
173835419.0,7032.0,1.0,0.2725219727,-0.555480957,0.5662231445,0.5445556641
173838387.0,2968.0,0.0,-0.38671875,1.296875,0.40234375,0
173845419.0,7032.0,1.0,0.26953125,-0.557800293,0.5674438477,0.5424194336
173848387.0,2968.0,0.0,0.01171875,0.67578125,1.24609375,0
173855419.0,7032.0,1.0,0.266418457,-0.5601196289,0.5689086914,0.5400390625
173858387.0,2968.0,0.0,0.48046875,0.6328125,1.90625,0
173865419.0,7032.0,1.0,0.2634887695,-0.5621337891,0.5704956055,0.5376586914
173868387.0,2968.0,0.0,0.6015625,0.578125,1.8984375,0
173875419.0,7032.0,1.0,0.2604980469,-0.5641479492,0.5724487305,0.5350341797
173878387.0,2968.0,0.0,0.2734375,0.0234375,1.48828125,0
173885419.0,7032.0,1.0,0.2573242188,-0.5660400391,0.5745239258,0.5322875977
173888387.0,2968.0,0.0,-0.41796875,0.32421875,1.11328125,0
173895419.0,7032.0,1.0,0.2542114258,-0.5677490234,0.5767211914,0.5295410156
173898387.0,2968.0,0.0,-1.33984375,0.4921875,0.28125,0
173905419.0,7032.0,1.0,0.2510375977,-0.5694580078,0.578918457,0.5268554688
173908387.0,2968.0,0.0,-1.37890625,0.70703125,0.6328125,0
173915419.0,7032.0,1.0,0.2478637695,-0.5711669922,0.5810546875,0.5241699219
173918387.0,2968.0,0.0,-0.7265625,0.5,1.36328125,0
173925419.0,7032.0,1.0,0.2445678711,-0.5729980469,0.5830688477,0.521484375
173928387.0,2968.0,0.0,1.53125,-0.22265625,1.7578125,0
173935419.0,7032.0,1.0,0.2412719727,-0.5748901367,0.5849609375,0.5187988281
173938387.0,2968.0,0.0,1.68359375,-0.23046875,1.3359375,0
173945419.0,7032.0,1.0,0.2379150391,-0.576965332,0.586730957,0.5160522461
173948387.0,2968.0,0.0,1.64453125,-0.55078125,0.734375,0
173955419.0,7032.0,1.0,0.2344360352,-0.5791625977,0.5882568359,0.5133666992
173958387.0,2968.0,0.0,1.4921875,-0.4921875,-0.17578125,0
173965419.0,7032.0,1.0,0.2308349609,-0.5816040039,0.5895996094,0.5108032227
173968387.0,2968.0,0.0,-0.625,0.87109375,-1.70703125,0
173975419.0,7032.0,1.0,0.2272338867,-0.5841064453,0.5905151367,0.5083618164
173978387.0,2968.0,0.0,-1.53515625,1.36328125,-2.1640625,0
173987419.0,9032.0,1.0,0.2237548828,-0.586730957,0.591003418,0.5063476563
173990387.0,2968.0,0.0,-1.421875,1.00390625,-1.63671875,0
173997419.0,7032.0,1.0,0.2200317383,-0.5896606445,0.5910644531,0.5044555664
174000387.0,2968.0,0.0,-0.96484375,0.45703125,-0.41796875,0
174004419.0,4032.0,1.0,0.2161865234,-0.5928344727,0.5907592773,0.502746582
174007387.0,2968.0,0.0,0.0390625,0.796875,0.375,0
174015419.0,8032.0,1.0,0.2119750977,-0.5963745117,0.5900878906,0.5012207031
174018387.0,2968.0,0.0,-0.265625,0.86328125,0.703125,0
174025419.0,7032.0,1.0,0.2077636719,-0.5999145508,0.5891723633,0.4998168945
174028387.0,2968.0,0.0,-1.140625,0.6640625,0.94921875,0
174035419.0,7032.0,1.0,0.2036743164,-0.6034545898,0.5881958008,0.4984130859
174038387.0,2968.0,0.0,-1.671875,0.96484375,0.4765625,0
174045419.0,7032.0,1.0,0.1995849609,-0.6069335938,0.5872192383,0.4969482422
174048387.0,2968.0,0.0,-2.19921875,1.0234375,0.109375,0
174055419.0,7032.0,1.0,0.1958618164,-0.6101074219,0.5864257813,0.4954833984
174058387.0,2968.0,0.0,-2.58203125,0.6328125,0.47265625,0
174065419.0,7032.0,1.0,0.192199707,-0.6132202148,0.5858154297,0.4938354492
174068387.0,2968.0,0.0,-2.65234375,0.28125,0.52734375,0
174075419.0,7032.0,1.0,0.1885375977,-0.6161499023,0.5854492188,0.4920043945
174078387.0,2968.0,0.0,-2.875,0.5703125,0.58984375,0
174085419.0,7032.0,1.0,0.184753418,-0.6188964844,0.5853271484,0.4901123047
174088387.0,2968.0,0.0,-2.1484375,0.6015625,0.94921875,0
174095419.0,7032.0,1.0,0.1809082031,-0.6213989258,0.5855102539,0.4882202148
174098387.0,2968.0,0.0,-1.69921875,0.51171875,1.08984375,0
174105419.0,7032.0,1.0,0.176940918,-0.6236572266,0.5859375,0.4862060547
174108387.0,2968.0,0.0,-1.859375,0.5234375,1.2265625,0
174115419.0,7032.0,1.0,0.1729736328,-0.6256103516,0.5867919922,0.4841308594
174118387.0,2968.0,0.0,-1.8984375,0.03515625,1.6796875,0
174125419.0,7032.0,1.0,0.1690673828,-0.6273193359,0.5880126953,0.4817504883
174128387.0,2968.0,0.0,-1.875,-0.21875,1.859375,0
174135419.0,7032.0,1.0,0.1652832031,-0.6287231445,0.5895996094,0.479309082
174138387.0,2968.0,0.0,-1.85546875,-0.6640625,1.96875,0
174145419.0,7032.0,1.0,0.1615600586,-0.6299438477,0.5914916992,0.4766845703
174148387.0,2968.0,0.0,-1.87109375,-1.046875,1.9921875,0
174155419.0,7032.0,1.0,0.1578369141,-0.6309204102,0.5936279297,0.4739379883
174158387.0,2968.0,0.0,-2.5,-0.84765625,2.25390625,0
174165419.0,7032.0,1.0,0.1540527344,-0.6315917969,0.5960693359,0.4711914063
174168387.0,2968.0,0.0,-2.83203125,-0.91796875,2.515625,0
174175419.0,7032.0,1.0,0.1500854492,-0.6320800781,0.5988769531,0.4683227539
174179387.0,3968.0,0.0,-3.16796875,-0.8046875,2.31640625,0
174186419.0,7032.0,1.0,0.1461791992,-0.6322631836,0.6018676758,0.4653930664
174189387.0,2968.0,0.0,-3.421875,-0.73046875,2.00390625,0
174199419.0,10032.0,1.0,0.1421508789,-0.6320800781,0.6052856445,0.4624023438
174202387.0,2968.0,0.0,-3.53125,-0.8515625,1.0859375,0
174206419.0,4032.0,1.0,0.1379394531,-0.6314697266,0.6094970703,0.4591064453
174209387.0,2968.0,0.0,-4.0390625,-0.82421875,0.3984375,0
174215419.0,6032.0,1.0,0.1340942383,-0.6302490234,0.6141357422,0.4556274414
174218387.0,2968.0,0.0,-4.76953125,-0.6015625,0.1328125,0
174225419.0,7032.0,1.0,0.1307373047,-0.6284790039,0.6195678711,0.4517822266
174228387.0,2968.0,0.0,-5.50390625,-0.46484375,-0.05078125,0
174234419.0,6032.0,1.0,0.128112793,-0.626159668,0.6253051758,0.4477539063
174237387.0,2968.0,0.0,-6.04296875,0.1953125,-0.4765625,0
174245419.0,8032.0,1.0,0.1256713867,-0.623046875,0.6322021484,0.4431152344
174248387.0,2968.0,0.0,-6.359375,0.796875,-0.65234375,0
174255419.0,7032.0,1.0,0.1235961914,-0.6195068359,0.6392211914,0.4385986328
174258387.0,2968.0,0.0,-6.64453125,1.1484375,-0.91796875,0
174265419.0,7032.0,1.0,0.1215209961,-0.6154785156,0.6464233398,0.4342041016
174268387.0,2968.0,0.0,-6.80859375,1.875,-1.1328125,0
174275419.0,7032.0,1.0,0.1192626953,-0.6110839844,0.653503418,0.4304199219
174278387.0,2968.0,0.0,-6.578125,3.1328125,-2.2578125,0
174285419.0,7032.0,1.0,0.1165161133,-0.6062011719,0.6605834961,0.4273071289
174288387.0,2968.0,0.0,-6.98046875,4.171875,-3.06640625,0
174295419.0,7032.0,1.0,0.1130371094,-0.6008911133,0.6673583984,0.4251708984
174298387.0,2968.0,0.0,-8.17578125,6.0859375,-4.1328125,0
174305419.0,7032.0,1.0,0.108581543,-0.5951538086,0.6736450195,0.4244384766
174308387.0,2968.0,0.0,-9.2265625,7.625,-6.734375,0
174315419.0,7032.0,1.0,0.1029663086,-0.5888061523,0.6793823242,0.4255371094
174318387.0,2968.0,0.0,-11.23828125,11.125,-7.76953125,0
174325419.0,7032.0,1.0,0.0964355469,-0.58203125,0.6843261719,0.428527832
174328387.0,2968.0,0.0,-10.984375,11.52734375,-8.63671875,0
174335419.0,7032.0,1.0,0.087890625,-0.5743408203,0.6885375977,0.4339599609
174338387.0,2968.0,0.0,-11.078125,13.1015625,-9.49609375,0
174345419.0,7032.0,1.0,0.0772705078,-0.5658569336,0.6916503906,0.442199707
174348387.0,2968.0,0.0,-10.8359375,12.3203125,-6.76171875,0
174355419.0,7032.0,1.0,0.065246582,-0.5568237305,0.6936035156,0.4522705078
174358387.0,2968.0,0.0,-10.45703125,8.8359375,-4.03125,0
174365419.0,7032.0,1.0,0.0532226562,-0.5469970703,0.6957397461,0.4624633789
174368387.0,2968.0,0.0,-10.3515625,2.59375,-2.1875,0
174375419.0,7032.0,1.0,0.0442504883,-0.5358276367,0.7001953125,0.4697265625
174378387.0,2968.0,0.0,-10.4453125,-6.54296875,2.29296875,0
174385419.0,7032.0,1.0,0.0375366211,-0.5235595703,0.7051391602,0.4766845703
174388387.0,2968.0,0.0,-6.00390625,22.40625,-4.94140625,0
174395419.0,7032.0,1.0,0.0274658203,-0.5094604492,0.7051391602,0.4923706055
174398387.0,2968.0,0.0,-2.99609375,25.36328125,-8.78515625,0
174405419.0,7032.0,1.0,0.0154418945,-0.4956665039,0.6986694336,0.5157470703
174408387.0,2968.0,0.0,-0.8359375,16.96484375,-13.0234375,0
174415419.0,7032.0,1.0,0.0028686523,-0.4799804688,0.6867675781,0.5458374023
174418387.0,2968.0,0.0,1.1953125,7.41796875,-15.02734375,0
174424419.0,6032.0,1.0,0.0065307617,0.46484375,-0.6728515625,-0.5754394531
174427387.0,2968.0,0.0,5.9375,-5.6796875,-11.69140625,0
174435419.0,8032.0,1.0,0.0130004883,0.4493408203,-0.6564331055,-0.6058349609
174438387.0,2968.0,0.0,6.6796875,-5.34765625,-10.90625,0
174445419.0,7032.0,1.0,0.0159301758,0.4351196289,-0.638671875,-0.6344604492
174448387.0,2968.0,0.0,3.70703125,-8.96875,-7.16796875,0
174455419.0,7032.0,1.0,0.0152587891,0.4223022461,-0.6201171875,-0.660949707
174458387.0,2968.0,0.0,0.68359375,-12.01953125,-0.37109375,0
174468419.0,10032.0,1.0,0.0109863281,0.4110107422,-0.6022338867,-0.6842651367
174471387.0,2968.0,0.0,2.09375,-16.2109375,3.03515625,0
174475419.0,4032.0,1.0,0.0029907227,0.3998413086,-0.5832519531,-0.70703125
174478387.0,2968.0,0.0,5.0625,-15.734375,2.6328125,0
174485419.0,7032.0,1.0,0.0073852539,-0.3900146484,0.565612793,0.7265625
174488387.0,2968.0,0.0,7.2265625,-15.43359375,1.12109375,0
174495419.0,7032.0,1.0,0.0201416016,-0.3810424805,0.5486450195,0.7438964844
174498387.0,2968.0,0.0,8.5546875,-15.03125,0.64453125,0
174508419.0,10032.0,1.0,0.0340576172,-0.3733520508,0.5334472656,0.7582397461
174511387.0,2968.0,0.0,9.23046875,-13.4375,0.3046875,0
174515419.0,4032.0,1.0,0.05078125,-0.3658447266,0.5178833008,0.7716064453
174518387.0,2968.0,0.0,9.53125,-12.421875,-0.171875,0
174525419.0,7032.0,1.0,0.0678710938,-0.3593139648,0.5040283203,0.7824707031
174528387.0,2968.0,0.0,9.6640625,-11.51171875,-0.8515625,0
174535419.0,7032.0,1.0,0.0855712891,-0.353515625,0.4911499023,0.7915039063
174538387.0,2968.0,0.0,8.45703125,-8.6796875,-1.65625,0
174549419.0,11032.0,1.0,0.1026000977,-0.3485717773,0.4796142578,0.7987060547
174552387.0,2968.0,0.0,7.5390625,-7.49609375,-2.14453125,0
174556419.0,4032.0,1.0,0.1207885742,-0.3439941406,0.4677734375,0.8051757813
174559387.0,2968.0,0.0,6.65234375,-7.140625,-2.05078125,0
174565419.0,6032.0,1.0,0.1384887695,-0.3399658203,0.4565429688,0.8104858398
174568387.0,2968.0,0.0,6.06640625,-6.62109375,-1.78125,0
174575419.0,7032.0,1.0,0.1547851563,-0.3366699219,0.446472168,0.8145141602
174578387.0,2968.0,0.0,5.6171875,-5.98046875,-0.62890625,0
174585419.0,7032.0,1.0,0.1720581055,-0.3334960938,0.4358520508,0.8180541992
174588387.0,2968.0,0.0,5.6640625,-5.76171875,-0.28515625,0
174595419.0,7032.0,1.0,0.1878662109,-0.3309326172,0.4260864258,0.8207397461
174598387.0,2968.0,0.0,5.703125,-5.87890625,-0.17578125,0
174607419.0,9032.0,1.0,0.2023925781,-0.3288574219,0.4174194336,0.8225708008
174610387.0,2968.0,0.0,5.65234375,-6.12109375,-0.125,0
174616419.0,6032.0,1.0,0.2173461914,-0.3269042969,0.4091796875,0.8237304688
174619387.0,2968.0,0.0,5.5234375,-6.5546875,0.1328125,0
174625419.0,6032.0,1.0,0.2324829102,-0.325012207,0.4019775391,0.8238525391
174628387.0,2968.0,0.0,5.68359375,-6.2578125,0.22265625,0
174635419.0,7032.0,1.0,0.2465820313,-0.3233032227,0.396484375,0.823059082
174638387.0,2968.0,0.0,5.921875,-5.65625,0.33984375,0
174645419.0,7032.0,1.0,0.260559082,-0.3217163086,0.3920288086,0.8215332031
174648387.0,2968.0,0.0,6.0078125,-4.7578125,0.484375,0
174655419.0,7032.0,1.0,0.2737426758,-0.3203125,0.3884887695,0.8194580078
174658387.0,2968.0,0.0,5.28125,-3.3828125,0.90625,0
174665419.0,7032.0,1.0,0.2862548828,-0.3192749023,0.3852539063,0.8171386719
174668387.0,2968.0,0.0,4.8203125,-3.1875,0.94921875,0
174675419.0,7032.0,1.0,0.298034668,-0.3186645508,0.3821411133,0.8146362305
174678387.0,2968.0,0.0,4.46875,-3.0859375,0.86328125,0
174686419.0,8032.0,1.0,0.3084106445,-0.3184814453,0.3794555664,0.8120727539
174689387.0,2968.0,0.0,4.28515625,-3.18359375,0.6953125,0
174695419.0,6032.0,1.0,0.3190917969,-0.3184204102,0.3771972656,0.8090209961
174698387.0,2968.0,0.0,4.171875,-3.69921875,0.12890625,0
174705419.0,7032.0,1.0,0.328918457,-0.3184204102,0.3760986328,0.8056030273
174708387.0,2968.0,0.0,4.05078125,-3.25390625,-0.04296875,0
174716419.0,8032.0,1.0,0.3385009766,-0.3184204102,0.3759155273,0.8016967773
174719387.0,2968.0,0.0,3.78125,-2.39453125,-0.31640625,0
174725419.0,6032.0,1.0,0.3472900391,-0.3186645508,0.3762817383,0.797668457
174728387.0,2968.0,0.0,3.28515625,-0.96875,-0.875,0
174735419.0,7032.0,1.0,0.3557128906,-0.3192749023,0.3767089844,0.7935180664
174738387.0,2968.0,0.0,3.2109375,-0.60546875,-1.328125,0
174745419.0,7032.0,1.0,0.36328125,-0.3203735352,0.3768920898,0.7894897461
174748387.0,2968.0,0.0,3.2109375,-0.3359375,-1.65625,0
174755419.0,7032.0,1.0,0.3701171875,-0.3219604492,0.3767700195,0.7857666016
174758387.0,2968.0,0.0,3.1328125,-0.2109375,-1.7578125,0
174765419.0,7032.0,1.0,0.376159668,-0.3237915039,0.3766479492,0.7821655273
174768387.0,2968.0,0.0,2.40625,-0.69921875,-1.80859375,0
174775419.0,7032.0,1.0,0.3821411133,-0.3259887695,0.3767089844,0.7783203125
174778387.0,2968.0,0.0,2.0703125,-1.04296875,-1.625,0
174785419.0,7032.0,1.0,0.3876342773,-0.3280639648,0.3774414063,0.7744140625
174788387.0,2968.0,0.0,1.88671875,-1.234375,-1.90234375,0
174795419.0,7032.0,1.0,0.3928222656,-0.3298950195,0.3789672852,0.7702026367
174798387.0,2968.0,0.0,1.7734375,-1.06640625,-2.12109375,0
174809419.0,11032.0,1.0,0.3975830078,-0.3314208984,0.3811645508,0.7660522461
174812387.0,2968.0,0.0,1.890625,0.125,-2.640625,0
174816419.0,4032.0,1.0,0.4021606445,-0.3330688477,0.3836669922,0.7616577148
174819387.0,2968.0,0.0,1.9765625,0.59375,-2.65625,0
174825419.0,6032.0,1.0,0.4061279297,-0.3352050781,0.385925293,0.7574462891
174828387.0,2968.0,0.0,2.12890625,0.859375,-2.78515625,0
174836419.0,8032.0,1.0,0.4091796875,-0.3377075195,0.3875732422,0.7538452148
174839387.0,2968.0,0.0,2.40625,0.40234375,-2.9921875,0
174845419.0,6032.0,1.0,0.4114379883,-0.3405761719,0.3890380859,0.7505493164
174848387.0,2968.0,0.0,2.328125,0.140625,-2.97265625,0
174855419.0,7032.0,1.0,0.4131469727,-0.3434448242,0.3905029297,0.7475585938
174858387.0,2968.0,0.0,2.1015625,0.1796875,-2.875,0
174865419.0,7032.0,1.0,0.4144897461,-0.3462524414,0.3922119141,0.7446289063
174868387.0,2968.0,0.0,1.90234375,0.05859375,-2.87890625,0
174875419.0,7032.0,1.0,0.4154663086,-0.3488769531,0.3941650391,0.7418212891
174878387.0,2968.0,0.0,1.7890625,0.3125,-3.0,0
174885419.0,7032.0,1.0,0.4161987305,-0.3513183594,0.396484375,0.7390136719
174888387.0,2968.0,0.0,1.28125,0.86328125,-3.20703125,0
174895419.0,7032.0,1.0,0.4167480469,-0.3535766602,0.3989868164,0.736328125
174898387.0,2968.0,0.0,0.96875,1.21875,-2.828125,0
174905419.0,7032.0,1.0,0.4169921875,-0.3556518555,0.4016723633,0.7337036133
174908387.0,2968.0,0.0,0.46484375,1.0625,-2.98046875,0
174915419.0,7032.0,1.0,0.4170532227,-0.3577270508,0.4044189453,0.7311401367
174918387.0,2968.0,0.0,-0.84375,1.0625,-3.5234375,0
174925419.0,7032.0,1.0,0.416809082,-0.3598022461,0.4071044922,0.7287597656
174928387.0,2968.0,0.0,-1.7421875,1.4453125,-3.63671875,0
174935419.0,7032.0,1.0,0.4163208008,-0.3619384766,0.4098510742,0.7264404297
174938387.0,2968.0,0.0,-2.828125,1.73828125,-3.51953125,0
174945419.0,7032.0,1.0,0.4157104492,-0.3640136719,0.4124755859,0.7242431641
174948387.0,2968.0,0.0,-3.9921875,1.546875,-3.2578125,0
174955419.0,7032.0,1.0,0.4149780273,-0.3661499023,0.4149169922,0.7221679688
174958387.0,2968.0,0.0,-4.53515625,1.23046875,-2.8046875,0
174965419.0,7032.0,1.0,0.4141235352,-0.3685913086,0.4173583984,0.7200317383
174968387.0,2968.0,0.0,-4.47265625,0.6953125,-2.84375,0
174975419.0,7032.0,1.0,0.4132080078,-0.37109375,0.4195556641,0.717956543
174979387.0,3968.0,0.0,-4.05859375,0.390625,-2.14453125,0
174985419.0,6032.0,1.0,0.4121704102,-0.3739013672,0.4217529297,0.7158203125
174988387.0,2968.0,0.0,-3.4609375,-0.0703125,-1.56640625,0
174995419.0,7032.0,1.0,0.4111938477,-0.3767089844,0.4240112305,0.7136230469
174998387.0,2968.0,0.0,-1.8984375,-1.328125,-1.14453125,0
175010419.0,12032.0,1.0,0.4100952148,-0.3797607422,0.4264526367,0.7111206055
175014387.0,3968.0,0.0,-1.3671875,-0.25390625,-1.43359375,0
175017419.0,3032.0,1.0,0.4091186523,-0.3829956055,0.4291381836,0.7083740234
175020387.0,2968.0,0.0,-1.8359375,-0.24609375,-2.265625,0
175025419.0,5032.0,1.0,0.4081420898,-0.3864746094,0.4318847656,0.7053222656
175028387.0,2968.0,0.0,-1.796875,-0.23828125,-2.1640625,0
175035419.0,7032.0,1.0,0.4073486328,-0.3898925781,0.4345703125,0.7022705078
175038387.0,2968.0,0.0,-1.3828125,0.84375,-3.78125,0
175045419.0,7032.0,1.0,0.4066772461,-0.393371582,0.4373168945,0.6990356445
175048387.0,2968.0,0.0,-0.921875,1.2421875,-3.9453125,0
175056419.0,8032.0,1.0,0.4061279297,-0.3967895508,0.4400634766,0.6956787109
175059387.0,2968.0,0.0,-0.61328125,1.640625,-3.76953125,0
175065419.0,6032.0,1.0,0.4057006836,-0.4000854492,0.4429931641,0.692199707
175068387.0,2968.0,0.0,-0.390625,2.0390625,-3.28515625,0
175075419.0,7032.0,1.0,0.4052734375,-0.4034423828,0.4458007813,0.688659668
175078387.0,2968.0,0.0,-0.4375,1.96875,-2.9140625,0
175085419.0,7032.0,1.0,0.4046020508,-0.4069824219,0.4483642578,0.6853027344
175088387.0,2968.0,0.0,-0.78125,1.1875,-2.30859375,0
175096419.0,8032.0,1.0,0.4036254883,-0.4108886719,0.4506225586,0.6820678711
175099387.0,2968.0,0.0,-1.4765625,0.97265625,-2.390625,0
175105419.0,6032.0,1.0,0.4024047852,-0.4149169922,0.4526977539,0.6790161133
175108387.0,2968.0,0.0,-2.71875,-0.02734375,-2.9375,0
175115419.0,7032.0,1.0,0.4010009766,-0.4188842773,0.4547119141,0.6759643555
175118387.0,2968.0,0.0,-2.94921875,-0.01171875,-3.55859375,0
175125419.0,7032.0,1.0,0.3997192383,-0.4226074219,0.4568481445,0.6729736328
175128387.0,2968.0,0.0,-3.1171875,-0.03515625,-4.375,0
175136419.0,8032.0,1.0,0.3984375,-0.4260864258,0.4591674805,0.6699829102
175139387.0,2968.0,0.0,-3.4296875,0.24609375,-4.81640625,0
175145419.0,6032.0,1.0,0.397277832,-0.4291992188,0.4616088867,0.6669921875
175148387.0,2968.0,0.0,-4.09375,0.67578125,-4.59375,0
175155419.0,7032.0,1.0,0.3961791992,-0.4323120117,0.4642944336,0.6637573242
175158387.0,2968.0,0.0,-3.91796875,-0.12109375,-3.9921875,0
175165419.0,7032.0,1.0,0.3952026367,-0.4351806641,0.4670410156,0.6605224609
175168387.0,2968.0,0.0,-3.40625,-0.3046875,-3.81640625,0
175176419.0,8032.0,1.0,0.3943481445,-0.4379272461,0.4698486328,0.6572265625
175179387.0,2968.0,0.0,-3.0,0.00390625,-3.74609375,0
175185419.0,6032.0,1.0,0.3936157227,-0.4403686523,0.4724731445,0.6541748047
175188387.0,2968.0,0.0,-2.67578125,0.125,-3.6875,0
175195419.0,7032.0,1.0,0.3928222656,-0.4429931641,0.4751586914,0.6508789063
175198387.0,2968.0,0.0,-2.421875,1.4375,-3.703125,0
175208419.0,10032.0,1.0,0.3919677734,-0.4454956055,0.4774780273,0.6479492188
175211387.0,2968.0,0.0,-2.4453125,1.6796875,-2.58203125,0
175218419.0,7032.0,1.0,0.3910522461,-0.4481811523,0.4797363281,0.6450195313
175221387.0,2968.0,0.0,-2.62109375,1.46875,-2.2890625,0
175225419.0,4032.0,1.0,0.3899536133,-0.4508666992,0.4818725586,0.6422119141
175228387.0,2968.0,0.0,-3.52734375,1.3984375,-1.19921875,0
175235419.0,7032.0,1.0,0.388671875,-0.4537353516,0.4840698242,0.6392822266
175238387.0,2968.0,0.0,-3.31640625,1.63671875,-2.09375,0
175245419.0,7032.0,1.0,0.3873901367,-0.4563598633,0.4861450195,0.6366577148
175248387.0,2968.0,0.0,-3.37890625,1.4921875,-2.8125,0
175256419.0,8032.0,1.0,0.3862304688,-0.4586181641,0.4883422852,0.6340332031
175259387.0,2968.0,0.0,-3.5234375,1.30078125,-2.83203125,0
175265419.0,6032.0,1.0,0.3853759766,-0.4604492188,0.4908447266,0.6312866211
175268387.0,2968.0,0.0,-2.21484375,-0.04296875,-2.40234375,0
175275419.0,7032.0,1.0,0.3847045898,-0.4619750977,0.4937744141,0.6282958984
175279387.0,3968.0,0.0,-1.171875,-0.34765625,-1.703125,0
175286419.0,7032.0,1.0,0.3840942383,-0.4632568359,0.4970703125,0.6251220703
175289387.0,2968.0,0.0,-0.55078125,-1.08203125,-1.11328125,0
175296419.0,7032.0,1.0,0.3835449219,-0.4644165039,0.5007324219,0.6216430664
175299387.0,2968.0,0.0,-0.92578125,-0.2890625,-1.1328125,0
175305419.0,6032.0,1.0,0.3829956055,-0.4654541016,0.5045166016,0.6181640625
175308387.0,2968.0,0.0,-1.875,0.2890625,-1.4140625,0
175316419.0,8032.0,1.0,0.3825073242,-0.4664916992,0.5081176758,0.6147460938
175319387.0,2968.0,0.0,-1.9453125,0.31640625,-2.04296875,0
175325419.0,6032.0,1.0,0.3819580078,-0.4674682617,0.5115966797,0.6113891602
175328387.0,2968.0,0.0,-1.1015625,-0.1484375,-1.6015625,0
175335419.0,7032.0,1.0,0.3814086914,-0.4685058594,0.514831543,0.608215332
175338387.0,2968.0,0.0,-0.0234375,0.6484375,-1.44140625,0
175345419.0,7032.0,1.0,0.3806762695,-0.4696655273,0.5181884766,0.6049194336
175348387.0,2968.0,0.0,0.3984375,1.25390625,-1.1484375,0
175356419.0,8032.0,1.0,0.3798217773,-0.4710083008,0.5211791992,0.6018676758
175359387.0,2968.0,0.0,0.78125,0.2578125,-0.71484375,0
175366419.0,7032.0,1.0,0.3787231445,-0.4725341797,0.5240478516,0.5988769531
175369387.0,2968.0,0.0,0.92578125,0.83203125,-0.39453125,0
175375419.0,6032.0,1.0,0.3776245117,-0.4740600586,0.5264892578,0.5961914063
175378387.0,2968.0,0.0,1.30859375,1.0234375,-0.8828125,0
175385419.0,7032.0,1.0,0.3764038086,-0.4758300781,0.5289306641,0.5934448242
175388387.0,2968.0,0.0,1.38671875,0.29296875,-1.1015625,0
175396419.0,8032.0,1.0,0.3750610352,-0.4776611328,0.5309448242,0.591003418
175399387.0,2968.0,0.0,1.31640625,0.2265625,-1.4375,0
175405419.0,6032.0,1.0,0.3735961914,-0.4796142578,0.5325927734,0.5888671875
175408387.0,2968.0,0.0,1.08984375,-0.38671875,-1.86328125,0
175418419.0,10032.0,1.0,0.3719482422,-0.4818115234,0.533996582,0.5867919922
175421387.0,2968.0,0.0,0.20703125,-0.53125,-0.5703125,0
175425419.0,4032.0,1.0,0.3701782227,-0.4840698242,0.5354003906,0.584777832
175428387.0,2968.0,0.0,-0.375,-0.72265625,0.12109375,0
175435419.0,7032.0,1.0,0.3684082031,-0.486328125,0.5369262695,0.5826416016
175438387.0,2968.0,0.0,-0.6796875,-0.1796875,0.24609375,0
175446419.0,8032.0,1.0,0.3666992188,-0.4884033203,0.5385131836,0.5804443359
175449387.0,2968.0,0.0,-0.64453125,0.35546875,0.01953125,0
175456419.0,7032.0,1.0,0.3650512695,-0.4904785156,0.5401611328,0.5783081055
175459387.0,2968.0,0.0,0.453125,0.32421875,-0.05859375,0
175465419.0,6032.0,1.0,0.36328125,-0.4924926758,0.5417480469,0.5762329102
175468387.0,2968.0,0.0,0.4140625,0.36328125,-0.0546875,0
175476419.0,8032.0,1.0,0.361328125,-0.4946289063,0.5432128906,0.5741577148
175479387.0,2968.0,0.0,0.25390625,0.6328125,0.24609375,0
175486419.0,7032.0,1.0,0.3591918945,-0.496887207,0.5446166992,0.572265625
175489387.0,2968.0,0.0,-0.13671875,0.2109375,0.359375,0
175496419.0,7032.0,1.0,0.3569946289,-0.4991455078,0.5458984375,0.5704345703
175499387.0,2968.0,0.0,-0.4453125,0.05859375,0.32421875,0
175506419.0,7032.0,1.0,0.3547363281,-0.5014038086,0.5473022461,0.5685424805
175509387.0,2968.0,0.0,-0.69140625,0.43359375,0.171875,0
175516419.0,7032.0,1.0,0.3524169922,-0.5035400391,0.5487060547,0.5666503906
175519387.0,2968.0,0.0,-0.5078125,0.01171875,0.05078125,0
175525419.0,6032.0,1.0,0.3502807617,-0.5054931641,0.5501098633,0.5649414063
175528387.0,2968.0,0.0,-0.4765625,0.42578125,-0.25390625,0
175536419.0,8032.0,1.0,0.3479003906,-0.5075073242,0.5516357422,0.5631103516
175539387.0,2968.0,0.0,-0.375,0.33984375,-0.4453125,0
175546419.0,7032.0,1.0,0.3454589844,-0.5095825195,0.5530395508,0.5614013672
175549387.0,2968.0,0.0,-0.19140625,0.2578125,0.171875,0
175556419.0,7032.0,1.0,0.342956543,-0.5116577148,0.5543212891,0.559753418
175559387.0,2968.0,0.0,-0.1328125,0.21875,0.65625,0
175565419.0,6032.0,1.0,0.3403930664,-0.5138549805,0.5554199219,0.5582275391
175568387.0,2968.0,0.0,-0.37109375,0.33203125,0.80078125,0
175575419.0,7032.0,1.0,0.3375854492,-0.5162353516,0.5564575195,0.556640625
175578387.0,2968.0,0.0,-0.23046875,0.203125,0.71875,0
175586419.0,8032.0,1.0,0.334777832,-0.518737793,0.5573730469,0.5551757813
175589387.0,2968.0,0.0,-0.140625,-0.37109375,0.296875,0
175596419.0,7032.0,1.0,0.3319702148,-0.5211181641,0.5582275391,0.5537109375
175599387.0,2968.0,0.0,-0.1484375,-0.265625,0.33203125,0
175606419.0,7032.0,1.0,0.3291625977,-0.5235595703,0.5590820313,0.5522460938
175609387.0,2968.0,0.0,0.48828125,0.33984375,0.70703125,0
175616419.0,7032.0,1.0,0.3262939453,-0.5260620117,0.5598144531,0.5508422852
175620387.0,3968.0,0.0,0.203125,0.41015625,0.81640625,0
175626419.0,6032.0,1.0,0.3233032227,-0.5286254883,0.5603637695,0.5495605469
175629387.0,2968.0,0.0,-0.578125,1.7109375,0.41796875,0
175636419.0,7032.0,1.0,0.3200073242,-0.5314941406,0.560546875,0.5485229492
175639387.0,2968.0,0.0,-0.87109375,1.43359375,0.52734375,0
175651419.0,12032.0,1.0,0.3165893555,-0.5344848633,0.5604248047,0.5477294922
175656387.0,4968.0,0.0,-0.953125,0.1171875,-0.60546875,0
175659419.0,3032.0,1.0,0.3129882813,-0.5376586914,0.5599975586,0.5471191406
175662387.0,2968.0,0.0,-0.6640625,0.22265625,0.33984375,0
175666419.0,4032.0,1.0,0.3090209961,-0.5411987305,0.559387207,0.5465087891
175669387.0,2968.0,0.0,-0.6875,0.21484375,0.40234375,0
175676419.0,7032.0,1.0,0.305480957,-0.5444335938,0.5588378906,0.5458984375
175679387.0,2968.0,0.0,0.5234375,-0.17578125,1.52734375,0
175686419.0,7032.0,1.0,0.3018798828,-0.5477294922,0.5582885742,0.5451660156
175689387.0,2968.0,0.0,0.35546875,0.19921875,1.4375,0
175696419.0,7032.0,1.0,0.2981567383,-0.5511474609,0.5578613281,0.5441894531
175699387.0,2968.0,0.0,0.26171875,-0.07421875,1.34765625,0
175706419.0,7032.0,1.0,0.2945556641,-0.5543823242,0.5574951172,0.5432128906
175709387.0,2968.0,0.0,-0.2890625,-0.3125,0.7890625,0
175715419.0,6032.0,1.0,0.2911376953,-0.5573120117,0.5573120117,0.5422973633
175718387.0,2968.0,0.0,-0.84765625,-0.47265625,-0.91015625,0
175726419.0,8032.0,1.0,0.2875976563,-0.5602416992,0.5571899414,0.5412597656
175729387.0,2968.0,0.0,-0.60546875,-0.91015625,-0.2734375,0
175736419.0,7032.0,1.0,0.284362793,-0.5629272461,0.5571899414,0.540222168
175739387.0,2968.0,0.0,-0.390625,-0.421875,0.46875,0
175746419.0,7032.0,1.0,0.2811279297,-0.565612793,0.5573120117,0.5389404297
175749387.0,2968.0,0.0,-0.0703125,-0.66015625,1.34375,0
175755419.0,6032.0,1.0,0.2780151367,-0.5682373047,0.5575561523,0.5375976563
175758387.0,2968.0,0.0,0.296875,-0.97265625,1.29296875,0
175766419.0,8032.0,1.0,0.2744750977,-0.5710449219,0.5579833984,0.5358886719
175769387.0,2968.0,0.0,-0.26171875,-0.328125,0.59765625,0
175776419.0,7032.0,1.0,0.2711791992,-0.5736083984,0.5584716797,0.534362793
175779387.0,2968.0,0.0,-0.140625,-0.03125,0.359375,0
175786419.0,7032.0,1.0,0.2678222656,-0.5760498047,0.5590820313,0.5328369141
175789387.0,2968.0,0.0,0.06640625,-0.046875,0.65234375,0
175796419.0,7032.0,1.0,0.2645874023,-0.5783081055,0.5598144531,0.53125
175799387.0,2968.0,0.0,0.95703125,0.015625,0.4453125,0
175806419.0,7032.0,1.0,0.2612915039,-0.5805053711,0.5606079102,0.5295410156
175809387.0,2968.0,0.0,0.6640625,0.15234375,0.515625,0
175816419.0,7032.0,1.0,0.2579345703,-0.582824707,0.5614013672,0.5278320313
175819387.0,2968.0,0.0,-0.44140625,0.21484375,0.703125,0
175826419.0,7032.0,1.0,0.2545776367,-0.5850219727,0.5622558594,0.5260620117
175829387.0,2968.0,0.0,-1.46875,-0.1484375,1.00390625,0
175836419.0,7032.0,1.0,0.2512817383,-0.5871582031,0.5632324219,0.5242919922
175839387.0,2968.0,0.0,-2.03515625,-0.8203125,0.64453125,0
175849419.0,10032.0,1.0,0.2482910156,-0.5889282227,0.5643920898,0.5224609375
175852387.0,2968.0,0.0,-1.72265625,-1.375,0.9453125,0
175859419.0,7032.0,1.0,0.2449951172,-0.5908203125,0.5659179688,0.5202026367
175862387.0,2968.0,0.0,-0.87109375,-1.234375,1.6640625,0
175866419.0,4032.0,1.0,0.2421264648,-0.5924072266,0.5676269531,0.5178833008
175869387.0,2968.0,0.0,1.1953125,-0.6015625,0.671875,0
175876419.0,7032.0,1.0,0.239440918,-0.5939941406,0.5694580078,0.5153198242
175879387.0,2968.0,0.0,1.1640625,-0.15625,0.58984375,0
175886419.0,7032.0,1.0,0.2368164063,-0.5956420898,0.5713500977,0.512512207
175889387.0,2968.0,0.0,0.8203125,0.5234375,0.20703125,0
175896419.0,7032.0,1.0,0.2341918945,-0.5973510742,0.573059082,0.5098266602
175899387.0,2968.0,0.0,0.20703125,1.015625,-0.328125,0
175905419.0,6032.0,1.0,0.2314453125,-0.5991821289,0.5743408203,0.5075073242
175908387.0,2968.0,0.0,-1.39453125,0.234375,-0.03515625,0
175916419.0,8032.0,1.0,0.2282104492,-0.6012573242,0.5754394531,0.5052490234
175919387.0,2968.0,0.0,-1.81640625,0.265625,0.49609375,0
175926419.0,7032.0,1.0,0.2248535156,-0.6034545898,0.5762329102,0.5032348633
175929387.0,2968.0,0.0,-1.390625,0.35546875,0.6015625,0
175936419.0,7032.0,1.0,0.2214355469,-0.6057128906,0.5768432617,0.5013427734
175939387.0,2968.0,0.0,-0.43359375,0.30078125,0.63671875,0
175945419.0,6032.0,1.0,0.2180786133,-0.6079711914,0.5772705078,0.4995727539
175948387.0,2968.0,0.0,0.6484375,0.82421875,0.62109375,0
175956419.0,8032.0,1.0,0.2144165039,-0.6104736328,0.5775756836,0.4976806641
175959387.0,2968.0,0.0,1.06640625,0.9296875,0.18359375,0
175966419.0,7032.0,1.0,0.2108764648,-0.6129760742,0.5778198242,0.4959106445
175969387.0,2968.0,0.0,0.9140625,0.30078125,0.09375,0
175976419.0,7032.0,1.0,0.2073974609,-0.6154174805,0.5780029297,0.4940795898
175979387.0,2968.0,0.0,0.078125,0.24609375,0.41796875,0
175986419.0,7032.0,1.0,0.2041015625,-0.6177978516,0.5783081055,0.4921875
175989387.0,2968.0,0.0,-1.1875,0.77734375,0.171875,0
175996419.0,7032.0,1.0,0.2006835938,-0.6201171875,0.5786132813,0.4902954102
175999387.0,2968.0,0.0,-1.2265625,0.1484375,0.58203125,0
176006419.0,7032.0,1.0,0.1971435547,-0.6224365234,0.5789794922,0.4883422852
176009387.0,2968.0,0.0,-0.72265625,-0.25,0.40625,0
176016419.0,7032.0,1.0,0.1934814453,-0.6247558594,0.579284668,0.4865112305
176019387.0,2968.0,0.0,-0.5,-0.11328125,0.3515625,0
176026419.0,7032.0,1.0,0.1895751953,-0.6270141602,0.5795898438,0.4848022461
176029387.0,2968.0,0.0,-0.73046875,-0.13671875,-0.6171875,0
176036419.0,7032.0,1.0,0.1856689453,-0.6290893555,0.5798950195,0.483215332
176039387.0,2968.0,0.0,-1.046875,-0.0859375,-0.79296875,0
176046419.0,7032.0,1.0,0.1817626953,-0.6311035156,0.5803222656,0.481628418
176049387.0,2968.0,0.0,-1.27734375,-0.1171875,-0.47265625,0
176056419.0,7032.0,1.0,0.1779174805,-0.6329345703,0.5808105469,0.4800415039
176059387.0,2968.0,0.0,-1.70703125,-0.8671875,0.953125,0
176066419.0,7032.0,1.0,0.1740112305,-0.6345825195,0.5815429688,0.4783935547
176069387.0,2968.0,0.0,-1.9453125,-1.28125,1.62890625,0
176076419.0,7032.0,1.0,0.1699829102,-0.6361694336,0.5824584961,0.4765625
176080387.0,3968.0,0.0,-1.80078125,-0.8515625,2.296875,0
176087419.0,7032.0,1.0,0.1661376953,-0.637512207,0.5836791992,0.4746704102
176090387.0,2968.0,0.0,-1.65625,-0.1640625,2.3203125,0
176100419.0,10032.0,1.0,0.1621704102,-0.6387329102,0.585144043,0.4725341797
176103387.0,2968.0,0.0,-2.0546875,-0.00390625,1.16015625,0
176107419.0,4032.0,1.0,0.1582641602,-0.6397705078,0.5869140625,0.4702758789
176110387.0,2968.0,0.0,-2.03125,0.1171875,0.875,0
176116419.0,6032.0,1.0,0.1544799805,-0.640625,0.5889282227,0.4678344727
176119387.0,2968.0,0.0,-1.98046875,-0.49609375,0.44140625,0
176126419.0,7032.0,1.0,0.1509399414,-0.6413574219,0.5910644531,0.4653320313
176129387.0,2968.0,0.0,-2.6484375,-0.640625,0.50390625,0
176136419.0,7032.0,1.0,0.1473999023,-0.6419677734,0.5932006836,0.4628295898
176139387.0,2968.0,0.0,-3.9375,-0.328125,1.29296875,0
176146419.0,7032.0,1.0,0.1436767578,-0.6424560547,0.5956420898,0.4602661133
176149387.0,2968.0,0.0,-4.375,-0.28125,1.6640625,0
176156419.0,7032.0,1.0,0.1398925781,-0.6427612305,0.5980834961,0.457824707
176159387.0,2968.0,0.0,-4.4375,-0.66796875,1.91796875,0
176166419.0,7032.0,1.0,0.135925293,-0.6428222656,0.6007080078,0.4554443359
176169387.0,2968.0,0.0,-4.19921875,-0.98046875,2.36328125,0
176176419.0,7032.0,1.0,0.1318969727,-0.6427001953,0.6035766602,0.4530639648
176179387.0,2968.0,0.0,-3.7265625,-0.953125,2.578125,0
176186419.0,7032.0,1.0,0.1275024414,-0.6421508789,0.6070556641,0.4504394531
176189387.0,2968.0,0.0,-3.53515625,-0.8515625,2.3359375,0
176196419.0,7032.0,1.0,0.1232910156,-0.6411743164,0.6109619141,0.4476928711
176199387.0,2968.0,0.0,-3.5,-0.71484375,2.12890625,0
176206419.0,7032.0,1.0,0.1193237305,-0.6397705078,0.6154785156,0.4445800781
176209387.0,2968.0,0.0,-3.73046875,-0.46484375,1.77734375,0
176216419.0,7032.0,1.0,0.1156616211,-0.6377563477,0.6207275391,0.4411010742
176219387.0,2968.0,0.0,-4.3515625,0.515625,0.890625,0
176226419.0,7032.0,1.0,0.1123046875,-0.6350708008,0.6267700195,0.4372558594
176229387.0,2968.0,0.0,-4.83203125,0.96484375,0.4765625,0
176236419.0,7032.0,1.0,0.1094360352,-0.6317749023,0.6334838867,0.4331054688
176239387.0,2968.0,0.0,-5.5,1.03515625,0.328125,0
176246419.0,7032.0,1.0,0.1069335938,-0.6276245117,0.6410522461,0.4285888672
176249387.0,2968.0,0.0,-7.35546875,2.3671875,-0.62890625,0
176256419.0,7032.0,1.0,0.1047363281,-0.6226806641,0.6492919922,0.4239501953
176259387.0,2968.0,0.0,-8.453125,3.32421875,-1.5078125,0
176269419.0,10032.0,1.0,0.1029052734,-0.6170043945,0.6580200195,0.4192504883
176272387.0,2968.0,0.0,-10.015625,5.0390625,-2.9921875,0
176279419.0,7032.0,1.0,0.1010131836,-0.6100463867,0.6677246094,0.4145507813
176282387.0,2968.0,0.0,-11.61328125,6.01953125,-4.32421875,0
176286419.0,4032.0,1.0,0.0988769531,-0.6022338867,0.6773681641,0.4107055664
176289387.0,2968.0,0.0,-13.63671875,10.54296875,-7.55859375,0
176296419.0,7032.0,1.0,0.0958862305,-0.59375,0.6864624023,0.4087524414
176299387.0,2968.0,0.0,-14.046875,11.78515625,-9.6484375,0
176306419.0,7032.0,1.0,0.091003418,-0.5845947266,0.6943969727,0.4096069336
176309387.0,2968.0,0.0,-13.80078125,13.4375,-9.5703125,0
176316419.0,7032.0,1.0,0.0833740234,-0.5749511719,0.7005615234,0.4144287109
176319387.0,2968.0,0.0,-12.79296875,14.78125,-10.23046875,0
176326419.0,7032.0,1.0,0.0731811523,-0.5653686523,0.7044677734,0.4227905273
176329387.0,2968.0,0.0,-10.01953125,12.8125,-8.265625,0
176336419.0,7032.0,1.0,0.0593261719,-0.5549316406,0.7063598633,0.4354248047
176339387.0,2968.0,0.0,-9.11328125,11.18359375,-5.90625,0
176346419.0,7032.0,1.0,0.0435180664,-0.544128418,0.7064208984,0.4505004883
176349387.0,2968.0,0.0,-10.46875,5.3046875,-2.7265625,0
176356419.0,7032.0,1.0,0.0308837891,-0.5328979492,0.7080078125,0.4624023438
176359387.0,2968.0,0.0,-11.5625,-10.30859375,2.52734375,0
176371419.0,12032.0,1.0,0.0227661133,-0.5208129883,0.7115478516,0.4710693359
176375387.0,3968.0,0.0,-1.91015625,22.68359375,-5.3671875,0
176378419.0,3032.0,1.0,0.0137939453,-0.5069580078,0.7121582031,0.4854125977
176381387.0,2968.0,0.0,-2.01171875,22.36328125,-5.6171875,0
176386419.0,5032.0,1.0,0.0020141602,-0.4915161133,0.7061767578,0.5096435547
176389387.0,2968.0,0.0,0.30078125,16.51171875,-10.9140625,0
176396419.0,7032.0,1.0,0.008972168,0.4769287109,-0.6954956055,-0.5374145508
176399387.0,2968.0,0.0,3.6015625,2.5234375,-15.2734375,0
176406419.0,7032.0,1.0,0.0186157227,0.4625854492,-0.680480957,-0.5679321289
176409387.0,2968.0,0.0,6.30078125,0.6015625,-9.625,0
176416419.0,7032.0,1.0,0.0258789062,0.4494628906,-0.6622314453,-0.5989990234
176419387.0,2968.0,0.0,1.75,-5.21875,-8.890625,0
176428419.0,9032.0,1.0,0.0290527344,0.4378662109,-0.6430664063,-0.6276245117
176431387.0,2968.0,0.0,-2.37109375,-12.48828125,-3.80078125,0
176438419.0,7032.0,1.0,0.0269775391,0.4270019531,-0.6251220703,-0.6528320313
176441387.0,2968.0,0.0,-0.97265625,-16.2734375,-2.41796875,0
176446419.0,5032.0,1.0,0.0197753906,0.4167480469,-0.6091308594,-0.6744384766
176449387.0,2968.0,0.0,4.8046875,-14.39453125,-0.22265625,0
176456419.0,7032.0,1.0,0.0091552734,0.4071044922,-0.5942382813,-0.6935424805
176459387.0,2968.0,0.0,6.1953125,-12.234375,-0.5078125,0
176468419.0,9032.0,1.0,0.0032958984,-0.3984375,0.5795288086,0.7108764648
176471387.0,2968.0,0.0,7.1640625,-10.8671875,-0.6875,0
176479419.0,8032.0,1.0,0.0174560547,-0.3905029297,0.5641479492,0.7272949219
176482387.0,2968.0,0.0,8.37890625,-10.390625,-0.55078125,0
176486419.0,4032.0,1.0,0.0330810547,-0.3832397461,0.5482177734,0.7426147461
176489387.0,2968.0,0.0,8.796875,-10.01953125,-0.68359375,0
176496419.0,7032.0,1.0,0.0495605469,-0.3768310547,0.5324707031,0.7563476563
176499387.0,2968.0,0.0,9.0078125,-9.93359375,-1.46484375,0
176506419.0,7032.0,1.0,0.0662841797,-0.3712768555,0.517578125,0.7680664063
176509387.0,2968.0,0.0,9.0078125,-9.67578125,-2.16796875,0
176516419.0,7032.0,1.0,0.082824707,-0.3664550781,0.50390625,0.7777709961
176519387.0,2968.0,0.0,8.16015625,-8.67578125,-1.984375,0
176531419.0,12032.0,1.0,0.1000976563,-0.3619995117,0.4906616211,0.7862548828
176535387.0,3968.0,0.0,7.4609375,-8.05078125,-1.203125,0
176538419.0,3032.0,1.0,0.1177368164,-0.3578491211,0.4783935547,0.7932128906
176541387.0,2968.0,0.0,6.671875,-7.546875,-0.546875,0
176546419.0,5032.0,1.0,0.1358642578,-0.3538818359,0.4671630859,0.798828125
176549387.0,2968.0,0.0,6.7890625,-7.296875,-0.8203125,0
176556419.0,7032.0,1.0,0.1531982422,-0.3503417969,0.4573974609,0.8028564453
176559387.0,2968.0,0.0,5.51171875,-5.875,0.58984375,0
176566419.0,7032.0,1.0,0.1698608398,-0.3471069336,0.4486694336,0.805847168
176569387.0,2968.0,0.0,5.33203125,-5.3046875,1.15234375,0
176576419.0,7032.0,1.0,0.1859130859,-0.3442382813,0.4404296875,0.8080444336
176579387.0,2968.0,0.0,5.1796875,-5.046875,1.3125,0
176586419.0,7032.0,1.0,0.201171875,-0.3417358398,0.4326782227,0.8096313477
176589387.0,2968.0,0.0,5.09375,-4.91796875,1.17578125,0
176596419.0,7032.0,1.0,0.2158203125,-0.3394775391,0.4253540039,0.8107299805
176599387.0,2968.0,0.0,5.15625,-4.640625,0.8203125,0
176609419.0,10032.0,1.0,0.2290039063,-0.3376464844,0.4187011719,0.811340332
176612387.0,2968.0,0.0,5.25,-4.18359375,0.64453125,0
176619419.0,7032.0,1.0,0.2426147461,-0.3359985352,0.4118652344,0.8115234375
176622387.0,2968.0,0.0,5.19140625,-3.94921875,0.51171875,0
176626419.0,4032.0,1.0,0.255065918,-0.3345947266,0.4059448242,0.8112792969
176629387.0,2968.0,0.0,4.80859375,-4.0,0.8515625,0
176636419.0,7032.0,1.0,0.2677612305,-0.3332519531,0.4008178711,0.8103027344
176639387.0,2968.0,0.0,4.6171875,-3.90625,0.859375,0
176646419.0,7032.0,1.0,0.2796020508,-0.3319091797,0.3970947266,0.8087158203
176649387.0,2968.0,0.0,4.53515625,-3.7578125,0.93359375,0
176657419.0,8032.0,1.0,0.2910766602,-0.3304443359,0.39453125,0.8064575195
176660387.0,2968.0,0.0,4.3359375,-3.31640625,1.0234375,0
176666419.0,6032.0,1.0,0.3016357422,-0.3291015625,0.3928833008,0.8039550781
176669387.0,2968.0,0.0,3.75390625,-1.71484375,0.44140625,0
176676419.0,7032.0,1.0,0.3121948242,-0.3278808594,0.3914794922,0.8010864258
176679387.0,2968.0,0.0,3.47265625,-1.03125,-0.01953125,0
176689419.0,10032.0,1.0,0.321472168,-0.3270874023,0.3900756836,0.7984619141
176692387.0,2968.0,0.0,3.2265625,-0.4296875,-0.625,0
176699419.0,7032.0,1.0,0.3303222656,-0.3267211914,0.3883056641,0.7958374023
176702387.0,2968.0,0.0,3.140625,-0.24609375,-1.0078125,0
176706419.0,4032.0,1.0,0.3383178711,-0.3269042969,0.3862304688,0.7933959961
176709387.0,2968.0,0.0,3.1640625,-0.44140625,-1.0703125,0
176716419.0,7032.0,1.0,0.3458251953,-0.3275756836,0.3839111328,0.791015625
176719387.0,2968.0,0.0,3.16015625,-0.6484375,-0.99609375,0
176726419.0,7032.0,1.0,0.3525390625,-0.3284912109,0.3818969727,0.7886352539
176729387.0,2968.0,0.0,3.10546875,-0.890625,-0.97265625,0
176737419.0,8032.0,1.0,0.3588256836,-0.3295288086,0.3803100586,0.7861938477
176740387.0,2968.0,0.0,3.05859375,-1.1015625,-1.1328125,0
176746419.0,6032.0,1.0,0.3648681641,-0.3305053711,0.3794555664,0.7833862305
176749387.0,2968.0,0.0,2.78515625,-1.3984375,-1.32421875,0
176756419.0,7032.0,1.0,0.3707885742,-0.3312988281,0.3794555664,0.7802734375
176759387.0,2968.0,0.0,2.5859375,-0.91015625,-1.546875,0
176766419.0,7032.0,1.0,0.3762817383,-0.33203125,0.3800048828,0.7770385742
176769387.0,2968.0,0.0,2.41796875,-0.30859375,-1.79296875,0
176777419.0,8032.0,1.0,0.3813476563,-0.3330078125,0.3807983398,0.7737426758
176780387.0,2968.0,0.0,2.41015625,-0.21484375,-1.81640625,0
176786419.0,6032.0,1.0,0.3858642578,-0.3341064453,0.3817749023,0.7705078125
176789387.0,2968.0,0.0,2.51953125,-0.359375,-2.05078125,0
176796419.0,7032.0,1.0,0.3898925781,-0.3353271484,0.3829956055,0.7673950195
176800387.0,3968.0,0.0,2.54296875,-0.3203125,-2.2890625,0
176806419.0,6032.0,1.0,0.393371582,-0.3368530273,0.3841552734,0.7643432617
176809387.0,2968.0,0.0,2.8515625,-0.3984375,-2.31640625,0
176816419.0,7032.0,1.0,0.3963623047,-0.3385620117,0.3854980469,0.7613525391
176819387.0,2968.0,0.0,3.6015625,-1.01171875,-2.43359375,0
176832419.0,13032.0,1.0,0.3988647461,-0.3403320313,0.3870239258,0.7584838867
176837419.0,5000.0,1.0,0.4010620117,-0.3421630859,0.3891601563,0.7553710938
176839387.0,1968.0,0.0,4.16015625,-1.40625,-2.484375,0
176846419.0,7032.0,1.0,0.4029541016,-0.3439941406,0.3916625977,0.7522583008
176849387.0,2968.0,0.0,4.0390625,-0.93359375,-2.7265625,0
176856419.0,7032.0,1.0,0.4041137695,-0.3460083008,0.3937988281,0.7495727539
176859387.0,2968.0,0.0,3.12109375,-0.12109375,-3.5,0
176866419.0,7032.0,1.0,0.4049072266,-0.3482666016,0.3960571289,0.7469482422
176869387.0,2968.0,0.0,2.5,-0.06640625,-3.74609375,0
176876419.0,7032.0,1.0,0.4055175781,-0.3500366211,0.3987426758,0.7443237305
176879387.0,2968.0,0.0,1.68359375,0.30859375,-4.02734375,0
176886419.0,7032.0,1.0,0.4061279297,-0.3513793945,0.4019165039,0.7416381836
176889387.0,2968.0,0.0,0.9765625,0.609375,-4.33203125,0
176896419.0,7032.0,1.0,0.4065551758,-0.3524780273,0.4052734375,0.739074707
176899387.0,2968.0,0.0,-0.0703125,1.0234375,-4.1171875,0
176906419.0,7032.0,1.0,0.4067382813,-0.3536376953,0.4086303711,0.7365722656
176909387.0,2968.0,0.0,-0.5078125,1.234375,-4.421875,0
176916419.0,7032.0,1.0,0.4066162109,-0.3551025391,0.4114379883,0.734375
176920387.0,3968.0,0.0,-1.18359375,1.87109375,-4.203125,0
176926419.0,6032.0,1.0,0.4061279297,-0.3568115234,0.4136962891,0.7325439453
176929387.0,2968.0,0.0,-1.93359375,2.36328125,-3.71484375,0
176936419.0,7032.0,1.0,0.4053344727,-0.3589477539,0.4154052734,0.7309570313
176939387.0,2968.0,0.0,-3.74609375,0.9140625,-2.68359375,0
176946419.0,7032.0,1.0,0.404296875,-0.3613891602,0.4165649414,0.7296142578
176949387.0,2968.0,0.0,-3.921875,-0.11328125,-1.3359375,0
176956419.0,7032.0,1.0,0.4030761719,-0.364074707,0.4175415039,0.7284545898
176959387.0,2968.0,0.0,-3.59375,-1.03125,-0.8515625,0
176966419.0,7032.0,1.0,0.4016723633,-0.3668823242,0.4186401367,0.7271728516
176969387.0,2968.0,0.0,-3.140625,-1.5234375,-0.7578125,0
176976419.0,7032.0,1.0,0.4003295898,-0.3695678711,0.4202270508,0.7256469727
176979387.0,2968.0,0.0,-2.62109375,-2.2421875,-0.0390625,0
