time_us,time_dif_us,data_type,value_1,value_2,value_3,value_4
36380429.0,7032.0,1.0,0.3376464844,-0.6006469727,0.4278564453,0.5848999023
36383397.0,2968.0,0.0,-0.01953125,0.11328125,-0.0234375,0
36390429.0,7032.0,1.0,0.3376464844,-0.6006469727,0.4278564453,0.5848999023
36393397.0,2968.0,0.0,0.01953125,0.11328125,-0.0234375,0
36399429.0,6032.0,1.0,0.3376464844,-0.6006469727,0.4278564453,0.5848999023
36402397.0,2968.0,0.0,-0.01953125,0.15234375,0.015625,0
36410429.0,8032.0,1.0,0.3376464844,-0.6006469727,0.4278564453,0.5848999023
36413397.0,2968.0,0.0,0.01953125,0.15234375,0.08984375,0
36419429.0,6032.0,1.0,0.3376464844,-0.6006469727,0.4278564453,0.5848999023
36422397.0,2968.0,0.0,0.01953125,0.21875,0.12890625,0
36430429.0,8032.0,1.0,0.3376464844,-0.6006469727,0.4279174805,0.5848999023
36433397.0,2968.0,0.0,0.05859375,0.21875,0.16796875,0
36440429.0,7032.0,1.0,0.3376464844,-0.6006469727,0.4279174805,0.5848999023
36443397.0,2968.0,0.0,0.01953125,0.21875,0.16015625,0
36450429.0,7032.0,1.0,0.3376464844,-0.6007080078,0.4279174805,0.5848388672
36453397.0,2968.0,0.0,0.01953125,0.17578125,0.12109375,0
36459429.0,6032.0,1.0,0.3376464844,-0.6007080078,0.4279174805,0.5848388672
36462397.0,2968.0,0.0,0.01171875,0.05078125,0.08203125,0
36469429.0,7032.0,1.0,0.3376464844,-0.600769043,0.4279174805,0.584777832
36472397.0,2968.0,0.0,0.01953125,-0.0234375,0.0390625,0
36480429.0,8032.0,1.0,0.3376464844,-0.600769043,0.4279174805,0.584777832
36483397.0,2968.0,0.0,-0.01953125,-0.1015625,0.0,0
36490429.0,7032.0,1.0,0.3376464844,-0.6008300781,0.4279174805,0.5847167969
36493397.0,2968.0,0.0,-0.01953125,-0.1015625,0.0390625,0
36500429.0,7032.0,1.0,0.3376464844,-0.6008300781,0.4279174805,0.5847167969
36503397.0,2968.0,0.0,0.01171875,-0.0625,-0.046875,0
36510429.0,7032.0,1.0,0.3376464844,-0.6008911133,0.4279174805,0.5847167969
36514397.0,3968.0,0.0,-0.01953125,-0.0625,-0.046875,0
36520429.0,6032.0,1.0,0.3375854492,-0.6008911133,0.4279174805,0.5846557617
36523397.0,2968.0,0.0,-0.02734375,0.00390625,-0.0859375,0
36530429.0,7032.0,1.0,0.3375854492,-0.6008911133,0.4279174805,0.5846557617
36533397.0,2968.0,0.0,0.01171875,0.00390625,-0.046875,0
36540429.0,7032.0,1.0,0.3375854492,-0.6008911133,0.4279174805,0.5846557617
36543397.0,2968.0,0.0,-0.01953125,0.08203125,0.0390625,0
36550429.0,7032.0,1.0,0.3375854492,-0.6009521484,0.4279174805,0.5846557617
36554397.0,3968.0,0.0,-0.01953125,0.04296875,0.0390625,0
36560429.0,6032.0,1.0,0.3375854492,-0.6009521484,0.4279174805,0.5846557617
36563397.0,2968.0,0.0,0.01171875,0.00390625,0.0390625,0
36570429.0,7032.0,1.0,0.3375244141,-0.6009521484,0.4279174805,0.5846557617
36573397.0,2968.0,0.0,-0.01953125,0.00390625,-0.0390625,0
36580429.0,7032.0,1.0,0.3375854492,-0.6009521484,0.4279785156,0.5845947266
36583397.0,2968.0,0.0,-0.02734375,-0.03125,-0.0390625,0
36590429.0,7032.0,1.0,0.3375854492,-0.6009521484,0.4279785156,0.5845947266
36593397.0,2968.0,0.0,-0.02734375,-0.0703125,-0.0390625,0
36600429.0,7032.0,1.0,0.3375854492,-0.6009521484,0.4279785156,0.5845947266
36603397.0,2968.0,0.0,-0.02734375,-0.109375,-0.0390625,0
36609429.0,6032.0,1.0,0.3375244141,-0.6009521484,0.4279785156,0.5845947266
36612397.0,2968.0,0.0,-0.02734375,-0.0703125,-0.078125,0
36620429.0,8032.0,1.0,0.3375244141,-0.6009521484,0.4279785156,0.5845947266
36623397.0,2968.0,0.0,0.01171875,-0.0703125,-0.1171875,0
36630429.0,7032.0,1.0,0.3375244141,-0.6009521484,0.4279785156,0.5846557617
36633397.0,2968.0,0.0,-0.01953125,-0.0625,-0.078125,0
36640429.0,7032.0,1.0,0.3375244141,-0.6009521484,0.4279785156,0.5846557617
36643397.0,2968.0,0.0,0.01953125,0.01171875,-0.0390625,0
36649429.0,6032.0,1.0,0.3374633789,-0.6009521484,0.4279174805,0.5846557617
36652397.0,2968.0,0.0,0.01953125,0.05078125,0.0078125,0
36660429.0,8032.0,1.0,0.3374633789,-0.6008911133,0.4279174805,0.5847167969
36663397.0,2968.0,0.0,-0.01953125,0.05078125,0.046875,0
36670429.0,7032.0,1.0,0.3374633789,-0.6008911133,0.4279174805,0.5847167969
36673397.0,2968.0,0.0,-0.01953125,0.05078125,0.12109375,0
36680429.0,7032.0,1.0,0.3374633789,-0.6008911133,0.4279174805,0.5847167969
36683397.0,2968.0,0.0,-0.01953125,0.05078125,0.08203125,0
36690429.0,7032.0,1.0,0.3374633789,-0.6008911133,0.4279174805,0.5847167969
36693397.0,2968.0,0.0,0.01953125,0.08984375,-0.03125,0
36700429.0,7032.0,1.0,0.3375244141,-0.6008911133,0.4279174805,0.5847167969
36703397.0,2968.0,0.0,-0.01953125,0.05078125,-0.03125,0
36710429.0,7032.0,1.0,0.3375244141,-0.6008911133,0.4279174805,0.584777832
36713397.0,2968.0,0.0,-0.01953125,-0.00390625,-0.0390625,0
36720429.0,7032.0,1.0,0.3375244141,-0.6008300781,0.4279174805,0.584777832
36723397.0,2968.0,0.0,-0.01953125,-0.0390625,-0.078125,0
36730429.0,7032.0,1.0,0.3375244141,-0.6008300781,0.4279174805,0.584777832
36733397.0,2968.0,0.0,-0.01953125,0.00390625,-0.0390625,0
36740429.0,7032.0,1.0,0.3375854492,-0.600769043,0.4279174805,0.584777832
36743397.0,2968.0,0.0,-0.01953125,0.12109375,-0.0390625,0
36750429.0,7032.0,1.0,0.3375854492,-0.600769043,0.4278564453,0.5848388672
36753397.0,2968.0,0.0,-0.02734375,0.16015625,0.0390625,0
36760429.0,7032.0,1.0,0.3375854492,-0.600769043,0.4278564453,0.5848388672
36763397.0,2968.0,0.0,-0.02734375,0.08203125,0.07421875,0
36770429.0,7032.0,1.0,0.3376464844,-0.600769043,0.4278564453,0.5848388672
36773397.0,2968.0,0.0,-0.01953125,0.07421875,0.11328125,0
36780429.0,7032.0,1.0,0.3376464844,-0.6007080078,0.4277954102,0.5848999023
36783397.0,2968.0,0.0,0.01953125,-0.01171875,0.07421875,0
36790429.0,7032.0,1.0,0.3377075195,-0.6007080078,0.4277954102,0.5848999023
36793397.0,2968.0,0.0,0.01953125,-0.0859375,0.0390625,0
36800429.0,7032.0,1.0,0.3377075195,-0.6007080078,0.4277954102,0.5848999023
36803397.0,2968.0,0.0,-0.01953125,-0.203125,-0.0390625,0
36810429.0,7032.0,1.0,0.3377075195,-0.6006469727,0.4277954102,0.5848999023
36813397.0,2968.0,0.0,-0.01953125,-0.15625,-0.0390625,0
36820429.0,7032.0,1.0,0.3377685547,-0.6006469727,0.4277954102,0.5849609375
36823397.0,2968.0,0.0,-0.01171875,-0.1875,-0.046875,0
36830429.0,7032.0,1.0,0.3377685547,-0.6005859375,0.4277954102,0.5849609375
36833397.0,2968.0,0.0,-0.01171875,-0.15625,-0.046875,0
36839429.0,6032.0,1.0,0.3377685547,-0.6005859375,0.4277954102,0.5850219727
36842397.0,2968.0,0.0,0.02734375,0.07421875,-0.0078125,0
36850429.0,8032.0,1.0,0.3377685547,-0.6005249023,0.4277954102,0.5850219727
36853397.0,2968.0,0.0,0.02734375,0.15234375,0.06640625,0
36860429.0,7032.0,1.0,0.3377685547,-0.6005249023,0.427734375,0.5850830078
36863397.0,2968.0,0.0,-0.01171875,0.11328125,0.10546875,0
36870429.0,7032.0,1.0,0.3377685547,-0.6005249023,0.427734375,0.5850830078
36873397.0,2968.0,0.0,-0.01171875,0.03515625,0.10546875,0
36880429.0,7032.0,1.0,0.3377685547,-0.6004638672,0.427734375,0.5850830078
36883397.0,2968.0,0.0,-0.01953125,-0.078125,0.0234375,0
36890429.0,7032.0,1.0,0.3378295898,-0.6004638672,0.427734375,0.5850830078
36894397.0,3968.0,0.0,-0.01953125,-0.0390625,-0.015625,0
36900429.0,6032.0,1.0,0.3378295898,-0.6004638672,0.427734375,0.5850830078
36903397.0,2968.0,0.0,-0.01953125,-0.078125,-0.0546875,0
36910429.0,7032.0,1.0,0.3378295898,-0.600402832,0.427734375,0.585144043
36913397.0,2968.0,0.0,-0.01171875,-0.109375,-0.015625,0
36920429.0,7032.0,1.0,0.3378295898,-0.600402832,0.427734375,0.585144043
36923397.0,2968.0,0.0,0.02734375,-0.0703125,-0.0546875,0
36930429.0,7032.0,1.0,0.3378295898,-0.600402832,0.427734375,0.585144043
36934397.0,3968.0,0.0,-0.01171875,0.04296875,-0.0546875,0
36940429.0,6032.0,1.0,0.3378295898,-0.600402832,0.427734375,0.5852050781
36943397.0,2968.0,0.0,-0.01171875,0.08984375,-0.015625,0
36950429.0,7032.0,1.0,0.337890625,-0.6003417969,0.427734375,0.5852050781
36953397.0,2968.0,0.0,-0.01171875,0.08203125,0.0234375,0
36960429.0,7032.0,1.0,0.337890625,-0.6003417969,0.4276733398,0.5852050781
36963397.0,2968.0,0.0,-0.01171875,0.04296875,-0.015625,0
36970429.0,7032.0,1.0,0.337890625,-0.6003417969,0.4276733398,0.5852661133
36974397.0,3968.0,0.0,-0.01171875,0.00390625,-0.0234375,0
36980429.0,6032.0,1.0,0.337890625,-0.6003417969,0.4276733398,0.5852661133
36983397.0,2968.0,0.0,-0.01171875,0.01171875,-0.0234375,0
36990429.0,7032.0,1.0,0.337890625,-0.6002807617,0.4276123047,0.5853271484
36993397.0,2968.0,0.0,0.02734375,-0.0234375,-0.0234375,0
37000429.0,7032.0,1.0,0.3379516602,-0.6002807617,0.4276123047,0.5853881836
37003397.0,2968.0,0.0,-0.01171875,0.01171875,-0.015625,0
37010429.0,7032.0,1.0,0.3379516602,-0.6002197266,0.4275512695,0.5853881836
37013397.0,2968.0,0.0,-0.01171875,0.00390625,0.0234375,0
37020429.0,7032.0,1.0,0.3379516602,-0.6002197266,0.4275512695,0.5853881836
37023397.0,2968.0,0.0,0.02734375,0.00390625,0.05859375,0
37030429.0,7032.0,1.0,0.3380126953,-0.6002197266,0.4275512695,0.5853881836
37033397.0,2968.0,0.0,0.02734375,0.08203125,0.05078125,0
37040429.0,7032.0,1.0,0.3380126953,-0.6002197266,0.4275512695,0.5854492188
37043397.0,2968.0,0.0,0.02734375,0.00390625,0.015625,0
37050429.0,7032.0,1.0,0.3380126953,-0.6002197266,0.4274902344,0.5854492188
37053397.0,2968.0,0.0,-0.01171875,-0.0703125,-0.0234375,0
37060429.0,7032.0,1.0,0.3380126953,-0.6002197266,0.4274902344,0.5854492188
37063397.0,2968.0,0.0,-0.01953125,-0.109375,-0.0625,0
37070429.0,7032.0,1.0,0.3380126953,-0.6001586914,0.4274902344,0.5854492188
37073397.0,2968.0,0.0,-0.01171875,-0.1015625,-0.0625,0
37080429.0,7032.0,1.0,0.3380737305,-0.6001586914,0.4274902344,0.5854492188
37083397.0,2968.0,0.0,-0.01171875,-0.109375,-0.0234375,0
37090429.0,7032.0,1.0,0.3380737305,-0.6000976563,0.4275512695,0.5855102539
37093397.0,2968.0,0.0,0.02734375,-0.0703125,-0.0625,0
37100429.0,7032.0,1.0,0.3381347656,-0.6000366211,0.4275512695,0.5855102539
37103397.0,2968.0,0.0,0.02734375,0.00390625,-0.0625,0
37110429.0,7032.0,1.0,0.3381347656,-0.6000366211,0.4275512695,0.5855712891
37113397.0,2968.0,0.0,-0.01171875,0.00390625,0.05078125,0
37120429.0,7032.0,1.0,0.3381347656,-0.6000366211,0.4275512695,0.5855712891
37123397.0,2968.0,0.0,-0.01953125,0.00390625,0.05859375,0
37130429.0,7032.0,1.0,0.3381347656,-0.5999755859,0.4275512695,0.5855712891
37133397.0,2968.0,0.0,-0.01953125,0.04296875,0.05859375,0
37140429.0,7032.0,1.0,0.3381347656,-0.5999755859,0.4275512695,0.5855712891
37143397.0,2968.0,0.0,0.01953125,0.08203125,-0.015625,0
37150429.0,7032.0,1.0,0.3381347656,-0.5999145508,0.4275512695,0.5855712891
37153397.0,2968.0,0.0,-0.01953125,0.00390625,-0.0546875,0
37160429.0,7032.0,1.0,0.3381958008,-0.5999145508,0.4275512695,0.5855712891
37163397.0,2968.0,0.0,-0.01953125,-0.109375,-0.015625,0
37170429.0,7032.0,1.0,0.3381958008,-0.5999145508,0.4275512695,0.5856323242
37173397.0,2968.0,0.0,-0.01953125,-0.0625,-0.0234375,0
37180429.0,7032.0,1.0,0.3381958008,-0.5998535156,0.4275512695,0.5856323242
37183397.0,2968.0,0.0,0.02734375,0.01171875,-0.0625,0
37190429.0,7032.0,1.0,0.3381958008,-0.5998535156,0.4275512695,0.5856933594
37193397.0,2968.0,0.0,-0.01171875,-0.0234375,-0.0625,0
37200429.0,7032.0,1.0,0.3381958008,-0.5997924805,0.4275512695,0.5856933594
37203397.0,2968.0,0.0,-0.01171875,-0.0234375,-0.0234375,0
37210429.0,7032.0,1.0,0.3381958008,-0.5997924805,0.4274902344,0.5857543945
37213397.0,2968.0,0.0,0.02734375,0.01171875,0.015625,0
37220429.0,7032.0,1.0,0.3382568359,-0.5997924805,0.4274902344,0.5857543945
37223397.0,2968.0,0.0,0.01953125,0.12890625,0.08984375,0
37230429.0,7032.0,1.0,0.3382568359,-0.5997924805,0.4274291992,0.5858154297
37233397.0,2968.0,0.0,-0.01953125,0.16796875,0.12890625,0
37240429.0,7032.0,1.0,0.3382568359,-0.5997314453,0.4274291992,0.5858154297
37243397.0,2968.0,0.0,-0.01953125,0.16015625,0.08984375,0
37250429.0,7032.0,1.0,0.3383178711,-0.5997314453,0.4274291992,0.5858154297
37253397.0,2968.0,0.0,0.02734375,0.16015625,0.05078125,0
37260429.0,7032.0,1.0,0.3383178711,-0.5997314453,0.4274291992,0.5858154297
37263397.0,2968.0,0.0,-0.01171875,-0.0703125,0.015625,0
37270429.0,7032.0,1.0,0.3383178711,-0.5997314453,0.4273681641,0.5858154297
37274397.0,3968.0,0.0,-0.01171875,-0.1484375,-0.0234375,0
37280429.0,6032.0,1.0,0.3383178711,-0.5997314453,0.4273681641,0.5858154297
37283397.0,2968.0,0.0,-0.01953125,-0.1484375,-0.03125,0
37290429.0,7032.0,1.0,0.3383789063,-0.5996704102,0.4273681641,0.5858764648
37293397.0,2968.0,0.0,-0.01953125,-0.0625,-0.03125,0
37300429.0,7032.0,1.0,0.3383789063,-0.5996704102,0.4273681641,0.5858764648
37303397.0,2968.0,0.0,-0.01953125,0.00390625,0.0078125,0
37310429.0,7032.0,1.0,0.3383789063,-0.5996704102,0.4273681641,0.5858764648
37314397.0,3968.0,0.0,0.01953125,0.04296875,0.0078125,0
37320429.0,6032.0,1.0,0.3383789063,-0.599609375,0.4273681641,0.5859375
37323397.0,2968.0,0.0,0.01953125,0.08203125,0.0078125,0
37330429.0,7032.0,1.0,0.3384399414,-0.599609375,0.4273681641,0.5859375
37333397.0,2968.0,0.0,-0.01171875,0.04296875,0.11328125,0
37340429.0,7032.0,1.0,0.3384399414,-0.5995483398,0.4273681641,0.5859375
37343397.0,2968.0,0.0,-0.01171875,0.04296875,0.11328125,0
37350429.0,7032.0,1.0,0.3385009766,-0.5995483398,0.4273681641,0.5859375
37354397.0,3968.0,0.0,-0.01171875,0.04296875,0.07421875,0
37360429.0,6032.0,1.0,0.3385009766,-0.5995483398,0.4273681641,0.5859375
37363397.0,2968.0,0.0,-0.01171875,0.07421875,0.0,0
37370429.0,7032.0,1.0,0.3385620117,-0.5994873047,0.4273681641,0.5859375
37373397.0,2968.0,0.0,0.02734375,-0.078125,-0.0390625,0
37380429.0,7032.0,1.0,0.3385620117,-0.5994873047,0.4273681641,0.5859375
37383397.0,2968.0,0.0,-0.01171875,-0.1171875,-0.0390625,0
37390429.0,7032.0,1.0,0.3385620117,-0.5994873047,0.4273681641,0.5859985352
37394397.0,3968.0,0.0,0.02734375,-0.1171875,-0.0390625,0
37400429.0,6032.0,1.0,0.3385620117,-0.5994873047,0.4273681641,0.5859985352
37403397.0,2968.0,0.0,-0.01171875,-0.03125,0.0,0
37410429.0,7032.0,1.0,0.3386230469,-0.5994262695,0.4273681641,0.5859985352
37413397.0,2968.0,0.0,-0.01171875,-0.03125,0.02734375,0
37420429.0,7032.0,1.0,0.3386230469,-0.5994262695,0.4273681641,0.5859985352
37423397.0,2968.0,0.0,-0.01171875,-0.0703125,0.09765625,0
37430429.0,7032.0,1.0,0.3386230469,-0.5994262695,0.4273681641,0.5859985352
37434397.0,3968.0,0.0,-0.01171875,0.00390625,0.13671875,0
37440429.0,6032.0,1.0,0.3386230469,-0.5994262695,0.4273681641,0.5859985352
37443397.0,2968.0,0.0,-0.01171875,0.08203125,0.01953125,0
37450429.0,7032.0,1.0,0.338684082,-0.5993652344,0.4273681641,0.5859985352
37453397.0,2968.0,0.0,-0.01171875,0.00390625,0.01953125,0
37460429.0,7032.0,1.0,0.338684082,-0.5993652344,0.4273681641,0.5859985352
37463397.0,2968.0,0.0,-0.01171875,-0.03125,-0.015625,0
37470429.0,7032.0,1.0,0.338684082,-0.5993652344,0.4273681641,0.5859985352
37473397.0,2968.0,0.0,-0.01171875,0.04296875,-0.015625,0
37480429.0,7032.0,1.0,0.338684082,-0.5993652344,0.4273071289,0.5859985352
37483397.0,2968.0,0.0,-0.01171875,0.04296875,-0.0546875,0
37490429.0,7032.0,1.0,0.338684082,-0.5993652344,0.4273071289,0.5859985352
37493397.0,2968.0,0.0,-0.01171875,0.00390625,-0.0546875,0
37500429.0,7032.0,1.0,0.338684082,-0.5994262695,0.4273071289,0.5859985352
37503397.0,2968.0,0.0,-0.01171875,0.00390625,-0.0546875,0
37510429.0,7032.0,1.0,0.3386230469,-0.5994262695,0.4273071289,0.5860595703
37513397.0,2968.0,0.0,-0.01171875,0.04296875,-0.046875,0
37520429.0,7032.0,1.0,0.3386230469,-0.5994262695,0.4273071289,0.5860595703
37523397.0,2968.0,0.0,-0.01171875,0.00390625,0.02734375,0
37530429.0,7032.0,1.0,0.3386230469,-0.5994262695,0.4272460938,0.5860595703
37533397.0,2968.0,0.0,-0.01171875,0.04296875,0.06640625,0
37540429.0,7032.0,1.0,0.3386230469,-0.5994262695,0.4272460938,0.5860595703
37543397.0,2968.0,0.0,-0.01171875,0.08203125,0.10546875,0
37550429.0,7032.0,1.0,0.3386230469,-0.5994262695,0.4272460938,0.5859985352
37553397.0,2968.0,0.0,-0.01171875,0.04296875,0.05859375,0
37560429.0,7032.0,1.0,0.338684082,-0.5994873047,0.4272460938,0.5859985352
37563397.0,2968.0,0.0,-0.01171875,-0.00390625,-0.015625,0
37570429.0,7032.0,1.0,0.3386230469,-0.5994873047,0.4272460938,0.5859985352
37573397.0,2968.0,0.0,-0.01171875,-0.0390625,-0.015625,0
37580429.0,7032.0,1.0,0.3386230469,-0.5994873047,0.4272460938,0.5859985352
37583397.0,2968.0,0.0,-0.01171875,-0.0390625,-0.015625,0
37590429.0,7032.0,1.0,0.3386230469,-0.5995483398,0.4272460938,0.5859375
37593397.0,2968.0,0.0,-0.01171875,-0.0390625,-0.0546875,0
37600429.0,7032.0,1.0,0.3386230469,-0.5995483398,0.4272460938,0.5859375
37603397.0,2968.0,0.0,-0.01171875,-0.1171875,-0.09375,0
37610429.0,7032.0,1.0,0.3386230469,-0.5995483398,0.4272460938,0.5859375
37613397.0,2968.0,0.0,-0.00390625,-0.0703125,-0.0859375,0
37620429.0,7032.0,1.0,0.3386230469,-0.5995483398,0.4272460938,0.5859375
37623397.0,2968.0,0.0,-0.00390625,-0.03125,-0.0859375,0
37630429.0,7032.0,1.0,0.3386230469,-0.5995483398,0.4272460938,0.5859375
37633397.0,2968.0,0.0,-0.00390625,-0.03125,-0.0859375,0
37640429.0,7032.0,1.0,0.3385620117,-0.5995483398,0.4272460938,0.5859985352
37643397.0,2968.0,0.0,0.03515625,0.00390625,-0.0859375,0
37650429.0,7032.0,1.0,0.3385620117,-0.5995483398,0.4272460938,0.5859985352
37653397.0,2968.0,0.0,-0.00390625,0.00390625,-0.0859375,0
37660429.0,7032.0,1.0,0.3386230469,-0.5994873047,0.4272460938,0.5859985352
37663397.0,2968.0,0.0,-0.01171875,0.00390625,-0.078125,0
37670429.0,7032.0,1.0,0.3386230469,-0.5994873047,0.4272460938,0.5859985352
37673397.0,2968.0,0.0,0.02734375,0.00390625,-0.0390625,0
37680429.0,7032.0,1.0,0.3386230469,-0.5994873047,0.4272460938,0.5859985352
37683397.0,2968.0,0.0,-0.01171875,-0.03125,0.03515625,0
37690429.0,7032.0,1.0,0.3386230469,-0.5994873047,0.4272460938,0.5859985352
37694397.0,3968.0,0.0,-0.01171875,-0.03125,0.0,0
37700429.0,6032.0,1.0,0.3386230469,-0.5994873047,0.4272460938,0.5859985352
37703397.0,2968.0,0.0,-0.01171875,0.04296875,-0.0390625,0
37710429.0,7032.0,1.0,0.3386230469,-0.5994873047,0.4272460938,0.5859985352
37713397.0,2968.0,0.0,-0.01171875,0.08203125,-0.03125,0
37720429.0,7032.0,1.0,0.338684082,-0.5994262695,0.4272460938,0.5860595703
37723397.0,2968.0,0.0,-0.01171875,0.04296875,-0.0703125,0
37730429.0,7032.0,1.0,0.338684082,-0.5994262695,0.4272460938,0.5860595703
37734397.0,3968.0,0.0,0.02734375,0.00390625,-0.0703125,0
37740429.0,6032.0,1.0,0.338684082,-0.5994262695,0.4272460938,0.5860595703
37743397.0,2968.0,0.0,-0.01171875,0.00390625,-0.0703125,0
37750429.0,7032.0,1.0,0.338684082,-0.5993652344,0.4272460938,0.5860595703
37753397.0,2968.0,0.0,0.02734375,0.00390625,0.0078125,0
37760429.0,7032.0,1.0,0.3387451172,-0.5993652344,0.4272460938,0.5860595703
37763397.0,2968.0,0.0,-0.01171875,0.00390625,0.05078125,0
37770429.0,7032.0,1.0,0.3387451172,-0.5993652344,0.4272460938,0.5860595703
37774397.0,3968.0,0.0,0.02734375,-0.00390625,0.0078125,0
37780429.0,6032.0,1.0,0.3387451172,-0.5993041992,0.4272460938,0.5860595703
37783397.0,2968.0,0.0,0.02734375,-0.00390625,0.04296875,0
37790429.0,7032.0,1.0,0.3388061523,-0.5993041992,0.4273071289,0.5860595703
37793397.0,2968.0,0.0,0.02734375,0.00390625,0.16796875,0
37800429.0,7032.0,1.0,0.3388061523,-0.5993041992,0.4273071289,0.5860595703
37803397.0,2968.0,0.0,0.02734375,-0.03125,0.16015625,0
37810429.0,7032.0,1.0,0.3388671875,-0.5992431641,0.4273071289,0.5859985352
37813397.0,2968.0,0.0,-0.01171875,-0.03125,0.16015625,0
37820429.0,7032.0,1.0,0.3389282227,-0.5992431641,0.4273681641,0.5859985352
37823397.0,2968.0,0.0,-0.01171875,0.00390625,0.07421875,0
37830429.0,7032.0,1.0,0.3389282227,-0.5992431641,0.4273681641,0.5859985352
37833397.0,2968.0,0.0,0.02734375,-0.0703125,-0.0390625,0
37840429.0,7032.0,1.0,0.3389282227,-0.5992431641,0.4273681641,0.5859985352
37843397.0,2968.0,0.0,0.02734375,-0.109375,-0.0390625,0
37851429.0,8032.0,1.0,0.3389282227,-0.5992431641,0.4274291992,0.5859985352
37854397.0,2968.0,0.0,0.02734375,-0.0625,-0.046875,0
37860429.0,6032.0,1.0,0.3389282227,-0.5992431641,0.4274291992,0.5859985352
37863397.0,2968.0,0.0,-0.01953125,-0.0234375,-0.0390625,0
37870429.0,7032.0,1.0,0.3389892578,-0.5991821289,0.4274291992,0.5859985352
37873397.0,2968.0,0.0,-0.01953125,0.01171875,-0.0390625,0
37880429.0,7032.0,1.0,0.3389892578,-0.5991821289,0.4274291992,0.5859375
37883397.0,2968.0,0.0,0.01953125,0.01171875,0.0,0
37891429.0,8032.0,1.0,0.3389892578,-0.5991821289,0.4274291992,0.5859375
37894397.0,2968.0,0.0,-0.01953125,0.01171875,0.07421875,0
37900429.0,6032.0,1.0,0.3389892578,-0.5991821289,0.4274291992,0.5859375
37903397.0,2968.0,0.0,-0.01953125,0.01171875,0.0,0
37910429.0,7032.0,1.0,0.3389282227,-0.5992431641,0.4274291992,0.5859375
37913397.0,2968.0,0.0,0.01953125,-0.0234375,-0.0390625,0
37920429.0,7032.0,1.0,0.3389282227,-0.5992431641,0.4274291992,0.5859375
37923397.0,2968.0,0.0,-0.01953125,0.01171875,-0.078125,0
37931429.0,8032.0,1.0,0.3389282227,-0.5992431641,0.4274291992,0.5859375
37934397.0,2968.0,0.0,-0.01953125,0.05078125,-0.078125,0
37940429.0,6032.0,1.0,0.3389282227,-0.5992431641,0.4274291992,0.5859375
37943397.0,2968.0,0.0,-0.01953125,0.05078125,-0.0390625,0
37950429.0,7032.0,1.0,0.3389892578,-0.5992431641,0.4274291992,0.5859375
37953397.0,2968.0,0.0,0.01953125,0.05078125,-0.0390625,0
37960429.0,7032.0,1.0,0.3389892578,-0.5992431641,0.4274291992,0.5859375
37963397.0,2968.0,0.0,0.01953125,0.01171875,0.0,0
37971429.0,8032.0,1.0,0.3389892578,-0.5992431641,0.4274291992,0.5859375
37974397.0,2968.0,0.0,-0.01953125,0.01171875,0.0078125,0
37980429.0,6032.0,1.0,0.339050293,-0.5992431641,0.4274291992,0.5859375
37983397.0,2968.0,0.0,-0.01953125,0.01171875,0.0078125,0
37990429.0,7032.0,1.0,0.339050293,-0.5991821289,0.4274291992,0.5859375
37993397.0,2968.0,0.0,-0.01953125,0.01171875,-0.03125,0
38000429.0,7032.0,1.0,0.339050293,-0.5991821289,0.4274291992,0.5859375
38003397.0,2968.0,0.0,-0.01953125,0.00390625,-0.03125,0
38011429.0,8032.0,1.0,0.339050293,-0.5991821289,0.4274291992,0.5859375
38014397.0,2968.0,0.0,0.01953125,-0.03125,-0.0703125,0
38021429.0,7032.0,1.0,0.339050293,-0.5991821289,0.4274291992,0.5859375
38024397.0,2968.0,0.0,-0.01953125,0.00390625,-0.03125,0
38030429.0,6032.0,1.0,0.339050293,-0.5991821289,0.4274291992,0.5859375
38033397.0,2968.0,0.0,0.01953125,0.00390625,-0.03125,0
38041429.0,8032.0,1.0,0.339050293,-0.5991821289,0.4274291992,0.5859375
38044397.0,2968.0,0.0,0.01953125,-0.03125,0.0078125,0
38051429.0,7032.0,1.0,0.339050293,-0.5991821289,0.4274291992,0.5859985352
38054397.0,2968.0,0.0,-0.01953125,-0.03125,0.0078125,0
38060429.0,6032.0,1.0,0.339050293,-0.5991821289,0.4273681641,0.5859985352
38063397.0,2968.0,0.0,-0.01953125,-0.03125,0.0078125,0
38070429.0,7032.0,1.0,0.339050293,-0.5991821289,0.4274291992,0.5859985352
38074397.0,3968.0,0.0,0.01953125,0.00390625,0.0078125,0
38081429.0,7032.0,1.0,0.339050293,-0.5991821289,0.4274291992,0.5859985352
38084397.0,2968.0,0.0,-0.01953125,0.00390625,0.0078125,0
38091429.0,7032.0,1.0,0.339050293,-0.5991210938,0.4274291992,0.5859985352
38094397.0,2968.0,0.0,-0.01171875,0.04296875,0.0078125,0
38100429.0,6032.0,1.0,0.3389892578,-0.5991210938,0.4274291992,0.5859985352
38103397.0,2968.0,0.0,-0.01171875,0.00390625,0.04296875,0
38111429.0,8032.0,1.0,0.3389892578,-0.5991210938,0.4274291992,0.5860595703
38115397.0,3968.0,0.0,0.02734375,-0.0703125,0.08203125,0
38121429.0,6032.0,1.0,0.3389892578,-0.5991210938,0.4274291992,0.5860595703
38124397.0,2968.0,0.0,-0.01953125,-0.03125,0.0078125,0
38130429.0,6032.0,1.0,0.3389892578,-0.5991210938,0.4274291992,0.5860595703
38133397.0,2968.0,0.0,-0.01953125,0.00390625,-0.0390625,0
38140429.0,7032.0,1.0,0.3389892578,-0.5991210938,0.4274291992,0.5860595703
38143397.0,2968.0,0.0,-0.01953125,0.00390625,-0.0703125,0
38151429.0,8032.0,1.0,0.3389892578,-0.5991210938,0.4274291992,0.5860595703
38154397.0,2968.0,0.0,-0.01953125,-0.03125,-0.03125,0
38161429.0,7032.0,1.0,0.3389892578,-0.5990600586,0.4274291992,0.5860595703
38164397.0,2968.0,0.0,-0.01953125,-0.03125,-0.03125,0
38170429.0,6032.0,1.0,0.3389282227,-0.5990600586,0.4274291992,0.5861206055
38173397.0,2968.0,0.0,0.01953125,0.00390625,0.04296875,0
38180429.0,7032.0,1.0,0.3389282227,-0.5990600586,0.4274291992,0.5861206055
38183397.0,2968.0,0.0,0.01953125,0.04296875,0.08203125,0
38191429.0,8032.0,1.0,0.3389892578,-0.5990600586,0.4274291992,0.5861206055
38194397.0,2968.0,0.0,0.01953125,0.07421875,0.04296875,0
38201429.0,7032.0,1.0,0.3389892578,-0.5989990234,0.4274291992,0.5861206055
38204397.0,2968.0,0.0,0.01953125,0.11328125,0.0078125,0
38211429.0,7032.0,1.0,0.3389892578,-0.5989990234,0.4274291992,0.5861206055
38214397.0,2968.0,0.0,-0.01953125,-0.00390625,0.0,0
38220429.0,6032.0,1.0,0.3389892578,-0.5989990234,0.4274291992,0.5861206055
38223397.0,2968.0,0.0,-0.01953125,0.07421875,-0.0390625,0
38231429.0,8032.0,1.0,0.3389892578,-0.5989990234,0.4274291992,0.5861816406
38234397.0,2968.0,0.0,-0.01953125,0.07421875,0.0,0
38241429.0,7032.0,1.0,0.3389892578,-0.5989990234,0.4274291992,0.5861816406
38244397.0,2968.0,0.0,-0.01953125,0.03515625,0.0,0
38251429.0,7032.0,1.0,0.339050293,-0.5989379883,0.4274291992,0.5861816406
38254397.0,2968.0,0.0,-0.01953125,-0.046875,0.0,0
38261429.0,7032.0,1.0,0.339050293,-0.5989379883,0.4274291992,0.5861816406
38264397.0,2968.0,0.0,-0.01953125,-0.046875,-0.0390625,0
38271429.0,7032.0,1.0,0.339050293,-0.5989379883,0.4274291992,0.5861816406
38274397.0,2968.0,0.0,-0.01953125,-0.046875,-0.03125,0
38281429.0,7032.0,1.0,0.339050293,-0.5989379883,0.4274291992,0.5861816406
38284397.0,2968.0,0.0,-0.01953125,-0.078125,0.0078125,0
38291429.0,7032.0,1.0,0.3389892578,-0.5989379883,0.4274291992,0.5861816406
38294397.0,2968.0,0.0,0.01953125,-0.00390625,0.0078125,0
38301429.0,7032.0,1.0,0.3389892578,-0.5989379883,0.4274291992,0.5861816406
38304397.0,2968.0,0.0,-0.01953125,0.03515625,0.0078125,0
38311429.0,7032.0,1.0,0.339050293,-0.5989379883,0.4274291992,0.5861816406
38314397.0,2968.0,0.0,0.01953125,-0.00390625,0.08203125,0
38320429.0,6032.0,1.0,0.339050293,-0.5989379883,0.4274291992,0.5862426758
38323397.0,2968.0,0.0,0.01953125,-0.00390625,0.10546875,0
38331429.0,8032.0,1.0,0.339050293,-0.5989379883,0.4274291992,0.5862426758
38334397.0,2968.0,0.0,0.01953125,-0.00390625,0.10546875,0
38341429.0,7032.0,1.0,0.339050293,-0.5989379883,0.4274291992,0.5862426758
38344397.0,2968.0,0.0,0.01953125,0.03515625,0.03515625,0
38351429.0,7032.0,1.0,0.339050293,-0.5989379883,0.4274291992,0.5861816406
38354397.0,2968.0,0.0,0.01953125,0.03515625,0.0,0
38360429.0,6032.0,1.0,0.339050293,-0.5989379883,0.4274291992,0.5861816406
38363397.0,2968.0,0.0,0.01953125,-0.00390625,-0.0390625,0
38370429.0,7032.0,1.0,0.339050293,-0.5989379883,0.4274291992,0.5861816406
38373397.0,2968.0,0.0,0.01953125,-0.00390625,-0.046875,0
38381429.0,8032.0,1.0,0.339050293,-0.5989379883,0.4274291992,0.5862426758
38384397.0,2968.0,0.0,0.01953125,-0.0390625,-0.046875,0
38391429.0,7032.0,1.0,0.339050293,-0.5989379883,0.4273681641,0.5862426758
38394397.0,2968.0,0.0,-0.01953125,-0.078125,-0.046875,0
38401429.0,7032.0,1.0,0.339050293,-0.5989379883,0.4273681641,0.5862426758
38404397.0,2968.0,0.0,-0.01953125,-0.00390625,-0.0078125,0
38411429.0,7032.0,1.0,0.339050293,-0.5989379883,0.4273681641,0.5862426758
38415397.0,3968.0,0.0,-0.01953125,-0.00390625,-0.0078125,0
38421429.0,6032.0,1.0,0.339050293,-0.5988769531,0.4274291992,0.5862426758
38424397.0,2968.0,0.0,0.01953125,-0.00390625,0.02734375,0
38431429.0,7032.0,1.0,0.339050293,-0.5988769531,0.4274291992,0.5862426758
38434397.0,2968.0,0.0,-0.01953125,-0.0390625,-0.0078125,0
38441429.0,7032.0,1.0,0.339050293,-0.5989379883,0.4274291992,0.5862426758
38444397.0,2968.0,0.0,0.01953125,-0.078125,0.10546875,0
38451429.0,7032.0,1.0,0.339050293,-0.5988769531,0.4274291992,0.5862426758
38455397.0,3968.0,0.0,-0.01953125,0.03515625,0.10546875,0
38461429.0,6032.0,1.0,0.339050293,-0.5988769531,0.4274902344,0.5862426758
38464397.0,2968.0,0.0,-0.01953125,0.07421875,0.06640625,0
38471429.0,7032.0,1.0,0.3391113281,-0.5988769531,0.4274902344,0.5862426758
38474397.0,2968.0,0.0,0.01953125,-0.00390625,-0.0078125,0
38481429.0,7032.0,1.0,0.3391113281,-0.5988769531,0.4274902344,0.5862426758
38484397.0,2968.0,0.0,0.01953125,-0.0390625,-0.046875,0
38491429.0,7032.0,1.0,0.3391113281,-0.598815918,0.4274902344,0.5861816406
38495397.0,3968.0,0.0,0.01953125,-0.00390625,-0.0859375,0
38501429.0,6032.0,1.0,0.3391113281,-0.598815918,0.4274902344,0.5861816406
38504397.0,2968.0,0.0,0.01953125,-0.00390625,-0.0859375,0
38511429.0,7032.0,1.0,0.3391113281,-0.5988769531,0.4274902344,0.5861816406
38514397.0,2968.0,0.0,-0.01953125,-0.0390625,-0.0078125,0
38521429.0,7032.0,1.0,0.339050293,-0.5988769531,0.4274902344,0.5861816406
38524397.0,2968.0,0.0,-0.01953125,-0.03125,-0.0078125,0
38531429.0,7032.0,1.0,0.339050293,-0.5988769531,0.4274902344,0.5862426758
38534397.0,2968.0,0.0,-0.01953125,-0.0703125,0.02734375,0
38541429.0,7032.0,1.0,0.3389892578,-0.5988769531,0.4274902344,0.5862426758
38544397.0,2968.0,0.0,-0.01953125,-0.0703125,0.06640625,0
38550429.0,6032.0,1.0,0.3389892578,-0.5988769531,0.4274902344,0.5862426758
38553397.0,2968.0,0.0,-0.01953125,-0.03125,0.06640625,0
38561429.0,8032.0,1.0,0.3389892578,-0.5988769531,0.4274902344,0.5862426758
38564397.0,2968.0,0.0,-0.01953125,0.04296875,0.06640625,0
38571429.0,7032.0,1.0,0.3389282227,-0.5988769531,0.4274902344,0.5862426758
38574397.0,2968.0,0.0,-0.01953125,0.08203125,0.02734375,0
38581429.0,7032.0,1.0,0.3389892578,-0.5988769531,0.4274902344,0.5862426758
38584397.0,2968.0,0.0,-0.01953125,0.16015625,-0.0078125,0
38591429.0,7032.0,1.0,0.3389892578,-0.5988769531,0.4274902344,0.5862426758
38594397.0,2968.0,0.0,0.01953125,0.1953125,0.06640625,0
38601429.0,7032.0,1.0,0.3389892578,-0.5989379883,0.4274902344,0.5861816406
38604397.0,2968.0,0.0,0.01953125,0.16015625,0.02734375,0
38611429.0,7032.0,1.0,0.3389892578,-0.5989379883,0.4274902344,0.5861816406
38614397.0,2968.0,0.0,0.01171875,0.03515625,0.01953125,0
38621429.0,7032.0,1.0,0.3389892578,-0.5989379883,0.4274902344,0.5861206055
38624397.0,2968.0,0.0,-0.02734375,-0.0390625,0.05859375,0
38631429.0,7032.0,1.0,0.339050293,-0.5989379883,0.4275512695,0.5861206055
38634397.0,2968.0,0.0,0.01171875,-0.0390625,0.17578125,0
38641429.0,7032.0,1.0,0.339050293,-0.5989990234,0.4275512695,0.5860595703
38644397.0,2968.0,0.0,0.01953125,0.07421875,0.17578125,0
38651429.0,7032.0,1.0,0.339050293,-0.5989990234,0.4275512695,0.5860595703
38654397.0,2968.0,0.0,0.01953125,0.11328125,0.203125,0
38661429.0,7032.0,1.0,0.339050293,-0.5989990234,0.4275512695,0.5859985352
38664397.0,2968.0,0.0,-0.01953125,-0.01171875,0.08984375,0
38671429.0,7032.0,1.0,0.3391113281,-0.5990600586,0.4275512695,0.5859375
38674397.0,2968.0,0.0,-0.01953125,0.02734375,0.05078125,0
38681429.0,7032.0,1.0,0.3391113281,-0.5991210938,0.4276123047,0.5858764648
38684397.0,2968.0,0.0,0.01171875,-0.01171875,-0.03125,0
38691429.0,7032.0,1.0,0.339050293,-0.5991210938,0.4276123047,0.5858764648
38694397.0,2968.0,0.0,-0.02734375,-0.01171875,-0.0625,0
38701429.0,7032.0,1.0,0.339050293,-0.5991821289,0.4276123047,0.5858154297
38704397.0,2968.0,0.0,0.01171875,-0.0859375,-0.0234375,0
38711429.0,7032.0,1.0,0.339050293,-0.5992431641,0.4276123047,0.5857543945
38714397.0,2968.0,0.0,0.01953125,-0.125,-0.0234375,0
38721429.0,7032.0,1.0,0.3389892578,-0.5993041992,0.4276123047,0.5856933594
38724397.0,2968.0,0.0,-0.02734375,-0.1171875,-0.03125,0
38731429.0,7032.0,1.0,0.3389892578,-0.5993652344,0.4276123047,0.5856933594
38734397.0,2968.0,0.0,-0.02734375,-0.0859375,0.00390625,0
38740429.0,6032.0,1.0,0.3389892578,-0.5993652344,0.4276123047,0.5856323242
38743397.0,2968.0,0.0,-0.02734375,-0.0390625,0.08984375,0
38751429.0,8032.0,1.0,0.3389282227,-0.5994262695,0.4276733398,0.5855712891
38754397.0,2968.0,0.0,-0.02734375,-0.0703125,0.05078125,0
38761429.0,7032.0,1.0,0.3389282227,-0.5994873047,0.4276733398,0.5855712891
38764397.0,2968.0,0.0,-0.02734375,-0.03125,0.05078125,0
38771429.0,7032.0,1.0,0.3388671875,-0.5995483398,0.4276733398,0.5855102539
38774397.0,2968.0,0.0,0.01171875,0.00390625,-0.0234375,0
38781429.0,7032.0,1.0,0.3388671875,-0.599609375,0.4276733398,0.5854492188
38784397.0,2968.0,0.0,-0.02734375,-0.03125,-0.09375,0
38791429.0,7032.0,1.0,0.3388061523,-0.599609375,0.427734375,0.5853881836
38795397.0,3968.0,0.0,-0.02734375,-0.0703125,-0.1328125,0
38801429.0,6032.0,1.0,0.3388061523,-0.5996704102,0.427734375,0.5853881836
38804397.0,2968.0,0.0,-0.02734375,-0.0625,-0.171875,0
38811429.0,7032.0,1.0,0.3388061523,-0.5997314453,0.427734375,0.5853271484
38814397.0,2968.0,0.0,0.01953125,-0.0625,-0.1328125,0
38821429.0,7032.0,1.0,0.3387451172,-0.5997314453,0.427734375,0.5853271484
38824397.0,2968.0,0.0,-0.01953125,-0.0234375,-0.09375,0
38831429.0,7032.0,1.0,0.3387451172,-0.5997924805,0.427734375,0.5852661133
38835397.0,3968.0,0.0,-0.01953125,-0.0625,-0.046875,0
38841429.0,6032.0,1.0,0.3387451172,-0.5997924805,0.427734375,0.5852661133
38844397.0,2968.0,0.0,0.01953125,-0.0625,-0.0390625,0
38851429.0,7032.0,1.0,0.3387451172,-0.5998535156,0.427734375,0.5852050781
38854397.0,2968.0,0.0,-0.01953125,0.05859375,-0.078125,0
38861429.0,7032.0,1.0,0.3387451172,-0.5998535156,0.4277954102,0.5852050781
38864397.0,2968.0,0.0,0.01953125,0.05859375,-0.078125,0
38871429.0,7032.0,1.0,0.3387451172,-0.5999145508,0.4277954102,0.585144043
38875397.0,3968.0,0.0,-0.01953125,0.01953125,-0.0703125,0
38881429.0,6032.0,1.0,0.3387451172,-0.5999145508,0.4277954102,0.585144043
38884397.0,2968.0,0.0,0.01171875,0.01953125,-0.0703125,0
38891429.0,7032.0,1.0,0.3387451172,-0.5999145508,0.4277954102,0.5850830078
38894397.0,2968.0,0.0,0.01171875,-0.0546875,-0.109375,0
38901429.0,7032.0,1.0,0.3387451172,-0.5999145508,0.4277954102,0.5850830078
38904397.0,2968.0,0.0,-0.01953125,-0.09375,-0.1015625,0
38911429.0,7032.0,1.0,0.3387451172,-0.5999145508,0.4277954102,0.5850830078
38915397.0,3968.0,0.0,-0.01953125,-0.171875,-0.0625,0
38921429.0,6032.0,1.0,0.3387451172,-0.5999145508,0.4277954102,0.5850830078
38924397.0,2968.0,0.0,-0.01953125,-0.171875,-0.0625,0
38931429.0,7032.0,1.0,0.3387451172,-0.5998535156,0.4277954102,0.5850830078
38934397.0,2968.0,0.0,0.01953125,-0.0078125,-0.0546875,0
38941429.0,7032.0,1.0,0.3388061523,-0.5998535156,0.4277954102,0.5850830078
38944397.0,2968.0,0.0,0.01953125,0.02734375,-0.0546875,0
38951429.0,7032.0,1.0,0.3388061523,-0.5998535156,0.4277954102,0.585144043
38954397.0,2968.0,0.0,0.01171875,0.06640625,-0.0546875,0
38961429.0,7032.0,1.0,0.3388061523,-0.5998535156,0.4277954102,0.585144043
38964397.0,2968.0,0.0,0.01171875,0.10546875,-0.046875,0
38971429.0,7032.0,1.0,0.3388061523,-0.5998535156,0.4277954102,0.585144043
38974397.0,2968.0,0.0,-0.01953125,0.02734375,-0.0078125,0
38981429.0,7032.0,1.0,0.3388061523,-0.5998535156,0.4277954102,0.585144043
38984397.0,2968.0,0.0,0.01953125,-0.0078125,-0.0078125,0
38991429.0,7032.0,1.0,0.3388061523,-0.5997924805,0.4277954102,0.585144043
38994397.0,2968.0,0.0,-0.02734375,-0.0078125,-0.0078125,0
39001429.0,7032.0,1.0,0.3388671875,-0.5997924805,0.4277954102,0.585144043
39004397.0,2968.0,0.0,-0.02734375,-0.0078125,0.03125,0
39011429.0,7032.0,1.0,0.3388671875,-0.5997924805,0.4277954102,0.585144043
39014397.0,2968.0,0.0,-0.01953125,-0.046875,0.0,0
39021429.0,7032.0,1.0,0.3388671875,-0.5997924805,0.4277954102,0.5852050781
39024397.0,2968.0,0.0,-0.01953125,-0.0859375,-0.0390625,0
39031429.0,7032.0,1.0,0.3388671875,-0.5997924805,0.4277954102,0.5852050781
39034397.0,2968.0,0.0,-0.01953125,-0.125,0.0,0
39041429.0,7032.0,1.0,0.3388671875,-0.5997314453,0.4277954102,0.5852050781
39044397.0,2968.0,0.0,0.01953125,0.06640625,0.0390625,0
39051429.0,7032.0,1.0,0.3388671875,-0.5997314453,0.4277954102,0.5852050781
39054397.0,2968.0,0.0,0.01953125,0.06640625,0.07421875,0
39061429.0,7032.0,1.0,0.3388671875,-0.5997314453,0.4277954102,0.5852050781
39064397.0,2968.0,0.0,-0.01953125,0.02734375,0.11328125,0
39071429.0,7032.0,1.0,0.3388671875,-0.5997314453,0.4278564453,0.5852050781
39074397.0,2968.0,0.0,0.01953125,0.10546875,0.11328125,0
39081429.0,7032.0,1.0,0.3388671875,-0.5997314453,0.4278564453,0.5852050781
39084397.0,2968.0,0.0,0.01953125,0.10546875,0.11328125,0
39091429.0,7032.0,1.0,0.3388671875,-0.5997314453,0.4278564453,0.5852050781
39094397.0,2968.0,0.0,0.01953125,0.02734375,0.06640625,0
39101429.0,7032.0,1.0,0.3388671875,-0.5997314453,0.4278564453,0.5852050781
39104397.0,2968.0,0.0,-0.01953125,0.02734375,-0.0078125,0
39111429.0,7032.0,1.0,0.3388671875,-0.5997314453,0.4278564453,0.5852050781
39114397.0,2968.0,0.0,-0.01953125,0.06640625,-0.046875,0
39121429.0,7032.0,1.0,0.3388061523,-0.5997924805,0.4278564453,0.585144043
39124397.0,2968.0,0.0,0.01953125,0.06640625,0.03125,0
39131429.0,7032.0,1.0,0.3388061523,-0.5997924805,0.4277954102,0.585144043
39134397.0,2968.0,0.0,-0.01953125,0.01953125,0.10546875,0
39141429.0,7032.0,1.0,0.3388061523,-0.5997924805,0.4277954102,0.585144043
39144397.0,2968.0,0.0,0.01953125,0.01953125,0.10546875,0
39151429.0,7032.0,1.0,0.3388061523,-0.5998535156,0.4277954102,0.585144043
39154397.0,2968.0,0.0,-0.01953125,0.01171875,0.09765625,0
39161429.0,7032.0,1.0,0.3388061523,-0.5998535156,0.4277954102,0.585144043
39164397.0,2968.0,0.0,-0.01953125,0.01171875,-0.0546875,0
39171429.0,7032.0,1.0,0.3388061523,-0.5998535156,0.4277954102,0.5850830078
39174397.0,2968.0,0.0,-0.01953125,-0.0234375,-0.015625,0
39181429.0,7032.0,1.0,0.3388061523,-0.5998535156,0.4277954102,0.5850830078
39184397.0,2968.0,0.0,-0.01953125,-0.015625,-0.0546875,0
39192429.0,8032.0,1.0,0.3388061523,-0.5998535156,0.4277954102,0.5850830078
39195397.0,2968.0,0.0,-0.01953125,-0.015625,-0.0546875,0
39201429.0,6032.0,1.0,0.3388671875,-0.5999145508,0.4277954102,0.5850830078
39204397.0,2968.0,0.0,0.01953125,-0.015625,-0.015625,0
39211429.0,7032.0,1.0,0.3388671875,-0.5999145508,0.4277954102,0.5850830078
39215397.0,3968.0,0.0,0.01953125,-0.0546875,0.0234375,0
39221429.0,6032.0,1.0,0.3388671875,-0.5998535156,0.4277954102,0.5850830078
39224397.0,2968.0,0.0,0.01953125,-0.0546875,0.0234375,0
39231429.0,7032.0,1.0,0.3388061523,-0.5999145508,0.4277954102,0.5850830078
39234397.0,2968.0,0.0,-0.01953125,-0.0546875,0.0234375,0
39241429.0,7032.0,1.0,0.3388061523,-0.5999145508,0.4277954102,0.5850219727
39244397.0,2968.0,0.0,-0.01953125,-0.0625,-0.015625,0
39251429.0,7032.0,1.0,0.3388061523,-0.5999145508,0.4278564453,0.5850830078
39255397.0,3968.0,0.0,0.01953125,-0.0625,-0.015625,0
39261429.0,6032.0,1.0,0.3388061523,-0.5999145508,0.4278564453,0.5850830078
39264397.0,2968.0,0.0,-0.01953125,0.01171875,-0.0546875,0
39271429.0,7032.0,1.0,0.3387451172,-0.5999145508,0.4278564453,0.5850830078
39274397.0,2968.0,0.0,-0.01953125,-0.0234375,-0.015625,0
39281429.0,7032.0,1.0,0.3387451172,-0.5999145508,0.4278564453,0.5850830078
39284397.0,2968.0,0.0,-0.01953125,0.01171875,-0.015625,0
39291429.0,7032.0,1.0,0.3387451172,-0.5998535156,0.4278564453,0.5850830078
39295397.0,3968.0,0.0,0.01953125,0.08984375,-0.015625,0
39301429.0,6032.0,1.0,0.3387451172,-0.5998535156,0.4278564453,0.5850830078
39304397.0,2968.0,0.0,0.01953125,0.12890625,-0.015625,0
39311429.0,7032.0,1.0,0.3387451172,-0.5998535156,0.4278564453,0.5850830078
39314397.0,2968.0,0.0,0.01953125,0.01171875,-0.015625,0
39321429.0,7032.0,1.0,0.3387451172,-0.5998535156,0.4278564453,0.5850830078
39324397.0,2968.0,0.0,-0.01953125,0.01171875,-0.015625,0
39331429.0,7032.0,1.0,0.3387451172,-0.5998535156,0.4279174805,0.5850830078
39334397.0,2968.0,0.0,-0.01953125,-0.0234375,0.0234375,0
39341429.0,7032.0,1.0,0.3387451172,-0.5999145508,0.4278564453,0.5850830078
39344397.0,2968.0,0.0,-0.01953125,-0.0234375,-0.015625,0
39351429.0,7032.0,1.0,0.338684082,-0.5999145508,0.4278564453,0.5850830078
39354397.0,2968.0,0.0,0.01953125,-0.0625,0.05859375,0
39361429.0,7032.0,1.0,0.338684082,-0.5999145508,0.4278564453,0.5850830078
39364397.0,2968.0,0.0,-0.01953125,0.01171875,0.0234375,0
39372429.0,8032.0,1.0,0.338684082,-0.5999145508,0.4278564453,0.5850830078
39375397.0,2968.0,0.0,-0.01953125,0.05078125,0.05859375,0
39381429.0,6032.0,1.0,0.3386230469,-0.5999145508,0.4278564453,0.5850830078
39384397.0,2968.0,0.0,-0.01953125,0.08984375,0.05859375,0
39391429.0,7032.0,1.0,0.3386230469,-0.5999755859,0.4278564453,0.5850830078
39394397.0,2968.0,0.0,0.01953125,0.05078125,0.09765625,0
39401429.0,7032.0,1.0,0.3386230469,-0.5999755859,0.4278564453,0.5850219727
39404397.0,2968.0,0.0,0.01953125,0.05078125,0.0234375,0
39412429.0,8032.0,1.0,0.338684082,-0.5999755859,0.4278564453,0.5850219727
39415397.0,2968.0,0.0,-0.01953125,0.00390625,-0.015625,0
39421429.0,6032.0,1.0,0.338684082,-0.5999755859,0.4278564453,0.5850219727
39424397.0,2968.0,0.0,0.01953125,0.00390625,-0.0546875,0
39431429.0,7032.0,1.0,0.338684082,-0.6000366211,0.4278564453,0.5849609375
39434397.0,2968.0,0.0,-0.01953125,-0.03125,-0.015625,0
39441429.0,7032.0,1.0,0.338684082,-0.6000366211,0.4278564453,0.5849609375
39444397.0,2968.0,0.0,-0.02734375,0.00390625,-0.015625,0
39452429.0,8032.0,1.0,0.338684082,-0.6000366211,0.4278564453,0.5849609375
39455397.0,2968.0,0.0,-0.02734375,0.00390625,0.015625,0
39461429.0,6032.0,1.0,0.338684082,-0.6000976563,0.4278564453,0.5848999023
39464397.0,2968.0,0.0,0.01953125,0.00390625,0.015625,0
39471429.0,7032.0,1.0,0.338684082,-0.6000976563,0.4278564453,0.5848999023
39474397.0,2968.0,0.0,-0.01953125,0.04296875,-0.0234375,0
39481429.0,7032.0,1.0,0.338684082,-0.6000976563,0.4278564453,0.5848999023
39484397.0,2968.0,0.0,-0.01953125,-0.03125,-0.0234375,0
39492429.0,8032.0,1.0,0.338684082,-0.6001586914,0.4278564453,0.5848388672
39495397.0,2968.0,0.0,-0.01953125,-0.03125,-0.0234375,0
39501429.0,6032.0,1.0,0.338684082,-0.6001586914,0.4279174805,0.5848388672
39504397.0,2968.0,0.0,-0.01953125,0.00390625,-0.0234375,0
39511429.0,7032.0,1.0,0.338684082,-0.6001586914,0.4279174805,0.5848388672
39514397.0,2968.0,0.0,0.01953125,0.00390625,-0.015625,0
39521429.0,7032.0,1.0,0.338684082,-0.6001586914,0.4279174805,0.5848388672
39524397.0,2968.0,0.0,0.01953125,-0.0234375,-0.046875,0
39532429.0,8032.0,1.0,0.338684082,-0.6001586914,0.4278564453,0.584777832
39535397.0,2968.0,0.0,0.01953125,-0.0625,-0.046875,0
39542429.0,7032.0,1.0,0.338684082,-0.6001586914,0.4279174805,0.584777832
39545397.0,2968.0,0.0,-0.01953125,-0.0234375,-0.046875,0
39551429.0,6032.0,1.0,0.338684082,-0.6001586914,0.4279174805,0.584777832
39554397.0,2968.0,0.0,0.01953125,-0.0234375,-0.046875,0
39561429.0,7032.0,1.0,0.338684082,-0.6001586914,0.4279174805,0.584777832
39564397.0,2968.0,0.0,0.01171875,-0.0234375,-0.0078125,0
39572429.0,8032.0,1.0,0.338684082,-0.6002197266,0.4279174805,0.5847167969
39575397.0,2968.0,0.0,-0.02734375,-0.0234375,-0.0078125,0
39581429.0,6032.0,1.0,0.338684082,-0.6002197266,0.4279174805,0.5847167969
39584397.0,2968.0,0.0,-0.01953125,-0.0234375,-0.0078125,0
39591429.0,7032.0,1.0,0.338684082,-0.6002197266,0.4279174805,0.5847167969
39595397.0,3968.0,0.0,0.01953125,-0.0625,0.03125,0
39602429.0,7032.0,1.0,0.338684082,-0.6002197266,0.4279174805,0.5847167969
39605397.0,2968.0,0.0,-0.01953125,-0.0625,0.03125,0
39612429.0,7032.0,1.0,0.338684082,-0.6002197266,0.4279174805,0.5847167969
39615397.0,2968.0,0.0,-0.01953125,0.01171875,-0.0078125,0
39621429.0,6032.0,1.0,0.338684082,-0.6002197266,0.4279174805,0.5847167969
39624397.0,2968.0,0.0,-0.01953125,-0.0625,-0.046875,0
39631429.0,7032.0,1.0,0.3386230469,-0.6002197266,0.4279174805,0.5847167969
39635397.0,3968.0,0.0,-0.01953125,-0.09375,-0.0078125,0
39642429.0,7032.0,1.0,0.3386230469,-0.6002197266,0.4279174805,0.5847167969
39645397.0,2968.0,0.0,0.01953125,-0.0546875,-0.0078125,0
39651429.0,6032.0,1.0,0.3386230469,-0.6002197266,0.4279174805,0.5847167969
39654397.0,2968.0,0.0,0.01953125,0.01953125,-0.0078125,0
39661429.0,7032.0,1.0,0.3386230469,-0.6002197266,0.4279174805,0.584777832
39664397.0,2968.0,0.0,0.01953125,-0.0546875,-0.0078125,0
39671429.0,7032.0,1.0,0.3386230469,-0.6002197266,0.4279174805,0.584777832
39675397.0,3968.0,0.0,-0.01953125,-0.0546875,-0.0078125,0
39681429.0,6032.0,1.0,0.3386230469,-0.6002197266,0.4279174805,0.584777832
39684397.0,2968.0,0.0,-0.01953125,0.02734375,-0.0078125,0
39691429.0,7032.0,1.0,0.3386230469,-0.6002197266,0.4279174805,0.584777832
39694397.0,2968.0,0.0,0.01953125,0.02734375,-0.046875,0
39701429.0,7032.0,1.0,0.3386230469,-0.6002197266,0.4279174805,0.584777832
39704397.0,2968.0,0.0,0.01953125,-0.0078125,-0.0078125,0
39711429.0,7032.0,1.0,0.3386230469,-0.6002197266,0.4279174805,0.584777832
39715397.0,3968.0,0.0,-0.01953125,-0.0078125,0.0,0
39721429.0,6032.0,1.0,0.3386230469,-0.6002197266,0.4279174805,0.584777832
39724397.0,2968.0,0.0,-0.01953125,0.02734375,0.06640625,0
39732429.0,8032.0,1.0,0.3386230469,-0.6002197266,0.4279174805,0.584777832
39735397.0,2968.0,0.0,-0.01953125,0.06640625,-0.0078125,0
39741429.0,6032.0,1.0,0.3386230469,-0.6002197266,0.4279174805,0.584777832
39744397.0,2968.0,0.0,0.01953125,0.02734375,-0.0078125,0
39752429.0,8032.0,1.0,0.3386230469,-0.6002197266,0.4278564453,0.584777832
39755397.0,2968.0,0.0,0.01953125,-0.0078125,-0.0078125,0
39762429.0,7032.0,1.0,0.3385620117,-0.6002807617,0.4278564453,0.584777832
39765397.0,2968.0,0.0,0.01171875,-0.0078125,0.03125,0
39771429.0,6032.0,1.0,0.3385620117,-0.6002807617,0.4278564453,0.584777832
39774397.0,2968.0,0.0,-0.02734375,-0.0078125,-0.046875,0
39781429.0,7032.0,1.0,0.3385620117,-0.6002807617,0.4278564453,0.584777832
39784397.0,2968.0,0.0,-0.02734375,0.02734375,-0.046875,0
39792429.0,8032.0,1.0,0.3385620117,-0.6002807617,0.4278564453,0.584777832
39795397.0,2968.0,0.0,-0.01953125,0.02734375,-0.0390625,0
39802429.0,7032.0,1.0,0.3385620117,-0.6002807617,0.4278564453,0.584777832
39805397.0,2968.0,0.0,0.01953125,0.06640625,0.0,0
39812429.0,7032.0,1.0,0.3386230469,-0.6002197266,0.4278564453,0.584777832
39815397.0,2968.0,0.0,-0.01953125,0.02734375,0.0,0
39821429.0,6032.0,1.0,0.3386230469,-0.6002197266,0.4278564453,0.584777832
39824397.0,2968.0,0.0,0.01171875,-0.046875,0.0390625,0
39832429.0,8032.0,1.0,0.3385620117,-0.6002197266,0.4278564453,0.584777832
39835397.0,2968.0,0.0,-0.02734375,-0.0859375,0.07421875,0
39841429.0,6032.0,1.0,0.3385620117,-0.6002197266,0.4278564453,0.584777832
39844397.0,2968.0,0.0,-0.02734375,-0.0859375,0.0,0
39852429.0,8032.0,1.0,0.3385620117,-0.6002197266,0.4278564453,0.5848388672
39855397.0,2968.0,0.0,-0.02734375,-0.046875,-0.0390625,0
39861429.0,6032.0,1.0,0.3385620117,-0.6002197266,0.4278564453,0.5848388672
39864397.0,2968.0,0.0,0.01171875,-0.015625,-0.0390625,0
39872429.0,8032.0,1.0,0.3385620117,-0.6002197266,0.4278564453,0.5848388672
39875397.0,2968.0,0.0,0.01171875,0.01953125,-0.0390625,0
39881429.0,6032.0,1.0,0.3385620117,-0.6002197266,0.4278564453,0.5848388672
39884397.0,2968.0,0.0,0.01171875,0.13671875,0.07421875,0
39891429.0,7032.0,1.0,0.3385620117,-0.6002197266,0.4278564453,0.5848388672
39894397.0,2968.0,0.0,-0.02734375,0.05859375,0.11328125,0
39901429.0,7032.0,1.0,0.3385009766,-0.6002197266,0.4279174805,0.5848388672
39904397.0,2968.0,0.0,0.01171875,0.01953125,0.06640625,0
39912429.0,8032.0,1.0,0.3385009766,-0.6002197266,0.4279174805,0.5848999023
39915397.0,2968.0,0.0,-0.02734375,-0.015625,0.06640625,0
39922429.0,7032.0,1.0,0.3385009766,-0.6001586914,0.4279174805,0.5848999023
39925397.0,2968.0,0.0,-0.02734375,-0.1328125,0.03125,0
39932429.0,7032.0,1.0,0.3384399414,-0.6001586914,0.4279174805,0.5848999023
39936397.0,3968.0,0.0,-0.01953125,-0.1328125,-0.0078125,0
39941429.0,5032.0,1.0,0.3384399414,-0.6001586914,0.4279785156,0.5848999023
39944397.0,2968.0,0.0,-0.01953125,-0.09375,0.03125,0
39952429.0,8032.0,1.0,0.3384399414,-0.6001586914,0.4279785156,0.5848999023
39955397.0,2968.0,0.0,-0.01953125,-0.0859375,-0.0078125,0
39961429.0,6032.0,1.0,0.3383789063,-0.6001586914,0.4279785156,0.5849609375
39964397.0,2968.0,0.0,-0.01953125,0.01953125,-0.046875,0
39971429.0,7032.0,1.0,0.3383789063,-0.6000976563,0.4279785156,0.5849609375
39974397.0,2968.0,0.0,0.01953125,0.13671875,-0.0078125,0
39982429.0,8032.0,1.0,0.3383789063,-0.6000976563,0.4280395508,0.5849609375
39985397.0,2968.0,0.0,0.01953125,0.2109375,0.03125,0
39992429.0,7032.0,1.0,0.3383789063,-0.6000976563,0.4280395508,0.5849609375
39995397.0,2968.0,0.0,0.01953125,0.2421875,0.10546875,0
40001429.0,6032.0,1.0,0.3383178711,-0.6000976563,0.4280395508,0.5849609375
40004397.0,2968.0,0.0,0.01171875,0.203125,0.13671875,0
40011429.0,7032.0,1.0,0.3383178711,-0.6000976563,0.4280395508,0.5849609375
40015397.0,3968.0,0.0,0.01171875,0.12890625,0.09765625,0
40022429.0,7032.0,1.0,0.3383178711,-0.6001586914,0.4279785156,0.5849609375
40025397.0,2968.0,0.0,0.01171875,0.08203125,0.05859375,0
40031429.0,6032.0,1.0,0.3383789063,-0.6001586914,0.4279785156,0.5849609375
40034397.0,2968.0,0.0,-0.02734375,0.00390625,-0.0546875,0
40041429.0,7032.0,1.0,0.3383789063,-0.6001586914,0.4279785156,0.5849609375
40044397.0,2968.0,0.0,-0.02734375,-0.03125,-0.0546875,0
40051429.0,7032.0,1.0,0.3383789063,-0.6001586914,0.4279785156,0.5849609375
40055397.0,3968.0,0.0,0.01171875,-0.0390625,-0.09375,0
40062429.0,7032.0,1.0,0.3383789063,-0.6001586914,0.4279785156,0.5849609375
40065397.0,2968.0,0.0,0.01171875,-0.0390625,-0.09375,0
40071429.0,6032.0,1.0,0.3383789063,-0.6001586914,0.4279785156,0.5849609375
40074397.0,2968.0,0.0,0.01171875,-0.1171875,-0.0546875,0
40081429.0,7032.0,1.0,0.3383178711,-0.6001586914,0.4279785156,0.5849609375
40084397.0,2968.0,0.0,-0.02734375,-0.1171875,-0.0546875,0
40092429.0,8032.0,1.0,0.3383178711,-0.6001586914,0.4279785156,0.5849609375
40095397.0,2968.0,0.0,-0.02734375,-0.1953125,-0.0546875,0
40101429.0,6032.0,1.0,0.3383178711,-0.6001586914,0.4279785156,0.5850219727
40104397.0,2968.0,0.0,-0.02734375,-0.1875,-0.015625,0
40112429.0,8032.0,1.0,0.3382568359,-0.6000976563,0.4279785156,0.5850219727
40115397.0,2968.0,0.0,0.01171875,-0.22265625,0.09765625,0
40121429.0,6032.0,1.0,0.3382568359,-0.6000976563,0.4280395508,0.5850219727
40124397.0,2968.0,0.0,-0.02734375,-0.1875,0.09765625,0
40132429.0,8032.0,1.0,0.3381958008,-0.6000976563,0.4280395508,0.5850830078
40135397.0,2968.0,0.0,-0.02734375,-0.0625,0.09765625,0
40142429.0,7032.0,1.0,0.3381958008,-0.6000366211,0.4281005859,0.5850830078
40145397.0,2968.0,0.0,-0.02734375,0.05078125,0.05859375,0
40152429.0,7032.0,1.0,0.3381347656,-0.6000366211,0.4281005859,0.5850830078
40155397.0,2968.0,0.0,0.01171875,0.43359375,-0.015625,0
40161429.0,6032.0,1.0,0.3381347656,-0.6000366211,0.4281005859,0.585144043
40164397.0,2968.0,0.0,-0.02734375,0.55078125,-0.015625,0
40172429.0,8032.0,1.0,0.3381958008,-0.6000366211,0.4281005859,0.585144043
40175397.0,2968.0,0.0,0.01171875,0.58203125,0.0234375,0
40182429.0,7032.0,1.0,0.3382568359,-0.6000366211,0.4280395508,0.5850830078
40185397.0,2968.0,0.0,0.01171875,0.34375,0.09765625,0
40192429.0,7032.0,1.0,0.3382568359,-0.6000366211,0.4280395508,0.5850830078
40195397.0,2968.0,0.0,-0.01953125,-0.078125,0.015625,0
40202429.0,7032.0,1.0,0.3383178711,-0.6000366211,0.4280395508,0.5850219727
40205397.0,2968.0,0.0,-0.01953125,-0.46875,-0.0234375,0
40212429.0,7032.0,1.0,0.3383178711,-0.6000366211,0.4280395508,0.5850219727
40215397.0,2968.0,0.0,-0.01953125,-0.546875,0.015625,0
40221429.0,6032.0,1.0,0.3383178711,-0.6000366211,0.4281005859,0.5850219727
40224397.0,2968.0,0.0,-0.0546875,-0.66015625,0.05078125,0
40232429.0,8032.0,1.0,0.3382568359,-0.6000366211,0.4281616211,0.5850219727
40235397.0,2968.0,0.0,-0.0625,-0.69921875,0.08984375,0
40241429.0,6032.0,1.0,0.3381958008,-0.6000366211,0.4282226563,0.5850219727
40244397.0,2968.0,0.0,-0.0546875,-0.61328125,0.08984375,0
40252429.0,8032.0,1.0,0.3380737305,-0.5999755859,0.4283447266,0.5850219727
40255397.0,2968.0,0.0,-0.0546875,-0.62109375,0.05078125,0
40261429.0,6032.0,1.0,0.3380126953,-0.5999145508,0.4284057617,0.5850219727
40264397.0,2968.0,0.0,-0.01953125,0.21875,0.05078125,0
40271429.0,7032.0,1.0,0.3379516602,-0.5999145508,0.4284667969,0.5850830078
40274397.0,2968.0,0.0,0.01953125,0.48828125,0.16796875,0
40281429.0,7032.0,1.0,0.337890625,-0.5999145508,0.428527832,0.5850830078
40284397.0,2968.0,0.0,0.05078125,1.0625,0.2421875,0
40292429.0,8032.0,1.0,0.3378295898,-0.5999145508,0.4285888672,0.5850830078
40295397.0,2968.0,0.0,0.05078125,1.16796875,0.48046875,0
40302429.0,7032.0,1.0,0.3378295898,-0.5999755859,0.4286499023,0.5849609375
40305397.0,2968.0,0.0,0.05859375,1.17578125,0.51953125,0
40312429.0,7032.0,1.0,0.337890625,-0.6000366211,0.4286499023,0.5848388672
40316397.0,3968.0,0.0,0.05078125,0.94921875,0.44140625,0
40322429.0,6032.0,1.0,0.337890625,-0.6001586914,0.4286499023,0.5847167969
40325397.0,2968.0,0.0,0.05078125,0.71875,0.25,0
40332429.0,7032.0,1.0,0.3379516602,-0.6002807617,0.4285888672,0.5845947266
40335397.0,2968.0,0.0,0.01171875,0.41796875,-0.046875,0
40342429.0,7032.0,1.0,0.3379516602,-0.6004638672,0.428527832,0.5844726563
40345397.0,2968.0,0.0,-0.02734375,-0.38671875,-0.390625,0
40352429.0,7032.0,1.0,0.3380126953,-0.6005249023,0.428527832,0.5842895508
40356397.0,3968.0,0.0,-0.01953125,-0.61328125,-0.26953125,0
40362429.0,6032.0,1.0,0.3380737305,-0.6006469727,0.4285888672,0.5841674805
40365397.0,2968.0,0.0,-0.02734375,-0.875,-0.0390625,0
40372429.0,7032.0,1.0,0.3380737305,-0.6007080078,0.4286499023,0.5840454102
40375397.0,2968.0,0.0,-0.02734375,-0.80078125,0.3828125,0
40382429.0,7032.0,1.0,0.3381347656,-0.6008300781,0.4286499023,0.5839233398
40385397.0,2968.0,0.0,-0.0625,1.1171875,-0.4140625,0
40392429.0,7032.0,1.0,0.3380737305,-0.6009521484,0.4285888672,0.5838623047
40396397.0,3968.0,0.0,0.05078125,1.9609375,-0.94921875,0
40402429.0,6032.0,1.0,0.3381958008,-0.6010131836,0.4284667969,0.5838012695
40405397.0,2968.0,0.0,-0.1015625,0.08203125,-0.18359375,0
40412429.0,7032.0,1.0,0.3383178711,-0.6010742188,0.4284057617,0.5836791992
40415397.0,2968.0,0.0,-0.1015625,-1.18359375,0.66015625,0
40422429.0,7032.0,1.0,0.3383789063,-0.6011962891,0.4282836914,0.5836181641
40425397.0,2968.0,0.0,0.01953125,0.359375,0.23828125,0
40432429.0,7032.0,1.0,0.3384399414,-0.6013183594,0.4282226563,0.5834960938
40435397.0,2968.0,0.0,-0.02734375,-0.29296875,0.046875,0
40442429.0,7032.0,1.0,0.3385620117,-0.6014404297,0.4281616211,0.5834350586
40445397.0,2968.0,0.0,-0.0546875,-0.25390625,-0.17578125,0
40451429.0,6032.0,1.0,0.3386230469,-0.6015014648,0.4281005859,0.5833129883
40454397.0,2968.0,0.0,-0.1015625,-0.20703125,-0.3671875,0
40462429.0,8032.0,1.0,0.3387451172,-0.6016235352,0.4280395508,0.583190918
40465397.0,2968.0,0.0,-0.01953125,-0.09375,-0.3671875,0
40472429.0,7032.0,1.0,0.3388671875,-0.6016235352,0.4279785156,0.5830688477
40475397.0,2968.0,0.0,0.01171875,-0.125,-0.17578125,0
40482429.0,7032.0,1.0,0.339050293,-0.6016845703,0.4279785156,0.5830078125
40485397.0,2968.0,0.0,-0.02734375,-0.46875,-0.0625,0
40492429.0,7032.0,1.0,0.3392333984,-0.6016845703,0.4279785156,0.5828857422
40495397.0,2968.0,0.0,0.01953125,-0.421875,0.16796875,0
40502429.0,7032.0,1.0,0.3394165039,-0.6016235352,0.4280395508,0.5827636719
40505397.0,2968.0,0.0,-0.01953125,-0.421875,0.20703125,0
40512429.0,7032.0,1.0,0.3396606445,-0.6015625,0.4281616211,0.5825805664
40515397.0,2968.0,0.0,0.01953125,-0.26953125,0.16796875,0
40522429.0,7032.0,1.0,0.3397827148,-0.6015625,0.4282226563,0.5824584961
40525397.0,2968.0,0.0,-0.02734375,-0.0390625,0.08984375,0
40532429.0,7032.0,1.0,0.33984375,-0.6016235352,0.4282226563,0.5823974609
40535397.0,2968.0,0.0,-0.02734375,-0.375,0.0234375,0
40542429.0,7032.0,1.0,0.3399047852,-0.6016235352,0.4282226563,0.5823364258
40545397.0,2968.0,0.0,0.01171875,-0.30078125,0.0546875,0
40552429.0,7032.0,1.0,0.3400268555,-0.6016235352,0.4283447266,0.5822143555
40555397.0,2968.0,0.0,0.01953125,-0.453125,0.0625,0
40562429.0,7032.0,1.0,0.3400878906,-0.6016235352,0.4284057617,0.5820922852
40565397.0,2968.0,0.0,-0.01953125,-0.40625,0.13671875,0
40572429.0,7032.0,1.0,0.3402099609,-0.6016235352,0.4284667969,0.58203125
40575397.0,2968.0,0.0,0.01953125,-0.33203125,0.13671875,0
40582429.0,7032.0,1.0,0.3401489258,-0.6016235352,0.4284667969,0.58203125
40585397.0,2968.0,0.0,-0.01953125,-0.40625,0.0625,0
40592429.0,7032.0,1.0,0.3399658203,-0.6016845703,0.4284667969,0.58203125
40595397.0,2968.0,0.0,-0.01953125,-0.55859375,0.0234375,0
40602429.0,7032.0,1.0,0.33984375,-0.6018066406,0.4284057617,0.5820922852
40605397.0,2968.0,0.0,-0.01953125,-0.59765625,0.0234375,0
40612429.0,7032.0,1.0,0.3395996094,-0.6018676758,0.4283447266,0.5822143555
40615397.0,2968.0,0.0,-0.01953125,-0.8671875,0.03125,0
40622429.0,7032.0,1.0,0.3392333984,-0.6020507813,0.4281616211,0.5823974609
40625397.0,2968.0,0.0,-0.01953125,-1.02734375,0.26171875,0
40632429.0,7032.0,1.0,0.3385009766,-0.602355957,0.427734375,0.582824707
40635397.0,2968.0,0.0,0.05859375,-0.69140625,0.453125,0
40641429.0,6032.0,1.0,0.3373413086,-0.6028442383,0.4270019531,0.5834960938
40644397.0,2968.0,0.0,-0.09375,-1.76171875,0.17578125,0
40652429.0,8032.0,1.0,0.3365478516,-0.6031494141,0.4266357422,0.5839233398
40655397.0,2968.0,0.0,-0.02734375,-2.65234375,0.4453125,0
40662429.0,7032.0,1.0,0.3361816406,-0.6030883789,0.4268188477,0.5840454102
40665397.0,2968.0,0.0,-0.02734375,-0.32421875,0.09765625,0
40672429.0,7032.0,1.0,0.3356933594,-0.6030883789,0.426940918,0.5842285156
40675397.0,2968.0,0.0,-0.37109375,-1.13671875,-0.28515625,0
40682429.0,7032.0,1.0,0.3353271484,-0.6029663086,0.4272460938,0.5843505859
40685397.0,2968.0,0.0,-0.0625,-0.90625,-0.28515625,0
40692429.0,7032.0,1.0,0.3352050781,-0.602722168,0.427734375,0.5843505859
40695397.0,2968.0,0.0,-0.21875,0.83984375,-0.66015625,0
40702429.0,7032.0,1.0,0.3352050781,-0.602355957,0.4283447266,0.5842895508
40705397.0,2968.0,0.0,-0.02734375,0.14453125,-0.27734375,0
40712429.0,7032.0,1.0,0.3357543945,-0.6016845703,0.4293212891,0.5839233398
40715397.0,2968.0,0.0,-0.02734375,-0.46875,-0.19921875,0
40722429.0,7032.0,1.0,0.3372192383,-0.600402832,0.4310913086,0.5830688477
40725397.0,2968.0,0.0,-0.1015625,-1.08984375,-0.16015625,0
40732429.0,7032.0,1.0,0.3397216797,-0.598449707,0.4337158203,0.5816040039
40736397.0,3968.0,0.0,-0.0703125,-1.12890625,-0.23828125,0
40742429.0,6032.0,1.0,0.3430786133,-0.5960083008,0.4371337891,0.5796508789
40745397.0,2968.0,0.0,-0.0703125,-0.859375,-0.4296875,0
40752429.0,7032.0,1.0,0.3469238281,-0.5930786133,0.4409790039,0.5773925781
40755397.0,2968.0,0.0,-0.02734375,-0.203125,-0.62109375,0
40768429.0,13032.0,1.0,0.3508300781,-0.5901489258,0.4448242188,0.5751342773
40773429.0,5000.0,1.0,0.3547363281,-0.5871582031,0.4486694336,0.5728149414
40775397.0,1968.0,0.0,-0.0625,-0.125,-0.62109375,0
40782429.0,7032.0,1.0,0.3577270508,-0.5846557617,0.4517822266,0.5710449219
40785397.0,2968.0,0.0,-0.02734375,-0.27734375,-0.58984375,0
40792429.0,7032.0,1.0,0.3598632813,-0.5827026367,0.4541625977,0.5698242188
40795397.0,2968.0,0.0,-0.5234375,-0.2109375,-0.8515625,0
40802429.0,7032.0,1.0,0.3607177734,-0.5814819336,0.4554443359,0.5694580078
40805397.0,2968.0,0.0,-0.5234375,1.5078125,-2.3125,0
40812429.0,7032.0,1.0,0.3600463867,-0.5811767578,0.4552001953,0.5703735352
40816397.0,3968.0,0.0,-0.8671875,0.5703125,-2.859375,0
40822429.0,6032.0,1.0,0.3585205078,-0.5812988281,0.4541625977,0.5720825195
40825397.0,2968.0,0.0,-1.47265625,-0.77734375,-2.375,0
40832429.0,7032.0,1.0,0.3572998047,-0.5811767578,0.4533081055,0.5736694336
40835397.0,2968.0,0.0,-1.86328125,-2.1015625,-2.9296875,0
40842429.0,7032.0,1.0,0.3568725586,-0.5802612305,0.453125,0.5749511719
40845397.0,2968.0,0.0,-2.1328125,-2.28125,-2.796875,0
40852429.0,7032.0,1.0,0.357421875,-0.5786743164,0.453918457,0.5756225586
40855397.0,2968.0,0.0,-2.2109375,-2.10546875,-2.8203125,0
40862429.0,7032.0,1.0,0.3587646484,-0.5763549805,0.4553222656,0.5759887695
40865397.0,2968.0,0.0,-2.203125,-1.55078125,-3.0,0
40872429.0,7032.0,1.0,0.3602905273,-0.5737915039,0.4569702148,0.5762939453
40875397.0,2968.0,0.0,-2.46875,-0.87109375,-2.875,0
40882429.0,7032.0,1.0,0.3616943359,-0.5712890625,0.4583740234,0.5768432617
40885397.0,2968.0,0.0,-2.62109375,-0.77734375,-2.859375,0
40892429.0,7032.0,1.0,0.3627929688,-0.5687255859,0.4594726563,0.5777587891
40895397.0,2968.0,0.0,-2.66015625,-0.80859375,-2.73828125,0
40902429.0,7032.0,1.0,0.3636474609,-0.5662231445,0.4603881836,0.5789794922
40905397.0,2968.0,0.0,-2.546875,-1.02734375,-2.6640625,0
40912429.0,7032.0,1.0,0.3645019531,-0.5635986328,0.4611206055,0.5803833008
40915397.0,2968.0,0.0,-2.23046875,-1.35546875,-2.43359375,0
40922429.0,7032.0,1.0,0.3655395508,-0.5606689453,0.4619750977,0.5819091797
40925397.0,2968.0,0.0,-2.23828125,-1.35546875,-2.21484375,0
40932429.0,7032.0,1.0,0.3666992188,-0.5574951172,0.4629516602,0.5834350586
40935397.0,2968.0,0.0,-2.0859375,-1.00390625,-2.2890625,0
40942429.0,7032.0,1.0,0.3679199219,-0.5542602539,0.4638061523,0.5850830078
40945397.0,2968.0,0.0,-1.703125,-0.60546875,-2.19921875,0
40952429.0,7032.0,1.0,0.3690185547,-0.5509033203,0.4645385742,0.5870361328
40955397.0,2968.0,0.0,-1.42578125,-0.60546875,-2.1328125,0
40962429.0,7032.0,1.0,0.3700561523,-0.5474853516,0.4650268555,0.5891113281
40965397.0,2968.0,0.0,-1.2734375,-0.72265625,-2.03125,0
40972429.0,7032.0,1.0,0.3711547852,-0.5438842773,0.4655761719,0.5913085938
40975397.0,2968.0,0.0,-1.20703125,-0.9140625,-1.875,0
40982429.0,7032.0,1.0,0.3724365234,-0.5401000977,0.4661865234,0.5935668945
40985397.0,2968.0,0.0,-0.8984375,-0.5625,-1.58984375,0
40992429.0,7032.0,1.0,0.373840332,-0.5360107422,0.4668579102,0.5958251953
40995397.0,2968.0,0.0,-0.59375,-0.2265625,-1.4765625,0
41002429.0,7032.0,1.0,0.3751220703,-0.5317993164,0.4674072266,0.5983886719
41005397.0,2968.0,0.0,-0.59375,0.03125,-1.3125,0
41012429.0,7032.0,1.0,0.3762207031,-0.5276489258,0.4676513672,0.6011352539
41015397.0,2968.0,0.0,-0.515625,0.26171875,-1.16015625,0
41022429.0,7032.0,1.0,0.3770141602,-0.5237426758,0.467590332,0.6040649414
41025397.0,2968.0,0.0,-0.0625,0.29296875,-1.046875,0
41032429.0,7032.0,1.0,0.3776855469,-0.51953125,0.4674072266,0.607421875
41035397.0,2968.0,0.0,-0.2265625,0.16796875,-0.82421875,0
41045429.0,10032.0,1.0,0.3783569336,-0.5153808594,0.4672241211,0.6106567383
41048397.0,2968.0,0.0,0.11328125,0.34375,-0.671875,0
41055429.0,7032.0,1.0,0.37890625,-0.5108642578,0.4669799805,0.6143188477
41058397.0,2968.0,0.0,0.37109375,0.671875,-0.61328125,0
41062429.0,4032.0,1.0,0.3792724609,-0.5064697266,0.4665527344,0.6180419922
41065397.0,2968.0,0.0,0.546875,0.9609375,-0.27734375,0
41072429.0,7032.0,1.0,0.3792114258,-0.5022583008,0.4658203125,0.6220703125
41075397.0,2968.0,0.0,0.41796875,0.8671875,-0.1796875,0
41082429.0,7032.0,1.0,0.3787841797,-0.4981079102,0.4647216797,0.6264038086
41085397.0,2968.0,0.0,0.671875,0.69140625,-0.234375,0
41092429.0,7032.0,1.0,0.3780517578,-0.4940185547,0.4634399414,0.6310424805
41095397.0,2968.0,0.0,1.0390625,0.59765625,-0.3359375,0
41102429.0,7032.0,1.0,0.3770751953,-0.4899902344,0.4619750977,0.6358642578
41105397.0,2968.0,0.0,1.6640625,0.14453125,0.01953125,0
41112429.0,7032.0,1.0,0.3759765625,-0.4858398438,0.4603881836,0.6408081055
41116397.0,3968.0,0.0,2.0703125,0.16015625,-0.08203125,0
41122429.0,6032.0,1.0,0.3746337891,-0.481628418,0.4588012695,0.6458740234
41125397.0,2968.0,0.0,2.23046875,0.2421875,0.046875,0
41132429.0,7032.0,1.0,0.373046875,-0.4774780273,0.4569702148,0.651184082
41135397.0,2968.0,0.0,3.05078125,0.6328125,-0.16796875,0
41142429.0,7032.0,1.0,0.3709716797,-0.473449707,0.4547729492,0.6567993164
41145397.0,2968.0,0.0,3.2109375,0.484375,-0.01953125,0
41152429.0,7032.0,1.0,0.3684692383,-0.469543457,0.4520874023,0.6628417969
41155397.0,2968.0,0.0,2.98828125,0.18359375,0.09375,0
41162429.0,7032.0,1.0,0.3656616211,-0.4657592773,0.4492797852,0.6690063477
41165397.0,2968.0,0.0,3.02734375,-0.3828125,0.40625,0
41172429.0,7032.0,1.0,0.3627319336,-0.461730957,0.4465332031,0.6751708984
41175397.0,2968.0,0.0,3.29296875,-0.578125,0.51171875,0
41188429.0,13032.0,1.0,0.3600463867,-0.4577026367,0.444152832,0.680847168
41193429.0,5000.0,1.0,0.3569946289,-0.4530639648,0.4417724609,0.6871337891
41195397.0,1968.0,0.0,3.7890625,-0.49609375,0.36328125,0
41202429.0,7032.0,1.0,0.3538818359,-0.4484863281,0.4395751953,0.6931152344
41205397.0,2968.0,0.0,3.7734375,-0.49609375,0.25390625,0
41212429.0,7032.0,1.0,0.3507080078,-0.4442138672,0.4374389648,0.6987915039
41215397.0,2968.0,0.0,4.25390625,-0.15234375,-0.43359375,0
41222429.0,7032.0,1.0,0.346862793,-0.4395141602,0.4349975586,0.7052001953
41225397.0,2968.0,0.0,4.0078125,-0.66015625,-0.2890625,0
41232429.0,7032.0,1.0,0.3431396484,-0.4350585938,0.4327392578,0.7111206055
41236397.0,3968.0,0.0,4.59765625,-1.0078125,-0.015625,0
41242429.0,6032.0,1.0,0.3394165039,-0.4302978516,0.4309082031,0.7169189453
41245397.0,2968.0,0.0,5.078125,-0.91015625,0.15234375,0
41252429.0,7032.0,1.0,0.3354492188,-0.4253540039,0.4291381836,0.7227783203
41255397.0,2968.0,0.0,4.90234375,-0.61328125,0.83984375,0
41262429.0,7032.0,1.0,0.3313598633,-0.4207763672,0.4273681641,0.7283935547
41265397.0,2968.0,0.0,4.79296875,-0.5390625,0.58203125,0
41272429.0,7032.0,1.0,0.3270263672,-0.4161376953,0.4253540039,0.7341308594
41275397.0,2968.0,0.0,4.30859375,-0.77734375,0.3671875,0
41282429.0,7032.0,1.0,0.3225097656,-0.4115600586,0.4235229492,0.7397460938
41285397.0,2968.0,0.0,3.92578125,-1.0546875,0.48828125,0
41292429.0,7032.0,1.0,0.3179321289,-0.4069213867,0.421875,0.7452392578
41295397.0,2968.0,0.0,3.96875,-1.29296875,-0.37890625,0
41305429.0,10032.0,1.0,0.3135986328,-0.4022216797,0.4208374023,0.7501831055
41308397.0,2968.0,0.0,3.546875,-1.41796875,-0.234375,0
41315429.0,7032.0,1.0,0.3091430664,-0.3970336914,0.4203491211,0.755065918
41318397.0,2968.0,0.0,3.58203125,-1.09765625,-0.20703125,0
41322429.0,4032.0,1.0,0.3048095703,-0.3920288086,0.4201049805,0.7595214844
41325397.0,2968.0,0.0,3.62890625,-0.6953125,-0.515625,0
41332429.0,7032.0,1.0,0.3001098633,-0.3870239258,0.4198608398,0.7640991211
41335397.0,2968.0,0.0,3.6953125,-0.7109375,0.2578125,0
41342429.0,7032.0,1.0,0.2953491211,-0.3822021484,0.4196166992,0.7684936523
41345397.0,2968.0,0.0,3.72265625,-0.8046875,0.36328125,0
41353429.0,8032.0,1.0,0.2905273438,-0.3774414063,0.4195556641,0.7727050781
41356397.0,2968.0,0.0,3.64453125,-0.66796875,0.453125,0
41362429.0,6032.0,1.0,0.2858276367,-0.3727416992,0.4196166992,0.7767333984
41365397.0,2968.0,0.0,3.3359375,-0.41796875,0.34375,0
41372429.0,7032.0,1.0,0.2809448242,-0.3680419922,0.419921875,0.7805786133
41375397.0,2968.0,0.0,3.2421875,-0.55859375,-0.015625,0
41382429.0,7032.0,1.0,0.2761230469,-0.36328125,0.4204711914,0.7842407227
41385397.0,2968.0,0.0,3.12109375,-0.60546875,-0.1171875,0
41393429.0,8032.0,1.0,0.271484375,-0.3584594727,0.4214477539,0.7875366211
41396397.0,2968.0,0.0,2.96484375,-0.20703125,-0.203125,0
41402429.0,6032.0,1.0,0.2669677734,-0.3539428711,0.4223022461,0.7906494141
41405397.0,2968.0,0.0,2.48828125,0.625,0.125,0
41412429.0,7032.0,1.0,0.2618408203,-0.3494873047,0.4227905273,0.7940673828
41415397.0,2968.0,0.0,2.39453125,0.76171875,0.31640625,0
41425429.0,10032.0,1.0,0.2567138672,-0.3455200195,0.4227905273,0.7974853516
41428397.0,2968.0,0.0,2.171875,0.75,0.53125,0
41435429.0,7032.0,1.0,0.251159668,-0.3415527344,0.4224853516,0.8010864258
41438397.0,2968.0,0.0,1.84765625,0.7109375,0.62109375,0
41442429.0,4032.0,1.0,0.2457885742,-0.3378295898,0.4221801758,0.8045043945
41445397.0,2968.0,0.0,1.33203125,0.640625,0.8828125,0
41452429.0,7032.0,1.0,0.240234375,-0.333984375,0.4219360352,0.8079223633
41455397.0,2968.0,0.0,1.1328125,0.5234375,0.7890625,0
41462429.0,7032.0,1.0,0.2350463867,-0.3303222656,0.4220581055,0.8108520508
41465397.0,2968.0,0.0,0.9375,0.609375,0.47265625,0
41473429.0,8032.0,1.0,0.2299804688,-0.3265991211,0.4225463867,0.8135375977
41476397.0,2968.0,0.0,0.9296875,0.64453125,0.55859375,0
41482429.0,6032.0,1.0,0.2251586914,-0.3229370117,0.4234619141,0.8159179688
41485397.0,2968.0,0.0,0.84375,1.02734375,0.41015625,0
41492429.0,7032.0,1.0,0.2204589844,-0.3193359375,0.4244995117,0.8180541992
41495397.0,2968.0,0.0,0.83984375,1.1484375,0.578125,0
41502429.0,7032.0,1.0,0.2159423828,-0.3158569336,0.4254760742,0.8200683594
41505397.0,2968.0,0.0,0.640625,1.4140625,0.85546875,0
41512429.0,7032.0,1.0,0.2113037109,-0.3125610352,0.4262695313,0.8221435547
41515397.0,2968.0,0.0,0.44921875,2.15625,0.83203125,0
41522429.0,7032.0,1.0,0.2066650391,-0.3095703125,0.4266967773,0.8242797852
41525397.0,2968.0,0.0,0.30078125,2.1640625,1.03515625,0
41532429.0,7032.0,1.0,0.2021484375,-0.3067626953,0.4268188477,0.8263549805
41536397.0,3968.0,0.0,0.18359375,2.23046875,0.69921875,0
41543429.0,7032.0,1.0,0.1975708008,-0.3041381836,0.4266967773,0.8284912109
41546397.0,2968.0,0.0,0.2734375,1.984375,0.5078125,0
41552429.0,6032.0,1.0,0.1932373047,-0.301574707,0.426574707,0.8305053711
41555397.0,2968.0,0.0,0.42578125,1.31640625,0.63671875,0
41567429.0,12032.0,1.0,0.1892700195,-0.2991333008,0.4268188477,0.8321533203
41571397.0,3968.0,0.0,0.1328125,0.97265625,0.91015625,0
41574429.0,3032.0,1.0,0.185546875,-0.2965698242,0.4274291992,0.8336181641
41577397.0,2968.0,0.0,0.0625,0.91796875,0.89453125,0
41582429.0,5032.0,1.0,0.1818847656,-0.2938842773,0.428527832,0.834777832
41585397.0,2968.0,0.0,0.078125,0.9765625,0.95703125,0
41592429.0,7032.0,1.0,0.1787719727,-0.2914428711,0.4298706055,0.8356323242
41595397.0,2968.0,0.0,0.09375,1.45703125,0.7265625,0
41602429.0,7032.0,1.0,0.1756591797,-0.2888793945,0.4313964844,0.8363647461
41605397.0,2968.0,0.0,0.19140625,1.55859375,0.8359375,0
41612429.0,7032.0,1.0,0.1729125977,-0.2864990234,0.4329833984,0.8369750977
41615397.0,2968.0,0.0,0.3671875,1.65625,1.03515625,0
41622429.0,7032.0,1.0,0.1701660156,-0.2843017578,0.434387207,0.8375854492
41625397.0,2968.0,0.0,0.45703125,1.875,0.98828125,0
41633429.0,8032.0,1.0,0.1673583984,-0.2822875977,0.4353027344,0.8383178711
41636397.0,2968.0,0.0,0.41015625,1.484375,1.24609375,0
41642429.0,6032.0,1.0,0.1646728516,-0.2806396484,0.4357299805,0.8391723633
41645397.0,2968.0,0.0,0.25,1.0703125,1.35546875,0
41652429.0,7032.0,1.0,0.1620483398,-0.2789916992,0.4362182617,0.8399658203
41655397.0,2968.0,0.0,0.0859375,0.6640625,1.609375,0
41662429.0,7032.0,1.0,0.1596679688,-0.2774047852,0.4370727539,0.8405151367
41665397.0,2968.0,0.0,-0.0390625,0.47265625,1.72265625,0
41672429.0,7032.0,1.0,0.1575927734,-0.2758789063,0.4384155273,0.8407592773
41675397.0,2968.0,0.0,-0.11328125,0.73828125,1.69140625,0
41682429.0,7032.0,1.0,0.1557006836,-0.2743530273,0.4400634766,0.8406982422
41685397.0,2968.0,0.0,-0.046875,0.77734375,1.8515625,0
41693429.0,8032.0,1.0,0.1539916992,-0.2730102539,0.4419555664,0.8405151367
41696397.0,2968.0,0.0,-0.0390625,0.66015625,1.83203125,0
41702429.0,6032.0,1.0,0.1524047852,-0.2716674805,0.4440307617,0.8401489258
41705397.0,2968.0,0.0,-0.33984375,0.69140625,1.35546875,0
41712429.0,7032.0,1.0,0.1509399414,-0.2705688477,0.4460449219,0.8396606445
41715397.0,2968.0,0.0,0.16015625,2.109375,2.13671875,0
41722429.0,7032.0,1.0,0.1488037109,-0.2708740234,0.4459838867,0.8399658203
41725397.0,2968.0,0.0,0.87890625,19.109375,24.203125,0
41733429.0,8032.0,1.0,0.1458129883,-0.2734375,0.4426879883,0.8414306641
41736397.0,2968.0,0.0,-0.64453125,17.828125,15.0546875,0
41742429.0,6032.0,1.0,0.143371582,-0.2770385742,0.440612793,0.841796875
41745397.0,2968.0,0.0,0.6875,-1.9921875,8.34375,0
41752429.0,7032.0,1.0,0.1423339844,-0.2808227539,0.4423217773,0.8397827148
41755397.0,2968.0,0.0,0.4296875,-1.0390625,5.1171875,0
41762429.0,7032.0,1.0,0.1420288086,-0.2847290039,0.4460449219,0.8365478516
41765397.0,2968.0,0.0,0.66796875,-1.5234375,4.40625,0
41773429.0,8032.0,1.0,0.1418457031,-0.2886352539,0.4503173828,0.8329467773
41776397.0,2968.0,0.0,0.59765625,-1.44921875,2.87109375,0
41782429.0,6032.0,1.0,0.141784668,-0.2926025391,0.4544067383,0.8293457031
41785397.0,2968.0,0.0,0.15625,-0.015625,0.21484375,0
41792429.0,7032.0,1.0,0.1416015625,-0.2968139648,0.4581298828,0.8258056641
41795397.0,2968.0,0.0,0.2421875,0.2734375,0.32421875,0
41802429.0,7032.0,1.0,0.1412353516,-0.3010864258,0.4609375,0.8227539063
41805397.0,2968.0,0.0,0.5625,0.06640625,0.5625,0
41813429.0,8032.0,1.0,0.140625,-0.305480957,0.462890625,0.8201293945
41816397.0,2968.0,0.0,1.8046875,-1.15625,2.203125,0
41828429.0,12032.0,1.0,0.1402587891,-0.3094482422,0.4646606445,0.8176879883
41833397.0,4968.0,0.0,1.8828125,-4.03125,-5.10546875,0
41836429.0,3032.0,1.0,0.1406860352,-0.3130493164,0.467956543,0.8143920898
41839397.0,2968.0,0.0,1.546875,-1.12890625,-2.22265625,0
41843429.0,4032.0,1.0,0.1422729492,-0.3160400391,0.4732055664,0.8099365234
41846397.0,2968.0,0.0,1.59375,-1.16015625,-2.08984375,0
41853429.0,7032.0,1.0,0.1441040039,-0.3182373047,0.4779663086,0.8059082031
41856397.0,2968.0,0.0,1.05859375,2.1953125,-1.7578125,0
41863429.0,7032.0,1.0,0.1458740234,-0.3204956055,0.4818115234,0.8024291992
41866397.0,2968.0,0.0,-0.09765625,3.21484375,-1.46484375,0
41872429.0,6032.0,1.0,0.1471557617,-0.3228759766,0.4837036133,0.8000488281
41875397.0,2968.0,0.0,-0.05859375,4.10546875,-1.41796875,0
41883429.0,8032.0,1.0,0.1480102539,-0.3256225586,0.4836425781,0.798828125
41886397.0,2968.0,0.0,-0.36328125,4.84765625,0.0,0
41893429.0,7032.0,1.0,0.1486816406,-0.3285522461,0.4822998047,0.7983398438
41896397.0,2968.0,0.0,0.21875,3.38671875,0.11328125,0
41902429.0,6032.0,1.0,0.149597168,-0.3314819336,0.4803466797,0.7981567383
41905397.0,2968.0,0.0,0.41015625,2.16796875,-1.03515625,0
41912429.0,7032.0,1.0,0.1508178711,-0.3342285156,0.4780273438,0.7981567383
41916397.0,3968.0,0.0,0.04296875,1.140625,-1.43359375,0
41923429.0,7032.0,1.0,0.15234375,-0.3366699219,0.4756469727,0.7982177734
41926397.0,2968.0,0.0,0.42578125,-0.45703125,-0.63671875,0
41933429.0,7032.0,1.0,0.1544189453,-0.3386230469,0.4735717773,0.7982788086
41936397.0,2968.0,0.0,-0.94921875,-0.41015625,-1.50390625,0
41942429.0,6032.0,1.0,0.1571044922,-0.3400268555,0.4722290039,0.7979736328
41945397.0,2968.0,0.0,-1.140625,-1.63671875,0.2890625,0
41952429.0,7032.0,1.0,0.1608886719,-0.340637207,0.4727783203,0.7965698242
41955397.0,2968.0,0.0,-0.22265625,-1.5,0.23046875,0
41963429.0,8032.0,1.0,0.166015625,-0.3404541016,0.4757080078,0.7938842773
41966397.0,2968.0,0.0,-0.6953125,-1.0625,-0.453125,0
41972429.0,6032.0,1.0,0.1719360352,-0.3395996094,0.4803466797,0.7901611328
41975397.0,2968.0,0.0,-1.421875,0.921875,0.30859375,0
41982429.0,7032.0,1.0,0.1791992188,-0.3381347656,0.4866943359,0.7852783203
41985397.0,2968.0,0.0,-3.0,2.0546875,-0.76953125,0
41993429.0,8032.0,1.0,0.1862182617,-0.336730957,0.4924316406,0.7806396484
41996397.0,2968.0,0.0,-3.49609375,2.5078125,0.609375,0
42003429.0,7032.0,1.0,0.1926879883,-0.3356933594,0.4965209961,0.7769775391
42006397.0,2968.0,0.0,-3.61328125,3.51953125,1.33203125,0
42013429.0,7032.0,1.0,0.1981811523,-0.3355102539,0.4977416992,0.7748413086
42016397.0,2968.0,0.0,-2.5,3.8125,1.1953125,0
42028429.0,12032.0,1.0,0.2019042969,-0.3361816406,0.4959106445,0.7747802734
42033397.0,4968.0,0.0,-1.47265625,3.25390625,0.6640625,0
42036429.0,3032.0,1.0,0.2048339844,-0.3377685547,0.4907836914,0.7766113281
42039397.0,2968.0,0.0,-0.890625,2.56640625,0.89453125,0
42043429.0,4032.0,1.0,0.2066650391,-0.3403930664,0.4819946289,0.780456543
42046397.0,2968.0,0.0,-0.52734375,1.87109375,0.15625,0
42053429.0,7032.0,1.0,0.2076416016,-0.3432617188,0.4722290039,0.7848510742
42056397.0,2968.0,0.0,-1.06640625,0.38671875,-0.17578125,0
42063429.0,7032.0,1.0,0.2084350586,-0.3464355469,0.4611206055,0.789855957
42066397.0,2968.0,0.0,-1.203125,-0.3984375,0.12109375,0
42073429.0,7032.0,1.0,0.2095336914,-0.3493652344,0.4505615234,0.7943725586
42076397.0,2968.0,0.0,-0.85546875,-0.6875,-0.18359375,0
42083429.0,7032.0,1.0,0.2114868164,-0.3517456055,0.4417114258,0.7977905273
42086397.0,2968.0,0.0,-2.2734375,-3.12109375,1.00390625,0
42093429.0,7032.0,1.0,0.2144165039,-0.3532714844,0.4351196289,0.7999267578
42096397.0,2968.0,0.0,-1.96484375,-4.1328125,1.21484375,0
42103429.0,7032.0,1.0,0.2182617188,-0.3540039063,0.4306640625,0.8009643555
42106397.0,2968.0,0.0,-1.3515625,-4.88671875,0.38671875,0
42113429.0,7032.0,1.0,0.2229614258,-0.3539428711,0.4283447266,0.8009643555
42116397.0,2968.0,0.0,0.12890625,-3.25390625,-1.3359375,0
42123429.0,7032.0,1.0,0.2282104492,-0.3532104492,0.4275512695,0.8002319336
42126397.0,2968.0,0.0,-0.078125,-1.25390625,2.078125,0
42133429.0,7032.0,1.0,0.2333374023,-0.3524780273,0.4267578125,0.7994995117
42136397.0,2968.0,0.0,0.375,-1.0859375,1.94140625,0
42143429.0,7032.0,1.0,0.2380371094,-0.3520507813,0.4248657227,0.7993164063
42146397.0,2968.0,0.0,0.97265625,-0.41796875,2.0546875,0
42153429.0,7032.0,1.0,0.2423706055,-0.3519287109,0.4221801758,0.7994995117
42156397.0,2968.0,0.0,1.30078125,0.06640625,1.85546875,0
42168429.0,12032.0,1.0,0.2465209961,-0.3519897461,0.4193115234,0.7996826172
42173397.0,4968.0,0.0,1.37109375,-0.66796875,1.84765625,0
42176429.0,3032.0,1.0,0.2507324219,-0.3521118164,0.4164428711,0.7998657227
42179397.0,2968.0,0.0,1.38671875,-0.59765625,1.80078125,0
42183429.0,4032.0,1.0,0.2554321289,-0.3522949219,0.4133911133,0.7998657227
42186397.0,2968.0,0.0,1.33984375,-0.90234375,1.64453125,0
42193429.0,7032.0,1.0,0.2595825195,-0.3524780273,0.4108276367,0.7997436523
42196397.0,2968.0,0.0,1.59375,-1.5234375,1.13671875,0
42203429.0,7032.0,1.0,0.2639770508,-0.3526000977,0.4082641602,0.7995605469
42206397.0,2968.0,0.0,2.4296875,-1.796875,1.52734375,0
42213429.0,7032.0,1.0,0.2681274414,-0.3526000977,0.4061889648,0.7992553711
42216397.0,2968.0,0.0,2.37109375,-1.50390625,1.0234375,0
42223429.0,7032.0,1.0,0.272277832,-0.3525390625,0.404296875,0.798828125
42226397.0,2968.0,0.0,2.31640625,-1.6796875,0.9921875,0
42233429.0,7032.0,1.0,0.2761230469,-0.3524780273,0.40234375,0.7985229492
42236397.0,2968.0,0.0,2.41015625,-1.46484375,1.44921875,0
42243429.0,7032.0,1.0,0.2794799805,-0.3526611328,0.3997802734,0.7985839844
42246397.0,2968.0,0.0,3.265625,-1.24609375,1.11328125,0
42253429.0,7032.0,1.0,0.2819824219,-0.3533325195,0.3961791992,0.7991333008
42257397.0,3968.0,0.0,3.4375,-1.796875,1.640625,0
42263429.0,6032.0,1.0,0.2837524414,-0.3545532227,0.3913574219,0.8003540039
42266397.0,2968.0,0.0,3.60546875,-2.01953125,1.5,0
42273429.0,7032.0,1.0,0.2849121094,-0.3562011719,0.385925293,0.8018798828
42276397.0,2968.0,0.0,2.46484375,-1.96484375,1.28515625,0
42283429.0,7032.0,1.0,0.2860107422,-0.3578491211,0.380859375,0.8031616211
42286397.0,2968.0,0.0,2.01953125,-1.42578125,0.5390625,0
42293429.0,7032.0,1.0,0.2877197266,-0.3591918945,0.3770751953,0.8037719727
42297397.0,3968.0,0.0,2.2265625,-1.22265625,0.46484375,0
42303429.0,6032.0,1.0,0.2901611328,-0.3599853516,0.3750610352,0.8034667969
42306397.0,2968.0,0.0,2.39453125,-1.140625,0.40234375,0
42313429.0,7032.0,1.0,0.2932128906,-0.3604125977,0.3743896484,0.8024902344
42316397.0,2968.0,0.0,3.0625,-0.9453125,-0.48828125,0
42323429.0,7032.0,1.0,0.2965087891,-0.3607788086,0.3740234375,0.8012695313
42326397.0,2968.0,0.0,3.26953125,-2.125,0.203125,0
42333429.0,7032.0,1.0,0.299621582,-0.3612670898,0.3734741211,0.8001098633
42337397.0,3968.0,0.0,2.984375,-1.8203125,0.203125,0
42343429.0,6032.0,1.0,0.3028564453,-0.3617553711,0.3733520508,0.7987670898
42346397.0,2968.0,0.0,2.46484375,-2.8125,-0.41015625,0
42352429.0,6032.0,1.0,0.3060302734,-0.3620605469,0.3735961914,0.7973022461
42355397.0,2968.0,0.0,2.25,-1.2890625,-0.09765625,0
42363429.0,8032.0,1.0,0.309387207,-0.3626098633,0.3734741211,0.7957763672
42366397.0,2968.0,0.0,2.8125,-1.25,-0.81640625,0
42373429.0,7032.0,1.0,0.3121948242,-0.3636474609,0.3724975586,0.7946777344
42377397.0,3968.0,0.0,3.28515625,-0.703125,-0.7109375,0
42383429.0,6032.0,1.0,0.314453125,-0.3653564453,0.3701782227,0.7940673828
42386397.0,2968.0,0.0,3.5,-0.90234375,-0.41015625,0
42393429.0,7032.0,1.0,0.3163452148,-0.3676757813,0.3670654297,0.7937011719
42396397.0,2968.0,0.0,3.32421875,-2.77734375,0.4921875,0
42408429.0,12032.0,1.0,0.3178710938,-0.3700561523,0.3641967773,0.7933349609
42412397.0,3968.0,0.0,3.47265625,-4.0390625,0.8671875,0
42415429.0,3032.0,1.0,0.3194580078,-0.3727416992,0.3615112305,0.7926635742
42418397.0,2968.0,0.0,3.6171875,-4.31640625,0.984375,0
42423429.0,5032.0,1.0,0.3210449219,-0.3756713867,0.3594360352,0.7915649414
42426397.0,2968.0,0.0,3.640625,-4.24609375,0.9921875,0
42433429.0,7032.0,1.0,0.3225097656,-0.3784179688,0.358215332,0.7902832031
42436397.0,2968.0,0.0,3.60546875,-3.9140625,0.43359375,0
42443429.0,7032.0,1.0,0.3239135742,-0.3812866211,0.3576049805,0.7885742188
42446397.0,2968.0,0.0,3.55078125,-3.25390625,-0.11328125,0
42453429.0,7032.0,1.0,0.3251953125,-0.3843383789,0.357421875,0.7866210938
42456397.0,2968.0,0.0,3.55078125,-2.40234375,-0.45703125,0
42463429.0,7032.0,1.0,0.3264160156,-0.3875732422,0.3574829102,0.7844848633
42466397.0,2968.0,0.0,3.16796875,-1.70703125,-1.05859375,0
42473429.0,7032.0,1.0,0.3273925781,-0.3910522461,0.3575439453,0.7823486328
42476397.0,2968.0,0.0,2.94140625,-2.04296875,-2.23046875,0
42483429.0,7032.0,1.0,0.3282470703,-0.3947143555,0.3575439453,0.7801513672
42486397.0,2968.0,0.0,2.2890625,-1.83984375,-3.1796875,0
42493429.0,7032.0,1.0,0.3288574219,-0.3984375,0.3574829102,0.7780151367
42496397.0,2968.0,0.0,1.640625,-0.8828125,-3.125,0
42503429.0,7032.0,1.0,0.3292236328,-0.4022216797,0.3572387695,0.7760009766
42506397.0,2968.0,0.0,-0.4296875,-0.13671875,-3.98828125,0
42513429.0,7032.0,1.0,0.329284668,-0.4061889648,0.3568725586,0.7741088867
42516397.0,2968.0,0.0,-1.6171875,-0.4765625,-3.5234375,0
42523429.0,7032.0,1.0,0.328918457,-0.4102172852,0.356262207,0.7723999023
42526397.0,2968.0,0.0,-2.46484375,-0.58203125,-4.04296875,0
42533429.0,7032.0,1.0,0.3280639648,-0.4144287109,0.3553466797,0.7709350586
42536397.0,2968.0,0.0,-2.84765625,-0.3125,-4.0625,0
42542429.0,6032.0,1.0,0.3268432617,-0.4186401367,0.354309082,0.7696533203
42545397.0,2968.0,0.0,-3.46875,-1.03125,-2.70703125,0
42553429.0,8032.0,1.0,0.3251953125,-0.4232177734,0.3530883789,0.768371582
42556397.0,2968.0,0.0,-3.359375,-1.0234375,-2.5078125,0
42563429.0,7032.0,1.0,0.3233032227,-0.4279785156,0.3519287109,0.7670898438
42566397.0,2968.0,0.0,-2.6328125,-0.83203125,-2.3984375,0
42573429.0,7032.0,1.0,0.3212890625,-0.4329833984,0.3509521484,0.7655639648
42576397.0,2968.0,0.0,-2.23828125,-0.28515625,-1.484375,0
42583429.0,7032.0,1.0,0.3190917969,-0.4383544922,0.3500366211,0.7638549805
42586397.0,2968.0,0.0,-3.12109375,-0.58203125,-1.30078125,0
42593429.0,7032.0,1.0,0.3168945313,-0.4435424805,0.3493041992,0.7621459961
42596397.0,2968.0,0.0,-3.6171875,2.40625,-1.22265625,0
42603429.0,7032.0,1.0,0.3145141602,-0.4489135742,0.348815918,0.7601928711
42606397.0,2968.0,0.0,-4.26171875,2.97265625,-1.7109375,0
42613429.0,7032.0,1.0,0.3121948242,-0.4542236328,0.348815918,0.7579956055
42616397.0,2968.0,0.0,-4.796875,0.0546875,-3.15625,0
42628429.0,12032.0,1.0,0.3100585938,-0.4591674805,0.3493041992,0.7556762695
42632397.0,3968.0,0.0,-3.796875,0.796875,-0.34375,0
42635429.0,3032.0,1.0,0.3077392578,-0.4642944336,0.3500366211,0.753112793
42638397.0,2968.0,0.0,-3.75,0.828125,-0.2421875,0
42643429.0,5032.0,1.0,0.3054199219,-0.4697265625,0.3513183594,0.7501220703
42646397.0,2968.0,0.0,-3.1015625,-1.60546875,-2.078125,0
42653429.0,7032.0,1.0,0.3033447266,-0.474609375,0.3529052734,0.7471313477
42656397.0,2968.0,0.0,-4.73828125,-1.30078125,-3.01171875,0
42663429.0,7032.0,1.0,0.3013916016,-0.4796142578,0.3546142578,0.7438964844
42666397.0,2968.0,0.0,-5.46484375,1.734375,-3.734375,0
42673429.0,7032.0,1.0,0.2996826172,-0.4840698242,0.356628418,0.7407226563
42677397.0,3968.0,0.0,-6.4609375,0.1796875,-5.1953125,0
42683429.0,6032.0,1.0,0.2980957031,-0.4882202148,0.3588867188,0.7375488281
42686397.0,2968.0,0.0,-6.125,2.1328125,-4.84375,0
42693429.0,7032.0,1.0,0.2966918945,-0.4922485352,0.3614501953,0.7341918945
42696397.0,2968.0,0.0,-5.82421875,0.1328125,-3.0078125,0
42703429.0,7032.0,1.0,0.2954101563,-0.4961547852,0.3643798828,0.7305908203
42706397.0,2968.0,0.0,-5.82421875,-0.59375,-4.234375,0
42713429.0,7032.0,1.0,0.2941894531,-0.5000610352,0.3672485352,0.7269897461
42716397.0,2968.0,0.0,-5.8984375,0.4765625,-4.8359375,0
42723429.0,7032.0,1.0,0.2928466797,-0.5040283203,0.3696289063,0.7235717773
42726397.0,2968.0,0.0,-5.60546875,1.96484375,-5.1484375,0
42733429.0,7032.0,1.0,0.2915649414,-0.5076904297,0.3715209961,0.7205200195
42736397.0,2968.0,0.0,-3.26953125,0.0625,-5.6953125,0
42743429.0,7032.0,1.0,0.2904663086,-0.5115356445,0.3734741211,0.7172241211
42746397.0,2968.0,0.0,-2.328125,0.9921875,-5.43359375,0
42753429.0,7032.0,1.0,0.2896118164,-0.5151367188,0.3753662109,0.714050293
42756397.0,2968.0,0.0,-1.94921875,2.484375,-4.40625,0
42763429.0,7032.0,1.0,0.2886962891,-0.5188598633,0.3768920898,0.7109375
42766397.0,2968.0,0.0,-2.05078125,2.39453125,-4.16015625,0
42773429.0,7032.0,1.0,0.2874755859,-0.522644043,0.3778076172,0.7081298828
42776397.0,2968.0,0.0,-4.125,2.33203125,-3.67578125,0
42788429.0,12032.0,1.0,0.2861328125,-0.526184082,0.378112793,0.705871582
42792397.0,3968.0,0.0,-2.69140625,-0.41015625,-4.36328125,0
42795429.0,3032.0,1.0,0.2845458984,-0.5299072266,0.3781738281,0.7037353516
42798397.0,2968.0,0.0,-1.94140625,-1.34375,-3.625,0
42803429.0,5032.0,1.0,0.2830810547,-0.5335083008,0.3786621094,0.7013549805
42806397.0,2968.0,0.0,-1.91796875,-1.328125,-3.5390625,0
42813429.0,7032.0,1.0,0.2819824219,-0.5366821289,0.3798217773,0.6987304688
42816397.0,2968.0,0.0,-1.3203125,-1.28125,-3.17578125,0
42823429.0,7032.0,1.0,0.2810058594,-0.5396118164,0.381652832,0.6958618164
42826397.0,2968.0,0.0,-1.765625,-0.69921875,-2.31640625,0
42833429.0,7032.0,1.0,0.2800292969,-0.5422973633,0.3837280273,0.6930541992
42836397.0,2968.0,0.0,-2.3984375,-0.74609375,-2.5,0
42843429.0,7032.0,1.0,0.2789916992,-0.5447387695,0.385925293,0.690246582
42846397.0,2968.0,0.0,-2.15234375,-0.41015625,-2.4453125,0
42853429.0,7032.0,1.0,0.2778930664,-0.5470581055,0.3882446289,0.6876220703
42856397.0,2968.0,0.0,-1.11328125,-1.2890625,-2.16796875,0
42863429.0,7032.0,1.0,0.2767333984,-0.5492553711,0.3906860352,0.6848754883
42866397.0,2968.0,0.0,-0.33203125,-1.19140625,-1.61328125,0
42873429.0,7032.0,1.0,0.2755126953,-0.5514526367,0.3931274414,0.6822509766
42876397.0,2968.0,0.0,-0.3984375,-1.55078125,-1.2578125,0
42883429.0,7032.0,1.0,0.2740478516,-0.5536499023,0.3956298828,0.6796264648
42886397.0,2968.0,0.0,-1.50390625,-1.22265625,-1.12890625,0
42893429.0,7032.0,1.0,0.2725219727,-0.5557861328,0.3980712891,0.6770019531
42896397.0,2968.0,0.0,-2.03125,-1.16015625,-1.2265625,0
42903429.0,7032.0,1.0,0.2708740234,-0.5578613281,0.4004516602,0.6745605469
42906397.0,2968.0,0.0,-1.71484375,-0.44921875,-1.24609375,0
42913429.0,7032.0,1.0,0.2692260742,-0.5599365234,0.4030151367,0.6719970703
42916397.0,2968.0,0.0,-1.53125,-1.62109375,-0.625,0
42923429.0,7032.0,1.0,0.2677001953,-0.561706543,0.4056396484,0.6695556641
42926397.0,2968.0,0.0,-0.71875,-0.91015625,-0.5,0
42933429.0,7032.0,1.0,0.2660522461,-0.5637207031,0.4083862305,0.666809082
42936397.0,2968.0,0.0,-0.4140625,0.0234375,-0.75,0
42943429.0,7032.0,1.0,0.2643432617,-0.5657348633,0.4108886719,0.6642456055
42946397.0,2968.0,0.0,-0.26171875,0.16015625,-0.96484375,0
42953429.0,7032.0,1.0,0.2626342773,-0.5678100586,0.4130249023,0.6618652344
42956397.0,2968.0,0.0,-0.18359375,0.0703125,-1.10546875,0
42963429.0,7032.0,1.0,0.2606811523,-0.5701293945,0.4147949219,0.6594848633
42966397.0,2968.0,0.0,0.12890625,0.63671875,-0.71484375,0
42973429.0,7032.0,1.0,0.258605957,-0.5725097656,0.4161376953,0.657409668
42976397.0,2968.0,0.0,0.55078125,-0.14453125,-0.4453125,0
42983429.0,7032.0,1.0,0.2562866211,-0.575012207,0.4173583984,0.6553344727
42986397.0,2968.0,0.0,0.4765625,0.53515625,-0.09765625,0
42993429.0,7032.0,1.0,0.2539672852,-0.5774536133,0.4185791016,0.6533203125
42996397.0,2968.0,0.0,-0.109375,0.56640625,-0.328125,0
43008429.0,12032.0,1.0,0.2517700195,-0.5796508789,0.4198608398,0.6513671875
43012397.0,3968.0,0.0,-0.7578125,-0.40625,-0.75390625,0
43015429.0,3032.0,1.0,0.2495727539,-0.5818481445,0.4213867188,0.6492919922
43018397.0,2968.0,0.0,-0.7578125,-0.421875,-0.66796875,0
43023429.0,5032.0,1.0,0.2473144531,-0.5840454102,0.4232177734,0.6470336914
43026397.0,2968.0,0.0,-0.34375,-0.78125,-0.8203125,0
43033429.0,7032.0,1.0,0.2451782227,-0.5861206055,0.4250488281,0.6447753906
43036397.0,2968.0,0.0,-0.57421875,0.390625,-0.23828125,0
43043429.0,7032.0,1.0,0.2430419922,-0.5881347656,0.4268188477,0.6425170898
43046397.0,2968.0,0.0,-0.5078125,0.59765625,-0.2734375,0
43053429.0,7032.0,1.0,0.2407836914,-0.5901489258,0.4284057617,0.6405029297
43056397.0,2968.0,0.0,-0.359375,0.84765625,-0.234375,0
43063429.0,7032.0,1.0,0.23828125,-0.5921630859,0.4298706055,0.6385498047
43066397.0,2968.0,0.0,-0.3671875,0.296875,0.11328125,0
43073429.0,7032.0,1.0,0.2356567383,-0.5942382813,0.4312133789,0.63671875
43076397.0,2968.0,0.0,0.0,-0.68359375,0.91796875,0
43083429.0,7032.0,1.0,0.2329101563,-0.5962524414,0.4326782227,0.6348876953
43086397.0,2968.0,0.0,-0.0078125,-1.4453125,1.25,0
43093429.0,7032.0,1.0,0.2301025391,-0.5980834961,0.4343261719,0.6329956055
43097397.0,3968.0,0.0,-0.4375,-1.53515625,1.3671875,0
43103429.0,6032.0,1.0,0.2274169922,-0.5998535156,0.4362182617,0.6310424805
43106397.0,2968.0,0.0,-0.875,-0.73046875,1.17578125,0
43113429.0,7032.0,1.0,0.2248535156,-0.6015014648,0.4381713867,0.6290283203
43116397.0,2968.0,0.0,-1.6171875,-0.6875,0.71875,0
43123429.0,7032.0,1.0,0.2221679688,-0.6032104492,0.4403076172,0.6268310547
43126397.0,2968.0,0.0,-1.59765625,-1.0546875,0.6796875,0
43133429.0,7032.0,1.0,0.2197265625,-0.6047973633,0.4425048828,0.6246337891
43136397.0,2968.0,0.0,-0.890625,-1.27734375,0.375,0
43143429.0,7032.0,1.0,0.2172851563,-0.6063842773,0.4445800781,0.6224365234
43146397.0,2968.0,0.0,-0.5546875,-0.53515625,0.1875,0
43153429.0,7032.0,1.0,0.2147827148,-0.6079711914,0.4467163086,0.6202392578
43156397.0,2968.0,0.0,0.11328125,-0.98046875,0.140625,0
43163429.0,7032.0,1.0,0.2124633789,-0.6094970703,0.4486083984,0.6181640625
43166397.0,2968.0,0.0,0.25,-0.3515625,0.44921875,0
43173429.0,7032.0,1.0,0.210144043,-0.6110229492,0.4505615234,0.616027832
43176397.0,2968.0,0.0,0.15625,0.19921875,0.87109375,0
43183429.0,7032.0,1.0,0.2076416016,-0.6127319336,0.4523925781,0.6138305664
43186397.0,2968.0,0.0,-0.01953125,0.015625,1.1328125,0
43193429.0,7032.0,1.0,0.2051391602,-0.6145629883,0.4539794922,0.6116943359
43196397.0,2968.0,0.0,-0.83984375,-0.5,1.09765625,0
43203429.0,7032.0,1.0,0.2025756836,-0.616394043,0.4553222656,0.6096801758
43206397.0,2968.0,0.0,-0.77734375,-1.171875,0.96875,0
43214429.0,8032.0,1.0,0.2000732422,-0.618347168,0.4565429688,0.6076049805
43217397.0,2968.0,0.0,-0.83203125,-0.921875,1.23046875,0
43223429.0,6032.0,1.0,0.1976318359,-0.620300293,0.4576416016,0.6055908203
43226397.0,2968.0,0.0,0.0703125,-0.39453125,0.765625,0
43233429.0,7032.0,1.0,0.1954345703,-0.6223144531,0.4586791992,0.6034545898
43236397.0,2968.0,0.0,0.8125,-0.37109375,1.0625,0
43246429.0,10032.0,1.0,0.1934814453,-0.6242675781,0.4597167969,0.6012573242
43249397.0,2968.0,0.0,1.10546875,-0.26171875,1.2890625,0
43256429.0,7032.0,1.0,0.1917114258,-0.6263427734,0.4608764648,0.5987548828
43259397.0,2968.0,0.0,1.28125,-0.8828125,1.12109375,0
43263429.0,4032.0,1.0,0.1901245117,-0.6284790039,0.462097168,0.5961303711
43266397.0,2968.0,0.0,-0.15234375,-0.4609375,0.125,0
43273429.0,7032.0,1.0,0.1885986328,-0.6307373047,0.4631347656,0.5933837891
43276397.0,2968.0,0.0,-0.359375,0.00390625,0.43359375,0
43283429.0,7032.0,1.0,0.1870117188,-0.6330566406,0.4637451172,0.5909423828
43286397.0,2968.0,0.0,-0.4140625,-0.29296875,0.54296875,0
43294429.0,8032.0,1.0,0.1851196289,-0.6354980469,0.4639282227,0.5887451172
43297397.0,2968.0,0.0,-0.390625,0.5859375,0.796875,0
43303429.0,6032.0,1.0,0.1829833984,-0.6380615234,0.4635620117,0.5869140625
43306397.0,2968.0,0.0,0.13671875,1.24609375,1.15625,0
43313429.0,7032.0,1.0,0.1802368164,-0.6410522461,0.4627075195,0.5852050781
43316397.0,2968.0,0.0,0.65625,1.1328125,1.375,0
43323429.0,7032.0,1.0,0.1770629883,-0.6441650391,0.4613647461,0.5838012695
43326397.0,2968.0,0.0,1.01953125,0.93359375,1.2734375,0
43334429.0,8032.0,1.0,0.1734008789,-0.6474609375,0.4597167969,0.5826416016
43337397.0,2968.0,0.0,0.3984375,1.1171875,1.2890625,0
43344429.0,7032.0,1.0,0.1694335938,-0.6506958008,0.4577636719,0.5816650391
43347397.0,2968.0,0.0,-0.65234375,0.1953125,0.1875,0
43353429.0,6032.0,1.0,0.1655273438,-0.6536865234,0.4559936523,0.580871582
43356397.0,2968.0,0.0,-0.70703125,-0.046875,-0.68359375,0
43363429.0,7032.0,1.0,0.1616210938,-0.6565551758,0.454284668,0.580078125
43366397.0,2968.0,0.0,-0.34765625,0.38671875,-0.30078125,0
43374429.0,8032.0,1.0,0.1577148438,-0.6592407227,0.4528198242,0.5791625977
43377397.0,2968.0,0.0,0.44140625,0.2578125,0.89453125,0
43383429.0,6032.0,1.0,0.1538696289,-0.6619262695,0.4516601563,0.5780639648
43386397.0,2968.0,0.0,0.80078125,0.28125,2.16796875,0
43393429.0,7032.0,1.0,0.1499023438,-0.6644897461,0.4507446289,0.5769042969
43396397.0,2968.0,0.0,0.35546875,-0.1640625,1.41796875,0
43404429.0,8032.0,1.0,0.1455078125,-0.6670532227,0.4497680664,0.5758666992
43407397.0,2968.0,0.0,-0.546875,0.80078125,1.2734375,0
43413429.0,6032.0,1.0,0.1406860352,-0.6694335938,0.4487915039,0.575012207
43416397.0,2968.0,0.0,-1.078125,-1.0,1.703125,0
43423429.0,7032.0,1.0,0.135559082,-0.6715698242,0.4481811523,0.57421875
43426397.0,2968.0,0.0,-0.95703125,-1.5859375,2.671875,0
43433429.0,7032.0,1.0,0.1302490234,-0.6735229492,0.4481811523,0.5731811523
43436397.0,2968.0,0.0,-0.57421875,-2.08984375,3.3671875,0
43444429.0,8032.0,1.0,0.125,-0.6751098633,0.4489746094,0.5718383789
43447397.0,2968.0,0.0,-1.0703125,-2.0,3.69140625,0
43453429.0,6032.0,1.0,0.1198730469,-0.6763916016,0.4505615234,0.5701293945
43456397.0,2968.0,0.0,-3.42578125,-2.5703125,3.02734375,0
43463429.0,7032.0,1.0,0.1150512695,-0.6773071289,0.4532470703,0.5679321289
43466397.0,2968.0,0.0,-4.12890625,-2.5234375,3.05859375,0
43473429.0,7032.0,1.0,0.1105957031,-0.6777954102,0.4569702148,0.565246582
43477397.0,3968.0,0.0,-4.71484375,-1.90625,2.828125,0
43484429.0,7032.0,1.0,0.1064453125,-0.6778564453,0.4616088867,0.5621948242
43487397.0,2968.0,0.0,-5.359375,-1.90625,2.6015625,0
43497429.0,10032.0,1.0,0.1024169922,-0.6774902344,0.4674072266,0.5586547852
43500397.0,2968.0,0.0,-6.88671875,-1.6875,2.2734375,0
43504429.0,4032.0,1.0,0.0983276367,-0.6764526367,0.4750366211,0.5541381836
43507397.0,2968.0,0.0,-7.35546875,-2.19140625,2.4140625,0
43514429.0,7032.0,1.0,0.0952758789,-0.6750488281,0.4827880859,0.5496826172
43517397.0,2968.0,0.0,-7.9296875,-2.625,2.5234375,0
43523429.0,6032.0,1.0,0.0927124023,-0.6728515625,0.4924926758,0.5441894531
43526397.0,2968.0,0.0,-8.375,-2.81640625,2.21875,0
43534429.0,8032.0,1.0,0.0908813477,-0.6697387695,0.5039672852,0.5377807617
43537397.0,2968.0,0.0,-9.8203125,-1.0625,0.51171875,0
43543429.0,6032.0,1.0,0.08984375,-0.666015625,0.5161132813,0.5310668945
43546397.0,2968.0,0.0,-10.45703125,0.16796875,-0.03515625,0
43553429.0,7032.0,1.0,0.0894165039,-0.6612548828,0.5297241211,0.5236206055
43556397.0,2968.0,0.0,-11.37890625,2.39453125,-0.73046875,0
43563429.0,7032.0,1.0,0.089050293,-0.6555175781,0.5440673828,0.5161132813
43566397.0,2968.0,0.0,-12.3828125,4.38671875,-1.625,0
43573429.0,7032.0,1.0,0.0881958008,-0.6489257813,0.5583496094,0.5092773438
43576397.0,2968.0,0.0,-14.578125,10.15234375,-4.5078125,0
43589429.0,13032.0,1.0,0.0863037109,-0.6414794922,0.5720214844,0.5038452148
43594397.0,4968.0,0.0,-16.359375,12.8828125,-6.3515625,0
43596429.0,2032.0,1.0,0.0825195313,-0.6328125,0.5852050781,0.5003051758
43604429.0,8000.0,1.0,0.0756225586,-0.6226806641,0.5974731445,0.4995727539
43607397.0,2968.0,0.0,-11.64453125,17.453125,-4.8671875,0
43613429.0,6032.0,1.0,0.0653076172,-0.6121826172,0.6067504883,0.5028076172
43616397.0,2968.0,0.0,-7.6171875,15.37890625,-3.1328125,0
43623429.0,7032.0,1.0,0.0512084961,-0.6011962891,0.6127929688,0.5102539063
43626397.0,2968.0,0.0,-4.79296875,12.0859375,-1.2890625,0
43634429.0,8032.0,1.0,0.0356445312,-0.5900268555,0.6172485352,0.5192871094
43637397.0,2968.0,0.0,-2.50390625,1.27734375,1.28125,0
43644429.0,7032.0,1.0,0.024597168,-0.577331543,0.6249389648,0.5249023438
43647397.0,2968.0,0.0,-2.03515625,9.5625,7.73046875,0
43654429.0,7032.0,1.0,0.015625,-0.5625610352,0.632019043,0.5327758789
43657397.0,2968.0,0.0,0.76171875,39.87109375,-5.6796875,0
43663429.0,6032.0,1.0,0.0007324219,-0.5463867188,0.6286621094,0.5534057617
43666397.0,2968.0,0.0,1.53125,40.15625,-20.4375,0
43674429.0,8032.0,1.0,0.0184936523,0.5287475586,-0.6140136719,-0.5856933594
43677397.0,2968.0,0.0,6.7109375,18.32421875,-21.921875,0
43689429.0,12032.0,1.0,0.0338745117,0.5108642578,-0.5953979492,-0.6192016602
43694397.0,4968.0,0.0,8.6328125,-15.0859375,-9.77734375,0
43697429.0,3032.0,1.0,0.0423583984,0.4931030273,-0.577331543,-0.6494140625
43700397.0,2968.0,0.0,8.6328125,-15.3125,-10.54296875,0
43704429.0,4032.0,1.0,0.0452880859,0.4747924805,-0.5576782227,-0.6793823242
43707397.0,2968.0,0.0,3.9609375,-14.34765625,1.046875,0
43714429.0,7032.0,1.0,0.044128418,0.4603271484,-0.5394287109,-0.7036743164
43717397.0,2968.0,0.0,3.25390625,-16.9609375,0.30078125,0
43729429.0,12032.0,1.0,0.0394897461,0.4474487305,-0.5205078125,-0.7261962891
43734397.0,4968.0,0.0,7.1015625,-21.71875,3.6953125,0
43737429.0,3032.0,1.0,0.0307617187,0.435546875,-0.501159668,-0.7471313477
43740397.0,2968.0,0.0,8.484375,-21.03125,2.703125,0
43744429.0,4032.0,1.0,0.017578125,0.4245605469,-0.4826660156,-0.7658081055
43747397.0,2968.0,0.0,8.6171875,-20.828125,2.15625,0
43754429.0,7032.0,1.0,0.0034179687,0.4163818359,-0.4682617188,-0.779296875
43757397.0,2968.0,0.0,9.74609375,-17.515625,2.27734375,0
43763429.0,6032.0,1.0,0.0133056641,-0.4091186523,0.4546508789,0.791015625
43766397.0,2968.0,0.0,8.921875,-11.3046875,0.06640625,0
43774429.0,8032.0,1.0,0.0307617187,-0.4030761719,0.4421386719,0.8007202148
43777397.0,2968.0,0.0,8.01171875,-9.3984375,-0.64453125,0
43786429.0,9032.0,1.0,0.047668457,-0.3981323242,0.4310913086,0.8082885742
43789397.0,2968.0,0.0,7.5625,-8.0546875,-0.88671875,0
43796429.0,7032.0,1.0,0.065612793,-0.3936767578,0.4203491211,0.8148803711
43800397.0,3968.0,0.0,7.39453125,-5.15234375,-1.4140625,0
43805429.0,5032.0,1.0,0.0844116211,-0.3894042969,0.4095458984,0.8206787109
43808397.0,2968.0,0.0,7.12890625,-4.3515625,-1.625,0
43814429.0,6032.0,1.0,0.1003417969,-0.3861083984,0.4002685547,0.825012207
43817397.0,2968.0,0.0,6.79296875,-4.15625,-1.25390625,0
43824429.0,7032.0,1.0,0.1160888672,-0.3830566406,0.3910522461,0.8287353516
43827397.0,2968.0,0.0,6.71875,-4.6796875,-0.33984375,0
43834429.0,7032.0,1.0,0.1310424805,-0.3805541992,0.3824462891,0.8317260742
43837397.0,2968.0,0.0,6.828125,-5.52734375,1.6328125,0
43849429.0,12032.0,1.0,0.1448974609,-0.3785400391,0.3747558594,0.8338623047
43854397.0,4968.0,0.0,7.15234375,-5.69921875,2.8203125,0
43857429.0,3032.0,1.0,0.1585693359,-0.3770141602,0.3676147461,0.8352050781
43860397.0,2968.0,0.0,7.05078125,-5.6015625,2.9140625,0
43864429.0,4032.0,1.0,0.1724243164,-0.375793457,0.361328125,0.8357543945
43867397.0,2968.0,0.0,7.10546875,-5.3984375,2.8046875,0
43873429.0,6032.0,1.0,0.1841430664,-0.375,0.3570556641,0.8354492188
43876397.0,2968.0,0.0,6.12109375,-4.66796875,2.15234375,0
43884429.0,8032.0,1.0,0.1967773438,-0.3743896484,0.3535766602,0.8343505859
43887397.0,2968.0,0.0,5.62890625,-3.70703125,1.5078125,0
43894429.0,7032.0,1.0,0.2081298828,-0.3740844727,0.3511962891,0.8327026367
43897397.0,2968.0,0.0,4.94921875,-2.87890625,0.97265625,0
43904429.0,7032.0,1.0,0.2188110352,-0.3740844727,0.3495483398,0.8306884766
43907397.0,2968.0,0.0,4.14453125,-2.21484375,0.6796875,0
43914429.0,7032.0,1.0,0.2290039063,-0.3743286133,0.348449707,0.8282470703
43917397.0,2968.0,0.0,3.41796875,-1.6484375,0.2421875,0
43929429.0,12032.0,1.0,0.2376708984,-0.3747558594,0.3480224609,0.8258056641
43934397.0,4968.0,0.0,2.84375,-0.40234375,-0.64453125,0
43937429.0,3032.0,1.0,0.2462768555,-0.3754882813,0.3479003906,0.8229980469
43940397.0,2968.0,0.0,2.9609375,-0.2421875,-1.3671875,0
43944429.0,4032.0,1.0,0.2545166016,-0.3766479492,0.3477783203,0.8200073242
43947397.0,2968.0,0.0,3.0078125,-0.1484375,-1.359375,0
43954429.0,7032.0,1.0,0.2613525391,-0.3779296875,0.3477172852,0.8173217773
43957397.0,2968.0,0.0,3.12109375,-0.7265625,-1.3359375,0
43964429.0,7032.0,1.0,0.2678222656,-0.3793334961,0.3479614258,0.814453125
43967397.0,2968.0,0.0,2.84765625,-0.91796875,-1.203125,0
43974429.0,7032.0,1.0,0.2737426758,-0.380859375,0.3486328125,0.8114624023
43977397.0,2968.0,0.0,2.6171875,-1.26953125,-1.2890625,0
43984429.0,7032.0,1.0,0.2791137695,-0.3825073242,0.3496704102,0.8084106445
43987397.0,2968.0,0.0,2.16015625,-1.4921875,-1.6328125,0
43994429.0,7032.0,1.0,0.2838745117,-0.3842773438,0.3511352539,0.8052978516
43997397.0,2968.0,0.0,2.08203125,-1.40625,-2.12890625,0
44004429.0,7032.0,1.0,0.2881469727,-0.3861694336,0.3529663086,0.8020629883
44007397.0,2968.0,0.0,1.80859375,-1.2890625,-2.45703125,0
44014429.0,7032.0,1.0,0.2919311523,-0.3880615234,0.3551025391,0.7987670898
44017397.0,2968.0,0.0,1.6953125,-0.078125,-2.78515625,0
44024429.0,7032.0,1.0,0.294921875,-0.3901367188,0.3569335938,0.7958374023
44027397.0,2968.0,0.0,1.57421875,0.55859375,-2.875,0
44034429.0,7032.0,1.0,0.2972412109,-0.3924560547,0.3584594727,0.7931518555
44037397.0,2968.0,0.0,1.49609375,-0.17578125,-2.8671875,0
44044429.0,7032.0,1.0,0.2990112305,-0.3948974609,0.3597412109,0.7907104492
44047397.0,2968.0,0.0,1.3671875,0.19140625,-2.84375,0
44054429.0,7032.0,1.0,0.3002929688,-0.3973388672,0.3610229492,0.7884521484
44057397.0,2968.0,0.0,0.9765625,0.55859375,-3.05859375,0
44063429.0,6032.0,1.0,0.3012695313,-0.3996582031,0.3624267578,0.7862548828
44066397.0,2968.0,0.0,-0.4921875,0.453125,-3.1953125,0
44074429.0,8032.0,1.0,0.301940918,-0.4020996094,0.364074707,0.783996582
44077397.0,2968.0,0.0,-1.046875,0.5078125,-3.24609375,0
44084429.0,7032.0,1.0,0.3023071289,-0.4045410156,0.3657836914,0.7817382813
44087397.0,2968.0,0.0,-1.20703125,0.7421875,-3.4921875,0
44094429.0,7032.0,1.0,0.3025512695,-0.4069824219,0.3676147461,0.7795410156
44097397.0,2968.0,0.0,-1.609375,0.4375,-3.46484375,0
44109429.0,12032.0,1.0,0.3026123047,-0.4094238281,0.3694458008,0.77734375
44113397.0,3968.0,0.0,-2.23046875,-0.24609375,-2.8125,0
44116429.0,3032.0,1.0,0.3026123047,-0.4121704102,0.3713378906,0.7750244141
44119397.0,2968.0,0.0,-2.19921875,-0.23828125,-2.75,0
44123429.0,4032.0,1.0,0.3023681641,-0.4151611328,0.3729858398,0.7727050781
44126397.0,2968.0,0.0,-1.78515625,-0.11328125,-3.21875,0
44134429.0,8032.0,1.0,0.3020019531,-0.418762207,0.3743286133,0.7702636719
44137397.0,2968.0,0.0,-1.71484375,0.46875,-3.4375,0
44144429.0,7032.0,1.0,0.3014526367,-0.4227294922,0.3750610352,0.7680053711
44147397.0,2968.0,0.0,-2.09765625,1.765625,-3.328125,0
44154429.0,7032.0,1.0,0.3006591797,-0.4270019531,0.3751831055,0.7658081055
44157397.0,2968.0,0.0,-3.015625,1.15234375,-3.28125,0
44164429.0,7032.0,1.0,0.2997436523,-0.4315795898,0.3748168945,0.7637939453
44167397.0,2968.0,0.0,-3.0625,1.4140625,-3.70703125,0
44174429.0,7032.0,1.0,0.2987060547,-0.436340332,0.3741455078,0.7618408203
44177397.0,2968.0,0.0,-2.48046875,1.421875,-3.8984375,0
44184429.0,7032.0,1.0,0.2975463867,-0.4411621094,0.3735351563,0.7598266602
44187397.0,2968.0,0.0,-1.94921875,0.80859375,-4.21875,0
44194429.0,7032.0,1.0,0.2964477539,-0.4459228516,0.3731689453,0.7576293945
44198397.0,3968.0,0.0,-1.21484375,1.125,-4.05859375,0
44204429.0,6032.0,1.0,0.2953491211,-0.4506835938,0.3731079102,0.7552490234
44207397.0,2968.0,0.0,-0.63671875,0.2734375,-2.515625,0
44214429.0,7032.0,1.0,0.2944335938,-0.4552612305,0.3735961914,0.7526245117
44217397.0,2968.0,0.0,-0.4140625,0.15234375,-1.5390625,0
44224429.0,7032.0,1.0,0.2937011719,-0.4597167969,0.3745727539,0.7496948242
44227397.0,2968.0,0.0,-1.06640625,-0.015625,-1.62890625,0
44234429.0,7032.0,1.0,0.2931518555,-0.464050293,0.3760986328,0.7465209961
44237397.0,2968.0,0.0,-2.17578125,0.91796875,-2.49609375,0
44244429.0,7032.0,1.0,0.2926635742,-0.4682006836,0.3779296875,0.7431640625
44247397.0,2968.0,0.0,-3.1015625,1.546875,-3.07421875,0
44254429.0,7032.0,1.0,0.2922363281,-0.4719848633,0.3800048828,0.7398681641
44257397.0,2968.0,0.0,-4.91015625,1.2578125,-3.6640625,0
44264429.0,7032.0,1.0,0.2917480469,-0.4760742188,0.3824462891,0.7361450195
44267397.0,2968.0,0.0,-5.33203125,0.9296875,-3.5078125,0
44274429.0,7032.0,1.0,0.2911987305,-0.4797363281,0.3850708008,0.7326049805
44277397.0,2968.0,0.0,-5.7578125,-0.3359375,-3.0078125,0
44286429.0,9032.0,1.0,0.2908325195,-0.4830932617,0.3881835938,0.7289428711
44289397.0,2968.0,0.0,-5.7734375,-0.71875,-2.8984375,0
44296429.0,7032.0,1.0,0.2906494141,-0.4860839844,0.3920288086,0.7249755859
44299397.0,2968.0,0.0,-5.40625,-1.73046875,-3.625,0
44304429.0,5032.0,1.0,0.2908935547,-0.4890136719,0.3968505859,0.7202758789
44307397.0,2968.0,0.0,-4.453125,-0.09765625,-4.640625,0
44314429.0,7032.0,1.0,0.291015625,-0.4915771484,0.4009399414,0.7161254883
44317397.0,2968.0,0.0,-3.328125,0.54296875,-4.5234375,0
44324429.0,7032.0,1.0,0.291015625,-0.4943847656,0.4044799805,0.7122192383
44327397.0,2968.0,0.0,-2.76171875,0.23046875,-4.3671875,0
44334429.0,7032.0,1.0,0.2907104492,-0.4974365234,0.4072875977,0.7086181641
44337397.0,2968.0,0.0,-2.0078125,0.890625,-4.34375,0
44344429.0,7032.0,1.0,0.2902832031,-0.5004882813,0.4096069336,0.7053222656
44347397.0,2968.0,0.0,-2.4921875,-0.29296875,-3.3515625,0
44354429.0,7032.0,1.0,0.2899169922,-0.5034790039,0.4120483398,0.7019042969
44357397.0,2968.0,0.0,-2.69921875,-0.3984375,-3.9765625,0
44364429.0,7032.0,1.0,0.2897338867,-0.5063476563,0.4144897461,0.6984863281
44367397.0,2968.0,0.0,-2.25390625,0.21484375,-4.796875,0
44374429.0,7032.0,1.0,0.2895507813,-0.5091552734,0.4169311523,0.6950683594
44377397.0,2968.0,0.0,-2.70703125,2.22265625,-4.2734375,0
44384429.0,7032.0,1.0,0.2894897461,-0.51171875,0.4191894531,0.6917724609
44387397.0,2968.0,0.0,-1.6953125,1.12109375,-3.8359375,0
44394429.0,7032.0,1.0,0.2895507813,-0.5143432617,0.4212646484,0.6885986328
44397397.0,2968.0,0.0,-1.32421875,2.62109375,-3.2421875,0
44404429.0,7032.0,1.0,0.2894897461,-0.5169677734,0.4229125977,0.6856079102
44407397.0,2968.0,0.0,-0.09375,1.15234375,-2.87890625,0
44414429.0,7032.0,1.0,0.2892456055,-0.5197143555,0.4243774414,0.6827392578
44417397.0,2968.0,0.0,-0.453125,1.85546875,-2.41015625,0
44424429.0,7032.0,1.0,0.2888183594,-0.5225830078,0.4255371094,0.6799926758
44427397.0,2968.0,0.0,-0.97265625,1.52734375,-2.140625,0
44434429.0,7032.0,1.0,0.2883300781,-0.525390625,0.4265136719,0.6774291992
44437397.0,2968.0,0.0,-0.91796875,1.3125,-1.82421875,0
44444429.0,7032.0,1.0,0.2878417969,-0.5280761719,0.4274291992,0.674987793
44447397.0,2968.0,0.0,0.046875,0.9140625,-1.74609375,0
44454429.0,7032.0,1.0,0.2872314453,-0.5308227539,0.428527832,0.6723632813
44457397.0,2968.0,0.0,0.015625,0.69921875,-1.46875,0
44467429.0,10032.0,1.0,0.2866821289,-0.5333251953,0.4296264648,0.669921875
44470397.0,2968.0,0.0,0.03125,0.1328125,-1.3984375,0
44477429.0,7032.0,1.0,0.285949707,-0.5360107422,0.430847168,0.6672973633
44480397.0,2968.0,0.0,-0.04296875,0.07421875,-1.20703125,0
44484429.0,4032.0,1.0,0.2852172852,-0.5384521484,0.4320678711,0.664855957
44487397.0,2968.0,0.0,-0.83984375,-0.48828125,-1.05078125,0
44494429.0,7032.0,1.0,0.284362793,-0.541015625,0.4333496094,0.6622924805
44497397.0,2968.0,0.0,-1.32421875,0.32421875,-0.58203125,0
44504429.0,7032.0,1.0,0.2834472656,-0.5435791016,0.4345703125,0.6597900391
44507397.0,2968.0,0.0,-1.35546875,0.140625,-0.46484375,0
44514429.0,7032.0,1.0,0.2823486328,-0.5462036133,0.4357910156,0.6572875977
44517397.0,2968.0,0.0,-0.90234375,-0.1640625,-0.34375,0
44524429.0,7032.0,1.0,0.2811889648,-0.5487060547,0.4369506836,0.6549682617
44527397.0,2968.0,0.0,-0.43359375,-0.65625,-0.29296875,0
44534429.0,7032.0,1.0,0.2799072266,-0.5511474609,0.4381713867,0.6525878906
44538397.0,3968.0,0.0,-0.3125,-0.8828125,-0.71484375,0
44544429.0,6032.0,1.0,0.2786254883,-0.5534667969,0.4395141602,0.6502685547
44547397.0,2968.0,0.0,0.0703125,-0.5703125,-0.71484375,0
44554429.0,7032.0,1.0,0.2772827148,-0.5557250977,0.4409790039,0.6479492188
44557397.0,2968.0,0.0,0.453125,-1.0390625,-0.59765625,0
44564429.0,7032.0,1.0,0.2759399414,-0.5579223633,0.442565918,0.6455078125
44567397.0,2968.0,0.0,0.63671875,-0.73046875,0.5546875,0
44574429.0,7032.0,1.0,0.2745361328,-0.5601806641,0.4443359375,0.6429443359
44578397.0,3968.0,0.0,0.1015625,-0.73046875,0.83203125,0
44584429.0,6032.0,1.0,0.2731323242,-0.5623779297,0.4461669922,0.6403808594
44587397.0,2968.0,0.0,-0.28125,-0.625,0.6484375,0
44594429.0,7032.0,1.0,0.2717895508,-0.564453125,0.448059082,0.6378173828
44597397.0,2968.0,0.0,-0.3203125,-0.9296875,-0.0390625,0
44604429.0,7032.0,1.0,0.2704467773,-0.5664672852,0.4499511719,0.6351928711
44607397.0,2968.0,0.0,-0.3359375,-0.671875,0.09375,0
44614429.0,7032.0,1.0,0.2690429688,-0.5685424805,0.4519042969,0.6325683594
44618397.0,3968.0,0.0,0.046875,-0.78515625,0.5546875,0
44624429.0,6032.0,1.0,0.2675170898,-0.5706176758,0.4537963867,0.6299438477
44627397.0,2968.0,0.0,0.5,-0.984375,1.21484375,0
44634429.0,7032.0,1.0,0.2659912109,-0.5727539063,0.4556274414,0.6273803711
44637397.0,2968.0,0.0,0.37890625,-0.609375,1.60546875,0
44644429.0,7032.0,1.0,0.2642211914,-0.5750732422,0.4576416016,0.6245117188
44647397.0,2968.0,0.0,0.1015625,-0.9921875,1.15625,0
44654429.0,7032.0,1.0,0.2625732422,-0.5772705078,0.4595947266,0.6217651367
44658397.0,3968.0,0.0,-0.22265625,-1.078125,0.515625,0
44664429.0,6032.0,1.0,0.2611083984,-0.5793457031,0.4616088867,0.6188964844
44667397.0,2968.0,0.0,-0.265625,-0.84765625,0.02734375,0
44674429.0,7032.0,1.0,0.2598876953,-0.5812988281,0.4636230469,0.6160888672
44677397.0,2968.0,0.0,0.23046875,-0.12109375,-0.38671875,0
44684429.0,7032.0,1.0,0.2587890625,-0.5833740234,0.4657592773,0.6129760742
44687397.0,2968.0,0.0,0.63671875,0.37109375,-0.40625,0
44694429.0,7032.0,1.0,0.2578125,-0.5854492188,0.4676513672,0.6099853516
44697397.0,2968.0,0.0,0.58984375,0.30078125,0.32421875,0
44706429.0,9032.0,1.0,0.2567749023,-0.5875854492,0.4692382813,0.6071166992
44709397.0,2968.0,0.0,0.4609375,0.34765625,0.78515625,0
44717429.0,8032.0,1.0,0.2554931641,-0.5900268555,0.4704589844,0.604309082
44720397.0,2968.0,0.0,-0.046875,0.47265625,0.70703125,0
44724429.0,4032.0,1.0,0.2538452148,-0.5928344727,0.4713745117,0.6016235352
44727397.0,2968.0,0.0,-0.015625,-0.09765625,0.52734375,0
44734429.0,7032.0,1.0,0.251953125,-0.5957641602,0.4719238281,0.5991210938
44737397.0,2968.0,0.0,-0.03125,-0.77734375,0.8359375,0
44744429.0,7032.0,1.0,0.2500610352,-0.5986938477,0.4722900391,0.5966796875
44747397.0,2968.0,0.0,-0.30859375,-0.83984375,0.8359375,0
44754429.0,7032.0,1.0,0.2482299805,-0.6015625,0.4725341797,0.5942993164
44757397.0,2968.0,0.0,-1.1640625,0.43359375,0.30078125,0
44764429.0,7032.0,1.0,0.2463989258,-0.6045532227,0.4727172852,0.5919189453
44767397.0,2968.0,0.0,-0.8671875,0.5625,0.1796875,0
44775429.0,8032.0,1.0,0.2445678711,-0.6075439453,0.4727783203,0.5895385742
44778397.0,2968.0,0.0,-0.375,0.9609375,0.328125,0
44784429.0,6032.0,1.0,0.2425537109,-0.6106567383,0.4727172852,0.5872192383
44787397.0,2968.0,0.0,0.18359375,0.2421875,1.046875,0
44794429.0,7032.0,1.0,0.2405395508,-0.6137084961,0.4725952148,0.5849609375
44797397.0,2968.0,0.0,0.48046875,0.55859375,1.203125,0
44804429.0,7032.0,1.0,0.2383422852,-0.6166992188,0.4725952148,0.5826416016
44807397.0,2968.0,0.0,0.96484375,0.53515625,1.50390625,0
44814429.0,7032.0,1.0,0.2361450195,-0.6197509766,0.4727172852,0.5802612305
44817397.0,2968.0,0.0,1.33203125,0.50390625,1.92578125,0
44824429.0,7032.0,1.0,0.2340698242,-0.6225585938,0.4730224609,0.5778198242
44827397.0,2968.0,0.0,0.3203125,0.46484375,1.95703125,0
44834429.0,7032.0,1.0,0.2318725586,-0.6254882813,0.4736328125,0.575012207
44837397.0,2968.0,0.0,-0.546875,0.13671875,1.5078125,0
44844429.0,7032.0,1.0,0.2297363281,-0.6282958984,0.4744262695,0.5722045898
44847397.0,2968.0,0.0,-1.60546875,0.01953125,0.20703125,0
44855429.0,8032.0,1.0,0.2276000977,-0.630859375,0.475402832,0.5693969727
44858397.0,2968.0,0.0,-2.43359375,-0.28515625,-0.28125,0
44864429.0,6032.0,1.0,0.2257080078,-0.6330566406,0.4765014648,0.5667114258
44867397.0,2968.0,0.0,-1.60546875,-0.4375,-0.5546875,0
44874429.0,7032.0,1.0,0.2237548828,-0.6353759766,0.4779052734,0.5637817383
44877397.0,2968.0,0.0,0.0859375,-0.63671875,0.83203125,0
44884429.0,7032.0,1.0,0.2216796875,-0.6375732422,0.479309082,0.5609130859
44887397.0,2968.0,0.0,1.328125,-0.0234375,1.90625,0
44895429.0,8032.0,1.0,0.2194213867,-0.6398925781,0.4805908203,0.5580444336
44898397.0,2968.0,0.0,1.7265625,0.58203125,1.9921875,0
44904429.0,6032.0,1.0,0.2165527344,-0.6424560547,0.4815063477,0.5554199219
44907397.0,2968.0,0.0,1.04296875,0.265625,0.921875,0
44914429.0,7032.0,1.0,0.2132568359,-0.6450805664,0.4819335938,0.5532836914
44917397.0,2968.0,0.0,0.5234375,-0.515625,0.53125,0
44924429.0,7032.0,1.0,0.2092895508,-0.6478881836,0.4818115234,0.551574707
44927397.0,2968.0,0.0,-0.46875,-0.26953125,0.71875,0
44935429.0,8032.0,1.0,0.2047119141,-0.6508789063,0.4812011719,0.5503540039
44938397.0,2968.0,0.0,-1.109375,0.12890625,0.7421875,0
44950429.0,12032.0,1.0,0.200012207,-0.6538085938,0.4802246094,0.5494995117
44955429.0,5000.0,1.0,0.1945800781,-0.6569824219,0.4790039063,0.5487060547
44957397.0,1968.0,0.0,0.0234375,0.01953125,2.27734375,0
44964429.0,7032.0,1.0,0.1887817383,-0.66015625,0.4776611328,0.5480957031
44967397.0,2968.0,0.0,0.98046875,1.05078125,1.83203125,0
44974429.0,7032.0,1.0,0.1828613281,-0.6631469727,0.4763793945,0.5476074219
44977397.0,2968.0,0.0,1.5078125,-0.07421875,1.50390625,0
44984429.0,7032.0,1.0,0.1767578125,-0.666015625,0.4752807617,0.5471191406
44987397.0,2968.0,0.0,1.0546875,-0.3984375,1.58984375,0
44994429.0,7032.0,1.0,0.1705322266,-0.6686401367,0.4745483398,0.5465087891
44998397.0,3968.0,0.0,-0.01953125,-0.18359375,1.30078125,0
45004429.0,6032.0,1.0,0.1644897461,-0.6709594727,0.4743652344,0.5456542969
45007397.0,2968.0,0.0,-1.55859375,-0.40234375,1.61328125,0
45014429.0,7032.0,1.0,0.1586303711,-0.6729125977,0.474609375,0.5447387695
45017397.0,2968.0,0.0,-4.5859375,-0.43359375,2.2109375,0
45024429.0,7032.0,1.0,0.1519165039,-0.6748046875,0.4753417969,0.543762207
45027397.0,2968.0,0.0,-5.4453125,-1.66015625,2.57421875,0
45034429.0,7032.0,1.0,0.1452026367,-0.6762695313,0.4765625,0.5426635742
45037397.0,2968.0,0.0,-6.57421875,-1.77734375,3.6640625,0
45044429.0,7032.0,1.0,0.1385498047,-0.6773071289,0.4786376953,0.5412597656
45047397.0,2968.0,0.0,-7.40234375,-2.21484375,3.49609375,0
45054429.0,7032.0,1.0,0.1325073242,-0.677734375,0.4819335938,0.5393066406
45057397.0,2968.0,0.0,-7.85546875,-3.83984375,2.83984375,0
45064429.0,7032.0,1.0,0.1270141602,-0.6774291992,0.487121582,0.536315918
45067397.0,2968.0,0.0,-7.89453125,-3.94140625,3.046875,0
45074429.0,7032.0,1.0,0.1227416992,-0.6763916016,0.4939575195,0.532409668
45077397.0,2968.0,0.0,-7.75,-3.25390625,2.6796875,0
45084429.0,7032.0,1.0,0.1194458008,-0.6746826172,0.5022583008,0.5275268555
45087397.0,2968.0,0.0,-7.5234375,-2.7734375,2.33203125,0
45094429.0,7032.0,1.0,0.1170654297,-0.6723022461,0.5115966797,0.5220336914
45097397.0,2968.0,0.0,-7.203125,-0.390625,1.19140625,0
45109429.0,12032.0,1.0,0.1151123047,-0.6694335938,0.5216064453,0.5162963867
45113397.0,3968.0,0.0,-7.56640625,2.10546875,-0.64453125,0
45116429.0,3032.0,1.0,0.1132202148,-0.6658325195,0.5323486328,0.5103149414
45119397.0,2968.0,0.0,-8.125,2.79296875,-1.6328125,0
45124429.0,5032.0,1.0,0.1110229492,-0.661315918,0.544128418,0.5042724609
45127397.0,2968.0,0.0,-8.234375,2.70703125,-1.515625,0
45134429.0,7032.0,1.0,0.1083984375,-0.65625,0.555480957,0.4990234375
45137397.0,2968.0,0.0,-10.1171875,7.35546875,-3.16015625,0
45144429.0,7032.0,1.0,0.1050415039,-0.6504516602,0.5667724609,0.4946289063
45147397.0,2968.0,0.0,-11.06640625,9.23828125,-4.7421875,0
45155429.0,8032.0,1.0,0.1005859375,-0.643737793,0.578125,0.4912109375
45158397.0,2968.0,0.0,-11.99609375,10.54296875,-4.6640625,0
45164429.0,6032.0,1.0,0.0947875977,-0.635925293,0.5892944336,0.4891967773
45167397.0,2968.0,0.0,-13.39453125,14.01171875,-5.4140625,0
45174429.0,7032.0,1.0,0.0872192383,-0.6271362305,0.5996704102,0.4893188477
45177397.0,2968.0,0.0,-11.7265625,13.1484375,-2.12890625,0
45187429.0,10032.0,1.0,0.0778808594,-0.6179199219,0.6083374023,0.4919433594
45190397.0,2968.0,0.0,-8.58203125,10.9453125,1.2578125,0
45197429.0,7032.0,1.0,0.0648803711,-0.6077880859,0.615234375,0.4978027344
45200397.0,2968.0,0.0,-5.90234375,8.6796875,1.5703125,0
45204429.0,4032.0,1.0,0.0491333008,-0.5979003906,0.6198120117,0.505859375
45207397.0,2968.0,0.0,-3.19921875,2.3515625,5.8046875,0
45214429.0,7032.0,1.0,0.0334472656,-0.587097168,0.6247558594,0.513671875
45217397.0,2968.0,0.0,-1.86328125,-10.984375,3.98828125,0
45224429.0,7032.0,1.0,0.024230957,-0.5751953125,0.6329956055,0.517578125
45227397.0,2968.0,0.0,-2.5625,-5.6328125,6.8359375,0
45235429.0,8032.0,1.0,0.0177001953,-0.5610961914,0.6413574219,0.5230102539
45238397.0,2968.0,0.0,-0.23046875,19.7109375,-0.3984375,0
45244429.0,6032.0,1.0,0.0067749023,-0.5465087891,0.6413574219,0.5384521484
45247397.0,2968.0,0.0,4.9921875,35.00390625,-21.671875,0
45254429.0,7032.0,1.0,0.012878418,0.5302734375,-0.6276245117,-0.5698242188
45257397.0,2968.0,0.0,7.47265625,25.83984375,-23.125,0
45267429.0,10032.0,1.0,0.0334472656,0.5142822266,-0.6043701172,-0.6076049805
45270397.0,2968.0,0.0,13.42578125,-1.04296875,-22.71484375,0
45277429.0,7032.0,1.0,0.0482788086,0.4978027344,-0.5786743164,-0.6442260742
45280397.0,2968.0,0.0,8.22265625,-18.35546875,-5.82421875,0
45285429.0,5032.0,1.0,0.0533447266,0.4827880859,-0.557800293,-0.6729736328
45288397.0,2968.0,0.0,2.76171875,-24.34765625,0.69140625,0
45294429.0,6032.0,1.0,0.0509033203,0.4686889648,-0.540222168,-0.6970214844
45297397.0,2968.0,0.0,2.08203125,-18.6328125,4.76171875,0
45304429.0,7032.0,1.0,0.0446166992,0.4559936523,-0.5229492188,-0.71875
45307397.0,2968.0,0.0,4.375,-12.46484375,4.80859375,0
45315429.0,8032.0,1.0,0.0364379883,0.4450683594,-0.5046386719,-0.7388916016
45318397.0,2968.0,0.0,6.4140625,-13.6328125,2.0625,0
45330429.0,12032.0,1.0,0.0267333984,0.4360351563,-0.4862670898,-0.7567749023
45335397.0,4968.0,0.0,7.3828125,-17.359375,3.37890625,0
45338429.0,3032.0,1.0,0.0142822266,0.4279785156,-0.4680786133,-0.7730102539
45341397.0,2968.0,0.0,7.109375,-15.86328125,3.39453125,0
45345429.0,4032.0,1.0,0.0018310547,-0.4206542969,0.4510498047,0.787109375
45348397.0,2968.0,0.0,7.2578125,-15.58984375,2.94921875,0
45355429.0,7032.0,1.0,0.0174560547,-0.4152832031,0.4389648438,0.7965698242
45358397.0,2968.0,0.0,5.9375,-9.953125,1.15625,0
45364429.0,6032.0,1.0,0.0346679687,-0.4104003906,0.4284667969,0.8041992188
45367397.0,2968.0,0.0,5.45703125,-7.34375,0.01171875,0
45375429.0,8032.0,1.0,0.0524291992,-0.4060668945,0.4188232422,0.810546875
45378397.0,2968.0,0.0,5.265625,-5.67578125,-0.72265625,0
45385429.0,7032.0,1.0,0.0686645508,-0.4024658203,0.4096069336,0.8157958984
45387397.0,1968.0,0.0,5.13671875,-3.7578125,-1.96875,0
45397429.0,10032.0,1.0,0.084777832,-0.3992919922,0.3989868164,0.821105957
45400397.0,2968.0,0.0,5.0078125,-3.95703125,-1.12109375,0
45404429.0,4032.0,1.0,0.0995483398,-0.3967285156,0.3878173828,0.8259887695
45407397.0,2968.0,0.0,5.2109375,-4.734375,-0.15234375,0
45414429.0,7032.0,1.0,0.1142578125,-0.39453125,0.3764038086,0.8303833008
45417397.0,2968.0,0.0,5.52734375,-6.578125,0.9375,0
45425429.0,8032.0,1.0,0.1283569336,-0.3927612305,0.3665161133,0.8336181641
45428397.0,2968.0,0.0,5.58984375,-7.55078125,2.3359375,0
45434429.0,6032.0,1.0,0.141418457,-0.3913574219,0.3590087891,0.8354492188
45437397.0,2968.0,0.0,5.53515625,-7.76171875,2.47265625,0
45444429.0,7032.0,1.0,0.1558837891,-0.3899536133,0.3527832031,0.8361206055
45447397.0,2968.0,0.0,5.9453125,-6.59375,1.89453125,0
45455429.0,8032.0,1.0,0.1694335938,-0.3889160156,0.348449707,0.8358154297
45458397.0,2968.0,0.0,6.53515625,-5.33203125,1.58984375,0
45464429.0,6032.0,1.0,0.1817016602,-0.3883056641,0.3449707031,0.8349609375
45467397.0,2968.0,0.0,6.66015625,-4.41015625,1.265625,0
45477429.0,10032.0,1.0,0.1938476563,-0.3880615234,0.3415527344,0.8338012695
45480397.0,2968.0,0.0,5.5546875,-4.1328125,1.25,0
45484429.0,4032.0,1.0,0.2048950195,-0.3881835938,0.3383789063,0.8323364258
45487397.0,2968.0,0.0,4.8359375,-4.51953125,1.1015625,0
45494429.0,7032.0,1.0,0.2158203125,-0.3885498047,0.3358154297,0.8304443359
45497397.0,2968.0,0.0,4.38671875,-4.1796875,1.140625,0
45505429.0,8032.0,1.0,0.2260742188,-0.3889770508,0.3343505859,0.828125
45508397.0,2968.0,0.0,4.26953125,-4.015625,0.28125,0
45515429.0,7032.0,1.0,0.2357788086,-0.3894042969,0.333984375,0.825378418
45518397.0,2968.0,0.0,4.30859375,-3.06640625,-0.40625,0
45524429.0,6032.0,1.0,0.244934082,-0.3898925781,0.3345947266,0.822265625
45527397.0,2968.0,0.0,4.234375,-2.17578125,-1.234375,0
45535429.0,8032.0,1.0,0.2536010742,-0.3904418945,0.3356323242,0.8188476563
45538397.0,2968.0,0.0,4.00390625,-1.29296875,-1.546875,0
45545429.0,7032.0,1.0,0.2615966797,-0.3912963867,0.3369140625,0.8154296875
45548397.0,2968.0,0.0,3.609375,-0.72265625,-2.48046875,0
45555429.0,7032.0,1.0,0.2689819336,-0.3923950195,0.3381347656,0.8120117188
45558397.0,2968.0,0.0,3.30859375,-0.921875,-2.421875,0
45568429.0,10032.0,1.0,0.2750854492,-0.3937988281,0.3391113281,0.8088378906
45571397.0,2968.0,0.0,2.8828125,-0.9375,-2.41796875,0
45578429.0,7032.0,1.0,0.2810668945,-0.3958129883,0.3400878906,0.8053588867
45581397.0,2968.0,0.0,2.125,-0.375,-3.21484375,0
45585429.0,4032.0,1.0,0.2857055664,-0.3981323242,0.3406982422,0.8023681641
45588397.0,2968.0,0.0,1.88671875,-0.11328125,-3.66796875,0
45595429.0,7032.0,1.0,0.2893676758,-0.4006347656,0.341003418,0.7996826172
45598397.0,2968.0,0.0,1.45703125,-0.47265625,-3.859375,0
45605429.0,7032.0,1.0,0.2924804688,-0.4032592773,0.3413696289,0.7970581055
45608397.0,2968.0,0.0,0.76171875,-0.80078125,-3.65625,0
45615429.0,7032.0,1.0,0.2952270508,-0.4058227539,0.3420410156,0.7944335938
45618397.0,2968.0,0.0,0.33984375,-0.0625,-3.87109375,0
45624429.0,6032.0,1.0,0.2974243164,-0.408203125,0.3428344727,0.7920532227
45627397.0,2968.0,0.0,-0.05859375,1.0,-4.3203125,0
45635429.0,8032.0,1.0,0.2993164063,-0.4107666016,0.3436279297,0.7896728516
45638397.0,2968.0,0.0,-0.8671875,0.734375,-4.57421875,0
45645429.0,7032.0,1.0,0.3006591797,-0.4134521484,0.3442993164,0.7874755859
45648397.0,2968.0,0.0,-1.95703125,0.45703125,-3.984375,0
45655429.0,7032.0,1.0,0.3013916016,-0.4163208008,0.3446655273,0.7855224609
45658397.0,2968.0,0.0,-2.5,0.49609375,-3.8515625,0
45665429.0,7032.0,1.0,0.301574707,-0.4194946289,0.3446655273,0.7837524414
45668397.0,2968.0,0.0,-2.69921875,0.375,-2.9140625,0
45675429.0,7032.0,1.0,0.3012084961,-0.4227905273,0.344543457,0.7821655273
45678397.0,2968.0,0.0,-2.484375,0.109375,-2.2109375,0
45685429.0,7032.0,1.0,0.3007202148,-0.4261474609,0.3446655273,0.7805175781
45688397.0,2968.0,0.0,-2.765625,-1.32421875,-1.54296875,0
45695429.0,7032.0,1.0,0.3001708984,-0.4293823242,0.3454589844,0.7785644531
45698397.0,2968.0,0.0,-2.84765625,-2.06640625,-1.9609375,0
45705429.0,7032.0,1.0,0.2998657227,-0.4326171875,0.3471069336,0.7761230469
45708397.0,2968.0,0.0,-2.55078125,-0.6015625,-3.30078125,0
45715429.0,7032.0,1.0,0.2998657227,-0.4356079102,0.3495483398,0.7733764648
45718397.0,2968.0,0.0,-2.625,0.046875,-3.64453125,0
45725429.0,7032.0,1.0,0.3000488281,-0.4385375977,0.3525390625,0.770324707
45728397.0,2968.0,0.0,-3.59765625,0.46875,-4.0859375,0
45735429.0,7032.0,1.0,0.3002319336,-0.44140625,0.3557739258,0.7670898438
45738397.0,2968.0,0.0,-5.13671875,1.3046875,-2.8359375,0
45745429.0,7032.0,1.0,0.3002929688,-0.4443359375,0.3591308594,0.7637939453
45748397.0,2968.0,0.0,-4.109375,0.76171875,-2.62109375,0
45755429.0,7032.0,1.0,0.3002319336,-0.447265625,0.3627929688,0.7603759766
45759397.0,3968.0,0.0,-2.77734375,0.515625,-1.859375,0
45766429.0,7032.0,1.0,0.3001708984,-0.4499511719,0.3667602539,0.7568969727
45769397.0,2968.0,0.0,-1.55859375,0.1171875,-1.3359375,0
45779429.0,10032.0,1.0,0.3002319336,-0.4525756836,0.3715820313,0.7529907227
45782397.0,2968.0,0.0,-0.6171875,-0.13671875,-0.56640625,0
45786429.0,4032.0,1.0,0.3003540039,-0.4553222656,0.3770751953,0.7485351563
45789397.0,2968.0,0.0,-0.76953125,0.328125,-0.6328125,0
45795429.0,6032.0,1.0,0.3003540039,-0.4580688477,0.3824462891,0.7440795898
45798397.0,2968.0,0.0,-1.12890625,0.19140625,-1.26953125,0
45805429.0,7032.0,1.0,0.3002929688,-0.4609375,0.3877563477,0.7395629883
45808397.0,2968.0,0.0,-2.015625,0.8515625,-2.0859375,0
45814429.0,6032.0,1.0,0.3002319336,-0.4637451172,0.3927612305,0.7352294922
45817397.0,2968.0,0.0,-4.20703125,1.63671875,-4.640625,0
45825429.0,8032.0,1.0,0.3002929688,-0.4666748047,0.3980102539,0.7305297852
45828397.0,2968.0,0.0,-4.796875,1.73046875,-5.46484375,0
45835429.0,7032.0,1.0,0.3005981445,-0.4693603516,0.4030151367,0.7258911133
45838397.0,2968.0,0.0,-4.7734375,2.59375,-5.71484375,0
45845429.0,7032.0,1.0,0.3009033203,-0.4721069336,0.4075317383,0.7214355469
45848397.0,2968.0,0.0,-4.625,2.88671875,-5.4765625,0
45855429.0,7032.0,1.0,0.3010864258,-0.4751586914,0.4112548828,0.7172851563
45858397.0,2968.0,0.0,-4.03515625,2.55078125,-5.16796875,0
45865429.0,7032.0,1.0,0.3010864258,-0.478515625,0.4140014648,0.7134399414
45868397.0,2968.0,0.0,-3.61328125,1.75390625,-4.5625,0
45875429.0,7032.0,1.0,0.3009033203,-0.4821166992,0.4159545898,0.7099609375
45878397.0,2968.0,0.0,-3.20703125,1.62109375,-4.71875,0
45885429.0,7032.0,1.0,0.30078125,-0.4857788086,0.4173583984,0.7066650391
45888397.0,2968.0,0.0,-2.265625,0.265625,-4.38671875,0
45895429.0,7032.0,1.0,0.3004760742,-0.4896850586,0.4182739258,0.7035522461
45898397.0,2968.0,0.0,-2.47265625,3.02734375,-3.87109375,0
45905429.0,7032.0,1.0,0.2998657227,-0.4938354492,0.4183959961,0.7008056641
45908397.0,2968.0,0.0,-2.2109375,2.14453125,-3.94140625,0
45915429.0,7032.0,1.0,0.2991943359,-0.4979858398,0.4183959961,0.6981811523
45918397.0,2968.0,0.0,-2.4921875,1.609375,-3.82421875,0
45925429.0,7032.0,1.0,0.2987670898,-0.5017700195,0.4185180664,0.6955566406
45928397.0,2968.0,0.0,-2.9296875,3.48046875,-4.6171875,0
45935429.0,7032.0,1.0,0.2983398438,-0.5052490234,0.4186401367,0.6931152344
45938397.0,2968.0,0.0,-2.953125,2.79296875,-3.890625,0
45948429.0,10032.0,1.0,0.2978515625,-0.5084228516,0.4187011719,0.6909790039
45951397.0,2968.0,0.0,-2.16015625,2.546875,-3.51171875,0
45958429.0,7032.0,1.0,0.2973022461,-0.5116577148,0.4190063477,0.688659668
45961397.0,2968.0,0.0,-0.8046875,0.96875,-3.08984375,0
45965429.0,4032.0,1.0,0.2967529297,-0.5146484375,0.4197998047,0.6862182617
45968397.0,2968.0,0.0,-0.55859375,0.5625,-0.7890625,0
45975429.0,7032.0,1.0,0.2962646484,-0.5173339844,0.421081543,0.68359375
45978397.0,2968.0,0.0,-1.12109375,0.5390625,-0.24609375,0
45985429.0,7032.0,1.0,0.295715332,-0.5198974609,0.4229125977,0.6807250977
45988397.0,2968.0,0.0,-1.6484375,0.25,-0.3203125,0
45995429.0,7032.0,1.0,0.2952270508,-0.5221557617,0.4250488281,0.6778564453
45998397.0,2968.0,0.0,-1.9375,0.36328125,-0.84765625,0
46004429.0,6032.0,1.0,0.2947387695,-0.5239868164,0.4274291992,0.6751708984
46007397.0,2968.0,0.0,-0.7421875,0.2421875,-1.87109375,0
46015429.0,8032.0,1.0,0.2941894531,-0.5257568359,0.4302978516,0.6722412109
46018397.0,2968.0,0.0,0.0234375,-0.33984375,-2.23828125,0
46025429.0,7032.0,1.0,0.2935791016,-0.5272827148,0.4333496094,0.6693725586
46028397.0,2968.0,0.0,0.25390625,-0.05078125,-1.65234375,0
46035429.0,7032.0,1.0,0.2927246094,-0.5288085938,0.4364013672,0.6665039063
46038397.0,2968.0,0.0,0.14453125,-0.265625,-1.0625,0
46045429.0,7032.0,1.0,0.2916870117,-0.5303955078,0.4393920898,0.6636962891
46048397.0,2968.0,0.0,-1.125,-0.46484375,-1.2421875,0
46055429.0,7032.0,1.0,0.2904663086,-0.532043457,0.4422607422,0.6610107422
46059397.0,3968.0,0.0,-1.42578125,-0.2890625,-1.265625,0
46065429.0,6032.0,1.0,0.2891845703,-0.5336303711,0.4448852539,0.6585693359
46068397.0,2968.0,0.0,-1.1640625,-0.42578125,-0.95703125,0
46075429.0,7032.0,1.0,0.2878417969,-0.53515625,0.4472045898,0.6563110352
46078397.0,2968.0,0.0,-0.24609375,-0.6640625,-0.91796875,0
46085429.0,7032.0,1.0,0.2864379883,-0.5368041992,0.4494018555,0.6540527344
46088397.0,2968.0,0.0,0.8671875,-0.06640625,0.15625,0
46095429.0,7032.0,1.0,0.2848510742,-0.5386352539,0.4514160156,0.6518554688
46099397.0,3968.0,0.0,0.51953125,-0.234375,0.96484375,0
46105429.0,6032.0,1.0,0.2832641602,-0.5406494141,0.4533691406,0.649597168
46108397.0,2968.0,0.0,-0.21484375,-0.3203125,1.01171875,0
46115429.0,7032.0,1.0,0.2815551758,-0.5426635742,0.4551391602,0.6473388672
46118397.0,2968.0,0.0,-1.40234375,-0.01953125,0.359375,0
46125429.0,7032.0,1.0,0.2798461914,-0.5447998047,0.4569091797,0.6451416016
46128397.0,2968.0,0.0,-1.44921875,-0.7265625,-0.06640625,0
46135429.0,7032.0,1.0,0.2781982422,-0.5467529297,0.4585571289,0.6429443359
46139397.0,3968.0,0.0,-1.02734375,-0.16015625,-0.71484375,0
46145429.0,6032.0,1.0,0.2766723633,-0.5487670898,0.460144043,0.6407470703
46148397.0,2968.0,0.0,-0.53515625,0.375,-1.3671875,0
46155429.0,7032.0,1.0,0.2752685547,-0.5507202148,0.4616088867,0.638671875
46158397.0,2968.0,0.0,0.11328125,0.67578125,-0.21484375,0
46165429.0,7032.0,1.0,0.2736206055,-0.5529785156,0.4631347656,0.6362915039
46168397.0,2968.0,0.0,0.4140625,0.71484375,0.0859375,0
46175429.0,7032.0,1.0,0.2719726563,-0.5552368164,0.4644775391,0.6340942383
46178397.0,2968.0,0.0,-0.23828125,0.70703125,0.35546875,0
46187429.0,9032.0,1.0,0.2701416016,-0.5573730469,0.4655761719,0.6321411133
46190397.0,2968.0,0.0,-0.93359375,0.8203125,0.43359375,0
46197429.0,7032.0,1.0,0.2680053711,-0.5596313477,0.4665527344,0.6303100586
46200397.0,2968.0,0.0,-0.63671875,-0.8359375,0.41796875,0
46205429.0,5032.0,1.0,0.265625,-0.5619506836,0.4676513672,0.6284790039
46208397.0,2968.0,0.0,-0.64453125,-0.65234375,0.61328125,0
46215429.0,7032.0,1.0,0.2635498047,-0.5640258789,0.4688720703,0.6265869141
46218397.0,2968.0,0.0,-0.3828125,0.29296875,1.06640625,0
46225429.0,7032.0,1.0,0.2614135742,-0.5659790039,0.4702758789,0.6245727539
46228397.0,2968.0,0.0,-0.28515625,-0.51953125,1.40234375,0
46235429.0,7032.0,1.0,0.2593994141,-0.5679321289,0.471862793,0.6224365234
46238397.0,2968.0,0.0,-0.21484375,-0.8046875,0.90625,0
46245429.0,7032.0,1.0,0.2573242188,-0.5699462891,0.4735717773,0.6202392578
46248397.0,2968.0,0.0,-0.68359375,-0.58984375,0.21875,0
46255429.0,7032.0,1.0,0.2551879883,-0.5718383789,0.4752807617,0.6180419922
46258397.0,2968.0,0.0,-0.66796875,-0.33203125,-0.32421875,0
46265429.0,7032.0,1.0,0.2529907227,-0.5736694336,0.4768066406,0.616027832
46268397.0,2968.0,0.0,0.05078125,-0.5390625,-0.015625,0
46275429.0,7032.0,1.0,0.2507324219,-0.5755615234,0.4781494141,0.6141967773
46278397.0,2968.0,0.0,0.1875,-0.28515625,0.23828125,0
46285429.0,7032.0,1.0,0.2482910156,-0.5775756836,0.4791870117,0.612487793
46288397.0,2968.0,0.0,-0.01171875,-0.03125,0.5390625,0
46295429.0,7032.0,1.0,0.2456054688,-0.5797119141,0.4798583984,0.6110229492
46298397.0,2968.0,0.0,-0.06640625,-0.23828125,0.75390625,0
46305429.0,7032.0,1.0,0.2427368164,-0.5819702148,0.4802246094,0.6097412109
46308397.0,2968.0,0.0,-0.1484375,-0.62890625,1.16015625,0
46315429.0,7032.0,1.0,0.2397460938,-0.5842895508,0.4804077148,0.6085205078
46318397.0,2968.0,0.0,-0.42578125,-0.64453125,1.63671875,0
46325429.0,7032.0,1.0,0.2366943359,-0.586730957,0.4806518555,0.6072387695
46328397.0,2968.0,0.0,-0.6015625,-0.921875,2.04296875,0
46335429.0,7032.0,1.0,0.2338256836,-0.589050293,0.4809570313,0.6058349609
46338397.0,2968.0,0.0,-0.73828125,-1.20703125,1.80078125,0
46345429.0,7032.0,1.0,0.231262207,-0.5912475586,0.4815063477,0.6042480469
46348397.0,2968.0,0.0,-0.7109375,-1.13671875,1.35546875,0
46355429.0,7032.0,1.0,0.2287597656,-0.5935668945,0.4822387695,0.602355957
46358397.0,2968.0,0.0,-0.76171875,-0.578125,0.46875,0
46365429.0,7032.0,1.0,0.2264404297,-0.595703125,0.4829711914,0.6005249023
46368397.0,2968.0,0.0,-0.77734375,-0.2421875,-0.08203125,0
46375429.0,7032.0,1.0,0.2241210938,-0.5979614258,0.4834594727,0.5987548828
46378397.0,2968.0,0.0,-0.71875,0.05859375,-0.4375,0
46385429.0,7032.0,1.0,0.221862793,-0.6001586914,0.4837646484,0.5971069336
46388397.0,2968.0,0.0,-0.19140625,-0.41015625,0.54296875,0
46395429.0,7032.0,1.0,0.2192993164,-0.602722168,0.4838867188,0.5953979492
46398397.0,2968.0,0.0,0.1796875,0.5859375,0.75,0
46405429.0,7032.0,1.0,0.2166137695,-0.6053466797,0.4837036133,0.5938720703
46408397.0,2968.0,0.0,0.546875,1.3125,1.15625,0
46415429.0,7032.0,1.0,0.2136230469,-0.6080932617,0.4831542969,0.592590332
46418397.0,2968.0,0.0,0.8359375,0.5390625,1.40234375,0
46430429.0,12032.0,1.0,0.2106323242,-0.6107177734,0.4824829102,0.5914916992
46434397.0,3968.0,0.0,0.33203125,-0.15625,0.609375,0
46437429.0,3032.0,1.0,0.2072753906,-0.6135253906,0.4817504883,0.5903930664
46440397.0,2968.0,0.0,0.31640625,-0.1640625,0.6640625,0
46445429.0,5032.0,1.0,0.2037963867,-0.616394043,0.4809570313,0.5892333984
46448397.0,2968.0,0.0,-0.0546875,0.46875,0.2109375,0
46455429.0,7032.0,1.0,0.200378418,-0.619140625,0.4802246094,0.5881347656
46458397.0,2968.0,0.0,0.16015625,0.453125,1.421875,0
46465429.0,7032.0,1.0,0.1967773438,-0.6220092773,0.4792480469,0.587097168
46468397.0,2968.0,0.0,0.4140625,0.25390625,1.43359375,0
46475429.0,7032.0,1.0,0.1929321289,-0.6249389648,0.4781494141,0.5861206055
46478397.0,2968.0,0.0,0.6953125,0.890625,0.94921875,0
46485429.0,7032.0,1.0,0.1887207031,-0.6279296875,0.4768676758,0.5853881836
46488397.0,2968.0,0.0,1.36328125,0.26171875,0.68359375,0
46495429.0,7032.0,1.0,0.184387207,-0.630859375,0.4754638672,0.584777832
46498397.0,2968.0,0.0,0.34375,-0.94921875,1.41796875,0
46505429.0,7032.0,1.0,0.1798706055,-0.6337280273,0.4741210938,0.5841674805
46508397.0,2968.0,0.0,0.01953125,-1.1640625,1.3515625,0
46515429.0,7032.0,1.0,0.1753540039,-0.6364746094,0.4731445313,0.5833740234
46519397.0,3968.0,0.0,0.06640625,-0.88671875,1.2890625,0
46525429.0,6032.0,1.0,0.1708984375,-0.6390380859,0.4724731445,0.5823974609
46528397.0,2968.0,0.0,0.34765625,-0.91796875,1.56640625,0
46535429.0,7032.0,1.0,0.1666870117,-0.6413574219,0.4721679688,0.5813598633
46538397.0,2968.0,0.0,-0.02734375,-1.140625,2.07421875,0
46545429.0,7032.0,1.0,0.1620483398,-0.643737793,0.4721069336,0.580078125
46548397.0,2968.0,0.0,-0.32421875,-0.953125,1.8984375,0
46555429.0,7032.0,1.0,0.1575927734,-0.6458740234,0.4723510742,0.5786743164
46559397.0,3968.0,0.0,-0.89453125,-0.8359375,1.6875,0
46565429.0,6032.0,1.0,0.1530761719,-0.6479492188,0.4729003906,0.5771484375
46568397.0,2968.0,0.0,-1.8515625,-0.26953125,1.75,0
46575429.0,7032.0,1.0,0.1484375,-0.6498413086,0.4737548828,0.5755004883
46578397.0,2968.0,0.0,-3.109375,-1.0078125,0.84375,0
46585429.0,7032.0,1.0,0.1441650391,-0.6514282227,0.4748535156,0.5739135742
46588397.0,2968.0,0.0,-3.5703125,-0.85546875,0.5234375,0
46595429.0,7032.0,1.0,0.1397705078,-0.6528320313,0.4763793945,0.5721435547
46598397.0,2968.0,0.0,-4.0,-0.02734375,0.35546875,0
46605429.0,7032.0,1.0,0.1353149414,-0.6539916992,0.4782104492,0.5703735352
46608397.0,2968.0,0.0,-3.6640625,-1.15625,1.29296875,0
46615429.0,7032.0,1.0,0.1307373047,-0.6549682617,0.4804077148,0.5684204102
46618397.0,2968.0,0.0,-4.20703125,-1.33203125,2.65625,0
46631429.0,13032.0,1.0,0.1260986328,-0.6557617188,0.4829711914,0.56640625
46636429.0,5000.0,1.0,0.1211547852,-0.6561889648,0.4861450195,0.5642700195
46638397.0,1968.0,0.0,-4.35546875,-0.5078125,3.13671875,0
46645429.0,7032.0,1.0,0.1162109375,-0.6561889648,0.4901733398,0.5617675781
46648397.0,2968.0,0.0,-4.265625,-1.55078125,3.828125,0
46655429.0,7032.0,1.0,0.1117553711,-0.6557006836,0.4953613281,0.5587158203
46658397.0,2968.0,0.0,-4.3046875,-1.41015625,3.3671875,0
46665429.0,7032.0,1.0,0.1078491211,-0.6546020508,0.5020751953,0.5547485352
46668397.0,2968.0,0.0,-4.8828125,-1.2578125,3.23046875,0
46676429.0,8032.0,1.0,0.1047973633,-0.6528930664,0.5101318359,0.549987793
46679397.0,2968.0,0.0,-5.84765625,-0.30078125,2.921875,0
46685429.0,6032.0,1.0,0.1024169922,-0.650390625,0.5197753906,0.5443725586
46688397.0,2968.0,0.0,-7.13671875,2.07421875,2.38671875,0
46695429.0,7032.0,1.0,0.1006469727,-0.6470947266,0.5307006836,0.5380249023
46698397.0,2968.0,0.0,-7.62109375,3.640625,1.953125,0
46705429.0,7032.0,1.0,0.0993041992,-0.6428833008,0.5427856445,0.53125
46708397.0,2968.0,0.0,-7.9609375,5.48046875,1.36328125,0
46716429.0,8032.0,1.0,0.0980834961,-0.6376953125,0.5559082031,0.5241088867
46719397.0,2968.0,0.0,-8.23046875,7.5078125,0.47265625,0
46725429.0,6032.0,1.0,0.0964355469,-0.6318969727,0.5687255859,0.5176391602
46728397.0,2968.0,0.0,-10.625,12.28125,-1.80859375,0
46735429.0,7032.0,1.0,0.0933837891,-0.6245117188,0.5825195313,0.5117797852
46738397.0,2968.0,0.0,-11.140625,14.5390625,-2.02734375,0
46748429.0,10032.0,1.0,0.0885009766,-0.6166381836,0.5946655273,0.5083007813
46751397.0,2968.0,0.0,-11.09765625,15.76171875,-1.60546875,0
46758429.0,7032.0,1.0,0.0803833008,-0.6076660156,0.60546875,0.5076293945
46761397.0,2968.0,0.0,-9.72265625,15.578125,-1.3359375,0
46765429.0,4032.0,1.0,0.0688476563,-0.5982055664,0.614074707,0.5102539063
46768397.0,2968.0,0.0,-5.6875,11.515625,3.3203125,0
46775429.0,7032.0,1.0,0.0540161133,-0.5881958008,0.6206054688,0.5156860352
46778397.0,2968.0,0.0,-3.0078125,9.01171875,2.8203125,0
46785429.0,7032.0,1.0,0.038269043,-0.5783081055,0.6256713867,0.5220947266
46788397.0,2968.0,0.0,-0.9921875,4.8125,4.51953125,0
46796429.0,8032.0,1.0,0.0244750977,-0.5673217773,0.6321411133,0.5271606445
46799397.0,2968.0,0.0,-0.19921875,-5.48828125,0.98046875,0
46805429.0,6032.0,1.0,0.01171875,-0.5552368164,0.6372680664,0.5342407227
46808397.0,2968.0,0.0,-0.0859375,26.890625,-10.5703125,0
46815429.0,7032.0,1.0,0.0057373047,0.5417480469,-0.6342773438,-0.5515136719
46818397.0,2968.0,0.0,4.99609375,28.1171875,-16.453125,0
46825429.0,7032.0,1.0,0.0267333984,0.5274047852,-0.6212768555,-0.578918457
46828397.0,2968.0,0.0,8.7109375,17.92578125,-18.3359375,0
46835429.0,7032.0,1.0,0.046081543,0.5125732422,-0.6022949219,-0.6102905273
46838397.0,2968.0,0.0,1.9453125,-5.50390625,-9.19921875,0
46850429.0,12032.0,1.0,0.0587158203,0.4981689453,-0.5833740234,-0.6387939453
46854397.0,3968.0,0.0,-3.2421875,-14.9609375,-0.92578125,0
46857429.0,3032.0,1.0,0.0640869141,0.484375,-0.5665283203,-0.6635742188
46860397.0,2968.0,0.0,-3.21875,-15.0703125,-1.56640625,0
46866429.0,6032.0,1.0,0.0639648438,0.4708251953,-0.5500488281,-0.6868286133
46869397.0,2968.0,0.0,-0.66796875,-12.19140625,-0.390625,0
46875429.0,6032.0,1.0,0.0603637695,0.4591064453,-0.533996582,-0.7073974609
46878397.0,2968.0,0.0,2.30078125,-11.65234375,-0.29296875,0
46885429.0,7032.0,1.0,0.0540771484,0.4483032227,-0.5166015625,-0.7274780273
46888397.0,2968.0,0.0,2.76171875,-12.78515625,-0.359375,0
46895429.0,7032.0,1.0,0.0455932617,0.438659668,-0.4987792969,-0.7461547852
46898397.0,2968.0,0.0,3.66015625,-13.48046875,1.2265625,0
46907429.0,9032.0,1.0,0.0355834961,0.4307250977,-0.4823608398,-0.7619018555
46910397.0,2968.0,0.0,4.0546875,-13.68359375,2.44921875,0
46918429.0,8032.0,1.0,0.0230712891,0.4235229492,-0.4663085938,-0.7763061523
46921397.0,2968.0,0.0,4.00390625,-12.96875,2.6015625,0
46925429.0,4032.0,1.0,0.0087280273,0.4172973633,-0.452331543,-0.7881469727
46928397.0,2968.0,0.0,4.07421875,-11.8125,2.00390625,0
46935429.0,7032.0,1.0,0.0071411133,-0.4118652344,0.4403686523,0.7977294922
46938397.0,2968.0,0.0,4.09375,-10.24609375,0.90234375,0
46945429.0,7032.0,1.0,0.0240478516,-0.4071044922,0.4299926758,0.805480957
46948397.0,2968.0,0.0,3.4921875,-8.515625,0.75390625,0
46956429.0,8032.0,1.0,0.0411376953,-0.4028930664,0.4205322266,0.8118896484
46959397.0,2968.0,0.0,3.0390625,-5.3046875,0.02734375,0
46965429.0,6032.0,1.0,0.0573120117,-0.3992919922,0.4114379883,0.8173217773
46968397.0,2968.0,0.0,3.33984375,-4.609375,-0.375,0
46975429.0,7032.0,1.0,0.0731201172,-0.3961181641,0.4019775391,0.822265625
46978397.0,2968.0,0.0,3.98046875,-4.87109375,-0.73828125,0
46987429.0,9032.0,1.0,0.0879516602,-0.3935546875,0.3924560547,0.8266601563
46990397.0,2968.0,0.0,4.609375,-5.56640625,-0.47265625,0
46998429.0,8032.0,1.0,0.1026611328,-0.3912963867,0.3829345703,0.8305053711
47001397.0,2968.0,0.0,5.68359375,-7.19921875,0.1875,0
47005429.0,4032.0,1.0,0.1174926758,-0.3893432617,0.3742675781,0.8333740234
47008397.0,2968.0,0.0,6.3359375,-7.921875,0.41015625,0
47015429.0,7032.0,1.0,0.1328735352,-0.3875732422,0.3673095703,0.8350219727
47018397.0,2968.0,0.0,7.06640625,-8.01171875,0.66015625,0
47025429.0,7032.0,1.0,0.1480102539,-0.3858642578,0.3622436523,0.8354492188
47028397.0,2968.0,0.0,7.703125,-6.359375,0.78515625,0
47035429.0,7032.0,1.0,0.1630859375,-0.3843383789,0.3584594727,0.8349609375
47038397.0,2968.0,0.0,7.6875,-5.109375,0.40234375,0
47045429.0,7032.0,1.0,0.1774291992,-0.3830566406,0.3553466797,0.833984375
47048397.0,2968.0,0.0,7.359375,-3.6796875,-0.08203125,0
47056429.0,8032.0,1.0,0.1909179688,-0.3822021484,0.3521118164,0.8327636719
47059397.0,2968.0,0.0,6.91015625,-2.3984375,-0.49609375,0
47071429.0,12032.0,1.0,0.2030639648,-0.3818359375,0.3483276367,0.8316040039
47076397.0,4968.0,0.0,5.4296875,-3.0078125,-0.40625,0
47079429.0,3032.0,1.0,0.2144775391,-0.382019043,0.3440551758,0.8304443359
47082397.0,2968.0,0.0,5.46875,-2.8359375,-0.4609375,0
47086429.0,4032.0,1.0,0.2263183594,-0.3825683594,0.3395996094,0.828918457
47089397.0,2968.0,0.0,5.48046875,-3.19140625,-0.59375,0
47096429.0,7032.0,1.0,0.2360839844,-0.3831176758,0.3364868164,0.8272094727
47099397.0,2968.0,0.0,5.36328125,-3.00390625,-0.625,0
47105429.0,6032.0,1.0,0.2456665039,-0.3837890625,0.3340454102,0.8250732422
47108397.0,2968.0,0.0,4.5625,-2.83984375,-0.0703125,0
47115429.0,7032.0,1.0,0.2555541992,-0.3845214844,0.3325805664,0.8223266602
47118397.0,2968.0,0.0,3.98046875,-3.59765625,-0.0859375,0
47125429.0,7032.0,1.0,0.2648925781,-0.3851928711,0.3325195313,0.8190917969
47128397.0,2968.0,0.0,3.4921875,-3.57421875,-0.5390625,0
47136429.0,8032.0,1.0,0.2738037109,-0.385925293,0.3334960938,0.8154296875
47139397.0,2968.0,0.0,3.21484375,-2.71875,-0.78515625,0
47146429.0,7032.0,1.0,0.2821044922,-0.3869018555,0.3348999023,0.8115234375
47149397.0,2968.0,0.0,3.0625,-1.04296875,-2.20703125,0
47156429.0,7032.0,1.0,0.2891845703,-0.3882446289,0.3362426758,0.807800293
47160397.0,3968.0,0.0,3.140625,-0.86328125,-2.97265625,0
47169429.0,9032.0,1.0,0.2949829102,-0.3900756836,0.3372192383,0.8044433594
47172397.0,2968.0,0.0,3.40234375,-0.2578125,-3.32421875,0
47179429.0,7032.0,1.0,0.3004760742,-0.3925170898,0.3379516602,0.8009033203
47182397.0,2968.0,0.0,3.41015625,-0.109375,-4.88671875,0
47186429.0,4032.0,1.0,0.3048706055,-0.3949584961,0.3386230469,0.7977294922
47189397.0,2968.0,0.0,2.60546875,-0.0859375,-5.30078125,0
47196429.0,7032.0,1.0,0.3084716797,-0.3972167969,0.3394775391,0.7948608398
47199397.0,2968.0,0.0,1.53515625,0.07421875,-5.59765625,0
47206429.0,7032.0,1.0,0.3115844727,-0.3995361328,0.3404541016,0.7920532227
47209397.0,2968.0,0.0,0.5546875,0.7734375,-5.7734375,0
47216429.0,7032.0,1.0,0.3141479492,-0.4020385742,0.3411865234,0.7894287109
47219397.0,2968.0,0.0,-1.17578125,1.73046875,-5.34375,0
47225429.0,6032.0,1.0,0.3159790039,-0.4047851563,0.3416137695,0.7871704102
47228397.0,2968.0,0.0,-1.796875,1.5859375,-5.25,0
47236429.0,8032.0,1.0,0.3171386719,-0.4077758789,0.3416748047,0.7850952148
47240397.0,3968.0,0.0,-2.5703125,1.2421875,-4.78125,0
47246429.0,6032.0,1.0,0.3176879883,-0.4111328125,0.3413696289,0.7832641602
47249397.0,2968.0,0.0,-3.02734375,1.09765625,-4.61328125,0
47256429.0,7032.0,1.0,0.3176879883,-0.4145507813,0.341003418,0.7816162109
47259397.0,2968.0,0.0,-3.04296875,0.5625,-2.64453125,0
47266429.0,7032.0,1.0,0.3174438477,-0.4182128906,0.3407592773,0.7798461914
47269397.0,2968.0,0.0,-3.39453125,0.2109375,-1.8125,0
47276429.0,7032.0,1.0,0.3170776367,-0.4219360352,0.3410644531,0.7778930664
47279397.0,2968.0,0.0,-4.12109375,0.16796875,-0.984375,0
47286429.0,7032.0,1.0,0.3166503906,-0.4255371094,0.3419799805,0.7756958008
47289397.0,2968.0,0.0,-6.0078125,-1.41796875,-0.30078125,0
47295429.0,6032.0,1.0,0.3162841797,-0.4289550781,0.34375,0.7731323242
47298397.0,2968.0,0.0,-7.1171875,-1.02734375,-1.09765625,0
47306429.0,8032.0,1.0,0.3159790039,-0.4326782227,0.3468017578,0.7698974609
47309397.0,2968.0,0.0,-6.58984375,-0.875,-1.33984375,0
47316429.0,7032.0,1.0,0.3157958984,-0.4359130859,0.3507080078,0.7662963867
47319397.0,2968.0,0.0,-4.77734375,-0.77734375,-2.15234375,0
47326429.0,7032.0,1.0,0.3157958984,-0.4388427734,0.3555908203,0.7623901367
47329397.0,2968.0,0.0,-2.94921875,0.1953125,-2.41796875,0
47336429.0,7032.0,1.0,0.3158569336,-0.4415283203,0.3614501953,0.7580566406
47339397.0,2968.0,0.0,-1.0703125,0.2734375,-2.78125,0
47346429.0,7032.0,1.0,0.3159179688,-0.4438476563,0.3677368164,0.7536010742
47349397.0,2968.0,0.0,-0.6875,1.48828125,-3.453125,0
47356429.0,7032.0,1.0,0.3157958984,-0.446105957,0.3748168945,0.748840332
47359397.0,2968.0,0.0,-0.8828125,1.3203125,-3.734375,0
47365429.0,6032.0,1.0,0.3155517578,-0.4481201172,0.3819580078,0.744140625
47368397.0,2968.0,0.0,-1.3515625,2.0703125,-4.0546875,0
47378429.0,10032.0,1.0,0.3151245117,-0.4501342773,0.3892822266,0.7393188477
47381397.0,2968.0,0.0,-3.2421875,0.20703125,-4.2890625,0
47385429.0,4032.0,1.0,0.3145751953,-0.4521484375,0.396484375,0.7344360352
47388397.0,2968.0,0.0,-3.87109375,1.078125,-4.4453125,0
47396429.0,8032.0,1.0,0.3137817383,-0.4543457031,0.4033203125,0.729675293
47399397.0,2968.0,0.0,-4.52734375,1.0625,-4.7265625,0
47406429.0,7032.0,1.0,0.3128051758,-0.4568481445,0.4091186523,0.7252807617
47409397.0,2968.0,0.0,-5.96875,1.71484375,-5.4296875,0
47416429.0,7032.0,1.0,0.311706543,-0.4594726563,0.4139404297,0.7214355469
47419397.0,2968.0,0.0,-6.09765625,1.8359375,-4.3828125,0
47426429.0,7032.0,1.0,0.3103637695,-0.4624023438,0.4178466797,0.7177734375
47429397.0,2968.0,0.0,-5.34765625,0.89453125,-4.10546875,0
47436429.0,7032.0,1.0,0.3087768555,-0.4657592773,0.4209594727,0.7145385742
47439397.0,2968.0,0.0,-4.85546875,0.88671875,-3.65234375,0
47446429.0,7032.0,1.0,0.3070678711,-0.4692993164,0.4233398438,0.7114868164
47449397.0,2968.0,0.0,-4.0,1.84375,-4.1875,0
47456429.0,7032.0,1.0,0.305480957,-0.4728393555,0.4254760742,0.7085571289
47459397.0,2968.0,0.0,-4.08984375,1.6875,-4.97265625,0
47466429.0,7032.0,1.0,0.3041992188,-0.4762573242,0.4273681641,0.7056884766
47469397.0,2968.0,0.0,-4.14453125,3.60546875,-5.0546875,0
47476429.0,7032.0,1.0,0.3031616211,-0.4794311523,0.4292602539,0.7028198242
47479397.0,2968.0,0.0,-3.23828125,1.66015625,-6.2265625,0
47485429.0,6032.0,1.0,0.3026123047,-0.4821777344,0.4314575195,0.6998291016
47488397.0,2968.0,0.0,-2.1484375,2.81640625,-4.03125,0
47496429.0,8032.0,1.0,0.3023681641,-0.4849243164,0.4340820313,0.6964111328
47499397.0,2968.0,0.0,-1.3671875,1.67578125,-3.38671875,0
47506429.0,7032.0,1.0,0.3021240234,-0.4875488281,0.4364624023,0.6931762695
47509397.0,2968.0,0.0,-0.80859375,1.796875,-2.296875,0
47516429.0,7032.0,1.0,0.3017578125,-0.490234375,0.4384765625,0.6901245117
47519397.0,2968.0,0.0,-1.20703125,2.07421875,-2.35546875,0
47531429.0,12032.0,1.0,0.3013305664,-0.4927978516,0.4401855469,0.6874389648
47535397.0,3968.0,0.0,-1.66015625,1.8203125,-3.53515625,0
47538429.0,3032.0,1.0,0.3009033203,-0.4954223633,0.4419555664,0.6846313477
47541397.0,2968.0,0.0,-1.63671875,1.828125,-3.44921875,0
47545429.0,4032.0,1.0,0.3004760742,-0.4979248047,0.4435424805,0.6819458008
47548397.0,2968.0,0.0,-1.62109375,1.60546875,-3.01953125,0
47556429.0,8032.0,1.0,0.2998657227,-0.5006103516,0.4450073242,0.6792602539
47559397.0,2968.0,0.0,-1.52734375,1.1640625,-2.51953125,0
47566429.0,7032.0,1.0,0.2991943359,-0.5032348633,0.4463500977,0.6767578125
47569397.0,2968.0,0.0,-0.79296875,1.0625,-1.515625,0
47576429.0,7032.0,1.0,0.2984008789,-0.505859375,0.4476928711,0.6743164063
47579397.0,2968.0,0.0,-1.00390625,0.49609375,-1.12890625,0
47586429.0,7032.0,1.0,0.2976074219,-0.5084228516,0.4490356445,0.6718139648
47589397.0,2968.0,0.0,-0.99609375,0.65625,-0.5546875,0
47596429.0,7032.0,1.0,0.2967529297,-0.5108642578,0.4503173828,0.6694335938
47599397.0,2968.0,0.0,-0.98828125,0.3203125,-0.66796875,0
47606429.0,7032.0,1.0,0.2958374023,-0.5133666992,0.4516601563,0.6670532227
47609397.0,2968.0,0.0,-1.25,-0.515625,-1.23828125,0
47616429.0,7032.0,1.0,0.294921875,-0.5157470703,0.4530029297,0.6646728516
47620397.0,3968.0,0.0,-0.70703125,-0.0078125,-1.3828125,0
47626429.0,6032.0,1.0,0.2939453125,-0.5181274414,0.4543457031,0.6623535156
47629397.0,2968.0,0.0,-0.23828125,-0.46875,-1.11328125,0
47636429.0,7032.0,1.0,0.2929077148,-0.5204467773,0.4556884766,0.6600952148
47639397.0,2968.0,0.0,0.07421875,-0.57421875,-1.3125,0
47646429.0,7032.0,1.0,0.291809082,-0.5228881836,0.4569702148,0.6577758789
47649397.0,2968.0,0.0,-0.3671875,0.08203125,-1.234375,0
47656429.0,7032.0,1.0,0.2906494141,-0.5253295898,0.4580078125,0.6555786133
47659397.0,2968.0,0.0,-0.67578125,0.78125,-1.00390625,0
47666429.0,7032.0,1.0,0.2893676758,-0.5277709961,0.4588623047,0.6535644531
47669397.0,2968.0,0.0,-0.20703125,0.2890625,-0.703125,0
47675429.0,6032.0,1.0,0.2881469727,-0.5302124023,0.4595336914,0.6516723633
47678397.0,2968.0,0.0,0.453125,0.7578125,0.171875,0
47686429.0,8032.0,1.0,0.2866821289,-0.5329589844,0.460144043,0.6496582031
47689397.0,2968.0,0.0,0.8359375,0.84375,0.51171875,0
47696429.0,7032.0,1.0,0.28515625,-0.5357055664,0.4606323242,0.6477050781
47699397.0,2968.0,0.0,1.109375,0.734375,0.390625,0
47706429.0,7032.0,1.0,0.2834472656,-0.5384521484,0.4610595703,0.6458740234
47709397.0,2968.0,0.0,0.95703125,0.67578125,0.0078125,0
47716429.0,7032.0,1.0,0.2817382813,-0.5412597656,0.4614257813,0.6439819336
47719397.0,2968.0,0.0,0.375,1.32421875,-0.3125,0
47726429.0,7032.0,1.0,0.2799682617,-0.5439453125,0.4618530273,0.6422119141
47729397.0,2968.0,0.0,-0.078125,0.9140625,-0.08984375,0
47736429.0,7032.0,1.0,0.2781982422,-0.5466308594,0.4623413086,0.6403808594
47739397.0,2968.0,0.0,-0.421875,0.4140625,0.25,0
47746429.0,7032.0,1.0,0.2763061523,-0.5493164063,0.4627685547,0.6386108398
47749397.0,2968.0,0.0,-0.53515625,0.30859375,0.16796875,0
47756429.0,7032.0,1.0,0.2742919922,-0.551940918,0.4631347656,0.6369018555
47759397.0,2968.0,0.0,0.23046875,-0.48828125,-0.60546875,0
47769429.0,10032.0,1.0,0.2723388672,-0.5545043945,0.4633789063,0.6353759766
47772397.0,2968.0,0.0,0.4140625,-0.52734375,-0.12109375,0
47779429.0,7032.0,1.0,0.2700195313,-0.5573120117,0.463684082,0.6336669922
47782397.0,2968.0,0.0,0.48828125,-0.64453125,1.17578125,0
47786429.0,4032.0,1.0,0.2678833008,-0.5599975586,0.4639892578,0.6319580078
47789397.0,2968.0,0.0,-0.046875,-1.0625,1.703125,0
47796429.0,7032.0,1.0,0.2656860352,-0.5626220703,0.4645385742,0.6301269531
47799397.0,2968.0,0.0,-0.66796875,-1.0625,1.8046875,0
47806429.0,7032.0,1.0,0.2635498047,-0.565246582,0.4652099609,0.6281738281
47809397.0,2968.0,0.0,-1.3203125,-0.8359375,1.5,0
47816429.0,7032.0,1.0,0.2614746094,-0.5676269531,0.4660644531,0.6262207031
47819397.0,2968.0,0.0,-1.40234375,-0.6875,1.2265625,0
47826429.0,7032.0,1.0,0.2595214844,-0.5698852539,0.4671630859,0.624206543
47829397.0,2968.0,0.0,-0.078125,-1.04296875,0.953125,0
47836429.0,7032.0,1.0,0.2576904297,-0.5720825195,0.4685058594,0.6219482422
47839397.0,2968.0,0.0,0.2578125,-1.01171875,1.22265625,0
47846429.0,7032.0,1.0,0.2557983398,-0.57421875,0.4700317383,0.6196289063
47849397.0,2968.0,0.0,0.09765625,-1.1640625,1.25390625,0
47856429.0,7032.0,1.0,0.2538452148,-0.5764160156,0.471496582,0.6172485352
47859397.0,2968.0,0.0,-0.1015625,-0.796875,1.22265625,0
47866429.0,7032.0,1.0,0.2518920898,-0.5785522461,0.4729614258,0.6149902344
47869397.0,2968.0,0.0,-0.73046875,-1.45703125,0.796875,0
47876429.0,7032.0,1.0,0.2498168945,-0.5806884766,0.4743652344,0.6126708984
47879397.0,2968.0,0.0,-0.5859375,-1.03515625,0.8359375,0
47886429.0,7032.0,1.0,0.2478027344,-0.5828857422,0.4757080078,0.6103515625
47889397.0,2968.0,0.0,-0.02734375,-0.8515625,1.7109375,0
47896429.0,7032.0,1.0,0.2458496094,-0.5850830078,0.4771118164,0.6079711914
47899397.0,2968.0,0.0,0.3515625,-1.08984375,2.44140625,0
47906429.0,7032.0,1.0,0.2439575195,-0.5873413086,0.478515625,0.6054077148
47909397.0,2968.0,0.0,0.640625,-0.8203125,2.78515625,0
47916429.0,7032.0,1.0,0.2420654297,-0.5895996094,0.4798583984,0.6029663086
47919397.0,2968.0,0.0,0.46484375,-0.8984375,2.48046875,0
47926429.0,7032.0,1.0,0.2399902344,-0.5919799805,0.4810791016,0.6004638672
47929397.0,2968.0,0.0,0.1796875,-0.40625,1.44140625,0
47936429.0,7032.0,1.0,0.2378540039,-0.5943603516,0.4822387695,0.5980224609
47939397.0,2968.0,0.0,0.125,-0.33203125,1.14453125,0
47946429.0,7032.0,1.0,0.2357788086,-0.5966796875,0.4834594727,0.5955200195
47949397.0,2968.0,0.0,0.76953125,-0.109375,0.41015625,0
47956429.0,7032.0,1.0,0.233581543,-0.5990600586,0.4846801758,0.5930175781
47959397.0,2968.0,0.0,0.2109375,0.390625,0.3359375,0
47966429.0,7032.0,1.0,0.2313842773,-0.6014404297,0.4856567383,0.590637207
47969397.0,2968.0,0.0,0.234375,0.265625,0.44140625,0
47976429.0,7032.0,1.0,0.2290649414,-0.6040039063,0.4864501953,0.5883178711
47979397.0,2968.0,0.0,0.1796875,0.265625,0.98046875,0
47986429.0,7032.0,1.0,0.2266235352,-0.6066894531,0.4869384766,0.5860595703
47989397.0,2968.0,0.0,0.125,0.60546875,1.43359375,0
47996429.0,7032.0,1.0,0.2239990234,-0.6095581055,0.4871826172,0.5838623047
48000397.0,3968.0,0.0,0.75390625,-0.19921875,2.234375,0
48006429.0,6032.0,1.0,0.2211303711,-0.6126098633,0.4871826172,0.5817871094
48009397.0,2968.0,0.0,0.62109375,0.2578125,2.49609375,0
48016429.0,7032.0,1.0,0.2180175781,-0.6157226563,0.4869384766,0.5798950195
48019397.0,2968.0,0.0,0.26171875,0.21484375,1.9140625,0
48031429.0,12032.0,1.0,0.2147827148,-0.6188354492,0.4866333008,0.5780029297
48035397.0,3968.0,0.0,0.15234375,1.32421875,0.4140625,0
48038429.0,3032.0,1.0,0.2113647461,-0.6220092773,0.486328125,0.5761108398
48041397.0,2968.0,0.0,0.13671875,1.31640625,0.484375,0
48046429.0,5032.0,1.0,0.2078857422,-0.6252441406,0.4860229492,0.5740966797
48049397.0,2968.0,0.0,-0.19140625,1.84375,-0.6328125,0
48056429.0,7032.0,1.0,0.2047729492,-0.6282348633,0.4857177734,0.572265625
48059397.0,2968.0,0.0,-0.5234375,1.26953125,0.03515625,0
48066429.0,7032.0,1.0,0.2013549805,-0.6314697266,0.4852294922,0.5703125
48069397.0,2968.0,0.0,-0.16015625,0.83984375,0.37109375,0
48076429.0,7032.0,1.0,0.1979370117,-0.6345825195,0.4847412109,0.5684814453
48079397.0,2968.0,0.0,-0.76171875,1.25390625,0.60546875,0
48086429.0,7032.0,1.0,0.1943359375,-0.6377563477,0.4840698242,0.5667724609
48089397.0,2968.0,0.0,-1.55078125,2.08984375,0.8125,0
48096429.0,7032.0,1.0,0.1900024414,-0.6411743164,0.4828491211,0.5654296875
48099397.0,2968.0,0.0,-1.83984375,1.73046875,2.0234375,0
48106429.0,7032.0,1.0,0.1852416992,-0.6446533203,0.4811401367,0.564453125
48109397.0,2968.0,0.0,-1.7109375,0.9765625,1.92578125,0
48116429.0,7032.0,1.0,0.1797485352,-0.6483764648,0.4790649414,0.5637817383
48119397.0,2968.0,0.0,-1.92578125,1.40625,1.13671875,0
48126429.0,7032.0,1.0,0.1740722656,-0.6519165039,0.4768676758,0.563293457
48129397.0,2968.0,0.0,-2.2578125,0.6484375,0.953125,0
48136429.0,7032.0,1.0,0.1680908203,-0.6553955078,0.4746704102,0.5629272461
48139397.0,2968.0,0.0,-3.28515625,-0.04296875,0.9921875,0
48146429.0,7032.0,1.0,0.1622314453,-0.6585693359,0.4729003906,0.5624389648
48149397.0,2968.0,0.0,-4.12109375,-0.234375,0.80859375,0
48156429.0,7032.0,1.0,0.1563720703,-0.6615600586,0.4716186523,0.561706543
48159397.0,2968.0,0.0,-5.0390625,0.74609375,1.1328125,0
48166429.0,7032.0,1.0,0.1508789063,-0.6640625,0.4711303711,0.5606079102
48169397.0,2968.0,0.0,-4.96484375,-0.375,2.21484375,0
48176429.0,7032.0,1.0,0.1455688477,-0.6661376953,0.4716796875,0.5590820313
48179397.0,2968.0,0.0,-4.3828125,-1.6484375,3.42578125,0
48186429.0,7032.0,1.0,0.1406860352,-0.6677856445,0.473449707,0.5568847656
48189397.0,2968.0,0.0,-4.20703125,-1.2109375,3.609375,0
48196429.0,7032.0,1.0,0.1361694336,-0.6689453125,0.4765014648,0.5540161133
48199397.0,2968.0,0.0,-4.29296875,-1.390625,3.390625,0
48211429.0,12032.0,1.0,0.132019043,-0.6694335938,0.4807739258,0.5507202148
48216397.0,4968.0,0.0,-7.234375,-1.64453125,4.43359375,0
48219429.0,3032.0,1.0,0.1282348633,-0.6691894531,0.4866943359,0.5466918945
48222397.0,2968.0,0.0,-7.296875,-1.72265625,4.53515625,0
48226429.0,4032.0,1.0,0.1250610352,-0.66796875,0.4948120117,0.5416259766
48229397.0,2968.0,0.0,-7.95703125,-2.453125,4.8046875,0
48236429.0,7032.0,1.0,0.123046875,-0.6656494141,0.505065918,0.5354003906
48239397.0,2968.0,0.0,-9.0546875,-1.80078125,4.48046875,0
48246429.0,7032.0,1.0,0.122253418,-0.6623535156,0.5168457031,0.5283813477
48249397.0,2968.0,0.0,-10.75,-0.21875,1.9375,0
48256429.0,7032.0,1.0,0.1224975586,-0.6573486328,0.5314941406,0.5199584961
48259397.0,2968.0,0.0,-12.09375,1.96484375,1.3046875,0
48266429.0,7032.0,1.0,0.1226806641,-0.6511230469,0.5470581055,0.5115356445
48269397.0,2968.0,0.0,-13.703125,4.375,0.3125,0
48276429.0,7032.0,1.0,0.1217651367,-0.6437988281,0.5625,0.5042724609
48279397.0,2968.0,0.0,-15.74609375,6.65234375,0.765625,0
48286429.0,7032.0,1.0,0.1184692383,-0.6353149414,0.5773925781,0.4989624023
48289397.0,2968.0,0.0,-18.375,10.33203125,-1.11328125,0
48296429.0,7032.0,1.0,0.1119995117,-0.6262207031,0.5903930664,0.4966430664
48299397.0,2968.0,0.0,-16.45703125,11.2109375,-2.42578125,0
48306429.0,7032.0,1.0,0.1016845703,-0.6162109375,0.6016845703,0.4978637695
48309397.0,2968.0,0.0,-13.09375,11.16015625,0.88671875,0
48316429.0,7032.0,1.0,0.0879516602,-0.6055908203,0.6107788086,0.5024414063
48319397.0,2968.0,0.0,-9.58984375,9.4140625,2.80859375,0
48331429.0,12032.0,1.0,0.0723266602,-0.5952148438,0.6176147461,0.5089111328
48335397.0,3968.0,0.0,-0.66015625,-9.05859375,2.953125,0
48338429.0,3032.0,1.0,0.0564575195,-0.5836181641,0.6254272461,0.5147705078
48341397.0,2968.0,0.0,-0.87890625,-9.41015625,2.8671875,0
48346429.0,5032.0,1.0,0.0451049805,-0.5698852539,0.63671875,0.5174560547
48349397.0,2968.0,0.0,-0.6015625,-5.4921875,2.98828125,0
48356429.0,7032.0,1.0,0.0340576172,-0.5551147461,0.6444091797,0.5248413086
48359397.0,2968.0,0.0,1.78125,42.9140625,-21.70703125,0
48366429.0,7032.0,1.0,0.0149536133,-0.5393066406,0.6395874023,0.5476074219
48369397.0,2968.0,0.0,7.33203125,33.91796875,-22.8515625,0
48376429.0,7032.0,1.0,0.0077514648,0.5230712891,-0.623046875,-0.5814819336
48380397.0,3968.0,0.0,12.2109375,6.265625,-25.8515625,0
48387429.0,7032.0,1.0,0.0241699219,0.506652832,-0.6044311523,-0.6142578125
48390397.0,2968.0,0.0,10.09375,-10.09765625,-17.1640625,0
48400429.0,10032.0,1.0,0.0319824219,0.4903564453,-0.5880126953,-0.6424560547
48403397.0,2968.0,0.0,5.8046875,-7.2734375,-2.23828125,0
48407429.0,4032.0,1.0,0.0344238281,0.4749755859,-0.5708618164,-0.6688232422
48410397.0,2968.0,0.0,2.5859375,-8.609375,-0.734375,0
48416429.0,6032.0,1.0,0.0336914062,0.4605102539,-0.5505371094,-0.6954956055
48419397.0,2968.0,0.0,4.3515625,-12.06640625,0.921875,0
48426429.0,7032.0,1.0,0.0296020508,0.4477539063,-0.5289916992,-0.7202758789
48429397.0,2968.0,0.0,6.0234375,-15.17578125,1.4609375,0
48436429.0,7032.0,1.0,0.0220947266,0.4370727539,-0.5092163086,-0.7410888672
48439397.0,2968.0,0.0,7.87109375,-17.83203125,1.51953125,0
48451429.0,12032.0,1.0,0.0107421875,0.4271850586,-0.4899291992,-0.7598266602
48455397.0,3968.0,0.0,9.53515625,-15.06640625,3.33984375,0
48458429.0,3032.0,1.0,0.0035400391,-0.4186401367,0.4729003906,0.7753295898
48461397.0,2968.0,0.0,9.4375,-13.4609375,2.9453125,0
48466429.0,5032.0,1.0,0.0201416016,-0.4110717773,0.457824707,0.7880249023
48469397.0,2968.0,0.0,9.578125,-13.2109375,2.5390625,0
48476429.0,7032.0,1.0,0.0376586914,-0.4046630859,0.4447021484,0.7981567383
48479397.0,2968.0,0.0,6.75390625,-9.62109375,2.16796875,0
48486429.0,7032.0,1.0,0.0549926758,-0.3993530273,0.4331054688,0.8061523438
48489397.0,2968.0,0.0,5.76171875,-8.8125,1.45703125,0
48496429.0,7032.0,1.0,0.0727539063,-0.3946533203,0.4222412109,0.8128051758
48499397.0,2968.0,0.0,5.21875,-8.28515625,1.03515625,0
48507429.0,8032.0,1.0,0.0893554688,-0.3907470703,0.412902832,0.8178100586
48510397.0,2968.0,0.0,5.046875,-7.28515625,0.359375,0
48518429.0,8032.0,1.0,0.1064453125,-0.3869628906,0.4036865234,0.8221435547
48521397.0,2968.0,0.0,4.9765625,-4.9765625,-0.15234375,0
48526429.0,5032.0,1.0,0.1231689453,-0.383605957,0.3943481445,0.8259277344
48529397.0,2968.0,0.0,5.09375,-5.30859375,-0.31640625,0
48537429.0,8032.0,1.0,0.1384887695,-0.3807983398,0.3853149414,0.8291015625
48540397.0,2968.0,0.0,5.43359375,-6.03125,-0.04296875,0
48546429.0,6032.0,1.0,0.1528320313,-0.3784179688,0.3770141602,0.8314208984
48549397.0,2968.0,0.0,5.6875,-7.0703125,0.671875,0
48556429.0,7032.0,1.0,0.1670532227,-0.3762817383,0.3696899414,0.8329467773
48559397.0,2968.0,0.0,5.7734375,-7.1640625,0.72265625,0
48566429.0,7032.0,1.0,0.1806640625,-0.3743896484,0.3637695313,0.8335571289
48569397.0,2968.0,0.0,5.93359375,-6.86328125,0.875,0
48577429.0,8032.0,1.0,0.1938476563,-0.3727416992,0.3591918945,0.8333129883
48580397.0,2968.0,0.0,6.1640625,-6.61328125,1.09765625,0
48592429.0,12032.0,1.0,0.2059936523,-0.3713989258,0.3560791016,0.8323364258
48597429.0,5000.0,1.0,0.2182617188,-0.370300293,0.3538208008,0.8306884766
48599397.0,1968.0,0.0,5.015625,-4.41796875,0.6328125,0
48606429.0,7032.0,1.0,0.2300415039,-0.3696289063,0.3519287109,0.8286132813
48609397.0,2968.0,0.0,4.7109375,-3.78515625,0.44140625,0
48617429.0,8032.0,1.0,0.2404785156,-0.3693847656,0.3503417969,0.8264160156
48620397.0,2968.0,0.0,4.55859375,-3.28515625,0.6796875,0
48626429.0,6032.0,1.0,0.2498779297,-0.3695678711,0.3493041992,0.8239746094
48629397.0,2968.0,0.0,4.55078125,-3.28515625,0.40234375,0
48636429.0,7032.0,1.0,0.2590942383,-0.3700561523,0.3489990234,0.8210449219
48639397.0,2968.0,0.0,4.63671875,-2.69140625,0.36328125,0
48646429.0,7032.0,1.0,0.267578125,-0.3707885742,0.3493652344,0.8178100586
48649397.0,2968.0,0.0,4.5546875,-2.18359375,-0.30859375,0
48657429.0,8032.0,1.0,0.2752685547,-0.371887207,0.3500366211,0.8145141602
48660397.0,2968.0,0.0,4.37109375,-1.76171875,-0.984375,0
48666429.0,6032.0,1.0,0.282409668,-0.3732299805,0.3510742188,0.8109741211
48669397.0,2968.0,0.0,3.64453125,-2.734375,-2.09375,0
48676429.0,7032.0,1.0,0.2890014648,-0.3746337891,0.3528442383,0.8072509766
48679397.0,2968.0,0.0,3.22265625,-2.6796875,-2.67578125,0
48686429.0,7032.0,1.0,0.2953491211,-0.3759155273,0.3555297852,0.8031616211
48689397.0,2968.0,0.0,2.6484375,-1.29296875,-3.07421875,0
48697429.0,8032.0,1.0,0.3010253906,-0.3774414063,0.3583374023,0.7990722656
48700397.0,2968.0,0.0,2.1875,0.125,-3.77734375,0
48712429.0,12032.0,1.0,0.3057250977,-0.3792114258,0.3607177734,0.7953491211
48717429.0,5000.0,1.0,0.3095703125,-0.3813476563,0.3627929688,0.7919311523
48719397.0,1968.0,0.0,1.73046875,1.69140625,-4.5078125,0
48727429.0,8032.0,1.0,0.3128662109,-0.383605957,0.3645629883,0.7886962891
48730397.0,2968.0,0.0,1.2734375,2.15234375,-4.83203125,0
48737429.0,7032.0,1.0,0.3153076172,-0.3858642578,0.366027832,0.7858886719
48740397.0,2968.0,0.0,0.4609375,2.06640625,-4.96875,0
48746429.0,6032.0,1.0,0.3171386719,-0.3881835938,0.3673706055,0.7834472656
48749397.0,2968.0,0.0,-0.05078125,2.28125,-5.05859375,0
48756429.0,7032.0,1.0,0.3184204102,-0.3905639648,0.3684692383,0.7811889648
48760397.0,3968.0,0.0,-0.75,2.50390625,-4.734375,0
48767429.0,7032.0,1.0,0.319152832,-0.3931884766,0.3692016602,0.7792358398
48770397.0,2968.0,0.0,-1.56640625,2.4921875,-4.3828125,0
48776429.0,6032.0,1.0,0.3192749023,-0.3959960938,0.3695678711,0.7775878906
48779397.0,2968.0,0.0,-3.484375,1.671875,-3.40625,0
48786429.0,7032.0,1.0,0.3189697266,-0.3991699219,0.3696899414,0.7760620117
48789397.0,2968.0,0.0,-3.87890625,0.9765625,-3.390625,0
48796429.0,7032.0,1.0,0.3182983398,-0.4024047852,0.3698120117,0.774597168
48800397.0,3968.0,0.0,-4.125,0.34765625,-2.953125,0
48806429.0,6032.0,1.0,0.317565918,-0.4055175781,0.3704833984,0.7729492188
48809397.0,2968.0,0.0,-4.171875,-0.39453125,-2.69921875,0
48816429.0,7032.0,1.0,0.3170166016,-0.4082641602,0.371887207,0.7710571289
48819397.0,2968.0,0.0,-4.8359375,-0.9609375,-0.9453125,0
48826429.0,7032.0,1.0,0.3167114258,-0.4110717773,0.3745727539,0.768371582
48829397.0,2968.0,0.0,-4.375,-1.19921875,-0.59765625,0
48837429.0,8032.0,1.0,0.3167724609,-0.4136962891,0.3779296875,0.7653198242
48840397.0,2968.0,0.0,-4.11328125,-1.59765625,-0.83984375,0
48846429.0,6032.0,1.0,0.3169555664,-0.4163208008,0.3818969727,0.7618408203
48849397.0,2968.0,0.0,-3.9375,-1.19140625,-1.46484375,0
48857429.0,8032.0,1.0,0.3173828125,-0.4190673828,0.3861694336,0.7579956055
48860397.0,2968.0,0.0,-3.31640625,0.0546875,-3.5390625,0
48866429.0,6032.0,1.0,0.3178100586,-0.421875,0.3903198242,0.7540893555
48869397.0,2968.0,0.0,-2.671875,1.16015625,-4.3046875,0
48876429.0,7032.0,1.0,0.3182983398,-0.4248657227,0.3944091797,0.7500610352
48879397.0,2968.0,0.0,-1.5546875,1.83984375,-4.2734375,0
48887429.0,8032.0,1.0,0.3187866211,-0.4281005859,0.3983154297,0.7459716797
48890397.0,2968.0,0.0,-0.37109375,2.8828125,-4.34765625,0
48897429.0,7032.0,1.0,0.3190917969,-0.4315185547,0.4017944336,0.7419433594
48900397.0,2968.0,0.0,0.77734375,3.49609375,-4.3828125,0
48910429.0,10032.0,1.0,0.3190917969,-0.4350585938,0.4046630859,0.7383422852
48913397.0,2968.0,0.0,0.43359375,3.234375,-3.859375,0
48920429.0,7032.0,1.0,0.3187255859,-0.4392700195,0.4075317383,0.7344360352
48923397.0,2968.0,0.0,-1.40625,1.6015625,-2.66015625,0
48927429.0,4032.0,1.0,0.3181762695,-0.4432983398,0.4100952148,0.7308349609
48930397.0,2968.0,0.0,-2.0625,1.83984375,-2.62109375,0
48937429.0,7032.0,1.0,0.3173828125,-0.4471435547,0.4125976563,0.7274169922
48940397.0,2968.0,0.0,-2.55859375,0.546875,-2.55859375,0
48946429.0,6032.0,1.0,0.3165893555,-0.4511108398,0.415222168,0.7237548828
48949397.0,2968.0,0.0,-3.44921875,0.6015625,-2.86328125,0
48957429.0,8032.0,1.0,0.3157348633,-0.455078125,0.4179077148,0.7201538086
48960397.0,2968.0,0.0,-4.0703125,1.4140625,-3.2890625,0
48966429.0,6032.0,1.0,0.3148803711,-0.4588623047,0.4202880859,0.7167358398
48969397.0,2968.0,0.0,-5.109375,1.19140625,-4.46484375,0
48977429.0,8032.0,1.0,0.3140258789,-0.4627075195,0.4227294922,0.7131958008
48980397.0,2968.0,0.0,-5.0859375,0.27734375,-4.703125,0
48986429.0,6032.0,1.0,0.3134765625,-0.4661254883,0.4254150391,0.7095947266
48989397.0,2968.0,0.0,-5.0234375,0.40234375,-3.98046875,0
48997429.0,8032.0,1.0,0.3129272461,-0.4693603516,0.4281005859,0.7059936523
49000397.0,2968.0,0.0,-4.41796875,0.984375,-4.40625,0
49006429.0,6032.0,1.0,0.3121337891,-0.4727172852,0.4301757813,0.7028808594
49009397.0,2968.0,0.0,-4.93359375,1.11328125,-3.73046875,0
49016429.0,7032.0,1.0,0.3109741211,-0.4764404297,0.4318847656,0.6998901367
49019397.0,2968.0,0.0,-5.40625,-0.2578125,-4.125,0
49027429.0,8032.0,1.0,0.3099365234,-0.4798583984,0.43359375,0.6968994141
49030397.0,2968.0,0.0,-5.078125,-0.73828125,-4.33984375,0
49037429.0,7032.0,1.0,0.3090820313,-0.4829101563,0.4357299805,0.6938476563
49040397.0,2968.0,0.0,-4.1796875,-0.5390625,-4.5078125,0
49047429.0,7032.0,1.0,0.3082885742,-0.4855957031,0.4381103516,0.6907958984
49050397.0,2968.0,0.0,-1.7421875,-1.84375,-2.640625,0
49057429.0,7032.0,1.0,0.3076782227,-0.4878540039,0.4409179688,0.6876831055
49060397.0,2968.0,0.0,-1.08203125,-1.84375,-2.43359375,0
49067429.0,7032.0,1.0,0.3071289063,-0.4898681641,0.444152832,0.6844482422
49070397.0,2968.0,0.0,-0.68359375,-0.2421875,-3.09765625,0
49077429.0,7032.0,1.0,0.3067016602,-0.4915771484,0.4477539063,0.6810302734
49080397.0,2968.0,0.0,-0.484375,-0.21875,-3.6875,0
49087429.0,7032.0,1.0,0.3065185547,-0.492980957,0.4516601563,0.6775512695
49090397.0,2968.0,0.0,0.05859375,0.6953125,-1.66796875,0
49097429.0,7032.0,1.0,0.3062744141,-0.4943847656,0.4556274414,0.6739501953
49101397.0,3968.0,0.0,-0.66015625,1.8671875,-1.22265625,0
49108429.0,7032.0,1.0,0.3060302734,-0.4957275391,0.4594116211,0.6704711914
49111397.0,2968.0,0.0,-1.0,1.65625,-1.50390625,0
49118429.0,7032.0,1.0,0.3056640625,-0.4971923828,0.4629516602,0.6671142578
49121397.0,2968.0,0.0,-1.03515625,1.6484375,-1.9765625,0
49128429.0,7032.0,1.0,0.3051757813,-0.4987792969,0.4661865234,0.6639404297
49131397.0,2968.0,0.0,-0.109375,1.48828125,-1.890625,0
49136429.0,5032.0,1.0,0.3045654297,-0.5005493164,0.4689941406,0.6608886719
49140397.0,3968.0,0.0,-0.140625,1.671875,-1.60546875,0
49147429.0,7032.0,1.0,0.3037109375,-0.5026245117,0.4713134766,0.6580200195
49150397.0,2968.0,0.0,-0.32421875,2.25390625,-0.71484375,0
49157429.0,7032.0,1.0,0.302734375,-0.5050048828,0.4730224609,0.655456543
49160397.0,2968.0,0.0,-0.74609375,0.6171875,-0.69921875,0
49167429.0,7032.0,1.0,0.301574707,-0.5077514648,0.4743041992,0.6529541016
49170397.0,2968.0,0.0,-0.73046875,1.4296875,-1.1875,0
49177429.0,7032.0,1.0,0.3002929688,-0.5106201172,0.4750366211,0.6507568359
49180397.0,2968.0,0.0,-0.03125,0.515625,-1.421875,0
49187429.0,7032.0,1.0,0.2990112305,-0.5136108398,0.4754638672,0.6486816406
49190397.0,2968.0,0.0,0.85546875,-0.2734375,-1.19140625,0
49196429.0,6032.0,1.0,0.2977905273,-0.5165405273,0.475769043,0.6466674805
49199397.0,2968.0,0.0,1.09375,0.671875,-1.19921875,0
49207429.0,8032.0,1.0,0.2965087891,-0.5198364258,0.4758911133,0.6444702148
49210397.0,2968.0,0.0,0.4140625,0.76953125,-0.77734375,0
49217429.0,7032.0,1.0,0.2952270508,-0.5230712891,0.4759521484,0.6424560547
49220397.0,2968.0,0.0,0.19140625,0.5625,-0.21484375,0
49227429.0,7032.0,1.0,0.2940063477,-0.5263061523,0.4760131836,0.6403198242
49230397.0,2968.0,0.0,-0.15625,0.01953125,0.015625,0
49237429.0,7032.0,1.0,0.2927246094,-0.5294799805,0.4760742188,0.6381835938
49240397.0,2968.0,0.0,0.54296875,0.7265625,-0.7578125,0
49247429.0,7032.0,1.0,0.2913818359,-0.5325317383,0.4762573242,0.6361694336
49250397.0,2968.0,0.0,0.8203125,0.90234375,-0.609375,0
49257429.0,7032.0,1.0,0.2900390625,-0.5354614258,0.4765014648,0.6340942383
49260397.0,2968.0,0.0,0.94140625,1.140625,0.03515625,0
49267429.0,7032.0,1.0,0.2885742188,-0.5384521484,0.4768676758,0.6319580078
49270397.0,2968.0,0.0,0.6640625,0.55078125,0.44921875,0
49277429.0,7032.0,1.0,0.2869262695,-0.5413208008,0.4774169922,0.6298828125
49280397.0,2968.0,0.0,-0.75,-0.359375,1.1015625,0
49287429.0,7032.0,1.0,0.2850341797,-0.544128418,0.4780883789,0.6278076172
49290397.0,2968.0,0.0,-1.13671875,-0.16015625,1.2578125,0
49297429.0,7032.0,1.0,0.2829589844,-0.5467529297,0.4788818359,0.6258544922
49300397.0,2968.0,0.0,-0.98046875,-0.27734375,0.953125,0
49307429.0,7032.0,1.0,0.2806396484,-0.5493774414,0.4798583984,0.623840332
49310397.0,2968.0,0.0,-0.33984375,-1.84765625,0.9453125,0
49317429.0,7032.0,1.0,0.2783813477,-0.5517578125,0.4811401367,0.6217651367
49320397.0,2968.0,0.0,-0.19140625,-1.6640625,0.98828125,0
49327429.0,7032.0,1.0,0.2763061523,-0.5539550781,0.4827880859,0.6193847656
49330397.0,2968.0,0.0,-0.35546875,-1.21875,0.7265625,0
49337429.0,7032.0,1.0,0.2743530273,-0.5559692383,0.4847412109,0.6169433594
49340397.0,2968.0,0.0,-0.21484375,-0.4609375,0.5390625,0
49351429.0,11032.0,1.0,0.2723999023,-0.5579223633,0.4865722656,0.6145629883
49354397.0,2968.0,0.0,-0.37890625,-0.62109375,0.01171875,0
49358429.0,4032.0,1.0,0.2702636719,-0.5600585938,0.4883422852,0.6122436523
49361397.0,2968.0,0.0,-0.27734375,-0.67578125,0.81640625,0
49367429.0,6032.0,1.0,0.2677001953,-0.5623779297,0.4899902344,0.6098632813
49370397.0,2968.0,0.0,-0.24609375,-0.9140625,1.59375,0
49377429.0,7032.0,1.0,0.2650756836,-0.5647583008,0.491394043,0.6076660156
49380397.0,2968.0,0.0,-0.5,-1.16015625,1.9375,0
49386429.0,6032.0,1.0,0.262512207,-0.5670776367,0.4926147461,0.6056518555
49389397.0,2968.0,0.0,-1.6640625,-0.28515625,1.40234375,0
49397429.0,8032.0,1.0,0.2598266602,-0.5695800781,0.4937744141,0.603515625
49400397.0,2968.0,0.0,-1.6796875,-0.63671875,0.8984375,0
49407429.0,7032.0,1.0,0.2572631836,-0.5720214844,0.4948730469,0.6015014648
49410397.0,2968.0,0.0,-1.65234375,-1.49609375,0.984375,0
49417429.0,7032.0,1.0,0.2548217773,-0.5743408203,0.4959106445,0.5993652344
49420397.0,2968.0,0.0,-1.359375,-1.50390625,1.0859375,0
49427429.0,7032.0,1.0,0.2525024414,-0.5767822266,0.4971313477,0.5970458984
49430397.0,2968.0,0.0,0.39453125,-1.8125,1.32421875,0
49437429.0,7032.0,1.0,0.2503662109,-0.5791015625,0.4984130859,0.594543457
49440397.0,2968.0,0.0,0.609375,-1.96484375,0.75390625,0
49447429.0,7032.0,1.0,0.2483520508,-0.5814819336,0.4998779297,0.5919189453
49450397.0,2968.0,0.0,0.09375,-0.546875,0.640625,0
49457429.0,7032.0,1.0,0.2463378906,-0.5838012695,0.5012207031,0.5892944336
49460397.0,2968.0,0.0,-0.1953125,0.87109375,-0.1953125,0
49467429.0,7032.0,1.0,0.2443237305,-0.5861206055,0.5025024414,0.586730957
49470397.0,2968.0,0.0,0.70703125,-0.39453125,-0.125,0
49477429.0,7032.0,1.0,0.2422485352,-0.5885009766,0.5036010742,0.5842285156
49480397.0,2968.0,0.0,0.73046875,0.10546875,0.03125,0
49487429.0,7032.0,1.0,0.2400512695,-0.5910644531,0.5043334961,0.5819091797
49490397.0,2968.0,0.0,0.21484375,1.21484375,0.0703125,0
49497429.0,7032.0,1.0,0.2374267578,-0.5938720703,0.5046386719,0.5798950195
49500397.0,2968.0,0.0,-0.52734375,1.3671875,2.09375,0
49507429.0,7032.0,1.0,0.2344360352,-0.596862793,0.5045776367,0.578125
49510397.0,2968.0,0.0,-0.16796875,1.3984375,2.42578125,0
49517429.0,7032.0,1.0,0.2312011719,-0.5998535156,0.5043334961,0.5764770508
49520397.0,2968.0,0.0,0.4296875,1.28515625,2.15234375,0
49527429.0,7032.0,1.0,0.2277832031,-0.6029052734,0.5041503906,0.5748291016
49530397.0,2968.0,0.0,0.4140625,0.80859375,1.484375,0
49537429.0,7032.0,1.0,0.2243652344,-0.6057739258,0.5041503906,0.5731811523
49540397.0,2968.0,0.0,-0.71875,-0.078125,0.0234375,0
49547429.0,7032.0,1.0,0.2209472656,-0.6083984375,0.5044555664,0.5714111328
49550397.0,2968.0,0.0,-0.93359375,-0.36328125,-0.03125,0
49557429.0,7032.0,1.0,0.2177124023,-0.6108398438,0.5051879883,0.5694580078
49561397.0,3968.0,0.0,-0.5,-0.265625,0.625,0
49568429.0,7032.0,1.0,0.2147216797,-0.6129760742,0.5061645508,0.5673828125
49571397.0,2968.0,0.0,-0.4921875,-0.05078125,1.421875,0
49581429.0,10032.0,1.0,0.2116088867,-0.6151733398,0.5073852539,0.5651245117
49584397.0,2968.0,0.0,0.5859375,0.1953125,1.5703125,0
49588429.0,4032.0,1.0,0.2083740234,-0.6174316406,0.5086669922,0.5626831055
49591397.0,2968.0,0.0,1.1328125,0.01953125,2.14453125,0
49597429.0,6032.0,1.0,0.2048950195,-0.6196899414,0.5098266602,0.5603637695
49600397.0,2968.0,0.0,0.44140625,0.1953125,2.4921875,0
49607429.0,7032.0,1.0,0.2012329102,-0.6220092773,0.510925293,0.5582275391
49610397.0,2968.0,0.0,0.2578125,-0.44140625,2.4453125,0
49617429.0,7032.0,1.0,0.197265625,-0.6243286133,0.5120239258,0.5560302734
49620397.0,2968.0,0.0,0.484375,-1.0859375,2.5625,0
49627429.0,7032.0,1.0,0.193359375,-0.6265258789,0.5131225586,0.553894043
49630397.0,2968.0,0.0,0.5234375,-0.54296875,2.13671875,0
49637429.0,7032.0,1.0,0.1892700195,-0.6287231445,0.5142822266,0.5516967773
49640397.0,2968.0,0.0,0.4921875,0.27734375,1.515625,0
49647429.0,7032.0,1.0,0.1853027344,-0.6309204102,0.5153198242,0.549621582
49650397.0,2968.0,0.0,0.59765625,0.62109375,0.90625,0
49657429.0,7032.0,1.0,0.1810913086,-0.6332397461,0.5161132813,0.5476074219
49660397.0,2968.0,0.0,-0.0859375,0.55859375,0.58203125,0
49667429.0,7032.0,1.0,0.1768188477,-0.6356811523,0.516418457,0.5458374023
49670397.0,2968.0,0.0,-0.8984375,1.1015625,1.23046875,0
49677429.0,7032.0,1.0,0.1720581055,-0.6384277344,0.5162353516,0.5443725586
49680397.0,2968.0,0.0,-1.6953125,1.17578125,1.328125,0
49687429.0,7032.0,1.0,0.1669921875,-0.6412963867,0.5155029297,0.5432128906
49690397.0,2968.0,0.0,-2.5,1.14453125,1.99609375,0
49697429.0,7032.0,1.0,0.1614990234,-0.6444091797,0.5142822266,0.5423583984
49700397.0,2968.0,0.0,-2.6171875,1.0703125,1.73828125,0
49707429.0,7032.0,1.0,0.1557617188,-0.6475219727,0.5127563477,0.5417480469
49710397.0,2968.0,0.0,-2.30078125,0.80078125,1.515625,0
49717429.0,7032.0,1.0,0.1497802734,-0.6505737305,0.5111694336,0.5413208008
49720397.0,2968.0,0.0,-2.2265625,0.6015625,1.36328125,0
49727429.0,7032.0,1.0,0.1438598633,-0.6534423828,0.509765625,0.5408325195
49730397.0,2968.0,0.0,-4.2109375,0.3984375,0.94140625,0
49737429.0,7032.0,1.0,0.1376342773,-0.6561279297,0.5087280273,0.5401611328
49740397.0,2968.0,0.0,-5.0625,0.421875,1.01953125,0
49749429.0,9032.0,1.0,0.1319580078,-0.6582641602,0.5083618164,0.5392456055
49752397.0,2968.0,0.0,-6.56640625,0.55859375,1.91015625,0
49759429.0,7032.0,1.0,0.125793457,-0.66015625,0.5087890625,0.5380249023
49762397.0,2968.0,0.0,-6.92578125,1.1875,1.3515625,0
49767429.0,5032.0,1.0,0.1196899414,-0.6615600586,0.5100708008,0.5364990234
49770397.0,2968.0,0.0,-8.09375,0.83203125,2.91015625,0
49777429.0,7032.0,1.0,0.1135253906,-0.6622314453,0.5129394531,0.5342407227
49780397.0,2968.0,0.0,-9.2734375,0.37890625,3.4296875,0
49787429.0,7032.0,1.0,0.1083984375,-0.6618652344,0.5180053711,0.5309448242
49790397.0,2968.0,0.0,-10.5390625,-0.015625,3.1015625,0
49797429.0,7032.0,1.0,0.1050415039,-0.6602172852,0.5258178711,0.5259399414
49800397.0,2968.0,0.0,-11.93359375,-0.828125,3.40234375,0
49807429.0,7032.0,1.0,0.1036987305,-0.657043457,0.5369262695,0.5189208984
49810397.0,2968.0,0.0,-13.8359375,1.828125,2.3203125,0
49817429.0,7032.0,1.0,0.1042480469,-0.6522827148,0.5505371094,0.5104370117
49820397.0,2968.0,0.0,-14.453125,4.85546875,1.44921875,0
49827429.0,7032.0,1.0,0.1057739258,-0.6458129883,0.5663452148,0.5009765625
49830397.0,2968.0,0.0,-15.41796875,7.06640625,-0.06640625,0
49837429.0,7032.0,1.0,0.1067504883,-0.6377563477,0.5828857422,0.4920654297
49840397.0,2968.0,0.0,-17.0390625,10.7578125,-1.76953125,0
49847429.0,7032.0,1.0,0.1052856445,-0.6285400391,0.598449707,0.485534668
49850397.0,2968.0,0.0,-15.76953125,16.42578125,-4.02734375,0
49857429.0,7032.0,1.0,0.1000366211,-0.6184082031,0.6117553711,0.4830322266
49860397.0,2968.0,0.0,-11.54296875,17.08203125,-2.46484375,0
49867429.0,7032.0,1.0,0.0906982422,-0.6078491211,0.622253418,0.4848632813
49870397.0,2968.0,0.0,-7.1015625,13.33984375,-1.55078125,0
49877429.0,7032.0,1.0,0.0772705078,-0.5969238281,0.6301269531,0.4906005859
49880397.0,2968.0,0.0,-1.60546875,8.19140625,1.41015625,0
49892429.0,12032.0,1.0,0.0625610352,-0.5864257813,0.6358642578,0.4978637695
49896397.0,3968.0,0.0,0.7890625,-9.20703125,2.3515625,0
49899429.0,3032.0,1.0,0.0502319336,-0.5741577148,0.6439208984,0.503112793
49902397.0,2968.0,0.0,0.59375,-9.51171875,2.2734375,0
49907429.0,5032.0,1.0,0.0395507813,-0.559753418,0.6521606445,0.5096435547
49910397.0,2968.0,0.0,-0.97265625,20.59765625,-2.5859375,0
49917429.0,7032.0,1.0,0.0234375,-0.5454711914,0.6503295898,0.528137207
49920397.0,2968.0,0.0,4.59375,34.015625,-19.6484375,0
49927429.0,7032.0,1.0,0.0006103516,0.5300292969,-0.6343383789,-0.5628051758
49930397.0,2968.0,0.0,10.62890625,12.03125,-24.28125,0
49937429.0,7032.0,1.0,0.022277832,0.5137939453,-0.6112060547,-0.6016235352
49940397.0,2968.0,0.0,8.25390625,-7.19140625,-16.93359375,0
49949429.0,9032.0,1.0,0.0338745117,0.4979248047,-0.5906982422,-0.6340332031
49952397.0,2968.0,0.0,4.01171875,-17.09765625,-12.5703125,0
49960429.0,8032.0,1.0,0.0373535156,0.4824829102,-0.5725097656,-0.6618652344
49963397.0,2968.0,0.0,0.109375,-14.80078125,0.05078125,0
49967429.0,4032.0,1.0,0.0363769531,0.467590332,-0.552734375,-0.6888427734
49970397.0,2968.0,0.0,2.41796875,-15.20703125,1.171875,0
49977429.0,7032.0,1.0,0.0322875977,0.4540405273,-0.5308227539,-0.71484375
49980397.0,2968.0,0.0,4.98046875,-18.70703125,1.45703125,0
49987429.0,7032.0,1.0,0.0245361328,0.4422607422,-0.5094604492,-0.7377319336
49990397.0,2968.0,0.0,5.91796875,-22.01171875,1.34375,0
49997429.0,7032.0,1.0,0.0124511719,0.4318237305,-0.4899902344,-0.7572021484
50000397.0,2968.0,0.0,8.2734375,-21.54296875,3.6171875,0
50012429.0,12032.0,1.0,0.0017089844,-0.4236450195,0.4752197266,0.7711791992
50016397.0,3968.0,0.0,7.6015625,-16.6953125,3.953125,0
50019429.0,3032.0,1.0,0.0190429688,-0.4161376953,0.4626464844,0.7825927734
50022397.0,2968.0,0.0,6.37109375,-12.9765625,2.52734375,0
50027429.0,5032.0,1.0,0.0388793945,-0.4092407227,0.4514770508,0.7919311523
50030397.0,2968.0,0.0,6.50390625,-12.7265625,2.20703125,0
50037429.0,7032.0,1.0,0.0576171875,-0.4036865234,0.4414672852,0.7992553711
50040397.0,2968.0,0.0,4.25390625,-7.05078125,0.1796875,0
50047429.0,7032.0,1.0,0.0755615234,-0.3991088867,0.4313354492,0.8056030273
50050397.0,2968.0,0.0,4.4453125,-6.83984375,-0.71875,0
50057429.0,7032.0,1.0,0.0931396484,-0.3952026367,0.4213256836,0.8109741211
50060397.0,2968.0,0.0,4.82421875,-6.89453125,-1.375,0
50067429.0,7032.0,1.0,0.1104125977,-0.3916625977,0.4122314453,0.8151245117
50070397.0,2968.0,0.0,4.54296875,-5.390625,-1.703125,0
50077429.0,7032.0,1.0,0.1272583008,-0.3884887695,0.4039306641,0.818359375
50080397.0,2968.0,0.0,5.01171875,-4.65625,-1.4609375,0
50092429.0,12032.0,1.0,0.1428833008,-0.3858642578,0.3962402344,0.8207397461
50096397.0,3968.0,0.0,5.55078125,-4.9375,-0.28515625,0
50099429.0,3032.0,1.0,0.1580200195,-0.3836669922,0.388671875,0.8226318359
50102397.0,2968.0,0.0,5.99609375,-5.3984375,0.21875,0
50107429.0,5032.0,1.0,0.1731567383,-0.3818359375,0.3812866211,0.8239135742
50110397.0,2968.0,0.0,6.5546875,-5.79296875,0.33984375,0
50117429.0,7032.0,1.0,0.1875,-0.3802490234,0.3753051758,0.8242797852
50120397.0,2968.0,0.0,6.9921875,-5.4765625,0.50390625,0
50127429.0,7032.0,1.0,0.2015991211,-0.3787231445,0.3708496094,0.8236083984
50130397.0,2968.0,0.0,7.1640625,-4.453125,0.2109375,0
50137429.0,7032.0,1.0,0.2150268555,-0.3775024414,0.3674316406,0.8223876953
50140397.0,2968.0,0.0,6.89453125,-3.02734375,-0.15625,0
50147429.0,7032.0,1.0,0.2268066406,-0.3767089844,0.364440918,0.8208618164
50150397.0,2968.0,0.0,6.0546875,-1.3046875,-0.3359375,0
50157429.0,7032.0,1.0,0.2387084961,-0.3764648438,0.3610229492,0.8190917969
50160397.0,2968.0,0.0,5.6796875,-1.2265625,0.23046875,0
50170429.0,10032.0,1.0,0.2487792969,-0.3767700195,0.3577880859,0.8173828125
50173397.0,2968.0,0.0,5.2109375,-1.38671875,0.69140625,0
50180429.0,7032.0,1.0,0.2585449219,-0.3775024414,0.354675293,0.8153686523
50183397.0,2968.0,0.0,4.4921875,-1.51171875,0.65234375,0
50187429.0,4032.0,1.0,0.2672729492,-0.3784790039,0.352355957,0.8131103516
50190397.0,2968.0,0.0,3.7578125,-1.73046875,-0.40625,0
50197429.0,7032.0,1.0,0.2758178711,-0.3796386719,0.3508911133,0.8103637695
50200397.0,2968.0,0.0,3.91015625,-1.61328125,-0.7890625,0
50207429.0,7032.0,1.0,0.2836914063,-0.380859375,0.350402832,0.8072509766
50210397.0,2968.0,0.0,4.06640625,-1.16796875,-1.15625,0
50218429.0,8032.0,1.0,0.2908325195,-0.3822631836,0.3503417969,0.8040771484
50221397.0,2968.0,0.0,4.06640625,-0.66015625,-1.71484375,0
50227429.0,6032.0,1.0,0.2971801758,-0.383972168,0.350402832,0.8009033203
50230397.0,2968.0,0.0,3.76171875,-0.19140625,-2.7265625,0
50237429.0,7032.0,1.0,0.3027954102,-0.3861083984,0.350402832,0.7977905273
50240397.0,2968.0,0.0,3.609375,-0.49609375,-2.96484375,0
50247429.0,7032.0,1.0,0.3074951172,-0.3884887695,0.3504638672,0.7947998047
50250397.0,2968.0,0.0,3.41796875,-0.92578125,-3.0390625,0
50257429.0,7032.0,1.0,0.3116455078,-0.3909912109,0.3508911133,0.7917480469
50260397.0,2968.0,0.0,2.4140625,0.25,-4.01953125,0
50267429.0,7032.0,1.0,0.3151245117,-0.3935546875,0.3514404297,0.7888793945
50270397.0,2968.0,0.0,1.80078125,1.3359375,-4.46875,0
50277429.0,7032.0,1.0,0.3179931641,-0.3963623047,0.3516845703,0.7861938477
50281397.0,3968.0,0.0,1.14453125,1.8125,-4.8046875,0
50287429.0,6032.0,1.0,0.3201293945,-0.3993530273,0.3515625,0.7838745117
50290397.0,2968.0,0.0,0.36328125,1.484375,-4.84375,0
50297429.0,7032.0,1.0,0.3215942383,-0.4022827148,0.3513183594,0.7818603516
50300397.0,2968.0,0.0,-1.3984375,1.38671875,-4.60546875,0
50307429.0,7032.0,1.0,0.3227539063,-0.4053344727,0.3510131836,0.7799682617
50310397.0,2968.0,0.0,-2.36328125,1.1640625,-4.328125,0
50317429.0,7032.0,1.0,0.323425293,-0.4083862305,0.350769043,0.778137207
50321397.0,3968.0,0.0,-2.8359375,0.62890625,-3.546875,0
50328429.0,7032.0,1.0,0.3237915039,-0.411315918,0.3507080078,0.7764892578
50331397.0,2968.0,0.0,-2.8125,-0.17578125,-2.88671875,0
50341429.0,10032.0,1.0,0.3239135742,-0.4144897461,0.3510742188,0.774597168
50344397.0,2968.0,0.0,-2.29296875,-1.25390625,-2.41015625,0
50348429.0,4032.0,1.0,0.3239135742,-0.4177246094,0.3518676758,0.7725219727
50351397.0,2968.0,0.0,-1.5625,-1.11328125,-2.76171875,0
50357429.0,6032.0,1.0,0.3239135742,-0.4212036133,0.3532714844,0.7699584961
50361397.0,3968.0,0.0,-1.83984375,0.44140625,-1.76171875,0
50367429.0,6032.0,1.0,0.3239135742,-0.4246826172,0.3549804688,0.7672729492
50370397.0,2968.0,0.0,-2.421875,-0.28125,-2.90234375,0
50378429.0,8032.0,1.0,0.3239746094,-0.4282226563,0.3569946289,0.7643432617
50381397.0,2968.0,0.0,-3.921875,1.84375,-3.0859375,0
50387429.0,6032.0,1.0,0.3240966797,-0.4315795898,0.3591308594,0.7614135742
50390397.0,2968.0,0.0,-3.9609375,2.47265625,-3.11328125,0
50397429.0,7032.0,1.0,0.3243408203,-0.4348754883,0.3616333008,0.7582397461
50400397.0,2968.0,0.0,-3.61328125,2.09765625,-2.1796875,0
50407429.0,7032.0,1.0,0.3245849609,-0.4381103516,0.3646850586,0.7547607422
50410397.0,2968.0,0.0,-2.89453125,1.03125,-1.5390625,0
50417429.0,7032.0,1.0,0.3247680664,-0.4413452148,0.3684692383,0.7509765625
50420397.0,2968.0,0.0,-2.203125,0.79296875,-0.89453125,0
50427429.0,7032.0,1.0,0.3247680664,-0.4447021484,0.3726806641,0.746887207
50430397.0,2968.0,0.0,-2.6328125,1.0546875,-1.53515625,0
50438429.0,8032.0,1.0,0.3245849609,-0.4481811523,0.376953125,0.7427368164
50441397.0,2968.0,0.0,-2.8984375,1.34375,-1.87109375,0
50447429.0,6032.0,1.0,0.3242797852,-0.4515991211,0.3811645508,0.7386474609
50450397.0,2968.0,0.0,-2.8203125,1.0625,-3.5546875,0
50457429.0,7032.0,1.0,0.3240356445,-0.4549560547,0.3854980469,0.7344360352
50460397.0,2968.0,0.0,-2.98046875,1.58984375,-3.7265625,0
50467429.0,7032.0,1.0,0.3237304688,-0.4583129883,0.3898925781,0.7301635742
50470397.0,2968.0,0.0,-2.98828125,0.28125,-3.7109375,0
50478429.0,8032.0,1.0,0.3233642578,-0.4616699219,0.3941040039,0.7259521484
50481397.0,2968.0,0.0,-3.4921875,0.4921875,-3.66796875,0
50487429.0,6032.0,1.0,0.3228759766,-0.4651489258,0.3978271484,0.721862793
50490397.0,2968.0,0.0,-4.34375,1.26171875,-4.42578125,0
50497429.0,7032.0,1.0,0.3219604492,-0.4689331055,0.4010620117,0.7180175781
50500397.0,2968.0,0.0,-4.47265625,0.84765625,-4.56640625,0
50510429.0,10032.0,1.0,0.3210449219,-0.4724731445,0.4036254883,0.7146606445
50513397.0,2968.0,0.0,-4.85546875,0.5,-4.6484375,0
50520429.0,7032.0,1.0,0.3200073242,-0.4761352539,0.4061889648,0.7113037109
50523397.0,2968.0,0.0,-4.265625,0.46484375,-5.3828125,0
50527429.0,4032.0,1.0,0.3189086914,-0.479675293,0.4084472656,0.7080688477
50530397.0,2968.0,0.0,-3.859375,1.0390625,-5.16796875,0
50537429.0,7032.0,1.0,0.3175048828,-0.4835205078,0.4103393555,0.7050170898
50540397.0,2968.0,0.0,-3.98828125,1.93359375,-4.828125,0
50547429.0,7032.0,1.0,0.3161010742,-0.487121582,0.4119262695,0.7022094727
50550397.0,2968.0,0.0,-3.53515625,0.6796875,-4.95703125,0
50558429.0,8032.0,1.0,0.3149414063,-0.4903564453,0.4138793945,0.6993408203
50561397.0,2968.0,0.0,-2.79296875,0.03515625,-3.94140625,0
50568429.0,7032.0,1.0,0.3140869141,-0.4932861328,0.4163818359,0.6961669922
50571397.0,2968.0,0.0,-2.5859375,1.7578125,-3.53515625,0
50577429.0,6032.0,1.0,0.3134765625,-0.4957275391,0.4189453125,0.6931152344
50580397.0,2968.0,0.0,-2.1875,1.4140625,-2.9375,0
50587429.0,7032.0,1.0,0.3129272461,-0.4981079102,0.4216918945,0.6900024414
50590397.0,2968.0,0.0,-2.2109375,1.29296875,-2.49609375,0
50598429.0,8032.0,1.0,0.3123779297,-0.5004272461,0.4247436523,0.6867675781
50601397.0,2968.0,0.0,-2.46875,1.328125,-2.203125,0
50607429.0,6032.0,1.0,0.3117675781,-0.5026245117,0.4277954102,0.6834716797
50610397.0,2968.0,0.0,-1.6875,0.515625,-1.53515625,0
50618429.0,8032.0,1.0,0.3111572266,-0.504699707,0.4309082031,0.6802368164
50621397.0,2968.0,0.0,-1.7890625,0.5078125,-1.703125,0
50628429.0,7032.0,1.0,0.310546875,-0.5067138672,0.4342041016,0.6770019531
50631397.0,2968.0,0.0,-1.85546875,0.5,-2.51953125,0
50638429.0,7032.0,1.0,0.3099975586,-0.5085449219,0.4373779297,0.673828125
50641397.0,2968.0,0.0,-2.0390625,-0.04296875,-2.88671875,0
50647429.0,6032.0,1.0,0.3095092773,-0.5101928711,0.4404907227,0.670715332
50650397.0,2968.0,0.0,-2.22265625,-0.13671875,-2.37109375,0
50658429.0,8032.0,1.0,0.3090820313,-0.5118408203,0.4434814453,0.6677246094
50661397.0,2968.0,0.0,-1.45703125,-0.5546875,-1.75,0
50668429.0,7032.0,1.0,0.3084716797,-0.5136108398,0.4461669922,0.6647949219
50671397.0,2968.0,0.0,-0.63671875,-0.3359375,-0.89453125,0
50677429.0,6032.0,1.0,0.3077392578,-0.5156860352,0.4486083984,0.6619262695
50680397.0,2968.0,0.0,-0.1796875,-0.2578125,-0.6953125,0
50688429.0,8032.0,1.0,0.3068847656,-0.5178833008,0.4507446289,0.6591186523
50691397.0,2968.0,0.0,-0.515625,-0.01953125,-0.9453125,0
50698429.0,7032.0,1.0,0.3060913086,-0.5201416016,0.4526977539,0.6563720703
50701397.0,2968.0,0.0,-0.9296875,0.70703125,-1.20703125,0
50708429.0,7032.0,1.0,0.3052978516,-0.522277832,0.4542236328,0.6539916992
50711397.0,2968.0,0.0,-0.546875,0.4765625,-1.51171875,0
50721429.0,10032.0,1.0,0.3043823242,-0.524597168,0.4556274414,0.651550293
50724397.0,2968.0,0.0,-0.4609375,0.140625,-1.1640625,0
50728429.0,4032.0,1.0,0.3032836914,-0.5272216797,0.4569702148,0.6490478516
50731397.0,2968.0,0.0,-0.0703125,-0.38671875,-0.58203125,0
50738429.0,7032.0,1.0,0.3023071289,-0.5295410156,0.4580688477,0.6467895508
50741397.0,2968.0,0.0,-0.0234375,-0.45703125,-0.08984375,0
50748429.0,7032.0,1.0,0.3013305664,-0.5319824219,0.4592895508,0.6444091797
50751397.0,2968.0,0.0,0.3203125,-0.2578125,0.36328125,0
50758429.0,7032.0,1.0,0.3003540039,-0.5345458984,0.4604492188,0.6419067383
50761397.0,2968.0,0.0,-0.40625,0.3046875,-0.015625,0
50768429.0,7032.0,1.0,0.2995605469,-0.5368652344,0.4615478516,0.6395263672
50771397.0,2968.0,0.0,-0.78125,0.50390625,-0.7421875,0
50778429.0,7032.0,1.0,0.2989501953,-0.5391845703,0.4627075195,0.6370849609
50781397.0,2968.0,0.0,-0.8515625,0.671875,-1.36328125,0
50788429.0,7032.0,1.0,0.2984008789,-0.5413818359,0.4637451172,0.6347045898
50791397.0,2968.0,0.0,-0.390625,0.83984375,-1.828125,0
50798429.0,7032.0,1.0,0.2977905273,-0.5435180664,0.4647216797,0.6323852539
50801397.0,2968.0,0.0,0.4140625,2.00390625,-0.41796875,0
50808429.0,7032.0,1.0,0.296875,-0.5458984375,0.4655151367,0.6302490234
50811397.0,2968.0,0.0,1.25390625,1.0234375,0.6015625,0
50818429.0,7032.0,1.0,0.2956542969,-0.5484008789,0.4662475586,0.628112793
50821397.0,2968.0,0.0,1.45703125,0.609375,2.08984375,0
50828429.0,7032.0,1.0,0.2942504883,-0.5509643555,0.4669189453,0.6259765625
50831397.0,2968.0,0.0,-0.5,0.08203125,1.6640625,0
50838429.0,7032.0,1.0,0.2926635742,-0.5534667969,0.4677124023,0.6239013672
50841397.0,2968.0,0.0,-1.03515625,-0.7890625,0.4765625,0
50848429.0,7032.0,1.0,0.2911987305,-0.5557250977,0.4688110352,0.6217651367
50851397.0,2968.0,0.0,-1.46484375,-1.28125,-0.33203125,0
50858429.0,7032.0,1.0,0.2897949219,-0.5576782227,0.4701538086,0.6196289063
50861397.0,2968.0,0.0,-1.625,-1.08984375,-0.5703125,0
50868429.0,7032.0,1.0,0.2885742188,-0.5594482422,0.4717407227,0.6174316406
50871397.0,2968.0,0.0,-0.32421875,-0.0625,-0.19140625,0
50878429.0,7032.0,1.0,0.2872924805,-0.5611572266,0.4733276367,0.615234375
50881397.0,2968.0,0.0,0.24609375,0.359375,0.4140625,0
50888429.0,7032.0,1.0,0.2858276367,-0.5631103516,0.4747314453,0.6130981445
50891397.0,2968.0,0.0,0.46484375,0.58984375,1.59375,0
50898429.0,7032.0,1.0,0.2840576172,-0.5653076172,0.475769043,0.6110839844
50901397.0,2968.0,0.0,-0.078125,0.2734375,2.23046875,0
50907429.0,6032.0,1.0,0.2819824219,-0.567565918,0.4764404297,0.609375
50910397.0,2968.0,0.0,-1.234375,-1.44921875,1.65234375,0
50918429.0,8032.0,1.0,0.2794189453,-0.5701293945,0.4769897461,0.6077270508
50921397.0,2968.0,0.0,-1.203125,-1.52734375,1.18359375,0
50928429.0,7032.0,1.0,0.2769775391,-0.5724487305,0.4776000977,0.6062011719
50931397.0,2968.0,0.0,-0.796875,-1.57421875,0.7890625,0
50938429.0,7032.0,1.0,0.2747192383,-0.5746459961,0.4784545898,0.6044921875
50941397.0,2968.0,0.0,-0.078125,-1.2734375,0.55078125,0
50948429.0,7032.0,1.0,0.2727050781,-0.5767211914,0.4795532227,0.6025390625
50951397.0,2968.0,0.0,0.2578125,-1.08984375,1.34375,0
50958429.0,7032.0,1.0,0.2709960938,-0.5786743164,0.4806518555,0.6005249023
50962397.0,3968.0,0.0,-0.36328125,-0.41015625,0.9921875,0
50968429.0,6032.0,1.0,0.2692871094,-0.5808105469,0.4817504883,0.5983886719
50971397.0,2968.0,0.0,-0.90625,-0.33203125,0.6796875,0
50978429.0,7032.0,1.0,0.2674560547,-0.5830078125,0.4825439453,0.5963745117
50981397.0,2968.0,0.0,-1.3046875,-0.828125,0.7421875,0
50993429.0,12032.0,1.0,0.2655029297,-0.5852050781,0.4831542969,0.5946655273
50997397.0,3968.0,0.0,0.21875,-1.17578125,0.7265625,0
51000429.0,3032.0,1.0,0.2633056641,-0.5875244141,0.483581543,0.592956543
51003397.0,2968.0,0.0,0.203125,-1.16796875,0.78125,0
51007429.0,4032.0,1.0,0.2610473633,-0.5899047852,0.4838867188,0.5913696289
51010397.0,2968.0,0.0,0.73046875,-0.484375,0.66015625,0
51018429.0,8032.0,1.0,0.2584838867,-0.5924072266,0.4840087891,0.58984375
51021397.0,2968.0,0.0,0.79296875,0.43359375,0.484375,0
51028429.0,7032.0,1.0,0.2559814453,-0.5949707031,0.4838867188,0.5885009766
51031397.0,2968.0,0.0,0.9375,0.39453125,1.3046875,0
51038429.0,7032.0,1.0,0.2532958984,-0.5977172852,0.4836425781,0.5871582031
51041397.0,2968.0,0.0,0.5859375,-0.2265625,1.55859375,0
51048429.0,7032.0,1.0,0.2504882813,-0.600402832,0.483215332,0.5858764648
51051397.0,2968.0,0.0,-0.578125,0.50390625,1.375,0
51058429.0,7032.0,1.0,0.2473754883,-0.6032714844,0.4825439453,0.5848388672
51061397.0,2968.0,0.0,-0.3203125,0.11328125,0.89453125,0
51068429.0,7032.0,1.0,0.2440185547,-0.6062011719,0.4816894531,0.5839233398
51071397.0,2968.0,0.0,-0.75390625,0.83203125,1.5234375,0
51078429.0,7032.0,1.0,0.2404174805,-0.6091308594,0.4807739258,0.5831298828
51082397.0,3968.0,0.0,-0.08203125,1.31640625,1.15625,0
51088429.0,6032.0,1.0,0.2366943359,-0.6119995117,0.4797973633,0.5824584961
51091397.0,2968.0,0.0,0.59375,1.796875,0.78125,0
51097429.0,6032.0,1.0,0.2328491211,-0.6148071289,0.4788208008,0.5818481445
51100397.0,2968.0,0.0,0.76953125,0.515625,1.51953125,0
51108429.0,8032.0,1.0,0.2286376953,-0.6176757813,0.4779663086,0.581237793
51111397.0,2968.0,0.0,0.75390625,-0.3125,1.3359375,0
51118429.0,7032.0,1.0,0.2243652344,-0.620300293,0.477355957,0.5805053711
51121397.0,2968.0,0.0,0.34765625,0.05078125,0.34765625,0
51128429.0,7032.0,1.0,0.2201538086,-0.6228637695,0.4771118164,0.5795898438
51131397.0,2968.0,0.0,-0.3671875,0.0546875,1.3984375,0
51138429.0,7032.0,1.0,0.2159423828,-0.6252441406,0.4772338867,0.5784912109
51141397.0,2968.0,0.0,-0.58203125,-0.3203125,2.58203125,0
51148429.0,7032.0,1.0,0.212097168,-0.6273803711,0.4777832031,0.5772094727
51151397.0,2968.0,0.0,-0.23046875,-0.4296875,2.94140625,0
51158429.0,7032.0,1.0,0.2083129883,-0.6293945313,0.4787597656,0.5755615234
51161397.0,2968.0,0.0,0.3984375,-0.296875,3.3125,0
51168429.0,7032.0,1.0,0.2047119141,-0.6312866211,0.4799194336,0.5737915039
51171397.0,2968.0,0.0,0.52734375,-0.453125,3.19140625,0
51178429.0,7032.0,1.0,0.201171875,-0.6330566406,0.4813232422,0.5718994141
51181397.0,2968.0,0.0,-0.125,-0.71484375,1.7578125,0
51188429.0,7032.0,1.0,0.1976318359,-0.634765625,0.4829711914,0.5698852539
51191397.0,2968.0,0.0,-0.33984375,-1.40234375,1.8671875,0
51198429.0,7032.0,1.0,0.1942138672,-0.6364135742,0.4848022461,0.5676269531
51201397.0,2968.0,0.0,-1.19140625,-0.74609375,1.25390625,0
51210429.0,9032.0,1.0,0.1908569336,-0.637878418,0.4867553711,0.5654296875
51213397.0,2968.0,0.0,-1.91796875,-0.625,0.8203125,0
51220429.0,7032.0,1.0,0.1873779297,-0.6393432617,0.4887084961,0.563293457
51223397.0,2968.0,0.0,-1.8671875,-0.44140625,0.8828125,0
51228429.0,5032.0,1.0,0.1833496094,-0.6408691406,0.4906616211,0.5611572266
51231397.0,2968.0,0.0,-1.8359375,-0.05859375,1.0,0
51238429.0,7032.0,1.0,0.1795043945,-0.6423339844,0.4921875,0.559387207
51241397.0,2968.0,0.0,-1.953125,-0.37109375,1.17578125,0
51248429.0,7032.0,1.0,0.1752929688,-0.6438598633,0.4935302734,0.5578613281
51251397.0,2968.0,0.0,-2.44140625,-0.11328125,1.73046875,0
51258429.0,7032.0,1.0,0.1705322266,-0.6453857422,0.4945678711,0.5565795898
51261397.0,2968.0,0.0,-2.60546875,-0.19921875,2.44140625,0
51268429.0,7032.0,1.0,0.1653442383,-0.6469726563,0.4954223633,0.5556030273
51271397.0,2968.0,0.0,-2.0703125,-0.3359375,1.1953125,0
51278429.0,7032.0,1.0,0.1597900391,-0.6483764648,0.4964599609,0.5546264648
51281397.0,2968.0,0.0,-2.078125,-0.20703125,2.0390625,0
51287429.0,6032.0,1.0,0.154296875,-0.6494750977,0.4976806641,0.5538330078
51290397.0,2968.0,0.0,-3.7734375,0.2265625,1.328125,0
51298429.0,8032.0,1.0,0.1483764648,-0.6503295898,0.4995727539,0.552734375
51301397.0,2968.0,0.0,-4.9296875,0.41015625,2.80078125,0
51308429.0,7032.0,1.0,0.1425170898,-0.6506347656,0.5025634766,0.5512084961
51311397.0,2968.0,0.0,-5.48828125,0.36328125,2.171875,0
51318429.0,7032.0,1.0,0.1372070313,-0.6503295898,0.5067749023,0.5490722656
51321397.0,2968.0,0.0,-6.40234375,-0.26953125,3.8828125,0
51328429.0,7032.0,1.0,0.1323852539,-0.6491088867,0.5130615234,0.5458374023
51331397.0,2968.0,0.0,-8.625,-0.8671875,5.01171875,0
51338429.0,7032.0,1.0,0.1287231445,-0.6468505859,0.5211791992,0.5416259766
51341397.0,2968.0,0.0,-9.48046875,0.1171875,4.95703125,0
51348429.0,7032.0,1.0,0.1260375977,-0.6432495117,0.532043457,0.5360107422
51351397.0,2968.0,0.0,-10.34765625,1.55859375,4.9609375,0
51358429.0,7032.0,1.0,0.1244506836,-0.6383056641,0.544921875,0.529296875
51361397.0,2968.0,0.0,-11.0703125,3.37109375,4.7265625,0
51373429.0,12032.0,1.0,0.1233520508,-0.6322021484,0.5591430664,0.5219726563
51377397.0,3968.0,0.0,-13.75390625,11.29296875,0.15625,0
51380429.0,3032.0,1.0,0.121887207,-0.6246948242,0.5745239258,0.5146484375
51383397.0,2968.0,0.0,-13.88671875,11.18359375,0.296875,0
51388429.0,5032.0,1.0,0.1185913086,-0.6154174805,0.5907592773,0.5081176758
51391397.0,2968.0,0.0,-14.85546875,12.56640625,-1.43359375,0
51398429.0,7032.0,1.0,0.1130371094,-0.6059570313,0.6046142578,0.5044555664
51401397.0,2968.0,0.0,-10.0234375,15.4140625,-1.078125,0
51408429.0,7032.0,1.0,0.1041259766,-0.5955810547,0.6166992188,0.5040893555
51411397.0,2968.0,0.0,-6.66796875,12.82421875,0.69140625,0
51418429.0,7032.0,1.0,0.0918579102,-0.5848999023,0.6263427734,0.5070800781
51421397.0,2968.0,0.0,-3.8984375,11.6875,1.6640625,0
51428429.0,7032.0,1.0,0.0765380859,-0.5742797852,0.6334838867,0.512878418
51431397.0,2968.0,0.0,-1.99609375,9.5859375,2.0546875,0
51438429.0,7032.0,1.0,0.060546875,-0.5635375977,0.6395263672,0.5194091797
51441397.0,2968.0,0.0,-0.7578125,-6.38671875,0.015625,0
51453429.0,12032.0,1.0,0.0479125977,-0.5521240234,0.6470947266,0.5236206055
51457397.0,3968.0,0.0,1.375,26.84375,-12.34375,0
51460429.0,3032.0,1.0,0.03515625,-0.5391845703,0.6524658203,0.5313720703
51463397.0,2968.0,0.0,1.171875,26.5390625,-12.4765625,0
51468429.0,5032.0,1.0,0.0163574219,-0.5249633789,0.6475219727,0.5521850586
51471397.0,2968.0,0.0,8.40234375,31.3671875,-17.45703125,0
51478429.0,7032.0,1.0,0.0032958984,0.5122070313,-0.6329345703,-0.5805053711
51481397.0,2968.0,0.0,6.8515625,7.9296875,-14.78125,0
51488429.0,7032.0,1.0,0.0225830078,0.4975585938,-0.6102905273,-0.6159667969
51491397.0,2968.0,0.0,-1.1953125,-6.15234375,-10.58984375,0
51498429.0,7032.0,1.0,0.0330200195,0.4837036133,-0.5894775391,-0.6461181641
51501397.0,2968.0,0.0,-3.70703125,-15.625,-6.17578125,0
51510429.0,9032.0,1.0,0.0356445312,0.4711914063,-0.5722045898,-0.6702880859
51513397.0,2968.0,0.0,-1.8515625,-15.88671875,-2.625,0
51521429.0,8032.0,1.0,0.0332641602,0.4589233398,-0.5548706055,-0.6931152344
51524397.0,2968.0,0.0,3.51953125,-12.67578125,-0.4765625,0
51528429.0,4032.0,1.0,0.0274658203,0.4475708008,-0.5366210938,-0.71484375
51531397.0,2968.0,0.0,4.3203125,-13.25,-0.45703125,0
51538429.0,7032.0,1.0,0.0189208984,0.4374389648,-0.5180664063,-0.7347412109
51541397.0,2968.0,0.0,4.67578125,-13.921875,0.44140625,0
51548429.0,7032.0,1.0,0.0081787109,0.4287719727,-0.5008544922,-0.7518310547
51551397.0,2968.0,0.0,5.15234375,-14.6015625,1.40625,0
51558429.0,7032.0,1.0,0.0048828125,-0.421081543,0.4849243164,0.7664794922
51561397.0,2968.0,0.0,5.5234375,-13.2109375,1.96484375,0
51573429.0,12032.0,1.0,0.0192871094,-0.4146118164,0.4712524414,0.7782592773
51577397.0,3968.0,0.0,4.890625,-9.8671875,0.9453125,0
51580429.0,3032.0,1.0,0.0352172852,-0.4087524414,0.4590454102,0.7880249023
51583397.0,2968.0,0.0,4.5078125,-7.83203125,0.93359375,0
51588429.0,5032.0,1.0,0.0526733398,-0.4033203125,0.447265625,0.7965698242
51591397.0,2968.0,0.0,4.48828125,-6.5625,0.40625,0
51598429.0,7032.0,1.0,0.0693969727,-0.3987426758,0.4364013672,0.8035888672
51601397.0,2968.0,0.0,4.91015625,-6.3203125,-0.40625,0
51608429.0,7032.0,1.0,0.0859375,-0.3947143555,0.42578125,0.8096923828
51611397.0,2968.0,0.0,4.984375,-6.26953125,-0.44921875,0
51618429.0,7032.0,1.0,0.1021728516,-0.3910522461,0.4154052734,0.8148803711
51621397.0,2968.0,0.0,5.11328125,-6.41015625,-0.18359375,0
51628429.0,7032.0,1.0,0.1177978516,-0.3878173828,0.4058837891,0.8190917969
51631397.0,2968.0,0.0,5.65234375,-6.91015625,1.17578125,0
51638429.0,7032.0,1.0,0.1336669922,-0.3848876953,0.3969726563,0.8224487305
51641397.0,2968.0,0.0,5.8828125,-7.015625,1.29296875,0
51651429.0,10032.0,1.0,0.1482543945,-0.3823852539,0.3896484375,0.8245849609
51654397.0,2968.0,0.0,6.0625,-7.26953125,1.40625,0
51661429.0,7032.0,1.0,0.1638183594,-0.3800048828,0.3829956055,0.8258666992
51664397.0,2968.0,0.0,6.0859375,-6.79296875,1.2265625,0
51668429.0,4032.0,1.0,0.1787109375,-0.3779296875,0.3775024414,0.8262939453
51671397.0,2968.0,0.0,6.4453125,-5.02734375,0.6953125,0
51678429.0,7032.0,1.0,0.1931762695,-0.3760986328,0.3727416992,0.8259887695
51681397.0,2968.0,0.0,6.72265625,-4.234375,0.3671875,0
51688429.0,7032.0,1.0,0.2068481445,-0.3745727539,0.3684082031,0.8253173828
51691397.0,2968.0,0.0,6.76953125,-3.79296875,-0.10546875,0
51698429.0,7032.0,1.0,0.219909668,-0.3734130859,0.364440918,0.8242797852
51701397.0,2968.0,0.0,6.43359375,-3.3984375,-0.2578125,0
51708429.0,7032.0,1.0,0.2323608398,-0.3725585938,0.3606567383,0.8228759766
51711397.0,2968.0,0.0,5.74609375,-3.3203125,-0.05859375,0
51718429.0,7032.0,1.0,0.2434082031,-0.3720703125,0.3574829102,0.8212890625
51721397.0,2968.0,0.0,5.77734375,-3.32421875,0.15234375,0
51728429.0,7032.0,1.0,0.2540893555,-0.371887207,0.3549194336,0.8192138672
51731397.0,2968.0,0.0,5.578125,-3.0390625,0.15234375,0
51738429.0,7032.0,1.0,0.2643432617,-0.3719482422,0.3530883789,0.8167724609
51741397.0,2968.0,0.0,5.42578125,-2.53125,0.20703125,0
51753429.0,12032.0,1.0,0.2734985352,-0.3723144531,0.3518676758,0.8140869141
51757397.0,3968.0,0.0,3.84765625,-1.00390625,-1.34375,0
51760429.0,3032.0,1.0,0.2825927734,-0.373046875,0.3508300781,0.8111572266
51763397.0,2968.0,0.0,3.88671875,-0.89453125,-1.34375,0
51768429.0,5032.0,1.0,0.2915039063,-0.3740844727,0.3502197266,0.8077392578
51771397.0,2968.0,0.0,3.96484375,-1.3671875,-1.95703125,0
51778429.0,7032.0,1.0,0.299621582,-0.3751831055,0.3504638672,0.8041381836
51781397.0,2968.0,0.0,4.34765625,-1.84765625,-2.27734375,0
51788429.0,7032.0,1.0,0.3071899414,-0.3765258789,0.3513793945,0.8002929688
51791397.0,2968.0,0.0,4.6171875,-1.15625,-2.25390625,0
51798429.0,7032.0,1.0,0.3137817383,-0.3784179688,0.3521118164,0.7965087891
51802397.0,3968.0,0.0,4.625,-0.234375,-2.4453125,0
51808429.0,6032.0,1.0,0.3192749023,-0.3809204102,0.3524169922,0.79296875
51811397.0,2968.0,0.0,4.3203125,-0.12109375,-3.1328125,0
51818429.0,7032.0,1.0,0.3237304688,-0.3837280273,0.3526000977,0.7896728516
51821397.0,2968.0,0.0,3.171875,0.2578125,-4.234375,0
51828429.0,7032.0,1.0,0.3275146484,-0.3865966797,0.3529663086,0.7865600586
51831397.0,2968.0,0.0,2.375,0.43359375,-4.9921875,0
51838429.0,7032.0,1.0,0.3308105469,-0.3893432617,0.3535766602,0.7835693359
51841397.0,2968.0,0.0,1.640625,1.0625,-5.24609375,0
51848429.0,7032.0,1.0,0.3334960938,-0.3919067383,0.3544311523,0.7807617188
51851397.0,2968.0,0.0,0.90625,1.4921875,-6.26953125,0
51858429.0,7032.0,1.0,0.3355102539,-0.39453125,0.3550415039,0.7783203125
51861397.0,2968.0,0.0,-2.2421875,2.52734375,-6.875,0
51868429.0,7032.0,1.0,0.3368530273,-0.3977050781,0.3551025391,0.7760620117
51871397.0,2968.0,0.0,-3.859375,2.46875,-6.4375,0
51878429.0,7032.0,1.0,0.3372802734,-0.401184082,0.3543701172,0.7744140625
51882397.0,3968.0,0.0,-5.16796875,1.89453125,-4.66796875,0
51888429.0,6032.0,1.0,0.3368530273,-0.4052124023,0.3529052734,0.7731933594
51891397.0,2968.0,0.0,-5.60546875,1.49609375,-3.125,0
51898429.0,7032.0,1.0,0.3358154297,-0.4094848633,0.3512573242,0.7720947266
51901397.0,2968.0,0.0,-4.1171875,-1.47265625,-1.66015625,0
51913429.0,12032.0,1.0,0.3346557617,-0.4133300781,0.3504638672,0.7708740234
51917397.0,3968.0,0.0,-4.5,-2.515625,-1.53125,0
51920429.0,3032.0,1.0,0.3335571289,-0.417175293,0.3509521484,0.7691040039
51923397.0,2968.0,0.0,-5.6171875,-2.0625,-1.4609375,0
51928429.0,5032.0,1.0,0.3327636719,-0.4207763672,0.3530273438,0.7665405273
51931397.0,2968.0,0.0,-5.578125,-2.0625,-1.3671875,0
51938429.0,7032.0,1.0,0.3323974609,-0.4237670898,0.3564453125,0.7634887695
51941397.0,2968.0,0.0,-5.43359375,-0.5390625,-1.73046875,0
51948429.0,7032.0,1.0,0.3323974609,-0.4262695313,0.3610229492,0.7598876953
51951397.0,2968.0,0.0,-4.6640625,-0.0625,-2.3203125,0
51959429.0,8032.0,1.0,0.3327636719,-0.4284667969,0.3668212891,0.7557373047
51962397.0,2968.0,0.0,-3.29296875,0.96875,-2.69140625,0
51968429.0,6032.0,1.0,0.3332519531,-0.4304199219,0.3733520508,0.7512207031
51971397.0,2968.0,0.0,-0.54296875,2.33984375,-3.02734375,0
51978429.0,7032.0,1.0,0.3336791992,-0.4323120117,0.3801879883,0.7464599609
51981397.0,2968.0,0.0,-0.39453125,2.62890625,-2.58984375,0
51988429.0,7032.0,1.0,0.3337402344,-0.4344482422,0.3870849609,0.7416381836
51991397.0,2968.0,0.0,-0.328125,2.1640625,-2.44921875,0
51999429.0,8032.0,1.0,0.3334350586,-0.4368286133,0.3935546875,0.7369384766
52002397.0,2968.0,0.0,-1.0625,2.0390625,-2.65234375,0
52008429.0,6032.0,1.0,0.332824707,-0.4393310547,0.3998413086,0.7323608398
52011397.0,2968.0,0.0,-3.85546875,1.234375,-3.62109375,0
52018429.0,7032.0,1.0,0.3321533203,-0.4418334961,0.4061279297,0.727722168
52021397.0,2968.0,0.0,-4.9375,1.8359375,-4.015625,0
52028429.0,7032.0,1.0,0.3314208984,-0.4442749023,0.4119873047,0.7232055664
52031397.0,2968.0,0.0,-4.8359375,1.84375,-4.765625,0
52039429.0,8032.0,1.0,0.3305664063,-0.4470825195,0.4169921875,0.7189941406
52042397.0,2968.0,0.0,-5.12109375,2.96875,-5.62890625,0
52054429.0,12032.0,1.0,0.3295898438,-0.4501342773,0.4206542969,0.7153930664
52059429.0,5000.0,1.0,0.328125,-0.4540405273,0.4232788086,0.7120361328
52061397.0,1968.0,0.0,-4.3671875,3.15625,-5.05859375,0
52068429.0,7032.0,1.0,0.3262329102,-0.4586181641,0.4244384766,0.7092895508
52071397.0,2968.0,0.0,-4.453125,3.27734375,-4.91015625,0
52079429.0,8032.0,1.0,0.3242797852,-0.4632568359,0.4250488281,0.7067871094
52082397.0,2968.0,0.0,-3.65234375,-0.59765625,-4.80859375,0
52089429.0,7032.0,1.0,0.3227539063,-0.4676513672,0.4260864258,0.7039794922
52092397.0,2968.0,0.0,-3.0546875,0.52734375,-4.36328125,0
52098429.0,6032.0,1.0,0.3217773438,-0.4713745117,0.4274902344,0.7010498047
52101397.0,2968.0,0.0,-2.91015625,1.8515625,-4.734375,0
52108429.0,7032.0,1.0,0.3212280273,-0.4747924805,0.4291381836,0.698059082
52111397.0,2968.0,0.0,-2.92578125,1.6015625,-5.70703125,0
52119429.0,8032.0,1.0,0.3208007813,-0.4781494141,0.4306030273,0.6950073242
52122397.0,2968.0,0.0,-3.046875,1.6640625,-4.38671875,0
52128429.0,6032.0,1.0,0.3203125,-0.4815673828,0.431640625,0.692199707
52131397.0,2968.0,0.0,-3.30078125,3.1875,-4.29296875,0
52138429.0,7032.0,1.0,0.319519043,-0.485168457,0.4320068359,0.6898803711
52141397.0,2968.0,0.0,-2.85546875,2.62890625,-4.453125,0
52149429.0,8032.0,1.0,0.3184814453,-0.4887084961,0.4319458008,0.6878662109
52152397.0,2968.0,0.0,-2.2578125,2.27734375,-4.0,0
52158429.0,6032.0,1.0,0.317565918,-0.4920043945,0.4321899414,0.6857910156
52161397.0,2968.0,0.0,-1.66796875,0.0859375,-1.01171875,0
52168429.0,7032.0,1.0,0.3166503906,-0.4951171875,0.4328613281,0.6835327148
52171397.0,2968.0,0.0,-2.0625,0.5234375,-1.27734375,0
52178429.0,7032.0,1.0,0.3156738281,-0.4981689453,0.4338989258,0.6811523438
52181397.0,2968.0,0.0,-2.27734375,0.078125,-1.49609375,0
52189429.0,8032.0,1.0,0.3146972656,-0.5009155273,0.4353027344,0.6786499023
52192397.0,2968.0,0.0,-1.99609375,-0.03515625,-1.80078125,0
52198429.0,6032.0,1.0,0.3137207031,-0.5034179688,0.4370117188,0.6761474609
52201397.0,2968.0,0.0,-1.06640625,0.73828125,-2.7109375,0
52208429.0,7032.0,1.0,0.3129272461,-0.5056152344,0.4387817383,0.6737060547
52211397.0,2968.0,0.0,-1.13671875,0.0859375,-2.703125,0
52218429.0,7032.0,1.0,0.3121337891,-0.5076293945,0.4406738281,0.6713867188
52221397.0,2968.0,0.0,-0.890625,-0.48828125,-2.125,0
52228429.0,7032.0,1.0,0.3112182617,-0.5096435547,0.4425048828,0.6690063477
52231397.0,2968.0,0.0,-0.15625,-0.9453125,-1.0234375,0
52238429.0,7032.0,1.0,0.3101196289,-0.5116577148,0.4443359375,0.6667480469
52241397.0,2968.0,0.0,-1.06640625,-1.13671875,-0.140625,0
52248429.0,7032.0,1.0,0.3087768555,-0.5140380859,0.4462280273,0.6643066406
52251397.0,2968.0,0.0,-1.09765625,-0.6796875,-0.54296875,0
52258429.0,7032.0,1.0,0.3073730469,-0.5161743164,0.4479370117,0.6621704102
52262397.0,3968.0,0.0,-0.90625,-1.23046875,-0.50390625,0
52268429.0,6032.0,1.0,0.3059692383,-0.5181884766,0.4496459961,0.6600952148
52271397.0,2968.0,0.0,-0.74609375,-1.46875,-0.703125,0
52279429.0,8032.0,1.0,0.3045654297,-0.5200805664,0.4515380859,0.6579589844
52282397.0,2968.0,0.0,1.20703125,-1.62890625,0.10546875,0
52294429.0,12032.0,1.0,0.3031616211,-0.5219116211,0.4532470703,0.6559448242
52299429.0,5000.0,1.0,0.3016357422,-0.5239257813,0.4550170898,0.6538085938
52301397.0,1968.0,0.0,-0.19921875,-0.49609375,0.4140625,0
52309429.0,8032.0,1.0,0.299987793,-0.526184082,0.4567871094,0.6514892578
52312397.0,2968.0,0.0,-1.00390625,-0.609375,0.98828125,0
52318429.0,6032.0,1.0,0.2984008789,-0.5284423828,0.4584350586,0.6492919922
52321397.0,2968.0,0.0,-1.578125,-0.08203125,0.80078125,0
52328429.0,7032.0,1.0,0.2969360352,-0.5307006836,0.4599609375,0.6469726563
52331397.0,2968.0,0.0,-1.15234375,0.1484375,0.53125,0
52339429.0,8032.0,1.0,0.2955932617,-0.5328979492,0.4614257813,0.6447143555
52342397.0,2968.0,0.0,-0.046875,0.109375,-0.078125,0
52349429.0,7032.0,1.0,0.2943115234,-0.53515625,0.4627075195,0.642578125
52352397.0,2968.0,0.0,1.26171875,0.1171875,-0.765625,0
52358429.0,6032.0,1.0,0.29296875,-0.5375976563,0.463684082,0.6404418945
52361397.0,2968.0,0.0,1.1875,0.34765625,-0.2734375,0
52368429.0,7032.0,1.0,0.2913818359,-0.5402832031,0.4643554688,0.6383666992
52371397.0,2968.0,0.0,0.65625,0.4375,1.01953125,0
52379429.0,8032.0,1.0,0.2897338867,-0.5432128906,0.4647216797,0.6364135742
52382397.0,2968.0,0.0,0.12109375,-0.08984375,0.9765625,0
52388429.0,6032.0,1.0,0.2880249023,-0.5462036133,0.4649047852,0.6344604492
52391397.0,2968.0,0.0,-0.33984375,-0.03515625,0.51171875,0
52399429.0,8032.0,1.0,0.2862548828,-0.5491943359,0.4649047852,0.6326904297
52402397.0,2968.0,0.0,-0.18359375,-0.40234375,-0.19140625,0
52408429.0,6032.0,1.0,0.2845458984,-0.5520629883,0.46484375,0.6309814453
52411397.0,2968.0,0.0,0.50390625,0.02734375,-0.92578125,0
52419429.0,8032.0,1.0,0.2827148438,-0.5548706055,0.4647827148,0.6293945313
52422397.0,2968.0,0.0,0.93359375,-0.07421875,-0.6328125,0
52428429.0,6032.0,1.0,0.2809448242,-0.5574951172,0.4649047852,0.6278076172
52431397.0,2968.0,0.0,1.43359375,-0.10546875,0.875,0
52438429.0,7032.0,1.0,0.2788085938,-0.5603027344,0.4651489258,0.6260375977
52441397.0,2968.0,0.0,0.62109375,-0.5234375,1.59765625,0
52448429.0,7032.0,1.0,0.2766723633,-0.5629882813,0.465637207,0.6242675781
52451397.0,2968.0,0.0,-0.15625,-0.515625,1.4453125,0
52459429.0,8032.0,1.0,0.2744140625,-0.5654296875,0.4663696289,0.6224975586
52462397.0,2968.0,0.0,-0.73046875,-0.48828125,1.1640625,0
52469429.0,7032.0,1.0,0.2720947266,-0.5676879883,0.4674682617,0.6206054688
52472397.0,2968.0,0.0,-1.39453125,-1.26171875,2.23046875,0
52479429.0,7032.0,1.0,0.2699584961,-0.5696411133,0.4688720703,0.6187133789
52482397.0,2968.0,0.0,-1.328125,-0.77734375,2.375,0
52489429.0,7032.0,1.0,0.2677612305,-0.571472168,0.4708251953,0.6164550781
52492397.0,2968.0,0.0,-1.06640625,-0.3359375,2.64453125,0
52499429.0,7032.0,1.0,0.2655639648,-0.5732421875,0.4729614258,0.6141357422
52502397.0,2968.0,0.0,-1.04296875,-0.81640625,2.49609375,0
52509429.0,7032.0,1.0,0.2631835938,-0.575012207,0.4752197266,0.6117553711
52512397.0,2968.0,0.0,-0.9453125,-0.91015625,1.38671875,0
52519429.0,7032.0,1.0,0.2606201172,-0.5767822266,0.4774169922,0.6094970703
52523397.0,3968.0,0.0,-1.765625,-1.4765625,1.1640625,0
52529429.0,6032.0,1.0,0.2579345703,-0.5784912109,0.4795532227,0.6072998047
52532397.0,2968.0,0.0,-2.171875,-1.15625,0.4375,0
52539429.0,7032.0,1.0,0.2551879883,-0.5802001953,0.4815673828,0.6052246094
52542397.0,2968.0,0.0,-0.84765625,-1.78515625,0.28515625,0
52554429.0,12032.0,1.0,0.2526245117,-0.5818481445,0.4833374023,0.6033325195
52559397.0,4968.0,0.0,0.5546875,-0.96484375,1.390625,0
52562429.0,3032.0,1.0,0.2499389648,-0.5836181641,0.4851074219,0.6012573242
52565397.0,2968.0,0.0,0.953125,-0.453125,2.9921875,0
52569429.0,4032.0,1.0,0.2470092773,-0.5856933594,0.4868774414,0.5990600586
52572397.0,2968.0,0.0,0.9296875,-0.4765625,3.0703125,0
52579429.0,7032.0,1.0,0.2443847656,-0.5877075195,0.48828125,0.5970458984
52582397.0,2968.0,0.0,0.5703125,-0.4921875,2.94921875,0
52589429.0,7032.0,1.0,0.2417602539,-0.5899047852,0.4896850586,0.5947875977
52592397.0,2968.0,0.0,-0.25,0.03125,1.7265625,0
52599429.0,7032.0,1.0,0.2391357422,-0.5921020508,0.491027832,0.5925292969
52602397.0,2968.0,0.0,-0.765625,-0.36328125,0.83984375,0
52609429.0,7032.0,1.0,0.2367553711,-0.5942382813,0.4923095703,0.5902709961
52612397.0,2968.0,0.0,-1.171875,-1.13671875,0.37890625,0
52618429.0,6032.0,1.0,0.2345581055,-0.5962524414,0.4935913086,0.5880737305
52621397.0,2968.0,0.0,0.26953125,-0.53125,-0.0546875,0
52629429.0,8032.0,1.0,0.2321777344,-0.598449707,0.494934082,0.5856323242
52632397.0,2968.0,0.0,0.58984375,0.44921875,0.51953125,0
52639429.0,7032.0,1.0,0.2299194336,-0.6005859375,0.4962158203,0.5832519531
52642397.0,2968.0,0.0,1.37890625,0.51953125,1.2109375,0
52649429.0,7032.0,1.0,0.2276611328,-0.6028442383,0.4973754883,0.5808105469
52652397.0,2968.0,0.0,1.9375,1.09375,1.20703125,0
52659429.0,7032.0,1.0,0.2250976563,-0.6054077148,0.4982299805,0.5784912109
52662397.0,2968.0,0.0,1.80078125,2.08203125,1.78125,0
52669429.0,7032.0,1.0,0.2222900391,-0.6079711914,0.4984741211,0.5765991211
52672397.0,2968.0,0.0,1.25,1.84375,1.65234375,0
52679429.0,7032.0,1.0,0.2188110352,-0.6109619141,0.4981689453,0.5750732422
52682397.0,2968.0,0.0,0.53515625,1.53125,1.6328125,0
52689429.0,7032.0,1.0,0.2147827148,-0.614074707,0.4973754883,0.5739135742
52692397.0,2968.0,0.0,-0.4453125,1.78125,1.00390625,0
52699429.0,7032.0,1.0,0.2100830078,-0.6173706055,0.4961547852,0.5731811523
52702397.0,2968.0,0.0,-1.45703125,1.69140625,0.0234375,0
52709429.0,7032.0,1.0,0.2051391602,-0.6205444336,0.4948730469,0.5726318359
52712397.0,2968.0,0.0,-1.90234375,1.734375,0.64453125,0
52719429.0,7032.0,1.0,0.1999511719,-0.6235961914,0.4936523438,0.5722045898
52722397.0,2968.0,0.0,-1.359375,1.24609375,1.65234375,0
52729429.0,7032.0,1.0,0.1948242188,-0.6264038086,0.4928588867,0.5716552734
52732397.0,2968.0,0.0,-0.0859375,-0.2578125,0.671875,0
52739429.0,7032.0,1.0,0.1899414063,-0.62890625,0.4926757813,0.5706787109
52742397.0,2968.0,0.0,0.1875,0.0859375,0.9921875,0
52749429.0,7032.0,1.0,0.1853637695,-0.6311035156,0.4931640625,0.5693359375
52752397.0,2968.0,0.0,-0.3046875,0.58203125,1.66015625,0
52759429.0,7032.0,1.0,0.1811523438,-0.6329956055,0.4942626953,0.5676269531
52762397.0,2968.0,0.0,-1.22265625,0.12109375,1.84765625,0
52774429.0,12032.0,1.0,0.1773071289,-0.6345214844,0.4959106445,0.5656738281
52779397.0,4968.0,0.0,-5.16796875,-0.4140625,1.5625,0
52782429.0,3032.0,1.0,0.1734008789,-0.6358032227,0.4981079102,0.5635375977
52785397.0,2968.0,0.0,-5.20703125,-0.4609375,1.6328125,0
52789429.0,4032.0,1.0,0.1690063477,-0.6369018555,0.5010375977,0.5610961914
52792397.0,2968.0,0.0,-6.375,-0.4375,1.7578125,0
52799429.0,7032.0,1.0,0.1647338867,-0.6374511719,0.5043945313,0.55859375
52802397.0,2968.0,0.0,-6.56640625,-0.73046875,2.375,0
52808429.0,6032.0,1.0,0.1605834961,-0.6376342773,0.5084838867,0.5559692383
52811397.0,2968.0,0.0,-5.48046875,-1.18359375,3.8671875,0
52819429.0,8032.0,1.0,0.1560668945,-0.6372070313,0.5138549805,0.552734375
52822397.0,2968.0,0.0,-5.08984375,-0.0390625,4.0703125,0
52829429.0,7032.0,1.0,0.1516723633,-0.6362915039,0.5202026367,0.5491333008
52832397.0,2968.0,0.0,-4.9765625,-0.0546875,3.90234375,0
52839429.0,7032.0,1.0,0.1475830078,-0.6345825195,0.5278320313,0.544921875
52842397.0,2968.0,0.0,-5.0625,-0.37109375,4.08984375,0
52849429.0,7032.0,1.0,0.1440429688,-0.632019043,0.5370483398,0.539855957
52852397.0,2968.0,0.0,-6.18359375,-0.15625,4.359375,0
52859429.0,7032.0,1.0,0.1411743164,-0.6287231445,0.5471191406,0.5343017578
52862397.0,2968.0,0.0,-7.7421875,1.25,4.953125,0
52869429.0,7032.0,1.0,0.138671875,-0.6243286133,0.5586547852,0.5280761719
52872397.0,2968.0,0.0,-9.265625,1.9609375,3.5078125,0
52879429.0,7032.0,1.0,0.1362304688,-0.6190185547,0.5710449219,0.5217285156
52882397.0,2968.0,0.0,-10.83203125,4.6640625,3.109375,0
52894429.0,12032.0,1.0,0.1335449219,-0.6130371094,0.5833129883,0.5158081055
52898397.0,3968.0,0.0,-15.01953125,11.02734375,-2.28125,0
52901429.0,3032.0,1.0,0.1297607422,-0.6056518555,0.5965576172,0.5103759766
52904397.0,2968.0,0.0,-15.15234375,10.89453125,-2.15625,0
52908429.0,4032.0,1.0,0.1246948242,-0.5973510742,0.6091918945,0.5064697266
52911397.0,2968.0,0.0,-15.828125,11.421875,-2.75,0
52919429.0,8032.0,1.0,0.1173706055,-0.5875244141,0.6215209961,0.5047607422
52922397.0,2968.0,0.0,-14.4140625,14.3125,-3.0625,0
52929429.0,7032.0,1.0,0.107421875,-0.5771484375,0.6318969727,0.5059814453
52932397.0,2968.0,0.0,-8.80859375,14.015625,-1.78515625,0
52939429.0,7032.0,1.0,0.0941772461,-0.5665283203,0.6396484375,0.510925293
52942397.0,2968.0,0.0,-4.74609375,14.05078125,0.96484375,0
52949429.0,7032.0,1.0,0.0787353516,-0.555847168,0.6452636719,0.5181884766
52952397.0,2968.0,0.0,-1.37109375,8.6875,0.14453125,0
52959429.0,7032.0,1.0,0.0658569336,-0.5441894531,0.6524047852,0.5232543945
52962397.0,2968.0,0.0,0.6953125,4.015625,1.26171875,0
52974429.0,12032.0,1.0,0.0546264648,-0.5314331055,0.6588134766,0.5297241211
52978397.0,3968.0,0.0,3.6796875,37.62109375,-15.43359375,0
52981429.0,3032.0,1.0,0.038269043,-0.517578125,0.6560058594,0.5479736328
52984397.0,2968.0,0.0,6.7734375,25.73828125,-19.84765625,0
52989429.0,5032.0,1.0,0.0159301758,-0.5020751953,0.6402587891,0.5811157227
52992397.0,2968.0,0.0,6.6484375,25.23828125,-20.55078125,0
52999429.0,7032.0,1.0,0.0014648437,0.487487793,-0.6206054688,-0.6141967773
53002397.0,2968.0,0.0,7.08984375,-8.37109375,-13.76171875,0
53009429.0,7032.0,1.0,0.0120239258,0.4713134766,-0.6005249023,-0.6458129883
53012397.0,2968.0,0.0,2.31640625,-10.15625,-7.6875,0
53019429.0,7032.0,1.0,0.0154418945,0.4562988281,-0.5823974609,-0.6726074219
53022397.0,2968.0,0.0,0.65625,-9.6875,-2.90234375,0
53031429.0,9032.0,1.0,0.0149536133,0.4432983398,-0.5640258789,-0.6965332031
53034397.0,2968.0,0.0,2.53125,-10.07421875,-1.62890625,0
53041429.0,7032.0,1.0,0.0115356445,0.4309082031,-0.5427246094,-0.7208862305
53044397.0,2968.0,0.0,6.296875,-16.25390625,0.06640625,0
53049429.0,5032.0,1.0,0.0048217773,0.4201049805,-0.521484375,-0.7426757813
53052397.0,2968.0,0.0,6.55859375,-18.58203125,1.1640625,0
53059429.0,7032.0,1.0,0.0053710937,-0.4102783203,0.5009155273,0.7620239258
53062397.0,2968.0,0.0,7.08203125,-18.39453125,2.88671875,0
53069429.0,7032.0,1.0,0.0178833008,-0.4020996094,0.4833374023,0.7774047852
53072397.0,2968.0,0.0,8.01171875,-17.26171875,3.3359375,0
53079429.0,7032.0,1.0,0.0333251953,-0.3948364258,0.4677124023,0.7901000977
53082397.0,2968.0,0.0,6.60546875,-14.234375,2.80859375,0
53089429.0,7032.0,1.0,0.0498046875,-0.3887329102,0.4548950195,0.7996826172
53092397.0,2968.0,0.0,5.45703125,-12.3125,1.58984375,0
53099429.0,7032.0,1.0,0.0667724609,-0.3835449219,0.4439697266,0.8070068359
53102397.0,2968.0,0.0,4.68359375,-9.56640625,0.359375,0
53109429.0,7032.0,1.0,0.0833740234,-0.3793334961,0.4339599609,0.8129272461
53112397.0,2968.0,0.0,3.67578125,-7.37890625,0.00390625,0
53119429.0,7032.0,1.0,0.1005249023,-0.3756103516,0.4235229492,0.8182373047
53122397.0,2968.0,0.0,4.24609375,-6.37890625,-0.6171875,0
53129429.0,7032.0,1.0,0.1167602539,-0.3725585938,0.4134521484,0.8225708008
53132397.0,2968.0,0.0,5.02734375,-6.12890625,-0.671875,0
53139429.0,7032.0,1.0,0.1326904297,-0.3698730469,0.4038696289,0.8261108398
53142397.0,2968.0,0.0,5.48828125,-6.12109375,-0.2265625,0
53149429.0,7032.0,1.0,0.1478271484,-0.3676147461,0.3951416016,0.8287963867
53152397.0,2968.0,0.0,5.7578125,-6.36328125,0.67578125,0
53159429.0,7032.0,1.0,0.1627807617,-0.3656005859,0.3872680664,0.8305664063
53162397.0,2968.0,0.0,5.9375,-6.48828125,0.71875,0
53169429.0,7032.0,1.0,0.1774902344,-0.3638916016,0.3804931641,0.8314819336
53172397.0,2968.0,0.0,6.0,-5.98046875,0.69921875,0
53179429.0,7032.0,1.0,0.1916503906,-0.3623657227,0.3748779297,0.8314819336
53182397.0,2968.0,0.0,6.21484375,-5.2578125,0.859375,0
53191429.0,9032.0,1.0,0.2047119141,-0.3612670898,0.3705444336,0.830871582
53194397.0,2968.0,0.0,6.875,-4.28125,0.859375,0
53199429.0,5032.0,1.0,0.2178955078,-0.3603515625,0.3666381836,0.8295898438
53202397.0,2968.0,0.0,7.03515625,-3.3515625,0.6328125,0
53209429.0,7032.0,1.0,0.2305908203,-0.3598632813,0.3629150391,0.8280029297
53212397.0,2968.0,0.0,7.16796875,-2.7734375,0.5703125,0
53219429.0,7032.0,1.0,0.2420043945,-0.3599243164,0.359375,0.8262939453
53222397.0,2968.0,0.0,6.8984375,-2.05078125,0.39453125,0
53229429.0,7032.0,1.0,0.2528076172,-0.3604125977,0.3557739258,0.8244018555
53232397.0,2968.0,0.0,5.56640625,-2.16015625,0.46875,0
53239429.0,7032.0,1.0,0.2623901367,-0.3612670898,0.3527832031,0.8223266602
53242397.0,2968.0,0.0,4.96484375,-2.52734375,0.39453125,0
53249429.0,7032.0,1.0,0.2715454102,-0.3623046875,0.3505249023,0.8198242188
53252397.0,2968.0,0.0,4.359375,-2.1640625,0.26953125,0
53259429.0,7032.0,1.0,0.2802124023,-0.3635253906,0.3489379883,0.8170776367
53262397.0,2968.0,0.0,3.6640625,-1.78515625,-0.203125,0
53269429.0,7032.0,1.0,0.288269043,-0.3649291992,0.3479003906,0.8140869141
53272397.0,2968.0,0.0,3.40234375,-1.03515625,-0.734375,0
53279429.0,7032.0,1.0,0.2958374023,-0.3664550781,0.3474121094,0.8108520508
53283397.0,3968.0,0.0,3.48046875,-0.82421875,-1.1015625,0
53292429.0,9032.0,1.0,0.3025512695,-0.3680419922,0.3475341797,0.8076171875
53295397.0,2968.0,0.0,3.48046875,-0.6328125,-1.54296875,0
53300429.0,5032.0,1.0,0.3092651367,-0.369934082,0.3479614258,0.8039550781
53303397.0,2968.0,0.0,3.60546875,-0.8203125,-2.625,0
53309429.0,6032.0,1.0,0.3150634766,-0.3719482422,0.3486938477,0.8004760742
53312397.0,2968.0,0.0,3.7265625,-0.828125,-3.265625,0
53319429.0,7032.0,1.0,0.3202514648,-0.374206543,0.349609375,0.7969970703
53322397.0,2968.0,0.0,3.765625,-0.4296875,-3.3125,0
53329429.0,7032.0,1.0,0.3244628906,-0.3767700195,0.3502807617,0.793762207
53332397.0,2968.0,0.0,3.69140625,-0.13671875,-3.53515625,0
53339429.0,7032.0,1.0,0.3279418945,-0.3796386719,0.350769043,0.7907714844
53342397.0,2968.0,0.0,2.55078125,-0.6875,-4.3203125,0
53349429.0,7032.0,1.0,0.3308105469,-0.3826904297,0.3513793945,0.7878417969
53352397.0,2968.0,0.0,1.6328125,-0.53125,-4.92578125,0
53359429.0,7032.0,1.0,0.333190918,-0.385559082,0.3521728516,0.7850341797
53363397.0,3968.0,0.0,0.515625,0.05859375,-5.5546875,0
53369429.0,6032.0,1.0,0.3350830078,-0.3885498047,0.3529663086,0.782409668
53372397.0,2968.0,0.0,-0.43359375,1.0546875,-5.65234375,0
53379429.0,7032.0,1.0,0.3363647461,-0.3916015625,0.3534545898,0.780090332
53382397.0,2968.0,0.0,-1.78125,0.86328125,-5.0234375,0
53389429.0,7032.0,1.0,0.337097168,-0.3952636719,0.353515625,0.7778930664
53392397.0,2968.0,0.0,-1.78125,0.18359375,-4.1640625,0
53399429.0,7032.0,1.0,0.3374023438,-0.3990478516,0.3533935547,0.7758789063
53403397.0,3968.0,0.0,-1.17578125,-0.34375,-4.25390625,0
53409429.0,6032.0,1.0,0.3373413086,-0.4030151367,0.3533325195,0.7739257813
53412397.0,2968.0,0.0,-2.06640625,-0.7265625,-1.01171875,0
53419429.0,7032.0,1.0,0.3371582031,-0.4072265625,0.3534545898,0.7717285156
53422397.0,2968.0,0.0,-2.8984375,-1.60546875,-0.6796875,0
53429429.0,7032.0,1.0,0.3368530273,-0.4114990234,0.3536987305,0.7694702148
53432397.0,2968.0,0.0,-3.47265625,-0.76171875,-1.71484375,0
53439429.0,7032.0,1.0,0.3366088867,-0.4160766602,0.3540039063,0.7669677734
53442397.0,2968.0,0.0,-4.0859375,-1.22265625,-1.94140625,0
53449429.0,7032.0,1.0,0.3364868164,-0.4208374023,0.3544921875,0.7641601563
53452397.0,2968.0,0.0,-4.22265625,-1.10546875,-1.85546875,0
53459429.0,7032.0,1.0,0.3364868164,-0.4255981445,0.3552856445,0.7612304688
53462397.0,2968.0,0.0,-4.48046875,0.3203125,-2.0,0
53472429.0,10032.0,1.0,0.3366088867,-0.4301147461,0.3564453125,0.7580566406
53475397.0,2968.0,0.0,-4.2421875,0.08984375,-2.3203125,0
53479429.0,4032.0,1.0,0.3369140625,-0.4346923828,0.3583984375,0.7543945313
53482397.0,2968.0,0.0,-4.04296875,0.3125,-2.37890625,0
53489429.0,7032.0,1.0,0.3372192383,-0.4389648438,0.3610229492,0.7504882813
53492397.0,2968.0,0.0,-2.69140625,0.3671875,-2.68359375,0
53499429.0,7032.0,1.0,0.3374633789,-0.4429321289,0.3643188477,0.7464599609
53502397.0,2968.0,0.0,-1.6875,0.64453125,-2.8359375,0
53509429.0,7032.0,1.0,0.3375854492,-0.4468383789,0.3682250977,0.7421264648
53512397.0,2968.0,0.0,-0.8359375,1.2578125,-2.9765625,0
53520429.0,8032.0,1.0,0.3375244141,-0.4506225586,0.3723754883,0.7377929688
53523397.0,2968.0,0.0,-0.578125,0.56640625,-2.5078125,0
53529429.0,6032.0,1.0,0.3373413086,-0.454284668,0.3765258789,0.7335205078
53532397.0,2968.0,0.0,-1.44921875,-0.0546875,-3.37890625,0
53539429.0,7032.0,1.0,0.3369750977,-0.4581298828,0.3807983398,0.7290649414
53542397.0,2968.0,0.0,-2.94140625,0.703125,-4.12890625,0
53549429.0,7032.0,1.0,0.3363647461,-0.4617919922,0.3845825195,0.7250366211
53552397.0,2968.0,0.0,-4.55078125,1.046875,-5.15234375,0
53559429.0,7032.0,1.0,0.3355712891,-0.4655761719,0.3881225586,0.7211303711
53562397.0,2968.0,0.0,-5.0546875,0.55078125,-5.2578125,0
53569429.0,7032.0,1.0,0.3347167969,-0.4691162109,0.3913574219,0.7174682617
53572397.0,2968.0,0.0,-5.98046875,0.45703125,-4.94140625,0
53579429.0,7032.0,1.0,0.3336791992,-0.4727172852,0.3947753906,0.7137451172
53582397.0,2968.0,0.0,-5.71875,0.87890625,-5.16015625,0
53589429.0,7032.0,1.0,0.3325805664,-0.4761352539,0.3980712891,0.710144043
53592397.0,2968.0,0.0,-5.0,1.140625,-5.28125,0
53599429.0,7032.0,1.0,0.3314208984,-0.4793701172,0.4010620117,0.7067871094
53602397.0,2968.0,0.0,-4.28515625,1.37109375,-4.703125,0
53609429.0,7032.0,1.0,0.3301391602,-0.4826660156,0.4039306641,0.7034912109
53612397.0,2968.0,0.0,-3.0390625,0.6328125,-3.90625,0
53619429.0,7032.0,1.0,0.3287353516,-0.4858398438,0.4064331055,0.7005004883
53622397.0,2968.0,0.0,-3.47265625,0.328125,-3.57421875,0
53629429.0,7032.0,1.0,0.3270874023,-0.4891357422,0.4087524414,0.6976318359
53632397.0,2968.0,0.0,-3.91796875,1.4375,-3.84765625,0
53640429.0,8032.0,1.0,0.3255615234,-0.4920654297,0.411315918,0.6947631836
53643397.0,2968.0,0.0,-4.35546875,-0.9453125,-3.74609375,0
53653429.0,10032.0,1.0,0.3247070313,-0.4943237305,0.4145507813,0.6916503906
53656397.0,2968.0,0.0,-3.48828125,0.6875,-4.02734375,0
53660429.0,4032.0,1.0,0.32421875,-0.4961547852,0.4183959961,0.6882324219
53663397.0,2968.0,0.0,-2.40625,0.87109375,-4.421875,0
53669429.0,6032.0,1.0,0.3239746094,-0.4978027344,0.4223632813,0.6846923828
53672397.0,2968.0,0.0,-1.2421875,0.54296875,-4.8203125,0
53679429.0,7032.0,1.0,0.3236694336,-0.4995117188,0.4259033203,0.6814575195
53682397.0,2968.0,0.0,-0.4609375,0.953125,-2.7265625,0
53689429.0,7032.0,1.0,0.3231201172,-0.5014648438,0.4290161133,0.6782836914
53692397.0,2968.0,0.0,-0.796875,1.21484375,-2.625,0
53699429.0,7032.0,1.0,0.322265625,-0.5035400391,0.4318237305,0.6753540039
53702397.0,2968.0,0.0,-1.05078125,1.09375,-3.06640625,0
53710429.0,8032.0,1.0,0.3212890625,-0.5056762695,0.4343261719,0.6726074219
53713397.0,2968.0,0.0,-0.92578125,1.31640625,-2.359375,0
53719429.0,6032.0,1.0,0.3202514648,-0.5077514648,0.4366455078,0.6700439453
53722397.0,2968.0,0.0,-1.41796875,0.96875,-1.81640625,0
53729429.0,7032.0,1.0,0.3192138672,-0.509765625,0.4390258789,0.6674804688
53732397.0,2968.0,0.0,-2.0625,0.38671875,-1.5390625,0
53739429.0,7032.0,1.0,0.3182373047,-0.5116577148,0.44140625,0.6649169922
53743397.0,3968.0,0.0,-2.6953125,-1.65234375,-1.48828125,0
53749429.0,6032.0,1.0,0.3174438477,-0.5134277344,0.4439697266,0.6621704102
53752397.0,2968.0,0.0,-2.88671875,-2.65625,-0.53125,0
53759429.0,7032.0,1.0,0.3168334961,-0.5150146484,0.4467163086,0.6594238281
53762397.0,2968.0,0.0,-1.5390625,-1.3125,-0.4375,0
53769429.0,7032.0,1.0,0.3162231445,-0.516784668,0.4497680664,0.65625
53772397.0,2968.0,0.0,-0.95703125,-0.5546875,-0.87890625,0
53779429.0,7032.0,1.0,0.3156738281,-0.5184936523,0.4525756836,0.6532592773
53783397.0,3968.0,0.0,-0.95703125,0.69921875,-0.87109375,0
53789429.0,6032.0,1.0,0.3151245117,-0.5201416016,0.4552001953,0.6503295898
53792397.0,2968.0,0.0,-0.71875,0.125,-1.0078125,0
53799429.0,7032.0,1.0,0.3146362305,-0.5219116211,0.457824707,0.647277832
53802397.0,2968.0,0.0,0.20703125,0.28125,-1.33984375,0
53809429.0,7032.0,1.0,0.3142089844,-0.5236816406,0.460144043,0.6444702148
53812397.0,2968.0,0.0,0.859375,-0.40234375,-1.0625,0
53819429.0,7032.0,1.0,0.313659668,-0.5255737305,0.4622802734,0.6416015625
53822397.0,2968.0,0.0,1.2109375,0.05859375,-1.21484375,0
53829429.0,7032.0,1.0,0.3129882813,-0.5276489258,0.4639892578,0.6389770508
53832397.0,2968.0,0.0,1.10546875,1.25390625,-1.12890625,0
53839429.0,7032.0,1.0,0.3121337891,-0.5299682617,0.4653320313,0.6365356445
53842397.0,2968.0,0.0,1.33984375,1.0390625,-0.36328125,0
53849429.0,7032.0,1.0,0.3110961914,-0.5324707031,0.4663696289,0.6341552734
53852397.0,2968.0,0.0,0.84375,1.390625,0.47265625,0
53860429.0,8032.0,1.0,0.3098754883,-0.53515625,0.4672241211,0.6318969727
53863397.0,2968.0,0.0,0.30859375,1.0703125,1.01171875,0
53869429.0,6032.0,1.0,0.30859375,-0.5378417969,0.4677734375,0.6298217773
53872397.0,2968.0,0.0,-0.18359375,0.42578125,0.66015625,0
53880429.0,8032.0,1.0,0.3071899414,-0.5406494141,0.4682006836,0.627746582
53883397.0,2968.0,0.0,-0.296875,-0.1796875,-1.03125,0
53889429.0,6032.0,1.0,0.3057250977,-0.5435180664,0.4686889648,0.6256713867
53892397.0,2968.0,0.0,0.1328125,0.14453125,-2.0625,0
53900429.0,8032.0,1.0,0.3043212891,-0.5461425781,0.4691162109,0.6237182617
53903397.0,2968.0,0.0,0.46875,0.93359375,-2.078125,0
53909429.0,6032.0,1.0,0.3030395508,-0.5486450195,0.4696044922,0.6218261719
53912397.0,2968.0,0.0,1.42578125,1.4765625,0.09765625,0
53919429.0,7032.0,1.0,0.301574707,-0.5513916016,0.4699707031,0.6197509766
53922397.0,2968.0,0.0,0.7734375,1.453125,0.859375,0
53929429.0,7032.0,1.0,0.2999267578,-0.5542602539,0.4702148438,0.6178588867
53932397.0,2968.0,0.0,-0.05859375,1.578125,0.66015625,0
53940429.0,8032.0,1.0,0.2979736328,-0.5572509766,0.4701538086,0.6161499023
53943397.0,2968.0,0.0,-0.7109375,0.86328125,-0.08203125,0
53949429.0,6032.0,1.0,0.2958374023,-0.5601196289,0.469909668,0.6147460938
53952397.0,2968.0,0.0,-1.4765625,-0.30859375,-0.28515625,0
53959429.0,7032.0,1.0,0.2934570313,-0.5631103516,0.4696044922,0.6134033203
53962397.0,2968.0,0.0,-1.25390625,-0.68359375,-0.140625,0
53969429.0,7032.0,1.0,0.2909545898,-0.5659790039,0.4694824219,0.6120605469
53972397.0,2968.0,0.0,-0.6875,-0.18359375,0.61328125,0
53980429.0,8032.0,1.0,0.2885131836,-0.5687255859,0.469543457,0.6105957031
53983397.0,2968.0,0.0,-0.12109375,-0.34375,1.2109375,0
53989429.0,6032.0,1.0,0.2861328125,-0.5713500977,0.4697875977,0.6090698242
53992397.0,2968.0,0.0,0.4453125,0.15234375,1.3203125,0
53999429.0,7032.0,1.0,0.2835693359,-0.5741577148,0.4700927734,0.607421875
54002397.0,2968.0,0.0,-0.0234375,-0.078125,0.65625,0
54009429.0,7032.0,1.0,0.2808837891,-0.5769042969,0.4703369141,0.6058349609
54012397.0,2968.0,0.0,-0.86328125,-0.23828125,0.41796875,0
54020429.0,8032.0,1.0,0.2781982422,-0.5795288086,0.4705810547,0.6043701172
54023397.0,2968.0,0.0,-1.02734375,-0.62109375,0.18359375,0
54029429.0,6032.0,1.0,0.2755737305,-0.5820922852,0.4708862305,0.6029052734
54032397.0,2968.0,0.0,0.11328125,-1.08984375,1.203125,0
54039429.0,7032.0,1.0,0.2727661133,-0.5847167969,0.4712524414,0.6013183594
54042397.0,2968.0,0.0,0.90234375,-1.44140625,1.81640625,0
54050429.0,8032.0,1.0,0.2698364258,-0.5874023438,0.4716186523,0.5997924805
54053397.0,2968.0,0.0,1.38671875,-1.3359375,1.99609375,0
54060429.0,7032.0,1.0,0.2667236328,-0.5900878906,0.4719238281,0.5982666016
54063397.0,2968.0,0.0,0.3828125,-0.99609375,1.56640625,0
54069429.0,6032.0,1.0,0.2634887695,-0.5927734375,0.4722290039,0.5968017578
54072397.0,2968.0,0.0,0.3671875,-1.47265625,1.21484375,0
54079429.0,7032.0,1.0,0.2600708008,-0.5954589844,0.4725341797,0.5953979492
54083397.0,3968.0,0.0,0.04296875,-1.56640625,1.5859375,0
54090429.0,7032.0,1.0,0.2568359375,-0.5980224609,0.4730834961,0.5938720703
54093397.0,2968.0,0.0,-0.546875,-1.50390625,1.38671875,0
54099429.0,6032.0,1.0,0.2537841797,-0.6002807617,0.4738769531,0.5921630859
54102397.0,2968.0,0.0,-1.48046875,-0.953125,0.9609375,0
54115429.0,13032.0,1.0,0.2510375977,-0.6024169922,0.4749145508,0.5903930664
54120397.0,4968.0,0.0,-1.04296875,-2.4609375,0.8671875,0
54123429.0,3032.0,1.0,0.2482910156,-0.6044311523,0.4761962891,0.5884399414
54126397.0,2968.0,0.0,-0.80078125,-1.94140625,0.83203125,0
54130429.0,4032.0,1.0,0.2455444336,-0.6065063477,0.4778442383,0.5861206055
54133397.0,2968.0,0.0,-0.82421875,-1.96484375,0.91015625,0
54139429.0,6032.0,1.0,0.2431640625,-0.6082763672,0.4791870117,0.5841674805
54142397.0,2968.0,0.0,-0.5703125,-0.32421875,1.35546875,0
54149429.0,7032.0,1.0,0.2403564453,-0.6104736328,0.4805297852,0.5819091797
54152397.0,2968.0,0.0,-0.203125,0.1953125,2.16796875,0
54160429.0,8032.0,1.0,0.237487793,-0.6127929688,0.4815673828,0.5798339844
54163397.0,2968.0,0.0,0.5390625,0.875,2.203125,0
54170429.0,7032.0,1.0,0.234375,-0.6152954102,0.4821777344,0.5778808594
54173397.0,2968.0,0.0,0.8984375,0.859375,1.58203125,0
54180429.0,7032.0,1.0,0.2310180664,-0.617980957,0.482421875,0.576171875
54183397.0,2968.0,0.0,-0.38671875,1.07421875,0.76171875,0
54189429.0,6032.0,1.0,0.2276000977,-0.6207275391,0.4822998047,0.5747070313
54192397.0,2968.0,0.0,-0.75,0.02734375,0.21484375,0
54200429.0,8032.0,1.0,0.2239990234,-0.6234741211,0.4819946289,0.5733642578
54203397.0,2968.0,0.0,-0.80859375,0.046875,0.27734375,0
54210429.0,7032.0,1.0,0.2202758789,-0.6262817383,0.4815673828,0.5721435547
54213397.0,2968.0,0.0,-0.6328125,0.1484375,0.0703125,0
54220429.0,7032.0,1.0,0.2163085938,-0.6291503906,0.4807739258,0.571105957
54223397.0,2968.0,0.0,0.18359375,1.9609375,-0.02734375,0
54229429.0,6032.0,1.0,0.212097168,-0.6321411133,0.4797363281,0.5703735352
54232397.0,2968.0,0.0,0.8125,2.25390625,0.59375,0
54240429.0,8032.0,1.0,0.2074584961,-0.6351928711,0.4783325195,0.5697631836
54243397.0,2968.0,0.0,0.796875,2.30859375,1.3359375,0
54250429.0,7032.0,1.0,0.2025756836,-0.6383056641,0.4768676758,0.5693359375
54253397.0,2968.0,0.0,1.234375,1.01171875,1.078125,0
54260429.0,7032.0,1.0,0.1975097656,-0.6412353516,0.4755249023,0.5688476563
54263397.0,2968.0,0.0,1.27734375,0.2890625,1.46875,0
54270429.0,7032.0,1.0,0.1926269531,-0.6439819336,0.4747924805,0.5681152344
54273397.0,2968.0,0.0,0.91015625,-0.97265625,1.6328125,0
54280429.0,7032.0,1.0,0.1883544922,-0.6462402344,0.4749145508,0.5668945313
54283397.0,2968.0,0.0,0.03515625,-1.58203125,1.609375,0
54289429.0,6032.0,1.0,0.1848144531,-0.6480712891,0.4760131836,0.5650634766
54292397.0,2968.0,0.0,-1.6796875,-0.76953125,2.25390625,0
54300429.0,8032.0,1.0,0.1815185547,-0.6497192383,0.4779052734,0.5626220703
54303397.0,2968.0,0.0,-1.71875,-0.73046875,2.171875,0
54310429.0,7032.0,1.0,0.1785888672,-0.6510620117,0.4802856445,0.5599365234
54313397.0,2968.0,0.0,-1.56640625,-0.1875,2.2109375,0
54320429.0,7032.0,1.0,0.1755981445,-0.6522827148,0.4829101563,0.5571899414
54323397.0,2968.0,0.0,-1.4140625,-0.10546875,2.48046875,0
54335429.0,12032.0,1.0,0.172668457,-0.6533813477,0.4855957031,0.5545654297
54340397.0,4968.0,0.0,-1.76171875,-0.3359375,1.5546875,0
54343429.0,3032.0,1.0,0.1691894531,-0.6544189453,0.4884643555,0.5518188477
54346397.0,2968.0,0.0,-1.80859375,-0.3828125,1.6328125,0
54350429.0,4032.0,1.0,0.1651000977,-0.6553955078,0.4916381836,0.5490722656
54353397.0,2968.0,0.0,-2.24609375,-0.78125,1.375,0
54360429.0,7032.0,1.0,0.1610107422,-0.6561279297,0.4945678711,0.5467529297
54363397.0,2968.0,0.0,-3.1328125,-0.828125,2.06640625,0
54370429.0,7032.0,1.0,0.1564941406,-0.6566772461,0.4979248047,0.5443725586
54373397.0,2968.0,0.0,-5.11328125,-2.73828125,3.0625,0
54380429.0,7032.0,1.0,0.1520385742,-0.6569213867,0.5017700195,0.5418701172
54383397.0,2968.0,0.0,-5.3203125,-2.921875,2.89453125,0
54390429.0,7032.0,1.0,0.147644043,-0.6567382813,0.5063476563,0.5390014648
54393397.0,2968.0,0.0,-5.2734375,-2.1875,2.0234375,0
54400429.0,7032.0,1.0,0.1436157227,-0.6560668945,0.5119628906,0.5356445313
54403397.0,2968.0,0.0,-5.8828125,-1.5390625,2.30859375,0
54410429.0,7032.0,1.0,0.1401977539,-0.6547851563,0.5187988281,0.5314941406
54413397.0,2968.0,0.0,-6.44921875,-0.49609375,2.86328125,0
54420429.0,7032.0,1.0,0.1374511719,-0.6528320313,0.5267333984,0.5267333984
54423397.0,2968.0,0.0,-6.8046875,-0.15625,3.31640625,0
54430429.0,7032.0,1.0,0.1351928711,-0.6502075195,0.5360107422,0.5212402344
54433397.0,2968.0,0.0,-7.2421875,0.234375,3.78515625,0
54440429.0,7032.0,1.0,0.1334228516,-0.6467285156,0.5465087891,0.5150146484
54443397.0,2968.0,0.0,-9.328125,1.28515625,3.94921875,0
54450429.0,7032.0,1.0,0.1320800781,-0.6425170898,0.5579223633,0.5083618164
54453397.0,2968.0,0.0,-10.703125,2.1328125,3.35546875,0
54460429.0,7032.0,1.0,0.130859375,-0.6373291016,0.5703735352,0.5013427734
54463397.0,2968.0,0.0,-11.8359375,3.5546875,1.6171875,0
54472429.0,9032.0,1.0,0.1292114258,-0.6315917969,0.5825805664,0.4949951172
54475397.0,2968.0,0.0,-12.94921875,5.8515625,-0.70703125,0
54482429.0,7032.0,1.0,0.126159668,-0.6246337891,0.5952758789,0.489440918
54485397.0,2968.0,0.0,-17.21484375,11.56640625,-3.46484375,0
54489429.0,4032.0,1.0,0.1212768555,-0.6168823242,0.6071777344,0.4859008789
54492397.0,2968.0,0.0,-17.765625,11.06640625,-4.7578125,0
54500429.0,8032.0,1.0,0.1142578125,-0.6077270508,0.6188354492,0.484375
54503397.0,2968.0,0.0,-16.65234375,11.25390625,-4.6171875,0
54510429.0,7032.0,1.0,0.1055297852,-0.5979003906,0.6292724609,0.4851074219
54513397.0,2968.0,0.0,-14.08984375,12.24609375,-3.21484375,0
54519429.0,6032.0,1.0,0.0950927734,-0.587890625,0.637878418,0.4883422852
54522397.0,2968.0,0.0,-4.66015625,9.2578125,1.625,0
54530429.0,8032.0,1.0,0.0817260742,-0.5767822266,0.6452636719,0.4942626953
54533397.0,2968.0,0.0,-1.8515625,7.28515625,0.7578125,0
54540429.0,7032.0,1.0,0.0689086914,-0.5655517578,0.6524047852,0.4998168945
54543397.0,2968.0,0.0,1.21875,-1.87890625,1.6015625,0
54551429.0,8032.0,1.0,0.060546875,-0.553527832,0.6613769531,0.5025634766
54554397.0,2968.0,0.0,1.20703125,-8.125,0.34375,0
54562429.0,8032.0,1.0,0.0523681641,-0.5392456055,0.669128418,0.5086669922
54565397.0,2968.0,0.0,1.2734375,33.2109375,-13.3671875,0
54569429.0,4032.0,1.0,0.0390014648,-0.5246582031,0.6679077148,0.5264282227
54572397.0,2968.0,0.0,-0.34765625,36.03515625,-23.5078125,0
54580429.0,8032.0,1.0,0.0180664063,-0.5096435547,0.6528320313,0.5601196289
54583397.0,2968.0,0.0,4.00390625,31.69921875,-28.66796875,0
54590429.0,7032.0,1.0,0.0038452148,0.4944458008,-0.6271972656,-0.6017456055
54593397.0,2968.0,0.0,11.78515625,9.2734375,-26.7421875,0
54600429.0,7032.0,1.0,0.0171508789,0.4794311523,-0.6018066406,-0.6384887695
54603397.0,2968.0,0.0,6.33203125,-19.28125,-11.12109375,0
54615429.0,12032.0,1.0,0.0201416016,0.4657592773,-0.5822143555,-0.6661376953
54619397.0,3968.0,0.0,1.94140625,-12.5703125,-0.75390625,0
54622429.0,3032.0,1.0,0.016784668,0.4522094727,-0.5635375977,-0.6911010742
54625397.0,2968.0,0.0,4.57421875,-9.359375,0.2578125,0
54630429.0,5032.0,1.0,0.0100708008,0.4390869141,-0.5418701172,-0.7165527344
54633397.0,2968.0,0.0,6.0390625,-10.82421875,-0.8671875,0
54640429.0,7032.0,1.0,0.0020141602,0.4279785156,-0.5187988281,-0.7400512695
54643397.0,2968.0,0.0,6.5546875,-15.6484375,-1.69921875,0
54650429.0,7032.0,1.0,0.0084838867,-0.4180908203,0.4947509766,0.7617797852
54653397.0,2968.0,0.0,6.85546875,-19.02734375,0.52734375,0
54660429.0,7032.0,1.0,0.0220947266,-0.4094238281,0.4731445313,0.7797851563
54663397.0,2968.0,0.0,7.87890625,-19.53515625,1.88671875,0
54674429.0,11032.0,1.0,0.0375366211,-0.4022827148,0.4557495117,0.7931518555
54677397.0,2968.0,0.0,8.39453125,-16.8203125,3.78515625,0
54681429.0,4032.0,1.0,0.0562133789,-0.3955688477,0.4395751953,0.8044433594
54684397.0,2968.0,0.0,8.10546875,-15.06640625,3.6640625,0
54690429.0,6032.0,1.0,0.0749511719,-0.3899536133,0.426574707,0.8126220703
54693397.0,2968.0,0.0,8.10546875,-13.0703125,3.0078125,0
54700429.0,7032.0,1.0,0.0940551758,-0.3850708008,0.4153442383,0.8187255859
54703397.0,2968.0,0.0,8.41015625,-11.1875,2.578125,0
54715429.0,12032.0,1.0,0.1123046875,-0.3809814453,0.4055786133,0.8232421875
54719397.0,3968.0,0.0,8.578125,-8.06640625,1.35546875,0
54722429.0,3032.0,1.0,0.1303710938,-0.3772583008,0.3966064453,0.8266601563
54725397.0,2968.0,0.0,8.6640625,-7.81640625,1.16015625,0
54730429.0,5032.0,1.0,0.1495361328,-0.3735961914,0.387878418,0.8292236328
54733397.0,2968.0,0.0,8.4375,-6.33203125,0.16015625,0
54740429.0,7032.0,1.0,0.1658935547,-0.3705444336,0.3807983398,0.8307495117
54743397.0,2968.0,0.0,7.54296875,-5.26953125,-0.5703125,0
54750429.0,7032.0,1.0,0.1821289063,-0.3678588867,0.3734741211,0.8319091797
54753397.0,2968.0,0.0,6.75390625,-4.3515625,-0.91796875,0
54760429.0,7032.0,1.0,0.1968994141,-0.3657226563,0.366394043,0.8326416016
54763397.0,2968.0,0.0,6.5703125,-4.6796875,-0.703125,0
54770429.0,7032.0,1.0,0.2109985352,-0.364074707,0.3596191406,0.832824707
54773397.0,2968.0,0.0,6.38671875,-5.50390625,-0.1015625,0
54780429.0,7032.0,1.0,0.2246704102,-0.3627319336,0.3538208008,0.8323364258
54783397.0,2968.0,0.0,6.3125,-6.37890625,0.5625,0
54794429.0,11032.0,1.0,0.2369995117,-0.3616333008,0.3497924805,0.8311157227
54797397.0,2968.0,0.0,6.6875,-4.94921875,1.3671875,0
54801429.0,4032.0,1.0,0.2498779297,-0.3605957031,0.346496582,0.8291625977
54804397.0,2968.0,0.0,6.6875,-3.53125,1.08203125,0
54810429.0,6032.0,1.0,0.2612304688,-0.3599853516,0.3438720703,0.826965332
54813397.0,2968.0,0.0,6.6796875,-2.6640625,0.91796875,0
54820429.0,7032.0,1.0,0.2717285156,-0.3598632813,0.3414916992,0.8246459961
54823397.0,2968.0,0.0,6.08984375,-2.15234375,0.19921875,0
54830429.0,7032.0,1.0,0.2811889648,-0.360168457,0.3395385742,0.8221435547
54833397.0,2968.0,0.0,5.515625,-2.06640625,-0.40625,0
54840429.0,7032.0,1.0,0.2899169922,-0.3608398438,0.3380737305,0.8194580078
54844397.0,3968.0,0.0,4.8515625,-1.84375,-0.875,0
54850429.0,6032.0,1.0,0.298034668,-0.3616943359,0.3372802734,0.8164672852
54853397.0,2968.0,0.0,4.46875,-1.625,-1.41015625,0
54860429.0,7032.0,1.0,0.305480957,-0.3627929688,0.3372802734,0.8132324219
54863397.0,2968.0,0.0,4.9296875,-1.5390625,-2.19921875,0
54870429.0,7032.0,1.0,0.3125,-0.3641357422,0.3378295898,0.8096923828
54873397.0,2968.0,0.0,5.15234375,-1.01171875,-2.20703125,0
54880429.0,7032.0,1.0,0.3186035156,-0.3658447266,0.338684082,0.8062133789
54884397.0,3968.0,0.0,5.15234375,-0.86328125,-2.3359375,0
54891429.0,7032.0,1.0,0.3237915039,-0.3677978516,0.3397216797,0.8027954102
54894397.0,2968.0,0.0,5.078125,-1.078125,-2.2890625,0
54904429.0,10032.0,1.0,0.3283081055,-0.3701782227,0.3409423828,0.7993164063
54907397.0,2968.0,0.0,4.08203125,0.39453125,-3.30859375,0
54911429.0,4032.0,1.0,0.33203125,-0.3731689453,0.3420410156,0.7958984375
54914397.0,2968.0,0.0,3.59375,1.17578125,-4.05078125,0
54920429.0,6032.0,1.0,0.3347167969,-0.3764038086,0.3427734375,0.79296875
54923397.0,2968.0,0.0,3.171875,1.078125,-4.5390625,0
54930429.0,7032.0,1.0,0.336730957,-0.379699707,0.3433227539,0.7902832031
54933397.0,2968.0,0.0,2.66796875,1.2421875,-4.4375,0
54940429.0,7032.0,1.0,0.3381958008,-0.3831176758,0.3439331055,0.7877197266
54943397.0,2968.0,0.0,0.63671875,1.39453125,-5.296875,0
54950429.0,7032.0,1.0,0.3389282227,-0.3864746094,0.3443603516,0.7855834961
54953397.0,2968.0,0.0,-0.55078125,2.32421875,-5.73828125,0
54960429.0,7032.0,1.0,0.3391113281,-0.3901977539,0.3442993164,0.7837524414
54963397.0,2968.0,0.0,-2.01171875,2.46875,-5.59765625,0
54970429.0,7032.0,1.0,0.3386230469,-0.3941650391,0.34375,0.7822265625
54973397.0,2968.0,0.0,-3.20703125,2.515625,-5.390625,0
54980429.0,7032.0,1.0,0.3377075195,-0.3983154297,0.3428344727,0.7808837891
54983397.0,2968.0,0.0,-4.625,1.19140625,-3.421875,0
54990429.0,7032.0,1.0,0.3365478516,-0.4025268555,0.3421630859,0.7795410156
54993397.0,2968.0,0.0,-4.66796875,-0.1171875,-2.515625,0
55000429.0,7032.0,1.0,0.3353881836,-0.4066162109,0.3421630859,0.7778930664
55003397.0,2968.0,0.0,-4.58984375,-1.19921875,-1.57421875,0
55010429.0,7032.0,1.0,0.3344726563,-0.4104003906,0.3432617188,0.7757568359
55013397.0,2968.0,0.0,-3.328125,-2.1796875,-1.03515625,0
55020429.0,7032.0,1.0,0.3338623047,-0.4139404297,0.3455810547,0.7731323242
55023397.0,2968.0,0.0,-2.26171875,-1.796875,-1.28515625,0
55030429.0,7032.0,1.0,0.3335571289,-0.4172363281,0.3491821289,0.7698974609
55033397.0,2968.0,0.0,-2.09765625,-2.1171875,-1.56640625,0
55040429.0,7032.0,1.0,0.3335571289,-0.4201049805,0.3538818359,0.7661743164
55043397.0,2968.0,0.0,-2.06640625,-1.71875,-1.375,0
55050429.0,7032.0,1.0,0.3337402344,-0.422668457,0.359375,0.7620849609
55053397.0,2968.0,0.0,-3.1015625,-0.296875,-2.55078125,0
55060429.0,7032.0,1.0,0.3339233398,-0.4253540039,0.3652954102,0.7576904297
55063397.0,2968.0,0.0,-3.7890625,0.36328125,-2.578125,0
55070429.0,7032.0,1.0,0.3341064453,-0.4279174805,0.3715209961,0.753112793
55073397.0,2968.0,0.0,-3.94140625,-0.52734375,-2.8671875,0
55080429.0,7032.0,1.0,0.3342895508,-0.4304199219,0.3779907227,0.7484130859
55083397.0,2968.0,0.0,-3.40625,-0.4140625,-3.64453125,0
55094429.0,11032.0,1.0,0.3343505859,-0.4329223633,0.3840332031,0.7438354492
55097397.0,2968.0,0.0,-2.90625,1.51171875,-3.859375,0
55101429.0,4032.0,1.0,0.333984375,-0.4359741211,0.3898925781,0.7391357422
55104397.0,2968.0,0.0,-2.53125,1.35546875,-3.05859375,0
55110429.0,6032.0,1.0,0.3331298828,-0.4393920898,0.3949584961,0.7348022461
55113397.0,2968.0,0.0,-2.22265625,1.1796875,-2.6875,0
55120429.0,7032.0,1.0,0.3316650391,-0.4432983398,0.3990478516,0.7308959961
55123397.0,2968.0,0.0,-2.69140625,1.125,-3.24609375,0
55130429.0,7032.0,1.0,0.3297729492,-0.4475708008,0.4024047852,0.727355957
55133397.0,2968.0,0.0,-2.96484375,1.15625,-5.02734375,0
55140429.0,7032.0,1.0,0.3278808594,-0.4517211914,0.4052124023,0.7240600586
55143397.0,2968.0,0.0,-2.88671875,1.00390625,-5.4453125,0
55150429.0,7032.0,1.0,0.3259887695,-0.455871582,0.4079589844,0.7207641602
55153397.0,2968.0,0.0,-2.85546875,-0.0703125,-5.17578125,0
55160429.0,7032.0,1.0,0.3240966797,-0.4600830078,0.4104614258,0.7175292969
55163397.0,2968.0,0.0,-3.1796875,1.125,-3.94921875,0
55170429.0,7032.0,1.0,0.3220214844,-0.4642944336,0.4125976563,0.7144775391
55173397.0,2968.0,0.0,-4.6015625,-0.7578125,-3.984375,0
55180429.0,7032.0,1.0,0.3201293945,-0.4682617188,0.4150390625,0.7113647461
55183397.0,2968.0,0.0,-5.57421875,-0.98046875,-3.40625,0
55190429.0,7032.0,1.0,0.3185424805,-0.4717407227,0.4180297852,0.7080078125
55193397.0,2968.0,0.0,-6.04296875,-1.1796875,-4.2109375,0
55200429.0,7032.0,1.0,0.3172607422,-0.4746704102,0.4213256836,0.7046508789
55203397.0,2968.0,0.0,-5.03125,-1.2265625,-6.09375,0
55210429.0,7032.0,1.0,0.3163452148,-0.4771728516,0.4250488281,0.7011108398
55213397.0,2968.0,0.0,-4.09375,-1.39453125,-5.4375,0
55220429.0,7032.0,1.0,0.3157958984,-0.4793701172,0.4290161133,0.6974487305
55224397.0,3968.0,0.0,-3.08203125,-0.98828125,-4.8984375,0
55230429.0,6032.0,1.0,0.3153686523,-0.4814453125,0.432800293,0.6938476563
55233397.0,2968.0,0.0,-2.6484375,0.49609375,-3.6875,0
55240429.0,7032.0,1.0,0.3147583008,-0.4837036133,0.4359130859,0.690612793
55243397.0,2968.0,0.0,-2.24609375,0.10546875,-2.93359375,0
55255429.0,12032.0,1.0,0.3138427734,-0.4862670898,0.4385986328,0.6875610352
55259397.0,3968.0,0.0,-2.23828125,0.6796875,-1.875,0
55262429.0,3032.0,1.0,0.3128051758,-0.4888916016,0.4410400391,0.6845703125
55265397.0,2968.0,0.0,-2.22265625,0.6796875,-1.7734375,0
55270429.0,5032.0,1.0,0.3117675781,-0.4915161133,0.4435424805,0.6815185547
55273397.0,2968.0,0.0,-1.7890625,0.45703125,-2.70703125,0
55280429.0,7032.0,1.0,0.3109741211,-0.4937133789,0.4459228516,0.6787719727
55283397.0,2968.0,0.0,-1.2734375,0.48828125,-3.1953125,0
55290429.0,7032.0,1.0,0.3103027344,-0.4959716797,0.4486083984,0.6756591797
55293397.0,2968.0,0.0,-1.6875,1.4140625,-2.328125,0
55300429.0,7032.0,1.0,0.3096923828,-0.4981079102,0.451171875,0.6726074219
55303397.0,2968.0,0.0,-1.6796875,1.26171875,-1.359375,0
55310429.0,7032.0,1.0,0.3091430664,-0.5003051758,0.4537963867,0.6694946289
55313397.0,2968.0,0.0,-1.703125,0.265625,-1.265625,0
55320429.0,7032.0,1.0,0.3087158203,-0.5025024414,0.4562988281,0.6663208008
55323397.0,2968.0,0.0,-1.47265625,1.76171875,-1.6640625,0
55330429.0,7032.0,1.0,0.3082885742,-0.5045776367,0.4585571289,0.6633911133
55333397.0,2968.0,0.0,-1.15234375,1.421875,-2.45703125,0
55340429.0,7032.0,1.0,0.3079223633,-0.506652832,0.4605712891,0.6605834961
55343397.0,2968.0,0.0,-0.4921875,1.890625,-3.30078125,0
55350429.0,7032.0,1.0,0.3074951172,-0.5088500977,0.4622192383,0.6579589844
55353397.0,2968.0,0.0,0.3203125,2.40625,-2.67578125,0
55360429.0,7032.0,1.0,0.3067016602,-0.5112915039,0.4633789063,0.6555786133
55363397.0,2968.0,0.0,0.86328125,0.45703125,0.11328125,0
55370429.0,7032.0,1.0,0.3057250977,-0.5140380859,0.4643554688,0.6531982422
55373397.0,2968.0,0.0,-0.30859375,0.62890625,0.57421875,0
55380429.0,7032.0,1.0,0.3044433594,-0.5169067383,0.4652099609,0.6509399414
55383397.0,2968.0,0.0,-1.49609375,0.95703125,0.390625,0
55390429.0,7032.0,1.0,0.3031616211,-0.5197143555,0.4660644531,0.6486816406
55393397.0,2968.0,0.0,-0.98828125,-0.26171875,-0.56640625,0
55400429.0,7032.0,1.0,0.301940918,-0.522277832,0.4671630859,0.6464233398
55403397.0,2968.0,0.0,-0.4453125,0.8203125,-1.484375,0
55410429.0,7032.0,1.0,0.30078125,-0.5245361328,0.4685058594,0.6441650391
55413397.0,2968.0,0.0,0.24609375,0.63671875,-2.1328125,0
55421429.0,8032.0,1.0,0.2997436523,-0.526550293,0.4699707031,0.6418457031
55424397.0,2968.0,0.0,1.125,0.18359375,-1.296875,0
55430429.0,6032.0,1.0,0.2987060547,-0.528503418,0.4716796875,0.6395263672
55433397.0,2968.0,0.0,1.6640625,0.375,0.26953125,0
55440429.0,7032.0,1.0,0.2975463867,-0.5305175781,0.4736328125,0.6369018555
55443397.0,2968.0,0.0,1.203125,0.30078125,0.35546875,0
55450429.0,7032.0,1.0,0.2963867188,-0.5325317383,0.4756469727,0.6342773438
55453397.0,2968.0,0.0,0.66796875,0.0703125,1.015625,0
55461429.0,8032.0,1.0,0.2951660156,-0.5344238281,0.477722168,0.6317138672
55464397.0,2968.0,0.0,-0.0703125,0.0625,0.91015625,0
55476429.0,12032.0,1.0,0.2938842773,-0.5362548828,0.479675293,0.6292724609
55481429.0,5000.0,1.0,0.2924804688,-0.5380859375,0.481628418,0.6268920898
55483397.0,1968.0,0.0,0.26953125,-0.62890625,0.109375,0
55490429.0,7032.0,1.0,0.2908935547,-0.5401000977,0.483581543,0.6243896484
55493397.0,2968.0,0.0,-0.30859375,-1.171875,0.22265625,0
55501429.0,8032.0,1.0,0.2891845703,-0.5420532227,0.485534668,0.6219482422
55504397.0,2968.0,0.0,-0.93359375,-1.33984375,0.5390625,0
55510429.0,6032.0,1.0,0.2874755859,-0.5440673828,0.4874267578,0.6194458008
55513397.0,2968.0,0.0,-1.5859375,-0.4296875,0.16015625,0
55520429.0,7032.0,1.0,0.2858276367,-0.5460205078,0.4892578125,0.6170654297
55523397.0,2968.0,0.0,-1.5625,-0.390625,0.24609375,0
55530429.0,7032.0,1.0,0.2841186523,-0.5479736328,0.4909667969,0.6147460938
55533397.0,2968.0,0.0,-0.921875,-0.31640625,0.58984375,0
55541429.0,8032.0,1.0,0.282409668,-0.5500488281,0.4925537109,0.612487793
55544397.0,2968.0,0.0,-0.23828125,-0.58203125,0.8515625,0
55550429.0,6032.0,1.0,0.2807006836,-0.5520629883,0.4940795898,0.610168457
55553397.0,2968.0,0.0,0.59765625,-0.20703125,1.3125,0
55560429.0,7032.0,1.0,0.2789916992,-0.5542602539,0.4956665039,0.6076660156
55563397.0,2968.0,0.0,0.3515625,-0.4765625,1.58984375,0
55571429.0,8032.0,1.0,0.2772827148,-0.5565795898,0.4971923828,0.6051025391
55574397.0,2968.0,0.0,-0.30859375,-0.31640625,1.81640625,0
55580429.0,6032.0,1.0,0.2755737305,-0.5589599609,0.4984741211,0.6026000977
55583397.0,2968.0,0.0,-1.19921875,0.10546875,1.13671875,0
55590429.0,7032.0,1.0,0.2736206055,-0.5614624023,0.4995727539,0.6002807617
55593397.0,2968.0,0.0,-0.8203125,-0.54296875,0.4375,0
55600429.0,7032.0,1.0,0.2716064453,-0.5640869141,0.5003051758,0.5980834961
55603397.0,2968.0,0.0,-0.37109375,-0.8046875,-0.09765625,0
55611429.0,8032.0,1.0,0.2696533203,-0.5667114258,0.5009155273,0.5960083008
55614397.0,2968.0,0.0,-0.1875,-0.8828125,-0.4453125,0
55620429.0,6032.0,1.0,0.2677612305,-0.5692749023,0.5014648438,0.5939331055
55623397.0,2968.0,0.0,0.52734375,0.23828125,-0.17578125,0
55630429.0,7032.0,1.0,0.2658081055,-0.5720825195,0.5017700195,0.5918579102
55633397.0,2968.0,0.0,0.90234375,0.16796875,0.69140625,0
55640429.0,7032.0,1.0,0.2637939453,-0.5749511719,0.501953125,0.58984375
55643397.0,2968.0,0.0,0.6640625,0.0703125,1.1796875,0
55650429.0,7032.0,1.0,0.26171875,-0.5779418945,0.5018920898,0.5878295898
55653397.0,2968.0,0.0,0.33984375,0.19140625,0.8984375,0
55660429.0,7032.0,1.0,0.2595214844,-0.5809326172,0.5017089844,0.5860595703
55663397.0,2968.0,0.0,-0.125,-0.3359375,0.546875,0
55670429.0,7032.0,1.0,0.257019043,-0.5841674805,0.5012817383,0.5842895508
55673397.0,2968.0,0.0,0.82421875,-0.3671875,0.265625,0
55680429.0,7032.0,1.0,0.2545776367,-0.5871582031,0.5009155273,0.5827026367
55684397.0,3968.0,0.0,0.46484375,0.22265625,1.0546875,0
55690429.0,6032.0,1.0,0.2520141602,-0.5901489258,0.5005493164,0.5810546875
55693397.0,2968.0,0.0,1.40625,1.10546875,1.5,0
55701429.0,8032.0,1.0,0.2492675781,-0.5932617188,0.5001831055,0.5794677734
55704397.0,2968.0,0.0,0.9765625,1.03515625,2.29296875,0
55716429.0,12032.0,1.0,0.2465820313,-0.5961303711,0.4999389648,0.5778198242
55721429.0,5000.0,1.0,0.2436523438,-0.5990600586,0.4998168945,0.576171875
55723397.0,1968.0,0.0,-0.51171875,0.375,1.3515625,0
55731429.0,8032.0,1.0,0.2404785156,-0.6019897461,0.5000610352,0.57421875
55734397.0,2968.0,0.0,-1.0703125,-0.51171875,1.0,0
55740429.0,6032.0,1.0,0.237487793,-0.6044921875,0.5006713867,0.572265625
55743397.0,2968.0,0.0,-1.59375,-0.98046875,1.0703125,0
55750429.0,7032.0,1.0,0.2346191406,-0.6067504883,0.5017089844,0.5701293945
55753397.0,2968.0,0.0,-0.703125,-1.41796875,1.44921875,0
55761429.0,8032.0,1.0,0.2318115234,-0.6088256836,0.5032348633,0.5677490234
55764397.0,2968.0,0.0,0.23046875,-0.78125,0.921875,0
55771429.0,7032.0,1.0,0.2290039063,-0.6108398438,0.5050048828,0.5651245117
55774397.0,2968.0,0.0,1.1640625,0.3125,0.9609375,0
55780429.0,6032.0,1.0,0.2261962891,-0.6129150391,0.506652832,0.5625610352
55783397.0,2968.0,0.0,1.32421875,0.75,1.5390625,0
55790429.0,7032.0,1.0,0.2230224609,-0.6151733398,0.5079345703,0.5601806641
55793397.0,2968.0,0.0,0.87109375,1.04296875,2.83203125,0
55801429.0,8032.0,1.0,0.2192993164,-0.6177978516,0.5087280273,0.5580444336
55804397.0,2968.0,0.0,0.0,0.44140625,2.796875,0
55810429.0,6032.0,1.0,0.2152709961,-0.6206054688,0.5090332031,0.5562133789
55813397.0,2968.0,0.0,-2.1796875,0.53515625,1.7578125,0
55821429.0,8032.0,1.0,0.2108154297,-0.6236572266,0.508972168,0.5546264648
55824397.0,2968.0,0.0,-2.28515625,0.05078125,1.51953125,0
55830429.0,6032.0,1.0,0.2062988281,-0.6265869141,0.5086669922,0.5532226563
55833397.0,2968.0,0.0,-1.859375,-0.625,1.4296875,0
55841429.0,8032.0,1.0,0.2019042969,-0.6295166016,0.5084838867,0.5517578125
55844397.0,2968.0,0.0,-1.3203125,-0.65625,0.83984375,0
55850429.0,6032.0,1.0,0.1978759766,-0.6322021484,0.5083007813,0.5502319336
55853397.0,2968.0,0.0,-0.12890625,0.171875,-0.32421875,0
55860429.0,7032.0,1.0,0.1936645508,-0.6351318359,0.5080566406,0.5485839844
55863397.0,2968.0,0.0,-0.08203125,0.5,-0.13671875,0
55870429.0,7032.0,1.0,0.189453125,-0.6381835938,0.5075073242,0.5470581055
55873397.0,2968.0,0.0,-0.53515625,1.015625,0.453125,0
55881429.0,8032.0,1.0,0.1849365234,-0.6412963867,0.5065917969,0.5458374023
55884397.0,2968.0,0.0,-0.296875,0.8828125,0.78515625,0
55891429.0,7032.0,1.0,0.1799926758,-0.6445922852,0.5051879883,0.5448608398
55894397.0,2968.0,0.0,-0.13671875,2.30859375,0.72265625,0
55901429.0,7032.0,1.0,0.174621582,-0.6478271484,0.5034790039,0.5443725586
55905397.0,3968.0,0.0,-0.66015625,2.375,1.03125,0
55914429.0,9032.0,1.0,0.1687011719,-0.6510009766,0.5015258789,0.5442504883
55917397.0,2968.0,0.0,-1.2265625,1.1875,1.72265625,0
55924429.0,7032.0,1.0,0.1617431641,-0.654296875,0.4996337891,0.5440673828
55927397.0,2968.0,0.0,-3.7265625,0.015625,2.1875,0
55931429.0,4032.0,1.0,0.155090332,-0.657043457,0.4985961914,0.5437011719
55934397.0,2968.0,0.0,-4.921875,-0.046875,3.00390625,0
55941429.0,7032.0,1.0,0.1489257813,-0.6591186523,0.4987182617,0.5427856445
55944397.0,2968.0,0.0,-5.46484375,-0.37890625,3.28515625,0
55951429.0,7032.0,1.0,0.1431274414,-0.6605834961,0.5004272461,0.541015625
55954397.0,2968.0,0.0,-5.48046875,-2.1328125,3.08984375,0
55961429.0,7032.0,1.0,0.1383056641,-0.6612548828,0.5040893555,0.5380859375
55964397.0,2968.0,0.0,-5.31640625,-1.8203125,2.90625,0
55970429.0,6032.0,1.0,0.1346435547,-0.6610107422,0.5096435547,0.5340576172
55973397.0,2968.0,0.0,-4.92578125,-1.953125,2.46484375,0
55981429.0,8032.0,1.0,0.1320800781,-0.6600341797,0.5170898438,0.5287475586
55985397.0,3968.0,0.0,-4.97265625,-1.40234375,2.3515625,0
55991429.0,6032.0,1.0,0.1303710938,-0.658203125,0.5260620117,0.5225219727
55994397.0,2968.0,0.0,-5.328125,0.19140625,2.21484375,0
56001429.0,7032.0,1.0,0.1291503906,-0.6557617188,0.5358886719,0.5158691406
56004397.0,2968.0,0.0,-7.71875,-0.27734375,2.83984375,0
56011429.0,7032.0,1.0,0.1282958984,-0.6524047852,0.5471191406,0.5084838867
56014397.0,2968.0,0.0,-9.66015625,0.90234375,3.71484375,0
56021429.0,7032.0,1.0,0.127746582,-0.6483764648,0.5590209961,0.500793457
56024397.0,2968.0,0.0,-10.98828125,0.9609375,1.95703125,0
56031429.0,7032.0,1.0,0.1272583008,-0.643737793,0.5709228516,0.4934692383
56034397.0,2968.0,0.0,-12.66796875,4.171875,0.2109375,0
56044429.0,10032.0,1.0,0.1263427734,-0.6379394531,0.5837402344,0.4861450195
56047397.0,2968.0,0.0,-15.19921875,9.5546875,-4.015625,0
56051429.0,4032.0,1.0,0.1245727539,-0.6307373047,0.5974121094,0.479309082
56054397.0,2968.0,0.0,-16.34765625,11.4140625,-5.22265625,0
56061429.0,7032.0,1.0,0.1216430664,-0.6234741211,0.6090698242,0.4748535156
56064397.0,2968.0,0.0,-17.46875,14.32421875,-7.16015625,0
56071429.0,7032.0,1.0,0.1162719727,-0.6150512695,0.6201171875,0.4729003906
56074397.0,2968.0,0.0,-17.05078125,13.81640625,-7.40234375,0
56081429.0,7032.0,1.0,0.1078491211,-0.6057739258,0.6294555664,0.4744873047
56084397.0,2968.0,0.0,-12.546875,14.42578125,-4.68359375,0
56091429.0,7032.0,1.0,0.0963745117,-0.5961303711,0.6364135742,0.4799194336
56094397.0,2968.0,0.0,-9.28125,12.14453125,-1.28125,0
56101429.0,7032.0,1.0,0.0814208984,-0.5861206055,0.6410522461,0.4887695313
56104397.0,2968.0,0.0,-5.67578125,8.91796875,0.59375,0
56110429.0,6032.0,1.0,0.0659790039,-0.5761108398,0.6445922852,0.4981689453
56113397.0,2968.0,0.0,-2.0078125,3.84765625,3.25,0
56123429.0,10032.0,1.0,0.0534667969,-0.5641479492,0.6513061523,0.5046386719
56126397.0,2968.0,0.0,0.83203125,-1.09375,3.5,0
56130429.0,4032.0,1.0,0.0427246094,-0.5506591797,0.657409668,0.5126342773
56133397.0,2968.0,0.0,0.66796875,28.7890625,-9.55078125,0
56141429.0,8032.0,1.0,0.0252685547,-0.5355224609,0.653503418,0.5343017578
56144397.0,2968.0,0.0,1.71484375,38.2578125,-18.0859375,0
56151429.0,7032.0,1.0,0.0020141602,-0.5198364258,0.6365356445,0.5697631836
56154397.0,2968.0,0.0,12.125,1.640625,-21.83203125,0
56161429.0,7032.0,1.0,0.0180053711,0.5034790039,-0.6135864258,-0.6080322266
56164397.0,2968.0,0.0,10.3984375,-11.8515625,-16.73828125,0
56174429.0,10032.0,1.0,0.028137207,0.4880371094,-0.5942382813,-0.638671875
56177397.0,2968.0,0.0,6.00390625,-16.64453125,-11.75,0
56184429.0,7032.0,1.0,0.0313110352,0.4714355469,-0.5750732422,-0.6679077148
56187397.0,2968.0,0.0,1.98046875,-15.4296875,-4.72265625,0
56192429.0,5032.0,1.0,0.0299682617,0.4574584961,-0.5571289063,-0.6924438477
56195397.0,2968.0,0.0,3.66015625,-14.11328125,-0.0234375,0
56201429.0,6032.0,1.0,0.0260009766,0.4448242188,-0.5375976563,-0.7158813477
56204397.0,2968.0,0.0,6.05078125,-15.98046875,0.74609375,0
56213429.0,9032.0,1.0,0.01953125,0.4338989258,-0.5176391602,-0.737121582
56216397.0,2968.0,0.0,7.80859375,-18.65234375,0.171875,0
56223429.0,7032.0,1.0,0.0095825195,0.4237670898,-0.4975585938,-0.7567749023
56226397.0,2968.0,0.0,8.46875,-19.8125,1.625,0
56231429.0,5032.0,1.0,0.0028686523,-0.415222168,0.4799194336,0.7728271484
56234397.0,2968.0,0.0,9.20703125,-17.6015625,4.08984375,0
56241429.0,7032.0,1.0,0.0180664063,-0.4075927734,0.464050293,0.7862548828
56244397.0,2968.0,0.0,9.1171875,-15.56640625,3.62890625,0
56251429.0,7032.0,1.0,0.0347290039,-0.4011230469,0.4504394531,0.796875
56254397.0,2968.0,0.0,8.32421875,-13.28515625,2.62109375,0
56261429.0,7032.0,1.0,0.0516357422,-0.3958740234,0.4391479492,0.8048095703
56264397.0,2968.0,0.0,7.33203125,-11.0234375,1.6484375,0
56276429.0,12032.0,1.0,0.0684814453,-0.3915405273,0.4293823242,0.8109741211
56280397.0,3968.0,0.0,6.0234375,-6.95703125,-0.15625,0
56283429.0,3032.0,1.0,0.0855102539,-0.3877563477,0.4202880859,0.8159179688
56286397.0,2968.0,0.0,6.1328125,-6.72265625,-0.375,0
56290429.0,4032.0,1.0,0.1024169922,-0.3843994141,0.4115600586,0.8200073242
56293397.0,2968.0,0.0,5.7265625,-5.64453125,-0.80078125,0
56301429.0,8032.0,1.0,0.1189575195,-0.3813476563,0.403137207,0.8233032227
56304397.0,2968.0,0.0,5.5078125,-4.421875,-1.1015625,0
56311429.0,7032.0,1.0,0.1348266602,-0.3787841797,0.3947143555,0.826171875
56314397.0,2968.0,0.0,5.25,-3.8125,-0.890625,0
56321429.0,7032.0,1.0,0.1494750977,-0.3767700195,0.3864135742,0.8284912109
56324397.0,2968.0,0.0,5.38671875,-4.3828125,-0.43359375,0
56331429.0,7032.0,1.0,0.1633911133,-0.3751831055,0.3786621094,0.8301391602
56334397.0,2968.0,0.0,5.609375,-5.19921875,0.3359375,0
56341429.0,7032.0,1.0,0.1768188477,-0.373840332,0.3723144531,0.830871582
56344397.0,2968.0,0.0,6.578125,-5.47265625,1.29296875,0
56356429.0,12032.0,1.0,0.1898193359,-0.3726196289,0.3677368164,0.8306274414
56360397.0,3968.0,0.0,7.12109375,-3.14453125,1.13671875,0
56363429.0,3032.0,1.0,0.2026977539,-0.3714599609,0.3642578125,0.8295898438
56366397.0,2968.0,0.0,7.16796875,-2.98828125,1.06640625,0
56371429.0,5032.0,1.0,0.2150878906,-0.3706665039,0.3611450195,0.8281860352
56374397.0,2968.0,0.0,6.7578125,-1.53125,0.859375,0
56381429.0,7032.0,1.0,0.2265625,-0.3704223633,0.3576049805,0.8267822266
56384397.0,2968.0,0.0,5.30859375,-0.15625,0.4140625,0
56391429.0,7032.0,1.0,0.2369384766,-0.3707885742,0.3535766602,0.8254394531
56394397.0,2968.0,0.0,4.97265625,-0.53125,0.40625,0
56401429.0,7032.0,1.0,0.2463378906,-0.3717651367,0.3493652344,0.8240356445
56404397.0,2968.0,0.0,4.58203125,-1.109375,0.3125,0
56411429.0,7032.0,1.0,0.255065918,-0.373046875,0.3455810547,0.8223876953
56414397.0,2968.0,0.0,4.31640625,-1.57421875,0.3203125,0
56420429.0,6032.0,1.0,0.2628173828,-0.3745117188,0.3426513672,0.8204956055
56423397.0,2968.0,0.0,3.89453125,-1.6015625,0.2265625,0
56431429.0,8032.0,1.0,0.2709960938,-0.3762817383,0.3400878906,0.8181152344
56434397.0,2968.0,0.0,3.59765625,-0.81640625,-0.2421875,0
56441429.0,7032.0,1.0,0.2782592773,-0.3782958984,0.3379516602,0.815612793
56444397.0,2968.0,0.0,3.21484375,-0.515625,-0.73828125,0
56453429.0,9032.0,1.0,0.2846679688,-0.3804321289,0.3364257813,0.8130493164
56456397.0,2968.0,0.0,3.0625,-0.828125,-1.34375,0
56463429.0,7032.0,1.0,0.2911376953,-0.3828125,0.3352661133,0.8101196289
56466397.0,2968.0,0.0,3.33984375,-0.23046875,-2.27734375,0
56471429.0,5032.0,1.0,0.2971801758,-0.3857421875,0.3342285156,0.8069458008
56474397.0,2968.0,0.0,3.4140625,-0.3203125,-2.4765625,0
56481429.0,7032.0,1.0,0.3020019531,-0.3889770508,0.3329467773,0.8041381836
56484397.0,2968.0,0.0,3.1953125,-1.18359375,-2.29296875,0
56491429.0,7032.0,1.0,0.3060302734,-0.3924560547,0.3316040039,0.8014526367
56494397.0,2968.0,0.0,3.203125,-1.93359375,-2.328125,0
56501429.0,7032.0,1.0,0.3095092773,-0.3960571289,0.3305053711,0.798828125
56504397.0,2968.0,0.0,2.24609375,-1.1171875,-3.5234375,0
56511429.0,7032.0,1.0,0.3126220703,-0.3994750977,0.3298950195,0.7961425781
56514397.0,2968.0,0.0,1.40625,-0.89453125,-3.59375,0
56521429.0,7032.0,1.0,0.3153076172,-0.4027099609,0.3297729492,0.7935180664
56525397.0,3968.0,0.0,0.41015625,-0.640625,-4.15234375,0
56531429.0,6032.0,1.0,0.3176879883,-0.4057617188,0.3298950195,0.7909545898
56534397.0,2968.0,0.0,-1.4375,-0.234375,-3.60546875,0
56541429.0,7032.0,1.0,0.3195800781,-0.4087524414,0.3302612305,0.7885131836
56544397.0,2968.0,0.0,-1.75,0.11328125,-3.55078125,0
56551429.0,7032.0,1.0,0.3211669922,-0.4117431641,0.3308105469,0.7860717773
56554397.0,2968.0,0.0,-2.1015625,-0.4609375,-2.84375,0
56561429.0,7032.0,1.0,0.3225708008,-0.4147338867,0.3317260742,0.7835083008
56564397.0,2968.0,0.0,-2.1796875,-0.7734375,-2.0859375,0
56571429.0,7032.0,1.0,0.3237915039,-0.4175415039,0.333190918,0.7808837891
56574397.0,2968.0,0.0,-2.19140625,-0.859375,-1.1796875,0
56581429.0,7032.0,1.0,0.3249511719,-0.4204101563,0.3353271484,0.7779541016
56584397.0,2968.0,0.0,-1.80859375,-1.41796875,-0.71875,0
56591429.0,7032.0,1.0,0.3261108398,-0.4234008789,0.337890625,0.7747802734
56594397.0,2968.0,0.0,-1.1640625,-1.37109375,-1.25390625,0
56601429.0,7032.0,1.0,0.3271484375,-0.4264526367,0.3408813477,0.7713012695
56604397.0,2968.0,0.0,-1.0859375,-0.4453125,-0.5859375,0
56610429.0,6032.0,1.0,0.328125,-0.4295043945,0.3439331055,0.7678222656
56613397.0,2968.0,0.0,-2.19921875,0.3671875,-1.21875,0
56621429.0,8032.0,1.0,0.3289794922,-0.4329833984,0.3474121094,0.7639160156
56624397.0,2968.0,0.0,-2.88671875,1.2578125,-1.9921875,0
56631429.0,7032.0,1.0,0.3297119141,-0.436706543,0.3509521484,0.7598876953
56634397.0,2968.0,0.0,-3.4609375,1.265625,-2.1484375,0
56641429.0,7032.0,1.0,0.3303222656,-0.4403686523,0.3546142578,0.7557983398
56644397.0,2968.0,0.0,-3.56640625,1.83984375,-2.84375,0
56656429.0,12032.0,1.0,0.3306884766,-0.4439086914,0.3582763672,0.7518310547
56660397.0,3968.0,0.0,-2.109375,1.53125,-4.375,0
56663429.0,3032.0,1.0,0.3310546875,-0.4474487305,0.3620605469,0.7476806641
56666397.0,2968.0,0.0,-2.0703125,1.5234375,-4.25,0
56671429.0,5032.0,1.0,0.331237793,-0.4512939453,0.3661499023,0.743347168
56674397.0,2968.0,0.0,-1.57421875,1.79296875,-4.21875,0
56681429.0,7032.0,1.0,0.3309936523,-0.455078125,0.3695678711,0.739440918
56684397.0,2968.0,0.0,-1.3046875,1.37890625,-4.28515625,0
56691429.0,7032.0,1.0,0.3303833008,-0.4591064453,0.3726806641,0.7355957031
56694397.0,2968.0,0.0,-2.22265625,-0.23046875,-3.8515625,0
56701429.0,7032.0,1.0,0.3295898438,-0.4633789063,0.3753662109,0.7319335938
56705397.0,3968.0,0.0,-2.765625,0.015625,-3.66015625,0
56711429.0,6032.0,1.0,0.3283691406,-0.467956543,0.3774414063,0.728515625
56714397.0,2968.0,0.0,-3.1875,-0.3125,-3.7421875,0
56721429.0,7032.0,1.0,0.3268432617,-0.4727783203,0.3789672852,0.7252807617
56724397.0,2968.0,0.0,-4.75390625,-1.140625,-4.23828125,0
56731429.0,7032.0,1.0,0.3251953125,-0.4774169922,0.3803100586,0.7222900391
56734397.0,2968.0,0.0,-5.84375,-0.0078125,-4.6640625,0
56741429.0,7032.0,1.0,0.3235473633,-0.4817504883,0.3818359375,0.7192993164
56744397.0,2968.0,0.0,-6.109375,0.73828125,-4.79296875,0
56751429.0,7032.0,1.0,0.3220214844,-0.4857788086,0.383605957,0.7163696289
56754397.0,2968.0,0.0,-5.6640625,0.19921875,-4.1015625,0
56761429.0,7032.0,1.0,0.3204956055,-0.4895019531,0.3856201172,0.7134399414
56764397.0,2968.0,0.0,-4.80078125,0.5078125,-2.7421875,0
56771429.0,7032.0,1.0,0.3187866211,-0.4932861328,0.3878173828,0.7103881836
56774397.0,2968.0,0.0,-3.93359375,-0.296875,-2.96875,0
56781429.0,7032.0,1.0,0.3170166016,-0.4968261719,0.3903198242,0.7073364258
56785397.0,3968.0,0.0,-3.56640625,-0.7578125,-3.3203125,0
56791429.0,6032.0,1.0,0.315612793,-0.4998168945,0.393371582,0.7041625977
56794397.0,2968.0,0.0,-3.50390625,-0.80078125,-4.4296875,0
56801429.0,7032.0,1.0,0.3146362305,-0.5020751953,0.3970336914,0.7009277344
56804397.0,2968.0,0.0,-2.453125,-0.90234375,-4.91015625,0
56816429.0,12032.0,1.0,0.3140869141,-0.5038452148,0.4014282227,0.6973876953
56820397.0,3968.0,0.0,-2.40625,-0.046875,-2.73046875,0
56823429.0,3032.0,1.0,0.3137207031,-0.5054321289,0.4063720703,0.6935424805
56826397.0,2968.0,0.0,-3.08203125,-0.0390625,-2.7734375,0
56831429.0,5032.0,1.0,0.313293457,-0.5070800781,0.4113769531,0.6895141602
56834397.0,2968.0,0.0,-3.07421875,-0.0703125,-2.6484375,0
56841429.0,7032.0,1.0,0.3128051758,-0.5085449219,0.4161376953,0.6858520508
56844397.0,2968.0,0.0,-3.75390625,0.09765625,-2.88671875,0
56851429.0,7032.0,1.0,0.3123168945,-0.5098266602,0.4203491211,0.6825561523
56854397.0,2968.0,0.0,-2.17578125,-0.546875,-4.1640625,0
56861429.0,7032.0,1.0,0.311706543,-0.5110473633,0.4243774414,0.6793823242
56864397.0,2968.0,0.0,-1.02734375,0.08203125,-3.5703125,0
56871429.0,7032.0,1.0,0.3110351563,-0.5123291016,0.4281616211,0.6763305664
56874397.0,2968.0,0.0,-0.7890625,-0.0859375,-2.25,0
56881429.0,7032.0,1.0,0.3102416992,-0.5138549805,0.4318847656,0.6732177734
56884397.0,2968.0,0.0,-0.78125,0.234375,-0.6640625,0
56891429.0,7032.0,1.0,0.3094482422,-0.5155029297,0.4353637695,0.6700439453
56894397.0,2968.0,0.0,-1.50390625,0.37109375,-0.06640625,0
56901429.0,7032.0,1.0,0.3086547852,-0.5171508789,0.4387817383,0.6668701172
56904397.0,2968.0,0.0,-1.9140625,-0.6015625,-0.5,0
56911429.0,7032.0,1.0,0.3079833984,-0.5187988281,0.4420166016,0.6638183594
56914397.0,2968.0,0.0,-1.609375,0.12109375,-2.94140625,0
56921429.0,7032.0,1.0,0.3074951172,-0.520324707,0.4451293945,0.6607666016
56924397.0,2968.0,0.0,-1.53125,-0.578125,-3.421875,0
56931429.0,7032.0,1.0,0.3073120117,-0.5216064453,0.4479980469,0.6578369141
56934397.0,2968.0,0.0,-0.94921875,-0.203125,-3.65234375,0
56942429.0,8032.0,1.0,0.3073120117,-0.5229492188,0.4507446289,0.6549072266
56945397.0,2968.0,0.0,-0.0625,-0.234375,-2.5,0
56951429.0,6032.0,1.0,0.3073730469,-0.5244750977,0.4531860352,0.6519775391
56954397.0,2968.0,0.0,0.12890625,0.37890625,-0.1171875,0
56961429.0,7032.0,1.0,0.3071899414,-0.5264282227,0.4552001953,0.6490478516
56964397.0,2968.0,0.0,-0.62890625,1.046875,0.078125,0
56971429.0,7032.0,1.0,0.3068847656,-0.528503418,0.4568481445,0.6463623047
56974397.0,2968.0,0.0,-0.6953125,0.90234375,-0.3046875,0
56981429.0,7032.0,1.0,0.3065795898,-0.5305786133,0.4582519531,0.6438598633
56984397.0,2968.0,0.0,-0.7734375,0.91796875,-0.76953125,0
56991429.0,7032.0,1.0,0.3062744141,-0.5325317383,0.4595336914,0.641418457
56994397.0,2968.0,0.0,-0.19140625,0.3203125,-0.81640625,0
57001429.0,7032.0,1.0,0.3059692383,-0.5345458984,0.4608154297,0.6389160156
57004397.0,2968.0,0.0,0.390625,0.6015625,-0.20703125,0
57014429.0,10032.0,1.0,0.305480957,-0.5366210938,0.4619750977,0.6366577148
57017397.0,2968.0,0.0,0.28515625,0.58984375,-0.13671875,0
57024429.0,7032.0,1.0,0.3048706055,-0.5388793945,0.4630737305,0.6342163086
57027397.0,2968.0,0.0,0.359375,1.1015625,0.0546875,0
57031429.0,4032.0,1.0,0.3040161133,-0.5411987305,0.4641113281,0.6318969727
57034397.0,2968.0,0.0,0.4765625,0.49609375,1.8046875,0
57041429.0,7032.0,1.0,0.3031005859,-0.5435791016,0.4651489258,0.6295166016
57044397.0,2968.0,0.0,0.5234375,0.58984375,1.15234375,0
57051429.0,7032.0,1.0,0.3020019531,-0.5458374023,0.4662475586,0.6272583008
57054397.0,2968.0,0.0,0.33203125,0.7109375,0.6484375,0
57062429.0,8032.0,1.0,0.30078125,-0.548034668,0.4674682617,0.6250610352
57065397.0,2968.0,0.0,0.20703125,-0.16015625,0.11328125,0
57071429.0,6032.0,1.0,0.2994995117,-0.5501098633,0.4688110352,0.6228637695
57074397.0,2968.0,0.0,0.62890625,-0.4296875,-1.27734375,0
57081429.0,7032.0,1.0,0.2982788086,-0.551940918,0.4702148438,0.6207275391
57084397.0,2968.0,0.0,0.78125,0.3359375,-0.3671875,0
57091429.0,7032.0,1.0,0.296875,-0.5538330078,0.4717407227,0.6185302734
57094397.0,2968.0,0.0,1.1640625,-0.27734375,0.5546875,0
57101429.0,7032.0,1.0,0.2954101563,-0.5557250977,0.4732666016,0.616394043
57104397.0,2968.0,0.0,0.15234375,0.22265625,0.703125,0
57111429.0,7032.0,1.0,0.2938842773,-0.5576171875,0.4747314453,0.6142578125
57114397.0,2968.0,0.0,-0.0078125,0.25390625,0.46484375,0
57121429.0,7032.0,1.0,0.292175293,-0.5595092773,0.4761352539,0.6122436523
57125397.0,3968.0,0.0,-0.16796875,-0.63671875,0.52734375,0
57131429.0,6032.0,1.0,0.2903442383,-0.5614013672,0.4774169922,0.6104125977
57134397.0,2968.0,0.0,-0.51953125,-1.640625,0.9453125,0
57141429.0,7032.0,1.0,0.2884521484,-0.5633544922,0.4786987305,0.6085205078
57144397.0,2968.0,0.0,-0.68359375,-0.7578125,2.74609375,0
57151429.0,7032.0,1.0,0.2863769531,-0.5653686523,0.4799804688,0.606628418
57154397.0,2968.0,0.0,-0.4609375,-0.3828125,3.15234375,0
57161429.0,7032.0,1.0,0.2841796875,-0.5676269531,0.4812011719,0.6045532227
57164397.0,2968.0,0.0,-0.359375,0.56640625,2.609375,0
57171429.0,7032.0,1.0,0.2819824219,-0.5700073242,0.4822387695,0.6025390625
57174397.0,2968.0,0.0,-0.29296875,0.55859375,1.65234375,0
57181429.0,7032.0,1.0,0.2798461914,-0.5723876953,0.4830322266,0.6006469727
57184397.0,2968.0,0.0,-0.8359375,0.3984375,0.03125,0
57191429.0,7032.0,1.0,0.2775878906,-0.5748901367,0.483581543,0.598815918
57194397.0,2968.0,0.0,-0.8046875,0.51953125,-0.80859375,0
57201429.0,7032.0,1.0,0.275390625,-0.5774536133,0.4840087891,0.5970458984
57204397.0,2968.0,0.0,-0.8984375,0.796875,-0.5546875,0
57211429.0,7032.0,1.0,0.2732543945,-0.5800170898,0.4841918945,0.5953979492
57214397.0,2968.0,0.0,-0.4375,0.640625,0.08203125,0
57222429.0,8032.0,1.0,0.2709960938,-0.582824707,0.4841308594,0.5936889648
57225397.0,2968.0,0.0,-0.03125,0.03515625,0.6796875,0
57231429.0,6032.0,1.0,0.268737793,-0.5856323242,0.4838256836,0.5922241211
57234397.0,2968.0,0.0,-0.23046875,0.46484375,0.65625,0
57241429.0,7032.0,1.0,0.2662963867,-0.5886230469,0.483215332,0.5908813477
57244397.0,2968.0,0.0,-0.39453125,0.6953125,0.60546875,0
57251429.0,7032.0,1.0,0.263671875,-0.5916137695,0.482421875,0.5896606445
57254397.0,2968.0,0.0,-0.5078125,1.125,0.8125,0
57261429.0,7032.0,1.0,0.2608642578,-0.5947265625,0.4813232422,0.588684082
57264397.0,2968.0,0.0,-0.75390625,0.09765625,1.703125,0
57276429.0,12032.0,1.0,0.2580566406,-0.5977172852,0.4802856445,0.5877685547
57280397.0,3968.0,0.0,-1.4140625,-0.515625,1.03125,0
57283429.0,3032.0,1.0,0.2548217773,-0.600769043,0.479309082,0.5868530273
57286397.0,2968.0,0.0,-1.61328125,-0.7890625,0.625,0
57291429.0,5032.0,1.0,0.2514038086,-0.6037597656,0.478515625,0.5858764648
57294397.0,2968.0,0.0,-1.55078125,-1.1796875,0.52734375,0
57301429.0,7032.0,1.0,0.2481689453,-0.6063842773,0.4781494141,0.5848388672
57304397.0,2968.0,0.0,-0.9921875,-1.08203125,0.96484375,0
57311429.0,7032.0,1.0,0.2451782227,-0.6086425781,0.4783935547,0.5835571289
57314397.0,2968.0,0.0,-0.39453125,-1.01953125,1.6015625,0
57322429.0,8032.0,1.0,0.2423095703,-0.6106567383,0.4791259766,0.58203125
57325397.0,2968.0,0.0,0.46484375,-1.07421875,1.92578125,0
57331429.0,6032.0,1.0,0.239440918,-0.6126098633,0.4802856445,0.5802612305
57334397.0,2968.0,0.0,0.6015625,0.05078125,2.0703125,0
57341429.0,7032.0,1.0,0.2364501953,-0.6145629883,0.4815063477,0.5784301758
57344397.0,2968.0,0.0,0.39453125,0.2265625,1.2890625,0
57351429.0,7032.0,1.0,0.2332763672,-0.6165161133,0.4826049805,0.5767211914
57354397.0,2968.0,0.0,-0.12890625,0.1640625,1.31640625,0
57362429.0,8032.0,1.0,0.2298583984,-0.6185302734,0.4835205078,0.5751342773
57365397.0,2968.0,0.0,-0.3125,0.05859375,2.03515625,0
57371429.0,6032.0,1.0,0.2263793945,-0.6204833984,0.4843139648,0.5737304688
57374397.0,2968.0,0.0,0.46875,0.1484375,1.82421875,0
57381429.0,7032.0,1.0,0.2224121094,-0.6226806641,0.4849853516,0.5723266602
57384397.0,2968.0,0.0,0.67578125,-0.08203125,1.47265625,0
57391429.0,7032.0,1.0,0.2185058594,-0.6247558594,0.4857177734,0.5709838867
57394397.0,2968.0,0.0,0.796875,-0.265625,1.1875,0
57402429.0,8032.0,1.0,0.2145996094,-0.6267700195,0.4863891602,0.5696411133
57405397.0,2968.0,0.0,1.00390625,-0.71875,1.0234375,0
57412429.0,7032.0,1.0,0.2105102539,-0.6288452148,0.4871826172,0.5682373047
57415397.0,2968.0,0.0,0.24609375,-0.796875,1.078125,0
57421429.0,6032.0,1.0,0.2065429688,-0.6307983398,0.4877929688,0.5670166016
57424397.0,2968.0,0.0,-0.32421875,0.046875,0.640625,0
57431429.0,7032.0,1.0,0.2023925781,-0.6327514648,0.48828125,0.5659179688
57434397.0,2968.0,0.0,-0.8515625,0.08203125,0.46484375,0
57442429.0,8032.0,1.0,0.1981201172,-0.6347045898,0.4886474609,0.5648803711
57445397.0,2968.0,0.0,-1.07421875,0.12109375,0.25390625,0
57451429.0,6032.0,1.0,0.1936645508,-0.6366577148,0.4888305664,0.5640869141
57454397.0,2968.0,0.0,-1.05859375,1.078125,1.33203125,0
57461429.0,7032.0,1.0,0.1889648438,-0.638671875,0.4887695313,0.5634765625
57464397.0,2968.0,0.0,-1.25390625,0.87890625,2.109375,0
57472429.0,8032.0,1.0,0.1838989258,-0.6407470703,0.4885864258,0.5629882813
57475397.0,2968.0,0.0,-2.1171875,0.265625,2.30078125,0
57482429.0,7032.0,1.0,0.1785888672,-0.6427612305,0.4884033203,0.5625610352
57485397.0,2968.0,0.0,-2.9921875,-0.671875,1.99609375,0
57497429.0,12032.0,1.0,0.1733398438,-0.6444091797,0.4885864258,0.5621337891
57502429.0,5000.0,1.0,0.1677856445,-0.6458740234,0.4891967773,0.5616455078
57504397.0,1968.0,0.0,-3.53125,-1.5625,1.28515625,0
57512429.0,8032.0,1.0,0.1618041992,-0.6470336914,0.4904174805,0.5609130859
57515397.0,2968.0,0.0,-4.46484375,-1.52734375,1.1015625,0
57521429.0,6032.0,1.0,0.1560058594,-0.6477661133,0.4922485352,0.5601196289
57524397.0,2968.0,0.0,-5.5,-1.19140625,1.42578125,0
57531429.0,7032.0,1.0,0.1501464844,-0.6480102539,0.4950561523,0.5589599609
57534397.0,2968.0,0.0,-6.09375,-1.7734375,2.4375,0
57541429.0,7032.0,1.0,0.1445922852,-0.6477050781,0.4989624023,0.5573730469
57545397.0,3968.0,0.0,-6.8125,-2.2890625,3.3046875,0
57552429.0,7032.0,1.0,0.1395874023,-0.6466064453,0.5045166016,0.5548706055
57555397.0,2968.0,0.0,-7.07421875,-2.7734375,3.6875,0
57561429.0,6032.0,1.0,0.1356201172,-0.6448364258,0.5114746094,0.5515136719
57564397.0,2968.0,0.0,-7.14453125,-2.24609375,2.90234375,0
57571429.0,7032.0,1.0,0.1320800781,-0.6419677734,0.5209960938,0.5468139648
57574397.0,2968.0,0.0,-7.125,-1.09375,2.65625,0
57581429.0,7032.0,1.0,0.1293945313,-0.6383056641,0.5314331055,0.5416870117
57584397.0,2968.0,0.0,-7.37890625,0.0078125,2.546875,0
57592429.0,8032.0,1.0,0.1270141602,-0.6337280273,0.5430908203,0.5360107422
57595397.0,2968.0,0.0,-7.51953125,1.66015625,0.3046875,0
57602429.0,7032.0,1.0,0.1246337891,-0.6282348633,0.5557861328,0.5300292969
57605397.0,2968.0,0.0,-8.35546875,5.3125,-0.453125,0
57617429.0,12032.0,1.0,0.1221923828,-0.6225585938,0.5673828125,0.5250244141
57622397.0,4968.0,0.0,-8.50390625,11.09765625,-2.52734375,0
57625429.0,3032.0,1.0,0.1186523438,-0.6154174805,0.5802612305,0.5200805664
57628397.0,2968.0,0.0,-9.6640625,12.88671875,-2.87890625,0
57632429.0,4032.0,1.0,0.1134033203,-0.6068115234,0.59375,0.5161132813
57635397.0,2968.0,0.0,-10.73828125,14.546875,-1.58984375,0
57642429.0,7032.0,1.0,0.1067504883,-0.5982666016,0.6049194336,0.5145263672
57645397.0,2968.0,0.0,-10.57421875,14.80859375,-3.10546875,0
57651429.0,6032.0,1.0,0.0970458984,-0.5887451172,0.6148681641,0.5156860352
57654397.0,2968.0,0.0,-8.984375,14.55859375,-0.5234375,0
57662429.0,8032.0,1.0,0.0841674805,-0.5788574219,0.6223754883,0.5200195313
57665397.0,2968.0,0.0,-6.05078125,12.578125,1.99609375,0
57672429.0,7032.0,1.0,0.0690307617,-0.5688476563,0.6278076172,0.5267944336
57675397.0,2968.0,0.0,0.65625,3.2109375,2.74609375,0
57682429.0,7032.0,1.0,0.0546875,-0.5582885742,0.633972168,0.5323486328
57685397.0,2968.0,0.0,0.56640625,-8.59375,4.78125,0
57697429.0,12032.0,1.0,0.0447998047,-0.5466308594,0.6427612305,0.5347900391
57702429.0,5000.0,1.0,0.0346679687,-0.533203125,0.6492919922,0.5412597656
57704397.0,1968.0,0.0,0.94140625,28.84375,-8.703125,0
57712429.0,8032.0,1.0,0.0177612305,-0.5183105469,0.6454467773,0.5607910156
57715397.0,2968.0,0.0,4.2265625,29.2890625,-21.98046875,0
57722429.0,7032.0,1.0,0.0025634766,0.5037841797,-0.6302490234,-0.5907592773
57725397.0,2968.0,0.0,6.53125,13.2578125,-17.7421875,0
57732429.0,7032.0,1.0,0.0195922852,0.4885864258,-0.6104736328,-0.6231079102
57735397.0,2968.0,0.0,5.2421875,-7.33203125,-14.79296875,0
57742429.0,7032.0,1.0,0.0283813477,0.4735107422,-0.5926513672,-0.6509399414
57745397.0,2968.0,0.0,5.9609375,-10.78515625,-9.05859375,0
57756429.0,11032.0,1.0,0.0307006836,0.4602661133,-0.576965332,-0.6740112305
57760397.0,3968.0,0.0,0.578125,-11.4921875,-0.0859375,0
57763429.0,3032.0,1.0,0.0296630859,0.447265625,-0.5587768555,-0.6977539063
57766397.0,2968.0,0.0,0.640625,-11.5078125,-0.71875,0
57772429.0,6032.0,1.0,0.0255126953,0.4349975586,-0.5379638672,-0.7216186523
57775397.0,2968.0,0.0,2.6875,-13.8515625,0.2265625,0
57782429.0,7032.0,1.0,0.0183105469,0.4244384766,-0.5178833008,-0.7424926758
57785397.0,2968.0,0.0,3.9140625,-15.59375,-0.98828125,0
57796429.0,11032.0,1.0,0.0084838867,0.4155273438,-0.4997558594,-0.7599487305
57799397.0,2968.0,0.0,6.3671875,-14.46484375,0.45703125,0
57803429.0,4032.0,1.0,0.005065918,-0.4069824219,0.4810180664,0.7764892578
57806397.0,2968.0,0.0,7.57421875,-12.31640625,0.6875,0
57812429.0,6032.0,1.0,0.0192260742,-0.4001464844,0.4647216797,0.7896728516
57815397.0,2968.0,0.0,7.8203125,-10.08984375,0.5703125,0
57822429.0,7032.0,1.0,0.0343017578,-0.3944091797,0.4488525391,0.8011474609
57825397.0,2968.0,0.0,7.6015625,-9.2578125,-0.0703125,0
57837429.0,12032.0,1.0,0.0489501953,-0.389831543,0.4346313477,0.8103637695
57842397.0,4968.0,0.0,6.71484375,-10.125,-0.046875,0
57845429.0,3032.0,1.0,0.0648193359,-0.3857421875,0.4211425781,0.818359375
57848397.0,2968.0,0.0,6.2578125,-9.8515625,0.15234375,0
57852429.0,4032.0,1.0,0.0819091797,-0.3819580078,0.4089355469,0.8247680664
57855397.0,2968.0,0.0,6.359375,-9.5859375,-0.09765625,0
57862429.0,7032.0,1.0,0.09765625,-0.3787841797,0.399230957,0.8292236328
57865397.0,2968.0,0.0,5.75390625,-7.19921875,0.3046875,0
57872429.0,7032.0,1.0,0.1133422852,-0.3760375977,0.3903198242,0.8327026367
57875397.0,2968.0,0.0,5.87890625,-6.78125,0.1640625,0
57882429.0,7032.0,1.0,0.1287841797,-0.3737182617,0.3818359375,0.8354492188
57885397.0,2968.0,0.0,6.21875,-6.69921875,0.11328125,0
57892429.0,7032.0,1.0,0.1435546875,-0.3718261719,0.3739624023,0.8374023438
57895397.0,2968.0,0.0,6.48046875,-6.75,0.08203125,0
57902429.0,7032.0,1.0,0.1578979492,-0.3702392578,0.3669433594,0.8386230469
57905397.0,2968.0,0.0,6.58203125,-6.35546875,0.109375,0
57917429.0,12032.0,1.0,0.1712036133,-0.3690795898,0.3609619141,0.8391723633
57922397.0,4968.0,0.0,6.94140625,-5.5546875,0.5,0
57925429.0,3032.0,1.0,0.1848144531,-0.3681030273,0.3552856445,0.8391113281
57928397.0,2968.0,0.0,7.03515625,-5.05078125,0.7890625,0
57932429.0,4032.0,1.0,0.1985473633,-0.3673706055,0.3499755859,0.8385620117
57935397.0,2968.0,0.0,7.08203125,-4.85546875,0.703125,0
57941429.0,6032.0,1.0,0.2100219727,-0.3669433594,0.3457641602,0.8377075195
57944397.0,2968.0,0.0,6.546875,-4.078125,1.2890625,0
57952429.0,8032.0,1.0,0.2220458984,-0.3668823242,0.3415527344,0.8363647461
57955397.0,2968.0,0.0,6.125,-4.03125,1.57421875,0
57962429.0,7032.0,1.0,0.2328491211,-0.3671264648,0.3378295898,0.834777832
57965397.0,2968.0,0.0,5.3671875,-3.90625,1.91015625,0
57972429.0,7032.0,1.0,0.2427368164,-0.3678588867,0.3346557617,0.8329467773
57975397.0,2968.0,0.0,4.6796875,-3.80859375,2.0703125,0
57981429.0,6032.0,1.0,0.2515869141,-0.3688354492,0.3322753906,0.8308105469
57984397.0,2968.0,0.0,3.953125,-3.83984375,1.7109375,0
57996429.0,12032.0,1.0,0.2604370117,-0.3701171875,0.3306884766,0.828125
57999397.0,2968.0,0.0,3.953125,-3.4921875,1.2421875,0
58003429.0,4032.0,1.0,0.2694091797,-0.3715820313,0.3300170898,0.8248901367
58006397.0,2968.0,0.0,3.6953125,-2.38671875,0.03125,0
58012429.0,6032.0,1.0,0.2770385742,-0.3731689453,0.3300170898,0.8216552734
58015397.0,2968.0,0.0,3.734375,-2.30078125,0.046875,0
58022429.0,7032.0,1.0,0.284362793,-0.3749389648,0.3303222656,0.8181762695
58025397.0,2968.0,0.0,3.390625,-1.67578125,-1.0703125,0
58032429.0,7032.0,1.0,0.2913208008,-0.3768920898,0.3309936523,0.8145751953
58035397.0,2968.0,0.0,3.2421875,-1.71484375,-1.64453125,0
58042429.0,7032.0,1.0,0.297668457,-0.37890625,0.33203125,0.8109130859
58045397.0,2968.0,0.0,3.015625,-1.73046875,-2.1875,0
58052429.0,7032.0,1.0,0.3036499023,-0.3809814453,0.3334350586,0.8071289063
58055397.0,2968.0,0.0,2.75390625,-1.3984375,-2.515625,0
58062429.0,7032.0,1.0,0.3090209961,-0.3832397461,0.3348388672,0.8034667969
58065397.0,2968.0,0.0,2.52734375,0.3515625,-2.9609375,0
58072429.0,7032.0,1.0,0.3135986328,-0.3858032227,0.3357543945,0.8000488281
58075397.0,2968.0,0.0,2.17578125,0.51953125,-2.796875,0
58082429.0,7032.0,1.0,0.317565918,-0.3886108398,0.3363647461,0.796875
58085397.0,2968.0,0.0,1.953125,0.0078125,-2.67578125,0
58092429.0,7032.0,1.0,0.3208618164,-0.3913574219,0.3369750977,0.7939453125
58095397.0,2968.0,0.0,1.109375,-0.3203125,-2.8203125,0
58102429.0,7032.0,1.0,0.3237915039,-0.3939819336,0.3378295898,0.7910766602
58105397.0,2968.0,0.0,1.02734375,-0.46484375,-3.0703125,0
58112429.0,7032.0,1.0,0.3263549805,-0.3964233398,0.3389282227,0.7883300781
58115397.0,2968.0,0.0,0.67578125,-0.2734375,-3.33203125,0
58122429.0,7032.0,1.0,0.3283691406,-0.3989257813,0.3400878906,0.7857055664
58125397.0,2968.0,0.0,0.171875,-0.04296875,-3.61328125,0
58136429.0,11032.0,1.0,0.3298950195,-0.4013061523,0.3411865234,0.7834472656
58139397.0,2968.0,0.0,-0.9921875,0.35546875,-3.03125,0
58143429.0,4032.0,1.0,0.3309326172,-0.4039306641,0.3422241211,0.7811889648
58146397.0,2968.0,0.0,-1.34375,0.3125,-3.51171875,0
58152429.0,6032.0,1.0,0.3315429688,-0.4069824219,0.3430175781,0.7789916992
58155397.0,2968.0,0.0,-2.00390625,0.265625,-3.06640625,0
58162429.0,7032.0,1.0,0.3316650391,-0.4100952148,0.3435668945,0.7770385742
58165397.0,2968.0,0.0,-2.36328125,-0.24609375,-2.3984375,0
58171429.0,6032.0,1.0,0.3314208984,-0.413269043,0.3439941406,0.7752685547
58174397.0,2968.0,0.0,-2.33203125,-0.98046875,-2.91015625,0
58182429.0,8032.0,1.0,0.330871582,-0.416809082,0.3446655273,0.7733154297
58185397.0,2968.0,0.0,-1.95703125,-0.5390625,-3.03125,0
58192429.0,7032.0,1.0,0.3302612305,-0.4204711914,0.345703125,0.7711181641
58195397.0,2968.0,0.0,-1.84765625,-0.20703125,-3.65234375,0
58202429.0,7032.0,1.0,0.3297729492,-0.4240112305,0.3471069336,0.768737793
58205397.0,2968.0,0.0,-2.4609375,0.49609375,-3.6796875,0
58212429.0,7032.0,1.0,0.329284668,-0.4275512695,0.3489990234,0.7661743164
58215397.0,2968.0,0.0,-4.26171875,0.7734375,-2.875,0
58222429.0,7032.0,1.0,0.328918457,-0.4307861328,0.3514404297,0.7633666992
58226397.0,3968.0,0.0,-4.92578125,1.1484375,-3.203125,0
58232429.0,6032.0,1.0,0.3286743164,-0.4338378906,0.3546142578,0.7602539063
58235397.0,2968.0,0.0,-5.125,1.609375,-4.10546875,0
58242429.0,7032.0,1.0,0.3286132813,-0.4365234375,0.358581543,0.7568359375
58245397.0,2968.0,0.0,-4.51171875,1.35546875,-3.765625,0
58252429.0,7032.0,1.0,0.3286743164,-0.4390869141,0.36328125,0.7531738281
58255397.0,2968.0,0.0,-2.79296875,0.94921875,-1.125,0
58262429.0,7032.0,1.0,0.3284912109,-0.4417114258,0.3684082031,0.7491455078
58265397.0,2968.0,0.0,-2.49609375,0.03515625,0.3984375,0
58272429.0,7032.0,1.0,0.3280029297,-0.4444580078,0.3737182617,0.7450561523
58275397.0,2968.0,0.0,-3.11328125,-1.22265625,1.453125,0
58282429.0,7032.0,1.0,0.3272705078,-0.4473876953,0.3795776367,0.7407226563
58285397.0,2968.0,0.0,-5.52734375,-0.953125,-0.75,0
58292429.0,7032.0,1.0,0.3266601563,-0.450012207,0.3858642578,0.7361450195
58295397.0,2968.0,0.0,-5.45703125,-1.26171875,-2.6796875,0
58302429.0,7032.0,1.0,0.3262939453,-0.452331543,0.3927612305,0.731262207
58306397.0,3968.0,0.0,-5.12109375,-0.51171875,-4.2265625,0
58313429.0,7032.0,1.0,0.3260498047,-0.4544067383,0.3991699219,0.7265625
58316397.0,2968.0,0.0,-4.8671875,0.4140625,-5.1953125,0
58325429.0,9032.0,1.0,0.3257446289,-0.4566040039,0.4053955078,0.7218017578
58328397.0,2968.0,0.0,-5.06640625,1.21875,-5.40625,0
58332429.0,4032.0,1.0,0.3254394531,-0.4591064453,0.4111938477,0.7171020508
58335397.0,2968.0,0.0,-4.27734375,0.30859375,-5.57421875,0
58342429.0,7032.0,1.0,0.3251953125,-0.4616088867,0.4161376953,0.7127075195
58345397.0,2968.0,0.0,-3.05859375,0.28515625,-4.94921875,0
58352429.0,7032.0,1.0,0.3247680664,-0.4647216797,0.4202270508,0.7084960938
58355397.0,2968.0,0.0,-2.45703125,1.73046875,-5.3984375,0
58362429.0,7032.0,1.0,0.3240966797,-0.4681396484,0.4229125977,0.7049560547
58365397.0,2968.0,0.0,-3.421875,3.46484375,-6.8125,0
58372429.0,7032.0,1.0,0.3231201172,-0.4722900391,0.4244384766,0.7017211914
58375397.0,2968.0,0.0,-4.08984375,3.75390625,-6.67578125,0
58382429.0,7032.0,1.0,0.3220825195,-0.4764404297,0.4247436523,0.69921875
58385397.0,2968.0,0.0,-3.40625,2.796875,-7.5078125,0
58392429.0,7032.0,1.0,0.3210449219,-0.4808349609,0.4240722656,0.6970825195
58395397.0,2968.0,0.0,-3.03125,4.17578125,-6.81640625,0
58402429.0,7032.0,1.0,0.3201293945,-0.4851074219,0.4232788086,0.6950073242
58405397.0,2968.0,0.0,-1.98046875,0.77734375,-4.21875,0
58412429.0,7032.0,1.0,0.3196411133,-0.4891357422,0.4229125977,0.6926269531
58415397.0,2968.0,0.0,-1.7578125,2.01171875,-3.3359375,0
58422429.0,7032.0,1.0,0.3193969727,-0.4928588867,0.4229736328,0.6900634766
58425397.0,2968.0,0.0,-2.234375,2.39453125,-2.953125,0
58432429.0,7032.0,1.0,0.3192138672,-0.4962768555,0.4232788086,0.6875
58435397.0,2968.0,0.0,-2.515625,2.2734375,-2.6796875,0
58442429.0,7032.0,1.0,0.3190307617,-0.4995117188,0.4235839844,0.6850585938
58445397.0,2968.0,0.0,-2.4921875,1.421875,-1.69140625,0
58452429.0,7032.0,1.0,0.3186645508,-0.5026245117,0.4238891602,0.6827392578
58455397.0,2968.0,0.0,-3.01171875,0.58203125,-1.5,0
58462429.0,7032.0,1.0,0.3182373047,-0.5055541992,0.4244995117,0.6804199219
58465397.0,2968.0,0.0,-2.72265625,-1.12109375,-1.19140625,0
58472429.0,7032.0,1.0,0.3178100586,-0.5082397461,0.42578125,0.6777954102
58475397.0,2968.0,0.0,-2.62890625,-1.33984375,-0.8046875,0
58482429.0,7032.0,1.0,0.3174438477,-0.510559082,0.427734375,0.674987793
58485397.0,2968.0,0.0,-2.421875,-1.5625,-1.140625,0
58492429.0,7032.0,1.0,0.3170776367,-0.5126342773,0.4302978516,0.6719970703
58495397.0,2968.0,0.0,-2.25390625,-1.41015625,-1.66796875,0
58502429.0,7032.0,1.0,0.3167724609,-0.5142211914,0.4332885742,0.6689453125
58505397.0,2968.0,0.0,-2.0546875,-0.68359375,-2.49609375,0
58516429.0,11032.0,1.0,0.3164672852,-0.5154418945,0.436340332,0.6661376953
58519397.0,2968.0,0.0,-0.59765625,-0.0078125,-1.99609375,0
58523429.0,4032.0,1.0,0.3160400391,-0.5166625977,0.4395751953,0.663269043
58526397.0,2968.0,0.0,-0.24609375,-0.7890625,-0.53125,0
58532429.0,6032.0,1.0,0.3154296875,-0.5179443359,0.4428100586,0.6604614258
58535397.0,2968.0,0.0,-0.23828125,-0.8828125,0.24609375,0
58542429.0,7032.0,1.0,0.3146362305,-0.5191650391,0.4460449219,0.6576538086
58545397.0,2968.0,0.0,-0.09375,-1.76953125,0.0625,0
58552429.0,7032.0,1.0,0.3137817383,-0.5203857422,0.44921875,0.6549682617
58555397.0,2968.0,0.0,0.71875,-0.4921875,-1.26953125,0
58562429.0,7032.0,1.0,0.3126831055,-0.5216064453,0.4525146484,0.6522216797
58565397.0,2968.0,0.0,0.52734375,0.05859375,-1.14453125,0
58572429.0,7032.0,1.0,0.3115844727,-0.5227661133,0.4556274414,0.6496582031
58575397.0,2968.0,0.0,0.375,0.265625,-1.1796875,0
58582429.0,7032.0,1.0,0.3104248047,-0.5239868164,0.4584960938,0.6472167969
58585397.0,2968.0,0.0,0.453125,0.171875,-0.55859375,0
58592429.0,7032.0,1.0,0.3090820313,-0.525390625,0.4611206055,0.6448364258
58595397.0,2968.0,0.0,-0.4296875,-1.2890625,0.859375,0
58602429.0,7032.0,1.0,0.3076782227,-0.5269165039,0.4635620117,0.6424560547
58605397.0,2968.0,0.0,-0.8203125,-0.6171875,0.2578125,0
58612429.0,7032.0,1.0,0.3061523438,-0.5285644531,0.4658813477,0.6401977539
58615397.0,2968.0,0.0,-0.54296875,0.01953125,0.14453125,0
58622429.0,7032.0,1.0,0.3045654297,-0.5302124023,0.4681396484,0.637878418
58625397.0,2968.0,0.0,0.3671875,-0.1796875,-0.24609375,0
58632429.0,7032.0,1.0,0.3030395508,-0.5318603516,0.4703369141,0.6356201172
58635397.0,2968.0,0.0,1.31640625,0.2734375,0.26171875,0
58642429.0,7032.0,1.0,0.3015136719,-0.5335693359,0.4724121094,0.6334228516
58645397.0,2968.0,0.0,1.77734375,0.21875,0.64453125,0
58652429.0,7032.0,1.0,0.2998657227,-0.5353393555,0.4744262695,0.6311645508
58655397.0,2968.0,0.0,1.5390625,-0.2109375,0.76171875,0
58662429.0,7032.0,1.0,0.2981567383,-0.5371704102,0.4763183594,0.6290283203
58665397.0,2968.0,0.0,0.07421875,-0.1875,0.52734375,0
58672429.0,7032.0,1.0,0.2962036133,-0.5391235352,0.4780883789,0.626953125
58675397.0,2968.0,0.0,-0.19140625,-0.3515625,0.06640625,0
58682429.0,7032.0,1.0,0.2941894531,-0.5410766602,0.4797363281,0.6248779297
58685397.0,2968.0,0.0,-0.1640625,-0.5859375,-0.390625,0
58692429.0,7032.0,1.0,0.2922973633,-0.54296875,0.4815063477,0.6228027344
58695397.0,2968.0,0.0,0.01953125,-0.41015625,-0.5703125,0
58702429.0,7032.0,1.0,0.2907104492,-0.5445556641,0.4833984375,0.6207275391
58705397.0,2968.0,0.0,0.12890625,-0.49609375,0.41015625,0
58712429.0,7032.0,1.0,0.2891235352,-0.5461425781,0.4856567383,0.6182861328
58715397.0,2968.0,0.0,0.19921875,-0.47265625,1.0625,0
58722429.0,7032.0,1.0,0.2875976563,-0.547668457,0.4878540039,0.6159057617
58726397.0,3968.0,0.0,-0.5078125,-0.12890625,1.484375,0
58732429.0,6032.0,1.0,0.285949707,-0.5493164063,0.4899291992,0.6135864258
58735397.0,2968.0,0.0,-1.2421875,0.20703125,1.78515625,0
58742429.0,7032.0,1.0,0.2841796875,-0.5510253906,0.4916992188,0.6114501953
58745397.0,2968.0,0.0,-0.828125,-1.26171875,2.515625,0
58757429.0,12032.0,1.0,0.2821044922,-0.5529174805,0.4935302734,0.6091918945
58761397.0,3968.0,0.0,-0.453125,-0.7734375,1.12890625,0
58764429.0,3032.0,1.0,0.2799682617,-0.5548706055,0.4953613281,0.6069335938
58767397.0,2968.0,0.0,-0.234375,-1.01953125,0.83203125,0
58772429.0,5032.0,1.0,0.2778320313,-0.5567626953,0.497253418,0.6046142578
58775397.0,2968.0,0.0,-0.25,-1.03515625,0.90234375,0
58782429.0,7032.0,1.0,0.2758789063,-0.5585327148,0.4991455078,0.6022949219
58785397.0,2968.0,0.0,-0.265625,0.3359375,-0.16015625,0
58792429.0,7032.0,1.0,0.274230957,-0.5601806641,0.5009765625,0.6000366211
58795397.0,2968.0,0.0,-0.08984375,0.90625,-0.3203125,0
58802429.0,7032.0,1.0,0.2727050781,-0.5620117188,0.5025634766,0.59765625
58805397.0,2968.0,0.0,0.171875,0.4140625,0.46875,0
58812429.0,7032.0,1.0,0.2712402344,-0.5640258789,0.5039672852,0.5952758789
58815397.0,2968.0,0.0,-0.06640625,-0.19921875,1.046875,0
58822429.0,7032.0,1.0,0.2697143555,-0.5661621094,0.5050048828,0.5930175781
58825397.0,2968.0,0.0,-0.6953125,0.375,0.57421875,0
58832429.0,7032.0,1.0,0.2680053711,-0.5686035156,0.5057373047,0.5908813477
58835397.0,2968.0,0.0,-0.84765625,0.23046875,0.421875,0
58843429.0,8032.0,1.0,0.2661743164,-0.5711669922,0.5060424805,0.5889892578
58846397.0,2968.0,0.0,-0.671875,0.19921875,0.93359375,0
58852429.0,6032.0,1.0,0.2642211914,-0.5738525391,0.5061035156,0.5871582031
58855397.0,2968.0,0.0,-0.14453125,1.28125,0.8046875,0
58862429.0,7032.0,1.0,0.2622070313,-0.5766601563,0.5057983398,0.5855712891
58865397.0,2968.0,0.0,-0.34375,2.0546875,0.4453125,0
58872429.0,7032.0,1.0,0.2600708008,-0.5795898438,0.5051879883,0.5841674805
58875397.0,2968.0,0.0,-0.3515625,1.87890625,0.1484375,0
58883429.0,8032.0,1.0,0.2576904297,-0.5827026367,0.5041503906,0.5830078125
58886397.0,2968.0,0.0,-0.5859375,0.890625,0.35546875,0
58892429.0,6032.0,1.0,0.2551879883,-0.5858154297,0.5029296875,0.5819702148
58895397.0,2968.0,0.0,-1.19921875,0.515625,1.1328125,0
58902429.0,7032.0,1.0,0.2524414063,-0.5892333984,0.5015258789,0.5809936523
58905397.0,2968.0,0.0,-0.44140625,0.37109375,1.41015625,0
58912429.0,7032.0,1.0,0.2496948242,-0.592590332,0.5001220703,0.5800170898
58915397.0,2968.0,0.0,0.4296875,0.39453125,1.5703125,0
58923429.0,8032.0,1.0,0.2469482422,-0.5958862305,0.4987182617,0.578918457
58926397.0,2968.0,0.0,0.65234375,0.9765625,1.76953125,0
58932429.0,6032.0,1.0,0.2443237305,-0.5991210938,0.4974365234,0.5778808594
58935397.0,2968.0,0.0,-0.3125,1.59765625,0.60546875,0
58942429.0,7032.0,1.0,0.2414550781,-0.6024780273,0.4960327148,0.5767822266
58945397.0,2968.0,0.0,-0.47265625,1.94921875,0.65234375,0
58952429.0,7032.0,1.0,0.2384033203,-0.6056518555,0.4947509766,0.5758056641
58955397.0,2968.0,0.0,0.5078125,1.44921875,0.203125,0
58963429.0,8032.0,1.0,0.2352294922,-0.6086425781,0.4936523438,0.5748901367
58966397.0,2968.0,0.0,0.33984375,0.8203125,1.4765625,0
58978429.0,12032.0,1.0,0.2320556641,-0.6113891602,0.4930419922,0.5737915039
58983429.0,5000.0,1.0,0.2288818359,-0.6139526367,0.4930419922,0.5723266602
58985397.0,1968.0,0.0,1.5703125,-0.19140625,2.7421875,0
58992429.0,7032.0,1.0,0.2259521484,-0.6163330078,0.4938964844,0.5701904297
58995397.0,2968.0,0.0,0.97265625,-0.08984375,2.734375,0
59003429.0,8032.0,1.0,0.2233886719,-0.618347168,0.4955444336,0.5676269531
59006397.0,2968.0,0.0,0.94140625,-0.296875,2.73828125,0
59012429.0,6032.0,1.0,0.2211303711,-0.6201782227,0.4976806641,0.5646362305
59015397.0,2968.0,0.0,-0.15234375,-0.54296875,1.4453125,0
59022429.0,7032.0,1.0,0.2190551758,-0.6217041016,0.5002441406,0.5614624023
59025397.0,2968.0,0.0,-0.5703125,-0.40625,0.984375,0
59032429.0,7032.0,1.0,0.2170410156,-0.6231689453,0.5029907227,0.5582275391
59035397.0,2968.0,0.0,-0.30078125,-0.19140625,0.3828125,0
59042429.0,7032.0,1.0,0.2149047852,-0.6245117188,0.5056762695,0.5550537109
59045397.0,2968.0,0.0,0.5859375,0.25390625,0.58203125,0
59052429.0,7032.0,1.0,0.2125854492,-0.6259765625,0.5081176758,0.5520629883
59055397.0,2968.0,0.0,0.671875,0.4609375,1.65625,0
59062429.0,7032.0,1.0,0.2098388672,-0.627746582,0.5100708008,0.5493164063
59066397.0,3968.0,0.0,0.5234375,0.59765625,2.04296875,0
59072429.0,6032.0,1.0,0.2065429688,-0.6297607422,0.5115356445,0.546875
59075397.0,2968.0,0.0,0.0625,1.26171875,2.12109375,0
59082429.0,7032.0,1.0,0.2026977539,-0.6319580078,0.5122680664,0.5450439453
59085397.0,2968.0,0.0,-0.7734375,0.16015625,0.87890625,0
59092429.0,7032.0,1.0,0.198059082,-0.6343994141,0.5125732422,0.5436401367
59095397.0,2968.0,0.0,-1.4609375,-0.63671875,0.3671875,0
59102429.0,7032.0,1.0,0.1931762695,-0.63671875,0.5126953125,0.5426025391
59105397.0,2968.0,0.0,-2.06640625,-0.83984375,0.19140625,0
59112429.0,7032.0,1.0,0.1881713867,-0.6389160156,0.512878418,0.5416259766
59115397.0,2968.0,0.0,-2.53515625,-1.0,-0.13671875,0
59122429.0,7032.0,1.0,0.1834716797,-0.6407470703,0.5133666992,0.5405883789
59125397.0,2968.0,0.0,-4.0234375,-0.625,1.22265625,0
59132429.0,7032.0,1.0,0.1782836914,-0.6425170898,0.5143432617,0.5392456055
59135397.0,2968.0,0.0,-4.875,-0.18359375,1.0546875,0
59142429.0,7032.0,1.0,0.1732177734,-0.6439819336,0.5156860352,0.5379638672
59145397.0,2968.0,0.0,-5.34375,0.18359375,1.30078125,0
59152429.0,7032.0,1.0,0.1678466797,-0.6450805664,0.5174560547,0.5365600586
59155397.0,2968.0,0.0,-6.1953125,0.15234375,2.78125,0
59162429.0,7032.0,1.0,0.1624145508,-0.6457519531,0.5200195313,0.5350341797
59165397.0,2968.0,0.0,-5.71875,-0.4609375,3.9921875,0
59177429.0,12032.0,1.0,0.1571655273,-0.6458740234,0.5234985352,0.5330200195
59181397.0,3968.0,0.0,-7.27734375,-0.69140625,4.67578125,0
59184429.0,3032.0,1.0,0.1520385742,-0.6450805664,0.5288085938,0.5301513672
59187397.0,2968.0,0.0,-8.3828125,-0.2109375,4.609375,0
59192429.0,5032.0,1.0,0.147644043,-0.6431274414,0.5364379883,0.5261230469
59195397.0,2968.0,0.0,-8.4765625,-0.296875,4.7109375,0
59202429.0,7032.0,1.0,0.1444091797,-0.6400146484,0.5460205078,0.5209960938
59205397.0,2968.0,0.0,-10.63671875,-0.0859375,5.82421875,0
59212429.0,7032.0,1.0,0.1422119141,-0.6354370117,0.5578613281,0.5145874023
59215397.0,2968.0,0.0,-11.96484375,2.04296875,5.41796875,0
59223429.0,8032.0,1.0,0.1407470703,-0.6293334961,0.5720825195,0.5068969727
59226397.0,2968.0,0.0,-13.46875,3.3359375,4.2734375,0
59232429.0,6032.0,1.0,0.1392822266,-0.6217041016,0.5874633789,0.4989624023
59235397.0,2968.0,0.0,-16.3984375,10.62890625,-0.58984375,0
59242429.0,7032.0,1.0,0.1365966797,-0.6128540039,0.6029052734,0.4921875
59245397.0,2968.0,0.0,-15.51171875,11.65234375,-2.83203125,0
59252429.0,7032.0,1.0,0.1312866211,-0.6028442383,0.6174926758,0.4879150391
59255397.0,2968.0,0.0,-13.59375,13.88671875,-2.76953125,0
59263429.0,8032.0,1.0,0.1225585938,-0.5922241211,0.6298217773,0.4874267578
59266397.0,2968.0,0.0,-10.66015625,14.984375,-2.25390625,0
59277429.0,11032.0,1.0,0.1103515625,-0.5814819336,0.6392822266,0.4909667969
59282397.0,4968.0,0.0,-0.18359375,8.08984375,2.328125,0
59285429.0,3032.0,1.0,0.0947875977,-0.5704345703,0.6462402344,0.4979858398
59288397.0,2968.0,0.0,-0.37890625,7.73046875,2.25,0
59292429.0,4032.0,1.0,0.0779418945,-0.5590209961,0.6522216797,0.5059814453
59295397.0,2968.0,0.0,1.140625,0.3515625,2.65234375,0
59303429.0,8032.0,1.0,0.0645751953,-0.546081543,0.6608276367,0.5108032227
59306397.0,2968.0,0.0,0.41796875,-12.5625,0.75390625,0
59312429.0,6032.0,1.0,0.0537109375,-0.5324707031,0.66796875,0.5170898438
59315397.0,2968.0,0.0,1.109375,33.64453125,-15.58984375,0
59322429.0,7032.0,1.0,0.0370483398,-0.5176391602,0.6658325195,0.5360107422
59325397.0,2968.0,0.0,2.28125,34.44921875,-19.58984375,0
59334429.0,9032.0,1.0,0.0158081055,-0.5034790039,0.6514282227,0.5673828125
59337397.0,2968.0,0.0,6.57421875,23.8203125,-24.8359375,0
59344429.0,7032.0,1.0,0.005065918,0.4884033203,-0.6286010742,-0.6052246094
59347397.0,2968.0,0.0,7.96875,3.953125,-19.2578125,0
59352429.0,5032.0,1.0,0.0178222656,0.4732055664,-0.6064453125,-0.6387329102
59355397.0,2968.0,0.0,0.5234375,-14.84375,-8.07421875,0
59362429.0,7032.0,1.0,0.0219726562,0.4583129883,-0.5876464844,-0.6664428711
59365397.0,2968.0,0.0,-0.05859375,-13.98046875,-3.3828125,0
59374429.0,9032.0,1.0,0.020324707,0.4452514648,-0.5716552734,-0.6889038086
59377397.0,2968.0,0.0,1.98046875,-10.41796875,-2.03125,0
59384429.0,7032.0,1.0,0.0158081055,0.4329223633,-0.5535888672,-0.7113037109
59387397.0,2968.0,0.0,3.671875,-8.38671875,-0.87109375,0
59392429.0,5032.0,1.0,0.0095214844,0.4221191406,-0.5337524414,-0.7326660156
59395397.0,2968.0,0.0,5.1171875,-12.96875,-0.63671875,0
59402429.0,7032.0,1.0,0.0006713867,0.4121704102,-0.5128173828,-0.7530517578
59405397.0,2968.0,0.0,5.1171875,-15.25390625,1.22265625,0
59413429.0,8032.0,1.0,0.0106811523,-0.4036865234,0.4942016602,0.7698364258
59416397.0,2968.0,0.0,5.359375,-15.48046875,2.328125,0
59423429.0,7032.0,1.0,0.0240478516,-0.3966064453,0.4785766602,0.7830200195
59426397.0,2968.0,0.0,5.12890625,-12.58984375,2.875,0
59438429.0,12032.0,1.0,0.0385131836,-0.390625,0.4653930664,0.7932739258
59443397.0,4968.0,0.0,4.8203125,-8.6171875,2.1484375,0
59446429.0,3032.0,1.0,0.053894043,-0.385559082,0.4532470703,0.8018798828
59449397.0,2968.0,0.0,5.2421875,-7.96875,1.54296875,0
59453429.0,4032.0,1.0,0.0712280273,-0.380859375,0.4406738281,0.809753418
59456397.0,2968.0,0.0,5.3671875,-7.71875,1.25390625,0
59463429.0,7032.0,1.0,0.0860595703,-0.3775024414,0.4307861328,0.8151855469
59466397.0,2968.0,0.0,5.96875,-7.390625,1.10546875,0
59472429.0,6032.0,1.0,0.1022338867,-0.3743286133,0.4211425781,0.8198242188
59475397.0,2968.0,0.0,5.8984375,-6.734375,0.81640625,0
59483429.0,8032.0,1.0,0.1180419922,-0.3715209961,0.4126586914,0.8233032227
59486397.0,2968.0,0.0,5.76171875,-5.7578125,0.4375,0
59493429.0,7032.0,1.0,0.1334228516,-0.3690185547,0.4050292969,0.8258056641
59496397.0,2968.0,0.0,5.57421875,-5.2421875,0.12109375,0
59502429.0,6032.0,1.0,0.1480712891,-0.3668823242,0.3981933594,0.8275756836
59505397.0,2968.0,0.0,5.61328125,-4.6953125,-0.48046875,0
59517429.0,12032.0,1.0,0.1624755859,-0.3649291992,0.3916625977,0.8288574219
59520397.0,2968.0,0.0,5.9453125,-4.15234375,-0.3359375,0
59524429.0,4032.0,1.0,0.1765136719,-0.3633422852,0.3853149414,0.8296508789
59527397.0,2968.0,0.0,6.65625,-4.45703125,0.15234375,0
59533429.0,6032.0,1.0,0.1903686523,-0.3619995117,0.3793334961,0.8299560547
59536397.0,2968.0,0.0,6.71875,-4.26953125,0.03515625,0
59543429.0,7032.0,1.0,0.2034912109,-0.3609008789,0.3741455078,0.8296508789
59546397.0,2968.0,0.0,7.3046875,-4.39453125,0.58984375,0
59553429.0,7032.0,1.0,0.2155761719,-0.3600463867,0.3699951172,0.8288574219
59556397.0,2968.0,0.0,7.2734375,-3.90234375,0.4453125,0
59563429.0,7032.0,1.0,0.2272338867,-0.3594360352,0.3662109375,0.8276977539
59566397.0,2968.0,0.0,6.859375,-2.64453125,0.22265625,0
59573429.0,7032.0,1.0,0.2379760742,-0.359375,0.362121582,0.8264770508
59576397.0,2968.0,0.0,6.48046875,-1.18359375,-0.0234375,0
59583429.0,7032.0,1.0,0.2475585938,-0.3599853516,0.3572998047,0.8255004883
59586397.0,2968.0,0.0,6.44140625,-1.94140625,-0.69921875,0
59598429.0,12032.0,1.0,0.2559204102,-0.3612060547,0.3521728516,0.8245849609
59603397.0,4968.0,0.0,5.9453125,-4.046875,-0.609375,0
59605429.0,2032.0,1.0,0.2639770508,-0.3627319336,0.3475341797,0.8233642578
59613429.0,8000.0,1.0,0.2720947266,-0.3643798828,0.3439941406,0.821472168
59616397.0,2968.0,0.0,5.140625,-4.2890625,-0.51953125,0
59623429.0,7032.0,1.0,0.2796630859,-0.3659667969,0.3418579102,0.819152832
59626397.0,2968.0,0.0,4.98828125,-3.67578125,-0.6796875,0
59633429.0,7032.0,1.0,0.2867431641,-0.3676757813,0.3408203125,0.8163452148
59636397.0,2968.0,0.0,5.06640625,-3.359375,-0.75,0
59643429.0,7032.0,1.0,0.2935180664,-0.3695068359,0.3407592773,0.8131713867
59646397.0,2968.0,0.0,5.1796875,-3.19921875,-0.91796875,0
59653429.0,7032.0,1.0,0.2996826172,-0.3714599609,0.3414916992,0.8096923828
59656397.0,2968.0,0.0,4.5,-2.32421875,-1.57421875,0
59663429.0,7032.0,1.0,0.3054199219,-0.373840332,0.3427124023,0.8059692383
59666397.0,2968.0,0.0,3.8203125,-1.2265625,-2.05859375,0
59673429.0,7032.0,1.0,0.3100585938,-0.3767089844,0.3436279297,0.8024291992
59676397.0,2968.0,0.0,3.1015625,-0.89453125,-2.921875,0
59683429.0,7032.0,1.0,0.3139648438,-0.3798828125,0.3444824219,0.7990112305
59686397.0,2968.0,0.0,2.2265625,-1.40625,-3.48046875,0
59692429.0,6032.0,1.0,0.3171386719,-0.3827514648,0.345703125,0.7958984375
59695397.0,2968.0,0.0,0.2734375,-1.09375,-4.796875,0
59703429.0,8032.0,1.0,0.3201904297,-0.3856201172,0.3475952148,0.7924804688
59706397.0,2968.0,0.0,-0.0234375,0.01953125,-5.5390625,0
59713429.0,7032.0,1.0,0.3226928711,-0.3881835938,0.3495483398,0.7893066406
59716397.0,2968.0,0.0,-0.86328125,0.28125,-6.234375,0
59723429.0,7032.0,1.0,0.3247070313,-0.3907470703,0.3515014648,0.786315918
59726397.0,2968.0,0.0,-1.33203125,1.484375,-5.97265625,0
59738429.0,12032.0,1.0,0.326171875,-0.3931884766,0.3530883789,0.7838134766
59742397.0,3968.0,0.0,-2.7265625,0.2421875,-4.30078125,0
59745429.0,3032.0,1.0,0.3272094727,-0.3958740234,0.3545532227,0.7813720703
59748397.0,2968.0,0.0,-2.6875,0.265625,-4.23828125,0
59752429.0,4032.0,1.0,0.3277587891,-0.3986816406,0.3558959961,0.7790527344
59755397.0,2968.0,0.0,-3.421875,0.47265625,-2.63671875,0
59763429.0,8032.0,1.0,0.3280639648,-0.4016723633,0.357421875,0.7767333984
59766397.0,2968.0,0.0,-4.30859375,-0.19921875,-1.84375,0
59773429.0,7032.0,1.0,0.3281860352,-0.4046630859,0.3591308594,0.7742919922
59776397.0,2968.0,0.0,-4.80859375,-0.34765625,-0.92578125,0
59783429.0,7032.0,1.0,0.3281860352,-0.4077758789,0.361328125,0.7716674805
59786397.0,2968.0,0.0,-4.62109375,-0.75,-0.88671875,0
59793429.0,7032.0,1.0,0.3280639648,-0.4110107422,0.3638305664,0.7687988281
59796397.0,2968.0,0.0,-4.19921875,-0.75,-0.9453125,0
59803429.0,7032.0,1.0,0.3280639648,-0.4142456055,0.3668212891,0.7656860352
59806397.0,2968.0,0.0,-3.77734375,-0.13671875,-1.69921875,0
59813429.0,7032.0,1.0,0.328125,-0.4174194336,0.3701782227,0.7622680664
59816397.0,2968.0,0.0,-3.48046875,0.47265625,-1.9375,0
59823429.0,7032.0,1.0,0.3282470703,-0.4205932617,0.373840332,0.7586669922
59827397.0,3968.0,0.0,-2.7421875,0.4296875,-2.36328125,0
59833429.0,6032.0,1.0,0.3283691406,-0.4237670898,0.3778076172,0.7548828125
59836397.0,2968.0,0.0,-2.625,0.3046875,-2.53125,0
59843429.0,7032.0,1.0,0.3286132813,-0.4267578125,0.3821411133,0.7509155273
59846397.0,2968.0,0.0,-3.171875,0.7578125,-3.8671875,0
59853429.0,7032.0,1.0,0.3289794922,-0.4296264648,0.3871459961,0.7465209961
59856397.0,2968.0,0.0,-3.1328125,1.578125,-4.2734375,0
59863429.0,7032.0,1.0,0.3293457031,-0.4323120117,0.3923950195,0.7420654297
59866397.0,2968.0,0.0,-3.0546875,2.2421875,-4.33984375,0
59873429.0,7032.0,1.0,0.3294067383,-0.4350585938,0.3974609375,0.7377319336
59876397.0,2968.0,0.0,-2.75390625,1.765625,-3.640625,0
59882429.0,6032.0,1.0,0.3291015625,-0.4378051758,0.4021606445,0.7337036133
59885397.0,2968.0,0.0,-1.99609375,0.6328125,-3.21484375,0
59893429.0,8032.0,1.0,0.3284301758,-0.4409790039,0.4068603516,0.7294311523
59896397.0,2968.0,0.0,-2.5,0.734375,-3.19921875,0
59903429.0,7032.0,1.0,0.3273925781,-0.4442749023,0.410949707,0.7256469727
59906397.0,2968.0,0.0,-3.1953125,0.75390625,-3.37890625,0
59914429.0,8032.0,1.0,0.3262329102,-0.4474487305,0.4145507813,0.7221679688
59917397.0,2968.0,0.0,-3.5859375,0.125,-3.67578125,0
59925429.0,8032.0,1.0,0.3249511719,-0.4508056641,0.4177856445,0.7188110352
59928397.0,2968.0,0.0,-3.79296875,-0.640625,-4.140625,0
59932429.0,4032.0,1.0,0.3235473633,-0.4541625977,0.4208374023,0.7155151367
59935397.0,2968.0,0.0,-4.14453125,-0.03515625,-4.18359375,0
59943429.0,8032.0,1.0,0.322265625,-0.4574584961,0.423828125,0.7122192383
59946397.0,2968.0,0.0,-4.7734375,-0.07421875,-4.796875,0
59953429.0,7032.0,1.0,0.321105957,-0.4605712891,0.4266357422,0.7090454102
59956397.0,2968.0,0.0,-5.4765625,0.87890625,-4.9609375,0
59963429.0,7032.0,1.0,0.3198852539,-0.4636230469,0.4291992188,0.7060546875
59966397.0,2968.0,0.0,-4.95703125,0.109375,-2.8671875,0
59973429.0,7032.0,1.0,0.3187255859,-0.4667358398,0.431640625,0.7030639648
59976397.0,2968.0,0.0,-4.44140625,-0.04296875,-1.80859375,0
59983429.0,7032.0,1.0,0.3176269531,-0.4696044922,0.4342651367,0.700012207
59986397.0,2968.0,0.0,-3.8359375,0.1875,-2.28125,0
59993429.0,7032.0,1.0,0.3167114258,-0.4722290039,0.4370727539,0.6968994141
59996397.0,2968.0,0.0,-2.87109375,-0.39453125,-3.3984375,0
60003429.0,7032.0,1.0,0.3160400391,-0.4747314453,0.4400634766,0.6936035156
60006397.0,2968.0,0.0,-2.38671875,0.33203125,-4.109375,0
60013429.0,7032.0,1.0,0.3156738281,-0.4769897461,0.443359375,0.6901245117
60016397.0,2968.0,0.0,-2.1796875,0.79296875,-4.54296875,0
60023429.0,7032.0,1.0,0.3156738281,-0.4790039063,0.4467163086,0.6865234375
60026397.0,2968.0,0.0,-2.6640625,1.94140625,-3.70703125,0
60033429.0,7032.0,1.0,0.3158569336,-0.4809570313,0.4498291016,0.6831054688
60036397.0,2968.0,0.0,-1.0,1.328125,-3.078125,0
60043429.0,7032.0,1.0,0.3159790039,-0.4830932617,0.4526977539,0.6796264648
60046397.0,2968.0,0.0,-0.10546875,1.90234375,-2.20703125,0
60053429.0,7032.0,1.0,0.3157958984,-0.4854736328,0.4548339844,0.6765136719
60056397.0,2968.0,0.0,-0.08203125,2.45703125,-3.234375,0
60063429.0,7032.0,1.0,0.3153076172,-0.4882202148,0.456237793,0.673828125
60066397.0,2968.0,0.0,-0.45703125,2.59375,-3.9140625,0
60072429.0,6032.0,1.0,0.3146972656,-0.4909667969,0.4569091797,0.6716918945
60075397.0,2968.0,0.0,-0.6328125,2.9140625,-4.5390625,0
60083429.0,8032.0,1.0,0.3137207031,-0.494140625,0.4570922852,0.6696777344
60086397.0,2968.0,0.0,-0.1953125,2.09765625,-2.9375,0
60093429.0,7032.0,1.0,0.3126831055,-0.4973754883,0.4569702148,0.6678466797
60096397.0,2968.0,0.0,-0.484375,2.08984375,-1.3359375,0
60103429.0,7032.0,1.0,0.3114624023,-0.5006713867,0.4567260742,0.6661376953
60106397.0,2968.0,0.0,-0.5078125,2.12109375,-0.19140625,0
60118429.0,12032.0,1.0,0.3102416992,-0.5036621094,0.4565429688,0.6645507813
60122397.0,3968.0,0.0,-0.4140625,0.640625,-1.2890625,0
60125429.0,3032.0,1.0,0.3088989258,-0.506652832,0.4566040039,0.6628417969
60128397.0,2968.0,0.0,-0.3984375,0.6640625,-1.21875,0
60133429.0,5032.0,1.0,0.3075561523,-0.5095825195,0.45703125,0.660949707
60136397.0,2968.0,0.0,-0.66796875,-0.23828125,-1.1484375,0
60143429.0,7032.0,1.0,0.3063354492,-0.5119628906,0.4577636719,0.6591186523
60146397.0,2968.0,0.0,-0.546875,-0.92578125,-0.9609375,0
60153429.0,7032.0,1.0,0.3051757813,-0.5142822266,0.4591064453,0.6569824219
60156397.0,2968.0,0.0,0.03515625,-1.109375,-0.078125,0
60163429.0,7032.0,1.0,0.3040161133,-0.516418457,0.4608764648,0.6546020508
60167397.0,3968.0,0.0,0.19921875,-0.95703125,0.49609375,0
60173429.0,6032.0,1.0,0.3029174805,-0.5184326172,0.462890625,0.6520996094
60176397.0,2968.0,0.0,-0.21484375,-0.390625,0.73046875,0
60183429.0,7032.0,1.0,0.3017578125,-0.520324707,0.4650268555,0.649597168
60186397.0,2968.0,0.0,-0.9140625,-0.62109375,-0.02734375,0
60193429.0,7032.0,1.0,0.3005371094,-0.5220947266,0.4671630859,0.6471557617
60196397.0,2968.0,0.0,-0.71484375,-1.203125,0.70703125,0
60203429.0,7032.0,1.0,0.2991943359,-0.5239868164,0.4692382813,0.6447753906
60207397.0,3968.0,0.0,-0.22265625,-1.78515625,1.73828125,0
60213429.0,6032.0,1.0,0.2976074219,-0.5258789063,0.471496582,0.6423339844
60216397.0,2968.0,0.0,-0.1484375,-2.59765625,2.62890625,0
60223429.0,7032.0,1.0,0.2960205078,-0.5277099609,0.4739379883,0.6397705078
60226397.0,2968.0,0.0,-0.1171875,-2.0703125,0.94921875,0
60233429.0,7032.0,1.0,0.2944946289,-0.5293579102,0.4766845703,0.6370239258
60236397.0,2968.0,0.0,-0.23046875,-2.23828125,0.1640625,0
60243429.0,7032.0,1.0,0.2932739258,-0.5307617188,0.4797363281,0.6340942383
60246397.0,2968.0,0.0,-0.546875,-1.52734375,-0.29296875,0
60253429.0,7032.0,1.0,0.2924194336,-0.5319824219,0.4828491211,0.6311645508
60256397.0,2968.0,0.0,-0.515625,-0.8125,-1.04296875,0
60263429.0,7032.0,1.0,0.2917480469,-0.5331420898,0.4857177734,0.6282348633
60266397.0,2968.0,0.0,0.48046875,-0.40234375,-1.37890625,0
60273429.0,7032.0,1.0,0.2911987305,-0.5345458984,0.4885864258,0.6251220703
60276397.0,2968.0,0.0,1.1171875,-0.20703125,-0.7265625,0
60283429.0,7032.0,1.0,0.2905883789,-0.5361328125,0.4909057617,0.6221923828
60286397.0,2968.0,0.0,1.421875,-0.0078125,-0.06640625,0
60293429.0,7032.0,1.0,0.2897949219,-0.5380859375,0.4927978516,0.6193847656
60296397.0,2968.0,0.0,1.421875,0.2265625,0.1640625,0
60303429.0,7032.0,1.0,0.2887573242,-0.5402832031,0.4942016602,0.6168212891
60306397.0,2968.0,0.0,1.109375,0.92578125,0.0078125,0
60313429.0,7032.0,1.0,0.2874755859,-0.5426635742,0.4950561523,0.6146850586
60316397.0,2968.0,0.0,0.7265625,0.75,0.11328125,0
60323429.0,7032.0,1.0,0.285949707,-0.5451660156,0.4956054688,0.6127319336
60326397.0,2968.0,0.0,-0.046875,0.56640625,0.7890625,0
60333429.0,7032.0,1.0,0.2843017578,-0.5477905273,0.4959106445,0.6108398438
60336397.0,2968.0,0.0,-0.73828125,0.34375,0.4765625,0
60343429.0,7032.0,1.0,0.2824707031,-0.5505371094,0.49609375,0.6091308594
60346397.0,2968.0,0.0,-1.88671875,0.0546875,0.125,0
60358429.0,12032.0,1.0,0.2805175781,-0.5532226563,0.4962158203,0.6074829102
60362397.0,3968.0,0.0,-1.55078125,0.26171875,0.3359375,0
60365429.0,3032.0,1.0,0.2785644531,-0.5559082031,0.4963378906,0.6058349609
60368397.0,2968.0,0.0,-1.2421875,0.8828125,0.81640625,0
60373429.0,5032.0,1.0,0.2764892578,-0.55859375,0.4965209961,0.6041259766
60376397.0,2968.0,0.0,-0.41015625,0.23828125,1.1484375,0
60383429.0,7032.0,1.0,0.274597168,-0.5611572266,0.4968261719,0.602355957
60386397.0,2968.0,0.0,0.42578125,0.0859375,1.48046875,0
60393429.0,7032.0,1.0,0.2727050781,-0.563659668,0.497253418,0.6005249023
60396397.0,2968.0,0.0,0.3046875,0.28515625,1.3515625,0
60403429.0,7032.0,1.0,0.2707519531,-0.5661621094,0.4977416992,0.5986938477
60406397.0,2968.0,0.0,-0.078125,0.28515625,1.19140625,0
60413429.0,7032.0,1.0,0.2686767578,-0.5686645508,0.4981689453,0.596862793
60416397.0,2968.0,0.0,-1.08984375,0.25390625,1.59765625,0
60423429.0,7032.0,1.0,0.2662963867,-0.5713500977,0.4986572266,0.5949707031
60426397.0,2968.0,0.0,-1.63671875,0.0234375,1.35546875,0
60433429.0,7032.0,1.0,0.2637329102,-0.5739746094,0.4991455078,0.5932006836
60436397.0,2968.0,0.0,-1.6875,-0.484375,1.203125,0
60443429.0,7032.0,1.0,0.2610473633,-0.5764770508,0.4996948242,0.5914306641
60446397.0,2968.0,0.0,-1.93359375,-0.18359375,1.2265625,0
60453429.0,7032.0,1.0,0.2583618164,-0.5787353516,0.5004272461,0.5897827148
60456397.0,2968.0,0.0,-1.22265625,-0.65234375,0.76171875,0
60463429.0,7032.0,1.0,0.2556762695,-0.5809326172,0.5014038086,0.5880126953
60466397.0,2968.0,0.0,-1.16015625,-0.8125,0.9765625,0
60473429.0,7032.0,1.0,0.253112793,-0.5830078125,0.5026855469,0.5859985352
60476397.0,2968.0,0.0,-0.9921875,-1.32421875,1.27734375,0
60483429.0,7032.0,1.0,0.250793457,-0.5848999023,0.5042114258,0.5838012695
60486397.0,2968.0,0.0,-0.01171875,-2.4921875,1.69921875,0
60493429.0,7032.0,1.0,0.2485351563,-0.5867919922,0.5061035156,0.581237793
60496397.0,2968.0,0.0,1.3125,-1.41796875,2.390625,0
60503429.0,7032.0,1.0,0.2463989258,-0.5885620117,0.5079956055,0.5786132813
60506397.0,2968.0,0.0,1.59375,-1.28125,2.046875,0
60513429.0,7032.0,1.0,0.244140625,-0.5905151367,0.5099487305,0.5758666992
60516397.0,2968.0,0.0,0.921875,-1.671875,2.0859375,0
60523429.0,7032.0,1.0,0.2419433594,-0.5925292969,0.5117797852,0.5731201172
60526397.0,2968.0,0.0,-0.25390625,-1.265625,1.7421875,0
60533429.0,7032.0,1.0,0.2396850586,-0.594543457,0.5134887695,0.5704345703
60536397.0,2968.0,0.0,-0.7734375,-0.23828125,0.328125,0
60543429.0,7032.0,1.0,0.2373657227,-0.5966186523,0.5150146484,0.5678710938
60547397.0,3968.0,0.0,-0.7578125,-0.09375,0.18359375,0
60553429.0,6032.0,1.0,0.2350463867,-0.5987548828,0.5162353516,0.5654296875
60556397.0,2968.0,0.0,-0.66015625,0.40234375,0.29296875,0
60563429.0,7032.0,1.0,0.2326660156,-0.6010742188,0.5172119141,0.5630493164
60566397.0,2968.0,0.0,0.4296875,-0.40234375,1.2421875,0
60573429.0,7032.0,1.0,0.2302856445,-0.603515625,0.5180053711,0.5606689453
60576397.0,2968.0,0.0,0.3671875,0.359375,1.19921875,0
60583429.0,7032.0,1.0,0.2279663086,-0.6060791016,0.5186767578,0.5583496094
60587397.0,3968.0,0.0,0.6484375,1.09375,1.30859375,0
60594429.0,7032.0,1.0,0.2255859375,-0.6087036133,0.5190429688,0.5560302734
60597397.0,2968.0,0.0,1.46875,0.82421875,1.2265625,0
60607429.0,10032.0,1.0,0.2230224609,-0.6115722656,0.5191040039,0.5538330078
60610397.0,2968.0,0.0,0.34375,1.9765625,0.22265625,0
60614429.0,4032.0,1.0,0.2200927734,-0.6146850586,0.5186767578,0.5520019531
60617397.0,2968.0,0.0,-0.37109375,2.51171875,-0.7578125,0
60623429.0,6032.0,1.0,0.2166137695,-0.617980957,0.5176391602,0.5506591797
60627397.0,3968.0,0.0,-0.5390625,2.43359375,-1.0390625,0
60633429.0,6032.0,1.0,0.2125854492,-0.6213989258,0.5160522461,0.5499267578
60636397.0,2968.0,0.0,-0.33203125,2.46484375,-0.33984375,0
60643429.0,7032.0,1.0,0.2082519531,-0.6246948242,0.5142211914,0.5494995117
60646397.0,2968.0,0.0,-1.23828125,2.171875,1.890625,0
60653429.0,7032.0,1.0,0.203125,-0.6281738281,0.5122680664,0.5492553711
60656397.0,2968.0,0.0,-1.14453125,1.921875,1.8984375,0
60663429.0,7032.0,1.0,0.198059082,-0.6312866211,0.5108032227,0.5488891602
60667397.0,3968.0,0.0,-1.4765625,1.62109375,2.015625,0
60673429.0,6032.0,1.0,0.1930541992,-0.633972168,0.5101318359,0.5482177734
60676397.0,2968.0,0.0,-1.4765625,1.46484375,2.48828125,0
60683429.0,7032.0,1.0,0.1881713867,-0.6362304688,0.5103149414,0.5471801758
60686397.0,2968.0,0.0,-1.5859375,0.80859375,1.96875,0
60693429.0,7032.0,1.0,0.1835327148,-0.6379394531,0.5114746094,0.5456542969
60696397.0,2968.0,0.0,-2.12890625,0.9140625,1.57421875,0
60703429.0,7032.0,1.0,0.1789550781,-0.6391601563,0.513671875,0.5437011719
60706397.0,2968.0,0.0,-2.859375,0.4375,1.90234375,0
60713429.0,7032.0,1.0,0.1743774414,-0.639831543,0.5169677734,0.5412597656
60716397.0,2968.0,0.0,-3.6484375,-0.0546875,2.44140625,0
60723429.0,7032.0,1.0,0.1701049805,-0.6397094727,0.5216064453,0.538269043
60726397.0,2968.0,0.0,-5.7421875,-0.84375,3.41796875,0
60733429.0,7032.0,1.0,0.1663818359,-0.6387939453,0.5279541016,0.534362793
60736397.0,2968.0,0.0,-7.0078125,-1.3046875,3.90234375,0
60744429.0,8032.0,1.0,0.1635742188,-0.6367797852,0.536315918,0.5292358398
60747397.0,2968.0,0.0,-8.08203125,-1.60546875,4.0546875,0
60753429.0,6032.0,1.0,0.1618041992,-0.6336669922,0.5465087891,0.5230712891
60756397.0,2968.0,0.0,-9.890625,-0.7109375,3.921875,0
60763429.0,7032.0,1.0,0.160949707,-0.6293945313,0.5582885742,0.5159912109
60766397.0,2968.0,0.0,-10.98046875,0.75,3.02734375,0
60778429.0,12032.0,1.0,0.1605834961,-0.6241455078,0.5709838867,0.5085449219
60782397.0,3968.0,0.0,-14.18359375,4.59375,1.98828125,0
60785429.0,3032.0,1.0,0.1600952148,-0.6177978516,0.5845947266,0.5009765625
60788397.0,2968.0,0.0,-15.63671875,7.88671875,1.70703125,0
60793429.0,5032.0,1.0,0.1589355469,-0.6099853516,0.5989990234,0.4937744141
60796397.0,2968.0,0.0,-15.5625,10.0234375,-0.2578125,0
60803429.0,7032.0,1.0,0.1564331055,-0.6012573242,0.6130371094,0.4879760742
60806397.0,2968.0,0.0,-15.45703125,11.46875,-1.24609375,0
60813429.0,7032.0,1.0,0.1518554688,-0.5919799805,0.6258544922,0.4846191406
60816397.0,2968.0,0.0,-15.19921875,13.796875,-2.38671875,0
60824429.0,8032.0,1.0,0.1441040039,-0.58203125,0.6369018555,0.4845581055
60827397.0,2968.0,0.0,-12.703125,14.48828125,-2.453125,0
60833429.0,6032.0,1.0,0.1331176758,-0.5721435547,0.6452026367,0.4885253906
60836397.0,2968.0,0.0,-4.15625,12.8984375,2.00390625,0
60843429.0,7032.0,1.0,0.1180419922,-0.5614013672,0.6513061523,0.4966430664
60846397.0,2968.0,0.0,-0.95703125,7.94140625,4.80078125,0
60855429.0,9032.0,1.0,0.1018066406,-0.5512084961,0.655456543,0.5061035156
60858397.0,2968.0,0.0,1.34765625,0.06640625,4.63671875,0
60865429.0,7032.0,1.0,0.0880737305,-0.5396118164,0.6623535156,0.5122070313
60868397.0,2968.0,0.0,2.4453125,-11.09375,3.6484375,0
60873429.0,5032.0,1.0,0.0784912109,-0.5255126953,0.6721801758,0.515625
60876397.0,2968.0,0.0,0.171875,28.578125,-5.69921875,0
60883429.0,7032.0,1.0,0.0663452148,-0.5111083984,0.6751708984,0.5277099609
60886397.0,2968.0,0.0,2.64453125,40.796875,-20.7734375,0
60893429.0,7032.0,1.0,0.0465087891,-0.497253418,0.6644897461,0.5559692383
60896397.0,2968.0,0.0,3.125,32.68359375,-25.16015625,0
60904429.0,8032.0,1.0,0.024230957,-0.4833984375,0.6425170898,0.5941162109
60907397.0,2968.0,0.0,5.8046875,12.6640625,-23.91796875,0
60913429.0,6032.0,1.0,0.0083618164,-0.4691772461,0.6186523438,0.6301269531
60916397.0,2968.0,0.0,6.31640625,-15.79296875,-13.5078125,0
60923429.0,7032.0,1.0,0.0014648437,-0.4550170898,0.5980834961,0.6597290039
60926397.0,2968.0,0.0,1.72265625,-14.890625,-4.25390625,0
60934429.0,8032.0,1.0,0.0009155273,-0.4417724609,0.5792236328,0.6850585938
60937397.0,2968.0,0.0,3.5,-14.109375,-3.0078125,0
60944429.0,7032.0,1.0,0.0036010742,-0.4296875,0.5588378906,0.7092895508
60947397.0,2968.0,0.0,5.78515625,-13.17578125,1.5,0
60959429.0,12032.0,1.0,0.0085449219,-0.4195556641,0.5380859375,0.7310180664
60964429.0,5000.0,1.0,0.0169067383,-0.4102783203,0.5169067383,0.751159668
60966397.0,1968.0,0.0,6.30078125,-20.28125,1.58203125,0
60974429.0,8032.0,1.0,0.0288696289,-0.4019165039,0.4981079102,0.7678222656
60977397.0,2968.0,0.0,6.08203125,-19.05078125,3.06640625,0
60983429.0,6032.0,1.0,0.0425415039,-0.3951416016,0.4834594727,0.7799682617
60986397.0,2968.0,0.0,4.16015625,-12.90234375,3.75,0
60993429.0,7032.0,1.0,0.0579223633,-0.3892211914,0.4705810547,0.7897949219
60996397.0,2968.0,0.0,3.98046875,-9.55078125,3.01953125,0
61003429.0,7032.0,1.0,0.0736083984,-0.3843383789,0.4586181641,0.7978515625
61006397.0,2968.0,0.0,4.39453125,-7.75390625,2.265625,0
61015429.0,9032.0,1.0,0.0883789063,-0.3806152344,0.448059082,0.8040771484
61018397.0,2968.0,0.0,4.96484375,-7.37890625,2.20703125,0
61026429.0,8032.0,1.0,0.1041259766,-0.3771972656,0.4383544922,0.8091430664
61029397.0,2968.0,0.0,5.5625,-7.015625,1.328125,0
61033429.0,4032.0,1.0,0.1196899414,-0.374206543,0.4302368164,0.8127441406
61036397.0,2968.0,0.0,5.84765625,-5.08203125,0.56640625,0
61043429.0,7032.0,1.0,0.135559082,-0.3713378906,0.4224853516,0.815612793
61046397.0,2968.0,0.0,5.62890625,-3.53125,0.28125,0
61053429.0,7032.0,1.0,0.150390625,-0.3688964844,0.4147338867,0.8181152344
61056397.0,2968.0,0.0,5.66796875,-2.8984375,-0.3046875,0
61064429.0,8032.0,1.0,0.1643676758,-0.3670043945,0.4064941406,0.8203735352
61067397.0,2968.0,0.0,6.58203125,-3.30078125,-0.36328125,0
61073429.0,6032.0,1.0,0.1770019531,-0.3657226563,0.3986206055,0.8222045898
61076397.0,2968.0,0.0,7.48828125,-4.17578125,-0.359375,0
61084429.0,8032.0,1.0,0.1896972656,-0.3647460938,0.3909912109,0.8234863281
61087397.0,2968.0,0.0,8.0859375,-4.93359375,0.12109375,0
61093429.0,6032.0,1.0,0.2013549805,-0.3641357422,0.3848266602,0.8239135742
61096397.0,2968.0,0.0,8.25390625,-4.98046875,0.6640625,0
61106429.0,10032.0,1.0,0.2134399414,-0.3636474609,0.3792724609,0.8236083984
61109397.0,2968.0,0.0,7.3046875,-4.11328125,0.42578125,0
61113429.0,4032.0,1.0,0.2247314453,-0.3635864258,0.3743896484,0.8228759766
61116397.0,2968.0,0.0,6.6328125,-3.13671875,0.38671875,0
61124429.0,8032.0,1.0,0.2359008789,-0.3640136719,0.3692626953,0.8218383789
61127397.0,2968.0,0.0,6.265625,-2.92578125,0.46875,0
61134429.0,7032.0,1.0,0.2459716797,-0.3649291992,0.3645629883,0.8206176758
61137397.0,2968.0,0.0,5.203125,-4.45703125,0.8359375,0
61144429.0,7032.0,1.0,0.2555541992,-0.366027832,0.3607177734,0.8189086914
61147397.0,2968.0,0.0,4.64453125,-4.23046875,0.82421875,0
61153429.0,6032.0,1.0,0.2648925781,-0.3672485352,0.3580932617,0.8165283203
61156397.0,2968.0,0.0,4.22265625,-3.32421875,0.53515625,0
61164429.0,8032.0,1.0,0.2737426758,-0.3686523438,0.3561401367,0.8138427734
61167397.0,2968.0,0.0,3.92578125,-2.671875,0.18359375,0
61173429.0,6032.0,1.0,0.2819213867,-0.370300293,0.3546142578,0.8109130859
61176397.0,2968.0,0.0,3.55078125,-2.9375,-0.921875,0
61184429.0,8032.0,1.0,0.2897949219,-0.372253418,0.3537597656,0.8076782227
61187397.0,2968.0,0.0,3.52734375,-3.0546875,-1.2578125,0
61193429.0,6032.0,1.0,0.2973632813,-0.3742675781,0.3536987305,0.8040161133
61196397.0,2968.0,0.0,3.57421875,-2.45703125,-1.609375,0
61204429.0,8032.0,1.0,0.3043823242,-0.3764648438,0.3541259766,0.8001708984
61207397.0,2968.0,0.0,3.77734375,-1.421875,-2.11328125,0
61219429.0,12032.0,1.0,0.3101806641,-0.3789672852,0.3542480469,0.7966918945
61224397.0,4968.0,0.0,3.01953125,-0.60546875,-2.91796875,0
61227429.0,3032.0,1.0,0.3153686523,-0.3821411133,0.3540039063,0.7932128906
61230397.0,2968.0,0.0,3.07421875,-0.51953125,-2.87890625,0
61234429.0,4032.0,1.0,0.3200683594,-0.3857421875,0.3535766602,0.7897949219
61237397.0,2968.0,0.0,2.4296875,-0.6640625,-3.359375,0
61244429.0,7032.0,1.0,0.3234863281,-0.3889160156,0.3532104492,0.7869873047
61247397.0,2968.0,0.0,1.82421875,-0.47265625,-3.54296875,0
61254429.0,7032.0,1.0,0.3265380859,-0.3922729492,0.3529052734,0.7841796875
61257397.0,2968.0,0.0,0.45703125,-0.59375,-5.11328125,0
61264429.0,7032.0,1.0,0.328918457,-0.3955078125,0.3527832031,0.7816162109
61268397.0,3968.0,0.0,-0.39453125,-0.22265625,-5.09765625,0
61273429.0,5032.0,1.0,0.3307495117,-0.3986816406,0.3526000977,0.7793579102
61276397.0,2968.0,0.0,-1.24609375,0.015625,-5.2421875,0
61284429.0,8032.0,1.0,0.3319702148,-0.4020385742,0.3522338867,0.7772216797
61287397.0,2968.0,0.0,-1.81640625,-0.078125,-4.69140625,0
61294429.0,7032.0,1.0,0.3327026367,-0.4056396484,0.3517456055,0.7752685547
61297397.0,2968.0,0.0,-2.58203125,-0.87109375,-3.00390625,0
61304429.0,7032.0,1.0,0.3330078125,-0.409362793,0.3511962891,0.7734375
61307397.0,2968.0,0.0,-2.28515625,-1.36328125,-2.09765625,0
61314429.0,7032.0,1.0,0.3329467773,-0.4131469727,0.3509521484,0.7715454102
61317397.0,2968.0,0.0,-1.75390625,-2.34765625,-1.62109375,0
61324429.0,7032.0,1.0,0.332824707,-0.4169921875,0.3512573242,0.7694091797
61327397.0,2968.0,0.0,-2.828125,-1.0078125,-2.1640625,0
61334429.0,7032.0,1.0,0.3327636719,-0.420715332,0.3521118164,0.7670288086
61337397.0,2968.0,0.0,-3.40234375,-1.21484375,-2.09375,0
61344429.0,7032.0,1.0,0.3326416016,-0.4244384766,0.353515625,0.7643432617
61347397.0,2968.0,0.0,-3.62890625,-1.23046875,-1.81640625,0
61354429.0,7032.0,1.0,0.3326416016,-0.4281616211,0.3554077148,0.7614135742
61357397.0,2968.0,0.0,-3.7890625,-0.59375,-1.80859375,0
61364429.0,7032.0,1.0,0.3327026367,-0.431640625,0.3579711914,0.7581787109
61367397.0,2968.0,0.0,-4.171875,0.10546875,-2.01171875,0
61374429.0,7032.0,1.0,0.3329467773,-0.4349365234,0.3615112305,0.7545166016
61377397.0,2968.0,0.0,-4.1640625,0.79296875,-2.1796875,0
61384429.0,7032.0,1.0,0.3332519531,-0.4379272461,0.3657836914,0.7505493164
61387397.0,2968.0,0.0,-3.94140625,0.90234375,-2.0546875,0
61394429.0,7032.0,1.0,0.3335571289,-0.440612793,0.3706054688,0.7465209961
61397397.0,2968.0,0.0,-3.6328125,0.9140625,-1.64453125,0
61407429.0,10032.0,1.0,0.3336181641,-0.4434204102,0.3762817383,0.7419433594
61410397.0,2968.0,0.0,-4.015625,1.3828125,-2.04296875,0
61414429.0,4032.0,1.0,0.3334350586,-0.4463500977,0.3826904297,0.7369995117
61417397.0,2968.0,0.0,-4.62890625,0.26953125,-1.78515625,0
61424429.0,7032.0,1.0,0.3332519531,-0.4487915039,0.3889770508,0.7322387695
61427397.0,2968.0,0.0,-4.4453125,-0.48828125,-3.20703125,0
61434429.0,7032.0,1.0,0.3331298828,-0.4512329102,0.3955688477,0.7272949219
61437397.0,2968.0,0.0,-3.76171875,0.34765625,-3.52734375,0
61444429.0,7032.0,1.0,0.3327026367,-0.4537353516,0.4019165039,0.7224121094
61447397.0,2968.0,0.0,-3.1171875,0.62109375,-5.2578125,0
61454429.0,7032.0,1.0,0.3321533203,-0.4562988281,0.4073486328,0.7180175781
61457397.0,2968.0,0.0,-3.09375,1.203125,-5.16015625,0
61464429.0,7032.0,1.0,0.3311767578,-0.4592285156,0.4122314453,0.7137451172
61467397.0,2968.0,0.0,-3.40625,2.0234375,-4.59765625,0
61474429.0,7032.0,1.0,0.3298950195,-0.4624633789,0.4161987305,0.7099609375
61477397.0,2968.0,0.0,-4.11328125,1.73828125,-4.4375,0
61484429.0,7032.0,1.0,0.3282470703,-0.466003418,0.4194946289,0.7064819336
61487397.0,2968.0,0.0,-4.5390625,0.734375,-4.81640625,0
61494429.0,7032.0,1.0,0.3264160156,-0.469543457,0.4222412109,0.7033691406
61497397.0,2968.0,0.0,-4.32421875,0.3046875,-5.19921875,0
61504429.0,7032.0,1.0,0.3247070313,-0.4728393555,0.4248046875,0.700378418
61507397.0,2968.0,0.0,-3.99609375,-0.5390625,-4.71484375,0
61514429.0,7032.0,1.0,0.3232421875,-0.4758911133,0.4276733398,0.697265625
61517397.0,2968.0,0.0,-2.33203125,1.5625,-4.09765625,0
61524429.0,7032.0,1.0,0.3220825195,-0.4785766602,0.4306640625,0.6940917969
61527397.0,2968.0,0.0,-1.3984375,-0.859375,-4.76171875,0
61537429.0,10032.0,1.0,0.3212280273,-0.4810180664,0.4337768555,0.6908569336
61540397.0,2968.0,0.0,-0.921875,-0.90625,-3.20703125,0
61547429.0,7032.0,1.0,0.3206176758,-0.4834594727,0.4377441406,0.6869506836
61550397.0,2968.0,0.0,-1.2890625,0.19921875,-3.04296875,0
61554429.0,4032.0,1.0,0.3201293945,-0.4856567383,0.4415893555,0.6831054688
61557397.0,2968.0,0.0,-2.37890625,1.68359375,-4.2734375,0
61564429.0,7032.0,1.0,0.3197021484,-0.4876098633,0.4451293945,0.6796264648
61567397.0,2968.0,0.0,-2.78125,2.3671875,-4.82421875,0
61574429.0,7032.0,1.0,0.3192749023,-0.4895629883,0.4481811523,0.6763916016
61577397.0,2968.0,0.0,-2.58984375,2.28125,-4.60546875,0
61584429.0,7032.0,1.0,0.3186035156,-0.4916992188,0.4506225586,0.6735229492
61587397.0,2968.0,0.0,-1.734375,1.4375,-4.59765625,0
61593429.0,6032.0,1.0,0.3177490234,-0.4938964844,0.4523925781,0.6711425781
61596397.0,2968.0,0.0,-0.33984375,-0.23828125,-2.13671875,0
61604429.0,8032.0,1.0,0.3167114258,-0.4965209961,0.4540405273,0.6685791016
61607397.0,2968.0,0.0,-0.5234375,0.03515625,-1.28515625,0
61614429.0,7032.0,1.0,0.3155517578,-0.4993896484,0.4555053711,0.666015625
61617397.0,2968.0,0.0,-0.890625,1.1953125,-1.2734375,0
61624429.0,7032.0,1.0,0.3143310547,-0.5022583008,0.4566650391,0.6636352539
61627397.0,2968.0,0.0,-1.1796875,0.90234375,-1.1875,0
61634429.0,7032.0,1.0,0.3131103516,-0.5051269531,0.4575805664,0.6613769531
61637397.0,2968.0,0.0,-1.48046875,0.6484375,-1.15625,0
61644429.0,7032.0,1.0,0.3120117188,-0.5076904297,0.4585571289,0.6592407227
61647397.0,2968.0,0.0,-0.7421875,-0.375,-1.5390625,0
61654429.0,7032.0,1.0,0.3112792969,-0.5099487305,0.4598388672,0.6569824219
61657397.0,2968.0,0.0,-0.0859375,-1.203125,-2.1484375,0
61664429.0,7032.0,1.0,0.3106689453,-0.5120849609,0.4614868164,0.6544189453
61667397.0,2968.0,0.0,0.91796875,-0.31640625,-2.1484375,0
61674429.0,7032.0,1.0,0.3099975586,-0.5144042969,0.4630737305,0.6518554688
61677397.0,2968.0,0.0,0.3515625,-0.30859375,-0.15625,0
61684429.0,7032.0,1.0,0.3090820313,-0.5168457031,0.4645385742,0.649230957
61687397.0,2968.0,0.0,-0.3671875,-0.25390625,-0.18359375,0
61694429.0,7032.0,1.0,0.3081054688,-0.5194091797,0.4658203125,0.6467895508
61697397.0,2968.0,0.0,-0.93359375,0.0234375,-0.6796875,0
61704429.0,7032.0,1.0,0.3070678711,-0.5219116211,0.4669799805,0.6444091797
61707397.0,2968.0,0.0,-1.00390625,-1.30078125,-0.48828125,0
61714429.0,7032.0,1.0,0.3060302734,-0.524230957,0.4681396484,0.6422119141
61717397.0,2968.0,0.0,-0.7734375,-1.37109375,-0.79296875,0
61724429.0,7032.0,1.0,0.3049316406,-0.5263671875,0.4694213867,0.6400146484
61728397.0,3968.0,0.0,-0.50390625,-1.0546875,-0.9609375,0
61734429.0,6032.0,1.0,0.3037719727,-0.5283813477,0.4708251953,0.6378173828
61737397.0,2968.0,0.0,0.1171875,-1.0546875,-0.99609375,0
61744429.0,7032.0,1.0,0.3025512695,-0.5303955078,0.4724121094,0.6356201172
61747397.0,2968.0,0.0,0.5,-1.1328125,1.37890625,0
61759429.0,12032.0,1.0,0.3012084961,-0.532409668,0.4741210938,0.6333007813
61763397.0,3968.0,0.0,0.796875,-0.90234375,1.3828125,0
61766429.0,3032.0,1.0,0.2997436523,-0.5344848633,0.4760742188,0.6307373047
61769397.0,2968.0,0.0,0.72265625,-0.7109375,0.9296875,0
61774429.0,5032.0,1.0,0.2982788086,-0.5364990234,0.4782714844,0.628112793
61777397.0,2968.0,0.0,0.72265625,-0.71875,1.015625,0
61784429.0,7032.0,1.0,0.2969360352,-0.5382080078,0.4802856445,0.6256713867
61787397.0,2968.0,0.0,0.40625,-1.29296875,0.63671875,0
61794429.0,7032.0,1.0,0.2955932617,-0.5400390625,0.4824829102,0.623046875
61797397.0,2968.0,0.0,0.7421875,-0.6875,0.18359375,0
61804429.0,7032.0,1.0,0.2943725586,-0.541809082,0.4846801758,0.6204223633
61807397.0,2968.0,0.0,0.890625,-0.3828125,0.53125,0
61814429.0,7032.0,1.0,0.2930908203,-0.5437011719,0.4868164063,0.6176757813
61817397.0,2968.0,0.0,0.5078125,0.0,0.578125,0
61824429.0,7032.0,1.0,0.2916870117,-0.5458374023,0.4887695313,0.6148681641
61827397.0,2968.0,0.0,-0.12109375,0.421875,0.51953125,0
61834429.0,7032.0,1.0,0.2901611328,-0.5479736328,0.4904174805,0.6124267578
61837397.0,2968.0,0.0,0.0234375,0.23046875,0.28515625,0
61844429.0,7032.0,1.0,0.2885131836,-0.5501098633,0.4920043945,0.6099243164
61847397.0,2968.0,0.0,0.3671875,-0.3359375,0.1796875,0
61854429.0,7032.0,1.0,0.2869873047,-0.5522460938,0.4935302734,0.6075439453
61857397.0,2968.0,0.0,0.51171875,-0.03125,0.09375,0
61864429.0,7032.0,1.0,0.2854614258,-0.5543823242,0.4949951172,0.6051025391
61867397.0,2968.0,0.0,0.87890625,0.4765625,0.2109375,0
61874429.0,7032.0,1.0,0.2839355469,-0.556640625,0.4961547852,0.6027832031
61877397.0,2968.0,0.0,1.25390625,0.16796875,0.7421875,0
61884429.0,7032.0,1.0,0.2822265625,-0.5591430664,0.4971923828,0.600402832
61887397.0,2968.0,0.0,0.4140625,0.29296875,0.98046875,0
61894429.0,7032.0,1.0,0.280456543,-0.5617675781,0.4979248047,0.5982055664
61897397.0,2968.0,0.0,-1.43359375,0.30078125,-0.296875,0
61904429.0,7032.0,1.0,0.2785644531,-0.5645141602,0.4984130859,0.5961303711
61907397.0,2968.0,0.0,-1.48828125,0.34765625,-0.37109375,0
61914429.0,7032.0,1.0,0.2766113281,-0.567199707,0.4986572266,0.5941772461
61917397.0,2968.0,0.0,-0.5390625,0.62109375,-0.00390625,0
61924429.0,7032.0,1.0,0.2744750977,-0.5700073242,0.4987792969,0.5924682617
61927397.0,2968.0,0.0,0.18359375,0.4765625,0.56640625,0
61934429.0,7032.0,1.0,0.272277832,-0.5728149414,0.4986572266,0.5908203125
61937397.0,2968.0,0.0,0.44140625,1.328125,1.46875,0
61944429.0,7032.0,1.0,0.2697753906,-0.5758666992,0.4984741211,0.5891723633
61947397.0,2968.0,0.0,0.12890625,1.296875,1.45703125,0
61954429.0,7032.0,1.0,0.2672119141,-0.5789794922,0.4981689453,0.5875854492
61957397.0,2968.0,0.0,-0.578125,1.0,1.05859375,0
61964429.0,7032.0,1.0,0.2645874023,-0.5819702148,0.4979248047,0.5859985352
61967397.0,2968.0,0.0,-1.16015625,0.65234375,0.73828125,0
61973429.0,6032.0,1.0,0.2620849609,-0.5846557617,0.4978637695,0.5844726563
61976397.0,2968.0,0.0,-0.9453125,0.01171875,1.0,0
61984429.0,8032.0,1.0,0.2595825195,-0.5873413086,0.498046875,0.5827636719
61987397.0,2968.0,0.0,-0.109375,-0.6875,1.25390625,0
61994429.0,7032.0,1.0,0.2570800781,-0.58984375,0.4985351563,0.5809326172
61997397.0,2968.0,0.0,0.10546875,-1.109375,1.046875,0
62004429.0,7032.0,1.0,0.254699707,-0.5921630859,0.499206543,0.5790405273
62007397.0,2968.0,0.0,-0.21875,-0.46484375,1.1953125,0
62019429.0,12032.0,1.0,0.2523803711,-0.5942993164,0.4999389648,0.5772094727
62023397.0,3968.0,0.0,-0.5,-0.390625,1.48828125,0
62026429.0,3032.0,1.0,0.2498168945,-0.5965576172,0.5007324219,0.5752563477
62029397.0,2968.0,0.0,-0.515625,-0.3984375,1.55078125,0
62034429.0,5032.0,1.0,0.2470703125,-0.598815918,0.5016479492,0.5733032227
62037397.0,2968.0,0.0,-0.47265625,0.0859375,1.09375,0
62044429.0,7032.0,1.0,0.2442626953,-0.6009521484,0.5024414063,0.5715942383
62047397.0,2968.0,0.0,-0.6796875,0.109375,0.9609375,0
62054429.0,7032.0,1.0,0.2413330078,-0.6030883789,0.5032348633,0.5698852539
62057397.0,2968.0,0.0,-1.8515625,-0.3671875,0.796875,0
62064429.0,7032.0,1.0,0.23828125,-0.6051635742,0.5040283203,0.5682983398
62067397.0,2968.0,0.0,-2.37109375,-0.49609375,0.28515625,0
62074429.0,7032.0,1.0,0.2351074219,-0.6072998047,0.5046386719,0.5667724609
62077397.0,2968.0,0.0,-2.51171875,-0.55078125,0.23046875,0
62084429.0,7032.0,1.0,0.2318725586,-0.6094360352,0.5051269531,0.5653686523
62087397.0,2968.0,0.0,-1.5703125,-0.91796875,1.48046875,0
62094429.0,7032.0,1.0,0.2286376953,-0.6116943359,0.5053710938,0.5640869141
62097397.0,2968.0,0.0,-0.75,-0.62890625,1.95703125,0
62104429.0,7032.0,1.0,0.2252197266,-0.6140136719,0.5053710938,0.5628662109
62108397.0,3968.0,0.0,-0.50390625,0.046875,1.4375,0
62114429.0,6032.0,1.0,0.2217407227,-0.6165161133,0.5050048828,0.5618286133
62117397.0,2968.0,0.0,-0.26171875,0.22265625,1.7890625,0
62124429.0,7032.0,1.0,0.2182006836,-0.6190795898,0.5043334961,0.5610351563
62127397.0,2968.0,0.0,-0.66015625,0.84765625,0.6484375,0
62134429.0,7032.0,1.0,0.2143554688,-0.621887207,0.5032348633,0.5604248047
62137397.0,2968.0,0.0,-0.72265625,0.56640625,1.04296875,0
62144429.0,7032.0,1.0,0.2103881836,-0.6246948242,0.501953125,0.5599365234
62147397.0,2968.0,0.0,-0.31640625,0.55078125,0.16015625,0
62154429.0,7032.0,1.0,0.2062988281,-0.6275634766,0.5004882813,0.5595703125
62157397.0,2968.0,0.0,-0.90625,1.17578125,0.7734375,0
62164429.0,7032.0,1.0,0.2022094727,-0.6303710938,0.4987792969,0.559387207
62167397.0,2968.0,0.0,-0.65234375,1.84375,0.46875,0
62174429.0,7032.0,1.0,0.1976318359,-0.6334838867,0.4967651367,0.559387207
62177397.0,2968.0,0.0,-0.59375,1.40625,0.76953125,0
62184429.0,7032.0,1.0,0.1932373047,-0.6363525391,0.4947509766,0.5594482422
62187397.0,2968.0,0.0,-0.38671875,0.80859375,0.26171875,0
62194429.0,7032.0,1.0,0.188659668,-0.6392211914,0.4926757813,0.5595703125
62197397.0,2968.0,0.0,-0.40234375,1.359375,0.37109375,0
62204429.0,7032.0,1.0,0.1838989258,-0.6420288086,0.4906005859,0.5596923828
62207397.0,2968.0,0.0,-1.3828125,0.984375,0.74609375,0
62214429.0,7032.0,1.0,0.1792602539,-0.64453125,0.4888916016,0.5598144531
62217397.0,2968.0,0.0,-1.703125,0.4140625,1.8125,0
62224429.0,7032.0,1.0,0.1744995117,-0.6469116211,0.487487793,0.5598144531
62227397.0,2968.0,0.0,-1.99609375,0.1484375,1.765625,0
62236429.0,9032.0,1.0,0.169921875,-0.6488647461,0.4868164063,0.5595703125
62239397.0,2968.0,0.0,-1.94140625,0.0234375,2.83203125,0
62247429.0,8032.0,1.0,0.1654052734,-0.6505126953,0.4869995117,0.5587768555
62250397.0,2968.0,0.0,-2.5546875,-0.4765625,4.55859375,0
62254429.0,4032.0,1.0,0.1610107422,-0.6518554688,0.4883422852,0.557434082
62257397.0,2968.0,0.0,-2.48046875,-0.72265625,4.15234375,0
62264429.0,7032.0,1.0,0.1569824219,-0.6526489258,0.4909057617,0.5553588867
62267397.0,2968.0,0.0,-2.796875,-0.69921875,4.4921875,0
62274429.0,7032.0,1.0,0.1533813477,-0.6528930664,0.4948120117,0.5526733398
62277397.0,2968.0,0.0,-3.41796875,-0.1484375,3.765625,0
62284429.0,7032.0,1.0,0.1502075195,-0.6524658203,0.5000610352,0.5492553711
62287397.0,2968.0,0.0,-3.9375,-0.48046875,3.46875,0
62294429.0,7032.0,1.0,0.147644043,-0.6513061523,0.5068359375,0.5450439453
62297397.0,2968.0,0.0,-4.19921875,0.0234375,2.53515625,0
62305429.0,8032.0,1.0,0.1457519531,-0.6492919922,0.5151977539,0.5401000977
62308397.0,2968.0,0.0,-4.73046875,-0.23828125,2.9140625,0
62314429.0,6032.0,1.0,0.1445922852,-0.6465454102,0.5246582031,0.5346069336
62317397.0,2968.0,0.0,-6.00390625,1.0390625,3.91015625,0
62324429.0,7032.0,1.0,0.1437988281,-0.6427001953,0.5360107422,0.5281982422
62327397.0,2968.0,0.0,-6.97265625,2.7421875,4.16015625,0
62334429.0,7032.0,1.0,0.1430053711,-0.6381835938,0.5477905273,0.5217285156
62337397.0,2968.0,0.0,-8.17578125,3.4296875,4.25390625,0
62344429.0,7032.0,1.0,0.1417236328,-0.6328125,0.5602416992,0.5153198242
62347397.0,2968.0,0.0,-9.43359375,4.875,3.421875,0
62359429.0,12032.0,1.0,0.1396484375,-0.6268920898,0.5723876953,0.5098266602
62364397.0,4968.0,0.0,-13.3359375,9.5625,-0.59375,0
62367429.0,3032.0,1.0,0.1358032227,-0.6201782227,0.5842895508,0.5054931641
62370397.0,2968.0,0.0,-13.453125,9.421875,-0.5,0
62374429.0,4032.0,1.0,0.1294555664,-0.6126098633,0.5956420898,0.5031738281
62377397.0,2968.0,0.0,-13.40234375,10.61328125,-1.1953125,0
62384429.0,7032.0,1.0,0.1204833984,-0.6043701172,0.6055908203,0.5034790039
62387397.0,2968.0,0.0,-13.703125,9.96484375,-0.65625,0
62394429.0,7032.0,1.0,0.1092529297,-0.595703125,0.6138916016,0.5063476563
62397397.0,2968.0,0.0,-10.671875,7.01953125,4.0078125,0
62404429.0,7032.0,1.0,0.0963134766,-0.5869750977,0.6204223633,0.5111083984
62407397.0,2968.0,0.0,-7.58203125,5.2578125,5.45703125,0
62414429.0,7032.0,1.0,0.0814208984,-0.5781860352,0.6254272461,0.517578125
62417397.0,2968.0,0.0,-4.23046875,2.984375,5.0625,0
62425429.0,8032.0,1.0,0.0665283203,-0.5690307617,0.6304321289,0.5238037109
62428397.0,2968.0,0.0,-0.8984375,-1.50390625,4.73828125,0
62440429.0,12032.0,1.0,0.0567626953,-0.5590209961,0.637878418,0.5266723633
62445429.0,5000.0,1.0,0.0484008789,-0.5465698242,0.6453857422,0.5314331055
62447397.0,1968.0,0.0,-2.421875,22.7109375,-12.078125,0
62454429.0,7032.0,1.0,0.0356445312,-0.5335693359,0.6444702148,0.5465698242
62457397.0,2968.0,0.0,1.625,34.703125,-18.7734375,0
62464429.0,7032.0,1.0,0.0177612305,-0.5209350586,0.6321411133,0.5733032227
62467397.0,2968.0,0.0,6.7890625,16.64453125,-21.56640625,0
62474429.0,7032.0,1.0,0.0023193359,0.5079345703,-0.6096801758,-0.6085205078
62477397.0,2968.0,0.0,7.24609375,2.33984375,-17.17578125,0
62484429.0,7032.0,1.0,0.017578125,0.4948120117,-0.5841064453,-0.6431884766
62487397.0,2968.0,0.0,5.04296875,-9.70703125,-12.43359375,0
62496429.0,9032.0,1.0,0.0243530273,0.4822387695,-0.5617675781,-0.6717529297
62499397.0,2968.0,0.0,1.6484375,-17.2421875,-6.10546875,0
62506429.0,7032.0,1.0,0.0238647461,0.4702148438,-0.5427856445,-0.6954956055
62509397.0,2968.0,0.0,2.875,-12.94921875,0.33984375,0
62514429.0,5032.0,1.0,0.0187988281,0.4584350586,-0.5239868164,-0.717590332
62517397.0,2968.0,0.0,4.46484375,-9.96875,0.49609375,0
62524429.0,7032.0,1.0,0.0119018555,0.4482421875,-0.5045166016,-0.7378540039
62527397.0,2968.0,0.0,5.26171875,-10.5546875,-0.35546875,0
62534429.0,7032.0,1.0,0.0034179687,0.4392700195,-0.4837646484,-0.7569580078
62537397.0,2968.0,0.0,5.234375,-12.70703125,0.91796875,0
62544429.0,7032.0,1.0,0.0067138672,-0.4318237305,0.4647827148,0.7729492188
62547397.0,2968.0,0.0,6.5078125,-16.0859375,3.453125,0
62559429.0,12032.0,1.0,0.0197753906,-0.4251708984,0.4474487305,0.7865600586
62563397.0,3968.0,0.0,6.55859375,-14.4140625,3.4921875,0
62566429.0,3032.0,1.0,0.0346679687,-0.4194946289,0.43359375,0.7967529297
62569397.0,2968.0,0.0,6.18359375,-12.24609375,2.95703125,0
62574429.0,5032.0,1.0,0.0520629883,-0.4143066406,0.421875,0.8048095703
62577397.0,2968.0,0.0,6.30078125,-11.98828125,2.66796875,0
62584429.0,7032.0,1.0,0.0692138672,-0.4100341797,0.4124755859,0.810546875
62587397.0,2968.0,0.0,5.8359375,-7.9921875,2.36328125,0
62594429.0,7032.0,1.0,0.0861206055,-0.4064331055,0.4040527344,0.8149414063
62597397.0,2968.0,0.0,6.20703125,-6.9609375,2.0078125,0
62604429.0,7032.0,1.0,0.1027832031,-0.4034423828,0.3959960938,0.8184814453
62607397.0,2968.0,0.0,6.26171875,-5.921875,1.375,0
62614429.0,7032.0,1.0,0.1189575195,-0.4008178711,0.3882446289,0.8212280273
62617397.0,2968.0,0.0,6.4921875,-5.4296875,0.859375,0
62624429.0,7032.0,1.0,0.134765625,-0.3985595703,0.3810424805,0.8233032227
62627397.0,2968.0,0.0,6.33984375,-4.93359375,-0.0546875,0
62639429.0,12032.0,1.0,0.1492919922,-0.3965454102,0.3746337891,0.8246459961
62643397.0,3968.0,0.0,5.72265625,-4.4921875,-0.1875,0
62646429.0,3032.0,1.0,0.1641845703,-0.3947143555,0.368347168,0.8255615234
62649397.0,2968.0,0.0,5.70703125,-4.44140625,0.18359375,0
62654429.0,5032.0,1.0,0.1788330078,-0.3930053711,0.3623657227,0.8259887695
62657397.0,2968.0,0.0,5.76171875,-4.34765625,0.3828125,0
62664429.0,7032.0,1.0,0.1926269531,-0.3916015625,0.3572387695,0.8258056641
62667397.0,2968.0,0.0,5.92578125,-4.3515625,0.36328125,0
62674429.0,7032.0,1.0,0.2059936523,-0.3902587891,0.3528442383,0.8250732422
62677397.0,2968.0,0.0,6.078125,-4.31640625,0.5,0
62685429.0,8032.0,1.0,0.2186889648,-0.3890380859,0.3492431641,0.8239135742
62688397.0,2968.0,0.0,6.0703125,-4.12109375,0.58203125,0
62694429.0,6032.0,1.0,0.23046875,-0.3880615234,0.3463134766,0.8223876953
62697397.0,2968.0,0.0,5.61328125,-3.015625,0.94921875,0
62704429.0,7032.0,1.0,0.2419433594,-0.3873291016,0.3436279297,0.8205566406
62707397.0,2968.0,0.0,5.26171875,-2.109375,1.05859375,0
62716429.0,9032.0,1.0,0.2517700195,-0.3870849609,0.3411254883,0.8187866211
62719397.0,2968.0,0.0,5.09375,-1.44140625,0.7421875,0
62726429.0,7032.0,1.0,0.2611083984,-0.3873901367,0.3383789063,0.8168945313
62729397.0,2968.0,0.0,5.046875,-1.57421875,0.51953125,0
62735429.0,6032.0,1.0,0.2700805664,-0.3881835938,0.3356323242,0.8146972656
62738397.0,2968.0,0.0,4.6640625,-3.89453125,0.2265625,0
62744429.0,6032.0,1.0,0.2779541016,-0.3890380859,0.3341674805,0.8122558594
62747397.0,2968.0,0.0,4.6015625,-4.359375,-0.1328125,0
62754429.0,7032.0,1.0,0.2857666016,-0.389831543,0.3341064453,0.8091430664
62757397.0,2968.0,0.0,4.640625,-3.890625,-0.34765625,0
62765429.0,8032.0,1.0,0.2930297852,-0.3908081055,0.3350219727,0.8057250977
62768397.0,2968.0,0.0,4.359375,-2.74609375,-0.74609375,0
62774429.0,6032.0,1.0,0.2995605469,-0.3920288086,0.3361816406,0.8022460938
62777397.0,2968.0,0.0,4.28515625,-2.03515625,-1.89453125,0
62784429.0,7032.0,1.0,0.3056640625,-0.393737793,0.3376464844,0.7984619141
62787397.0,2968.0,0.0,4.015625,-2.1640625,-2.3515625,0
62794429.0,7032.0,1.0,0.3111572266,-0.3956298828,0.3394775391,0.7946166992
62797397.0,2968.0,0.0,3.671875,-1.80078125,-3.0703125,0
62805429.0,8032.0,1.0,0.3159790039,-0.3977050781,0.3415527344,0.7907714844
62808397.0,2968.0,0.0,3.17578125,-1.2578125,-3.5390625,0
62814429.0,6032.0,1.0,0.3201293945,-0.3997802734,0.3436889648,0.787109375
62817397.0,2968.0,0.0,2.09375,-0.14453125,-4.59375,0
62825429.0,8032.0,1.0,0.3236694336,-0.4019165039,0.3458251953,0.7836303711
62829397.0,3968.0,0.0,1.3984375,0.19921875,-5.4140625,0
62835429.0,6032.0,1.0,0.3265380859,-0.4041137695,0.3478393555,0.780456543
62838397.0,2968.0,0.0,0.671875,0.4140625,-5.80078125,0
62845429.0,7032.0,1.0,0.3287353516,-0.4063720703,0.3497314453,0.7774658203
62848397.0,2968.0,0.0,-0.9453125,1.17578125,-6.24609375,0
62860429.0,12032.0,1.0,0.3303833008,-0.4087524414,0.3513793945,0.7748413086
62865397.0,4968.0,0.0,-1.6484375,0.9609375,-5.72265625,0
62868429.0,3032.0,1.0,0.3313598633,-0.411315918,0.352722168,0.7723999023
62871397.0,2968.0,0.0,-0.58203125,0.71484375,-5.0078125,0
62875429.0,4032.0,1.0,0.3319091797,-0.4144287109,0.3540649414,0.7698974609
62878397.0,2968.0,0.0,-0.55078125,0.73828125,-4.9375,0
62884429.0,6032.0,1.0,0.33203125,-0.4171142578,0.3552246094,0.7678833008
62887397.0,2968.0,0.0,-0.18359375,-0.39453125,-2.9609375,0
62894429.0,7032.0,1.0,0.3318481445,-0.4201049805,0.3568725586,0.7655029297
62897397.0,2968.0,0.0,-1.2265625,-0.03515625,-2.31640625,0
62905429.0,8032.0,1.0,0.3315429688,-0.4230957031,0.3590087891,0.7630004883
62908397.0,2968.0,0.0,-2.58203125,-1.75,-0.97265625,0
62915429.0,7032.0,1.0,0.331237793,-0.4260864258,0.3617553711,0.7601928711
62918397.0,2968.0,0.0,-3.57421875,-1.13671875,-0.3828125,0
62924429.0,6032.0,1.0,0.3309326172,-0.4289550781,0.365234375,0.757019043
62927397.0,2968.0,0.0,-6.9609375,-0.3046875,-0.85546875,0
62934429.0,7032.0,1.0,0.3308105469,-0.4318237305,0.3696899414,0.7532348633
62937397.0,2968.0,0.0,-7.0390625,0.25,-1.6953125,0
62945429.0,8032.0,1.0,0.3307495117,-0.4345092773,0.3746337891,0.7493286133
62948397.0,2968.0,0.0,-6.546875,0.30078125,-1.921875,0
62955429.0,7032.0,1.0,0.3306274414,-0.4370727539,0.3801269531,0.7451171875
62958397.0,2968.0,0.0,-5.6640625,0.73046875,-2.14453125,0
62965429.0,7032.0,1.0,0.3305053711,-0.4396362305,0.3862915039,0.7404785156
62968397.0,2968.0,0.0,-4.22265625,1.9921875,-2.27734375,0
62974429.0,6032.0,1.0,0.3302612305,-0.4420166016,0.3927001953,0.7357788086
62977397.0,2968.0,0.0,-3.88671875,1.953125,-2.67578125,0
62985429.0,8032.0,1.0,0.3300170898,-0.4442749023,0.3994750977,0.7308349609
62988397.0,2968.0,0.0,-4.16015625,1.36328125,-3.453125,0
62995429.0,7032.0,1.0,0.3296508789,-0.4463500977,0.4064331055,0.7258911133
62998397.0,2968.0,0.0,-4.3984375,1.5078125,-3.91015625,0
63005429.0,7032.0,1.0,0.3292236328,-0.4483032227,0.4135742188,0.7208251953
63008397.0,2968.0,0.0,-4.0234375,0.41796875,-4.8046875,0
63018429.0,10032.0,1.0,0.3288574219,-0.4501953125,0.4201660156,0.716003418
63021397.0,2968.0,0.0,-3.203125,1.0703125,-5.3046875,0
63028429.0,7032.0,1.0,0.3281860352,-0.4526367188,0.4267578125,0.7108764648
63031397.0,2968.0,0.0,-2.90234375,1.3359375,-4.7734375,0
63035429.0,4032.0,1.0,0.3272094727,-0.4554443359,0.431640625,0.7066040039
63038397.0,2968.0,0.0,-4.57421875,2.5390625,-5.0234375,0
63045429.0,7032.0,1.0,0.3259887695,-0.4584960938,0.4353027344,0.7028808594
63048397.0,2968.0,0.0,-5.390625,2.109375,-5.55859375,0
63055429.0,7032.0,1.0,0.3244628906,-0.4620361328,0.4380493164,0.6995239258
63058397.0,2968.0,0.0,-5.40625,2.453125,-6.23828125,0
63065429.0,7032.0,1.0,0.3227539063,-0.4658203125,0.4398193359,0.6967163086
63068397.0,2968.0,0.0,-4.953125,1.6953125,-6.71875,0
63074429.0,6032.0,1.0,0.3209228516,-0.4696044922,0.4408569336,0.6943359375
63077397.0,2968.0,0.0,-3.21484375,1.09765625,-6.578125,0
63085429.0,8032.0,1.0,0.3193969727,-0.4733886719,0.4420776367,0.6917114258
63088397.0,2968.0,0.0,-2.53125,-0.9921875,-5.91015625,0
63095429.0,7032.0,1.0,0.318359375,-0.4766845703,0.4436035156,0.6889038086
63098397.0,2968.0,0.0,-2.28515625,3.046875,-4.1796875,0
63105429.0,7032.0,1.0,0.3175048828,-0.4799194336,0.4450073242,0.6861572266
63108397.0,2968.0,0.0,-2.33984375,2.02734375,-4.19140625,0
63114429.0,6032.0,1.0,0.3168945313,-0.4829101563,0.4461669922,0.68359375
63117397.0,2968.0,0.0,-3.04296875,2.703125,-3.76953125,0
63125429.0,8032.0,1.0,0.3162841797,-0.4860839844,0.4471435547,0.6809692383
63128397.0,2968.0,0.0,-4.171875,2.21875,-4.5625,0
63135429.0,7032.0,1.0,0.315612793,-0.4891967773,0.4477539063,0.6786499023
63138397.0,2968.0,0.0,-3.97265625,1.67578125,-4.67578125,0
63145429.0,7032.0,1.0,0.3148803711,-0.4921264648,0.4482421875,0.676574707
63148397.0,2968.0,0.0,-3.2265625,1.0703125,-4.40625,0
63155429.0,7032.0,1.0,0.3141479492,-0.4948730469,0.4488525391,0.6744995117
63158397.0,2968.0,0.0,-1.75,0.48046875,-2.7734375,0
63165429.0,7032.0,1.0,0.3134155273,-0.4974365234,0.4496459961,0.6724243164
63168397.0,2968.0,0.0,-1.38671875,0.6484375,-1.59375,0
63175429.0,7032.0,1.0,0.3125610352,-0.5,0.4506225586,0.6702270508
63178397.0,2968.0,0.0,-1.49609375,0.24609375,-0.75,0
63185429.0,7032.0,1.0,0.3116455078,-0.5025024414,0.4518432617,0.6680297852
63188397.0,2968.0,0.0,-1.9375,-0.015625,-0.6328125,0
63195429.0,7032.0,1.0,0.3106079102,-0.5048217773,0.4532470703,0.6657714844
63198397.0,2968.0,0.0,-2.0859375,-0.23828125,-2.39453125,0
63205429.0,7032.0,1.0,0.3096313477,-0.5068359375,0.4548950195,0.6635742188
63209397.0,3968.0,0.0,-2.0,-0.890625,-2.890625,0
63215429.0,6032.0,1.0,0.3087768555,-0.5084838867,0.4567260742,0.6614379883
63218397.0,2968.0,0.0,-1.87890625,-0.8203125,-3.9296875,0
63225429.0,7032.0,1.0,0.3079833984,-0.5098266602,0.4587402344,0.6594238281
63228397.0,2968.0,0.0,0.07421875,-1.203125,-1.66796875,0
63240429.0,12032.0,1.0,0.3070068359,-0.5111083984,0.4608764648,0.6573486328
63244397.0,3968.0,0.0,0.0078125,-1.75390625,0.5,0
63247429.0,3032.0,1.0,0.3057861328,-0.512512207,0.4631347656,0.6552734375
63250397.0,2968.0,0.0,0.0078125,-1.76953125,0.578125,0
63254429.0,4032.0,1.0,0.3042602539,-0.5139770508,0.4653930664,0.653137207
63257397.0,2968.0,0.0,-1.140625,-0.9453125,0.16015625,0
63265429.0,8032.0,1.0,0.3024902344,-0.5154418945,0.4676513672,0.6512451172
63268397.0,2968.0,0.0,-1.140625,-1.7734375,-0.99609375,0
63275429.0,7032.0,1.0,0.3005981445,-0.5166625977,0.4699707031,0.6494750977
63278397.0,2968.0,0.0,-0.1171875,-1.671875,-0.83984375,0
63285429.0,7032.0,1.0,0.298828125,-0.5177001953,0.4722290039,0.6478271484
63288397.0,2968.0,0.0,0.765625,-1.234375,0.0703125,0
63295429.0,7032.0,1.0,0.2969360352,-0.518737793,0.4745483398,0.6461791992
63298397.0,2968.0,0.0,1.5234375,-1.44921875,1.51953125,0
63304429.0,6032.0,1.0,0.2949829102,-0.5198974609,0.4768066406,0.6444702148
63307397.0,2968.0,0.0,0.828125,-1.89453125,3.8515625,0
63315429.0,8032.0,1.0,0.2927856445,-0.5213623047,0.4795532227,0.6422729492
63318397.0,2968.0,0.0,-0.5234375,-1.8046875,3.82421875,0
63325429.0,7032.0,1.0,0.2907714844,-0.5227050781,0.4823608398,0.6400146484
63328397.0,2968.0,0.0,-1.14453125,-1.98828125,3.296875,0
63335429.0,7032.0,1.0,0.2889404297,-0.5238647461,0.4854736328,0.6374511719
63338397.0,2968.0,0.0,-0.8046875,-2.28125,2.38671875,0
63345429.0,7032.0,1.0,0.2874755859,-0.5248413086,0.4890136719,0.6346435547
63348397.0,2968.0,0.0,0.48046875,-0.58984375,-0.44140625,0
63355429.0,7032.0,1.0,0.2863769531,-0.5255737305,0.4927368164,0.631652832
63358397.0,2968.0,0.0,0.78125,0.125,-1.45703125,0
63365429.0,7032.0,1.0,0.2855834961,-0.5262451172,0.4964599609,0.6285400391
63368397.0,2968.0,0.0,1.1171875,1.10546875,-1.9765625,0
63375429.0,7032.0,1.0,0.2849121094,-0.5270996094,0.4996948242,0.6254882813
63378397.0,2968.0,0.0,1.453125,1.51953125,-1.4765625,0
63385429.0,7032.0,1.0,0.2840576172,-0.5283813477,0.5023803711,0.6226806641
63388397.0,2968.0,0.0,0.83203125,0.3984375,-0.05078125,0
63395429.0,7032.0,1.0,0.2828979492,-0.5301513672,0.5042724609,0.6201782227
63398397.0,2968.0,0.0,0.40234375,1.15625,-0.125,0
63405429.0,7032.0,1.0,0.2814331055,-0.5322265625,0.5053710938,0.6181640625
63408397.0,2968.0,0.0,0.328125,0.9375,-0.3671875,0
63415429.0,7032.0,1.0,0.2797851563,-0.5346069336,0.505859375,0.6164550781
63418397.0,2968.0,0.0,1.23828125,1.90234375,-0.26171875,0
63425429.0,7032.0,1.0,0.2780761719,-0.537109375,0.505859375,0.6150512695
63428397.0,2968.0,0.0,1.58203125,1.6796875,-0.4453125,0
63435429.0,7032.0,1.0,0.2761230469,-0.539855957,0.5054321289,0.6138916016
63438397.0,2968.0,0.0,1.31640625,1.12109375,-0.50390625,0
63445429.0,7032.0,1.0,0.2740478516,-0.5427246094,0.5047607422,0.6128540039
63448397.0,2968.0,0.0,0.93359375,0.9765625,-0.6796875,0
63455429.0,7032.0,1.0,0.2718505859,-0.5454711914,0.5039672852,0.6119995117
63458397.0,2968.0,0.0,0.16015625,1.2890625,1.51171875,0
63465429.0,7032.0,1.0,0.2694091797,-0.5483398438,0.5032958984,0.6110839844
63468397.0,2968.0,0.0,0.45703125,0.109375,2.6796875,0
63475429.0,7032.0,1.0,0.2669677734,-0.5510253906,0.5029296875,0.6100463867
63478397.0,2968.0,0.0,0.7265625,-0.3125,2.83984375,0
63485429.0,7032.0,1.0,0.2645263672,-0.553527832,0.5029296875,0.6088256836
63488397.0,2968.0,0.0,0.6796875,-0.234375,2.7890625,0
63500429.0,12032.0,1.0,0.2622070313,-0.5557250977,0.5034179688,0.6074829102
63504397.0,3968.0,0.0,-1.16796875,-2.16015625,1.6953125,0
63507429.0,3032.0,1.0,0.2598266602,-0.5577392578,0.5042724609,0.6058959961
63510397.0,2968.0,0.0,-1.18359375,-2.16796875,1.75,0
63515429.0,5032.0,1.0,0.2571411133,-0.5596923828,0.5056762695,0.6040649414
63518397.0,2968.0,0.0,-2.1953125,-1.8671875,1.7890625,0
63525429.0,7032.0,1.0,0.2546386719,-0.561340332,0.5073242188,0.6021728516
63528397.0,2968.0,0.0,-3.08984375,-2.234375,2.35546875,0
63535429.0,7032.0,1.0,0.251953125,-0.5629272461,0.5094604492,0.6000976563
63538397.0,2968.0,0.0,-3.65234375,-2.52734375,2.7734375,0
63545429.0,7032.0,1.0,0.2492675781,-0.5642700195,0.5119018555,0.5979003906
63548397.0,2968.0,0.0,-2.984375,-2.671875,2.55078125,0
63555429.0,7032.0,1.0,0.2466430664,-0.5653686523,0.5146484375,0.5955200195
63558397.0,2968.0,0.0,-2.59375,-3.01171875,2.66796875,0
63565429.0,7032.0,1.0,0.244140625,-0.5662841797,0.5178833008,0.5928955078
63568397.0,2968.0,0.0,-2.2734375,-2.84375,2.74609375,0
63575429.0,7032.0,1.0,0.2420043945,-0.5670776367,0.5211791992,0.5900878906
63578397.0,2968.0,0.0,-1.22265625,-1.95703125,1.4921875,0
63585429.0,7032.0,1.0,0.2399291992,-0.5679931641,0.5245361328,0.5871582031
63589397.0,3968.0,0.0,-0.48828125,-2.171875,1.76953125,0
63595429.0,6032.0,1.0,0.2379150391,-0.569152832,0.5275268555,0.5841064453
63598397.0,2968.0,0.0,0.3671875,-1.80078125,2.19921875,0
63605429.0,7032.0,1.0,0.2357177734,-0.5707397461,0.5299072266,0.5812988281
63608397.0,2968.0,0.0,1.265625,0.2890625,0.71484375,0
63615429.0,7032.0,1.0,0.233215332,-0.5727539063,0.5315551758,0.5788574219
63618397.0,2968.0,0.0,1.66015625,-0.0625,0.02734375,0
63625429.0,7032.0,1.0,0.2305297852,-0.5750732422,0.532409668,0.5767822266
63628397.0,2968.0,0.0,1.875,-0.0703125,-0.74609375,0
63635429.0,7032.0,1.0,0.2276000977,-0.5776977539,0.5326538086,0.5751342773
63638397.0,2968.0,0.0,1.4765625,0.91796875,-1.02734375,0
63645429.0,7032.0,1.0,0.224609375,-0.5804443359,0.5321655273,0.5739746094
63648397.0,2968.0,0.0,1.72265625,1.8359375,-0.94140625,0
63655429.0,7032.0,1.0,0.2212524414,-0.5835571289,0.5310668945,0.5731201172
63658397.0,2968.0,0.0,2.12890625,1.72265625,-0.16796875,0
63665429.0,7032.0,1.0,0.2177734375,-0.5868530273,0.5295410156,0.5725097656
63668397.0,2968.0,0.0,2.3046875,2.40234375,0.4140625,0
63675429.0,7032.0,1.0,0.214050293,-0.5903930664,0.5275268555,0.5721435547
63678397.0,2968.0,0.0,2.02734375,2.9765625,0.453125,0
63685429.0,7032.0,1.0,0.2102050781,-0.5938110352,0.5254516602,0.5719604492
63688397.0,2968.0,0.0,1.1328125,2.25,0.90625,0
63695429.0,7032.0,1.0,0.205871582,-0.5974121094,0.5230712891,0.5718994141
63698397.0,2968.0,0.0,0.625,2.15625,1.3671875,0
63705429.0,7032.0,1.0,0.2015991211,-0.6008300781,0.5209960938,0.5717773438
63708397.0,2968.0,0.0,0.1484375,2.53125,1.55078125,0
63717429.0,9032.0,1.0,0.1975097656,-0.6037597656,0.5194091797,0.5715332031
63720397.0,2968.0,0.0,-0.06640625,2.05078125,1.55078125,0
63728429.0,8032.0,1.0,0.1934204102,-0.6064453125,0.5184936523,0.5709228516
63731397.0,2968.0,0.0,-0.703125,1.49609375,0.7109375,0
63735429.0,4032.0,1.0,0.1893920898,-0.6088867188,0.5182495117,0.5698852539
63738397.0,2968.0,0.0,-1.64453125,1.3515625,0.6953125,0
63745429.0,7032.0,1.0,0.1856689453,-0.6107788086,0.5188598633,0.5685424805
63748397.0,2968.0,0.0,-2.328125,1.359375,0.75,0
63755429.0,7032.0,1.0,0.1820678711,-0.6123046875,0.5202026367,0.5668334961
63758397.0,2968.0,0.0,-2.90234375,1.55859375,1.234375,0
63765429.0,7032.0,1.0,0.1784667969,-0.6135253906,0.5221557617,0.5648803711
63768397.0,2968.0,0.0,-3.2109375,1.1328125,2.5546875,0
63775429.0,7032.0,1.0,0.174987793,-0.6143188477,0.5249023438,0.5625610352
63778397.0,2968.0,0.0,-3.44921875,1.0859375,2.515625,0
63785429.0,7032.0,1.0,0.1716918945,-0.6146850586,0.5283813477,0.5598754883
63788397.0,2968.0,0.0,-3.6875,0.7734375,2.78515625,0
63795429.0,7032.0,1.0,0.1685791016,-0.6146240234,0.5327148438,0.5567626953
63798397.0,2968.0,0.0,-4.0859375,0.640625,2.296875,0
63805429.0,7032.0,1.0,0.1658325195,-0.614074707,0.5380249023,0.5531616211
63808397.0,2968.0,0.0,-4.30078125,0.35546875,2.4296875,0
63815429.0,7032.0,1.0,0.1634521484,-0.6129150391,0.5441894531,0.5490112305
63818397.0,2968.0,0.0,-4.546875,0.30078125,2.609375,0
63825429.0,7032.0,1.0,0.1614990234,-0.6112670898,0.5513916016,0.5443115234
63828397.0,2968.0,0.0,-4.7421875,0.859375,2.37109375,0
63835429.0,7032.0,1.0,0.1597290039,-0.6090698242,0.5590820313,0.5394287109
63838397.0,2968.0,0.0,-6.11328125,1.87890625,2.20703125,0
63845429.0,7032.0,1.0,0.1580810547,-0.6061401367,0.5677490234,0.5340576172
63848397.0,2968.0,0.0,-6.91796875,2.66015625,1.41015625,0
63855429.0,7032.0,1.0,0.1564331055,-0.6028442383,0.5764770508,0.5289306641
63858397.0,2968.0,0.0,-7.83984375,2.58984375,1.25390625,0
63865429.0,7032.0,1.0,0.1545410156,-0.5990600586,0.5853271484,0.5241088867
63868397.0,2968.0,0.0,-8.546875,3.3671875,1.28515625,0
63880429.0,12032.0,1.0,0.1520385742,-0.594909668,0.5938110352,0.5200195313
63885397.0,4968.0,0.0,-9.3203125,6.578125,-0.27734375,0
63888429.0,3032.0,1.0,0.1484985352,-0.5902099609,0.6021118164,0.516784668
63891397.0,2968.0,0.0,-9.40625,6.4765625,-0.19140625,0
63895429.0,4032.0,1.0,0.1433105469,-0.584777832,0.6102905273,0.514831543
63898397.0,2968.0,0.0,-9.5546875,7.9140625,-1.1171875,0
63905429.0,7032.0,1.0,0.1365966797,-0.5790405273,0.6174316406,0.5145874023
63908397.0,2968.0,0.0,-10.23046875,9.38671875,-2.33984375,0
63915429.0,7032.0,1.0,0.1276245117,-0.5727539063,0.6235351563,0.5166015625
63918397.0,2968.0,0.0,-10.36328125,11.74609375,-2.609375,0
63925429.0,7032.0,1.0,0.1168823242,-0.5661621094,0.6279296875,0.5210571289
63928397.0,2968.0,0.0,-8.15234375,10.66796875,0.109375,0
63935429.0,7032.0,1.0,0.1037597656,-0.5587158203,0.6310424805,0.5280761719
63938397.0,2968.0,0.0,-6.30078125,7.8125,3.203125,0
63945429.0,7032.0,1.0,0.0895996094,-0.5509033203,0.6332397461,0.5361938477
63948397.0,2968.0,0.0,-2.93359375,2.640625,8.7578125,0
63955429.0,7032.0,1.0,0.0784301758,-0.541809082,0.6386108398,0.5407714844
63958397.0,2968.0,0.0,1.73046875,-18.66796875,8.08203125,0
63965429.0,7032.0,1.0,0.0729980469,-0.5310058594,0.6485595703,0.5404663086
63968397.0,2968.0,0.0,-0.15234375,5.30859375,9.3203125,0
63975429.0,7032.0,1.0,0.067199707,-0.5183105469,0.6560668945,0.5444335938
63978397.0,2968.0,0.0,0.61328125,26.43359375,-2.46875,0
63985429.0,7032.0,1.0,0.0564575195,-0.5054321289,0.6547851563,0.5591430664
63988397.0,2968.0,0.0,0.2578125,25.0859375,-14.98046875,0
64000429.0,12032.0,1.0,0.0405883789,-0.4927978516,0.6430053711,0.5848999023
64004397.0,3968.0,0.0,5.18359375,10.8828125,-18.09375,0
64007429.0,3032.0,1.0,0.0214233398,-0.4797973633,0.6204833984,0.6199951172
64010397.0,2968.0,0.0,5.12890625,10.5078125,-18.8984375,0
64015429.0,5032.0,1.0,0.0047607422,-0.4657592773,0.5926513672,0.6571044922
64018397.0,2968.0,0.0,6.7734375,-7.46484375,-16.83203125,0
64025429.0,7032.0,1.0,0.003112793,0.4528808594,-0.5696411133,-0.6857910156
64028397.0,2968.0,0.0,2.03125,-16.8359375,0.17578125,0
64035429.0,7032.0,1.0,0.0035400391,0.4403686523,-0.5504760742,-0.7092895508
64038397.0,2968.0,0.0,1.10546875,-16.58203125,0.2265625,0
64045429.0,7032.0,1.0,0.0010375977,-0.4294433594,0.5343017578,0.7280883789
64048397.0,2968.0,0.0,3.41796875,-12.98828125,1.11328125,0
64057429.0,9032.0,1.0,0.0076904297,-0.4200439453,0.5172119141,0.7456665039
64060397.0,2968.0,0.0,6.03515625,-7.36328125,1.78515625,0
64068429.0,8032.0,1.0,0.0156860352,-0.4118652344,0.4975585938,0.7632446289
64071397.0,2968.0,0.0,5.8203125,-12.69921875,-0.39453125,0
64075429.0,4032.0,1.0,0.0259399414,-0.4047851563,0.4772949219,0.7795410156
64078397.0,2968.0,0.0,5.01953125,-14.1953125,0.70703125,0
64085429.0,7032.0,1.0,0.0387573242,-0.3988037109,0.459777832,0.7925415039
64088397.0,2968.0,0.0,4.609375,-12.69140625,0.4765625,0
64095429.0,7032.0,1.0,0.0534057617,-0.393737793,0.4450073242,0.8025512695
64098397.0,2968.0,0.0,3.9140625,-8.76171875,0.32421875,0
64105429.0,7032.0,1.0,0.0689086914,-0.389465332,0.4315185547,0.8107910156
64108397.0,2968.0,0.0,3.02734375,-5.05859375,0.1640625,0
64120429.0,12032.0,1.0,0.0834350586,-0.3861694336,0.4197387695,0.8171386719
64124397.0,3968.0,0.0,3.08984375,-4.77734375,1.53125,0
64127429.0,3032.0,1.0,0.0991821289,-0.3831176758,0.4080200195,0.8227539063
64130397.0,2968.0,0.0,3.99609375,-4.40234375,1.6328125,0
64135429.0,5032.0,1.0,0.1153564453,-0.3803100586,0.3970336914,0.827331543
64138397.0,2968.0,0.0,4.08984375,-4.13671875,1.4140625,0
64145429.0,7032.0,1.0,0.1305541992,-0.3778686523,0.3870849609,0.830871582
64148397.0,2968.0,0.0,5.46875,-3.51171875,1.375,0
64155429.0,7032.0,1.0,0.1451416016,-0.375793457,0.3773803711,0.8338623047
64158397.0,2968.0,0.0,6.0390625,-3.34765625,1.078125,0
64166429.0,8032.0,1.0,0.1591186523,-0.3740234375,0.3677368164,0.8364257813
64169397.0,2968.0,0.0,6.859375,-3.60546875,0.484375,0
64175429.0,6032.0,1.0,0.1723022461,-0.3726196289,0.3582763672,0.8385009766
64178397.0,2968.0,0.0,8.453125,-4.6328125,0.13671875,0
64185429.0,7032.0,1.0,0.184753418,-0.3715820313,0.3494873047,0.8400268555
64188397.0,2968.0,0.0,9.02734375,-5.171875,0.11328125,0
64200429.0,12032.0,1.0,0.1964111328,-0.3708496094,0.3419799805,0.8408203125
64204397.0,3968.0,0.0,9.3359375,-5.0546875,-0.203125,0
64207429.0,3032.0,1.0,0.2083740234,-0.3702392578,0.3352050781,0.8409423828
64210397.0,2968.0,0.0,8.984375,-4.58203125,0.0,0
64215429.0,5032.0,1.0,0.2199707031,-0.369934082,0.3291015625,0.8405151367
64218397.0,2968.0,0.0,8.640625,-4.3203125,0.45703125,0
64225429.0,7032.0,1.0,0.2307739258,-0.3700561523,0.3234863281,0.8397216797
64228397.0,2968.0,0.0,8.13671875,-4.58984375,0.6953125,0
64235429.0,7032.0,1.0,0.2407226563,-0.3706054688,0.318359375,0.838684082
64238397.0,2968.0,0.0,7.62890625,-5.19140625,0.81640625,0
64246429.0,8032.0,1.0,0.2499389648,-0.3713989258,0.3141479492,0.8372192383
64249397.0,2968.0,0.0,7.15625,-5.15234375,0.85546875,0
64255429.0,6032.0,1.0,0.2584838867,-0.372253418,0.3112182617,0.8353271484
64258397.0,2968.0,0.0,6.23828125,-4.64453125,-0.05078125,0
64265429.0,7032.0,1.0,0.2670288086,-0.3733520508,0.3090209961,0.8329467773
64268397.0,2968.0,0.0,5.88671875,-3.98046875,-0.59375,0
64275429.0,7032.0,1.0,0.2749633789,-0.3746948242,0.3073730469,0.8303833008
64278397.0,2968.0,0.0,5.2578125,-3.22265625,-1.0234375,0
64286429.0,8032.0,1.0,0.2821655273,-0.3764038086,0.3059692383,0.8276977539
64289397.0,2968.0,0.0,4.5703125,-2.77734375,-1.09375,0
64301429.0,12032.0,1.0,0.2881469727,-0.3783569336,0.3048095703,0.8251953125
64306429.0,5000.0,1.0,0.2939453125,-0.3807373047,0.3041992188,0.822265625
64308397.0,1968.0,0.0,2.33984375,-3.78515625,-0.515625,0
64315429.0,7032.0,1.0,0.2993774414,-0.3833007813,0.3046264648,0.8189697266
64318397.0,2968.0,0.0,1.99609375,-3.63671875,-0.625,0
64326429.0,8032.0,1.0,0.3040771484,-0.3860473633,0.3056640625,0.8155517578
64329397.0,2968.0,0.0,2.00390625,-2.30859375,-0.921875,0
64335429.0,6032.0,1.0,0.3080444336,-0.3890991211,0.3069458008,0.8120727539
64338397.0,2968.0,0.0,1.74609375,-0.9140625,-2.3828125,0
64345429.0,7032.0,1.0,0.3114013672,-0.3922729492,0.3084716797,0.8087158203
64348397.0,2968.0,0.0,1.2578125,-0.73046875,-3.2421875,0
64356429.0,8032.0,1.0,0.3142089844,-0.3952636719,0.3101806641,0.805480957
64359397.0,2968.0,0.0,0.67578125,0.11328125,-3.9453125,0
64365429.0,6032.0,1.0,0.3165893555,-0.3981323242,0.3120117188,0.8024291992
64368397.0,2968.0,0.0,-0.3203125,0.64453125,-4.87109375,0
64375429.0,7032.0,1.0,0.318359375,-0.4010009766,0.313659668,0.7996826172
64378397.0,2968.0,0.0,-1.0859375,0.78125,-4.37890625,0
64385429.0,7032.0,1.0,0.319519043,-0.4039306641,0.3149414063,0.7972412109
64388397.0,2968.0,0.0,-1.97265625,0.734375,-3.51171875,0
64396429.0,8032.0,1.0,0.3201293945,-0.4068603516,0.3161010742,0.7950439453
64399397.0,2968.0,0.0,-2.546875,0.13671875,-3.609375,0
64405429.0,6032.0,1.0,0.3203735352,-0.4096679688,0.3173217773,0.79296875
64408397.0,2968.0,0.0,-2.32421875,-1.26171875,-2.3203125,0
64415429.0,7032.0,1.0,0.3204345703,-0.4124755859,0.3190917969,0.7908325195
64418397.0,2968.0,0.0,-1.84375,-1.8671875,-1.140625,0
64425429.0,7032.0,1.0,0.3203735352,-0.4149780273,0.3217773438,0.7883911133
64428397.0,2968.0,0.0,-1.3515625,-2.56640625,-1.0625,0
64435429.0,7032.0,1.0,0.3203735352,-0.4172363281,0.3255615234,0.7856445313
64438397.0,2968.0,0.0,-1.2421875,-2.62890625,-0.8984375,0
64445429.0,7032.0,1.0,0.3204345703,-0.4190673828,0.3301391602,0.7827148438
64448397.0,2968.0,0.0,-1.375,-0.859375,-1.3125,0
64455429.0,7032.0,1.0,0.3206787109,-0.4208984375,0.3363037109,0.7790527344
64458397.0,2968.0,0.0,-2.18359375,-0.375,-2.04296875,0
64465429.0,7032.0,1.0,0.3209228516,-0.4224243164,0.3427734375,0.7752685547
64469397.0,3968.0,0.0,-3.33203125,0.59375,-2.73046875,0
64475429.0,6032.0,1.0,0.321105957,-0.4238891602,0.3495483398,0.7714233398
64478397.0,2968.0,0.0,-4.3828125,1.91015625,-3.11328125,0
64488429.0,10032.0,1.0,0.3211669922,-0.4252929688,0.3566894531,0.7672729492
64491397.0,2968.0,0.0,-5.921875,2.109375,-3.6484375,0
64495429.0,4032.0,1.0,0.3212280273,-0.4266967773,0.3642578125,0.7629394531
64498397.0,2968.0,0.0,-4.85546875,1.9609375,-3.62890625,0
64505429.0,7032.0,1.0,0.321105957,-0.4280395508,0.372253418,0.7583618164
64508397.0,2968.0,0.0,-3.5703125,2.4609375,-2.9921875,0
64515429.0,7032.0,1.0,0.3208618164,-0.4295043945,0.3801269531,0.7537231445
64518397.0,2968.0,0.0,-2.3515625,2.19140625,-2.16015625,0
64525429.0,7032.0,1.0,0.3203735352,-0.4310913086,0.3880004883,0.7490234375
64528397.0,2968.0,0.0,-1.67578125,2.12109375,-1.4453125,0
64535429.0,7032.0,1.0,0.3195800781,-0.4328613281,0.3954467773,0.7443847656
64538397.0,2968.0,0.0,-2.41796875,1.4453125,-2.0234375,0
64546429.0,8032.0,1.0,0.3184204102,-0.4349975586,0.4025878906,0.7398071289
64549397.0,2968.0,0.0,-2.88671875,1.71875,-3.67578125,0
64556429.0,7032.0,1.0,0.3170776367,-0.4372558594,0.4091186523,0.7354125977
64559397.0,2968.0,0.0,-4.2421875,2.66015625,-6.0625,0
64565429.0,6032.0,1.0,0.315612793,-0.4396972656,0.4147949219,0.7314453125
64568397.0,2968.0,0.0,-3.94921875,2.26953125,-6.3125,0
64575429.0,7032.0,1.0,0.3139038086,-0.4424438477,0.4196166992,0.727722168
64578397.0,2968.0,0.0,-3.08203125,2.8515625,-4.80078125,0
64586429.0,8032.0,1.0,0.3118896484,-0.4457397461,0.4233398438,0.7244873047
64589397.0,2968.0,0.0,-2.29296875,2.13671875,-4.30078125,0
64601429.0,12032.0,1.0,0.3098754883,-0.44921875,0.4260253906,0.7216186523
64606397.0,4968.0,0.0,-3.6875,-0.3984375,-4.0,0
64609429.0,3032.0,1.0,0.3078613281,-0.4530639648,0.4286499023,0.7184448242
64612397.0,2968.0,0.0,-3.65625,-0.40625,-3.8828125,0
64616429.0,4032.0,1.0,0.3060302734,-0.4570922852,0.431640625,0.7149658203
64619397.0,2968.0,0.0,-4.390625,0.20703125,-4.7265625,0
64626429.0,7032.0,1.0,0.3047485352,-0.4603271484,0.4343261719,0.711730957
64629397.0,2968.0,0.0,-4.52734375,0.12890625,-5.11328125,0
64635429.0,6032.0,1.0,0.3037719727,-0.4633789063,0.4370117188,0.7085571289
64638397.0,2968.0,0.0,-4.046875,0.734375,-4.3203125,0
64645429.0,7032.0,1.0,0.3029785156,-0.4664306641,0.4399414063,0.705078125
64648397.0,2968.0,0.0,-4.06640625,0.89453125,-3.36328125,0
64655429.0,7032.0,1.0,0.3024291992,-0.4692993164,0.4429321289,0.7014770508
64658397.0,2968.0,0.0,-4.45703125,0.78125,-3.30078125,0
64666429.0,8032.0,1.0,0.3020629883,-0.4721069336,0.4456176758,0.698059082
64669397.0,2968.0,0.0,-4.2421875,1.8515625,-3.11328125,0
64675429.0,6032.0,1.0,0.3016357422,-0.4749145508,0.4478149414,0.6949462891
64678397.0,2968.0,0.0,-3.0,-0.46875,-2.8671875,0
64685429.0,7032.0,1.0,0.3012084961,-0.4779663086,0.450012207,0.6915893555
64688397.0,2968.0,0.0,-2.6328125,-0.3828125,-3.22265625,0
64696429.0,8032.0,1.0,0.3010253906,-0.4808349609,0.4521484375,0.688293457
64699397.0,2968.0,0.0,-2.04296875,0.3203125,-4.28125,0
64706429.0,7032.0,1.0,0.3009643555,-0.4834594727,0.4541015625,0.6851806641
64709397.0,2968.0,0.0,-1.25390625,0.91015625,-4.33984375,0
64715429.0,6032.0,1.0,0.3009033203,-0.4861450195,0.4559936523,0.6820678711
64718397.0,2968.0,0.0,-1.46875,0.7734375,-3.2890625,0
64726429.0,8032.0,1.0,0.3008422852,-0.4887695313,0.4577026367,0.6790771484
64729397.0,2968.0,0.0,-1.71875,0.30078125,-2.90234375,0
64736429.0,7032.0,1.0,0.3007202148,-0.491394043,0.4592895508,0.6760864258
64739397.0,2968.0,0.0,-1.50390625,0.23828125,-2.55078125,0
64746429.0,7032.0,1.0,0.3005371094,-0.4940185547,0.4606933594,0.6733398438
64749397.0,2968.0,0.0,-0.76171875,0.22265625,-2.69140625,0
64756429.0,7032.0,1.0,0.3002319336,-0.4965820313,0.4620361328,0.6706542969
64759397.0,2968.0,0.0,-0.32421875,-0.59765625,-3.11328125,0
64766429.0,7032.0,1.0,0.299987793,-0.4989624023,0.4632568359,0.6681518555
64770397.0,3968.0,0.0,-0.81640625,-0.16015625,-2.765625,0
64777429.0,7032.0,1.0,0.2996826172,-0.5012207031,0.4642333984,0.6659545898
64780397.0,2968.0,0.0,-1.06640625,0.4375,-2.93359375,0
64790429.0,10032.0,1.0,0.2993164063,-0.5035400391,0.4652709961,0.6636352539
64793397.0,2968.0,0.0,-1.21484375,-0.46484375,-0.05859375,0
64797429.0,4032.0,1.0,0.298828125,-0.505859375,0.4663696289,0.661315918
64800397.0,2968.0,0.0,-1.46484375,-0.33203125,0.125,0
64806429.0,6032.0,1.0,0.2982177734,-0.5083007813,0.4677124023,0.6587524414
64809397.0,2968.0,0.0,-1.3828125,-0.5859375,0.55078125,0
64816429.0,7032.0,1.0,0.297668457,-0.5104980469,0.4691772461,0.65625
64819397.0,2968.0,0.0,-1.3359375,-0.5390625,0.359375,0
64825429.0,6032.0,1.0,0.2971801758,-0.5124511719,0.4707641602,0.6538085938
64828397.0,2968.0,0.0,-0.8671875,0.08203125,-1.484375,0
64836429.0,8032.0,1.0,0.2966308594,-0.5143432617,0.4725952148,0.6512451172
64839397.0,2968.0,0.0,-0.20703125,-0.33203125,-2.203125,0
64846429.0,7032.0,1.0,0.296081543,-0.5161743164,0.4743041992,0.6488037109
64849397.0,2968.0,0.0,0.25,0.01953125,-1.53125,0
64856429.0,7032.0,1.0,0.2954101563,-0.5180053711,0.4759521484,0.6464233398
64859397.0,2968.0,0.0,0.71875,0.05859375,-1.06640625,0
64866429.0,7032.0,1.0,0.2945556641,-0.5201416016,0.4774780273,0.6439819336
64869397.0,2968.0,0.0,-0.35546875,0.44921875,-0.33984375,0
64876429.0,7032.0,1.0,0.2936401367,-0.5221557617,0.4787597656,0.641784668
64879397.0,2968.0,0.0,-0.98828125,0.08203125,-0.078125,0
64886429.0,7032.0,1.0,0.2926025391,-0.5242919922,0.4799194336,0.6396484375
64889397.0,2968.0,0.0,-0.95703125,0.01171875,-0.390625,0
64896429.0,7032.0,1.0,0.2915039063,-0.5263671875,0.4809570313,0.6376342773
64899397.0,2968.0,0.0,-0.33984375,0.44140625,-0.359375,0
64906429.0,7032.0,1.0,0.2904052734,-0.5284423828,0.4820556641,0.6356811523
64909397.0,2968.0,0.0,1.80859375,-0.1328125,0.08984375,0
64916429.0,7032.0,1.0,0.2893066406,-0.530456543,0.4831542969,0.633605957
64919397.0,2968.0,0.0,2.3046875,0.02734375,0.84765625,0
64926429.0,7032.0,1.0,0.2882080078,-0.5325317383,0.484375,0.6314086914
64929397.0,2968.0,0.0,2.19140625,0.45703125,1.1484375,0
64936429.0,7032.0,1.0,0.2869262695,-0.5348510742,0.485534668,0.6291503906
64939397.0,2968.0,0.0,-0.078125,0.1953125,1.45703125,0
64946429.0,7032.0,1.0,0.2856445313,-0.5371704102,0.4866333008,0.626953125
64949397.0,2968.0,0.0,-1.2265625,-0.0234375,1.296875,0
64956429.0,7032.0,1.0,0.2842407227,-0.5395507813,0.4876098633,0.6247558594
64959397.0,2968.0,0.0,-1.53515625,-0.1328125,0.37109375,0
64966429.0,7032.0,1.0,0.2828979492,-0.541809082,0.4884643555,0.6227416992
64969397.0,2968.0,0.0,-1.34375,-0.171875,-0.515625,0
64976429.0,7032.0,1.0,0.2815551758,-0.5440673828,0.4892578125,0.6207885742
64979397.0,2968.0,0.0,0.265625,-0.19921875,-1.48046875,0
64986429.0,7032.0,1.0,0.2803344727,-0.5462036133,0.4900512695,0.6188354492
64989397.0,2968.0,0.0,1.30078125,-0.26953125,-1.04296875,0
64996429.0,7032.0,1.0,0.2792358398,-0.5482788086,0.4908447266,0.6168212891
64999397.0,2968.0,0.0,1.984375,-0.53125,-0.58984375,0
65006429.0,7032.0,1.0,0.2780761719,-0.5504760742,0.4916381836,0.6147460938
65009397.0,2968.0,0.0,1.484375,-0.32421875,-0.2890625,0
65015429.0,6032.0,1.0,0.2768554688,-0.5526733398,0.4921875,0.6128540039
65018397.0,2968.0,0.0,-0.1328125,0.06640625,0.83984375,0
65026429.0,8032.0,1.0,0.2753295898,-0.5551147461,0.4925537109,0.6110839844
65029397.0,2968.0,0.0,-0.70703125,-0.34765625,1.16796875,0
65036429.0,7032.0,1.0,0.2736816406,-0.5574951172,0.4927978516,0.6094970703
65039397.0,2968.0,0.0,-1.12890625,-0.03125,1.23046875,0
65046429.0,7032.0,1.0,0.2718505859,-0.5598144531,0.492980957,0.6080322266
65049397.0,2968.0,0.0,-0.67578125,-0.17578125,1.171875,0
65061429.0,12032.0,1.0,0.2700805664,-0.5620117188,0.4932250977,0.6065673828
65065397.0,3968.0,0.0,-0.30078125,-0.8984375,2.6796875,0
65068429.0,3032.0,1.0,0.2682495117,-0.5642700195,0.4937744141,0.6048583984
65071397.0,2968.0,0.0,-0.30859375,-0.8984375,2.7421875,0
65075429.0,4032.0,1.0,0.2665405273,-0.56640625,0.4944458008,0.6030273438
65078397.0,2968.0,0.0,-0.96875,-1.05078125,2.578125,0
65086429.0,8032.0,1.0,0.2647094727,-0.5686645508,0.4953613281,0.6009521484
65089397.0,2968.0,0.0,-1.2421875,-1.01171875,1.91796875,0
65096429.0,7032.0,1.0,0.262878418,-0.5708618164,0.4962768555,0.5989379883
65099397.0,2968.0,0.0,-0.79296875,-1.47265625,1.515625,0
65106429.0,7032.0,1.0,0.2610473633,-0.5729980469,0.497253418,0.5969238281
65110397.0,3968.0,0.0,-0.234375,-1.85546875,1.32421875,0
65116429.0,6032.0,1.0,0.2592163086,-0.575012207,0.4982910156,0.5948486328
65119397.0,2968.0,0.0,-0.01171875,-1.5859375,0.66015625,0
65126429.0,7032.0,1.0,0.2573852539,-0.5770263672,0.4993286133,0.5928344727
65129397.0,2968.0,0.0,0.36328125,-0.09375,0.3359375,0
65136429.0,7032.0,1.0,0.2555541992,-0.5789794922,0.5002441406,0.5909423828
65139397.0,2968.0,0.0,0.46484375,-0.28515625,1.01953125,0
65146429.0,7032.0,1.0,0.2536621094,-0.5810546875,0.5010375977,0.589050293
65150397.0,3968.0,0.0,-0.203125,-0.66796875,1.84375,0
65156429.0,6032.0,1.0,0.2515869141,-0.5833129883,0.5017089844,0.5872192383
65159397.0,2968.0,0.0,-0.5625,-0.58984375,1.67578125,0
65166429.0,7032.0,1.0,0.2493896484,-0.5855102539,0.5021972656,0.5855102539
65169397.0,2968.0,0.0,-1.15234375,-0.90625,0.89453125,0
65176429.0,7032.0,1.0,0.2470092773,-0.5877685547,0.5025634766,0.5839233398
65179397.0,2968.0,0.0,-1.0859375,-0.72265625,0.3046875,0
65186429.0,7032.0,1.0,0.2444458008,-0.5900268555,0.5028076172,0.5824584961
65190397.0,3968.0,0.0,-1.0234375,-0.56640625,0.51171875,0
65196429.0,6032.0,1.0,0.2418823242,-0.5922851563,0.5029907227,0.5811767578
65199397.0,2968.0,0.0,-0.84765625,0.0390625,0.796875,0
65206429.0,7032.0,1.0,0.2392578125,-0.594543457,0.5029907227,0.5798950195
65209397.0,2968.0,0.0,0.1328125,0.22265625,2.26171875,0
65216429.0,7032.0,1.0,0.236328125,-0.5971679688,0.5028076172,0.5786132813
65219397.0,2968.0,0.0,0.76953125,0.2890625,2.890625,0
65226429.0,7032.0,1.0,0.233215332,-0.5999145508,0.5023803711,0.577331543
65229397.0,2968.0,0.0,0.828125,0.3984375,3.22265625,0
65236429.0,7032.0,1.0,0.2299194336,-0.6027832031,0.5018310547,0.5761108398
65239397.0,2968.0,0.0,0.31640625,0.20703125,3.0859375,0
65246429.0,7032.0,1.0,0.2265014648,-0.6057128906,0.5012207031,0.5749511719
65249397.0,2968.0,0.0,0.109375,-0.37890625,2.18359375,0
65256429.0,7032.0,1.0,0.2232055664,-0.6083984375,0.5007324219,0.5737915039
65259397.0,2968.0,0.0,-0.40625,-0.125,2.046875,0
65266429.0,7032.0,1.0,0.2197265625,-0.6111450195,0.5004272461,0.5725708008
65270397.0,3968.0,0.0,-0.390625,0.05078125,1.83203125,0
65276429.0,6032.0,1.0,0.2162475586,-0.6137695313,0.5003051758,0.5711669922
65279397.0,2968.0,0.0,0.0859375,-0.23046875,1.47265625,0
65286429.0,7032.0,1.0,0.2127685547,-0.6162109375,0.5004272461,0.5697021484
65289397.0,2968.0,0.0,-0.4765625,-0.28515625,1.453125,0
65296429.0,7032.0,1.0,0.2092895508,-0.6185913086,0.5008544922,0.5680541992
65299397.0,2968.0,0.0,-0.5,0.46484375,0.96875,0
65306429.0,7032.0,1.0,0.2056884766,-0.6207885742,0.5013427734,0.5665283203
65309397.0,2968.0,0.0,-0.21484375,0.78515625,0.49609375,0
65318429.0,9032.0,1.0,0.2020263672,-0.6228637695,0.5017700195,0.5651855469
65321397.0,2968.0,0.0,-0.20703125,0.71484375,0.671875,0
65328429.0,7032.0,1.0,0.1977539063,-0.6250610352,0.5022583008,0.5638427734
65331397.0,2968.0,0.0,-0.890625,0.37109375,2.60546875,0
65336429.0,5032.0,1.0,0.1930541992,-0.6271972656,0.5029907227,0.5624389648
65339397.0,2968.0,0.0,-1.2734375,0.33203125,2.9375,0
65346429.0,7032.0,1.0,0.188659668,-0.6290283203,0.5039672852,0.5610351563
65349397.0,2968.0,0.0,-1.66015625,0.4765625,2.8828125,0
65356429.0,7032.0,1.0,0.1840209961,-0.6305541992,0.5054931641,0.5594482422
65359397.0,2968.0,0.0,-2.12109375,-0.4140625,1.8828125,0
65366429.0,7032.0,1.0,0.1795654297,-0.6317749023,0.5077514648,0.5575561523
65369397.0,2968.0,0.0,-2.54296875,-0.5078125,2.02734375,0
65376429.0,7032.0,1.0,0.1752929688,-0.6325683594,0.5108032227,0.5551757813
65379397.0,2968.0,0.0,-3.28515625,-0.40625,1.984375,0
65386429.0,7032.0,1.0,0.1713256836,-0.6329345703,0.5146484375,0.5524291992
65389397.0,2968.0,0.0,-4.06640625,-0.39453125,2.03125,0
65396429.0,7032.0,1.0,0.1676025391,-0.6329345703,0.5191650391,0.5493774414
65399397.0,2968.0,0.0,-4.97265625,0.04296875,3.49609375,0
65406429.0,7032.0,1.0,0.1636962891,-0.6324462891,0.5248413086,0.545715332
65409397.0,2968.0,0.0,-5.3046875,-0.41796875,3.62890625,0
65416429.0,7032.0,1.0,0.1600952148,-0.6314086914,0.5313110352,0.5416870117
65419397.0,2968.0,0.0,-5.71875,-0.21484375,3.5390625,0
65426429.0,7032.0,1.0,0.1568603516,-0.6296386719,0.5388793945,0.5371704102
65429397.0,2968.0,0.0,-6.07421875,-0.0234375,3.5390625,0
65436429.0,7032.0,1.0,0.1541137695,-0.6268920898,0.5482788086,0.5316772461
65439397.0,2968.0,0.0,-6.84765625,0.6953125,3.88671875,0
65446429.0,7032.0,1.0,0.15234375,-0.6234741211,0.5583496094,0.5256347656
65449397.0,2968.0,0.0,-7.203125,1.66796875,3.7890625,0
65456429.0,7032.0,1.0,0.151184082,-0.6188354492,0.5703735352,0.5184936523
65459397.0,2968.0,0.0,-7.46484375,3.47265625,2.859375,0
65466429.0,7032.0,1.0,0.1503295898,-0.6132202148,0.5833129883,0.5109863281
65469397.0,2968.0,0.0,-7.95703125,6.19921875,1.78125,0
65481429.0,12032.0,1.0,0.1491088867,-0.6068725586,0.5961914063,0.5039672852
65485397.0,3968.0,0.0,-10.7890625,14.2734375,-2.71484375,0
65488429.0,3032.0,1.0,0.146484375,-0.5996704102,0.6088256836,0.4982910156
65491397.0,2968.0,0.0,-10.9140625,14.1640625,-2.59765625,0
65496429.0,5032.0,1.0,0.1411743164,-0.5913085938,0.6209106445,0.4948730469
65499397.0,2968.0,0.0,-11.6640625,15.80078125,-3.65234375,0
65506429.0,7032.0,1.0,0.1333618164,-0.5831298828,0.6302490234,0.494934082
65509397.0,2968.0,0.0,-10.765625,13.94140625,-2.81640625,0
65516429.0,7032.0,1.0,0.1226806641,-0.5744018555,0.6377563477,0.4982299805
65519397.0,2968.0,0.0,-9.1875,9.9296875,1.3515625,0
65526429.0,7032.0,1.0,0.1098632813,-0.5651855469,0.6436767578,0.5042114258
65529397.0,2968.0,0.0,-5.859375,7.05859375,4.19921875,0
65536429.0,7032.0,1.0,0.0957641602,-0.5559082031,0.6482543945,0.5114746094
65539397.0,2968.0,0.0,-1.89453125,3.7890625,4.91796875,0
65546429.0,7032.0,1.0,0.0833129883,-0.546081543,0.6539916992,0.5168457031
65549397.0,2968.0,0.0,2.41796875,-11.21875,3.77734375,0
65561429.0,12032.0,1.0,0.0762329102,-0.5352172852,0.6626586914,0.5183105469
65565397.0,3968.0,0.0,0.71875,30.296875,-8.11328125,0
65568429.0,3032.0,1.0,0.0696411133,-0.522277832,0.6698608398,0.5231323242
65571397.0,2968.0,0.0,0.5703125,30.0625,-8.18359375,0
65576429.0,5032.0,1.0,0.0581054687,-0.5087280273,0.6686401367,0.5391845703
65579397.0,2968.0,0.0,2.58984375,31.74609375,-17.30078125,0
65586429.0,7032.0,1.0,0.0424194336,-0.4968261719,0.6568603516,0.565612793
65589397.0,2968.0,0.0,5.28125,22.76953125,-24.3515625,0
65596429.0,7032.0,1.0,0.0227050781,-0.4841918945,0.6330566406,0.6035766602
65599397.0,2968.0,0.0,8.83203125,5.94921875,-21.74609375,0
65606429.0,7032.0,1.0,0.0079345703,-0.4717407227,0.6063232422,0.6400756836
65609397.0,2968.0,0.0,7.5,-11.1875,-17.49609375,0
65618429.0,9032.0,1.0,0.0022583008,-0.4600219727,0.5844116211,0.6684570313
65621397.0,2968.0,0.0,2.56640625,-17.5,-8.44921875,0
65629429.0,8032.0,1.0,0.0034790039,-0.4482421875,0.5653686523,0.6923828125
65632397.0,2968.0,0.0,2.4765625,-11.84765625,-0.62890625,0
65636429.0,4032.0,1.0,0.0082397461,-0.4371948242,0.5460205078,0.7145996094
65639397.0,2968.0,0.0,3.8359375,-7.9609375,0.59765625,0
65646429.0,7032.0,1.0,0.0142822266,-0.4273681641,0.5240478516,0.7365722656
65649397.0,2968.0,0.0,4.671875,-9.8671875,-0.69140625,0
65656429.0,7032.0,1.0,0.0217895508,-0.4190063477,0.5014038086,0.7567138672
65659397.0,2968.0,0.0,4.7421875,-13.59375,-0.71875,0
65666429.0,7032.0,1.0,0.0314331055,-0.4118041992,0.4802246094,0.7738037109
65669397.0,2968.0,0.0,5.43359375,-16.47265625,1.828125,0
65681429.0,12032.0,1.0,0.0431518555,-0.4057617188,0.4622802734,0.7872314453
65685397.0,3968.0,0.0,6.38671875,-14.16796875,2.546875,0
65688429.0,3032.0,1.0,0.0570678711,-0.400390625,0.4470214844,0.7978515625
65691397.0,2968.0,0.0,6.3359375,-12.34765625,2.2578125,0
65696429.0,5032.0,1.0,0.0732421875,-0.3953857422,0.4336547852,0.8063964844
65699397.0,2968.0,0.0,6.30078125,-10.51953125,2.12890625,0
65706429.0,7032.0,1.0,0.0892944336,-0.3912353516,0.423034668,0.8123779297
65709397.0,2968.0,0.0,6.5546875,-9.09765625,1.84765625,0
65716429.0,7032.0,1.0,0.1058349609,-0.3876342773,0.4134521484,0.8170776367
65719397.0,2968.0,0.0,6.6484375,-7.32421875,1.62890625,0
65727429.0,8032.0,1.0,0.1215820313,-0.384765625,0.404296875,0.8208007813
65730397.0,2968.0,0.0,6.84765625,-5.6796875,1.25,0
65736429.0,6032.0,1.0,0.1367797852,-0.3824462891,0.3945922852,0.82421875
65739397.0,2968.0,0.0,7.1484375,-5.66796875,0.48046875,0
65746429.0,7032.0,1.0,0.1510620117,-0.3807983398,0.3845214844,0.8272705078
65749397.0,2968.0,0.0,7.37890625,-6.0,0.609375,0
65758429.0,9032.0,1.0,0.1638793945,-0.3796386719,0.3751831055,0.8295898438
65761397.0,2968.0,0.0,7.7890625,-6.23046875,0.296875,0
65768429.0,7032.0,1.0,0.1770019531,-0.3787231445,0.3661499023,0.8313598633
65771397.0,2968.0,0.0,8.03515625,-6.6015625,0.07421875,0
65776429.0,5032.0,1.0,0.1895751953,-0.3780517578,0.3584594727,0.8322143555
65779397.0,2968.0,0.0,7.8125,-6.24609375,0.29296875,0
65786429.0,7032.0,1.0,0.2022705078,-0.3775024414,0.3519897461,0.8322753906
65789397.0,2968.0,0.0,7.75390625,-6.2734375,0.4609375,0
65796429.0,7032.0,1.0,0.2145385742,-0.3771362305,0.3468017578,0.8315429688
65799397.0,2968.0,0.0,7.67578125,-6.09375,0.6875,0
65806429.0,7032.0,1.0,0.2261352539,-0.376953125,0.3428955078,0.8302001953
65809397.0,2968.0,0.0,7.72265625,-5.9296875,0.625,0
65816429.0,7032.0,1.0,0.2368774414,-0.376953125,0.3400268555,0.8283691406
65819397.0,2968.0,0.0,6.64453125,-4.140625,0.48046875,0
65826429.0,7032.0,1.0,0.2473754883,-0.3773193359,0.3374633789,0.826171875
65829397.0,2968.0,0.0,6.109375,-3.47265625,0.41015625,0
65836429.0,7032.0,1.0,0.2568359375,-0.3782348633,0.3350219727,0.8238525391
65839397.0,2968.0,0.0,5.87890625,-3.41015625,0.1953125,0
65847429.0,8032.0,1.0,0.2653808594,-0.3795166016,0.332824707,0.8214111328
65850397.0,2968.0,0.0,5.609375,-3.55078125,0.0703125,0
65862429.0,12032.0,1.0,0.2729492188,-0.3809204102,0.3314208984,0.8188476563
65867429.0,5000.0,1.0,0.2807617188,-0.3826293945,0.3311767578,0.8155517578
65869397.0,1968.0,0.0,4.03515625,-4.734375,-1.13671875,0
65876429.0,7032.0,1.0,0.2882080078,-0.3842163086,0.3321533203,0.8117675781
65879397.0,2968.0,0.0,3.66015625,-3.890625,-1.3671875,0
65886429.0,7032.0,1.0,0.2946777344,-0.3862304688,0.3333740234,0.8079833984
65889397.0,2968.0,0.0,3.19921875,-0.91015625,-2.39453125,0
65896429.0,7032.0,1.0,0.3002319336,-0.3887939453,0.3341064453,0.8043823242
65899397.0,2968.0,0.0,2.90234375,-1.2890625,-3.03515625,0
65906429.0,7032.0,1.0,0.3048095703,-0.3918457031,0.3344116211,0.8010253906
65910397.0,3968.0,0.0,2.296875,-1.60546875,-3.296875,0
65916429.0,6032.0,1.0,0.3087158203,-0.3950195313,0.3347167969,0.7978515625
65919397.0,2968.0,0.0,1.5625,-1.42578125,-3.66015625,0
65926429.0,7032.0,1.0,0.3121337891,-0.3980712891,0.3352661133,0.7947998047
65929397.0,2968.0,0.0,0.4609375,-1.09375,-4.6015625,0
65936429.0,7032.0,1.0,0.3149414063,-0.4010009766,0.3359375,0.7919311523
65939397.0,2968.0,0.0,-0.34375,-0.62890625,-5.078125,0
65946429.0,7032.0,1.0,0.3170166016,-0.4040527344,0.3366088867,0.7892456055
65950397.0,3968.0,0.0,-1.26953125,-0.234375,-4.83203125,0
65956429.0,6032.0,1.0,0.3185424805,-0.4071655273,0.337097168,0.7868041992
65959397.0,2968.0,0.0,-2.03515625,-0.1875,-4.921875,0
65966429.0,7032.0,1.0,0.3193969727,-0.4104003906,0.3372802734,0.7847290039
65969397.0,2968.0,0.0,-2.5,-0.6484375,-4.22265625,0
65976429.0,7032.0,1.0,0.3198242188,-0.4140625,0.3372192383,0.7826538086
65979397.0,2968.0,0.0,-2.203125,-0.44921875,-3.01171875,0
65986429.0,7032.0,1.0,0.3197631836,-0.4177856445,0.3371582031,0.7807617188
65990397.0,3968.0,0.0,-2.1328125,-1.09765625,-2.14453125,0
65996429.0,6032.0,1.0,0.319519043,-0.4216308594,0.3372802734,0.7786865234
65999397.0,2968.0,0.0,-2.515625,-1.90234375,-1.1171875,0
66006429.0,7032.0,1.0,0.319152832,-0.4254150391,0.3378295898,0.776550293
66009397.0,2968.0,0.0,-2.7890625,-1.21875,-0.625,0
66021429.0,12032.0,1.0,0.3187866211,-0.4292602539,0.339050293,0.7740478516
66025397.0,3968.0,0.0,-4.7421875,-0.96484375,-1.8125,0
66028429.0,3032.0,1.0,0.3186645508,-0.4328613281,0.3413696289,0.7711181641
66031397.0,2968.0,0.0,-5.20703125,-0.4609375,-2.4453125,0
66036429.0,5032.0,1.0,0.3188476563,-0.4360351563,0.3452758789,0.7674560547
66039397.0,2968.0,0.0,-5.16796875,-0.46875,-2.328125,0
66046429.0,7032.0,1.0,0.3194580078,-0.4387207031,0.3503417969,0.7633666992
66049397.0,2968.0,0.0,-4.09765625,0.95703125,-2.5625,0
66056429.0,7032.0,1.0,0.3201904297,-0.4411010742,0.3563842773,0.7588500977
66059397.0,2968.0,0.0,-3.51953125,1.73046875,-2.09375,0
66067429.0,8032.0,1.0,0.3209838867,-0.443359375,0.3629150391,0.7540893555
66070397.0,2968.0,0.0,-2.83984375,1.94921875,-1.33984375,0
66076429.0,6032.0,1.0,0.321472168,-0.4458007813,0.3697509766,0.7491455078
66079397.0,2968.0,0.0,-2.8828125,1.94921875,-0.74609375,0
66086429.0,7032.0,1.0,0.3215942383,-0.4484863281,0.3765258789,0.744140625
66089397.0,2968.0,0.0,-3.45703125,1.7109375,-1.79296875,0
66096429.0,7032.0,1.0,0.321472168,-0.4512329102,0.3833618164,0.7389526367
66099397.0,2968.0,0.0,-5.14453125,0.79296875,-2.7890625,0
66107429.0,8032.0,1.0,0.3213500977,-0.453918457,0.3903808594,0.7337036133
66110397.0,2968.0,0.0,-5.2265625,2.4296875,-3.3203125,0
66116429.0,6032.0,1.0,0.3212890625,-0.4564208984,0.3973999023,0.7283325195
66119397.0,2968.0,0.0,-4.7265625,0.78125,-4.66796875,0
66126429.0,7032.0,1.0,0.3213500977,-0.4589233398,0.4042358398,0.7230224609
66129397.0,2968.0,0.0,-4.20703125,1.40234375,-4.81640625,0
66136429.0,7032.0,1.0,0.3212890625,-0.4616088867,0.4104003906,0.7178344727
66139397.0,2968.0,0.0,-4.0234375,1.44921875,-5.703125,0
66147429.0,8032.0,1.0,0.3210449219,-0.4647216797,0.4155273438,0.7129516602
66150397.0,2968.0,0.0,-3.65234375,2.4296875,-6.2890625,0
66162429.0,12032.0,1.0,0.3207397461,-0.4678955078,0.4194335938,0.7087402344
66167429.0,5000.0,1.0,0.3203125,-0.471496582,0.422668457,0.7045898438
66169397.0,1968.0,0.0,-3.4453125,1.25,-6.46875,0
66176429.0,7032.0,1.0,0.3196411133,-0.475402832,0.424987793,0.7008056641
66179397.0,2968.0,0.0,-2.53515625,1.41796875,-7.04296875,0
66187429.0,8032.0,1.0,0.3187866211,-0.4795532227,0.4262695313,0.6976318359
66190397.0,2968.0,0.0,-1.92578125,1.83203125,-7.55078125,0
66197429.0,7032.0,1.0,0.3178710938,-0.4837036133,0.4271850586,0.6945800781
66200397.0,2968.0,0.0,-2.28515625,1.3203125,-5.88671875,0
66207429.0,7032.0,1.0,0.3172607422,-0.487487793,0.4281005859,0.6917114258
66211397.0,3968.0,0.0,-2.30078125,1.6953125,-4.67578125,0
66216429.0,5032.0,1.0,0.3167724609,-0.4911499023,0.4289550781,0.6887817383
66219397.0,2968.0,0.0,-2.8828125,2.1875,-3.86328125,0
66227429.0,8032.0,1.0,0.3161621094,-0.4948120117,0.4295043945,0.6860961914
66230397.0,2968.0,0.0,-3.58984375,2.5625,-3.35546875,0
66236429.0,6032.0,1.0,0.3153686523,-0.4984741211,0.4298095703,0.6836547852
66239397.0,2968.0,0.0,-2.73046875,1.94140625,-3.5078125,0
66246429.0,7032.0,1.0,0.3146362305,-0.5017700195,0.4302368164,0.6812744141
66249397.0,2968.0,0.0,-2.33203125,1.09375,-3.07421875,0
66256429.0,7032.0,1.0,0.3142089844,-0.5047607422,0.4312133789,0.6786499023
66259397.0,2968.0,0.0,-1.93359375,1.34375,-3.11328125,0
66267429.0,8032.0,1.0,0.3139038086,-0.5075683594,0.4327392578,0.6757202148
66270397.0,2968.0,0.0,-2.40625,0.40234375,-1.30078125,0
66276429.0,6032.0,1.0,0.3135375977,-0.5101318359,0.4346313477,0.6727294922
66279397.0,2968.0,0.0,-2.7734375,0.6015625,-1.4375,0
66286429.0,7032.0,1.0,0.3131103516,-0.5126953125,0.4366455078,0.6696166992
66289397.0,2968.0,0.0,-2.796875,0.76171875,-2.2734375,0
66297429.0,8032.0,1.0,0.3126831055,-0.5148925781,0.4387817383,0.6667480469
66300397.0,2968.0,0.0,-2.4140625,-0.0625,-3.2109375,0
66307429.0,7032.0,1.0,0.3124389648,-0.516784668,0.4410400391,0.6639404297
66310397.0,2968.0,0.0,-1.05859375,0.3203125,-3.96875,0
66316429.0,6032.0,1.0,0.3121337891,-0.5184326172,0.443359375,0.6611938477
66319397.0,2968.0,0.0,0.0234375,0.16796875,-2.6640625,0
66326429.0,7032.0,1.0,0.311706543,-0.5202636719,0.4454956055,0.6585693359
66329397.0,2968.0,0.0,0.51953125,-0.171875,-0.86328125,0
66337429.0,8032.0,1.0,0.3108520508,-0.5223999023,0.4473876953,0.6559448242
66340397.0,2968.0,0.0,0.18359375,-0.8203125,0.02734375,0
66346429.0,6032.0,1.0,0.3098754883,-0.5245361328,0.4490356445,0.6536254883
66349397.0,2968.0,0.0,-1.953125,-0.8984375,-0.8515625,0
66356429.0,7032.0,1.0,0.3086547852,-0.5267944336,0.4507446289,0.651184082
66359397.0,2968.0,0.0,-2.3671875,-0.8203125,-1.34765625,0
66366429.0,7032.0,1.0,0.3075561523,-0.5287475586,0.4524536133,0.6489868164
66370397.0,3968.0,0.0,-1.75390625,-0.70703125,-1.4609375,0
66377429.0,7032.0,1.0,0.3065185547,-0.530456543,0.454284668,0.6467285156
66380397.0,2968.0,0.0,-0.453125,-1.05859375,-1.26953125,0
66386429.0,6032.0,1.0,0.3056030273,-0.532043457,0.456237793,0.6444702148
66389397.0,2968.0,0.0,0.8984375,-0.5625,0.06640625,0
66401429.0,12032.0,1.0,0.3046875,-0.5336914063,0.4584350586,0.6420288086
66404397.0,2968.0,0.0,0.70703125,-0.53125,0.296875,0
66408429.0,4032.0,1.0,0.3037109375,-0.5354614258,0.4606323242,0.6394042969
66411397.0,2968.0,0.0,-0.4453125,-0.4609375,0.7265625,0
66417429.0,6032.0,1.0,0.3026733398,-0.5372924805,0.4630126953,0.6366577148
66420397.0,2968.0,0.0,-0.453125,-0.4609375,0.8046875,0
66427429.0,7032.0,1.0,0.3017578125,-0.5390014648,0.4653320313,0.6339111328
66430397.0,2968.0,0.0,-0.6796875,0.41796875,-0.3359375,0
66436429.0,6032.0,1.0,0.3008422852,-0.5406494141,0.467590332,0.6313476563
66439397.0,2968.0,0.0,0.46875,0.02734375,-0.83203125,0
66447429.0,8032.0,1.0,0.2999267578,-0.5422973633,0.4696044922,0.6288452148
66450397.0,2968.0,0.0,1.34765625,-0.27734375,-0.90625,0
66457429.0,7032.0,1.0,0.2988891602,-0.5440673828,0.4713745117,0.6264648438
66460397.0,2968.0,0.0,0.84375,-0.31640625,-0.0625,0
66467429.0,7032.0,1.0,0.2977294922,-0.5459594727,0.4729003906,0.624206543
66470397.0,2968.0,0.0,-0.078125,-0.39453125,0.5078125,0
66476429.0,6032.0,1.0,0.2965698242,-0.5479736328,0.4743041992,0.6219482422
66479397.0,2968.0,0.0,-0.3828125,-0.04296875,1.03515625,0
66487429.0,8032.0,1.0,0.2952880859,-0.5500488281,0.4757080078,0.6196289063
66490397.0,2968.0,0.0,-0.53515625,-0.34765625,1.2578125,0
66497429.0,7032.0,1.0,0.2940063477,-0.5520629883,0.4771728516,0.6173095703
66500397.0,2968.0,0.0,0.18359375,-0.76953125,0.9921875,0
66507429.0,7032.0,1.0,0.2928466797,-0.553894043,0.4788208008,0.6149291992
66510397.0,2968.0,0.0,0.7890625,-0.8359375,0.45703125,0
66517429.0,7032.0,1.0,0.2916870117,-0.5556640625,0.4807128906,0.6124267578
66520397.0,2968.0,0.0,1.0859375,-0.68359375,0.0703125,0
66527429.0,7032.0,1.0,0.2907104492,-0.5572509766,0.4826660156,0.6098632813
66530397.0,2968.0,0.0,0.97265625,-0.453125,0.0703125,0
66536429.0,6032.0,1.0,0.2897949219,-0.5587768555,0.4846191406,0.6073608398
66539397.0,2968.0,0.0,-0.453125,0.6171875,0.0703125,0
66547429.0,8032.0,1.0,0.2886962891,-0.5606079102,0.4863891602,0.6047973633
66550397.0,2968.0,0.0,-1.3125,0.93359375,0.44921875,0
66557429.0,7032.0,1.0,0.2874755859,-0.5626220703,0.4877319336,0.6024780273
66560397.0,2968.0,0.0,-1.50390625,0.81640625,0.94140625,0
66567429.0,7032.0,1.0,0.2860107422,-0.5646972656,0.4885864258,0.6004638672
66570397.0,2968.0,0.0,-1.203125,-0.01953125,1.5078125,0
66577429.0,7032.0,1.0,0.2841796875,-0.5670166016,0.4891967773,0.5986938477
66580397.0,2968.0,0.0,-0.21484375,-0.4765625,1.03515625,0
66587429.0,7032.0,1.0,0.2822265625,-0.5693359375,0.4895629883,0.5971069336
66590397.0,2968.0,0.0,0.04296875,-1.01171875,1.17578125,0
66597429.0,7032.0,1.0,0.2799682617,-0.5717163086,0.4898681641,0.5956420898
66600397.0,2968.0,0.0,-0.1171875,-1.16796875,1.3046875,0
66607429.0,7032.0,1.0,0.2777709961,-0.5739746094,0.4902954102,0.5941772461
66610397.0,2968.0,0.0,-0.1640625,-0.8671875,1.09765625,0
66617429.0,7032.0,1.0,0.2755737305,-0.5761108398,0.4908447266,0.5926513672
66620397.0,2968.0,0.0,-0.33203125,-0.21875,1.46875,0
66627429.0,7032.0,1.0,0.2733764648,-0.5782470703,0.4914550781,0.5910644531
66631397.0,3968.0,0.0,-0.30078125,-0.53125,1.609375,0
66637429.0,6032.0,1.0,0.2709960938,-0.5805053711,0.4919433594,0.5895385742
66640397.0,2968.0,0.0,-0.46875,-0.64453125,1.6328125,0
66647429.0,7032.0,1.0,0.2684936523,-0.5827636719,0.4923706055,0.5880737305
66650397.0,2968.0,0.0,-1.16796875,-0.5390625,0.5,0
66662429.0,12032.0,1.0,0.2660522461,-0.5849609375,0.4926147461,0.5868530273
66667397.0,4968.0,0.0,-0.2265625,-0.546875,0.3984375,0
66670429.0,3032.0,1.0,0.2633056641,-0.5872192383,0.4927368164,0.5857543945
66673397.0,2968.0,0.0,0.2265625,-0.36328125,0.72265625,0
66677429.0,4032.0,1.0,0.2603759766,-0.5895385742,0.4927978516,0.5846557617
66680397.0,2968.0,0.0,0.2109375,-0.37890625,0.76953125,0
66687429.0,7032.0,1.0,0.2575683594,-0.5916748047,0.4927978516,0.5837402344
66690397.0,2968.0,0.0,-0.2265625,0.02734375,1.0234375,0
66697429.0,7032.0,1.0,0.2544555664,-0.5939331055,0.4927368164,0.582824707
66700397.0,2968.0,0.0,-0.39453125,-0.2578125,1.30078125,0
66707429.0,7032.0,1.0,0.251159668,-0.5961914063,0.4926147461,0.5820922852
66710397.0,2968.0,0.0,-0.44140625,-1.03125,1.84765625,0
66717429.0,7032.0,1.0,0.2477416992,-0.598449707,0.4923706055,0.5813598633
66720397.0,2968.0,0.0,-0.72265625,-0.59375,2.015625,0
66726429.0,6032.0,1.0,0.2443237305,-0.6006469727,0.4921264648,0.5808105469
66729397.0,2968.0,0.0,-1.359375,0.37890625,0.953125,0
66737429.0,8032.0,1.0,0.2407226563,-0.6029052734,0.4918823242,0.5801391602
66740397.0,2968.0,0.0,-1.03125,0.66015625,0.5703125,0
66747429.0,7032.0,1.0,0.2373657227,-0.6049804688,0.4916992188,0.5795288086
66750397.0,2968.0,0.0,-0.3203125,0.72265625,1.0,0
66757429.0,7032.0,1.0,0.2340698242,-0.6070556641,0.4915771484,0.5787963867
66760397.0,2968.0,0.0,0.26953125,-0.3359375,1.89453125,0
66766429.0,6032.0,1.0,0.2310180664,-0.6090087891,0.4917602539,0.5778198242
66769397.0,2968.0,0.0,0.71484375,-0.3515625,2.05859375,0
66777429.0,8032.0,1.0,0.2279052734,-0.6110229492,0.4922485352,0.5765991211
66780397.0,2968.0,0.0,0.3828125,0.0546875,1.578125,0
66787429.0,7032.0,1.0,0.2250976563,-0.6127929688,0.4928588867,0.5752563477
66790397.0,2968.0,0.0,0.0234375,-0.046875,1.625,0
66797429.0,7032.0,1.0,0.2224121094,-0.6143798828,0.4937133789,0.5738525391
66800397.0,2968.0,0.0,-0.11328125,0.12890625,0.68359375,0
66807429.0,7032.0,1.0,0.2198486328,-0.6159667969,0.4945678711,0.5723876953
66810397.0,2968.0,0.0,-0.51953125,0.6796875,1.08203125,0
66817429.0,7032.0,1.0,0.2171020508,-0.6176147461,0.4953613281,0.5709838867
66820397.0,2968.0,0.0,-0.0390625,1.4609375,0.8671875,0
66827429.0,7032.0,1.0,0.2142333984,-0.6192626953,0.49609375,0.5696411133
66830397.0,2968.0,0.0,0.0546875,1.2109375,1.10546875,0
66837429.0,7032.0,1.0,0.2113037109,-0.6209106445,0.4967651367,0.5684204102
66840397.0,2968.0,0.0,-0.23828125,0.8046875,1.69140625,0
66847429.0,7032.0,1.0,0.208190918,-0.6225585938,0.4974365234,0.5671386719
66850397.0,2968.0,0.0,-0.578125,0.93359375,1.66796875,0
66857429.0,7032.0,1.0,0.205078125,-0.6241455078,0.498046875,0.5659790039
66860397.0,2968.0,0.0,-0.74609375,0.6328125,0.94921875,0
66867429.0,7032.0,1.0,0.2016601563,-0.625793457,0.4986572266,0.5648193359
66870397.0,2968.0,0.0,-1.03515625,1.13671875,0.8515625,0
66877429.0,7032.0,1.0,0.1981201172,-0.6273803711,0.499206543,0.5638427734
66880397.0,2968.0,0.0,-1.328125,1.14453125,0.58203125,0
66887429.0,7032.0,1.0,0.194519043,-0.6288452148,0.4998168945,0.5629272461
66890397.0,2968.0,0.0,-1.55078125,1.52734375,1.01171875,0
66898429.0,8032.0,1.0,0.1907958984,-0.6301879883,0.5004882813,0.5620727539
66901397.0,2968.0,0.0,-1.53515625,1.99609375,1.75,0
66907429.0,6032.0,1.0,0.1867675781,-0.6315307617,0.5013427734,0.5611572266
66910397.0,2968.0,0.0,-1.73046875,1.44921875,2.2265625,0
66916429.0,6032.0,1.0,0.1826782227,-0.6326904297,0.5025024414,0.5601806641
66919397.0,2968.0,0.0,-2.75390625,0.828125,1.890625,0
66927429.0,8032.0,1.0,0.1781616211,-0.6336669922,0.5040893555,0.5590820313
66930397.0,2968.0,0.0,-2.90234375,0.19140625,1.7421875,0
66937429.0,7032.0,1.0,0.1737670898,-0.6342773438,0.5062255859,0.5578613281
66940397.0,2968.0,0.0,-3.37109375,-0.59765625,1.796875,0
66947429.0,7032.0,1.0,0.1694946289,-0.6343994141,0.5092163086,0.5563354492
66950397.0,2968.0,0.0,-3.33984375,-0.4765625,2.20703125,0
66956429.0,6032.0,1.0,0.1655883789,-0.6340332031,0.5129394531,0.5545043945
66959397.0,2968.0,0.0,-3.43359375,-0.43359375,3.1875,0
66967429.0,8032.0,1.0,0.1616210938,-0.6329956055,0.5182495117,0.551940918
66970397.0,2968.0,0.0,-4.03125,-0.6328125,4.18359375,0
66977429.0,7032.0,1.0,0.1580200195,-0.6313476563,0.5246582031,0.5487670898
66980397.0,2968.0,0.0,-4.90625,-0.14453125,4.9140625,0
66987429.0,7032.0,1.0,0.1547851563,-0.6290283203,0.5322265625,0.5450439453
66990397.0,2968.0,0.0,-5.59765625,0.10546875,5.16796875,0
66997429.0,7032.0,1.0,0.1519165039,-0.6259765625,0.541015625,0.5407104492
67000397.0,2968.0,0.0,-6.75,0.5546875,4.66015625,0
67007429.0,7032.0,1.0,0.1493530273,-0.6220092773,0.5511474609,0.5357055664
67010397.0,2968.0,0.0,-7.53125,1.19140625,4.34765625,0
67017429.0,7032.0,1.0,0.1469116211,-0.6172485352,0.5621337891,0.530456543
67020397.0,2968.0,0.0,-8.36328125,3.47265625,3.27734375,0
67027429.0,7032.0,1.0,0.1440429688,-0.6116333008,0.5738525391,0.5252075195
67030397.0,2968.0,0.0,-10.34765625,5.7734375,0.55859375,0
67037429.0,7032.0,1.0,0.1406860352,-0.6055908203,0.5850830078,0.5207519531
67040397.0,2968.0,0.0,-11.19140625,6.4921875,-0.44140625,0
67047429.0,7032.0,1.0,0.1358642578,-0.5983276367,0.5969238281,0.5169677734
67050397.0,2968.0,0.0,-12.3203125,8.21484375,-2.08203125,0
67057429.0,7032.0,1.0,0.1293334961,-0.5903930664,0.6079711914,0.514831543
67060397.0,2968.0,0.0,-13.640625,10.25390625,-2.6171875,0
67067429.0,7032.0,1.0,0.1209106445,-0.5820922852,0.6174926758,0.5150146484
67070397.0,2968.0,0.0,-13.29296875,11.5703125,-0.32421875,0
67077429.0,7032.0,1.0,0.1102905273,-0.5731811523,0.6254882813,0.5177612305
67080397.0,2968.0,0.0,-9.80859375,8.69921875,3.0,0
67087429.0,7032.0,1.0,0.0975341797,-0.5639648438,0.6317138672,0.5228271484
67090397.0,2968.0,0.0,-5.72265625,6.265625,4.2109375,0
67097429.0,7032.0,1.0,0.0839233398,-0.5546264648,0.6372680664,0.5284423828
67100397.0,2968.0,0.0,-2.26171875,-0.9296875,4.98046875,0
67107429.0,7032.0,1.0,0.0748291016,-0.5447387695,0.6453857422,0.5302124023
67110397.0,2968.0,0.0,0.0546875,-3.03125,5.84765625,0
67120429.0,10032.0,1.0,0.0690917969,-0.5324707031,0.6555786133,0.5308837891
67123397.0,2968.0,0.0,0.3515625,18.1015625,-0.78125,0
67127429.0,4032.0,1.0,0.0610351562,-0.5186767578,0.6607666016,0.5391235352
67130397.0,2968.0,0.0,1.3125,26.2578125,-10.7421875,0
67137429.0,7032.0,1.0,0.0479125977,-0.5053710938,0.6557617188,0.5588378906
67140397.0,2968.0,0.0,0.28515625,29.7265625,-17.828125,0
67147429.0,7032.0,1.0,0.029296875,-0.4926757813,0.6382446289,0.5908203125
67150397.0,2968.0,0.0,5.45703125,17.09375,-25.95703125,0
67157429.0,7032.0,1.0,0.0081176758,-0.4789428711,0.6087036133,0.6325073242
67160397.0,2968.0,0.0,8.7265625,-1.62890625,-22.87109375,0
67167429.0,7032.0,1.0,0.005065918,0.4654541016,-0.5802612305,-0.6683349609
67170397.0,2968.0,0.0,8.0078125,-14.3984375,-16.23046875,0
67179429.0,9032.0,1.0,0.0083618164,0.4526977539,-0.5586547852,-0.6948852539
67182397.0,2968.0,0.0,3.79296875,-20.57421875,-7.48828125,0
67187429.0,5032.0,1.0,0.005065918,0.4405517578,-0.5407714844,-0.7165527344
67190397.0,2968.0,0.0,5.203125,-11.15625,0.03125,0
67197429.0,7032.0,1.0,0.0017089844,-0.4287109375,0.5219116211,0.7374267578
67200397.0,2968.0,0.0,6.81640625,-7.83984375,0.625,0
67207429.0,7032.0,1.0,0.0093383789,-0.4186401367,0.5015869141,0.757019043
67210397.0,2968.0,0.0,7.20703125,-8.9765625,0.125,0
67219429.0,9032.0,1.0,0.0176391602,-0.4104003906,0.4807739258,0.7746582031
67222397.0,2968.0,0.0,6.6953125,-12.375,0.80859375,0
67227429.0,5032.0,1.0,0.0282592773,-0.4029541016,0.4598999023,0.7907714844
67230397.0,2968.0,0.0,6.30859375,-16.4609375,4.21875,0
67237429.0,7032.0,1.0,0.0415649414,-0.3963623047,0.44140625,0.8039550781
67240397.0,2968.0,0.0,6.453125,-15.53515625,4.4296875,0
67247429.0,7032.0,1.0,0.0561523437,-0.3908691406,0.4271850586,0.8133544922
67250397.0,2968.0,0.0,6.2734375,-13.40234375,4.2109375,0
67259429.0,9032.0,1.0,0.071105957,-0.3864135742,0.4162597656,0.8199462891
67262397.0,2968.0,0.0,6.05859375,-11.15234375,3.5390625,0
67267429.0,5032.0,1.0,0.0873413086,-0.3823852539,0.4067382813,0.8250732422
67270397.0,2968.0,0.0,6.4140625,-7.77734375,2.70703125,0
67277429.0,7032.0,1.0,0.1039428711,-0.37890625,0.3980102539,0.8289794922
67280397.0,2968.0,0.0,6.69140625,-6.27734375,2.17578125,0
67287429.0,7032.0,1.0,0.1193237305,-0.376159668,0.3898925781,0.83203125
67290397.0,2968.0,0.0,6.84765625,-5.33203125,1.92578125,0
67297429.0,7032.0,1.0,0.1331787109,-0.3740234375,0.382019043,0.8345336914
67300397.0,2968.0,0.0,6.5625,-5.47265625,1.08203125,0
67307429.0,7032.0,1.0,0.1474609375,-0.3720703125,0.3735351563,0.8368530273
67310397.0,2968.0,0.0,6.55078125,-5.66796875,0.42578125,0
67317429.0,7032.0,1.0,0.1608886719,-0.3705444336,0.3656005859,0.8385009766
67320397.0,2968.0,0.0,6.48828125,-5.6484375,0.09375,0
67327429.0,7032.0,1.0,0.1734619141,-0.3693237305,0.3586425781,0.8395996094
67330397.0,2968.0,0.0,6.23046875,-5.5234375,-0.25390625,0
67340429.0,10032.0,1.0,0.1852416992,-0.3684692383,0.3527832031,0.8399047852
67343397.0,2968.0,0.0,6.046875,-6.22265625,-0.0859375,0
67347429.0,4032.0,1.0,0.1977539063,-0.3677978516,0.3475341797,0.8395385742
67350397.0,2968.0,0.0,6.24609375,-6.265625,0.1328125,0
67357429.0,7032.0,1.0,0.2095336914,-0.3671875,0.3438110352,0.8385009766
67360397.0,2968.0,0.0,6.44140625,-5.91796875,0.4609375,0
67367429.0,7032.0,1.0,0.2210083008,-0.3667602539,0.3411865234,0.8367919922
67370397.0,2968.0,0.0,6.48046875,-5.33203125,0.37890625,0
67377429.0,7032.0,1.0,0.2318115234,-0.3665161133,0.3394775391,0.8346557617
67380397.0,2968.0,0.0,6.2109375,-3.79296875,0.23828125,0
67387429.0,7032.0,1.0,0.2420654297,-0.3665771484,0.3382568359,0.8322143555
67390397.0,2968.0,0.0,5.828125,-2.71484375,-0.12109375,0
67397429.0,7032.0,1.0,0.2513427734,-0.3670043945,0.3369750977,0.8298339844
67400397.0,2968.0,0.0,5.33203125,-1.87890625,-0.13671875,0
67407429.0,7032.0,1.0,0.2598266602,-0.3680419922,0.3353881836,0.8273925781
67410397.0,2968.0,0.0,4.8359375,-2.0390625,-0.296875,0
67417429.0,7032.0,1.0,0.2674560547,-0.3693847656,0.3338623047,0.8249511719
67420397.0,2968.0,0.0,3.9453125,-3.078125,-0.48828125,0
67427429.0,7032.0,1.0,0.2746582031,-0.3710327148,0.3328857422,0.822265625
67431397.0,3968.0,0.0,3.640625,-3.25390625,-0.51953125,0
67438429.0,7032.0,1.0,0.2810668945,-0.3726196289,0.3328857422,0.8193969727
67440397.0,1968.0,0.0,3.44140625,-3.2890625,-0.8125,0
67450429.0,10032.0,1.0,0.2875366211,-0.3742675781,0.3338623047,0.8159790039
67453397.0,2968.0,0.0,3.3359375,-2.94921875,-1.375,0
67457429.0,4032.0,1.0,0.2938232422,-0.3759765625,0.3359375,0.8120727539
67460397.0,2968.0,0.0,3.22265625,-2.0234375,-1.828125,0
67467429.0,7032.0,1.0,0.2994995117,-0.3778686523,0.3383789063,0.8081054688
67470397.0,2968.0,0.0,3.26171875,-0.7109375,-2.37890625,0
67477429.0,7032.0,1.0,0.3041992188,-0.3802490234,0.3403320313,0.8043823242
67480397.0,2968.0,0.0,3.0,-0.05078125,-2.890625,0
67487429.0,7032.0,1.0,0.3079223633,-0.3828735352,0.3418579102,0.8010864258
67490397.0,2968.0,0.0,1.859375,0.1015625,-4.0234375,0
67497429.0,7032.0,1.0,0.311340332,-0.3858032227,0.3434448242,0.797668457
67500397.0,2968.0,0.0,1.40234375,0.29296875,-4.265625,0
67507429.0,7032.0,1.0,0.3140869141,-0.3884887695,0.3450927734,0.7945556641
67511397.0,3968.0,0.0,1.125,0.79296875,-5.125,0
67517429.0,6032.0,1.0,0.3164672852,-0.3909912109,0.346862793,0.7916259766
67520397.0,2968.0,0.0,0.7421875,1.20703125,-5.59765625,0
67527429.0,7032.0,1.0,0.3182983398,-0.3933105469,0.3486328125,0.7890014648
67530397.0,2968.0,0.0,-1.109375,1.99609375,-5.11328125,0
67537429.0,7032.0,1.0,0.3197021484,-0.3959350586,0.350402832,0.786315918
67540397.0,2968.0,0.0,-2.41796875,2.16796875,-4.9375,0
67547429.0,7032.0,1.0,0.3204956055,-0.3986816406,0.3517456055,0.783996582
67550397.0,2968.0,0.0,-3.4921875,1.875,-3.48828125,0
67557429.0,7032.0,1.0,0.3206787109,-0.4016113281,0.352722168,0.7819213867
67560397.0,2968.0,0.0,-3.58203125,0.94140625,-3.1953125,0
67567429.0,7032.0,1.0,0.3204345703,-0.4047851563,0.3536376953,0.7800292969
67570397.0,2968.0,0.0,-4.546875,-1.25,-1.6015625,0
67577429.0,7032.0,1.0,0.3198852539,-0.4080200195,0.3547973633,0.7780151367
67580397.0,2968.0,0.0,-4.1328125,-1.73828125,-0.2265625,0
67587429.0,7032.0,1.0,0.3192138672,-0.4113769531,0.3565673828,0.7757568359
67590397.0,2968.0,0.0,-3.3359375,-2.96484375,0.80859375,0
67597429.0,7032.0,1.0,0.3186645508,-0.4145507813,0.3591918945,0.7730102539
67600397.0,2968.0,0.0,-1.84765625,-3.73046875,0.59765625,0
67607429.0,7032.0,1.0,0.3182983398,-0.4174804688,0.3629760742,0.7698364258
67610397.0,2968.0,0.0,-1.08203125,-2.0625,-0.8046875,0
67617429.0,7032.0,1.0,0.3182983398,-0.4201049805,0.3678588867,0.7660522461
67620397.0,2968.0,0.0,-1.1640625,-1.93359375,-1.60546875,0
67628429.0,8032.0,1.0,0.3186035156,-0.4224243164,0.3737792969,0.7617797852
67631397.0,2968.0,0.0,-1.40234375,-0.9375,-2.59375,0
67637429.0,6032.0,1.0,0.3190307617,-0.4245605469,0.3801879883,0.7572021484
67640397.0,2968.0,0.0,-2.0234375,-0.0625,-3.6171875,0
67650429.0,10032.0,1.0,0.3193359375,-0.4267578125,0.3868408203,0.7525024414
67653397.0,2968.0,0.0,-3.1015625,3.15234375,-4.47265625,0
67657429.0,4032.0,1.0,0.3193359375,-0.4290161133,0.3936767578,0.7476806641
67660397.0,2968.0,0.0,-3.1796875,2.21875,-3.48828125,0
67668429.0,8032.0,1.0,0.3192138672,-0.4311523438,0.4007568359,0.7427368164
67671397.0,2968.0,0.0,-2.6171875,0.1796875,-2.3125,0
67677429.0,6032.0,1.0,0.3189086914,-0.4331665039,0.4075317383,0.7379150391
67680397.0,2968.0,0.0,-1.4453125,1.12890625,-2.2421875,0
67687429.0,7032.0,1.0,0.3182373047,-0.435546875,0.414855957,0.7327270508
67690397.0,2968.0,0.0,-1.52734375,1.04296875,-3.80859375,0
67697429.0,7032.0,1.0,0.3174438477,-0.4380493164,0.4217529297,0.7276611328
67700397.0,2968.0,0.0,-2.5703125,0.8359375,-4.83984375,0
67708429.0,8032.0,1.0,0.3165283203,-0.4406738281,0.427734375,0.7229614258
67711397.0,2968.0,0.0,-3.2734375,1.5703125,-5.265625,0
67717429.0,6032.0,1.0,0.3154296875,-0.4434814453,0.4325561523,0.7188110352
67720397.0,2968.0,0.0,-4.484375,2.54296875,-5.48046875,0
67727429.0,7032.0,1.0,0.3138427734,-0.4470214844,0.4364624023,0.7149658203
67730397.0,2968.0,0.0,-4.1484375,2.1796875,-5.0078125,0
67737429.0,7032.0,1.0,0.3120727539,-0.4508666992,0.439453125,0.7114868164
67740397.0,2968.0,0.0,-3.93359375,0.57421875,-4.77734375,0
67748429.0,8032.0,1.0,0.3102416992,-0.4547119141,0.4420776367,0.708190918
67751397.0,2968.0,0.0,-4.0234375,1.33984375,-4.23828125,0
67757429.0,6032.0,1.0,0.3084106445,-0.4585571289,0.444519043,0.7050170898
67760397.0,2968.0,0.0,-4.26953125,1.5,-5.421875,0
67767429.0,7032.0,1.0,0.3067626953,-0.4622192383,0.4466552734,0.701965332
67770397.0,2968.0,0.0,-4.703125,1.99609375,-6.15625,0
67777429.0,7032.0,1.0,0.3052368164,-0.465637207,0.4485473633,0.6991577148
67780397.0,2968.0,0.0,-5.2265625,2.42578125,-6.1796875,0
67788429.0,8032.0,1.0,0.3039550781,-0.4688110352,0.4504394531,0.6963500977
67791397.0,2968.0,0.0,-4.62890625,1.9765625,-5.578125,0
67803429.0,12032.0,1.0,0.3030395508,-0.4717407227,0.4527587891,0.6932983398
67808429.0,5000.0,1.0,0.3022460938,-0.4747314453,0.4553833008,0.6898193359
67810397.0,1968.0,0.0,-2.60546875,1.1015625,-2.734375,0
67817429.0,7032.0,1.0,0.3013916016,-0.477722168,0.4580688477,0.6864013672
67820397.0,2968.0,0.0,-3.39453125,1.26171875,-2.73828125,0
67827429.0,7032.0,1.0,0.3006591797,-0.48046875,0.4604492188,0.6831665039
67830397.0,2968.0,0.0,-4.375,1.69140625,-3.9765625,0
67837429.0,7032.0,1.0,0.299987793,-0.4829711914,0.4627075195,0.6801757813
67840397.0,2968.0,0.0,-3.70703125,1.69140625,-4.3046875,0
67847429.0,7032.0,1.0,0.2994384766,-0.4854125977,0.4649047852,0.6771850586
67850397.0,2968.0,0.0,-3.23046875,1.77734375,-3.17578125,0
67857429.0,7032.0,1.0,0.298828125,-0.4877929688,0.4671630859,0.6741943359
67860397.0,2968.0,0.0,-2.265625,0.7109375,-2.39453125,0
67867429.0,7032.0,1.0,0.2981567383,-0.4901123047,0.4692993164,0.6713256836
67870397.0,2968.0,0.0,-1.1015625,0.375,-1.578125,0
67877429.0,7032.0,1.0,0.2972412109,-0.4926757813,0.4715576172,0.6682128906
67880397.0,2968.0,0.0,-1.3984375,-0.046875,-1.68359375,0
67887429.0,7032.0,1.0,0.2963867188,-0.4949951172,0.4737548828,0.6653442383
67891397.0,3968.0,0.0,-1.4765625,-0.0390625,-2.16796875,0
67897429.0,6032.0,1.0,0.2955932617,-0.4971313477,0.4760131836,0.6624755859
67900397.0,2968.0,0.0,-1.8046875,-0.15234375,-3.26953125,0
67907429.0,7032.0,1.0,0.294921875,-0.4990234375,0.4781494141,0.6597900391
67910397.0,2968.0,0.0,-1.33984375,0.421875,-3.87109375,0
67917429.0,7032.0,1.0,0.2943115234,-0.5009765625,0.4804077148,0.6569824219
67920397.0,2968.0,0.0,-0.6796875,0.4296875,-3.08984375,0
67927429.0,7032.0,1.0,0.2937011719,-0.5030517578,0.4822387695,0.6543579102
67930397.0,2968.0,0.0,0.5859375,1.01171875,-2.12109375,0
67937429.0,7032.0,1.0,0.29296875,-0.5053100586,0.4837036133,0.6517944336
67940397.0,2968.0,0.0,1.16796875,0.7421875,-1.1328125,0
67947429.0,7032.0,1.0,0.292175293,-0.5078125,0.4848022461,0.6494140625
67950397.0,2968.0,0.0,0.37109375,1.02734375,-0.6328125,0
67957429.0,7032.0,1.0,0.2913208008,-0.5103759766,0.4854736328,0.647277832
67960397.0,2968.0,0.0,-0.15625,1.1953125,-1.328125,0
67968429.0,8032.0,1.0,0.2902832031,-0.5131835938,0.4857788086,0.645324707
67971397.0,2968.0,0.0,-0.953125,-0.3515625,-0.9140625,0
67977429.0,6032.0,1.0,0.2891235352,-0.5159912109,0.4859008789,0.6434936523
67980397.0,2968.0,0.0,-1.3671875,-0.21484375,-0.19921875,0
67987429.0,7032.0,1.0,0.287902832,-0.5187988281,0.4860229492,0.6416625977
67990397.0,2968.0,0.0,-0.74609375,-0.08203125,0.32421875,0
67997429.0,7032.0,1.0,0.2865600586,-0.5216674805,0.4862060547,0.639831543
68000397.0,2968.0,0.0,-0.1640625,-0.3359375,0.890625,0
68008429.0,8032.0,1.0,0.2852172852,-0.5244140625,0.4866333008,0.6378173828
68011397.0,2968.0,0.0,0.44921875,-0.359375,0.49609375,0
68018429.0,7032.0,1.0,0.2840576172,-0.5269775391,0.4872436523,0.6357421875
68021397.0,2968.0,0.0,0.984375,-0.34375,-0.62109375,0
68027429.0,6032.0,1.0,0.2830810547,-0.5294189453,0.4880981445,0.6335449219
68030397.0,2968.0,0.0,0.79296875,-0.40234375,-0.78125,0
68040429.0,10032.0,1.0,0.2822875977,-0.5316162109,0.4889526367,0.6313476563
68043397.0,2968.0,0.0,0.1875,-0.1953125,-0.55859375,0
68050429.0,7032.0,1.0,0.2813720703,-0.5339355469,0.4898681641,0.6290893555
68053397.0,2968.0,0.0,0.3046875,-0.11328125,-0.02734375,0
68057429.0,4032.0,1.0,0.2802734375,-0.5362548828,0.4907836914,0.6268920898
68060397.0,2968.0,0.0,0.65625,-0.2109375,1.07421875,0
68067429.0,7032.0,1.0,0.2789306641,-0.5387573242,0.4917602539,0.6246337891
68070397.0,2968.0,0.0,0.72265625,-0.89453125,1.73046875,0
68077429.0,7032.0,1.0,0.2776489258,-0.541015625,0.4929199219,0.6223144531
68080397.0,2968.0,0.0,0.37109375,-1.3046875,1.80078125,0
68088429.0,8032.0,1.0,0.2763671875,-0.5431518555,0.4942626953,0.619934082
68091397.0,2968.0,0.0,-0.5078125,-1.0390625,0.98828125,0
68097429.0,6032.0,1.0,0.2753295898,-0.5449829102,0.4958496094,0.6175537109
68100397.0,2968.0,0.0,-1.4375,-0.6484375,-0.7734375,0
68107429.0,7032.0,1.0,0.2744140625,-0.5467529297,0.4976196289,0.6149291992
68110397.0,2968.0,0.0,-1.4765625,-0.609375,-0.28125,0
68117429.0,7032.0,1.0,0.2735595703,-0.5484008789,0.4995117188,0.6123046875
68120397.0,2968.0,0.0,-1.18359375,-0.48828125,0.5234375,0
68128429.0,8032.0,1.0,0.2727050781,-0.5501098633,0.5012817383,0.6097412109
68131397.0,2968.0,0.0,-0.53125,-0.1328125,0.82421875,0
68137429.0,6032.0,1.0,0.2716674805,-0.551940918,0.5028686523,0.6071777344
68140397.0,2968.0,0.0,0.53125,-0.28515625,1.5546875,0
68148429.0,8032.0,1.0,0.2704467773,-0.553894043,0.5043334961,0.6047363281
68152397.0,3968.0,0.0,0.1796875,-0.81640625,2.0,0
68158429.0,6032.0,1.0,0.2691040039,-0.5559082031,0.5056152344,0.602355957
68161397.0,2968.0,0.0,-0.74609375,-0.39453125,1.16015625,0
68168429.0,7032.0,1.0,0.2677001953,-0.5579833984,0.5067749023,0.6001586914
68171397.0,2968.0,0.0,-1.90625,0.3046875,0.30078125,0
68177429.0,6032.0,1.0,0.2661132813,-0.5602416992,0.5075683594,0.5980834961
68180397.0,2968.0,0.0,-2.6015625,0.07421875,0.1796875,0
68188429.0,8032.0,1.0,0.2644042969,-0.5625610352,0.5081176758,0.5961914063
68191397.0,2968.0,0.0,-2.6484375,-0.03515625,0.09765625,0
68198429.0,7032.0,1.0,0.2626953125,-0.5648803711,0.5085449219,0.5943603516
68201397.0,2968.0,0.0,-1.66015625,-0.25390625,0.34375,0
68208429.0,7032.0,1.0,0.2608642578,-0.5673828125,0.5088500977,0.5925292969
68211397.0,2968.0,0.0,0.66796875,-1.12890625,1.06640625,0
68217429.0,6032.0,1.0,0.2590942383,-0.5697631836,0.5090942383,0.5908203125
68220397.0,2968.0,0.0,1.6953125,-0.8828125,1.15234375,0
68228429.0,8032.0,1.0,0.2573242188,-0.5722045898,0.5093994141,0.5889892578
68232397.0,3968.0,0.0,2.1015625,-0.9921875,1.4140625,0
68238429.0,6032.0,1.0,0.2555541992,-0.5745849609,0.5096435547,0.5871582031
68241397.0,2968.0,0.0,2.21484375,-0.4453125,1.69921875,0
68247429.0,6032.0,1.0,0.25390625,-0.5770263672,0.5099487305,0.5853271484
68250397.0,2968.0,0.0,1.51171875,-0.20703125,2.6328125,0
68258429.0,8032.0,1.0,0.2520751953,-0.5796508789,0.5101928711,0.5832519531
68261397.0,2968.0,0.0,0.9296875,-0.46875,2.359375,0
68268429.0,7032.0,1.0,0.2502441406,-0.5822143555,0.5104980469,0.5811767578
68271397.0,2968.0,0.0,0.4921875,-0.30859375,2.23046875,0
68278429.0,7032.0,1.0,0.2484130859,-0.584777832,0.510925293,0.5790405273
68281397.0,2968.0,0.0,0.40625,-0.4921875,1.984375,0
68287429.0,6032.0,1.0,0.2467041016,-0.587097168,0.5114746094,0.5769042969
68290397.0,2968.0,0.0,1.12109375,-0.7890625,0.9453125,0
68298429.0,8032.0,1.0,0.2449951172,-0.5894775391,0.5122680664,0.5745239258
68301397.0,2968.0,0.0,0.94140625,-0.015625,0.70703125,0
68308429.0,7032.0,1.0,0.243347168,-0.5916748047,0.5131835938,0.5721435547
68311397.0,2968.0,0.0,0.8125,-0.20703125,0.88671875,0
68317429.0,6032.0,1.0,0.2417602539,-0.5936889648,0.5142211914,0.5697631836
68320397.0,2968.0,0.0,1.1796875,-0.27734375,0.87109375,0
68330429.0,10032.0,1.0,0.2401733398,-0.5958251953,0.5153808594,0.567199707
68333397.0,2968.0,0.0,0.55859375,1.5703125,1.09375,0
68337429.0,4032.0,1.0,0.2384643555,-0.5979614258,0.516418457,0.5646972656
68340397.0,2968.0,0.0,0.0,1.30859375,1.2109375,0
68348429.0,8032.0,1.0,0.2364501953,-0.6002197266,0.5173339844,0.5622558594
68351397.0,2968.0,0.0,-1.05078125,1.42578125,1.2421875,0
68358429.0,7032.0,1.0,0.2342529297,-0.6025390625,0.5180664063,0.5601196289
68361397.0,2968.0,0.0,-1.80078125,0.8515625,1.19140625,0
68368429.0,7032.0,1.0,0.2318115234,-0.6047973633,0.5185546875,0.5582275391
68371397.0,2968.0,0.0,-1.39453125,0.57421875,0.9765625,0
68378429.0,7032.0,1.0,0.2291870117,-0.6070556641,0.5189819336,0.5564575195
68381397.0,2968.0,0.0,-1.41796875,0.8359375,0.88671875,0
68388429.0,7032.0,1.0,0.2264404297,-0.6093139648,0.5194091797,0.5546875
68391397.0,2968.0,0.0,-0.79296875,1.1328125,1.1796875,0
68398429.0,7032.0,1.0,0.2236938477,-0.6115112305,0.5198974609,0.5529174805
68401397.0,2968.0,0.0,0.78515625,1.27734375,1.50390625,0
68408429.0,7032.0,1.0,0.2208251953,-0.6137084961,0.5205078125,0.5510864258
68411397.0,2968.0,0.0,0.9140625,0.95703125,1.48828125,0
68418429.0,7032.0,1.0,0.2178344727,-0.6159057617,0.5210571289,0.5492553711
68421397.0,2968.0,0.0,0.69921875,1.20703125,0.9375,0
68428429.0,7032.0,1.0,0.2146606445,-0.6180419922,0.5216064453,0.5476074219
68431397.0,2968.0,0.0,-0.48046875,1.26953125,0.43359375,0
68437429.0,6032.0,1.0,0.2114257813,-0.6200561523,0.5219726563,0.5462036133
68440397.0,2968.0,0.0,-2.2265625,0.78515625,0.44140625,0
68448429.0,8032.0,1.0,0.2076416016,-0.6221923828,0.5223388672,0.544921875
68451397.0,2968.0,0.0,-2.53515625,0.48828125,1.26953125,0
68458429.0,7032.0,1.0,0.2037353516,-0.6241455078,0.5227050781,0.543762207
68461397.0,2968.0,0.0,-2.51953125,0.5234375,2.19921875,0
68468429.0,7032.0,1.0,0.1996459961,-0.6260375977,0.5232543945,0.5426635742
68471397.0,2968.0,0.0,-2.015625,0.484375,2.67578125,0
68477429.0,6032.0,1.0,0.1955566406,-0.6276245117,0.5240478516,0.5415039063
68480397.0,2968.0,0.0,-0.75,0.26171875,3.14453125,0
68488429.0,8032.0,1.0,0.1912231445,-0.6290893555,0.525390625,0.5400390625
68491397.0,2968.0,0.0,-0.63671875,-0.015625,2.73828125,0
68498429.0,7032.0,1.0,0.1870117188,-0.6302490234,0.5272216797,0.5383911133
68501397.0,2968.0,0.0,-0.9921875,-0.0703125,2.234375,0
68508429.0,7032.0,1.0,0.1829833984,-0.6311035156,0.5295410156,0.5364990234
68511397.0,2968.0,0.0,-1.8046875,0.0390625,2.1796875,0
68518429.0,7032.0,1.0,0.1787109375,-0.631652832,0.5322265625,0.5345458984
68521397.0,2968.0,0.0,-3.11328125,-0.36328125,2.671875,0
68528429.0,7032.0,1.0,0.1743164063,-0.632019043,0.5352172852,0.5326538086
68532397.0,3968.0,0.0,-3.58984375,-0.42578125,2.66015625,0
68541429.0,9032.0,1.0,0.1696777344,-0.6320800781,0.5385742188,0.5307006836
68544397.0,2968.0,0.0,-4.06640625,-0.42578125,2.53125,0
68551429.0,7032.0,1.0,0.1644897461,-0.6315917969,0.5428466797,0.528503418
68555397.0,3968.0,0.0,-5.09375,-0.04296875,1.99609375,0
68559429.0,4032.0,1.0,0.1596679688,-0.6306762695,0.5476074219,0.526184082
68562397.0,2968.0,0.0,-6.046875,0.109375,2.37109375,0
68568429.0,6032.0,1.0,0.155090332,-0.6290283203,0.5533447266,0.5234985352
68571397.0,2968.0,0.0,-6.9609375,0.08984375,3.28515625,0
68578429.0,7032.0,1.0,0.1506958008,-0.6265869141,0.5604248047,0.5201416016
68581397.0,2968.0,0.0,-7.7421875,0.53125,3.68359375,0
68588429.0,7032.0,1.0,0.1466064453,-0.6234741211,0.5684814453,0.5163574219
68591397.0,2968.0,0.0,-10.44140625,2.0390625,3.75,0
68598429.0,7032.0,1.0,0.1427001953,-0.6195678711,0.577331543,0.5123291016
68601397.0,2968.0,0.0,-11.64453125,2.94140625,3.10546875,0
68608429.0,7032.0,1.0,0.1386108398,-0.6149291992,0.586730957,0.5083007813
68611397.0,2968.0,0.0,-12.7890625,3.75390625,2.2109375,0
68618429.0,7032.0,1.0,0.1340332031,-0.6094970703,0.596496582,0.504699707
68621397.0,2968.0,0.0,-13.78125,5.88671875,0.7265625,0
68628429.0,7032.0,1.0,0.1287841797,-0.6035766602,0.6059570313,0.5018920898
68631397.0,2968.0,0.0,-14.5859375,7.9765625,-3.70703125,0
68643429.0,12032.0,1.0,0.1223754883,-0.5969848633,0.6151733398,0.5002441406
68647397.0,3968.0,0.0,-12.71875,12.02734375,-6.640625,0
68650429.0,3032.0,1.0,0.1141967773,-0.5894775391,0.6239013672,0.5002441406
68653397.0,2968.0,0.0,-10.71484375,14.4296875,-6.9921875,0
68658429.0,5032.0,1.0,0.1036987305,-0.5811157227,0.6314697266,0.5028076172
68661397.0,2968.0,0.0,-10.85546875,14.1875,-7.0,0
68667429.0,6032.0,1.0,0.0922241211,-0.5728759766,0.6367797852,0.5077514648
68670397.0,2968.0,0.0,-5.83203125,8.40234375,0.53125,0
68678429.0,8032.0,1.0,0.0782470703,-0.5634765625,0.6410522461,0.5151977539
68681397.0,2968.0,0.0,-3.31640625,3.6875,4.61328125,0
68688429.0,7032.0,1.0,0.0659179688,-0.5539550781,0.6458129883,0.5213012695
68691397.0,2968.0,0.0,-0.63671875,-5.859375,6.35546875,0
68698429.0,7032.0,1.0,0.0588989258,-0.5431518555,0.6544799805,0.522644043
68701397.0,2968.0,0.0,0.08203125,-13.0390625,6.00390625,0
68708429.0,7032.0,1.0,0.0540771484,-0.5305175781,0.663269043,0.5250244141
68711397.0,2968.0,0.0,1.12890625,29.140625,-6.4921875,0
68723429.0,12032.0,1.0,0.0454711914,-0.518371582,0.6640625,0.5369262695
68727397.0,3968.0,0.0,3.23828125,29.2109375,-20.31640625,0
68730429.0,3032.0,1.0,0.030090332,-0.5050048828,0.6538085938,0.5626831055
68733397.0,2968.0,0.0,5.15234375,18.73828125,-21.578125,0
68738429.0,5032.0,1.0,0.0104980469,-0.4905395508,0.6323242188,0.5995483398
68741397.0,2968.0,0.0,5.10546875,18.30859375,-22.3984375,0
68748429.0,7032.0,1.0,0.0045166016,0.4766235352,-0.6084594727,-0.6344604492
68751397.0,2968.0,0.0,7.62109375,-10.83984375,-13.53515625,0
68758429.0,7032.0,1.0,0.0118408203,0.462890625,-0.5874633789,-0.6636962891
68761397.0,2968.0,0.0,8.9375,-16.515625,-11.1328125,0
68768429.0,7032.0,1.0,0.0120849609,0.450012207,-0.5706176758,-0.6868286133
68771397.0,2968.0,0.0,7.3359375,-13.734375,-2.12890625,0
68780429.0,9032.0,1.0,0.0085449219,0.4384155273,-0.5548706055,-0.7069702148
68783397.0,2968.0,0.0,4.48828125,-9.53515625,1.1171875,0
68790429.0,7032.0,1.0,0.0031738281,0.4276733398,-0.5370483398,-0.7271118164
68793397.0,2968.0,0.0,5.1796875,-10.421875,3.07421875,0
68798429.0,5032.0,1.0,0.0034790039,-0.4178466797,0.5167236328,0.747253418
68801397.0,2968.0,0.0,6.125,-12.7109375,2.296875,0
68808429.0,7032.0,1.0,0.0121459961,-0.4090576172,0.4959106445,0.7659301758
68811397.0,2968.0,0.0,6.5703125,-15.00390625,2.625,0
68823429.0,12032.0,1.0,0.022644043,-0.4018554688,0.4779052734,0.7807617188
68827397.0,3968.0,0.0,6.10546875,-15.33984375,3.45703125,0
68830429.0,3032.0,1.0,0.0358276367,-0.3954467773,0.4622802734,0.7928466797
68833397.0,2968.0,0.0,6.20703125,-15.12109375,3.06640625,0
68838429.0,5032.0,1.0,0.051574707,-0.3895874023,0.4490356445,0.8024902344
68841397.0,2968.0,0.0,5.82421875,-12.76953125,2.6171875,0
68848429.0,7032.0,1.0,0.0671386719,-0.3848876953,0.4389648438,0.8090820313
68851397.0,2968.0,0.0,5.19921875,-9.9921875,1.75390625,0
68857429.0,6032.0,1.0,0.082824707,-0.3809814453,0.4301147461,0.8142700195
68860397.0,2968.0,0.0,4.94921875,-6.25,0.23046875,0
68868429.0,8032.0,1.0,0.0993652344,-0.3775024414,0.4208984375,0.8188476563
68871397.0,2968.0,0.0,5.31640625,-5.6015625,-0.125,0
68878429.0,7032.0,1.0,0.1154785156,-0.3746337891,0.4115600586,0.8227539063
68881397.0,2968.0,0.0,5.6796875,-5.4140625,-0.2109375,0
68888429.0,7032.0,1.0,0.1304931641,-0.372253418,0.4027099609,0.8259887695
68891397.0,2968.0,0.0,5.95703125,-5.2265625,0.02734375,0
68903429.0,12032.0,1.0,0.1446533203,-0.370300293,0.3942260742,0.8286132813
68907397.0,3968.0,0.0,5.60546875,-5.66015625,0.9765625,0
68910429.0,3032.0,1.0,0.1584472656,-0.3685913086,0.3859863281,0.8306884766
68913397.0,2968.0,0.0,5.67578125,-5.44140625,0.828125,0
68918429.0,5032.0,1.0,0.1727905273,-0.3670654297,0.3778686523,0.8322753906
68921397.0,2968.0,0.0,5.5390625,-5.53515625,0.9375,0
68928429.0,7032.0,1.0,0.1856079102,-0.3657836914,0.3713378906,0.8329467773
68931397.0,2968.0,0.0,5.5859375,-5.72265625,0.90625,0
68938429.0,7032.0,1.0,0.1985473633,-0.3646240234,0.3659057617,0.8328857422
68941397.0,2968.0,0.0,5.671875,-5.8046875,0.69140625,0
68948429.0,7032.0,1.0,0.2110595703,-0.3636474609,0.3617553711,0.8320922852
68951397.0,2968.0,0.0,5.640625,-5.29296875,0.61328125,0
68958429.0,7032.0,1.0,0.2232055664,-0.3628540039,0.3584594727,0.8306884766
68961397.0,2968.0,0.0,5.61328125,-4.265625,0.43359375,0
68968429.0,7032.0,1.0,0.2347412109,-0.3624267578,0.3554077148,0.8290405273
68971397.0,2968.0,0.0,5.84375,-2.82421875,0.84765625,0
68983429.0,12032.0,1.0,0.2448120117,-0.3625488281,0.3522338867,0.8273925781
68987397.0,3968.0,0.0,6.265625,-3.21875,0.9609375,0
68990429.0,3032.0,1.0,0.2546386719,-0.3632202148,0.3486328125,0.8256225586
68993397.0,2968.0,0.0,6.3125,-3.078125,0.9140625,0
68998429.0,5032.0,1.0,0.2639770508,-0.3643798828,0.3451538086,0.8236694336
69001397.0,2968.0,0.0,6.41796875,-3.39453125,0.4296875,0
69008429.0,7032.0,1.0,0.2720947266,-0.3657226563,0.3424072266,0.8215332031
69011397.0,2968.0,0.0,5.80859375,-3.68359375,-0.2109375,0
69018429.0,7032.0,1.0,0.2801513672,-0.3673706055,0.3401489258,0.8190307617
69021397.0,2968.0,0.0,5.35546875,-3.63671875,-0.7109375,0
69028429.0,7032.0,1.0,0.2874145508,-0.3690795898,0.338684082,0.8163452148
69032397.0,3968.0,0.0,4.8203125,-3.640625,-1.1015625,0
69038429.0,6032.0,1.0,0.2943115234,-0.3709106445,0.3379516602,0.8133544922
69041397.0,2968.0,0.0,4.31640625,-3.6640625,-1.0390625,0
69048429.0,7032.0,1.0,0.3006591797,-0.3728027344,0.3379516602,0.8101806641
69051397.0,2968.0,0.0,3.671875,-3.8515625,-1.390625,0
69058429.0,7032.0,1.0,0.3069458008,-0.3749389648,0.3388671875,0.8064575195
69061397.0,2968.0,0.0,3.63671875,-3.20703125,-1.8203125,0
69068429.0,7032.0,1.0,0.3124389648,-0.3773193359,0.3399658203,0.8027954102
69071397.0,2968.0,0.0,3.56640625,-2.02734375,-2.1875,0
69078429.0,7032.0,1.0,0.3170776367,-0.3801269531,0.3408203125,0.7992553711
69081397.0,2968.0,0.0,3.22265625,-1.3125,-2.71484375,0
69088429.0,7032.0,1.0,0.3210449219,-0.3830566406,0.341796875,0.7958374023
69091397.0,2968.0,0.0,1.84375,-0.953125,-4.0703125,0
69098429.0,7032.0,1.0,0.3245849609,-0.3857421875,0.3430786133,0.7925415039
69101397.0,2968.0,0.0,1.2421875,-0.0625,-3.86328125,0
69108429.0,7032.0,1.0,0.3276977539,-0.3883056641,0.3446044922,0.7893676758
69111397.0,2968.0,0.0,0.69921875,0.16796875,-3.875,0
69120429.0,9032.0,1.0,0.330078125,-0.3907470703,0.3460083008,0.7865600586
69123397.0,2968.0,0.0,0.57421875,0.359375,-4.09765625,0
69131429.0,8032.0,1.0,0.3317871094,-0.3934326172,0.3470458984,0.7840576172
69134397.0,2968.0,0.0,-0.96484375,1.34765625,-4.953125,0
69138429.0,4032.0,1.0,0.332824707,-0.396484375,0.3477172852,0.7817382813
69141397.0,2968.0,0.0,-1.95703125,1.65625,-4.90625,0
69149429.0,8032.0,1.0,0.333190918,-0.3996582031,0.3479614258,0.7798461914
69152397.0,2968.0,0.0,-3.046875,1.734375,-4.77734375,0
69158429.0,6032.0,1.0,0.3330078125,-0.4029541016,0.3479614258,0.7782592773
69161397.0,2968.0,0.0,-3.93359375,0.8828125,-2.65234375,0
69168429.0,7032.0,1.0,0.3323974609,-0.4061889648,0.3480224609,0.7767944336
69171397.0,2968.0,0.0,-3.94140625,-0.01171875,-1.02734375,0
69178429.0,7032.0,1.0,0.3316650391,-0.4095458984,0.3485717773,0.7750854492
69181397.0,2968.0,0.0,-3.6484375,-1.29296875,-1.234375,0
69188429.0,7032.0,1.0,0.3309936523,-0.4127197266,0.3501586914,0.7730102539
69191397.0,2968.0,0.0,-3.6171875,-1.51171875,-1.19140625,0
69198429.0,7032.0,1.0,0.3306274414,-0.4155273438,0.3527832031,0.7704467773
69201397.0,2968.0,0.0,-4.19921875,-1.51953125,-0.72265625,0
69208429.0,7032.0,1.0,0.3307495117,-0.41796875,0.3569335938,0.7671508789
69211397.0,2968.0,0.0,-4.359375,-0.50390625,-1.78515625,0
69218429.0,7032.0,1.0,0.3314819336,-0.4199829102,0.3620605469,0.7633056641
69221397.0,2968.0,0.0,-4.25390625,1.0390625,-1.83203125,0
69228429.0,7032.0,1.0,0.3325805664,-0.421875,0.3680419922,0.7589111328
69231397.0,2968.0,0.0,-4.14453125,0.38671875,-2.05859375,0
69238429.0,7032.0,1.0,0.3338012695,-0.423828125,0.373840332,0.7544555664
69241397.0,2968.0,0.0,-3.5234375,2.0,-3.08203125,0
69248429.0,7032.0,1.0,0.3349609375,-0.4262695313,0.3797607422,0.7495727539
69251397.0,2968.0,0.0,-3.37890625,2.828125,-3.42578125,0
69258429.0,7032.0,1.0,0.3358154297,-0.4290771484,0.3848876953,0.7449951172
69261397.0,2968.0,0.0,-3.375,2.96484375,-4.3359375,0
69268429.0,7032.0,1.0,0.3361816406,-0.4321289063,0.3891601563,0.7407836914
69271397.0,2968.0,0.0,-3.3359375,3.6875,-5.2890625,0
69278429.0,7032.0,1.0,0.3362426758,-0.435546875,0.3928833008,0.7368164063
69281397.0,2968.0,0.0,-2.45703125,2.5,-5.2109375,0
69288429.0,7032.0,1.0,0.3360595703,-0.4389648438,0.3961181641,0.7331542969
69291397.0,2968.0,0.0,-1.84375,1.73046875,-4.60546875,0
69298429.0,7032.0,1.0,0.3355712891,-0.4426879883,0.3991699219,0.7294311523
69301397.0,2968.0,0.0,-1.61328125,1.5859375,-3.52734375,0
69309429.0,8032.0,1.0,0.334777832,-0.4465942383,0.4019165039,0.7258911133
69312397.0,2968.0,0.0,-2.33984375,1.51953125,-2.8046875,0
69324429.0,12032.0,1.0,0.3338012695,-0.4505004883,0.4043579102,0.7225952148
69329429.0,5000.0,1.0,0.3327636719,-0.4543457031,0.4069213867,0.7191772461
69331397.0,1968.0,0.0,-4.8046875,0.84375,-4.50390625,0
69338429.0,7032.0,1.0,0.3318481445,-0.4580688477,0.4095458984,0.7158203125
69341397.0,2968.0,0.0,-5.42578125,0.69921875,-4.27734375,0
69348429.0,7032.0,1.0,0.3309936523,-0.4615478516,0.4119873047,0.7125244141
69351397.0,2968.0,0.0,-5.4765625,1.6640625,-4.75,0
69358429.0,7032.0,1.0,0.330078125,-0.4650268555,0.4143066406,0.7093505859
69361397.0,2968.0,0.0,-5.59765625,1.359375,-3.5703125,0
69368429.0,7032.0,1.0,0.3290405273,-0.4686279297,0.4162597656,0.706237793
69372397.0,3968.0,0.0,-5.61328125,0.68359375,-3.0078125,0
69378429.0,6032.0,1.0,0.3279418945,-0.4722290039,0.41796875,0.7033691406
69381397.0,2968.0,0.0,-5.31640625,0.8828125,-3.796875,0
69388429.0,7032.0,1.0,0.3269042969,-0.4755859375,0.4196166992,0.7006225586
69391397.0,2968.0,0.0,-5.40625,0.2109375,-3.92578125,0
69398429.0,7032.0,1.0,0.3260498047,-0.4786987305,0.4215087891,0.6978149414
69401397.0,2968.0,0.0,-4.5859375,-0.16796875,-4.8359375,0
69408429.0,7032.0,1.0,0.3255004883,-0.481262207,0.4237670898,0.6948852539
69412397.0,3968.0,0.0,-3.3359375,0.02734375,-5.58203125,0
69418429.0,6032.0,1.0,0.3250732422,-0.4837036133,0.4262695313,0.6918945313
69421397.0,2968.0,0.0,-2.203125,0.72265625,-4.2265625,0
69428429.0,7032.0,1.0,0.3245239258,-0.4860839844,0.4284667969,0.6890869141
69431397.0,2968.0,0.0,-2.1484375,0.875,-2.37890625,0
69438429.0,7032.0,1.0,0.3239135742,-0.4887695313,0.4307250977,0.6860351563
69441397.0,2968.0,0.0,-2.1640625,0.38671875,-2.0859375,0
69448429.0,7032.0,1.0,0.3233642578,-0.4912109375,0.4329223633,0.6831665039
69452397.0,3968.0,0.0,-2.53125,0.0859375,-2.34375,0
69458429.0,6032.0,1.0,0.3229980469,-0.4934692383,0.4352416992,0.6802368164
69461397.0,2968.0,0.0,-2.32421875,0.05078125,-3.015625,0
69468429.0,7032.0,1.0,0.3228759766,-0.4954223633,0.4376831055,0.6773071289
69471397.0,2968.0,0.0,-1.84765625,1.015625,-4.65234375,0
69478429.0,7032.0,1.0,0.3228759766,-0.4970703125,0.4400634766,0.6745605469
69481397.0,2968.0,0.0,-1.07421875,1.08984375,-4.30859375,0
69488429.0,7032.0,1.0,0.3228149414,-0.498840332,0.442199707,0.671875
69491397.0,2968.0,0.0,-0.9453125,1.55859375,-1.85546875,0
69498429.0,7032.0,1.0,0.3225097656,-0.500793457,0.4439697266,0.6693725586
69501397.0,2968.0,0.0,-0.46875,1.10546875,-1.20703125,0
69508429.0,7032.0,1.0,0.3218994141,-0.503112793,0.4454956055,0.6669311523
69511397.0,2968.0,0.0,-0.421875,0.9609375,-0.86328125,0
69518429.0,7032.0,1.0,0.3211669922,-0.5054321289,0.4467773438,0.6646728516
69521397.0,2968.0,0.0,-0.94140625,0.6640625,-1.58984375,0
69529429.0,8032.0,1.0,0.3202514648,-0.5076904297,0.4478759766,0.6626586914
69532397.0,2968.0,0.0,-1.203125,0.32421875,-2.1015625,0
69538429.0,6032.0,1.0,0.3192138672,-0.5097045898,0.4487915039,0.660949707
69541397.0,2968.0,0.0,-1.12109375,-0.01171875,-2.375,0
69551429.0,10032.0,1.0,0.3181152344,-0.5117797852,0.4497680664,0.6592407227
69554397.0,2968.0,0.0,0.0,-0.6640625,-1.46875,0
69558429.0,4032.0,1.0,0.3169555664,-0.5137939453,0.4508666992,0.6574707031
69561397.0,2968.0,0.0,-0.14453125,-1.61328125,0.23828125,0
69569429.0,8032.0,1.0,0.3157348633,-0.5158691406,0.4520874023,0.6555786133
69572397.0,2968.0,0.0,-0.40625,-1.95703125,1.34375,0
69578429.0,6032.0,1.0,0.3145141602,-0.5178833008,0.4534912109,0.6536254883
69581397.0,2968.0,0.0,-0.55078125,-0.38671875,1.18359375,0
69588429.0,7032.0,1.0,0.3132324219,-0.5198364258,0.455078125,0.651550293
69591397.0,2968.0,0.0,-0.703125,-0.81640625,0.83984375,0
69598429.0,7032.0,1.0,0.3120117188,-0.5216064453,0.4568481445,0.6495361328
69601397.0,2968.0,0.0,-0.16015625,-1.3125,0.375,0
69609429.0,8032.0,1.0,0.3108520508,-0.5230712891,0.4588623047,0.6474609375
69612397.0,2968.0,0.0,0.328125,-1.7421875,-0.2421875,0
69618429.0,6032.0,1.0,0.3098144531,-0.5242919922,0.4610595703,0.6453857422
69621397.0,2968.0,0.0,0.64453125,-1.09765625,-0.91015625,0
69628429.0,7032.0,1.0,0.3087768555,-0.5255126953,0.4635009766,0.6431884766
69631397.0,2968.0,0.0,0.51953125,-1.23046875,-0.6015625,0
69638429.0,7032.0,1.0,0.3076171875,-0.5267333984,0.4659423828,0.6409301758
69641397.0,2968.0,0.0,0.13671875,-0.36328125,-0.0234375,0
69649429.0,8032.0,1.0,0.3063964844,-0.5280761719,0.4681396484,0.6388549805
69652397.0,2968.0,0.0,-0.24609375,0.27734375,0.62109375,0
69659429.0,7032.0,1.0,0.3049316406,-0.5296020508,0.4701538086,0.6367797852
69662397.0,2968.0,0.0,0.59765625,-0.2734375,1.45703125,0
69668429.0,6032.0,1.0,0.3034057617,-0.5311889648,0.4718017578,0.6349487305
69671397.0,2968.0,0.0,0.51171875,-0.359375,1.55859375,0
69678429.0,7032.0,1.0,0.3017578125,-0.5329589844,0.4732666016,0.6331787109
69681397.0,2968.0,0.0,0.28515625,-0.13671875,1.3984375,0
69689429.0,8032.0,1.0,0.3000488281,-0.5347900391,0.474609375,0.6314697266
69692397.0,2968.0,0.0,0.28515625,-0.984375,1.27734375,0
69698429.0,6032.0,1.0,0.2984008789,-0.5365600586,0.4759521484,0.629699707
69701397.0,2968.0,0.0,0.46875,-1.03125,1.26171875,0
69708429.0,7032.0,1.0,0.296875,-0.538269043,0.4775390625,0.6278076172
69711397.0,2968.0,0.0,0.7734375,-0.46484375,0.7890625,0
69719429.0,8032.0,1.0,0.2955322266,-0.5399780273,0.4790649414,0.6257324219
69722397.0,2968.0,0.0,1.109375,-0.12109375,0.20703125,0
69729429.0,7032.0,1.0,0.2943115234,-0.5416870117,0.4805297852,0.6237182617
69732397.0,2968.0,0.0,1.109375,-0.08203125,-0.19140625,0
69738429.0,6032.0,1.0,0.2931518555,-0.5435180664,0.4816894531,0.6218261719
69741397.0,2968.0,0.0,0.6796875,0.15625,-0.1953125,0
69748429.0,7032.0,1.0,0.2919311523,-0.5454711914,0.4824829102,0.6199951172
69752397.0,3968.0,0.0,0.03125,0.35546875,0.01171875,0
69759429.0,7032.0,1.0,0.2905273438,-0.5477294922,0.4829101563,0.618347168
69762397.0,2968.0,0.0,-0.0859375,0.5546875,0.83984375,0
69768429.0,6032.0,1.0,0.2889404297,-0.5501708984,0.4829101563,0.6169433594
69771397.0,2968.0,0.0,-0.58203125,0.1796875,0.78125,0
69778429.0,7032.0,1.0,0.2870483398,-0.5527954102,0.4825439453,0.6157226563
69781397.0,2968.0,0.0,-0.66015625,0.453125,0.25390625,0
69789429.0,8032.0,1.0,0.2850341797,-0.555480957,0.4819335938,0.6148071289
69792397.0,2968.0,0.0,-0.5078125,0.1953125,-0.11328125,0
69798429.0,6032.0,1.0,0.2828369141,-0.5581665039,0.4810791016,0.6140136719
69801397.0,2968.0,0.0,-0.24609375,0.01953125,-0.03515625,0
69808429.0,7032.0,1.0,0.2805786133,-0.5607910156,0.4801025391,0.6134033203
69811397.0,2968.0,0.0,0.3671875,0.8984375,1.80859375,0
69818429.0,7032.0,1.0,0.2778930664,-0.5637817383,0.4789428711,0.6127929688
69821397.0,2968.0,0.0,0.16796875,1.0625,2.76953125,0
69829429.0,8032.0,1.0,0.2752075195,-0.5668334961,0.477722168,0.6121826172
69832397.0,2968.0,0.0,-0.3671875,0.5703125,2.76953125,0
69838429.0,6032.0,1.0,0.2723999023,-0.5697631836,0.4764404297,0.6116943359
69841397.0,2968.0,0.0,-0.828125,0.53125,2.43359375,0
69851429.0,10032.0,1.0,0.2691040039,-0.5729980469,0.4749755859,0.6112670898
69854397.0,2968.0,0.0,-1.21875,-0.76953125,0.671875,0
69858429.0,4032.0,1.0,0.2658691406,-0.5759887695,0.4736328125,0.6109619141
69861397.0,2968.0,0.0,-0.73046875,-1.91796875,0.71875,0
69868429.0,7032.0,1.0,0.262512207,-0.578918457,0.4725341797,0.6104736328
69871397.0,2968.0,0.0,-0.19140625,-2.609375,0.65234375,0
69879429.0,8032.0,1.0,0.2593383789,-0.5816040039,0.471862793,0.6098022461
69882397.0,2968.0,0.0,0.06640625,-1.66015625,0.96484375,0
69889429.0,7032.0,1.0,0.2563476563,-0.5841674805,0.471496582,0.6088867188
69892397.0,2968.0,0.0,0.82421875,-1.09375,2.70703125,0
69898429.0,6032.0,1.0,0.2534179688,-0.5866088867,0.4714355469,0.6077880859
69901397.0,2968.0,0.0,1.078125,-0.9921875,3.2578125,0
69909429.0,8032.0,1.0,0.2504882813,-0.589050293,0.4715576172,0.6065673828
69912397.0,2968.0,0.0,0.95703125,-0.77734375,3.24609375,0
69919429.0,7032.0,1.0,0.2474975586,-0.5914306641,0.4719238281,0.6051635742
69922397.0,2968.0,0.0,1.015625,-1.66796875,1.765625,0
69929429.0,7032.0,1.0,0.2445678711,-0.59375,0.4725341797,0.6036376953
69932397.0,2968.0,0.0,0.07421875,-1.953125,2.82421875,0
69938429.0,6032.0,1.0,0.2416381836,-0.5958862305,0.473449707,0.6019897461
69941397.0,2968.0,0.0,-0.32421875,-1.9765625,1.96875,0
69949429.0,8032.0,1.0,0.2387695313,-0.5979003906,0.474609375,0.6001586914
69952397.0,2968.0,0.0,-0.45703125,-1.29296875,1.734375,0
69959429.0,7032.0,1.0,0.2357788086,-0.5999145508,0.4759521484,0.5983276367
69962397.0,2968.0,0.0,-1.4375,-1.39453125,2.0703125,0
69969429.0,7032.0,1.0,0.2326049805,-0.6019287109,0.4774169922,0.5963745117
69972397.0,2968.0,0.0,-0.76953125,-1.5,1.3359375,0
69979429.0,7032.0,1.0,0.2294921875,-0.6037597656,0.4791259766,0.5943603516
69982397.0,2968.0,0.0,0.203125,-1.48828125,1.40625,0
69989429.0,7032.0,1.0,0.2265014648,-0.6054077148,0.4810791016,0.5922241211
69992397.0,2968.0,0.0,0.828125,-1.31640625,2.05859375,0
69998429.0,6032.0,1.0,0.223815918,-0.6069335938,0.4832763672,0.5899047852
70001397.0,2968.0,0.0,1.265625,-0.27734375,2.20703125,0
70008429.0,7032.0,1.0,0.2210693359,-0.6084594727,0.4858398438,0.5872802734
70011397.0,2968.0,0.0,0.8515625,0.265625,2.21484375,0
70019429.0,8032.0,1.0,0.2183837891,-0.6100463867,0.4881591797,0.5847167969
70022397.0,2968.0,0.0,0.67578125,0.28125,1.60546875,0
70029429.0,7032.0,1.0,0.2156982422,-0.6116333008,0.4902954102,0.5821533203
70032397.0,2968.0,0.0,-0.046875,-0.046875,1.28515625,0
70039429.0,7032.0,1.0,0.212890625,-0.6134643555,0.4922485352,0.5797119141
70042397.0,2968.0,0.0,-0.875,1.0859375,1.5625,0
70049429.0,7032.0,1.0,0.2098999023,-0.6154174805,0.4936523438,0.5775146484
70053397.0,3968.0,0.0,-0.55859375,1.1015625,1.59375,0
70062429.0,9032.0,1.0,0.2067260742,-0.6173706055,0.4947509766,0.5755615234
70065397.0,2968.0,0.0,-1.00390625,1.0703125,1.84765625,0
70072429.0,7032.0,1.0,0.2027587891,-0.6197509766,0.4957275391,0.5736083984
70076397.0,3968.0,0.0,-0.96875,1.046875,0.8828125,0
70080429.0,4032.0,1.0,0.1989135742,-0.6218261719,0.4965820313,0.5719604492
70083397.0,2968.0,0.0,-1.41796875,0.6328125,0.265625,0
70089429.0,6032.0,1.0,0.1950683594,-0.6237792969,0.4974975586,0.5703735352
70093397.0,3968.0,0.0,-1.44140625,0.4765625,0.28125,0
70099429.0,6032.0,1.0,0.1911010742,-0.6255493164,0.4987792969,0.5686645508
70102397.0,2968.0,0.0,-1.93359375,0.75390625,-0.0703125,0
70109429.0,7032.0,1.0,0.1871337891,-0.6270141602,0.5004272461,0.5669555664
70112397.0,2968.0,0.0,-2.77734375,1.78515625,0.18359375,0
70119429.0,7032.0,1.0,0.1831665039,-0.6282958984,0.5023803711,0.5651245117
70122397.0,2968.0,0.0,-3.3515625,1.69921875,1.12890625,0
70129429.0,7032.0,1.0,0.1790771484,-0.6292114258,0.5047607422,0.5631713867
70133397.0,3968.0,0.0,-3.8984375,1.37890625,1.92578125,0
70139429.0,6032.0,1.0,0.1748657227,-0.6298828125,0.5078125,0.5610961914
70142397.0,2968.0,0.0,-4.2890625,1.125,2.33203125,0
70149429.0,7032.0,1.0,0.1707763672,-0.630065918,0.5115966797,0.5586547852
70152397.0,2968.0,0.0,-5.44921875,0.70703125,3.29296875,0
70159429.0,7032.0,1.0,0.1669311523,-0.629699707,0.5167236328,0.5555419922
70162397.0,2968.0,0.0,-5.96875,-0.05078125,3.69140625,0
70169429.0,7032.0,1.0,0.1634521484,-0.6286010742,0.5230712891,0.5518188477
70172397.0,2968.0,0.0,-6.65234375,0.60546875,4.359375,0
70179429.0,7032.0,1.0,0.1604614258,-0.6267089844,0.5308227539,0.5475463867
70182397.0,2968.0,0.0,-7.44921875,0.91015625,4.69921875,0
70188429.0,6032.0,1.0,0.1578979492,-0.623840332,0.5399169922,0.5425415039
70191397.0,2968.0,0.0,-9.8359375,1.62890625,4.51171875,0
70199429.0,8032.0,1.0,0.1558837891,-0.6196899414,0.5514526367,0.536315918
70202397.0,2968.0,0.0,-11.23828125,2.4921875,4.22265625,0
70209429.0,7032.0,1.0,0.154296875,-0.6143188477,0.5642089844,0.5295410156
70212397.0,2968.0,0.0,-12.296875,4.4375,3.2890625,0
70221429.0,9032.0,1.0,0.1525878906,-0.6081542969,0.5771484375,0.5231933594
70224397.0,2968.0,0.0,-13.09765625,6.44140625,1.890625,0
70231429.0,7032.0,1.0,0.1494140625,-0.6007080078,0.5907592773,0.517578125
70234397.0,2968.0,0.0,-14.1796875,11.28125,-0.97265625,0
70238429.0,4032.0,1.0,0.1439819336,-0.592590332,0.6029663086,0.5142822266
70241397.0,2968.0,0.0,-13.00390625,11.6484375,-1.953125,0
70249429.0,8032.0,1.0,0.1351928711,-0.5836181641,0.6138305664,0.5140991211
70252397.0,2968.0,0.0,-11.90234375,11.6796875,-2.5234375,0
70259429.0,7032.0,1.0,0.1234130859,-0.5745849609,0.6220092773,0.5173950195
70262397.0,2968.0,0.0,-8.83984375,11.515625,-0.37890625,0
70269429.0,7032.0,1.0,0.1089477539,-0.5654907227,0.627746582,0.5237426758
70272397.0,2968.0,0.0,-0.76953125,6.55078125,2.0390625,0
70279429.0,7032.0,1.0,0.092956543,-0.5564575195,0.6317138672,0.5316772461
70282397.0,2968.0,0.0,2.19140625,2.15625,3.9296875,0
70289429.0,7032.0,1.0,0.0799560547,-0.5467529297,0.637512207,0.5368652344
70292397.0,2968.0,0.0,4.03515625,-9.51171875,2.13671875,0
70301429.0,9032.0,1.0,0.072265625,-0.5355834961,0.6461791992,0.5388793945
70304397.0,2968.0,0.0,2.29296875,-2.23046875,3.61328125,0
70311429.0,7032.0,1.0,0.064453125,-0.5228271484,0.6519775391,0.5453491211
70314397.0,2968.0,0.0,1.5703125,29.16015625,-11.375,0
70318429.0,4032.0,1.0,0.051574707,-0.5097045898,0.6484985352,0.5629882813
70321397.0,2968.0,0.0,3.21484375,31.046875,-19.15625,0
70329429.0,8032.0,1.0,0.032409668,-0.4967041016,0.6321411133,0.5938110352
70332397.0,2968.0,0.0,5.41796875,26.06640625,-24.37109375,0
70339429.0,7032.0,1.0,0.0114135742,-0.4837646484,0.6054077148,0.6318969727
70342397.0,2968.0,0.0,10.390625,-4.09375,-18.0625,0
70349429.0,7032.0,1.0,0.0040283203,0.4705200195,-0.5769042969,-0.6676635742
70352397.0,2968.0,0.0,6.734375,-15.03125,-9.53515625,0
70362429.0,10032.0,1.0,0.0097045898,0.4579467773,-0.5547485352,-0.6945800781
70365397.0,2968.0,0.0,2.35546875,-21.0703125,-3.7421875,0
70372429.0,7032.0,1.0,0.0079345703,0.4450073242,-0.5361938477,-0.7172241211
70375397.0,2968.0,0.0,1.20703125,-17.75390625,1.1484375,0
70380429.0,5032.0,1.0,0.002746582,0.4338378906,-0.5198364258,-0.7358398438
70383397.0,2968.0,0.0,4.8984375,-8.59765625,2.140625,0
70389429.0,6032.0,1.0,0.0037841797,-0.4239501953,0.5014038086,0.7542724609
70392397.0,2968.0,0.0,5.7890625,-10.21875,1.6015625,0
70399429.0,7032.0,1.0,0.0114135742,-0.4153442383,0.4811401367,0.7719116211
70402397.0,2968.0,0.0,5.37890625,-13.5546875,3.1796875,0
70409429.0,7032.0,1.0,0.0210571289,-0.4080810547,0.4619140625,0.7871704102
70412397.0,2968.0,0.0,5.35546875,-16.0078125,3.97265625,0
70424429.0,12032.0,1.0,0.0325317383,-0.4022827148,0.4467163086,0.7984619141
70428397.0,3968.0,0.0,5.94921875,-13.1015625,3.953125,0
70431429.0,3032.0,1.0,0.0467529297,-0.3970336914,0.4340820313,0.8073120117
70434397.0,2968.0,0.0,6.04296875,-12.8671875,3.640625,0
70438429.0,4032.0,1.0,0.0618896484,-0.3926391602,0.4241943359,0.813659668
70441397.0,2968.0,0.0,5.60546875,-9.97265625,2.45703125,0
70449429.0,8032.0,1.0,0.0780029297,-0.3887939453,0.4152832031,0.8187255859
70452397.0,2968.0,0.0,5.28125,-7.87109375,1.625,0
70459429.0,7032.0,1.0,0.0938720703,-0.3856811523,0.4067382813,0.8228149414
70462397.0,2968.0,0.0,5.7109375,-5.95703125,0.6328125,0
70469429.0,7032.0,1.0,0.1090087891,-0.3832397461,0.3984985352,0.8261108398
70472397.0,2968.0,0.0,6.05859375,-5.51953125,0.3046875,0
70479429.0,7032.0,1.0,0.1234741211,-0.3812866211,0.3907470703,0.8286743164
70482397.0,2968.0,0.0,5.90625,-5.65234375,0.00390625,0
70489429.0,7032.0,1.0,0.1377563477,-0.3795776367,0.3833618164,0.8306274414
70492397.0,2968.0,0.0,4.6796875,-5.515625,-0.05859375,0
70504429.0,12032.0,1.0,0.1511230469,-0.3781738281,0.3768310547,0.8319702148
70508397.0,3968.0,0.0,4.19921875,-4.77734375,-0.1015625,0
70511429.0,3032.0,1.0,0.1642456055,-0.376953125,0.3706054688,0.832824707
70514397.0,2968.0,0.0,4.26171875,-4.58203125,-0.2109375,0
70519429.0,5032.0,1.0,0.1779174805,-0.3760986328,0.3641967773,0.8332519531
70522397.0,2968.0,0.0,4.69921875,-4.73046875,-0.39453125,0
70529429.0,7032.0,1.0,0.1897583008,-0.3754882813,0.3590698242,0.8330688477
70532397.0,2968.0,0.0,5.51171875,-5.35546875,0.1015625,0
70539429.0,7032.0,1.0,0.2015991211,-0.3750610352,0.3548583984,0.8323364258
70542397.0,2968.0,0.0,5.90234375,-5.0078125,0.30078125,0
70549429.0,7032.0,1.0,0.2132568359,-0.3747558594,0.3514404297,0.8309936523
70552397.0,2968.0,0.0,6.171875,-4.34765625,0.3203125,0
70559429.0,7032.0,1.0,0.2241210938,-0.3746337891,0.3485717773,0.8294067383
70562397.0,2968.0,0.0,6.25,-3.640625,0.234375,0
70569429.0,7032.0,1.0,0.2338867188,-0.3748779297,0.3459472656,0.8276977539
70572397.0,2968.0,0.0,5.6015625,-2.81640625,0.5859375,0
70584429.0,12032.0,1.0,0.2434692383,-0.3754882813,0.3432617188,0.8258056641
70588397.0,3968.0,0.0,4.87890625,-3.02734375,0.5546875,0
70591429.0,3032.0,1.0,0.2521972656,-0.3765258789,0.340637207,0.8237915039
70594397.0,2968.0,0.0,4.71875,-3.546875,0.2734375,0
70599429.0,5032.0,1.0,0.2604980469,-0.3778686523,0.3382568359,0.8215332031
70602397.0,2968.0,0.0,4.7578125,-3.421875,0.2578125,0
70609429.0,7032.0,1.0,0.2682495117,-0.3793945313,0.3367919922,0.8189697266
70612397.0,2968.0,0.0,4.53125,-3.6953125,-0.515625,0
70619429.0,7032.0,1.0,0.2751464844,-0.3807373047,0.3364868164,0.8161621094
70622397.0,2968.0,0.0,4.29296875,-3.1875,-0.83984375,0
70629429.0,7032.0,1.0,0.2821655273,-0.3822021484,0.3373413086,0.8127441406
70632397.0,2968.0,0.0,4.02734375,-2.92578125,-1.15234375,0
70639429.0,7032.0,1.0,0.2886962891,-0.3838500977,0.3389282227,0.8090209961
70642397.0,2968.0,0.0,3.64453125,-2.51953125,-1.41015625,0
70649429.0,7032.0,1.0,0.2944335938,-0.3858642578,0.3405761719,0.8052368164
70652397.0,2968.0,0.0,3.14453125,-1.515625,-2.51171875,0
70659429.0,7032.0,1.0,0.2993164063,-0.3883056641,0.3420410156,0.8016357422
70662397.0,2968.0,0.0,2.91796875,-0.76953125,-3.64453125,0
70669429.0,7032.0,1.0,0.3034057617,-0.3910522461,0.3433227539,0.7982177734
70672397.0,2968.0,0.0,2.234375,-0.48828125,-4.2734375,0
70679429.0,7032.0,1.0,0.3068237305,-0.3939208984,0.3444824219,0.7949829102
70682397.0,2968.0,0.0,0.3984375,0.01953125,-5.7421875,0
70689429.0,7032.0,1.0,0.3096923828,-0.3967895508,0.3456420898,0.7919311523
70692397.0,2968.0,0.0,-0.328125,0.48828125,-6.41015625,0
70699429.0,7032.0,1.0,0.3120117188,-0.3997192383,0.3468017578,0.7890625
70702397.0,2968.0,0.0,-1.32421875,0.91015625,-6.4609375,0
70709429.0,7032.0,1.0,0.3139038086,-0.4027099609,0.3478393555,0.786315918
70712397.0,2968.0,0.0,-1.98046875,0.6796875,-5.90234375,0
70723429.0,11032.0,1.0,0.3153076172,-0.4057617188,0.3486938477,0.7838134766
70726397.0,2968.0,0.0,-0.53515625,0.453125,-3.625,0
70730429.0,4032.0,1.0,0.3163452148,-0.4091796875,0.3493041992,0.7813110352
70733397.0,2968.0,0.0,-0.11328125,-0.7734375,-2.56640625,0
70739429.0,6032.0,1.0,0.3169555664,-0.412902832,0.3497314453,0.7789306641
70742397.0,2968.0,0.0,0.6484375,-1.23046875,-1.65234375,0
70749429.0,7032.0,1.0,0.3171386719,-0.4169311523,0.3501586914,0.7764892578
70752397.0,2968.0,0.0,0.41796875,-0.9609375,-1.34375,0
70759429.0,7032.0,1.0,0.317199707,-0.4209594727,0.350769043,0.7740478516
70762397.0,2968.0,0.0,-2.8828125,-1.69140625,-0.890625,0
70769429.0,7032.0,1.0,0.317199707,-0.4254150391,0.3520507813,0.7709960938
70772397.0,2968.0,0.0,-4.484375,-0.81640625,-1.6328125,0
70779429.0,7032.0,1.0,0.317199707,-0.4296264648,0.3540649414,0.7677612305
70782397.0,2968.0,0.0,-5.28515625,-0.1015625,-2.49609375,0
70789429.0,7032.0,1.0,0.3173217773,-0.4336547852,0.3566894531,0.7642211914
70792397.0,2968.0,0.0,-5.43359375,0.5546875,-2.74609375,0
70799429.0,7032.0,1.0,0.3173217773,-0.4373168945,0.3599243164,0.7606201172
70802397.0,2968.0,0.0,-4.625,1.515625,-2.74609375,0
70809429.0,7032.0,1.0,0.317199707,-0.4409790039,0.3640136719,0.7565917969
70812397.0,2968.0,0.0,-4.77734375,1.93359375,-2.51171875,0
70819429.0,7032.0,1.0,0.317199707,-0.4442138672,0.369140625,0.7521972656
70822397.0,2968.0,0.0,-4.77734375,1.18359375,-0.84765625,0
70829429.0,7032.0,1.0,0.3171386719,-0.4470825195,0.3751220703,0.7475585938
70832397.0,2968.0,0.0,-3.7890625,0.109375,-0.71484375,0
70839429.0,7032.0,1.0,0.3168334961,-0.4499511719,0.382019043,0.7424926758
70842397.0,2968.0,0.0,-2.71484375,-0.5859375,-1.29296875,0
70849429.0,7032.0,1.0,0.3162841797,-0.4526977539,0.3892822266,0.7372436523
70852397.0,2968.0,0.0,-3.3828125,0.19921875,-2.9765625,0
70859429.0,7032.0,1.0,0.315612793,-0.4553222656,0.3969116211,0.7318115234
70862397.0,2968.0,0.0,-4.26953125,1.83203125,-5.109375,0
70869429.0,7032.0,1.0,0.3147583008,-0.457824707,0.4039306641,0.7267456055
70872397.0,2968.0,0.0,-4.5078125,1.171875,-8.296875,0
70879429.0,7032.0,1.0,0.313659668,-0.4603881836,0.4102172852,0.7220458984
70882397.0,2968.0,0.0,-4.3671875,1.890625,-7.609375,0
70889429.0,7032.0,1.0,0.3123779297,-0.4632568359,0.4158325195,0.717590332
70893397.0,3968.0,0.0,-4.66015625,0.90234375,-6.84765625,0
70900429.0,7032.0,1.0,0.3108520508,-0.4661254883,0.4202270508,0.7138061523
70902397.0,1968.0,0.0,-5.08984375,1.30078125,-6.11328125,0
70912429.0,10032.0,1.0,0.3088989258,-0.4694213867,0.4238891602,0.7102661133
70915397.0,2968.0,0.0,-5.37890625,0.9765625,-5.41015625,0
70919429.0,4032.0,1.0,0.3067016602,-0.4730224609,0.426940918,0.7070922852
70922397.0,2968.0,0.0,-4.47265625,0.80859375,-5.30078125,0
70929429.0,7032.0,1.0,0.3043823242,-0.4765014648,0.4295654297,0.7041015625
70932397.0,2968.0,0.0,-3.84765625,0.7265625,-5.72265625,0
70939429.0,7032.0,1.0,0.3024291992,-0.4796142578,0.4322509766,0.701171875
70942397.0,2968.0,0.0,-3.1015625,0.2109375,-5.53515625,0
70949429.0,7032.0,1.0,0.3010253906,-0.4821777344,0.4354248047,0.698059082
70952397.0,2968.0,0.0,-2.75,-0.87890625,-3.3671875,0
70959429.0,7032.0,1.0,0.3001098633,-0.4845581055,0.4395141602,0.6942138672
70962397.0,2968.0,0.0,-2.84765625,-0.08984375,-3.77734375,0
70969429.0,7032.0,1.0,0.2995605469,-0.4866333008,0.4436035156,0.6903686523
70973397.0,3968.0,0.0,-3.75390625,1.4296875,-3.69921875,0
70979429.0,6032.0,1.0,0.2991943359,-0.4886474609,0.447265625,0.6867675781
70982397.0,2968.0,0.0,-4.16796875,2.875,-4.02734375,0
70989429.0,7032.0,1.0,0.2987670898,-0.4908447266,0.4501953125,0.6834716797
70992397.0,2968.0,0.0,-3.23046875,2.04296875,-2.3515625,0
70999429.0,7032.0,1.0,0.2980957031,-0.4934082031,0.4526977539,0.6802368164
71002397.0,2968.0,0.0,-2.3359375,1.6953125,-3.24609375,0
71009429.0,7032.0,1.0,0.2973022461,-0.4960327148,0.4547119141,0.6773071289
71012397.0,2968.0,0.0,-1.70703125,1.92578125,-4.11328125,0
71019429.0,7032.0,1.0,0.2965698242,-0.4985351563,0.4565429688,0.674621582
71022397.0,2968.0,0.0,-2.05078125,1.2890625,-5.05859375,0
71029429.0,7032.0,1.0,0.2960205078,-0.500793457,0.458190918,0.6720581055
71032397.0,2968.0,0.0,-1.84375,1.10546875,-5.01953125,0
71039429.0,7032.0,1.0,0.2955322266,-0.5029907227,0.4598388672,0.6694946289
71042397.0,2968.0,0.0,-1.7890625,0.38671875,-3.8984375,0
71049429.0,7032.0,1.0,0.2951660156,-0.505065918,0.4615478516,0.6668701172
71052397.0,2968.0,0.0,-1.33203125,0.125,-2.3671875,0
71059429.0,7032.0,1.0,0.2946777344,-0.5073242188,0.4631347656,0.6643066406
71062397.0,2968.0,0.0,-1.62109375,-0.32421875,-0.984375,0
71069429.0,7032.0,1.0,0.2940063477,-0.5095825195,0.4644775391,0.6619262695
71072397.0,2968.0,0.0,-1.91796875,-0.1640625,-1.75,0
71079429.0,7032.0,1.0,0.2931518555,-0.5118408203,0.4657592773,0.6597290039
71082397.0,2968.0,0.0,-1.4140625,-0.6484375,-2.0234375,0
71090429.0,8032.0,1.0,0.2922363281,-0.5139160156,0.4669799805,0.6575927734
71093397.0,2968.0,0.0,-1.21484375,-0.90625,-1.49609375,0
71105429.0,12032.0,1.0,0.2912597656,-0.5158081055,0.4682617188,0.6555786133
71110429.0,5000.0,1.0,0.2900390625,-0.5177612305,0.4698486328,0.653503418
71112397.0,1968.0,0.0,-0.8984375,-1.94140625,0.37109375,0
71119429.0,7032.0,1.0,0.2885131836,-0.5197753906,0.4716186523,0.6513061523
71122397.0,2968.0,0.0,-0.78515625,-1.87109375,1.21484375,0
71130429.0,8032.0,1.0,0.2869262695,-0.521484375,0.4736938477,0.6491699219
71133397.0,2968.0,0.0,-0.5625,-1.65234375,1.1015625,0
71139429.0,6032.0,1.0,0.2852783203,-0.5228881836,0.4760742188,0.6469726563
71142397.0,2968.0,0.0,0.05859375,-1.0546875,1.29296875,0
71149429.0,7032.0,1.0,0.2835693359,-0.5240478516,0.4792480469,0.6444091797
71152397.0,2968.0,0.0,0.15625,-1.421875,1.6484375,0
71159429.0,7032.0,1.0,0.2819824219,-0.5250244141,0.4827270508,0.6417236328
71162397.0,2968.0,0.0,-0.04296875,-1.52734375,1.7421875,0
71170429.0,8032.0,1.0,0.2803955078,-0.5258178711,0.4865722656,0.6388549805
71173397.0,2968.0,0.0,-0.671875,-0.94921875,1.64453125,0
71179429.0,6032.0,1.0,0.2789916992,-0.526550293,0.4906005859,0.6358032227
71182397.0,2968.0,0.0,-0.6796875,-0.89453125,1.31640625,0
71189429.0,7032.0,1.0,0.2776489258,-0.5271606445,0.4952392578,0.6322631836
71192397.0,2968.0,0.0,-0.578125,-0.3125,0.7265625,0
71199429.0,7032.0,1.0,0.2764892578,-0.5277099609,0.4999389648,0.6286010742
71202397.0,2968.0,0.0,-0.40234375,0.4609375,-0.234375,0
71210429.0,8032.0,1.0,0.2755737305,-0.5282592773,0.5042724609,0.6250610352
71213397.0,2968.0,0.0,-0.19140625,0.66796875,-0.9765625,0
71219429.0,6032.0,1.0,0.274597168,-0.5289916992,0.5081176758,0.6217651367
71222397.0,2968.0,0.0,0.60546875,0.53515625,-2.64453125,0
71229429.0,7032.0,1.0,0.2735595703,-0.5299682617,0.5112304688,0.6187744141
71232397.0,2968.0,0.0,0.24609375,0.98828125,-2.7578125,0
71239429.0,7032.0,1.0,0.2723388672,-0.5313720703,0.5134887695,0.6162719727
71242397.0,2968.0,0.0,0.35546875,1.59375,-1.875,0
71250429.0,8032.0,1.0,0.2708129883,-0.5333251953,0.514831543,0.6141357422
71253397.0,2968.0,0.0,1.11328125,1.546875,-0.734375,0
71259429.0,6032.0,1.0,0.2691650391,-0.5355834961,0.5155639648,0.6123046875
71262397.0,2968.0,0.0,2.1015625,1.29296875,0.75390625,0
71269429.0,7032.0,1.0,0.2673339844,-0.5381469727,0.5156860352,0.6107177734
71272397.0,2968.0,0.0,1.37109375,1.1796875,1.23828125,0
71280429.0,8032.0,1.0,0.2653808594,-0.541015625,0.5153808594,0.6093139648
71283397.0,2968.0,0.0,0.828125,0.19921875,0.86328125,0
71289429.0,6032.0,1.0,0.2634277344,-0.5438842773,0.514831543,0.6080322266
71292397.0,2968.0,0.0,-0.3125,0.75,0.92578125,0
71299429.0,7032.0,1.0,0.2614135742,-0.5468139648,0.5142822266,0.6067504883
71302397.0,2968.0,0.0,-0.62109375,0.57421875,1.01953125,0
71309429.0,7032.0,1.0,0.2595825195,-0.5496826172,0.5137939453,0.6053466797
71313397.0,3968.0,0.0,-0.05078125,0.1328125,1.3359375,0
71319429.0,6032.0,1.0,0.2578125,-0.5523681641,0.5136108398,0.6038208008
71322397.0,2968.0,0.0,0.0546875,0.0625,1.4375,0
71329429.0,7032.0,1.0,0.2561035156,-0.5549316406,0.5135498047,0.6022338867
71332397.0,2968.0,0.0,0.20703125,0.1484375,1.21484375,0
71339429.0,7032.0,1.0,0.2542114258,-0.5576171875,0.513671875,0.6004638672
71342397.0,2968.0,0.0,-0.06640625,-0.2265625,0.9765625,0
71349429.0,7032.0,1.0,0.2523193359,-0.5600585938,0.5140380859,0.5986938477
71353397.0,3968.0,0.0,0.1171875,0.0078125,0.390625,0
71359429.0,6032.0,1.0,0.2505493164,-0.5622558594,0.5145263672,0.5969848633
71362397.0,2968.0,0.0,0.52734375,0.19921875,0.296875,0
71372429.0,10032.0,1.0,0.2485351563,-0.5643920898,0.5152587891,0.5951538086
71375397.0,2968.0,0.0,0.3203125,-0.296875,0.69921875,0
71379429.0,4032.0,1.0,0.2464599609,-0.5663452148,0.5162353516,0.5933227539
71382397.0,2968.0,0.0,0.23046875,-0.2265625,1.3046875,0
71389429.0,7032.0,1.0,0.2440795898,-0.5682373047,0.5174560547,0.5914306641
71393397.0,3968.0,0.0,-0.13671875,-0.3125,2.05859375,0
71399429.0,6032.0,1.0,0.2415771484,-0.5699462891,0.5189819336,0.5894775391
71402397.0,2968.0,0.0,-0.5390625,-0.6796875,1.9375,0
71409429.0,7032.0,1.0,0.2391357422,-0.5713500977,0.5207519531,0.5874633789
71412397.0,2968.0,0.0,-0.5234375,-0.58203125,1.39453125,0
71419429.0,7032.0,1.0,0.2365112305,-0.5726928711,0.5227661133,0.5855102539
71422397.0,2968.0,0.0,-0.046875,-0.64453125,1.80078125,0
71430429.0,8032.0,1.0,0.2337036133,-0.5739746094,0.5247802734,0.5835571289
71433397.0,2968.0,0.0,0.3515625,-0.97265625,1.95703125,0
71439429.0,6032.0,1.0,0.2307739258,-0.5752563477,0.5267944336,0.5816650391
71442397.0,2968.0,0.0,-0.24609375,-0.7734375,2.32421875,0
71449429.0,7032.0,1.0,0.2277832031,-0.5765380859,0.5287475586,0.5797729492
71452397.0,2968.0,0.0,-1.6953125,-0.5390625,0.86328125,0
71459429.0,7032.0,1.0,0.2247314453,-0.5776977539,0.5307617188,0.5779418945
71462397.0,2968.0,0.0,-1.54296875,-0.5703125,0.50390625,0
71470429.0,8032.0,1.0,0.221862793,-0.5787963867,0.5327758789,0.5761108398
71473397.0,2968.0,0.0,-1.3828125,-0.37109375,0.7265625,0
71479429.0,6032.0,1.0,0.2192382813,-0.5798339844,0.5349731445,0.5740356445
71482397.0,2968.0,0.0,-0.91015625,-0.82421875,1.37109375,0
71489429.0,7032.0,1.0,0.2167358398,-0.580871582,0.5371704102,0.5718383789
71492397.0,2968.0,0.0,-0.7890625,-1.03125,1.55078125,0
71499429.0,7032.0,1.0,0.2144775391,-0.5819702148,0.5393676758,0.569519043
71502397.0,2968.0,0.0,-0.8125,-0.82421875,1.2734375,0
71510429.0,8032.0,1.0,0.2122802734,-0.583190918,0.5413208008,0.5672607422
71513397.0,2968.0,0.0,-1.1484375,-0.265625,1.4921875,0
71519429.0,6032.0,1.0,0.2100830078,-0.5845947266,0.5427856445,0.565246582
71522397.0,2968.0,0.0,-1.01953125,0.71484375,1.63671875,0
71529429.0,7032.0,1.0,0.2073974609,-0.5864257813,0.5438232422,0.5633544922
71532397.0,2968.0,0.0,-0.890625,1.04296875,1.5390625,0
71539429.0,7032.0,1.0,0.2044677734,-0.5885009766,0.544128418,0.5620117188
71542397.0,2968.0,0.0,-0.68359375,1.640625,1.25,0
71550429.0,8032.0,1.0,0.2010498047,-0.5908203125,0.543762207,0.5610961914
71553397.0,2968.0,0.0,-0.3515625,1.44140625,0.875,0
71559429.0,6032.0,1.0,0.1973876953,-0.5932006836,0.5430908203,0.560546875
71562397.0,2968.0,0.0,-1.06640625,0.76953125,0.375,0
71569429.0,7032.0,1.0,0.1932983398,-0.5958251953,0.542175293,0.5600585938
71572397.0,2968.0,0.0,-1.55078125,0.859375,0.37109375,0
71579429.0,7032.0,1.0,0.1892089844,-0.5983276367,0.5413208008,0.5596313477
71582397.0,2968.0,0.0,-1.609375,0.98828125,0.484375,0
71590429.0,8032.0,1.0,0.1853027344,-0.6005859375,0.5407104492,0.5590820313
71593397.0,2968.0,0.0,-1.44921875,1.234375,1.0234375,0
71605429.0,12032.0,1.0,0.1817016602,-0.6025390625,0.5405273438,0.5584106445
71610397.0,4968.0,0.0,-0.31640625,1.47265625,1.484375,0
71613429.0,3032.0,1.0,0.1780395508,-0.604309082,0.5407714844,0.5573730469
71616397.0,2968.0,0.0,-0.15625,1.59375,1.68359375,0
71620429.0,4032.0,1.0,0.1741333008,-0.6060791016,0.5415649414,0.5559692383
71623397.0,2968.0,0.0,-0.1953125,1.5625,1.73828125,0
71630429.0,7032.0,1.0,0.1705932617,-0.607421875,0.5426025391,0.5545654297
71633397.0,2968.0,0.0,-0.53515625,1.7890625,2.0625,0
71639429.0,6032.0,1.0,0.1666870117,-0.6086425781,0.5440063477,0.5529785156
71642397.0,2968.0,0.0,-0.91796875,1.98828125,1.65625,0
71650429.0,8032.0,1.0,0.1625366211,-0.6097412109,0.545715332,0.5513916016
71653397.0,2968.0,0.0,-1.38671875,1.90234375,1.6015625,0
71660429.0,7032.0,1.0,0.1581420898,-0.610534668,0.5478515625,0.5496826172
71663397.0,2968.0,0.0,-2.0390625,1.62109375,1.92578125,0
71670429.0,7032.0,1.0,0.1538696289,-0.6109008789,0.5505371094,0.5477294922
71673397.0,2968.0,0.0,-3.2421875,0.5625,2.1484375,0
71679429.0,6032.0,1.0,0.1497802734,-0.6108398438,0.5541992188,0.5452880859
71682397.0,2968.0,0.0,-3.84765625,0.34375,2.2578125,0
71690429.0,8032.0,1.0,0.1459960938,-0.6102294922,0.5588989258,0.542175293
71694397.0,3968.0,0.0,-4.5625,0.16796875,2.7265625,0
71700429.0,6032.0,1.0,0.1427001953,-0.6090698242,0.5647583008,0.538269043
71703397.0,2968.0,0.0,-5.4765625,0.44921875,2.69921875,0
71709429.0,6032.0,1.0,0.1400146484,-0.6072998047,0.571472168,0.5339355469
71712397.0,2968.0,0.0,-6.78515625,2.00390625,2.609375,0
71719429.0,7032.0,1.0,0.1376342773,-0.604675293,0.5797119141,0.5285644531
71722397.0,2968.0,0.0,-7.71484375,3.16796875,2.54296875,0
71730429.0,8032.0,1.0,0.1356811523,-0.6013793945,0.588684082,0.5228881836
71733397.0,2968.0,0.0,-8.94921875,4.25390625,2.0859375,0
71740429.0,7032.0,1.0,0.1340332031,-0.5973510742,0.5982055664,0.5170288086
71743397.0,2968.0,0.0,-10.109375,5.15625,1.20703125,0
71749429.0,6032.0,1.0,0.1325683594,-0.5927734375,0.6080932617,0.5111694336
71752397.0,2968.0,0.0,-10.8984375,8.20703125,-1.359375,0
71764429.0,12032.0,1.0,0.1307373047,-0.5871582031,0.6185913086,0.5054321289
71767397.0,2968.0,0.0,-11.203125,10.3125,-2.734375,0
71771429.0,4032.0,1.0,0.1279907227,-0.5809936523,0.6286010742,0.5009155273
71774397.0,2968.0,0.0,-11.6171875,13.51171875,-5.0859375,0
71780429.0,6032.0,1.0,0.1233520508,-0.5739135742,0.6381225586,0.4981689453
71783397.0,2968.0,0.0,-11.7421875,13.37890625,-5.015625,0
71790429.0,7032.0,1.0,0.1166381836,-0.5665283203,0.6458129883,0.4983520508
71793397.0,2968.0,0.0,-9.1015625,16.68359375,-4.87109375,0
71800429.0,7032.0,1.0,0.1072998047,-0.5588989258,0.651184082,0.5021362305
71803397.0,2968.0,0.0,-7.38671875,16.11328125,-2.06640625,0
71810429.0,7032.0,1.0,0.0952758789,-0.5509643555,0.6540527344,0.5094604492
71813397.0,2968.0,0.0,-4.953125,11.7421875,3.00390625,0
71820429.0,7032.0,1.0,0.0841674805,-0.5423583984,0.6575927734,0.5160522461
71823397.0,2968.0,0.0,-1.5625,-0.16796875,4.55859375,0
71830429.0,7032.0,1.0,0.0784301758,-0.5318603516,0.6656494141,0.517578125
71833397.0,2968.0,0.0,-0.9375,8.26171875,7.19140625,0
71842429.0,9032.0,1.0,0.0739746094,-0.5202026367,0.6721801758,0.5216674805
71845397.0,2968.0,0.0,1.0625,32.9296875,-5.82421875,0
71852429.0,7032.0,1.0,0.0635986328,-0.5073242188,0.6694946289,0.5388183594
71855397.0,2968.0,0.0,1.96484375,37.03515625,-13.34765625,0
71859429.0,4032.0,1.0,0.0474853516,-0.4944458008,0.6552124023,0.569152832
71862397.0,2968.0,0.0,1.10546875,31.6171875,-20.24609375,0
71870429.0,8032.0,1.0,0.0288696289,-0.4803466797,0.6305541992,0.6090087891
71873397.0,2968.0,0.0,5.28515625,4.0,-24.4609375,0
71880429.0,7032.0,1.0,0.0147094727,-0.4659423828,0.6029663086,0.6473999023
71883397.0,2968.0,0.0,6.25390625,-7.59765625,-18.52734375,0
71890429.0,7032.0,1.0,0.0081176758,-0.4518432617,0.5783081055,0.6791992188
71893397.0,2968.0,0.0,3.71484375,-14.359375,-11.1875,0
71905429.0,12032.0,1.0,0.0083007813,-0.4390258789,0.5581665039,0.7040405273
71910397.0,4968.0,0.0,5.296875,-11.43359375,-0.0546875,0
71913429.0,3032.0,1.0,0.0122680664,-0.4266357422,0.537109375,0.7275390625
71916397.0,2968.0,0.0,5.359375,-11.36328125,-0.71875,0
71920429.0,4032.0,1.0,0.0185546875,-0.4149169922,0.5129394531,0.7512817383
71923397.0,2968.0,0.0,6.86328125,-12.5703125,-1.18359375,0
71930429.0,7032.0,1.0,0.0260620117,-0.4055786133,0.4896850586,0.7713623047
71933397.0,2968.0,0.0,7.22265625,-14.98046875,-0.26171875,0
71939429.0,6032.0,1.0,0.0357055664,-0.3975830078,0.4680175781,0.7884521484
71942397.0,2968.0,0.0,7.921875,-18.9609375,2.2265625,0
71950429.0,8032.0,1.0,0.048828125,-0.3900146484,0.4474487305,0.8032836914
71953397.0,2968.0,0.0,8.17578125,-17.61328125,2.73046875,0
71960429.0,7032.0,1.0,0.0635375977,-0.3836669922,0.4307250977,0.8143920898
71963397.0,2968.0,0.0,8.00390625,-15.31640625,2.4921875,0
71970429.0,7032.0,1.0,0.0795898438,-0.378112793,0.4165649414,0.8228759766
71973397.0,2968.0,0.0,7.4765625,-12.79296875,1.828125,0
71985429.0,12032.0,1.0,0.0952148438,-0.3736572266,0.4046020508,0.8292236328
71990397.0,4968.0,0.0,8.40625,-8.40625,0.765625,0
71993429.0,3032.0,1.0,0.1116333008,-0.3696899414,0.3924560547,0.834777832
71996397.0,2968.0,0.0,9.2109375,-8.4453125,0.5859375,0
72000429.0,4032.0,1.0,0.1283569336,-0.3662719727,0.3799438477,0.8396606445
72003397.0,2968.0,0.0,9.2890625,-8.1640625,0.34375,0
72010429.0,7032.0,1.0,0.1433105469,-0.3637695313,0.3690795898,0.8431396484
72013397.0,2968.0,0.0,9.87890625,-7.68359375,0.4453125,0
72020429.0,7032.0,1.0,0.1581420898,-0.3616943359,0.3589477539,0.8457641602
72023397.0,2968.0,0.0,9.51953125,-7.203125,0.16015625,0
72030429.0,7032.0,1.0,0.1725463867,-0.3599853516,0.3497314453,0.8475341797
72033397.0,2968.0,0.0,9.14453125,-7.0859375,-0.00390625,0
72040429.0,7032.0,1.0,0.1864013672,-0.3587646484,0.3413696289,0.8485107422
72043397.0,2968.0,0.0,9.0,-7.234375,-0.0546875,0
72050429.0,7032.0,1.0,0.1995239258,-0.3579101563,0.3341064453,0.848815918
72053397.0,2968.0,0.0,8.46484375,-7.3359375,0.2109375,0
72065429.0,12032.0,1.0,0.2117919922,-0.3574829102,0.3279418945,0.8483886719
72069397.0,3968.0,0.0,7.73828125,-6.8359375,0.31640625,0
72072429.0,3032.0,1.0,0.2236938477,-0.3573608398,0.3225097656,0.8474731445
72075397.0,2968.0,0.0,7.78515625,-6.65625,0.23828125,0
72080429.0,5032.0,1.0,0.2350463867,-0.3577270508,0.3176879883,0.8460693359
72083397.0,2968.0,0.0,7.43359375,-5.94921875,0.37109375,0
72090429.0,7032.0,1.0,0.2456665039,-0.3584594727,0.3134765625,0.8442993164
72093397.0,2968.0,0.0,6.62109375,-5.4765625,1.44140625,0
72100429.0,7032.0,1.0,0.2557373047,-0.3598022461,0.309753418,0.8421630859
72103397.0,2968.0,0.0,6.1328125,-5.21484375,1.48828125,0
72110429.0,7032.0,1.0,0.2647094727,-0.3614501953,0.3070678711,0.8396606445
72113397.0,2968.0,0.0,5.21484375,-5.265625,1.8984375,0
72120429.0,7032.0,1.0,0.2731933594,-0.3633422852,0.3056030273,0.8366088867
72123397.0,2968.0,0.0,4.7265625,-5.5390625,1.87109375,0
72129429.0,6032.0,1.0,0.2808837891,-0.365234375,0.3057861328,0.833190918
72132397.0,2968.0,0.0,4.2265625,-5.26171875,0.58984375,0
72140429.0,8032.0,1.0,0.2890014648,-0.3673095703,0.3074951172,0.8288574219
72143397.0,2968.0,0.0,4.20703125,-4.15625,0.1015625,0
72150429.0,7032.0,1.0,0.2962646484,-0.3695068359,0.3100585938,0.8243408203
72154397.0,3968.0,0.0,4.13671875,-3.2109375,-0.52734375,0
72160429.0,6032.0,1.0,0.3025512695,-0.3719482422,0.3128662109,0.8198852539
72163397.0,2968.0,0.0,4.0078125,-2.3671875,-0.921875,0
72173429.0,10032.0,1.0,0.3081054688,-0.3748168945,0.3157958984,0.8153686523
72176397.0,2968.0,0.0,3.7109375,-2.21484375,-2.03125,0
72180429.0,4032.0,1.0,0.313293457,-0.3781738281,0.319152832,0.810546875
72183397.0,2968.0,0.0,3.7265625,-2.3671875,-2.55078125,0
72190429.0,7032.0,1.0,0.3172607422,-0.3817138672,0.322265625,0.8060913086
72193397.0,2968.0,0.0,3.828125,-0.99609375,-3.5,0
72200429.0,7032.0,1.0,0.3201904297,-0.3858642578,0.3247070313,0.8020019531
72203397.0,2968.0,0.0,3.65234375,1.15234375,-4.5234375,0
72210429.0,7032.0,1.0,0.322265625,-0.3901367188,0.3265380859,0.7982788086
72213397.0,2968.0,0.0,0.98828125,0.8828125,-5.54296875,0
72220429.0,7032.0,1.0,0.3239135742,-0.3941040039,0.3284301758,0.794921875
72223397.0,2968.0,0.0,-0.26171875,1.375,-6.3828125,0
72230429.0,7032.0,1.0,0.325012207,-0.3978881836,0.330078125,0.7918701172
72233397.0,2968.0,0.0,-0.87109375,2.09375,-6.83984375,0
72240429.0,7032.0,1.0,0.3255004883,-0.4018554688,0.331237793,0.7892456055
72243397.0,2968.0,0.0,-3.16796875,2.36328125,-5.23046875,0
72250429.0,7032.0,1.0,0.325378418,-0.4058837891,0.3317260742,0.7869873047
72253397.0,2968.0,0.0,-3.93359375,1.31640625,-4.6640625,0
72260429.0,7032.0,1.0,0.3247680664,-0.41015625,0.3317871094,0.7849731445
72263397.0,2968.0,0.0,-3.16796875,0.77734375,-4.5546875,0
72270429.0,7032.0,1.0,0.3240356445,-0.4142456055,0.3319091797,0.7830810547
72273397.0,2968.0,0.0,-2.859375,0.58203125,-2.078125,0
72280429.0,7032.0,1.0,0.3232421875,-0.4182739258,0.3322753906,0.7811279297
72283397.0,2968.0,0.0,-1.796875,-1.2734375,-0.58984375,0
72290429.0,7032.0,1.0,0.3224487305,-0.4224243164,0.3333129883,0.7788085938
72293397.0,2968.0,0.0,-1.2578125,-1.328125,-0.3515625,0
72300429.0,7032.0,1.0,0.3217163086,-0.4263916016,0.3348999023,0.7762451172
72303397.0,2968.0,0.0,-1.640625,-1.578125,-0.37890625,0
72310429.0,7032.0,1.0,0.321105957,-0.4303588867,0.3369750977,0.7733764648
72313397.0,2968.0,0.0,-2.58984375,-0.078125,-0.5625,0
72325429.0,12032.0,1.0,0.3205566406,-0.4340209961,0.3392944336,0.7705688477
72329397.0,3968.0,0.0,-4.47265625,0.390625,-2.1171875,0
72332429.0,3032.0,1.0,0.3200073242,-0.4378051758,0.3420410156,0.7673950195
72335397.0,2968.0,0.0,-4.43359375,0.3828125,-2.0078125,0
72340429.0,5032.0,1.0,0.3192138672,-0.4420166016,0.3450317383,0.7639770508
72343397.0,2968.0,0.0,-4.5859375,2.19140625,-2.43359375,0
72350429.0,7032.0,1.0,0.3182373047,-0.4458618164,0.3477783203,0.7608642578
72353397.0,2968.0,0.0,-4.6640625,1.875,-2.4453125,0
72360429.0,7032.0,1.0,0.3169555664,-0.4498901367,0.3510131836,0.7576293945
72363397.0,2968.0,0.0,-3.58984375,0.94921875,-0.60546875,0
72370429.0,7032.0,1.0,0.3155517578,-0.4536132813,0.3548583984,0.7541503906
72373397.0,2968.0,0.0,-2.9765625,-0.30078125,-0.2578125,0
72380429.0,7032.0,1.0,0.3142089844,-0.45703125,0.3599853516,0.7502441406
72383397.0,2968.0,0.0,-2.6015625,-1.25,-1.12890625,0
72390429.0,7032.0,1.0,0.3130493164,-0.4599609375,0.3661499023,0.7459106445
72393397.0,2968.0,0.0,-3.14453125,-1.11328125,-2.59765625,0
72400429.0,7032.0,1.0,0.3118286133,-0.4627075195,0.3728637695,0.741394043
72403397.0,2968.0,0.0,-3.609375,0.48046875,-6.01171875,0
72410429.0,7032.0,1.0,0.310546875,-0.4652099609,0.3793945313,0.7369995117
72413397.0,2968.0,0.0,-4.0390625,-0.03515625,-6.29296875,0
72420429.0,7032.0,1.0,0.3093261719,-0.4676513672,0.385559082,0.7327880859
72423397.0,2968.0,0.0,-4.12890625,0.7890625,-6.57421875,0
72430429.0,7032.0,1.0,0.3079833984,-0.4701538086,0.3912353516,0.7286987305
72433397.0,2968.0,0.0,-4.4140625,0.20703125,-3.8359375,0
72440429.0,7032.0,1.0,0.3064575195,-0.4729003906,0.3961181641,0.7249145508
72443397.0,2968.0,0.0,-4.015625,-0.12890625,-3.55859375,0
72450429.0,7032.0,1.0,0.3045654297,-0.4760131836,0.4002075195,0.7214355469
72454397.0,3968.0,0.0,-4.60546875,-0.46875,-3.82421875,0
72461429.0,7032.0,1.0,0.3024902344,-0.4791259766,0.403503418,0.7183837891
72464397.0,2968.0,0.0,-5.46875,-0.8359375,-4.51171875,0
72474429.0,10032.0,1.0,0.3003540039,-0.4822387695,0.4068603516,0.7153320313
72477397.0,2968.0,0.0,-5.5625,-0.4375,-5.54296875,0
72481429.0,4032.0,1.0,0.2983398438,-0.485168457,0.4102172852,0.7122802734
72484397.0,2968.0,0.0,-4.625,-0.1171875,-6.125,0
72490429.0,6032.0,1.0,0.2968139648,-0.4876708984,0.4138183594,0.7091064453
72493397.0,2968.0,0.0,-4.07421875,-0.33203125,-4.7890625,0
72500429.0,7032.0,1.0,0.2955932617,-0.4899902344,0.4175415039,0.7058105469
72503397.0,2968.0,0.0,-3.375,0.10546875,-4.21875,0
72510429.0,7032.0,1.0,0.2945556641,-0.4921875,0.4211425781,0.7025756836
72513397.0,2968.0,0.0,-3.890625,0.48046875,-3.390625,0
72520429.0,7032.0,1.0,0.2936401367,-0.4945068359,0.4247436523,0.6991577148
72523397.0,2968.0,0.0,-4.83984375,0.1953125,-3.546875,0
72530429.0,7032.0,1.0,0.2930908203,-0.4965820313,0.4284057617,0.6956787109
72533397.0,2968.0,0.0,-4.74609375,-0.625,-4.13671875,0
72540429.0,7032.0,1.0,0.2928466797,-0.4984741211,0.4320678711,0.6921386719
72543397.0,2968.0,0.0,-4.04296875,1.0859375,-5.0234375,0
72550429.0,7032.0,1.0,0.2926025391,-0.5003051758,0.4354248047,0.6887817383
72553397.0,2968.0,0.0,-3.421875,3.296875,-4.73046875,0
72560429.0,7032.0,1.0,0.2924194336,-0.5021362305,0.438293457,0.6857299805
72563397.0,2968.0,0.0,-2.1796875,2.5,-3.37890625,0
72570429.0,7032.0,1.0,0.2921142578,-0.5040283203,0.4407958984,0.6828613281
72573397.0,2968.0,0.0,-1.29296875,2.15625,-2.296875,0
72580429.0,7032.0,1.0,0.2916870117,-0.5061035156,0.4429931641,0.6801147461
72583397.0,2968.0,0.0,-1.390625,2.08203125,-2.13671875,0
72590429.0,7032.0,1.0,0.291015625,-0.5082397461,0.4449462891,0.6775512695
72593397.0,2968.0,0.0,-1.3046875,0.08984375,-2.78515625,0
72600429.0,7032.0,1.0,0.290222168,-0.5103759766,0.4467773438,0.6750488281
72603397.0,2968.0,0.0,-1.52734375,-0.1015625,-3.3984375,0
72611429.0,8032.0,1.0,0.2893676758,-0.5122680664,0.4486083984,0.6727294922
72614397.0,2968.0,0.0,-1.59765625,-0.06640625,-3.43359375,0
72620429.0,6032.0,1.0,0.2885131836,-0.5140380859,0.4504394531,0.6705322266
72623397.0,2968.0,0.0,-1.28125,-0.29296875,-2.51171875,0
72630429.0,7032.0,1.0,0.2875976563,-0.5156860352,0.4523925781,0.6683349609
72633397.0,2968.0,0.0,-1.08203125,-0.2265625,-2.25,0
72640429.0,7032.0,1.0,0.2866821289,-0.5172729492,0.4544067383,0.6661987305
72643397.0,2968.0,0.0,-0.9609375,-0.2734375,-1.26171875,0
72650429.0,7032.0,1.0,0.2856445313,-0.5187988281,0.4565429688,0.6639404297
72653397.0,2968.0,0.0,-0.73046875,-0.5859375,-0.33984375,0
72665429.0,12032.0,1.0,0.2846679688,-0.5201416016,0.4588623047,0.6616821289
72670397.0,4968.0,0.0,-0.234375,-0.296875,-1.21875,0
72673429.0,3032.0,1.0,0.2836914063,-0.5213623047,0.4614868164,0.659362793
72676397.0,2968.0,0.0,-0.234375,-0.3046875,-1.140625,0
72680429.0,4032.0,1.0,0.2825927734,-0.5225219727,0.4643554688,0.6568603516
72683397.0,2968.0,0.0,0.15234375,-0.3203125,-1.25390625,0
72690429.0,7032.0,1.0,0.2815551758,-0.5234985352,0.4674072266,0.6543579102
72693397.0,2968.0,0.0,0.11328125,-0.765625,-0.40234375,0
72700429.0,7032.0,1.0,0.2807006836,-0.5242919922,0.4703979492,0.6519165039
72703397.0,2968.0,0.0,-1.08203125,-0.43359375,0.171875,0
72710429.0,7032.0,1.0,0.2797851563,-0.5252075195,0.4736328125,0.6492919922
72713397.0,2968.0,0.0,-0.859375,-0.49609375,0.640625,0
72720429.0,7032.0,1.0,0.2788696289,-0.5261230469,0.4769897461,0.646484375
72723397.0,2968.0,0.0,-0.44140625,-1.171875,1.03515625,0
72730429.0,7032.0,1.0,0.2780151367,-0.5270385742,0.4802856445,0.6436157227
72733397.0,2968.0,0.0,0.09765625,-0.94921875,0.8515625,0
72740429.0,7032.0,1.0,0.2771606445,-0.5280151367,0.4835205078,0.6408081055
72743397.0,2968.0,0.0,0.38671875,0.4140625,-0.8984375,0
72750429.0,7032.0,1.0,0.2763671875,-0.5289306641,0.4864501953,0.6381225586
72753397.0,2968.0,0.0,0.72265625,0.8203125,-1.7109375,0
72760429.0,7032.0,1.0,0.2755737305,-0.530090332,0.489074707,0.6354980469
72763397.0,2968.0,0.0,1.4140625,1.38671875,-1.51953125,0
72771429.0,8032.0,1.0,0.2746582031,-0.5314331055,0.4912719727,0.6331176758
72774397.0,2968.0,0.0,1.828125,1.2265625,-0.3671875,0
72780429.0,6032.0,1.0,0.2736206055,-0.5331420898,0.4930419922,0.6307373047
72783397.0,2968.0,0.0,0.6015625,0.65234375,0.96875,0
72790429.0,7032.0,1.0,0.2725830078,-0.5350341797,0.4945068359,0.6284179688
72793397.0,2968.0,0.0,-0.35546875,0.8046875,0.27734375,0
72800429.0,7032.0,1.0,0.2715454102,-0.5369873047,0.4957885742,0.626159668
72803397.0,2968.0,0.0,-0.5078125,1.01171875,-0.26953125,0
72810429.0,7032.0,1.0,0.2705688477,-0.5390625,0.4968261719,0.6239624023
72813397.0,2968.0,0.0,0.01953125,1.06640625,-1.08203125,0
72820429.0,7032.0,1.0,0.2695922852,-0.5411376953,0.4976806641,0.6219482422
72823397.0,2968.0,0.0,0.44140625,1.49609375,-1.47265625,0
72830429.0,7032.0,1.0,0.2686157227,-0.5432739258,0.4982299805,0.6200561523
72834397.0,3968.0,0.0,0.6328125,1.34765625,-1.37109375,0
72840429.0,6032.0,1.0,0.2673950195,-0.5456542969,0.4983520508,0.6184082031
72843397.0,2968.0,0.0,0.83203125,1.6328125,-0.3984375,0
72850429.0,7032.0,1.0,0.2658691406,-0.5482177734,0.498046875,0.6170043945
72853397.0,2968.0,0.0,0.2890625,1.34375,0.72265625,0
72860429.0,7032.0,1.0,0.2638549805,-0.5511474609,0.4973754883,0.6157836914
72863397.0,2968.0,0.0,-0.125,1.6640625,0.89453125,0
72870429.0,7032.0,1.0,0.2616577148,-0.5541381836,0.4964599609,0.6148681641
72874397.0,3968.0,0.0,-0.39453125,1.25,0.94921875,0
72880429.0,6032.0,1.0,0.2592163086,-0.5570678711,0.4954223633,0.6140136719
72883397.0,2968.0,0.0,-0.6328125,0.68359375,0.91015625,0
72890429.0,7032.0,1.0,0.2568359375,-0.5598144531,0.4946289063,0.6132202148
72893397.0,2968.0,0.0,-0.05859375,-0.2734375,0.45703125,0
72900429.0,7032.0,1.0,0.2542724609,-0.5625,0.494140625,0.6121826172
72903397.0,2968.0,0.0,-0.02734375,-0.42578125,0.703125,0
72910429.0,7032.0,1.0,0.2518310547,-0.5648803711,0.494140625,0.6110229492
72914397.0,3968.0,0.0,0.08203125,-0.38671875,0.98828125,0
72920429.0,6032.0,1.0,0.2494506836,-0.5670776367,0.4944458008,0.6096801758
72923397.0,2968.0,0.0,0.109375,-0.51171875,1.6640625,0
72933429.0,10032.0,1.0,0.246887207,-0.569152832,0.4951782227,0.6081542969
72936397.0,2968.0,0.0,-0.2890625,-1.4375,2.37109375,0
72940429.0,4032.0,1.0,0.2442016602,-0.5711669922,0.4963378906,0.6064453125
72943397.0,2968.0,0.0,-0.609375,-1.73046875,2.40234375,0
72950429.0,7032.0,1.0,0.2414550781,-0.5729980469,0.4977416992,0.604675293
72953397.0,2968.0,0.0,-0.82421875,-2.08984375,2.12109375,0
72960429.0,7032.0,1.0,0.2387695313,-0.5745849609,0.4993896484,0.6028442383
72963397.0,2968.0,0.0,-1.109375,-2.23828125,1.5078125,0
72970429.0,7032.0,1.0,0.2360229492,-0.5760498047,0.5012817383,0.6009521484
72973397.0,2968.0,0.0,-0.7109375,-1.9140625,1.2734375,0
72980429.0,7032.0,1.0,0.2333984375,-0.5774536133,0.5033569336,0.5989379883
72983397.0,2968.0,0.0,-0.54296875,-2.24609375,1.8125,0
72991429.0,8032.0,1.0,0.2308349609,-0.5787353516,0.5056152344,0.5967407227
72994397.0,2968.0,0.0,-0.26171875,-1.93359375,2.21875,0
73000429.0,6032.0,1.0,0.2282104492,-0.580078125,0.5079345703,0.5944824219
73003397.0,2968.0,0.0,-0.08984375,-2.23046875,2.41015625,0
73010429.0,7032.0,1.0,0.2254638672,-0.5813598633,0.5103759766,0.5921630859
73013397.0,2968.0,0.0,-0.30859375,-2.32421875,2.40625,0
73020429.0,7032.0,1.0,0.2228393555,-0.5827026367,0.5126953125,0.5899047852
73023397.0,2968.0,0.0,-0.4453125,-1.55078125,1.49609375,0
73031429.0,8032.0,1.0,0.2202148438,-0.5840454102,0.5150146484,0.5874633789
73034397.0,2968.0,0.0,-0.62890625,-0.96875,1.18359375,0
73040429.0,6032.0,1.0,0.217956543,-0.5853881836,0.5172119141,0.5850830078
73043397.0,2968.0,0.0,0.02734375,-0.5625,1.14453125,0
73050429.0,7032.0,1.0,0.2157592773,-0.5868530273,0.5193481445,0.5825195313
73053397.0,2968.0,0.0,0.3125,-0.5390625,1.59765625,0
73060429.0,7032.0,1.0,0.213684082,-0.5886230469,0.5210571289,0.5798950195
73063397.0,2968.0,0.0,-0.2109375,-0.08203125,1.63671875,0
73071429.0,8032.0,1.0,0.2114868164,-0.5906982422,0.522277832,0.5775756836
73074397.0,2968.0,0.0,-0.76171875,0.79296875,1.2109375,0
73080429.0,6032.0,1.0,0.2091064453,-0.5930175781,0.522644043,0.5757446289
73083397.0,2968.0,0.0,-0.171875,1.4375,0.27734375,0
73090429.0,7032.0,1.0,0.2061157227,-0.5958862305,0.5221557617,0.5742797852
73093397.0,2968.0,0.0,0.234375,2.01171875,-0.359375,0
73100429.0,7032.0,1.0,0.2026367188,-0.5990600586,0.5208129883,0.573425293
73103397.0,2968.0,0.0,0.41015625,2.8828125,-0.85546875,0
73111429.0,8032.0,1.0,0.1988525391,-0.602355957,0.5187988281,0.5731201172
73114397.0,2968.0,0.0,0.46875,3.796875,-0.9296875,0
73120429.0,6032.0,1.0,0.1946411133,-0.6058959961,0.5161132813,0.5733032227
73123397.0,2968.0,0.0,0.5390625,4.1328125,0.125,0
73130429.0,7032.0,1.0,0.190246582,-0.6093139648,0.5131835938,0.5737304688
73133397.0,2968.0,0.0,0.41015625,3.625,1.453125,0
73140429.0,7032.0,1.0,0.1856689453,-0.6127319336,0.5102539063,0.5741577148
73143397.0,2968.0,0.0,-0.2109375,2.23046875,1.1015625,0
73151429.0,8032.0,1.0,0.1812744141,-0.6159057617,0.5078125,0.5744018555
73154397.0,2968.0,0.0,-0.11328125,2.0546875,2.16015625,0
73166429.0,12032.0,1.0,0.1772460938,-0.6186523438,0.5060424805,0.5742797852
73171429.0,5000.0,1.0,0.1732177734,-0.6211547852,0.5049438477,0.5737915039
73173397.0,1968.0,0.0,-0.3828125,0.4453125,1.69140625,0
73181429.0,8032.0,1.0,0.1692504883,-0.6234130859,0.504699707,0.5727539063
73184397.0,2968.0,0.0,-0.8359375,0.796875,1.85546875,0
73190429.0,6032.0,1.0,0.1656494141,-0.6251220703,0.5053710938,0.5712890625
73193397.0,2968.0,0.0,-1.9375,0.421875,3.13671875,0
73200429.0,7032.0,1.0,0.1621704102,-0.6264648438,0.5071411133,0.5692138672
73203397.0,2968.0,0.0,-2.390625,-0.14453125,3.6953125,0
73210429.0,7032.0,1.0,0.1589355469,-0.6273193359,0.5101318359,0.5665283203
73213397.0,2968.0,0.0,-2.859375,-0.3828125,3.88671875,0
73221429.0,8032.0,1.0,0.1560058594,-0.6276245117,0.5143432617,0.5632324219
73224397.0,2968.0,0.0,-3.55859375,-0.4375,3.859375,0
73230429.0,6032.0,1.0,0.153503418,-0.6271972656,0.5200195313,0.5591430664
73233397.0,2968.0,0.0,-4.15625,-0.9453125,2.4609375,0
73240429.0,7032.0,1.0,0.1514282227,-0.6260375977,0.5274658203,0.5540771484
73243397.0,2968.0,0.0,-4.65625,-1.3828125,2.23828125,0
73250429.0,7032.0,1.0,0.1497802734,-0.6240234375,0.5362548828,0.5482788086
73254397.0,3968.0,0.0,-5.61328125,-0.2578125,2.1328125,0
73260429.0,6032.0,1.0,0.1485595703,-0.6211547852,0.5463256836,0.5418701172
73263397.0,2968.0,0.0,-6.54296875,-0.54296875,2.3515625,0
73270429.0,7032.0,1.0,0.1478271484,-0.6175537109,0.5570678711,0.5352172852
73273397.0,2968.0,0.0,-8.390625,0.0078125,3.51953125,0
73280429.0,7032.0,1.0,0.1471557617,-0.6127929688,0.5697631836,0.5275268555
73283397.0,2968.0,0.0,-9.57421875,1.2109375,3.60546875,0
